# run_id=20260917-1737 git=56c4b45 jvm=26.0.1 heap=24g host=ThaiTMs-MacBook-Pro.local tree=clean data=18450eae8e31 cmd=--exp 11 --dataset sign,syn_c8t1s5i8n5k --k 10,20,50,100 --algo EHAUSM-I --repeats 3 --results-dir results-2026-09e --timeout 90 --resume
Timestamp,Algorithm,Dataset,BatchID,RunIndex,MinUtil,mu,DeltaRatio,TotalDBUtil,CumulativeDBSize,tScan(ms),tMining(ms),tTotal(ms),tLayer1(ms),tLayer2(ms),tLayer3(ms),Cand,PrunedL1(SWU),PrunedL2(IAUUB),PrunedL3(MFUUB),TightnessPEAU,TightnessIAUUB,TightnessMFUUB,HAUSP,SHAUS,MemPeak(MB),PoolBorrows,PoolReuses,PoolPeakLive,AudulActive,Status,Recursed,ArmOrder,Schedule,PoolBytes,FlatBytes,EucsBytes,AudulRootBytes,RescanTriggered,BufferUtil,BufferTested,SafetyBound,PrunedL3Node,PrunedL1Root,MemMode,MemLive(MB),MemRetained(MB),GcForced,RunID
2026-09-17 17:37:28,EHAUSM-I,SIGN,0,0,0.003000,0.000,0.200,319686,146,15,20416,20431,0,0,0,106349081,0,104965619,0,0.455007,0.000000,0.000000,23387,0,3265.87,0,0,0,0,SUCCESS,0,0,warm20,,,,,,,,,,,used,,,,20260917-1737
2026-09-17 17:37:45,EHAUSM-I,SIGN,1,0,0.003000,0.000,0.089,464158,211,1,16011,16012,0,0,0,50163930,1,49059007,0,0.462725,0.000000,0.000000,18363,0,6897.41,0,0,0,0,SUCCESS,0,0,warm20,,,,,,,,,,,used,,,,20260917-1737
2026-09-17 17:38:05,EHAUSM-I,SIGN,2,0,0.003000,0.000,0.089,609901,276,0,20234,20235,0,0,0,53055598,1,52016602,0,0.441330,0.000000,0.000000,18342,0,7257.41,0,0,0,0,SUCCESS,0,0,warm20,,,,,,,,,,,used,,,,20260917-1737
2026-09-17 17:38:22,EHAUSM-I,SIGN,3,0,0.003000,0.000,0.089,737382,341,0,15894,15895,0,0,0,26124031,8,25287947,0,0.434546,0.000000,0.000000,16494,0,6625.41,0,0,0,0,SUCCESS,0,0,warm20,,,,,,,,,,,used,,,,20260917-1737
2026-09-17 17:38:40,EHAUSM-I,SIGN,4,0,0.003000,0.000,0.089,871901,406,0,18055,18056,0,0,0,29268107,9,28510549,0,0.442749,0.000000,0.000000,16857,0,9201.41,0,0,0,0,SUCCESS,0,0,warm20,,,,,,,,,,,used,,,,20260917-1737
2026-09-17 17:38:56,EHAUSM-I,SIGN,5,0,0.003000,0.000,0.089,1018960,471,2,15346,15349,0,0,0,20263109,11,19610029,0,0.425523,0.000000,0.000000,14004,0,9017.41,0,0,0,0,SUCCESS,0,0,warm20,,,,,,,,,,,used,,,,20260917-1737
2026-09-17 17:39:12,EHAUSM-I,SIGN,6,0,0.003000,0.000,0.089,1183474,536,0,15972,15973,0,0,0,21207282,15,20623389,0,0.433641,0.000000,0.000000,12433,0,8974.81,0,0,0,0,SUCCESS,0,0,warm20,,,,,,,,,,,used,,,,20260917-1737
2026-09-17 17:39:31,EHAUSM-I,SIGN,7,0,0.003000,0.000,0.089,1350144,601,0,18097,18097,0,0,0,27000861,15,26410240,0,0.416386,0.000000,0.000000,12491,0,8673.41,0,0,0,0,SUCCESS,0,0,warm20,,,,,,,,,,,used,,,,20260917-1737
2026-09-17 17:39:50,EHAUSM-I,SIGN,8,0,0.003000,0.000,0.089,1500088,666,0,19136,19137,0,0,0,22729967,16,22162075,0,0.403744,0.000000,0.000000,12225,0,6153.41,0,0,0,0,SUCCESS,0,0,warm20,,,,,,,,,,,used,,,,20260917-1737
2026-09-17 17:40:15,EHAUSM-I,SIGN,9,0,0.003000,0.000,0.089,1668652,730,0,23665,23666,0,0,0,32455487,18,31861600,0,0.408888,0.000000,0.000000,12666,0,7753.15,0,0,0,0,SUCCESS,0,0,warm20,,,,,,,,,,,used,,,,20260917-1737
2026-09-17 17:40:35,EHAUSM-I,SIGN,0,1,0.003000,0.000,0.200,319686,146,12,19544,19556,0,0,0,106349081,0,104965619,0,0.455007,0.000000,0.000000,23387,0,1111.34,0,0,0,0,SUCCESS,0,0,warm20,,,,,,,,,,,used,,,,20260917-1737
2026-09-17 17:40:51,EHAUSM-I,SIGN,1,1,0.003000,0.000,0.089,464158,211,0,15970,15971,0,0,0,50163930,1,49059007,0,0.462725,0.000000,0.000000,18363,0,7096.00,0,0,0,0,SUCCESS,0,0,warm20,,,,,,,,,,,used,,,,20260917-1737
2026-09-17 17:41:12,EHAUSM-I,SIGN,2,1,0.003000,0.000,0.089,609901,276,0,20139,20140,0,0,0,53055598,1,52016602,0,0.441330,0.000000,0.000000,18342,0,10864.00,0,0,0,0,SUCCESS,0,0,warm20,,,,,,,,,,,used,,,,20260917-1737
2026-09-17 17:41:29,EHAUSM-I,SIGN,3,1,0.003000,0.000,0.089,737382,341,0,15867,15867,0,0,0,26124031,8,25287947,0,0.434546,0.000000,0.000000,16494,0,8336.00,0,0,0,0,SUCCESS,0,0,warm20,,,,,,,,,,,used,,,,20260917-1737
2026-09-17 17:41:47,EHAUSM-I,SIGN,4,1,0.003000,0.000,0.089,871901,406,0,18087,18088,0,0,0,29268107,9,28510549,0,0.442749,0.000000,0.000000,16857,0,8984.00,0,0,0,0,SUCCESS,0,0,warm20,,,,,,,,,,,used,,,,20260917-1737
2026-09-17 17:42:03,EHAUSM-I,SIGN,5,1,0.003000,0.000,0.089,1018960,471,0,15367,15368,0,0,0,20263109,11,19610029,0,0.425523,0.000000,0.000000,14004,0,10816.00,0,0,0,0,SUCCESS,0,0,warm20,,,,,,,,,,,used,,,,20260917-1737
2026-09-17 17:42:19,EHAUSM-I,SIGN,6,1,0.003000,0.000,0.089,1183474,536,0,16011,16011,0,0,0,21207282,15,20623389,0,0.433641,0.000000,0.000000,12433,0,7504.00,0,0,0,0,SUCCESS,0,0,warm20,,,,,,,,,,,used,,,,20260917-1737
2026-09-17 17:42:38,EHAUSM-I,SIGN,7,1,0.003000,0.000,0.089,1350144,601,0,18123,18123,0,0,0,27000861,15,26410240,0,0.416386,0.000000,0.000000,12491,0,7935.36,0,0,0,0,SUCCESS,0,0,warm20,,,,,,,,,,,used,,,,20260917-1737
2026-09-17 17:42:57,EHAUSM-I,SIGN,8,1,0.003000,0.000,0.089,1500088,666,0,19180,19181,0,0,0,22729967,16,22162075,0,0.403744,0.000000,0.000000,12225,0,4332.85,0,0,0,0,SUCCESS,0,0,warm20,,,,,,,,,,,used,,,,20260917-1737
2026-09-17 17:43:21,EHAUSM-I,SIGN,9,1,0.003000,0.000,0.089,1668652,730,0,23765,23766,0,0,0,32455487,18,31861600,0,0.408888,0.000000,0.000000,12666,0,8640.00,0,0,0,0,SUCCESS,0,0,warm20,,,,,,,,,,,used,,,,20260917-1737
2026-09-17 17:43:42,EHAUSM-I,SIGN,0,2,0.003000,0.000,0.200,319686,146,3,19631,19634,0,0,0,106349081,0,104965619,0,0.455007,0.000000,0.000000,23387,0,2366.76,0,0,0,0,SUCCESS,0,0,warm20,,,,,,,,,,,used,,,,20260917-1737
2026-09-17 17:43:58,EHAUSM-I,SIGN,1,2,0.003000,0.000,0.089,464158,211,0,15958,15958,0,0,0,50163930,1,49059007,0,0.462725,0.000000,0.000000,18363,0,6784.00,0,0,0,0,SUCCESS,0,0,warm20,,,,,,,,,,,used,,,,20260917-1737
2026-09-17 17:44:19,EHAUSM-I,SIGN,2,2,0.003000,0.000,0.089,609901,276,0,20126,20126,0,0,0,53055598,1,52016602,0,0.441330,0.000000,0.000000,18342,0,7024.00,0,0,0,0,SUCCESS,0,0,warm20,,,,,,,,,,,used,,,,20260917-1737
2026-09-17 17:44:35,EHAUSM-I,SIGN,3,2,0.003000,0.000,0.089,737382,341,0,15852,15852,0,0,0,26124031,8,25287947,0,0.434546,0.000000,0.000000,16494,0,8272.00,0,0,0,0,SUCCESS,0,0,warm20,,,,,,,,,,,used,,,,20260917-1737
2026-09-17 17:44:54,EHAUSM-I,SIGN,4,2,0.003000,0.000,0.089,871901,406,0,18070,18071,0,0,0,29268107,9,28510549,0,0.442749,0.000000,0.000000,16857,0,7983.53,0,0,0,0,SUCCESS,0,0,warm20,,,,,,,,,,,used,,,,20260917-1737
2026-09-17 17:45:10,EHAUSM-I,SIGN,5,2,0.003000,0.000,0.089,1018960,471,0,15366,15366,0,0,0,20263109,11,19610029,0,0.425523,0.000000,0.000000,14004,0,9656.00,0,0,0,0,SUCCESS,0,0,warm20,,,,,,,,,,,used,,,,20260917-1737
2026-09-17 17:45:26,EHAUSM-I,SIGN,6,2,0.003000,0.000,0.089,1183474,536,0,16024,16024,0,0,0,21207282,15,20623389,0,0.433641,0.000000,0.000000,12433,0,4768.00,0,0,0,0,SUCCESS,0,0,warm20,,,,,,,,,,,used,,,,20260917-1737
2026-09-17 17:45:45,EHAUSM-I,SIGN,7,2,0.003000,0.000,0.089,1350144,601,0,18144,18144,0,0,0,27000861,15,26410240,0,0.416386,0.000000,0.000000,12491,0,11480.00,0,0,0,0,SUCCESS,0,0,warm20,,,,,,,,,,,used,,,,20260917-1737
2026-09-17 17:46:04,EHAUSM-I,SIGN,8,2,0.003000,0.000,0.089,1500088,666,0,19256,19257,0,0,0,22729967,16,22162075,0,0.403744,0.000000,0.000000,12225,0,8992.00,0,0,0,0,SUCCESS,0,0,warm20,,,,,,,,,,,used,,,,20260917-1737
2026-09-17 17:46:28,EHAUSM-I,SIGN,9,2,0.003000,0.000,0.089,1668652,730,0,23726,23726,0,0,0,32455487,18,31861600,0,0.408888,0.000000,0.000000,12666,0,9712.00,0,0,0,0,SUCCESS,0,0,warm20,,,,,,,,,,,used,,,,20260917-1737
2026-09-17 17:46:49,EHAUSM-I,SIGN,0,0,0.003000,0.000,0.200,319686,146,0,19783,19784,0,0,0,106349081,0,104965619,0,0.455007,0.000000,0.000000,23387,0,4567.69,0,0,0,0,SUCCESS,0,0,warm20,,,,,,,,,,,used,,,,20260917-1737
2026-09-17 17:47:01,EHAUSM-I,SIGN,1,0,0.003000,0.000,0.042,385332,177,0,11367,11367,0,0,0,27436765,0,26265715,0,0.441269,0.000000,0.000000,21809,0,5923.48,0,0,0,0,SUCCESS,0,0,warm20,,,,,,,,,,,used,,,,20260917-1737
2026-09-17 17:47:13,EHAUSM-I,SIGN,2,0,0.003000,0.000,0.042,459273,208,0,12185,12185,0,0,0,32722851,1,31592101,0,0.464727,0.000000,0.000000,18673,0,8320.00,0,0,0,0,SUCCESS,0,0,warm20,,,,,,,,,,,used,,,,20260917-1737
2026-09-17 17:47:29,EHAUSM-I,SIGN,3,0,0.003000,0.000,0.042,527535,239,0,15126,15126,0,0,0,34074104,2,32972886,0,0.464155,0.000000,0.000000,20219,0,5400.00,0,0,0,0,SUCCESS,0,0,warm20,,,,,,,,,,,used,,,,20260917-1737
2026-09-17 17:47:45,EHAUSM-I,SIGN,4,0,0.003000,0.000,0.042,597178,270,0,15071,15071,0,0,0,27554546,1,26500466,0,0.396295,0.000000,0.000000,18362,0,5360.00,0,0,0,0,SUCCESS,0,0,warm20,,,,,,,,,,,used,,,,20260917-1737
2026-09-17 17:47:57,EHAUSM-I,SIGN,5,0,0.003000,0.000,0.042,659071,301,0,12047,12048,0,0,0,14825489,5,13906153,0,0.423648,0.000000,0.000000,17056,0,8471.75,0,0,0,0,SUCCESS,0,0,warm20,,,,,,,,,,,used,,,,20260917-1737
2026-09-17 17:48:09,EHAUSM-I,SIGN,6,0,0.003000,0.000,0.042,720279,332,0,11983,11983,0,0,0,15636699,6,14788399,0,0.419889,0.000000,0.000000,15898,0,5096.00,0,0,0,0,SUCCESS,0,0,warm20,,,,,,,,,,,used,,,,20260917-1737
2026-09-17 17:48:22,EHAUSM-I,SIGN,7,0,0.003000,0.000,0.042,779441,363,0,13021,13022,0,0,0,15772142,10,14976692,0,0.444494,0.000000,0.000000,16685,0,9535.43,0,0,0,0,SUCCESS,0,0,warm20,,,,,,,,,,,used,,,,20260917-1737
2026-09-17 17:48:37,EHAUSM-I,SIGN,8,0,0.003000,0.000,0.042,844724,394,0,14423,14424,0,0,0,17150276,10,16384135,0,0.433573,0.000000,0.000000,16735,0,4403.77,0,0,0,0,SUCCESS,0,0,warm20,,,,,,,,,,,used,,,,20260917-1737
2026-09-17 17:48:51,EHAUSM-I,SIGN,9,0,0.003000,0.000,0.042,923121,425,0,13135,13135,0,0,0,15473302,13,14759004,0,0.415517,0.000000,0.000000,15295,0,6526.83,0,0,0,0,SUCCESS,0,0,warm20,,,,,,,,,,,used,,,,20260917-1737
2026-09-17 17:49:02,EHAUSM-I,SIGN,10,0,0.003000,0.000,0.042,987506,456,0,10652,10652,0,0,0,10054454,11,9384195,0,0.413345,0.000000,0.000000,14382,0,6221.07,0,0,0,0,SUCCESS,0,0,warm20,,,,,,,,,,,used,,,,20260917-1737
2026-09-17 17:49:14,EHAUSM-I,SIGN,11,0,0.003000,0.000,0.042,1057621,487,0,12256,12256,0,0,0,11001344,12,10369539,0,0.426259,0.000000,0.000000,13337,0,5040.00,0,0,0,0,SUCCESS,0,0,warm20,,,,,,,,,,,used,,,,20260917-1737
2026-09-17 17:49:26,EHAUSM-I,SIGN,12,0,0.003000,0.000,0.042,1139446,518,0,11625,11626,0,0,0,12300314,16,11698515,0,0.432481,0.000000,0.000000,12846,0,7184.00,0,0,0,0,SUCCESS,0,0,warm20,,,,,,,,,,,used,,,,20260917-1737
2026-09-17 17:49:38,EHAUSM-I,SIGN,13,0,0.003000,0.000,0.042,1211397,549,0,11927,11928,0,0,0,10843112,14,10274764,0,0.429263,0.000000,0.000000,12045,0,7728.00,0,0,0,0,SUCCESS,0,0,warm20,,,,,,,,,,,used,,,,20260917-1737
2026-09-17 17:49:55,EHAUSM-I,SIGN,14,0,0.003000,0.000,0.042,1304649,580,0,16085,16086,0,0,0,21225826,14,20617558,0,0.417788,0.000000,0.000000,12922,0,3696.00,0,0,0,0,SUCCESS,0,0,warm20,,,,,,,,,,,used,,,,20260917-1737
2026-09-17 17:50:08,EHAUSM-I,SIGN,15,0,0.003000,0.000,0.042,1372937,611,0,13610,13610,0,0,0,11372986,15,10784811,0,0.398413,0.000000,0.000000,12535,0,4288.00,0,0,0,0,SUCCESS,0,0,warm20,,,,,,,,,,,used,,,,20260917-1737
2026-09-17 17:50:23,EHAUSM-I,SIGN,16,0,0.003000,0.000,0.042,1441678,642,0,14731,14731,0,0,0,11622877,15,11050392,0,0.402954,0.000000,0.000000,12116,0,4280.00,0,0,0,0,SUCCESS,0,0,warm20,,,,,,,,,,,used,,,,20260917-1737
2026-09-17 17:50:40,EHAUSM-I,SIGN,17,0,0.003000,0.000,0.042,1517948,673,0,15972,15973,0,0,0,15422533,17,14850967,0,0.398086,0.000000,0.000000,12363,0,7559.86,0,0,0,0,SUCCESS,0,0,warm20,,,,,,,,,,,used,,,,20260917-1737
2026-09-17 17:51:00,EHAUSM-I,SIGN,18,0,0.003000,0.000,0.042,1606504,704,0,19905,19906,0,0,0,22557279,18,21956589,0,0.409232,0.000000,0.000000,12872,0,4007.31,0,0,0,0,SUCCESS,0,0,warm20,,,,,,,,,,,used,,,,20260917-1737
2026-09-17 17:51:16,EHAUSM-I,SIGN,19,0,0.003000,0.000,0.042,1668652,730,0,16184,16185,0,0,0,12293946,18,11700059,0,0.394086,0.000000,0.000000,12666,0,6160.00,0,0,0,0,SUCCESS,0,0,warm20,,,,,,,,,,,used,,,,20260917-1737
2026-09-17 17:51:37,EHAUSM-I,SIGN,0,1,0.003000,0.000,0.200,319686,146,2,19620,19622,0,0,0,106349081,0,104965619,0,0.455007,0.000000,0.000000,23387,0,4365.48,0,0,0,0,SUCCESS,0,0,warm20,,,,,,,,,,,used,,,,20260917-1737
2026-09-17 17:51:49,EHAUSM-I,SIGN,1,1,0.003000,0.000,0.042,385332,177,0,11493,11493,0,0,0,27436765,0,26265715,0,0.441269,0.000000,0.000000,21809,0,5416.00,0,0,0,0,SUCCESS,0,0,warm20,,,,,,,,,,,used,,,,20260917-1737
2026-09-17 17:52:01,EHAUSM-I,SIGN,2,1,0.003000,0.000,0.042,459273,208,0,12137,12137,0,0,0,32722851,1,31592101,0,0.464727,0.000000,0.000000,18673,0,7088.00,0,0,0,0,SUCCESS,0,0,warm20,,,,,,,,,,,used,,,,20260917-1737
2026-09-17 17:52:17,EHAUSM-I,SIGN,3,1,0.003000,0.000,0.042,527535,239,0,15117,15117,0,0,0,34074104,2,32972886,0,0.464155,0.000000,0.000000,20219,0,7568.00,0,0,0,0,SUCCESS,0,0,warm20,,,,,,,,,,,used,,,,20260917-1737
2026-09-17 17:52:32,EHAUSM-I,SIGN,4,1,0.003000,0.000,0.042,597178,270,0,15042,15042,0,0,0,27554546,1,26500466,0,0.396295,0.000000,0.000000,18362,0,3287.67,0,0,0,0,SUCCESS,0,0,warm20,,,,,,,,,,,used,,,,20260917-1737
2026-09-17 17:52:45,EHAUSM-I,SIGN,5,1,0.003000,0.000,0.042,659071,301,0,12059,12059,0,0,0,14825489,5,13906153,0,0.423648,0.000000,0.000000,17056,0,7504.00,0,0,0,0,SUCCESS,0,0,warm20,,,,,,,,,,,used,,,,20260917-1737
2026-09-17 17:52:57,EHAUSM-I,SIGN,6,1,0.003000,0.000,0.042,720279,332,0,11925,11925,0,0,0,15636699,6,14788399,0,0.419889,0.000000,0.000000,15898,0,7648.00,0,0,0,0,SUCCESS,0,0,warm20,,,,,,,,,,,used,,,,20260917-1737
2026-09-17 17:53:10,EHAUSM-I,SIGN,7,1,0.003000,0.000,0.042,779441,363,0,13004,13004,0,0,0,15772142,10,14976692,0,0.444494,0.000000,0.000000,16685,0,8704.00,0,0,0,0,SUCCESS,0,0,warm20,,,,,,,,,,,used,,,,20260917-1737
2026-09-17 17:53:25,EHAUSM-I,SIGN,8,1,0.003000,0.000,0.042,844724,394,0,14376,14376,0,0,0,17150276,10,16384135,0,0.433573,0.000000,0.000000,16735,0,9040.00,0,0,0,0,SUCCESS,0,0,warm20,,,,,,,,,,,used,,,,20260917-1737
2026-09-17 17:53:39,EHAUSM-I,SIGN,9,1,0.003000,0.000,0.042,923121,425,0,13104,13105,0,0,0,15473302,13,14759004,0,0.415517,0.000000,0.000000,15295,0,4664.00,0,0,0,0,SUCCESS,0,0,warm20,,,,,,,,,,,used,,,,20260917-1737
2026-09-17 17:53:49,EHAUSM-I,SIGN,10,1,0.003000,0.000,0.042,987506,456,0,10636,10637,0,0,0,10054454,11,9384195,0,0.413345,0.000000,0.000000,14382,0,9589.76,0,0,0,0,SUCCESS,0,0,warm20,,,,,,,,,,,used,,,,20260917-1737
2026-09-17 17:54:02,EHAUSM-I,SIGN,11,1,0.003000,0.000,0.042,1057621,487,0,12229,12230,0,0,0,11001344,12,10369539,0,0.426259,0.000000,0.000000,13337,0,6031.78,0,0,0,0,SUCCESS,0,0,warm20,,,,,,,,,,,used,,,,20260917-1737
2026-09-17 17:54:14,EHAUSM-I,SIGN,12,1,0.003000,0.000,0.042,1139446,518,0,11625,11626,0,0,0,12300314,16,11698515,0,0.432481,0.000000,0.000000,12846,0,9303.78,0,0,0,0,SUCCESS,0,0,warm20,,,,,,,,,,,used,,,,20260917-1737
2026-09-17 17:54:26,EHAUSM-I,SIGN,13,1,0.003000,0.000,0.042,1211397,549,0,11888,11888,0,0,0,10843112,14,10274764,0,0.429263,0.000000,0.000000,12045,0,4168.00,0,0,0,0,SUCCESS,0,0,warm20,,,,,,,,,,,used,,,,20260917-1737
2026-09-17 17:54:42,EHAUSM-I,SIGN,14,1,0.003000,0.000,0.042,1304649,580,0,16059,16059,0,0,0,21225826,14,20617558,0,0.417788,0.000000,0.000000,12922,0,3860.77,0,0,0,0,SUCCESS,0,0,warm20,,,,,,,,,,,used,,,,20260917-1737
2026-09-17 17:54:56,EHAUSM-I,SIGN,15,1,0.003000,0.000,0.042,1372937,611,0,13577,13577,0,0,0,11372986,15,10784811,0,0.398413,0.000000,0.000000,12535,0,9584.00,0,0,0,0,SUCCESS,0,0,warm20,,,,,,,,,,,used,,,,20260917-1737
2026-09-17 17:55:11,EHAUSM-I,SIGN,16,1,0.003000,0.000,0.042,1441678,642,0,14718,14719,0,0,0,11622877,15,11050392,0,0.402954,0.000000,0.000000,12116,0,8918.53,0,0,0,0,SUCCESS,0,0,warm20,,,,,,,,,,,used,,,,20260917-1737
2026-09-17 17:55:27,EHAUSM-I,SIGN,17,1,0.003000,0.000,0.042,1517948,673,0,15950,15950,0,0,0,15422533,17,14850967,0,0.398086,0.000000,0.000000,12363,0,5120.00,0,0,0,0,SUCCESS,0,0,warm20,,,,,,,,,,,used,,,,20260917-1737
2026-09-17 17:55:48,EHAUSM-I,SIGN,18,1,0.003000,0.000,0.042,1606504,704,0,19909,19910,0,0,0,22557279,18,21956589,0,0.409232,0.000000,0.000000,12872,0,5375.54,0,0,0,0,SUCCESS,0,0,warm20,,,,,,,,,,,used,,,,20260917-1737
2026-09-17 17:56:04,EHAUSM-I,SIGN,19,1,0.003000,0.000,0.042,1668652,730,0,16199,16199,0,0,0,12293946,18,11700059,0,0.394086,0.000000,0.000000,12666,0,6088.00,0,0,0,0,SUCCESS,0,0,warm20,,,,,,,,,,,used,,,,20260917-1737
2026-09-17 17:56:25,EHAUSM-I,SIGN,0,2,0.003000,0.000,0.200,319686,146,2,19776,19778,0,0,0,106349081,0,104965619,0,0.455007,0.000000,0.000000,23387,0,1789.65,0,0,0,0,SUCCESS,0,0,warm20,,,,,,,,,,,used,,,,20260917-1737
2026-09-17 17:56:36,EHAUSM-I,SIGN,1,2,0.003000,0.000,0.042,385332,177,0,11290,11291,0,0,0,27436765,0,26265715,0,0.441269,0.000000,0.000000,21809,0,6212.65,0,0,0,0,SUCCESS,0,0,warm20,,,,,,,,,,,used,,,,20260917-1737
2026-09-17 17:56:49,EHAUSM-I,SIGN,2,2,0.003000,0.000,0.042,459273,208,0,12254,12254,0,0,0,32722851,1,31592101,0,0.464727,0.000000,0.000000,18673,0,2808.00,0,0,0,0,SUCCESS,0,0,warm20,,,,,,,,,,,used,,,,20260917-1737
2026-09-17 17:57:05,EHAUSM-I,SIGN,3,2,0.003000,0.000,0.042,527535,239,0,15093,15094,0,0,0,34074104,2,32972886,0,0.464155,0.000000,0.000000,20219,0,5760.00,0,0,0,0,SUCCESS,0,0,warm20,,,,,,,,,,,used,,,,20260917-1737
2026-09-17 17:57:20,EHAUSM-I,SIGN,4,2,0.003000,0.000,0.042,597178,270,0,15050,15051,0,0,0,27554546,1,26500466,0,0.396295,0.000000,0.000000,18362,0,9784.00,0,0,0,0,SUCCESS,0,0,warm20,,,,,,,,,,,used,,,,20260917-1737
2026-09-17 17:57:33,EHAUSM-I,SIGN,5,2,0.003000,0.000,0.042,659071,301,0,12049,12050,0,0,0,14825489,5,13906153,0,0.423648,0.000000,0.000000,17056,0,7072.00,0,0,0,0,SUCCESS,0,0,warm20,,,,,,,,,,,used,,,,20260917-1737
2026-09-17 17:57:45,EHAUSM-I,SIGN,6,2,0.003000,0.000,0.042,720279,332,0,11964,11964,0,0,0,15636699,6,14788399,0,0.419889,0.000000,0.000000,15898,0,9088.00,0,0,0,0,SUCCESS,0,0,warm20,,,,,,,,,,,used,,,,20260917-1737
2026-09-17 17:57:58,EHAUSM-I,SIGN,7,2,0.003000,0.000,0.042,779441,363,0,13015,13016,0,0,0,15772142,10,14976692,0,0.444494,0.000000,0.000000,16685,0,6796.00,0,0,0,0,SUCCESS,0,0,warm20,,,,,,,,,,,used,,,,20260917-1737
2026-09-17 17:58:13,EHAUSM-I,SIGN,8,2,0.003000,0.000,0.042,844724,394,0,14404,14404,0,0,0,17150276,10,16384135,0,0.433573,0.000000,0.000000,16735,0,7096.00,0,0,0,0,SUCCESS,0,0,warm20,,,,,,,,,,,used,,,,20260917-1737
2026-09-17 17:58:26,EHAUSM-I,SIGN,9,2,0.003000,0.000,0.042,923121,425,0,13117,13117,0,0,0,15473302,13,14759004,0,0.415517,0.000000,0.000000,15295,0,7881.80,0,0,0,0,SUCCESS,0,0,warm20,,,,,,,,,,,used,,,,20260917-1737
2026-09-17 17:58:37,EHAUSM-I,SIGN,10,2,0.003000,0.000,0.042,987506,456,0,10658,10658,0,0,0,10054454,11,9384195,0,0.413345,0.000000,0.000000,14382,0,7328.00,0,0,0,0,SUCCESS,0,0,warm20,,,,,,,,,,,used,,,,20260917-1737
2026-09-17 17:58:50,EHAUSM-I,SIGN,11,2,0.003000,0.000,0.042,1057621,487,0,12248,12248,0,0,0,11001344,12,10369539,0,0.426259,0.000000,0.000000,13337,0,5960.00,0,0,0,0,SUCCESS,0,0,warm20,,,,,,,,,,,used,,,,20260917-1737
2026-09-17 17:59:02,EHAUSM-I,SIGN,12,2,0.003000,0.000,0.042,1139446,518,0,11623,11623,0,0,0,12300314,16,11698515,0,0.432481,0.000000,0.000000,12846,0,7245.05,0,0,0,0,SUCCESS,0,0,warm20,,,,,,,,,,,used,,,,20260917-1737
2026-09-17 17:59:14,EHAUSM-I,SIGN,13,2,0.003000,0.000,0.042,1211397,549,0,11919,11919,0,0,0,10843112,14,10274764,0,0.429263,0.000000,0.000000,12045,0,7360.00,0,0,0,0,SUCCESS,0,0,warm20,,,,,,,,,,,used,,,,20260917-1737
2026-09-17 17:59:30,EHAUSM-I,SIGN,14,2,0.003000,0.000,0.042,1304649,580,0,16096,16097,0,0,0,21225826,14,20617558,0,0.417788,0.000000,0.000000,12922,0,8828.11,0,0,0,0,SUCCESS,0,0,warm20,,,,,,,,,,,used,,,,20260917-1737
2026-09-17 17:59:44,EHAUSM-I,SIGN,15,2,0.003000,0.000,0.042,1372937,611,0,13610,13611,0,0,0,11372986,15,10784811,0,0.398413,0.000000,0.000000,12535,0,7496.00,0,0,0,0,SUCCESS,0,0,warm20,,,,,,,,,,,used,,,,20260917-1737
2026-09-17 17:59:59,EHAUSM-I,SIGN,16,2,0.003000,0.000,0.042,1441678,642,0,14726,14726,0,0,0,11622877,15,11050392,0,0.402954,0.000000,0.000000,12116,0,6264.00,0,0,0,0,SUCCESS,0,0,warm20,,,,,,,,,,,used,,,,20260917-1737
2026-09-17 18:00:15,EHAUSM-I,SIGN,17,2,0.003000,0.000,0.042,1517948,673,0,15980,15980,0,0,0,15422533,17,14850967,0,0.398086,0.000000,0.000000,12363,0,7891.47,0,0,0,0,SUCCESS,0,0,warm20,,,,,,,,,,,used,,,,20260917-1737
2026-09-17 18:00:36,EHAUSM-I,SIGN,18,2,0.003000,0.000,0.042,1606504,704,0,19907,19907,0,0,0,22557279,18,21956589,0,0.409232,0.000000,0.000000,12872,0,8511.20,0,0,0,0,SUCCESS,0,0,warm20,,,,,,,,,,,used,,,,20260917-1737
2026-09-17 18:00:52,EHAUSM-I,SIGN,19,2,0.003000,0.000,0.042,1668652,730,0,16183,16184,0,0,0,12293946,18,11700059,0,0.394086,0.000000,0.000000,12666,0,4390.96,0,0,0,0,SUCCESS,0,0,warm20,,,,,,,,,,,used,,,,20260917-1737
2026-09-17 18:01:13,EHAUSM-I,SIGN,0,0,0.003000,0.000,0.200,319686,146,0,19639,19640,0,0,0,106349081,0,104965619,0,0.455007,0.000000,0.000000,23387,0,5150.04,0,0,0,0,SUCCESS,0,0,warm20,,,,,,,,,,,used,,,,20260917-1737
2026-09-17 18:01:19,EHAUSM-I,SIGN,1,0,0.003000,0.000,0.016,345121,158,0,6674,6674,0,0,0,13672236,0,12370079,0,0.433989,0.000000,0.000000,23125,0,6231.73,0,0,0,0,SUCCESS,0,0,warm20,,,,,,,,,,,used,,,,20260917-1737
2026-09-17 18:01:26,EHAUSM-I,SIGN,2,0,0.003000,0.000,0.016,369331,170,0,6765,6766,0,0,0,11234858,0,10021586,0,0.423854,0.000000,0.000000,21958,0,4543.73,0,0,0,0,SUCCESS,0,0,warm20,,,,,,,,,,,used,,,,20260917-1737
2026-09-17 18:01:33,EHAUSM-I,SIGN,3,0,0.003000,0.000,0.016,393230,182,0,6750,6750,0,0,0,11413770,0,10279171,0,0.429439,0.000000,0.000000,21796,0,6517.30,0,0,0,0,SUCCESS,0,0,warm20,,,,,,,,,,,used,,,,20260917-1737
2026-09-17 18:01:42,EHAUSM-I,SIGN,4,0,0.003000,0.000,0.016,428453,194,0,8026,8026,0,0,0,16193696,1,15098020,0,0.431124,0.000000,0.000000,20113,0,5960.00,0,0,0,0,SUCCESS,0,0,warm20,,,,,,,,,,,used,,,,20260917-1737
2026-09-17 18:01:50,EHAUSM-I,SIGN,5,0,0.003000,0.000,0.016,456476,206,0,7694,7694,0,0,0,17934899,1,16786432,0,0.462761,0.000000,0.000000,18895,0,10284.83,0,0,0,0,SUCCESS,0,0,warm20,,,,,,,,,,,used,,,,20260917-1737
2026-09-17 18:01:56,EHAUSM-I,SIGN,6,0,0.003000,0.000,0.016,480433,218,0,6188,6189,0,0,0,9395885,1,8322654,0,0.445152,0.000000,0.000000,18295,0,10954.65,0,0,0,0,SUCCESS,0,0,warm20,,,,,,,,,,,used,,,,20260917-1737
2026-09-17 18:02:05,EHAUSM-I,SIGN,7,0,0.003000,0.000,0.016,507190,230,0,8100,8100,0,0,0,12605960,2,11563082,0,0.447304,0.000000,0.000000,18586,0,5448.00,0,0,0,0,SUCCESS,0,0,warm20,,,,,,,,,,,used,,,,20260917-1737
2026-09-17 18:02:18,EHAUSM-I,SIGN,8,0,0.003000,0.000,0.016,536314,242,0,12827,12827,0,0,0,22473012,2,21373028,0,0.429372,0.000000,0.000000,20004,0,10584.00,0,0,0,0,SUCCESS,0,0,warm20,,,,,,,,,,,used,,,,20260917-1737
2026-09-17 18:02:23,EHAUSM-I,SIGN,9,0,0.003000,0.000,0.016,556990,254,0,5563,5564,0,0,0,6285213,2,5251987,0,0.408803,0.000000,0.000000,18960,0,11064.00,0,0,0,0,SUCCESS,0,0,warm20,,,,,,,,,,,used,,,,20260917-1737
2026-09-17 18:02:34,EHAUSM-I,SIGN,10,0,0.003000,0.000,0.016,587283,266,0,10539,10540,0,0,0,16123617,2,15063033,0,0.369778,0.000000,0.000000,18422,0,10045.91,0,0,0,0,SUCCESS,0,0,warm20,,,,,,,,,,,used,,,,20260917-1737
2026-09-17 18:02:44,EHAUSM-I,SIGN,11,0,0.003000,0.000,0.016,613134,278,0,9351,9351,0,0,0,10324123,1,9294367,0,0.417030,0.000000,0.000000,18187,0,11304.00,0,0,0,0,SUCCESS,0,0,warm20,,,,,,,,,,,used,,,,20260917-1737
2026-09-17 18:02:48,EHAUSM-I,SIGN,12,0,0.003000,0.000,0.016,639272,290,0,4034,4034,0,0,0,4427233,2,3480283,0,0.376479,0.000000,0.000000,17307,0,5901.74,0,0,0,0,SUCCESS,0,0,warm20,,,,,,,,,,,used,,,,20260917-1737
2026-09-17 18:02:56,EHAUSM-I,SIGN,13,0,0.003000,0.000,0.016,661807,302,0,8050,8050,0,0,0,8116640,5,7194609,0,0.395085,0.000000,0.000000,16997,0,7552.96,0,0,0,0,SUCCESS,0,0,warm20,,,,,,,,,,,used,,,,20260917-1737
2026-09-17 18:03:02,EHAUSM-I,SIGN,14,0,0.003000,0.000,0.016,682126,314,0,5973,5973,0,0,0,5032468,6,4151238,0,0.416966,0.000000,0.000000,16420,0,6677.41,0,0,0,0,SUCCESS,0,0,warm20,,,,,,,,,,,used,,,,20260917-1737
2026-09-17 18:03:12,EHAUSM-I,SIGN,15,0,0.003000,0.000,0.016,707653,326,0,9560,9560,0,0,0,11054853,6,10179180,0,0.414776,0.000000,0.000000,16464,0,8447.34,0,0,0,0,SUCCESS,0,0,warm20,,,,,,,,,,,used,,,,20260917-1737
2026-09-17 18:03:19,EHAUSM-I,SIGN,16,0,0.003000,0.000,0.016,730705,338,0,6710,6710,0,0,0,5179894,6,4345311,0,0.390850,0.000000,0.000000,15828,0,9336.00,0,0,0,0,SUCCESS,0,0,warm20,,,,,,,,,,,used,,,,20260917-1737
2026-09-17 18:03:29,EHAUSM-I,SIGN,17,0,0.003000,0.000,0.016,756980,350,0,10061,10061,0,0,0,10135625,8,9314010,0,0.443842,0.000000,0.000000,16743,0,6712.00,0,0,0,0,SUCCESS,0,0,warm20,,,,,,,,,,,used,,,,20260917-1737
2026-09-17 18:03:37,EHAUSM-I,SIGN,18,0,0.003000,0.000,0.016,777786,362,0,7669,7670,0,0,0,6128095,10,5330285,0,0.430550,0.000000,0.000000,16692,0,9094.47,0,0,0,0,SUCCESS,0,0,warm20,,,,,,,,,,,used,,,,20260917-1737
2026-09-17 18:03:47,EHAUSM-I,SIGN,19,0,0.003000,0.000,0.016,803248,374,0,9688,9688,0,0,0,8983809,9,8195843,0,0.427585,0.000000,0.000000,16821,0,9446.47,0,0,0,0,SUCCESS,0,0,warm20,,,,,,,,,,,used,,,,20260917-1737
2026-09-17 18:03:56,EHAUSM-I,SIGN,20,0,0.003000,0.000,0.016,828605,386,0,9122,9122,0,0,0,7243948,10,6468813,0,0.417828,0.000000,0.000000,16796,0,4632.00,0,0,0,0,SUCCESS,0,0,warm20,,,,,,,,,,,used,,,,20260917-1737
2026-09-17 18:04:06,EHAUSM-I,SIGN,21,0,0.003000,0.000,0.016,851890,398,0,9975,9975,0,0,0,7712072,10,6948431,0,0.427529,0.000000,0.000000,17093,0,4048.00,0,0,0,0,SUCCESS,0,0,warm20,,,,,,,,,,,used,,,,20260917-1737
2026-09-17 18:04:16,EHAUSM-I,SIGN,22,0,0.003000,0.000,0.016,884460,410,0,8880,8880,0,0,0,8584699,12,7832764,0,0.400427,0.000000,0.000000,16490,0,10192.00,0,0,0,0,SUCCESS,0,0,warm20,,,,,,,,,,,used,,,,20260917-1737
2026-09-17 18:04:22,EHAUSM-I,SIGN,23,0,0.003000,0.000,0.016,916886,422,0,6336,6336,0,0,0,6492576,13,5769617,0,0.390869,0.000000,0.000000,15488,0,9776.00,0,0,0,0,SUCCESS,0,0,warm20,,,,,,,,,,,used,,,,20260917-1737
2026-09-17 18:04:28,EHAUSM-I,SIGN,24,0,0.003000,0.000,0.016,947537,434,0,5941,5941,0,0,0,5173247,12,4475845,0,0.392672,0.000000,0.000000,14733,0,5006.27,0,0,0,0,SUCCESS,0,0,warm20,,,,,,,,,,,used,,,,20260917-1737
2026-09-17 18:04:33,EHAUSM-I,SIGN,25,0,0.003000,0.000,0.016,967022,446,0,5293,5294,0,0,0,3219191,11,2541781,0,0.406075,0.000000,0.000000,14609,0,7566.85,0,0,0,0,SUCCESS,0,0,warm20,,,,,,,,,,,used,,,,20260917-1737
2026-09-17 18:04:41,EHAUSM-I,SIGN,26,0,0.003000,0.000,0.016,990505,458,0,7704,7705,0,0,0,5154916,11,4485761,0,0.403362,0.000000,0.000000,14363,0,8372.56,0,0,0,0,SUCCESS,0,0,warm20,,,,,,,,,,,used,,,,20260917-1737
2026-09-17 18:04:49,EHAUSM-I,SIGN,27,0,0.003000,0.000,0.016,1016244,470,0,7247,7247,0,0,0,4748558,11,4098356,0,0.424087,0.000000,0.000000,13905,0,8383.97,0,0,0,0,SUCCESS,0,0,warm20,,,,,,,,,,,used,,,,20260917-1737
2026-09-17 18:04:56,EHAUSM-I,SIGN,28,0,0.003000,0.000,0.016,1047408,482,0,7695,7695,0,0,0,5911368,12,5273691,0,0.392111,0.000000,0.000000,13478,0,9927.33,0,0,0,0,SUCCESS,0,0,warm20,,,,,,,,,,,used,,,,20260917-1737
2026-09-17 18:05:05,EHAUSM-I,SIGN,29,0,0.003000,0.000,0.016,1079371,494,0,8357,8357,0,0,0,5655940,12,5032253,0,0.421803,0.000000,0.000000,13241,0,11638.80,0,0,0,0,SUCCESS,0,0,warm20,,,,,,,,,,,used,,,,20260917-1737
2026-09-17 18:05:12,EHAUSM-I,SIGN,30,0,0.003000,0.000,0.016,1110602,506,0,7118,7118,0,0,0,5198441,15,4585089,0,0.402702,0.000000,0.000000,13007,0,8400.77,0,0,0,0,SUCCESS,0,0,warm20,,,,,,,,,,,used,,,,20260917-1737
2026-09-17 18:05:19,EHAUSM-I,SIGN,31,0,0.003000,0.000,0.016,1139446,518,0,7094,7095,0,0,0,5844348,16,5242549,0,0.423745,0.000000,0.000000,12846,0,8045.36,0,0,0,0,SUCCESS,0,0,warm20,,,,,,,,,,,used,,,,20260917-1737
2026-09-17 18:05:28,EHAUSM-I,SIGN,32,0,0.003000,0.000,0.016,1169601,530,0,8851,8851,0,0,0,6613474,15,6023798,0,0.432451,0.000000,0.000000,12622,0,3963.90,0,0,0,0,SUCCESS,0,0,warm20,,,,,,,,,,,used,,,,20260917-1737
2026-09-17 18:05:35,EHAUSM-I,SIGN,33,0,0.003000,0.000,0.016,1194955,542,0,6396,6397,0,0,0,4075011,15,3498314,0,0.402811,0.000000,0.000000,12294,0,9188.80,0,0,0,0,SUCCESS,0,0,warm20,,,,,,,,,,,used,,,,20260917-1737
2026-09-17 18:05:42,EHAUSM-I,SIGN,34,0,0.003000,0.000,0.016,1225092,554,0,7334,7334,0,0,0,5294517,14,4725429,0,0.399889,0.000000,0.000000,12117,0,9046.16,0,0,0,0,SUCCESS,0,0,warm20,,,,,,,,,,,used,,,,20260917-1737
2026-09-17 18:05:54,EHAUSM-I,SIGN,35,0,0.003000,0.000,0.016,1265597,566,0,11182,11183,0,0,0,12109498,14,11514501,0,0.404227,0.000000,0.000000,12584,0,11604.11,0,0,0,0,SUCCESS,0,0,warm20,,,,,,,,,,,used,,,,20260917-1737
2026-09-17 18:06:05,EHAUSM-I,SIGN,36,0,0.003000,0.000,0.016,1300784,578,0,11649,11649,0,0,0,9194647,14,8585992,0,0.401825,0.000000,0.000000,12940,0,4573.09,0,0,0,0,SUCCESS,0,0,warm20,,,,,,,,,,,used,,,,20260917-1737
2026-09-17 18:06:15,EHAUSM-I,SIGN,37,0,0.003000,0.000,0.016,1330102,590,0,9051,9051,0,0,0,7004486,14,6399525,0,0.395956,0.000000,0.000000,12801,0,9501.09,0,0,0,0,SUCCESS,0,0,warm20,,,,,,,,,,,used,,,,20260917-1737
2026-09-17 18:06:20,EHAUSM-I,SIGN,38,0,0.003000,0.000,0.016,1352225,602,0,5390,5390,0,0,0,2748632,15,2159175,0,0.359525,0.000000,0.000000,12469,0,5925.09,0,0,0,0,SUCCESS,0,0,warm20,,,,,,,,,,,used,,,,20260917-1737
2026-09-17 18:06:31,EHAUSM-I,SIGN,39,0,0.003000,0.000,0.016,1378844,614,0,10652,10652,0,0,0,6457464,15,5870702,0,0.400371,0.000000,0.000000,12541,0,10372.72,0,0,0,0,SUCCESS,0,0,warm20,,,,,,,,,,,used,,,,20260917-1737
2026-09-17 18:06:37,EHAUSM-I,SIGN,40,0,0.003000,0.000,0.016,1404925,626,0,5739,5739,0,0,0,4185364,15,3611223,0,0.383974,0.000000,0.000000,12159,0,5146.90,0,0,0,0,SUCCESS,0,0,warm20,,,,,,,,,,,used,,,,20260917-1737
2026-09-17 18:06:47,EHAUSM-I,SIGN,41,0,0.003000,0.000,0.016,1430972,638,0,10185,10185,0,0,0,5780349,15,5206568,0,0.394825,0.000000,0.000000,12165,0,9648.52,0,0,0,0,SUCCESS,0,0,warm20,,,,,,,,,,,used,,,,20260917-1737
2026-09-17 18:06:59,EHAUSM-I,SIGN,42,0,0.003000,0.000,0.016,1466019,650,0,11601,11601,0,0,0,8197847,16,7621508,0,0.371138,0.000000,0.000000,12206,0,11666.90,0,0,0,0,SUCCESS,0,0,warm20,,,,,,,,,,,used,,,,20260917-1737
2026-09-17 18:07:05,EHAUSM-I,SIGN,43,0,0.003000,0.000,0.016,1489446,662,0,6069,6069,0,0,0,4161021,16,3594839,0,0.396523,0.000000,0.000000,12092,0,9162.90,0,0,0,0,SUCCESS,0,0,warm20,,,,,,,,,,,used,,,,20260917-1737
2026-09-17 18:07:17,EHAUSM-I,SIGN,44,0,0.003000,0.000,0.016,1520720,674,0,11941,11941,0,0,0,9053210,17,8480960,0,0.405936,0.000000,0.000000,12357,0,7600.00,0,0,0,0,SUCCESS,0,0,warm20,,,,,,,,,,,used,,,,20260917-1737
2026-09-17 18:07:30,EHAUSM-I,SIGN,45,0,0.003000,0.000,0.016,1553182,686,0,12310,12310,0,0,0,8846595,17,8268386,0,0.405505,0.000000,0.000000,12724,0,10736.00,0,0,0,0,SUCCESS,0,0,warm20,,,,,,,,,,,used,,,,20260917-1737
2026-09-17 18:07:45,EHAUSM-I,SIGN,46,0,0.003000,0.000,0.016,1586819,698,0,15031,15031,0,0,0,11455059,18,10865490,0,0.413547,0.000000,0.000000,12860,0,4064.00,0,0,0,0,SUCCESS,0,0,warm20,,,,,,,,,,,used,,,,20260917-1737
2026-09-17 18:07:59,EHAUSM-I,SIGN,47,0,0.003000,0.000,0.016,1616945,710,0,13469,13469,0,0,0,9460445,18,8860767,0,0.388468,0.000000,0.000000,12890,0,8566.08,0,0,0,0,SUCCESS,0,0,warm20,,,,,,,,,,,used,,,,20260917-1737
2026-09-17 18:08:11,EHAUSM-I,SIGN,48,0,0.003000,0.000,0.016,1649145,722,0,12124,12124,0,0,0,8167288,18,7566977,0,0.384923,0.000000,0.000000,12904,0,8300.28,0,0,0,0,SUCCESS,0,0,warm20,,,,,,,,,,,used,,,,20260917-1737
2026-09-17 18:08:17,EHAUSM-I,SIGN,49,0,0.003000,0.000,0.016,1668652,730,0,6181,6181,0,0,0,3611137,18,3017250,0,0.369785,0.000000,0.000000,12666,0,4048.00,0,0,0,0,SUCCESS,0,0,warm20,,,,,,,,,,,used,,,,20260917-1737
2026-09-17 18:08:38,EHAUSM-I,SIGN,0,1,0.003000,0.000,0.200,319686,146,3,19720,19723,0,0,0,106349081,0,104965619,0,0.455007,0.000000,0.000000,23387,0,1548.25,0,0,0,0,SUCCESS,0,0,warm20,,,,,,,,,,,used,,,,20260917-1737
2026-09-17 18:08:45,EHAUSM-I,SIGN,1,1,0.003000,0.000,0.016,345121,158,0,6700,6700,0,0,0,13672236,0,12370079,0,0.433989,0.000000,0.000000,23125,0,6051.87,0,0,0,0,SUCCESS,0,0,warm20,,,,,,,,,,,used,,,,20260917-1737
2026-09-17 18:08:52,EHAUSM-I,SIGN,2,1,0.003000,0.000,0.016,369331,170,0,7015,7015,0,0,0,11234858,0,10021586,0,0.423854,0.000000,0.000000,21958,0,3768.00,0,0,0,0,SUCCESS,0,0,warm20,,,,,,,,,,,used,,,,20260917-1737
2026-09-17 18:08:59,EHAUSM-I,SIGN,3,1,0.003000,0.000,0.016,393230,182,0,6791,6791,0,0,0,11413770,0,10279171,0,0.429439,0.000000,0.000000,21796,0,7080.00,0,0,0,0,SUCCESS,0,0,warm20,,,,,,,,,,,used,,,,20260917-1737
2026-09-17 18:09:07,EHAUSM-I,SIGN,4,1,0.003000,0.000,0.016,428453,194,0,7672,7673,0,0,0,16193696,1,15098020,0,0.431124,0.000000,0.000000,20113,0,6808.00,0,0,0,0,SUCCESS,0,0,warm20,,,,,,,,,,,used,,,,20260917-1737
2026-09-17 18:09:15,EHAUSM-I,SIGN,5,1,0.003000,0.000,0.016,456476,206,0,7722,7722,0,0,0,17934899,1,16786432,0,0.462761,0.000000,0.000000,18895,0,8983.87,0,0,0,0,SUCCESS,0,0,warm20,,,,,,,,,,,used,,,,20260917-1737
2026-09-17 18:09:22,EHAUSM-I,SIGN,6,1,0.003000,0.000,0.016,480433,218,0,6192,6192,0,0,0,9395885,1,8322654,0,0.445152,0.000000,0.000000,18295,0,7416.00,0,0,0,0,SUCCESS,0,0,warm20,,,,,,,,,,,used,,,,20260917-1737
2026-09-17 18:09:30,EHAUSM-I,SIGN,7,1,0.003000,0.000,0.016,507190,230,0,8132,8133,0,0,0,12605960,2,11563082,0,0.447304,0.000000,0.000000,18586,0,6288.00,0,0,0,0,SUCCESS,0,0,warm20,,,,,,,,,,,used,,,,20260917-1737
2026-09-17 18:09:43,EHAUSM-I,SIGN,8,1,0.003000,0.000,0.016,536314,242,0,12853,12853,0,0,0,22473012,2,21373028,0,0.429372,0.000000,0.000000,20004,0,6168.00,0,0,0,0,SUCCESS,0,0,warm20,,,,,,,,,,,used,,,,20260917-1737
2026-09-17 18:09:49,EHAUSM-I,SIGN,9,1,0.003000,0.000,0.016,556990,254,0,5570,5570,0,0,0,6285213,2,5251987,0,0.408803,0.000000,0.000000,18960,0,7056.00,0,0,0,0,SUCCESS,0,0,warm20,,,,,,,,,,,used,,,,20260917-1737
2026-09-17 18:10:00,EHAUSM-I,SIGN,10,1,0.003000,0.000,0.016,587283,266,0,10535,10535,0,0,0,16123617,2,15063033,0,0.369778,0.000000,0.000000,18422,0,4976.00,0,0,0,0,SUCCESS,0,0,warm20,,,,,,,,,,,used,,,,20260917-1737
2026-09-17 18:10:09,EHAUSM-I,SIGN,11,1,0.003000,0.000,0.016,613134,278,0,9391,9391,0,0,0,10324123,1,9294367,0,0.417030,0.000000,0.000000,18187,0,4248.00,0,0,0,0,SUCCESS,0,0,warm20,,,,,,,,,,,used,,,,20260917-1737
2026-09-17 18:10:13,EHAUSM-I,SIGN,12,1,0.003000,0.000,0.016,639272,290,0,4028,4028,0,0,0,4427233,2,3480283,0,0.376479,0.000000,0.000000,17307,0,7951.75,0,0,0,0,SUCCESS,0,0,warm20,,,,,,,,,,,used,,,,20260917-1737
2026-09-17 18:10:22,EHAUSM-I,SIGN,13,1,0.003000,0.000,0.016,661807,302,0,8079,8079,0,0,0,8116640,5,7194609,0,0.395085,0.000000,0.000000,16997,0,7190.22,0,0,0,0,SUCCESS,0,0,warm20,,,,,,,,,,,used,,,,20260917-1737
2026-09-17 18:10:28,EHAUSM-I,SIGN,14,1,0.003000,0.000,0.016,682126,314,0,5994,5995,0,0,0,5032468,6,4151238,0,0.416966,0.000000,0.000000,16420,0,3888.00,0,0,0,0,SUCCESS,0,0,warm20,,,,,,,,,,,used,,,,20260917-1737
2026-09-17 18:10:38,EHAUSM-I,SIGN,15,1,0.003000,0.000,0.016,707653,326,0,9612,9613,0,0,0,11054853,6,10179180,0,0.414776,0.000000,0.000000,16464,0,8120.00,0,0,0,0,SUCCESS,0,0,warm20,,,,,,,,,,,used,,,,20260917-1737
2026-09-17 18:10:45,EHAUSM-I,SIGN,16,1,0.003000,0.000,0.016,730705,338,0,6700,6700,0,0,0,5179894,6,4345311,0,0.390850,0.000000,0.000000,15828,0,4220.61,0,0,0,0,SUCCESS,0,0,warm20,,,,,,,,,,,used,,,,20260917-1737
2026-09-17 18:10:55,EHAUSM-I,SIGN,17,1,0.003000,0.000,0.016,756980,350,0,10106,10106,0,0,0,10135625,8,9314010,0,0.443842,0.000000,0.000000,16743,0,8376.00,0,0,0,0,SUCCESS,0,0,warm20,,,,,,,,,,,used,,,,20260917-1737
2026-09-17 18:11:03,EHAUSM-I,SIGN,18,1,0.003000,0.000,0.016,777786,362,0,7684,7684,0,0,0,6128095,10,5330285,0,0.430550,0.000000,0.000000,16692,0,6424.00,0,0,0,0,SUCCESS,0,0,warm20,,,,,,,,,,,used,,,,20260917-1737
2026-09-17 18:11:13,EHAUSM-I,SIGN,19,1,0.003000,0.000,0.016,803248,374,0,9706,9707,0,0,0,8983809,9,8195843,0,0.427585,0.000000,0.000000,16821,0,8896.00,0,0,0,0,SUCCESS,0,0,warm20,,,,,,,,,,,used,,,,20260917-1737
2026-09-17 18:11:22,EHAUSM-I,SIGN,20,1,0.003000,0.000,0.016,828605,386,0,9135,9135,0,0,0,7243948,10,6468813,0,0.417828,0.000000,0.000000,16796,0,4311.57,0,0,0,0,SUCCESS,0,0,warm20,,,,,,,,,,,used,,,,20260917-1737
2026-09-17 18:11:32,EHAUSM-I,SIGN,21,1,0.003000,0.000,0.016,851890,398,0,9952,9952,0,0,0,7712072,10,6948431,0,0.427529,0.000000,0.000000,17093,0,8639.57,0,0,0,0,SUCCESS,0,0,warm20,,,,,,,,,,,used,,,,20260917-1737
2026-09-17 18:11:41,EHAUSM-I,SIGN,22,1,0.003000,0.000,0.016,884460,410,0,8889,8889,0,0,0,8584699,12,7832764,0,0.400427,0.000000,0.000000,16490,0,8816.00,0,0,0,0,SUCCESS,0,0,warm20,,,,,,,,,,,used,,,,20260917-1737
2026-09-17 18:11:48,EHAUSM-I,SIGN,23,1,0.003000,0.000,0.016,916886,422,0,6339,6340,0,0,0,6492576,13,5769617,0,0.390869,0.000000,0.000000,15488,0,5103.14,0,0,0,0,SUCCESS,0,0,warm20,,,,,,,,,,,used,,,,20260917-1737
2026-09-17 18:11:54,EHAUSM-I,SIGN,24,1,0.003000,0.000,0.016,947537,434,0,5941,5941,0,0,0,5173247,12,4475845,0,0.392672,0.000000,0.000000,14733,0,3671.54,0,0,0,0,SUCCESS,0,0,warm20,,,,,,,,,,,used,,,,20260917-1737
2026-09-17 18:11:59,EHAUSM-I,SIGN,25,1,0.003000,0.000,0.016,967022,446,0,5295,5295,0,0,0,3219191,11,2541781,0,0.406075,0.000000,0.000000,14609,0,7919.54,0,0,0,0,SUCCESS,0,0,warm20,,,,,,,,,,,used,,,,20260917-1737
2026-09-17 18:12:07,EHAUSM-I,SIGN,26,1,0.003000,0.000,0.016,990505,458,0,7709,7709,0,0,0,5154916,11,4485761,0,0.403362,0.000000,0.000000,14363,0,5629.30,0,0,0,0,SUCCESS,0,0,warm20,,,,,,,,,,,used,,,,20260917-1737
2026-09-17 18:12:14,EHAUSM-I,SIGN,27,1,0.003000,0.000,0.016,1016244,470,0,7256,7256,0,0,0,4748558,11,4098356,0,0.424087,0.000000,0.000000,13905,0,8616.00,0,0,0,0,SUCCESS,0,0,warm20,,,,,,,,,,,used,,,,20260917-1737
2026-09-17 18:12:22,EHAUSM-I,SIGN,28,1,0.003000,0.000,0.016,1047408,482,0,7708,7708,0,0,0,5911368,12,5273691,0,0.392111,0.000000,0.000000,13478,0,6887.59,0,0,0,0,SUCCESS,0,0,warm20,,,,,,,,,,,used,,,,20260917-1737
2026-09-17 18:12:31,EHAUSM-I,SIGN,29,1,0.003000,0.000,0.016,1079371,494,0,8356,8356,0,0,0,5655940,12,5032253,0,0.421803,0.000000,0.000000,13241,0,3067.01,0,0,0,0,SUCCESS,0,0,warm20,,,,,,,,,,,used,,,,20260917-1737
2026-09-17 18:12:38,EHAUSM-I,SIGN,30,1,0.003000,0.000,0.016,1110602,506,0,7133,7134,0,0,0,5198441,15,4585089,0,0.402702,0.000000,0.000000,13007,0,5973.17,0,0,0,0,SUCCESS,0,0,warm20,,,,,,,,,,,used,,,,20260917-1737
2026-09-17 18:12:45,EHAUSM-I,SIGN,31,1,0.003000,0.000,0.016,1139446,518,0,7117,7117,0,0,0,5844348,16,5242549,0,0.423745,0.000000,0.000000,12846,0,8981.16,0,0,0,0,SUCCESS,0,0,warm20,,,,,,,,,,,used,,,,20260917-1737
2026-09-17 18:12:54,EHAUSM-I,SIGN,32,1,0.003000,0.000,0.016,1169601,530,0,8888,8888,0,0,0,6613474,15,6023798,0,0.432451,0.000000,0.000000,12622,0,9044.12,0,0,0,0,SUCCESS,0,0,warm20,,,,,,,,,,,used,,,,20260917-1737
2026-09-17 18:13:01,EHAUSM-I,SIGN,33,1,0.003000,0.000,0.016,1194955,542,0,6407,6408,0,0,0,4075011,15,3498314,0,0.402811,0.000000,0.000000,12294,0,7512.00,0,0,0,0,SUCCESS,0,0,warm20,,,,,,,,,,,used,,,,20260917-1737
2026-09-17 18:13:08,EHAUSM-I,SIGN,34,1,0.003000,0.000,0.016,1225092,554,0,7337,7338,0,0,0,5294517,14,4725429,0,0.399889,0.000000,0.000000,12117,0,4053.73,0,0,0,0,SUCCESS,0,0,warm20,,,,,,,,,,,used,,,,20260917-1737
2026-09-17 18:13:20,EHAUSM-I,SIGN,35,1,0.003000,0.000,0.016,1265597,566,0,11196,11197,0,0,0,12109498,14,11514501,0,0.404227,0.000000,0.000000,12584,0,5495.11,0,0,0,0,SUCCESS,0,0,warm20,,,,,,,,,,,used,,,,20260917-1737
2026-09-17 18:13:32,EHAUSM-I,SIGN,36,1,0.003000,0.000,0.016,1300784,578,0,11648,11648,0,0,0,9194647,14,8585992,0,0.401825,0.000000,0.000000,12940,0,4391.22,0,0,0,0,SUCCESS,0,0,warm20,,,,,,,,,,,used,,,,20260917-1737
2026-09-17 18:13:41,EHAUSM-I,SIGN,37,1,0.003000,0.000,0.016,1330102,590,0,9061,9061,0,0,0,7004486,14,6399525,0,0.395956,0.000000,0.000000,12801,0,6336.00,0,0,0,0,SUCCESS,0,0,warm20,,,,,,,,,,,used,,,,20260917-1737
2026-09-17 18:13:46,EHAUSM-I,SIGN,38,1,0.003000,0.000,0.016,1352225,602,0,5372,5373,0,0,0,2748632,15,2159175,0,0.359525,0.000000,0.000000,12469,0,3401.47,0,0,0,0,SUCCESS,0,0,warm20,,,,,,,,,,,used,,,,20260917-1737
2026-09-17 18:13:57,EHAUSM-I,SIGN,39,1,0.003000,0.000,0.016,1378844,614,0,10645,10645,0,0,0,6457464,15,5870702,0,0.400371,0.000000,0.000000,12541,0,4832.56,0,0,0,0,SUCCESS,0,0,warm20,,,,,,,,,,,used,,,,20260917-1737
2026-09-17 18:14:03,EHAUSM-I,SIGN,40,1,0.003000,0.000,0.016,1404925,626,0,5745,5746,0,0,0,4185364,15,3611223,0,0.383974,0.000000,0.000000,12159,0,4672.00,0,0,0,0,SUCCESS,0,0,warm20,,,,,,,,,,,used,,,,20260917-1737
2026-09-17 18:14:13,EHAUSM-I,SIGN,41,1,0.003000,0.000,0.016,1430972,638,0,10216,10217,0,0,0,5780349,15,5206568,0,0.394825,0.000000,0.000000,12165,0,5758.49,0,0,0,0,SUCCESS,0,0,warm20,,,,,,,,,,,used,,,,20260917-1737
2026-09-17 18:14:25,EHAUSM-I,SIGN,42,1,0.003000,0.000,0.016,1466019,650,0,11607,11608,0,0,0,8197847,16,7621508,0,0.371138,0.000000,0.000000,12206,0,8544.00,0,0,0,0,SUCCESS,0,0,warm20,,,,,,,,,,,used,,,,20260917-1737
2026-09-17 18:14:31,EHAUSM-I,SIGN,43,1,0.003000,0.000,0.016,1489446,662,0,6051,6051,0,0,0,4161021,16,3594839,0,0.396523,0.000000,0.000000,12092,0,9024.00,0,0,0,0,SUCCESS,0,0,warm20,,,,,,,,,,,used,,,,20260917-1737
2026-09-17 18:14:44,EHAUSM-I,SIGN,44,1,0.003000,0.000,0.016,1520720,674,0,12017,12017,0,0,0,9053210,17,8480960,0,0.405936,0.000000,0.000000,12357,0,7811.23,0,0,0,0,SUCCESS,0,0,warm20,,,,,,,,,,,used,,,,20260917-1737
2026-09-17 18:14:56,EHAUSM-I,SIGN,45,1,0.003000,0.000,0.016,1553182,686,0,12339,12340,0,0,0,8846595,17,8268386,0,0.405505,0.000000,0.000000,12724,0,7411.23,0,0,0,0,SUCCESS,0,0,warm20,,,,,,,,,,,used,,,,20260917-1737
2026-09-17 18:15:12,EHAUSM-I,SIGN,46,1,0.003000,0.000,0.016,1586819,698,0,15039,15040,0,0,0,11455059,18,10865490,0,0.413547,0.000000,0.000000,12860,0,5400.00,0,0,0,0,SUCCESS,0,0,warm20,,,,,,,,,,,used,,,,20260917-1737
2026-09-17 18:15:25,EHAUSM-I,SIGN,47,1,0.003000,0.000,0.016,1616945,710,0,13502,13502,0,0,0,9460445,18,8860767,0,0.388468,0.000000,0.000000,12890,0,8034.18,0,0,0,0,SUCCESS,0,0,warm20,,,,,,,,,,,used,,,,20260917-1737
2026-09-17 18:15:38,EHAUSM-I,SIGN,48,1,0.003000,0.000,0.016,1649145,722,0,12124,12125,0,0,0,8167288,18,7566977,0,0.384923,0.000000,0.000000,12904,0,4268.35,0,0,0,0,SUCCESS,0,0,warm20,,,,,,,,,,,used,,,,20260917-1737
2026-09-17 18:15:44,EHAUSM-I,SIGN,49,1,0.003000,0.000,0.016,1668652,730,0,6189,6189,0,0,0,3611137,18,3017250,0,0.369785,0.000000,0.000000,12666,0,9744.00,0,0,0,0,SUCCESS,0,0,warm20,,,,,,,,,,,used,,,,20260917-1737
2026-09-17 18:16:04,EHAUSM-I,SIGN,0,2,0.003000,0.000,0.200,319686,146,3,19755,19758,0,0,0,106349081,0,104965619,0,0.455007,0.000000,0.000000,23387,0,4377.59,0,0,0,0,SUCCESS,0,0,warm20,,,,,,,,,,,used,,,,20260917-1737
2026-09-17 18:16:11,EHAUSM-I,SIGN,1,2,0.003000,0.000,0.016,345121,158,0,6725,6725,0,0,0,13672236,0,12370079,0,0.433989,0.000000,0.000000,23125,0,4807.90,0,0,0,0,SUCCESS,0,0,warm20,,,,,,,,,,,used,,,,20260917-1737
2026-09-17 18:16:19,EHAUSM-I,SIGN,2,2,0.003000,0.000,0.016,369331,170,0,6986,6987,0,0,0,11234858,0,10021586,0,0.423854,0.000000,0.000000,21958,0,5023.90,0,0,0,0,SUCCESS,0,0,warm20,,,,,,,,,,,used,,,,20260917-1737
2026-09-17 18:16:26,EHAUSM-I,SIGN,3,2,0.003000,0.000,0.016,393230,182,0,6809,6809,0,0,0,11413770,0,10279171,0,0.429439,0.000000,0.000000,21796,0,9551.90,0,0,0,0,SUCCESS,0,0,warm20,,,,,,,,,,,used,,,,20260917-1737
2026-09-17 18:16:34,EHAUSM-I,SIGN,4,2,0.003000,0.000,0.016,428453,194,0,7697,7697,0,0,0,16193696,1,15098020,0,0.431124,0.000000,0.000000,20113,0,5800.00,0,0,0,0,SUCCESS,0,0,warm20,,,,,,,,,,,used,,,,20260917-1737
2026-09-17 18:16:42,EHAUSM-I,SIGN,5,2,0.003000,0.000,0.016,456476,206,0,7697,7697,0,0,0,17934899,1,16786432,0,0.462761,0.000000,0.000000,18895,0,7953.45,0,0,0,0,SUCCESS,0,0,warm20,,,,,,,,,,,used,,,,20260917-1737
2026-09-17 18:16:48,EHAUSM-I,SIGN,6,2,0.003000,0.000,0.016,480433,218,0,6229,6229,0,0,0,9395885,1,8322654,0,0.445152,0.000000,0.000000,18295,0,9680.00,0,0,0,0,SUCCESS,0,0,warm20,,,,,,,,,,,used,,,,20260917-1737
2026-09-17 18:16:56,EHAUSM-I,SIGN,7,2,0.003000,0.000,0.016,507190,230,0,8128,8128,0,0,0,12605960,2,11563082,0,0.447304,0.000000,0.000000,18586,0,9424.00,0,0,0,0,SUCCESS,0,0,warm20,,,,,,,,,,,used,,,,20260917-1737
2026-09-17 18:17:10,EHAUSM-I,SIGN,8,2,0.003000,0.000,0.016,536314,242,0,12870,12871,0,0,0,22473012,2,21373028,0,0.429372,0.000000,0.000000,20004,0,6392.00,0,0,0,0,SUCCESS,0,0,warm20,,,,,,,,,,,used,,,,20260917-1737
2026-09-17 18:17:15,EHAUSM-I,SIGN,9,2,0.003000,0.000,0.016,556990,254,0,5607,5607,0,0,0,6285213,2,5251987,0,0.408803,0.000000,0.000000,18960,0,4287.66,0,0,0,0,SUCCESS,0,0,warm20,,,,,,,,,,,used,,,,20260917-1737
2026-09-17 18:17:26,EHAUSM-I,SIGN,10,2,0.003000,0.000,0.016,587283,266,0,10550,10550,0,0,0,16123617,2,15063033,0,0.369778,0.000000,0.000000,18422,0,4848.00,0,0,0,0,SUCCESS,0,0,warm20,,,,,,,,,,,used,,,,20260917-1737
2026-09-17 18:17:36,EHAUSM-I,SIGN,11,2,0.003000,0.000,0.016,613134,278,0,9390,9390,0,0,0,10324123,1,9294367,0,0.417030,0.000000,0.000000,18187,0,4338.33,0,0,0,0,SUCCESS,0,0,warm20,,,,,,,,,,,used,,,,20260917-1737
2026-09-17 18:17:40,EHAUSM-I,SIGN,12,2,0.003000,0.000,0.016,639272,290,0,4022,4022,0,0,0,4427233,2,3480283,0,0.376479,0.000000,0.000000,17307,0,9184.72,0,0,0,0,SUCCESS,0,0,warm20,,,,,,,,,,,used,,,,20260917-1737
2026-09-17 18:17:48,EHAUSM-I,SIGN,13,2,0.003000,0.000,0.016,661807,302,0,8101,8101,0,0,0,8116640,5,7194609,0,0.395085,0.000000,0.000000,16997,0,4146.65,0,0,0,0,SUCCESS,0,0,warm20,,,,,,,,,,,used,,,,20260917-1737
2026-09-17 18:17:54,EHAUSM-I,SIGN,14,2,0.003000,0.000,0.016,682126,314,0,5997,5997,0,0,0,5032468,6,4151238,0,0.416966,0.000000,0.000000,16420,0,7111.42,0,0,0,0,SUCCESS,0,0,warm20,,,,,,,,,,,used,,,,20260917-1737
2026-09-17 18:18:04,EHAUSM-I,SIGN,15,2,0.003000,0.000,0.016,707653,326,0,9627,9627,0,0,0,11054853,6,10179180,0,0.414776,0.000000,0.000000,16464,0,7079.54,0,0,0,0,SUCCESS,0,0,warm20,,,,,,,,,,,used,,,,20260917-1737
2026-09-17 18:18:11,EHAUSM-I,SIGN,16,2,0.003000,0.000,0.016,730705,338,0,6717,6717,0,0,0,5179894,6,4345311,0,0.390850,0.000000,0.000000,15828,0,4359.54,0,0,0,0,SUCCESS,0,0,warm20,,,,,,,,,,,used,,,,20260917-1737
2026-09-17 18:18:22,EHAUSM-I,SIGN,17,2,0.003000,0.000,0.016,756980,350,0,10117,10117,0,0,0,10135625,8,9314010,0,0.443842,0.000000,0.000000,16743,0,4908.44,0,0,0,0,SUCCESS,0,0,warm20,,,,,,,,,,,used,,,,20260917-1737
2026-09-17 18:18:29,EHAUSM-I,SIGN,18,2,0.003000,0.000,0.016,777786,362,0,7700,7701,0,0,0,6128095,10,5330285,0,0.430550,0.000000,0.000000,16692,0,3976.00,0,0,0,0,SUCCESS,0,0,warm20,,,,,,,,,,,used,,,,20260917-1737
2026-09-17 18:18:39,EHAUSM-I,SIGN,19,2,0.003000,0.000,0.016,803248,374,0,9717,9718,0,0,0,8983809,9,8195843,0,0.427585,0.000000,0.000000,16821,0,8241.62,0,0,0,0,SUCCESS,0,0,warm20,,,,,,,,,,,used,,,,20260917-1737
2026-09-17 18:18:49,EHAUSM-I,SIGN,20,2,0.003000,0.000,0.016,828605,386,0,9153,9153,0,0,0,7243948,10,6468813,0,0.417828,0.000000,0.000000,16796,0,4760.00,0,0,0,0,SUCCESS,0,0,warm20,,,,,,,,,,,used,,,,20260917-1737
2026-09-17 18:18:59,EHAUSM-I,SIGN,21,2,0.003000,0.000,0.016,851890,398,0,9978,9978,0,0,0,7712072,10,6948431,0,0.427529,0.000000,0.000000,17093,0,3446.31,0,0,0,0,SUCCESS,0,0,warm20,,,,,,,,,,,used,,,,20260917-1737
2026-09-17 18:19:08,EHAUSM-I,SIGN,22,2,0.003000,0.000,0.016,884460,410,0,8900,8901,0,0,0,8584699,12,7832764,0,0.400427,0.000000,0.000000,16490,0,6224.00,0,0,0,0,SUCCESS,0,0,warm20,,,,,,,,,,,used,,,,20260917-1737
2026-09-17 18:19:15,EHAUSM-I,SIGN,23,2,0.003000,0.000,0.016,916886,422,0,6353,6353,0,0,0,6492576,13,5769617,0,0.390869,0.000000,0.000000,15488,0,8819.14,0,0,0,0,SUCCESS,0,0,warm20,,,,,,,,,,,used,,,,20260917-1737
2026-09-17 18:19:21,EHAUSM-I,SIGN,24,2,0.003000,0.000,0.016,947537,434,0,5958,5958,0,0,0,5173247,12,4475845,0,0.392672,0.000000,0.000000,14733,0,2808.00,0,0,0,0,SUCCESS,0,0,warm20,,,,,,,,,,,used,,,,20260917-1737
2026-09-17 18:19:26,EHAUSM-I,SIGN,25,2,0.003000,0.000,0.016,967022,446,0,5303,5303,0,0,0,3219191,11,2541781,0,0.406075,0.000000,0.000000,14609,0,7684.90,0,0,0,0,SUCCESS,0,0,warm20,,,,,,,,,,,used,,,,20260917-1737
2026-09-17 18:19:34,EHAUSM-I,SIGN,26,2,0.003000,0.000,0.016,990505,458,0,7722,7722,0,0,0,5154916,11,4485761,0,0.403362,0.000000,0.000000,14363,0,6807.01,0,0,0,0,SUCCESS,0,0,warm20,,,,,,,,,,,used,,,,20260917-1737
2026-09-17 18:19:41,EHAUSM-I,SIGN,27,2,0.003000,0.000,0.016,1016244,470,0,7273,7273,0,0,0,4748558,11,4098356,0,0.424087,0.000000,0.000000,13905,0,5080.00,0,0,0,0,SUCCESS,0,0,warm20,,,,,,,,,,,used,,,,20260917-1737
2026-09-17 18:19:49,EHAUSM-I,SIGN,28,2,0.003000,0.000,0.016,1047408,482,0,7705,7706,0,0,0,5911368,12,5273691,0,0.392111,0.000000,0.000000,13478,0,7699.75,0,0,0,0,SUCCESS,0,0,warm20,,,,,,,,,,,used,,,,20260917-1737
2026-09-17 18:19:58,EHAUSM-I,SIGN,29,2,0.003000,0.000,0.016,1079371,494,0,8355,8355,0,0,0,5655940,12,5032253,0,0.421803,0.000000,0.000000,13241,0,8520.74,0,0,0,0,SUCCESS,0,0,warm20,,,,,,,,,,,used,,,,20260917-1737
2026-09-17 18:20:05,EHAUSM-I,SIGN,30,2,0.003000,0.000,0.016,1110602,506,0,7156,7156,0,0,0,5198441,15,4585089,0,0.402702,0.000000,0.000000,13007,0,7626.87,0,0,0,0,SUCCESS,0,0,warm20,,,,,,,,,,,used,,,,20260917-1737
2026-09-17 18:20:12,EHAUSM-I,SIGN,31,2,0.003000,0.000,0.016,1139446,518,0,7121,7121,0,0,0,5844348,16,5242549,0,0.423745,0.000000,0.000000,12846,0,4012.26,0,0,0,0,SUCCESS,0,0,warm20,,,,,,,,,,,used,,,,20260917-1737
2026-09-17 18:20:21,EHAUSM-I,SIGN,32,2,0.003000,0.000,0.016,1169601,530,0,8868,8868,0,0,0,6613474,15,6023798,0,0.432451,0.000000,0.000000,12622,0,5997.43,0,0,0,0,SUCCESS,0,0,warm20,,,,,,,,,,,used,,,,20260917-1737
2026-09-17 18:20:28,EHAUSM-I,SIGN,33,2,0.003000,0.000,0.016,1194955,542,0,6411,6411,0,0,0,4075011,15,3498314,0,0.402811,0.000000,0.000000,12294,0,7256.96,0,0,0,0,SUCCESS,0,0,warm20,,,,,,,,,,,used,,,,20260917-1737
2026-09-17 18:20:35,EHAUSM-I,SIGN,34,2,0.003000,0.000,0.016,1225092,554,0,7334,7335,0,0,0,5294517,14,4725429,0,0.399889,0.000000,0.000000,12117,0,2848.00,0,0,0,0,SUCCESS,0,0,warm20,,,,,,,,,,,used,,,,20260917-1737
2026-09-17 18:20:47,EHAUSM-I,SIGN,35,2,0.003000,0.000,0.016,1265597,566,0,11169,11169,0,0,0,12109498,14,11514501,0,0.404227,0.000000,0.000000,12584,0,6731.10,0,0,0,0,SUCCESS,0,0,warm20,,,,,,,,,,,used,,,,20260917-1737
2026-09-17 18:20:59,EHAUSM-I,SIGN,36,2,0.003000,0.000,0.016,1300784,578,0,11668,11668,0,0,0,9194647,14,8585992,0,0.401825,0.000000,0.000000,12940,0,2406.83,0,0,0,0,SUCCESS,0,0,warm20,,,,,,,,,,,used,,,,20260917-1737
2026-09-17 18:21:08,EHAUSM-I,SIGN,37,2,0.003000,0.000,0.016,1330102,590,0,9044,9045,0,0,0,7004486,14,6399525,0,0.395956,0.000000,0.000000,12801,0,5280.00,0,0,0,0,SUCCESS,0,0,warm20,,,,,,,,,,,used,,,,20260917-1737
2026-09-17 18:21:13,EHAUSM-I,SIGN,38,2,0.003000,0.000,0.016,1352225,602,0,5382,5382,0,0,0,2748632,15,2159175,0,0.359525,0.000000,0.000000,12469,0,5356.87,0,0,0,0,SUCCESS,0,0,warm20,,,,,,,,,,,used,,,,20260917-1737
2026-09-17 18:21:24,EHAUSM-I,SIGN,39,2,0.003000,0.000,0.016,1378844,614,0,10646,10646,0,0,0,6457464,15,5870702,0,0.400371,0.000000,0.000000,12541,0,7395.48,0,0,0,0,SUCCESS,0,0,warm20,,,,,,,,,,,used,,,,20260917-1737
2026-09-17 18:21:30,EHAUSM-I,SIGN,40,2,0.003000,0.000,0.016,1404925,626,0,5742,5742,0,0,0,4185364,15,3611223,0,0.383974,0.000000,0.000000,12159,0,7967.85,0,0,0,0,SUCCESS,0,0,warm20,,,,,,,,,,,used,,,,20260917-1737
2026-09-17 18:21:40,EHAUSM-I,SIGN,41,2,0.003000,0.000,0.016,1430972,638,0,10215,10215,0,0,0,5780349,15,5206568,0,0.394825,0.000000,0.000000,12165,0,5693.95,0,0,0,0,SUCCESS,0,0,warm20,,,,,,,,,,,used,,,,20260917-1737
2026-09-17 18:21:52,EHAUSM-I,SIGN,42,2,0.003000,0.000,0.016,1466019,650,0,11602,11602,0,0,0,8197847,16,7621508,0,0.371138,0.000000,0.000000,12206,0,5765.95,0,0,0,0,SUCCESS,0,0,warm20,,,,,,,,,,,used,,,,20260917-1737
2026-09-17 18:21:58,EHAUSM-I,SIGN,43,2,0.003000,0.000,0.016,1489446,662,0,6062,6063,0,0,0,4161021,16,3594839,0,0.396523,0.000000,0.000000,12092,0,7061.95,0,0,0,0,SUCCESS,0,0,warm20,,,,,,,,,,,used,,,,20260917-1737
2026-09-17 18:22:10,EHAUSM-I,SIGN,44,2,0.003000,0.000,0.016,1520720,674,0,11945,11945,0,0,0,9053210,17,8480960,0,0.405936,0.000000,0.000000,12357,0,7364.58,0,0,0,0,SUCCESS,0,0,warm20,,,,,,,,,,,used,,,,20260917-1737
2026-09-17 18:22:23,EHAUSM-I,SIGN,45,2,0.003000,0.000,0.016,1553182,686,0,12324,12324,0,0,0,8846595,17,8268386,0,0.405505,0.000000,0.000000,12724,0,2920.00,0,0,0,0,SUCCESS,0,0,warm20,,,,,,,,,,,used,,,,20260917-1737
2026-09-17 18:22:38,EHAUSM-I,SIGN,46,2,0.003000,0.000,0.016,1586819,698,0,15022,15022,0,0,0,11455059,18,10865490,0,0.413547,0.000000,0.000000,12860,0,5920.00,0,0,0,0,SUCCESS,0,0,warm20,,,,,,,,,,,used,,,,20260917-1737
2026-09-17 18:22:52,EHAUSM-I,SIGN,47,2,0.003000,0.000,0.016,1616945,710,0,13484,13484,0,0,0,9460445,18,8860767,0,0.388468,0.000000,0.000000,12890,0,3936.00,0,0,0,0,SUCCESS,0,0,warm20,,,,,,,,,,,used,,,,20260917-1737
2026-09-17 18:23:04,EHAUSM-I,SIGN,48,2,0.003000,0.000,0.016,1649145,722,0,12100,12100,0,0,0,8167288,18,7566977,0,0.384923,0.000000,0.000000,12904,0,3262.34,0,0,0,0,SUCCESS,0,0,warm20,,,,,,,,,,,used,,,,20260917-1737
2026-09-17 18:23:11,EHAUSM-I,SIGN,49,2,0.003000,0.000,0.016,1668652,730,0,6186,6186,0,0,0,3611137,18,3017250,0,0.369785,0.000000,0.000000,12666,0,4280.00,0,0,0,0,SUCCESS,0,0,warm20,,,,,,,,,,,used,,,,20260917-1737
2026-09-17 18:23:31,EHAUSM-I,SIGN,0,0,0.003000,0.000,0.200,319686,146,2,19765,19767,0,0,0,106349081,0,104965619,0,0.455007,0.000000,0.000000,23387,0,4395.15,0,0,0,0,SUCCESS,0,0,warm20,,,,,,,,,,,used,,,,20260917-1737
2026-09-17 18:23:36,EHAUSM-I,SIGN,1,0,0.003000,0.000,0.008,334092,152,0,4862,4863,0,0,0,10288822,0,8936539,0,0.435039,0.000000,0.000000,23347,0,2620.53,0,0,0,0,SUCCESS,0,0,warm20,,,,,,,,,,,used,,,,20260917-1737
2026-09-17 18:23:40,EHAUSM-I,SIGN,2,0,0.003000,0.000,0.008,345121,158,0,3548,3548,0,0,0,5443189,0,4141032,0,0.377264,0.000000,0.000000,23125,0,6564.85,0,0,0,0,SUCCESS,0,0,warm20,,,,,,,,,,,used,,,,20260917-1737
2026-09-17 18:23:46,EHAUSM-I,SIGN,3,0,0.003000,0.000,0.008,358047,164,0,5611,5611,0,0,0,9573676,0,8288212,0,0.413652,0.000000,0.000000,22486,0,6942.77,0,0,0,0,SUCCESS,0,0,warm20,,,,,,,,,,,used,,,,20260917-1737
2026-09-17 18:23:49,EHAUSM-I,SIGN,4,0,0.003000,0.000,0.008,369331,170,0,3012,3013,0,0,0,3569403,0,2356131,0,0.384754,0.000000,0.000000,21958,0,10366.77,0,0,0,0,SUCCESS,0,0,warm20,,,,,,,,,,,used,,,,20260917-1737
2026-09-17 18:23:54,EHAUSM-I,SIGN,5,0,0.003000,0.000,0.008,383289,176,0,5350,5350,0,0,0,8922941,0,7741615,0,0.391145,0.000000,0.000000,21751,0,9971.36,0,0,0,0,SUCCESS,0,0,warm20,,,,,,,,,,,used,,,,20260917-1737
2026-09-17 18:23:58,EHAUSM-I,SIGN,6,0,0.003000,0.000,0.008,393230,182,0,3402,3402,0,0,0,4240412,0,3105813,0,0.453021,0.000000,0.000000,21796,0,4696.00,0,0,0,0,SUCCESS,0,0,warm20,,,,,,,,,,,used,,,,20260917-1737
2026-09-17 18:24:01,EHAUSM-I,SIGN,7,0,0.003000,0.000,0.008,408594,188,0,3333,3333,0,0,0,5568099,0,4498255,0,0.415693,0.000000,0.000000,20533,0,7680.00,0,0,0,0,SUCCESS,0,0,warm20,,,,,,,,,,,used,,,,20260917-1737
2026-09-17 18:24:07,EHAUSM-I,SIGN,8,0,0.003000,0.000,0.008,428453,194,0,6106,6106,0,0,0,12107367,1,11011691,0,0.414736,0.000000,0.000000,20113,0,12592.00,0,0,0,0,SUCCESS,0,0,warm20,,,,,,,,,,,used,,,,20260917-1737
2026-09-17 18:24:15,EHAUSM-I,SIGN,9,0,0.003000,0.000,0.008,446004,200,0,6838,6838,0,0,0,17236631,1,16029097,0,0.457766,0.000000,0.000000,19376,0,6288.00,0,0,0,0,SUCCESS,0,0,warm20,,,,,,,,,,,used,,,,20260917-1737
2026-09-17 18:24:17,EHAUSM-I,SIGN,10,0,0.003000,0.000,0.008,456476,206,0,2114,2114,0,0,0,2949555,1,1801088,0,0.403057,0.000000,0.000000,18895,0,12264.00,0,0,0,0,SUCCESS,0,0,warm20,,,,,,,,,,,used,,,,20260917-1737
2026-09-17 18:24:18,EHAUSM-I,SIGN,11,0,0.003000,0.000,0.008,466138,212,0,1701,1701,0,0,0,2560673,1,1464958,0,0.362251,0.000000,0.000000,18242,0,7955.71,0,0,0,0,SUCCESS,0,0,warm20,,,,,,,,,,,used,,,,20260917-1737
2026-09-17 18:24:24,EHAUSM-I,SIGN,12,0,0.003000,0.000,0.008,480433,218,0,5620,5620,0,0,0,8161881,1,7088650,0,0.440303,0.000000,0.000000,18295,0,7000.00,0,0,0,0,SUCCESS,0,0,warm20,,,,,,,,,,,used,,,,20260917-1737
2026-09-17 18:24:31,EHAUSM-I,SIGN,13,0,0.003000,0.000,0.008,496413,224,0,6758,6759,0,0,0,9894296,2,8823550,0,0.441975,0.000000,0.000000,19145,0,11488.00,0,0,0,0,SUCCESS,0,0,warm20,,,,,,,,,,,used,,,,20260917-1737
2026-09-17 18:24:35,EHAUSM-I,SIGN,14,0,0.003000,0.000,0.008,507190,230,0,3576,3576,0,0,0,4360329,2,3317451,0,0.403596,0.000000,0.000000,18586,0,5808.00,0,0,0,0,SUCCESS,0,0,warm20,,,,,,,,,,,used,,,,20260917-1737
2026-09-17 18:24:43,EHAUSM-I,SIGN,15,0,0.003000,0.000,0.008,518654,236,0,8292,8293,0,0,0,11521523,2,10454205,0,0.433380,0.000000,0.000000,19660,0,13360.00,0,0,0,0,SUCCESS,0,0,warm20,,,,,,,,,,,used,,,,20260917-1737
2026-09-17 18:24:53,EHAUSM-I,SIGN,16,0,0.003000,0.000,0.008,536314,242,0,9495,9495,0,0,0,13875828,2,12775844,0,0.410167,0.000000,0.000000,20004,0,7736.00,0,0,0,0,SUCCESS,0,0,warm20,,,,,,,,,,,used,,,,20260917-1737
2026-09-17 18:24:55,EHAUSM-I,SIGN,17,0,0.003000,0.000,0.008,544548,248,0,1890,1890,0,0,0,2486702,2,1421976,0,0.378039,0.000000,0.000000,19532,0,5040.00,0,0,0,0,SUCCESS,0,0,warm20,,,,,,,,,,,used,,,,20260917-1737
2026-09-17 18:25:00,EHAUSM-I,SIGN,18,0,0.003000,0.000,0.008,556990,254,0,4496,4496,0,0,0,4978911,2,3945685,0,0.387466,0.000000,0.000000,18960,0,8872.00,0,0,0,0,SUCCESS,0,0,warm20,,,,,,,,,,,used,,,,20260917-1737
2026-09-17 18:25:06,EHAUSM-I,SIGN,19,0,0.003000,0.000,0.008,569490,260,0,6206,6206,0,0,0,6193410,2,5169635,0,0.379130,0.000000,0.000000,18933,0,6615.27,0,0,0,0,SUCCESS,0,0,warm20,,,,,,,,,,,used,,,,20260917-1737
2026-09-17 18:25:13,EHAUSM-I,SIGN,20,0,0.003000,0.000,0.008,587283,266,0,7036,7036,0,0,0,11526897,2,10466313,0,0.354344,0.000000,0.000000,18422,0,9816.00,0,0,0,0,SUCCESS,0,0,warm20,,,,,,,,,,,used,,,,20260917-1737
2026-09-17 18:25:19,EHAUSM-I,SIGN,21,0,0.003000,0.000,0.008,601918,272,0,5582,5583,0,0,0,6070721,1,5025904,0,0.386103,0.000000,0.000000,18161,0,9392.00,0,0,0,0,SUCCESS,0,0,warm20,,,,,,,,,,,used,,,,20260917-1737
2026-09-17 18:25:25,EHAUSM-I,SIGN,22,0,0.003000,0.000,0.008,613134,278,0,6357,6357,0,0,0,5767452,1,4737696,0,0.413097,0.000000,0.000000,18187,0,10392.00,0,0,0,0,SUCCESS,0,0,warm20,,,,,,,,,,,used,,,,20260917-1737
2026-09-17 18:25:27,EHAUSM-I,SIGN,23,0,0.003000,0.000,0.008,625156,284,0,1659,1659,0,0,0,1845814,2,862359,0,0.310437,0.000000,0.000000,17486,0,6840.00,0,0,0,0,SUCCESS,0,0,warm20,,,,,,,,,,,used,,,,20260917-1737
2026-09-17 18:25:30,EHAUSM-I,SIGN,24,0,0.003000,0.000,0.008,639272,290,0,3196,3196,0,0,0,3636397,2,2689447,0,0.369529,0.000000,0.000000,17307,0,7381.67,0,0,0,0,SUCCESS,0,0,warm20,,,,,,,,,,,used,,,,20260917-1737
2026-09-17 18:25:36,EHAUSM-I,SIGN,25,0,0.003000,0.000,0.008,650468,296,0,5716,5716,0,0,0,5171306,3,4238241,0,0.390664,0.000000,0.000000,17338,0,5824.00,0,0,0,0,SUCCESS,0,0,warm20,,,,,,,,,,,used,,,,20260917-1737
2026-09-17 18:25:41,EHAUSM-I,SIGN,26,0,0.003000,0.000,0.008,661807,302,0,4480,4480,0,0,0,4170307,5,3248276,0,0.362434,0.000000,0.000000,16997,0,8453.58,0,0,0,0,SUCCESS,0,0,warm20,,,,,,,,,,,used,,,,20260917-1737
2026-09-17 18:25:43,EHAUSM-I,SIGN,27,0,0.003000,0.000,0.008,671849,308,0,2164,2165,0,0,0,2100289,6,1205130,0,0.340752,0.000000,0.000000,16446,0,4156.74,0,0,0,0,SUCCESS,0,0,warm20,,,,,,,,,,,used,,,,20260917-1737
2026-09-17 18:25:48,EHAUSM-I,SIGN,28,0,0.003000,0.000,0.008,682126,314,0,4846,4846,0,0,0,3927330,6,3046100,0,0.412920,0.000000,0.000000,16420,0,6019.61,0,0,0,0,SUCCESS,0,0,warm20,,,,,,,,,,,used,,,,20260917-1737
2026-09-17 18:25:56,EHAUSM-I,SIGN,29,0,0.003000,0.000,0.008,695776,320,0,7841,7841,0,0,0,8917924,6,8023690,0,0.413240,0.000000,0.000000,16853,0,9373.00,0,0,0,0,SUCCESS,0,0,warm20,,,,,,,,,,,used,,,,20260917-1737
2026-09-17 18:26:00,EHAUSM-I,SIGN,30,0,0.003000,0.000,0.008,707653,326,0,4084,4084,0,0,0,3547772,6,2672099,0,0.372790,0.000000,0.000000,16464,0,3960.00,0,0,0,0,SUCCESS,0,0,warm20,,,,,,,,,,,used,,,,20260917-1737
2026-09-17 18:26:02,EHAUSM-I,SIGN,31,0,0.003000,0.000,0.008,720279,332,0,2163,2163,0,0,0,2472630,6,1624330,0,0.344999,0.000000,0.000000,15898,0,9312.00,0,0,0,0,SUCCESS,0,0,warm20,,,,,,,,,,,used,,,,20260917-1737
2026-09-17 18:26:08,EHAUSM-I,SIGN,32,0,0.003000,0.000,0.008,730705,338,0,5421,5421,0,0,0,3679603,6,2845020,0,0.383583,0.000000,0.000000,15828,0,5728.00,0,0,0,0,SUCCESS,0,0,warm20,,,,,,,,,,,used,,,,20260917-1737
2026-09-17 18:26:14,EHAUSM-I,SIGN,33,0,0.003000,0.000,0.008,744420,344,0,6305,6305,0,0,0,5401415,8,4577867,0,0.456428,0.000000,0.000000,16554,0,12005.44,0,0,0,0,SUCCESS,0,0,warm20,,,,,,,,,,,used,,,,20260917-1737
2026-09-17 18:26:22,EHAUSM-I,SIGN,34,0,0.003000,0.000,0.008,756980,350,0,7632,7632,0,0,0,6252693,8,5431078,0,0.405462,0.000000,0.000000,16743,0,3929.99,0,0,0,0,SUCCESS,0,0,warm20,,,,,,,,,,,used,,,,20260917-1737
2026-09-17 18:26:27,EHAUSM-I,SIGN,35,0,0.003000,0.000,0.008,768219,356,0,4776,4776,0,0,0,3587094,8,2780917,0,0.404282,0.000000,0.000000,16721,0,4816.70,0,0,0,0,SUCCESS,0,0,warm20,,,,,,,,,,,used,,,,20260917-1737
2026-09-17 18:26:32,EHAUSM-I,SIGN,36,0,0.003000,0.000,0.008,777786,362,0,5482,5482,0,0,0,3690865,10,2893055,0,0.421007,0.000000,0.000000,16692,0,8005.15,0,0,0,0,SUCCESS,0,0,warm20,,,,,,,,,,,used,,,,20260917-1737
2026-09-17 18:26:40,EHAUSM-I,SIGN,37,0,0.003000,0.000,0.008,790994,368,0,7741,7742,0,0,0,6756965,10,5955887,0,0.416154,0.000000,0.000000,16986,0,10719.17,0,0,0,0,SUCCESS,0,0,warm20,,,,,,,,,,,used,,,,20260917-1737
2026-09-17 18:26:45,EHAUSM-I,SIGN,38,0,0.003000,0.000,0.008,803248,374,0,5104,5104,0,0,0,3565935,9,2777969,0,0.408027,0.000000,0.000000,16821,0,6086.39,0,0,0,0,SUCCESS,0,0,warm20,,,,,,,,,,,used,,,,20260917-1737
2026-09-17 18:26:51,EHAUSM-I,SIGN,39,0,0.003000,0.000,0.008,817420,380,0,5738,5738,0,0,0,4331129,9,3552919,0,0.409584,0.000000,0.000000,16757,0,10686.39,0,0,0,0,SUCCESS,0,0,warm20,,,,,,,,,,,used,,,,20260917-1737
2026-09-17 18:26:58,EHAUSM-I,SIGN,40,0,0.003000,0.000,0.008,828605,386,0,6170,6170,0,0,0,4090810,10,3315675,0,0.395392,0.000000,0.000000,16796,0,8974.39,0,0,0,0,SUCCESS,0,0,warm20,,,,,,,,,,,used,,,,20260917-1737
2026-09-17 18:27:04,EHAUSM-I,SIGN,41,0,0.003000,0.000,0.008,840915,392,0,6758,6758,0,0,0,4938308,10,4169592,0,0.405874,0.000000,0.000000,16767,0,8565.04,0,0,0,0,SUCCESS,0,0,warm20,,,,,,,,,,,used,,,,20260917-1737
2026-09-17 18:27:11,EHAUSM-I,SIGN,42,0,0.003000,0.000,0.008,851890,398,0,6445,6445,0,0,0,4071843,10,3308202,0,0.418596,0.000000,0.000000,17093,0,4669.00,0,0,0,0,SUCCESS,0,0,warm20,,,,,,,,,,,used,,,,20260917-1737
2026-09-17 18:27:18,EHAUSM-I,SIGN,43,0,0.003000,0.000,0.008,867106,404,0,6443,6443,0,0,0,5170234,9,4411323,0,0.395902,0.000000,0.000000,16906,0,9488.00,0,0,0,0,SUCCESS,0,0,warm20,,,,,,,,,,,used,,,,20260917-1737
2026-09-17 18:27:23,EHAUSM-I,SIGN,44,0,0.003000,0.000,0.008,884460,410,0,5334,5335,0,0,0,4628915,12,3876980,0,0.383507,0.000000,0.000000,16490,0,5069.09,0,0,0,0,SUCCESS,0,0,warm20,,,,,,,,,,,used,,,,20260917-1737
2026-09-17 18:27:27,EHAUSM-I,SIGN,45,0,0.003000,0.000,0.008,901027,416,0,3656,3656,0,0,0,3269866,13,2535986,0,0.348284,0.000000,0.000000,15893,0,5462.61,0,0,0,0,SUCCESS,0,0,warm20,,,,,,,,,,,used,,,,20260917-1737
2026-09-17 18:27:31,EHAUSM-I,SIGN,46,0,0.003000,0.000,0.008,916886,422,0,4505,4505,0,0,0,4297782,13,3574823,0,0.395263,0.000000,0.000000,15488,0,7933.34,0,0,0,0,SUCCESS,0,0,warm20,,,,,,,,,,,used,,,,20260917-1737
2026-09-17 18:27:35,EHAUSM-I,SIGN,47,0,0.003000,0.000,0.008,933116,428,0,3541,3542,0,0,0,2952826,12,2243760,0,0.368645,0.000000,0.000000,15117,0,7901.60,0,0,0,0,SUCCESS,0,0,warm20,,,,,,,,,,,used,,,,20260917-1737
2026-09-17 18:27:39,EHAUSM-I,SIGN,48,0,0.003000,0.000,0.008,947537,434,0,3752,3753,0,0,0,3105594,12,2408192,0,0.375614,0.000000,0.000000,14733,0,8397.26,0,0,0,0,SUCCESS,0,0,warm20,,,,,,,,,,,used,,,,20260917-1737
2026-09-17 18:27:42,EHAUSM-I,SIGN,49,0,0.003000,0.000,0.008,957204,440,0,3020,3020,0,0,0,1688257,12,1003505,0,0.357825,0.000000,0.000000,14599,0,6452.46,0,0,0,0,SUCCESS,0,0,warm20,,,,,,,,,,,used,,,,20260917-1737
2026-09-17 18:27:46,EHAUSM-I,SIGN,50,0,0.003000,0.000,0.008,967022,446,0,3785,3785,0,0,0,2330194,11,1652784,0,0.390908,0.000000,0.000000,14609,0,6092.46,0,0,0,0,SUCCESS,0,0,warm20,,,,,,,,,,,used,,,,20260917-1737
2026-09-17 18:27:52,EHAUSM-I,SIGN,51,0,0.003000,0.000,0.008,979636,452,0,6034,6034,0,0,0,3988063,11,3308579,0,0.390625,0.000000,0.000000,14554,0,10749.95,0,0,0,0,SUCCESS,0,0,warm20,,,,,,,,,,,used,,,,20260917-1737
2026-09-17 18:27:56,EHAUSM-I,SIGN,52,0,0.003000,0.000,0.008,990505,458,0,3777,3778,0,0,0,2097785,11,1428630,0,0.371789,0.000000,0.000000,14363,0,10534.61,0,0,0,0,SUCCESS,0,0,warm20,,,,,,,,,,,used,,,,20260917-1737
2026-09-17 18:27:57,EHAUSM-I,SIGN,53,0,0.003000,0.000,0.008,1001386,464,0,1615,1615,0,0,0,1177616,11,523640,0,0.327033,0.000000,0.000000,14056,0,6038.61,0,0,0,0,SUCCESS,0,0,warm20,,,,,,,,,,,used,,,,20260917-1737
2026-09-17 18:28:04,EHAUSM-I,SIGN,54,0,0.003000,0.000,0.008,1016244,470,0,6542,6542,0,0,0,4283695,11,3633493,0,0.420723,0.000000,0.000000,13905,0,11206.61,0,0,0,0,SUCCESS,0,0,warm20,,,,,,,,,,,used,,,,20260917-1737
2026-09-17 18:28:09,EHAUSM-I,SIGN,55,0,0.003000,0.000,0.008,1027129,476,0,4765,4765,0,0,0,2472198,13,1827686,0,0.386123,0.000000,0.000000,13871,0,11355.91,0,0,0,0,SUCCESS,0,0,warm20,,,,,,,,,,,used,,,,20260917-1737
2026-09-17 18:28:14,EHAUSM-I,SIGN,56,0,0.003000,0.000,0.008,1047408,482,0,5046,5046,0,0,0,4266067,12,3628390,0,0.372336,0.000000,0.000000,13478,0,4552.00,0,0,0,0,SUCCESS,0,0,warm20,,,,,,,,,,,used,,,,20260917-1737
2026-09-17 18:28:19,EHAUSM-I,SIGN,57,0,0.003000,0.000,0.008,1060421,488,0,5641,5642,0,0,0,2834726,12,2203775,0,0.390365,0.000000,0.000000,13277,0,7910.31,0,0,0,0,SUCCESS,0,0,warm20,,,,,,,,,,,used,,,,20260917-1737
2026-09-17 18:28:25,EHAUSM-I,SIGN,58,0,0.003000,0.000,0.008,1079371,494,0,5125,5125,0,0,0,3773211,12,3149524,0,0.416606,0.000000,0.000000,13241,0,10523.07,0,0,0,0,SUCCESS,0,0,warm20,,,,,,,,,,,used,,,,20260917-1737
2026-09-17 18:28:29,EHAUSM-I,SIGN,59,0,0.003000,0.000,0.008,1096747,500,0,4235,4235,0,0,0,3301755,13,2680853,0,0.384372,0.000000,0.000000,13167,0,4488.00,0,0,0,0,SUCCESS,0,0,warm20,,,,,,,,,,,used,,,,20260917-1737
2026-09-17 18:28:34,EHAUSM-I,SIGN,60,0,0.003000,0.000,0.008,1110602,506,0,4596,4596,0,0,0,2726829,15,2113477,0,0.379886,0.000000,0.000000,13007,0,6016.00,0,0,0,0,SUCCESS,0,0,warm20,,,,,,,,,,,used,,,,20260917-1737
2026-09-17 18:28:38,EHAUSM-I,SIGN,61,0,0.003000,0.000,0.008,1124744,512,0,4247,4247,0,0,0,2784971,17,2179791,0,0.400047,0.000000,0.000000,12882,0,6696.00,0,0,0,0,SUCCESS,0,0,warm20,,,,,,,,,,,used,,,,20260917-1737
2026-09-17 18:28:43,EHAUSM-I,SIGN,62,0,0.003000,0.000,0.008,1139446,518,0,5014,5014,0,0,0,3975996,16,3374197,0,0.413489,0.000000,0.000000,12846,0,9536.00,0,0,0,0,SUCCESS,0,0,warm20,,,,,,,,,,,used,,,,20260917-1737
2026-09-17 18:28:50,EHAUSM-I,SIGN,63,0,0.003000,0.000,0.008,1156811,524,0,6602,6602,0,0,0,4378528,14,3783839,0,0.420085,0.000000,0.000000,12821,0,7232.00,0,0,0,0,SUCCESS,0,0,warm20,,,,,,,,,,,used,,,,20260917-1737
2026-09-17 18:28:55,EHAUSM-I,SIGN,64,0,0.003000,0.000,0.008,1169601,530,0,4774,4775,0,0,0,3138449,15,2548773,0,0.412193,0.000000,0.000000,12622,0,9189.36,0,0,0,0,SUCCESS,0,0,warm20,,,,,,,,,,,used,,,,20260917-1737
2026-09-17 18:28:59,EHAUSM-I,SIGN,65,0,0.003000,0.000,0.008,1183474,536,0,4886,4886,0,0,0,2783707,15,2199814,0,0.380521,0.000000,0.000000,12433,0,10624.00,0,0,0,0,SUCCESS,0,0,warm20,,,,,,,,,,,used,,,,20260917-1737
2026-09-17 18:29:03,EHAUSM-I,SIGN,66,0,0.003000,0.000,0.008,1194955,542,0,3184,3184,0,0,0,2092097,15,1515400,0,0.382346,0.000000,0.000000,12294,0,7471.77,0,0,0,0,SUCCESS,0,0,warm20,,,,,,,,,,,used,,,,20260917-1737
2026-09-17 18:29:06,EHAUSM-I,SIGN,67,0,0.003000,0.000,0.008,1209554,548,0,3612,3612,0,0,0,2316533,14,1748007,0,0.360568,0.000000,0.000000,12041,0,5320.36,0,0,0,0,SUCCESS,0,0,warm20,,,,,,,,,,,used,,,,20260917-1737
2026-09-17 18:29:12,EHAUSM-I,SIGN,68,0,0.003000,0.000,0.008,1225092,554,0,5853,5853,0,0,0,3739021,14,3169933,0,0.395518,0.000000,0.000000,12117,0,8344.00,0,0,0,0,SUCCESS,0,0,warm20,,,,,,,,,,,used,,,,20260917-1737
2026-09-17 18:29:20,EHAUSM-I,SIGN,69,0,0.003000,0.000,0.008,1246726,560,0,7611,7612,0,0,0,7871675,14,7284877,0,0.397207,0.000000,0.000000,12158,0,9928.00,0,0,0,0,SUCCESS,0,0,warm20,,,,,,,,,,,used,,,,20260917-1737
2026-09-17 18:29:28,EHAUSM-I,SIGN,70,0,0.003000,0.000,0.008,1265597,566,0,7736,7736,0,0,0,5457412,14,4862415,0,0.393662,0.000000,0.000000,12584,0,3805.14,0,0,0,0,SUCCESS,0,0,warm20,,,,,,,,,,,used,,,,20260917-1737
2026-09-17 18:29:35,EHAUSM-I,SIGN,71,0,0.003000,0.000,0.008,1283052,572,0,7274,7274,0,0,0,4170814,14,3574499,0,0.411081,0.000000,0.000000,12659,0,10424.00,0,0,0,0,SUCCESS,0,0,warm20,,,,,,,,,,,used,,,,20260917-1737
2026-09-17 18:29:44,EHAUSM-I,SIGN,72,0,0.003000,0.000,0.008,1300784,578,0,8498,8498,0,0,0,6139510,14,5530855,0,0.377803,0.000000,0.000000,12940,0,5392.00,0,0,0,0,SUCCESS,0,0,warm20,,,,,,,,,,,used,,,,20260917-1737
2026-09-17 18:29:52,EHAUSM-I,SIGN,73,0,0.003000,0.000,0.008,1316615,584,0,7745,7745,0,0,0,5526199,14,4914031,0,0.391536,0.000000,0.000000,12887,0,6475.78,0,0,0,0,SUCCESS,0,0,warm20,,,,,,,,,,,used,,,,20260917-1737
2026-09-17 18:29:56,EHAUSM-I,SIGN,74,0,0.003000,0.000,0.008,1330102,590,0,3879,3880,0,0,0,2538255,14,1933294,0,0.364843,0.000000,0.000000,12801,0,6370.54,0,0,0,0,SUCCESS,0,0,warm20,,,,,,,,,,,used,,,,20260917-1737
2026-09-17 18:29:59,EHAUSM-I,SIGN,75,0,0.003000,0.000,0.008,1342143,596,0,3385,3385,0,0,0,2006426,15,1409183,0,0.355933,0.000000,0.000000,12641,0,4000.00,0,0,0,0,SUCCESS,0,0,warm20,,,,,,,,,,,used,,,,20260917-1737
2026-09-17 18:30:02,EHAUSM-I,SIGN,76,0,0.003000,0.000,0.008,1352225,602,0,2933,2933,0,0,0,1408402,15,818945,0,0.308720,0.000000,0.000000,12469,0,9584.00,0,0,0,0,SUCCESS,0,0,warm20,,,,,,,,,,,used,,,,20260917-1737
2026-09-17 18:30:10,EHAUSM-I,SIGN,77,0,0.003000,0.000,0.008,1364919,608,0,8184,8185,0,0,0,3824402,15,3235311,0,0.378348,0.000000,0.000000,12515,0,7484.16,0,0,0,0,SUCCESS,0,0,warm20,,,,,,,,,,,used,,,,20260917-1737
2026-09-17 18:30:16,EHAUSM-I,SIGN,78,0,0.003000,0.000,0.008,1378844,614,0,5215,5215,0,0,0,3486788,15,2900026,0,0.397689,0.000000,0.000000,12541,0,3071.44,0,0,0,0,SUCCESS,0,0,warm20,,,,,,,,,,,used,,,,20260917-1737
2026-09-17 18:30:19,EHAUSM-I,SIGN,79,0,0.003000,0.000,0.008,1390075,620,0,3070,3070,0,0,0,1813605,15,1234164,0,0.353476,0.000000,0.000000,12364,0,8703.44,0,0,0,0,SUCCESS,0,0,warm20,,,,,,,,,,,used,,,,20260917-1737
2026-09-17 18:30:23,EHAUSM-I,SIGN,80,0,0.003000,0.000,0.008,1404925,626,0,3908,3909,0,0,0,3072004,15,2497863,0,0.373804,0.000000,0.000000,12159,0,8984.00,0,0,0,0,SUCCESS,0,0,warm20,,,,,,,,,,,used,,,,20260917-1737
2026-09-17 18:30:29,EHAUSM-I,SIGN,81,0,0.003000,0.000,0.008,1419540,632,0,6348,6348,0,0,0,3187333,15,2615072,0,0.387666,0.000000,0.000000,12230,0,5792.00,0,0,0,0,SUCCESS,0,0,warm20,,,,,,,,,,,used,,,,20260917-1737
2026-09-17 18:30:37,EHAUSM-I,SIGN,82,0,0.003000,0.000,0.008,1430972,638,0,7475,7476,0,0,0,3533426,15,2959645,0,0.369666,0.000000,0.000000,12165,0,4597.70,0,0,0,0,SUCCESS,0,0,warm20,,,,,,,,,,,used,,,,20260917-1737
2026-09-17 18:30:44,EHAUSM-I,SIGN,83,0,0.003000,0.000,0.008,1446547,644,0,7469,7469,0,0,0,3679073,15,3107365,0,0.368358,0.000000,0.000000,12128,0,10896.00,0,0,0,0,SUCCESS,0,0,warm20,,,,,,,,,,,used,,,,20260917-1737
2026-09-17 18:30:53,EHAUSM-I,SIGN,84,0,0.003000,0.000,0.008,1466019,650,0,8300,8301,0,0,0,5742603,16,5166264,0,0.362767,0.000000,0.000000,12206,0,12560.00,0,0,0,0,SUCCESS,0,0,warm20,,,,,,,,,,,used,,,,20260917-1737
2026-09-17 18:30:56,EHAUSM-I,SIGN,85,0,0.003000,0.000,0.008,1477721,656,0,3595,3595,0,0,0,2328380,16,1757855,0,0.372567,0.000000,0.000000,12122,0,11812.84,0,0,0,0,SUCCESS,0,0,warm20,,,,,,,,,,,used,,,,20260917-1737
2026-09-17 18:31:01,EHAUSM-I,SIGN,86,0,0.003000,0.000,0.008,1489446,662,0,4322,4323,0,0,0,2753953,16,2187771,0,0.386047,0.000000,0.000000,12092,0,11134.48,0,0,0,0,SUCCESS,0,0,warm20,,,,,,,,,,,used,,,,20260917-1737
2026-09-17 18:31:09,EHAUSM-I,SIGN,87,0,0.003000,0.000,0.008,1504545,668,0,7835,7835,0,0,0,5286351,16,4717665,0,0.395645,0.000000,0.000000,12261,0,8997.33,0,0,0,0,SUCCESS,0,0,warm20,,,,,,,,,,,used,,,,20260917-1737
2026-09-17 18:31:17,EHAUSM-I,SIGN,88,0,0.003000,0.000,0.008,1520720,674,0,8670,8670,0,0,0,5266965,17,4694715,0,0.401806,0.000000,0.000000,12357,0,3613.22,0,0,0,0,SUCCESS,0,0,warm20,,,,,,,,,,,used,,,,20260917-1737
2026-09-17 18:31:25,EHAUSM-I,SIGN,89,0,0.003000,0.000,0.008,1534926,680,0,7524,7524,0,0,0,3940487,17,3369620,0,0.389240,0.000000,0.000000,12454,0,9830.14,0,0,0,0,SUCCESS,0,0,warm20,,,,,,,,,,,used,,,,20260917-1737
2026-09-17 18:31:35,EHAUSM-I,SIGN,90,0,0.003000,0.000,0.008,1553182,686,0,9521,9521,0,0,0,6289826,17,5711617,0,0.400723,0.000000,0.000000,12724,0,6393.29,0,0,0,0,SUCCESS,0,0,warm20,,,,,,,,,,,used,,,,20260917-1737
2026-09-17 18:31:44,EHAUSM-I,SIGN,91,0,0.003000,0.000,0.008,1569089,692,0,9640,9640,0,0,0,5864758,17,5281613,0,0.395726,0.000000,0.000000,12856,0,10124.11,0,0,0,0,SUCCESS,0,0,warm20,,,,,,,,,,,used,,,,20260917-1737
2026-09-17 18:31:55,EHAUSM-I,SIGN,92,0,0.003000,0.000,0.008,1586819,698,0,10913,10913,0,0,0,6927324,18,6337755,0,0.410029,0.000000,0.000000,12860,0,8345.02,0,0,0,0,SUCCESS,0,0,warm20,,,,,,,,,,,used,,,,20260917-1737
2026-09-17 18:32:06,EHAUSM-I,SIGN,93,0,0.003000,0.000,0.008,1606504,704,0,10326,10326,0,0,0,7595912,18,6995222,0,0.372524,0.000000,0.000000,12872,0,4968.00,0,0,0,0,SUCCESS,0,0,warm20,,,,,,,,,,,used,,,,20260917-1737
2026-09-17 18:32:13,EHAUSM-I,SIGN,94,0,0.003000,0.000,0.008,1616945,710,0,7020,7020,0,0,0,2869002,18,2269324,0,0.390843,0.000000,0.000000,12890,0,9598.19,0,0,0,0,SUCCESS,0,0,warm20,,,,,,,,,,,used,,,,20260917-1737
2026-09-17 18:32:21,EHAUSM-I,SIGN,95,0,0.003000,0.000,0.008,1631610,716,0,7399,7399,0,0,0,4383974,18,3782574,0,0.352245,0.000000,0.000000,12886,0,8648.00,0,0,0,0,SUCCESS,0,0,warm20,,,,,,,,,,,used,,,,20260917-1737
2026-09-17 18:32:29,EHAUSM-I,SIGN,96,0,0.003000,0.000,0.008,1649145,722,0,8444,8445,0,0,0,4722811,18,4122500,0,0.397764,0.000000,0.000000,12904,0,9357.99,0,0,0,0,SUCCESS,0,0,warm20,,,,,,,,,,,used,,,,20260917-1737
2026-09-17 18:32:35,EHAUSM-I,SIGN,97,0,0.003000,0.000,0.008,1663324,728,0,5384,5385,0,0,0,3249597,18,2653184,0,0.369632,0.000000,0.000000,12728,0,12102.30,0,0,0,0,SUCCESS,0,0,warm20,,,,,,,,,,,used,,,,20260917-1737
2026-09-17 18:32:36,EHAUSM-I,SIGN,98,0,0.003000,0.000,0.008,1668652,730,0,1715,1715,0,0,0,1000548,18,406661,0,0.280130,0.000000,0.000000,12666,0,7680.00,0,0,0,0,SUCCESS,0,0,warm20,,,,,,,,,,,used,,,,20260917-1737
2026-09-17 18:32:36,EHAUSM-I,SIGN,99,0,0.003000,0.000,0.008,1668652,730,0,119,119,0,0,0,593898,18,11,0,0.217673,0.000000,0.000000,12666,0,8120.00,0,0,0,0,SUCCESS,0,0,warm20,,,,,,,,,,,used,,,,20260917-1737
2026-09-17 18:32:57,EHAUSM-I,SIGN,0,1,0.003000,0.000,0.200,319686,146,3,19708,19711,0,0,0,106349081,0,104965619,0,0.455007,0.000000,0.000000,23387,0,1577.13,0,0,0,0,SUCCESS,0,0,warm20,,,,,,,,,,,used,,,,20260917-1737
2026-09-17 18:33:02,EHAUSM-I,SIGN,1,1,0.003000,0.000,0.008,334092,152,0,4850,4850,0,0,0,10288822,0,8936539,0,0.435039,0.000000,0.000000,23347,0,4123.69,0,0,0,0,SUCCESS,0,0,warm20,,,,,,,,,,,used,,,,20260917-1737
2026-09-17 18:33:06,EHAUSM-I,SIGN,2,1,0.003000,0.000,0.008,345121,158,0,3536,3536,0,0,0,5443189,0,4141032,0,0.377264,0.000000,0.000000,23125,0,3923.95,0,0,0,0,SUCCESS,0,0,warm20,,,,,,,,,,,used,,,,20260917-1737
2026-09-17 18:33:12,EHAUSM-I,SIGN,3,1,0.003000,0.000,0.008,358047,164,0,5785,5786,0,0,0,9573676,0,8288212,0,0.413652,0.000000,0.000000,22486,0,9064.00,0,0,0,0,SUCCESS,0,0,warm20,,,,,,,,,,,used,,,,20260917-1737
2026-09-17 18:33:14,EHAUSM-I,SIGN,4,1,0.003000,0.000,0.008,369331,170,0,2635,2635,0,0,0,3569403,0,2356131,0,0.384754,0.000000,0.000000,21958,0,4888.00,0,0,0,0,SUCCESS,0,0,warm20,,,,,,,,,,,used,,,,20260917-1737
2026-09-17 18:33:20,EHAUSM-I,SIGN,5,1,0.003000,0.000,0.008,383289,176,0,5311,5312,0,0,0,8922941,0,7741615,0,0.391145,0.000000,0.000000,21751,0,9092.08,0,0,0,0,SUCCESS,0,0,warm20,,,,,,,,,,,used,,,,20260917-1737
2026-09-17 18:33:23,EHAUSM-I,SIGN,6,1,0.003000,0.000,0.008,393230,182,0,3413,3413,0,0,0,4240412,0,3105813,0,0.453021,0.000000,0.000000,21796,0,6016.00,0,0,0,0,SUCCESS,0,0,warm20,,,,,,,,,,,used,,,,20260917-1737
2026-09-17 18:33:27,EHAUSM-I,SIGN,7,1,0.003000,0.000,0.008,408594,188,0,3319,3319,0,0,0,5568099,0,4498255,0,0.415693,0.000000,0.000000,20533,0,8805.46,0,0,0,0,SUCCESS,0,0,warm20,,,,,,,,,,,used,,,,20260917-1737
2026-09-17 18:33:33,EHAUSM-I,SIGN,8,1,0.003000,0.000,0.008,428453,194,0,6043,6044,0,0,0,12107367,1,11011691,0,0.414736,0.000000,0.000000,20113,0,8776.00,0,0,0,0,SUCCESS,0,0,warm20,,,,,,,,,,,used,,,,20260917-1737
2026-09-17 18:33:40,EHAUSM-I,SIGN,9,1,0.003000,0.000,0.008,446004,200,0,6832,6833,0,0,0,17236631,1,16029097,0,0.457766,0.000000,0.000000,19376,0,8312.00,0,0,0,0,SUCCESS,0,0,warm20,,,,,,,,,,,used,,,,20260917-1737
2026-09-17 18:33:42,EHAUSM-I,SIGN,10,1,0.003000,0.000,0.008,456476,206,0,2097,2098,0,0,0,2949555,1,1801088,0,0.403057,0.000000,0.000000,18895,0,6597.86,0,0,0,0,SUCCESS,0,0,warm20,,,,,,,,,,,used,,,,20260917-1737
2026-09-17 18:33:44,EHAUSM-I,SIGN,11,1,0.003000,0.000,0.008,466138,212,0,1672,1672,0,0,0,2560673,1,1464958,0,0.362251,0.000000,0.000000,18242,0,4016.00,0,0,0,0,SUCCESS,0,0,warm20,,,,,,,,,,,used,,,,20260917-1737
2026-09-17 18:33:50,EHAUSM-I,SIGN,12,1,0.003000,0.000,0.008,480433,218,0,5582,5582,0,0,0,8161881,1,7088650,0,0.440303,0.000000,0.000000,18295,0,7839.21,0,0,0,0,SUCCESS,0,0,warm20,,,,,,,,,,,used,,,,20260917-1737
2026-09-17 18:33:57,EHAUSM-I,SIGN,13,1,0.003000,0.000,0.008,496413,224,0,6727,6727,0,0,0,9894296,2,8823550,0,0.441975,0.000000,0.000000,19145,0,8303.77,0,0,0,0,SUCCESS,0,0,warm20,,,,,,,,,,,used,,,,20260917-1737
2026-09-17 18:34:00,EHAUSM-I,SIGN,14,1,0.003000,0.000,0.008,507190,230,0,3541,3541,0,0,0,4360329,2,3317451,0,0.403596,0.000000,0.000000,18586,0,2552.00,0,0,0,0,SUCCESS,0,0,warm20,,,,,,,,,,,used,,,,20260917-1737
2026-09-17 18:34:09,EHAUSM-I,SIGN,15,1,0.003000,0.000,0.008,518654,236,0,8229,8230,0,0,0,11521523,2,10454205,0,0.433380,0.000000,0.000000,19660,0,7294.15,0,0,0,0,SUCCESS,0,0,warm20,,,,,,,,,,,used,,,,20260917-1737
2026-09-17 18:34:19,EHAUSM-I,SIGN,16,1,0.003000,0.000,0.008,536314,242,0,9520,9520,0,0,0,13875828,2,12775844,0,0.410167,0.000000,0.000000,20004,0,9096.00,0,0,0,0,SUCCESS,0,0,warm20,,,,,,,,,,,used,,,,20260917-1737
2026-09-17 18:34:20,EHAUSM-I,SIGN,17,1,0.003000,0.000,0.008,544548,248,0,1879,1879,0,0,0,2486702,2,1421976,0,0.378039,0.000000,0.000000,19532,0,6384.00,0,0,0,0,SUCCESS,0,0,warm20,,,,,,,,,,,used,,,,20260917-1737
2026-09-17 18:34:25,EHAUSM-I,SIGN,18,1,0.003000,0.000,0.008,556990,254,0,4462,4462,0,0,0,4978911,2,3945685,0,0.387466,0.000000,0.000000,18960,0,5397.60,0,0,0,0,SUCCESS,0,0,warm20,,,,,,,,,,,used,,,,20260917-1737
2026-09-17 18:34:31,EHAUSM-I,SIGN,19,1,0.003000,0.000,0.008,569490,260,0,6211,6212,0,0,0,6193410,2,5169635,0,0.379130,0.000000,0.000000,18933,0,8584.00,0,0,0,0,SUCCESS,0,0,warm20,,,,,,,,,,,used,,,,20260917-1737
2026-09-17 18:34:39,EHAUSM-I,SIGN,20,1,0.003000,0.000,0.008,587283,266,0,7044,7044,0,0,0,11526897,2,10466313,0,0.354344,0.000000,0.000000,18422,0,7280.00,0,0,0,0,SUCCESS,0,0,warm20,,,,,,,,,,,used,,,,20260917-1737
2026-09-17 18:34:44,EHAUSM-I,SIGN,21,1,0.003000,0.000,0.008,601918,272,0,5585,5585,0,0,0,6070721,1,5025904,0,0.386103,0.000000,0.000000,18161,0,9328.00,0,0,0,0,SUCCESS,0,0,warm20,,,,,,,,,,,used,,,,20260917-1737
2026-09-17 18:34:51,EHAUSM-I,SIGN,22,1,0.003000,0.000,0.008,613134,278,0,6379,6379,0,0,0,5767452,1,4737696,0,0.413097,0.000000,0.000000,18187,0,6880.00,0,0,0,0,SUCCESS,0,0,warm20,,,,,,,,,,,used,,,,20260917-1737
2026-09-17 18:34:53,EHAUSM-I,SIGN,23,1,0.003000,0.000,0.008,625156,284,0,1662,1663,0,0,0,1845814,2,862359,0,0.310437,0.000000,0.000000,17486,0,4173.55,0,0,0,0,SUCCESS,0,0,warm20,,,,,,,,,,,used,,,,20260917-1737
2026-09-17 18:34:56,EHAUSM-I,SIGN,24,1,0.003000,0.000,0.008,639272,290,0,3194,3195,0,0,0,3636397,2,2689447,0,0.369529,0.000000,0.000000,17307,0,4562.58,0,0,0,0,SUCCESS,0,0,warm20,,,,,,,,,,,used,,,,20260917-1737
2026-09-17 18:35:02,EHAUSM-I,SIGN,25,1,0.003000,0.000,0.008,650468,296,0,5716,5717,0,0,0,5171306,3,4238241,0,0.390664,0.000000,0.000000,17338,0,4460.64,0,0,0,0,SUCCESS,0,0,warm20,,,,,,,,,,,used,,,,20260917-1737
2026-09-17 18:35:06,EHAUSM-I,SIGN,26,1,0.003000,0.000,0.008,661807,302,0,4470,4470,0,0,0,4170307,5,3248276,0,0.362434,0.000000,0.000000,16997,0,8991.65,0,0,0,0,SUCCESS,0,0,warm20,,,,,,,,,,,used,,,,20260917-1737
2026-09-17 18:35:08,EHAUSM-I,SIGN,27,1,0.003000,0.000,0.008,671849,308,0,2155,2155,0,0,0,2100289,6,1205130,0,0.340752,0.000000,0.000000,16446,0,7896.00,0,0,0,0,SUCCESS,0,0,warm20,,,,,,,,,,,used,,,,20260917-1737
2026-09-17 18:35:13,EHAUSM-I,SIGN,28,1,0.003000,0.000,0.008,682126,314,0,4855,4856,0,0,0,3927330,6,3046100,0,0.412920,0.000000,0.000000,16420,0,6421.55,0,0,0,0,SUCCESS,0,0,warm20,,,,,,,,,,,used,,,,20260917-1737
2026-09-17 18:35:21,EHAUSM-I,SIGN,29,1,0.003000,0.000,0.008,695776,320,0,7880,7880,0,0,0,8917924,6,8023690,0,0.413240,0.000000,0.000000,16853,0,4899.88,0,0,0,0,SUCCESS,0,0,warm20,,,,,,,,,,,used,,,,20260917-1737
2026-09-17 18:35:26,EHAUSM-I,SIGN,30,1,0.003000,0.000,0.008,707653,326,0,4081,4081,0,0,0,3547772,6,2672099,0,0.372790,0.000000,0.000000,16464,0,6933.30,0,0,0,0,SUCCESS,0,0,warm20,,,,,,,,,,,used,,,,20260917-1737
2026-09-17 18:35:28,EHAUSM-I,SIGN,31,1,0.003000,0.000,0.008,720279,332,0,2156,2156,0,0,0,2472630,6,1624330,0,0.344999,0.000000,0.000000,15898,0,5848.00,0,0,0,0,SUCCESS,0,0,warm20,,,,,,,,,,,used,,,,20260917-1737
2026-09-17 18:35:33,EHAUSM-I,SIGN,32,1,0.003000,0.000,0.008,730705,338,0,5411,5411,0,0,0,3679603,6,2845020,0,0.383583,0.000000,0.000000,15828,0,4792.00,0,0,0,0,SUCCESS,0,0,warm20,,,,,,,,,,,used,,,,20260917-1737
2026-09-17 18:35:40,EHAUSM-I,SIGN,33,1,0.003000,0.000,0.008,744420,344,0,6298,6298,0,0,0,5401415,8,4577867,0,0.456428,0.000000,0.000000,16554,0,6227.06,0,0,0,0,SUCCESS,0,0,warm20,,,,,,,,,,,used,,,,20260917-1737
2026-09-17 18:35:47,EHAUSM-I,SIGN,34,1,0.003000,0.000,0.008,756980,350,0,7619,7620,0,0,0,6252693,8,5431078,0,0.405462,0.000000,0.000000,16743,0,10736.00,0,0,0,0,SUCCESS,0,0,warm20,,,,,,,,,,,used,,,,20260917-1737
2026-09-17 18:35:52,EHAUSM-I,SIGN,35,1,0.003000,0.000,0.008,768219,356,0,4799,4799,0,0,0,3587094,8,2780917,0,0.404282,0.000000,0.000000,16721,0,8256.00,0,0,0,0,SUCCESS,0,0,warm20,,,,,,,,,,,used,,,,20260917-1737
2026-09-17 18:35:58,EHAUSM-I,SIGN,36,1,0.003000,0.000,0.008,777786,362,0,5500,5500,0,0,0,3690865,10,2893055,0,0.421007,0.000000,0.000000,16692,0,4218.20,0,0,0,0,SUCCESS,0,0,warm20,,,,,,,,,,,used,,,,20260917-1737
2026-09-17 18:36:06,EHAUSM-I,SIGN,37,1,0.003000,0.000,0.008,790994,368,0,7751,7751,0,0,0,6756965,10,5955887,0,0.416154,0.000000,0.000000,16986,0,9172.88,0,0,0,0,SUCCESS,0,0,warm20,,,,,,,,,,,used,,,,20260917-1737
2026-09-17 18:36:11,EHAUSM-I,SIGN,38,1,0.003000,0.000,0.008,803248,374,0,5104,5105,0,0,0,3565935,9,2777969,0,0.408027,0.000000,0.000000,16821,0,7398.67,0,0,0,0,SUCCESS,0,0,warm20,,,,,,,,,,,used,,,,20260917-1737
2026-09-17 18:36:17,EHAUSM-I,SIGN,39,1,0.003000,0.000,0.008,817420,380,0,5732,5732,0,0,0,4331129,9,3552919,0,0.409584,0.000000,0.000000,16757,0,7078.80,0,0,0,0,SUCCESS,0,0,warm20,,,,,,,,,,,used,,,,20260917-1737
2026-09-17 18:36:23,EHAUSM-I,SIGN,40,1,0.003000,0.000,0.008,828605,386,0,6193,6193,0,0,0,4090810,10,3315675,0,0.395392,0.000000,0.000000,16796,0,7462.80,0,0,0,0,SUCCESS,0,0,warm20,,,,,,,,,,,used,,,,20260917-1737
2026-09-17 18:36:30,EHAUSM-I,SIGN,41,1,0.003000,0.000,0.008,840915,392,0,6740,6741,0,0,0,4938308,10,4169592,0,0.405874,0.000000,0.000000,16767,0,6676.23,0,0,0,0,SUCCESS,0,0,warm20,,,,,,,,,,,used,,,,20260917-1737
2026-09-17 18:36:37,EHAUSM-I,SIGN,42,1,0.003000,0.000,0.008,851890,398,0,6436,6436,0,0,0,4071843,10,3308202,0,0.418596,0.000000,0.000000,17093,0,7244.82,0,0,0,0,SUCCESS,0,0,warm20,,,,,,,,,,,used,,,,20260917-1737
2026-09-17 18:36:43,EHAUSM-I,SIGN,43,1,0.003000,0.000,0.008,867106,404,0,6438,6439,0,0,0,5170234,9,4411323,0,0.395902,0.000000,0.000000,16906,0,8699.97,0,0,0,0,SUCCESS,0,0,warm20,,,,,,,,,,,used,,,,20260917-1737
2026-09-17 18:36:49,EHAUSM-I,SIGN,44,1,0.003000,0.000,0.008,884460,410,0,5343,5343,0,0,0,4628915,12,3876980,0,0.383507,0.000000,0.000000,16490,0,7584.00,0,0,0,0,SUCCESS,0,0,warm20,,,,,,,,,,,used,,,,20260917-1737
2026-09-17 18:36:52,EHAUSM-I,SIGN,45,1,0.003000,0.000,0.008,901027,416,0,3665,3665,0,0,0,3269866,13,2535986,0,0.348284,0.000000,0.000000,15893,0,9326.92,0,0,0,0,SUCCESS,0,0,warm20,,,,,,,,,,,used,,,,20260917-1737
2026-09-17 18:36:57,EHAUSM-I,SIGN,46,1,0.003000,0.000,0.008,916886,422,0,4516,4517,0,0,0,4297782,13,3574823,0,0.395263,0.000000,0.000000,15488,0,6408.00,0,0,0,0,SUCCESS,0,0,warm20,,,,,,,,,,,used,,,,20260917-1737
2026-09-17 18:37:01,EHAUSM-I,SIGN,47,1,0.003000,0.000,0.008,933116,428,0,3547,3547,0,0,0,2952826,12,2243760,0,0.368645,0.000000,0.000000,15117,0,6186.47,0,0,0,0,SUCCESS,0,0,warm20,,,,,,,,,,,used,,,,20260917-1737
2026-09-17 18:37:04,EHAUSM-I,SIGN,48,1,0.003000,0.000,0.008,947537,434,0,3747,3748,0,0,0,3105594,12,2408192,0,0.375614,0.000000,0.000000,14733,0,6629.25,0,0,0,0,SUCCESS,0,0,warm20,,,,,,,,,,,used,,,,20260917-1737
2026-09-17 18:37:07,EHAUSM-I,SIGN,49,1,0.003000,0.000,0.008,957204,440,0,3009,3009,0,0,0,1688257,12,1003505,0,0.357825,0.000000,0.000000,14599,0,5483.09,0,0,0,0,SUCCESS,0,0,warm20,,,,,,,,,,,used,,,,20260917-1737
2026-09-17 18:37:11,EHAUSM-I,SIGN,50,1,0.003000,0.000,0.008,967022,446,0,3773,3774,0,0,0,2330194,11,1652784,0,0.390908,0.000000,0.000000,14609,0,6400.00,0,0,0,0,SUCCESS,0,0,warm20,,,,,,,,,,,used,,,,20260917-1737
2026-09-17 18:37:17,EHAUSM-I,SIGN,51,1,0.003000,0.000,0.008,979636,452,0,6022,6023,0,0,0,3988063,11,3308579,0,0.390625,0.000000,0.000000,14554,0,6019.11,0,0,0,0,SUCCESS,0,0,warm20,,,,,,,,,,,used,,,,20260917-1737
2026-09-17 18:37:21,EHAUSM-I,SIGN,52,1,0.003000,0.000,0.008,990505,458,0,3769,3770,0,0,0,2097785,11,1428630,0,0.371789,0.000000,0.000000,14363,0,6896.00,0,0,0,0,SUCCESS,0,0,warm20,,,,,,,,,,,used,,,,20260917-1737
2026-09-17 18:37:23,EHAUSM-I,SIGN,53,1,0.003000,0.000,0.008,1001386,464,0,1599,1599,0,0,0,1177616,11,523640,0,0.327033,0.000000,0.000000,14056,0,3717.41,0,0,0,0,SUCCESS,0,0,warm20,,,,,,,,,,,used,,,,20260917-1737
2026-09-17 18:37:29,EHAUSM-I,SIGN,54,1,0.003000,0.000,0.008,1016244,470,0,6530,6531,0,0,0,4283695,11,3633493,0,0.420723,0.000000,0.000000,13905,0,4628.07,0,0,0,0,SUCCESS,0,0,warm20,,,,,,,,,,,used,,,,20260917-1737
2026-09-17 18:37:34,EHAUSM-I,SIGN,55,1,0.003000,0.000,0.008,1027129,476,0,4761,4761,0,0,0,2472198,13,1827686,0,0.386123,0.000000,0.000000,13871,0,7584.00,0,0,0,0,SUCCESS,0,0,warm20,,,,,,,,,,,used,,,,20260917-1737
2026-09-17 18:37:39,EHAUSM-I,SIGN,56,1,0.003000,0.000,0.008,1047408,482,0,5061,5062,0,0,0,4266067,12,3628390,0,0.372336,0.000000,0.000000,13478,0,5566.77,0,0,0,0,SUCCESS,0,0,warm20,,,,,,,,,,,used,,,,20260917-1737
2026-09-17 18:37:45,EHAUSM-I,SIGN,57,1,0.003000,0.000,0.008,1060421,488,0,5647,5647,0,0,0,2834726,12,2203775,0,0.390365,0.000000,0.000000,13277,0,9004.96,0,0,0,0,SUCCESS,0,0,warm20,,,,,,,,,,,used,,,,20260917-1737
2026-09-17 18:37:50,EHAUSM-I,SIGN,58,1,0.003000,0.000,0.008,1079371,494,0,5118,5118,0,0,0,3773211,12,3149524,0,0.416606,0.000000,0.000000,13241,0,4762.81,0,0,0,0,SUCCESS,0,0,warm20,,,,,,,,,,,used,,,,20260917-1737
2026-09-17 18:37:55,EHAUSM-I,SIGN,59,1,0.003000,0.000,0.008,1096747,500,0,4225,4225,0,0,0,3301755,13,2680853,0,0.384372,0.000000,0.000000,13167,0,7375.16,0,0,0,0,SUCCESS,0,0,warm20,,,,,,,,,,,used,,,,20260917-1737
2026-09-17 18:37:59,EHAUSM-I,SIGN,60,1,0.003000,0.000,0.008,1110602,506,0,4590,4590,0,0,0,2726829,15,2113477,0,0.379886,0.000000,0.000000,13007,0,4106.82,0,0,0,0,SUCCESS,0,0,warm20,,,,,,,,,,,used,,,,20260917-1737
2026-09-17 18:38:04,EHAUSM-I,SIGN,61,1,0.003000,0.000,0.008,1124744,512,0,4244,4244,0,0,0,2784971,17,2179791,0,0.400047,0.000000,0.000000,12882,0,6215.16,0,0,0,0,SUCCESS,0,0,warm20,,,,,,,,,,,used,,,,20260917-1737
2026-09-17 18:38:09,EHAUSM-I,SIGN,62,1,0.003000,0.000,0.008,1139446,518,0,5013,5014,0,0,0,3975996,16,3374197,0,0.413489,0.000000,0.000000,12846,0,4229.46,0,0,0,0,SUCCESS,0,0,warm20,,,,,,,,,,,used,,,,20260917-1737
2026-09-17 18:38:15,EHAUSM-I,SIGN,63,1,0.003000,0.000,0.008,1156811,524,0,6607,6607,0,0,0,4378528,14,3783839,0,0.420085,0.000000,0.000000,12821,0,4693.01,0,0,0,0,SUCCESS,0,0,warm20,,,,,,,,,,,used,,,,20260917-1737
2026-09-17 18:38:20,EHAUSM-I,SIGN,64,1,0.003000,0.000,0.008,1169601,530,0,4761,4761,0,0,0,3138449,15,2548773,0,0.412193,0.000000,0.000000,12622,0,7447.16,0,0,0,0,SUCCESS,0,0,warm20,,,,,,,,,,,used,,,,20260917-1737
2026-09-17 18:38:25,EHAUSM-I,SIGN,65,1,0.003000,0.000,0.008,1183474,536,0,4880,4880,0,0,0,2783707,15,2199814,0,0.380521,0.000000,0.000000,12433,0,9246.55,0,0,0,0,SUCCESS,0,0,warm20,,,,,,,,,,,used,,,,20260917-1737
2026-09-17 18:38:28,EHAUSM-I,SIGN,66,1,0.003000,0.000,0.008,1194955,542,0,3175,3175,0,0,0,2092097,15,1515400,0,0.382346,0.000000,0.000000,12294,0,7792.00,0,0,0,0,SUCCESS,0,0,warm20,,,,,,,,,,,used,,,,20260917-1737
2026-09-17 18:38:32,EHAUSM-I,SIGN,67,1,0.003000,0.000,0.008,1209554,548,0,3608,3608,0,0,0,2316533,14,1748007,0,0.360568,0.000000,0.000000,12041,0,8085.64,0,0,0,0,SUCCESS,0,0,warm20,,,,,,,,,,,used,,,,20260917-1737
2026-09-17 18:38:38,EHAUSM-I,SIGN,68,1,0.003000,0.000,0.008,1225092,554,0,5859,5860,0,0,0,3739021,14,3169933,0,0.395518,0.000000,0.000000,12117,0,6932.82,0,0,0,0,SUCCESS,0,0,warm20,,,,,,,,,,,used,,,,20260917-1737
2026-09-17 18:38:46,EHAUSM-I,SIGN,69,1,0.003000,0.000,0.008,1246726,560,0,7613,7614,0,0,0,7871675,14,7284877,0,0.397207,0.000000,0.000000,12158,0,5621.03,0,0,0,0,SUCCESS,0,0,warm20,,,,,,,,,,,used,,,,20260917-1737
2026-09-17 18:38:54,EHAUSM-I,SIGN,70,1,0.003000,0.000,0.008,1265597,566,0,7739,7739,0,0,0,5457412,14,4862415,0,0.393662,0.000000,0.000000,12584,0,9590.57,0,0,0,0,SUCCESS,0,0,warm20,,,,,,,,,,,used,,,,20260917-1737
2026-09-17 18:39:01,EHAUSM-I,SIGN,71,1,0.003000,0.000,0.008,1283052,572,0,7300,7300,0,0,0,4170814,14,3574499,0,0.411081,0.000000,0.000000,12659,0,4184.00,0,0,0,0,SUCCESS,0,0,warm20,,,,,,,,,,,used,,,,20260917-1737
2026-09-17 18:39:10,EHAUSM-I,SIGN,72,1,0.003000,0.000,0.008,1300784,578,0,8497,8497,0,0,0,6139510,14,5530855,0,0.377803,0.000000,0.000000,12940,0,7696.00,0,0,0,0,SUCCESS,0,0,warm20,,,,,,,,,,,used,,,,20260917-1737
2026-09-17 18:39:17,EHAUSM-I,SIGN,73,1,0.003000,0.000,0.008,1316615,584,0,7727,7728,0,0,0,5526199,14,4914031,0,0.391536,0.000000,0.000000,12887,0,5742.87,0,0,0,0,SUCCESS,0,0,warm20,,,,,,,,,,,used,,,,20260917-1737
2026-09-17 18:39:21,EHAUSM-I,SIGN,74,1,0.003000,0.000,0.008,1330102,590,0,3878,3878,0,0,0,2538255,14,1933294,0,0.364843,0.000000,0.000000,12801,0,7568.00,0,0,0,0,SUCCESS,0,0,warm20,,,,,,,,,,,used,,,,20260917-1737
2026-09-17 18:39:25,EHAUSM-I,SIGN,75,1,0.003000,0.000,0.008,1342143,596,0,3383,3383,0,0,0,2006426,15,1409183,0,0.355933,0.000000,0.000000,12641,0,8120.00,0,0,0,0,SUCCESS,0,0,warm20,,,,,,,,,,,used,,,,20260917-1737
2026-09-17 18:39:28,EHAUSM-I,SIGN,76,1,0.003000,0.000,0.008,1352225,602,0,2945,2946,0,0,0,1408402,15,818945,0,0.308720,0.000000,0.000000,12469,0,7632.00,0,0,0,0,SUCCESS,0,0,warm20,,,,,,,,,,,used,,,,20260917-1737
2026-09-17 18:39:36,EHAUSM-I,SIGN,77,1,0.003000,0.000,0.008,1364919,608,0,8194,8194,0,0,0,3824402,15,3235311,0,0.378348,0.000000,0.000000,12515,0,8808.00,0,0,0,0,SUCCESS,0,0,warm20,,,,,,,,,,,used,,,,20260917-1737
2026-09-17 18:39:41,EHAUSM-I,SIGN,78,1,0.003000,0.000,0.008,1378844,614,0,5214,5215,0,0,0,3486788,15,2900026,0,0.397689,0.000000,0.000000,12541,0,5196.98,0,0,0,0,SUCCESS,0,0,warm20,,,,,,,,,,,used,,,,20260917-1737
2026-09-17 18:39:44,EHAUSM-I,SIGN,79,1,0.003000,0.000,0.008,1390075,620,0,3067,3067,0,0,0,1813605,15,1234164,0,0.353476,0.000000,0.000000,12364,0,4960.00,0,0,0,0,SUCCESS,0,0,warm20,,,,,,,,,,,used,,,,20260917-1737
2026-09-17 18:39:48,EHAUSM-I,SIGN,80,1,0.003000,0.000,0.008,1404925,626,0,3902,3903,0,0,0,3072004,15,2497863,0,0.373804,0.000000,0.000000,12159,0,6541.20,0,0,0,0,SUCCESS,0,0,warm20,,,,,,,,,,,used,,,,20260917-1737
2026-09-17 18:39:55,EHAUSM-I,SIGN,81,1,0.003000,0.000,0.008,1419540,632,0,6348,6348,0,0,0,3187333,15,2615072,0,0.387666,0.000000,0.000000,12230,0,5903.46,0,0,0,0,SUCCESS,0,0,warm20,,,,,,,,,,,used,,,,20260917-1737
2026-09-17 18:40:02,EHAUSM-I,SIGN,82,1,0.003000,0.000,0.008,1430972,638,0,7481,7481,0,0,0,3533426,15,2959645,0,0.369666,0.000000,0.000000,12165,0,7216.00,0,0,0,0,SUCCESS,0,0,warm20,,,,,,,,,,,used,,,,20260917-1737
2026-09-17 18:40:10,EHAUSM-I,SIGN,83,1,0.003000,0.000,0.008,1446547,644,0,7482,7482,0,0,0,3679073,15,3107365,0,0.368358,0.000000,0.000000,12128,0,8900.53,0,0,0,0,SUCCESS,0,0,warm20,,,,,,,,,,,used,,,,20260917-1737
2026-09-17 18:40:18,EHAUSM-I,SIGN,84,1,0.003000,0.000,0.008,1466019,650,0,8286,8287,0,0,0,5742603,16,5166264,0,0.362767,0.000000,0.000000,12206,0,4124.02,0,0,0,0,SUCCESS,0,0,warm20,,,,,,,,,,,used,,,,20260917-1737
2026-09-17 18:40:22,EHAUSM-I,SIGN,85,1,0.003000,0.000,0.008,1477721,656,0,3586,3587,0,0,0,2328380,16,1757855,0,0.372567,0.000000,0.000000,12122,0,4552.00,0,0,0,0,SUCCESS,0,0,warm20,,,,,,,,,,,used,,,,20260917-1737
2026-09-17 18:40:26,EHAUSM-I,SIGN,86,1,0.003000,0.000,0.008,1489446,662,0,4313,4313,0,0,0,2753953,16,2187771,0,0.386047,0.000000,0.000000,12092,0,6505.67,0,0,0,0,SUCCESS,0,0,warm20,,,,,,,,,,,used,,,,20260917-1737
2026-09-17 18:40:34,EHAUSM-I,SIGN,87,1,0.003000,0.000,0.008,1504545,668,0,7837,7837,0,0,0,5286351,16,4717665,0,0.395645,0.000000,0.000000,12261,0,3636.90,0,0,0,0,SUCCESS,0,0,warm20,,,,,,,,,,,used,,,,20260917-1737
2026-09-17 18:40:43,EHAUSM-I,SIGN,88,1,0.003000,0.000,0.008,1520720,674,0,8676,8677,0,0,0,5266965,17,4694715,0,0.401806,0.000000,0.000000,12357,0,7988.64,0,0,0,0,SUCCESS,0,0,warm20,,,,,,,,,,,used,,,,20260917-1737
2026-09-17 18:40:51,EHAUSM-I,SIGN,89,1,0.003000,0.000,0.008,1534926,680,0,7542,7543,0,0,0,3940487,17,3369620,0,0.389240,0.000000,0.000000,12454,0,9438.48,0,0,0,0,SUCCESS,0,0,warm20,,,,,,,,,,,used,,,,20260917-1737
2026-09-17 18:41:01,EHAUSM-I,SIGN,90,1,0.003000,0.000,0.008,1553182,686,0,9518,9519,0,0,0,6289826,17,5711617,0,0.400723,0.000000,0.000000,12724,0,7064.00,0,0,0,0,SUCCESS,0,0,warm20,,,,,,,,,,,used,,,,20260917-1737
2026-09-17 18:41:10,EHAUSM-I,SIGN,91,1,0.003000,0.000,0.008,1569089,692,0,9634,9634,0,0,0,5864758,17,5281613,0,0.395726,0.000000,0.000000,12856,0,8019.18,0,0,0,0,SUCCESS,0,0,warm20,,,,,,,,,,,used,,,,20260917-1737
2026-09-17 18:41:21,EHAUSM-I,SIGN,92,1,0.003000,0.000,0.008,1586819,698,0,10905,10906,0,0,0,6927324,18,6337755,0,0.410029,0.000000,0.000000,12860,0,5016.00,0,0,0,0,SUCCESS,0,0,warm20,,,,,,,,,,,used,,,,20260917-1737
2026-09-17 18:41:32,EHAUSM-I,SIGN,93,1,0.003000,0.000,0.008,1606504,704,0,10317,10317,0,0,0,7595912,18,6995222,0,0.372524,0.000000,0.000000,12872,0,6400.00,0,0,0,0,SUCCESS,0,0,warm20,,,,,,,,,,,used,,,,20260917-1737
2026-09-17 18:41:39,EHAUSM-I,SIGN,94,1,0.003000,0.000,0.008,1616945,710,0,7023,7023,0,0,0,2869002,18,2269324,0,0.390843,0.000000,0.000000,12890,0,6936.00,0,0,0,0,SUCCESS,0,0,warm20,,,,,,,,,,,used,,,,20260917-1737
2026-09-17 18:41:47,EHAUSM-I,SIGN,95,1,0.003000,0.000,0.008,1631610,716,0,7414,7414,0,0,0,4383974,18,3782574,0,0.352245,0.000000,0.000000,12886,0,8400.00,0,0,0,0,SUCCESS,0,0,warm20,,,,,,,,,,,used,,,,20260917-1737
2026-09-17 18:41:55,EHAUSM-I,SIGN,96,1,0.003000,0.000,0.008,1649145,722,0,8440,8440,0,0,0,4722811,18,4122500,0,0.397764,0.000000,0.000000,12904,0,2844.74,0,0,0,0,SUCCESS,0,0,warm20,,,,,,,,,,,used,,,,20260917-1737
2026-09-17 18:42:01,EHAUSM-I,SIGN,97,1,0.003000,0.000,0.008,1663324,728,0,5367,5367,0,0,0,3249597,18,2653184,0,0.369632,0.000000,0.000000,12728,0,6648.00,0,0,0,0,SUCCESS,0,0,warm20,,,,,,,,,,,used,,,,20260917-1737
2026-09-17 18:42:02,EHAUSM-I,SIGN,98,1,0.003000,0.000,0.008,1668652,730,0,1710,1710,0,0,0,1000548,18,406661,0,0.280130,0.000000,0.000000,12666,0,3848.00,0,0,0,0,SUCCESS,0,0,warm20,,,,,,,,,,,used,,,,20260917-1737
2026-09-17 18:42:02,EHAUSM-I,SIGN,99,1,0.003000,0.000,0.008,1668652,730,0,114,114,0,0,0,593898,18,11,0,0.217673,0.000000,0.000000,12666,0,4280.00,0,0,0,0,SUCCESS,0,0,warm20,,,,,,,,,,,used,,,,20260917-1737
2026-09-17 18:42:23,EHAUSM-I,SIGN,0,2,0.003000,0.000,0.200,319686,146,3,19646,19649,0,0,0,106349081,0,104965619,0,0.455007,0.000000,0.000000,23387,0,4375.68,0,0,0,0,SUCCESS,0,0,warm20,,,,,,,,,,,used,,,,20260917-1737
2026-09-17 18:42:28,EHAUSM-I,SIGN,1,2,0.003000,0.000,0.008,334092,152,0,4826,4826,0,0,0,10288822,0,8936539,0,0.435039,0.000000,0.000000,23347,0,2608.06,0,0,0,0,SUCCESS,0,0,warm20,,,,,,,,,,,used,,,,20260917-1737
2026-09-17 18:42:32,EHAUSM-I,SIGN,2,2,0.003000,0.000,0.008,345121,158,0,3496,3496,0,0,0,5443189,0,4141032,0,0.377264,0.000000,0.000000,23125,0,6518.58,0,0,0,0,SUCCESS,0,0,warm20,,,,,,,,,,,used,,,,20260917-1737
2026-09-17 18:42:37,EHAUSM-I,SIGN,3,2,0.003000,0.000,0.008,358047,164,0,5570,5570,0,0,0,9573676,0,8288212,0,0.413652,0.000000,0.000000,22486,0,6880.00,0,0,0,0,SUCCESS,0,0,warm20,,,,,,,,,,,used,,,,20260917-1737
2026-09-17 18:42:40,EHAUSM-I,SIGN,4,2,0.003000,0.000,0.008,369331,170,0,2957,2957,0,0,0,3569403,0,2356131,0,0.384754,0.000000,0.000000,21958,0,10331.21,0,0,0,0,SUCCESS,0,0,warm20,,,,,,,,,,,used,,,,20260917-1737
2026-09-17 18:42:46,EHAUSM-I,SIGN,5,2,0.003000,0.000,0.008,383289,176,0,5339,5339,0,0,0,8922941,0,7741615,0,0.391145,0.000000,0.000000,21751,0,10041.20,0,0,0,0,SUCCESS,0,0,warm20,,,,,,,,,,,used,,,,20260917-1737
2026-09-17 18:42:49,EHAUSM-I,SIGN,6,2,0.003000,0.000,0.008,393230,182,0,3361,3361,0,0,0,4240412,0,3105813,0,0.453021,0.000000,0.000000,21796,0,4808.00,0,0,0,0,SUCCESS,0,0,warm20,,,,,,,,,,,used,,,,20260917-1737
2026-09-17 18:42:53,EHAUSM-I,SIGN,7,2,0.003000,0.000,0.008,408594,188,0,3297,3297,0,0,0,5568099,0,4498255,0,0.415693,0.000000,0.000000,20533,0,7792.00,0,0,0,0,SUCCESS,0,0,warm20,,,,,,,,,,,used,,,,20260917-1737
2026-09-17 18:42:59,EHAUSM-I,SIGN,8,2,0.003000,0.000,0.008,428453,194,0,6027,6027,0,0,0,12107367,1,11011691,0,0.414736,0.000000,0.000000,20113,0,5136.00,0,0,0,0,SUCCESS,0,0,warm20,,,,,,,,,,,used,,,,20260917-1737
2026-09-17 18:43:06,EHAUSM-I,SIGN,9,2,0.003000,0.000,0.008,446004,200,0,6823,6823,0,0,0,17236631,1,16029097,0,0.457766,0.000000,0.000000,19376,0,6384.00,0,0,0,0,SUCCESS,0,0,warm20,,,,,,,,,,,used,,,,20260917-1737
2026-09-17 18:43:08,EHAUSM-I,SIGN,10,2,0.003000,0.000,0.008,456476,206,0,2106,2106,0,0,0,2949555,1,1801088,0,0.403057,0.000000,0.000000,18895,0,12360.00,0,0,0,0,SUCCESS,0,0,warm20,,,,,,,,,,,used,,,,20260917-1737
2026-09-17 18:43:10,EHAUSM-I,SIGN,11,2,0.003000,0.000,0.008,466138,212,0,1679,1679,0,0,0,2560673,1,1464958,0,0.362251,0.000000,0.000000,18242,0,7907.77,0,0,0,0,SUCCESS,0,0,warm20,,,,,,,,,,,used,,,,20260917-1737
2026-09-17 18:43:16,EHAUSM-I,SIGN,12,2,0.003000,0.000,0.008,480433,218,0,5574,5575,0,0,0,8161881,1,7088650,0,0.440303,0.000000,0.000000,18295,0,7208.00,0,0,0,0,SUCCESS,0,0,warm20,,,,,,,,,,,used,,,,20260917-1737
2026-09-17 18:43:22,EHAUSM-I,SIGN,13,2,0.003000,0.000,0.008,496413,224,0,6688,6688,0,0,0,9894296,2,8823550,0,0.441975,0.000000,0.000000,19145,0,11824.00,0,0,0,0,SUCCESS,0,0,warm20,,,,,,,,,,,used,,,,20260917-1737
2026-09-17 18:43:26,EHAUSM-I,SIGN,14,2,0.003000,0.000,0.008,507190,230,0,3542,3542,0,0,0,4360329,2,3317451,0,0.403596,0.000000,0.000000,18586,0,6176.00,0,0,0,0,SUCCESS,0,0,warm20,,,,,,,,,,,used,,,,20260917-1737
2026-09-17 18:43:35,EHAUSM-I,SIGN,15,2,0.003000,0.000,0.008,518654,236,0,8251,8251,0,0,0,11521523,2,10454205,0,0.433380,0.000000,0.000000,19660,0,4755.05,0,0,0,0,SUCCESS,0,0,warm20,,,,,,,,,,,used,,,,20260917-1737
2026-09-17 18:43:44,EHAUSM-I,SIGN,16,2,0.003000,0.000,0.008,536314,242,0,9460,9461,0,0,0,13875828,2,12775844,0,0.410167,0.000000,0.000000,20004,0,8272.00,0,0,0,0,SUCCESS,0,0,warm20,,,,,,,,,,,used,,,,20260917-1737
2026-09-17 18:43:46,EHAUSM-I,SIGN,17,2,0.003000,0.000,0.008,544548,248,0,1883,1883,0,0,0,2486702,2,1421976,0,0.378039,0.000000,0.000000,19532,0,5616.00,0,0,0,0,SUCCESS,0,0,warm20,,,,,,,,,,,used,,,,20260917-1737
2026-09-17 18:43:51,EHAUSM-I,SIGN,18,2,0.003000,0.000,0.008,556990,254,0,4476,4477,0,0,0,4978911,2,3945685,0,0.387466,0.000000,0.000000,18960,0,9496.00,0,0,0,0,SUCCESS,0,0,warm20,,,,,,,,,,,used,,,,20260917-1737
2026-09-17 18:43:57,EHAUSM-I,SIGN,19,2,0.003000,0.000,0.008,569490,260,0,6180,6180,0,0,0,6193410,2,5169635,0,0.379130,0.000000,0.000000,18933,0,7235.63,0,0,0,0,SUCCESS,0,0,warm20,,,,,,,,,,,used,,,,20260917-1737
2026-09-17 18:44:04,EHAUSM-I,SIGN,20,2,0.003000,0.000,0.008,587283,266,0,7024,7024,0,0,0,11526897,2,10466313,0,0.354344,0.000000,0.000000,18422,0,10357.03,0,0,0,0,SUCCESS,0,0,warm20,,,,,,,,,,,used,,,,20260917-1737
2026-09-17 18:44:10,EHAUSM-I,SIGN,21,2,0.003000,0.000,0.008,601918,272,0,5556,5557,0,0,0,6070721,1,5025904,0,0.386103,0.000000,0.000000,18161,0,9892.43,0,0,0,0,SUCCESS,0,0,warm20,,,,,,,,,,,used,,,,20260917-1737
2026-09-17 18:44:16,EHAUSM-I,SIGN,22,2,0.003000,0.000,0.008,613134,278,0,6325,6325,0,0,0,5767452,1,4737696,0,0.413097,0.000000,0.000000,18187,0,10933.03,0,0,0,0,SUCCESS,0,0,warm20,,,,,,,,,,,used,,,,20260917-1737
2026-09-17 18:44:18,EHAUSM-I,SIGN,23,2,0.003000,0.000,0.008,625156,284,0,1652,1652,0,0,0,1845814,2,862359,0,0.310437,0.000000,0.000000,17486,0,7397.03,0,0,0,0,SUCCESS,0,0,warm20,,,,,,,,,,,used,,,,20260917-1737
2026-09-17 18:44:21,EHAUSM-I,SIGN,24,2,0.003000,0.000,0.008,639272,290,0,3182,3182,0,0,0,3636397,2,2689447,0,0.369529,0.000000,0.000000,17307,0,7933.03,0,0,0,0,SUCCESS,0,0,warm20,,,,,,,,,,,used,,,,20260917-1737
2026-09-17 18:44:27,EHAUSM-I,SIGN,25,2,0.003000,0.000,0.008,650468,296,0,5689,5689,0,0,0,5171306,3,4238241,0,0.390664,0.000000,0.000000,17338,0,5810.68,0,0,0,0,SUCCESS,0,0,warm20,,,,,,,,,,,used,,,,20260917-1737
2026-09-17 18:44:32,EHAUSM-I,SIGN,26,2,0.003000,0.000,0.008,661807,302,0,4447,4448,0,0,0,4170307,5,3248276,0,0.362434,0.000000,0.000000,16997,0,7234.34,0,0,0,0,SUCCESS,0,0,warm20,,,,,,,,,,,used,,,,20260917-1737
2026-09-17 18:44:34,EHAUSM-I,SIGN,27,2,0.003000,0.000,0.008,671849,308,0,2157,2157,0,0,0,2100289,6,1205130,0,0.340752,0.000000,0.000000,16446,0,3016.00,0,0,0,0,SUCCESS,0,0,warm20,,,,,,,,,,,used,,,,20260917-1737
2026-09-17 18:44:39,EHAUSM-I,SIGN,28,2,0.003000,0.000,0.008,682126,314,0,4803,4803,0,0,0,3927330,6,3046100,0,0.412920,0.000000,0.000000,16420,0,6400.00,0,0,0,0,SUCCESS,0,0,warm20,,,,,,,,,,,used,,,,20260917-1737
2026-09-17 18:44:47,EHAUSM-I,SIGN,29,2,0.003000,0.000,0.008,695776,320,0,7798,7798,0,0,0,8917924,6,8023690,0,0.413240,0.000000,0.000000,16853,0,10509.78,0,0,0,0,SUCCESS,0,0,warm20,,,,,,,,,,,used,,,,20260917-1737
2026-09-17 18:44:51,EHAUSM-I,SIGN,30,2,0.003000,0.000,0.008,707653,326,0,4056,4056,0,0,0,3547772,6,2672099,0,0.372790,0.000000,0.000000,16464,0,5294.82,0,0,0,0,SUCCESS,0,0,warm20,,,,,,,,,,,used,,,,20260917-1737
2026-09-17 18:44:53,EHAUSM-I,SIGN,31,2,0.003000,0.000,0.008,720279,332,0,2151,2151,0,0,0,2472630,6,1624330,0,0.344999,0.000000,0.000000,15898,0,10646.82,0,0,0,0,SUCCESS,0,0,warm20,,,,,,,,,,,used,,,,20260917-1737
2026-09-17 18:44:59,EHAUSM-I,SIGN,32,2,0.003000,0.000,0.008,730705,338,0,5384,5384,0,0,0,3679603,6,2845020,0,0.383583,0.000000,0.000000,15828,0,7216.00,0,0,0,0,SUCCESS,0,0,warm20,,,,,,,,,,,used,,,,20260917-1737
2026-09-17 18:45:05,EHAUSM-I,SIGN,33,2,0.003000,0.000,0.008,744420,344,0,6285,6285,0,0,0,5401415,8,4577867,0,0.456428,0.000000,0.000000,16554,0,5635.67,0,0,0,0,SUCCESS,0,0,warm20,,,,,,,,,,,used,,,,20260917-1737
2026-09-17 18:45:13,EHAUSM-I,SIGN,34,2,0.003000,0.000,0.008,756980,350,0,7571,7571,0,0,0,6252693,8,5431078,0,0.405462,0.000000,0.000000,16743,0,4153.94,0,0,0,0,SUCCESS,0,0,warm20,,,,,,,,,,,used,,,,20260917-1737
2026-09-17 18:45:18,EHAUSM-I,SIGN,35,2,0.003000,0.000,0.008,768219,356,0,4741,4741,0,0,0,3587094,8,2780917,0,0.404282,0.000000,0.000000,16721,0,6361.13,0,0,0,0,SUCCESS,0,0,warm20,,,,,,,,,,,used,,,,20260917-1737
2026-09-17 18:45:23,EHAUSM-I,SIGN,36,2,0.003000,0.000,0.008,777786,362,0,5455,5455,0,0,0,3690865,10,2893055,0,0.421007,0.000000,0.000000,16692,0,10181.38,0,0,0,0,SUCCESS,0,0,warm20,,,,,,,,,,,used,,,,20260917-1737
2026-09-17 18:45:31,EHAUSM-I,SIGN,37,2,0.003000,0.000,0.008,790994,368,0,7701,7701,0,0,0,6756965,10,5955887,0,0.416154,0.000000,0.000000,16986,0,5565.38,0,0,0,0,SUCCESS,0,0,warm20,,,,,,,,,,,used,,,,20260917-1737
2026-09-17 18:45:36,EHAUSM-I,SIGN,38,2,0.003000,0.000,0.008,803248,374,0,5078,5078,0,0,0,3565935,9,2777969,0,0.408027,0.000000,0.000000,16821,0,8693.38,0,0,0,0,SUCCESS,0,0,warm20,,,,,,,,,,,used,,,,20260917-1737
2026-09-17 18:45:42,EHAUSM-I,SIGN,39,2,0.003000,0.000,0.008,817420,380,0,5695,5696,0,0,0,4331129,9,3552919,0,0.409584,0.000000,0.000000,16757,0,5877.38,0,0,0,0,SUCCESS,0,0,warm20,,,,,,,,,,,used,,,,20260917-1737
2026-09-17 18:45:48,EHAUSM-I,SIGN,40,2,0.003000,0.000,0.008,828605,386,0,6142,6142,0,0,0,4090810,10,3315675,0,0.395392,0.000000,0.000000,16796,0,11813.38,0,0,0,0,SUCCESS,0,0,warm20,,,,,,,,,,,used,,,,20260917-1737
2026-09-17 18:45:55,EHAUSM-I,SIGN,41,2,0.003000,0.000,0.008,840915,392,0,6700,6700,0,0,0,4938308,10,4169592,0,0.405874,0.000000,0.000000,16767,0,9145.72,0,0,0,0,SUCCESS,0,0,warm20,,,,,,,,,,,used,,,,20260917-1737
2026-09-17 18:46:01,EHAUSM-I,SIGN,42,2,0.003000,0.000,0.008,851890,398,0,6394,6394,0,0,0,4071843,10,3308202,0,0.418596,0.000000,0.000000,17093,0,5488.00,0,0,0,0,SUCCESS,0,0,warm20,,,,,,,,,,,used,,,,20260917-1737
2026-09-17 18:46:08,EHAUSM-I,SIGN,43,2,0.003000,0.000,0.008,867106,404,0,6398,6398,0,0,0,5170234,9,4411323,0,0.395902,0.000000,0.000000,16906,0,4555.92,0,0,0,0,SUCCESS,0,0,warm20,,,,,,,,,,,used,,,,20260917-1737
2026-09-17 18:46:13,EHAUSM-I,SIGN,44,2,0.003000,0.000,0.008,884460,410,0,5311,5311,0,0,0,4628915,12,3876980,0,0.383507,0.000000,0.000000,16490,0,8407.51,0,0,0,0,SUCCESS,0,0,warm20,,,,,,,,,,,used,,,,20260917-1737
2026-09-17 18:46:17,EHAUSM-I,SIGN,45,2,0.003000,0.000,0.008,901027,416,0,3639,3639,0,0,0,3269866,13,2535986,0,0.348284,0.000000,0.000000,15893,0,8895.51,0,0,0,0,SUCCESS,0,0,warm20,,,,,,,,,,,used,,,,20260917-1737
2026-09-17 18:46:22,EHAUSM-I,SIGN,46,2,0.003000,0.000,0.008,916886,422,0,4485,4485,0,0,0,4297782,13,3574823,0,0.395263,0.000000,0.000000,15488,0,11470.42,0,0,0,0,SUCCESS,0,0,warm20,,,,,,,,,,,used,,,,20260917-1737
2026-09-17 18:46:25,EHAUSM-I,SIGN,47,2,0.003000,0.000,0.008,933116,428,0,3526,3527,0,0,0,2952826,12,2243760,0,0.368645,0.000000,0.000000,15117,0,11511.51,0,0,0,0,SUCCESS,0,0,warm20,,,,,,,,,,,used,,,,20260917-1737
2026-09-17 18:46:29,EHAUSM-I,SIGN,48,2,0.003000,0.000,0.008,947537,434,0,3736,3736,0,0,0,3105594,12,2408192,0,0.375614,0.000000,0.000000,14733,0,12093.63,0,0,0,0,SUCCESS,0,0,warm20,,,,,,,,,,,used,,,,20260917-1737
2026-09-17 18:46:32,EHAUSM-I,SIGN,49,2,0.003000,0.000,0.008,957204,440,0,3018,3019,0,0,0,1688257,12,1003505,0,0.357825,0.000000,0.000000,14599,0,10228.08,0,0,0,0,SUCCESS,0,0,warm20,,,,,,,,,,,used,,,,20260917-1737
2026-09-17 18:46:36,EHAUSM-I,SIGN,50,2,0.003000,0.000,0.008,967022,446,0,3768,3768,0,0,0,2330194,11,1652784,0,0.390908,0.000000,0.000000,14609,0,9483.80,0,0,0,0,SUCCESS,0,0,warm20,,,,,,,,,,,used,,,,20260917-1737
2026-09-17 18:46:42,EHAUSM-I,SIGN,51,2,0.003000,0.000,0.008,979636,452,0,5995,5995,0,0,0,3988063,11,3308579,0,0.390625,0.000000,0.000000,14554,0,3194.44,0,0,0,0,SUCCESS,0,0,warm20,,,,,,,,,,,used,,,,20260917-1737
2026-09-17 18:46:46,EHAUSM-I,SIGN,52,2,0.003000,0.000,0.008,990505,458,0,3744,3744,0,0,0,2097785,11,1428630,0,0.371789,0.000000,0.000000,14363,0,2270.66,0,0,0,0,SUCCESS,0,0,warm20,,,,,,,,,,,used,,,,20260917-1737
2026-09-17 18:46:47,EHAUSM-I,SIGN,53,2,0.003000,0.000,0.008,1001386,464,0,1579,1579,0,0,0,1177616,11,523640,0,0.327033,0.000000,0.000000,14056,0,5390.66,0,0,0,0,SUCCESS,0,0,warm20,,,,,,,,,,,used,,,,20260917-1737
2026-09-17 18:46:54,EHAUSM-I,SIGN,54,2,0.003000,0.000,0.008,1016244,470,0,6494,6494,0,0,0,4283695,11,3633493,0,0.420723,0.000000,0.000000,13905,0,3483.65,0,0,0,0,SUCCESS,0,0,warm20,,,,,,,,,,,used,,,,20260917-1737
2026-09-17 18:46:59,EHAUSM-I,SIGN,55,2,0.003000,0.000,0.008,1027129,476,0,4732,4733,0,0,0,2472198,13,1827686,0,0.386123,0.000000,0.000000,13871,0,5259.65,0,0,0,0,SUCCESS,0,0,warm20,,,,,,,,,,,used,,,,20260917-1737
2026-09-17 18:47:04,EHAUSM-I,SIGN,56,2,0.003000,0.000,0.008,1047408,482,0,5024,5024,0,0,0,4266067,12,3628390,0,0.372336,0.000000,0.000000,13478,0,8475.65,0,0,0,0,SUCCESS,0,0,warm20,,,,,,,,,,,used,,,,20260917-1737
2026-09-17 18:47:09,EHAUSM-I,SIGN,57,2,0.003000,0.000,0.008,1060421,488,0,5613,5613,0,0,0,2834726,12,2203775,0,0.390365,0.000000,0.000000,13277,0,4598.18,0,0,0,0,SUCCESS,0,0,warm20,,,,,,,,,,,used,,,,20260917-1737
2026-09-17 18:47:15,EHAUSM-I,SIGN,58,2,0.003000,0.000,0.008,1079371,494,0,5099,5099,0,0,0,3773211,12,3149524,0,0.416606,0.000000,0.000000,13241,0,7435.65,0,0,0,0,SUCCESS,0,0,warm20,,,,,,,,,,,used,,,,20260917-1737
2026-09-17 18:47:19,EHAUSM-I,SIGN,59,2,0.003000,0.000,0.008,1096747,500,0,4217,4217,0,0,0,3301755,13,2680853,0,0.384372,0.000000,0.000000,13167,0,8907.65,0,0,0,0,SUCCESS,0,0,warm20,,,,,,,,,,,used,,,,20260917-1737
2026-09-17 18:47:24,EHAUSM-I,SIGN,60,2,0.003000,0.000,0.008,1110602,506,0,4577,4577,0,0,0,2726829,15,2113477,0,0.379886,0.000000,0.000000,13007,0,10627.65,0,0,0,0,SUCCESS,0,0,warm20,,,,,,,,,,,used,,,,20260917-1737
2026-09-17 18:47:28,EHAUSM-I,SIGN,61,2,0.003000,0.000,0.008,1124744,512,0,4245,4245,0,0,0,2784971,17,2179791,0,0.400047,0.000000,0.000000,12882,0,11547.65,0,0,0,0,SUCCESS,0,0,warm20,,,,,,,,,,,used,,,,20260917-1737
2026-09-17 18:47:33,EHAUSM-I,SIGN,62,2,0.003000,0.000,0.008,1139446,518,0,4994,4995,0,0,0,3975996,16,3374197,0,0.413489,0.000000,0.000000,12846,0,5046.69,0,0,0,0,SUCCESS,0,0,warm20,,,,,,,,,,,used,,,,20260917-1737
2026-09-17 18:47:40,EHAUSM-I,SIGN,63,2,0.003000,0.000,0.008,1156811,524,0,6561,6561,0,0,0,4378528,14,3783839,0,0.420085,0.000000,0.000000,12821,0,8664.39,0,0,0,0,SUCCESS,0,0,warm20,,,,,,,,,,,used,,,,20260917-1737
2026-09-17 18:47:44,EHAUSM-I,SIGN,64,2,0.003000,0.000,0.008,1169601,530,0,4731,4731,0,0,0,3138449,15,2548773,0,0.412193,0.000000,0.000000,12622,0,2714.69,0,0,0,0,SUCCESS,0,0,warm20,,,,,,,,,,,used,,,,20260917-1737
2026-09-17 18:47:49,EHAUSM-I,SIGN,65,2,0.003000,0.000,0.008,1183474,536,0,4850,4850,0,0,0,2783707,15,2199814,0,0.380521,0.000000,0.000000,12433,0,4584.00,0,0,0,0,SUCCESS,0,0,warm20,,,,,,,,,,,used,,,,20260917-1737
2026-09-17 18:47:53,EHAUSM-I,SIGN,66,2,0.003000,0.000,0.008,1194955,542,0,3163,3163,0,0,0,2092097,15,1515400,0,0.382346,0.000000,0.000000,12294,0,3160.00,0,0,0,0,SUCCESS,0,0,warm20,,,,,,,,,,,used,,,,20260917-1737
2026-09-17 18:47:56,EHAUSM-I,SIGN,67,2,0.003000,0.000,0.008,1209554,548,0,3591,3592,0,0,0,2316533,14,1748007,0,0.360568,0.000000,0.000000,12041,0,10128.00,0,0,0,0,SUCCESS,0,0,warm20,,,,,,,,,,,used,,,,20260917-1737
2026-09-17 18:48:02,EHAUSM-I,SIGN,68,2,0.003000,0.000,0.008,1225092,554,0,5830,5830,0,0,0,3739021,14,3169933,0,0.395518,0.000000,0.000000,12117,0,6623.66,0,0,0,0,SUCCESS,0,0,warm20,,,,,,,,,,,used,,,,20260917-1737
2026-09-17 18:48:10,EHAUSM-I,SIGN,69,2,0.003000,0.000,0.008,1246726,560,0,7586,7586,0,0,0,7871675,14,7284877,0,0.397207,0.000000,0.000000,12158,0,8840.00,0,0,0,0,SUCCESS,0,0,warm20,,,,,,,,,,,used,,,,20260917-1737
2026-09-17 18:48:18,EHAUSM-I,SIGN,70,2,0.003000,0.000,0.008,1265597,566,0,7702,7703,0,0,0,5457412,14,4862415,0,0.393662,0.000000,0.000000,12584,0,10080.00,0,0,0,0,SUCCESS,0,0,warm20,,,,,,,,,,,used,,,,20260917-1737
2026-09-17 18:48:25,EHAUSM-I,SIGN,71,2,0.003000,0.000,0.008,1283052,572,0,7259,7260,0,0,0,4170814,14,3574499,0,0.411081,0.000000,0.000000,12659,0,9509.07,0,0,0,0,SUCCESS,0,0,warm20,,,,,,,,,,,used,,,,20260917-1737
2026-09-17 18:48:33,EHAUSM-I,SIGN,72,2,0.003000,0.000,0.008,1300784,578,0,8461,8462,0,0,0,6139510,14,5530855,0,0.377803,0.000000,0.000000,12940,0,9994.26,0,0,0,0,SUCCESS,0,0,warm20,,,,,,,,,,,used,,,,20260917-1737
2026-09-17 18:48:41,EHAUSM-I,SIGN,73,2,0.003000,0.000,0.008,1316615,584,0,7686,7687,0,0,0,5526199,14,4914031,0,0.391536,0.000000,0.000000,12887,0,8660.85,0,0,0,0,SUCCESS,0,0,warm20,,,,,,,,,,,used,,,,20260917-1737
2026-09-17 18:48:45,EHAUSM-I,SIGN,74,2,0.003000,0.000,0.008,1330102,590,0,3855,3855,0,0,0,2538255,14,1933294,0,0.364843,0.000000,0.000000,12801,0,8960.00,0,0,0,0,SUCCESS,0,0,warm20,,,,,,,,,,,used,,,,20260917-1737
2026-09-17 18:48:49,EHAUSM-I,SIGN,75,2,0.003000,0.000,0.008,1342143,596,0,3363,3363,0,0,0,2006426,15,1409183,0,0.355933,0.000000,0.000000,12641,0,8288.00,0,0,0,0,SUCCESS,0,0,warm20,,,,,,,,,,,used,,,,20260917-1737
2026-09-17 18:48:52,EHAUSM-I,SIGN,76,2,0.003000,0.000,0.008,1352225,602,0,2917,2917,0,0,0,1408402,15,818945,0,0.308720,0.000000,0.000000,12469,0,6596.08,0,0,0,0,SUCCESS,0,0,warm20,,,,,,,,,,,used,,,,20260917-1737
2026-09-17 18:49:00,EHAUSM-I,SIGN,77,2,0.003000,0.000,0.008,1364919,608,0,8150,8150,0,0,0,3824402,15,3235311,0,0.378348,0.000000,0.000000,12515,0,7073.59,0,0,0,0,SUCCESS,0,0,warm20,,,,,,,,,,,used,,,,20260917-1737
2026-09-17 18:49:05,EHAUSM-I,SIGN,78,2,0.003000,0.000,0.008,1378844,614,0,5200,5201,0,0,0,3486788,15,2900026,0,0.397689,0.000000,0.000000,12541,0,10152.00,0,0,0,0,SUCCESS,0,0,warm20,,,,,,,,,,,used,,,,20260917-1737
2026-09-17 18:49:08,EHAUSM-I,SIGN,79,2,0.003000,0.000,0.008,1390075,620,0,3060,3060,0,0,0,1813605,15,1234164,0,0.353476,0.000000,0.000000,12364,0,8751.89,0,0,0,0,SUCCESS,0,0,warm20,,,,,,,,,,,used,,,,20260917-1737
2026-09-17 18:49:12,EHAUSM-I,SIGN,80,2,0.003000,0.000,0.008,1404925,626,0,3893,3894,0,0,0,3072004,15,2497863,0,0.373804,0.000000,0.000000,12159,0,9168.00,0,0,0,0,SUCCESS,0,0,warm20,,,,,,,,,,,used,,,,20260917-1737
2026-09-17 18:49:19,EHAUSM-I,SIGN,81,2,0.003000,0.000,0.008,1419540,632,0,6338,6339,0,0,0,3187333,15,2615072,0,0.387666,0.000000,0.000000,12230,0,6258.51,0,0,0,0,SUCCESS,0,0,warm20,,,,,,,,,,,used,,,,20260917-1737
2026-09-17 18:49:26,EHAUSM-I,SIGN,82,2,0.003000,0.000,0.008,1430972,638,0,7448,7448,0,0,0,3533426,15,2959645,0,0.369666,0.000000,0.000000,12165,0,11724.49,0,0,0,0,SUCCESS,0,0,warm20,,,,,,,,,,,used,,,,20260917-1737
2026-09-17 18:49:34,EHAUSM-I,SIGN,83,2,0.003000,0.000,0.008,1446547,644,0,7434,7434,0,0,0,3679073,15,3107365,0,0.368358,0.000000,0.000000,12128,0,8091.69,0,0,0,0,SUCCESS,0,0,warm20,,,,,,,,,,,used,,,,20260917-1737
2026-09-17 18:49:42,EHAUSM-I,SIGN,84,2,0.003000,0.000,0.008,1466019,650,0,8242,8242,0,0,0,5742603,16,5166264,0,0.362767,0.000000,0.000000,12206,0,8906.99,0,0,0,0,SUCCESS,0,0,warm20,,,,,,,,,,,used,,,,20260917-1737
2026-09-17 18:49:46,EHAUSM-I,SIGN,85,2,0.003000,0.000,0.008,1477721,656,0,3573,3573,0,0,0,2328380,16,1757855,0,0.372567,0.000000,0.000000,12122,0,8724.05,0,0,0,0,SUCCESS,0,0,warm20,,,,,,,,,,,used,,,,20260917-1737
2026-09-17 18:49:50,EHAUSM-I,SIGN,86,2,0.003000,0.000,0.008,1489446,662,0,4297,4297,0,0,0,2753953,16,2187771,0,0.386047,0.000000,0.000000,12092,0,9653.65,0,0,0,0,SUCCESS,0,0,warm20,,,,,,,,,,,used,,,,20260917-1737
2026-09-17 18:49:58,EHAUSM-I,SIGN,87,2,0.003000,0.000,0.008,1504545,668,0,7805,7805,0,0,0,5286351,16,4717665,0,0.395645,0.000000,0.000000,12261,0,10040.00,0,0,0,0,SUCCESS,0,0,warm20,,,,,,,,,,,used,,,,20260917-1737
2026-09-17 18:50:07,EHAUSM-I,SIGN,88,2,0.003000,0.000,0.008,1520720,674,0,8639,8639,0,0,0,5266965,17,4694715,0,0.401806,0.000000,0.000000,12357,0,5006.70,0,0,0,0,SUCCESS,0,0,warm20,,,,,,,,,,,used,,,,20260917-1737
2026-09-17 18:50:14,EHAUSM-I,SIGN,89,2,0.003000,0.000,0.008,1534926,680,0,7505,7505,0,0,0,3940487,17,3369620,0,0.389240,0.000000,0.000000,12454,0,11270.93,0,0,0,0,SUCCESS,0,0,warm20,,,,,,,,,,,used,,,,20260917-1737
2026-09-17 18:50:24,EHAUSM-I,SIGN,90,2,0.003000,0.000,0.008,1553182,686,0,9477,9478,0,0,0,6289826,17,5711617,0,0.400723,0.000000,0.000000,12724,0,4583.87,0,0,0,0,SUCCESS,0,0,warm20,,,,,,,,,,,used,,,,20260917-1737
2026-09-17 18:50:34,EHAUSM-I,SIGN,91,2,0.003000,0.000,0.008,1569089,692,0,9586,9586,0,0,0,5864758,17,5281613,0,0.395726,0.000000,0.000000,12856,0,7525.46,0,0,0,0,SUCCESS,0,0,warm20,,,,,,,,,,,used,,,,20260917-1737
2026-09-17 18:50:45,EHAUSM-I,SIGN,92,2,0.003000,0.000,0.008,1586819,698,0,10835,10835,0,0,0,6927324,18,6337755,0,0.410029,0.000000,0.000000,12860,0,7748.46,0,0,0,0,SUCCESS,0,0,warm20,,,,,,,,,,,used,,,,20260917-1737
2026-09-17 18:50:55,EHAUSM-I,SIGN,93,2,0.003000,0.000,0.008,1606504,704,0,10290,10291,0,0,0,7595912,18,6995222,0,0.372524,0.000000,0.000000,12872,0,7829.06,0,0,0,0,SUCCESS,0,0,warm20,,,,,,,,,,,used,,,,20260917-1737
2026-09-17 18:51:02,EHAUSM-I,SIGN,94,2,0.003000,0.000,0.008,1616945,710,0,6994,6994,0,0,0,2869002,18,2269324,0,0.390843,0.000000,0.000000,12890,0,12221.06,0,0,0,0,SUCCESS,0,0,warm20,,,,,,,,,,,used,,,,20260917-1737
2026-09-17 18:51:10,EHAUSM-I,SIGN,95,2,0.003000,0.000,0.008,1631610,716,0,7364,7364,0,0,0,4383974,18,3782574,0,0.352245,0.000000,0.000000,12886,0,8704.00,0,0,0,0,SUCCESS,0,0,warm20,,,,,,,,,,,used,,,,20260917-1737
2026-09-17 18:51:18,EHAUSM-I,SIGN,96,2,0.003000,0.000,0.008,1649145,722,0,8397,8398,0,0,0,4722811,18,4122500,0,0.397764,0.000000,0.000000,12904,0,8765.24,0,0,0,0,SUCCESS,0,0,warm20,,,,,,,,,,,used,,,,20260917-1737
2026-09-17 18:51:24,EHAUSM-I,SIGN,97,2,0.003000,0.000,0.008,1663324,728,0,5343,5344,0,0,0,3249597,18,2653184,0,0.369632,0.000000,0.000000,12728,0,4875.37,0,0,0,0,SUCCESS,0,0,warm20,,,,,,,,,,,used,,,,20260917-1737
2026-09-17 18:51:25,EHAUSM-I,SIGN,98,2,0.003000,0.000,0.008,1668652,730,0,1702,1702,0,0,0,1000548,18,406661,0,0.280130,0.000000,0.000000,12666,0,7859.37,0,0,0,0,SUCCESS,0,0,warm20,,,,,,,,,,,used,,,,20260917-1737
2026-09-17 18:51:25,EHAUSM-I,SIGN,99,2,0.003000,0.000,0.008,1668652,730,0,117,117,0,0,0,593898,18,11,0,0.217673,0.000000,0.000000,12666,0,8291.37,0,0,0,0,SUCCESS,0,0,warm20,,,,,,,,,,,used,,,,20260917-1737
2026-09-17 18:51:27,EHAUSM-I,C8T1S5I8N5K,0,0,0.000200,0.000,0.200,9488004,9426,73,747,821,0,0,0,4135232,15686,3992155,0,0.468141,0.000000,0.000000,6078,0,1062.07,0,0,0,0,SUCCESS,0,0,warm20,,,,,,,,,,,used,,,,20260917-1737
2026-09-17 18:51:28,EHAUSM-I,C8T1S5I8N5K,1,0,0.000200,0.000,0.089,13704859,13616,33,680,714,0,0,0,2597223,20074,2485970,0,0.451259,0.000000,0.000000,6080,0,1715.45,0,0,0,0,SUCCESS,0,0,warm20,,,,,,,,,,,used,,,,20260917-1737
2026-09-17 18:51:28,EHAUSM-I,C8T1S5I8N5K,2,0,0.000200,0.000,0.089,17880094,17806,17,712,730,0,0,0,2177603,23258,2077421,0,0.464281,0.000000,0.000000,5461,0,2150.05,0,0,0,0,SUCCESS,0,0,warm20,,,,,,,,,,,used,,,,20260917-1737
2026-09-17 18:51:29,EHAUSM-I,C8T1S5I8N5K,3,0,0.000200,0.000,0.089,22148273,21996,20,750,770,0,0,0,1750534,24837,1657815,0,0.432152,0.000000,0.000000,3757,0,2308.66,0,0,0,0,SUCCESS,0,0,warm20,,,,,,,,,,,used,,,,20260917-1737
2026-09-17 18:51:30,EHAUSM-I,C8T1S5I8N5K,4,0,0.000200,0.000,0.089,26428215,26186,22,806,829,0,0,0,1676543,26499,1587844,0,0.417712,0.000000,0.000000,2699,0,2463.05,0,0,0,0,SUCCESS,0,0,warm20,,,,,,,,,,,used,,,,20260917-1737
2026-09-17 18:51:31,EHAUSM-I,C8T1S5I8N5K,5,0,0.000200,0.000,0.089,30677490,30376,23,1059,1082,0,0,0,1678355,27749,1591861,0,0.426775,0.000000,0.000000,3175,0,4727.05,0,0,0,0,SUCCESS,0,0,warm20,,,,,,,,,,,used,,,,20260917-1737
2026-09-17 18:51:32,EHAUSM-I,C8T1S5I8N5K,6,0,0.000200,0.000,0.089,34848642,34566,26,979,1006,0,0,0,1283596,28845,1199843,0,0.411592,0.000000,0.000000,2699,0,512.85,0,0,0,0,SUCCESS,0,0,warm20,,,,,,,,,,,used,,,,20260917-1737
2026-09-17 18:51:33,EHAUSM-I,C8T1S5I8N5K,7,0,0.000200,0.000,0.089,39047952,38756,25,1001,1026,0,0,0,1363891,29826,1282901,0,0.421931,0.000000,0.000000,2481,0,2704.85,0,0,0,0,SUCCESS,0,0,warm20,,,,,,,,,,,used,,,,20260917-1737
2026-09-17 18:51:34,EHAUSM-I,C8T1S5I8N5K,8,0,0.000200,0.000,0.089,43240877,42946,26,1115,1142,0,0,0,1383478,30367,1302794,0,0.420790,0.000000,0.000000,2451,0,5016.85,0,0,0,0,SUCCESS,0,0,warm20,,,,,,,,,,,used,,,,20260917-1737
2026-09-17 18:51:36,EHAUSM-I,C8T1S5I8N5K,9,0,0.000200,0.000,0.089,47416411,47132,28,1214,1242,0,0,0,1454974,30941,1376421,0,0.408285,0.000000,0.000000,2623,0,1259.77,0,0,0,0,SUCCESS,0,0,warm20,,,,,,,,,,,used,,,,20260917-1737
2026-09-17 18:51:37,EHAUSM-I,C8T1S5I8N5K,0,1,0.000200,0.000,0.200,9488004,9426,65,688,753,0,0,0,4135232,15686,3992155,0,0.468141,0.000000,0.000000,6078,0,282.74,0,0,0,0,SUCCESS,0,0,warm20,,,,,,,,,,,used,,,,20260917-1737
2026-09-17 18:51:38,EHAUSM-I,C8T1S5I8N5K,1,1,0.000200,0.000,0.089,13704859,13616,15,730,746,0,0,0,2597223,20074,2485970,0,0.451259,0.000000,0.000000,6080,0,785.31,0,0,0,0,SUCCESS,0,0,warm20,,,,,,,,,,,used,,,,20260917-1737
2026-09-17 18:51:38,EHAUSM-I,C8T1S5I8N5K,2,1,0.000200,0.000,0.089,17880094,17806,17,720,737,0,0,0,2177603,23258,2077421,0,0.464281,0.000000,0.000000,5461,0,1092.82,0,0,0,0,SUCCESS,0,0,warm20,,,,,,,,,,,used,,,,20260917-1737
2026-09-17 18:51:39,EHAUSM-I,C8T1S5I8N5K,3,1,0.000200,0.000,0.089,22148273,21996,19,753,773,0,0,0,1750534,24837,1657815,0,0.432152,0.000000,0.000000,3757,0,1112.79,0,0,0,0,SUCCESS,0,0,warm20,,,,,,,,,,,used,,,,20260917-1737
2026-09-17 18:51:40,EHAUSM-I,C8T1S5I8N5K,4,1,0.000200,0.000,0.089,26428215,26186,21,811,833,0,0,0,1676543,26499,1587844,0,0.417712,0.000000,0.000000,2699,0,1152.63,0,0,0,0,SUCCESS,0,0,warm20,,,,,,,,,,,used,,,,20260917-1737
2026-09-17 18:51:41,EHAUSM-I,C8T1S5I8N5K,5,1,0.000200,0.000,0.089,30677490,30376,22,1048,1070,0,0,0,1678355,27749,1591861,0,0.426775,0.000000,0.000000,3175,0,3408.63,0,0,0,0,SUCCESS,0,0,warm20,,,,,,,,,,,used,,,,20260917-1737
2026-09-17 18:51:42,EHAUSM-I,C8T1S5I8N5K,6,1,0.000200,0.000,0.089,34848642,34566,27,1036,1063,0,0,0,1283596,28845,1199843,0,0.411592,0.000000,0.000000,2699,0,5472.63,0,0,0,0,SUCCESS,0,0,warm20,,,,,,,,,,,used,,,,20260917-1737
2026-09-17 18:51:43,EHAUSM-I,C8T1S5I8N5K,7,1,0.000200,0.000,0.089,39047952,38756,29,1109,1139,0,0,0,1363891,29826,1282901,0,0.421931,0.000000,0.000000,2481,0,946.83,0,0,0,0,SUCCESS,0,0,warm20,,,,,,,,,,,used,,,,20260917-1737
2026-09-17 18:51:44,EHAUSM-I,C8T1S5I8N5K,8,1,0.000200,0.000,0.089,43240877,42946,26,1111,1138,0,0,0,1383478,30367,1302794,0,0.420790,0.000000,0.000000,2451,0,3258.83,0,0,0,0,SUCCESS,0,0,warm20,,,,,,,,,,,used,,,,20260917-1737
2026-09-17 18:51:46,EHAUSM-I,C8T1S5I8N5K,9,1,0.000200,0.000,0.089,47416411,47132,30,1222,1253,0,0,0,1454974,30941,1376421,0,0.408285,0.000000,0.000000,2623,0,5738.83,0,0,0,0,SUCCESS,0,0,warm20,,,,,,,,,,,used,,,,20260917-1737
2026-09-17 18:51:47,EHAUSM-I,C8T1S5I8N5K,0,2,0.000200,0.000,0.200,9488004,9426,57,704,761,0,0,0,4135232,15686,3992155,0,0.468141,0.000000,0.000000,6078,0,440.75,0,0,0,0,SUCCESS,0,0,warm20,,,,,,,,,,,used,,,,20260917-1737
2026-09-17 18:51:48,EHAUSM-I,C8T1S5I8N5K,1,2,0.000200,0.000,0.089,13704859,13616,15,652,668,0,0,0,2597223,20074,2485970,0,0.451259,0.000000,0.000000,6080,0,964.62,0,0,0,0,SUCCESS,0,0,warm20,,,,,,,,,,,used,,,,20260917-1737
2026-09-17 18:51:48,EHAUSM-I,C8T1S5I8N5K,2,2,0.000200,0.000,0.089,17880094,17806,17,710,728,0,0,0,2177603,23258,2077421,0,0.464281,0.000000,0.000000,5461,0,1270.10,0,0,0,0,SUCCESS,0,0,warm20,,,,,,,,,,,used,,,,20260917-1737
2026-09-17 18:51:49,EHAUSM-I,C8T1S5I8N5K,3,2,0.000200,0.000,0.089,22148273,21996,18,756,775,0,0,0,1750534,24837,1657815,0,0.432152,0.000000,0.000000,3757,0,1336.36,0,0,0,0,SUCCESS,0,0,warm20,,,,,,,,,,,used,,,,20260917-1737
2026-09-17 18:51:50,EHAUSM-I,C8T1S5I8N5K,4,2,0.000200,0.000,0.089,26428215,26186,20,811,832,0,0,0,1676543,26499,1587844,0,0.417712,0.000000,0.000000,2699,0,1302.91,0,0,0,0,SUCCESS,0,0,warm20,,,,,,,,,,,used,,,,20260917-1737
2026-09-17 18:51:51,EHAUSM-I,C8T1S5I8N5K,5,2,0.000200,0.000,0.089,30677490,30376,21,1003,1025,0,0,0,1678355,27749,1591861,0,0.426775,0.000000,0.000000,3175,0,3558.91,0,0,0,0,SUCCESS,0,0,warm20,,,,,,,,,,,used,,,,20260917-1737
2026-09-17 18:51:52,EHAUSM-I,C8T1S5I8N5K,6,2,0.000200,0.000,0.089,34848642,34566,26,1025,1052,0,0,0,1283596,28845,1199843,0,0.411592,0.000000,0.000000,2699,0,5614.91,0,0,0,0,SUCCESS,0,0,warm20,,,,,,,,,,,used,,,,20260917-1737
2026-09-17 18:51:53,EHAUSM-I,C8T1S5I8N5K,7,2,0.000200,0.000,0.089,39047952,38756,30,1114,1145,0,0,0,1363891,29826,1282901,0,0.421931,0.000000,0.000000,2481,0,955.75,0,0,0,0,SUCCESS,0,0,warm20,,,,,,,,,,,used,,,,20260917-1737
2026-09-17 18:51:54,EHAUSM-I,C8T1S5I8N5K,8,2,0.000200,0.000,0.089,43240877,42946,28,1104,1133,0,0,0,1383478,30367,1302794,0,0.420790,0.000000,0.000000,2451,0,3267.75,0,0,0,0,SUCCESS,0,0,warm20,,,,,,,,,,,used,,,,20260917-1737
2026-09-17 18:51:56,EHAUSM-I,C8T1S5I8N5K,9,2,0.000200,0.000,0.089,47416411,47132,29,1226,1256,0,0,0,1454974,30941,1376421,0,0.408285,0.000000,0.000000,2623,0,5755.75,0,0,0,0,SUCCESS,0,0,warm20,,,,,,,,,,,used,,,,20260917-1737
2026-09-17 18:51:57,EHAUSM-I,C8T1S5I8N5K,0,0,0.000200,0.000,0.200,9488004,9426,53,710,763,0,0,0,4135232,15686,3992155,0,0.468141,0.000000,0.000000,6078,0,1487.35,0,0,0,0,SUCCESS,0,0,warm20,,,,,,,,,,,used,,,,20260917-1737
2026-09-17 18:51:58,EHAUSM-I,C8T1S5I8N5K,1,0,0.000200,0.000,0.042,11451451,11411,10,506,517,0,0,0,1893798,18170,1766136,0,0.442452,0.000000,0.000000,6935,0,1817.69,0,0,0,0,SUCCESS,0,0,warm20,,,,,,,,,,,used,,,,20260917-1737
2026-09-17 18:51:58,EHAUSM-I,C8T1S5I8N5K,2,0,0.000200,0.000,0.042,13474240,13396,11,546,557,0,0,0,1759571,19980,1646343,0,0.426244,0.000000,0.000000,6153,0,2061.97,0,0,0,0,SUCCESS,0,0,warm20,,,,,,,,,,,used,,,,20260917-1737
2026-09-17 18:51:59,EHAUSM-I,C8T1S5I8N5K,3,0,0.000200,0.000,0.042,15495379,15381,10,542,553,0,0,0,1585462,21419,1477437,0,0.435383,0.000000,0.000000,5356,0,2175.24,0,0,0,0,SUCCESS,0,0,warm20,,,,,,,,,,,used,,,,20260917-1737
2026-09-17 18:51:59,EHAUSM-I,C8T1S5I8N5K,4,0,0.000200,0.000,0.042,17415461,17366,11,573,584,0,0,0,1364125,22865,1264530,0,0.469256,0.000000,0.000000,5565,0,2132.03,0,0,0,0,SUCCESS,0,0,warm20,,,,,,,,,,,used,,,,20260917-1737
2026-09-17 18:52:00,EHAUSM-I,C8T1S5I8N5K,5,0,0.000200,0.000,0.042,19456214,19351,12,458,470,0,0,0,871528,23718,775823,0,0.417410,0.000000,0.000000,4440,0,3332.03,0,0,0,0,SUCCESS,0,0,warm20,,,,,,,,,,,used,,,,20260917-1737
2026-09-17 18:52:00,EHAUSM-I,C8T1S5I8N5K,6,0,0.000200,0.000,0.042,21480684,21336,15,585,601,0,0,0,997998,24802,904187,0,0.428704,0.000000,0.000000,3640,0,4780.03,0,0,0,0,SUCCESS,0,0,warm20,,,,,,,,,,,used,,,,20260917-1737
2026-09-17 18:52:01,EHAUSM-I,C8T1S5I8N5K,7,0,0.000200,0.000,0.042,23500349,23321,15,700,716,0,0,0,1193930,25403,1102108,0,0.412535,0.000000,0.000000,3552,0,701.90,0,0,0,0,SUCCESS,0,0,warm20,,,,,,,,,,,used,,,,20260917-1737
2026-09-17 18:52:02,EHAUSM-I,C8T1S5I8N5K,8,0,0.000200,0.000,0.042,25523565,25306,15,465,480,0,0,0,792494,26109,704606,0,0.415959,0.000000,0.000000,2861,0,1949.90,0,0,0,0,SUCCESS,0,0,warm20,,,,,,,,,,,used,,,,20260917-1737
2026-09-17 18:52:02,EHAUSM-I,C8T1S5I8N5K,9,0,0.000200,0.000,0.042,27536807,27291,14,740,755,0,0,0,1124914,26828,1035888,0,0.405094,0.000000,0.000000,2930,0,3725.90,0,0,0,0,SUCCESS,0,0,warm20,,,,,,,,,,,used,,,,20260917-1737
2026-09-17 18:52:03,EHAUSM-I,C8T1S5I8N5K,10,0,0.000200,0.000,0.042,29578731,29276,15,743,758,0,0,0,1001506,27600,913554,0,0.415652,0.000000,0.000000,3499,0,5461.90,0,0,0,0,SUCCESS,0,0,warm20,,,,,,,,,,,used,,,,20260917-1737
2026-09-17 18:52:04,EHAUSM-I,C8T1S5I8N5K,11,0,0.000200,0.000,0.042,31516022,31261,15,569,584,0,0,0,790842,27952,705754,0,0.404039,0.000000,0.000000,3050,0,1139.39,0,0,0,0,SUCCESS,0,0,warm20,,,,,,,,,,,used,,,,20260917-1737
2026-09-17 18:52:04,EHAUSM-I,C8T1S5I8N5K,12,0,0.000200,0.000,0.042,33542559,33246,16,755,771,0,0,0,951589,28615,866025,0,0.413439,0.000000,0.000000,2953,0,2867.39,0,0,0,0,SUCCESS,0,0,warm20,,,,,,,,,,,used,,,,20260917-1737
2026-09-17 18:52:05,EHAUSM-I,C8T1S5I8N5K,13,0,0.000200,0.000,0.042,35525312,35231,16,613,630,0,0,0,731363,29124,648715,0,0.382788,0.000000,0.000000,2582,0,4283.39,0,0,0,0,SUCCESS,0,0,warm20,,,,,,,,,,,used,,,,20260917-1737
2026-09-17 18:52:06,EHAUSM-I,C8T1S5I8N5K,14,0,0.000200,0.000,0.042,37524002,37216,17,797,814,0,0,0,855797,29506,774795,0,0.409807,0.000000,0.000000,2481,0,5955.39,0,0,0,0,SUCCESS,0,0,warm20,,,,,,,,,,,used,,,,20260917-1737
2026-09-17 18:52:07,EHAUSM-I,C8T1S5I8N5K,15,0,0.000200,0.000,0.042,39465053,39201,18,844,863,0,0,0,847956,29847,766882,0,0.416968,0.000000,0.000000,2543,0,1903.38,0,0,0,0,SUCCESS,0,0,warm20,,,,,,,,,,,used,,,,20260917-1737
2026-09-17 18:52:08,EHAUSM-I,C8T1S5I8N5K,16,0,0.000200,0.000,0.042,41467877,41186,19,902,922,0,0,0,821669,30109,740351,0,0.397110,0.000000,0.000000,2513,0,3703.38,0,0,0,0,SUCCESS,0,0,warm20,,,,,,,,,,,used,,,,20260917-1737
2026-09-17 18:52:09,EHAUSM-I,C8T1S5I8N5K,17,0,0.000200,0.000,0.042,43483968,43171,19,886,906,0,0,0,923278,30395,842702,0,0.420148,0.000000,0.000000,2453,0,5559.38,0,0,0,0,SUCCESS,0,0,warm20,,,,,,,,,,,used,,,,20260917-1737
2026-09-17 18:52:10,EHAUSM-I,C8T1S5I8N5K,18,0,0.000200,0.000,0.042,45455877,45156,20,945,966,0,0,0,782543,30820,703620,0,0.399173,0.000000,0.000000,2513,0,1594.10,0,0,0,0,SUCCESS,0,0,warm20,,,,,,,,,,,used,,,,20260917-1737
2026-09-17 18:52:11,EHAUSM-I,C8T1S5I8N5K,19,0,0.000200,0.000,0.042,47416411,47132,21,981,1002,0,0,0,993168,30941,914615,0,0.416136,0.000000,0.000000,2623,0,3602.10,0,0,0,0,SUCCESS,0,0,warm20,,,,,,,,,,,used,,,,20260917-1737
2026-09-17 18:52:12,EHAUSM-I,C8T1S5I8N5K,0,1,0.000200,0.000,0.200,9488004,9426,64,696,760,0,0,0,4135232,15686,3992155,0,0.468141,0.000000,0.000000,6078,0,300.15,0,0,0,0,SUCCESS,0,0,warm20,,,,,,,,,,,used,,,,20260917-1737
2026-09-17 18:52:12,EHAUSM-I,C8T1S5I8N5K,1,1,0.000200,0.000,0.042,11451451,11411,9,601,611,0,0,0,1893798,18170,1766136,0,0.442452,0.000000,0.000000,6935,0,2452.15,0,0,0,0,SUCCESS,0,0,warm20,,,,,,,,,,,used,,,,20260917-1737
2026-09-17 18:52:13,EHAUSM-I,C8T1S5I8N5K,2,1,0.000200,0.000,0.042,13474240,13396,12,558,570,0,0,0,1759571,19980,1646343,0,0.426244,0.000000,0.000000,6153,0,2353.79,0,0,0,0,SUCCESS,0,0,warm20,,,,,,,,,,,used,,,,20260917-1737
2026-09-17 18:52:14,EHAUSM-I,C8T1S5I8N5K,3,1,0.000200,0.000,0.042,15495379,15381,10,546,557,0,0,0,1585462,21419,1477437,0,0.435383,0.000000,0.000000,5356,0,2164.75,0,0,0,0,SUCCESS,0,0,warm20,,,,,,,,,,,used,,,,20260917-1737
2026-09-17 18:52:14,EHAUSM-I,C8T1S5I8N5K,4,1,0.000200,0.000,0.042,17415461,17366,11,577,588,0,0,0,1364125,22865,1264530,0,0.469256,0.000000,0.000000,5565,0,1782.38,0,0,0,0,SUCCESS,0,0,warm20,,,,,,,,,,,used,,,,20260917-1737
2026-09-17 18:52:15,EHAUSM-I,C8T1S5I8N5K,5,1,0.000200,0.000,0.042,19456214,19351,11,422,434,0,0,0,871528,23718,775823,0,0.417410,0.000000,0.000000,4440,0,789.99,0,0,0,0,SUCCESS,0,0,warm20,,,,,,,,,,,used,,,,20260917-1737
2026-09-17 18:52:15,EHAUSM-I,C8T1S5I8N5K,6,1,0.000200,0.000,0.042,21480684,21336,14,578,592,0,0,0,997998,24802,904187,0,0.428704,0.000000,0.000000,3640,0,2229.99,0,0,0,0,SUCCESS,0,0,warm20,,,,,,,,,,,used,,,,20260917-1737
2026-09-17 18:52:16,EHAUSM-I,C8T1S5I8N5K,7,1,0.000200,0.000,0.042,23500349,23321,16,748,765,0,0,0,1193930,25403,1102108,0,0.412535,0.000000,0.000000,3552,0,3933.99,0,0,0,0,SUCCESS,0,0,warm20,,,,,,,,,,,used,,,,20260917-1737
2026-09-17 18:52:17,EHAUSM-I,C8T1S5I8N5K,8,1,0.000200,0.000,0.042,25523565,25306,17,560,578,0,0,0,792494,26109,704606,0,0.415959,0.000000,0.000000,2861,0,5173.99,0,0,0,0,SUCCESS,0,0,warm20,,,,,,,,,,,used,,,,20260917-1737
2026-09-17 18:52:17,EHAUSM-I,C8T1S5I8N5K,9,1,0.000200,0.000,0.042,27536807,27291,17,830,847,0,0,0,1124914,26828,1035888,0,0.405094,0.000000,0.000000,2930,0,6941.99,0,0,0,0,SUCCESS,0,0,warm20,,,,,,,,,,,used,,,,20260917-1737
2026-09-17 18:52:18,EHAUSM-I,C8T1S5I8N5K,10,1,0.000200,0.000,0.042,29578731,29276,15,736,752,0,0,0,1001506,27600,913554,0,0.415652,0.000000,0.000000,3499,0,1885.63,0,0,0,0,SUCCESS,0,0,warm20,,,,,,,,,,,used,,,,20260917-1737
2026-09-17 18:52:19,EHAUSM-I,C8T1S5I8N5K,11,1,0.000200,0.000,0.042,31516022,31261,15,569,585,0,0,0,790842,27952,705754,0,0.404039,0.000000,0.000000,3050,0,3285.63,0,0,0,0,SUCCESS,0,0,warm20,,,,,,,,,,,used,,,,20260917-1737
2026-09-17 18:52:20,EHAUSM-I,C8T1S5I8N5K,12,1,0.000200,0.000,0.042,33542559,33246,16,775,791,0,0,0,951589,28615,866025,0,0.413439,0.000000,0.000000,2953,0,5013.63,0,0,0,0,SUCCESS,0,0,warm20,,,,,,,,,,,used,,,,20260917-1737
2026-09-17 18:52:20,EHAUSM-I,C8T1S5I8N5K,13,1,0.000200,0.000,0.042,35525312,35231,17,626,643,0,0,0,731363,29124,648715,0,0.382788,0.000000,0.000000,2582,0,6429.63,0,0,0,0,SUCCESS,0,0,warm20,,,,,,,,,,,used,,,,20260917-1737
2026-09-17 18:52:21,EHAUSM-I,C8T1S5I8N5K,14,1,0.000200,0.000,0.042,37524002,37216,17,796,814,0,0,0,855797,29506,774795,0,0.409807,0.000000,0.000000,2481,0,1317.99,0,0,0,0,SUCCESS,0,0,warm20,,,,,,,,,,,used,,,,20260917-1737
2026-09-17 18:52:22,EHAUSM-I,C8T1S5I8N5K,15,1,0.000200,0.000,0.042,39465053,39201,18,849,868,0,0,0,847956,29847,766882,0,0.416968,0.000000,0.000000,2543,0,3085.99,0,0,0,0,SUCCESS,0,0,warm20,,,,,,,,,,,used,,,,20260917-1737
2026-09-17 18:52:23,EHAUSM-I,C8T1S5I8N5K,16,1,0.000200,0.000,0.042,41467877,41186,19,905,924,0,0,0,821669,30109,740351,0,0.397110,0.000000,0.000000,2513,0,4877.99,0,0,0,0,SUCCESS,0,0,warm20,,,,,,,,,,,used,,,,20260917-1737
2026-09-17 18:52:24,EHAUSM-I,C8T1S5I8N5K,17,1,0.000200,0.000,0.042,43483968,43171,19,888,907,0,0,0,923278,30395,842702,0,0.420148,0.000000,0.000000,2453,0,6733.99,0,0,0,0,SUCCESS,0,0,warm20,,,,,,,,,,,used,,,,20260917-1737
2026-09-17 18:52:25,EHAUSM-I,C8T1S5I8N5K,18,1,0.000200,0.000,0.042,45455877,45156,20,948,969,0,0,0,782543,30820,703620,0,0.399173,0.000000,0.000000,2513,0,1830.08,0,0,0,0,SUCCESS,0,0,warm20,,,,,,,,,,,used,,,,20260917-1737
2026-09-17 18:52:26,EHAUSM-I,C8T1S5I8N5K,19,1,0.000200,0.000,0.042,47416411,47132,21,982,1004,0,0,0,993168,30941,914615,0,0.416136,0.000000,0.000000,2623,0,3838.08,0,0,0,0,SUCCESS,0,0,warm20,,,,,,,,,,,used,,,,20260917-1737
2026-09-17 18:52:27,EHAUSM-I,C8T1S5I8N5K,0,2,0.000200,0.000,0.200,9488004,9426,62,691,753,0,0,0,4135232,15686,3992155,0,0.468141,0.000000,0.000000,6078,0,820.49,0,0,0,0,SUCCESS,0,0,warm20,,,,,,,,,,,used,,,,20260917-1737
2026-09-17 18:52:28,EHAUSM-I,C8T1S5I8N5K,1,2,0.000200,0.000,0.042,11451451,11411,9,525,535,0,0,0,1893798,18170,1766136,0,0.442452,0.000000,0.000000,6935,0,2297.19,0,0,0,0,SUCCESS,0,0,warm20,,,,,,,,,,,used,,,,20260917-1737
2026-09-17 18:52:28,EHAUSM-I,C8T1S5I8N5K,2,2,0.000200,0.000,0.042,13474240,13396,10,551,562,0,0,0,1759571,19980,1646343,0,0.426244,0.000000,0.000000,6153,0,2232.03,0,0,0,0,SUCCESS,0,0,warm20,,,,,,,,,,,used,,,,20260917-1737
2026-09-17 18:52:29,EHAUSM-I,C8T1S5I8N5K,3,2,0.000200,0.000,0.042,15495379,15381,10,540,551,0,0,0,1585462,21419,1477437,0,0.435383,0.000000,0.000000,5356,0,1943.38,0,0,0,0,SUCCESS,0,0,warm20,,,,,,,,,,,used,,,,20260917-1737
2026-09-17 18:52:29,EHAUSM-I,C8T1S5I8N5K,4,2,0.000200,0.000,0.042,17415461,17366,11,577,589,0,0,0,1364125,22865,1264530,0,0.469256,0.000000,0.000000,5565,0,1603.38,0,0,0,0,SUCCESS,0,0,warm20,,,,,,,,,,,used,,,,20260917-1737
2026-09-17 18:52:30,EHAUSM-I,C8T1S5I8N5K,5,2,0.000200,0.000,0.042,19456214,19351,12,401,413,0,0,0,871528,23718,775823,0,0.417410,0.000000,0.000000,4440,0,701.62,0,0,0,0,SUCCESS,0,0,warm20,,,,,,,,,,,used,,,,20260917-1737
2026-09-17 18:52:30,EHAUSM-I,C8T1S5I8N5K,6,2,0.000200,0.000,0.042,21480684,21336,12,492,505,0,0,0,997998,24802,904187,0,0.428704,0.000000,0.000000,3640,0,2141.62,0,0,0,0,SUCCESS,0,0,warm20,,,,,,,,,,,used,,,,20260917-1737
2026-09-17 18:52:31,EHAUSM-I,C8T1S5I8N5K,7,2,0.000200,0.000,0.042,23500349,23321,15,741,757,0,0,0,1193930,25403,1102108,0,0.412535,0.000000,0.000000,3552,0,3837.62,0,0,0,0,SUCCESS,0,0,warm20,,,,,,,,,,,used,,,,20260917-1737
2026-09-17 18:52:32,EHAUSM-I,C8T1S5I8N5K,8,2,0.000200,0.000,0.042,25523565,25306,18,560,578,0,0,0,792494,26109,704606,0,0.415959,0.000000,0.000000,2861,0,5085.62,0,0,0,0,SUCCESS,0,0,warm20,,,,,,,,,,,used,,,,20260917-1737
2026-09-17 18:52:32,EHAUSM-I,C8T1S5I8N5K,9,2,0.000200,0.000,0.042,27536807,27291,17,832,849,0,0,0,1124914,26828,1035888,0,0.405094,0.000000,0.000000,2930,0,6853.62,0,0,0,0,SUCCESS,0,0,warm20,,,,,,,,,,,used,,,,20260917-1737
2026-09-17 18:52:33,EHAUSM-I,C8T1S5I8N5K,10,2,0.000200,0.000,0.042,29578731,29276,15,732,748,0,0,0,1001506,27600,913554,0,0.415652,0.000000,0.000000,3499,0,1785.00,0,0,0,0,SUCCESS,0,0,warm20,,,,,,,,,,,used,,,,20260917-1737
2026-09-17 18:52:34,EHAUSM-I,C8T1S5I8N5K,11,2,0.000200,0.000,0.042,31516022,31261,15,566,582,0,0,0,790842,27952,705754,0,0.404039,0.000000,0.000000,3050,0,3185.00,0,0,0,0,SUCCESS,0,0,warm20,,,,,,,,,,,used,,,,20260917-1737
2026-09-17 18:52:35,EHAUSM-I,C8T1S5I8N5K,12,2,0.000200,0.000,0.042,33542559,33246,16,774,790,0,0,0,951589,28615,866025,0,0.413439,0.000000,0.000000,2953,0,4913.00,0,0,0,0,SUCCESS,0,0,warm20,,,,,,,,,,,used,,,,20260917-1737
2026-09-17 18:52:35,EHAUSM-I,C8T1S5I8N5K,13,2,0.000200,0.000,0.042,35525312,35231,17,627,644,0,0,0,731363,29124,648715,0,0.382788,0.000000,0.000000,2582,0,6329.00,0,0,0,0,SUCCESS,0,0,warm20,,,,,,,,,,,used,,,,20260917-1737
2026-09-17 18:52:36,EHAUSM-I,C8T1S5I8N5K,14,2,0.000200,0.000,0.042,37524002,37216,17,796,814,0,0,0,855797,29506,774795,0,0.409807,0.000000,0.000000,2481,0,1202.32,0,0,0,0,SUCCESS,0,0,warm20,,,,,,,,,,,used,,,,20260917-1737
2026-09-17 18:52:37,EHAUSM-I,C8T1S5I8N5K,15,2,0.000200,0.000,0.042,39465053,39201,18,848,866,0,0,0,847956,29847,766882,0,0.416968,0.000000,0.000000,2543,0,2970.32,0,0,0,0,SUCCESS,0,0,warm20,,,,,,,,,,,used,,,,20260917-1737
2026-09-17 18:52:38,EHAUSM-I,C8T1S5I8N5K,16,2,0.000200,0.000,0.042,41467877,41186,19,905,924,0,0,0,821669,30109,740351,0,0.397110,0.000000,0.000000,2513,0,4762.32,0,0,0,0,SUCCESS,0,0,warm20,,,,,,,,,,,used,,,,20260917-1737
2026-09-17 18:52:39,EHAUSM-I,C8T1S5I8N5K,17,2,0.000200,0.000,0.042,43483968,43171,19,887,907,0,0,0,923278,30395,842702,0,0.420148,0.000000,0.000000,2453,0,6618.32,0,0,0,0,SUCCESS,0,0,warm20,,,,,,,,,,,used,,,,20260917-1737
2026-09-17 18:52:40,EHAUSM-I,C8T1S5I8N5K,18,2,0.000200,0.000,0.042,45455877,45156,20,949,970,0,0,0,782543,30820,703620,0,0.399173,0.000000,0.000000,2513,0,1719.18,0,0,0,0,SUCCESS,0,0,warm20,,,,,,,,,,,used,,,,20260917-1737
2026-09-17 18:52:41,EHAUSM-I,C8T1S5I8N5K,19,2,0.000200,0.000,0.042,47416411,47132,20,981,1001,0,0,0,993168,30941,914615,0,0.416136,0.000000,0.000000,2623,0,3727.18,0,0,0,0,SUCCESS,0,0,warm20,,,,,,,,,,,used,,,,20260917-1737
2026-09-17 18:52:42,EHAUSM-I,C8T1S5I8N5K,0,0,0.000200,0.000,0.200,9488004,9426,55,697,752,0,0,0,4135232,15686,3992155,0,0.468141,0.000000,0.000000,6078,0,1133.30,0,0,0,0,SUCCESS,0,0,warm20,,,,,,,,,,,used,,,,20260917-1737
2026-09-17 18:52:42,EHAUSM-I,C8T1S5I8N5K,1,0,0.000200,0.000,0.016,10242606,10196,6,318,324,0,0,0,1122398,16706,985373,0,0.457332,0.000000,0.000000,6200,0,445.71,0,0,0,0,SUCCESS,0,0,warm20,,,,,,,,,,,used,,,,20260917-1737
2026-09-17 18:52:43,EHAUSM-I,C8T1S5I8N5K,2,0,0.000200,0.000,0.016,11012574,10966,6,245,252,0,0,0,771907,17501,651834,0,0.429140,0.000000,0.000000,6189,0,1397.71,0,0,0,0,SUCCESS,0,0,warm20,,,,,,,,,,,used,,,,20260917-1737
2026-09-17 18:52:43,EHAUSM-I,C8T1S5I8N5K,3,0,0.000200,0.000,0.016,11774218,11736,6,350,357,0,0,0,1008930,18582,882813,0,0.416550,0.000000,0.000000,7235,0,780.62,0,0,0,0,SUCCESS,0,0,warm20,,,,,,,,,,,used,,,,20260917-1737
2026-09-17 18:52:43,EHAUSM-I,C8T1S5I8N5K,4,0,0.000200,0.000,0.016,12547887,12506,6,409,416,0,0,0,1280959,19193,1160131,0,0.385345,0.000000,0.000000,7437,0,306.72,0,0,0,0,SUCCESS,0,0,warm20,,,,,,,,,,,used,,,,20260917-1737
2026-09-17 18:52:44,EHAUSM-I,C8T1S5I8N5K,5,0,0.000200,0.000,0.016,13346762,13276,6,248,254,0,0,0,665459,19833,550888,0,0.454290,0.000000,0.000000,6427,0,1298.72,0,0,0,0,SUCCESS,0,0,warm20,,,,,,,,,,,used,,,,20260917-1737
2026-09-17 18:52:44,EHAUSM-I,C8T1S5I8N5K,6,0,0.000200,0.000,0.016,14140487,14046,6,222,228,0,0,0,585354,20529,473958,0,0.435577,0.000000,0.000000,5701,0,2090.72,0,0,0,0,SUCCESS,0,0,warm20,,,,,,,,,,,used,,,,20260917-1737
2026-09-17 18:52:44,EHAUSM-I,C8T1S5I8N5K,7,0,0.000200,0.000,0.016,14908869,14816,7,368,375,0,0,0,1020053,21035,911322,0,0.408840,0.000000,0.000000,5235,0,1333.22,0,0,0,0,SUCCESS,0,0,warm20,,,,,,,,,,,used,,,,20260917-1737
2026-09-17 18:52:45,EHAUSM-I,C8T1S5I8N5K,8,0,0.000200,0.000,0.016,15692755,15586,7,401,408,0,0,0,807924,21644,701355,0,0.427582,0.000000,0.000000,5023,0,2501.22,0,0,0,0,SUCCESS,0,0,warm20,,,,,,,,,,,used,,,,20260917-1737
2026-09-17 18:52:45,EHAUSM-I,C8T1S5I8N5K,9,0,0.000200,0.000,0.016,16443210,16356,8,496,504,0,0,0,877912,22254,775475,0,0.467496,0.000000,0.000000,5316,0,3765.22,0,0,0,0,SUCCESS,0,0,warm20,,,,,,,,,,,used,,,,20260917-1737
2026-09-17 18:52:46,EHAUSM-I,C8T1S5I8N5K,10,0,0.000200,0.000,0.016,17202030,17126,8,445,453,0,0,0,535987,22833,436589,0,0.394758,0.000000,0.000000,5629,0,4821.22,0,0,0,0,SUCCESS,0,0,warm20,,,,,,,,,,,used,,,,20260917-1737
2026-09-17 18:52:46,EHAUSM-I,C8T1S5I8N5K,11,0,0.000200,0.000,0.016,17964675,17896,8,316,324,0,0,0,540981,23300,440691,0,0.470090,0.000000,0.000000,5450,0,5597.22,0,0,0,0,SUCCESS,0,0,warm20,,,,,,,,,,,used,,,,20260917-1737
2026-09-17 18:52:46,EHAUSM-I,C8T1S5I8N5K,12,0,0.000200,0.000,0.016,18752045,18666,8,260,269,0,0,0,455645,23422,357769,0,0.399990,0.000000,0.000000,4872,0,6277.22,0,0,0,0,SUCCESS,0,0,warm20,,,,,,,,,,,used,,,,20260917-1737
2026-09-17 18:52:47,EHAUSM-I,C8T1S5I8N5K,13,0,0.000200,0.000,0.016,19540463,19436,8,241,249,0,0,0,472958,23862,377750,0,0.384595,0.000000,0.000000,4379,0,645.10,0,0,0,0,SUCCESS,0,0,warm20,,,,,,,,,,,used,,,,20260917-1737
2026-09-17 18:52:47,EHAUSM-I,C8T1S5I8N5K,14,0,0.000200,0.000,0.016,20323541,20206,8,322,330,0,0,0,549076,24122,453769,0,0.415979,0.000000,0.000000,4190,0,1589.10,0,0,0,0,SUCCESS,0,0,warm20,,,,,,,,,,,used,,,,20260917-1737
2026-09-17 18:52:47,EHAUSM-I,C8T1S5I8N5K,15,0,0.000200,0.000,0.016,21106401,20976,8,262,270,0,0,0,436840,24561,342993,0,0.404299,0.000000,0.000000,3820,0,2333.10,0,0,0,0,SUCCESS,0,0,warm20,,,,,,,,,,,used,,,,20260917-1737
2026-09-17 18:52:48,EHAUSM-I,C8T1S5I8N5K,16,0,0.000200,0.000,0.016,21891091,21746,8,493,502,0,0,0,863391,24846,769952,0,0.428341,0.000000,0.000000,3928,0,3621.10,0,0,0,0,SUCCESS,0,0,warm20,,,,,,,,,,,used,,,,20260917-1737
2026-09-17 18:52:48,EHAUSM-I,C8T1S5I8N5K,17,0,0.000200,0.000,0.016,22668471,22516,8,444,453,0,0,0,613039,25196,520431,0,0.407279,0.000000,0.000000,3787,0,4701.10,0,0,0,0,SUCCESS,0,0,warm20,,,,,,,,,,,used,,,,20260917-1737
2026-09-17 18:52:48,EHAUSM-I,C8T1S5I8N5K,18,0,0.000200,0.000,0.016,23463909,23286,9,314,323,0,0,0,457689,25397,365837,0,0.396489,0.000000,0.000000,3555,0,5533.10,0,0,0,0,SUCCESS,0,0,warm20,,,,,,,,,,,used,,,,20260917-1737
2026-09-17 18:52:49,EHAUSM-I,C8T1S5I8N5K,19,0,0.000200,0.000,0.016,24264347,24056,9,275,284,0,0,0,443948,25585,354643,0,0.397052,0.000000,0.000000,3211,0,6269.10,0,0,0,0,SUCCESS,0,0,warm20,,,,,,,,,,,used,,,,20260917-1737
2026-09-17 18:52:49,EHAUSM-I,C8T1S5I8N5K,20,0,0.000200,0.000,0.016,25021126,24826,9,276,286,0,0,0,466296,25878,378247,0,0.407218,0.000000,0.000000,2931,0,656.43,0,0,0,0,SUCCESS,0,0,warm20,,,,,,,,,,,used,,,,20260917-1737
2026-09-17 18:52:49,EHAUSM-I,C8T1S5I8N5K,21,0,0.000200,0.000,0.016,25826533,25596,9,455,464,0,0,0,546341,26287,458029,0,0.379399,0.000000,0.000000,2981,0,1736.43,0,0,0,0,SUCCESS,0,0,warm20,,,,,,,,,,,used,,,,20260917-1737
2026-09-17 18:52:50,EHAUSM-I,C8T1S5I8N5K,22,0,0.000200,0.000,0.016,26635039,26366,10,358,368,0,0,0,477178,26603,388336,0,0.386018,0.000000,0.000000,2799,0,2664.43,0,0,0,0,SUCCESS,0,0,warm20,,,,,,,,,,,used,,,,20260917-1737
2026-09-17 18:52:50,EHAUSM-I,C8T1S5I8N5K,23,0,0.000200,0.000,0.016,27383102,27136,9,329,339,0,0,0,498122,26793,409200,0,0.405295,0.000000,0.000000,2923,0,3552.43,0,0,0,0,SUCCESS,0,0,warm20,,,,,,,,,,,used,,,,20260917-1737
2026-09-17 18:52:51,EHAUSM-I,C8T1S5I8N5K,24,0,0.000200,0.000,0.016,28172835,27906,10,511,521,0,0,0,662168,27152,573025,0,0.392586,0.000000,0.000000,2941,0,4728.43,0,0,0,0,SUCCESS,0,0,warm20,,,,,,,,,,,used,,,,20260917-1737
2026-09-17 18:52:51,EHAUSM-I,C8T1S5I8N5K,25,0,0.000200,0.000,0.016,28965003,28676,10,518,528,0,0,0,600314,27456,511416,0,0.425809,0.000000,0.000000,3678,0,5928.43,0,0,0,0,SUCCESS,0,0,warm20,,,,,,,,,,,used,,,,20260917-1737
2026-09-17 18:52:52,EHAUSM-I,C8T1S5I8N5K,26,0,0.000200,0.000,0.016,29733125,29446,10,331,341,0,0,0,433902,27658,345631,0,0.413355,0.000000,0.000000,3457,0,394.84,0,0,0,0,SUCCESS,0,0,warm20,,,,,,,,,,,used,,,,20260917-1737
2026-09-17 18:52:52,EHAUSM-I,C8T1S5I8N5K,27,0,0.000200,0.000,0.016,30519360,30216,10,314,324,0,0,0,427661,27636,341126,0,0.364475,0.000000,0.000000,3196,0,1218.84,0,0,0,0,SUCCESS,0,0,warm20,,,,,,,,,,,used,,,,20260917-1737
2026-09-17 18:52:52,EHAUSM-I,C8T1S5I8N5K,28,0,0.000200,0.000,0.016,31258424,30986,10,328,338,0,0,0,427380,27958,342071,0,0.386349,0.000000,0.000000,3073,0,2058.84,0,0,0,0,SUCCESS,0,0,warm20,,,,,,,,,,,used,,,,20260917-1737
2026-09-17 18:52:53,EHAUSM-I,C8T1S5I8N5K,29,0,0.000200,0.000,0.016,32001109,31756,10,280,290,0,0,0,390840,28130,306571,0,0.389571,0.000000,0.000000,2936,0,2738.84,0,0,0,0,SUCCESS,0,0,warm20,,,,,,,,,,,used,,,,20260917-1737
2026-09-17 18:52:53,EHAUSM-I,C8T1S5I8N5K,30,0,0.000200,0.000,0.016,32796296,32526,10,529,540,0,0,0,547480,28454,461329,0,0.382559,0.000000,0.000000,3085,0,3906.84,0,0,0,0,SUCCESS,0,0,warm20,,,,,,,,,,,used,,,,20260917-1737
2026-09-17 18:52:53,EHAUSM-I,C8T1S5I8N5K,31,0,0.000200,0.000,0.016,33593403,33296,11,352,363,0,0,0,428116,28612,342605,0,0.421865,0.000000,0.000000,2930,0,4770.84,0,0,0,0,SUCCESS,0,0,warm20,,,,,,,,,,,used,,,,20260917-1737
2026-09-17 18:52:54,EHAUSM-I,C8T1S5I8N5K,32,0,0.000200,0.000,0.016,34347468,34066,11,354,366,0,0,0,358832,28779,274623,0,0.359691,0.000000,0.000000,2829,0,5602.84,0,0,0,0,SUCCESS,0,0,warm20,,,,,,,,,,,used,,,,20260917-1737
2026-09-17 18:52:54,EHAUSM-I,C8T1S5I8N5K,33,0,0.000200,0.000,0.016,35130889,34836,11,338,350,0,0,0,359117,28934,276117,0,0.378606,0.000000,0.000000,2645,0,6370.84,0,0,0,0,SUCCESS,0,0,warm20,,,,,,,,,,,used,,,,20260917-1737
2026-09-17 18:52:55,EHAUSM-I,C8T1S5I8N5K,34,0,0.000200,0.000,0.016,35915078,35606,12,356,368,0,0,0,431428,29212,349484,0,0.401577,0.000000,0.000000,2563,0,864.39,0,0,0,0,SUCCESS,0,0,warm20,,,,,,,,,,,used,,,,20260917-1737
2026-09-17 18:52:55,EHAUSM-I,C8T1S5I8N5K,35,0,0.000200,0.000,0.016,36684533,36376,11,325,337,0,0,0,361602,29361,280623,0,0.402143,0.000000,0.000000,2570,0,1648.39,0,0,0,0,SUCCESS,0,0,warm20,,,,,,,,,,,used,,,,20260917-1737
2026-09-17 18:52:55,EHAUSM-I,C8T1S5I8N5K,36,0,0.000200,0.000,0.016,37461649,37146,12,391,403,0,0,0,417248,29478,336541,0,0.383080,0.000000,0.000000,2455,0,2536.39,0,0,0,0,SUCCESS,0,0,warm20,,,,,,,,,,,used,,,,20260917-1737
2026-09-17 18:52:56,EHAUSM-I,C8T1S5I8N5K,37,0,0.000200,0.000,0.016,38238988,37916,12,631,643,0,0,0,532209,29699,450976,0,0.412099,0.000000,0.000000,2511,0,3768.39,0,0,0,0,SUCCESS,0,0,warm20,,,,,,,,,,,used,,,,20260917-1737
2026-09-17 18:52:56,EHAUSM-I,C8T1S5I8N5K,38,0,0.000200,0.000,0.016,38976887,38686,12,348,360,0,0,0,366923,29813,285775,0,0.378432,0.000000,0.000000,2488,0,4560.39,0,0,0,0,SUCCESS,0,0,warm20,,,,,,,,,,,used,,,,20260917-1737
2026-09-17 18:52:57,EHAUSM-I,C8T1S5I8N5K,39,0,0.000200,0.000,0.016,39713850,39456,13,619,632,0,0,0,518029,29873,436837,0,0.393922,0.000000,0.000000,2600,0,5776.39,0,0,0,0,SUCCESS,0,0,warm20,,,,,,,,,,,used,,,,20260917-1737
2026-09-17 18:52:57,EHAUSM-I,C8T1S5I8N5K,40,0,0.000200,0.000,0.016,40487827,40226,13,382,395,0,0,0,393995,30007,312546,0,0.383267,0.000000,0.000000,2561,0,307.49,0,0,0,0,SUCCESS,0,0,warm20,,,,,,,,,,,used,,,,20260917-1737
2026-09-17 18:52:58,EHAUSM-I,C8T1S5I8N5K,41,0,0.000200,0.000,0.016,41264664,40996,13,413,426,0,0,0,368877,30047,287521,0,0.381926,0.000000,0.000000,2521,0,1171.49,0,0,0,0,SUCCESS,0,0,warm20,,,,,,,,,,,used,,,,20260917-1737
2026-09-17 18:52:58,EHAUSM-I,C8T1S5I8N5K,42,0,0.000200,0.000,0.016,42050815,41766,13,384,397,0,0,0,411193,30106,330132,0,0.382767,0.000000,0.000000,2435,0,2059.49,0,0,0,0,SUCCESS,0,0,warm20,,,,,,,,,,,used,,,,20260917-1737
2026-09-17 18:52:59,EHAUSM-I,C8T1S5I8N5K,43,0,0.000200,0.000,0.016,42840281,42536,13,597,610,0,0,0,517479,30226,436773,0,0.431066,0.000000,0.000000,2433,0,3267.49,0,0,0,0,SUCCESS,0,0,warm20,,,,,,,,,,,used,,,,20260917-1737
2026-09-17 18:52:59,EHAUSM-I,C8T1S5I8N5K,44,0,0.000200,0.000,0.016,43616984,43306,14,475,489,0,0,0,428058,30450,347703,0,0.363653,0.000000,0.000000,2457,0,4315.49,0,0,0,0,SUCCESS,0,0,warm20,,,,,,,,,,,used,,,,20260917-1737
2026-09-17 18:53:00,EHAUSM-I,C8T1S5I8N5K,45,0,0.000200,0.000,0.016,44376959,44076,14,477,491,0,0,0,393741,30666,313530,0,0.361432,0.000000,0.000000,2437,0,5323.49,0,0,0,0,SUCCESS,0,0,warm20,,,,,,,,,,,used,,,,20260917-1737
2026-09-17 18:53:00,EHAUSM-I,C8T1S5I8N5K,46,0,0.000200,0.000,0.016,45145862,44846,14,430,444,0,0,0,388722,30768,309808,0,0.361329,0.000000,0.000000,2417,0,6259.49,0,0,0,0,SUCCESS,0,0,warm20,,,,,,,,,,,used,,,,20260917-1737
2026-09-17 18:53:01,EHAUSM-I,C8T1S5I8N5K,47,0,0.000200,0.000,0.016,45909097,45616,14,703,718,0,0,0,421293,30916,343087,0,0.416509,0.000000,0.000000,2473,0,1264.90,0,0,0,0,SUCCESS,0,0,warm20,,,,,,,,,,,used,,,,20260917-1737
2026-09-17 18:53:02,EHAUSM-I,C8T1S5I8N5K,48,0,0.000200,0.000,0.016,46663645,46386,14,749,764,0,0,0,645325,30893,566064,0,0.392034,0.000000,0.000000,2642,0,2744.90,0,0,0,0,SUCCESS,0,0,warm20,,,,,,,,,,,used,,,,20260917-1737
2026-09-17 18:53:02,EHAUSM-I,C8T1S5I8N5K,49,0,0.000200,0.000,0.016,47416411,47132,14,652,667,0,0,0,391375,30941,312822,0,0.433647,0.000000,0.000000,2623,0,3968.90,0,0,0,0,SUCCESS,0,0,warm20,,,,,,,,,,,used,,,,20260917-1737
2026-09-17 18:53:04,EHAUSM-I,C8T1S5I8N5K,0,1,0.000200,0.000,0.200,9488004,9426,60,706,767,0,0,0,4135232,15686,3992155,0,0.468141,0.000000,0.000000,6078,0,578.09,0,0,0,0,SUCCESS,0,0,warm20,,,,,,,,,,,used,,,,20260917-1737
2026-09-17 18:53:04,EHAUSM-I,C8T1S5I8N5K,1,1,0.000200,0.000,0.016,10242606,10196,5,300,306,0,0,0,1122398,16706,985373,0,0.457332,0.000000,0.000000,6200,0,1898.09,0,0,0,0,SUCCESS,0,0,warm20,,,,,,,,,,,used,,,,20260917-1737
2026-09-17 18:53:04,EHAUSM-I,C8T1S5I8N5K,2,1,0.000200,0.000,0.016,11012574,10966,6,259,265,0,0,0,771907,17501,651834,0,0.429140,0.000000,0.000000,6189,0,676.73,0,0,0,0,SUCCESS,0,0,warm20,,,,,,,,,,,used,,,,20260917-1737
2026-09-17 18:53:05,EHAUSM-I,C8T1S5I8N5K,3,1,0.000200,0.000,0.016,11774218,11736,6,349,355,0,0,0,1008930,18582,882813,0,0.416550,0.000000,0.000000,7235,0,2076.73,0,0,0,0,SUCCESS,0,0,warm20,,,,,,,,,,,used,,,,20260917-1737
2026-09-17 18:53:05,EHAUSM-I,C8T1S5I8N5K,4,1,0.000200,0.000,0.016,12547887,12506,6,415,421,0,0,0,1280959,19193,1160131,0,0.385345,0.000000,0.000000,7437,0,1493.11,0,0,0,0,SUCCESS,0,0,warm20,,,,,,,,,,,used,,,,20260917-1737
2026-09-17 18:53:05,EHAUSM-I,C8T1S5I8N5K,5,1,0.000200,0.000,0.016,13346762,13276,6,256,263,0,0,0,665459,19833,550888,0,0.454290,0.000000,0.000000,6427,0,2469.11,0,0,0,0,SUCCESS,0,0,warm20,,,,,,,,,,,used,,,,20260917-1737
2026-09-17 18:53:05,EHAUSM-I,C8T1S5I8N5K,6,1,0.000200,0.000,0.016,14140487,14046,6,215,222,0,0,0,585354,20529,473958,0,0.435577,0.000000,0.000000,5701,0,1067.99,0,0,0,0,SUCCESS,0,0,warm20,,,,,,,,,,,used,,,,20260917-1737
2026-09-17 18:53:06,EHAUSM-I,C8T1S5I8N5K,7,1,0.000200,0.000,0.016,14908869,14816,7,370,377,0,0,0,1020053,21035,911322,0,0.408840,0.000000,0.000000,5235,0,2331.99,0,0,0,0,SUCCESS,0,0,warm20,,,,,,,,,,,used,,,,20260917-1737
2026-09-17 18:53:06,EHAUSM-I,C8T1S5I8N5K,8,1,0.000200,0.000,0.016,15692755,15586,7,369,377,0,0,0,807924,21644,701355,0,0.427582,0.000000,0.000000,5023,0,1282.47,0,0,0,0,SUCCESS,0,0,warm20,,,,,,,,,,,used,,,,20260917-1737
2026-09-17 18:53:07,EHAUSM-I,C8T1S5I8N5K,9,1,0.000200,0.000,0.016,16443210,16356,6,411,418,0,0,0,877912,22254,775475,0,0.467496,0.000000,0.000000,5316,0,339.98,0,0,0,0,SUCCESS,0,0,warm20,,,,,,,,,,,used,,,,20260917-1737
2026-09-17 18:53:07,EHAUSM-I,C8T1S5I8N5K,10,1,0.000200,0.000,0.016,17202030,17126,8,357,365,0,0,0,535987,22833,436589,0,0.394758,0.000000,0.000000,5629,0,1395.98,0,0,0,0,SUCCESS,0,0,warm20,,,,,,,,,,,used,,,,20260917-1737
2026-09-17 18:53:07,EHAUSM-I,C8T1S5I8N5K,11,1,0.000200,0.000,0.016,17964675,17896,7,250,258,0,0,0,540981,23300,440691,0,0.470090,0.000000,0.000000,5450,0,2171.98,0,0,0,0,SUCCESS,0,0,warm20,,,,,,,,,,,used,,,,20260917-1737
2026-09-17 18:53:08,EHAUSM-I,C8T1S5I8N5K,12,1,0.000200,0.000,0.016,18752045,18666,7,224,231,0,0,0,455645,23422,357769,0,0.399990,0.000000,0.000000,4872,0,639.61,0,0,0,0,SUCCESS,0,0,warm20,,,,,,,,,,,used,,,,20260917-1737
2026-09-17 18:53:08,EHAUSM-I,C8T1S5I8N5K,13,1,0.000200,0.000,0.016,19540463,19436,8,228,236,0,0,0,472958,23862,377750,0,0.384595,0.000000,0.000000,4379,0,1351.61,0,0,0,0,SUCCESS,0,0,warm20,,,,,,,,,,,used,,,,20260917-1737
2026-09-17 18:53:08,EHAUSM-I,C8T1S5I8N5K,14,1,0.000200,0.000,0.016,20323541,20206,8,365,374,0,0,0,549076,24122,453769,0,0.415979,0.000000,0.000000,4190,0,2295.61,0,0,0,0,SUCCESS,0,0,warm20,,,,,,,,,,,used,,,,20260917-1737
2026-09-17 18:53:08,EHAUSM-I,C8T1S5I8N5K,15,1,0.000200,0.000,0.016,21106401,20976,9,314,323,0,0,0,436840,24561,342993,0,0.404299,0.000000,0.000000,3820,0,3031.61,0,0,0,0,SUCCESS,0,0,warm20,,,,,,,,,,,used,,,,20260917-1737
2026-09-17 18:53:09,EHAUSM-I,C8T1S5I8N5K,16,1,0.000200,0.000,0.016,21891091,21746,9,570,579,0,0,0,863391,24846,769952,0,0.428341,0.000000,0.000000,3928,0,4327.61,0,0,0,0,SUCCESS,0,0,warm20,,,,,,,,,,,used,,,,20260917-1737
2026-09-17 18:53:10,EHAUSM-I,C8T1S5I8N5K,17,1,0.000200,0.000,0.016,22668471,22516,9,515,525,0,0,0,613039,25196,520431,0,0.407279,0.000000,0.000000,3787,0,5399.61,0,0,0,0,SUCCESS,0,0,warm20,,,,,,,,,,,used,,,,20260917-1737
2026-09-17 18:53:10,EHAUSM-I,C8T1S5I8N5K,18,1,0.000200,0.000,0.016,23463909,23286,10,369,380,0,0,0,457689,25397,365837,0,0.396489,0.000000,0.000000,3555,0,6239.61,0,0,0,0,SUCCESS,0,0,warm20,,,,,,,,,,,used,,,,20260917-1737
2026-09-17 18:53:10,EHAUSM-I,C8T1S5I8N5K,19,1,0.000200,0.000,0.016,24264347,24056,10,323,333,0,0,0,443948,25585,354643,0,0.397052,0.000000,0.000000,3211,0,6975.61,0,0,0,0,SUCCESS,0,0,warm20,,,,,,,,,,,used,,,,20260917-1737
2026-09-17 18:53:11,EHAUSM-I,C8T1S5I8N5K,20,1,0.000200,0.000,0.016,25021126,24826,11,286,297,0,0,0,466296,25878,378247,0,0.407218,0.000000,0.000000,2931,0,839.85,0,0,0,0,SUCCESS,0,0,warm20,,,,,,,,,,,used,,,,20260917-1737
2026-09-17 18:53:11,EHAUSM-I,C8T1S5I8N5K,21,1,0.000200,0.000,0.016,25826533,25596,9,458,468,0,0,0,546341,26287,458029,0,0.379399,0.000000,0.000000,2981,0,1919.85,0,0,0,0,SUCCESS,0,0,warm20,,,,,,,,,,,used,,,,20260917-1737
2026-09-17 18:53:11,EHAUSM-I,C8T1S5I8N5K,22,1,0.000200,0.000,0.016,26635039,26366,9,366,376,0,0,0,477178,26603,388336,0,0.386018,0.000000,0.000000,2799,0,2847.85,0,0,0,0,SUCCESS,0,0,warm20,,,,,,,,,,,used,,,,20260917-1737
2026-09-17 18:53:12,EHAUSM-I,C8T1S5I8N5K,23,1,0.000200,0.000,0.016,27383102,27136,9,339,349,0,0,0,498122,26793,409200,0,0.405295,0.000000,0.000000,2923,0,3735.85,0,0,0,0,SUCCESS,0,0,warm20,,,,,,,,,,,used,,,,20260917-1737
2026-09-17 18:53:12,EHAUSM-I,C8T1S5I8N5K,24,1,0.000200,0.000,0.016,28172835,27906,10,523,533,0,0,0,662168,27152,573025,0,0.392586,0.000000,0.000000,2941,0,4903.85,0,0,0,0,SUCCESS,0,0,warm20,,,,,,,,,,,used,,,,20260917-1737
2026-09-17 18:53:13,EHAUSM-I,C8T1S5I8N5K,25,1,0.000200,0.000,0.016,28965003,28676,10,529,540,0,0,0,600314,27456,511416,0,0.425809,0.000000,0.000000,3678,0,6103.85,0,0,0,0,SUCCESS,0,0,warm20,,,,,,,,,,,used,,,,20260917-1737
2026-09-17 18:53:13,EHAUSM-I,C8T1S5I8N5K,26,1,0.000200,0.000,0.016,29733125,29446,10,339,349,0,0,0,433902,27658,345631,0,0.413355,0.000000,0.000000,3457,0,6911.85,0,0,0,0,SUCCESS,0,0,warm20,,,,,,,,,,,used,,,,20260917-1737
2026-09-17 18:53:14,EHAUSM-I,C8T1S5I8N5K,27,1,0.000200,0.000,0.016,30519360,30216,10,319,330,0,0,0,427661,27636,341126,0,0.364475,0.000000,0.000000,3196,0,875.23,0,0,0,0,SUCCESS,0,0,warm20,,,,,,,,,,,used,,,,20260917-1737
2026-09-17 18:53:14,EHAUSM-I,C8T1S5I8N5K,28,1,0.000200,0.000,0.016,31258424,30986,10,326,337,0,0,0,427380,27958,342071,0,0.386349,0.000000,0.000000,3073,0,1715.23,0,0,0,0,SUCCESS,0,0,warm20,,,,,,,,,,,used,,,,20260917-1737
2026-09-17 18:53:14,EHAUSM-I,C8T1S5I8N5K,29,1,0.000200,0.000,0.016,32001109,31756,10,279,290,0,0,0,390840,28130,306571,0,0.389571,0.000000,0.000000,2936,0,2395.23,0,0,0,0,SUCCESS,0,0,warm20,,,,,,,,,,,used,,,,20260917-1737
2026-09-17 18:53:15,EHAUSM-I,C8T1S5I8N5K,30,1,0.000200,0.000,0.016,32796296,32526,11,528,539,0,0,0,547480,28454,461329,0,0.382559,0.000000,0.000000,3085,0,3563.23,0,0,0,0,SUCCESS,0,0,warm20,,,,,,,,,,,used,,,,20260917-1737
2026-09-17 18:53:15,EHAUSM-I,C8T1S5I8N5K,31,1,0.000200,0.000,0.016,33593403,33296,11,352,363,0,0,0,428116,28612,342605,0,0.421865,0.000000,0.000000,2930,0,4427.23,0,0,0,0,SUCCESS,0,0,warm20,,,,,,,,,,,used,,,,20260917-1737
2026-09-17 18:53:15,EHAUSM-I,C8T1S5I8N5K,32,1,0.000200,0.000,0.016,34347468,34066,11,354,366,0,0,0,358832,28779,274623,0,0.359691,0.000000,0.000000,2829,0,5259.23,0,0,0,0,SUCCESS,0,0,warm20,,,,,,,,,,,used,,,,20260917-1737
2026-09-17 18:53:16,EHAUSM-I,C8T1S5I8N5K,33,1,0.000200,0.000,0.016,35130889,34836,11,336,348,0,0,0,359117,28934,276117,0,0.378606,0.000000,0.000000,2645,0,6027.23,0,0,0,0,SUCCESS,0,0,warm20,,,,,,,,,,,used,,,,20260917-1737
2026-09-17 18:53:16,EHAUSM-I,C8T1S5I8N5K,34,1,0.000200,0.000,0.016,35915078,35606,11,362,374,0,0,0,431428,29212,349484,0,0.401577,0.000000,0.000000,2563,0,6851.23,0,0,0,0,SUCCESS,0,0,warm20,,,,,,,,,,,used,,,,20260917-1737
2026-09-17 18:53:17,EHAUSM-I,C8T1S5I8N5K,35,1,0.000200,0.000,0.016,36684533,36376,12,328,340,0,0,0,361602,29361,280623,0,0.402143,0.000000,0.000000,2570,0,783.85,0,0,0,0,SUCCESS,0,0,warm20,,,,,,,,,,,used,,,,20260917-1737
2026-09-17 18:53:17,EHAUSM-I,C8T1S5I8N5K,36,1,0.000200,0.000,0.016,37461649,37146,12,387,399,0,0,0,417248,29478,336541,0,0.383080,0.000000,0.000000,2455,0,1679.85,0,0,0,0,SUCCESS,0,0,warm20,,,,,,,,,,,used,,,,20260917-1737
2026-09-17 18:53:18,EHAUSM-I,C8T1S5I8N5K,37,1,0.000200,0.000,0.016,38238988,37916,12,629,642,0,0,0,532209,29699,450976,0,0.412099,0.000000,0.000000,2511,0,2903.85,0,0,0,0,SUCCESS,0,0,warm20,,,,,,,,,,,used,,,,20260917-1737
2026-09-17 18:53:18,EHAUSM-I,C8T1S5I8N5K,38,1,0.000200,0.000,0.016,38976887,38686,12,346,359,0,0,0,366923,29813,285775,0,0.378432,0.000000,0.000000,2488,0,3695.85,0,0,0,0,SUCCESS,0,0,warm20,,,,,,,,,,,used,,,,20260917-1737
2026-09-17 18:53:19,EHAUSM-I,C8T1S5I8N5K,39,1,0.000200,0.000,0.016,39713850,39456,12,618,630,0,0,0,518029,29873,436837,0,0.393922,0.000000,0.000000,2600,0,4919.85,0,0,0,0,SUCCESS,0,0,warm20,,,,,,,,,,,used,,,,20260917-1737
2026-09-17 18:53:19,EHAUSM-I,C8T1S5I8N5K,40,1,0.000200,0.000,0.016,40487827,40226,12,381,394,0,0,0,393995,30007,312546,0,0.383267,0.000000,0.000000,2561,0,5767.85,0,0,0,0,SUCCESS,0,0,warm20,,,,,,,,,,,used,,,,20260917-1737
2026-09-17 18:53:19,EHAUSM-I,C8T1S5I8N5K,41,1,0.000200,0.000,0.016,41264664,40996,13,423,436,0,0,0,368877,30047,287521,0,0.381926,0.000000,0.000000,2521,0,6639.85,0,0,0,0,SUCCESS,0,0,warm20,,,,,,,,,,,used,,,,20260917-1737
2026-09-17 18:53:20,EHAUSM-I,C8T1S5I8N5K,42,1,0.000200,0.000,0.016,42050815,41766,13,387,401,0,0,0,411193,30106,330132,0,0.382767,0.000000,0.000000,2435,0,680.18,0,0,0,0,SUCCESS,0,0,warm20,,,,,,,,,,,used,,,,20260917-1737
2026-09-17 18:53:20,EHAUSM-I,C8T1S5I8N5K,43,1,0.000200,0.000,0.016,42840281,42536,13,591,604,0,0,0,517479,30226,436773,0,0.431066,0.000000,0.000000,2433,0,1888.18,0,0,0,0,SUCCESS,0,0,warm20,,,,,,,,,,,used,,,,20260917-1737
2026-09-17 18:53:21,EHAUSM-I,C8T1S5I8N5K,44,1,0.000200,0.000,0.016,43616984,43306,13,472,486,0,0,0,428058,30450,347703,0,0.363653,0.000000,0.000000,2457,0,2936.18,0,0,0,0,SUCCESS,0,0,warm20,,,,,,,,,,,used,,,,20260917-1737
2026-09-17 18:53:21,EHAUSM-I,C8T1S5I8N5K,45,1,0.000200,0.000,0.016,44376959,44076,14,470,484,0,0,0,393741,30666,313530,0,0.361432,0.000000,0.000000,2437,0,3952.18,0,0,0,0,SUCCESS,0,0,warm20,,,,,,,,,,,used,,,,20260917-1737
2026-09-17 18:53:22,EHAUSM-I,C8T1S5I8N5K,46,1,0.000200,0.000,0.016,45145862,44846,14,429,443,0,0,0,388722,30768,309808,0,0.361329,0.000000,0.000000,2417,0,4880.18,0,0,0,0,SUCCESS,0,0,warm20,,,,,,,,,,,used,,,,20260917-1737
2026-09-17 18:53:23,EHAUSM-I,C8T1S5I8N5K,47,1,0.000200,0.000,0.016,45909097,45616,14,710,724,0,0,0,421293,30916,343087,0,0.416509,0.000000,0.000000,2473,0,6200.18,0,0,0,0,SUCCESS,0,0,warm20,,,,,,,,,,,used,,,,20260917-1737
2026-09-17 18:53:23,EHAUSM-I,C8T1S5I8N5K,48,1,0.000200,0.000,0.016,46663645,46386,14,749,764,0,0,0,645325,30893,566064,0,0.392034,0.000000,0.000000,2642,0,859.99,0,0,0,0,SUCCESS,0,0,warm20,,,,,,,,,,,used,,,,20260917-1737
2026-09-17 18:53:24,EHAUSM-I,C8T1S5I8N5K,49,1,0.000200,0.000,0.016,47416411,47132,14,645,659,0,0,0,391375,30941,312822,0,0.433647,0.000000,0.000000,2623,0,2083.99,0,0,0,0,SUCCESS,0,0,warm20,,,,,,,,,,,used,,,,20260917-1737
2026-09-17 18:53:25,EHAUSM-I,C8T1S5I8N5K,0,2,0.000200,0.000,0.200,9488004,9426,61,714,775,0,0,0,4135232,15686,3992155,0,0.468141,0.000000,0.000000,6078,0,436.86,0,0,0,0,SUCCESS,0,0,warm20,,,,,,,,,,,used,,,,20260917-1737
2026-09-17 18:53:26,EHAUSM-I,C8T1S5I8N5K,1,2,0.000200,0.000,0.016,10242606,10196,6,300,306,0,0,0,1122398,16706,985373,0,0.457332,0.000000,0.000000,6200,0,1756.86,0,0,0,0,SUCCESS,0,0,warm20,,,,,,,,,,,used,,,,20260917-1737
2026-09-17 18:53:26,EHAUSM-I,C8T1S5I8N5K,2,2,0.000200,0.000,0.016,11012574,10966,6,259,265,0,0,0,771907,17501,651834,0,0.429140,0.000000,0.000000,6189,0,550.74,0,0,0,0,SUCCESS,0,0,warm20,,,,,,,,,,,used,,,,20260917-1737
2026-09-17 18:53:26,EHAUSM-I,C8T1S5I8N5K,3,2,0.000200,0.000,0.016,11774218,11736,6,349,355,0,0,0,1008930,18582,882813,0,0.416550,0.000000,0.000000,7235,0,1950.74,0,0,0,0,SUCCESS,0,0,warm20,,,,,,,,,,,used,,,,20260917-1737
2026-09-17 18:53:27,EHAUSM-I,C8T1S5I8N5K,4,2,0.000200,0.000,0.016,12547887,12506,6,413,420,0,0,0,1280959,19193,1160131,0,0.385345,0.000000,0.000000,7437,0,1378.46,0,0,0,0,SUCCESS,0,0,warm20,,,,,,,,,,,used,,,,20260917-1737
2026-09-17 18:53:27,EHAUSM-I,C8T1S5I8N5K,5,2,0.000200,0.000,0.016,13346762,13276,6,256,263,0,0,0,665459,19833,550888,0,0.454290,0.000000,0.000000,6427,0,2354.46,0,0,0,0,SUCCESS,0,0,warm20,,,,,,,,,,,used,,,,20260917-1737
2026-09-17 18:53:27,EHAUSM-I,C8T1S5I8N5K,6,2,0.000200,0.000,0.016,14140487,14046,6,221,228,0,0,0,585354,20529,473958,0,0.435577,0.000000,0.000000,5701,0,1056.80,0,0,0,0,SUCCESS,0,0,warm20,,,,,,,,,,,used,,,,20260917-1737
2026-09-17 18:53:27,EHAUSM-I,C8T1S5I8N5K,7,2,0.000200,0.000,0.016,14908869,14816,6,370,377,0,0,0,1020053,21035,911322,0,0.408840,0.000000,0.000000,5235,0,2320.80,0,0,0,0,SUCCESS,0,0,warm20,,,,,,,,,,,used,,,,20260917-1737
2026-09-17 18:53:28,EHAUSM-I,C8T1S5I8N5K,8,2,0.000200,0.000,0.016,15692755,15586,6,374,381,0,0,0,807924,21644,701355,0,0.427582,0.000000,0.000000,5023,0,1286.66,0,0,0,0,SUCCESS,0,0,warm20,,,,,,,,,,,used,,,,20260917-1737
2026-09-17 18:53:28,EHAUSM-I,C8T1S5I8N5K,9,2,0.000200,0.000,0.016,16443210,16356,7,429,436,0,0,0,877912,22254,775475,0,0.467496,0.000000,0.000000,5316,0,2550.66,0,0,0,0,SUCCESS,0,0,warm20,,,,,,,,,,,used,,,,20260917-1737
2026-09-17 18:53:29,EHAUSM-I,C8T1S5I8N5K,10,2,0.000200,0.000,0.016,17202030,17126,8,437,446,0,0,0,535987,22833,436589,0,0.394758,0.000000,0.000000,5629,0,3606.66,0,0,0,0,SUCCESS,0,0,warm20,,,,,,,,,,,used,,,,20260917-1737
2026-09-17 18:53:29,EHAUSM-I,C8T1S5I8N5K,11,2,0.000200,0.000,0.016,17964675,17896,8,312,321,0,0,0,540981,23300,440691,0,0.470090,0.000000,0.000000,5450,0,4382.66,0,0,0,0,SUCCESS,0,0,warm20,,,,,,,,,,,used,,,,20260917-1737
2026-09-17 18:53:29,EHAUSM-I,C8T1S5I8N5K,12,2,0.000200,0.000,0.016,18752045,18666,8,278,286,0,0,0,455645,23422,357769,0,0.399990,0.000000,0.000000,4872,0,5062.66,0,0,0,0,SUCCESS,0,0,warm20,,,,,,,,,,,used,,,,20260917-1737
2026-09-17 18:53:30,EHAUSM-I,C8T1S5I8N5K,13,2,0.000200,0.000,0.016,19540463,19436,9,287,297,0,0,0,472958,23862,377750,0,0.384595,0.000000,0.000000,4379,0,5774.66,0,0,0,0,SUCCESS,0,0,warm20,,,,,,,,,,,used,,,,20260917-1737
2026-09-17 18:53:30,EHAUSM-I,C8T1S5I8N5K,14,2,0.000200,0.000,0.016,20323541,20206,9,396,406,0,0,0,549076,24122,453769,0,0.415979,0.000000,0.000000,4190,0,6718.66,0,0,0,0,SUCCESS,0,0,warm20,,,,,,,,,,,used,,,,20260917-1737
2026-09-17 18:53:30,EHAUSM-I,C8T1S5I8N5K,15,2,0.000200,0.000,0.016,21106401,20976,9,295,305,0,0,0,436840,24561,342993,0,0.404299,0.000000,0.000000,3820,0,635.02,0,0,0,0,SUCCESS,0,0,warm20,,,,,,,,,,,used,,,,20260917-1737
2026-09-17 18:53:31,EHAUSM-I,C8T1S5I8N5K,16,2,0.000200,0.000,0.016,21891091,21746,8,475,484,0,0,0,863391,24846,769952,0,0.428341,0.000000,0.000000,3928,0,1931.02,0,0,0,0,SUCCESS,0,0,warm20,,,,,,,,,,,used,,,,20260917-1737
2026-09-17 18:53:31,EHAUSM-I,C8T1S5I8N5K,17,2,0.000200,0.000,0.016,22668471,22516,8,437,446,0,0,0,613039,25196,520431,0,0.407279,0.000000,0.000000,3787,0,3003.02,0,0,0,0,SUCCESS,0,0,warm20,,,,,,,,,,,used,,,,20260917-1737
2026-09-17 18:53:32,EHAUSM-I,C8T1S5I8N5K,18,2,0.000200,0.000,0.016,23463909,23286,9,311,321,0,0,0,457689,25397,365837,0,0.396489,0.000000,0.000000,3555,0,3843.02,0,0,0,0,SUCCESS,0,0,warm20,,,,,,,,,,,used,,,,20260917-1737
2026-09-17 18:53:32,EHAUSM-I,C8T1S5I8N5K,19,2,0.000200,0.000,0.016,24264347,24056,9,274,284,0,0,0,443948,25585,354643,0,0.397052,0.000000,0.000000,3211,0,4579.02,0,0,0,0,SUCCESS,0,0,warm20,,,,,,,,,,,used,,,,20260917-1737
2026-09-17 18:53:32,EHAUSM-I,C8T1S5I8N5K,20,2,0.000200,0.000,0.016,25021126,24826,9,287,297,0,0,0,466296,25878,378247,0,0.407218,0.000000,0.000000,2931,0,5331.02,0,0,0,0,SUCCESS,0,0,warm20,,,,,,,,,,,used,,,,20260917-1737
2026-09-17 18:53:33,EHAUSM-I,C8T1S5I8N5K,21,2,0.000200,0.000,0.016,25826533,25596,9,477,486,0,0,0,546341,26287,458029,0,0.379399,0.000000,0.000000,2981,0,6411.02,0,0,0,0,SUCCESS,0,0,warm20,,,,,,,,,,,used,,,,20260917-1737
2026-09-17 18:53:33,EHAUSM-I,C8T1S5I8N5K,22,2,0.000200,0.000,0.016,26635039,26366,9,371,380,0,0,0,477178,26603,388336,0,0.386018,0.000000,0.000000,2799,0,551.55,0,0,0,0,SUCCESS,0,0,warm20,,,,,,,,,,,used,,,,20260917-1737
2026-09-17 18:53:33,EHAUSM-I,C8T1S5I8N5K,23,2,0.000200,0.000,0.016,27383102,27136,9,324,334,0,0,0,498122,26793,409200,0,0.405295,0.000000,0.000000,2923,0,1439.55,0,0,0,0,SUCCESS,0,0,warm20,,,,,,,,,,,used,,,,20260917-1737
2026-09-17 18:53:34,EHAUSM-I,C8T1S5I8N5K,24,2,0.000200,0.000,0.016,28172835,27906,10,509,519,0,0,0,662168,27152,573025,0,0.392586,0.000000,0.000000,2941,0,2607.55,0,0,0,0,SUCCESS,0,0,warm20,,,,,,,,,,,used,,,,20260917-1737
2026-09-17 18:53:34,EHAUSM-I,C8T1S5I8N5K,25,2,0.000200,0.000,0.016,28965003,28676,10,515,525,0,0,0,600314,27456,511416,0,0.425809,0.000000,0.000000,3678,0,3807.55,0,0,0,0,SUCCESS,0,0,warm20,,,,,,,,,,,used,,,,20260917-1737
2026-09-17 18:53:35,EHAUSM-I,C8T1S5I8N5K,26,2,0.000200,0.000,0.016,29733125,29446,10,329,340,0,0,0,433902,27658,345631,0,0.413355,0.000000,0.000000,3457,0,4615.55,0,0,0,0,SUCCESS,0,0,warm20,,,,,,,,,,,used,,,,20260917-1737
2026-09-17 18:53:35,EHAUSM-I,C8T1S5I8N5K,27,2,0.000200,0.000,0.016,30519360,30216,10,325,335,0,0,0,427661,27636,341126,0,0.364475,0.000000,0.000000,3196,0,5431.55,0,0,0,0,SUCCESS,0,0,warm20,,,,,,,,,,,used,,,,20260917-1737
2026-09-17 18:53:36,EHAUSM-I,C8T1S5I8N5K,28,2,0.000200,0.000,0.016,31258424,30986,10,335,345,0,0,0,427380,27958,342071,0,0.386349,0.000000,0.000000,3073,0,6271.55,0,0,0,0,SUCCESS,0,0,warm20,,,,,,,,,,,used,,,,20260917-1737
2026-09-17 18:53:36,EHAUSM-I,C8T1S5I8N5K,29,2,0.000200,0.000,0.016,32001109,31756,10,283,294,0,0,0,390840,28130,306571,0,0.389571,0.000000,0.000000,2936,0,6951.55,0,0,0,0,SUCCESS,0,0,warm20,,,,,,,,,,,used,,,,20260917-1737
2026-09-17 18:53:36,EHAUSM-I,C8T1S5I8N5K,30,2,0.000200,0.000,0.016,32796296,32526,10,526,537,0,0,0,547480,28454,461329,0,0.382559,0.000000,0.000000,3085,0,1338.52,0,0,0,0,SUCCESS,0,0,warm20,,,,,,,,,,,used,,,,20260917-1737
2026-09-17 18:53:37,EHAUSM-I,C8T1S5I8N5K,31,2,0.000200,0.000,0.016,33593403,33296,11,348,359,0,0,0,428116,28612,342605,0,0.421865,0.000000,0.000000,2930,0,2210.52,0,0,0,0,SUCCESS,0,0,warm20,,,,,,,,,,,used,,,,20260917-1737
2026-09-17 18:53:37,EHAUSM-I,C8T1S5I8N5K,32,2,0.000200,0.000,0.016,34347468,34066,11,351,362,0,0,0,358832,28779,274623,0,0.359691,0.000000,0.000000,2829,0,3042.52,0,0,0,0,SUCCESS,0,0,warm20,,,,,,,,,,,used,,,,20260917-1737
2026-09-17 18:53:37,EHAUSM-I,C8T1S5I8N5K,33,2,0.000200,0.000,0.016,35130889,34836,11,336,348,0,0,0,359117,28934,276117,0,0.378606,0.000000,0.000000,2645,0,3810.52,0,0,0,0,SUCCESS,0,0,warm20,,,,,,,,,,,used,,,,20260917-1737
2026-09-17 18:53:38,EHAUSM-I,C8T1S5I8N5K,34,2,0.000200,0.000,0.016,35915078,35606,11,361,372,0,0,0,431428,29212,349484,0,0.401577,0.000000,0.000000,2563,0,4634.52,0,0,0,0,SUCCESS,0,0,warm20,,,,,,,,,,,used,,,,20260917-1737
2026-09-17 18:53:38,EHAUSM-I,C8T1S5I8N5K,35,2,0.000200,0.000,0.016,36684533,36376,11,332,344,0,0,0,361602,29361,280623,0,0.402143,0.000000,0.000000,2570,0,5410.52,0,0,0,0,SUCCESS,0,0,warm20,,,,,,,,,,,used,,,,20260917-1737
2026-09-17 18:53:39,EHAUSM-I,C8T1S5I8N5K,36,2,0.000200,0.000,0.016,37461649,37146,12,394,406,0,0,0,417248,29478,336541,0,0.383080,0.000000,0.000000,2455,0,6306.52,0,0,0,0,SUCCESS,0,0,warm20,,,,,,,,,,,used,,,,20260917-1737
2026-09-17 18:53:39,EHAUSM-I,C8T1S5I8N5K,37,2,0.000200,0.000,0.016,38238988,37916,12,634,646,0,0,0,532209,29699,450976,0,0.412099,0.000000,0.000000,2511,0,775.20,0,0,0,0,SUCCESS,0,0,warm20,,,,,,,,,,,used,,,,20260917-1737
2026-09-17 18:53:40,EHAUSM-I,C8T1S5I8N5K,38,2,0.000200,0.000,0.016,38976887,38686,12,341,354,0,0,0,366923,29813,285775,0,0.378432,0.000000,0.000000,2488,0,1567.20,0,0,0,0,SUCCESS,0,0,warm20,,,,,,,,,,,used,,,,20260917-1737
2026-09-17 18:53:40,EHAUSM-I,C8T1S5I8N5K,39,2,0.000200,0.000,0.016,39713850,39456,12,614,627,0,0,0,518029,29873,436837,0,0.393922,0.000000,0.000000,2600,0,2791.20,0,0,0,0,SUCCESS,0,0,warm20,,,,,,,,,,,used,,,,20260917-1737
2026-09-17 18:53:41,EHAUSM-I,C8T1S5I8N5K,40,2,0.000200,0.000,0.016,40487827,40226,12,380,393,0,0,0,393995,30007,312546,0,0.383267,0.000000,0.000000,2561,0,3639.20,0,0,0,0,SUCCESS,0,0,warm20,,,,,,,,,,,used,,,,20260917-1737
2026-09-17 18:53:41,EHAUSM-I,C8T1S5I8N5K,41,2,0.000200,0.000,0.016,41264664,40996,13,422,435,0,0,0,368877,30047,287521,0,0.381926,0.000000,0.000000,2521,0,4511.20,0,0,0,0,SUCCESS,0,0,warm20,,,,,,,,,,,used,,,,20260917-1737
2026-09-17 18:53:41,EHAUSM-I,C8T1S5I8N5K,42,2,0.000200,0.000,0.016,42050815,41766,13,390,403,0,0,0,411193,30106,330132,0,0.382767,0.000000,0.000000,2435,0,5391.20,0,0,0,0,SUCCESS,0,0,warm20,,,,,,,,,,,used,,,,20260917-1737
2026-09-17 18:53:42,EHAUSM-I,C8T1S5I8N5K,43,2,0.000200,0.000,0.016,42840281,42536,13,601,614,0,0,0,517479,30226,436773,0,0.431066,0.000000,0.000000,2433,0,6599.20,0,0,0,0,SUCCESS,0,0,warm20,,,,,,,,,,,used,,,,20260917-1737
2026-09-17 18:53:43,EHAUSM-I,C8T1S5I8N5K,44,2,0.000200,0.000,0.016,43616984,43306,13,475,489,0,0,0,428058,30450,347703,0,0.363653,0.000000,0.000000,2457,0,919.52,0,0,0,0,SUCCESS,0,0,warm20,,,,,,,,,,,used,,,,20260917-1737
2026-09-17 18:53:43,EHAUSM-I,C8T1S5I8N5K,45,2,0.000200,0.000,0.016,44376959,44076,13,466,480,0,0,0,393741,30666,313530,0,0.361432,0.000000,0.000000,2437,0,1935.52,0,0,0,0,SUCCESS,0,0,warm20,,,,,,,,,,,used,,,,20260917-1737
2026-09-17 18:53:43,EHAUSM-I,C8T1S5I8N5K,46,2,0.000200,0.000,0.016,45145862,44846,13,427,441,0,0,0,388722,30768,309808,0,0.361329,0.000000,0.000000,2417,0,2863.52,0,0,0,0,SUCCESS,0,0,warm20,,,,,,,,,,,used,,,,20260917-1737
2026-09-17 18:53:44,EHAUSM-I,C8T1S5I8N5K,47,2,0.000200,0.000,0.016,45909097,45616,14,709,724,0,0,0,421293,30916,343087,0,0.416509,0.000000,0.000000,2473,0,4175.52,0,0,0,0,SUCCESS,0,0,warm20,,,,,,,,,,,used,,,,20260917-1737
2026-09-17 18:53:45,EHAUSM-I,C8T1S5I8N5K,48,2,0.000200,0.000,0.016,46663645,46386,14,754,768,0,0,0,645325,30893,566064,0,0.392034,0.000000,0.000000,2642,0,5655.52,0,0,0,0,SUCCESS,0,0,warm20,,,,,,,,,,,used,,,,20260917-1737
2026-09-17 18:53:46,EHAUSM-I,C8T1S5I8N5K,49,2,0.000200,0.000,0.016,47416411,47132,14,653,667,0,0,0,391375,30941,312822,0,0.433647,0.000000,0.000000,2623,0,6879.52,0,0,0,0,SUCCESS,0,0,warm20,,,,,,,,,,,used,,,,20260917-1737
2026-09-17 18:53:47,EHAUSM-I,C8T1S5I8N5K,0,0,0.000200,0.000,0.200,9488004,9426,54,676,731,0,0,0,4135232,15686,3992155,0,0.468141,0.000000,0.000000,6078,0,1467.06,0,0,0,0,SUCCESS,0,0,warm20,,,,,,,,,,,used,,,,20260917-1737
2026-09-17 18:53:47,EHAUSM-I,C8T1S5I8N5K,1,0,0.000200,0.000,0.008,9860151,9807,4,228,233,0,0,0,914610,16148,770636,0,0.456212,0.000000,0.000000,5885,0,694.33,0,0,0,0,SUCCESS,0,0,warm20,,,,,,,,,,,used,,,,20260917-1737
2026-09-17 18:53:47,EHAUSM-I,C8T1S5I8N5K,2,0,0.000200,0.000,0.008,10237723,10188,4,187,191,0,0,0,505429,16704,368170,0,0.422098,0.000000,0.000000,6216,0,1406.33,0,0,0,0,SUCCESS,0,0,warm20,,,,,,,,,,,used,,,,20260917-1737
2026-09-17 18:53:48,EHAUSM-I,C8T1S5I8N5K,3,0,0.000200,0.000,0.008,10611431,10569,4,177,181,0,0,0,524192,17038,396825,0,0.402494,0.000000,0.000000,5716,0,2078.33,0,0,0,0,SUCCESS,0,0,warm20,,,,,,,,,,,used,,,,20260917-1737
2026-09-17 18:53:48,EHAUSM-I,C8T1S5I8N5K,4,0,0.000200,0.000,0.008,10996455,10950,4,153,158,0,0,0,484444,17462,364120,0,0.437180,0.000000,0.000000,6199,0,866.13,0,0,0,0,SUCCESS,0,0,warm20,,,,,,,,,,,used,,,,20260917-1737
2026-09-17 18:53:48,EHAUSM-I,C8T1S5I8N5K,5,0,0.000200,0.000,0.008,11372487,11331,4,230,235,0,0,0,710567,17959,584168,0,0.392776,0.000000,0.000000,7078,0,1882.13,0,0,0,0,SUCCESS,0,0,warm20,,,,,,,,,,,used,,,,20260917-1737
2026-09-17 18:53:48,EHAUSM-I,C8T1S5I8N5K,6,0,0.000200,0.000,0.008,11749908,11712,4,185,189,0,0,0,510909,18555,385219,0,0.418416,0.000000,0.000000,7173,0,767.91,0,0,0,0,SUCCESS,0,0,warm20,,,,,,,,,,,used,,,,20260917-1737
2026-09-17 18:53:48,EHAUSM-I,C8T1S5I8N5K,7,0,0.000200,0.000,0.008,12139444,12093,4,277,282,0,0,0,718957,18877,597012,0,0.367709,0.000000,0.000000,7539,0,1687.91,0,0,0,0,SUCCESS,0,0,warm20,,,,,,,,,,,used,,,,20260917-1737
2026-09-17 18:53:49,EHAUSM-I,C8T1S5I8N5K,8,0,0.000200,0.000,0.008,12513100,12474,5,261,267,0,0,0,647781,19203,526885,0,0.392083,0.000000,0.000000,7536,0,758.72,0,0,0,0,SUCCESS,0,0,warm20,,,,,,,,,,,used,,,,20260917-1737
2026-09-17 18:53:49,EHAUSM-I,C8T1S5I8N5K,9,0,0.000200,0.000,0.008,12914001,12855,4,167,172,0,0,0,456627,19538,338082,0,0.465677,0.000000,0.000000,6698,0,1462.72,0,0,0,0,SUCCESS,0,0,warm20,,,,,,,,,,,used,,,,20260917-1737
2026-09-17 18:53:49,EHAUSM-I,C8T1S5I8N5K,10,0,0.000200,0.000,0.008,13304270,13236,4,143,148,0,0,0,385196,19871,269740,0,0.398309,0.000000,0.000000,6519,0,1990.72,0,0,0,0,SUCCESS,0,0,warm20,,,,,,,,,,,used,,,,20260917-1737
2026-09-17 18:53:49,EHAUSM-I,C8T1S5I8N5K,11,0,0.000200,0.000,0.008,13705969,13617,5,137,142,0,0,0,329113,20077,217874,0,0.390280,0.000000,0.000000,6098,0,2438.72,0,0,0,0,SUCCESS,0,0,warm20,,,,,,,,,,,used,,,,20260917-1737
2026-09-17 18:53:49,EHAUSM-I,C8T1S5I8N5K,12,0,0.000200,0.000,0.008,14085202,13998,5,175,180,0,0,0,385512,20493,274171,0,0.440587,0.000000,0.000000,5789,0,2958.72,0,0,0,0,SUCCESS,0,0,warm20,,,,,,,,,,,used,,,,20260917-1737
2026-09-17 18:53:50,EHAUSM-I,C8T1S5I8N5K,13,0,0.000200,0.000,0.008,14447935,14379,5,233,239,0,0,0,456671,20793,346355,0,0.420437,0.000000,0.000000,5569,0,3614.72,0,0,0,0,SUCCESS,0,0,warm20,,,,,,,,,,,used,,,,20260917-1737
2026-09-17 18:53:50,EHAUSM-I,C8T1S5I8N5K,14,0,0.000200,0.000,0.008,14856178,14760,6,342,348,0,0,0,733822,21042,625538,0,0.381154,0.000000,0.000000,5314,0,4534.72,0,0,0,0,SUCCESS,0,0,warm20,,,,,,,,,,,used,,,,20260917-1737
2026-09-17 18:53:50,EHAUSM-I,C8T1S5I8N5K,15,0,0.000200,0.000,0.008,15234958,15141,5,366,372,0,0,0,656798,21338,546886,0,0.418847,0.000000,0.000000,5756,0,5486.72,0,0,0,0,SUCCESS,0,0,warm20,,,,,,,,,,,used,,,,20260917-1737
2026-09-17 18:53:51,EHAUSM-I,C8T1S5I8N5K,16,0,0.000200,0.000,0.008,15636723,15522,5,155,161,0,0,0,355622,21546,248820,0,0.408447,0.000000,0.000000,5143,0,5966.72,0,0,0,0,SUCCESS,0,0,warm20,,,,,,,,,,,used,,,,20260917-1737
2026-09-17 18:53:51,EHAUSM-I,C8T1S5I8N5K,17,0,0.000200,0.000,0.008,16000443,15903,6,134,140,0,0,0,310561,21935,205710,0,0.363768,0.000000,0.000000,4767,0,581.80,0,0,0,0,SUCCESS,0,0,warm20,,,,,,,,,,,used,,,,20260917-1737
2026-09-17 18:53:51,EHAUSM-I,C8T1S5I8N5K,18,0,0.000200,0.000,0.008,16375616,16284,5,283,288,0,0,0,643335,22181,541189,0,0.481428,0.000000,0.000000,5395,0,1477.80,0,0,0,0,SUCCESS,0,0,warm20,,,,,,,,,,,used,,,,20260917-1737
2026-09-17 18:53:51,EHAUSM-I,C8T1S5I8N5K,19,0,0.000200,0.000,0.008,16735590,16665,5,292,298,0,0,0,342296,22473,242163,0,0.399616,0.000000,0.000000,5318,0,2269.80,0,0,0,0,SUCCESS,0,0,warm20,,,,,,,,,,,used,,,,20260917-1737
2026-09-17 18:53:51,EHAUSM-I,C8T1S5I8N5K,20,0,0.000200,0.000,0.008,17118254,17046,5,151,157,0,0,0,353892,22785,253790,0,0.361290,0.000000,0.000000,5734,0,2813.80,0,0,0,0,SUCCESS,0,0,warm20,,,,,,,,,,,used,,,,20260917-1737
2026-09-17 18:53:52,EHAUSM-I,C8T1S5I8N5K,21,0,0.000200,0.000,0.008,17469048,17427,5,146,151,0,0,0,309509,22920,210239,0,0.469776,0.000000,0.000000,5511,0,3261.80,0,0,0,0,SUCCESS,0,0,warm20,,,,,,,,,,,used,,,,20260917-1737
2026-09-17 18:53:52,EHAUSM-I,C8T1S5I8N5K,22,0,0.000200,0.000,0.008,17881746,17808,5,190,196,0,0,0,349367,23259,249203,0,0.422269,0.000000,0.000000,5461,0,3813.80,0,0,0,0,SUCCESS,0,0,warm20,,,,,,,,,,,used,,,,20260917-1737
2026-09-17 18:53:52,EHAUSM-I,C8T1S5I8N5K,23,0,0.000200,0.000,0.008,18263626,18189,6,151,157,0,0,0,314838,23313,215327,0,0.367080,0.000000,0.000000,5224,0,4285.80,0,0,0,0,SUCCESS,0,0,warm20,,,,,,,,,,,used,,,,20260917-1737
2026-09-17 18:53:52,EHAUSM-I,C8T1S5I8N5K,24,0,0.000200,0.000,0.008,18655152,18570,5,140,145,0,0,0,243627,23390,145581,0,0.379681,0.000000,0.000000,4981,0,4685.80,0,0,0,0,SUCCESS,0,0,warm20,,,,,,,,,,,used,,,,20260917-1737
2026-09-17 18:53:52,EHAUSM-I,C8T1S5I8N5K,25,0,0.000200,0.000,0.008,19051938,18951,6,187,193,0,0,0,376664,23529,278538,0,0.406439,0.000000,0.000000,4605,0,5229.80,0,0,0,0,SUCCESS,0,0,warm20,,,,,,,,,,,used,,,,20260917-1737
2026-09-17 18:53:52,EHAUSM-I,C8T1S5I8N5K,26,0,0.000200,0.000,0.008,19436370,19332,6,112,118,0,0,0,241078,23703,145248,0,0.329330,0.000000,0.000000,4468,0,5573.80,0,0,0,0,SUCCESS,0,0,warm20,,,,,,,,,,,used,,,,20260917-1737
2026-09-17 18:53:53,EHAUSM-I,C8T1S5I8N5K,27,0,0.000200,0.000,0.008,19820960,19713,6,255,261,0,0,0,403537,23959,307470,0,0.415898,0.000000,0.000000,4548,0,465.06,0,0,0,0,SUCCESS,0,0,warm20,,,,,,,,,,,used,,,,20260917-1737
2026-09-17 18:53:53,EHAUSM-I,C8T1S5I8N5K,28,0,0.000200,0.000,0.008,20208065,20094,6,142,149,0,0,0,255245,24096,160020,0,0.380944,0.000000,0.000000,4279,0,889.06,0,0,0,0,SUCCESS,0,0,warm20,,,,,,,,,,,used,,,,20260917-1737
2026-09-17 18:53:53,EHAUSM-I,C8T1S5I8N5K,29,0,0.000200,0.000,0.008,20583629,20475,6,152,159,0,0,0,277555,24254,183625,0,0.377020,0.000000,0.000000,4125,0,1361.06,0,0,0,0,SUCCESS,0,0,warm20,,,,,,,,,,,used,,,,20260917-1737
2026-09-17 18:53:53,EHAUSM-I,C8T1S5I8N5K,30,0,0.000200,0.000,0.008,20987544,20856,6,155,162,0,0,0,305325,24465,210586,0,0.409562,0.000000,0.000000,3897,0,1801.06,0,0,0,0,SUCCESS,0,0,warm20,,,,,,,,,,,used,,,,20260917-1737
2026-09-17 18:53:53,EHAUSM-I,C8T1S5I8N5K,31,0,0.000200,0.000,0.008,21379313,21237,6,199,206,0,0,0,335220,24746,241558,0,0.405680,0.000000,0.000000,3722,0,2353.06,0,0,0,0,SUCCESS,0,0,warm20,,,,,,,,,,,used,,,,20260917-1737
2026-09-17 18:53:54,EHAUSM-I,C8T1S5I8N5K,32,0,0.000200,0.000,0.008,21757529,21618,6,340,347,0,0,0,586629,24831,492547,0,0.366534,0.000000,0.000000,3513,0,3265.06,0,0,0,0,SUCCESS,0,0,warm20,,,,,,,,,,,used,,,,20260917-1737
2026-09-17 18:53:54,EHAUSM-I,C8T1S5I8N5K,33,0,0.000200,0.000,0.008,22150766,21999,6,263,270,0,0,0,312424,24839,219727,0,0.467842,0.000000,0.000000,3756,0,3913.06,0,0,0,0,SUCCESS,0,0,warm20,,,,,,,,,,,used,,,,20260917-1737
2026-09-17 18:53:54,EHAUSM-I,C8T1S5I8N5K,34,0,0.000200,0.000,0.008,22536242,22380,6,182,189,0,0,0,266761,25080,174481,0,0.362491,0.000000,0.000000,3759,0,4425.06,0,0,0,0,SUCCESS,0,0,warm20,,,,,,,,,,,used,,,,20260917-1737
2026-09-17 18:53:54,EHAUSM-I,C8T1S5I8N5K,35,0,0.000200,0.000,0.008,22907858,22761,7,334,341,0,0,0,483718,25235,391080,0,0.420080,0.000000,0.000000,3731,0,5241.06,0,0,0,0,SUCCESS,0,0,warm20,,,,,,,,,,,used,,,,20260917-1737
2026-09-17 18:53:55,EHAUSM-I,C8T1S5I8N5K,36,0,0.000200,0.000,0.008,23319188,23142,7,202,209,0,0,0,293216,25326,200941,0,0.373390,0.000000,0.000000,3641,0,5785.06,0,0,0,0,SUCCESS,0,0,warm20,,,,,,,,,,,used,,,,20260917-1737
2026-09-17 18:53:55,EHAUSM-I,C8T1S5I8N5K,37,0,0.000200,0.000,0.008,23697328,23523,7,163,170,0,0,0,280088,25457,189100,0,0.375788,0.000000,0.000000,3515,0,407.92,0,0,0,0,SUCCESS,0,0,warm20,,,,,,,,,,,used,,,,20260917-1737
2026-09-17 18:53:55,EHAUSM-I,C8T1S5I8N5K,38,0,0.000200,0.000,0.008,24099127,23904,7,159,166,0,0,0,281815,25535,192023,0,0.388852,0.000000,0.000000,3290,0,863.92,0,0,0,0,SUCCESS,0,0,warm20,,,,,,,,,,,used,,,,20260917-1737
2026-09-17 18:53:55,EHAUSM-I,C8T1S5I8N5K,39,0,0.000200,0.000,0.008,24493119,24285,7,142,150,0,0,0,240200,25605,151773,0,0.359832,0.000000,0.000000,3105,0,1271.92,0,0,0,0,SUCCESS,0,0,warm20,,,,,,,,,,,used,,,,20260917-1737
2026-09-17 18:53:55,EHAUSM-I,C8T1S5I8N5K,40,0,0.000200,0.000,0.008,24862259,24666,7,165,173,0,0,0,296351,25823,208179,0,0.428815,0.000000,0.000000,2983,0,1735.92,0,0,0,0,SUCCESS,0,0,warm20,,,,,,,,,,,used,,,,20260917-1737
2026-09-17 18:53:56,EHAUSM-I,C8T1S5I8N5K,41,0,0.000200,0.000,0.008,25263088,25047,7,172,180,0,0,0,271173,25985,183133,0,0.368586,0.000000,0.000000,2907,0,2191.92,0,0,0,0,SUCCESS,0,0,warm20,,,,,,,,,,,used,,,,20260917-1737
2026-09-17 18:53:56,EHAUSM-I,C8T1S5I8N5K,42,0,0.000200,0.000,0.008,25651287,25428,7,168,176,0,0,0,242112,26164,154270,0,0.373368,0.000000,0.000000,2802,0,2639.92,0,0,0,0,SUCCESS,0,0,warm20,,,,,,,,,,,used,,,,20260917-1737
2026-09-17 18:53:56,EHAUSM-I,C8T1S5I8N5K,43,0,0.000200,0.000,0.008,26044850,25809,7,357,365,0,0,0,417444,26317,329266,0,0.355239,0.000000,0.000000,2898,0,3447.92,0,0,0,0,SUCCESS,0,0,warm20,,,,,,,,,,,used,,,,20260917-1737
2026-09-17 18:53:56,EHAUSM-I,C8T1S5I8N5K,44,0,0.000200,0.000,0.008,26430934,26190,7,222,230,0,0,0,311436,26489,222758,0,0.388517,0.000000,0.000000,2699,0,4023.92,0,0,0,0,SUCCESS,0,0,warm20,,,,,,,,,,,used,,,,20260917-1737
2026-09-17 18:53:57,EHAUSM-I,C8T1S5I8N5K,45,0,0.000200,0.000,0.008,26846010,26571,8,198,206,0,0,0,292090,26610,203451,0,0.355668,0.000000,0.000000,2737,0,4567.92,0,0,0,0,SUCCESS,0,0,warm20,,,,,,,,,,,used,,,,20260917-1737
2026-09-17 18:53:57,EHAUSM-I,C8T1S5I8N5K,46,0,0.000200,0.000,0.008,27199497,26952,7,209,217,0,0,0,301442,26764,212209,0,0.394475,0.000000,0.000000,2876,0,5135.92,0,0,0,0,SUCCESS,0,0,warm20,,,,,,,,,,,used,,,,20260917-1737
2026-09-17 18:53:57,EHAUSM-I,C8T1S5I8N5K,47,0,0.000200,0.000,0.008,27577144,27333,7,382,390,0,0,0,458941,26865,369993,0,0.394696,0.000000,0.000000,2903,0,5975.92,0,0,0,0,SUCCESS,0,0,warm20,,,,,,,,,,,used,,,,20260917-1737
2026-09-17 18:53:57,EHAUSM-I,C8T1S5I8N5K,48,0,0.000200,0.000,0.008,27971205,27714,7,244,252,0,0,0,352982,27042,263456,0,0.388022,0.000000,0.000000,2983,0,815.92,0,0,0,0,SUCCESS,0,0,warm20,,,,,,,,,,,used,,,,20260917-1737
2026-09-17 18:53:58,EHAUSM-I,C8T1S5I8N5K,49,0,0.000200,0.000,0.008,28365395,28095,8,314,322,0,0,0,359849,27173,270562,0,0.453247,0.000000,0.000000,3165,0,1543.92,0,0,0,0,SUCCESS,0,0,warm20,,,,,,,,,,,used,,,,20260917-1737
2026-09-17 18:53:58,EHAUSM-I,C8T1S5I8N5K,50,0,0.000200,0.000,0.008,28747485,28476,7,230,238,0,0,0,324136,27398,235227,0,0.359607,0.000000,0.000000,3190,0,2135.92,0,0,0,0,SUCCESS,0,0,warm20,,,,,,,,,,,used,,,,20260917-1737
2026-09-17 18:53:58,EHAUSM-I,C8T1S5I8N5K,51,0,0.000200,0.000,0.008,29148083,28857,8,240,248,0,0,0,295562,27518,206907,0,0.367753,0.000000,0.000000,3606,0,2775.92,0,0,0,0,SUCCESS,0,0,warm20,,,,,,,,,,,used,,,,20260917-1737
2026-09-17 18:53:58,EHAUSM-I,C8T1S5I8N5K,52,0,0.000200,0.000,0.008,29537266,29238,8,187,196,0,0,0,261072,27571,173252,0,0.395773,0.000000,0.000000,3512,0,3255.92,0,0,0,0,SUCCESS,0,0,warm20,,,,,,,,,,,used,,,,20260917-1737
2026-09-17 18:53:59,EHAUSM-I,C8T1S5I8N5K,53,0,0.000200,0.000,0.008,29904777,29619,8,208,216,0,0,0,294455,27683,206506,0,0.383651,0.000000,0.000000,3392,0,3783.92,0,0,0,0,SUCCESS,0,0,warm20,,,,,,,,,,,used,,,,20260917-1737
2026-09-17 18:53:59,EHAUSM-I,C8T1S5I8N5K,54,0,0.000200,0.000,0.008,30290428,30000,8,189,197,0,0,0,262857,27678,175715,0,0.387595,0.000000,0.000000,3265,0,4255.92,0,0,0,0,SUCCESS,0,0,warm20,,,,,,,,,,,used,,,,20260917-1737
2026-09-17 18:53:59,EHAUSM-I,C8T1S5I8N5K,55,0,0.000200,0.000,0.008,30681887,30381,8,229,238,0,0,0,304129,27749,217625,0,0.369085,0.000000,0.000000,3173,0,4823.92,0,0,0,0,SUCCESS,0,0,warm20,,,,,,,,,,,used,,,,20260917-1737
2026-09-17 18:53:59,EHAUSM-I,C8T1S5I8N5K,56,0,0.000200,0.000,0.008,31050362,30762,8,198,207,0,0,0,248161,27898,162268,0,0.342240,0.000000,0.000000,3135,0,5327.92,0,0,0,0,SUCCESS,0,0,warm20,,,,,,,,,,,used,,,,20260917-1737
2026-09-17 18:53:59,EHAUSM-I,C8T1S5I8N5K,57,0,0.000200,0.000,0.008,31395739,31143,8,157,165,0,0,0,192387,27964,107415,0,0.355902,0.000000,0.000000,3035,0,5711.92,0,0,0,0,SUCCESS,0,0,warm20,,,,,,,,,,,used,,,,20260917-1737
2026-09-17 18:54:00,EHAUSM-I,C8T1S5I8N5K,58,0,0.000200,0.000,0.008,31769352,31524,8,143,151,0,0,0,205476,28031,121293,0,0.367219,0.000000,0.000000,3041,0,6063.92,0,0,0,0,SUCCESS,0,0,warm20,,,,,,,,,,,used,,,,20260917-1737
2026-09-17 18:54:00,EHAUSM-I,C8T1S5I8N5K,59,0,0.000200,0.000,0.008,32142537,31905,8,224,232,0,0,0,324681,28191,240324,0,0.389131,0.000000,0.000000,2920,0,782.79,0,0,0,0,SUCCESS,0,0,warm20,,,,,,,,,,,used,,,,20260917-1737
2026-09-17 18:54:00,EHAUSM-I,C8T1S5I8N5K,60,0,0.000200,0.000,0.008,32547440,32286,8,391,400,0,0,0,361443,28305,276350,0,0.371807,0.000000,0.000000,3068,0,1646.79,0,0,0,0,SUCCESS,0,0,warm20,,,,,,,,,,,used,,,,20260917-1737
2026-09-17 18:54:00,EHAUSM-I,C8T1S5I8N5K,61,0,0.000200,0.000,0.008,32944229,32667,9,208,217,0,0,0,275809,28380,190038,0,0.352211,0.000000,0.000000,3028,0,2158.79,0,0,0,0,SUCCESS,0,0,warm20,,,,,,,,,,,used,,,,20260917-1737
2026-09-17 18:54:01,EHAUSM-I,C8T1S5I8N5K,62,0,0.000200,0.000,0.008,33334519,33048,9,200,209,0,0,0,217533,28502,132118,0,0.355027,0.000000,0.000000,2938,0,2630.79,0,0,0,0,SUCCESS,0,0,warm20,,,,,,,,,,,used,,,,20260917-1737
2026-09-17 18:54:01,EHAUSM-I,C8T1S5I8N5K,63,0,0.000200,0.000,0.008,33719823,33429,9,249,258,0,0,0,316916,28525,231680,0,0.429647,0.000000,0.000000,2956,0,3254.79,0,0,0,0,SUCCESS,0,0,warm20,,,,,,,,,,,used,,,,20260917-1737
2026-09-17 18:54:01,EHAUSM-I,C8T1S5I8N5K,64,0,0.000200,0.000,0.008,34102327,33810,8,234,243,0,0,0,236417,28687,151858,0,0.346000,0.000000,0.000000,2871,0,3798.79,0,0,0,0,SUCCESS,0,0,warm20,,,,,,,,,,,used,,,,20260917-1737
2026-09-17 18:54:01,EHAUSM-I,C8T1S5I8N5K,65,0,0.000200,0.000,0.008,34478988,34191,9,195,204,0,0,0,223954,28803,139506,0,0.360214,0.000000,0.000000,2791,0,4286.79,0,0,0,0,SUCCESS,0,0,warm20,,,,,,,,,,,used,,,,20260917-1737
2026-09-17 18:54:02,EHAUSM-I,C8T1S5I8N5K,66,0,0.000200,0.000,0.008,34853481,34572,9,201,211,0,0,0,218622,28846,134909,0,0.375633,0.000000,0.000000,2698,0,4742.79,0,0,0,0,SUCCESS,0,0,warm20,,,,,,,,,,,used,,,,20260917-1737
2026-09-17 18:54:02,EHAUSM-I,C8T1S5I8N5K,67,0,0.000200,0.000,0.008,35248065,34953,9,201,210,0,0,0,235286,29022,152288,0,0.356110,0.000000,0.000000,2620,0,5214.79,0,0,0,0,SUCCESS,0,0,warm20,,,,,,,,,,,used,,,,20260917-1737
2026-09-17 18:54:02,EHAUSM-I,C8T1S5I8N5K,68,0,0.000200,0.000,0.008,35624384,35334,9,216,226,0,0,0,283176,29173,200472,0,0.390139,0.000000,0.000000,2554,0,5702.79,0,0,0,0,SUCCESS,0,0,warm20,,,,,,,,,,,used,,,,20260917-1737
2026-09-17 18:54:02,EHAUSM-I,C8T1S5I8N5K,69,0,0.000200,0.000,0.008,36012101,35715,9,192,202,0,0,0,224271,29231,142742,0,0.379616,0.000000,0.000000,2554,0,319.74,0,0,0,0,SUCCESS,0,0,warm20,,,,,,,,,,,used,,,,20260917-1737
2026-09-17 18:54:02,EHAUSM-I,C8T1S5I8N5K,70,0,0.000200,0.000,0.008,36401810,36096,9,211,221,0,0,0,282650,29306,201222,0,0.397852,0.000000,0.000000,2518,0,855.74,0,0,0,0,SUCCESS,0,0,warm20,,,,,,,,,,,used,,,,20260917-1737
2026-09-17 18:54:03,EHAUSM-I,C8T1S5I8N5K,71,0,0.000200,0.000,0.008,36794486,36477,9,210,220,0,0,0,214604,29378,133458,0,0.363976,0.000000,0.000000,2563,0,1359.74,0,0,0,0,SUCCESS,0,0,warm20,,,,,,,,,,,used,,,,20260917-1737
2026-09-17 18:54:03,EHAUSM-I,C8T1S5I8N5K,72,0,0.000200,0.000,0.008,37175538,36858,9,235,245,0,0,0,266774,29443,185984,0,0.374728,0.000000,0.000000,2519,0,1919.74,0,0,0,0,SUCCESS,0,0,warm20,,,,,,,,,,,used,,,,20260917-1737
2026-09-17 18:54:03,EHAUSM-I,C8T1S5I8N5K,73,0,0.000200,0.000,0.008,37548260,37239,9,410,419,0,0,0,312331,29524,231455,0,0.355560,0.000000,0.000000,2480,0,2687.74,0,0,0,0,SUCCESS,0,0,warm20,,,,,,,,,,,used,,,,20260917-1737
2026-09-17 18:54:04,EHAUSM-I,C8T1S5I8N5K,74,0,0.000200,0.000,0.008,37929393,37620,9,244,254,0,0,0,250751,29643,169792,0,0.371845,0.000000,0.000000,2451,0,3247.74,0,0,0,0,SUCCESS,0,0,warm20,,,,,,,,,,,used,,,,20260917-1737
2026-09-17 18:54:04,EHAUSM-I,C8T1S5I8N5K,75,0,0.000200,0.000,0.008,38316091,38001,9,454,464,0,0,0,315993,29692,234685,0,0.421308,0.000000,0.000000,2489,0,4095.74,0,0,0,0,SUCCESS,0,0,warm20,,,,,,,,,,,used,,,,20260917-1737
2026-09-17 18:54:04,EHAUSM-I,C8T1S5I8N5K,76,0,0.000200,0.000,0.008,38678955,38382,10,220,230,0,0,0,252561,29742,171451,0,0.368468,0.000000,0.000000,2455,0,4615.74,0,0,0,0,SUCCESS,0,0,warm20,,,,,,,,,,,used,,,,20260917-1737
2026-09-17 18:54:04,EHAUSM-I,C8T1S5I8N5K,77,0,0.000200,0.000,0.008,39054361,38763,10,201,211,0,0,0,212810,29827,131852,0,0.377401,0.000000,0.000000,2481,0,5071.74,0,0,0,0,SUCCESS,0,0,warm20,,,,,,,,,,,used,,,,20260917-1737
2026-09-17 18:54:05,EHAUSM-I,C8T1S5I8N5K,78,0,0.000200,0.000,0.008,39410937,39144,9,272,282,0,0,0,283996,29822,203156,0,0.382252,0.000000,0.000000,2527,0,5695.74,0,0,0,0,SUCCESS,0,0,warm20,,,,,,,,,,,used,,,,20260917-1737
2026-09-17 18:54:05,EHAUSM-I,C8T1S5I8N5K,79,0,0.000200,0.000,0.008,39780553,39525,10,462,472,0,0,0,355453,29890,273863,0,0.381764,0.000000,0.000000,2581,0,749.37,0,0,0,0,SUCCESS,0,0,warm20,,,,,,,,,,,used,,,,20260917-1737
2026-09-17 18:54:06,EHAUSM-I,C8T1S5I8N5K,80,0,0.000200,0.000,0.008,40168805,39906,10,252,262,0,0,0,273707,29920,192292,0,0.366976,0.000000,0.000000,2552,0,1341.37,0,0,0,0,SUCCESS,0,0,warm20,,,,,,,,,,,used,,,,20260917-1737
2026-09-17 18:54:06,EHAUSM-I,C8T1S5I8N5K,81,0,0.000200,0.000,0.008,40553020,40287,10,201,211,0,0,0,212199,30031,130633,0,0.381797,0.000000,0.000000,2573,0,1789.37,0,0,0,0,SUCCESS,0,0,warm20,,,,,,,,,,,used,,,,20260917-1737
2026-09-17 18:54:06,EHAUSM-I,C8T1S5I8N5K,82,0,0.000200,0.000,0.008,40936711,40668,10,257,268,0,0,0,209913,30034,128777,0,0.367505,0.000000,0.000000,2542,0,2301.37,0,0,0,0,SUCCESS,0,0,warm20,,,,,,,,,,,used,,,,20260917-1737
2026-09-17 18:54:06,EHAUSM-I,C8T1S5I8N5K,83,0,0.000200,0.000,0.008,41313771,41049,10,277,288,0,0,0,251621,30066,170339,0,0.366617,0.000000,0.000000,2517,0,2893.37,0,0,0,0,SUCCESS,0,0,warm20,,,,,,,,,,,used,,,,20260917-1737
2026-09-17 18:54:07,EHAUSM-I,C8T1S5I8N5K,84,0,0.000200,0.000,0.008,41724105,41430,10,214,225,0,0,0,267644,30177,186727,0,0.365915,0.000000,0.000000,2489,0,3421.37,0,0,0,0,SUCCESS,0,0,warm20,,,,,,,,,,,used,,,,20260917-1737
2026-09-17 18:54:07,EHAUSM-I,C8T1S5I8N5K,85,0,0.000200,0.000,0.008,42092050,41811,10,383,394,0,0,0,319765,30101,238655,0,0.353386,0.000000,0.000000,2440,0,4253.37,0,0,0,0,SUCCESS,0,0,warm20,,,,,,,,,,,used,,,,20260917-1737
2026-09-17 18:54:07,EHAUSM-I,C8T1S5I8N5K,86,0,0.000200,0.000,0.008,42492603,42192,10,438,449,0,0,0,326750,30090,245439,0,0.468260,0.000000,0.000000,2494,0,5093.37,0,0,0,0,SUCCESS,0,0,warm20,,,,,,,,,,,used,,,,20260917-1737
2026-09-17 18:54:08,EHAUSM-I,C8T1S5I8N5K,87,0,0.000200,0.000,0.008,42875635,42573,11,248,259,0,0,0,232077,30247,151350,0,0.366631,0.000000,0.000000,2433,0,5637.37,0,0,0,0,SUCCESS,0,0,warm20,,,,,,,,,,,used,,,,20260917-1737
2026-09-17 18:54:08,EHAUSM-I,C8T1S5I8N5K,88,0,0.000200,0.000,0.008,43248010,42954,11,268,279,0,0,0,263203,30374,182529,0,0.353765,0.000000,0.000000,2454,0,405.99,0,0,0,0,SUCCESS,0,0,warm20,,,,,,,,,,,used,,,,20260917-1737
2026-09-17 18:54:08,EHAUSM-I,C8T1S5I8N5K,89,0,0.000200,0.000,0.008,43639169,43335,11,272,283,0,0,0,245052,30465,164792,0,0.355092,0.000000,0.000000,2455,0,1045.99,0,0,0,0,SUCCESS,0,0,warm20,,,,,,,,,,,used,,,,20260917-1737
2026-09-17 18:54:08,EHAUSM-I,C8T1S5I8N5K,90,0,0.000200,0.000,0.008,44031231,43716,11,272,283,0,0,0,247866,30534,167796,0,0.360423,0.000000,0.000000,2453,0,1645.99,0,0,0,0,SUCCESS,0,0,warm20,,,,,,,,,,,used,,,,20260917-1737
2026-09-17 18:54:09,EHAUSM-I,C8T1S5I8N5K,91,0,0.000200,0.000,0.008,44399561,44097,11,331,342,0,0,0,252236,30664,172073,0,0.344488,0.000000,0.000000,2431,0,2357.99,0,0,0,0,SUCCESS,0,0,warm20,,,,,,,,,,,used,,,,20260917-1737
2026-09-17 18:54:09,EHAUSM-I,C8T1S5I8N5K,92,0,0.000200,0.000,0.008,44778722,44478,11,264,275,0,0,0,266113,30630,186629,0,0.363433,0.000000,0.000000,2415,0,2933.99,0,0,0,0,SUCCESS,0,0,warm20,,,,,,,,,,,used,,,,20260917-1737
2026-09-17 18:54:09,EHAUSM-I,C8T1S5I8N5K,93,0,0.000200,0.000,0.008,45161917,44859,11,241,252,0,0,0,224876,30774,145898,0,0.339148,0.000000,0.000000,2417,0,3477.99,0,0,0,0,SUCCESS,0,0,warm20,,,,,,,,,,,used,,,,20260917-1737
2026-09-17 18:54:10,EHAUSM-I,C8T1S5I8N5K,94,0,0.000200,0.000,0.008,45536405,45240,11,516,528,0,0,0,309005,30901,230122,0,0.419281,0.000000,0.000000,2509,0,4397.99,0,0,0,0,SUCCESS,0,0,warm20,,,,,,,,,,,used,,,,20260917-1737
2026-09-17 18:54:10,EHAUSM-I,C8T1S5I8N5K,95,0,0.000200,0.000,0.008,45914470,45621,11,237,248,0,0,0,191636,30916,113447,0,0.367506,0.000000,0.000000,2472,0,4917.99,0,0,0,0,SUCCESS,0,0,warm20,,,,,,,,,,,used,,,,20260917-1737
2026-09-17 18:54:11,EHAUSM-I,C8T1S5I8N5K,96,0,0.000200,0.000,0.008,46296586,46002,11,593,604,0,0,0,416940,30818,337699,0,0.402149,0.000000,0.000000,2565,0,6013.99,0,0,0,0,SUCCESS,0,0,warm20,,,,,,,,,,,used,,,,20260917-1737
2026-09-17 18:54:11,EHAUSM-I,C8T1S5I8N5K,97,0,0.000200,0.000,0.008,46658707,46383,11,477,488,0,0,0,428846,30902,349571,0,0.380522,0.000000,0.000000,2642,0,1108.27,0,0,0,0,SUCCESS,0,0,warm20,,,,,,,,,,,used,,,,20260917-1737
2026-09-17 18:54:12,EHAUSM-I,C8T1S5I8N5K,98,0,0.000200,0.000,0.008,47041850,46764,12,500,512,0,0,0,267555,30912,188637,0,0.454703,0.000000,0.000000,2654,0,2012.27,0,0,0,0,SUCCESS,0,0,warm20,,,,,,,,,,,used,,,,20260917-1737
2026-09-17 18:54:12,EHAUSM-I,C8T1S5I8N5K,99,0,0.000200,0.000,0.008,47416411,47132,11,240,252,0,0,0,219964,30941,141411,0,0.353688,0.000000,0.000000,2623,0,2548.27,0,0,0,0,SUCCESS,0,0,warm20,,,,,,,,,,,used,,,,20260917-1737
2026-09-17 18:54:13,EHAUSM-I,C8T1S5I8N5K,0,1,0.000200,0.000,0.200,9488004,9426,64,734,799,0,0,0,4135232,15686,3992155,0,0.468141,0.000000,0.000000,6078,0,1144.49,0,0,0,0,SUCCESS,0,0,warm20,,,,,,,,,,,used,,,,20260917-1737
2026-09-17 18:54:14,EHAUSM-I,C8T1S5I8N5K,1,1,0.000200,0.000,0.008,9860151,9807,4,228,233,0,0,0,914610,16148,770636,0,0.456212,0.000000,0.000000,5885,0,1057.77,0,0,0,0,SUCCESS,0,0,warm20,,,,,,,,,,,used,,,,20260917-1737
2026-09-17 18:54:14,EHAUSM-I,C8T1S5I8N5K,2,1,0.000200,0.000,0.008,10237723,10188,4,185,189,0,0,0,505429,16704,368170,0,0.422098,0.000000,0.000000,6216,0,612.53,0,0,0,0,SUCCESS,0,0,warm20,,,,,,,,,,,used,,,,20260917-1737
2026-09-17 18:54:14,EHAUSM-I,C8T1S5I8N5K,3,1,0.000200,0.000,0.008,10611431,10569,4,171,175,0,0,0,524192,17038,396825,0,0.402494,0.000000,0.000000,5716,0,1284.53,0,0,0,0,SUCCESS,0,0,warm20,,,,,,,,,,,used,,,,20260917-1737
2026-09-17 18:54:14,EHAUSM-I,C8T1S5I8N5K,4,1,0.000200,0.000,0.008,10996455,10950,4,152,156,0,0,0,484444,17462,364120,0,0.437180,0.000000,0.000000,6199,0,719.95,0,0,0,0,SUCCESS,0,0,warm20,,,,,,,,,,,used,,,,20260917-1737
2026-09-17 18:54:14,EHAUSM-I,C8T1S5I8N5K,5,1,0.000200,0.000,0.008,11372487,11331,4,237,242,0,0,0,710567,17959,584168,0,0.392776,0.000000,0.000000,7078,0,1727.95,0,0,0,0,SUCCESS,0,0,warm20,,,,,,,,,,,used,,,,20260917-1737
2026-09-17 18:54:15,EHAUSM-I,C8T1S5I8N5K,6,1,0.000200,0.000,0.008,11749908,11712,4,237,242,0,0,0,510909,18555,385219,0,0.418416,0.000000,0.000000,7173,0,2455.95,0,0,0,0,SUCCESS,0,0,warm20,,,,,,,,,,,used,,,,20260917-1737
2026-09-17 18:54:15,EHAUSM-I,C8T1S5I8N5K,7,1,0.000200,0.000,0.008,12139444,12093,5,348,353,0,0,0,718957,18877,597012,0,0.367709,0.000000,0.000000,7539,0,3367.95,0,0,0,0,SUCCESS,0,0,warm20,,,,,,,,,,,used,,,,20260917-1737
2026-09-17 18:54:15,EHAUSM-I,C8T1S5I8N5K,8,1,0.000200,0.000,0.008,12513100,12474,5,296,302,0,0,0,647781,19203,526885,0,0.392083,0.000000,0.000000,7536,0,563.91,0,0,0,0,SUCCESS,0,0,warm20,,,,,,,,,,,used,,,,20260917-1737
2026-09-17 18:54:15,EHAUSM-I,C8T1S5I8N5K,9,1,0.000200,0.000,0.008,12914001,12855,4,168,173,0,0,0,456627,19538,338082,0,0.465677,0.000000,0.000000,6698,0,1267.91,0,0,0,0,SUCCESS,0,0,warm20,,,,,,,,,,,used,,,,20260917-1737
2026-09-17 18:54:16,EHAUSM-I,C8T1S5I8N5K,10,1,0.000200,0.000,0.008,13304270,13236,5,144,149,0,0,0,385196,19871,269740,0,0.398309,0.000000,0.000000,6519,0,1795.91,0,0,0,0,SUCCESS,0,0,warm20,,,,,,,,,,,used,,,,20260917-1737
2026-09-17 18:54:16,EHAUSM-I,C8T1S5I8N5K,11,1,0.000200,0.000,0.008,13705969,13617,5,127,132,0,0,0,329113,20077,217874,0,0.390280,0.000000,0.000000,6098,0,2243.91,0,0,0,0,SUCCESS,0,0,warm20,,,,,,,,,,,used,,,,20260917-1737
2026-09-17 18:54:16,EHAUSM-I,C8T1S5I8N5K,12,1,0.000200,0.000,0.008,14085202,13998,5,148,153,0,0,0,385512,20493,274171,0,0.440587,0.000000,0.000000,5789,0,2763.91,0,0,0,0,SUCCESS,0,0,warm20,,,,,,,,,,,used,,,,20260917-1737
2026-09-17 18:54:16,EHAUSM-I,C8T1S5I8N5K,13,1,0.000200,0.000,0.008,14447935,14379,5,197,202,0,0,0,456671,20793,346355,0,0.420437,0.000000,0.000000,5569,0,3419.91,0,0,0,0,SUCCESS,0,0,warm20,,,,,,,,,,,used,,,,20260917-1737
2026-09-17 18:54:16,EHAUSM-I,C8T1S5I8N5K,14,1,0.000200,0.000,0.008,14856178,14760,5,277,282,0,0,0,733822,21042,625538,0,0.381154,0.000000,0.000000,5314,0,596.98,0,0,0,0,SUCCESS,0,0,warm20,,,,,,,,,,,used,,,,20260917-1737
2026-09-17 18:54:17,EHAUSM-I,C8T1S5I8N5K,15,1,0.000200,0.000,0.008,15234958,15141,5,303,308,0,0,0,656798,21338,546886,0,0.418847,0.000000,0.000000,5756,0,1556.98,0,0,0,0,SUCCESS,0,0,warm20,,,,,,,,,,,used,,,,20260917-1737
2026-09-17 18:54:17,EHAUSM-I,C8T1S5I8N5K,16,1,0.000200,0.000,0.008,15636723,15522,5,140,146,0,0,0,355622,21546,248820,0,0.408447,0.000000,0.000000,5143,0,2028.98,0,0,0,0,SUCCESS,0,0,warm20,,,,,,,,,,,used,,,,20260917-1737
2026-09-17 18:54:17,EHAUSM-I,C8T1S5I8N5K,17,1,0.000200,0.000,0.008,16000443,15903,5,129,134,0,0,0,310561,21935,205710,0,0.363768,0.000000,0.000000,4767,0,2460.98,0,0,0,0,SUCCESS,0,0,warm20,,,,,,,,,,,used,,,,20260917-1737
2026-09-17 18:54:17,EHAUSM-I,C8T1S5I8N5K,18,1,0.000200,0.000,0.008,16375616,16284,5,293,299,0,0,0,643335,22181,541189,0,0.481428,0.000000,0.000000,5395,0,3348.98,0,0,0,0,SUCCESS,0,0,warm20,,,,,,,,,,,used,,,,20260917-1737
2026-09-17 18:54:18,EHAUSM-I,C8T1S5I8N5K,19,1,0.000200,0.000,0.008,16735590,16665,5,297,303,0,0,0,342296,22473,242163,0,0.399616,0.000000,0.000000,5318,0,398.00,0,0,0,0,SUCCESS,0,0,warm20,,,,,,,,,,,used,,,,20260917-1737
2026-09-17 18:54:18,EHAUSM-I,C8T1S5I8N5K,20,1,0.000200,0.000,0.008,17118254,17046,5,145,151,0,0,0,353892,22785,253790,0,0.361290,0.000000,0.000000,5734,0,934.00,0,0,0,0,SUCCESS,0,0,warm20,,,,,,,,,,,used,,,,20260917-1737
2026-09-17 18:54:18,EHAUSM-I,C8T1S5I8N5K,21,1,0.000200,0.000,0.008,17469048,17427,5,141,147,0,0,0,309509,22920,210239,0,0.469776,0.000000,0.000000,5511,0,1382.00,0,0,0,0,SUCCESS,0,0,warm20,,,,,,,,,,,used,,,,20260917-1737
2026-09-17 18:54:18,EHAUSM-I,C8T1S5I8N5K,22,1,0.000200,0.000,0.008,17881746,17808,5,186,192,0,0,0,349367,23259,249203,0,0.422269,0.000000,0.000000,5461,0,1942.00,0,0,0,0,SUCCESS,0,0,warm20,,,,,,,,,,,used,,,,20260917-1737
2026-09-17 18:54:18,EHAUSM-I,C8T1S5I8N5K,23,1,0.000200,0.000,0.008,18263626,18189,5,147,153,0,0,0,314838,23313,215327,0,0.367080,0.000000,0.000000,5224,0,2406.00,0,0,0,0,SUCCESS,0,0,warm20,,,,,,,,,,,used,,,,20260917-1737
2026-09-17 18:54:18,EHAUSM-I,C8T1S5I8N5K,24,1,0.000200,0.000,0.008,18655152,18570,6,137,143,0,0,0,243627,23390,145581,0,0.379681,0.000000,0.000000,4981,0,2806.00,0,0,0,0,SUCCESS,0,0,warm20,,,,,,,,,,,used,,,,20260917-1737
2026-09-17 18:54:19,EHAUSM-I,C8T1S5I8N5K,25,1,0.000200,0.000,0.008,19051938,18951,6,185,191,0,0,0,376664,23529,278538,0,0.406439,0.000000,0.000000,4605,0,3350.00,0,0,0,0,SUCCESS,0,0,warm20,,,,,,,,,,,used,,,,20260917-1737
2026-09-17 18:54:19,EHAUSM-I,C8T1S5I8N5K,26,1,0.000200,0.000,0.008,19436370,19332,6,111,117,0,0,0,241078,23703,145248,0,0.329330,0.000000,0.000000,4468,0,3694.00,0,0,0,0,SUCCESS,0,0,warm20,,,,,,,,,,,used,,,,20260917-1737
2026-09-17 18:54:19,EHAUSM-I,C8T1S5I8N5K,27,1,0.000200,0.000,0.008,19820960,19713,6,255,261,0,0,0,403537,23959,307470,0,0.415898,0.000000,0.000000,4548,0,683.45,0,0,0,0,SUCCESS,0,0,warm20,,,,,,,,,,,used,,,,20260917-1737
2026-09-17 18:54:19,EHAUSM-I,C8T1S5I8N5K,28,1,0.000200,0.000,0.008,20208065,20094,6,143,150,0,0,0,255245,24096,160020,0,0.380944,0.000000,0.000000,4279,0,1099.45,0,0,0,0,SUCCESS,0,0,warm20,,,,,,,,,,,used,,,,20260917-1737
2026-09-17 18:54:19,EHAUSM-I,C8T1S5I8N5K,29,1,0.000200,0.000,0.008,20583629,20475,6,155,162,0,0,0,277555,24254,183625,0,0.377020,0.000000,0.000000,4125,0,1571.45,0,0,0,0,SUCCESS,0,0,warm20,,,,,,,,,,,used,,,,20260917-1737
2026-09-17 18:54:19,EHAUSM-I,C8T1S5I8N5K,30,1,0.000200,0.000,0.008,20987544,20856,6,157,163,0,0,0,305325,24465,210586,0,0.409562,0.000000,0.000000,3897,0,2011.45,0,0,0,0,SUCCESS,0,0,warm20,,,,,,,,,,,used,,,,20260917-1737
2026-09-17 18:54:20,EHAUSM-I,C8T1S5I8N5K,31,1,0.000200,0.000,0.008,21379313,21237,6,201,208,0,0,0,335220,24746,241558,0,0.405680,0.000000,0.000000,3722,0,2555.45,0,0,0,0,SUCCESS,0,0,warm20,,,,,,,,,,,used,,,,20260917-1737
2026-09-17 18:54:20,EHAUSM-I,C8T1S5I8N5K,32,1,0.000200,0.000,0.008,21757529,21618,6,342,348,0,0,0,586629,24831,492547,0,0.366534,0.000000,0.000000,3513,0,3475.45,0,0,0,0,SUCCESS,0,0,warm20,,,,,,,,,,,used,,,,20260917-1737
2026-09-17 18:54:20,EHAUSM-I,C8T1S5I8N5K,33,1,0.000200,0.000,0.008,22150766,21999,6,264,271,0,0,0,312424,24839,219727,0,0.467842,0.000000,0.000000,3756,0,345.24,0,0,0,0,SUCCESS,0,0,warm20,,,,,,,,,,,used,,,,20260917-1737
2026-09-17 18:54:20,EHAUSM-I,C8T1S5I8N5K,34,1,0.000200,0.000,0.008,22536242,22380,6,172,179,0,0,0,266761,25080,174481,0,0.362491,0.000000,0.000000,3759,0,849.24,0,0,0,0,SUCCESS,0,0,warm20,,,,,,,,,,,used,,,,20260917-1737
2026-09-17 18:54:21,EHAUSM-I,C8T1S5I8N5K,35,1,0.000200,0.000,0.008,22907858,22761,7,327,334,0,0,0,483718,25235,391080,0,0.420080,0.000000,0.000000,3731,0,1665.24,0,0,0,0,SUCCESS,0,0,warm20,,,,,,,,,,,used,,,,20260917-1737
2026-09-17 18:54:21,EHAUSM-I,C8T1S5I8N5K,36,1,0.000200,0.000,0.008,23319188,23142,7,196,204,0,0,0,293216,25326,200941,0,0.373390,0.000000,0.000000,3641,0,2209.24,0,0,0,0,SUCCESS,0,0,warm20,,,,,,,,,,,used,,,,20260917-1737
2026-09-17 18:54:21,EHAUSM-I,C8T1S5I8N5K,37,1,0.000200,0.000,0.008,23697328,23523,7,163,170,0,0,0,280088,25457,189100,0,0.375788,0.000000,0.000000,3515,0,2673.24,0,0,0,0,SUCCESS,0,0,warm20,,,,,,,,,,,used,,,,20260917-1737
2026-09-17 18:54:21,EHAUSM-I,C8T1S5I8N5K,38,1,0.000200,0.000,0.008,24099127,23904,7,168,175,0,0,0,281815,25535,192023,0,0.388852,0.000000,0.000000,3290,0,3129.24,0,0,0,0,SUCCESS,0,0,warm20,,,,,,,,,,,used,,,,20260917-1737
2026-09-17 18:54:21,EHAUSM-I,C8T1S5I8N5K,39,1,0.000200,0.000,0.008,24493119,24285,7,149,157,0,0,0,240200,25605,151773,0,0.359832,0.000000,0.000000,3105,0,3537.24,0,0,0,0,SUCCESS,0,0,warm20,,,,,,,,,,,used,,,,20260917-1737
2026-09-17 18:54:22,EHAUSM-I,C8T1S5I8N5K,40,1,0.000200,0.000,0.008,24862259,24666,7,172,180,0,0,0,296351,25823,208179,0,0.428815,0.000000,0.000000,2983,0,4001.24,0,0,0,0,SUCCESS,0,0,warm20,,,,,,,,,,,used,,,,20260917-1737
2026-09-17 18:54:22,EHAUSM-I,C8T1S5I8N5K,41,1,0.000200,0.000,0.008,25263088,25047,7,168,175,0,0,0,271173,25985,183133,0,0.368586,0.000000,0.000000,2907,0,677.43,0,0,0,0,SUCCESS,0,0,warm20,,,,,,,,,,,used,,,,20260917-1737
2026-09-17 18:54:22,EHAUSM-I,C8T1S5I8N5K,42,1,0.000200,0.000,0.008,25651287,25428,7,164,172,0,0,0,242112,26164,154270,0,0.373368,0.000000,0.000000,2802,0,1125.43,0,0,0,0,SUCCESS,0,0,warm20,,,,,,,,,,,used,,,,20260917-1737
2026-09-17 18:54:22,EHAUSM-I,C8T1S5I8N5K,43,1,0.000200,0.000,0.008,26044850,25809,7,355,363,0,0,0,417444,26317,329266,0,0.355239,0.000000,0.000000,2898,0,1941.43,0,0,0,0,SUCCESS,0,0,warm20,,,,,,,,,,,used,,,,20260917-1737
2026-09-17 18:54:23,EHAUSM-I,C8T1S5I8N5K,44,1,0.000200,0.000,0.008,26430934,26190,7,220,228,0,0,0,311436,26489,222758,0,0.388517,0.000000,0.000000,2699,0,2509.43,0,0,0,0,SUCCESS,0,0,warm20,,,,,,,,,,,used,,,,20260917-1737
2026-09-17 18:54:23,EHAUSM-I,C8T1S5I8N5K,45,1,0.000200,0.000,0.008,26846010,26571,8,196,204,0,0,0,292090,26610,203451,0,0.355668,0.000000,0.000000,2737,0,3053.43,0,0,0,0,SUCCESS,0,0,warm20,,,,,,,,,,,used,,,,20260917-1737
2026-09-17 18:54:23,EHAUSM-I,C8T1S5I8N5K,46,1,0.000200,0.000,0.008,27199497,26952,7,207,215,0,0,0,301442,26764,212209,0,0.394475,0.000000,0.000000,2876,0,3621.43,0,0,0,0,SUCCESS,0,0,warm20,,,,,,,,,,,used,,,,20260917-1737
2026-09-17 18:54:23,EHAUSM-I,C8T1S5I8N5K,47,1,0.000200,0.000,0.008,27577144,27333,7,376,384,0,0,0,458941,26865,369993,0,0.394696,0.000000,0.000000,2903,0,696.52,0,0,0,0,SUCCESS,0,0,warm20,,,,,,,,,,,used,,,,20260917-1737
2026-09-17 18:54:24,EHAUSM-I,C8T1S5I8N5K,48,1,0.000200,0.000,0.008,27971205,27714,7,243,251,0,0,0,352982,27042,263456,0,0.388022,0.000000,0.000000,2983,0,1360.52,0,0,0,0,SUCCESS,0,0,warm20,,,,,,,,,,,used,,,,20260917-1737
2026-09-17 18:54:24,EHAUSM-I,C8T1S5I8N5K,49,1,0.000200,0.000,0.008,28365395,28095,7,317,325,0,0,0,359849,27173,270562,0,0.453247,0.000000,0.000000,3165,0,2088.52,0,0,0,0,SUCCESS,0,0,warm20,,,,,,,,,,,used,,,,20260917-1737
2026-09-17 18:54:24,EHAUSM-I,C8T1S5I8N5K,50,1,0.000200,0.000,0.008,28747485,28476,7,232,240,0,0,0,324136,27398,235227,0,0.359607,0.000000,0.000000,3190,0,2680.52,0,0,0,0,SUCCESS,0,0,warm20,,,,,,,,,,,used,,,,20260917-1737
2026-09-17 18:54:24,EHAUSM-I,C8T1S5I8N5K,51,1,0.000200,0.000,0.008,29148083,28857,8,242,250,0,0,0,295562,27518,206907,0,0.367753,0.000000,0.000000,3606,0,3320.52,0,0,0,0,SUCCESS,0,0,warm20,,,,,,,,,,,used,,,,20260917-1737
2026-09-17 18:54:25,EHAUSM-I,C8T1S5I8N5K,52,1,0.000200,0.000,0.008,29537266,29238,8,189,197,0,0,0,261072,27571,173252,0,0.395773,0.000000,0.000000,3512,0,3792.52,0,0,0,0,SUCCESS,0,0,warm20,,,,,,,,,,,used,,,,20260917-1737
2026-09-17 18:54:25,EHAUSM-I,C8T1S5I8N5K,53,1,0.000200,0.000,0.008,29904777,29619,8,205,213,0,0,0,294455,27683,206506,0,0.383651,0.000000,0.000000,3392,0,561.99,0,0,0,0,SUCCESS,0,0,warm20,,,,,,,,,,,used,,,,20260917-1737
2026-09-17 18:54:25,EHAUSM-I,C8T1S5I8N5K,54,1,0.000200,0.000,0.008,30290428,30000,8,182,191,0,0,0,262857,27678,175715,0,0.387595,0.000000,0.000000,3265,0,1033.99,0,0,0,0,SUCCESS,0,0,warm20,,,,,,,,,,,used,,,,20260917-1737
2026-09-17 18:54:25,EHAUSM-I,C8T1S5I8N5K,55,1,0.000200,0.000,0.008,30681887,30381,8,224,233,0,0,0,304129,27749,217625,0,0.369085,0.000000,0.000000,3173,0,1601.99,0,0,0,0,SUCCESS,0,0,warm20,,,,,,,,,,,used,,,,20260917-1737
2026-09-17 18:54:26,EHAUSM-I,C8T1S5I8N5K,56,1,0.000200,0.000,0.008,31050362,30762,8,193,202,0,0,0,248161,27898,162268,0,0.342240,0.000000,0.000000,3135,0,2105.99,0,0,0,0,SUCCESS,0,0,warm20,,,,,,,,,,,used,,,,20260917-1737
2026-09-17 18:54:26,EHAUSM-I,C8T1S5I8N5K,57,1,0.000200,0.000,0.008,31395739,31143,8,154,163,0,0,0,192387,27964,107415,0,0.355902,0.000000,0.000000,3035,0,2489.99,0,0,0,0,SUCCESS,0,0,warm20,,,,,,,,,,,used,,,,20260917-1737
2026-09-17 18:54:26,EHAUSM-I,C8T1S5I8N5K,58,1,0.000200,0.000,0.008,31769352,31524,8,139,148,0,0,0,205476,28031,121293,0,0.367219,0.000000,0.000000,3041,0,2841.99,0,0,0,0,SUCCESS,0,0,warm20,,,,,,,,,,,used,,,,20260917-1737
2026-09-17 18:54:26,EHAUSM-I,C8T1S5I8N5K,59,1,0.000200,0.000,0.008,32142537,31905,8,231,240,0,0,0,324681,28191,240324,0,0.389131,0.000000,0.000000,2920,0,3385.99,0,0,0,0,SUCCESS,0,0,warm20,,,,,,,,,,,used,,,,20260917-1737
2026-09-17 18:54:26,EHAUSM-I,C8T1S5I8N5K,60,1,0.000200,0.000,0.008,32547440,32286,9,396,405,0,0,0,361443,28305,276350,0,0.371807,0.000000,0.000000,3068,0,480.35,0,0,0,0,SUCCESS,0,0,warm20,,,,,,,,,,,used,,,,20260917-1737
2026-09-17 18:54:27,EHAUSM-I,C8T1S5I8N5K,61,1,0.000200,0.000,0.008,32944229,32667,8,203,212,0,0,0,275809,28380,190038,0,0.352211,0.000000,0.000000,3028,0,984.35,0,0,0,0,SUCCESS,0,0,warm20,,,,,,,,,,,used,,,,20260917-1737
2026-09-17 18:54:27,EHAUSM-I,C8T1S5I8N5K,62,1,0.000200,0.000,0.008,33334519,33048,9,196,205,0,0,0,217533,28502,132118,0,0.355027,0.000000,0.000000,2938,0,1464.35,0,0,0,0,SUCCESS,0,0,warm20,,,,,,,,,,,used,,,,20260917-1737
2026-09-17 18:54:27,EHAUSM-I,C8T1S5I8N5K,63,1,0.000200,0.000,0.008,33719823,33429,9,245,254,0,0,0,316916,28525,231680,0,0.429647,0.000000,0.000000,2956,0,2088.35,0,0,0,0,SUCCESS,0,0,warm20,,,,,,,,,,,used,,,,20260917-1737
2026-09-17 18:54:27,EHAUSM-I,C8T1S5I8N5K,64,1,0.000200,0.000,0.008,34102327,33810,8,233,242,0,0,0,236417,28687,151858,0,0.346000,0.000000,0.000000,2871,0,2632.35,0,0,0,0,SUCCESS,0,0,warm20,,,,,,,,,,,used,,,,20260917-1737
2026-09-17 18:54:28,EHAUSM-I,C8T1S5I8N5K,65,1,0.000200,0.000,0.008,34478988,34191,9,194,203,0,0,0,223954,28803,139506,0,0.360214,0.000000,0.000000,2791,0,3120.35,0,0,0,0,SUCCESS,0,0,warm20,,,,,,,,,,,used,,,,20260917-1737
2026-09-17 18:54:28,EHAUSM-I,C8T1S5I8N5K,66,1,0.000200,0.000,0.008,34853481,34572,9,200,209,0,0,0,218622,28846,134909,0,0.375633,0.000000,0.000000,2698,0,3576.35,0,0,0,0,SUCCESS,0,0,warm20,,,,,,,,,,,used,,,,20260917-1737
2026-09-17 18:54:28,EHAUSM-I,C8T1S5I8N5K,67,1,0.000200,0.000,0.008,35248065,34953,9,202,211,0,0,0,235286,29022,152288,0,0.356110,0.000000,0.000000,2620,0,280.34,0,0,0,0,SUCCESS,0,0,warm20,,,,,,,,,,,used,,,,20260917-1737
2026-09-17 18:54:28,EHAUSM-I,C8T1S5I8N5K,68,1,0.000200,0.000,0.008,35624384,35334,10,211,221,0,0,0,283176,29173,200472,0,0.390139,0.000000,0.000000,2554,0,776.34,0,0,0,0,SUCCESS,0,0,warm20,,,,,,,,,,,used,,,,20260917-1737
2026-09-17 18:54:28,EHAUSM-I,C8T1S5I8N5K,69,1,0.000200,0.000,0.008,36012101,35715,9,185,195,0,0,0,224271,29231,142742,0,0.379616,0.000000,0.000000,2554,0,1224.34,0,0,0,0,SUCCESS,0,0,warm20,,,,,,,,,,,used,,,,20260917-1737
2026-09-17 18:54:29,EHAUSM-I,C8T1S5I8N5K,70,1,0.000200,0.000,0.008,36401810,36096,9,215,225,0,0,0,282650,29306,201222,0,0.397852,0.000000,0.000000,2518,0,1752.34,0,0,0,0,SUCCESS,0,0,warm20,,,,,,,,,,,used,,,,20260917-1737
2026-09-17 18:54:29,EHAUSM-I,C8T1S5I8N5K,71,1,0.000200,0.000,0.008,36794486,36477,9,222,231,0,0,0,214604,29378,133458,0,0.363976,0.000000,0.000000,2563,0,2264.34,0,0,0,0,SUCCESS,0,0,warm20,,,,,,,,,,,used,,,,20260917-1737
2026-09-17 18:54:29,EHAUSM-I,C8T1S5I8N5K,72,1,0.000200,0.000,0.008,37175538,36858,10,245,256,0,0,0,266774,29443,185984,0,0.374728,0.000000,0.000000,2519,0,2824.34,0,0,0,0,SUCCESS,0,0,warm20,,,,,,,,,,,used,,,,20260917-1737
2026-09-17 18:54:30,EHAUSM-I,C8T1S5I8N5K,73,1,0.000200,0.000,0.008,37548260,37239,10,430,440,0,0,0,312331,29524,231455,0,0.355560,0.000000,0.000000,2480,0,549.25,0,0,0,0,SUCCESS,0,0,warm20,,,,,,,,,,,used,,,,20260917-1737
2026-09-17 18:54:30,EHAUSM-I,C8T1S5I8N5K,74,1,0.000200,0.000,0.008,37929393,37620,9,238,248,0,0,0,250751,29643,169792,0,0.371845,0.000000,0.000000,2451,0,1117.25,0,0,0,0,SUCCESS,0,0,warm20,,,,,,,,,,,used,,,,20260917-1737
2026-09-17 18:54:30,EHAUSM-I,C8T1S5I8N5K,75,1,0.000200,0.000,0.008,38316091,38001,10,447,458,0,0,0,315993,29692,234685,0,0.421308,0.000000,0.000000,2489,0,1965.25,0,0,0,0,SUCCESS,0,0,warm20,,,,,,,,,,,used,,,,20260917-1737
2026-09-17 18:54:31,EHAUSM-I,C8T1S5I8N5K,76,1,0.000200,0.000,0.008,38678955,38382,10,222,232,0,0,0,252561,29742,171451,0,0.368468,0.000000,0.000000,2455,0,2485.25,0,0,0,0,SUCCESS,0,0,warm20,,,,,,,,,,,used,,,,20260917-1737
2026-09-17 18:54:31,EHAUSM-I,C8T1S5I8N5K,77,1,0.000200,0.000,0.008,39054361,38763,10,199,209,0,0,0,212810,29827,131852,0,0.377401,0.000000,0.000000,2481,0,2941.25,0,0,0,0,SUCCESS,0,0,warm20,,,,,,,,,,,used,,,,20260917-1737
2026-09-17 18:54:31,EHAUSM-I,C8T1S5I8N5K,78,1,0.000200,0.000,0.008,39410937,39144,10,271,282,0,0,0,283996,29822,203156,0,0.382252,0.000000,0.000000,2527,0,529.77,0,0,0,0,SUCCESS,0,0,warm20,,,,,,,,,,,used,,,,20260917-1737
2026-09-17 18:54:32,EHAUSM-I,C8T1S5I8N5K,79,1,0.000200,0.000,0.008,39780553,39525,10,455,465,0,0,0,355453,29890,273863,0,0.381764,0.000000,0.000000,2581,0,1393.77,0,0,0,0,SUCCESS,0,0,warm20,,,,,,,,,,,used,,,,20260917-1737
2026-09-17 18:54:32,EHAUSM-I,C8T1S5I8N5K,80,1,0.000200,0.000,0.008,40168805,39906,10,253,264,0,0,0,273707,29920,192292,0,0.366976,0.000000,0.000000,2552,0,1985.77,0,0,0,0,SUCCESS,0,0,warm20,,,,,,,,,,,used,,,,20260917-1737
2026-09-17 18:54:32,EHAUSM-I,C8T1S5I8N5K,81,1,0.000200,0.000,0.008,40553020,40287,10,202,212,0,0,0,212199,30031,130633,0,0.381797,0.000000,0.000000,2573,0,2425.77,0,0,0,0,SUCCESS,0,0,warm20,,,,,,,,,,,used,,,,20260917-1737
2026-09-17 18:54:32,EHAUSM-I,C8T1S5I8N5K,82,1,0.000200,0.000,0.008,40936711,40668,10,258,269,0,0,0,209913,30034,128777,0,0.367505,0.000000,0.000000,2542,0,2945.77,0,0,0,0,SUCCESS,0,0,warm20,,,,,,,,,,,used,,,,20260917-1737
2026-09-17 18:54:33,EHAUSM-I,C8T1S5I8N5K,83,1,0.000200,0.000,0.008,41313771,41049,10,279,290,0,0,0,251621,30066,170339,0,0.366617,0.000000,0.000000,2517,0,507.96,0,0,0,0,SUCCESS,0,0,warm20,,,,,,,,,,,used,,,,20260917-1737
2026-09-17 18:54:33,EHAUSM-I,C8T1S5I8N5K,84,1,0.000200,0.000,0.008,41724105,41430,10,210,221,0,0,0,267644,30177,186727,0,0.365915,0.000000,0.000000,2489,0,1027.96,0,0,0,0,SUCCESS,0,0,warm20,,,,,,,,,,,used,,,,20260917-1737
2026-09-17 18:54:33,EHAUSM-I,C8T1S5I8N5K,85,1,0.000200,0.000,0.008,42092050,41811,10,376,387,0,0,0,319765,30101,238655,0,0.353386,0.000000,0.000000,2440,0,1859.96,0,0,0,0,SUCCESS,0,0,warm20,,,,,,,,,,,used,,,,20260917-1737
2026-09-17 18:54:34,EHAUSM-I,C8T1S5I8N5K,86,1,0.000200,0.000,0.008,42492603,42192,10,434,444,0,0,0,326750,30090,245439,0,0.468260,0.000000,0.000000,2494,0,2707.96,0,0,0,0,SUCCESS,0,0,warm20,,,,,,,,,,,used,,,,20260917-1737
2026-09-17 18:54:34,EHAUSM-I,C8T1S5I8N5K,87,1,0.000200,0.000,0.008,42875635,42573,11,244,255,0,0,0,232077,30247,151350,0,0.366631,0.000000,0.000000,2433,0,3243.96,0,0,0,0,SUCCESS,0,0,warm20,,,,,,,,,,,used,,,,20260917-1737
2026-09-17 18:54:34,EHAUSM-I,C8T1S5I8N5K,88,1,0.000200,0.000,0.008,43248010,42954,11,260,271,0,0,0,263203,30374,182529,0,0.353765,0.000000,0.000000,2454,0,781.52,0,0,0,0,SUCCESS,0,0,warm20,,,,,,,,,,,used,,,,20260917-1737
2026-09-17 18:54:34,EHAUSM-I,C8T1S5I8N5K,89,1,0.000200,0.000,0.008,43639169,43335,11,274,285,0,0,0,245052,30465,164792,0,0.355092,0.000000,0.000000,2455,0,1429.52,0,0,0,0,SUCCESS,0,0,warm20,,,,,,,,,,,used,,,,20260917-1737
2026-09-17 18:54:35,EHAUSM-I,C8T1S5I8N5K,90,1,0.000200,0.000,0.008,44031231,43716,10,270,281,0,0,0,247866,30534,167796,0,0.360423,0.000000,0.000000,2453,0,2021.52,0,0,0,0,SUCCESS,0,0,warm20,,,,,,,,,,,used,,,,20260917-1737
2026-09-17 18:54:35,EHAUSM-I,C8T1S5I8N5K,91,1,0.000200,0.000,0.008,44399561,44097,11,329,341,0,0,0,252236,30664,172073,0,0.344488,0.000000,0.000000,2431,0,2741.52,0,0,0,0,SUCCESS,0,0,warm20,,,,,,,,,,,used,,,,20260917-1737
2026-09-17 18:54:35,EHAUSM-I,C8T1S5I8N5K,92,1,0.000200,0.000,0.008,44778722,44478,11,262,273,0,0,0,266113,30630,186629,0,0.363433,0.000000,0.000000,2415,0,3309.52,0,0,0,0,SUCCESS,0,0,warm20,,,,,,,,,,,used,,,,20260917-1737
2026-09-17 18:54:36,EHAUSM-I,C8T1S5I8N5K,93,1,0.000200,0.000,0.008,45161917,44859,11,237,248,0,0,0,224876,30774,145898,0,0.339148,0.000000,0.000000,2417,0,826.13,0,0,0,0,SUCCESS,0,0,warm20,,,,,,,,,,,used,,,,20260917-1737
2026-09-17 18:54:36,EHAUSM-I,C8T1S5I8N5K,94,1,0.000200,0.000,0.008,45536405,45240,11,507,518,0,0,0,309005,30901,230122,0,0.419281,0.000000,0.000000,2509,0,1746.13,0,0,0,0,SUCCESS,0,0,warm20,,,,,,,,,,,used,,,,20260917-1737
2026-09-17 18:54:36,EHAUSM-I,C8T1S5I8N5K,95,1,0.000200,0.000,0.008,45914470,45621,11,234,246,0,0,0,191636,30916,113447,0,0.367506,0.000000,0.000000,2472,0,2266.13,0,0,0,0,SUCCESS,0,0,warm20,,,,,,,,,,,used,,,,20260917-1737
2026-09-17 18:54:37,EHAUSM-I,C8T1S5I8N5K,96,1,0.000200,0.000,0.008,46296586,46002,11,582,593,0,0,0,416940,30818,337699,0,0.402149,0.000000,0.000000,2565,0,306.79,0,0,0,0,SUCCESS,0,0,warm20,,,,,,,,,,,used,,,,20260917-1737
2026-09-17 18:54:37,EHAUSM-I,C8T1S5I8N5K,97,1,0.000200,0.000,0.008,46658707,46383,11,471,483,0,0,0,428846,30902,349571,0,0.380522,0.000000,0.000000,2642,0,1210.79,0,0,0,0,SUCCESS,0,0,warm20,,,,,,,,,,,used,,,,20260917-1737
2026-09-17 18:54:38,EHAUSM-I,C8T1S5I8N5K,98,1,0.000200,0.000,0.008,47041850,46764,11,497,508,0,0,0,267555,30912,188637,0,0.454703,0.000000,0.000000,2654,0,2106.79,0,0,0,0,SUCCESS,0,0,warm20,,,,,,,,,,,used,,,,20260917-1737
2026-09-17 18:54:38,EHAUSM-I,C8T1S5I8N5K,99,1,0.000200,0.000,0.008,47416411,47132,11,239,251,0,0,0,219964,30941,141411,0,0.353688,0.000000,0.000000,2623,0,2650.79,0,0,0,0,SUCCESS,0,0,warm20,,,,,,,,,,,used,,,,20260917-1737
2026-09-17 18:54:39,EHAUSM-I,C8T1S5I8N5K,0,2,0.000200,0.000,0.200,9488004,9426,69,717,787,0,0,0,4135232,15686,3992155,0,0.468141,0.000000,0.000000,6078,0,596.72,0,0,0,0,SUCCESS,0,0,warm20,,,,,,,,,,,used,,,,20260917-1737
2026-09-17 18:54:40,EHAUSM-I,C8T1S5I8N5K,1,2,0.000200,0.000,0.008,9860151,9807,4,274,279,0,0,0,914610,16148,770636,0,0.456212,0.000000,0.000000,5885,0,1676.72,0,0,0,0,SUCCESS,0,0,warm20,,,,,,,,,,,used,,,,20260917-1737
2026-09-17 18:54:40,EHAUSM-I,C8T1S5I8N5K,2,2,0.000200,0.000,0.008,10237723,10188,4,248,253,0,0,0,505429,16704,368170,0,0.422098,0.000000,0.000000,6216,0,2380.72,0,0,0,0,SUCCESS,0,0,warm20,,,,,,,,,,,used,,,,20260917-1737
2026-09-17 18:54:40,EHAUSM-I,C8T1S5I8N5K,3,2,0.000200,0.000,0.008,10611431,10569,4,181,186,0,0,0,524192,17038,396825,0,0.402494,0.000000,0.000000,5716,0,866.46,0,0,0,0,SUCCESS,0,0,warm20,,,,,,,,,,,used,,,,20260917-1737
2026-09-17 18:54:40,EHAUSM-I,C8T1S5I8N5K,4,2,0.000200,0.000,0.008,10996455,10950,4,157,162,0,0,0,484444,17462,364120,0,0.437180,0.000000,0.000000,6199,0,1506.46,0,0,0,0,SUCCESS,0,0,warm20,,,,,,,,,,,used,,,,20260917-1737
2026-09-17 18:54:41,EHAUSM-I,C8T1S5I8N5K,5,2,0.000200,0.000,0.008,11372487,11331,4,237,241,0,0,0,710567,17959,584168,0,0.392776,0.000000,0.000000,7078,0,367.68,0,0,0,0,SUCCESS,0,0,warm20,,,,,,,,,,,used,,,,20260917-1737
2026-09-17 18:54:41,EHAUSM-I,C8T1S5I8N5K,6,2,0.000200,0.000,0.008,11749908,11712,5,186,191,0,0,0,510909,18555,385219,0,0.418416,0.000000,0.000000,7173,0,1095.68,0,0,0,0,SUCCESS,0,0,warm20,,,,,,,,,,,used,,,,20260917-1737
2026-09-17 18:54:41,EHAUSM-I,C8T1S5I8N5K,7,2,0.000200,0.000,0.008,12139444,12093,4,281,286,0,0,0,718957,18877,597012,0,0.367709,0.000000,0.000000,7539,0,2007.68,0,0,0,0,SUCCESS,0,0,warm20,,,,,,,,,,,used,,,,20260917-1737
2026-09-17 18:54:41,EHAUSM-I,C8T1S5I8N5K,8,2,0.000200,0.000,0.008,12513100,12474,5,264,269,0,0,0,647781,19203,526885,0,0.392083,0.000000,0.000000,7536,0,771.33,0,0,0,0,SUCCESS,0,0,warm20,,,,,,,,,,,used,,,,20260917-1737
2026-09-17 18:54:42,EHAUSM-I,C8T1S5I8N5K,9,2,0.000200,0.000,0.008,12914001,12855,5,169,174,0,0,0,456627,19538,338082,0,0.465677,0.000000,0.000000,6698,0,1475.33,0,0,0,0,SUCCESS,0,0,warm20,,,,,,,,,,,used,,,,20260917-1737
2026-09-17 18:54:42,EHAUSM-I,C8T1S5I8N5K,10,2,0.000200,0.000,0.008,13304270,13236,5,144,150,0,0,0,385196,19871,269740,0,0.398309,0.000000,0.000000,6519,0,2003.33,0,0,0,0,SUCCESS,0,0,warm20,,,,,,,,,,,used,,,,20260917-1737
2026-09-17 18:54:42,EHAUSM-I,C8T1S5I8N5K,11,2,0.000200,0.000,0.008,13705969,13617,5,127,132,0,0,0,329113,20077,217874,0,0.390280,0.000000,0.000000,6098,0,2451.33,0,0,0,0,SUCCESS,0,0,warm20,,,,,,,,,,,used,,,,20260917-1737
2026-09-17 18:54:42,EHAUSM-I,C8T1S5I8N5K,12,2,0.000200,0.000,0.008,14085202,13998,5,136,142,0,0,0,385512,20493,274171,0,0.440587,0.000000,0.000000,5789,0,766.83,0,0,0,0,SUCCESS,0,0,warm20,,,,,,,,,,,used,,,,20260917-1737
2026-09-17 18:54:42,EHAUSM-I,C8T1S5I8N5K,13,2,0.000200,0.000,0.008,14447935,14379,5,185,191,0,0,0,456671,20793,346355,0,0.420437,0.000000,0.000000,5569,0,1422.83,0,0,0,0,SUCCESS,0,0,warm20,,,,,,,,,,,used,,,,20260917-1737
2026-09-17 18:54:42,EHAUSM-I,C8T1S5I8N5K,14,2,0.000200,0.000,0.008,14856178,14760,5,275,280,0,0,0,733822,21042,625538,0,0.381154,0.000000,0.000000,5314,0,2342.83,0,0,0,0,SUCCESS,0,0,warm20,,,,,,,,,,,used,,,,20260917-1737
2026-09-17 18:54:43,EHAUSM-I,C8T1S5I8N5K,15,2,0.000200,0.000,0.008,15234958,15141,5,306,311,0,0,0,656798,21338,546886,0,0.418847,0.000000,0.000000,5756,0,1107.16,0,0,0,0,SUCCESS,0,0,warm20,,,,,,,,,,,used,,,,20260917-1737
2026-09-17 18:54:43,EHAUSM-I,C8T1S5I8N5K,16,2,0.000200,0.000,0.008,15636723,15522,5,137,143,0,0,0,355622,21546,248820,0,0.408447,0.000000,0.000000,5143,0,1587.16,0,0,0,0,SUCCESS,0,0,warm20,,,,,,,,,,,used,,,,20260917-1737
2026-09-17 18:54:43,EHAUSM-I,C8T1S5I8N5K,17,2,0.000200,0.000,0.008,16000443,15903,5,127,132,0,0,0,310561,21935,205710,0,0.363768,0.000000,0.000000,4767,0,2019.16,0,0,0,0,SUCCESS,0,0,warm20,,,,,,,,,,,used,,,,20260917-1737
2026-09-17 18:54:43,EHAUSM-I,C8T1S5I8N5K,18,2,0.000200,0.000,0.008,16375616,16284,5,312,317,0,0,0,643335,22181,541189,0,0.481428,0.000000,0.000000,5395,0,701.89,0,0,0,0,SUCCESS,0,0,warm20,,,,,,,,,,,used,,,,20260917-1737
2026-09-17 18:54:44,EHAUSM-I,C8T1S5I8N5K,19,2,0.000200,0.000,0.008,16735590,16665,6,337,343,0,0,0,342296,22473,242163,0,0.399616,0.000000,0.000000,5318,0,1493.89,0,0,0,0,SUCCESS,0,0,warm20,,,,,,,,,,,used,,,,20260917-1737
2026-09-17 18:54:44,EHAUSM-I,C8T1S5I8N5K,20,2,0.000200,0.000,0.008,17118254,17046,6,185,191,0,0,0,353892,22785,253790,0,0.361290,0.000000,0.000000,5734,0,2037.89,0,0,0,0,SUCCESS,0,0,warm20,,,,,,,,,,,used,,,,20260917-1737
2026-09-17 18:54:44,EHAUSM-I,C8T1S5I8N5K,21,2,0.000200,0.000,0.008,17469048,17427,6,172,178,0,0,0,309509,22920,210239,0,0.469776,0.000000,0.000000,5511,0,2485.89,0,0,0,0,SUCCESS,0,0,warm20,,,,,,,,,,,used,,,,20260917-1737
2026-09-17 18:54:44,EHAUSM-I,C8T1S5I8N5K,22,2,0.000200,0.000,0.008,17881746,17808,6,230,236,0,0,0,349367,23259,249203,0,0.422269,0.000000,0.000000,5461,0,3037.89,0,0,0,0,SUCCESS,0,0,warm20,,,,,,,,,,,used,,,,20260917-1737
2026-09-17 18:54:45,EHAUSM-I,C8T1S5I8N5K,23,2,0.000200,0.000,0.008,18263626,18189,6,183,189,0,0,0,314838,23313,215327,0,0.367080,0.000000,0.000000,5224,0,3501.89,0,0,0,0,SUCCESS,0,0,warm20,,,,,,,,,,,used,,,,20260917-1737
2026-09-17 18:54:45,EHAUSM-I,C8T1S5I8N5K,24,2,0.000200,0.000,0.008,18655152,18570,6,166,172,0,0,0,243627,23390,145581,0,0.379681,0.000000,0.000000,4981,0,3909.89,0,0,0,0,SUCCESS,0,0,warm20,,,,,,,,,,,used,,,,20260917-1737
2026-09-17 18:54:45,EHAUSM-I,C8T1S5I8N5K,25,2,0.000200,0.000,0.008,19051938,18951,6,221,228,0,0,0,376664,23529,278538,0,0.406439,0.000000,0.000000,4605,0,4453.89,0,0,0,0,SUCCESS,0,0,warm20,,,,,,,,,,,used,,,,20260917-1737
2026-09-17 18:54:45,EHAUSM-I,C8T1S5I8N5K,26,2,0.000200,0.000,0.008,19436370,19332,6,136,142,0,0,0,241078,23703,145248,0,0.329330,0.000000,0.000000,4468,0,4789.89,0,0,0,0,SUCCESS,0,0,warm20,,,,,,,,,,,used,,,,20260917-1737
2026-09-17 18:54:45,EHAUSM-I,C8T1S5I8N5K,27,2,0.000200,0.000,0.008,19820960,19713,6,306,313,0,0,0,403537,23959,307470,0,0.415898,0.000000,0.000000,4548,0,5517.89,0,0,0,0,SUCCESS,0,0,warm20,,,,,,,,,,,used,,,,20260917-1737
2026-09-17 18:54:46,EHAUSM-I,C8T1S5I8N5K,28,2,0.000200,0.000,0.008,20208065,20094,6,180,187,0,0,0,255245,24096,160020,0,0.380944,0.000000,0.000000,4279,0,5933.89,0,0,0,0,SUCCESS,0,0,warm20,,,,,,,,,,,used,,,,20260917-1737
2026-09-17 18:54:46,EHAUSM-I,C8T1S5I8N5K,29,2,0.000200,0.000,0.008,20583629,20475,6,190,197,0,0,0,277555,24254,183625,0,0.377020,0.000000,0.000000,4125,0,6413.89,0,0,0,0,SUCCESS,0,0,warm20,,,,,,,,,,,used,,,,20260917-1737
2026-09-17 18:54:46,EHAUSM-I,C8T1S5I8N5K,30,2,0.000200,0.000,0.008,20987544,20856,6,189,196,0,0,0,305325,24465,210586,0,0.409562,0.000000,0.000000,3897,0,6853.89,0,0,0,0,SUCCESS,0,0,warm20,,,,,,,,,,,used,,,,20260917-1737
2026-09-17 18:54:46,EHAUSM-I,C8T1S5I8N5K,31,2,0.000200,0.000,0.008,21379313,21237,7,219,226,0,0,0,335220,24746,241558,0,0.405680,0.000000,0.000000,3722,0,509.66,0,0,0,0,SUCCESS,0,0,warm20,,,,,,,,,,,used,,,,20260917-1737
2026-09-17 18:54:47,EHAUSM-I,C8T1S5I8N5K,32,2,0.000200,0.000,0.008,21757529,21618,6,337,343,0,0,0,586629,24831,492547,0,0.366534,0.000000,0.000000,3513,0,1421.66,0,0,0,0,SUCCESS,0,0,warm20,,,,,,,,,,,used,,,,20260917-1737
2026-09-17 18:54:47,EHAUSM-I,C8T1S5I8N5K,33,2,0.000200,0.000,0.008,22150766,21999,7,266,273,0,0,0,312424,24839,219727,0,0.467842,0.000000,0.000000,3756,0,2069.66,0,0,0,0,SUCCESS,0,0,warm20,,,,,,,,,,,used,,,,20260917-1737
2026-09-17 18:54:47,EHAUSM-I,C8T1S5I8N5K,34,2,0.000200,0.000,0.008,22536242,22380,6,186,192,0,0,0,266761,25080,174481,0,0.362491,0.000000,0.000000,3759,0,2581.66,0,0,0,0,SUCCESS,0,0,warm20,,,,,,,,,,,used,,,,20260917-1737
2026-09-17 18:54:47,EHAUSM-I,C8T1S5I8N5K,35,2,0.000200,0.000,0.008,22907858,22761,6,336,343,0,0,0,483718,25235,391080,0,0.420080,0.000000,0.000000,3731,0,3397.66,0,0,0,0,SUCCESS,0,0,warm20,,,,,,,,,,,used,,,,20260917-1737
2026-09-17 18:54:48,EHAUSM-I,C8T1S5I8N5K,36,2,0.000200,0.000,0.008,23319188,23142,7,202,209,0,0,0,293216,25326,200941,0,0.373390,0.000000,0.000000,3641,0,3941.66,0,0,0,0,SUCCESS,0,0,warm20,,,,,,,,,,,used,,,,20260917-1737
2026-09-17 18:54:48,EHAUSM-I,C8T1S5I8N5K,37,2,0.000200,0.000,0.008,23697328,23523,7,168,175,0,0,0,280088,25457,189100,0,0.375788,0.000000,0.000000,3515,0,4405.66,0,0,0,0,SUCCESS,0,0,warm20,,,,,,,,,,,used,,,,20260917-1737
2026-09-17 18:54:48,EHAUSM-I,C8T1S5I8N5K,38,2,0.000200,0.000,0.008,24099127,23904,7,174,181,0,0,0,281815,25535,192023,0,0.388852,0.000000,0.000000,3290,0,4861.66,0,0,0,0,SUCCESS,0,0,warm20,,,,,,,,,,,used,,,,20260917-1737
2026-09-17 18:54:48,EHAUSM-I,C8T1S5I8N5K,39,2,0.000200,0.000,0.008,24493119,24285,7,152,160,0,0,0,240200,25605,151773,0,0.359832,0.000000,0.000000,3105,0,5269.66,0,0,0,0,SUCCESS,0,0,warm20,,,,,,,,,,,used,,,,20260917-1737
2026-09-17 18:54:48,EHAUSM-I,C8T1S5I8N5K,40,2,0.000200,0.000,0.008,24862259,24666,8,175,183,0,0,0,296351,25823,208179,0,0.428815,0.000000,0.000000,2983,0,5733.66,0,0,0,0,SUCCESS,0,0,warm20,,,,,,,,,,,used,,,,20260917-1737
2026-09-17 18:54:48,EHAUSM-I,C8T1S5I8N5K,41,2,0.000200,0.000,0.008,25263088,25047,7,180,188,0,0,0,271173,25985,183133,0,0.368586,0.000000,0.000000,2907,0,6181.66,0,0,0,0,SUCCESS,0,0,warm20,,,,,,,,,,,used,,,,20260917-1737
2026-09-17 18:54:49,EHAUSM-I,C8T1S5I8N5K,42,2,0.000200,0.000,0.008,25651287,25428,7,175,183,0,0,0,242112,26164,154270,0,0.373368,0.000000,0.000000,2802,0,6637.66,0,0,0,0,SUCCESS,0,0,warm20,,,,,,,,,,,used,,,,20260917-1737
2026-09-17 18:54:49,EHAUSM-I,C8T1S5I8N5K,43,2,0.000200,0.000,0.008,26044850,25809,7,375,383,0,0,0,417444,26317,329266,0,0.355239,0.000000,0.000000,2898,0,576.91,0,0,0,0,SUCCESS,0,0,warm20,,,,,,,,,,,used,,,,20260917-1737
2026-09-17 18:54:49,EHAUSM-I,C8T1S5I8N5K,44,2,0.000200,0.000,0.008,26430934,26190,7,220,228,0,0,0,311436,26489,222758,0,0.388517,0.000000,0.000000,2699,0,1144.91,0,0,0,0,SUCCESS,0,0,warm20,,,,,,,,,,,used,,,,20260917-1737
2026-09-17 18:54:49,EHAUSM-I,C8T1S5I8N5K,45,2,0.000200,0.000,0.008,26846010,26571,8,191,199,0,0,0,292090,26610,203451,0,0.355668,0.000000,0.000000,2737,0,1696.91,0,0,0,0,SUCCESS,0,0,warm20,,,,,,,,,,,used,,,,20260917-1737
2026-09-17 18:54:50,EHAUSM-I,C8T1S5I8N5K,46,2,0.000200,0.000,0.008,27199497,26952,7,206,214,0,0,0,301442,26764,212209,0,0.394475,0.000000,0.000000,2876,0,2256.91,0,0,0,0,SUCCESS,0,0,warm20,,,,,,,,,,,used,,,,20260917-1737
2026-09-17 18:54:50,EHAUSM-I,C8T1S5I8N5K,47,2,0.000200,0.000,0.008,27577144,27333,7,376,384,0,0,0,458941,26865,369993,0,0.394696,0.000000,0.000000,2903,0,3104.91,0,0,0,0,SUCCESS,0,0,warm20,,,,,,,,,,,used,,,,20260917-1737
2026-09-17 18:54:50,EHAUSM-I,C8T1S5I8N5K,48,2,0.000200,0.000,0.008,27971205,27714,8,249,258,0,0,0,352982,27042,263456,0,0.388022,0.000000,0.000000,2983,0,3760.91,0,0,0,0,SUCCESS,0,0,warm20,,,,,,,,,,,used,,,,20260917-1737
2026-09-17 18:54:51,EHAUSM-I,C8T1S5I8N5K,49,2,0.000200,0.000,0.008,28365395,28095,7,320,328,0,0,0,359849,27173,270562,0,0.453247,0.000000,0.000000,3165,0,4488.91,0,0,0,0,SUCCESS,0,0,warm20,,,,,,,,,,,used,,,,20260917-1737
2026-09-17 18:54:51,EHAUSM-I,C8T1S5I8N5K,50,2,0.000200,0.000,0.008,28747485,28476,8,235,243,0,0,0,324136,27398,235227,0,0.359607,0.000000,0.000000,3190,0,5088.91,0,0,0,0,SUCCESS,0,0,warm20,,,,,,,,,,,used,,,,20260917-1737
2026-09-17 18:54:51,EHAUSM-I,C8T1S5I8N5K,51,2,0.000200,0.000,0.008,29148083,28857,8,244,253,0,0,0,295562,27518,206907,0,0.367753,0.000000,0.000000,3606,0,5720.91,0,0,0,0,SUCCESS,0,0,warm20,,,,,,,,,,,used,,,,20260917-1737
2026-09-17 18:54:51,EHAUSM-I,C8T1S5I8N5K,52,2,0.000200,0.000,0.008,29537266,29238,8,191,200,0,0,0,261072,27571,173252,0,0.395773,0.000000,0.000000,3512,0,6200.91,0,0,0,0,SUCCESS,0,0,warm20,,,,,,,,,,,used,,,,20260917-1737
2026-09-17 18:54:52,EHAUSM-I,C8T1S5I8N5K,53,2,0.000200,0.000,0.008,29904777,29619,8,211,219,0,0,0,294455,27683,206506,0,0.383651,0.000000,0.000000,3392,0,6728.91,0,0,0,0,SUCCESS,0,0,warm20,,,,,,,,,,,used,,,,20260917-1737
2026-09-17 18:54:52,EHAUSM-I,C8T1S5I8N5K,54,2,0.000200,0.000,0.008,30290428,30000,8,196,205,0,0,0,262857,27678,175715,0,0.387595,0.000000,0.000000,3265,0,354.48,0,0,0,0,SUCCESS,0,0,warm20,,,,,,,,,,,used,,,,20260917-1737
2026-09-17 18:54:52,EHAUSM-I,C8T1S5I8N5K,55,2,0.000200,0.000,0.008,30681887,30381,8,220,228,0,0,0,304129,27749,217625,0,0.369085,0.000000,0.000000,3173,0,914.48,0,0,0,0,SUCCESS,0,0,warm20,,,,,,,,,,,used,,,,20260917-1737
2026-09-17 18:54:52,EHAUSM-I,C8T1S5I8N5K,56,2,0.000200,0.000,0.008,31050362,30762,8,191,200,0,0,0,248161,27898,162268,0,0.342240,0.000000,0.000000,3135,0,1418.48,0,0,0,0,SUCCESS,0,0,warm20,,,,,,,,,,,used,,,,20260917-1737
2026-09-17 18:54:52,EHAUSM-I,C8T1S5I8N5K,57,2,0.000200,0.000,0.008,31395739,31143,8,153,162,0,0,0,192387,27964,107415,0,0.355902,0.000000,0.000000,3035,0,1802.48,0,0,0,0,SUCCESS,0,0,warm20,,,,,,,,,,,used,,,,20260917-1737
2026-09-17 18:54:53,EHAUSM-I,C8T1S5I8N5K,58,2,0.000200,0.000,0.008,31769352,31524,8,138,147,0,0,0,205476,28031,121293,0,0.367219,0.000000,0.000000,3041,0,2154.48,0,0,0,0,SUCCESS,0,0,warm20,,,,,,,,,,,used,,,,20260917-1737
2026-09-17 18:54:53,EHAUSM-I,C8T1S5I8N5K,59,2,0.000200,0.000,0.008,32142537,31905,8,230,238,0,0,0,324681,28191,240324,0,0.389131,0.000000,0.000000,2920,0,2706.48,0,0,0,0,SUCCESS,0,0,warm20,,,,,,,,,,,used,,,,20260917-1737
2026-09-17 18:54:53,EHAUSM-I,C8T1S5I8N5K,60,2,0.000200,0.000,0.008,32547440,32286,8,398,407,0,0,0,361443,28305,276350,0,0.371807,0.000000,0.000000,3068,0,3562.48,0,0,0,0,SUCCESS,0,0,warm20,,,,,,,,,,,used,,,,20260917-1737
2026-09-17 18:54:53,EHAUSM-I,C8T1S5I8N5K,61,2,0.000200,0.000,0.008,32944229,32667,9,211,220,0,0,0,275809,28380,190038,0,0.352211,0.000000,0.000000,3028,0,4074.48,0,0,0,0,SUCCESS,0,0,warm20,,,,,,,,,,,used,,,,20260917-1737
2026-09-17 18:54:54,EHAUSM-I,C8T1S5I8N5K,62,2,0.000200,0.000,0.008,33334519,33048,8,203,212,0,0,0,217533,28502,132118,0,0.355027,0.000000,0.000000,2938,0,4554.48,0,0,0,0,SUCCESS,0,0,warm20,,,,,,,,,,,used,,,,20260917-1737
2026-09-17 18:54:54,EHAUSM-I,C8T1S5I8N5K,63,2,0.000200,0.000,0.008,33719823,33429,8,251,260,0,0,0,316916,28525,231680,0,0.429647,0.000000,0.000000,2956,0,5178.48,0,0,0,0,SUCCESS,0,0,warm20,,,,,,,,,,,used,,,,20260917-1737
2026-09-17 18:54:54,EHAUSM-I,C8T1S5I8N5K,64,2,0.000200,0.000,0.008,34102327,33810,8,236,245,0,0,0,236417,28687,151858,0,0.346000,0.000000,0.000000,2871,0,5722.48,0,0,0,0,SUCCESS,0,0,warm20,,,,,,,,,,,used,,,,20260917-1737
2026-09-17 18:54:54,EHAUSM-I,C8T1S5I8N5K,65,2,0.000200,0.000,0.008,34478988,34191,9,196,205,0,0,0,223954,28803,139506,0,0.360214,0.000000,0.000000,2791,0,6202.48,0,0,0,0,SUCCESS,0,0,warm20,,,,,,,,,,,used,,,,20260917-1737
2026-09-17 18:54:55,EHAUSM-I,C8T1S5I8N5K,66,2,0.000200,0.000,0.008,34853481,34572,9,208,218,0,0,0,218622,28846,134909,0,0.375633,0.000000,0.000000,2698,0,6658.48,0,0,0,0,SUCCESS,0,0,warm20,,,,,,,,,,,used,,,,20260917-1737
2026-09-17 18:54:55,EHAUSM-I,C8T1S5I8N5K,67,2,0.000200,0.000,0.008,35248065,34953,9,208,218,0,0,0,235286,29022,152288,0,0.356110,0.000000,0.000000,2620,0,7130.48,0,0,0,0,SUCCESS,0,0,warm20,,,,,,,,,,,used,,,,20260917-1737
2026-09-17 18:54:55,EHAUSM-I,C8T1S5I8N5K,68,2,0.000200,0.000,0.008,35624384,35334,9,206,216,0,0,0,283176,29173,200472,0,0.390139,0.000000,0.000000,2554,0,786.77,0,0,0,0,SUCCESS,0,0,warm20,,,,,,,,,,,used,,,,20260917-1737
2026-09-17 18:54:55,EHAUSM-I,C8T1S5I8N5K,69,2,0.000200,0.000,0.008,36012101,35715,9,186,196,0,0,0,224271,29231,142742,0,0.379616,0.000000,0.000000,2554,0,1234.77,0,0,0,0,SUCCESS,0,0,warm20,,,,,,,,,,,used,,,,20260917-1737
2026-09-17 18:54:55,EHAUSM-I,C8T1S5I8N5K,70,2,0.000200,0.000,0.008,36401810,36096,9,216,226,0,0,0,282650,29306,201222,0,0.397852,0.000000,0.000000,2518,0,1762.77,0,0,0,0,SUCCESS,0,0,warm20,,,,,,,,,,,used,,,,20260917-1737
2026-09-17 18:54:56,EHAUSM-I,C8T1S5I8N5K,71,2,0.000200,0.000,0.008,36794486,36477,9,213,223,0,0,0,214604,29378,133458,0,0.363976,0.000000,0.000000,2563,0,2266.77,0,0,0,0,SUCCESS,0,0,warm20,,,,,,,,,,,used,,,,20260917-1737
2026-09-17 18:54:56,EHAUSM-I,C8T1S5I8N5K,72,2,0.000200,0.000,0.008,37175538,36858,10,238,248,0,0,0,266774,29443,185984,0,0.374728,0.000000,0.000000,2519,0,2834.77,0,0,0,0,SUCCESS,0,0,warm20,,,,,,,,,,,used,,,,20260917-1737
2026-09-17 18:54:56,EHAUSM-I,C8T1S5I8N5K,73,2,0.000200,0.000,0.008,37548260,37239,10,410,420,0,0,0,312331,29524,231455,0,0.355560,0.000000,0.000000,2480,0,3594.77,0,0,0,0,SUCCESS,0,0,warm20,,,,,,,,,,,used,,,,20260917-1737
2026-09-17 18:54:57,EHAUSM-I,C8T1S5I8N5K,74,2,0.000200,0.000,0.008,37929393,37620,10,246,256,0,0,0,250751,29643,169792,0,0.371845,0.000000,0.000000,2451,0,4154.77,0,0,0,0,SUCCESS,0,0,warm20,,,,,,,,,,,used,,,,20260917-1737
2026-09-17 18:54:57,EHAUSM-I,C8T1S5I8N5K,75,2,0.000200,0.000,0.008,38316091,38001,10,455,465,0,0,0,315993,29692,234685,0,0.421308,0.000000,0.000000,2489,0,5010.77,0,0,0,0,SUCCESS,0,0,warm20,,,,,,,,,,,used,,,,20260917-1737
2026-09-17 18:54:57,EHAUSM-I,C8T1S5I8N5K,76,2,0.000200,0.000,0.008,38678955,38382,10,222,232,0,0,0,252561,29742,171451,0,0.368468,0.000000,0.000000,2455,0,5522.77,0,0,0,0,SUCCESS,0,0,warm20,,,,,,,,,,,used,,,,20260917-1737
2026-09-17 18:54:57,EHAUSM-I,C8T1S5I8N5K,77,2,0.000200,0.000,0.008,39054361,38763,10,202,212,0,0,0,212810,29827,131852,0,0.377401,0.000000,0.000000,2481,0,5978.77,0,0,0,0,SUCCESS,0,0,warm20,,,,,,,,,,,used,,,,20260917-1737
2026-09-17 18:54:58,EHAUSM-I,C8T1S5I8N5K,78,2,0.000200,0.000,0.008,39410937,39144,10,275,285,0,0,0,283996,29822,203156,0,0.382252,0.000000,0.000000,2527,0,6602.77,0,0,0,0,SUCCESS,0,0,warm20,,,,,,,,,,,used,,,,20260917-1737
2026-09-17 18:54:58,EHAUSM-I,C8T1S5I8N5K,79,2,0.000200,0.000,0.008,39780553,39525,10,463,474,0,0,0,355453,29890,273863,0,0.381764,0.000000,0.000000,2581,0,627.23,0,0,0,0,SUCCESS,0,0,warm20,,,,,,,,,,,used,,,,20260917-1737
2026-09-17 18:54:58,EHAUSM-I,C8T1S5I8N5K,80,2,0.000200,0.000,0.008,40168805,39906,10,252,263,0,0,0,273707,29920,192292,0,0.366976,0.000000,0.000000,2552,0,1219.23,0,0,0,0,SUCCESS,0,0,warm20,,,,,,,,,,,used,,,,20260917-1737
2026-09-17 18:54:59,EHAUSM-I,C8T1S5I8N5K,81,2,0.000200,0.000,0.008,40553020,40287,11,201,212,0,0,0,212199,30031,130633,0,0.381797,0.000000,0.000000,2573,0,1667.23,0,0,0,0,SUCCESS,0,0,warm20,,,,,,,,,,,used,,,,20260917-1737
2026-09-17 18:54:59,EHAUSM-I,C8T1S5I8N5K,82,2,0.000200,0.000,0.008,40936711,40668,10,258,268,0,0,0,209913,30034,128777,0,0.367505,0.000000,0.000000,2542,0,2187.23,0,0,0,0,SUCCESS,0,0,warm20,,,,,,,,,,,used,,,,20260917-1737
2026-09-17 18:54:59,EHAUSM-I,C8T1S5I8N5K,83,2,0.000200,0.000,0.008,41313771,41049,10,277,288,0,0,0,251621,30066,170339,0,0.366617,0.000000,0.000000,2517,0,2779.23,0,0,0,0,SUCCESS,0,0,warm20,,,,,,,,,,,used,,,,20260917-1737
2026-09-17 18:54:59,EHAUSM-I,C8T1S5I8N5K,84,2,0.000200,0.000,0.008,41724105,41430,10,215,226,0,0,0,267644,30177,186727,0,0.365915,0.000000,0.000000,2489,0,3299.23,0,0,0,0,SUCCESS,0,0,warm20,,,,,,,,,,,used,,,,20260917-1737
2026-09-17 18:55:00,EHAUSM-I,C8T1S5I8N5K,85,2,0.000200,0.000,0.008,42092050,41811,10,384,394,0,0,0,319765,30101,238655,0,0.353386,0.000000,0.000000,2440,0,4131.23,0,0,0,0,SUCCESS,0,0,warm20,,,,,,,,,,,used,,,,20260917-1737
2026-09-17 18:55:00,EHAUSM-I,C8T1S5I8N5K,86,2,0.000200,0.000,0.008,42492603,42192,11,439,450,0,0,0,326750,30090,245439,0,0.468260,0.000000,0.000000,2494,0,4979.23,0,0,0,0,SUCCESS,0,0,warm20,,,,,,,,,,,used,,,,20260917-1737
2026-09-17 18:55:01,EHAUSM-I,C8T1S5I8N5K,87,2,0.000200,0.000,0.008,42875635,42573,10,248,259,0,0,0,232077,30247,151350,0,0.366631,0.000000,0.000000,2433,0,5515.23,0,0,0,0,SUCCESS,0,0,warm20,,,,,,,,,,,used,,,,20260917-1737
2026-09-17 18:55:01,EHAUSM-I,C8T1S5I8N5K,88,2,0.000200,0.000,0.008,43248010,42954,11,267,278,0,0,0,263203,30374,182529,0,0.353765,0.000000,0.000000,2454,0,6091.23,0,0,0,0,SUCCESS,0,0,warm20,,,,,,,,,,,used,,,,20260917-1737
2026-09-17 18:55:01,EHAUSM-I,C8T1S5I8N5K,89,2,0.000200,0.000,0.008,43639169,43335,11,289,300,0,0,0,245052,30465,164792,0,0.355092,0.000000,0.000000,2455,0,6731.23,0,0,0,0,SUCCESS,0,0,warm20,,,,,,,,,,,used,,,,20260917-1737
2026-09-17 18:55:01,EHAUSM-I,C8T1S5I8N5K,90,2,0.000200,0.000,0.008,44031231,43716,11,275,286,0,0,0,247866,30534,167796,0,0.360423,0.000000,0.000000,2453,0,505.50,0,0,0,0,SUCCESS,0,0,warm20,,,,,,,,,,,used,,,,20260917-1737
2026-09-17 18:55:02,EHAUSM-I,C8T1S5I8N5K,91,2,0.000200,0.000,0.008,44399561,44097,11,326,337,0,0,0,252236,30664,172073,0,0.344488,0.000000,0.000000,2431,0,1217.50,0,0,0,0,SUCCESS,0,0,warm20,,,,,,,,,,,used,,,,20260917-1737
2026-09-17 18:55:02,EHAUSM-I,C8T1S5I8N5K,92,2,0.000200,0.000,0.008,44778722,44478,11,261,273,0,0,0,266113,30630,186629,0,0.363433,0.000000,0.000000,2415,0,1793.50,0,0,0,0,SUCCESS,0,0,warm20,,,,,,,,,,,used,,,,20260917-1737
2026-09-17 18:55:02,EHAUSM-I,C8T1S5I8N5K,93,2,0.000200,0.000,0.008,45161917,44859,11,240,251,0,0,0,224876,30774,145898,0,0.339148,0.000000,0.000000,2417,0,2337.50,0,0,0,0,SUCCESS,0,0,warm20,,,,,,,,,,,used,,,,20260917-1737
2026-09-17 18:55:03,EHAUSM-I,C8T1S5I8N5K,94,2,0.000200,0.000,0.008,45536405,45240,11,515,526,0,0,0,309005,30901,230122,0,0.419281,0.000000,0.000000,2509,0,3257.50,0,0,0,0,SUCCESS,0,0,warm20,,,,,,,,,,,used,,,,20260917-1737
2026-09-17 18:55:03,EHAUSM-I,C8T1S5I8N5K,95,2,0.000200,0.000,0.008,45914470,45621,11,236,248,0,0,0,191636,30916,113447,0,0.367506,0.000000,0.000000,2472,0,3777.50,0,0,0,0,SUCCESS,0,0,warm20,,,,,,,,,,,used,,,,20260917-1737
2026-09-17 18:55:04,EHAUSM-I,C8T1S5I8N5K,96,2,0.000200,0.000,0.008,46296586,46002,11,586,598,0,0,0,416940,30818,337699,0,0.402149,0.000000,0.000000,2565,0,4873.50,0,0,0,0,SUCCESS,0,0,warm20,,,,,,,,,,,used,,,,20260917-1737
2026-09-17 18:55:04,EHAUSM-I,C8T1S5I8N5K,97,2,0.000200,0.000,0.008,46658707,46383,11,482,494,0,0,0,428846,30902,349571,0,0.380522,0.000000,0.000000,2642,0,5777.50,0,0,0,0,SUCCESS,0,0,warm20,,,,,,,,,,,used,,,,20260917-1737
2026-09-17 18:55:05,EHAUSM-I,C8T1S5I8N5K,98,2,0.000200,0.000,0.008,47041850,46764,12,511,523,0,0,0,267555,30912,188637,0,0.454703,0.000000,0.000000,2654,0,6673.50,0,0,0,0,SUCCESS,0,0,warm20,,,,,,,,,,,used,,,,20260917-1737
2026-09-17 18:55:05,EHAUSM-I,C8T1S5I8N5K,99,2,0.000200,0.000,0.008,47416411,47132,11,244,256,0,0,0,219964,30941,141411,0,0.353688,0.000000,0.000000,2623,0,380.83,0,0,0,0,SUCCESS,0,0,warm20,,,,,,,,,,,used,,,,20260917-1737
# run_id=20260917-1855 git=56c4b45 jvm=26.0.1 heap=24g host=ThaiTMs-MacBook-Pro.local tree=clean data=18450eae8e31 cmd=--exp 11 --dataset sign,syn_c8t1s5i8n5k --k 10,20,50,100 --algo Pre-HAUSPM --repeats 3 --results-dir results-2026-09e --timeout 90 --resume
2026-09-17 18:55:28,Pre-HAUSPM,SIGN,0,0,0.003000,0.200,0.200,319686,146,2,22390,22393,0,0,0,192985412,0,190160260,0,0.000000,0.000000,0.000000,23387,58493,188.03,0,0,0,0,SUCCESS,0,0,warm20,,,,,1,0,319686,0,,,used,,,,20260917-1855
2026-09-17 18:55:52,Pre-HAUSPM,SIGN,1,0,0.003000,0.200,0.089,464158,211,0,23638,23638,0,0,0,180992125,0,178854398,0,0.000000,0.000000,0.000000,18363,42301,83.64,0,0,0,0,SUCCESS,0,0,warm20,,,,,1,0,144472,192,,,used,,,,20260917-1855
2026-09-17 18:56:21,Pre-HAUSPM,SIGN,2,0,0.003000,0.200,0.089,609901,276,0,28503,28504,0,0,0,193693479,0,191777187,0,0.000000,0.000000,0.000000,18342,41746,249.19,0,0,0,0,SUCCESS,0,0,warm20,,,,,1,0,145743,279,,,used,,,,20260917-1855
2026-09-17 18:56:47,Pre-HAUSPM,SIGN,3,0,0.003000,0.200,0.089,737382,341,0,26534,26534,0,0,0,165585905,0,164078801,0,0.000000,0.000000,0.000000,16494,36821,180.59,0,0,0,0,SUCCESS,0,0,warm20,,,,,1,0,127481,367,,,used,,,,20260917-1855
2026-09-17 18:57:15,Pre-HAUSPM,SIGN,4,0,0.003000,0.200,0.089,871901,406,0,27460,27460,0,0,0,158080851,0,156736616,0,0.000000,0.000000,0.000000,16857,37801,440.51,0,0,0,0,SUCCESS,0,0,warm20,,,,,1,0,134519,444,,,used,,,,20260917-1855
2026-09-17 18:57:41,Pre-HAUSPM,SIGN,5,0,0.003000,0.200,0.089,1018960,471,0,26090,26090,0,0,0,142239072,0,141091364,0,0.000000,0.000000,0.000000,14004,31196,321.55,0,0,0,0,SUCCESS,0,0,warm20,,,,,1,0,147059,525,,,used,,,,20260917-1855
2026-09-17 18:58:07,Pre-HAUSPM,SIGN,6,0,0.003000,0.200,0.089,1183474,536,0,25637,25637,0,0,0,133662857,0,132643748,0,0.000000,0.000000,0.000000,12433,27838,312.88,0,0,0,0,SUCCESS,0,0,warm20,,,,,1,0,164514,613,,,used,,,,20260917-1855
2026-09-17 18:58:35,Pre-HAUSPM,SIGN,7,0,0.003000,0.200,0.089,1350144,601,0,28102,28102,0,0,0,141898210,0,140871128,0,0.000000,0.000000,0.000000,12491,27979,569.21,0,0,0,0,SUCCESS,0,0,warm20,,,,,1,0,166670,712,,,used,,,,20260917-1855
2026-09-17 18:59:05,Pre-HAUSPM,SIGN,8,0,0.003000,0.200,0.089,1500088,666,0,29167,29167,0,0,0,140014586,0,139031002,0,0.000000,0.000000,0.000000,12225,27244,360.92,0,0,0,0,SUCCESS,0,0,warm20,,,,,1,0,149944,813,,,used,,,,20260917-1855
2026-09-17 18:59:38,Pre-HAUSPM,SIGN,9,0,0.003000,0.200,0.089,1668652,730,0,33115,33116,0,0,0,152049944,0,151023735,0,0.000000,0.000000,0.000000,12666,28413,721.57,0,0,0,0,SUCCESS,0,0,warm20,,,,,1,0,168564,903,,,used,,,,20260917-1855
2026-09-17 19:00:01,Pre-HAUSPM,SIGN,0,1,0.003000,0.200,0.200,319686,146,1,22345,22347,0,0,0,192985412,0,190160260,0,0.000000,0.000000,0.000000,23387,58493,98.26,0,0,0,0,SUCCESS,0,0,warm20,,,,,1,0,319686,0,,,used,,,,20260917-1855
2026-09-17 19:00:25,Pre-HAUSPM,SIGN,1,1,0.003000,0.200,0.089,464158,211,0,23645,23645,0,0,0,180992125,0,178854398,0,0.000000,0.000000,0.000000,18363,42301,355.13,0,0,0,0,SUCCESS,0,0,warm20,,,,,1,0,144472,192,,,used,,,,20260917-1855
2026-09-17 19:00:53,Pre-HAUSPM,SIGN,2,1,0.003000,0.200,0.089,609901,276,0,28515,28515,0,0,0,193693479,0,191777187,0,0.000000,0.000000,0.000000,18342,41746,520.52,0,0,0,0,SUCCESS,0,0,warm20,,,,,1,0,145743,279,,,used,,,,20260917-1855
2026-09-17 19:01:20,Pre-HAUSPM,SIGN,3,1,0.003000,0.200,0.089,737382,341,0,26557,26557,0,0,0,165585905,0,164078801,0,0.000000,0.000000,0.000000,16494,36821,443.92,0,0,0,0,SUCCESS,0,0,warm20,,,,,1,0,127481,367,,,used,,,,20260917-1855
2026-09-17 19:01:47,Pre-HAUSPM,SIGN,4,1,0.003000,0.200,0.089,871901,406,0,27420,27420,0,0,0,158080851,0,156736616,0,0.000000,0.000000,0.000000,16857,37801,176.00,0,0,0,0,SUCCESS,0,0,warm20,,,,,1,0,134519,444,,,used,,,,20260917-1855
2026-09-17 19:02:14,Pre-HAUSPM,SIGN,5,1,0.003000,0.200,0.089,1018960,471,0,26066,26066,0,0,0,142239072,0,141091364,0,0.000000,0.000000,0.000000,14004,31196,585.08,0,0,0,0,SUCCESS,0,0,warm20,,,,,1,0,147059,525,,,used,,,,20260917-1855
2026-09-17 19:02:39,Pre-HAUSPM,SIGN,6,1,0.003000,0.200,0.089,1183474,536,0,25591,25591,0,0,0,133662857,0,132643748,0,0.000000,0.000000,0.000000,12433,27838,576.32,0,0,0,0,SUCCESS,0,0,warm20,,,,,1,0,164514,613,,,used,,,,20260917-1855
2026-09-17 19:03:08,Pre-HAUSPM,SIGN,7,1,0.003000,0.200,0.089,1350144,601,0,28054,28054,0,0,0,141898210,0,140871128,0,0.000000,0.000000,0.000000,12491,27979,303.70,0,0,0,0,SUCCESS,0,0,warm20,,,,,1,0,166670,712,,,used,,,,20260917-1855
2026-09-17 19:03:37,Pre-HAUSPM,SIGN,8,1,0.003000,0.200,0.089,1500088,666,0,29143,29143,0,0,0,140014586,0,139031002,0,0.000000,0.000000,0.000000,12225,27244,623.55,0,0,0,0,SUCCESS,0,0,warm20,,,,,1,0,149944,813,,,used,,,,20260917-1855
2026-09-17 19:04:10,Pre-HAUSPM,SIGN,9,1,0.003000,0.200,0.089,1668652,730,0,33147,33147,0,0,0,152049944,0,151023735,0,0.000000,0.000000,0.000000,12666,28413,455.64,0,0,0,0,SUCCESS,0,0,warm20,,,,,1,0,168564,903,,,used,,,,20260917-1855
2026-09-17 19:04:33,Pre-HAUSPM,SIGN,0,2,0.003000,0.200,0.200,319686,146,0,22470,22470,0,0,0,192985412,0,190160260,0,0.000000,0.000000,0.000000,23387,58493,180.11,0,0,0,0,SUCCESS,0,0,warm20,,,,,1,0,319686,0,,,used,,,,20260917-1855
2026-09-17 19:04:57,Pre-HAUSPM,SIGN,1,2,0.003000,0.200,0.089,464158,211,0,23795,23795,0,0,0,180992125,0,178854398,0,0.000000,0.000000,0.000000,18363,42301,484.25,0,0,0,0,SUCCESS,0,0,warm20,,,,,1,0,144472,192,,,used,,,,20260917-1855
2026-09-17 19:05:26,Pre-HAUSPM,SIGN,2,2,0.003000,0.200,0.089,609901,276,0,28643,28643,0,0,0,193693479,0,191777187,0,0.000000,0.000000,0.000000,18342,41746,617.20,0,0,0,0,SUCCESS,0,0,warm20,,,,,1,0,145743,279,,,used,,,,20260917-1855
2026-09-17 19:05:53,Pre-HAUSPM,SIGN,3,2,0.003000,0.200,0.089,737382,341,0,26678,26678,0,0,0,165585905,0,164078801,0,0.000000,0.000000,0.000000,16494,36821,348.41,0,0,0,0,SUCCESS,0,0,warm20,,,,,1,0,127481,367,,,used,,,,20260917-1855
2026-09-17 19:06:20,Pre-HAUSPM,SIGN,4,2,0.003000,0.200,0.089,871901,406,0,27562,27562,0,0,0,158080851,0,156736616,0,0.000000,0.000000,0.000000,16857,37801,255.74,0,0,0,0,SUCCESS,0,0,warm20,,,,,1,0,134519,444,,,used,,,,20260917-1855
2026-09-17 19:06:47,Pre-HAUSPM,SIGN,5,2,0.003000,0.200,0.089,1018960,471,0,26186,26186,0,0,0,142239072,0,141091364,0,0.000000,0.000000,0.000000,14004,31196,376.30,0,0,0,0,SUCCESS,0,0,warm20,,,,,1,0,147059,525,,,used,,,,20260917-1855
2026-09-17 19:07:13,Pre-HAUSPM,SIGN,6,2,0.003000,0.200,0.089,1183474,536,0,25724,25724,0,0,0,133662857,0,132643748,0,0.000000,0.000000,0.000000,12433,27838,702.98,0,0,0,0,SUCCESS,0,0,warm20,,,,,1,0,164514,613,,,used,,,,20260917-1855
2026-09-17 19:07:41,Pre-HAUSPM,SIGN,7,2,0.003000,0.200,0.089,1350144,601,0,28185,28186,0,0,0,141898210,0,140871128,0,0.000000,0.000000,0.000000,12491,27979,414.14,0,0,0,0,SUCCESS,0,0,warm20,,,,,1,0,166670,712,,,used,,,,20260917-1855
2026-09-17 19:08:10,Pre-HAUSPM,SIGN,8,2,0.003000,0.200,0.089,1500088,666,0,29269,29269,0,0,0,140014586,0,139031002,0,0.000000,0.000000,0.000000,12225,27244,732.60,0,0,0,0,SUCCESS,0,0,warm20,,,,,1,0,149944,813,,,used,,,,20260917-1855
2026-09-17 19:08:44,Pre-HAUSPM,SIGN,9,2,0.003000,0.200,0.089,1668652,730,0,33242,33242,0,0,0,152049944,0,151023735,0,0.000000,0.000000,0.000000,12666,28413,341.19,0,0,0,0,SUCCESS,0,0,warm20,,,,,1,0,168564,903,,,used,,,,20260917-1855
2026-09-17 19:09:07,Pre-HAUSPM,SIGN,0,0,0.003000,0.200,0.200,319686,146,0,22202,22203,0,0,0,192985412,0,190160260,0,0.000000,0.000000,0.000000,23387,58493,64.64,0,0,0,0,SUCCESS,0,0,warm20,,,,,1,0,319686,0,,,used,,,,20260917-1855
2026-09-17 19:09:28,Pre-HAUSPM,SIGN,1,0,0.003000,0.200,0.042,385332,177,0,21690,21691,0,0,0,173712319,0,171463354,0,0.000000,0.000000,0.000000,21809,50903,190.33,0,0,0,0,SUCCESS,0,0,warm20,,,,,1,0,65646,192,,,used,,,,20260917-1855
2026-09-17 19:09:52,Pre-HAUSPM,SIGN,2,0,0.003000,0.200,0.042,459273,208,0,23740,23740,0,0,0,184589670,0,182396473,0,0.000000,0.000000,0.000000,18673,43216,611.88,0,0,0,0,SUCCESS,0,0,warm20,,,,,1,0,73941,232,,,used,,,,20260917-1855
2026-09-17 19:10:19,Pre-HAUSPM,SIGN,3,0,0.003000,0.200,0.042,527535,239,0,26634,26634,0,0,0,191761334,0,189687391,0,0.000000,0.000000,0.000000,20219,46395,418.80,0,0,0,0,SUCCESS,0,0,warm20,,,,,1,0,68262,276,,,used,,,,20260917-1855
2026-09-17 19:10:47,Pre-HAUSPM,SIGN,4,0,0.003000,0.200,0.042,597178,270,0,28138,28139,0,0,0,195002094,0,193051157,0,0.000000,0.000000,0.000000,18362,41919,496.27,0,0,0,0,SUCCESS,0,0,warm20,,,,,1,0,69643,317,,,used,,,,20260917-1855
2026-09-17 19:11:14,Pre-HAUSPM,SIGN,5,0,0.003000,0.200,0.042,659071,301,0,26484,26484,0,0,0,176445062,0,174765804,0,0.000000,0.000000,0.000000,17056,38058,179.91,0,0,0,0,SUCCESS,0,0,warm20,,,,,1,0,61893,359,,,used,,,,20260917-1855
2026-09-17 19:11:40,Pre-HAUSPM,SIGN,6,0,0.003000,0.200,0.042,720279,332,0,26056,26056,0,0,0,166667451,0,165133644,0,0.000000,0.000000,0.000000,15898,35360,758.18,0,0,0,0,SUCCESS,0,0,warm20,,,,,1,0,61208,397,,,used,,,,20260917-1855
2026-09-17 19:12:06,Pre-HAUSPM,SIGN,7,0,0.003000,0.200,0.042,779441,363,0,26213,26213,0,0,0,160051173,0,158625014,0,0.000000,0.000000,0.000000,16685,37264,201.27,0,0,0,0,SUCCESS,0,0,warm20,,,,,1,0,59162,433,,,used,,,,20260917-1855
2026-09-17 19:12:33,Pre-HAUSPM,SIGN,8,0,0.003000,0.200,0.042,844724,394,0,26854,26854,0,0,0,158169161,0,156806746,0,0.000000,0.000000,0.000000,16735,37506,580.63,0,0,0,0,SUCCESS,0,0,warm20,,,,,1,0,65283,469,,,used,,,,20260917-1855
2026-09-17 19:13:00,Pre-HAUSPM,SIGN,9,0,0.003000,0.200,0.042,923121,425,0,26485,26486,0,0,0,151236361,0,149973667,0,0.000000,0.000000,0.000000,15295,34408,510.72,0,0,0,0,SUCCESS,0,0,warm20,,,,,1,0,78397,508,,,used,,,,20260917-1855
2026-09-17 19:13:26,Pre-HAUSPM,SIGN,10,0,0.003000,0.200,0.042,987506,456,0,25941,25941,0,0,0,144628461,0,143448416,0,0.000000,0.000000,0.000000,14382,32012,791.63,0,0,0,0,SUCCESS,0,0,warm20,,,,,1,0,64385,556,,,used,,,,20260917-1855
2026-09-17 19:13:52,Pre-HAUSPM,SIGN,11,0,0.003000,0.200,0.042,1057621,487,0,25542,25542,0,0,0,139264480,0,138155636,0,0.000000,0.000000,0.000000,13337,29650,431.56,0,0,0,0,SUCCESS,0,0,warm20,,,,,1,0,70115,594,,,used,,,,20260917-1855
2026-09-17 19:14:17,Pre-HAUSPM,SIGN,12,0,0.003000,0.200,0.042,1139446,518,0,25374,25374,0,0,0,135648178,0,134596099,0,0.000000,0.000000,0.000000,12846,28682,623.06,0,0,0,0,SUCCESS,0,0,warm20,,,,,1,0,81825,636,,,used,,,,20260917-1855
2026-09-17 19:14:43,Pre-HAUSPM,SIGN,13,0,0.003000,0.200,0.042,1211397,549,0,25085,25086,0,0,0,130984001,0,129993554,0,0.000000,0.000000,0.000000,12045,26971,581.83,0,0,0,0,SUCCESS,0,0,warm20,,,,,1,0,71951,686,,,used,,,,20260917-1855
2026-09-17 19:15:11,Pre-HAUSPM,SIGN,14,0,0.003000,0.200,0.042,1304649,580,0,27993,27993,0,0,0,144596770,0,143537632,0,0.000000,0.000000,0.000000,12922,28991,694.14,0,0,0,0,SUCCESS,0,0,warm20,,,,,1,0,93252,729,,,used,,,,20260917-1855
2026-09-17 19:15:39,Pre-HAUSPM,SIGN,15,0,0.003000,0.200,0.042,1372937,611,0,27937,27937,0,0,0,141792672,0,140770683,0,0.000000,0.000000,0.000000,12535,28063,534.53,0,0,0,0,SUCCESS,0,0,warm20,,,,,1,0,68288,785,,,used,,,,20260917-1855
2026-09-17 19:16:07,Pre-HAUSPM,SIGN,16,0,0.003000,0.200,0.042,1441678,642,0,28112,28112,0,0,0,139513442,0,138521418,0,0.000000,0.000000,0.000000,12116,27167,229.85,0,0,0,0,SUCCESS,0,0,warm20,,,,,1,0,68741,826,,,used,,,,20260917-1855
2026-09-17 19:16:36,Pre-HAUSPM,SIGN,17,0,0.003000,0.200,0.042,1517948,673,0,29219,29219,0,0,0,141571525,0,140582108,0,0.000000,0.000000,0.000000,12363,27531,414.12,0,0,0,0,SUCCESS,0,0,warm20,,,,,1,0,76270,868,,,used,,,,20260917-1855
2026-09-17 19:17:09,Pre-HAUSPM,SIGN,18,0,0.003000,0.200,0.042,1606504,704,0,32166,32166,0,0,0,151825814,0,150785814,0,0.000000,0.000000,0.000000,12872,28946,167.18,0,0,0,0,SUCCESS,0,0,warm20,,,,,1,0,88556,914,,,used,,,,20260917-1855
2026-09-17 19:17:42,Pre-HAUSPM,SIGN,19,0,0.003000,0.200,0.042,1668652,730,0,32638,32638,0,0,0,152049944,0,151023735,0,0.000000,0.000000,0.000000,12666,28413,416.08,0,0,0,0,SUCCESS,0,0,warm20,,,,,1,0,62148,967,,,used,,,,20260917-1855
2026-09-17 19:18:04,Pre-HAUSPM,SIGN,0,1,0.003000,0.200,0.200,319686,146,0,22168,22169,0,0,0,192985412,0,190160260,0,0.000000,0.000000,0.000000,23387,58493,196.00,0,0,0,0,SUCCESS,0,0,warm20,,,,,1,0,319686,0,,,used,,,,20260917-1855
2026-09-17 19:18:26,Pre-HAUSPM,SIGN,1,1,0.003000,0.200,0.042,385332,177,0,21498,21498,0,0,0,173712319,0,171463354,0,0.000000,0.000000,0.000000,21809,50903,127.61,0,0,0,0,SUCCESS,0,0,warm20,,,,,1,0,65646,192,,,used,,,,20260917-1855
2026-09-17 19:18:50,Pre-HAUSPM,SIGN,2,1,0.003000,0.200,0.042,459273,208,0,23609,23609,0,0,0,184589670,0,182396473,0,0.000000,0.000000,0.000000,18673,43216,380.94,0,0,0,0,SUCCESS,0,0,warm20,,,,,1,0,73941,232,,,used,,,,20260917-1855
2026-09-17 19:19:16,Pre-HAUSPM,SIGN,3,1,0.003000,0.200,0.042,527535,239,0,26464,26464,0,0,0,191761334,0,189687391,0,0.000000,0.000000,0.000000,20219,46395,515.70,0,0,0,0,SUCCESS,0,0,warm20,,,,,1,0,68262,276,,,used,,,,20260917-1855
2026-09-17 19:19:45,Pre-HAUSPM,SIGN,4,1,0.003000,0.200,0.042,597178,270,0,28221,28222,0,0,0,195002094,0,193051157,0,0.000000,0.000000,0.000000,18362,41919,208.94,0,0,0,0,SUCCESS,0,0,warm20,,,,,1,0,69643,317,,,used,,,,20260917-1855
2026-09-17 19:20:11,Pre-HAUSPM,SIGN,5,1,0.003000,0.200,0.042,659071,301,0,26310,26311,0,0,0,176445062,0,174765804,0,0.000000,0.000000,0.000000,17056,38058,468.48,0,0,0,0,SUCCESS,0,0,warm20,,,,,1,0,61893,359,,,used,,,,20260917-1855
2026-09-17 19:20:37,Pre-HAUSPM,SIGN,6,1,0.003000,0.200,0.042,720279,332,0,25882,25882,0,0,0,166667451,0,165133644,0,0.000000,0.000000,0.000000,15898,35360,534.92,0,0,0,0,SUCCESS,0,0,warm20,,,,,1,0,61208,397,,,used,,,,20260917-1855
2026-09-17 19:21:03,Pre-HAUSPM,SIGN,7,1,0.003000,0.200,0.042,779441,363,0,26033,26034,0,0,0,160051173,0,158625014,0,0.000000,0.000000,0.000000,16685,37264,826.20,0,0,0,0,SUCCESS,0,0,warm20,,,,,1,0,59162,433,,,used,,,,20260917-1855
2026-09-17 19:21:30,Pre-HAUSPM,SIGN,8,1,0.003000,0.200,0.042,844724,394,0,26665,26665,0,0,0,158169161,0,156806746,0,0.000000,0.000000,0.000000,16735,37506,517.63,0,0,0,0,SUCCESS,0,0,warm20,,,,,1,0,65283,469,,,used,,,,20260917-1855
2026-09-17 19:21:57,Pre-HAUSPM,SIGN,9,1,0.003000,0.200,0.042,923121,425,0,26316,26316,0,0,0,151236361,0,149973667,0,0.000000,0.000000,0.000000,15295,34408,631.41,0,0,0,0,SUCCESS,0,0,warm20,,,,,1,0,78397,508,,,used,,,,20260917-1855
2026-09-17 19:22:23,Pre-HAUSPM,SIGN,10,1,0.003000,0.200,0.042,987506,456,0,25771,25771,0,0,0,144628461,0,143448416,0,0.000000,0.000000,0.000000,14382,32012,376.35,0,0,0,0,SUCCESS,0,0,warm20,,,,,1,0,64385,556,,,used,,,,20260917-1855
2026-09-17 19:22:48,Pre-HAUSPM,SIGN,11,1,0.003000,0.200,0.042,1057621,487,0,25381,25381,0,0,0,139264480,0,138155636,0,0.000000,0.000000,0.000000,13337,29650,496.01,0,0,0,0,SUCCESS,0,0,warm20,,,,,1,0,70115,594,,,used,,,,20260917-1855
2026-09-17 19:23:13,Pre-HAUSPM,SIGN,12,1,0.003000,0.200,0.042,1139446,518,0,25217,25217,0,0,0,135648178,0,134596099,0,0.000000,0.000000,0.000000,12846,28682,351.30,0,0,0,0,SUCCESS,0,0,warm20,,,,,1,0,81825,636,,,used,,,,20260917-1855
2026-09-17 19:23:39,Pre-HAUSPM,SIGN,13,1,0.003000,0.200,0.042,1211397,549,0,24975,24975,0,0,0,130984001,0,129993554,0,0.000000,0.000000,0.000000,12045,26971,293.63,0,0,0,0,SUCCESS,0,0,warm20,,,,,1,0,71951,686,,,used,,,,20260917-1855
2026-09-17 19:24:07,Pre-HAUSPM,SIGN,14,1,0.003000,0.200,0.042,1304649,580,0,27836,27836,0,0,0,144596770,0,143537632,0,0.000000,0.000000,0.000000,12922,28991,677.90,0,0,0,0,SUCCESS,0,0,warm20,,,,,1,0,93252,729,,,used,,,,20260917-1855
2026-09-17 19:24:35,Pre-HAUSPM,SIGN,15,1,0.003000,0.200,0.042,1372937,611,0,27881,27881,0,0,0,141792672,0,140770683,0,0.000000,0.000000,0.000000,12535,28063,557.54,0,0,0,0,SUCCESS,0,0,warm20,,,,,1,0,68288,785,,,used,,,,20260917-1855
2026-09-17 19:25:03,Pre-HAUSPM,SIGN,16,1,0.003000,0.200,0.042,1441678,642,0,27958,27958,0,0,0,139513442,0,138521418,0,0.000000,0.000000,0.000000,12116,27167,477.57,0,0,0,0,SUCCESS,0,0,warm20,,,,,1,0,68741,826,,,used,,,,20260917-1855
2026-09-17 19:25:32,Pre-HAUSPM,SIGN,17,1,0.003000,0.200,0.042,1517948,673,0,29053,29053,0,0,0,141571525,0,140582108,0,0.000000,0.000000,0.000000,12363,27531,501.72,0,0,0,0,SUCCESS,0,0,warm20,,,,,1,0,76270,868,,,used,,,,20260917-1855
2026-09-17 19:26:04,Pre-HAUSPM,SIGN,18,1,0.003000,0.200,0.042,1606504,704,0,31931,31931,0,0,0,151825814,0,150785814,0,0.000000,0.000000,0.000000,12872,28946,366.50,0,0,0,0,SUCCESS,0,0,warm20,,,,,1,0,88556,914,,,used,,,,20260917-1855
2026-09-17 19:26:37,Pre-HAUSPM,SIGN,19,1,0.003000,0.200,0.042,1668652,730,0,32702,32702,0,0,0,152049944,0,151023735,0,0.000000,0.000000,0.000000,12666,28413,239.21,0,0,0,0,SUCCESS,0,0,warm20,,,,,1,0,62148,967,,,used,,,,20260917-1855
2026-09-17 19:26:59,Pre-HAUSPM,SIGN,0,2,0.003000,0.200,0.200,319686,146,0,22064,22065,0,0,0,192985412,0,190160260,0,0.000000,0.000000,0.000000,23387,58493,226.29,0,0,0,0,SUCCESS,0,0,warm20,,,,,1,0,319686,0,,,used,,,,20260917-1855
2026-09-17 19:27:21,Pre-HAUSPM,SIGN,1,2,0.003000,0.200,0.042,385332,177,0,21450,21450,0,0,0,173712319,0,171463354,0,0.000000,0.000000,0.000000,21809,50903,158.61,0,0,0,0,SUCCESS,0,0,warm20,,,,,1,0,65646,192,,,used,,,,20260917-1855
2026-09-17 19:27:45,Pre-HAUSPM,SIGN,2,2,0.003000,0.200,0.042,459273,208,0,23524,23524,0,0,0,184589670,0,182396473,0,0.000000,0.000000,0.000000,18673,43216,92.88,0,0,0,0,SUCCESS,0,0,warm20,,,,,1,0,73941,232,,,used,,,,20260917-1855
2026-09-17 19:28:11,Pre-HAUSPM,SIGN,3,2,0.003000,0.200,0.042,527535,239,0,26412,26412,0,0,0,191761334,0,189687391,0,0.000000,0.000000,0.000000,20219,46395,387.94,0,0,0,0,SUCCESS,0,0,warm20,,,,,1,0,68262,276,,,used,,,,20260917-1855
2026-09-17 19:28:39,Pre-HAUSPM,SIGN,4,2,0.003000,0.200,0.042,597178,270,0,27904,27904,0,0,0,195002094,0,193051157,0,0.000000,0.000000,0.000000,18362,41919,561.74,0,0,0,0,SUCCESS,0,0,warm20,,,,,1,0,69643,317,,,used,,,,20260917-1855
2026-09-17 19:29:06,Pre-HAUSPM,SIGN,5,2,0.003000,0.200,0.042,659071,301,0,26257,26257,0,0,0,176445062,0,174765804,0,0.000000,0.000000,0.000000,17056,38058,341.66,0,0,0,0,SUCCESS,0,0,warm20,,,,,1,0,61893,359,,,used,,,,20260917-1855
2026-09-17 19:29:32,Pre-HAUSPM,SIGN,6,2,0.003000,0.200,0.042,720279,332,0,25846,25847,0,0,0,166667451,0,165133644,0,0.000000,0.000000,0.000000,15898,35360,248.25,0,0,0,0,SUCCESS,0,0,warm20,,,,,1,0,61208,397,,,used,,,,20260917-1855
2026-09-17 19:29:58,Pre-HAUSPM,SIGN,7,2,0.003000,0.200,0.042,779441,363,0,26068,26068,0,0,0,160051173,0,158625014,0,0.000000,0.000000,0.000000,16685,37264,219.67,0,0,0,0,SUCCESS,0,0,warm20,,,,,1,0,59162,433,,,used,,,,20260917-1855
2026-09-17 19:30:25,Pre-HAUSPM,SIGN,8,2,0.003000,0.200,0.042,844724,394,0,26676,26676,0,0,0,158169161,0,156806746,0,0.000000,0.000000,0.000000,16735,37506,607.55,0,0,0,0,SUCCESS,0,0,warm20,,,,,1,0,65283,469,,,used,,,,20260917-1855
2026-09-17 19:30:51,Pre-HAUSPM,SIGN,9,2,0.003000,0.200,0.042,923121,425,0,26303,26303,0,0,0,151236361,0,149973667,0,0.000000,0.000000,0.000000,15295,34408,673.85,0,0,0,0,SUCCESS,0,0,warm20,,,,,1,0,78397,508,,,used,,,,20260917-1855
2026-09-17 19:31:17,Pre-HAUSPM,SIGN,10,2,0.003000,0.200,0.042,987506,456,0,25774,25774,0,0,0,144628461,0,143448416,0,0.000000,0.000000,0.000000,14382,32012,267.46,0,0,0,0,SUCCESS,0,0,warm20,,,,,1,0,64385,556,,,used,,,,20260917-1855
2026-09-17 19:31:43,Pre-HAUSPM,SIGN,11,2,0.003000,0.200,0.042,1057621,487,0,25558,25558,0,0,0,139264480,0,138155636,0,0.000000,0.000000,0.000000,13337,29650,628.08,0,0,0,0,SUCCESS,0,0,warm20,,,,,1,0,70115,594,,,used,,,,20260917-1855
2026-09-17 19:32:08,Pre-HAUSPM,SIGN,12,2,0.003000,0.200,0.042,1139446,518,0,25296,25296,0,0,0,135648178,0,134596099,0,0.000000,0.000000,0.000000,12846,28682,451.93,0,0,0,0,SUCCESS,0,0,warm20,,,,,1,0,81825,636,,,used,,,,20260917-1855
2026-09-17 19:32:34,Pre-HAUSPM,SIGN,13,2,0.003000,0.200,0.042,1211397,549,0,25112,25112,0,0,0,130984001,0,129993554,0,0.000000,0.000000,0.000000,12045,26971,514.62,0,0,0,0,SUCCESS,0,0,warm20,,,,,1,0,71951,686,,,used,,,,20260917-1855
2026-09-17 19:33:02,Pre-HAUSPM,SIGN,14,2,0.003000,0.200,0.042,1304649,580,0,27712,27712,0,0,0,144596770,0,143537632,0,0.000000,0.000000,0.000000,12922,28991,272.95,0,0,0,0,SUCCESS,0,0,warm20,,,,,1,0,93252,729,,,used,,,,20260917-1855
2026-09-17 19:33:29,Pre-HAUSPM,SIGN,15,2,0.003000,0.200,0.042,1372937,611,0,27689,27689,0,0,0,141792672,0,140770683,0,0.000000,0.000000,0.000000,12535,28063,265.15,0,0,0,0,SUCCESS,0,0,warm20,,,,,1,0,68288,785,,,used,,,,20260917-1855
2026-09-17 19:33:58,Pre-HAUSPM,SIGN,16,2,0.003000,0.200,0.042,1441678,642,0,27935,27935,0,0,0,139513442,0,138521418,0,0.000000,0.000000,0.000000,12116,27167,297.30,0,0,0,0,SUCCESS,0,0,warm20,,,,,1,0,68741,826,,,used,,,,20260917-1855
2026-09-17 19:34:27,Pre-HAUSPM,SIGN,17,2,0.003000,0.200,0.042,1517948,673,0,29054,29054,0,0,0,141571525,0,140582108,0,0.000000,0.000000,0.000000,12363,27531,193.93,0,0,0,0,SUCCESS,0,0,warm20,,,,,1,0,76270,868,,,used,,,,20260917-1855
2026-09-17 19:34:59,Pre-HAUSPM,SIGN,18,2,0.003000,0.200,0.042,1606504,704,0,31919,31919,0,0,0,151825814,0,150785814,0,0.000000,0.000000,0.000000,12872,28946,154.92,0,0,0,0,SUCCESS,0,0,warm20,,,,,1,0,88556,914,,,used,,,,20260917-1855
2026-09-17 19:35:31,Pre-HAUSPM,SIGN,19,2,0.003000,0.200,0.042,1668652,730,0,32431,32431,0,0,0,152049944,0,151023735,0,0.000000,0.000000,0.000000,12666,28413,187.93,0,0,0,0,SUCCESS,0,0,warm20,,,,,1,0,62148,967,,,used,,,,20260917-1855
2026-09-17 19:35:54,Pre-HAUSPM,SIGN,0,0,0.003000,0.200,0.200,319686,146,1,22248,22250,0,0,0,192985412,0,190160260,0,0.000000,0.000000,0.000000,23387,58493,51.68,0,0,0,0,SUCCESS,0,0,warm20,,,,,1,0,319686,0,,,used,,,,20260917-1855
2026-09-17 19:36:17,Pre-HAUSPM,SIGN,1,0,0.003000,0.200,0.016,345121,158,0,22096,22097,0,0,0,185430875,0,182854764,0,0.000000,0.000000,0.000000,23125,56725,178.26,0,0,0,0,SUCCESS,0,0,warm20,,,,,1,0,25435,192,,,used,,,,20260917-1855
2026-09-17 19:36:38,Pre-HAUSPM,SIGN,2,0,0.003000,0.200,0.016,369331,170,0,21624,21624,0,0,0,176218472,0,173862062,0,0.000000,0.000000,0.000000,21958,52348,131.63,0,0,0,0,SUCCESS,0,0,warm20,,,,,1,0,24210,208,,,used,,,,20260917-1855
2026-09-17 19:37:00,Pre-HAUSPM,SIGN,3,0,0.003000,0.200,0.016,393230,182,0,21351,21352,0,0,0,169314751,0,167146636,0,0.000000,0.000000,0.000000,21796,50485,204.19,0,0,0,0,SUCCESS,0,0,warm20,,,,,1,0,23899,222,,,used,,,,20260917-1855
2026-09-17 19:37:22,Pre-HAUSPM,SIGN,4,0,0.003000,0.200,0.016,428453,194,0,21924,21924,0,0,0,170832772,0,168749391,0,0.000000,0.000000,0.000000,20113,47452,155.21,0,0,0,0,SUCCESS,0,0,warm20,,,,,1,0,35223,237,,,used,,,,20260917-1855
2026-09-17 19:37:46,Pre-HAUSPM,SIGN,5,0,0.003000,0.200,0.016,456476,206,0,24180,24180,0,0,0,187143471,0,184912832,0,0.000000,0.000000,0.000000,18895,43856,504.88,0,0,0,0,SUCCESS,0,0,warm20,,,,,1,0,28023,258,,,used,,,,20260917-1855
2026-09-17 19:38:10,Pre-HAUSPM,SIGN,6,0,0.003000,0.200,0.016,480433,218,0,23593,23593,0,0,0,178479034,0,176421826,0,0.000000,0.000000,0.000000,18295,41804,421.80,0,0,0,0,SUCCESS,0,0,warm20,,,,,1,0,23957,275,,,used,,,,20260917-1855
2026-09-17 19:38:34,Pre-HAUSPM,SIGN,7,0,0.003000,0.200,0.016,507190,230,0,24180,24180,0,0,0,177807932,0,175834119,0,0.000000,0.000000,0.000000,18586,42577,666.74,0,0,0,0,SUCCESS,0,0,warm20,,,,,1,0,26757,289,,,used,,,,20260917-1855
2026-09-17 19:39:02,Pre-HAUSPM,SIGN,8,0,0.003000,0.200,0.016,536314,242,0,27301,27301,0,0,0,193174738,0,191106733,0,0.000000,0.000000,0.000000,20004,45870,197.34,0,0,0,0,SUCCESS,0,0,warm20,,,,,1,0,29124,305,,,used,,,,20260917-1855
2026-09-17 19:39:28,Pre-HAUSPM,SIGN,9,0,0.003000,0.200,0.016,556990,254,0,26458,26459,0,0,0,184787353,0,182855941,0,0.000000,0.000000,0.000000,18960,43382,467.25,0,0,0,0,SUCCESS,0,0,warm20,,,,,1,0,20676,323,,,used,,,,20260917-1855
2026-09-17 19:39:57,Pre-HAUSPM,SIGN,10,0,0.003000,0.200,0.016,587283,266,0,28271,28271,0,0,0,195235168,0,193267539,0,0.000000,0.000000,0.000000,18422,42182,560.97,0,0,0,0,SUCCESS,0,0,warm20,,,,,1,0,30293,335,,,used,,,,20260917-1855
2026-09-17 19:40:25,Pre-HAUSPM,SIGN,11,0,0.003000,0.200,0.016,613134,278,0,28359,28360,0,0,0,192310379,0,190412716,0,0.000000,0.000000,0.000000,18187,41362,238.18,0,0,0,0,SUCCESS,0,0,warm20,,,,,1,0,25851,353,,,used,,,,20260917-1855
2026-09-17 19:40:52,Pre-HAUSPM,SIGN,12,0,0.003000,0.200,0.016,639272,290,0,26855,26856,0,0,0,179745467,0,178009236,0,0.000000,0.000000,0.000000,17307,38871,473.99,0,0,0,0,SUCCESS,0,0,warm20,,,,,1,0,26138,369,,,used,,,,20260917-1855
2026-09-17 19:41:19,Pre-HAUSPM,SIGN,13,0,0.003000,0.200,0.016,661807,302,0,26869,26870,0,0,0,176929800,0,175246893,0,0.000000,0.000000,0.000000,16997,37896,341.64,0,0,0,0,SUCCESS,0,0,warm20,,,,,1,0,22535,385,,,used,,,,20260917-1855
2026-09-17 19:41:46,Pre-HAUSPM,SIGN,14,0,0.003000,0.200,0.016,682126,314,0,26253,26253,0,0,0,170563672,0,168961584,0,0.000000,0.000000,0.000000,16420,36556,240.66,0,0,0,0,SUCCESS,0,0,warm20,,,,,1,0,20319,398,,,used,,,,20260917-1855
2026-09-17 19:42:13,Pre-HAUSPM,SIGN,15,0,0.003000,0.200,0.016,707653,326,0,26943,26943,0,0,0,171235839,0,169649762,0,0.000000,0.000000,0.000000,16464,36776,355.66,0,0,0,0,SUCCESS,0,0,warm20,,,,,1,0,25527,411,,,used,,,,20260917-1855
2026-09-17 19:42:39,Pre-HAUSPM,SIGN,16,0,0.003000,0.200,0.016,730705,338,0,26294,26294,0,0,0,164766132,0,163259521,0,0.000000,0.000000,0.000000,15828,35283,549.98,0,0,0,0,SUCCESS,0,0,warm20,,,,,1,0,23052,426,,,used,,,,20260917-1855
2026-09-17 19:43:06,Pre-HAUSPM,SIGN,17,0,0.003000,0.200,0.016,756980,350,0,26832,26832,0,0,0,164073201,0,162594948,0,0.000000,0.000000,0.000000,16743,37423,178.08,0,0,0,0,SUCCESS,0,0,warm20,,,,,1,0,26275,440,,,used,,,,20260917-1855
2026-09-17 19:43:33,Pre-HAUSPM,SIGN,18,0,0.003000,0.200,0.016,777786,362,0,26677,26677,0,0,0,160438957,0,159008151,0,0.000000,0.000000,0.000000,16692,37287,373.54,0,0,0,0,SUCCESS,0,0,warm20,,,,,1,0,20806,456,,,used,,,,20260917-1855
2026-09-17 19:44:00,Pre-HAUSPM,SIGN,19,0,0.003000,0.200,0.016,803248,374,0,27135,27135,0,0,0,160357570,0,158949074,0,0.000000,0.000000,0.000000,16821,37555,281.41,0,0,0,0,SUCCESS,0,0,warm20,,,,,1,0,25462,468,,,used,,,,20260917-1855
2026-09-17 19:44:28,Pre-HAUSPM,SIGN,20,0,0.003000,0.200,0.016,828605,386,0,27300,27300,0,0,0,158922308,0,157540184,0,0.000000,0.000000,0.000000,16796,37699,221.13,0,0,0,0,SUCCESS,0,0,warm20,,,,,1,0,25357,483,,,used,,,,20260917-1855
2026-09-17 19:44:56,Pre-HAUSPM,SIGN,21,0,0.003000,0.200,0.016,851890,398,0,27471,27471,0,0,0,158095627,0,156737995,0,0.000000,0.000000,0.000000,17093,38284,169.32,0,0,0,0,SUCCESS,0,0,warm20,,,,,1,0,23285,499,,,used,,,,20260917-1855
2026-09-17 19:45:23,Pre-HAUSPM,SIGN,22,0,0.003000,0.200,0.016,884460,410,0,27663,27663,0,0,0,157385557,0,156052136,0,0.000000,0.000000,0.000000,16490,36978,573.21,0,0,0,0,SUCCESS,0,0,warm20,,,,,1,0,32570,513,,,used,,,,20260917-1855
2026-09-17 19:45:51,Pre-HAUSPM,SIGN,23,0,0.003000,0.200,0.016,916886,422,0,27304,27304,0,0,0,152787167,0,151508695,0,0.000000,0.000000,0.000000,15488,34847,352.23,0,0,0,0,SUCCESS,0,0,warm20,,,,,1,0,32426,532,,,used,,,,20260917-1855
2026-09-17 19:46:18,Pre-HAUSPM,SIGN,24,0,0.003000,0.200,0.016,947537,434,0,26724,26724,0,0,0,148750779,0,147519206,0,0.000000,0.000000,0.000000,14733,33154,394.14,0,0,0,0,SUCCESS,0,0,warm20,,,,,1,0,30651,552,,,used,,,,20260917-1855
2026-09-17 19:46:44,Pre-HAUSPM,SIGN,25,0,0.003000,0.200,0.016,967022,446,0,26330,26331,0,0,0,145183073,0,143989438,0,0.000000,0.000000,0.000000,14609,32624,144.33,0,0,0,0,SUCCESS,0,0,warm20,,,,,1,0,19485,570,,,used,,,,20260917-1855
2026-09-17 19:47:11,Pre-HAUSPM,SIGN,26,0,0.003000,0.200,0.016,990505,458,0,26463,26463,0,0,0,144428401,0,143250838,0,0.000000,0.000000,0.000000,14363,32026,66.30,0,0,0,0,SUCCESS,0,0,warm20,,,,,1,0,23483,582,,,used,,,,20260917-1855
2026-09-17 19:47:37,Pre-HAUSPM,SIGN,27,0,0.003000,0.200,0.016,1016244,470,0,26175,26175,0,0,0,141524229,0,140381544,0,0.000000,0.000000,0.000000,13905,30965,275.15,0,0,0,0,SUCCESS,0,0,warm20,,,,,1,0,25739,596,,,used,,,,20260917-1855
2026-09-17 19:48:03,Pre-HAUSPM,SIGN,28,0,0.003000,0.200,0.016,1047408,482,0,26132,26132,0,0,0,140359358,0,139239449,0,0.000000,0.000000,0.000000,13478,29927,99.91,0,0,0,0,SUCCESS,0,0,warm20,,,,,1,0,31164,612,,,used,,,,20260917-1855
2026-09-17 19:48:30,Pre-HAUSPM,SIGN,29,0,0.003000,0.200,0.016,1079371,494,0,26011,26012,0,0,0,138164884,0,137071456,0,0.000000,0.000000,0.000000,13241,29610,372.20,0,0,0,0,SUCCESS,0,0,warm20,,,,,1,0,31963,630,,,used,,,,20260917-1855
2026-09-17 19:48:56,Pre-HAUSPM,SIGN,30,0,0.003000,0.200,0.016,1110602,506,0,25922,25922,0,0,0,136605777,0,135532593,0,0.000000,0.000000,0.000000,13007,29076,380.12,0,0,0,0,SUCCESS,0,0,warm20,,,,,1,0,31231,650,,,used,,,,20260917-1855
2026-09-17 19:49:22,Pre-HAUSPM,SIGN,31,0,0.003000,0.200,0.016,1139446,518,0,25925,25925,0,0,0,135648178,0,134596099,0,0.000000,0.000000,0.000000,12846,28682,156.10,0,0,0,0,SUCCESS,0,0,warm20,,,,,1,0,28844,668,,,used,,,,20260917-1855
2026-09-17 19:49:48,Pre-HAUSPM,SIGN,32,0,0.003000,0.200,0.016,1169601,530,0,25996,25996,0,0,0,134595691,0,133565833,0,0.000000,0.000000,0.000000,12622,28248,436.71,0,0,0,0,SUCCESS,0,0,warm20,,,,,1,0,30155,686,,,used,,,,20260917-1855
2026-09-17 19:50:14,Pre-HAUSPM,SIGN,33,0,0.003000,0.200,0.016,1194955,542,0,25812,25812,0,0,0,132361068,0,131354867,0,0.000000,0.000000,0.000000,12294,27511,532.09,0,0,0,0,SUCCESS,0,0,warm20,,,,,1,0,25354,704,,,used,,,,20260917-1855
2026-09-17 19:50:40,Pre-HAUSPM,SIGN,34,0,0.003000,0.200,0.016,1225092,554,0,25867,25867,0,0,0,131589149,0,130598018,0,0.000000,0.000000,0.000000,12117,27150,72.10,0,0,0,0,SUCCESS,0,0,warm20,,,,,1,0,30137,719,,,used,,,,20260917-1855
2026-09-17 19:51:08,Pre-HAUSPM,SIGN,35,0,0.003000,0.200,0.016,1265597,566,0,27504,27504,0,0,0,140243450,0,139207881,0,0.000000,0.000000,0.000000,12584,28378,319.39,0,0,0,0,SUCCESS,0,0,warm20,,,,,1,0,40505,737,,,used,,,,20260917-1855
2026-09-17 19:51:36,Pre-HAUSPM,SIGN,36,0,0.003000,0.200,0.016,1300784,578,0,28592,28592,0,0,0,144533017,0,143473202,0,0.000000,0.000000,0.000000,12940,29007,345.48,0,0,0,0,SUCCESS,0,0,warm20,,,,,1,0,35187,762,,,used,,,,20260917-1855
2026-09-17 19:52:05,Pre-HAUSPM,SIGN,37,0,0.003000,0.200,0.016,1330102,590,0,28902,28903,0,0,0,144757249,0,143704650,0,0.000000,0.000000,0.000000,12801,28723,346.27,0,0,0,0,SUCCESS,0,0,warm20,,,,,1,0,29318,783,,,used,,,,20260917-1855
2026-09-17 19:52:34,Pre-HAUSPM,SIGN,38,0,0.003000,0.200,0.016,1352225,602,0,28479,28479,0,0,0,141639923,0,140615109,0,0.000000,0.000000,0.000000,12469,27972,257.66,0,0,0,0,SUCCESS,0,0,warm20,,,,,1,0,22123,800,,,used,,,,20260917-1855
2026-09-17 19:53:03,Pre-HAUSPM,SIGN,39,0,0.003000,0.200,0.016,1378844,614,0,28809,28809,0,0,0,141639414,0,140620092,0,0.000000,0.000000,0.000000,12541,28068,347.19,0,0,0,0,SUCCESS,0,0,warm20,,,,,1,0,26619,814,,,used,,,,20260917-1855
2026-09-17 19:53:32,Pre-HAUSPM,SIGN,40,0,0.003000,0.200,0.016,1404925,626,0,28564,28564,0,0,0,139542030,0,138545957,0,0.000000,0.000000,0.000000,12159,27255,388.97,0,0,0,0,SUCCESS,0,0,warm20,,,,,1,0,26081,830,,,used,,,,20260917-1855
2026-09-17 19:54:01,Pre-HAUSPM,SIGN,41,0,0.003000,0.200,0.016,1430972,638,0,28966,28966,0,0,0,139699716,0,138705051,0,0.000000,0.000000,0.000000,12165,27327,412.12,0,0,0,0,SUCCESS,0,0,warm20,,,,,1,0,26047,845,,,used,,,,20260917-1855
2026-09-17 19:54:31,Pre-HAUSPM,SIGN,42,0,0.003000,0.200,0.016,1466019,650,0,29596,29596,0,0,0,140995861,0,139996989,0,0.000000,0.000000,0.000000,12206,27385,370.68,0,0,0,0,SUCCESS,0,0,warm20,,,,,1,0,35047,861,,,used,,,,20260917-1855
2026-09-17 19:55:00,Pre-HAUSPM,SIGN,43,0,0.003000,0.200,0.016,1489446,662,0,29462,29462,0,0,0,139253336,0,138272051,0,0.000000,0.000000,0.000000,12092,27034,71.26,0,0,0,0,SUCCESS,0,0,warm20,,,,,1,0,23427,882,,,used,,,,20260917-1855
2026-09-17 19:55:31,Pre-HAUSPM,SIGN,44,0,0.003000,0.200,0.016,1520720,674,0,30342,30342,0,0,0,141768005,0,140777235,0,0.000000,0.000000,0.000000,12357,27546,248.18,0,0,0,0,SUCCESS,0,0,warm20,,,,,1,0,31274,896,,,used,,,,20260917-1855
2026-09-17 19:56:02,Pre-HAUSPM,SIGN,45,0,0.003000,0.200,0.016,1553182,686,0,31177,31177,0,0,0,144026977,0,143026814,0,0.000000,0.000000,0.000000,12724,28371,361.52,0,0,0,0,SUCCESS,0,0,warm20,,,,,1,0,32462,915,,,used,,,,20260917-1855
2026-09-17 19:56:35,Pre-HAUSPM,SIGN,46,0,0.003000,0.200,0.016,1586819,698,0,32447,32447,0,0,0,148282579,0,147262089,0,0.000000,0.000000,0.000000,12860,28708,203.35,0,0,0,0,SUCCESS,0,0,warm20,,,,,1,0,33637,935,,,used,,,,20260917-1855
2026-09-17 19:57:08,Pre-HAUSPM,SIGN,47,0,0.003000,0.200,0.016,1616945,710,0,33485,33485,0,0,0,151812047,0,150774293,0,0.000000,0.000000,0.000000,12890,29038,196.45,0,0,0,0,SUCCESS,0,0,warm20,,,,,1,0,30126,955,,,used,,,,20260917-1855
2026-09-17 19:57:42,Pre-HAUSPM,SIGN,48,0,0.003000,0.200,0.016,1649145,722,0,33994,33994,0,0,0,153385586,0,152346864,0,0.000000,0.000000,0.000000,12904,29021,473.50,0,0,0,0,SUCCESS,0,0,warm20,,,,,1,0,32200,973,,,used,,,,20260917-1855
2026-09-17 19:58:17,Pre-HAUSPM,SIGN,49,0,0.003000,0.200,0.016,1668652,730,0,33866,33866,0,0,0,152049944,0,151023735,0,0.000000,0.000000,0.000000,12666,28413,178.17,0,0,0,0,SUCCESS,0,0,warm20,,,,,1,0,19507,992,,,used,,,,20260917-1855
2026-09-17 19:58:39,Pre-HAUSPM,SIGN,0,1,0.003000,0.200,0.200,319686,146,10,22237,22248,0,0,0,192985412,0,190160260,0,0.000000,0.000000,0.000000,23387,58493,144.29,0,0,0,0,SUCCESS,0,0,warm20,,,,,1,0,319686,0,,,used,,,,20260917-1855
2026-09-17 19:59:02,Pre-HAUSPM,SIGN,1,1,0.003000,0.200,0.016,345121,158,0,22026,22026,0,0,0,185430875,0,182854764,0,0.000000,0.000000,0.000000,23125,56725,657.81,0,0,0,0,SUCCESS,0,0,warm20,,,,,1,0,25435,192,,,used,,,,20260917-1855
2026-09-17 19:59:23,Pre-HAUSPM,SIGN,2,1,0.003000,0.200,0.016,369331,170,0,21583,21583,0,0,0,176218472,0,173862062,0,0.000000,0.000000,0.000000,21958,52348,179.42,0,0,0,0,SUCCESS,0,0,warm20,,,,,1,0,24210,208,,,used,,,,20260917-1855
2026-09-17 19:59:45,Pre-HAUSPM,SIGN,3,1,0.003000,0.200,0.016,393230,182,0,21317,21317,0,0,0,169314751,0,167146636,0,0.000000,0.000000,0.000000,21796,50485,299.64,0,0,0,0,SUCCESS,0,0,warm20,,,,,1,0,23899,222,,,used,,,,20260917-1855
2026-09-17 20:00:07,Pre-HAUSPM,SIGN,4,1,0.003000,0.200,0.016,428453,194,0,21874,21874,0,0,0,170832772,0,168749391,0,0.000000,0.000000,0.000000,20113,47452,330.84,0,0,0,0,SUCCESS,0,0,warm20,,,,,1,0,35223,237,,,used,,,,20260917-1855
2026-09-17 20:00:31,Pre-HAUSPM,SIGN,5,1,0.003000,0.200,0.016,456476,206,0,24142,24142,0,0,0,187143471,0,184912832,0,0.000000,0.000000,0.000000,18895,43856,440.49,0,0,0,0,SUCCESS,0,0,warm20,,,,,1,0,28023,258,,,used,,,,20260917-1855
2026-09-17 20:00:55,Pre-HAUSPM,SIGN,6,1,0.003000,0.200,0.016,480433,218,0,23574,23574,0,0,0,178479034,0,176421826,0,0.000000,0.000000,0.000000,18295,41804,581.49,0,0,0,0,SUCCESS,0,0,warm20,,,,,1,0,23957,275,,,used,,,,20260917-1855
2026-09-17 20:01:19,Pre-HAUSPM,SIGN,7,1,0.003000,0.200,0.016,507190,230,0,24168,24169,0,0,0,177807932,0,175834119,0,0.000000,0.000000,0.000000,18586,42577,418.50,0,0,0,0,SUCCESS,0,0,warm20,,,,,1,0,26757,289,,,used,,,,20260917-1855
2026-09-17 20:01:47,Pre-HAUSPM,SIGN,8,1,0.003000,0.200,0.016,536314,242,0,27301,27302,0,0,0,193174738,0,191106733,0,0.000000,0.000000,0.000000,20004,45870,325.47,0,0,0,0,SUCCESS,0,0,warm20,,,,,1,0,29124,305,,,used,,,,20260917-1855
2026-09-17 20:02:13,Pre-HAUSPM,SIGN,9,1,0.003000,0.200,0.016,556990,254,0,26473,26473,0,0,0,184787353,0,182855941,0,0.000000,0.000000,0.000000,18960,43382,419.73,0,0,0,0,SUCCESS,0,0,warm20,,,,,1,0,20676,323,,,used,,,,20260917-1855
2026-09-17 20:02:42,Pre-HAUSPM,SIGN,10,1,0.003000,0.200,0.016,587283,266,0,28286,28286,0,0,0,195235168,0,193267539,0,0.000000,0.000000,0.000000,18422,42182,225.32,0,0,0,0,SUCCESS,0,0,warm20,,,,,1,0,30293,335,,,used,,,,20260917-1855
2026-09-17 20:03:10,Pre-HAUSPM,SIGN,11,1,0.003000,0.200,0.016,613134,278,0,28390,28390,0,0,0,192310379,0,190412716,0,0.000000,0.000000,0.000000,18187,41362,526.33,0,0,0,0,SUCCESS,0,0,warm20,,,,,1,0,25851,353,,,used,,,,20260917-1855
2026-09-17 20:03:37,Pre-HAUSPM,SIGN,12,1,0.003000,0.200,0.016,639272,290,0,26892,26892,0,0,0,179745467,0,178009236,0,0.000000,0.000000,0.000000,17307,38871,602.52,0,0,0,0,SUCCESS,0,0,warm20,,,,,1,0,26138,369,,,used,,,,20260917-1855
2026-09-17 20:04:04,Pre-HAUSPM,SIGN,13,1,0.003000,0.200,0.016,661807,302,0,26903,26903,0,0,0,176929800,0,175246893,0,0.000000,0.000000,0.000000,16997,37896,262.12,0,0,0,0,SUCCESS,0,0,warm20,,,,,1,0,22535,385,,,used,,,,20260917-1855
2026-09-17 20:04:31,Pre-HAUSPM,SIGN,14,1,0.003000,0.200,0.016,682126,314,0,26296,26296,0,0,0,170563672,0,168961584,0,0.000000,0.000000,0.000000,16420,36556,289.11,0,0,0,0,SUCCESS,0,0,warm20,,,,,1,0,20319,398,,,used,,,,20260917-1855
2026-09-17 20:04:58,Pre-HAUSPM,SIGN,15,1,0.003000,0.200,0.016,707653,326,0,26994,26995,0,0,0,171235839,0,169649762,0,0.000000,0.000000,0.000000,16464,36776,548.12,0,0,0,0,SUCCESS,0,0,warm20,,,,,1,0,25527,411,,,used,,,,20260917-1855
2026-09-17 20:05:24,Pre-HAUSPM,SIGN,16,1,0.003000,0.200,0.016,730705,338,0,26352,26352,0,0,0,164766132,0,163259521,0,0.000000,0.000000,0.000000,15828,35283,422.57,0,0,0,0,SUCCESS,0,0,warm20,,,,,1,0,23052,426,,,used,,,,20260917-1855
2026-09-17 20:05:52,Pre-HAUSPM,SIGN,17,1,0.003000,0.200,0.016,756980,350,0,26895,26896,0,0,0,164073201,0,162594948,0,0.000000,0.000000,0.000000,16743,37423,418.35,0,0,0,0,SUCCESS,0,0,warm20,,,,,1,0,26275,440,,,used,,,,20260917-1855
2026-09-17 20:06:18,Pre-HAUSPM,SIGN,18,1,0.003000,0.200,0.016,777786,362,0,26745,26745,0,0,0,160438957,0,159008151,0,0.000000,0.000000,0.000000,16692,37287,342.18,0,0,0,0,SUCCESS,0,0,warm20,,,,,1,0,20806,456,,,used,,,,20260917-1855
2026-09-17 20:06:46,Pre-HAUSPM,SIGN,19,1,0.003000,0.200,0.016,803248,374,0,27210,27210,0,0,0,160357570,0,158949074,0,0.000000,0.000000,0.000000,16821,37555,410.48,0,0,0,0,SUCCESS,0,0,warm20,,,,,1,0,25462,468,,,used,,,,20260917-1855
2026-09-17 20:07:13,Pre-HAUSPM,SIGN,20,1,0.003000,0.200,0.016,828605,386,0,27298,27298,0,0,0,158922308,0,157540184,0,0.000000,0.000000,0.000000,16796,37699,478.32,0,0,0,0,SUCCESS,0,0,warm20,,,,,1,0,25357,483,,,used,,,,20260917-1855
2026-09-17 20:07:41,Pre-HAUSPM,SIGN,21,1,0.003000,0.200,0.016,851890,398,0,27563,27563,0,0,0,158095627,0,156737995,0,0.000000,0.000000,0.000000,17093,38284,530.63,0,0,0,0,SUCCESS,0,0,warm20,,,,,1,0,23285,499,,,used,,,,20260917-1855
2026-09-17 20:08:09,Pre-HAUSPM,SIGN,22,1,0.003000,0.200,0.016,884460,410,0,27756,27756,0,0,0,157385557,0,156052136,0,0.000000,0.000000,0.000000,16490,36978,190.56,0,0,0,0,SUCCESS,0,0,warm20,,,,,1,0,32570,513,,,used,,,,20260917-1855
2026-09-17 20:08:36,Pre-HAUSPM,SIGN,23,1,0.003000,0.200,0.016,916886,422,0,27290,27290,0,0,0,152787167,0,151508695,0,0.000000,0.000000,0.000000,15488,34847,361.63,0,0,0,0,SUCCESS,0,0,warm20,,,,,1,0,32426,532,,,used,,,,20260917-1855
2026-09-17 20:09:03,Pre-HAUSPM,SIGN,24,1,0.003000,0.200,0.016,947537,434,0,26829,26829,0,0,0,148750779,0,147519206,0,0.000000,0.000000,0.000000,14733,33154,321.52,0,0,0,0,SUCCESS,0,0,warm20,,,,,1,0,30651,552,,,used,,,,20260917-1855
2026-09-17 20:09:30,Pre-HAUSPM,SIGN,25,1,0.003000,0.200,0.016,967022,446,0,26459,26459,0,0,0,145183073,0,143989438,0,0.000000,0.000000,0.000000,14609,32624,306.57,0,0,0,0,SUCCESS,0,0,warm20,,,,,1,0,19485,570,,,used,,,,20260917-1855
2026-09-17 20:09:57,Pre-HAUSPM,SIGN,26,1,0.003000,0.200,0.016,990505,458,0,26598,26598,0,0,0,144428401,0,143250838,0,0.000000,0.000000,0.000000,14363,32026,372.81,0,0,0,0,SUCCESS,0,0,warm20,,,,,1,0,23483,582,,,used,,,,20260917-1855
2026-09-17 20:10:23,Pre-HAUSPM,SIGN,27,1,0.003000,0.200,0.016,1016244,470,0,26323,26323,0,0,0,141524229,0,140381544,0,0.000000,0.000000,0.000000,13905,30965,438.22,0,0,0,0,SUCCESS,0,0,warm20,,,,,1,0,25739,596,,,used,,,,20260917-1855
2026-09-17 20:10:50,Pre-HAUSPM,SIGN,28,1,0.003000,0.200,0.016,1047408,482,0,26270,26270,0,0,0,140359358,0,139239449,0,0.000000,0.000000,0.000000,13478,29927,407.24,0,0,0,0,SUCCESS,0,0,warm20,,,,,1,0,31164,612,,,used,,,,20260917-1855
2026-09-17 20:11:16,Pre-HAUSPM,SIGN,29,1,0.003000,0.200,0.016,1079371,494,0,26154,26154,0,0,0,138164884,0,137071456,0,0.000000,0.000000,0.000000,13241,29610,247.92,0,0,0,0,SUCCESS,0,0,warm20,,,,,1,0,31963,630,,,used,,,,20260917-1855
2026-09-17 20:11:42,Pre-HAUSPM,SIGN,30,1,0.003000,0.200,0.016,1110602,506,0,26063,26063,0,0,0,136605777,0,135532593,0,0.000000,0.000000,0.000000,13007,29076,401.25,0,0,0,0,SUCCESS,0,0,warm20,,,,,1,0,31231,650,,,used,,,,20260917-1855
2026-09-17 20:12:08,Pre-HAUSPM,SIGN,31,1,0.003000,0.200,0.016,1139446,518,0,26061,26061,0,0,0,135648178,0,134596099,0,0.000000,0.000000,0.000000,12846,28682,273.54,0,0,0,0,SUCCESS,0,0,warm20,,,,,1,0,28844,668,,,used,,,,20260917-1855
2026-09-17 20:12:35,Pre-HAUSPM,SIGN,32,1,0.003000,0.200,0.016,1169601,530,0,26148,26148,0,0,0,134595691,0,133565833,0,0.000000,0.000000,0.000000,12622,28248,504.67,0,0,0,0,SUCCESS,0,0,warm20,,,,,1,0,30155,686,,,used,,,,20260917-1855
2026-09-17 20:13:01,Pre-HAUSPM,SIGN,33,1,0.003000,0.200,0.016,1194955,542,0,25958,25958,0,0,0,132361068,0,131354867,0,0.000000,0.000000,0.000000,12294,27511,471.80,0,0,0,0,SUCCESS,0,0,warm20,,,,,1,0,25354,704,,,used,,,,20260917-1855
2026-09-17 20:13:27,Pre-HAUSPM,SIGN,34,1,0.003000,0.200,0.016,1225092,554,0,26033,26033,0,0,0,131589149,0,130598018,0,0.000000,0.000000,0.000000,12117,27150,277.18,0,0,0,0,SUCCESS,0,0,warm20,,,,,1,0,30137,719,,,used,,,,20260917-1855
2026-09-17 20:13:55,Pre-HAUSPM,SIGN,35,1,0.003000,0.200,0.016,1265597,566,0,27683,27683,0,0,0,140243450,0,139207881,0,0.000000,0.000000,0.000000,12584,28378,325.87,0,0,0,0,SUCCESS,0,0,warm20,,,,,1,0,40505,737,,,used,,,,20260917-1855
2026-09-17 20:14:24,Pre-HAUSPM,SIGN,36,1,0.003000,0.200,0.016,1300784,578,0,28774,28774,0,0,0,144533017,0,143473202,0,0.000000,0.000000,0.000000,12940,29007,163.95,0,0,0,0,SUCCESS,0,0,warm20,,,,,1,0,35187,762,,,used,,,,20260917-1855
2026-09-17 20:14:53,Pre-HAUSPM,SIGN,37,1,0.003000,0.200,0.016,1330102,590,0,29090,29090,0,0,0,144757249,0,143704650,0,0.000000,0.000000,0.000000,12801,28723,324.96,0,0,0,0,SUCCESS,0,0,warm20,,,,,1,0,29318,783,,,used,,,,20260917-1855
2026-09-17 20:15:22,Pre-HAUSPM,SIGN,38,1,0.003000,0.200,0.016,1352225,602,0,28667,28667,0,0,0,141639923,0,140615109,0,0.000000,0.000000,0.000000,12469,27972,207.15,0,0,0,0,SUCCESS,0,0,warm20,,,,,1,0,22123,800,,,used,,,,20260917-1855
2026-09-17 20:15:51,Pre-HAUSPM,SIGN,39,1,0.003000,0.200,0.016,1378844,614,0,29008,29008,0,0,0,141639414,0,140620092,0,0.000000,0.000000,0.000000,12541,28068,262.47,0,0,0,0,SUCCESS,0,0,warm20,,,,,1,0,26619,814,,,used,,,,20260917-1855
2026-09-17 20:16:20,Pre-HAUSPM,SIGN,40,1,0.003000,0.200,0.016,1404925,626,0,28770,28770,0,0,0,139542030,0,138545957,0,0.000000,0.000000,0.000000,12159,27255,144.40,0,0,0,0,SUCCESS,0,0,warm20,,,,,1,0,26081,830,,,used,,,,20260917-1855
2026-09-17 20:16:49,Pre-HAUSPM,SIGN,41,1,0.003000,0.200,0.016,1430972,638,0,29171,29171,0,0,0,139699716,0,138705051,0,0.000000,0.000000,0.000000,12165,27327,359.08,0,0,0,0,SUCCESS,0,0,warm20,,,,,1,0,26047,845,,,used,,,,20260917-1855
2026-09-17 20:17:19,Pre-HAUSPM,SIGN,42,1,0.003000,0.200,0.016,1466019,650,0,29803,29803,0,0,0,140995861,0,139996989,0,0.000000,0.000000,0.000000,12206,27385,337.32,0,0,0,0,SUCCESS,0,0,warm20,,,,,1,0,35047,861,,,used,,,,20260917-1855
2026-09-17 20:17:49,Pre-HAUSPM,SIGN,43,1,0.003000,0.200,0.016,1489446,662,0,29673,29674,0,0,0,139253336,0,138272051,0,0.000000,0.000000,0.000000,12092,27034,354.09,0,0,0,0,SUCCESS,0,0,warm20,,,,,1,0,23427,882,,,used,,,,20260917-1855
2026-09-17 20:18:20,Pre-HAUSPM,SIGN,44,1,0.003000,0.200,0.016,1520720,674,0,30569,30569,0,0,0,141768005,0,140777235,0,0.000000,0.000000,0.000000,12357,27546,147.45,0,0,0,0,SUCCESS,0,0,warm20,,,,,1,0,31274,896,,,used,,,,20260917-1855
2026-09-17 20:18:52,Pre-HAUSPM,SIGN,45,1,0.003000,0.200,0.016,1553182,686,0,31418,31418,0,0,0,144026977,0,143026814,0,0.000000,0.000000,0.000000,12724,28371,293.16,0,0,0,0,SUCCESS,0,0,warm20,,,,,1,0,32462,915,,,used,,,,20260917-1855
2026-09-17 20:19:24,Pre-HAUSPM,SIGN,46,1,0.003000,0.200,0.016,1586819,698,0,32679,32679,0,0,0,148282579,0,147262089,0,0.000000,0.000000,0.000000,12860,28708,343.55,0,0,0,0,SUCCESS,0,0,warm20,,,,,1,0,33637,935,,,used,,,,20260917-1855
2026-09-17 20:19:58,Pre-HAUSPM,SIGN,47,1,0.003000,0.200,0.016,1616945,710,0,33739,33739,0,0,0,151812047,0,150774293,0,0.000000,0.000000,0.000000,12890,29038,356.00,0,0,0,0,SUCCESS,0,0,warm20,,,,,1,0,30126,955,,,used,,,,20260917-1855
2026-09-17 20:20:33,Pre-HAUSPM,SIGN,48,1,0.003000,0.200,0.016,1649145,722,0,34254,34254,0,0,0,153385586,0,152346864,0,0.000000,0.000000,0.000000,12904,29021,374.73,0,0,0,0,SUCCESS,0,0,warm20,,,,,1,0,32200,973,,,used,,,,20260917-1855
2026-09-17 20:21:07,Pre-HAUSPM,SIGN,49,1,0.003000,0.200,0.016,1668652,730,0,34125,34126,0,0,0,152049944,0,151023735,0,0.000000,0.000000,0.000000,12666,28413,447.92,0,0,0,0,SUCCESS,0,0,warm20,,,,,1,0,19507,992,,,used,,,,20260917-1855
2026-09-17 20:21:30,Pre-HAUSPM,SIGN,0,2,0.003000,0.200,0.200,319686,146,0,22165,22165,0,0,0,192985412,0,190160260,0,0.000000,0.000000,0.000000,23387,58493,159.43,0,0,0,0,SUCCESS,0,0,warm20,,,,,1,0,319686,0,,,used,,,,20260917-1855
2026-09-17 20:21:52,Pre-HAUSPM,SIGN,1,2,0.003000,0.200,0.016,345121,158,0,22017,22017,0,0,0,185430875,0,182854764,0,0.000000,0.000000,0.000000,23125,56725,674.03,0,0,0,0,SUCCESS,0,0,warm20,,,,,1,0,25435,192,,,used,,,,20260917-1855
2026-09-17 20:22:14,Pre-HAUSPM,SIGN,2,2,0.003000,0.200,0.016,369331,170,0,21553,21553,0,0,0,176218472,0,173862062,0,0.000000,0.000000,0.000000,21958,52348,619.46,0,0,0,0,SUCCESS,0,0,warm20,,,,,1,0,24210,208,,,used,,,,20260917-1855
2026-09-17 20:22:35,Pre-HAUSPM,SIGN,3,2,0.003000,0.200,0.016,393230,182,0,21295,21295,0,0,0,169314751,0,167146636,0,0.000000,0.000000,0.000000,21796,50485,691.82,0,0,0,0,SUCCESS,0,0,warm20,,,,,1,0,23899,222,,,used,,,,20260917-1855
2026-09-17 20:22:57,Pre-HAUSPM,SIGN,4,2,0.003000,0.200,0.016,428453,194,0,21876,21876,0,0,0,170832772,0,168749391,0,0.000000,0.000000,0.000000,20113,47452,642.85,0,0,0,0,SUCCESS,0,0,warm20,,,,,1,0,35223,237,,,used,,,,20260917-1855
2026-09-17 20:23:21,Pre-HAUSPM,SIGN,5,2,0.003000,0.200,0.016,456476,206,0,24106,24106,0,0,0,187143471,0,184912832,0,0.000000,0.000000,0.000000,18895,43856,376.93,0,0,0,0,SUCCESS,0,0,warm20,,,,,1,0,28023,258,,,used,,,,20260917-1855
2026-09-17 20:23:45,Pre-HAUSPM,SIGN,6,2,0.003000,0.200,0.016,480433,218,0,23573,23573,0,0,0,178479034,0,176421826,0,0.000000,0.000000,0.000000,18295,41804,285.47,0,0,0,0,SUCCESS,0,0,warm20,,,,,1,0,23957,275,,,used,,,,20260917-1855
2026-09-17 20:24:09,Pre-HAUSPM,SIGN,7,2,0.003000,0.200,0.016,507190,230,0,24177,24177,0,0,0,177807932,0,175834119,0,0.000000,0.000000,0.000000,18586,42577,530.32,0,0,0,0,SUCCESS,0,0,warm20,,,,,1,0,26757,289,,,used,,,,20260917-1855
2026-09-17 20:24:37,Pre-HAUSPM,SIGN,8,2,0.003000,0.200,0.016,536314,242,0,27312,27312,0,0,0,193174738,0,191106733,0,0.000000,0.000000,0.000000,20004,45870,300.89,0,0,0,0,SUCCESS,0,0,warm20,,,,,1,0,29124,305,,,used,,,,20260917-1855
2026-09-17 20:25:04,Pre-HAUSPM,SIGN,9,2,0.003000,0.200,0.016,556990,254,0,26478,26478,0,0,0,184787353,0,182855941,0,0.000000,0.000000,0.000000,18960,43382,554.87,0,0,0,0,SUCCESS,0,0,warm20,,,,,1,0,20676,323,,,used,,,,20260917-1855
2026-09-17 20:25:32,Pre-HAUSPM,SIGN,10,2,0.003000,0.200,0.016,587283,266,0,28300,28301,0,0,0,195235168,0,193267539,0,0.000000,0.000000,0.000000,18422,42182,152.54,0,0,0,0,SUCCESS,0,0,warm20,,,,,1,0,30293,335,,,used,,,,20260917-1855
2026-09-17 20:26:01,Pre-HAUSPM,SIGN,11,2,0.003000,0.200,0.016,613134,278,0,28388,28388,0,0,0,192310379,0,190412716,0,0.000000,0.000000,0.000000,18187,41362,325.50,0,0,0,0,SUCCESS,0,0,warm20,,,,,1,0,25851,353,,,used,,,,20260917-1855
2026-09-17 20:26:28,Pre-HAUSPM,SIGN,12,2,0.003000,0.200,0.016,639272,290,0,26902,26902,0,0,0,179745467,0,178009236,0,0.000000,0.000000,0.000000,17307,38871,561.18,0,0,0,0,SUCCESS,0,0,warm20,,,,,1,0,26138,369,,,used,,,,20260917-1855
2026-09-17 20:26:55,Pre-HAUSPM,SIGN,13,2,0.003000,0.200,0.016,661807,302,0,26917,26917,0,0,0,176929800,0,175246893,0,0.000000,0.000000,0.000000,16997,37896,436.75,0,0,0,0,SUCCESS,0,0,warm20,,,,,1,0,22535,385,,,used,,,,20260917-1855
2026-09-17 20:27:21,Pre-HAUSPM,SIGN,14,2,0.003000,0.200,0.016,682126,314,0,26306,26306,0,0,0,170563672,0,168961584,0,0.000000,0.000000,0.000000,16420,36556,327.97,0,0,0,0,SUCCESS,0,0,warm20,,,,,1,0,20319,398,,,used,,,,20260917-1855
2026-09-17 20:27:48,Pre-HAUSPM,SIGN,15,2,0.003000,0.200,0.016,707653,326,0,27010,27010,0,0,0,171235839,0,169649762,0,0.000000,0.000000,0.000000,16464,36776,427.13,0,0,0,0,SUCCESS,0,0,warm20,,,,,1,0,25527,411,,,used,,,,20260917-1855
2026-09-17 20:28:15,Pre-HAUSPM,SIGN,16,2,0.003000,0.200,0.016,730705,338,0,26366,26366,0,0,0,164766132,0,163259521,0,0.000000,0.000000,0.000000,15828,35283,403.22,0,0,0,0,SUCCESS,0,0,warm20,,,,,1,0,23052,426,,,used,,,,20260917-1855
2026-09-17 20:28:42,Pre-HAUSPM,SIGN,17,2,0.003000,0.200,0.016,756980,350,0,26901,26902,0,0,0,164073201,0,162594948,0,0.000000,0.000000,0.000000,16743,37423,351.03,0,0,0,0,SUCCESS,0,0,warm20,,,,,1,0,26275,440,,,used,,,,20260917-1855
2026-09-17 20:29:09,Pre-HAUSPM,SIGN,18,2,0.003000,0.200,0.016,777786,362,0,26737,26737,0,0,0,160438957,0,159008151,0,0.000000,0.000000,0.000000,16692,37287,362.65,0,0,0,0,SUCCESS,0,0,warm20,,,,,1,0,20806,456,,,used,,,,20260917-1855
2026-09-17 20:29:36,Pre-HAUSPM,SIGN,19,2,0.003000,0.200,0.016,803248,374,0,27204,27204,0,0,0,160357570,0,158949074,0,0.000000,0.000000,0.000000,16821,37555,118.91,0,0,0,0,SUCCESS,0,0,warm20,,,,,1,0,25462,468,,,used,,,,20260917-1855
2026-09-17 20:30:04,Pre-HAUSPM,SIGN,20,2,0.003000,0.200,0.016,828605,386,0,27314,27314,0,0,0,158922308,0,157540184,0,0.000000,0.000000,0.000000,16796,37699,242.84,0,0,0,0,SUCCESS,0,0,warm20,,,,,1,0,25357,483,,,used,,,,20260917-1855
2026-09-17 20:30:31,Pre-HAUSPM,SIGN,21,2,0.003000,0.200,0.016,851890,398,0,27569,27569,0,0,0,158095627,0,156737995,0,0.000000,0.000000,0.000000,17093,38284,335.41,0,0,0,0,SUCCESS,0,0,warm20,,,,,1,0,23285,499,,,used,,,,20260917-1855
2026-09-17 20:30:59,Pre-HAUSPM,SIGN,22,2,0.003000,0.200,0.016,884460,410,0,27773,27773,0,0,0,157385557,0,156052136,0,0.000000,0.000000,0.000000,16490,36978,435.15,0,0,0,0,SUCCESS,0,0,warm20,,,,,1,0,32570,513,,,used,,,,20260917-1855
2026-09-17 20:31:27,Pre-HAUSPM,SIGN,23,2,0.003000,0.200,0.016,916886,422,0,27307,27307,0,0,0,152787167,0,151508695,0,0.000000,0.000000,0.000000,15488,34847,502.05,0,0,0,0,SUCCESS,0,0,warm20,,,,,1,0,32426,532,,,used,,,,20260917-1855
2026-09-17 20:31:54,Pre-HAUSPM,SIGN,24,2,0.003000,0.200,0.016,947537,434,0,26834,26835,0,0,0,148750779,0,147519206,0,0.000000,0.000000,0.000000,14733,33154,271.74,0,0,0,0,SUCCESS,0,0,warm20,,,,,1,0,30651,552,,,used,,,,20260917-1855
2026-09-17 20:32:21,Pre-HAUSPM,SIGN,25,2,0.003000,0.200,0.016,967022,446,0,26453,26453,0,0,0,145183073,0,143989438,0,0.000000,0.000000,0.000000,14609,32624,158.32,0,0,0,0,SUCCESS,0,0,warm20,,,,,1,0,19485,570,,,used,,,,20260917-1855
2026-09-17 20:32:47,Pre-HAUSPM,SIGN,26,2,0.003000,0.200,0.016,990505,458,0,26591,26591,0,0,0,144428401,0,143250838,0,0.000000,0.000000,0.000000,14363,32026,72.89,0,0,0,0,SUCCESS,0,0,warm20,,,,,1,0,23483,582,,,used,,,,20260917-1855
2026-09-17 20:33:14,Pre-HAUSPM,SIGN,27,2,0.003000,0.200,0.016,1016244,470,0,26305,26305,0,0,0,141524229,0,140381544,0,0.000000,0.000000,0.000000,13905,30965,193.64,0,0,0,0,SUCCESS,0,0,warm20,,,,,1,0,25739,596,,,used,,,,20260917-1855
2026-09-17 20:33:40,Pre-HAUSPM,SIGN,28,2,0.003000,0.200,0.016,1047408,482,0,26268,26268,0,0,0,140359358,0,139239449,0,0.000000,0.000000,0.000000,13478,29927,274.35,0,0,0,0,SUCCESS,0,0,warm20,,,,,1,0,31164,612,,,used,,,,20260917-1855
2026-09-17 20:34:06,Pre-HAUSPM,SIGN,29,2,0.003000,0.200,0.016,1079371,494,0,26143,26143,0,0,0,138164884,0,137071456,0,0.000000,0.000000,0.000000,13241,29610,354.67,0,0,0,0,SUCCESS,0,0,warm20,,,,,1,0,31963,630,,,used,,,,20260917-1855
2026-09-17 20:34:33,Pre-HAUSPM,SIGN,30,2,0.003000,0.200,0.016,1110602,506,0,26059,26059,0,0,0,136605777,0,135532593,0,0.000000,0.000000,0.000000,13007,29076,139.66,0,0,0,0,SUCCESS,0,0,warm20,,,,,1,0,31231,650,,,used,,,,20260917-1855
2026-09-17 20:34:59,Pre-HAUSPM,SIGN,31,2,0.003000,0.200,0.016,1139446,518,0,26058,26058,0,0,0,135648178,0,134596099,0,0.000000,0.000000,0.000000,12846,28682,411.91,0,0,0,0,SUCCESS,0,0,warm20,,,,,1,0,28844,668,,,used,,,,20260917-1855
2026-09-17 20:35:25,Pre-HAUSPM,SIGN,32,2,0.003000,0.200,0.016,1169601,530,0,26140,26140,0,0,0,134595691,0,133565833,0,0.000000,0.000000,0.000000,12622,28248,402.82,0,0,0,0,SUCCESS,0,0,warm20,,,,,1,0,30155,686,,,used,,,,20260917-1855
2026-09-17 20:35:51,Pre-HAUSPM,SIGN,33,2,0.003000,0.200,0.016,1194955,542,0,25953,25954,0,0,0,132361068,0,131354867,0,0.000000,0.000000,0.000000,12294,27511,514.29,0,0,0,0,SUCCESS,0,0,warm20,,,,,1,0,25354,704,,,used,,,,20260917-1855
2026-09-17 20:36:17,Pre-HAUSPM,SIGN,34,2,0.003000,0.200,0.016,1225092,554,0,26031,26031,0,0,0,131589149,0,130598018,0,0.000000,0.000000,0.000000,12117,27150,170.92,0,0,0,0,SUCCESS,0,0,warm20,,,,,1,0,30137,719,,,used,,,,20260917-1855
2026-09-17 20:36:45,Pre-HAUSPM,SIGN,35,2,0.003000,0.200,0.016,1265597,566,0,27672,27672,0,0,0,140243450,0,139207881,0,0.000000,0.000000,0.000000,12584,28378,222.68,0,0,0,0,SUCCESS,0,0,warm20,,,,,1,0,40505,737,,,used,,,,20260917-1855
2026-09-17 20:37:14,Pre-HAUSPM,SIGN,36,2,0.003000,0.200,0.016,1300784,578,0,28757,28757,0,0,0,144533017,0,143473202,0,0.000000,0.000000,0.000000,12940,29007,380.36,0,0,0,0,SUCCESS,0,0,warm20,,,,,1,0,35187,762,,,used,,,,20260917-1855
2026-09-17 20:37:43,Pre-HAUSPM,SIGN,37,2,0.003000,0.200,0.016,1330102,590,0,29074,29074,0,0,0,144757249,0,143704650,0,0.000000,0.000000,0.000000,12801,28723,221.33,0,0,0,0,SUCCESS,0,0,warm20,,,,,1,0,29318,783,,,used,,,,20260917-1855
2026-09-17 20:38:12,Pre-HAUSPM,SIGN,38,2,0.003000,0.200,0.016,1352225,602,0,28650,28651,0,0,0,141639923,0,140615109,0,0.000000,0.000000,0.000000,12469,27972,423.80,0,0,0,0,SUCCESS,0,0,warm20,,,,,1,0,22123,800,,,used,,,,20260917-1855
2026-09-17 20:38:41,Pre-HAUSPM,SIGN,39,2,0.003000,0.200,0.016,1378844,614,0,28999,29000,0,0,0,141639414,0,140620092,0,0.000000,0.000000,0.000000,12541,28068,159.16,0,0,0,0,SUCCESS,0,0,warm20,,,,,1,0,26619,814,,,used,,,,20260917-1855
2026-09-17 20:39:10,Pre-HAUSPM,SIGN,40,2,0.003000,0.200,0.016,1404925,626,0,28752,28752,0,0,0,139542030,0,138545957,0,0.000000,0.000000,0.000000,12159,27255,361.08,0,0,0,0,SUCCESS,0,0,warm20,,,,,1,0,26081,830,,,used,,,,20260917-1855
2026-09-17 20:39:40,Pre-HAUSPM,SIGN,41,2,0.003000,0.200,0.016,1430972,638,0,29160,29161,0,0,0,139699716,0,138705051,0,0.000000,0.000000,0.000000,12165,27327,256.22,0,0,0,0,SUCCESS,0,0,warm20,,,,,1,0,26047,845,,,used,,,,20260917-1855
2026-09-17 20:40:10,Pre-HAUSPM,SIGN,42,2,0.003000,0.200,0.016,1466019,650,0,29788,29788,0,0,0,140995861,0,139996989,0,0.000000,0.000000,0.000000,12206,27385,202.47,0,0,0,0,SUCCESS,0,0,warm20,,,,,1,0,35047,861,,,used,,,,20260917-1855
2026-09-17 20:40:39,Pre-HAUSPM,SIGN,43,2,0.003000,0.200,0.016,1489446,662,0,29655,29655,0,0,0,139253336,0,138272051,0,0.000000,0.000000,0.000000,12092,27034,140.27,0,0,0,0,SUCCESS,0,0,warm20,,,,,1,0,23427,882,,,used,,,,20260917-1855
2026-09-17 20:41:10,Pre-HAUSPM,SIGN,44,2,0.003000,0.200,0.016,1520720,674,0,30548,30548,0,0,0,141768005,0,140777235,0,0.000000,0.000000,0.000000,12357,27546,93.44,0,0,0,0,SUCCESS,0,0,warm20,,,,,1,0,31274,896,,,used,,,,20260917-1855
2026-09-17 20:41:42,Pre-HAUSPM,SIGN,45,2,0.003000,0.200,0.016,1553182,686,0,31389,31389,0,0,0,144026977,0,143026814,0,0.000000,0.000000,0.000000,12724,28371,175.29,0,0,0,0,SUCCESS,0,0,warm20,,,,,1,0,32462,915,,,used,,,,20260917-1855
2026-09-17 20:42:15,Pre-HAUSPM,SIGN,46,2,0.003000,0.200,0.016,1586819,698,0,32665,32665,0,0,0,148282579,0,147262089,0,0.000000,0.000000,0.000000,12860,28708,337.56,0,0,0,0,SUCCESS,0,0,warm20,,,,,1,0,33637,935,,,used,,,,20260917-1855
2026-09-17 20:42:48,Pre-HAUSPM,SIGN,47,2,0.003000,0.200,0.016,1616945,710,0,33718,33718,0,0,0,151812047,0,150774293,0,0.000000,0.000000,0.000000,12890,29038,302.02,0,0,0,0,SUCCESS,0,0,warm20,,,,,1,0,30126,955,,,used,,,,20260917-1855
2026-09-17 20:43:23,Pre-HAUSPM,SIGN,48,2,0.003000,0.200,0.016,1649145,722,0,34234,34234,0,0,0,153385586,0,152346864,0,0.000000,0.000000,0.000000,12904,29021,336.65,0,0,0,0,SUCCESS,0,0,warm20,,,,,1,0,32200,973,,,used,,,,20260917-1855
2026-09-17 20:43:57,Pre-HAUSPM,SIGN,49,2,0.003000,0.200,0.016,1668652,730,0,34101,34101,0,0,0,152049944,0,151023735,0,0.000000,0.000000,0.000000,12666,28413,377.39,0,0,0,0,SUCCESS,0,0,warm20,,,,,1,0,19507,992,,,used,,,,20260917-1855
2026-09-17 20:44:20,Pre-HAUSPM,SIGN,0,0,0.003000,0.200,0.200,319686,146,2,22216,22219,0,0,0,192985412,0,190160260,0,0.000000,0.000000,0.000000,23387,58493,231.30,0,0,0,0,SUCCESS,0,0,warm20,,,,,1,0,319686,0,,,used,,,,20260917-1855
2026-09-17 20:44:43,Pre-HAUSPM,SIGN,1,0,0.003000,0.200,0.008,334092,152,0,22355,22355,0,0,0,191310527,0,188603074,0,0.000000,0.000000,0.000000,23347,57191,506.74,0,0,0,0,SUCCESS,0,0,warm20,,,,,1,0,14406,192,,,used,,,,20260917-1855
2026-09-17 20:45:05,Pre-HAUSPM,SIGN,2,0,0.003000,0.200,0.008,345121,158,0,21924,21924,0,0,0,185430875,0,182854764,0,0.000000,0.000000,0.000000,23125,56725,510.04,0,0,0,0,SUCCESS,0,0,warm20,,,,,1,0,11029,201,,,used,,,,20260917-1855
2026-09-17 20:45:27,Pre-HAUSPM,SIGN,3,0,0.003000,0.200,0.008,358047,164,0,22369,22369,0,0,0,185305928,0,182789449,0,0.000000,0.000000,0.000000,22486,54850,424.55,0,0,0,0,SUCCESS,0,0,warm20,,,,,1,0,12926,208,,,used,,,,20260917-1855
2026-09-17 20:45:49,Pre-HAUSPM,SIGN,4,0,0.003000,0.200,0.008,369331,170,0,21546,21546,0,0,0,176218472,0,173862062,0,0.000000,0.000000,0.000000,21958,52348,234.15,0,0,0,0,SUCCESS,0,0,warm20,,,,,1,0,11284,215,,,used,,,,20260917-1855
2026-09-17 20:46:11,Pre-HAUSPM,SIGN,5,0,0.003000,0.200,0.008,383289,176,0,21726,21726,0,0,0,174965030,0,172692226,0,0.000000,0.000000,0.000000,21751,50861,314.51,0,0,0,0,SUCCESS,0,0,warm20,,,,,1,0,13958,222,,,used,,,,20260917-1855
2026-09-17 20:46:32,Pre-HAUSPM,SIGN,6,0,0.003000,0.200,0.008,393230,182,0,21295,21295,0,0,0,169314751,0,167146636,0,0.000000,0.000000,0.000000,21796,50485,435.16,0,0,0,0,SUCCESS,0,0,warm20,,,,,1,0,9941,231,,,used,,,,20260917-1855
2026-09-17 20:46:53,Pre-HAUSPM,SIGN,7,0,0.003000,0.200,0.008,408594,188,0,20686,20686,0,0,0,162461409,0,160430787,0,0.000000,0.000000,0.000000,20533,47503,642.29,0,0,0,0,SUCCESS,0,0,warm20,,,,,1,0,15364,237,,,used,,,,20260917-1855
2026-09-17 20:47:15,Pre-HAUSPM,SIGN,8,0,0.003000,0.200,0.008,428453,194,0,21867,21867,0,0,0,170832772,0,168749391,0,0.000000,0.000000,0.000000,20113,47452,271.94,0,0,0,0,SUCCESS,0,0,warm20,,,,,1,0,19859,246,,,used,,,,20260917-1855
2026-09-17 20:47:40,Pre-HAUSPM,SIGN,9,0,0.003000,0.200,0.008,446004,200,0,24944,24944,0,0,0,195511272,0,193152591,0,0.000000,0.000000,0.000000,19376,45388,183.08,0,0,0,0,SUCCESS,0,0,warm20,,,,,1,0,17551,258,,,used,,,,20260917-1855
2026-09-17 20:48:04,Pre-HAUSPM,SIGN,10,0,0.003000,0.200,0.008,456476,206,0,24122,24122,0,0,0,187143471,0,184912832,0,0.000000,0.000000,0.000000,18895,43856,333.02,0,0,0,0,SUCCESS,0,0,warm20,,,,,1,0,10472,268,,,used,,,,20260917-1855
2026-09-17 20:48:28,Pre-HAUSPM,SIGN,11,0,0.003000,0.200,0.008,466138,212,0,23365,23365,0,0,0,179750698,0,177633188,0,0.000000,0.000000,0.000000,18242,41996,370.11,0,0,0,0,SUCCESS,0,0,warm20,,,,,1,0,9662,275,,,used,,,,20260917-1855
2026-09-17 20:48:52,Pre-HAUSPM,SIGN,12,0,0.003000,0.200,0.008,480433,218,0,23550,23551,0,0,0,178479034,0,176421826,0,0.000000,0.000000,0.000000,18295,41804,606.90,0,0,0,0,SUCCESS,0,0,warm20,,,,,1,0,14295,281,,,used,,,,20260917-1855
2026-09-17 20:49:16,Pre-HAUSPM,SIGN,13,0,0.003000,0.200,0.008,496413,224,0,24405,24405,0,0,0,181639504,0,179602054,0,0.000000,0.000000,0.000000,19145,43866,644.86,0,0,0,0,SUCCESS,0,0,warm20,,,,,1,0,15980,289,,,used,,,,20260917-1855
2026-09-17 20:49:41,Pre-HAUSPM,SIGN,14,0,0.003000,0.200,0.008,507190,230,0,24158,24158,0,0,0,177807932,0,175834119,0,0.000000,0.000000,0.000000,18586,42577,586.60,0,0,0,0,SUCCESS,0,0,warm20,,,,,1,0,10777,299,,,used,,,,20260917-1855
2026-09-17 20:50:06,Pre-HAUSPM,SIGN,15,0,0.003000,0.200,0.008,518654,236,0,25523,25523,0,0,0,184510125,0,182494752,0,0.000000,0.000000,0.000000,19660,44940,142.27,0,0,0,0,SUCCESS,0,0,warm20,,,,,1,0,11464,305,,,used,,,,20260917-1855
2026-09-17 20:50:34,Pre-HAUSPM,SIGN,16,0,0.003000,0.200,0.008,536314,242,0,27286,27287,0,0,0,193174738,0,191106733,0,0.000000,0.000000,0.000000,20004,45870,389.54,0,0,0,0,SUCCESS,0,0,warm20,,,,,1,0,17660,312,,,used,,,,20260917-1855
2026-09-17 20:51:01,Pre-HAUSPM,SIGN,17,0,0.003000,0.200,0.008,544548,248,0,26741,26741,0,0,0,188229059,0,186231270,0,0.000000,0.000000,0.000000,19532,44618,308.78,0,0,0,0,SUCCESS,0,0,warm20,,,,,1,0,8234,323,,,used,,,,20260917-1855
2026-09-17 20:51:27,Pre-HAUSPM,SIGN,18,0,0.003000,0.200,0.008,556990,254,0,26459,26459,0,0,0,184787353,0,182855941,0,0.000000,0.000000,0.000000,18960,43382,331.71,0,0,0,0,SUCCESS,0,0,warm20,,,,,1,0,12442,328,,,used,,,,20260917-1855
2026-09-17 20:51:54,Pre-HAUSPM,SIGN,19,0,0.003000,0.200,0.008,569490,260,0,26657,26657,0,0,0,183860310,0,181955340,0,0.000000,0.000000,0.000000,18933,43343,225.94,0,0,0,0,SUCCESS,0,0,warm20,,,,,1,0,12500,335,,,used,,,,20260917-1855
2026-09-17 20:52:23,Pre-HAUSPM,SIGN,20,0,0.003000,0.200,0.008,587283,266,0,28266,28267,0,0,0,195235168,0,193267539,0,0.000000,0.000000,0.000000,18422,42182,415.69,0,0,0,0,SUCCESS,0,0,warm20,,,,,1,0,17793,343,,,used,,,,20260917-1855
2026-09-17 20:52:51,Pre-HAUSPM,SIGN,21,0,0.003000,0.200,0.008,601918,272,0,28293,28293,0,0,0,193787685,0,191856339,0,0.000000,0.000000,0.000000,18161,41443,485.11,0,0,0,0,SUCCESS,0,0,warm20,,,,,1,0,14635,353,,,used,,,,20260917-1855
2026-09-17 20:53:20,Pre-HAUSPM,SIGN,22,0,0.003000,0.200,0.008,613134,278,0,28357,28357,0,0,0,192310379,0,190412716,0,0.000000,0.000000,0.000000,18187,41362,434.99,0,0,0,0,SUCCESS,0,0,warm20,,,,,1,0,11216,362,,,used,,,,20260917-1855
2026-09-17 20:53:47,Pre-HAUSPM,SIGN,23,0,0.003000,0.200,0.008,625156,284,0,27464,27464,0,0,0,185075905,0,183265900,0,0.000000,0.000000,0.000000,17486,39616,280.94,0,0,0,0,SUCCESS,0,0,warm20,,,,,1,0,12022,369,,,used,,,,20260917-1855
2026-09-17 20:54:14,Pre-HAUSPM,SIGN,24,0,0.003000,0.200,0.008,639272,290,0,26895,26895,0,0,0,179745467,0,178009236,0,0.000000,0.000000,0.000000,17307,38871,317.40,0,0,0,0,SUCCESS,0,0,warm20,,,,,1,0,14116,376,,,used,,,,20260917-1855
2026-09-17 20:54:41,Pre-HAUSPM,SIGN,25,0,0.003000,0.200,0.008,650468,296,0,26943,26943,0,0,0,178388315,0,176681829,0,0.000000,0.000000,0.000000,17338,38779,217.37,0,0,0,0,SUCCESS,0,0,warm20,,,,,1,0,11196,385,,,used,,,,20260917-1855
2026-09-17 20:55:09,Pre-HAUSPM,SIGN,26,0,0.003000,0.200,0.008,661807,302,0,26907,26907,0,0,0,176929800,0,175246893,0,0.000000,0.000000,0.000000,16997,37896,237.59,0,0,0,0,SUCCESS,0,0,warm20,,,,,1,0,11339,391,,,used,,,,20260917-1855
2026-09-17 20:55:35,Pre-HAUSPM,SIGN,27,0,0.003000,0.200,0.008,671849,308,0,26380,26380,0,0,0,172480210,0,170849325,0,0.000000,0.000000,0.000000,16446,36682,433.19,0,0,0,0,SUCCESS,0,0,warm20,,,,,1,0,10042,398,,,used,,,,20260917-1855
2026-09-17 20:56:02,Pre-HAUSPM,SIGN,28,0,0.003000,0.200,0.008,682126,314,0,26294,26294,0,0,0,170563672,0,168961584,0,0.000000,0.000000,0.000000,16420,36556,429.03,0,0,0,0,SUCCESS,0,0,warm20,,,,,1,0,10277,404,,,used,,,,20260917-1855
2026-09-17 20:56:29,Pre-HAUSPM,SIGN,29,0,0.003000,0.200,0.008,695776,320,0,27245,27245,0,0,0,174106918,0,172484477,0,0.000000,0.000000,0.000000,16853,37702,193.23,0,0,0,0,SUCCESS,0,0,warm20,,,,,1,0,13650,411,,,used,,,,20260917-1855
2026-09-17 20:56:56,Pre-HAUSPM,SIGN,30,0,0.003000,0.200,0.008,707653,326,0,26996,26997,0,0,0,171235839,0,169649762,0,0.000000,0.000000,0.000000,16464,36776,540.02,0,0,0,0,SUCCESS,0,0,warm20,,,,,1,0,11877,419,,,used,,,,20260917-1855
2026-09-17 20:57:23,Pre-HAUSPM,SIGN,31,0,0.003000,0.200,0.008,720279,332,0,26436,26436,0,0,0,166667451,0,165133644,0,0.000000,0.000000,0.000000,15898,35360,231.88,0,0,0,0,SUCCESS,0,0,warm20,,,,,1,0,12626,426,,,used,,,,20260917-1855
2026-09-17 20:57:49,Pre-HAUSPM,SIGN,32,0,0.003000,0.200,0.008,730705,338,0,26437,26437,0,0,0,164766132,0,163259521,0,0.000000,0.000000,0.000000,15828,35283,90.24,0,0,0,0,SUCCESS,0,0,warm20,,,,,1,0,10426,433,,,used,,,,20260917-1855
2026-09-17 20:58:16,Pre-HAUSPM,SIGN,33,0,0.003000,0.200,0.008,744420,344,0,26465,26465,0,0,0,163636209,0,162153212,0,0.000000,0.000000,0.000000,16554,36879,228.64,0,0,0,0,SUCCESS,0,0,warm20,,,,,1,0,13715,440,,,used,,,,20260917-1855
2026-09-17 20:58:43,Pre-HAUSPM,SIGN,34,0,0.003000,0.200,0.008,756980,350,0,26866,26867,0,0,0,164073201,0,162594948,0,0.000000,0.000000,0.000000,16743,37423,127.38,0,0,0,0,SUCCESS,0,0,warm20,,,,,1,0,12560,448,,,used,,,,20260917-1855
2026-09-17 20:59:10,Pre-HAUSPM,SIGN,35,0,0.003000,0.200,0.008,768219,356,0,26679,26679,0,0,0,161606579,0,160158810,0,0.000000,0.000000,0.000000,16721,37249,425.90,0,0,0,0,SUCCESS,0,0,warm20,,,,,1,0,11239,456,,,used,,,,20260917-1855
2026-09-17 20:59:37,Pre-HAUSPM,SIGN,36,0,0.003000,0.200,0.008,777786,362,0,26703,26703,0,0,0,160438957,0,159008151,0,0.000000,0.000000,0.000000,16692,37287,668.51,0,0,0,0,SUCCESS,0,0,warm20,,,,,1,0,9567,462,,,used,,,,20260917-1855
2026-09-17 21:00:04,Pre-HAUSPM,SIGN,37,0,0.003000,0.200,0.008,790994,368,0,27300,27300,0,0,0,162476627,0,161042062,0,0.000000,0.000000,0.000000,16986,37956,543.53,0,0,0,0,SUCCESS,0,0,warm20,,,,,1,0,13208,468,,,used,,,,20260917-1855
2026-09-17 21:00:31,Pre-HAUSPM,SIGN,38,0,0.003000,0.200,0.008,803248,374,0,27172,27173,0,0,0,160357570,0,158949074,0,0.000000,0.000000,0.000000,16821,37555,535.13,0,0,0,0,SUCCESS,0,0,warm20,,,,,1,0,12254,476,,,used,,,,20260917-1855
2026-09-17 21:00:59,Pre-HAUSPM,SIGN,39,0,0.003000,0.200,0.008,817420,380,0,27189,27189,0,0,0,159236421,0,157847499,0,0.000000,0.000000,0.000000,16757,37525,546.72,0,0,0,0,SUCCESS,0,0,warm20,,,,,1,0,14172,483,,,used,,,,20260917-1855
2026-09-17 21:01:26,Pre-HAUSPM,SIGN,40,0,0.003000,0.200,0.008,828605,386,0,27276,27276,0,0,0,158922308,0,157540184,0,0.000000,0.000000,0.000000,16796,37699,630.92,0,0,0,0,SUCCESS,0,0,warm20,,,,,1,0,11185,492,,,used,,,,20260917-1855
2026-09-17 21:01:54,Pre-HAUSPM,SIGN,41,0,0.003000,0.200,0.008,840915,392,0,27399,27399,0,0,0,158591644,0,157223971,0,0.000000,0.000000,0.000000,16767,37558,554.60,0,0,0,0,SUCCESS,0,0,warm20,,,,,1,0,12310,499,,,used,,,,20260917-1855
2026-09-17 21:02:21,Pre-HAUSPM,SIGN,42,0,0.003000,0.200,0.008,851890,398,0,27528,27528,0,0,0,158095627,0,156737995,0,0.000000,0.000000,0.000000,17093,38284,206.53,0,0,0,0,SUCCESS,0,0,warm20,,,,,1,0,10975,506,,,used,,,,20260917-1855
2026-09-17 21:02:49,Pre-HAUSPM,SIGN,43,0,0.003000,0.200,0.008,867106,404,0,27677,27677,0,0,0,158319979,0,156972502,0,0.000000,0.000000,0.000000,16906,37788,610.05,0,0,0,0,SUCCESS,0,0,warm20,,,,,1,0,15216,513,,,used,,,,20260917-1855
2026-09-17 21:03:17,Pre-HAUSPM,SIGN,44,0,0.003000,0.200,0.008,884460,410,0,27728,27728,0,0,0,157385557,0,156052136,0,0.000000,0.000000,0.000000,16490,36978,389.68,0,0,0,0,SUCCESS,0,0,warm20,,,,,1,0,17354,522,,,used,,,,20260917-1855
2026-09-17 21:03:45,Pre-HAUSPM,SIGN,45,0,0.003000,0.200,0.008,901027,416,0,27381,27381,0,0,0,154388008,0,153088039,0,0.000000,0.000000,0.000000,15893,35711,264.42,0,0,0,0,SUCCESS,0,0,warm20,,,,,1,0,16567,532,,,used,,,,20260917-1855
2026-09-17 21:04:12,Pre-HAUSPM,SIGN,46,0,0.003000,0.200,0.008,916886,422,0,27256,27257,0,0,0,152787167,0,151508695,0,0.000000,0.000000,0.000000,15488,34847,383.29,0,0,0,0,SUCCESS,0,0,warm20,,,,,1,0,15859,542,,,used,,,,20260917-1855
2026-09-17 21:04:39,Pre-HAUSPM,SIGN,47,0,0.003000,0.200,0.008,933116,428,0,26989,26989,0,0,0,150607623,0,149354455,0,0.000000,0.000000,0.000000,15117,34004,537.57,0,0,0,0,SUCCESS,0,0,warm20,,,,,1,0,16230,552,,,used,,,,20260917-1855
2026-09-17 21:05:06,Pre-HAUSPM,SIGN,48,0,0.003000,0.200,0.008,947537,434,0,26784,26784,0,0,0,148750779,0,147519206,0,0.000000,0.000000,0.000000,14733,33154,314.84,0,0,0,0,SUCCESS,0,0,warm20,,,,,1,0,14421,562,,,used,,,,20260917-1855
2026-09-17 21:05:33,Pre-HAUSPM,SIGN,49,0,0.003000,0.200,0.008,957204,440,0,26486,26486,0,0,0,146408699,0,145200316,0,0.000000,0.000000,0.000000,14599,32698,292.71,0,0,0,0,SUCCESS,0,0,warm20,,,,,1,0,9667,570,,,used,,,,20260917-1855
2026-09-17 21:05:59,Pre-HAUSPM,SIGN,50,0,0.003000,0.200,0.008,967022,446,0,26400,26400,0,0,0,145183073,0,143989438,0,0.000000,0.000000,0.000000,14609,32624,366.08,0,0,0,0,SUCCESS,0,0,warm20,,,,,1,0,9818,576,,,used,,,,20260917-1855
2026-09-17 21:06:26,Pre-HAUSPM,SIGN,51,0,0.003000,0.200,0.008,979636,452,0,26748,26748,0,0,0,146282487,0,145085695,0,0.000000,0.000000,0.000000,14554,32458,367.46,0,0,0,0,SUCCESS,0,0,warm20,,,,,1,0,12614,582,,,used,,,,20260917-1855
2026-09-17 21:06:53,Pre-HAUSPM,SIGN,52,0,0.003000,0.200,0.008,990505,458,0,26544,26544,0,0,0,144428401,0,143250838,0,0.000000,0.000000,0.000000,14363,32026,504.95,0,0,0,0,SUCCESS,0,0,warm20,,,,,1,0,10869,590,,,used,,,,20260917-1855
2026-09-17 21:07:19,Pre-HAUSPM,SIGN,53,0,0.003000,0.200,0.008,1001386,464,0,26118,26118,0,0,0,141530822,0,140380899,0,0.000000,0.000000,0.000000,14056,31274,601.79,0,0,0,0,SUCCESS,0,0,warm20,,,,,1,0,10881,596,,,used,,,,20260917-1855
2026-09-17 21:07:45,Pre-HAUSPM,SIGN,54,0,0.003000,0.200,0.008,1016244,470,0,26260,26260,0,0,0,141524229,0,140381544,0,0.000000,0.000000,0.000000,13905,30965,440.27,0,0,0,0,SUCCESS,0,0,warm20,,,,,1,0,14858,603,,,used,,,,20260917-1855
2026-09-17 21:08:12,Pre-HAUSPM,SIGN,55,0,0.003000,0.200,0.008,1027129,476,0,26237,26237,0,0,0,140772970,0,139640415,0,0.000000,0.000000,0.000000,13871,30839,241.03,0,0,0,0,SUCCESS,0,0,warm20,,,,,1,0,10885,612,,,used,,,,20260917-1855
2026-09-17 21:08:38,Pre-HAUSPM,SIGN,56,0,0.003000,0.200,0.008,1047408,482,0,26224,26224,0,0,0,140359358,0,139239449,0,0.000000,0.000000,0.000000,13478,29927,185.34,0,0,0,0,SUCCESS,0,0,warm20,,,,,1,0,20279,618,,,used,,,,20260917-1855
2026-09-17 21:09:05,Pre-HAUSPM,SIGN,57,0,0.003000,0.200,0.008,1060421,488,0,26167,26167,0,0,0,139139438,0,138032339,0,0.000000,0.000000,0.000000,13277,29502,145.99,0,0,0,0,SUCCESS,0,0,warm20,,,,,1,0,13013,630,,,used,,,,20260917-1855
2026-09-17 21:09:31,Pre-HAUSPM,SIGN,58,0,0.003000,0.200,0.008,1079371,494,0,26101,26101,0,0,0,138164884,0,137071456,0,0.000000,0.000000,0.000000,13241,29610,290.50,0,0,0,0,SUCCESS,0,0,warm20,,,,,1,0,18950,638,,,used,,,,20260917-1855
2026-09-17 21:09:57,Pre-HAUSPM,SIGN,59,0,0.003000,0.200,0.008,1096747,500,0,26129,26129,0,0,0,137898195,0,136810521,0,0.000000,0.000000,0.000000,13167,29545,274.72,0,0,0,0,SUCCESS,0,0,warm20,,,,,1,0,17376,650,,,used,,,,20260917-1855
2026-09-17 21:10:23,Pre-HAUSPM,SIGN,60,0,0.003000,0.200,0.008,1110602,506,0,26018,26018,0,0,0,136605777,0,135532593,0,0.000000,0.000000,0.000000,13007,29076,211.19,0,0,0,0,SUCCESS,0,0,warm20,,,,,1,0,13855,660,,,used,,,,20260917-1855
2026-09-17 21:10:49,Pre-HAUSPM,SIGN,61,0,0.003000,0.200,0.008,1124744,512,0,25906,25906,0,0,0,135495873,0,134437554,0,0.000000,0.000000,0.000000,12882,28793,219.52,0,0,0,0,SUCCESS,0,0,warm20,,,,,1,0,14142,668,,,used,,,,20260917-1855
2026-09-17 21:11:15,Pre-HAUSPM,SIGN,62,0,0.003000,0.200,0.008,1139446,518,0,26014,26015,0,0,0,135648178,0,134596099,0,0.000000,0.000000,0.000000,12846,28682,123.10,0,0,0,0,SUCCESS,0,0,warm20,,,,,1,0,14702,677,,,used,,,,20260917-1855
2026-09-17 21:11:42,Pre-HAUSPM,SIGN,63,0,0.003000,0.200,0.008,1156811,524,0,26083,26083,0,0,0,135140781,0,134101872,0,0.000000,0.000000,0.000000,12821,28608,98.52,0,0,0,0,SUCCESS,0,0,warm20,,,,,1,0,17365,686,,,used,,,,20260917-1855
2026-09-17 21:12:08,Pre-HAUSPM,SIGN,64,0,0.003000,0.200,0.008,1169601,530,0,26090,26090,0,0,0,134595691,0,133565833,0,0.000000,0.000000,0.000000,12622,28248,82.40,0,0,0,0,SUCCESS,0,0,warm20,,,,,1,0,12790,696,,,used,,,,20260917-1855
2026-09-17 21:12:34,Pre-HAUSPM,SIGN,65,0,0.003000,0.200,0.008,1183474,536,0,26085,26085,0,0,0,133662857,0,132643748,0,0.000000,0.000000,0.000000,12433,27838,194.36,0,0,0,0,SUCCESS,0,0,warm20,,,,,1,0,13873,704,,,used,,,,20260917-1855
2026-09-17 21:13:00,Pre-HAUSPM,SIGN,66,0,0.003000,0.200,0.008,1194955,542,0,25908,25908,0,0,0,132361068,0,131354867,0,0.000000,0.000000,0.000000,12294,27511,130.11,0,0,0,0,SUCCESS,0,0,warm20,,,,,1,0,11481,712,,,used,,,,20260917-1855
2026-09-17 21:13:26,Pre-HAUSPM,SIGN,67,0,0.003000,0.200,0.008,1209554,548,0,25740,25740,0,0,0,130970872,0,129979928,0,0.000000,0.000000,0.000000,12041,26918,193.73,0,0,0,0,SUCCESS,0,0,warm20,,,,,1,0,14599,719,,,used,,,,20260917-1855
2026-09-17 21:13:52,Pre-HAUSPM,SIGN,68,0,0.003000,0.200,0.008,1225092,554,0,25971,25971,0,0,0,131589149,0,130598018,0,0.000000,0.000000,0.000000,12117,27150,401.03,0,0,0,0,SUCCESS,0,0,warm20,,,,,1,0,15538,728,,,used,,,,20260917-1855
2026-09-17 21:14:19,Pre-HAUSPM,SIGN,69,0,0.003000,0.200,0.008,1246726,560,0,27058,27058,0,0,0,137913641,0,136891857,0,0.000000,0.000000,0.000000,12158,27294,418.15,0,0,0,0,SUCCESS,0,0,warm20,,,,,1,0,21634,737,,,used,,,,20260917-1855
2026-09-17 21:14:47,Pre-HAUSPM,SIGN,70,0,0.003000,0.200,0.008,1265597,566,0,27612,27612,0,0,0,140243450,0,139207881,0,0.000000,0.000000,0.000000,12584,28378,377.65,0,0,0,0,SUCCESS,0,0,warm20,,,,,1,0,18871,750,,,used,,,,20260917-1855
2026-09-17 21:15:15,Pre-HAUSPM,SIGN,71,0,0.003000,0.200,0.008,1283052,572,0,27919,27919,0,0,0,140826464,0,139788920,0,0.000000,0.000000,0.000000,12659,28441,188.93,0,0,0,0,SUCCESS,0,0,warm20,,,,,1,0,17455,762,,,used,,,,20260917-1855
2026-09-17 21:15:44,Pre-HAUSPM,SIGN,72,0,0.003000,0.200,0.008,1300784,578,0,28715,28715,0,0,0,144533017,0,143473202,0,0.000000,0.000000,0.000000,12940,29007,343.26,0,0,0,0,SUCCESS,0,0,warm20,,,,,1,0,17732,772,,,used,,,,20260917-1855
2026-09-17 21:16:13,Pre-HAUSPM,SIGN,73,0,0.003000,0.200,0.008,1316615,584,0,29169,29169,0,0,0,146118210,0,145052421,0,0.000000,0.000000,0.000000,12887,28983,152.56,0,0,0,0,SUCCESS,0,0,warm20,,,,,1,0,15831,783,,,used,,,,20260917-1855
2026-09-17 21:16:43,Pre-HAUSPM,SIGN,74,0,0.003000,0.200,0.008,1330102,590,0,29029,29029,0,0,0,144757249,0,143704650,0,0.000000,0.000000,0.000000,12801,28723,310.15,0,0,0,0,SUCCESS,0,0,warm20,,,,,1,0,13487,792,,,used,,,,20260917-1855
2026-09-17 21:17:12,Pre-HAUSPM,SIGN,75,0,0.003000,0.200,0.008,1342143,596,0,28829,28829,0,0,0,143254355,0,142215573,0,0.000000,0.000000,0.000000,12641,28316,375.16,0,0,0,0,SUCCESS,0,0,warm20,,,,,1,0,12041,800,,,used,,,,20260917-1855
2026-09-17 21:17:40,Pre-HAUSPM,SIGN,76,0,0.003000,0.200,0.008,1352225,602,0,28605,28605,0,0,0,141639923,0,140615109,0,0.000000,0.000000,0.000000,12469,27972,257.62,0,0,0,0,SUCCESS,0,0,warm20,,,,,1,0,10082,808,,,used,,,,20260917-1855
2026-09-17 21:18:09,Pre-HAUSPM,SIGN,77,0,0.003000,0.200,0.008,1364919,608,0,28822,28822,0,0,0,141749308,0,140725714,0,0.000000,0.000000,0.000000,12515,28067,312.66,0,0,0,0,SUCCESS,0,0,warm20,,,,,1,0,12694,814,,,used,,,,20260917-1855
2026-09-17 21:18:39,Pre-HAUSPM,SIGN,78,0,0.003000,0.200,0.008,1378844,614,0,28947,28947,0,0,0,141639414,0,140620092,0,0.000000,0.000000,0.000000,12541,28068,364.47,0,0,0,0,SUCCESS,0,0,warm20,,,,,1,0,13925,821,,,used,,,,20260917-1855
2026-09-17 21:19:08,Pre-HAUSPM,SIGN,79,0,0.003000,0.200,0.008,1390075,620,0,28745,28745,0,0,0,140158075,0,139152029,0,0.000000,0.000000,0.000000,12364,27636,243.08,0,0,0,0,SUCCESS,0,0,warm20,,,,,1,0,11231,830,,,used,,,,20260917-1855
2026-09-17 21:19:36,Pre-HAUSPM,SIGN,80,0,0.003000,0.200,0.008,1404925,626,0,28702,28702,0,0,0,139542030,0,138545957,0,0.000000,0.000000,0.000000,12159,27255,159.49,0,0,0,0,SUCCESS,0,0,warm20,,,,,1,0,14850,837,,,used,,,,20260917-1855
2026-09-17 21:20:05,Pre-HAUSPM,SIGN,81,0,0.003000,0.200,0.008,1419540,632,0,28781,28781,0,0,0,139178909,0,138187066,0,0.000000,0.000000,0.000000,12230,27410,198.26,0,0,0,0,SUCCESS,0,0,warm20,,,,,1,0,14615,845,,,used,,,,20260917-1855
2026-09-17 21:20:35,Pre-HAUSPM,SIGN,82,0,0.003000,0.200,0.008,1430972,638,0,29089,29089,0,0,0,139699716,0,138705051,0,0.000000,0.000000,0.000000,12165,27327,155.96,0,0,0,0,SUCCESS,0,0,warm20,,,,,1,0,11432,854,,,used,,,,20260917-1855
2026-09-17 21:21:04,Pre-HAUSPM,SIGN,83,0,0.003000,0.200,0.008,1446547,644,0,29218,29218,0,0,0,139364770,0,138374288,0,0.000000,0.000000,0.000000,12128,27189,268.99,0,0,0,0,SUCCESS,0,0,warm20,,,,,1,0,15575,861,,,used,,,,20260917-1855
2026-09-17 21:21:34,Pre-HAUSPM,SIGN,84,0,0.003000,0.200,0.008,1466019,650,0,29716,29716,0,0,0,140995861,0,139996989,0,0.000000,0.000000,0.000000,12206,27385,243.75,0,0,0,0,SUCCESS,0,0,warm20,,,,,1,0,19472,871,,,used,,,,20260917-1855
2026-09-17 21:22:04,Pre-HAUSPM,SIGN,85,0,0.003000,0.200,0.008,1477721,656,0,29608,29608,0,0,0,140000489,0,139011383,0,0.000000,0.000000,0.000000,12122,27123,405.08,0,0,0,0,SUCCESS,0,0,warm20,,,,,1,0,11702,882,,,used,,,,20260917-1855
2026-09-17 21:22:33,Pre-HAUSPM,SIGN,86,0,0.003000,0.200,0.008,1489446,662,0,29586,29586,0,0,0,139253336,0,138272051,0,0.000000,0.000000,0.000000,12092,27034,379.83,0,0,0,0,SUCCESS,0,0,warm20,,,,,1,0,11725,889,,,used,,,,20260917-1855
2026-09-17 21:23:04,Pre-HAUSPM,SIGN,87,0,0.003000,0.200,0.008,1504545,668,0,29978,29978,0,0,0,140308464,0,139324018,0,0.000000,0.000000,0.000000,12261,27325,391.25,0,0,0,0,SUCCESS,0,0,warm20,,,,,1,0,15099,896,,,used,,,,20260917-1855
2026-09-17 21:23:34,Pre-HAUSPM,SIGN,88,0,0.003000,0.200,0.008,1520720,674,0,30484,30484,0,0,0,141768005,0,140777235,0,0.000000,0.000000,0.000000,12357,27546,312.51,0,0,0,0,SUCCESS,0,0,warm20,,,,,1,0,16175,905,,,used,,,,20260917-1855
2026-09-17 21:24:05,Pre-HAUSPM,SIGN,89,0,0.003000,0.200,0.008,1534926,680,0,30657,30657,0,0,0,141664588,0,140677293,0,0.000000,0.000000,0.000000,12454,27713,321.09,0,0,0,0,SUCCESS,0,0,warm20,,,,,1,0,14206,915,,,used,,,,20260917-1855
2026-09-17 21:24:37,Pre-HAUSPM,SIGN,90,0,0.003000,0.200,0.008,1553182,686,0,31328,31328,0,0,0,144026977,0,143026814,0,0.000000,0.000000,0.000000,12724,28371,333.59,0,0,0,0,SUCCESS,0,0,warm20,,,,,1,0,18256,924,,,used,,,,20260917-1855
2026-09-17 21:25:09,Pre-HAUSPM,SIGN,91,0,0.003000,0.200,0.008,1569089,692,0,31888,31888,0,0,0,145802741,0,144793713,0,0.000000,0.000000,0.000000,12856,28658,79.97,0,0,0,0,SUCCESS,0,0,warm20,,,,,1,0,15907,935,,,used,,,,20260917-1855
2026-09-17 21:25:41,Pre-HAUSPM,SIGN,92,0,0.003000,0.200,0.008,1586819,698,0,32602,32602,0,0,0,148282579,0,147262089,0,0.000000,0.000000,0.000000,12860,28708,349.25,0,0,0,0,SUCCESS,0,0,warm20,,,,,1,0,17730,944,,,used,,,,20260917-1855
2026-09-17 21:26:15,Pre-HAUSPM,SIGN,93,0,0.003000,0.200,0.008,1606504,704,0,33453,33453,0,0,0,151825814,0,150785814,0,0.000000,0.000000,0.000000,12872,28946,176.31,0,0,0,0,SUCCESS,0,0,warm20,,,,,1,0,19685,955,,,used,,,,20260917-1855
2026-09-17 21:26:49,Pre-HAUSPM,SIGN,94,0,0.003000,0.200,0.008,1616945,710,0,33651,33651,0,0,0,151812047,0,150774293,0,0.000000,0.000000,0.000000,12890,29038,414.63,0,0,0,0,SUCCESS,0,0,warm20,,,,,1,0,10441,967,,,used,,,,20260917-1855
2026-09-17 21:27:23,Pre-HAUSPM,SIGN,95,0,0.003000,0.200,0.008,1631610,716,0,33943,33943,0,0,0,153151246,0,152110391,0,0.000000,0.000000,0.000000,12886,28991,278.00,0,0,0,0,SUCCESS,0,0,warm20,,,,,1,0,14665,973,,,used,,,,20260917-1855
2026-09-17 21:27:58,Pre-HAUSPM,SIGN,96,0,0.003000,0.200,0.008,1649145,722,0,34176,34176,0,0,0,153385586,0,152346864,0,0.000000,0.000000,0.000000,12904,29021,154.99,0,0,0,0,SUCCESS,0,0,warm20,,,,,1,0,17535,982,,,used,,,,20260917-1855
2026-09-17 21:28:32,Pre-HAUSPM,SIGN,97,0,0.003000,0.200,0.008,1663324,728,0,34161,34161,0,0,0,152660495,0,151629501,0,0.000000,0.000000,0.000000,12728,28571,212.00,0,0,0,0,SUCCESS,0,0,warm20,,,,,1,0,14179,992,,,used,,,,20260917-1855
2026-09-17 21:29:06,Pre-HAUSPM,SIGN,98,0,0.003000,0.200,0.008,1668652,730,0,34063,34063,0,0,0,152049944,0,151023735,0,0.000000,0.000000,0.000000,12666,28413,102.96,0,0,0,0,SUCCESS,0,0,warm20,,,,,1,0,5328,1001,,,used,,,,20260917-1855
2026-09-17 21:29:06,Pre-HAUSPM,SIGN,99,0,0.003000,0.200,0.008,1668652,730,0,3,3,0,0,0,0,0,0,0,0.000000,0.000000,0.000000,12666,28413,108.45,0,0,0,0,SUCCESS,0,0,warm20,,,,,0,0,0,1004,,,used,,,,20260917-1855
2026-09-17 21:29:29,Pre-HAUSPM,SIGN,0,1,0.003000,0.200,0.200,319686,146,0,22142,22142,0,0,0,192985412,0,190160260,0,0.000000,0.000000,0.000000,23387,58493,85.13,0,0,0,0,SUCCESS,0,0,warm20,,,,,1,0,319686,0,,,used,,,,20260917-1855
2026-09-17 21:29:51,Pre-HAUSPM,SIGN,1,1,0.003000,0.200,0.008,334092,152,0,22309,22309,0,0,0,191310527,0,188603074,0,0.000000,0.000000,0.000000,23347,57191,369.03,0,0,0,0,SUCCESS,0,0,warm20,,,,,1,0,14406,192,,,used,,,,20260917-1855
2026-09-17 21:30:13,Pre-HAUSPM,SIGN,2,1,0.003000,0.200,0.008,345121,158,0,21919,21919,0,0,0,185430875,0,182854764,0,0.000000,0.000000,0.000000,23125,56725,116.37,0,0,0,0,SUCCESS,0,0,warm20,,,,,1,0,11029,201,,,used,,,,20260917-1855
2026-09-17 21:30:36,Pre-HAUSPM,SIGN,3,1,0.003000,0.200,0.008,358047,164,0,22356,22356,0,0,0,185305928,0,182789449,0,0.000000,0.000000,0.000000,22486,54850,334.87,0,0,0,0,SUCCESS,0,0,warm20,,,,,1,0,12926,208,,,used,,,,20260917-1855
2026-09-17 21:30:58,Pre-HAUSPM,SIGN,4,1,0.003000,0.200,0.008,369331,170,0,21529,21529,0,0,0,176218472,0,173862062,0,0.000000,0.000000,0.000000,21958,52348,272.24,0,0,0,0,SUCCESS,0,0,warm20,,,,,1,0,11284,215,,,used,,,,20260917-1855
2026-09-17 21:31:19,Pre-HAUSPM,SIGN,5,1,0.003000,0.200,0.008,383289,176,0,21711,21711,0,0,0,174965030,0,172692226,0,0.000000,0.000000,0.000000,21751,50861,448.99,0,0,0,0,SUCCESS,0,0,warm20,,,,,1,0,13958,222,,,used,,,,20260917-1855
2026-09-17 21:31:41,Pre-HAUSPM,SIGN,6,1,0.003000,0.200,0.008,393230,182,0,21276,21276,0,0,0,169314751,0,167146636,0,0.000000,0.000000,0.000000,21796,50485,553.63,0,0,0,0,SUCCESS,0,0,warm20,,,,,1,0,9941,231,,,used,,,,20260917-1855
2026-09-17 21:32:02,Pre-HAUSPM,SIGN,7,1,0.003000,0.200,0.008,408594,188,0,20672,20672,0,0,0,162461409,0,160430787,0,0.000000,0.000000,0.000000,20533,47503,280.78,0,0,0,0,SUCCESS,0,0,warm20,,,,,1,0,15364,237,,,used,,,,20260917-1855
2026-09-17 21:32:24,Pre-HAUSPM,SIGN,8,1,0.003000,0.200,0.008,428453,194,0,21851,21851,0,0,0,170832772,0,168749391,0,0.000000,0.000000,0.000000,20113,47452,310.58,0,0,0,0,SUCCESS,0,0,warm20,,,,,1,0,19859,246,,,used,,,,20260917-1855
2026-09-17 21:32:49,Pre-HAUSPM,SIGN,9,1,0.003000,0.200,0.008,446004,200,0,24935,24935,0,0,0,195511272,0,193152591,0,0.000000,0.000000,0.000000,19376,45388,109.33,0,0,0,0,SUCCESS,0,0,warm20,,,,,1,0,17551,258,,,used,,,,20260917-1855
2026-09-17 21:33:13,Pre-HAUSPM,SIGN,10,1,0.003000,0.200,0.008,456476,206,0,24107,24107,0,0,0,187143471,0,184912832,0,0.000000,0.000000,0.000000,18895,43856,451.48,0,0,0,0,SUCCESS,0,0,warm20,,,,,1,0,10472,268,,,used,,,,20260917-1855
2026-09-17 21:33:37,Pre-HAUSPM,SIGN,11,1,0.003000,0.200,0.008,466138,212,0,23352,23352,0,0,0,179750698,0,177633188,0,0.000000,0.000000,0.000000,18242,41996,520.90,0,0,0,0,SUCCESS,0,0,warm20,,,,,1,0,9662,275,,,used,,,,20260917-1855
2026-09-17 21:34:00,Pre-HAUSPM,SIGN,12,1,0.003000,0.200,0.008,480433,218,0,23546,23546,0,0,0,178479034,0,176421826,0,0.000000,0.000000,0.000000,18295,41804,262.24,0,0,0,0,SUCCESS,0,0,warm20,,,,,1,0,14295,281,,,used,,,,20260917-1855
2026-09-17 21:34:25,Pre-HAUSPM,SIGN,13,1,0.003000,0.200,0.008,496413,224,0,24398,24398,0,0,0,181639504,0,179602054,0,0.000000,0.000000,0.000000,19145,43866,380.13,0,0,0,0,SUCCESS,0,0,warm20,,,,,1,0,15980,289,,,used,,,,20260917-1855
2026-09-17 21:34:49,Pre-HAUSPM,SIGN,14,1,0.003000,0.200,0.008,507190,230,0,24140,24140,0,0,0,177807932,0,175834119,0,0.000000,0.000000,0.000000,18586,42577,641.38,0,0,0,0,SUCCESS,0,0,warm20,,,,,1,0,10777,299,,,used,,,,20260917-1855
2026-09-17 21:35:15,Pre-HAUSPM,SIGN,15,1,0.003000,0.200,0.008,518654,236,0,25514,25514,0,0,0,184510125,0,182494752,0,0.000000,0.000000,0.000000,19660,44940,357.13,0,0,0,0,SUCCESS,0,0,warm20,,,,,1,0,11464,305,,,used,,,,20260917-1855
2026-09-17 21:35:42,Pre-HAUSPM,SIGN,16,1,0.003000,0.200,0.008,536314,242,0,27276,27276,0,0,0,193174738,0,191106733,0,0.000000,0.000000,0.000000,20004,45870,428.58,0,0,0,0,SUCCESS,0,0,warm20,,,,,1,0,17660,312,,,used,,,,20260917-1855
2026-09-17 21:36:09,Pre-HAUSPM,SIGN,17,1,0.003000,0.200,0.008,544548,248,0,26733,26733,0,0,0,188229059,0,186231270,0,0.000000,0.000000,0.000000,19532,44618,347.99,0,0,0,0,SUCCESS,0,0,warm20,,,,,1,0,8234,323,,,used,,,,20260917-1855
2026-09-17 21:36:36,Pre-HAUSPM,SIGN,18,1,0.003000,0.200,0.008,556990,254,0,26456,26456,0,0,0,184787353,0,182855941,0,0.000000,0.000000,0.000000,18960,43382,378.33,0,0,0,0,SUCCESS,0,0,warm20,,,,,1,0,12442,328,,,used,,,,20260917-1855
2026-09-17 21:37:03,Pre-HAUSPM,SIGN,19,1,0.003000,0.200,0.008,569490,260,0,26653,26653,0,0,0,183860310,0,181955340,0,0.000000,0.000000,0.000000,18933,43343,264.53,0,0,0,0,SUCCESS,0,0,warm20,,,,,1,0,12500,335,,,used,,,,20260917-1855
2026-09-17 21:37:31,Pre-HAUSPM,SIGN,20,1,0.003000,0.200,0.008,587283,266,0,28261,28261,0,0,0,195235168,0,193267539,0,0.000000,0.000000,0.000000,18422,42182,454.18,0,0,0,0,SUCCESS,0,0,warm20,,,,,1,0,17793,343,,,used,,,,20260917-1855
2026-09-17 21:38:00,Pre-HAUSPM,SIGN,21,1,0.003000,0.200,0.008,601918,272,0,28288,28288,0,0,0,193787685,0,191856339,0,0.000000,0.000000,0.000000,18161,41443,523.94,0,0,0,0,SUCCESS,0,0,warm20,,,,,1,0,14635,353,,,used,,,,20260917-1855
2026-09-17 21:38:28,Pre-HAUSPM,SIGN,22,1,0.003000,0.200,0.008,613134,278,0,28358,28358,0,0,0,192310379,0,190412716,0,0.000000,0.000000,0.000000,18187,41362,473.28,0,0,0,0,SUCCESS,0,0,warm20,,,,,1,0,11216,362,,,used,,,,20260917-1855
2026-09-17 21:38:56,Pre-HAUSPM,SIGN,23,1,0.003000,0.200,0.008,625156,284,0,27464,27464,0,0,0,185075905,0,183265900,0,0.000000,0.000000,0.000000,17486,39616,157.67,0,0,0,0,SUCCESS,0,0,warm20,,,,,1,0,12022,369,,,used,,,,20260917-1855
2026-09-17 21:39:23,Pre-HAUSPM,SIGN,24,1,0.003000,0.200,0.008,639272,290,0,26867,26867,0,0,0,179745467,0,178009236,0,0.000000,0.000000,0.000000,17307,38871,194.10,0,0,0,0,SUCCESS,0,0,warm20,,,,,1,0,14116,376,,,used,,,,20260917-1855
2026-09-17 21:39:50,Pre-HAUSPM,SIGN,25,1,0.003000,0.200,0.008,650468,296,0,26920,26920,0,0,0,178388315,0,176681829,0,0.000000,0.000000,0.000000,17338,38779,93.94,0,0,0,0,SUCCESS,0,0,warm20,,,,,1,0,11196,385,,,used,,,,20260917-1855
2026-09-17 21:40:17,Pre-HAUSPM,SIGN,26,1,0.003000,0.200,0.008,661807,302,0,26891,26891,0,0,0,176929800,0,175246893,0,0.000000,0.000000,0.000000,16997,37896,114.05,0,0,0,0,SUCCESS,0,0,warm20,,,,,1,0,11339,391,,,used,,,,20260917-1855
2026-09-17 21:40:44,Pre-HAUSPM,SIGN,27,1,0.003000,0.200,0.008,671849,308,0,26370,26370,0,0,0,172480210,0,170849325,0,0.000000,0.000000,0.000000,16446,36682,302.38,0,0,0,0,SUCCESS,0,0,warm20,,,,,1,0,10042,398,,,used,,,,20260917-1855
2026-09-17 21:41:10,Pre-HAUSPM,SIGN,28,1,0.003000,0.200,0.008,682126,314,0,26273,26273,0,0,0,170563672,0,168961584,0,0.000000,0.000000,0.000000,16420,36556,298.68,0,0,0,0,SUCCESS,0,0,warm20,,,,,1,0,10277,404,,,used,,,,20260917-1855
2026-09-17 21:41:37,Pre-HAUSPM,SIGN,29,1,0.003000,0.200,0.008,695776,320,0,27220,27220,0,0,0,174106918,0,172484477,0,0.000000,0.000000,0.000000,16853,37702,437.71,0,0,0,0,SUCCESS,0,0,warm20,,,,,1,0,13650,411,,,used,,,,20260917-1855
2026-09-17 21:42:05,Pre-HAUSPM,SIGN,30,1,0.003000,0.200,0.008,707653,326,0,26977,26977,0,0,0,171235839,0,169649762,0,0.000000,0.000000,0.000000,16464,36776,417.02,0,0,0,0,SUCCESS,0,0,warm20,,,,,1,0,11877,419,,,used,,,,20260917-1855
2026-09-17 21:42:31,Pre-HAUSPM,SIGN,31,1,0.003000,0.200,0.008,720279,332,0,26429,26429,0,0,0,166667451,0,165133644,0,0.000000,0.000000,0.000000,15898,35360,469.04,0,0,0,0,SUCCESS,0,0,warm20,,,,,1,0,12626,426,,,used,,,,20260917-1855
2026-09-17 21:42:58,Pre-HAUSPM,SIGN,32,1,0.003000,0.200,0.008,730705,338,0,26337,26338,0,0,0,164766132,0,163259521,0,0.000000,0.000000,0.000000,15828,35283,177.17,0,0,0,0,SUCCESS,0,0,warm20,,,,,1,0,10426,433,,,used,,,,20260917-1855
2026-09-17 21:43:24,Pre-HAUSPM,SIGN,33,1,0.003000,0.200,0.008,744420,344,0,26468,26468,0,0,0,163636209,0,162153212,0,0.000000,0.000000,0.000000,16554,36879,324.94,0,0,0,0,SUCCESS,0,0,warm20,,,,,1,0,13715,440,,,used,,,,20260917-1855
2026-09-17 21:43:51,Pre-HAUSPM,SIGN,34,1,0.003000,0.200,0.008,756980,350,0,26871,26871,0,0,0,164073201,0,162594948,0,0.000000,0.000000,0.000000,16743,37423,259.05,0,0,0,0,SUCCESS,0,0,warm20,,,,,1,0,12560,448,,,used,,,,20260917-1855
2026-09-17 21:44:18,Pre-HAUSPM,SIGN,35,1,0.003000,0.200,0.008,768219,356,0,26687,26687,0,0,0,161606579,0,160158810,0,0.000000,0.000000,0.000000,16721,37249,167.18,0,0,0,0,SUCCESS,0,0,warm20,,,,,1,0,11239,456,,,used,,,,20260917-1855
2026-09-17 21:44:45,Pre-HAUSPM,SIGN,36,1,0.003000,0.200,0.008,777786,362,0,26704,26704,0,0,0,160438957,0,159008151,0,0.000000,0.000000,0.000000,16692,37287,321.73,0,0,0,0,SUCCESS,0,0,warm20,,,,,1,0,9567,462,,,used,,,,20260917-1855
2026-09-17 21:45:13,Pre-HAUSPM,SIGN,37,1,0.003000,0.200,0.008,790994,368,0,27301,27301,0,0,0,162476627,0,161042062,0,0.000000,0.000000,0.000000,16986,37956,390.28,0,0,0,0,SUCCESS,0,0,warm20,,,,,1,0,13208,468,,,used,,,,20260917-1855
2026-09-17 21:45:40,Pre-HAUSPM,SIGN,38,1,0.003000,0.200,0.008,803248,374,0,27169,27169,0,0,0,160357570,0,158949074,0,0.000000,0.000000,0.000000,16821,37555,355.93,0,0,0,0,SUCCESS,0,0,warm20,,,,,1,0,12254,476,,,used,,,,20260917-1855
2026-09-17 21:46:07,Pre-HAUSPM,SIGN,39,1,0.003000,0.200,0.008,817420,380,0,27183,27183,0,0,0,159236421,0,157847499,0,0.000000,0.000000,0.000000,16757,37525,456.02,0,0,0,0,SUCCESS,0,0,warm20,,,,,1,0,14172,483,,,used,,,,20260917-1855
2026-09-17 21:46:35,Pre-HAUSPM,SIGN,40,1,0.003000,0.200,0.008,828605,386,0,27275,27275,0,0,0,158922308,0,157540184,0,0.000000,0.000000,0.000000,16796,37699,262.70,0,0,0,0,SUCCESS,0,0,warm20,,,,,1,0,11185,492,,,used,,,,20260917-1855
2026-09-17 21:47:02,Pre-HAUSPM,SIGN,41,1,0.003000,0.200,0.008,840915,392,0,27401,27401,0,0,0,158591644,0,157223971,0,0.000000,0.000000,0.000000,16767,37558,302.40,0,0,0,0,SUCCESS,0,0,warm20,,,,,1,0,12310,499,,,used,,,,20260917-1855
2026-09-17 21:47:30,Pre-HAUSPM,SIGN,42,1,0.003000,0.200,0.008,851890,398,0,27524,27524,0,0,0,158095627,0,156737995,0,0.000000,0.000000,0.000000,17093,38284,400.34,0,0,0,0,SUCCESS,0,0,warm20,,,,,1,0,10975,506,,,used,,,,20260917-1855
2026-09-17 21:47:58,Pre-HAUSPM,SIGN,43,1,0.003000,0.200,0.008,867106,404,0,27679,27679,0,0,0,158319979,0,156972502,0,0.000000,0.000000,0.000000,16906,37788,388.83,0,0,0,0,SUCCESS,0,0,warm20,,,,,1,0,15216,513,,,used,,,,20260917-1855
2026-09-17 21:48:26,Pre-HAUSPM,SIGN,44,1,0.003000,0.200,0.008,884460,410,0,27730,27730,0,0,0,157385557,0,156052136,0,0.000000,0.000000,0.000000,16490,36978,402.96,0,0,0,0,SUCCESS,0,0,warm20,,,,,1,0,17354,522,,,used,,,,20260917-1855
2026-09-17 21:48:53,Pre-HAUSPM,SIGN,45,1,0.003000,0.200,0.008,901027,416,0,27374,27374,0,0,0,154388008,0,153088039,0,0.000000,0.000000,0.000000,15893,35711,221.42,0,0,0,0,SUCCESS,0,0,warm20,,,,,1,0,16567,532,,,used,,,,20260917-1855
2026-09-17 21:49:21,Pre-HAUSPM,SIGN,46,1,0.003000,0.200,0.008,916886,422,0,27266,27266,0,0,0,152787167,0,151508695,0,0.000000,0.000000,0.000000,15488,34847,467.84,0,0,0,0,SUCCESS,0,0,warm20,,,,,1,0,15859,542,,,used,,,,20260917-1855
2026-09-17 21:49:48,Pre-HAUSPM,SIGN,47,1,0.003000,0.200,0.008,933116,428,0,27001,27001,0,0,0,150607623,0,149354455,0,0.000000,0.000000,0.000000,15117,34004,69.25,0,0,0,0,SUCCESS,0,0,warm20,,,,,1,0,16230,552,,,used,,,,20260917-1855
2026-09-17 21:50:15,Pre-HAUSPM,SIGN,48,1,0.003000,0.200,0.008,947537,434,0,26791,26791,0,0,0,148750779,0,147519206,0,0.000000,0.000000,0.000000,14733,33154,93.74,0,0,0,0,SUCCESS,0,0,warm20,,,,,1,0,14421,562,,,used,,,,20260917-1855
2026-09-17 21:50:42,Pre-HAUSPM,SIGN,49,1,0.003000,0.200,0.008,957204,440,0,26491,26491,0,0,0,146408699,0,145200316,0,0.000000,0.000000,0.000000,14599,32698,91.15,0,0,0,0,SUCCESS,0,0,warm20,,,,,1,0,9667,570,,,used,,,,20260917-1855
2026-09-17 21:51:08,Pre-HAUSPM,SIGN,50,1,0.003000,0.200,0.008,967022,446,0,26408,26408,0,0,0,145183073,0,143989438,0,0.000000,0.000000,0.000000,14609,32624,344.78,0,0,0,0,SUCCESS,0,0,warm20,,,,,1,0,9818,576,,,used,,,,20260917-1855
2026-09-17 21:51:35,Pre-HAUSPM,SIGN,51,1,0.003000,0.200,0.008,979636,452,0,26751,26751,0,0,0,146282487,0,145085695,0,0.000000,0.000000,0.000000,14554,32458,379.72,0,0,0,0,SUCCESS,0,0,warm20,,,,,1,0,12614,582,,,used,,,,20260917-1855
2026-09-17 21:52:02,Pre-HAUSPM,SIGN,52,1,0.003000,0.200,0.008,990505,458,0,26549,26549,0,0,0,144428401,0,143250838,0,0.000000,0.000000,0.000000,14363,32026,206.24,0,0,0,0,SUCCESS,0,0,warm20,,,,,1,0,10869,590,,,used,,,,20260917-1855
2026-09-17 21:52:28,Pre-HAUSPM,SIGN,53,1,0.003000,0.200,0.008,1001386,464,0,26123,26123,0,0,0,141530822,0,140380899,0,0.000000,0.000000,0.000000,14056,31274,324.80,0,0,0,0,SUCCESS,0,0,warm20,,,,,1,0,10881,596,,,used,,,,20260917-1855
2026-09-17 21:52:55,Pre-HAUSPM,SIGN,54,1,0.003000,0.200,0.008,1016244,470,0,26267,26267,0,0,0,141524229,0,140381544,0,0.000000,0.000000,0.000000,13905,30965,193.52,0,0,0,0,SUCCESS,0,0,warm20,,,,,1,0,14858,603,,,used,,,,20260917-1855
2026-09-17 21:53:21,Pre-HAUSPM,SIGN,55,1,0.003000,0.200,0.008,1027129,476,0,26321,26321,0,0,0,140772970,0,139640415,0,0.000000,0.000000,0.000000,13871,30839,331.93,0,0,0,0,SUCCESS,0,0,warm20,,,,,1,0,10885,612,,,used,,,,20260917-1855
2026-09-17 21:53:48,Pre-HAUSPM,SIGN,56,1,0.003000,0.200,0.008,1047408,482,0,26217,26217,0,0,0,140359358,0,139239449,0,0.000000,0.000000,0.000000,13478,29927,347.75,0,0,0,0,SUCCESS,0,0,warm20,,,,,1,0,20279,618,,,used,,,,20260917-1855
2026-09-17 21:54:14,Pre-HAUSPM,SIGN,57,1,0.003000,0.200,0.008,1060421,488,0,26159,26160,0,0,0,139139438,0,138032339,0,0.000000,0.000000,0.000000,13277,29502,115.31,0,0,0,0,SUCCESS,0,0,warm20,,,,,1,0,13013,630,,,used,,,,20260917-1855
2026-09-17 21:54:40,Pre-HAUSPM,SIGN,58,1,0.003000,0.200,0.008,1079371,494,0,26099,26099,0,0,0,138164884,0,137071456,0,0.000000,0.000000,0.000000,13241,29610,387.14,0,0,0,0,SUCCESS,0,0,warm20,,,,,1,0,18950,638,,,used,,,,20260917-1855
2026-09-17 21:55:06,Pre-HAUSPM,SIGN,59,1,0.003000,0.200,0.008,1096747,500,0,26125,26125,0,0,0,137898195,0,136810521,0,0.000000,0.000000,0.000000,13167,29545,498.58,0,0,0,0,SUCCESS,0,0,warm20,,,,,1,0,17376,650,,,used,,,,20260917-1855
2026-09-17 21:55:33,Pre-HAUSPM,SIGN,60,1,0.003000,0.200,0.008,1110602,506,0,26015,26015,0,0,0,136605777,0,135532593,0,0.000000,0.000000,0.000000,13007,29076,314.23,0,0,0,0,SUCCESS,0,0,warm20,,,,,1,0,13855,660,,,used,,,,20260917-1855
2026-09-17 21:55:59,Pre-HAUSPM,SIGN,61,1,0.003000,0.200,0.008,1124744,512,0,25903,25903,0,0,0,135495873,0,134437554,0,0.000000,0.000000,0.000000,12882,28793,514.12,0,0,0,0,SUCCESS,0,0,warm20,,,,,1,0,14142,668,,,used,,,,20260917-1855
2026-09-17 21:56:25,Pre-HAUSPM,SIGN,62,1,0.003000,0.200,0.008,1139446,518,0,26016,26016,0,0,0,135648178,0,134596099,0,0.000000,0.000000,0.000000,12846,28682,713.11,0,0,0,0,SUCCESS,0,0,warm20,,,,,1,0,14702,677,,,used,,,,20260917-1855
2026-09-17 21:56:51,Pre-HAUSPM,SIGN,63,1,0.003000,0.200,0.008,1156811,524,0,26083,26083,0,0,0,135140781,0,134101872,0,0.000000,0.000000,0.000000,12821,28608,169.79,0,0,0,0,SUCCESS,0,0,warm20,,,,,1,0,17365,686,,,used,,,,20260917-1855
2026-09-17 21:57:17,Pre-HAUSPM,SIGN,64,1,0.003000,0.200,0.008,1169601,530,0,26093,26093,0,0,0,134595691,0,133565833,0,0.000000,0.000000,0.000000,12622,28248,153.75,0,0,0,0,SUCCESS,0,0,warm20,,,,,1,0,12790,696,,,used,,,,20260917-1855
2026-09-17 21:57:43,Pre-HAUSPM,SIGN,65,1,0.003000,0.200,0.008,1183474,536,0,26054,26054,0,0,0,133662857,0,132643748,0,0.000000,0.000000,0.000000,12433,27838,481.53,0,0,0,0,SUCCESS,0,0,warm20,,,,,1,0,13873,704,,,used,,,,20260917-1855
2026-09-17 21:58:09,Pre-HAUSPM,SIGN,66,1,0.003000,0.200,0.008,1194955,542,0,25909,25909,0,0,0,132361068,0,131354867,0,0.000000,0.000000,0.000000,12294,27511,376.87,0,0,0,0,SUCCESS,0,0,warm20,,,,,1,0,11481,712,,,used,,,,20260917-1855
2026-09-17 21:58:35,Pre-HAUSPM,SIGN,67,1,0.003000,0.200,0.008,1209554,548,0,25742,25742,0,0,0,130970872,0,129979928,0,0.000000,0.000000,0.000000,12041,26918,264.18,0,0,0,0,SUCCESS,0,0,warm20,,,,,1,0,14599,719,,,used,,,,20260917-1855
2026-09-17 21:59:01,Pre-HAUSPM,SIGN,68,1,0.003000,0.200,0.008,1225092,554,0,25974,25974,0,0,0,131589149,0,130598018,0,0.000000,0.000000,0.000000,12117,27150,175.80,0,0,0,0,SUCCESS,0,0,warm20,,,,,1,0,15538,728,,,used,,,,20260917-1855
2026-09-17 21:59:29,Pre-HAUSPM,SIGN,69,1,0.003000,0.200,0.008,1246726,560,0,27068,27068,0,0,0,137913641,0,136891857,0,0.000000,0.000000,0.000000,12158,27294,223.30,0,0,0,0,SUCCESS,0,0,warm20,,,,,1,0,21634,737,,,used,,,,20260917-1855
2026-09-17 21:59:56,Pre-HAUSPM,SIGN,70,1,0.003000,0.200,0.008,1265597,566,0,27619,27619,0,0,0,140243450,0,139207881,0,0.000000,0.000000,0.000000,12584,28378,343.25,0,0,0,0,SUCCESS,0,0,warm20,,,,,1,0,18871,750,,,used,,,,20260917-1855
2026-09-17 22:00:24,Pre-HAUSPM,SIGN,71,1,0.003000,0.200,0.008,1283052,572,0,27929,27929,0,0,0,140826464,0,139788920,0,0.000000,0.000000,0.000000,12659,28441,191.68,0,0,0,0,SUCCESS,0,0,warm20,,,,,1,0,17455,762,,,used,,,,20260917-1855
2026-09-17 22:00:53,Pre-HAUSPM,SIGN,72,1,0.003000,0.200,0.008,1300784,578,0,28705,28705,0,0,0,144533017,0,143473202,0,0.000000,0.000000,0.000000,12940,29007,312.13,0,0,0,0,SUCCESS,0,0,warm20,,,,,1,0,17732,772,,,used,,,,20260917-1855
2026-09-17 22:01:23,Pre-HAUSPM,SIGN,73,1,0.003000,0.200,0.008,1316615,584,0,29162,29162,0,0,0,146118210,0,145052421,0,0.000000,0.000000,0.000000,12887,28983,432.85,0,0,0,0,SUCCESS,0,0,warm20,,,,,1,0,15831,783,,,used,,,,20260917-1855
2026-09-17 22:01:52,Pre-HAUSPM,SIGN,74,1,0.003000,0.200,0.008,1330102,590,0,29019,29019,0,0,0,144757249,0,143704650,0,0.000000,0.000000,0.000000,12801,28723,457.11,0,0,0,0,SUCCESS,0,0,warm20,,,,,1,0,13487,792,,,used,,,,20260917-1855
2026-09-17 22:02:21,Pre-HAUSPM,SIGN,75,1,0.003000,0.200,0.008,1342143,596,0,28828,28828,0,0,0,143254355,0,142215573,0,0.000000,0.000000,0.000000,12641,28316,257.45,0,0,0,0,SUCCESS,0,0,warm20,,,,,1,0,12041,800,,,used,,,,20260917-1855
2026-09-17 22:02:49,Pre-HAUSPM,SIGN,76,1,0.003000,0.200,0.008,1352225,602,0,28596,28596,0,0,0,141639923,0,140615109,0,0.000000,0.000000,0.000000,12469,27972,161.44,0,0,0,0,SUCCESS,0,0,warm20,,,,,1,0,10082,808,,,used,,,,20260917-1855
2026-09-17 22:03:18,Pre-HAUSPM,SIGN,77,1,0.003000,0.200,0.008,1364919,608,0,28808,28808,0,0,0,141749308,0,140725714,0,0.000000,0.000000,0.000000,12515,28067,241.80,0,0,0,0,SUCCESS,0,0,warm20,,,,,1,0,12694,814,,,used,,,,20260917-1855
2026-09-17 22:03:48,Pre-HAUSPM,SIGN,78,1,0.003000,0.200,0.008,1378844,614,0,28939,28939,0,0,0,141639414,0,140620092,0,0.000000,0.000000,0.000000,12541,28068,490.24,0,0,0,0,SUCCESS,0,0,warm20,,,,,1,0,13925,821,,,used,,,,20260917-1855
2026-09-17 22:04:16,Pre-HAUSPM,SIGN,79,1,0.003000,0.200,0.008,1390075,620,0,28746,28746,0,0,0,140158075,0,139152029,0,0.000000,0.000000,0.000000,12364,27636,401.83,0,0,0,0,SUCCESS,0,0,warm20,,,,,1,0,11231,830,,,used,,,,20260917-1855
2026-09-17 22:04:45,Pre-HAUSPM,SIGN,80,1,0.003000,0.200,0.008,1404925,626,0,28699,28699,0,0,0,139542030,0,138545957,0,0.000000,0.000000,0.000000,12159,27255,225.64,0,0,0,0,SUCCESS,0,0,warm20,,,,,1,0,14850,837,,,used,,,,20260917-1855
2026-09-17 22:05:14,Pre-HAUSPM,SIGN,81,1,0.003000,0.200,0.008,1419540,632,0,28796,28796,0,0,0,139178909,0,138187066,0,0.000000,0.000000,0.000000,12230,27410,266.18,0,0,0,0,SUCCESS,0,0,warm20,,,,,1,0,14615,845,,,used,,,,20260917-1855
2026-09-17 22:05:43,Pre-HAUSPM,SIGN,82,1,0.003000,0.200,0.008,1430972,638,0,29108,29108,0,0,0,139699716,0,138705051,0,0.000000,0.000000,0.000000,12165,27327,410.19,0,0,0,0,SUCCESS,0,0,warm20,,,,,1,0,11432,854,,,used,,,,20260917-1855
2026-09-17 22:06:13,Pre-HAUSPM,SIGN,83,1,0.003000,0.200,0.008,1446547,644,0,29241,29241,0,0,0,139364770,0,138374288,0,0.000000,0.000000,0.000000,12128,27189,426.03,0,0,0,0,SUCCESS,0,0,warm20,,,,,1,0,15575,861,,,used,,,,20260917-1855
2026-09-17 22:06:43,Pre-HAUSPM,SIGN,84,1,0.003000,0.200,0.008,1466019,650,0,29734,29734,0,0,0,140995861,0,139996989,0,0.000000,0.000000,0.000000,12206,27385,210.03,0,0,0,0,SUCCESS,0,0,warm20,,,,,1,0,19472,871,,,used,,,,20260917-1855
2026-09-17 22:07:13,Pre-HAUSPM,SIGN,85,1,0.003000,0.200,0.008,1477721,656,0,29628,29628,0,0,0,140000489,0,139011383,0,0.000000,0.000000,0.000000,12122,27123,466.14,0,0,0,0,SUCCESS,0,0,warm20,,,,,1,0,11702,882,,,used,,,,20260917-1855
2026-09-17 22:07:42,Pre-HAUSPM,SIGN,86,1,0.003000,0.200,0.008,1489446,662,0,29603,29603,0,0,0,139253336,0,138272051,0,0.000000,0.000000,0.000000,12092,27034,346.13,0,0,0,0,SUCCESS,0,0,warm20,,,,,1,0,11725,889,,,used,,,,20260917-1855
2026-09-17 22:08:12,Pre-HAUSPM,SIGN,87,1,0.003000,0.200,0.008,1504545,668,0,29990,29990,0,0,0,140308464,0,139324018,0,0.000000,0.000000,0.000000,12261,27325,385.34,0,0,0,0,SUCCESS,0,0,warm20,,,,,1,0,15099,896,,,used,,,,20260917-1855
2026-09-17 22:08:43,Pre-HAUSPM,SIGN,88,1,0.003000,0.200,0.008,1520720,674,0,30496,30496,0,0,0,141768005,0,140777235,0,0.000000,0.000000,0.000000,12357,27546,82.12,0,0,0,0,SUCCESS,0,0,warm20,,,,,1,0,16175,905,,,used,,,,20260917-1855
2026-09-17 22:09:14,Pre-HAUSPM,SIGN,89,1,0.003000,0.200,0.008,1534926,680,0,30668,30668,0,0,0,141664588,0,140677293,0,0.000000,0.000000,0.000000,12454,27713,180.90,0,0,0,0,SUCCESS,0,0,warm20,,,,,1,0,14206,915,,,used,,,,20260917-1855
2026-09-17 22:09:45,Pre-HAUSPM,SIGN,90,1,0.003000,0.200,0.008,1553182,686,0,31343,31343,0,0,0,144026977,0,143026814,0,0.000000,0.000000,0.000000,12724,28371,420.18,0,0,0,0,SUCCESS,0,0,warm20,,,,,1,0,18256,924,,,used,,,,20260917-1855
2026-09-17 22:10:17,Pre-HAUSPM,SIGN,91,1,0.003000,0.200,0.008,1569089,692,0,31907,31907,0,0,0,145802741,0,144793713,0,0.000000,0.000000,0.000000,12856,28658,357.23,0,0,0,0,SUCCESS,0,0,warm20,,,,,1,0,15907,935,,,used,,,,20260917-1855
2026-09-17 22:10:50,Pre-HAUSPM,SIGN,92,1,0.003000,0.200,0.008,1586819,698,0,32617,32617,0,0,0,148282579,0,147262089,0,0.000000,0.000000,0.000000,12860,28708,150.81,0,0,0,0,SUCCESS,0,0,warm20,,,,,1,0,17730,944,,,used,,,,20260917-1855
2026-09-17 22:11:24,Pre-HAUSPM,SIGN,93,1,0.003000,0.200,0.008,1606504,704,0,33468,33468,0,0,0,151825814,0,150785814,0,0.000000,0.000000,0.000000,12872,28946,193.63,0,0,0,0,SUCCESS,0,0,warm20,,,,,1,0,19685,955,,,used,,,,20260917-1855
2026-09-17 22:11:58,Pre-HAUSPM,SIGN,94,1,0.003000,0.200,0.008,1616945,710,0,33664,33664,0,0,0,151812047,0,150774293,0,0.000000,0.000000,0.000000,12890,29038,428.54,0,0,0,0,SUCCESS,0,0,warm20,,,,,1,0,10441,967,,,used,,,,20260917-1855
2026-09-17 22:12:32,Pre-HAUSPM,SIGN,95,1,0.003000,0.200,0.008,1631610,716,0,33957,33957,0,0,0,153151246,0,152110391,0,0.000000,0.000000,0.000000,12886,28991,49.53,0,0,0,0,SUCCESS,0,0,warm20,,,,,1,0,14665,973,,,used,,,,20260917-1855
2026-09-17 22:13:06,Pre-HAUSPM,SIGN,96,1,0.003000,0.200,0.008,1649145,722,0,34169,34169,0,0,0,153385586,0,152346864,0,0.000000,0.000000,0.000000,12904,29021,68.02,0,0,0,0,SUCCESS,0,0,warm20,,,,,1,0,17535,982,,,used,,,,20260917-1855
2026-09-17 22:13:41,Pre-HAUSPM,SIGN,97,1,0.003000,0.200,0.008,1663324,728,0,34131,34131,0,0,0,152660495,0,151629501,0,0.000000,0.000000,0.000000,12728,28571,256.19,0,0,0,0,SUCCESS,0,0,warm20,,,,,1,0,14179,992,,,used,,,,20260917-1855
2026-09-17 22:14:15,Pre-HAUSPM,SIGN,98,1,0.003000,0.200,0.008,1668652,730,0,34040,34040,0,0,0,152049944,0,151023735,0,0.000000,0.000000,0.000000,12666,28413,322.86,0,0,0,0,SUCCESS,0,0,warm20,,,,,1,0,5328,1001,,,used,,,,20260917-1855
2026-09-17 22:14:15,Pre-HAUSPM,SIGN,99,1,0.003000,0.200,0.008,1668652,730,0,9,9,0,0,0,0,0,0,0,0.000000,0.000000,0.000000,12666,28413,329.31,0,0,0,0,SUCCESS,0,0,warm20,,,,,0,0,0,1004,,,used,,,,20260917-1855
2026-09-17 22:14:38,Pre-HAUSPM,SIGN,0,2,0.003000,0.200,0.200,319686,146,0,22088,22088,0,0,0,192985412,0,190160260,0,0.000000,0.000000,0.000000,23387,58493,47.48,0,0,0,0,SUCCESS,0,0,warm20,,,,,1,0,319686,0,,,used,,,,20260917-1855
2026-09-17 22:15:00,Pre-HAUSPM,SIGN,1,2,0.003000,0.200,0.008,334092,152,0,22294,22295,0,0,0,191310527,0,188603074,0,0.000000,0.000000,0.000000,23347,57191,306.76,0,0,0,0,SUCCESS,0,0,warm20,,,,,1,0,14406,192,,,used,,,,20260917-1855
2026-09-17 22:15:22,Pre-HAUSPM,SIGN,2,2,0.003000,0.200,0.008,345121,158,0,21896,21896,0,0,0,185430875,0,182854764,0,0.000000,0.000000,0.000000,23125,56725,622.03,0,0,0,0,SUCCESS,0,0,warm20,,,,,1,0,11029,201,,,used,,,,20260917-1855
2026-09-17 22:15:45,Pre-HAUSPM,SIGN,3,2,0.003000,0.200,0.008,358047,164,0,22321,22321,0,0,0,185305928,0,182789449,0,0.000000,0.000000,0.000000,22486,54850,544.49,0,0,0,0,SUCCESS,0,0,warm20,,,,,1,0,12926,208,,,used,,,,20260917-1855
2026-09-17 22:16:06,Pre-HAUSPM,SIGN,4,2,0.003000,0.200,0.008,369331,170,0,21501,21501,0,0,0,176218472,0,173862062,0,0.000000,0.000000,0.000000,21958,52348,353.99,0,0,0,0,SUCCESS,0,0,warm20,,,,,1,0,11284,215,,,used,,,,20260917-1855
2026-09-17 22:16:28,Pre-HAUSPM,SIGN,5,2,0.003000,0.200,0.008,383289,176,0,21672,21672,0,0,0,174965030,0,172692226,0,0.000000,0.000000,0.000000,21751,50861,426.20,0,0,0,0,SUCCESS,0,0,warm20,,,,,1,0,13958,222,,,used,,,,20260917-1855
2026-09-17 22:16:49,Pre-HAUSPM,SIGN,6,2,0.003000,0.200,0.008,393230,182,0,21240,21240,0,0,0,169314751,0,167146636,0,0.000000,0.000000,0.000000,21796,50485,554.79,0,0,0,0,SUCCESS,0,0,warm20,,,,,1,0,9941,231,,,used,,,,20260917-1855
2026-09-17 22:17:10,Pre-HAUSPM,SIGN,7,2,0.003000,0.200,0.008,408594,188,0,20640,20640,0,0,0,162461409,0,160430787,0,0.000000,0.000000,0.000000,20533,47503,425.98,0,0,0,0,SUCCESS,0,0,warm20,,,,,1,0,15364,237,,,used,,,,20260917-1855
2026-09-17 22:17:32,Pre-HAUSPM,SIGN,8,2,0.003000,0.200,0.008,428453,194,0,21821,21822,0,0,0,170832772,0,168749391,0,0.000000,0.000000,0.000000,20113,47452,681.01,0,0,0,0,SUCCESS,0,0,warm20,,,,,1,0,19859,246,,,used,,,,20260917-1855
2026-09-17 22:17:57,Pre-HAUSPM,SIGN,9,2,0.003000,0.200,0.008,446004,200,0,24907,24907,0,0,0,195511272,0,193152591,0,0.000000,0.000000,0.000000,19376,45388,245.87,0,0,0,0,SUCCESS,0,0,warm20,,,,,1,0,17551,258,,,used,,,,20260917-1855
2026-09-17 22:18:21,Pre-HAUSPM,SIGN,10,2,0.003000,0.200,0.008,456476,206,0,24086,24086,0,0,0,187143471,0,184912832,0,0.000000,0.000000,0.000000,18895,43856,387.71,0,0,0,0,SUCCESS,0,0,warm20,,,,,1,0,10472,268,,,used,,,,20260917-1855
2026-09-17 22:18:45,Pre-HAUSPM,SIGN,11,2,0.003000,0.200,0.008,466138,212,0,23329,23329,0,0,0,179750698,0,177633188,0,0.000000,0.000000,0.000000,18242,41996,424.97,0,0,0,0,SUCCESS,0,0,warm20,,,,,1,0,9662,275,,,used,,,,20260917-1855
2026-09-17 22:19:09,Pre-HAUSPM,SIGN,12,2,0.003000,0.200,0.008,480433,218,0,23505,23505,0,0,0,178479034,0,176421826,0,0.000000,0.000000,0.000000,18295,41804,150.24,0,0,0,0,SUCCESS,0,0,warm20,,,,,1,0,14295,281,,,used,,,,20260917-1855
2026-09-17 22:19:33,Pre-HAUSPM,SIGN,13,2,0.003000,0.200,0.008,496413,224,0,24364,24364,0,0,0,181639504,0,179602054,0,0.000000,0.000000,0.000000,19145,43866,196.12,0,0,0,0,SUCCESS,0,0,warm20,,,,,1,0,15980,289,,,used,,,,20260917-1855
2026-09-17 22:19:57,Pre-HAUSPM,SIGN,14,2,0.003000,0.200,0.008,507190,230,0,24123,24123,0,0,0,177807932,0,175834119,0,0.000000,0.000000,0.000000,18586,42577,641.51,0,0,0,0,SUCCESS,0,0,warm20,,,,,1,0,10777,299,,,used,,,,20260917-1855
2026-09-17 22:20:23,Pre-HAUSPM,SIGN,15,2,0.003000,0.200,0.008,518654,236,0,25495,25495,0,0,0,184510125,0,182494752,0,0.000000,0.000000,0.000000,19660,44940,368.25,0,0,0,0,SUCCESS,0,0,warm20,,,,,1,0,11464,305,,,used,,,,20260917-1855
2026-09-17 22:20:51,Pre-HAUSPM,SIGN,16,2,0.003000,0.200,0.008,536314,242,0,27262,27262,0,0,0,193174738,0,191106733,0,0.000000,0.000000,0.000000,20004,45870,445.45,0,0,0,0,SUCCESS,0,0,warm20,,,,,1,0,17660,312,,,used,,,,20260917-1855
2026-09-17 22:21:17,Pre-HAUSPM,SIGN,17,2,0.003000,0.200,0.008,544548,248,0,26716,26716,0,0,0,188229059,0,186231270,0,0.000000,0.000000,0.000000,19532,44618,364.07,0,0,0,0,SUCCESS,0,0,warm20,,,,,1,0,8234,323,,,used,,,,20260917-1855
2026-09-17 22:21:44,Pre-HAUSPM,SIGN,18,2,0.003000,0.200,0.008,556990,254,0,26432,26432,0,0,0,184787353,0,182855941,0,0.000000,0.000000,0.000000,18960,43382,490.30,0,0,0,0,SUCCESS,0,0,warm20,,,,,1,0,12442,328,,,used,,,,20260917-1855
2026-09-17 22:22:11,Pre-HAUSPM,SIGN,19,2,0.003000,0.200,0.008,569490,260,0,26632,26632,0,0,0,183860310,0,181955340,0,0.000000,0.000000,0.000000,18933,43343,488.76,0,0,0,0,SUCCESS,0,0,warm20,,,,,1,0,12500,335,,,used,,,,20260917-1855
2026-09-17 22:22:39,Pre-HAUSPM,SIGN,20,2,0.003000,0.200,0.008,587283,266,0,28239,28239,0,0,0,195235168,0,193267539,0,0.000000,0.000000,0.000000,18422,42182,486.64,0,0,0,0,SUCCESS,0,0,warm20,,,,,1,0,17793,343,,,used,,,,20260917-1855
2026-09-17 22:23:08,Pre-HAUSPM,SIGN,21,2,0.003000,0.200,0.008,601918,272,0,28265,28265,0,0,0,193787685,0,191856339,0,0.000000,0.000000,0.000000,18161,41443,396.39,0,0,0,0,SUCCESS,0,0,warm20,,,,,1,0,14635,353,,,used,,,,20260917-1855
2026-09-17 22:23:36,Pre-HAUSPM,SIGN,22,2,0.003000,0.200,0.008,613134,278,0,28335,28335,0,0,0,192310379,0,190412716,0,0.000000,0.000000,0.000000,18187,41362,217.14,0,0,0,0,SUCCESS,0,0,warm20,,,,,1,0,11216,362,,,used,,,,20260917-1855
2026-09-17 22:24:04,Pre-HAUSPM,SIGN,23,2,0.003000,0.200,0.008,625156,284,0,27438,27438,0,0,0,185075905,0,183265900,0,0.000000,0.000000,0.000000,17486,39616,533.56,0,0,0,0,SUCCESS,0,0,warm20,,,,,1,0,12022,369,,,used,,,,20260917-1855
2026-09-17 22:24:31,Pre-HAUSPM,SIGN,24,2,0.003000,0.200,0.008,639272,290,0,26846,26846,0,0,0,179745467,0,178009236,0,0.000000,0.000000,0.000000,17307,38871,147.78,0,0,0,0,SUCCESS,0,0,warm20,,,,,1,0,14116,376,,,used,,,,20260917-1855
2026-09-17 22:24:58,Pre-HAUSPM,SIGN,25,2,0.003000,0.200,0.008,650468,296,0,26888,26888,0,0,0,178388315,0,176681829,0,0.000000,0.000000,0.000000,17338,38779,343.62,0,0,0,0,SUCCESS,0,0,warm20,,,,,1,0,11196,385,,,used,,,,20260917-1855
2026-09-17 22:25:25,Pre-HAUSPM,SIGN,26,2,0.003000,0.200,0.008,661807,302,0,26861,26861,0,0,0,176929800,0,175246893,0,0.000000,0.000000,0.000000,16997,37896,387.37,0,0,0,0,SUCCESS,0,0,warm20,,,,,1,0,11339,391,,,used,,,,20260917-1855
2026-09-17 22:25:51,Pre-HAUSPM,SIGN,27,2,0.003000,0.200,0.008,671849,308,0,26337,26337,0,0,0,172480210,0,170849325,0,0.000000,0.000000,0.000000,16446,36682,198.70,0,0,0,0,SUCCESS,0,0,warm20,,,,,1,0,10042,398,,,used,,,,20260917-1855
2026-09-17 22:26:18,Pre-HAUSPM,SIGN,28,2,0.003000,0.200,0.008,682126,314,0,26253,26253,0,0,0,170563672,0,168961584,0,0.000000,0.000000,0.000000,16420,36556,385.62,0,0,0,0,SUCCESS,0,0,warm20,,,,,1,0,10277,404,,,used,,,,20260917-1855
2026-09-17 22:26:45,Pre-HAUSPM,SIGN,29,2,0.003000,0.200,0.008,695776,320,0,27195,27195,0,0,0,174106918,0,172484477,0,0.000000,0.000000,0.000000,16853,37702,365.71,0,0,0,0,SUCCESS,0,0,warm20,,,,,1,0,13650,411,,,used,,,,20260917-1855
2026-09-17 22:27:12,Pre-HAUSPM,SIGN,30,2,0.003000,0.200,0.008,707653,326,0,26946,26946,0,0,0,171235839,0,169649762,0,0.000000,0.000000,0.000000,16464,36776,432.77,0,0,0,0,SUCCESS,0,0,warm20,,,,,1,0,11877,419,,,used,,,,20260917-1855
2026-09-17 22:27:39,Pre-HAUSPM,SIGN,31,2,0.003000,0.200,0.008,720279,332,0,26389,26389,0,0,0,166667451,0,165133644,0,0.000000,0.000000,0.000000,15898,35360,595.77,0,0,0,0,SUCCESS,0,0,warm20,,,,,1,0,12626,426,,,used,,,,20260917-1855
2026-09-17 22:28:05,Pre-HAUSPM,SIGN,32,2,0.003000,0.200,0.008,730705,338,0,26302,26302,0,0,0,164766132,0,163259521,0,0.000000,0.000000,0.000000,15828,35283,310.63,0,0,0,0,SUCCESS,0,0,warm20,,,,,1,0,10426,433,,,used,,,,20260917-1855
2026-09-17 22:28:32,Pre-HAUSPM,SIGN,33,2,0.003000,0.200,0.008,744420,344,0,26443,26443,0,0,0,163636209,0,162153212,0,0.000000,0.000000,0.000000,16554,36879,71.44,0,0,0,0,SUCCESS,0,0,warm20,,,,,1,0,13715,440,,,used,,,,20260917-1855
2026-09-17 22:28:59,Pre-HAUSPM,SIGN,34,2,0.003000,0.200,0.008,756980,350,0,26856,26856,0,0,0,164073201,0,162594948,0,0.000000,0.000000,0.000000,16743,37423,340.97,0,0,0,0,SUCCESS,0,0,warm20,,,,,1,0,12560,448,,,used,,,,20260917-1855
2026-09-17 22:29:26,Pre-HAUSPM,SIGN,35,2,0.003000,0.200,0.008,768219,356,0,26671,26671,0,0,0,161606579,0,160158810,0,0.000000,0.000000,0.000000,16721,37249,249.31,0,0,0,0,SUCCESS,0,0,warm20,,,,,1,0,11239,456,,,used,,,,20260917-1855
2026-09-17 22:29:53,Pre-HAUSPM,SIGN,36,2,0.003000,0.200,0.008,777786,362,0,26688,26688,0,0,0,160438957,0,159008151,0,0.000000,0.000000,0.000000,16692,37287,404.23,0,0,0,0,SUCCESS,0,0,warm20,,,,,1,0,9567,462,,,used,,,,20260917-1855
2026-09-17 22:30:20,Pre-HAUSPM,SIGN,37,2,0.003000,0.200,0.008,790994,368,0,27284,27284,0,0,0,162476627,0,161042062,0,0.000000,0.000000,0.000000,16986,37956,136.82,0,0,0,0,SUCCESS,0,0,warm20,,,,,1,0,13208,468,,,used,,,,20260917-1855
2026-09-17 22:30:48,Pre-HAUSPM,SIGN,38,2,0.003000,0.200,0.008,803248,374,0,27155,27155,0,0,0,160357570,0,158949074,0,0.000000,0.000000,0.000000,16821,37555,435.94,0,0,0,0,SUCCESS,0,0,warm20,,,,,1,0,12254,476,,,used,,,,20260917-1855
2026-09-17 22:31:15,Pre-HAUSPM,SIGN,39,2,0.003000,0.200,0.008,817420,380,0,27165,27165,0,0,0,159236421,0,157847499,0,0.000000,0.000000,0.000000,16757,37525,346.94,0,0,0,0,SUCCESS,0,0,warm20,,,,,1,0,14172,483,,,used,,,,20260917-1855
2026-09-17 22:31:42,Pre-HAUSPM,SIGN,40,2,0.003000,0.200,0.008,828605,386,0,27242,27242,0,0,0,158922308,0,157540184,0,0.000000,0.000000,0.000000,16796,37699,277.49,0,0,0,0,SUCCESS,0,0,warm20,,,,,1,0,11185,492,,,used,,,,20260917-1855
2026-09-17 22:32:10,Pre-HAUSPM,SIGN,41,2,0.003000,0.200,0.008,840915,392,0,27374,27374,0,0,0,158591644,0,157223971,0,0.000000,0.000000,0.000000,16767,37558,335.17,0,0,0,0,SUCCESS,0,0,warm20,,,,,1,0,12310,499,,,used,,,,20260917-1855
2026-09-17 22:32:38,Pre-HAUSPM,SIGN,42,2,0.003000,0.200,0.008,851890,398,0,27513,27513,0,0,0,158095627,0,156737995,0,0.000000,0.000000,0.000000,17093,38284,142.45,0,0,0,0,SUCCESS,0,0,warm20,,,,,1,0,10975,506,,,used,,,,20260917-1855
2026-09-17 22:33:05,Pre-HAUSPM,SIGN,43,2,0.003000,0.200,0.008,867106,404,0,27661,27661,0,0,0,158319979,0,156972502,0,0.000000,0.000000,0.000000,16906,37788,163.47,0,0,0,0,SUCCESS,0,0,warm20,,,,,1,0,15216,513,,,used,,,,20260917-1855
2026-09-17 22:33:33,Pre-HAUSPM,SIGN,44,2,0.003000,0.200,0.008,884460,410,0,27715,27715,0,0,0,157385557,0,156052136,0,0.000000,0.000000,0.000000,16490,36978,152.15,0,0,0,0,SUCCESS,0,0,warm20,,,,,1,0,17354,522,,,used,,,,20260917-1855
2026-09-17 22:34:01,Pre-HAUSPM,SIGN,45,2,0.003000,0.200,0.008,901027,416,0,27354,27354,0,0,0,154388008,0,153088039,0,0.000000,0.000000,0.000000,15893,35711,316.55,0,0,0,0,SUCCESS,0,0,warm20,,,,,1,0,16567,532,,,used,,,,20260917-1855
2026-09-17 22:34:28,Pre-HAUSPM,SIGN,46,2,0.003000,0.200,0.008,916886,422,0,27247,27247,0,0,0,152787167,0,151508695,0,0.000000,0.000000,0.000000,15488,34847,246.04,0,0,0,0,SUCCESS,0,0,warm20,,,,,1,0,15859,542,,,used,,,,20260917-1855
2026-09-17 22:34:56,Pre-HAUSPM,SIGN,47,2,0.003000,0.200,0.008,933116,428,0,26977,26977,0,0,0,150607623,0,149354455,0,0.000000,0.000000,0.000000,15117,34004,339.27,0,0,0,0,SUCCESS,0,0,warm20,,,,,1,0,16230,552,,,used,,,,20260917-1855
2026-09-17 22:35:23,Pre-HAUSPM,SIGN,48,2,0.003000,0.200,0.008,947537,434,0,26776,26776,0,0,0,148750779,0,147519206,0,0.000000,0.000000,0.000000,14733,33154,138.36,0,0,0,0,SUCCESS,0,0,warm20,,,,,1,0,14421,562,,,used,,,,20260917-1855
2026-09-17 22:35:49,Pre-HAUSPM,SIGN,49,2,0.003000,0.200,0.008,957204,440,0,26474,26474,0,0,0,146408699,0,145200316,0,0.000000,0.000000,0.000000,14599,32698,166.82,0,0,0,0,SUCCESS,0,0,warm20,,,,,1,0,9667,570,,,used,,,,20260917-1855
2026-09-17 22:36:16,Pre-HAUSPM,SIGN,50,2,0.003000,0.200,0.008,967022,446,0,26391,26391,0,0,0,145183073,0,143989438,0,0.000000,0.000000,0.000000,14609,32624,233.50,0,0,0,0,SUCCESS,0,0,warm20,,,,,1,0,9818,576,,,used,,,,20260917-1855
2026-09-17 22:36:43,Pre-HAUSPM,SIGN,51,2,0.003000,0.200,0.008,979636,452,0,26749,26750,0,0,0,146282487,0,145085695,0,0.000000,0.000000,0.000000,14554,32458,294.34,0,0,0,0,SUCCESS,0,0,warm20,,,,,1,0,12614,582,,,used,,,,20260917-1855
2026-09-17 22:37:09,Pre-HAUSPM,SIGN,52,2,0.003000,0.200,0.008,990505,458,0,26540,26540,0,0,0,144428401,0,143250838,0,0.000000,0.000000,0.000000,14363,32026,216.44,0,0,0,0,SUCCESS,0,0,warm20,,,,,1,0,10869,590,,,used,,,,20260917-1855
2026-09-17 22:37:36,Pre-HAUSPM,SIGN,53,2,0.003000,0.200,0.008,1001386,464,0,26111,26111,0,0,0,141530822,0,140380899,0,0.000000,0.000000,0.000000,14056,31274,368.16,0,0,0,0,SUCCESS,0,0,warm20,,,,,1,0,10881,596,,,used,,,,20260917-1855
2026-09-17 22:38:02,Pre-HAUSPM,SIGN,54,2,0.003000,0.200,0.008,1016244,470,0,26254,26254,0,0,0,141524229,0,140381544,0,0.000000,0.000000,0.000000,13905,30965,295.75,0,0,0,0,SUCCESS,0,0,warm20,,,,,1,0,14858,603,,,used,,,,20260917-1855
2026-09-17 22:38:29,Pre-HAUSPM,SIGN,55,2,0.003000,0.200,0.008,1027129,476,0,26232,26232,0,0,0,140772970,0,139640415,0,0.000000,0.000000,0.000000,13871,30839,264.81,0,0,0,0,SUCCESS,0,0,warm20,,,,,1,0,10885,612,,,used,,,,20260917-1855
2026-09-17 22:38:55,Pre-HAUSPM,SIGN,56,2,0.003000,0.200,0.008,1047408,482,0,26209,26209,0,0,0,140359358,0,139239449,0,0.000000,0.000000,0.000000,13478,29927,228.73,0,0,0,0,SUCCESS,0,0,warm20,,,,,1,0,20279,618,,,used,,,,20260917-1855
2026-09-17 22:39:21,Pre-HAUSPM,SIGN,57,2,0.003000,0.200,0.008,1060421,488,0,26150,26150,0,0,0,139139438,0,138032339,0,0.000000,0.000000,0.000000,13277,29502,182.56,0,0,0,0,SUCCESS,0,0,warm20,,,,,1,0,13013,630,,,used,,,,20260917-1855
2026-09-17 22:39:48,Pre-HAUSPM,SIGN,58,2,0.003000,0.200,0.008,1079371,494,0,26082,26082,0,0,0,138164884,0,137071456,0,0.000000,0.000000,0.000000,13241,29610,173.65,0,0,0,0,SUCCESS,0,0,warm20,,,,,1,0,18950,638,,,used,,,,20260917-1855
2026-09-17 22:40:14,Pre-HAUSPM,SIGN,59,2,0.003000,0.200,0.008,1096747,500,0,26107,26107,0,0,0,137898195,0,136810521,0,0.000000,0.000000,0.000000,13167,29545,297.25,0,0,0,0,SUCCESS,0,0,warm20,,,,,1,0,17376,650,,,used,,,,20260917-1855
2026-09-17 22:40:40,Pre-HAUSPM,SIGN,60,2,0.003000,0.200,0.008,1110602,506,0,25997,25997,0,0,0,136605777,0,135532593,0,0.000000,0.000000,0.000000,13007,29076,112.56,0,0,0,0,SUCCESS,0,0,warm20,,,,,1,0,13855,660,,,used,,,,20260917-1855
2026-09-17 22:41:06,Pre-HAUSPM,SIGN,61,2,0.003000,0.200,0.008,1124744,512,0,25886,25886,0,0,0,135495873,0,134437554,0,0.000000,0.000000,0.000000,12882,28793,321.64,0,0,0,0,SUCCESS,0,0,warm20,,,,,1,0,14142,668,,,used,,,,20260917-1855
2026-09-17 22:41:32,Pre-HAUSPM,SIGN,62,2,0.003000,0.200,0.008,1139446,518,0,25990,25990,0,0,0,135648178,0,134596099,0,0.000000,0.000000,0.000000,12846,28682,386.94,0,0,0,0,SUCCESS,0,0,warm20,,,,,1,0,14702,677,,,used,,,,20260917-1855
2026-09-17 22:41:58,Pre-HAUSPM,SIGN,63,2,0.003000,0.200,0.008,1156811,524,0,26058,26058,0,0,0,135140781,0,134101872,0,0.000000,0.000000,0.000000,12821,28608,440.52,0,0,0,0,SUCCESS,0,0,warm20,,,,,1,0,17365,686,,,used,,,,20260917-1855
2026-09-17 22:42:25,Pre-HAUSPM,SIGN,64,2,0.003000,0.200,0.008,1169601,530,0,26065,26065,0,0,0,134595691,0,133565833,0,0.000000,0.000000,0.000000,12622,28248,431.21,0,0,0,0,SUCCESS,0,0,warm20,,,,,1,0,12790,696,,,used,,,,20260917-1855
2026-09-17 22:42:51,Pre-HAUSPM,SIGN,65,2,0.003000,0.200,0.008,1183474,536,0,26032,26032,0,0,0,133662857,0,132643748,0,0.000000,0.000000,0.000000,12433,27838,426.32,0,0,0,0,SUCCESS,0,0,warm20,,,,,1,0,13873,704,,,used,,,,20260917-1855
2026-09-17 22:43:17,Pre-HAUSPM,SIGN,66,2,0.003000,0.200,0.008,1194955,542,0,25884,25885,0,0,0,132361068,0,131354867,0,0.000000,0.000000,0.000000,12294,27511,85.13,0,0,0,0,SUCCESS,0,0,warm20,,,,,1,0,11481,712,,,used,,,,20260917-1855
2026-09-17 22:43:43,Pre-HAUSPM,SIGN,67,2,0.003000,0.200,0.008,1209554,548,0,25712,25712,0,0,0,130970872,0,129979928,0,0.000000,0.000000,0.000000,12041,26918,164.89,0,0,0,0,SUCCESS,0,0,warm20,,,,,1,0,14599,719,,,used,,,,20260917-1855
2026-09-17 22:44:09,Pre-HAUSPM,SIGN,68,2,0.003000,0.200,0.008,1225092,554,0,25942,25942,0,0,0,131589149,0,130598018,0,0.000000,0.000000,0.000000,12117,27150,187.04,0,0,0,0,SUCCESS,0,0,warm20,,,,,1,0,15538,728,,,used,,,,20260917-1855
2026-09-17 22:44:36,Pre-HAUSPM,SIGN,69,2,0.003000,0.200,0.008,1246726,560,0,27020,27020,0,0,0,137913641,0,136891857,0,0.000000,0.000000,0.000000,12158,27294,187.18,0,0,0,0,SUCCESS,0,0,warm20,,,,,1,0,21634,737,,,used,,,,20260917-1855
2026-09-17 22:45:04,Pre-HAUSPM,SIGN,70,2,0.003000,0.200,0.008,1265597,566,0,27574,27574,0,0,0,140243450,0,139207881,0,0.000000,0.000000,0.000000,12584,28378,240.68,0,0,0,0,SUCCESS,0,0,warm20,,,,,1,0,18871,750,,,used,,,,20260917-1855
2026-09-17 22:45:32,Pre-HAUSPM,SIGN,71,2,0.003000,0.200,0.008,1283052,572,0,27873,27873,0,0,0,140826464,0,139788920,0,0.000000,0.000000,0.000000,12659,28441,253.57,0,0,0,0,SUCCESS,0,0,warm20,,,,,1,0,17455,762,,,used,,,,20260917-1855
2026-09-17 22:46:01,Pre-HAUSPM,SIGN,72,2,0.003000,0.200,0.008,1300784,578,0,28654,28654,0,0,0,144533017,0,143473202,0,0.000000,0.000000,0.000000,12940,29007,158.97,0,0,0,0,SUCCESS,0,0,warm20,,,,,1,0,17732,772,,,used,,,,20260917-1855
2026-09-17 22:46:30,Pre-HAUSPM,SIGN,73,2,0.003000,0.200,0.008,1316615,584,0,29114,29114,0,0,0,146118210,0,145052421,0,0.000000,0.000000,0.000000,12887,28983,304.04,0,0,0,0,SUCCESS,0,0,warm20,,,,,1,0,15831,783,,,used,,,,20260917-1855
2026-09-17 22:46:59,Pre-HAUSPM,SIGN,74,2,0.003000,0.200,0.008,1330102,590,0,28977,28977,0,0,0,144757249,0,143704650,0,0.000000,0.000000,0.000000,12801,28723,82.43,0,0,0,0,SUCCESS,0,0,warm20,,,,,1,0,13487,792,,,used,,,,20260917-1855
2026-09-17 22:47:28,Pre-HAUSPM,SIGN,75,2,0.003000,0.200,0.008,1342143,596,0,28783,28783,0,0,0,143254355,0,142215573,0,0.000000,0.000000,0.000000,12641,28316,302.64,0,0,0,0,SUCCESS,0,0,warm20,,,,,1,0,12041,800,,,used,,,,20260917-1855
2026-09-17 22:47:57,Pre-HAUSPM,SIGN,76,2,0.003000,0.200,0.008,1352225,602,0,28550,28550,0,0,0,141639923,0,140615109,0,0.000000,0.000000,0.000000,12469,27972,202.63,0,0,0,0,SUCCESS,0,0,warm20,,,,,1,0,10082,808,,,used,,,,20260917-1855
2026-09-17 22:48:26,Pre-HAUSPM,SIGN,77,2,0.003000,0.200,0.008,1364919,608,0,28775,28775,0,0,0,141749308,0,140725714,0,0.000000,0.000000,0.000000,12515,28067,279.12,0,0,0,0,SUCCESS,0,0,warm20,,,,,1,0,12694,814,,,used,,,,20260917-1855
2026-09-17 22:48:55,Pre-HAUSPM,SIGN,78,2,0.003000,0.200,0.008,1378844,614,0,28896,28896,0,0,0,141639414,0,140620092,0,0.000000,0.000000,0.000000,12541,28068,349.97,0,0,0,0,SUCCESS,0,0,warm20,,,,,1,0,13925,821,,,used,,,,20260917-1855
2026-09-17 22:49:24,Pre-HAUSPM,SIGN,79,2,0.003000,0.200,0.008,1390075,620,0,28701,28701,0,0,0,140158075,0,139152029,0,0.000000,0.000000,0.000000,12364,27636,191.21,0,0,0,0,SUCCESS,0,0,warm20,,,,,1,0,11231,830,,,used,,,,20260917-1855
2026-09-17 22:49:53,Pre-HAUSPM,SIGN,80,2,0.003000,0.200,0.008,1404925,626,0,28658,28658,0,0,0,139542030,0,138545957,0,0.000000,0.000000,0.000000,12159,27255,383.68,0,0,0,0,SUCCESS,0,0,warm20,,,,,1,0,14850,837,,,used,,,,20260917-1855
2026-09-17 22:50:22,Pre-HAUSPM,SIGN,81,2,0.003000,0.200,0.008,1419540,632,0,28762,28762,0,0,0,139178909,0,138187066,0,0.000000,0.000000,0.000000,12230,27410,272.36,0,0,0,0,SUCCESS,0,0,warm20,,,,,1,0,14615,845,,,used,,,,20260917-1855
2026-09-17 22:50:51,Pre-HAUSPM,SIGN,82,2,0.003000,0.200,0.008,1430972,638,0,29067,29067,0,0,0,139699716,0,138705051,0,0.000000,0.000000,0.000000,12165,27327,257.55,0,0,0,0,SUCCESS,0,0,warm20,,,,,1,0,11432,854,,,used,,,,20260917-1855
2026-09-17 22:51:20,Pre-HAUSPM,SIGN,83,2,0.003000,0.200,0.008,1446547,644,0,29203,29203,0,0,0,139364770,0,138374288,0,0.000000,0.000000,0.000000,12128,27189,162.72,0,0,0,0,SUCCESS,0,0,warm20,,,,,1,0,15575,861,,,used,,,,20260917-1855
2026-09-17 22:51:50,Pre-HAUSPM,SIGN,84,2,0.003000,0.200,0.008,1466019,650,0,29697,29697,0,0,0,140995861,0,139996989,0,0.000000,0.000000,0.000000,12206,27385,281.17,0,0,0,0,SUCCESS,0,0,warm20,,,,,1,0,19472,871,,,used,,,,20260917-1855
2026-09-17 22:52:20,Pre-HAUSPM,SIGN,85,2,0.003000,0.200,0.008,1477721,656,0,29592,29592,0,0,0,140000489,0,139011383,0,0.000000,0.000000,0.000000,12122,27123,267.00,0,0,0,0,SUCCESS,0,0,warm20,,,,,1,0,11702,882,,,used,,,,20260917-1855
2026-09-17 22:52:50,Pre-HAUSPM,SIGN,86,2,0.003000,0.200,0.008,1489446,662,0,29563,29563,0,0,0,139253336,0,138272051,0,0.000000,0.000000,0.000000,12092,27034,321.55,0,0,0,0,SUCCESS,0,0,warm20,,,,,1,0,11725,889,,,used,,,,20260917-1855
2026-09-17 22:53:20,Pre-HAUSPM,SIGN,87,2,0.003000,0.200,0.008,1504545,668,0,29959,29959,0,0,0,140308464,0,139324018,0,0.000000,0.000000,0.000000,12261,27325,185.02,0,0,0,0,SUCCESS,0,0,warm20,,,,,1,0,15099,896,,,used,,,,20260917-1855
2026-09-17 22:53:50,Pre-HAUSPM,SIGN,88,2,0.003000,0.200,0.008,1520720,674,0,30458,30458,0,0,0,141768005,0,140777235,0,0.000000,0.000000,0.000000,12357,27546,192.27,0,0,0,0,SUCCESS,0,0,warm20,,,,,1,0,16175,905,,,used,,,,20260917-1855
2026-09-17 22:54:21,Pre-HAUSPM,SIGN,89,2,0.003000,0.200,0.008,1534926,680,0,30638,30638,0,0,0,141664588,0,140677293,0,0.000000,0.000000,0.000000,12454,27713,359.09,0,0,0,0,SUCCESS,0,0,warm20,,,,,1,0,14206,915,,,used,,,,20260917-1855
2026-09-17 22:54:53,Pre-HAUSPM,SIGN,90,2,0.003000,0.200,0.008,1553182,686,0,31314,31314,0,0,0,144026977,0,143026814,0,0.000000,0.000000,0.000000,12724,28371,122.47,0,0,0,0,SUCCESS,0,0,warm20,,,,,1,0,18256,924,,,used,,,,20260917-1855
2026-09-17 22:55:25,Pre-HAUSPM,SIGN,91,2,0.003000,0.200,0.008,1569089,692,0,31880,31880,0,0,0,145802741,0,144793713,0,0.000000,0.000000,0.000000,12856,28658,268.91,0,0,0,0,SUCCESS,0,0,warm20,,,,,1,0,15907,935,,,used,,,,20260917-1855
2026-09-17 22:55:58,Pre-HAUSPM,SIGN,92,2,0.003000,0.200,0.008,1586819,698,0,32577,32577,0,0,0,148282579,0,147262089,0,0.000000,0.000000,0.000000,12860,28708,202.70,0,0,0,0,SUCCESS,0,0,warm20,,,,,1,0,17730,944,,,used,,,,20260917-1855
2026-09-17 22:56:31,Pre-HAUSPM,SIGN,93,2,0.003000,0.200,0.008,1606504,704,0,33440,33441,0,0,0,151825814,0,150785814,0,0.000000,0.000000,0.000000,12872,28946,142.46,0,0,0,0,SUCCESS,0,0,warm20,,,,,1,0,19685,955,,,used,,,,20260917-1855
2026-09-17 22:57:05,Pre-HAUSPM,SIGN,94,2,0.003000,0.200,0.008,1616945,710,0,33632,33632,0,0,0,151812047,0,150774293,0,0.000000,0.000000,0.000000,12890,29038,204.10,0,0,0,0,SUCCESS,0,0,warm20,,,,,1,0,10441,967,,,used,,,,20260917-1855
2026-09-17 22:57:39,Pre-HAUSPM,SIGN,95,2,0.003000,0.200,0.008,1631610,716,0,33925,33925,0,0,0,153151246,0,152110391,0,0.000000,0.000000,0.000000,12886,28991,197.41,0,0,0,0,SUCCESS,0,0,warm20,,,,,1,0,14665,973,,,used,,,,20260917-1855
2026-09-17 22:58:14,Pre-HAUSPM,SIGN,96,2,0.003000,0.200,0.008,1649145,722,0,34151,34151,0,0,0,153385586,0,152346864,0,0.000000,0.000000,0.000000,12904,29021,265.95,0,0,0,0,SUCCESS,0,0,warm20,,,,,1,0,17535,982,,,used,,,,20260917-1855
2026-09-17 22:58:48,Pre-HAUSPM,SIGN,97,2,0.003000,0.200,0.008,1663324,728,0,34120,34120,0,0,0,152660495,0,151629501,0,0.000000,0.000000,0.000000,12728,28571,216.97,0,0,0,0,SUCCESS,0,0,warm20,,,,,1,0,14179,992,,,used,,,,20260917-1855
2026-09-17 22:59:22,Pre-HAUSPM,SIGN,98,2,0.003000,0.200,0.008,1668652,730,0,34032,34032,0,0,0,152049944,0,151023735,0,0.000000,0.000000,0.000000,12666,28413,214.31,0,0,0,0,SUCCESS,0,0,warm20,,,,,1,0,5328,1001,,,used,,,,20260917-1855
2026-09-17 22:59:22,Pre-HAUSPM,SIGN,99,2,0.003000,0.200,0.008,1668652,730,0,8,8,0,0,0,0,0,0,0,0.000000,0.000000,0.000000,12666,28413,215.92,0,0,0,0,SUCCESS,0,0,warm20,,,,,0,0,0,1004,,,used,,,,20260917-1855
2026-09-17 22:59:25,Pre-HAUSPM,C8T1S5I8N5K,0,0,0.000200,0.200,0.200,9488004,9426,13,2130,2144,0,0,0,21109469,0,20750611,0,0.000000,0.000000,0.000000,6078,62730,1353.05,0,0,0,0,SUCCESS,0,0,warm20,,,,,1,0,9488004,0,,,used,,,,20260917-1855
2026-09-17 22:59:27,Pre-HAUSPM,C8T1S5I8N5K,1,0,0.000200,0.200,0.089,13704859,13616,6,1746,1753,0,0,0,18235031,0,17992528,0,0.000000,0.000000,0.000000,6080,63170,945.42,0,0,0,0,SUCCESS,0,0,warm20,,,,,1,0,4216855,380,,,used,,,,20260917-1855
2026-09-17 22:59:29,Pre-HAUSPM,C8T1S5I8N5K,2,0,0.000200,0.200,0.089,17880094,17806,0,1824,1825,0,0,0,16967129,0,16763507,0,0.000000,0.000000,0.000000,5461,61738,1621.16,0,0,0,0,SUCCESS,0,0,warm20,,,,,1,0,4175235,548,,,used,,,,20260917-1855
2026-09-17 22:59:31,Pre-HAUSPM,C8T1S5I8N5K,3,0,0.000200,0.200,0.089,22148273,21996,1,1960,1961,0,0,0,16890811,0,16708852,0,0.000000,0.000000,0.000000,3757,56415,309.23,0,0,0,0,SUCCESS,0,0,warm20,,,,,1,0,4268179,715,,,used,,,,20260917-1855
2026-09-17 22:59:33,Pre-HAUSPM,C8T1S5I8N5K,4,0,0.000200,0.200,0.089,26428215,26186,1,2188,2190,0,0,0,17606586,0,17432468,0,0.000000,0.000000,0.000000,2699,52924,1609.01,0,0,0,0,SUCCESS,0,0,warm20,,,,,1,0,4279942,886,,,used,,,,20260917-1855
2026-09-17 22:59:35,Pre-HAUSPM,C8T1S5I8N5K,5,0,0.000200,0.200,0.089,30677490,30376,0,2396,2397,0,0,0,17996834,0,17826267,0,0.000000,0.000000,0.000000,3175,54202,1683.76,0,0,0,0,SUCCESS,0,0,warm20,,,,,1,0,4249275,1057,,,used,,,,20260917-1855
2026-09-17 22:59:38,Pre-HAUSPM,C8T1S5I8N5K,6,0,0.000200,0.200,0.089,34848642,34566,0,2631,2632,0,0,0,18992763,0,18824651,0,0.000000,0.000000,0.000000,2699,52613,1053.79,0,0,0,0,SUCCESS,0,0,warm20,,,,,1,0,4171152,1227,,,used,,,,20260917-1855
2026-09-17 22:59:41,Pre-HAUSPM,C8T1S5I8N5K,7,0,0.000200,0.200,0.089,39047952,38756,0,2790,2791,0,0,0,19312012,0,19149444,0,0.000000,0.000000,0.000000,2481,51055,1135.18,0,0,0,0,SUCCESS,0,0,warm20,,,,,1,0,4199310,1394,,,used,,,,20260917-1855
2026-09-17 22:59:44,Pre-HAUSPM,C8T1S5I8N5K,8,0,0.000200,0.200,0.089,43240877,42946,0,3025,3026,0,0,0,19731417,0,19569648,0,0.000000,0.000000,0.000000,2451,50682,383.99,0,0,0,0,SUCCESS,0,0,warm20,,,,,1,0,4192925,1562,,,used,,,,20260917-1855
2026-09-17 22:59:47,Pre-HAUSPM,C8T1S5I8N5K,9,0,0.000200,0.200,0.089,47416411,47132,0,3148,3149,0,0,0,19323837,0,19169868,0,0.000000,0.000000,0.000000,2623,51786,1588.53,0,0,0,0,SUCCESS,0,0,warm20,,,,,1,0,4175534,1730,,,used,,,,20260917-1855
2026-09-17 22:59:49,Pre-HAUSPM,C8T1S5I8N5K,0,1,0.000200,0.200,0.200,9488004,9426,3,2062,2066,0,0,0,21109469,0,20750611,0,0.000000,0.000000,0.000000,6078,62730,693.78,0,0,0,0,SUCCESS,0,0,warm20,,,,,1,0,9488004,0,,,used,,,,20260917-1855
2026-09-17 22:59:51,Pre-HAUSPM,C8T1S5I8N5K,1,1,0.000200,0.200,0.089,13704859,13616,1,1652,1653,0,0,0,18235031,0,17992528,0,0.000000,0.000000,0.000000,6080,63170,636.85,0,0,0,0,SUCCESS,0,0,warm20,,,,,1,0,4216855,380,,,used,,,,20260917-1855
2026-09-17 22:59:53,Pre-HAUSPM,C8T1S5I8N5K,2,1,0.000200,0.200,0.089,17880094,17806,0,1721,1722,0,0,0,16967129,0,16763507,0,0.000000,0.000000,0.000000,5461,61738,1967.29,0,0,0,0,SUCCESS,0,0,warm20,,,,,1,0,4175235,548,,,used,,,,20260917-1855
2026-09-17 22:59:55,Pre-HAUSPM,C8T1S5I8N5K,3,1,0.000200,0.200,0.089,22148273,21996,0,1847,1848,0,0,0,16890811,0,16708852,0,0.000000,0.000000,0.000000,3757,56415,1095.80,0,0,0,0,SUCCESS,0,0,warm20,,,,,1,0,4268179,715,,,used,,,,20260917-1855
2026-09-17 22:59:57,Pre-HAUSPM,C8T1S5I8N5K,4,1,0.000200,0.200,0.089,26428215,26186,1,2059,2061,0,0,0,17606586,0,17432468,0,0.000000,0.000000,0.000000,2699,52924,948.42,0,0,0,0,SUCCESS,0,0,warm20,,,,,1,0,4279942,886,,,used,,,,20260917-1855
2026-09-17 22:59:59,Pre-HAUSPM,C8T1S5I8N5K,5,1,0.000200,0.200,0.089,30677490,30376,0,2256,2257,0,0,0,17996834,0,17826267,0,0.000000,0.000000,0.000000,3175,54202,1484.25,0,0,0,0,SUCCESS,0,0,warm20,,,,,1,0,4249275,1057,,,used,,,,20260917-1855
2026-09-17 23:00:02,Pre-HAUSPM,C8T1S5I8N5K,6,1,0.000200,0.200,0.089,34848642,34566,0,2486,2487,0,0,0,18992763,0,18824651,0,0.000000,0.000000,0.000000,2699,52613,1007.50,0,0,0,0,SUCCESS,0,0,warm20,,,,,1,0,4171152,1227,,,used,,,,20260917-1855
2026-09-17 23:00:04,Pre-HAUSPM,C8T1S5I8N5K,7,1,0.000200,0.200,0.089,39047952,38756,0,2633,2634,0,0,0,19312012,0,19149444,0,0.000000,0.000000,0.000000,2481,51055,1248.73,0,0,0,0,SUCCESS,0,0,warm20,,,,,1,0,4199310,1394,,,used,,,,20260917-1855
2026-09-17 23:00:07,Pre-HAUSPM,C8T1S5I8N5K,8,1,0.000200,0.200,0.089,43240877,42946,0,2845,2846,0,0,0,19731417,0,19569648,0,0.000000,0.000000,0.000000,2451,50682,534.60,0,0,0,0,SUCCESS,0,0,warm20,,,,,1,0,4192925,1562,,,used,,,,20260917-1855
2026-09-17 23:00:10,Pre-HAUSPM,C8T1S5I8N5K,9,1,0.000200,0.200,0.089,47416411,47132,0,2960,2961,0,0,0,19323837,0,19169868,0,0.000000,0.000000,0.000000,2623,51786,2013.84,0,0,0,0,SUCCESS,0,0,warm20,,,,,1,0,4175534,1730,,,used,,,,20260917-1855
2026-09-17 23:00:13,Pre-HAUSPM,C8T1S5I8N5K,0,2,0.000200,0.200,0.200,9488004,9426,3,1970,1974,0,0,0,21109469,0,20750611,0,0.000000,0.000000,0.000000,6078,62730,678.02,0,0,0,0,SUCCESS,0,0,warm20,,,,,1,0,9488004,0,,,used,,,,20260917-1855
2026-09-17 23:00:14,Pre-HAUSPM,C8T1S5I8N5K,1,2,0.000200,0.200,0.089,13704859,13616,1,1648,1650,0,0,0,18235031,0,17992528,0,0.000000,0.000000,0.000000,6080,63170,634.50,0,0,0,0,SUCCESS,0,0,warm20,,,,,1,0,4216855,380,,,used,,,,20260917-1855
2026-09-17 23:00:16,Pre-HAUSPM,C8T1S5I8N5K,2,2,0.000200,0.200,0.089,17880094,17806,0,1719,1720,0,0,0,16967129,0,16763507,0,0.000000,0.000000,0.000000,5461,61738,1949.21,0,0,0,0,SUCCESS,0,0,warm20,,,,,1,0,4175235,548,,,used,,,,20260917-1855
2026-09-17 23:00:18,Pre-HAUSPM,C8T1S5I8N5K,3,2,0.000200,0.200,0.089,22148273,21996,0,1843,1844,0,0,0,16890811,0,16708852,0,0.000000,0.000000,0.000000,3757,56415,1065.37,0,0,0,0,SUCCESS,0,0,warm20,,,,,1,0,4268179,715,,,used,,,,20260917-1855
2026-09-17 23:00:20,Pre-HAUSPM,C8T1S5I8N5K,4,2,0.000200,0.200,0.089,26428215,26186,1,2061,2063,0,0,0,17606586,0,17432468,0,0.000000,0.000000,0.000000,2699,52924,915.77,0,0,0,0,SUCCESS,0,0,warm20,,,,,1,0,4279942,886,,,used,,,,20260917-1855
2026-09-17 23:00:22,Pre-HAUSPM,C8T1S5I8N5K,5,2,0.000200,0.200,0.089,30677490,30376,0,2258,2259,0,0,0,17996834,0,17826267,0,0.000000,0.000000,0.000000,3175,54202,1403.31,0,0,0,0,SUCCESS,0,0,warm20,,,,,1,0,4249275,1057,,,used,,,,20260917-1855
2026-09-17 23:00:25,Pre-HAUSPM,C8T1S5I8N5K,6,2,0.000200,0.200,0.089,34848642,34566,0,2476,2477,0,0,0,18992763,0,18824651,0,0.000000,0.000000,0.000000,2699,52613,848.53,0,0,0,0,SUCCESS,0,0,warm20,,,,,1,0,4171152,1227,,,used,,,,20260917-1855
2026-09-17 23:00:27,Pre-HAUSPM,C8T1S5I8N5K,7,2,0.000200,0.200,0.089,39047952,38756,0,2620,2621,0,0,0,19312012,0,19149444,0,0.000000,0.000000,0.000000,2481,51055,1026.44,0,0,0,0,SUCCESS,0,0,warm20,,,,,1,0,4199310,1394,,,used,,,,20260917-1855
2026-09-17 23:00:30,Pre-HAUSPM,C8T1S5I8N5K,8,2,0.000200,0.200,0.089,43240877,42946,0,2841,2842,0,0,0,19731417,0,19569648,0,0.000000,0.000000,0.000000,2451,50682,285.95,0,0,0,0,SUCCESS,0,0,warm20,,,,,1,0,4192925,1562,,,used,,,,20260917-1855
2026-09-17 23:00:33,Pre-HAUSPM,C8T1S5I8N5K,9,2,0.000200,0.200,0.089,47416411,47132,0,2956,2957,0,0,0,19323837,0,19169868,0,0.000000,0.000000,0.000000,2623,51786,1724.85,0,0,0,0,SUCCESS,0,0,warm20,,,,,1,0,4175534,1730,,,used,,,,20260917-1855
2026-09-17 23:00:36,Pre-HAUSPM,C8T1S5I8N5K,0,0,0.000200,0.200,0.200,9488004,9426,3,1957,1960,0,0,0,21109469,0,20750611,0,0.000000,0.000000,0.000000,6078,62730,1395.25,0,0,0,0,SUCCESS,0,0,warm20,,,,,1,0,9488004,0,,,used,,,,20260917-1855
2026-09-17 23:00:38,Pre-HAUSPM,C8T1S5I8N5K,1,0,0.000200,0.200,0.042,11451451,11411,0,1814,1814,0,0,0,21510187,0,21189850,0,0.000000,0.000000,0.000000,6935,64356,1528.41,0,0,0,0,SUCCESS,0,0,warm20,,,,,1,0,1963447,380,,,used,,,,20260917-1855
2026-09-17 23:00:39,Pre-HAUSPM,C8T1S5I8N5K,2,0,0.000200,0.200,0.042,13474240,13396,0,1674,1675,0,0,0,18685088,0,18433677,0,0.000000,0.000000,0.000000,6153,63614,1974.93,0,0,0,0,SUCCESS,0,0,warm20,,,,,1,0,2022789,458,,,used,,,,20260917-1855
2026-09-17 23:00:41,Pre-HAUSPM,C8T1S5I8N5K,3,0,0.000200,0.200,0.042,15495379,15381,0,1684,1685,0,0,0,17454107,0,17228916,0,0.000000,0.000000,0.000000,5356,61473,1503.72,0,0,0,0,SUCCESS,0,0,warm20,,,,,1,0,2021139,539,,,used,,,,20260917-1855
2026-09-17 23:00:43,Pre-HAUSPM,C8T1S5I8N5K,4,0,0.000200,0.200,0.042,17415461,17366,0,1704,1705,0,0,0,17003190,0,16798123,0,0.000000,0.000000,0.000000,5565,61687,820.84,0,0,0,0,SUCCESS,0,0,warm20,,,,,1,0,1920082,620,,,used,,,,20260917-1855
2026-09-17 23:00:44,Pre-HAUSPM,C8T1S5I8N5K,5,0,0.000200,0.200,0.042,19456214,19351,0,1719,1719,0,0,0,16532074,0,16341259,0,0.000000,0.000000,0.000000,4440,58881,2141.43,0,0,0,0,SUCCESS,0,0,warm20,,,,,1,0,2040753,697,,,used,,,,20260917-1855
2026-09-17 23:00:46,Pre-HAUSPM,C8T1S5I8N5K,6,0,0.000200,0.200,0.042,21480684,21336,0,1797,1797,0,0,0,16685982,0,16504117,0,0.000000,0.000000,0.000000,3640,55862,1799.91,0,0,0,0,SUCCESS,0,0,warm20,,,,,1,0,2024470,778,,,used,,,,20260917-1855
2026-09-17 23:00:48,Pre-HAUSPM,C8T1S5I8N5K,7,0,0.000200,0.200,0.042,23500349,23321,0,1945,1946,0,0,0,17340915,0,17158211,0,0.000000,0.000000,0.000000,3552,55696,250.17,0,0,0,0,SUCCESS,0,0,warm20,,,,,1,0,2019665,859,,,used,,,,20260917-1855
2026-09-17 23:00:50,Pre-HAUSPM,C8T1S5I8N5K,8,0,0.000200,0.200,0.042,25523565,25306,0,1977,1978,0,0,0,17163489,0,16989549,0,0.000000,0.000000,0.000000,2861,52690,902.08,0,0,0,0,SUCCESS,0,0,warm20,,,,,1,0,2023216,940,,,used,,,,20260917-1855
2026-09-17 23:00:52,Pre-HAUSPM,C8T1S5I8N5K,9,0,0.000200,0.200,0.042,27536807,27291,0,2155,2155,0,0,0,17973900,0,17798169,0,0.000000,0.000000,0.000000,2930,53223,504.99,0,0,0,0,SUCCESS,0,0,warm20,,,,,1,0,2013242,1021,,,used,,,,20260917-1855
2026-09-17 23:00:55,Pre-HAUSPM,C8T1S5I8N5K,10,0,0.000200,0.200,0.042,29578731,29276,0,2222,2223,0,0,0,17934406,0,17761686,0,0.000000,0.000000,0.000000,3499,55386,436.09,0,0,0,0,SUCCESS,0,0,warm20,,,,,1,0,2041924,1102,,,used,,,,20260917-1855
2026-09-17 23:00:57,Pre-HAUSPM,C8T1S5I8N5K,11,0,0.000200,0.200,0.042,31516022,31261,0,2302,2302,0,0,0,18386841,0,18216572,0,0.000000,0.000000,0.000000,3050,53934,937.49,0,0,0,0,SUCCESS,0,0,warm20,,,,,1,0,1937291,1183,,,used,,,,20260917-1855
2026-09-17 23:00:59,Pre-HAUSPM,C8T1S5I8N5K,12,0,0.000200,0.200,0.042,33542559,33246,0,2435,2436,0,0,0,18967207,0,18795942,0,0.000000,0.000000,0.000000,2953,53437,265.14,0,0,0,0,SUCCESS,0,0,warm20,,,,,1,0,2026537,1261,,,used,,,,20260917-1855
2026-09-17 23:01:02,Pre-HAUSPM,C8T1S5I8N5K,13,0,0.000200,0.200,0.042,35525312,35231,0,2475,2476,0,0,0,18806147,0,18640395,0,0.000000,0.000000,0.000000,2582,52009,1657.48,0,0,0,0,SUCCESS,0,0,warm20,,,,,1,0,1982753,1342,,,used,,,,20260917-1855
2026-09-17 23:01:04,Pre-HAUSPM,C8T1S5I8N5K,14,0,0.000200,0.200,0.042,37524002,37216,0,2547,2547,0,0,0,18922817,0,18759082,0,0.000000,0.000000,0.000000,2481,51652,1664.52,0,0,0,0,SUCCESS,0,0,warm20,,,,,1,0,1998690,1421,,,used,,,,20260917-1855
2026-09-17 23:01:07,Pre-HAUSPM,C8T1S5I8N5K,15,0,0.000200,0.200,0.042,39465053,39201,0,2649,2650,0,0,0,19394198,0,19231186,0,0.000000,0.000000,0.000000,2543,51165,702.74,0,0,0,0,SUCCESS,0,0,warm20,,,,,1,0,1941051,1501,,,used,,,,20260917-1855
2026-09-17 23:01:10,Pre-HAUSPM,C8T1S5I8N5K,16,0,0.000200,0.200,0.042,41467877,41186,0,2792,2792,0,0,0,19843596,0,19679010,0,0.000000,0.000000,0.000000,2513,50901,655.37,0,0,0,0,SUCCESS,0,0,warm20,,,,,1,0,2002824,1579,,,used,,,,20260917-1855
2026-09-17 23:01:13,Pre-HAUSPM,C8T1S5I8N5K,17,0,0.000200,0.200,0.042,43483968,43171,0,2852,2853,0,0,0,19732055,0,19570425,0,0.000000,0.000000,0.000000,2453,50583,935.40,0,0,0,0,SUCCESS,0,0,warm20,,,,,1,0,2016091,1659,,,used,,,,20260917-1855
2026-09-17 23:01:16,Pre-HAUSPM,C8T1S5I8N5K,18,0,0.000200,0.200,0.042,45455877,45156,0,2864,2865,0,0,0,19334864,0,19178333,0,0.000000,0.000000,0.000000,2513,50991,1349.43,0,0,0,0,SUCCESS,0,0,warm20,,,,,1,0,1971909,1740,,,used,,,,20260917-1855
2026-09-17 23:01:19,Pre-HAUSPM,C8T1S5I8N5K,19,0,0.000200,0.200,0.042,47416411,47132,0,2956,2957,0,0,0,19323837,0,19169868,0,0.000000,0.000000,0.000000,2623,51786,517.19,0,0,0,0,SUCCESS,0,0,warm20,,,,,1,0,1960534,1819,,,used,,,,20260917-1855
2026-09-17 23:01:21,Pre-HAUSPM,C8T1S5I8N5K,0,1,0.000200,0.200,0.200,9488004,9426,3,1965,1969,0,0,0,21109469,0,20750611,0,0.000000,0.000000,0.000000,6078,62730,520.58,0,0,0,0,SUCCESS,0,0,warm20,,,,,1,0,9488004,0,,,used,,,,20260917-1855
2026-09-17 23:01:23,Pre-HAUSPM,C8T1S5I8N5K,1,1,0.000200,0.200,0.042,11451451,11411,0,1809,1809,0,0,0,21510187,0,21189850,0,0.000000,0.000000,0.000000,6935,64356,676.44,0,0,0,0,SUCCESS,0,0,warm20,,,,,1,0,1963447,380,,,used,,,,20260917-1855
2026-09-17 23:01:25,Pre-HAUSPM,C8T1S5I8N5K,2,1,0.000200,0.200,0.042,13474240,13396,0,1676,1677,0,0,0,18685088,0,18433677,0,0.000000,0.000000,0.000000,6153,63614,1002.91,0,0,0,0,SUCCESS,0,0,warm20,,,,,1,0,2022789,458,,,used,,,,20260917-1855
2026-09-17 23:01:26,Pre-HAUSPM,C8T1S5I8N5K,3,1,0.000200,0.200,0.042,15495379,15381,0,1683,1683,0,0,0,17454107,0,17228916,0,0.000000,0.000000,0.000000,5356,61473,430.01,0,0,0,0,SUCCESS,0,0,warm20,,,,,1,0,2021139,539,,,used,,,,20260917-1855
2026-09-17 23:01:28,Pre-HAUSPM,C8T1S5I8N5K,4,1,0.000200,0.200,0.042,17415461,17366,0,1708,1708,0,0,0,17003190,0,16798123,0,0.000000,0.000000,0.000000,5565,61687,1773.97,0,0,0,0,SUCCESS,0,0,warm20,,,,,1,0,1920082,620,,,used,,,,20260917-1855
2026-09-17 23:01:30,Pre-HAUSPM,C8T1S5I8N5K,5,1,0.000200,0.200,0.042,19456214,19351,0,1721,1721,0,0,0,16532074,0,16341259,0,0.000000,0.000000,0.000000,4440,58881,864.29,0,0,0,0,SUCCESS,0,0,warm20,,,,,1,0,2040753,697,,,used,,,,20260917-1855
2026-09-17 23:01:32,Pre-HAUSPM,C8T1S5I8N5K,6,1,0.000200,0.200,0.042,21480684,21336,0,1798,1799,0,0,0,16685982,0,16504117,0,0.000000,0.000000,0.000000,3640,55862,436.78,0,0,0,0,SUCCESS,0,0,warm20,,,,,1,0,2024470,778,,,used,,,,20260917-1855
2026-09-17 23:01:33,Pre-HAUSPM,C8T1S5I8N5K,7,1,0.000200,0.200,0.042,23500349,23321,0,1941,1941,0,0,0,17340915,0,17158211,0,0.000000,0.000000,0.000000,3552,55696,748.25,0,0,0,0,SUCCESS,0,0,warm20,,,,,1,0,2019665,859,,,used,,,,20260917-1855
2026-09-17 23:01:35,Pre-HAUSPM,C8T1S5I8N5K,8,1,0.000200,0.200,0.042,25523565,25306,0,1984,1985,0,0,0,17163489,0,16989549,0,0.000000,0.000000,0.000000,2861,52690,1162.70,0,0,0,0,SUCCESS,0,0,warm20,,,,,1,0,2023216,940,,,used,,,,20260917-1855
2026-09-17 23:01:38,Pre-HAUSPM,C8T1S5I8N5K,9,1,0.000200,0.200,0.042,27536807,27291,0,2151,2151,0,0,0,17973900,0,17798169,0,0.000000,0.000000,0.000000,2930,53223,495.14,0,0,0,0,SUCCESS,0,0,warm20,,,,,1,0,2013242,1021,,,used,,,,20260917-1855
2026-09-17 23:01:40,Pre-HAUSPM,C8T1S5I8N5K,10,1,0.000200,0.200,0.042,29578731,29276,0,2228,2229,0,0,0,17934406,0,17761686,0,0.000000,0.000000,0.000000,3499,55386,206.16,0,0,0,0,SUCCESS,0,0,warm20,,,,,1,0,2041924,1102,,,used,,,,20260917-1855
2026-09-17 23:01:42,Pre-HAUSPM,C8T1S5I8N5K,11,1,0.000200,0.200,0.042,31516022,31261,0,2310,2311,0,0,0,18386841,0,18216572,0,0.000000,0.000000,0.000000,3050,53934,475.55,0,0,0,0,SUCCESS,0,0,warm20,,,,,1,0,1937291,1183,,,used,,,,20260917-1855
2026-09-17 23:01:45,Pre-HAUSPM,C8T1S5I8N5K,12,1,0.000200,0.200,0.042,33542559,33246,0,2440,2440,0,0,0,18967207,0,18795942,0,0.000000,0.000000,0.000000,2953,53437,1494.65,0,0,0,0,SUCCESS,0,0,warm20,,,,,1,0,2026537,1261,,,used,,,,20260917-1855
2026-09-17 23:01:47,Pre-HAUSPM,C8T1S5I8N5K,13,1,0.000200,0.200,0.042,35525312,35231,0,2471,2471,0,0,0,18806147,0,18640395,0,0.000000,0.000000,0.000000,2582,52009,842.35,0,0,0,0,SUCCESS,0,0,warm20,,,,,1,0,1982753,1342,,,used,,,,20260917-1855
2026-09-17 23:01:50,Pre-HAUSPM,C8T1S5I8N5K,14,1,0.000200,0.200,0.042,37524002,37216,0,2553,2553,0,0,0,18922817,0,18759082,0,0.000000,0.000000,0.000000,2481,51652,603.20,0,0,0,0,SUCCESS,0,0,warm20,,,,,1,0,1998690,1421,,,used,,,,20260917-1855
2026-09-17 23:01:52,Pre-HAUSPM,C8T1S5I8N5K,15,1,0.000200,0.200,0.042,39465053,39201,0,2653,2653,0,0,0,19394198,0,19231186,0,0.000000,0.000000,0.000000,2543,51165,1081.90,0,0,0,0,SUCCESS,0,0,warm20,,,,,1,0,1941051,1501,,,used,,,,20260917-1855
2026-09-17 23:01:55,Pre-HAUSPM,C8T1S5I8N5K,16,1,0.000200,0.200,0.042,41467877,41186,0,2797,2797,0,0,0,19843596,0,19679010,0,0.000000,0.000000,0.000000,2513,50901,718.99,0,0,0,0,SUCCESS,0,0,warm20,,,,,1,0,2002824,1579,,,used,,,,20260917-1855
2026-09-17 23:01:58,Pre-HAUSPM,C8T1S5I8N5K,17,1,0.000200,0.200,0.042,43483968,43171,0,2854,2854,0,0,0,19732055,0,19570425,0,0.000000,0.000000,0.000000,2453,50583,663.07,0,0,0,0,SUCCESS,0,0,warm20,,,,,1,0,2016091,1659,,,used,,,,20260917-1855
2026-09-17 23:02:01,Pre-HAUSPM,C8T1S5I8N5K,18,1,0.000200,0.200,0.042,45455877,45156,0,2874,2874,0,0,0,19334864,0,19178333,0,0.000000,0.000000,0.000000,2513,50991,753.14,0,0,0,0,SUCCESS,0,0,warm20,,,,,1,0,1971909,1740,,,used,,,,20260917-1855
2026-09-17 23:02:04,Pre-HAUSPM,C8T1S5I8N5K,19,1,0.000200,0.200,0.042,47416411,47132,0,2958,2958,0,0,0,19323837,0,19169868,0,0.000000,0.000000,0.000000,2623,51786,1263.10,0,0,0,0,SUCCESS,0,0,warm20,,,,,1,0,1960534,1819,,,used,,,,20260917-1855
2026-09-17 23:02:06,Pre-HAUSPM,C8T1S5I8N5K,0,2,0.000200,0.200,0.200,9488004,9426,3,1970,1974,0,0,0,21109469,0,20750611,0,0.000000,0.000000,0.000000,6078,62730,997.01,0,0,0,0,SUCCESS,0,0,warm20,,,,,1,0,9488004,0,,,used,,,,20260917-1855
2026-09-17 23:02:08,Pre-HAUSPM,C8T1S5I8N5K,1,2,0.000200,0.200,0.042,11451451,11411,0,1813,1814,0,0,0,21510187,0,21189850,0,0.000000,0.000000,0.000000,6935,64356,1154.40,0,0,0,0,SUCCESS,0,0,warm20,,,,,1,0,1963447,380,,,used,,,,20260917-1855
2026-09-17 23:02:10,Pre-HAUSPM,C8T1S5I8N5K,2,2,0.000200,0.200,0.042,13474240,13396,0,1679,1679,0,0,0,18685088,0,18433677,0,0.000000,0.000000,0.000000,6153,63614,1463.06,0,0,0,0,SUCCESS,0,0,warm20,,,,,1,0,2022789,458,,,used,,,,20260917-1855
2026-09-17 23:02:12,Pre-HAUSPM,C8T1S5I8N5K,3,2,0.000200,0.200,0.042,15495379,15381,0,1682,1682,0,0,0,17454107,0,17228916,0,0.000000,0.000000,0.000000,5356,61473,888.84,0,0,0,0,SUCCESS,0,0,warm20,,,,,1,0,2021139,539,,,used,,,,20260917-1855
2026-09-17 23:02:13,Pre-HAUSPM,C8T1S5I8N5K,4,2,0.000200,0.200,0.042,17415461,17366,0,1705,1706,0,0,0,17003190,0,16798123,0,0.000000,0.000000,0.000000,5565,61687,2188.98,0,0,0,0,SUCCESS,0,0,warm20,,,,,1,0,1920082,620,,,used,,,,20260917-1855
2026-09-17 23:02:15,Pre-HAUSPM,C8T1S5I8N5K,5,2,0.000200,0.200,0.042,19456214,19351,0,1722,1723,0,0,0,16532074,0,16341259,0,0.000000,0.000000,0.000000,4440,58881,1278.48,0,0,0,0,SUCCESS,0,0,warm20,,,,,1,0,2040753,697,,,used,,,,20260917-1855
2026-09-17 23:02:17,Pre-HAUSPM,C8T1S5I8N5K,6,2,0.000200,0.200,0.042,21480684,21336,0,1799,1800,0,0,0,16685982,0,16504117,0,0.000000,0.000000,0.000000,3640,55862,785.79,0,0,0,0,SUCCESS,0,0,warm20,,,,,1,0,2024470,778,,,used,,,,20260917-1855
2026-09-17 23:02:19,Pre-HAUSPM,C8T1S5I8N5K,7,2,0.000200,0.200,0.042,23500349,23321,0,1947,1948,0,0,0,17340915,0,17158211,0,0.000000,0.000000,0.000000,3552,55696,1049.26,0,0,0,0,SUCCESS,0,0,warm20,,,,,1,0,2019665,859,,,used,,,,20260917-1855
2026-09-17 23:02:21,Pre-HAUSPM,C8T1S5I8N5K,8,2,0.000200,0.200,0.042,25523565,25306,0,1976,1977,0,0,0,17163489,0,16989549,0,0.000000,0.000000,0.000000,2861,52690,1416.34,0,0,0,0,SUCCESS,0,0,warm20,,,,,1,0,2023216,940,,,used,,,,20260917-1855
2026-09-17 23:02:23,Pre-HAUSPM,C8T1S5I8N5K,9,2,0.000200,0.200,0.042,27536807,27291,0,2155,2155,0,0,0,17973900,0,17798169,0,0.000000,0.000000,0.000000,2930,53223,749.61,0,0,0,0,SUCCESS,0,0,warm20,,,,,1,0,2013242,1021,,,used,,,,20260917-1855
2026-09-17 23:02:25,Pre-HAUSPM,C8T1S5I8N5K,10,2,0.000200,0.200,0.042,29578731,29276,0,2231,2232,0,0,0,17934406,0,17761686,0,0.000000,0.000000,0.000000,3499,55386,410.86,0,0,0,0,SUCCESS,0,0,warm20,,,,,1,0,2041924,1102,,,used,,,,20260917-1855
2026-09-17 23:02:28,Pre-HAUSPM,C8T1S5I8N5K,11,2,0.000200,0.200,0.042,31516022,31261,0,2305,2305,0,0,0,18386841,0,18216572,0,0.000000,0.000000,0.000000,3050,53934,729.53,0,0,0,0,SUCCESS,0,0,warm20,,,,,1,0,1937291,1183,,,used,,,,20260917-1855
2026-09-17 23:02:30,Pre-HAUSPM,C8T1S5I8N5K,12,2,0.000200,0.200,0.042,33542559,33246,0,2437,2437,0,0,0,18967207,0,18795942,0,0.000000,0.000000,0.000000,2953,53437,1750.52,0,0,0,0,SUCCESS,0,0,warm20,,,,,1,0,2026537,1261,,,used,,,,20260917-1855
2026-09-17 23:02:33,Pre-HAUSPM,C8T1S5I8N5K,13,2,0.000200,0.200,0.042,35525312,35231,0,2470,2470,0,0,0,18806147,0,18640395,0,0.000000,0.000000,0.000000,2582,52009,1126.56,0,0,0,0,SUCCESS,0,0,warm20,,,,,1,0,1982753,1342,,,used,,,,20260917-1855
2026-09-17 23:02:35,Pre-HAUSPM,C8T1S5I8N5K,14,2,0.000200,0.200,0.042,37524002,37216,0,2546,2546,0,0,0,18922817,0,18759082,0,0.000000,0.000000,0.000000,2481,51652,985.16,0,0,0,0,SUCCESS,0,0,warm20,,,,,1,0,1998690,1421,,,used,,,,20260917-1855
2026-09-17 23:02:38,Pre-HAUSPM,C8T1S5I8N5K,15,2,0.000200,0.200,0.042,39465053,39201,0,2650,2651,0,0,0,19394198,0,19231186,0,0.000000,0.000000,0.000000,2543,51165,1481.09,0,0,0,0,SUCCESS,0,0,warm20,,,,,1,0,1941051,1501,,,used,,,,20260917-1855
2026-09-17 23:02:41,Pre-HAUSPM,C8T1S5I8N5K,16,2,0.000200,0.200,0.042,41467877,41186,0,2789,2790,0,0,0,19843596,0,19679010,0,0.000000,0.000000,0.000000,2513,50901,1146.99,0,0,0,0,SUCCESS,0,0,warm20,,,,,1,0,2002824,1579,,,used,,,,20260917-1855
2026-09-17 23:02:43,Pre-HAUSPM,C8T1S5I8N5K,17,2,0.000200,0.200,0.042,43483968,43171,0,2852,2853,0,0,0,19732055,0,19570425,0,0.000000,0.000000,0.000000,2453,50583,1203.00,0,0,0,0,SUCCESS,0,0,warm20,,,,,1,0,2016091,1659,,,used,,,,20260917-1855
2026-09-17 23:02:46,Pre-HAUSPM,C8T1S5I8N5K,18,2,0.000200,0.200,0.042,45455877,45156,0,2864,2865,0,0,0,19334864,0,19178333,0,0.000000,0.000000,0.000000,2513,50991,1294.24,0,0,0,0,SUCCESS,0,0,warm20,,,,,1,0,1971909,1740,,,used,,,,20260917-1855
2026-09-17 23:02:49,Pre-HAUSPM,C8T1S5I8N5K,19,2,0.000200,0.200,0.042,47416411,47132,0,2953,2953,0,0,0,19323837,0,19169868,0,0.000000,0.000000,0.000000,2623,51786,199.86,0,0,0,0,SUCCESS,0,0,warm20,,,,,1,0,1960534,1819,,,used,,,,20260917-1855
2026-09-17 23:02:52,Pre-HAUSPM,C8T1S5I8N5K,0,0,0.000200,0.200,0.200,9488004,9426,3,1933,1936,0,0,0,21109469,0,20750611,0,0.000000,0.000000,0.000000,6078,62730,199.37,0,0,0,0,SUCCESS,0,0,warm20,,,,,1,0,9488004,0,,,used,,,,20260917-1855
2026-09-17 23:02:54,Pre-HAUSPM,C8T1S5I8N5K,1,0,0.000200,0.200,0.016,10242606,10196,0,1724,1724,0,0,0,20914712,0,20559520,0,0.000000,0.000000,0.000000,6200,63942,1674.27,0,0,0,0,SUCCESS,0,0,warm20,,,,,1,0,754602,380,,,used,,,,20260917-1855
2026-09-17 23:02:55,Pre-HAUSPM,C8T1S5I8N5K,2,0,0.000200,0.200,0.016,11012574,10966,0,1527,1527,0,0,0,18035871,0,17754297,0,0.000000,0.000000,0.000000,6189,63119,985.82,0,0,0,0,SUCCESS,0,0,warm20,,,,,1,0,769968,410,,,used,,,,20260917-1855
2026-09-17 23:02:57,Pre-HAUSPM,C8T1S5I8N5K,3,0,0.000200,0.200,0.016,11774218,11736,0,1755,1756,0,0,0,20538350,0,20241172,0,0.000000,0.000000,0.000000,7235,65377,1976.97,0,0,0,0,SUCCESS,0,0,warm20,,,,,1,0,761644,441,,,used,,,,20260917-1855
2026-09-17 23:02:59,Pre-HAUSPM,C8T1S5I8N5K,4,0,0.000200,0.200,0.016,12547887,12506,0,1729,1729,0,0,0,19608250,0,19335210,0,0.000000,0.000000,0.000000,7437,64822,616.92,0,0,0,0,SUCCESS,0,0,warm20,,,,,1,0,773669,471,,,used,,,,20260917-1855
2026-09-17 23:03:00,Pre-HAUSPM,C8T1S5I8N5K,5,0,0.000200,0.200,0.016,13346762,13276,0,1703,1703,0,0,0,18973902,0,18717931,0,0.000000,0.000000,0.000000,6427,64179,936.29,0,0,0,0,SUCCESS,0,0,warm20,,,,,1,0,798875,502,,,used,,,,20260917-1855
2026-09-17 23:03:02,Pre-HAUSPM,C8T1S5I8N5K,6,0,0.000200,0.200,0.016,14140487,14046,0,1663,1664,0,0,0,18227718,0,17988872,0,0.000000,0.000000,0.000000,5701,62761,869.00,0,0,0,0,SUCCESS,0,0,warm20,,,,,1,0,793725,534,,,used,,,,20260917-1855
2026-09-17 23:03:04,Pre-HAUSPM,C8T1S5I8N5K,7,0,0.000200,0.200,0.016,14908869,14816,0,1652,1652,0,0,0,17471529,0,17247023,0,0.000000,0.000000,0.000000,5235,61348,504.74,0,0,0,0,SUCCESS,0,0,warm20,,,,,1,0,768382,566,,,used,,,,20260917-1855
2026-09-17 23:03:05,Pre-HAUSPM,C8T1S5I8N5K,8,0,0.000200,0.200,0.016,15692755,15586,0,1671,1672,0,0,0,17286193,0,17064257,0,0.000000,0.000000,0.000000,5023,60599,178.72,0,0,0,0,SUCCESS,0,0,warm20,,,,,1,0,783886,596,,,used,,,,20260917-1855
2026-09-17 23:03:07,Pre-HAUSPM,C8T1S5I8N5K,9,0,0.000200,0.200,0.016,16443210,16356,0,1696,1697,0,0,0,17108206,0,16894713,0,0.000000,0.000000,0.000000,5316,60476,1680.59,0,0,0,0,SUCCESS,0,0,warm20,,,,,1,0,750455,628,,,used,,,,20260917-1855
2026-09-17 23:03:09,Pre-HAUSPM,C8T1S5I8N5K,10,0,0.000200,0.200,0.016,17202030,17126,0,1715,1715,0,0,0,17114118,0,16905607,0,0.000000,0.000000,0.000000,5629,61031,1568.93,0,0,0,0,SUCCESS,0,0,warm20,,,,,1,0,758820,658,,,used,,,,20260917-1855
2026-09-17 23:03:11,Pre-HAUSPM,C8T1S5I8N5K,11,0,0.000200,0.200,0.016,17964675,17896,0,1725,1726,0,0,0,16928734,0,16724491,0,0.000000,0.000000,0.000000,5450,62309,1546.21,0,0,0,0,SUCCESS,0,0,warm20,,,,,1,0,762645,688,,,used,,,,20260917-1855
2026-09-17 23:03:12,Pre-HAUSPM,C8T1S5I8N5K,12,0,0.000200,0.200,0.016,18752045,18666,0,1726,1726,0,0,0,16713350,0,16517144,0,0.000000,0.000000,0.000000,4872,60363,1538.19,0,0,0,0,SUCCESS,0,0,warm20,,,,,1,0,787370,719,,,used,,,,20260917-1855
2026-09-17 23:03:14,Pre-HAUSPM,C8T1S5I8N5K,13,0,0.000200,0.200,0.016,19540463,19436,0,1723,1723,0,0,0,16477634,0,16287991,0,0.000000,0.000000,0.000000,4379,58533,1497.04,0,0,0,0,SUCCESS,0,0,warm20,,,,,1,0,788418,750,,,used,,,,20260917-1855
2026-09-17 23:03:16,Pre-HAUSPM,C8T1S5I8N5K,14,0,0.000200,0.200,0.016,20323541,20206,0,1752,1753,0,0,0,16585886,0,16400240,0,0.000000,0.000000,0.000000,4190,58325,1634.12,0,0,0,0,SUCCESS,0,0,warm20,,,,,1,0,783078,782,,,used,,,,20260917-1855
2026-09-17 23:03:18,Pre-HAUSPM,C8T1S5I8N5K,15,0,0.000200,0.200,0.016,21106401,20976,0,1768,1769,0,0,0,16531142,0,16349466,0,0.000000,0.000000,0.000000,3820,56568,306.53,0,0,0,0,SUCCESS,0,0,warm20,,,,,1,0,782860,813,,,used,,,,20260917-1855
2026-09-17 23:03:19,Pre-HAUSPM,C8T1S5I8N5K,16,0,0.000200,0.200,0.016,21891091,21746,0,1845,1845,0,0,0,16950607,0,16767319,0,0.000000,0.000000,0.000000,3928,56972,1187.41,0,0,0,0,SUCCESS,0,0,warm20,,,,,1,0,784690,844,,,used,,,,20260917-1855
2026-09-17 23:03:21,Pre-HAUSPM,C8T1S5I8N5K,17,0,0.000200,0.200,0.016,22668471,22516,0,1879,1879,0,0,0,16923298,0,16743743,0,0.000000,0.000000,0.000000,3787,56556,647.07,0,0,0,0,SUCCESS,0,0,warm20,,,,,1,0,777380,876,,,used,,,,20260917-1855
2026-09-17 23:03:23,Pre-HAUSPM,C8T1S5I8N5K,18,0,0.000200,0.200,0.016,23463909,23286,0,1940,1940,0,0,0,17340775,0,17158348,0,0.000000,0.000000,0.000000,3555,55655,654.47,0,0,0,0,SUCCESS,0,0,warm20,,,,,1,0,795438,907,,,used,,,,20260917-1855
2026-09-17 23:03:25,Pre-HAUSPM,C8T1S5I8N5K,19,0,0.000200,0.200,0.016,24264347,24056,0,1935,1935,0,0,0,17117647,0,16940470,0,0.000000,0.000000,0.000000,3211,54300,662.70,0,0,0,0,SUCCESS,0,0,warm20,,,,,1,0,800438,939,,,used,,,,20260917-1855
2026-09-17 23:03:27,Pre-HAUSPM,C8T1S5I8N5K,20,0,0.000200,0.200,0.016,25021126,24826,0,1954,1955,0,0,0,17068002,0,16894079,0,0.000000,0.000000,0.000000,2931,53226,766.46,0,0,0,0,SUCCESS,0,0,warm20,,,,,1,0,756779,971,,,used,,,,20260917-1855
2026-09-17 23:03:29,Pre-HAUSPM,C8T1S5I8N5K,21,0,0.000200,0.200,0.016,25826533,25596,0,2025,2025,0,0,0,17428736,0,17254597,0,0.000000,0.000000,0.000000,2981,53416,1253.66,0,0,0,0,SUCCESS,0,0,warm20,,,,,1,0,805407,1001,,,used,,,,20260917-1855
2026-09-17 23:03:31,Pre-HAUSPM,C8T1S5I8N5K,22,0,0.000200,0.200,0.016,26635039,26366,0,2073,2074,0,0,0,17608797,0,17434682,0,0.000000,0.000000,0.000000,2799,53112,508.82,0,0,0,0,SUCCESS,0,0,warm20,,,,,1,0,808506,1033,,,used,,,,20260917-1855
2026-09-17 23:03:33,Pre-HAUSPM,C8T1S5I8N5K,23,0,0.000200,0.200,0.016,27383102,27136,0,2130,2130,0,0,0,17893264,0,17717844,0,0.000000,0.000000,0.000000,2923,53117,192.15,0,0,0,0,SUCCESS,0,0,warm20,,,,,1,0,748063,1066,,,used,,,,20260917-1855
2026-09-17 23:03:36,Pre-HAUSPM,C8T1S5I8N5K,24,0,0.000200,0.200,0.016,28172835,27906,0,2170,2171,0,0,0,17930926,0,17756214,0,0.000000,0.000000,0.000000,2941,53443,1605.81,0,0,0,0,SUCCESS,0,0,warm20,,,,,1,0,789733,1096,,,used,,,,20260917-1855
2026-09-17 23:03:38,Pre-HAUSPM,C8T1S5I8N5K,25,0,0.000200,0.200,0.016,28965003,28676,0,2202,2202,0,0,0,17868384,0,17694291,0,0.000000,0.000000,0.000000,3678,55928,249.10,0,0,0,0,SUCCESS,0,0,warm20,,,,,1,0,792168,1127,,,used,,,,20260917-1855
2026-09-17 23:03:40,Pre-HAUSPM,C8T1S5I8N5K,26,0,0.000200,0.200,0.016,29733125,29446,0,2235,2236,0,0,0,17981912,0,17809190,0,0.000000,0.000000,0.000000,3457,55342,587.74,0,0,0,0,SUCCESS,0,0,warm20,,,,,1,0,768122,1159,,,used,,,,20260917-1855
2026-09-17 23:03:42,Pre-HAUSPM,C8T1S5I8N5K,27,0,0.000200,0.200,0.016,30519360,30216,0,2253,2253,0,0,0,17993874,0,17823086,0,0.000000,0.000000,0.000000,3196,54380,1104.94,0,0,0,0,SUCCESS,0,0,warm20,,,,,1,0,786235,1190,,,used,,,,20260917-1855
2026-09-17 23:03:45,Pre-HAUSPM,C8T1S5I8N5K,28,0,0.000200,0.200,0.016,31258424,30986,0,2279,2279,0,0,0,18109413,0,17939919,0,0.000000,0.000000,0.000000,3073,53945,447.26,0,0,0,0,SUCCESS,0,0,warm20,,,,,1,0,739064,1221,,,used,,,,20260917-1855
2026-09-17 23:03:47,Pre-HAUSPM,C8T1S5I8N5K,29,0,0.000200,0.200,0.016,32001109,31756,0,2303,2303,0,0,0,18205719,0,18037649,0,0.000000,0.000000,0.000000,2936,53388,1296.82,0,0,0,0,SUCCESS,0,0,warm20,,,,,1,0,742685,1251,,,used,,,,20260917-1855
2026-09-17 23:03:49,Pre-HAUSPM,C8T1S5I8N5K,30,0,0.000200,0.200,0.016,32796296,32526,0,2414,2414,0,0,0,19010106,0,18837803,0,0.000000,0.000000,0.000000,3085,53492,1513.81,0,0,0,0,SUCCESS,0,0,warm20,,,,,1,0,795187,1280,,,used,,,,20260917-1855
2026-09-17 23:03:52,Pre-HAUSPM,C8T1S5I8N5K,31,0,0.000200,0.200,0.016,33593403,33296,0,2442,2443,0,0,0,19021825,0,18850367,0,0.000000,0.000000,0.000000,2930,53349,510.99,0,0,0,0,SUCCESS,0,0,warm20,,,,,1,0,797107,1312,,,used,,,,20260917-1855
2026-09-17 23:03:54,Pre-HAUSPM,C8T1S5I8N5K,32,0,0.000200,0.200,0.016,34347468,34066,0,2447,2447,0,0,0,18853266,0,18684981,0,0.000000,0.000000,0.000000,2829,53079,884.13,0,0,0,0,SUCCESS,0,0,warm20,,,,,1,0,754065,1344,,,used,,,,20260917-1855
2026-09-17 23:03:57,Pre-HAUSPM,C8T1S5I8N5K,33,0,0.000200,0.200,0.016,35130889,34836,0,2462,2463,0,0,0,18877786,0,18711039,0,0.000000,0.000000,0.000000,2645,52402,1355.69,0,0,0,0,SUCCESS,0,0,warm20,,,,,1,0,783421,1374,,,used,,,,20260917-1855
2026-09-17 23:03:59,Pre-HAUSPM,C8T1S5I8N5K,34,0,0.000200,0.200,0.016,35915078,35606,0,2462,2463,0,0,0,18638651,0,18474712,0,0.000000,0.000000,0.000000,2563,51721,520.31,0,0,0,0,SUCCESS,0,0,warm20,,,,,1,0,784189,1406,,,used,,,,20260917-1855
2026-09-17 23:04:02,Pre-HAUSPM,C8T1S5I8N5K,35,0,0.000200,0.200,0.016,36684533,36376,0,2486,2487,0,0,0,18664168,0,18501323,0,0.000000,0.000000,0.000000,2570,51858,1195.61,0,0,0,0,SUCCESS,0,0,warm20,,,,,1,0,769455,1437,,,used,,,,20260917-1855
2026-09-17 23:04:04,Pre-HAUSPM,C8T1S5I8N5K,36,0,0.000200,0.200,0.016,37461649,37146,0,2538,2538,0,0,0,18911785,0,18748017,0,0.000000,0.000000,0.000000,2455,51464,854.95,0,0,0,0,SUCCESS,0,0,warm20,,,,,1,0,777116,1468,,,used,,,,20260917-1855
2026-09-17 23:04:07,Pre-HAUSPM,C8T1S5I8N5K,37,0,0.000200,0.200,0.016,38238988,37916,0,2592,2593,0,0,0,19230961,0,19067796,0,0.000000,0.000000,0.000000,2511,51638,855.27,0,0,0,0,SUCCESS,0,0,warm20,,,,,1,0,777339,1499,,,used,,,,20260917-1855
2026-09-17 23:04:10,Pre-HAUSPM,C8T1S5I8N5K,38,0,0.000200,0.200,0.016,38976887,38686,0,2623,2624,0,0,0,19342537,0,19179633,0,0.000000,0.000000,0.000000,2488,51078,370.82,0,0,0,0,SUCCESS,0,0,warm20,,,,,1,0,737899,1530,,,used,,,,20260917-1855
2026-09-17 23:04:12,Pre-HAUSPM,C8T1S5I8N5K,39,0,0.000200,0.200,0.016,39713850,39456,0,2663,2663,0,0,0,19311554,0,19149129,0,0.000000,0.000000,0.000000,2600,51599,475.14,0,0,0,0,SUCCESS,0,0,warm20,,,,,1,0,736963,1559,,,used,,,,20260917-1855
2026-09-17 23:04:15,Pre-HAUSPM,C8T1S5I8N5K,40,0,0.000200,0.200,0.016,40487827,40226,0,2724,2724,0,0,0,19564710,0,19401197,0,0.000000,0.000000,0.000000,2561,51298,696.05,0,0,0,0,SUCCESS,0,0,warm20,,,,,1,0,773977,1589,,,used,,,,20260917-1855
2026-09-17 23:04:18,Pre-HAUSPM,C8T1S5I8N5K,41,0,0.000200,0.200,0.016,41264664,40996,0,2790,2791,0,0,0,19863728,0,19699189,0,0.000000,0.000000,0.000000,2521,50997,1021.71,0,0,0,0,SUCCESS,0,0,warm20,,,,,1,0,776837,1620,,,used,,,,20260917-1855
2026-09-17 23:04:21,Pre-HAUSPM,C8T1S5I8N5K,42,0,0.000200,0.200,0.016,42050815,41766,0,2819,2819,0,0,0,19926530,0,19762127,0,0.000000,0.000000,0.000000,2435,50706,1253.94,0,0,0,0,SUCCESS,0,0,warm20,,,,,1,0,786151,1651,,,used,,,,20260917-1855
2026-09-17 23:04:24,Pre-HAUSPM,C8T1S5I8N5K,43,0,0.000200,0.200,0.016,42840281,42536,0,2835,2836,0,0,0,19781892,0,19619469,0,0.000000,0.000000,0.000000,2433,50881,1208.13,0,0,0,0,SUCCESS,0,0,warm20,,,,,1,0,789466,1682,,,used,,,,20260917-1855
2026-09-17 23:04:26,Pre-HAUSPM,C8T1S5I8N5K,44,0,0.000200,0.200,0.016,43616984,43306,0,2855,2856,0,0,0,19688271,0,19527134,0,0.000000,0.000000,0.000000,2457,50671,1153.03,0,0,0,0,SUCCESS,0,0,warm20,,,,,1,0,776703,1714,,,used,,,,20260917-1855
2026-09-17 23:04:29,Pre-HAUSPM,C8T1S5I8N5K,45,0,0.000200,0.200,0.016,44376959,44076,0,2871,2872,0,0,0,19595979,0,19435964,0,0.000000,0.000000,0.000000,2437,50884,1160.02,0,0,0,0,SUCCESS,0,0,warm20,,,,,1,0,759975,1745,,,used,,,,20260917-1855
2026-09-17 23:04:32,Pre-HAUSPM,C8T1S5I8N5K,46,0,0.000200,0.200,0.016,45145862,44846,0,2852,2853,0,0,0,19293722,0,19136506,0,0.000000,0.000000,0.000000,2417,50528,961.60,0,0,0,0,SUCCESS,0,0,warm20,,,,,1,0,768903,1775,,,used,,,,20260917-1855
2026-09-17 23:04:35,Pre-HAUSPM,C8T1S5I8N5K,47,0,0.000200,0.200,0.016,45909097,45616,0,2863,2863,0,0,0,19196121,0,19041103,0,0.000000,0.000000,0.000000,2473,50861,922.59,0,0,0,0,SUCCESS,0,0,warm20,,,,,1,0,763235,1806,,,used,,,,20260917-1855
2026-09-17 23:04:38,Pre-HAUSPM,C8T1S5I8N5K,48,0,0.000200,0.200,0.016,46663645,46386,0,2930,2931,0,0,0,19373991,0,19218825,0,0.000000,0.000000,0.000000,2642,51623,1130.14,0,0,0,0,SUCCESS,0,0,warm20,,,,,1,0,754548,1837,,,used,,,,20260917-1855
2026-09-17 23:04:41,Pre-HAUSPM,C8T1S5I8N5K,49,0,0.000200,0.200,0.016,47416411,47132,0,2955,2956,0,0,0,19323837,0,19169868,0,0.000000,0.000000,0.000000,2623,51786,1125.15,0,0,0,0,SUCCESS,0,0,warm20,,,,,1,0,752766,1867,,,used,,,,20260917-1855
2026-09-17 23:04:43,Pre-HAUSPM,C8T1S5I8N5K,0,1,0.000200,0.200,0.200,9488004,9426,3,1963,1967,0,0,0,21109469,0,20750611,0,0.000000,0.000000,0.000000,6078,62730,980.48,0,0,0,0,SUCCESS,0,0,warm20,,,,,1,0,9488004,0,,,used,,,,20260917-1855
2026-09-17 23:04:45,Pre-HAUSPM,C8T1S5I8N5K,1,1,0.000200,0.200,0.016,10242606,10196,0,1720,1720,0,0,0,20914712,0,20559520,0,0.000000,0.000000,0.000000,6200,63942,730.44,0,0,0,0,SUCCESS,0,0,warm20,,,,,1,0,754602,380,,,used,,,,20260917-1855
2026-09-17 23:04:47,Pre-HAUSPM,C8T1S5I8N5K,2,1,0.000200,0.200,0.016,11012574,10966,0,1524,1524,0,0,0,18035871,0,17754297,0,0.000000,0.000000,0.000000,6189,63119,557.04,0,0,0,0,SUCCESS,0,0,warm20,,,,,1,0,769968,410,,,used,,,,20260917-1855
2026-09-17 23:04:49,Pre-HAUSPM,C8T1S5I8N5K,3,1,0.000200,0.200,0.016,11774218,11736,0,1756,1756,0,0,0,20538350,0,20241172,0,0.000000,0.000000,0.000000,7235,65377,2051.62,0,0,0,0,SUCCESS,0,0,warm20,,,,,1,0,761644,441,,,used,,,,20260917-1855
2026-09-17 23:04:50,Pre-HAUSPM,C8T1S5I8N5K,4,1,0.000200,0.200,0.016,12547887,12506,0,1732,1732,0,0,0,19608250,0,19335210,0,0.000000,0.000000,0.000000,7437,64822,843.13,0,0,0,0,SUCCESS,0,0,warm20,,,,,1,0,773669,471,,,used,,,,20260917-1855
2026-09-17 23:04:52,Pre-HAUSPM,C8T1S5I8N5K,5,1,0.000200,0.200,0.016,13346762,13276,0,1703,1703,0,0,0,18973902,0,18717931,0,0.000000,0.000000,0.000000,6427,64179,1582.94,0,0,0,0,SUCCESS,0,0,warm20,,,,,1,0,798875,502,,,used,,,,20260917-1855
2026-09-17 23:04:54,Pre-HAUSPM,C8T1S5I8N5K,6,1,0.000200,0.200,0.016,14140487,14046,0,1661,1661,0,0,0,18227718,0,17988872,0,0.000000,0.000000,0.000000,5701,62761,2035.24,0,0,0,0,SUCCESS,0,0,warm20,,,,,1,0,793725,534,,,used,,,,20260917-1855
2026-09-17 23:04:55,Pre-HAUSPM,C8T1S5I8N5K,7,1,0.000200,0.200,0.016,14908869,14816,0,1643,1643,0,0,0,17471529,0,17247023,0,0.000000,0.000000,0.000000,5235,61348,2139.17,0,0,0,0,SUCCESS,0,0,warm20,,,,,1,0,768382,566,,,used,,,,20260917-1855
2026-09-17 23:04:57,Pre-HAUSPM,C8T1S5I8N5K,8,1,0.000200,0.200,0.016,15692755,15586,0,1680,1680,0,0,0,17286193,0,17064257,0,0.000000,0.000000,0.000000,5023,60599,358.23,0,0,0,0,SUCCESS,0,0,warm20,,,,,1,0,783886,596,,,used,,,,20260917-1855
2026-09-17 23:04:59,Pre-HAUSPM,C8T1S5I8N5K,9,1,0.000200,0.200,0.016,16443210,16356,0,1690,1690,0,0,0,17108206,0,16894713,0,0.000000,0.000000,0.000000,5316,60476,675.04,0,0,0,0,SUCCESS,0,0,warm20,,,,,1,0,750455,628,,,used,,,,20260917-1855
2026-09-17 23:05:00,Pre-HAUSPM,C8T1S5I8N5K,10,1,0.000200,0.200,0.016,17202030,17126,0,1711,1711,0,0,0,17114118,0,16905607,0,0.000000,0.000000,0.000000,5629,61031,1293.90,0,0,0,0,SUCCESS,0,0,warm20,,,,,1,0,758820,658,,,used,,,,20260917-1855
2026-09-17 23:05:02,Pre-HAUSPM,C8T1S5I8N5K,11,1,0.000200,0.200,0.016,17964675,17896,0,1737,1737,0,0,0,16928734,0,16724491,0,0.000000,0.000000,0.000000,5450,62309,1926.47,0,0,0,0,SUCCESS,0,0,warm20,,,,,1,0,762645,688,,,used,,,,20260917-1855
2026-09-17 23:05:04,Pre-HAUSPM,C8T1S5I8N5K,12,1,0.000200,0.200,0.016,18752045,18666,0,1726,1726,0,0,0,16713350,0,16517144,0,0.000000,0.000000,0.000000,4872,60363,659.30,0,0,0,0,SUCCESS,0,0,warm20,,,,,1,0,787370,719,,,used,,,,20260917-1855
2026-09-17 23:05:06,Pre-HAUSPM,C8T1S5I8N5K,13,1,0.000200,0.200,0.016,19540463,19436,0,1723,1723,0,0,0,16477634,0,16287991,0,0.000000,0.000000,0.000000,4379,58533,1309.83,0,0,0,0,SUCCESS,0,0,warm20,,,,,1,0,788418,750,,,used,,,,20260917-1855
2026-09-17 23:05:07,Pre-HAUSPM,C8T1S5I8N5K,14,1,0.000200,0.200,0.016,20323541,20206,0,1755,1755,0,0,0,16585886,0,16400240,0,0.000000,0.000000,0.000000,4190,58325,436.89,0,0,0,0,SUCCESS,0,0,warm20,,,,,1,0,783078,782,,,used,,,,20260917-1855
2026-09-17 23:05:09,Pre-HAUSPM,C8T1S5I8N5K,15,1,0.000200,0.200,0.016,21106401,20976,0,1774,1774,0,0,0,16531142,0,16349466,0,0.000000,0.000000,0.000000,3820,56568,1573.89,0,0,0,0,SUCCESS,0,0,warm20,,,,,1,0,782860,813,,,used,,,,20260917-1855
2026-09-17 23:05:11,Pre-HAUSPM,C8T1S5I8N5K,16,1,0.000200,0.200,0.016,21891091,21746,0,1846,1846,0,0,0,16950607,0,16767319,0,0.000000,0.000000,0.000000,3928,56972,1351.11,0,0,0,0,SUCCESS,0,0,warm20,,,,,1,0,784690,844,,,used,,,,20260917-1855
2026-09-17 23:05:13,Pre-HAUSPM,C8T1S5I8N5K,17,1,0.000200,0.200,0.016,22668471,22516,0,1873,1873,0,0,0,16923298,0,16743743,0,0.000000,0.000000,0.000000,3787,56556,1334.44,0,0,0,0,SUCCESS,0,0,warm20,,,,,1,0,777380,876,,,used,,,,20260917-1855
2026-09-17 23:05:15,Pre-HAUSPM,C8T1S5I8N5K,18,1,0.000200,0.200,0.016,23463909,23286,0,1936,1937,0,0,0,17340775,0,17158348,0,0.000000,0.000000,0.000000,3555,55655,1814.25,0,0,0,0,SUCCESS,0,0,warm20,,,,,1,0,795438,907,,,used,,,,20260917-1855
2026-09-17 23:05:17,Pre-HAUSPM,C8T1S5I8N5K,19,1,0.000200,0.200,0.016,24264347,24056,0,1934,1934,0,0,0,17117647,0,16940470,0,0.000000,0.000000,0.000000,3211,54300,634.22,0,0,0,0,SUCCESS,0,0,warm20,,,,,1,0,800438,939,,,used,,,,20260917-1855
2026-09-17 23:05:19,Pre-HAUSPM,C8T1S5I8N5K,20,1,0.000200,0.200,0.016,25021126,24826,0,1953,1954,0,0,0,17068002,0,16894079,0,0.000000,0.000000,0.000000,2931,53226,1256.80,0,0,0,0,SUCCESS,0,0,warm20,,,,,1,0,756779,971,,,used,,,,20260917-1855
2026-09-17 23:05:21,Pre-HAUSPM,C8T1S5I8N5K,21,1,0.000200,0.200,0.016,25826533,25596,0,2021,2021,0,0,0,17428736,0,17254597,0,0.000000,0.000000,0.000000,2981,53416,717.76,0,0,0,0,SUCCESS,0,0,warm20,,,,,1,0,805407,1001,,,used,,,,20260917-1855
2026-09-17 23:05:23,Pre-HAUSPM,C8T1S5I8N5K,22,1,0.000200,0.200,0.016,26635039,26366,0,2072,2072,0,0,0,17608797,0,17434682,0,0.000000,0.000000,0.000000,2799,53112,574.89,0,0,0,0,SUCCESS,0,0,warm20,,,,,1,0,808506,1033,,,used,,,,20260917-1855
2026-09-17 23:05:25,Pre-HAUSPM,C8T1S5I8N5K,23,1,0.000200,0.200,0.016,27383102,27136,0,2136,2136,0,0,0,17893264,0,17717844,0,0.000000,0.000000,0.000000,2923,53117,796.87,0,0,0,0,SUCCESS,0,0,warm20,,,,,1,0,748063,1066,,,used,,,,20260917-1855
2026-09-17 23:05:27,Pre-HAUSPM,C8T1S5I8N5K,24,1,0.000200,0.200,0.016,28172835,27906,0,2178,2178,0,0,0,17930926,0,17756214,0,0.000000,0.000000,0.000000,2941,53443,1179.95,0,0,0,0,SUCCESS,0,0,warm20,,,,,1,0,789733,1096,,,used,,,,20260917-1855
2026-09-17 23:05:30,Pre-HAUSPM,C8T1S5I8N5K,25,1,0.000200,0.200,0.016,28965003,28676,0,2207,2207,0,0,0,17868384,0,17694291,0,0.000000,0.000000,0.000000,3678,55928,213.37,0,0,0,0,SUCCESS,0,0,warm20,,,,,1,0,792168,1127,,,used,,,,20260917-1855
2026-09-17 23:05:32,Pre-HAUSPM,C8T1S5I8N5K,26,1,0.000200,0.200,0.016,29733125,29446,0,2238,2238,0,0,0,17981912,0,17809190,0,0.000000,0.000000,0.000000,3457,55342,1086.77,0,0,0,0,SUCCESS,0,0,warm20,,,,,1,0,768122,1159,,,used,,,,20260917-1855
2026-09-17 23:05:34,Pre-HAUSPM,C8T1S5I8N5K,27,1,0.000200,0.200,0.016,30519360,30216,0,2256,2256,0,0,0,17993874,0,17823086,0,0.000000,0.000000,0.000000,3196,54380,571.21,0,0,0,0,SUCCESS,0,0,warm20,,,,,1,0,786235,1190,,,used,,,,20260917-1855
2026-09-17 23:05:36,Pre-HAUSPM,C8T1S5I8N5K,28,1,0.000200,0.200,0.016,31258424,30986,0,2285,2285,0,0,0,18109413,0,17939919,0,0.000000,0.000000,0.000000,3073,53945,300.76,0,0,0,0,SUCCESS,0,0,warm20,,,,,1,0,739064,1221,,,used,,,,20260917-1855
2026-09-17 23:05:39,Pre-HAUSPM,C8T1S5I8N5K,29,1,0.000200,0.200,0.016,32001109,31756,0,2307,2307,0,0,0,18205719,0,18037649,0,0.000000,0.000000,0.000000,2936,53388,285.09,0,0,0,0,SUCCESS,0,0,warm20,,,,,1,0,742685,1251,,,used,,,,20260917-1855
2026-09-17 23:05:41,Pre-HAUSPM,C8T1S5I8N5K,30,1,0.000200,0.200,0.016,32796296,32526,0,2423,2423,0,0,0,19010106,0,18837803,0,0.000000,0.000000,0.000000,3085,53492,999.93,0,0,0,0,SUCCESS,0,0,warm20,,,,,1,0,795187,1280,,,used,,,,20260917-1855
2026-09-17 23:05:44,Pre-HAUSPM,C8T1S5I8N5K,31,1,0.000200,0.200,0.016,33593403,33296,0,2444,2444,0,0,0,19021825,0,18850367,0,0.000000,0.000000,0.000000,2930,53349,419.34,0,0,0,0,SUCCESS,0,0,warm20,,,,,1,0,797107,1312,,,used,,,,20260917-1855
2026-09-17 23:05:46,Pre-HAUSPM,C8T1S5I8N5K,32,1,0.000200,0.200,0.016,34347468,34066,0,2447,2448,0,0,0,18853266,0,18684981,0,0.000000,0.000000,0.000000,2829,53079,1199.79,0,0,0,0,SUCCESS,0,0,warm20,,,,,1,0,754065,1344,,,used,,,,20260917-1855
2026-09-17 23:05:49,Pre-HAUSPM,C8T1S5I8N5K,33,1,0.000200,0.200,0.016,35130889,34836,0,2470,2470,0,0,0,18877786,0,18711039,0,0.000000,0.000000,0.000000,2645,52402,715.11,0,0,0,0,SUCCESS,0,0,warm20,,,,,1,0,783421,1374,,,used,,,,20260917-1855
2026-09-17 23:05:51,Pre-HAUSPM,C8T1S5I8N5K,34,1,0.000200,0.200,0.016,35915078,35606,0,2469,2469,0,0,0,18638651,0,18474712,0,0.000000,0.000000,0.000000,2563,51721,1566.22,0,0,0,0,SUCCESS,0,0,warm20,,,,,1,0,784189,1406,,,used,,,,20260917-1855
2026-09-17 23:05:54,Pre-HAUSPM,C8T1S5I8N5K,35,1,0.000200,0.200,0.016,36684533,36376,0,2490,2491,0,0,0,18664168,0,18501323,0,0.000000,0.000000,0.000000,2570,51858,1183.91,0,0,0,0,SUCCESS,0,0,warm20,,,,,1,0,769455,1437,,,used,,,,20260917-1855
2026-09-17 23:05:56,Pre-HAUSPM,C8T1S5I8N5K,36,1,0.000200,0.200,0.016,37461649,37146,0,2540,2540,0,0,0,18911785,0,18748017,0,0.000000,0.000000,0.000000,2455,51464,1121.94,0,0,0,0,SUCCESS,0,0,warm20,,,,,1,0,777116,1468,,,used,,,,20260917-1855
2026-09-17 23:05:59,Pre-HAUSPM,C8T1S5I8N5K,37,1,0.000200,0.200,0.016,38238988,37916,0,2595,2595,0,0,0,19230961,0,19067796,0,0.000000,0.000000,0.000000,2511,51638,1424.39,0,0,0,0,SUCCESS,0,0,warm20,,,,,1,0,777339,1499,,,used,,,,20260917-1855
2026-09-17 23:06:01,Pre-HAUSPM,C8T1S5I8N5K,38,1,0.000200,0.200,0.016,38976887,38686,0,2627,2627,0,0,0,19342537,0,19179633,0,0.000000,0.000000,0.000000,2488,51078,510.34,0,0,0,0,SUCCESS,0,0,warm20,,,,,1,0,737899,1530,,,used,,,,20260917-1855
2026-09-17 23:06:04,Pre-HAUSPM,C8T1S5I8N5K,39,1,0.000200,0.200,0.016,39713850,39456,0,2667,2667,0,0,0,19311554,0,19149129,0,0.000000,0.000000,0.000000,2600,51599,1218.73,0,0,0,0,SUCCESS,0,0,warm20,,,,,1,0,736963,1559,,,used,,,,20260917-1855
2026-09-17 23:06:07,Pre-HAUSPM,C8T1S5I8N5K,40,1,0.000200,0.200,0.016,40487827,40226,0,2727,2727,0,0,0,19564710,0,19401197,0,0.000000,0.000000,0.000000,2561,51298,900.25,0,0,0,0,SUCCESS,0,0,warm20,,,,,1,0,773977,1589,,,used,,,,20260917-1855
2026-09-17 23:06:10,Pre-HAUSPM,C8T1S5I8N5K,41,1,0.000200,0.200,0.016,41264664,40996,0,2791,2791,0,0,0,19863728,0,19699189,0,0.000000,0.000000,0.000000,2521,50997,195.97,0,0,0,0,SUCCESS,0,0,warm20,,,,,1,0,776837,1620,,,used,,,,20260917-1855
2026-09-17 23:06:12,Pre-HAUSPM,C8T1S5I8N5K,42,1,0.000200,0.200,0.016,42050815,41766,0,2819,2820,0,0,0,19926530,0,19762127,0,0.000000,0.000000,0.000000,2435,50706,374.31,0,0,0,0,SUCCESS,0,0,warm20,,,,,1,0,786151,1651,,,used,,,,20260917-1855
2026-09-17 23:06:15,Pre-HAUSPM,C8T1S5I8N5K,43,1,0.000200,0.200,0.016,42840281,42536,0,2839,2840,0,0,0,19781892,0,19619469,0,0.000000,0.000000,0.000000,2433,50881,675.90,0,0,0,0,SUCCESS,0,0,warm20,,,,,1,0,789466,1682,,,used,,,,20260917-1855
2026-09-17 23:06:18,Pre-HAUSPM,C8T1S5I8N5K,44,1,0.000200,0.200,0.016,43616984,43306,0,2852,2853,0,0,0,19688271,0,19527134,0,0.000000,0.000000,0.000000,2457,50671,1228.03,0,0,0,0,SUCCESS,0,0,warm20,,,,,1,0,776703,1714,,,used,,,,20260917-1855
2026-09-17 23:06:21,Pre-HAUSPM,C8T1S5I8N5K,45,1,0.000200,0.200,0.016,44376959,44076,0,2877,2878,0,0,0,19595979,0,19435964,0,0.000000,0.000000,0.000000,2437,50884,815.76,0,0,0,0,SUCCESS,0,0,warm20,,,,,1,0,759975,1745,,,used,,,,20260917-1855
2026-09-17 23:06:24,Pre-HAUSPM,C8T1S5I8N5K,46,1,0.000200,0.200,0.016,45145862,44846,0,2857,2857,0,0,0,19293722,0,19136506,0,0.000000,0.000000,0.000000,2417,50528,583.45,0,0,0,0,SUCCESS,0,0,warm20,,,,,1,0,768903,1775,,,used,,,,20260917-1855
2026-09-17 23:06:27,Pre-HAUSPM,C8T1S5I8N5K,47,1,0.000200,0.200,0.016,45909097,45616,0,2866,2866,0,0,0,19196121,0,19041103,0,0.000000,0.000000,0.000000,2473,50861,567.80,0,0,0,0,SUCCESS,0,0,warm20,,,,,1,0,763235,1806,,,used,,,,20260917-1855
2026-09-17 23:06:30,Pre-HAUSPM,C8T1S5I8N5K,48,1,0.000200,0.200,0.016,46663645,46386,0,2936,2936,0,0,0,19373991,0,19218825,0,0.000000,0.000000,0.000000,2642,51623,998.61,0,0,0,0,SUCCESS,0,0,warm20,,,,,1,0,754548,1837,,,used,,,,20260917-1855
2026-09-17 23:06:33,Pre-HAUSPM,C8T1S5I8N5K,49,1,0.000200,0.200,0.016,47416411,47132,0,2960,2960,0,0,0,19323837,0,19169868,0,0.000000,0.000000,0.000000,2623,51786,561.88,0,0,0,0,SUCCESS,0,0,warm20,,,,,1,0,752766,1867,,,used,,,,20260917-1855
2026-09-17 23:06:35,Pre-HAUSPM,C8T1S5I8N5K,0,2,0.000200,0.200,0.200,9488004,9426,3,1931,1934,0,0,0,21109469,0,20750611,0,0.000000,0.000000,0.000000,6078,62730,1314.13,0,0,0,0,SUCCESS,0,0,warm20,,,,,1,0,9488004,0,,,used,,,,20260917-1855
2026-09-17 23:06:37,Pre-HAUSPM,C8T1S5I8N5K,1,2,0.000200,0.200,0.016,10242606,10196,0,1722,1722,0,0,0,20914712,0,20559520,0,0.000000,0.000000,0.000000,6200,63942,203.25,0,0,0,0,SUCCESS,0,0,warm20,,,,,1,0,754602,380,,,used,,,,20260917-1855
2026-09-17 23:06:39,Pre-HAUSPM,C8T1S5I8N5K,2,2,0.000200,0.200,0.016,11012574,10966,0,1582,1582,0,0,0,18035871,0,17754297,0,0.000000,0.000000,0.000000,6189,63119,235.19,0,0,0,0,SUCCESS,0,0,warm20,,,,,1,0,769968,410,,,used,,,,20260917-1855
2026-09-17 23:06:40,Pre-HAUSPM,C8T1S5I8N5K,3,2,0.000200,0.200,0.016,11774218,11736,0,1762,1762,0,0,0,20538350,0,20241172,0,0.000000,0.000000,0.000000,7235,65377,1573.27,0,0,0,0,SUCCESS,0,0,warm20,,,,,1,0,761644,441,,,used,,,,20260917-1855
2026-09-17 23:06:42,Pre-HAUSPM,C8T1S5I8N5K,4,2,0.000200,0.200,0.016,12547887,12506,0,1729,1729,0,0,0,19608250,0,19335210,0,0.000000,0.000000,0.000000,7437,64822,255.00,0,0,0,0,SUCCESS,0,0,warm20,,,,,1,0,773669,471,,,used,,,,20260917-1855
2026-09-17 23:06:44,Pre-HAUSPM,C8T1S5I8N5K,5,2,0.000200,0.200,0.016,13346762,13276,0,1698,1698,0,0,0,18973902,0,18717931,0,0.000000,0.000000,0.000000,6427,64179,1042.01,0,0,0,0,SUCCESS,0,0,warm20,,,,,1,0,798875,502,,,used,,,,20260917-1855
2026-09-17 23:06:45,Pre-HAUSPM,C8T1S5I8N5K,6,2,0.000200,0.200,0.016,14140487,14046,0,1671,1671,0,0,0,18227718,0,17988872,0,0.000000,0.000000,0.000000,5701,62761,1444.69,0,0,0,0,SUCCESS,0,0,warm20,,,,,1,0,793725,534,,,used,,,,20260917-1855
2026-09-17 23:06:47,Pre-HAUSPM,C8T1S5I8N5K,7,2,0.000200,0.200,0.016,14908869,14816,0,1651,1651,0,0,0,17471529,0,17247023,0,0.000000,0.000000,0.000000,5235,61348,1500.76,0,0,0,0,SUCCESS,0,0,warm20,,,,,1,0,768382,566,,,used,,,,20260917-1855
2026-09-17 23:06:49,Pre-HAUSPM,C8T1S5I8N5K,8,2,0.000200,0.200,0.016,15692755,15586,0,1675,1675,0,0,0,17286193,0,17064257,0,0.000000,0.000000,0.000000,5023,60599,1707.88,0,0,0,0,SUCCESS,0,0,warm20,,,,,1,0,783886,596,,,used,,,,20260917-1855
2026-09-17 23:06:50,Pre-HAUSPM,C8T1S5I8N5K,9,2,0.000200,0.200,0.016,16443210,16356,0,1691,1691,0,0,0,17108206,0,16894713,0,0.000000,0.000000,0.000000,5316,60476,2059.21,0,0,0,0,SUCCESS,0,0,warm20,,,,,1,0,750455,628,,,used,,,,20260917-1855
2026-09-17 23:06:52,Pre-HAUSPM,C8T1S5I8N5K,10,2,0.000200,0.200,0.016,17202030,17126,0,1722,1722,0,0,0,17114118,0,16905607,0,0.000000,0.000000,0.000000,5629,61031,673.68,0,0,0,0,SUCCESS,0,0,warm20,,,,,1,0,758820,658,,,used,,,,20260917-1855
2026-09-17 23:06:54,Pre-HAUSPM,C8T1S5I8N5K,11,2,0.000200,0.200,0.016,17964675,17896,0,1725,1726,0,0,0,16928734,0,16724491,0,0.000000,0.000000,0.000000,5450,62309,1349.41,0,0,0,0,SUCCESS,0,0,warm20,,,,,1,0,762645,688,,,used,,,,20260917-1855
2026-09-17 23:06:56,Pre-HAUSPM,C8T1S5I8N5K,12,2,0.000200,0.200,0.016,18752045,18666,0,1744,1744,0,0,0,16713350,0,16517144,0,0.000000,0.000000,0.000000,4872,60363,1996.50,0,0,0,0,SUCCESS,0,0,warm20,,,,,1,0,787370,719,,,used,,,,20260917-1855
2026-09-17 23:06:57,Pre-HAUSPM,C8T1S5I8N5K,13,2,0.000200,0.200,0.016,19540463,19436,0,1722,1722,0,0,0,16477634,0,16287991,0,0.000000,0.000000,0.000000,4379,58533,926.95,0,0,0,0,SUCCESS,0,0,warm20,,,,,1,0,788418,750,,,used,,,,20260917-1855
2026-09-17 23:06:59,Pre-HAUSPM,C8T1S5I8N5K,14,2,0.000200,0.200,0.016,20323541,20206,0,1753,1753,0,0,0,16585886,0,16400240,0,0.000000,0.000000,0.000000,4190,58325,1964.18,0,0,0,0,SUCCESS,0,0,warm20,,,,,1,0,783078,782,,,used,,,,20260917-1855
2026-09-17 23:07:01,Pre-HAUSPM,C8T1S5I8N5K,15,2,0.000200,0.200,0.016,21106401,20976,0,1775,1775,0,0,0,16531142,0,16349466,0,0.000000,0.000000,0.000000,3820,56568,1302.49,0,0,0,0,SUCCESS,0,0,warm20,,,,,1,0,782860,813,,,used,,,,20260917-1855
2026-09-17 23:07:03,Pre-HAUSPM,C8T1S5I8N5K,16,2,0.000200,0.200,0.016,21891091,21746,0,1842,1842,0,0,0,16950607,0,16767319,0,0.000000,0.000000,0.000000,3928,56972,1158.54,0,0,0,0,SUCCESS,0,0,warm20,,,,,1,0,784690,844,,,used,,,,20260917-1855
2026-09-17 23:07:05,Pre-HAUSPM,C8T1S5I8N5K,17,2,0.000200,0.200,0.016,22668471,22516,0,1873,1873,0,0,0,16923298,0,16743743,0,0.000000,0.000000,0.000000,3787,56556,1191.22,0,0,0,0,SUCCESS,0,0,warm20,,,,,1,0,777380,876,,,used,,,,20260917-1855
2026-09-17 23:07:07,Pre-HAUSPM,C8T1S5I8N5K,18,2,0.000200,0.200,0.016,23463909,23286,0,1936,1936,0,0,0,17340775,0,17158348,0,0.000000,0.000000,0.000000,3555,55655,1638.34,0,0,0,0,SUCCESS,0,0,warm20,,,,,1,0,795438,907,,,used,,,,20260917-1855
2026-09-17 23:07:09,Pre-HAUSPM,C8T1S5I8N5K,19,2,0.000200,0.200,0.016,24264347,24056,0,1933,1933,0,0,0,17117647,0,16940470,0,0.000000,0.000000,0.000000,3211,54300,460.38,0,0,0,0,SUCCESS,0,0,warm20,,,,,1,0,800438,939,,,used,,,,20260917-1855
2026-09-17 23:07:11,Pre-HAUSPM,C8T1S5I8N5K,20,2,0.000200,0.200,0.016,25021126,24826,0,1948,1949,0,0,0,17068002,0,16894079,0,0.000000,0.000000,0.000000,2931,53226,1168.03,0,0,0,0,SUCCESS,0,0,warm20,,,,,1,0,756779,971,,,used,,,,20260917-1855
2026-09-17 23:07:13,Pre-HAUSPM,C8T1S5I8N5K,21,2,0.000200,0.200,0.016,25826533,25596,0,2021,2021,0,0,0,17428736,0,17254597,0,0.000000,0.000000,0.000000,2981,53416,573.73,0,0,0,0,SUCCESS,0,0,warm20,,,,,1,0,805407,1001,,,used,,,,20260917-1855
2026-09-17 23:07:15,Pre-HAUSPM,C8T1S5I8N5K,22,2,0.000200,0.200,0.016,26635039,26366,0,2074,2074,0,0,0,17608797,0,17434682,0,0.000000,0.000000,0.000000,2799,53112,274.33,0,0,0,0,SUCCESS,0,0,warm20,,,,,1,0,808506,1033,,,used,,,,20260917-1855
2026-09-17 23:07:17,Pre-HAUSPM,C8T1S5I8N5K,23,2,0.000200,0.200,0.016,27383102,27136,0,2134,2134,0,0,0,17893264,0,17717844,0,0.000000,0.000000,0.000000,2923,53117,401.46,0,0,0,0,SUCCESS,0,0,warm20,,,,,1,0,748063,1066,,,used,,,,20260917-1855
2026-09-17 23:07:19,Pre-HAUSPM,C8T1S5I8N5K,24,2,0.000200,0.200,0.016,28172835,27906,0,2180,2181,0,0,0,17930926,0,17756214,0,0.000000,0.000000,0.000000,2941,53443,733.65,0,0,0,0,SUCCESS,0,0,warm20,,,,,1,0,789733,1096,,,used,,,,20260917-1855
2026-09-17 23:07:21,Pre-HAUSPM,C8T1S5I8N5K,25,2,0.000200,0.200,0.016,28965003,28676,0,2208,2208,0,0,0,17868384,0,17694291,0,0.000000,0.000000,0.000000,3678,55928,1180.75,0,0,0,0,SUCCESS,0,0,warm20,,,,,1,0,792168,1127,,,used,,,,20260917-1855
2026-09-17 23:07:24,Pre-HAUSPM,C8T1S5I8N5K,26,2,0.000200,0.200,0.016,29733125,29446,0,2237,2237,0,0,0,17981912,0,17809190,0,0.000000,0.000000,0.000000,3457,55342,308.34,0,0,0,0,SUCCESS,0,0,warm20,,,,,1,0,768122,1159,,,used,,,,20260917-1855
2026-09-17 23:07:26,Pre-HAUSPM,C8T1S5I8N5K,27,2,0.000200,0.200,0.016,30519360,30216,0,2259,2259,0,0,0,17993874,0,17823086,0,0.000000,0.000000,0.000000,3196,54380,1141.20,0,0,0,0,SUCCESS,0,0,warm20,,,,,1,0,786235,1190,,,used,,,,20260917-1855
2026-09-17 23:07:28,Pre-HAUSPM,C8T1S5I8N5K,28,2,0.000200,0.200,0.016,31258424,30986,0,2283,2284,0,0,0,18109413,0,17939919,0,0.000000,0.000000,0.000000,3073,53945,744.43,0,0,0,0,SUCCESS,0,0,warm20,,,,,1,0,739064,1221,,,used,,,,20260917-1855
2026-09-17 23:07:30,Pre-HAUSPM,C8T1S5I8N5K,29,2,0.000200,0.200,0.016,32001109,31756,0,2309,2309,0,0,0,18205719,0,18037649,0,0.000000,0.000000,0.000000,2936,53388,664.11,0,0,0,0,SUCCESS,0,0,warm20,,,,,1,0,742685,1251,,,used,,,,20260917-1855
2026-09-17 23:07:33,Pre-HAUSPM,C8T1S5I8N5K,30,2,0.000200,0.200,0.016,32796296,32526,0,2420,2420,0,0,0,19010106,0,18837803,0,0.000000,0.000000,0.000000,3085,53492,1238.67,0,0,0,0,SUCCESS,0,0,warm20,,,,,1,0,795187,1280,,,used,,,,20260917-1855
2026-09-17 23:07:35,Pre-HAUSPM,C8T1S5I8N5K,31,2,0.000200,0.200,0.016,33593403,33296,0,2446,2446,0,0,0,19021825,0,18850367,0,0.000000,0.000000,0.000000,2930,53349,467.26,0,0,0,0,SUCCESS,0,0,warm20,,,,,1,0,797107,1312,,,used,,,,20260917-1855
2026-09-17 23:07:38,Pre-HAUSPM,C8T1S5I8N5K,32,2,0.000200,0.200,0.016,34347468,34066,0,2453,2453,0,0,0,18853266,0,18684981,0,0.000000,0.000000,0.000000,2829,53079,1213.97,0,0,0,0,SUCCESS,0,0,warm20,,,,,1,0,754065,1344,,,used,,,,20260917-1855
2026-09-17 23:07:40,Pre-HAUSPM,C8T1S5I8N5K,33,2,0.000200,0.200,0.016,35130889,34836,0,2471,2471,0,0,0,18877786,0,18711039,0,0.000000,0.000000,0.000000,2645,52402,585.89,0,0,0,0,SUCCESS,0,0,warm20,,,,,1,0,783421,1374,,,used,,,,20260917-1855
2026-09-17 23:07:43,Pre-HAUSPM,C8T1S5I8N5K,34,2,0.000200,0.200,0.016,35915078,35606,0,2471,2471,0,0,0,18638651,0,18474712,0,0.000000,0.000000,0.000000,2563,51721,1406.43,0,0,0,0,SUCCESS,0,0,warm20,,,,,1,0,784189,1406,,,used,,,,20260917-1855
2026-09-17 23:07:45,Pre-HAUSPM,C8T1S5I8N5K,35,2,0.000200,0.200,0.016,36684533,36376,0,2493,2493,0,0,0,18664168,0,18501323,0,0.000000,0.000000,0.000000,2570,51858,865.71,0,0,0,0,SUCCESS,0,0,warm20,,,,,1,0,769455,1437,,,used,,,,20260917-1855
2026-09-17 23:07:48,Pre-HAUSPM,C8T1S5I8N5K,36,2,0.000200,0.200,0.016,37461649,37146,0,2541,2541,0,0,0,18911785,0,18748017,0,0.000000,0.000000,0.000000,2455,51464,706.63,0,0,0,0,SUCCESS,0,0,warm20,,,,,1,0,777116,1468,,,used,,,,20260917-1855
2026-09-17 23:07:50,Pre-HAUSPM,C8T1S5I8N5K,37,2,0.000200,0.200,0.016,38238988,37916,0,2600,2600,0,0,0,19230961,0,19067796,0,0.000000,0.000000,0.000000,2511,51638,882.22,0,0,0,0,SUCCESS,0,0,warm20,,,,,1,0,777339,1499,,,used,,,,20260917-1855
2026-09-17 23:07:53,Pre-HAUSPM,C8T1S5I8N5K,38,2,0.000200,0.200,0.016,38976887,38686,0,2630,2631,0,0,0,19342537,0,19179633,0,0.000000,0.000000,0.000000,2488,51078,1257.81,0,0,0,0,SUCCESS,0,0,warm20,,,,,1,0,737899,1530,,,used,,,,20260917-1855
2026-09-17 23:07:56,Pre-HAUSPM,C8T1S5I8N5K,39,2,0.000200,0.200,0.016,39713850,39456,0,2666,2666,0,0,0,19311554,0,19149129,0,0.000000,0.000000,0.000000,2600,51599,359.48,0,0,0,0,SUCCESS,0,0,warm20,,,,,1,0,736963,1559,,,used,,,,20260917-1855
2026-09-17 23:07:59,Pre-HAUSPM,C8T1S5I8N5K,40,2,0.000200,0.200,0.016,40487827,40226,0,2729,2729,0,0,0,19564710,0,19401197,0,0.000000,0.000000,0.000000,2561,51298,1041.72,0,0,0,0,SUCCESS,0,0,warm20,,,,,1,0,773977,1589,,,used,,,,20260917-1855
2026-09-17 23:08:01,Pre-HAUSPM,C8T1S5I8N5K,41,2,0.000200,0.200,0.016,41264664,40996,0,2794,2794,0,0,0,19863728,0,19699189,0,0.000000,0.000000,0.000000,2521,50997,1434.54,0,0,0,0,SUCCESS,0,0,warm20,,,,,1,0,776837,1620,,,used,,,,20260917-1855
2026-09-17 23:08:04,Pre-HAUSPM,C8T1S5I8N5K,42,2,0.000200,0.200,0.016,42050815,41766,0,2823,2823,0,0,0,19926530,0,19762127,0,0.000000,0.000000,0.000000,2435,50706,236.29,0,0,0,0,SUCCESS,0,0,warm20,,,,,1,0,786151,1651,,,used,,,,20260917-1855
2026-09-17 23:08:07,Pre-HAUSPM,C8T1S5I8N5K,43,2,0.000200,0.200,0.016,42840281,42536,0,2840,2840,0,0,0,19781892,0,19619469,0,0.000000,0.000000,0.000000,2433,50881,1487.73,0,0,0,0,SUCCESS,0,0,warm20,,,,,1,0,789466,1682,,,used,,,,20260917-1855
2026-09-17 23:08:10,Pre-HAUSPM,C8T1S5I8N5K,44,2,0.000200,0.200,0.016,43616984,43306,0,2856,2857,0,0,0,19688271,0,19527134,0,0.000000,0.000000,0.000000,2457,50671,396.84,0,0,0,0,SUCCESS,0,0,warm20,,,,,1,0,776703,1714,,,used,,,,20260917-1855
2026-09-17 23:08:13,Pre-HAUSPM,C8T1S5I8N5K,45,2,0.000200,0.200,0.016,44376959,44076,0,2873,2873,0,0,0,19595979,0,19435964,0,0.000000,0.000000,0.000000,2437,50884,938.30,0,0,0,0,SUCCESS,0,0,warm20,,,,,1,0,759975,1745,,,used,,,,20260917-1855
2026-09-17 23:08:16,Pre-HAUSPM,C8T1S5I8N5K,46,2,0.000200,0.200,0.016,45145862,44846,0,2854,2854,0,0,0,19293722,0,19136506,0,0.000000,0.000000,0.000000,2417,50528,358.18,0,0,0,0,SUCCESS,0,0,warm20,,,,,1,0,768903,1775,,,used,,,,20260917-1855
2026-09-17 23:08:19,Pre-HAUSPM,C8T1S5I8N5K,47,2,0.000200,0.200,0.016,45909097,45616,0,2865,2865,0,0,0,19196121,0,19041103,0,0.000000,0.000000,0.000000,2473,50861,1298.78,0,0,0,0,SUCCESS,0,0,warm20,,,,,1,0,763235,1806,,,used,,,,20260917-1855
2026-09-17 23:08:22,Pre-HAUSPM,C8T1S5I8N5K,48,2,0.000200,0.200,0.016,46663645,46386,0,2933,2933,0,0,0,19373991,0,19218825,0,0.000000,0.000000,0.000000,2642,51623,249.16,0,0,0,0,SUCCESS,0,0,warm20,,,,,1,0,754548,1837,,,used,,,,20260917-1855
2026-09-17 23:08:25,Pre-HAUSPM,C8T1S5I8N5K,49,2,0.000200,0.200,0.016,47416411,47132,0,2960,2960,0,0,0,19323837,0,19169868,0,0.000000,0.000000,0.000000,2623,51786,660.28,0,0,0,0,SUCCESS,0,0,warm20,,,,,1,0,752766,1867,,,used,,,,20260917-1855
2026-09-17 23:08:27,Pre-HAUSPM,C8T1S5I8N5K,0,0,0.000200,0.200,0.200,9488004,9426,3,1843,1846,0,0,0,21109469,0,20750611,0,0.000000,0.000000,0.000000,6078,62730,343.70,0,0,0,0,SUCCESS,0,0,warm20,,,,,1,0,9488004,0,,,used,,,,20260917-1855
2026-09-17 23:08:29,Pre-HAUSPM,C8T1S5I8N5K,1,0,0.000200,0.200,0.008,9860151,9807,0,1881,1882,0,0,0,22121785,0,21740086,0,0.000000,0.000000,0.000000,5885,63074,1028.04,0,0,0,0,SUCCESS,0,0,warm20,,,,,1,0,372147,380,,,used,,,,20260917-1855
2026-09-17 23:08:31,Pre-HAUSPM,C8T1S5I8N5K,2,0,0.000200,0.200,0.008,10237723,10188,0,1728,1728,0,0,0,20951579,0,20595634,0,0.000000,0.000000,0.000000,6216,63972,947.44,0,0,0,0,SUCCESS,0,0,warm20,,,,,1,0,377572,394,,,used,,,,20260917-1855
2026-09-17 23:08:32,Pre-HAUSPM,C8T1S5I8N5K,3,0,0.000200,0.200,0.008,10611431,10569,0,1621,1621,0,0,0,19453874,0,19139447,0,0.000000,0.000000,0.000000,5716,61981,1597.93,0,0,0,0,SUCCESS,0,0,warm20,,,,,1,0,373708,410,,,used,,,,20260917-1855
2026-09-17 23:08:34,Pre-HAUSPM,C8T1S5I8N5K,4,0,0.000200,0.200,0.008,10996455,10950,0,1532,1532,0,0,0,18083697,0,17801232,0,0.000000,0.000000,0.000000,6199,63199,1496.46,0,0,0,0,SUCCESS,0,0,warm20,,,,,1,0,385024,425,,,used,,,,20260917-1855
2026-09-17 23:08:36,Pre-HAUSPM,C8T1S5I8N5K,5,0,0.000200,0.200,0.008,11372487,11331,0,1786,1786,0,0,0,21272000,0,20956545,0,0.000000,0.000000,0.000000,7078,64520,230.65,0,0,0,0,SUCCESS,0,0,warm20,,,,,1,0,376032,440,,,used,,,,20260917-1855
2026-09-17 23:08:37,Pre-HAUSPM,C8T1S5I8N5K,6,0,0.000200,0.200,0.008,11749908,11712,0,1762,1762,0,0,0,20572594,0,20273424,0,0.000000,0.000000,0.000000,7173,64832,534.65,0,0,0,0,SUCCESS,0,0,warm20,,,,,1,0,377421,455,,,used,,,,20260917-1855
2026-09-17 23:08:39,Pre-HAUSPM,C8T1S5I8N5K,7,0,0.000200,0.200,0.008,12139444,12093,0,1738,1738,0,0,0,19857979,0,19579951,0,0.000000,0.000000,0.000000,7539,65250,534.79,0,0,0,0,SUCCESS,0,0,warm20,,,,,1,0,389536,470,,,used,,,,20260917-1855
2026-09-17 23:08:41,Pre-HAUSPM,C8T1S5I8N5K,8,0,0.000200,0.200,0.008,12513100,12474,0,1725,1725,0,0,0,19568579,0,19295327,0,0.000000,0.000000,0.000000,7536,64980,568.91,0,0,0,0,SUCCESS,0,0,warm20,,,,,1,0,373656,486,,,used,,,,20260917-1855
2026-09-17 23:08:43,Pre-HAUSPM,C8T1S5I8N5K,9,0,0.000200,0.200,0.008,12914001,12855,0,1749,1749,0,0,0,19848827,0,19579691,0,0.000000,0.000000,0.000000,6698,63976,782.11,0,0,0,0,SUCCESS,0,0,warm20,,,,,1,0,400901,501,,,used,,,,20260917-1855
2026-09-17 23:08:44,Pre-HAUSPM,C8T1S5I8N5K,10,0,0.000200,0.200,0.008,13304270,13236,0,1716,1716,0,0,0,19141253,0,18882510,0,0.000000,0.000000,0.000000,6519,64332,678.05,0,0,0,0,SUCCESS,0,0,warm20,,,,,1,0,390269,517,,,used,,,,20260917-1855
2026-09-17 23:08:46,Pre-HAUSPM,C8T1S5I8N5K,11,0,0.000200,0.200,0.008,13705969,13617,0,1651,1651,0,0,0,18231816,0,17989363,0,0.000000,0.000000,0.000000,6098,63174,1760.03,0,0,0,0,SUCCESS,0,0,warm20,,,,,1,0,401699,532,,,used,,,,20260917-1855
2026-09-17 23:08:48,Pre-HAUSPM,C8T1S5I8N5K,12,0,0.000200,0.200,0.008,14085202,13998,0,1669,1669,0,0,0,18244987,0,18005702,0,0.000000,0.000000,0.000000,5789,62937,1265.34,0,0,0,0,SUCCESS,0,0,warm20,,,,,1,0,379233,548,,,used,,,,20260917-1855
2026-09-17 23:08:49,Pre-HAUSPM,C8T1S5I8N5K,13,0,0.000200,0.200,0.008,14447935,14379,0,1656,1656,0,0,0,17967926,0,17735015,0,0.000000,0.000000,0.000000,5569,62341,797.06,0,0,0,0,SUCCESS,0,0,warm20,,,,,1,0,362733,564,,,used,,,,20260917-1855
2026-09-17 23:08:51,Pre-HAUSPM,C8T1S5I8N5K,14,0,0.000200,0.200,0.008,14856178,14760,0,1633,1633,0,0,0,17399626,0,17176498,0,0.000000,0.000000,0.000000,5314,61664,215.79,0,0,0,0,SUCCESS,0,0,warm20,,,,,1,0,408243,578,,,used,,,,20260917-1855
2026-09-17 23:08:53,Pre-HAUSPM,C8T1S5I8N5K,15,0,0.000200,0.200,0.008,15234958,15141,0,1700,1700,0,0,0,17724473,0,17493536,0,0.000000,0.000000,0.000000,5756,62659,1506.29,0,0,0,0,SUCCESS,0,0,warm20,,,,,1,0,378780,594,,,used,,,,20260917-1855
2026-09-17 23:08:54,Pre-HAUSPM,C8T1S5I8N5K,16,0,0.000200,0.200,0.008,15636723,15522,0,1673,1674,0,0,0,17297411,0,17075339,0,0.000000,0.000000,0.000000,5143,60843,945.33,0,0,0,0,SUCCESS,0,0,warm20,,,,,1,0,401765,610,,,used,,,,20260917-1855
2026-09-17 23:08:56,Pre-HAUSPM,C8T1S5I8N5K,17,0,0.000200,0.200,0.008,16000443,15903,0,1703,1703,0,0,0,17267183,0,17048689,0,0.000000,0.000000,0.000000,4767,59745,564.97,0,0,0,0,SUCCESS,0,0,warm20,,,,,1,0,363720,626,,,used,,,,20260917-1855
2026-09-17 23:08:58,Pre-HAUSPM,C8T1S5I8N5K,18,0,0.000200,0.200,0.008,16375616,16284,0,1690,1690,0,0,0,17118385,0,16904719,0,0.000000,0.000000,0.000000,5395,60606,265.90,0,0,0,0,SUCCESS,0,0,warm20,,,,,1,0,375173,640,,,used,,,,20260917-1855
2026-09-17 23:09:00,Pre-HAUSPM,C8T1S5I8N5K,19,0,0.000200,0.200,0.008,16735590,16665,0,1671,1671,0,0,0,16719133,0,16512676,0,0.000000,0.000000,0.000000,5318,60345,1329.13,0,0,0,0,SUCCESS,0,0,warm20,,,,,1,0,359974,655,,,used,,,,20260917-1855
2026-09-17 23:09:01,Pre-HAUSPM,C8T1S5I8N5K,20,0,0.000200,0.200,0.008,17118254,17046,0,1721,1721,0,0,0,17238390,0,17027869,0,0.000000,0.000000,0.000000,5734,61357,1193.25,0,0,0,0,SUCCESS,0,0,warm20,,,,,1,0,382664,670,,,used,,,,20260917-1855
2026-09-17 23:09:03,Pre-HAUSPM,C8T1S5I8N5K,21,0,0.000200,0.200,0.008,17469048,17427,0,1708,1708,0,0,0,16941276,0,16737394,0,0.000000,0.000000,0.000000,5511,61566,971.19,0,0,0,0,SUCCESS,0,0,warm20,,,,,1,0,350794,685,,,used,,,,20260917-1855
2026-09-17 23:09:05,Pre-HAUSPM,C8T1S5I8N5K,22,0,0.000200,0.200,0.008,17881746,17808,0,1723,1723,0,0,0,16961531,0,16757997,0,0.000000,0.000000,0.000000,5461,61728,1019.90,0,0,0,0,SUCCESS,0,0,warm20,,,,,1,0,412698,699,,,used,,,,20260917-1855
2026-09-17 23:09:06,Pre-HAUSPM,C8T1S5I8N5K,23,0,0.000200,0.200,0.008,18263626,18189,0,1728,1729,0,0,0,16901412,0,16699385,0,0.000000,0.000000,0.000000,5224,61384,1137.72,0,0,0,0,SUCCESS,0,0,warm20,,,,,1,0,381880,715,,,used,,,,20260917-1855
2026-09-17 23:09:08,Pre-HAUSPM,C8T1S5I8N5K,24,0,0.000200,0.200,0.008,18655152,18570,0,1723,1723,0,0,0,16736325,0,16538980,0,0.000000,0.000000,0.000000,4981,60578,1241.84,0,0,0,0,SUCCESS,0,0,warm20,,,,,1,0,391526,731,,,used,,,,20260917-1855
2026-09-17 23:09:10,Pre-HAUSPM,C8T1S5I8N5K,25,0,0.000200,0.200,0.008,19051938,18951,0,1747,1747,0,0,0,16830526,0,16634622,0,0.000000,0.000000,0.000000,4605,59647,1496.98,0,0,0,0,SUCCESS,0,0,warm20,,,,,1,0,396786,746,,,used,,,,20260917-1855
2026-09-17 23:09:12,Pre-HAUSPM,C8T1S5I8N5K,26,0,0.000200,0.200,0.008,19436370,19332,0,1723,1724,0,0,0,16556157,0,16365037,0,0.000000,0.000000,0.000000,4468,58972,233.10,0,0,0,0,SUCCESS,0,0,warm20,,,,,1,0,384432,762,,,used,,,,20260917-1855
2026-09-17 23:09:13,Pre-HAUSPM,C8T1S5I8N5K,27,0,0.000200,0.200,0.008,19820960,19713,0,1734,1734,0,0,0,16432328,0,16244503,0,0.000000,0.000000,0.000000,4548,59281,486.82,0,0,0,0,SUCCESS,0,0,warm20,,,,,1,0,384590,778,,,used,,,,20260917-1855
2026-09-17 23:09:15,Pre-HAUSPM,C8T1S5I8N5K,28,0,0.000200,0.200,0.008,20208065,20094,0,1740,1740,0,0,0,16435898,0,16250581,0,0.000000,0.000000,0.000000,4279,58682,741.16,0,0,0,0,SUCCESS,0,0,warm20,,,,,1,0,387105,793,,,used,,,,20260917-1855
2026-09-17 23:09:17,Pre-HAUSPM,C8T1S5I8N5K,29,0,0.000200,0.200,0.008,20583629,20475,0,1748,1748,0,0,0,16427702,0,16245003,0,0.000000,0.000000,0.000000,4125,57939,1138.44,0,0,0,0,SUCCESS,0,0,warm20,,,,,1,0,375564,808,,,used,,,,20260917-1855
2026-09-17 23:09:19,Pre-HAUSPM,C8T1S5I8N5K,30,0,0.000200,0.200,0.008,20987544,20856,0,1778,1778,0,0,0,16616519,0,16433236,0,0.000000,0.000000,0.000000,3897,56935,407.13,0,0,0,0,SUCCESS,0,0,warm20,,,,,1,0,403915,824,,,used,,,,20260917-1855
2026-09-17 23:09:21,Pre-HAUSPM,C8T1S5I8N5K,31,0,0.000200,0.200,0.008,21379313,21237,0,1780,1781,0,0,0,16549774,0,16368951,0,0.000000,0.000000,0.000000,3722,56215,1146.68,0,0,0,0,SUCCESS,0,0,warm20,,,,,1,0,391769,840,,,used,,,,20260917-1855
2026-09-17 23:09:22,Pre-HAUSPM,C8T1S5I8N5K,32,0,0.000200,0.200,0.008,21757529,21618,0,1844,1844,0,0,0,17015320,0,16830717,0,0.000000,0.000000,0.000000,3513,55462,818.79,0,0,0,0,SUCCESS,0,0,warm20,,,,,1,0,378216,855,,,used,,,,20260917-1855
2026-09-17 23:09:24,Pre-HAUSPM,C8T1S5I8N5K,33,0,0.000200,0.200,0.008,22150766,21999,0,1847,1847,0,0,0,16887518,0,16705612,0,0.000000,0.000000,0.000000,3756,56423,559.00,0,0,0,0,SUCCESS,0,0,warm20,,,,,1,0,393237,870,,,used,,,,20260917-1855
2026-09-17 23:09:26,Pre-HAUSPM,C8T1S5I8N5K,34,0,0.000200,0.200,0.008,22536242,22380,0,1866,1866,0,0,0,16947347,0,16767209,0,0.000000,0.000000,0.000000,3759,56189,495.16,0,0,0,0,SUCCESS,0,0,warm20,,,,,1,0,385476,886,,,used,,,,20260917-1855
2026-09-17 23:09:28,Pre-HAUSPM,C8T1S5I8N5K,35,0,0.000200,0.200,0.008,22907858,22761,0,1904,1904,0,0,0,17128175,0,16945256,0,0.000000,0.000000,0.000000,3731,56092,598.68,0,0,0,0,SUCCESS,0,0,warm20,,,,,1,0,371616,902,,,used,,,,20260917-1855
2026-09-17 23:09:30,Pre-HAUSPM,C8T1S5I8N5K,36,0,0.000200,0.200,0.008,23319188,23142,0,1935,1935,0,0,0,17331392,0,17148749,0,0.000000,0.000000,0.000000,3641,55869,947.39,0,0,0,0,SUCCESS,0,0,warm20,,,,,1,0,411330,916,,,used,,,,20260917-1855
2026-09-17 23:09:32,Pre-HAUSPM,C8T1S5I8N5K,37,0,0.000200,0.200,0.008,23697328,23523,0,1937,1937,0,0,0,17268799,0,17087598,0,0.000000,0.000000,0.000000,3515,55356,1290.07,0,0,0,0,SUCCESS,0,0,warm20,,,,,1,0,378140,933,,,used,,,,20260917-1855
2026-09-17 23:09:34,Pre-HAUSPM,C8T1S5I8N5K,38,0,0.000200,0.200,0.008,24099127,23904,0,1934,1934,0,0,0,17137325,0,16959366,0,0.000000,0.000000,0.000000,3290,54571,264.81,0,0,0,0,SUCCESS,0,0,warm20,,,,,1,0,401799,948,,,used,,,,20260917-1855
2026-09-17 23:09:36,Pre-HAUSPM,C8T1S5I8N5K,39,0,0.000200,0.200,0.008,24493119,24285,0,1933,1933,0,0,0,17039971,0,16864343,0,0.000000,0.000000,0.000000,3105,53872,668.86,0,0,0,0,SUCCESS,0,0,warm20,,,,,1,0,393992,964,,,used,,,,20260917-1855
2026-09-17 23:09:38,Pre-HAUSPM,C8T1S5I8N5K,40,0,0.000200,0.200,0.008,24862259,24666,0,1947,1948,0,0,0,17078604,0,16904130,0,0.000000,0.000000,0.000000,2983,53480,1196.44,0,0,0,0,SUCCESS,0,0,warm20,,,,,1,0,369140,980,,,used,,,,20260917-1855
2026-09-17 23:09:40,Pre-HAUSPM,C8T1S5I8N5K,41,0,0.000200,0.200,0.008,25263088,25047,0,1966,1966,0,0,0,17043489,0,16869135,0,0.000000,0.000000,0.000000,2907,52994,427.05,0,0,0,0,SUCCESS,0,0,warm20,,,,,1,0,400829,995,,,used,,,,20260917-1855
2026-09-17 23:09:42,Pre-HAUSPM,C8T1S5I8N5K,42,0,0.000200,0.200,0.008,25651287,25428,0,1990,1990,0,0,0,17263553,0,17089542,0,0.000000,0.000000,0.000000,2802,52461,1237.12,0,0,0,0,SUCCESS,0,0,warm20,,,,,1,0,388199,1011,,,used,,,,20260917-1855
2026-09-17 23:09:44,Pre-HAUSPM,C8T1S5I8N5K,43,0,0.000200,0.200,0.008,26044850,25809,0,2035,2035,0,0,0,17474151,0,17300718,0,0.000000,0.000000,0.000000,2898,53550,887.90,0,0,0,0,SUCCESS,0,0,warm20,,,,,1,0,393563,1026,,,used,,,,20260917-1855
2026-09-17 23:09:46,Pre-HAUSPM,C8T1S5I8N5K,44,0,0.000200,0.200,0.008,26430934,26190,0,2058,2058,0,0,0,17603409,0,17429323,0,0.000000,0.000000,0.000000,2699,52923,736.04,0,0,0,0,SUCCESS,0,0,warm20,,,,,1,0,386084,1042,,,used,,,,20260917-1855
2026-09-17 23:09:48,Pre-HAUSPM,C8T1S5I8N5K,45,0,0.000200,0.200,0.008,26846010,26571,0,2098,2099,0,0,0,17745298,0,17570342,0,0.000000,0.000000,0.000000,2737,52743,791.60,0,0,0,0,SUCCESS,0,0,warm20,,,,,1,0,415076,1057,,,used,,,,20260917-1855
2026-09-17 23:09:50,Pre-HAUSPM,C8T1S5I8N5K,46,0,0.000200,0.200,0.008,27199497,26952,0,2133,2133,0,0,0,17947670,0,17771232,0,0.000000,0.000000,0.000000,2876,53280,1014.20,0,0,0,0,SUCCESS,0,0,warm20,,,,,1,0,353487,1074,,,used,,,,20260917-1855
2026-09-17 23:09:52,Pre-HAUSPM,C8T1S5I8N5K,47,0,0.000200,0.200,0.008,27577144,27333,0,2155,2155,0,0,0,17984031,0,17808632,0,0.000000,0.000000,0.000000,2903,53183,1261.50,0,0,0,0,SUCCESS,0,0,warm20,,,,,1,0,377647,1088,,,used,,,,20260917-1855
2026-09-17 23:09:55,Pre-HAUSPM,C8T1S5I8N5K,48,0,0.000200,0.200,0.008,27971205,27714,0,2180,2180,0,0,0,18000377,0,17824968,0,0.000000,0.000000,0.000000,2983,53624,246.57,0,0,0,0,SUCCESS,0,0,warm20,,,,,1,0,394061,1103,,,used,,,,20260917-1855
2026-09-17 23:09:57,Pre-HAUSPM,C8T1S5I8N5K,49,0,0.000200,0.200,0.008,28365395,28095,0,2190,2190,0,0,0,17940379,0,17764768,0,0.000000,0.000000,0.000000,3165,54258,490.50,0,0,0,0,SUCCESS,0,0,warm20,,,,,1,0,394190,1119,,,used,,,,20260917-1855
2026-09-17 23:09:59,Pre-HAUSPM,C8T1S5I8N5K,50,0,0.000200,0.200,0.008,28747485,28476,0,2195,2195,0,0,0,17854428,0,17680081,0,0.000000,0.000000,0.000000,3190,54165,698.01,0,0,0,0,SUCCESS,0,0,warm20,,,,,1,0,382090,1135,,,used,,,,20260917-1855
2026-09-17 23:10:01,Pre-HAUSPM,C8T1S5I8N5K,51,0,0.000200,0.200,0.008,29148083,28857,0,2220,2220,0,0,0,17976415,0,17802165,0,0.000000,0.000000,0.000000,3606,55688,1008.97,0,0,0,0,SUCCESS,0,0,warm20,,,,,1,0,400598,1150,,,used,,,,20260917-1855
2026-09-17 23:10:04,Pre-HAUSPM,C8T1S5I8N5K,52,0,0.000200,0.200,0.008,29537266,29238,0,2224,2224,0,0,0,17899457,0,17726743,0,0.000000,0.000000,0.000000,3512,55451,405.45,0,0,0,0,SUCCESS,0,0,warm20,,,,,1,0,389183,1166,,,used,,,,20260917-1855
2026-09-17 23:10:06,Pre-HAUSPM,C8T1S5I8N5K,53,0,0.000200,0.200,0.008,29904777,29619,0,2251,2251,0,0,0,18060715,0,17887913,0,0.000000,0.000000,0.000000,3392,55150,524.90,0,0,0,0,SUCCESS,0,0,warm20,,,,,1,0,367511,1182,,,used,,,,20260917-1855
2026-09-17 23:10:08,Pre-HAUSPM,C8T1S5I8N5K,54,0,0.000200,0.200,0.008,30290428,30000,0,2258,2258,0,0,0,18047770,0,17876040,0,0.000000,0.000000,0.000000,3265,54647,531.81,0,0,0,0,SUCCESS,0,0,warm20,,,,,1,0,385651,1196,,,used,,,,20260917-1855
2026-09-17 23:10:10,Pre-HAUSPM,C8T1S5I8N5K,55,0,0.000200,0.200,0.008,30681887,30381,0,2263,2263,0,0,0,18008910,0,17838283,0,0.000000,0.000000,0.000000,3173,54185,517.71,0,0,0,0,SUCCESS,0,0,warm20,,,,,1,0,391459,1212,,,used,,,,20260917-1855
2026-09-17 23:10:13,Pre-HAUSPM,C8T1S5I8N5K,56,0,0.000200,0.200,0.008,31050362,30762,0,2287,2287,0,0,0,18144154,0,17973835,0,0.000000,0.000000,0.000000,3135,54227,610.82,0,0,0,0,SUCCESS,0,0,warm20,,,,,1,0,368475,1228,,,used,,,,20260917-1855
2026-09-17 23:10:15,Pre-HAUSPM,C8T1S5I8N5K,57,0,0.000200,0.200,0.008,31395739,31143,0,2291,2291,0,0,0,18196365,0,18027066,0,0.000000,0.000000,0.000000,3035,53899,651.51,0,0,0,0,SUCCESS,0,0,warm20,,,,,1,0,345377,1242,,,used,,,,20260917-1855
2026-09-17 23:10:17,Pre-HAUSPM,C8T1S5I8N5K,58,0,0.000200,0.200,0.008,31769352,31524,0,2297,2297,0,0,0,18197341,0,18029065,0,0.000000,0.000000,0.000000,3041,53716,676.23,0,0,0,0,SUCCESS,0,0,warm20,,,,,1,0,373613,1256,,,used,,,,20260917-1855
2026-09-17 23:10:20,Pre-HAUSPM,C8T1S5I8N5K,59,0,0.000200,0.200,0.008,32142537,31905,0,2307,2308,0,0,0,18193530,0,18026305,0,0.000000,0.000000,0.000000,2920,53318,675.16,0,0,0,0,SUCCESS,0,0,warm20,,,,,1,0,373185,1271,,,used,,,,20260917-1855
2026-09-17 23:10:22,Pre-HAUSPM,C8T1S5I8N5K,60,0,0.000200,0.200,0.008,32547440,32286,0,2353,2353,0,0,0,18477482,0,18308928,0,0.000000,0.000000,0.000000,3068,53530,890.25,0,0,0,0,SUCCESS,0,0,warm20,,,,,1,0,404903,1286,,,used,,,,20260917-1855
2026-09-17 23:10:24,Pre-HAUSPM,C8T1S5I8N5K,61,0,0.000200,0.200,0.008,32944229,32667,0,2417,2417,0,0,0,18967538,0,18795785,0,0.000000,0.000000,0.000000,3028,53404,1258.35,0,0,0,0,SUCCESS,0,0,warm20,,,,,1,0,396789,1302,,,used,,,,20260917-1855
2026-09-17 23:10:27,Pre-HAUSPM,C8T1S5I8N5K,62,0,0.000200,0.200,0.008,33334519,33048,0,2424,2424,0,0,0,18948791,0,18777779,0,0.000000,0.000000,0.000000,2938,53087,1273.87,0,0,0,0,SUCCESS,0,0,warm20,,,,,1,0,390290,1318,,,used,,,,20260917-1855
2026-09-17 23:10:29,Pre-HAUSPM,C8T1S5I8N5K,63,0,0.000200,0.200,0.008,33719823,33429,0,2441,2441,0,0,0,18942111,0,18771532,0,0.000000,0.000000,0.000000,2956,53539,1425.40,0,0,0,0,SUCCESS,0,0,warm20,,,,,1,0,385304,1334,,,used,,,,20260917-1855
2026-09-17 23:10:32,Pre-HAUSPM,C8T1S5I8N5K,64,0,0.000200,0.200,0.008,34102327,33810,0,2446,2446,0,0,0,18848371,0,18679368,0,0.000000,0.000000,0.000000,2871,53131,1338.31,0,0,0,0,SUCCESS,0,0,warm20,,,,,1,0,382504,1349,,,used,,,,20260917-1855
2026-09-17 23:10:35,Pre-HAUSPM,C8T1S5I8N5K,65,0,0.000200,0.200,0.008,34478988,34191,0,2794,2794,0,0,0,19159526,0,18989605,0,0.000000,0.000000,0.000000,2791,52967,3966.68,0,0,0,0,SUCCESS,0,0,warm20,,,,,1,0,376661,1364,,,used,,,,20260917-1855
2026-09-17 23:10:37,Pre-HAUSPM,C8T1S5I8N5K,66,0,0.000200,0.200,0.008,34853481,34572,0,2472,2472,0,0,0,18987141,0,18819088,0,0.000000,0.000000,0.000000,2698,52606,2343.54,0,0,0,0,SUCCESS,0,0,warm20,,,,,1,0,374493,1379,,,used,,,,20260917-1855
2026-09-17 23:10:40,Pre-HAUSPM,C8T1S5I8N5K,67,0,0.000200,0.200,0.008,35248065,34953,0,2508,2508,0,0,0,18831781,0,18665542,0,0.000000,0.000000,0.000000,2620,52268,1028.76,0,0,0,0,SUCCESS,0,0,warm20,,,,,1,0,394584,1394,,,used,,,,20260917-1855
2026-09-17 23:10:42,Pre-HAUSPM,C8T1S5I8N5K,68,0,0.000200,0.200,0.008,35624384,35334,0,2480,2480,0,0,0,18786918,0,18621265,0,0.000000,0.000000,0.000000,2554,51864,909.44,0,0,0,0,SUCCESS,0,0,warm20,,,,,1,0,376319,1410,,,used,,,,20260917-1855
2026-09-17 23:10:45,Pre-HAUSPM,C8T1S5I8N5K,69,0,0.000200,0.200,0.008,36012101,35715,0,2483,2483,0,0,0,18561263,0,18398234,0,0.000000,0.000000,0.000000,2554,51662,885.04,0,0,0,0,SUCCESS,0,0,warm20,,,,,1,0,387717,1425,,,used,,,,20260917-1855
2026-09-17 23:10:47,Pre-HAUSPM,C8T1S5I8N5K,70,0,0.000200,0.200,0.008,36401810,36096,0,2481,2481,0,0,0,18672697,0,18509326,0,0.000000,0.000000,0.000000,2518,51615,1658.31,0,0,0,0,SUCCESS,0,0,warm20,,,,,1,0,389709,1441,,,used,,,,20260917-1855
2026-09-17 23:10:50,Pre-HAUSPM,C8T1S5I8N5K,71,0,0.000200,0.200,0.008,36794486,36477,0,2497,2497,0,0,0,18685863,0,18522852,0,0.000000,0.000000,0.000000,2563,51869,2649.12,0,0,0,0,SUCCESS,0,0,warm20,,,,,1,0,392676,1456,,,used,,,,20260917-1855
2026-09-17 23:10:52,Pre-HAUSPM,C8T1S5I8N5K,72,0,0.000200,0.200,0.008,37175538,36858,0,2502,2502,0,0,0,18668684,0,18505794,0,0.000000,0.000000,0.000000,2519,51628,1179.77,0,0,0,0,SUCCESS,0,0,warm20,,,,,1,0,381052,1472,,,used,,,,20260917-1855
2026-09-17 23:10:55,Pre-HAUSPM,C8T1S5I8N5K,73,0,0.000200,0.200,0.008,37548260,37239,0,2542,2542,0,0,0,18895044,0,18731583,0,0.000000,0.000000,0.000000,2480,51637,489.10,0,0,0,0,SUCCESS,0,0,warm20,,,,,1,0,372722,1487,,,used,,,,20260917-1855
2026-09-17 23:10:57,Pre-HAUSPM,C8T1S5I8N5K,74,0,0.000200,0.200,0.008,37929393,37620,0,2581,2581,0,0,0,19132063,0,18967798,0,0.000000,0.000000,0.000000,2451,51343,354.91,0,0,0,0,SUCCESS,0,0,warm20,,,,,1,0,381133,1502,,,used,,,,20260917-1855
2026-09-17 23:11:00,Pre-HAUSPM,C8T1S5I8N5K,75,0,0.000200,0.200,0.008,38316091,38001,0,2601,2601,0,0,0,19259769,0,19096611,0,0.000000,0.000000,0.000000,2489,51590,1109.85,0,0,0,0,SUCCESS,0,0,warm20,,,,,1,0,386698,1517,,,used,,,,20260917-1855
2026-09-17 23:11:02,Pre-HAUSPM,C8T1S5I8N5K,76,0,0.000200,0.200,0.008,38678955,38382,0,2610,2610,0,0,0,19261941,0,19099373,0,0.000000,0.000000,0.000000,2455,51284,2130.63,0,0,0,0,SUCCESS,0,0,warm20,,,,,1,0,362864,1533,,,used,,,,20260917-1855
2026-09-17 23:11:05,Pre-HAUSPM,C8T1S5I8N5K,77,0,0.000200,0.200,0.008,39054361,38763,0,2622,2622,0,0,0,19308530,0,19145993,0,0.000000,0.000000,0.000000,2481,51041,957.68,0,0,0,0,SUCCESS,0,0,warm20,,,,,1,0,375406,1547,,,used,,,,20260917-1855
2026-09-17 23:11:08,Pre-HAUSPM,C8T1S5I8N5K,78,0,0.000200,0.200,0.008,39410937,39144,0,2644,2644,0,0,0,19331401,0,19168770,0,0.000000,0.000000,0.000000,2527,51173,617.38,0,0,0,0,SUCCESS,0,0,warm20,,,,,1,0,356576,1562,,,used,,,,20260917-1855
2026-09-17 23:11:10,Pre-HAUSPM,C8T1S5I8N5K,79,0,0.000200,0.200,0.008,39780553,39525,0,2686,2686,0,0,0,19483171,0,19319772,0,0.000000,0.000000,0.000000,2581,51539,878.52,0,0,0,0,SUCCESS,0,0,warm20,,,,,1,0,369616,1577,,,used,,,,20260917-1855
2026-09-17 23:11:13,Pre-HAUSPM,C8T1S5I8N5K,80,0,0.000200,0.200,0.008,40168805,39906,0,2708,2708,0,0,0,19529873,0,19366304,0,0.000000,0.000000,0.000000,2552,51398,1636.87,0,0,0,0,SUCCESS,0,0,warm20,,,,,1,0,388252,1592,,,used,,,,20260917-1855
2026-09-17 23:11:16,Pre-HAUSPM,C8T1S5I8N5K,81,0,0.000200,0.200,0.008,40553020,40287,0,2728,2728,0,0,0,19579890,0,19416248,0,0.000000,0.000000,0.000000,2573,51276,644.27,0,0,0,0,SUCCESS,0,0,warm20,,,,,1,0,384215,1607,,,used,,,,20260917-1855
2026-09-17 23:11:19,Pre-HAUSPM,C8T1S5I8N5K,82,0,0.000200,0.200,0.008,40936711,40668,0,2739,2739,0,0,0,19565247,0,19402208,0,0.000000,0.000000,0.000000,2542,51088,2308.38,0,0,0,0,SUCCESS,0,0,warm20,,,,,1,0,383691,1622,,,used,,,,20260917-1855
2026-09-17 23:11:21,Pre-HAUSPM,C8T1S5I8N5K,83,0,0.000200,0.200,0.008,41313771,41049,0,2799,2799,0,0,0,19879380,0,19714908,0,0.000000,0.000000,0.000000,2517,50969,355.43,0,0,0,0,SUCCESS,0,0,warm20,,,,,1,0,377060,1638,,,used,,,,20260917-1855
2026-09-17 23:11:24,Pre-HAUSPM,C8T1S5I8N5K,84,0,0.000200,0.200,0.008,41724105,41430,0,2789,2789,0,0,0,19749504,0,19586121,0,0.000000,0.000000,0.000000,2489,50712,1002.24,0,0,0,0,SUCCESS,0,0,warm20,,,,,1,0,410334,1653,,,used,,,,20260917-1855
2026-09-17 23:11:27,Pre-HAUSPM,C8T1S5I8N5K,85,0,0.000200,0.200,0.008,42092050,41811,0,2824,2824,0,0,0,19903683,0,19739546,0,0.000000,0.000000,0.000000,2440,50771,2100.89,0,0,0,0,SUCCESS,0,0,warm20,,,,,1,0,367945,1669,,,used,,,,20260917-1855
2026-09-17 23:11:30,Pre-HAUSPM,C8T1S5I8N5K,86,0,0.000200,0.200,0.008,42492603,42192,0,2845,2845,0,0,0,19863536,0,19700015,0,0.000000,0.000000,0.000000,2494,51160,1518.83,0,0,0,0,SUCCESS,0,0,warm20,,,,,1,0,400553,1684,,,used,,,,20260917-1855
2026-09-17 23:11:33,Pre-HAUSPM,C8T1S5I8N5K,87,0,0.000200,0.200,0.008,42875635,42573,0,2843,2844,0,0,0,19792286,0,19629741,0,0.000000,0.000000,0.000000,2433,50911,1287.08,0,0,0,0,SUCCESS,0,0,warm20,,,,,1,0,383032,1700,,,used,,,,20260917-1855
2026-09-17 23:11:36,Pre-HAUSPM,C8T1S5I8N5K,88,0,0.000200,0.200,0.008,43248010,42954,0,2850,2850,0,0,0,19723218,0,19561528,0,0.000000,0.000000,0.000000,2454,50677,1415.84,0,0,0,0,SUCCESS,0,0,warm20,,,,,1,0,372375,1715,,,used,,,,20260917-1855
2026-09-17 23:11:39,Pre-HAUSPM,C8T1S5I8N5K,89,0,0.000200,0.200,0.008,43639169,43335,0,2855,2855,0,0,0,19667081,0,19506159,0,0.000000,0.000000,0.000000,2455,50651,1807.32,0,0,0,0,SUCCESS,0,0,warm20,,,,,1,0,391159,1730,,,used,,,,20260917-1855
2026-09-17 23:11:41,Pre-HAUSPM,C8T1S5I8N5K,90,0,0.000200,0.200,0.008,44031231,43716,0,2860,2860,0,0,0,19601312,0,19441422,0,0.000000,0.000000,0.000000,2453,50805,637.27,0,0,0,0,SUCCESS,0,0,warm20,,,,,1,0,392062,1746,,,used,,,,20260917-1855
2026-09-17 23:11:44,Pre-HAUSPM,C8T1S5I8N5K,91,0,0.000200,0.200,0.008,44399561,44097,0,2879,2879,0,0,0,19593820,0,19433863,0,0.000000,0.000000,0.000000,2431,50881,1568.87,0,0,0,0,SUCCESS,0,0,warm20,,,,,1,0,368330,1762,,,used,,,,20260917-1855
2026-09-17 23:11:47,Pre-HAUSPM,C8T1S5I8N5K,92,0,0.000200,0.200,0.008,44778722,44478,0,2865,2865,0,0,0,19383050,0,19224786,0,0.000000,0.000000,0.000000,2415,50818,914.36,0,0,0,0,SUCCESS,0,0,warm20,,,,,1,0,379161,1776,,,used,,,,20260917-1855
2026-09-17 23:11:50,Pre-HAUSPM,C8T1S5I8N5K,93,0,0.000200,0.200,0.008,45161917,44859,0,2865,2865,0,0,0,19321947,0,19164498,0,0.000000,0.000000,0.000000,2417,50548,549.80,0,0,0,0,SUCCESS,0,0,warm20,,,,,1,0,383195,1792,,,used,,,,20260917-1855
2026-09-17 23:11:53,Pre-HAUSPM,C8T1S5I8N5K,94,0,0.000200,0.200,0.008,45536405,45240,0,2881,2881,0,0,0,19326689,0,19170130,0,0.000000,0.000000,0.000000,2509,50921,534.04,0,0,0,0,SUCCESS,0,0,warm20,,,,,1,0,374488,1807,,,used,,,,20260917-1855
2026-09-17 23:11:56,Pre-HAUSPM,C8T1S5I8N5K,95,0,0.000200,0.200,0.008,45914470,45621,0,2869,2869,0,0,0,19192009,0,19037034,0,0.000000,0.000000,0.000000,2472,50849,598.16,0,0,0,0,SUCCESS,0,0,warm20,,,,,1,0,378065,1822,,,used,,,,20260917-1855
2026-09-17 23:11:59,Pre-HAUSPM,C8T1S5I8N5K,96,0,0.000200,0.200,0.008,46296586,46002,0,2935,2935,0,0,0,19511570,0,19354857,0,0.000000,0.000000,0.000000,2565,51293,1075.54,0,0,0,0,SUCCESS,0,0,warm20,,,,,1,0,382116,1837,,,used,,,,20260917-1855
2026-09-17 23:12:02,Pre-HAUSPM,C8T1S5I8N5K,97,0,0.000200,0.200,0.008,46658707,46383,0,2940,2940,0,0,0,19376967,0,19221777,0,0.000000,0.000000,0.000000,2642,51629,1649.65,0,0,0,0,SUCCESS,0,0,warm20,,,,,1,0,362121,1852,,,used,,,,20260917-1855
2026-09-17 23:12:05,Pre-HAUSPM,C8T1S5I8N5K,98,0,0.000200,0.200,0.008,47041850,46764,0,2950,2950,0,0,0,19328259,0,19173948,0,0.000000,0.000000,0.000000,2654,51797,877.28,0,0,0,0,SUCCESS,0,0,warm20,,,,,1,0,383143,1867,,,used,,,,20260917-1855
2026-09-17 23:12:08,Pre-HAUSPM,C8T1S5I8N5K,99,0,0.000200,0.200,0.008,47416411,47132,0,2966,2966,0,0,0,19323837,0,19169868,0,0.000000,0.000000,0.000000,2623,51786,392.38,0,0,0,0,SUCCESS,0,0,warm20,,,,,1,0,374561,1882,,,used,,,,20260917-1855
2026-09-17 23:12:10,Pre-HAUSPM,C8T1S5I8N5K,0,1,0.000200,0.200,0.200,9488004,9426,3,1962,1965,0,0,0,21109469,0,20750611,0,0.000000,0.000000,0.000000,6078,62730,995.86,0,0,0,0,SUCCESS,0,0,warm20,,,,,1,0,9488004,0,,,used,,,,20260917-1855
2026-09-17 23:12:12,Pre-HAUSPM,C8T1S5I8N5K,1,1,0.000200,0.200,0.008,9860151,9807,0,1788,1788,0,0,0,22121785,0,21740086,0,0.000000,0.000000,0.000000,5885,63074,1597.06,0,0,0,0,SUCCESS,0,0,warm20,,,,,1,0,372147,380,,,used,,,,20260917-1855
2026-09-17 23:12:14,Pre-HAUSPM,C8T1S5I8N5K,2,1,0.000200,0.200,0.008,10237723,10188,0,1724,1724,0,0,0,20951579,0,20595634,0,0.000000,0.000000,0.000000,6216,63972,1303.03,0,0,0,0,SUCCESS,0,0,warm20,,,,,1,0,377572,394,,,used,,,,20260917-1855
2026-09-17 23:12:15,Pre-HAUSPM,C8T1S5I8N5K,3,1,0.000200,0.200,0.008,10611431,10569,0,1617,1617,0,0,0,19453874,0,19139447,0,0.000000,0.000000,0.000000,5716,61981,2034.13,0,0,0,0,SUCCESS,0,0,warm20,,,,,1,0,373708,410,,,used,,,,20260917-1855
2026-09-17 23:12:17,Pre-HAUSPM,C8T1S5I8N5K,4,1,0.000200,0.200,0.008,10996455,10950,0,1531,1532,0,0,0,18083697,0,17801232,0,0.000000,0.000000,0.000000,6199,63199,1834.96,0,0,0,0,SUCCESS,0,0,warm20,,,,,1,0,385024,425,,,used,,,,20260917-1855
2026-09-17 23:12:19,Pre-HAUSPM,C8T1S5I8N5K,5,1,0.000200,0.200,0.008,11372487,11331,0,1791,1791,0,0,0,21272000,0,20956545,0,0.000000,0.000000,0.000000,7078,64520,1987.92,0,0,0,0,SUCCESS,0,0,warm20,,,,,1,0,376032,440,,,used,,,,20260917-1855
2026-09-17 23:12:20,Pre-HAUSPM,C8T1S5I8N5K,6,1,0.000200,0.200,0.008,11749908,11712,0,1761,1761,0,0,0,20572594,0,20273424,0,0.000000,0.000000,0.000000,7173,64832,1941.70,0,0,0,0,SUCCESS,0,0,warm20,,,,,1,0,377421,455,,,used,,,,20260917-1855
2026-09-17 23:12:22,Pre-HAUSPM,C8T1S5I8N5K,7,1,0.000200,0.200,0.008,12139444,12093,0,1728,1728,0,0,0,19857979,0,19579951,0,0.000000,0.000000,0.000000,7539,65250,1701.27,0,0,0,0,SUCCESS,0,0,warm20,,,,,1,0,389536,470,,,used,,,,20260917-1855
2026-09-17 23:12:24,Pre-HAUSPM,C8T1S5I8N5K,8,1,0.000200,0.200,0.008,12513100,12474,0,1727,1727,0,0,0,19568579,0,19295327,0,0.000000,0.000000,0.000000,7536,64980,1573.45,0,0,0,0,SUCCESS,0,0,warm20,,,,,1,0,373656,486,,,used,,,,20260917-1855
2026-09-17 23:12:26,Pre-HAUSPM,C8T1S5I8N5K,9,1,0.000200,0.200,0.008,12914001,12855,0,1748,1748,0,0,0,19848827,0,19579691,0,0.000000,0.000000,0.000000,6698,63976,1814.12,0,0,0,0,SUCCESS,0,0,warm20,,,,,1,0,400901,501,,,used,,,,20260917-1855
2026-09-17 23:12:27,Pre-HAUSPM,C8T1S5I8N5K,10,1,0.000200,0.200,0.008,13304270,13236,0,1713,1713,0,0,0,19141253,0,18882510,0,0.000000,0.000000,0.000000,6519,64332,1709.52,0,0,0,0,SUCCESS,0,0,warm20,,,,,1,0,390269,517,,,used,,,,20260917-1855
2026-09-17 23:12:29,Pre-HAUSPM,C8T1S5I8N5K,11,1,0.000200,0.200,0.008,13705969,13617,0,1656,1656,0,0,0,18231816,0,17989363,0,0.000000,0.000000,0.000000,6098,63174,1168.44,0,0,0,0,SUCCESS,0,0,warm20,,,,,1,0,401699,532,,,used,,,,20260917-1855
2026-09-17 23:12:31,Pre-HAUSPM,C8T1S5I8N5K,12,1,0.000200,0.200,0.008,14085202,13998,0,1662,1662,0,0,0,18244987,0,18005702,0,0.000000,0.000000,0.000000,5789,62937,928.60,0,0,0,0,SUCCESS,0,0,warm20,,,,,1,0,379233,548,,,used,,,,20260917-1855
2026-09-17 23:12:32,Pre-HAUSPM,C8T1S5I8N5K,13,1,0.000200,0.200,0.008,14447935,14379,0,1663,1663,0,0,0,17967926,0,17735015,0,0.000000,0.000000,0.000000,5569,62341,690.45,0,0,0,0,SUCCESS,0,0,warm20,,,,,1,0,362733,564,,,used,,,,20260917-1855
2026-09-17 23:12:34,Pre-HAUSPM,C8T1S5I8N5K,14,1,0.000200,0.200,0.008,14856178,14760,0,1631,1632,0,0,0,17399626,0,17176498,0,0.000000,0.000000,0.000000,5314,61664,197.56,0,0,0,0,SUCCESS,0,0,warm20,,,,,1,0,408243,578,,,used,,,,20260917-1855
2026-09-17 23:12:36,Pre-HAUSPM,C8T1S5I8N5K,15,1,0.000200,0.200,0.008,15234958,15141,0,1698,1698,0,0,0,17724473,0,17493536,0,0.000000,0.000000,0.000000,5756,62659,1869.58,0,0,0,0,SUCCESS,0,0,warm20,,,,,1,0,378780,594,,,used,,,,20260917-1855
2026-09-17 23:12:38,Pre-HAUSPM,C8T1S5I8N5K,16,1,0.000200,0.200,0.008,15636723,15522,0,1672,1673,0,0,0,17297411,0,17075339,0,0.000000,0.000000,0.000000,5143,60843,1581.47,0,0,0,0,SUCCESS,0,0,warm20,,,,,1,0,401765,610,,,used,,,,20260917-1855
2026-09-17 23:12:39,Pre-HAUSPM,C8T1S5I8N5K,17,1,0.000200,0.200,0.008,16000443,15903,0,1687,1687,0,0,0,17267183,0,17048689,0,0.000000,0.000000,0.000000,4767,59745,1470.04,0,0,0,0,SUCCESS,0,0,warm20,,,,,1,0,363720,626,,,used,,,,20260917-1855
2026-09-17 23:12:41,Pre-HAUSPM,C8T1S5I8N5K,18,1,0.000200,0.200,0.008,16375616,16284,0,1693,1693,0,0,0,17118385,0,16904719,0,0.000000,0.000000,0.000000,5395,60606,1421.45,0,0,0,0,SUCCESS,0,0,warm20,,,,,1,0,375173,640,,,used,,,,20260917-1855
2026-09-17 23:12:43,Pre-HAUSPM,C8T1S5I8N5K,19,1,0.000200,0.200,0.008,16735590,16665,0,1668,1668,0,0,0,16719133,0,16512676,0,0.000000,0.000000,0.000000,5318,60345,1261.60,0,0,0,0,SUCCESS,0,0,warm20,,,,,1,0,359974,655,,,used,,,,20260917-1855
2026-09-17 23:12:44,Pre-HAUSPM,C8T1S5I8N5K,20,1,0.000200,0.200,0.008,17118254,17046,0,1719,1719,0,0,0,17238390,0,17027869,0,0.000000,0.000000,0.000000,5734,61357,1677.65,0,0,0,0,SUCCESS,0,0,warm20,,,,,1,0,382664,670,,,used,,,,20260917-1855
2026-09-17 23:12:46,Pre-HAUSPM,C8T1S5I8N5K,21,1,0.000200,0.200,0.008,17469048,17427,0,1708,1708,0,0,0,16941276,0,16737394,0,0.000000,0.000000,0.000000,5511,61566,271.72,0,0,0,0,SUCCESS,0,0,warm20,,,,,1,0,350794,685,,,used,,,,20260917-1855
2026-09-17 23:12:48,Pre-HAUSPM,C8T1S5I8N5K,22,1,0.000200,0.200,0.008,17881746,17808,0,1725,1725,0,0,0,16961531,0,16757997,0,0.000000,0.000000,0.000000,5461,61728,778.47,0,0,0,0,SUCCESS,0,0,warm20,,,,,1,0,412698,699,,,used,,,,20260917-1855
2026-09-17 23:12:50,Pre-HAUSPM,C8T1S5I8N5K,23,1,0.000200,0.200,0.008,18263626,18189,0,1731,1731,0,0,0,16901412,0,16699385,0,0.000000,0.000000,0.000000,5224,61384,1359.15,0,0,0,0,SUCCESS,0,0,warm20,,,,,1,0,381880,715,,,used,,,,20260917-1855
2026-09-17 23:12:51,Pre-HAUSPM,C8T1S5I8N5K,24,1,0.000200,0.200,0.008,18655152,18570,0,1725,1725,0,0,0,16736325,0,16538980,0,0.000000,0.000000,0.000000,4981,60578,287.48,0,0,0,0,SUCCESS,0,0,warm20,,,,,1,0,391526,731,,,used,,,,20260917-1855
2026-09-17 23:12:53,Pre-HAUSPM,C8T1S5I8N5K,25,1,0.000200,0.200,0.008,19051938,18951,0,1746,1746,0,0,0,16830526,0,16634622,0,0.000000,0.000000,0.000000,4605,59647,1031.39,0,0,0,0,SUCCESS,0,0,warm20,,,,,1,0,396786,746,,,used,,,,20260917-1855
2026-09-17 23:12:55,Pre-HAUSPM,C8T1S5I8N5K,26,1,0.000200,0.200,0.008,19436370,19332,0,1721,1721,0,0,0,16556157,0,16365037,0,0.000000,0.000000,0.000000,4468,58972,1661.67,0,0,0,0,SUCCESS,0,0,warm20,,,,,1,0,384432,762,,,used,,,,20260917-1855
2026-09-17 23:12:57,Pre-HAUSPM,C8T1S5I8N5K,27,1,0.000200,0.200,0.008,19820960,19713,0,1731,1731,0,0,0,16432328,0,16244503,0,0.000000,0.000000,0.000000,4548,59281,691.00,0,0,0,0,SUCCESS,0,0,warm20,,,,,1,0,384590,778,,,used,,,,20260917-1855
2026-09-17 23:12:58,Pre-HAUSPM,C8T1S5I8N5K,28,1,0.000200,0.200,0.008,20208065,20094,0,1742,1742,0,0,0,16435898,0,16250581,0,0.000000,0.000000,0.000000,4279,58682,1486.71,0,0,0,0,SUCCESS,0,0,warm20,,,,,1,0,387105,793,,,used,,,,20260917-1855
2026-09-17 23:13:00,Pre-HAUSPM,C8T1S5I8N5K,29,1,0.000200,0.200,0.008,20583629,20475,0,1748,1748,0,0,0,16427702,0,16245003,0,0.000000,0.000000,0.000000,4125,57939,880.98,0,0,0,0,SUCCESS,0,0,warm20,,,,,1,0,375564,808,,,used,,,,20260917-1855
2026-09-17 23:13:02,Pre-HAUSPM,C8T1S5I8N5K,30,1,0.000200,0.200,0.008,20987544,20856,0,1778,1778,0,0,0,16616519,0,16433236,0,0.000000,0.000000,0.000000,3897,56935,516.03,0,0,0,0,SUCCESS,0,0,warm20,,,,,1,0,403915,824,,,used,,,,20260917-1855
2026-09-17 23:13:04,Pre-HAUSPM,C8T1S5I8N5K,31,1,0.000200,0.200,0.008,21379313,21237,0,1780,1780,0,0,0,16549774,0,16368951,0,0.000000,0.000000,0.000000,3722,56215,239.66,0,0,0,0,SUCCESS,0,0,warm20,,,,,1,0,391769,840,,,used,,,,20260917-1855
2026-09-17 23:13:05,Pre-HAUSPM,C8T1S5I8N5K,32,1,0.000200,0.200,0.008,21757529,21618,0,1844,1844,0,0,0,17015320,0,16830717,0,0.000000,0.000000,0.000000,3513,55462,405.54,0,0,0,0,SUCCESS,0,0,warm20,,,,,1,0,378216,855,,,used,,,,20260917-1855
2026-09-17 23:13:07,Pre-HAUSPM,C8T1S5I8N5K,33,1,0.000200,0.200,0.008,22150766,21999,0,1847,1847,0,0,0,16887518,0,16705612,0,0.000000,0.000000,0.000000,3756,56423,524.54,0,0,0,0,SUCCESS,0,0,warm20,,,,,1,0,393237,870,,,used,,,,20260917-1855
2026-09-17 23:13:09,Pre-HAUSPM,C8T1S5I8N5K,34,1,0.000200,0.200,0.008,22536242,22380,0,1866,1866,0,0,0,16947347,0,16767209,0,0.000000,0.000000,0.000000,3759,56189,745.83,0,0,0,0,SUCCESS,0,0,warm20,,,,,1,0,385476,886,,,used,,,,20260917-1855
2026-09-17 23:13:11,Pre-HAUSPM,C8T1S5I8N5K,35,1,0.000200,0.200,0.008,22907858,22761,0,1906,1906,0,0,0,17128175,0,16945256,0,0.000000,0.000000,0.000000,3731,56092,1200.43,0,0,0,0,SUCCESS,0,0,warm20,,,,,1,0,371616,902,,,used,,,,20260917-1855
2026-09-17 23:13:13,Pre-HAUSPM,C8T1S5I8N5K,36,1,0.000200,0.200,0.008,23319188,23142,0,1935,1935,0,0,0,17331392,0,17148749,0,0.000000,0.000000,0.000000,3641,55869,311.82,0,0,0,0,SUCCESS,0,0,warm20,,,,,1,0,411330,916,,,used,,,,20260917-1855
2026-09-17 23:13:15,Pre-HAUSPM,C8T1S5I8N5K,37,1,0.000200,0.200,0.008,23697328,23523,0,1940,1940,0,0,0,17268799,0,17087598,0,0.000000,0.000000,0.000000,3515,55356,1001.08,0,0,0,0,SUCCESS,0,0,warm20,,,,,1,0,378140,933,,,used,,,,20260917-1855
2026-09-17 23:13:17,Pre-HAUSPM,C8T1S5I8N5K,38,1,0.000200,0.200,0.008,24099127,23904,0,1934,1934,0,0,0,17137325,0,16959366,0,0.000000,0.000000,0.000000,3290,54571,232.60,0,0,0,0,SUCCESS,0,0,warm20,,,,,1,0,401799,948,,,used,,,,20260917-1855
2026-09-17 23:13:19,Pre-HAUSPM,C8T1S5I8N5K,39,1,0.000200,0.200,0.008,24493119,24285,0,1937,1937,0,0,0,17039971,0,16864343,0,0.000000,0.000000,0.000000,3105,53872,889.32,0,0,0,0,SUCCESS,0,0,warm20,,,,,1,0,393992,964,,,used,,,,20260917-1855
2026-09-17 23:13:21,Pre-HAUSPM,C8T1S5I8N5K,40,1,0.000200,0.200,0.008,24862259,24666,0,1946,1946,0,0,0,17078604,0,16904130,0,0.000000,0.000000,0.000000,2983,53480,241.35,0,0,0,0,SUCCESS,0,0,warm20,,,,,1,0,369140,980,,,used,,,,20260917-1855
2026-09-17 23:13:23,Pre-HAUSPM,C8T1S5I8N5K,41,1,0.000200,0.200,0.008,25263088,25047,0,1966,1966,0,0,0,17043489,0,16869135,0,0.000000,0.000000,0.000000,2907,52994,1042.07,0,0,0,0,SUCCESS,0,0,warm20,,,,,1,0,400829,995,,,used,,,,20260917-1855
2026-09-17 23:13:25,Pre-HAUSPM,C8T1S5I8N5K,42,1,0.000200,0.200,0.008,25651287,25428,0,1990,1990,0,0,0,17263553,0,17089542,0,0.000000,0.000000,0.000000,2802,52461,614.45,0,0,0,0,SUCCESS,0,0,warm20,,,,,1,0,388199,1011,,,used,,,,20260917-1855
2026-09-17 23:13:27,Pre-HAUSPM,C8T1S5I8N5K,43,1,0.000200,0.200,0.008,26044850,25809,0,2035,2035,0,0,0,17474151,0,17300718,0,0.000000,0.000000,0.000000,2898,53550,505.46,0,0,0,0,SUCCESS,0,0,warm20,,,,,1,0,393563,1026,,,used,,,,20260917-1855
2026-09-17 23:13:29,Pre-HAUSPM,C8T1S5I8N5K,44,1,0.000200,0.200,0.008,26430934,26190,0,2061,2061,0,0,0,17603409,0,17429323,0,0.000000,0.000000,0.000000,2699,52923,589.62,0,0,0,0,SUCCESS,0,0,warm20,,,,,1,0,386084,1042,,,used,,,,20260917-1855
2026-09-17 23:13:31,Pre-HAUSPM,C8T1S5I8N5K,45,1,0.000200,0.200,0.008,26846010,26571,0,2101,2101,0,0,0,17745298,0,17570342,0,0.000000,0.000000,0.000000,2737,52743,837.16,0,0,0,0,SUCCESS,0,0,warm20,,,,,1,0,415076,1057,,,used,,,,20260917-1855
2026-09-17 23:13:33,Pre-HAUSPM,C8T1S5I8N5K,46,1,0.000200,0.200,0.008,27199497,26952,0,2138,2139,0,0,0,17947670,0,17771232,0,0.000000,0.000000,0.000000,2876,53280,655.01,0,0,0,0,SUCCESS,0,0,warm20,,,,,1,0,353487,1074,,,used,,,,20260917-1855
2026-09-17 23:13:35,Pre-HAUSPM,C8T1S5I8N5K,47,1,0.000200,0.200,0.008,27577144,27333,0,2157,2157,0,0,0,17984031,0,17808632,0,0.000000,0.000000,0.000000,2903,53183,1054.47,0,0,0,0,SUCCESS,0,0,warm20,,,,,1,0,377647,1088,,,used,,,,20260917-1855
2026-09-17 23:13:38,Pre-HAUSPM,C8T1S5I8N5K,48,1,0.000200,0.200,0.008,27971205,27714,0,2178,2178,0,0,0,18000377,0,17824968,0,0.000000,0.000000,0.000000,2983,53624,1007.23,0,0,0,0,SUCCESS,0,0,warm20,,,,,1,0,394061,1103,,,used,,,,20260917-1855
2026-09-17 23:13:40,Pre-HAUSPM,C8T1S5I8N5K,49,1,0.000200,0.200,0.008,28365395,28095,0,2187,2187,0,0,0,17940379,0,17764768,0,0.000000,0.000000,0.000000,3165,54258,1088.75,0,0,0,0,SUCCESS,0,0,warm20,,,,,1,0,394190,1119,,,used,,,,20260917-1855
2026-09-17 23:13:42,Pre-HAUSPM,C8T1S5I8N5K,50,1,0.000200,0.200,0.008,28747485,28476,0,2196,2196,0,0,0,17854428,0,17680081,0,0.000000,0.000000,0.000000,3190,54165,1335.74,0,0,0,0,SUCCESS,0,0,warm20,,,,,1,0,382090,1135,,,used,,,,20260917-1855
2026-09-17 23:13:44,Pre-HAUSPM,C8T1S5I8N5K,51,1,0.000200,0.200,0.008,29148083,28857,0,2220,2220,0,0,0,17976415,0,17802165,0,0.000000,0.000000,0.000000,3606,55688,612.68,0,0,0,0,SUCCESS,0,0,warm20,,,,,1,0,400598,1150,,,used,,,,20260917-1855
2026-09-17 23:13:47,Pre-HAUSPM,C8T1S5I8N5K,52,1,0.000200,0.200,0.008,29537266,29238,0,2221,2221,0,0,0,17899457,0,17726743,0,0.000000,0.000000,0.000000,3512,55451,169.47,0,0,0,0,SUCCESS,0,0,warm20,,,,,1,0,389183,1166,,,used,,,,20260917-1855
2026-09-17 23:13:49,Pre-HAUSPM,C8T1S5I8N5K,53,1,0.000200,0.200,0.008,29904777,29619,0,2253,2253,0,0,0,18060715,0,17887913,0,0.000000,0.000000,0.000000,3392,55150,1304.10,0,0,0,0,SUCCESS,0,0,warm20,,,,,1,0,367511,1182,,,used,,,,20260917-1855
2026-09-17 23:13:51,Pre-HAUSPM,C8T1S5I8N5K,54,1,0.000200,0.200,0.008,30290428,30000,0,2258,2258,0,0,0,18047770,0,17876040,0,0.000000,0.000000,0.000000,3265,54647,256.36,0,0,0,0,SUCCESS,0,0,warm20,,,,,1,0,385651,1196,,,used,,,,20260917-1855
2026-09-17 23:13:53,Pre-HAUSPM,C8T1S5I8N5K,55,1,0.000200,0.200,0.008,30681887,30381,0,2266,2266,0,0,0,18008910,0,17838283,0,0.000000,0.000000,0.000000,3173,54185,563.36,0,0,0,0,SUCCESS,0,0,warm20,,,,,1,0,391459,1212,,,used,,,,20260917-1855
2026-09-17 23:13:56,Pre-HAUSPM,C8T1S5I8N5K,56,1,0.000200,0.200,0.008,31050362,30762,0,2285,2285,0,0,0,18144154,0,17973835,0,0.000000,0.000000,0.000000,3135,54227,1041.65,0,0,0,0,SUCCESS,0,0,warm20,,,,,1,0,368475,1228,,,used,,,,20260917-1855
2026-09-17 23:13:58,Pre-HAUSPM,C8T1S5I8N5K,57,1,0.000200,0.200,0.008,31395739,31143,0,2291,2291,0,0,0,18196365,0,18027066,0,0.000000,0.000000,0.000000,3035,53899,507.64,0,0,0,0,SUCCESS,0,0,warm20,,,,,1,0,345377,1242,,,used,,,,20260917-1855
2026-09-17 23:14:00,Pre-HAUSPM,C8T1S5I8N5K,58,1,0.000200,0.200,0.008,31769352,31524,0,2295,2295,0,0,0,18197341,0,18029065,0,0.000000,0.000000,0.000000,3041,53716,1264.68,0,0,0,0,SUCCESS,0,0,warm20,,,,,1,0,373613,1256,,,used,,,,20260917-1855
2026-09-17 23:14:03,Pre-HAUSPM,C8T1S5I8N5K,59,1,0.000200,0.200,0.008,32142537,31905,0,2307,2307,0,0,0,18193530,0,18026305,0,0.000000,0.000000,0.000000,2920,53318,1083.18,0,0,0,0,SUCCESS,0,0,warm20,,,,,1,0,373185,1271,,,used,,,,20260917-1855
2026-09-17 23:14:05,Pre-HAUSPM,C8T1S5I8N5K,60,1,0.000200,0.200,0.008,32547440,32286,0,2353,2353,0,0,0,18477482,0,18308928,0,0.000000,0.000000,0.000000,3068,53530,1219.46,0,0,0,0,SUCCESS,0,0,warm20,,,,,1,0,404903,1286,,,used,,,,20260917-1855
2026-09-17 23:14:07,Pre-HAUSPM,C8T1S5I8N5K,61,1,0.000200,0.200,0.008,32944229,32667,0,2418,2418,0,0,0,18967538,0,18795785,0,0.000000,0.000000,0.000000,3028,53404,747.68,0,0,0,0,SUCCESS,0,0,warm20,,,,,1,0,396789,1302,,,used,,,,20260917-1855
2026-09-17 23:14:10,Pre-HAUSPM,C8T1S5I8N5K,62,1,0.000200,0.200,0.008,33334519,33048,0,2425,2425,0,0,0,18948791,0,18777779,0,0.000000,0.000000,0.000000,2938,53087,414.38,0,0,0,0,SUCCESS,0,0,warm20,,,,,1,0,390290,1318,,,used,,,,20260917-1855
2026-09-17 23:14:12,Pre-HAUSPM,C8T1S5I8N5K,63,1,0.000200,0.200,0.008,33719823,33429,0,2444,2445,0,0,0,18942111,0,18771532,0,0.000000,0.000000,0.000000,2956,53539,241.21,0,0,0,0,SUCCESS,0,0,warm20,,,,,1,0,385304,1334,,,used,,,,20260917-1855
2026-09-17 23:14:15,Pre-HAUSPM,C8T1S5I8N5K,64,1,0.000200,0.200,0.008,34102327,33810,0,2444,2444,0,0,0,18848371,0,18679368,0,0.000000,0.000000,0.000000,2871,53131,1210.78,0,0,0,0,SUCCESS,0,0,warm20,,,,,1,0,382504,1349,,,used,,,,20260917-1855
2026-09-17 23:14:17,Pre-HAUSPM,C8T1S5I8N5K,65,1,0.000200,0.200,0.008,34478988,34191,0,2492,2492,0,0,0,19159526,0,18989605,0,0.000000,0.000000,0.000000,2791,52967,250.03,0,0,0,0,SUCCESS,0,0,warm20,,,,,1,0,376661,1364,,,used,,,,20260917-1855
2026-09-17 23:14:20,Pre-HAUSPM,C8T1S5I8N5K,66,1,0.000200,0.200,0.008,34853481,34572,0,2474,2474,0,0,0,18987141,0,18819088,0,0.000000,0.000000,0.000000,2698,52606,250.13,0,0,0,0,SUCCESS,0,0,warm20,,,,,1,0,374493,1379,,,used,,,,20260917-1855
2026-09-17 23:14:22,Pre-HAUSPM,C8T1S5I8N5K,67,1,0.000200,0.200,0.008,35248065,34953,0,2469,2470,0,0,0,18831781,0,18665542,0,0.000000,0.000000,0.000000,2620,52268,1225.93,0,0,0,0,SUCCESS,0,0,warm20,,,,,1,0,394584,1394,,,used,,,,20260917-1855
2026-09-17 23:14:25,Pre-HAUSPM,C8T1S5I8N5K,68,1,0.000200,0.200,0.008,35624384,35334,0,2481,2481,0,0,0,18786918,0,18621265,0,0.000000,0.000000,0.000000,2554,51864,1090.65,0,0,0,0,SUCCESS,0,0,warm20,,,,,1,0,376319,1410,,,used,,,,20260917-1855
2026-09-17 23:14:27,Pre-HAUSPM,C8T1S5I8N5K,69,1,0.000200,0.200,0.008,36012101,35715,0,2462,2462,0,0,0,18561263,0,18398234,0,0.000000,0.000000,0.000000,2554,51662,830.45,0,0,0,0,SUCCESS,0,0,warm20,,,,,1,0,387717,1425,,,used,,,,20260917-1855
2026-09-17 23:14:30,Pre-HAUSPM,C8T1S5I8N5K,70,1,0.000200,0.200,0.008,36401810,36096,0,2485,2486,0,0,0,18672697,0,18509326,0,0.000000,0.000000,0.000000,2518,51615,654.02,0,0,0,0,SUCCESS,0,0,warm20,,,,,1,0,389709,1441,,,used,,,,20260917-1855
2026-09-17 23:14:32,Pre-HAUSPM,C8T1S5I8N5K,71,1,0.000200,0.200,0.008,36794486,36477,0,2496,2496,0,0,0,18685863,0,18522852,0,0.000000,0.000000,0.000000,2563,51869,504.77,0,0,0,0,SUCCESS,0,0,warm20,,,,,1,0,392676,1456,,,used,,,,20260917-1855
2026-09-17 23:14:35,Pre-HAUSPM,C8T1S5I8N5K,72,1,0.000200,0.200,0.008,37175538,36858,0,2508,2508,0,0,0,18668684,0,18505794,0,0.000000,0.000000,0.000000,2519,51628,353.61,0,0,0,0,SUCCESS,0,0,warm20,,,,,1,0,381052,1472,,,used,,,,20260917-1855
2026-09-17 23:14:37,Pre-HAUSPM,C8T1S5I8N5K,73,1,0.000200,0.200,0.008,37548260,37239,0,2550,2550,0,0,0,18895044,0,18731583,0,0.000000,0.000000,0.000000,2480,51637,384.45,0,0,0,0,SUCCESS,0,0,warm20,,,,,1,0,372722,1487,,,used,,,,20260917-1855
2026-09-17 23:14:40,Pre-HAUSPM,C8T1S5I8N5K,74,1,0.000200,0.200,0.008,37929393,37620,0,2585,2585,0,0,0,19132063,0,18967798,0,0.000000,0.000000,0.000000,2451,51343,583.86,0,0,0,0,SUCCESS,0,0,warm20,,,,,1,0,381133,1502,,,used,,,,20260917-1855
2026-09-17 23:14:43,Pre-HAUSPM,C8T1S5I8N5K,75,1,0.000200,0.200,0.008,38316091,38001,0,2607,2607,0,0,0,19259769,0,19096611,0,0.000000,0.000000,0.000000,2489,51590,878.63,0,0,0,0,SUCCESS,0,0,warm20,,,,,1,0,386698,1517,,,used,,,,20260917-1855
2026-09-17 23:14:45,Pre-HAUSPM,C8T1S5I8N5K,76,1,0.000200,0.200,0.008,38678955,38382,0,2615,2615,0,0,0,19261941,0,19099373,0,0.000000,0.000000,0.000000,2455,51284,1181.47,0,0,0,0,SUCCESS,0,0,warm20,,,,,1,0,362864,1533,,,used,,,,20260917-1855
2026-09-17 23:14:48,Pre-HAUSPM,C8T1S5I8N5K,77,1,0.000200,0.200,0.008,39054361,38763,0,2627,2627,0,0,0,19308530,0,19145993,0,0.000000,0.000000,0.000000,2481,51041,458.92,0,0,0,0,SUCCESS,0,0,warm20,,,,,1,0,375406,1547,,,used,,,,20260917-1855
2026-09-17 23:14:51,Pre-HAUSPM,C8T1S5I8N5K,78,1,0.000200,0.200,0.008,39410937,39144,0,2649,2649,0,0,0,19331401,0,19168770,0,0.000000,0.000000,0.000000,2527,51173,847.67,0,0,0,0,SUCCESS,0,0,warm20,,,,,1,0,356576,1562,,,used,,,,20260917-1855
2026-09-17 23:14:53,Pre-HAUSPM,C8T1S5I8N5K,79,1,0.000200,0.200,0.008,39780553,39525,0,2689,2689,0,0,0,19483171,0,19319772,0,0.000000,0.000000,0.000000,2581,51539,338.60,0,0,0,0,SUCCESS,0,0,warm20,,,,,1,0,369616,1577,,,used,,,,20260917-1855
2026-09-17 23:14:56,Pre-HAUSPM,C8T1S5I8N5K,80,1,0.000200,0.200,0.008,40168805,39906,0,2713,2714,0,0,0,19529873,0,19366304,0,0.000000,0.000000,0.000000,2552,51398,975.28,0,0,0,0,SUCCESS,0,0,warm20,,,,,1,0,388252,1592,,,used,,,,20260917-1855
2026-09-17 23:14:59,Pre-HAUSPM,C8T1S5I8N5K,81,1,0.000200,0.200,0.008,40553020,40287,0,2733,2733,0,0,0,19579890,0,19416248,0,0.000000,0.000000,0.000000,2573,51276,602.09,0,0,0,0,SUCCESS,0,0,warm20,,,,,1,0,384215,1607,,,used,,,,20260917-1855
2026-09-17 23:15:02,Pre-HAUSPM,C8T1S5I8N5K,82,1,0.000200,0.200,0.008,40936711,40668,0,2739,2739,0,0,0,19565247,0,19402208,0,0.000000,0.000000,0.000000,2542,51088,212.43,0,0,0,0,SUCCESS,0,0,warm20,,,,,1,0,383691,1622,,,used,,,,20260917-1855
2026-09-17 23:15:04,Pre-HAUSPM,C8T1S5I8N5K,83,1,0.000200,0.200,0.008,41313771,41049,0,2799,2799,0,0,0,19879380,0,19714908,0,0.000000,0.000000,0.000000,2517,50969,1206.34,0,0,0,0,SUCCESS,0,0,warm20,,,,,1,0,377060,1638,,,used,,,,20260917-1855
2026-09-17 23:15:07,Pre-HAUSPM,C8T1S5I8N5K,84,1,0.000200,0.200,0.008,41724105,41430,0,2794,2794,0,0,0,19749504,0,19586121,0,0.000000,0.000000,0.000000,2489,50712,1024.40,0,0,0,0,SUCCESS,0,0,warm20,,,,,1,0,410334,1653,,,used,,,,20260917-1855
2026-09-17 23:15:10,Pre-HAUSPM,C8T1S5I8N5K,85,1,0.000200,0.200,0.008,42092050,41811,0,2827,2827,0,0,0,19903683,0,19739546,0,0.000000,0.000000,0.000000,2440,50771,1007.28,0,0,0,0,SUCCESS,0,0,warm20,,,,,1,0,367945,1669,,,used,,,,20260917-1855
2026-09-17 23:15:13,Pre-HAUSPM,C8T1S5I8N5K,86,1,0.000200,0.200,0.008,42492603,42192,0,2847,2847,0,0,0,19863536,0,19700015,0,0.000000,0.000000,0.000000,2494,51160,985.41,0,0,0,0,SUCCESS,0,0,warm20,,,,,1,0,400553,1684,,,used,,,,20260917-1855
2026-09-17 23:15:16,Pre-HAUSPM,C8T1S5I8N5K,87,1,0.000200,0.200,0.008,42875635,42573,0,2846,2846,0,0,0,19792286,0,19629741,0,0.000000,0.000000,0.000000,2433,50911,913.52,0,0,0,0,SUCCESS,0,0,warm20,,,,,1,0,383032,1700,,,used,,,,20260917-1855
2026-09-17 23:15:19,Pre-HAUSPM,C8T1S5I8N5K,88,1,0.000200,0.200,0.008,43248010,42954,0,2855,2855,0,0,0,19723218,0,19561528,0,0.000000,0.000000,0.000000,2454,50677,818.37,0,0,0,0,SUCCESS,0,0,warm20,,,,,1,0,372375,1715,,,used,,,,20260917-1855
2026-09-17 23:15:22,Pre-HAUSPM,C8T1S5I8N5K,89,1,0.000200,0.200,0.008,43639169,43335,0,2856,2857,0,0,0,19667081,0,19506159,0,0.000000,0.000000,0.000000,2455,50651,681.88,0,0,0,0,SUCCESS,0,0,warm20,,,,,1,0,391159,1730,,,used,,,,20260917-1855
2026-09-17 23:15:24,Pre-HAUSPM,C8T1S5I8N5K,90,1,0.000200,0.200,0.008,44031231,43716,0,2862,2862,0,0,0,19601312,0,19441422,0,0.000000,0.000000,0.000000,2453,50805,532.74,0,0,0,0,SUCCESS,0,0,warm20,,,,,1,0,392062,1746,,,used,,,,20260917-1855
2026-09-17 23:15:27,Pre-HAUSPM,C8T1S5I8N5K,91,1,0.000200,0.200,0.008,44399561,44097,0,2878,2879,0,0,0,19593820,0,19433863,0,0.000000,0.000000,0.000000,2431,50881,421.70,0,0,0,0,SUCCESS,0,0,warm20,,,,,1,0,368330,1762,,,used,,,,20260917-1855
2026-09-17 23:15:30,Pre-HAUSPM,C8T1S5I8N5K,92,1,0.000200,0.200,0.008,44778722,44478,0,2861,2861,0,0,0,19383050,0,19224786,0,0.000000,0.000000,0.000000,2415,50818,162.25,0,0,0,0,SUCCESS,0,0,warm20,,,,,1,0,379161,1776,,,used,,,,20260917-1855
2026-09-17 23:15:33,Pre-HAUSPM,C8T1S5I8N5K,93,1,0.000200,0.200,0.008,45161917,44859,0,2864,2865,0,0,0,19321947,0,19164498,0,0.000000,0.000000,0.000000,2417,50548,938.99,0,0,0,0,SUCCESS,0,0,warm20,,,,,1,0,383195,1792,,,used,,,,20260917-1855
2026-09-17 23:15:36,Pre-HAUSPM,C8T1S5I8N5K,94,1,0.000200,0.200,0.008,45536405,45240,0,2878,2879,0,0,0,19326689,0,19170130,0,0.000000,0.000000,0.000000,2509,50921,676.67,0,0,0,0,SUCCESS,0,0,warm20,,,,,1,0,374488,1807,,,used,,,,20260917-1855
2026-09-17 23:15:39,Pre-HAUSPM,C8T1S5I8N5K,95,1,0.000200,0.200,0.008,45914470,45621,0,2871,2871,0,0,0,19192009,0,19037034,0,0.000000,0.000000,0.000000,2472,50849,334.32,0,0,0,0,SUCCESS,0,0,warm20,,,,,1,0,378065,1822,,,used,,,,20260917-1855
2026-09-17 23:15:42,Pre-HAUSPM,C8T1S5I8N5K,96,1,0.000200,0.200,0.008,46296586,46002,0,2935,2935,0,0,0,19511570,0,19354857,0,0.000000,0.000000,0.000000,2565,51293,257.42,0,0,0,0,SUCCESS,0,0,warm20,,,,,1,0,382116,1837,,,used,,,,20260917-1855
2026-09-17 23:15:45,Pre-HAUSPM,C8T1S5I8N5K,97,1,0.000200,0.200,0.008,46658707,46383,0,2938,2938,0,0,0,19376967,0,19221777,0,0.000000,0.000000,0.000000,2642,51629,1178.21,0,0,0,0,SUCCESS,0,0,warm20,,,,,1,0,362121,1852,,,used,,,,20260917-1855
2026-09-17 23:15:48,Pre-HAUSPM,C8T1S5I8N5K,98,1,0.000200,0.200,0.008,47041850,46764,0,2952,2952,0,0,0,19328259,0,19173948,0,0.000000,0.000000,0.000000,2654,51797,995.07,0,0,0,0,SUCCESS,0,0,warm20,,,,,1,0,383143,1867,,,used,,,,20260917-1855
2026-09-17 23:15:51,Pre-HAUSPM,C8T1S5I8N5K,99,1,0.000200,0.200,0.008,47416411,47132,0,2964,2964,0,0,0,19323837,0,19169868,0,0.000000,0.000000,0.000000,2623,51786,830.09,0,0,0,0,SUCCESS,0,0,warm20,,,,,1,0,374561,1882,,,used,,,,20260917-1855
2026-09-17 23:15:53,Pre-HAUSPM,C8T1S5I8N5K,0,2,0.000200,0.200,0.200,9488004,9426,3,1966,1970,0,0,0,21109469,0,20750611,0,0.000000,0.000000,0.000000,6078,62730,981.72,0,0,0,0,SUCCESS,0,0,warm20,,,,,1,0,9488004,0,,,used,,,,20260917-1855
2026-09-17 23:15:55,Pre-HAUSPM,C8T1S5I8N5K,1,2,0.000200,0.200,0.008,9860151,9807,0,1790,1790,0,0,0,22121785,0,21740086,0,0.000000,0.000000,0.000000,5885,63074,1583.08,0,0,0,0,SUCCESS,0,0,warm20,,,,,1,0,372147,380,,,used,,,,20260917-1855
2026-09-17 23:15:57,Pre-HAUSPM,C8T1S5I8N5K,2,2,0.000200,0.200,0.008,10237723,10188,0,1729,1729,0,0,0,20951579,0,20595634,0,0.000000,0.000000,0.000000,6216,63972,1286.92,0,0,0,0,SUCCESS,0,0,warm20,,,,,1,0,377572,394,,,used,,,,20260917-1855
2026-09-17 23:15:58,Pre-HAUSPM,C8T1S5I8N5K,3,2,0.000200,0.200,0.008,10611431,10569,0,1619,1620,0,0,0,19453874,0,19139447,0,0.000000,0.000000,0.000000,5716,61981,2018.18,0,0,0,0,SUCCESS,0,0,warm20,,,,,1,0,373708,410,,,used,,,,20260917-1855
2026-09-17 23:16:00,Pre-HAUSPM,C8T1S5I8N5K,4,2,0.000200,0.200,0.008,10996455,10950,0,1538,1538,0,0,0,18083697,0,17801232,0,0.000000,0.000000,0.000000,6199,63199,1819.13,0,0,0,0,SUCCESS,0,0,warm20,,,,,1,0,385024,425,,,used,,,,20260917-1855
2026-09-17 23:16:02,Pre-HAUSPM,C8T1S5I8N5K,5,2,0.000200,0.200,0.008,11372487,11331,0,1794,1794,0,0,0,21272000,0,20956545,0,0.000000,0.000000,0.000000,7078,64520,1971.67,0,0,0,0,SUCCESS,0,0,warm20,,,,,1,0,376032,440,,,used,,,,20260917-1855
2026-09-17 23:16:04,Pre-HAUSPM,C8T1S5I8N5K,6,2,0.000200,0.200,0.008,11749908,11712,0,1760,1761,0,0,0,20572594,0,20273424,0,0.000000,0.000000,0.000000,7173,64832,1941.31,0,0,0,0,SUCCESS,0,0,warm20,,,,,1,0,377421,455,,,used,,,,20260917-1855
2026-09-17 23:16:05,Pre-HAUSPM,C8T1S5I8N5K,7,2,0.000200,0.200,0.008,12139444,12093,0,1727,1727,0,0,0,19857979,0,19579951,0,0.000000,0.000000,0.000000,7539,65250,1701.44,0,0,0,0,SUCCESS,0,0,warm20,,,,,1,0,389536,470,,,used,,,,20260917-1855
2026-09-17 23:16:07,Pre-HAUSPM,C8T1S5I8N5K,8,2,0.000200,0.200,0.008,12513100,12474,0,1730,1730,0,0,0,19568579,0,19295327,0,0.000000,0.000000,0.000000,7536,64980,1558.20,0,0,0,0,SUCCESS,0,0,warm20,,,,,1,0,373656,486,,,used,,,,20260917-1855
2026-09-17 23:16:09,Pre-HAUSPM,C8T1S5I8N5K,9,2,0.000200,0.200,0.008,12914001,12855,0,1754,1754,0,0,0,19848827,0,19579691,0,0.000000,0.000000,0.000000,6698,63976,1847.41,0,0,0,0,SUCCESS,0,0,warm20,,,,,1,0,400901,501,,,used,,,,20260917-1855
2026-09-17 23:16:11,Pre-HAUSPM,C8T1S5I8N5K,10,2,0.000200,0.200,0.008,13304270,13236,0,1716,1716,0,0,0,19141253,0,18882510,0,0.000000,0.000000,0.000000,6519,64332,1837.56,0,0,0,0,SUCCESS,0,0,warm20,,,,,1,0,390269,517,,,used,,,,20260917-1855
2026-09-17 23:16:12,Pre-HAUSPM,C8T1S5I8N5K,11,2,0.000200,0.200,0.008,13705969,13617,0,1650,1650,0,0,0,18231816,0,17989363,0,0.000000,0.000000,0.000000,6098,63174,1341.80,0,0,0,0,SUCCESS,0,0,warm20,,,,,1,0,401699,532,,,used,,,,20260917-1855
2026-09-17 23:16:14,Pre-HAUSPM,C8T1S5I8N5K,12,2,0.000200,0.200,0.008,14085202,13998,0,1665,1665,0,0,0,18244987,0,18005702,0,0.000000,0.000000,0.000000,5789,62937,1152.14,0,0,0,0,SUCCESS,0,0,warm20,,,,,1,0,379233,548,,,used,,,,20260917-1855
2026-09-17 23:16:16,Pre-HAUSPM,C8T1S5I8N5K,13,2,0.000200,0.200,0.008,14447935,14379,0,1660,1660,0,0,0,17967926,0,17735015,0,0.000000,0.000000,0.000000,5569,62341,945.97,0,0,0,0,SUCCESS,0,0,warm20,,,,,1,0,362733,564,,,used,,,,20260917-1855
2026-09-17 23:16:17,Pre-HAUSPM,C8T1S5I8N5K,14,2,0.000200,0.200,0.008,14856178,14760,0,1632,1632,0,0,0,17399626,0,17176498,0,0.000000,0.000000,0.000000,5314,61664,452.50,0,0,0,0,SUCCESS,0,0,warm20,,,,,1,0,408243,578,,,used,,,,20260917-1855
2026-09-17 23:16:19,Pre-HAUSPM,C8T1S5I8N5K,15,2,0.000200,0.200,0.008,15234958,15141,0,1692,1692,0,0,0,17724473,0,17493536,0,0.000000,0.000000,0.000000,5756,62659,327.21,0,0,0,0,SUCCESS,0,0,warm20,,,,,1,0,378780,594,,,used,,,,20260917-1855
2026-09-17 23:16:21,Pre-HAUSPM,C8T1S5I8N5K,16,2,0.000200,0.200,0.008,15636723,15522,0,1675,1675,0,0,0,17297411,0,17075339,0,0.000000,0.000000,0.000000,5143,60843,1901.33,0,0,0,0,SUCCESS,0,0,warm20,,,,,1,0,401765,610,,,used,,,,20260917-1855
2026-09-17 23:16:22,Pre-HAUSPM,C8T1S5I8N5K,17,2,0.000200,0.200,0.008,16000443,15903,0,1680,1680,0,0,0,17267183,0,17048689,0,0.000000,0.000000,0.000000,4767,59745,1787.79,0,0,0,0,SUCCESS,0,0,warm20,,,,,1,0,363720,626,,,used,,,,20260917-1855
2026-09-17 23:16:24,Pre-HAUSPM,C8T1S5I8N5K,18,2,0.000200,0.200,0.008,16375616,16284,0,1688,1688,0,0,0,17118385,0,16904719,0,0.000000,0.000000,0.000000,5395,60606,1773.22,0,0,0,0,SUCCESS,0,0,warm20,,,,,1,0,375173,640,,,used,,,,20260917-1855
2026-09-17 23:16:26,Pre-HAUSPM,C8T1S5I8N5K,19,2,0.000200,0.200,0.008,16735590,16665,0,1665,1665,0,0,0,16719133,0,16512676,0,0.000000,0.000000,0.000000,5318,60345,1660.89,0,0,0,0,SUCCESS,0,0,warm20,,,,,1,0,359974,655,,,used,,,,20260917-1855
2026-09-17 23:16:27,Pre-HAUSPM,C8T1S5I8N5K,20,2,0.000200,0.200,0.008,17118254,17046,0,1720,1720,0,0,0,17238390,0,17027869,0,0.000000,0.000000,0.000000,5734,61357,391.09,0,0,0,0,SUCCESS,0,0,warm20,,,,,1,0,382664,670,,,used,,,,20260917-1855
2026-09-17 23:16:29,Pre-HAUSPM,C8T1S5I8N5K,21,2,0.000200,0.200,0.008,17469048,17427,0,1704,1704,0,0,0,16941276,0,16737394,0,0.000000,0.000000,0.000000,5511,61566,731.07,0,0,0,0,SUCCESS,0,0,warm20,,,,,1,0,350794,685,,,used,,,,20260917-1855
2026-09-17 23:16:31,Pre-HAUSPM,C8T1S5I8N5K,22,2,0.000200,0.200,0.008,17881746,17808,0,1721,1721,0,0,0,16961531,0,16757997,0,0.000000,0.000000,0.000000,5461,61728,1287.20,0,0,0,0,SUCCESS,0,0,warm20,,,,,1,0,412698,699,,,used,,,,20260917-1855
2026-09-17 23:16:33,Pre-HAUSPM,C8T1S5I8N5K,23,2,0.000200,0.200,0.008,18263626,18189,0,1727,1728,0,0,0,16901412,0,16699385,0,0.000000,0.000000,0.000000,5224,61384,248.24,0,0,0,0,SUCCESS,0,0,warm20,,,,,1,0,381880,715,,,used,,,,20260917-1855
2026-09-17 23:16:34,Pre-HAUSPM,C8T1S5I8N5K,24,2,0.000200,0.200,0.008,18655152,18570,0,1726,1726,0,0,0,16736325,0,16538980,0,0.000000,0.000000,0.000000,4981,60578,842.23,0,0,0,0,SUCCESS,0,0,warm20,,,,,1,0,391526,731,,,used,,,,20260917-1855
2026-09-17 23:16:36,Pre-HAUSPM,C8T1S5I8N5K,25,2,0.000200,0.200,0.008,19051938,18951,0,1741,1741,0,0,0,16830526,0,16634622,0,0.000000,0.000000,0.000000,4605,59647,1590.48,0,0,0,0,SUCCESS,0,0,warm20,,,,,1,0,396786,746,,,used,,,,20260917-1855
2026-09-17 23:16:38,Pre-HAUSPM,C8T1S5I8N5K,26,2,0.000200,0.200,0.008,19436370,19332,0,1724,1724,0,0,0,16556157,0,16365037,0,0.000000,0.000000,0.000000,4468,58972,609.89,0,0,0,0,SUCCESS,0,0,warm20,,,,,1,0,384432,762,,,used,,,,20260917-1855
2026-09-17 23:16:40,Pre-HAUSPM,C8T1S5I8N5K,27,2,0.000200,0.200,0.008,19820960,19713,0,1730,1730,0,0,0,16432328,0,16244503,0,0.000000,0.000000,0.000000,4548,59281,1278.77,0,0,0,0,SUCCESS,0,0,warm20,,,,,1,0,384590,778,,,used,,,,20260917-1855
2026-09-17 23:16:41,Pre-HAUSPM,C8T1S5I8N5K,28,2,0.000200,0.200,0.008,20208065,20094,0,1736,1737,0,0,0,16435898,0,16250581,0,0.000000,0.000000,0.000000,4279,58682,500.50,0,0,0,0,SUCCESS,0,0,warm20,,,,,1,0,387105,793,,,used,,,,20260917-1855
2026-09-17 23:16:43,Pre-HAUSPM,C8T1S5I8N5K,29,2,0.000200,0.200,0.008,20583629,20475,0,1745,1745,0,0,0,16427702,0,16245003,0,0.000000,0.000000,0.000000,4125,57939,1453.80,0,0,0,0,SUCCESS,0,0,warm20,,,,,1,0,375564,808,,,used,,,,20260917-1855
2026-09-17 23:16:45,Pre-HAUSPM,C8T1S5I8N5K,30,2,0.000200,0.200,0.008,20987544,20856,0,1776,1776,0,0,0,16616519,0,16433236,0,0.000000,0.000000,0.000000,3897,56935,1086.99,0,0,0,0,SUCCESS,0,0,warm20,,,,,1,0,403915,824,,,used,,,,20260917-1855
2026-09-17 23:16:47,Pre-HAUSPM,C8T1S5I8N5K,31,2,0.000200,0.200,0.008,21379313,21237,0,1776,1777,0,0,0,16549774,0,16368951,0,0.000000,0.000000,0.000000,3722,56215,792.37,0,0,0,0,SUCCESS,0,0,warm20,,,,,1,0,391769,840,,,used,,,,20260917-1855
2026-09-17 23:16:49,Pre-HAUSPM,C8T1S5I8N5K,32,2,0.000200,0.200,0.008,21757529,21618,0,1843,1843,0,0,0,17015320,0,16830717,0,0.000000,0.000000,0.000000,3513,55462,976.61,0,0,0,0,SUCCESS,0,0,warm20,,,,,1,0,378216,855,,,used,,,,20260917-1855
2026-09-17 23:16:50,Pre-HAUSPM,C8T1S5I8N5K,33,2,0.000200,0.200,0.008,22150766,21999,0,1843,1844,0,0,0,16887518,0,16705612,0,0.000000,0.000000,0.000000,3756,56423,1175.76,0,0,0,0,SUCCESS,0,0,warm20,,,,,1,0,393237,870,,,used,,,,20260917-1855
2026-09-17 23:16:52,Pre-HAUSPM,C8T1S5I8N5K,34,2,0.000200,0.200,0.008,22536242,22380,0,1864,1864,0,0,0,16947347,0,16767209,0,0.000000,0.000000,0.000000,3759,56189,1463.66,0,0,0,0,SUCCESS,0,0,warm20,,,,,1,0,385476,886,,,used,,,,20260917-1855
2026-09-17 23:16:54,Pre-HAUSPM,C8T1S5I8N5K,35,2,0.000200,0.200,0.008,22907858,22761,0,1899,1899,0,0,0,17128175,0,16945256,0,0.000000,0.000000,0.000000,3731,56092,486.02,0,0,0,0,SUCCESS,0,0,warm20,,,,,1,0,371616,902,,,used,,,,20260917-1855
2026-09-17 23:16:56,Pre-HAUSPM,C8T1S5I8N5K,36,2,0.000200,0.200,0.008,23319188,23142,0,1935,1935,0,0,0,17331392,0,17148749,0,0.000000,0.000000,0.000000,3641,55869,1280.76,0,0,0,0,SUCCESS,0,0,warm20,,,,,1,0,411330,916,,,used,,,,20260917-1855
2026-09-17 23:16:58,Pre-HAUSPM,C8T1S5I8N5K,37,2,0.000200,0.200,0.008,23697328,23523,0,1939,1939,0,0,0,17268799,0,17087598,0,0.000000,0.000000,0.000000,3515,55356,619.44,0,0,0,0,SUCCESS,0,0,warm20,,,,,1,0,378140,933,,,used,,,,20260917-1855
2026-09-17 23:17:00,Pre-HAUSPM,C8T1S5I8N5K,38,2,0.000200,0.200,0.008,24099127,23904,0,1934,1934,0,0,0,17137325,0,16959366,0,0.000000,0.000000,0.000000,3290,54571,1407.48,0,0,0,0,SUCCESS,0,0,warm20,,,,,1,0,401799,948,,,used,,,,20260917-1855
2026-09-17 23:17:02,Pre-HAUSPM,C8T1S5I8N5K,39,2,0.000200,0.200,0.008,24493119,24285,0,1932,1932,0,0,0,17039971,0,16864343,0,0.000000,0.000000,0.000000,3105,53872,730.53,0,0,0,0,SUCCESS,0,0,warm20,,,,,1,0,393992,964,,,used,,,,20260917-1855
2026-09-17 23:17:04,Pre-HAUSPM,C8T1S5I8N5K,40,2,0.000200,0.200,0.008,24862259,24666,0,1944,1944,0,0,0,17078604,0,16904130,0,0.000000,0.000000,0.000000,2983,53480,1609.57,0,0,0,0,SUCCESS,0,0,warm20,,,,,1,0,369140,980,,,used,,,,20260917-1855
2026-09-17 23:17:06,Pre-HAUSPM,C8T1S5I8N5K,41,2,0.000200,0.200,0.008,25263088,25047,0,1966,1966,0,0,0,17043489,0,16869135,0,0.000000,0.000000,0.000000,2907,52994,1130.67,0,0,0,0,SUCCESS,0,0,warm20,,,,,1,0,400829,995,,,used,,,,20260917-1855
2026-09-17 23:17:08,Pre-HAUSPM,C8T1S5I8N5K,42,2,0.000200,0.200,0.008,25651287,25428,0,1994,1994,0,0,0,17263553,0,17089542,0,0.000000,0.000000,0.000000,2802,52461,922.85,0,0,0,0,SUCCESS,0,0,warm20,,,,,1,0,388199,1011,,,used,,,,20260917-1855
2026-09-17 23:17:10,Pre-HAUSPM,C8T1S5I8N5K,43,2,0.000200,0.200,0.008,26044850,25809,0,2039,2039,0,0,0,17474151,0,17300718,0,0.000000,0.000000,0.000000,2898,53550,892.50,0,0,0,0,SUCCESS,0,0,warm20,,,,,1,0,393563,1026,,,used,,,,20260917-1855
2026-09-17 23:17:12,Pre-HAUSPM,C8T1S5I8N5K,44,2,0.000200,0.200,0.008,26430934,26190,0,2065,2065,0,0,0,17603409,0,17429323,0,0.000000,0.000000,0.000000,2699,52923,1123.22,0,0,0,0,SUCCESS,0,0,warm20,,,,,1,0,386084,1042,,,used,,,,20260917-1855
2026-09-17 23:17:14,Pre-HAUSPM,C8T1S5I8N5K,45,2,0.000200,0.200,0.008,26846010,26571,0,2101,2101,0,0,0,17745298,0,17570342,0,0.000000,0.000000,0.000000,2737,52743,488.73,0,0,0,0,SUCCESS,0,0,warm20,,,,,1,0,415076,1057,,,used,,,,20260917-1855
2026-09-17 23:17:16,Pre-HAUSPM,C8T1S5I8N5K,46,2,0.000200,0.200,0.008,27199497,26952,0,2142,2142,0,0,0,17947670,0,17771232,0,0.000000,0.000000,0.000000,2876,53280,655.13,0,0,0,0,SUCCESS,0,0,warm20,,,,,1,0,353487,1074,,,used,,,,20260917-1855
2026-09-17 23:17:19,Pre-HAUSPM,C8T1S5I8N5K,47,2,0.000200,0.200,0.008,27577144,27333,0,2164,2164,0,0,0,17984031,0,17808632,0,0.000000,0.000000,0.000000,2903,53183,759.81,0,0,0,0,SUCCESS,0,0,warm20,,,,,1,0,377647,1088,,,used,,,,20260917-1855
2026-09-17 23:17:21,Pre-HAUSPM,C8T1S5I8N5K,48,2,0.000200,0.200,0.008,27971205,27714,0,2183,2183,0,0,0,18000377,0,17824968,0,0.000000,0.000000,0.000000,2983,53624,705.78,0,0,0,0,SUCCESS,0,0,warm20,,,,,1,0,394061,1103,,,used,,,,20260917-1855
2026-09-17 23:17:23,Pre-HAUSPM,C8T1S5I8N5K,49,2,0.000200,0.200,0.008,28365395,28095,0,2193,2193,0,0,0,17940379,0,17764768,0,0.000000,0.000000,0.000000,3165,54258,721.33,0,0,0,0,SUCCESS,0,0,warm20,,,,,1,0,394190,1119,,,used,,,,20260917-1855
2026-09-17 23:17:25,Pre-HAUSPM,C8T1S5I8N5K,50,2,0.000200,0.200,0.008,28747485,28476,0,2199,2199,0,0,0,17854428,0,17680081,0,0.000000,0.000000,0.000000,3190,54165,856.86,0,0,0,0,SUCCESS,0,0,warm20,,,,,1,0,382090,1135,,,used,,,,20260917-1855
2026-09-17 23:17:27,Pre-HAUSPM,C8T1S5I8N5K,51,2,0.000200,0.200,0.008,29148083,28857,0,2224,2225,0,0,0,17976415,0,17802165,0,0.000000,0.000000,0.000000,3606,55688,1280.98,0,0,0,0,SUCCESS,0,0,warm20,,,,,1,0,400598,1150,,,used,,,,20260917-1855
2026-09-17 23:17:30,Pre-HAUSPM,C8T1S5I8N5K,52,2,0.000200,0.200,0.008,29537266,29238,0,2229,2229,0,0,0,17899457,0,17726743,0,0.000000,0.000000,0.000000,3512,55451,658.97,0,0,0,0,SUCCESS,0,0,warm20,,,,,1,0,389183,1166,,,used,,,,20260917-1855
2026-09-17 23:17:32,Pre-HAUSPM,C8T1S5I8N5K,53,2,0.000200,0.200,0.008,29904777,29619,0,2257,2257,0,0,0,18060715,0,17887913,0,0.000000,0.000000,0.000000,3392,55150,508.94,0,0,0,0,SUCCESS,0,0,warm20,,,,,1,0,367511,1182,,,used,,,,20260917-1855
2026-09-17 23:17:34,Pre-HAUSPM,C8T1S5I8N5K,54,2,0.000200,0.200,0.008,30290428,30000,0,2264,2264,0,0,0,18047770,0,17876040,0,0.000000,0.000000,0.000000,3265,54647,494.94,0,0,0,0,SUCCESS,0,0,warm20,,,,,1,0,385651,1196,,,used,,,,20260917-1855
2026-09-17 23:17:36,Pre-HAUSPM,C8T1S5I8N5K,55,2,0.000200,0.200,0.008,30681887,30381,0,2270,2271,0,0,0,18008910,0,17838283,0,0.000000,0.000000,0.000000,3173,54185,532.56,0,0,0,0,SUCCESS,0,0,warm20,,,,,1,0,391459,1212,,,used,,,,20260917-1855
2026-09-17 23:17:39,Pre-HAUSPM,C8T1S5I8N5K,56,2,0.000200,0.200,0.008,31050362,30762,0,2294,2294,0,0,0,18144154,0,17973835,0,0.000000,0.000000,0.000000,3135,54227,865.61,0,0,0,0,SUCCESS,0,0,warm20,,,,,1,0,368475,1228,,,used,,,,20260917-1855
2026-09-17 23:17:41,Pre-HAUSPM,C8T1S5I8N5K,57,2,0.000200,0.200,0.008,31395739,31143,0,2299,2299,0,0,0,18196365,0,18027066,0,0.000000,0.000000,0.000000,3035,53899,1320.53,0,0,0,0,SUCCESS,0,0,warm20,,,,,1,0,345377,1242,,,used,,,,20260917-1855
2026-09-17 23:17:43,Pre-HAUSPM,C8T1S5I8N5K,58,2,0.000200,0.200,0.008,31769352,31524,0,2304,2304,0,0,0,18197341,0,18029065,0,0.000000,0.000000,0.000000,3041,53716,747.06,0,0,0,0,SUCCESS,0,0,warm20,,,,,1,0,373613,1256,,,used,,,,20260917-1855
2026-09-17 23:17:46,Pre-HAUSPM,C8T1S5I8N5K,59,2,0.000200,0.200,0.008,32142537,31905,0,2312,2312,0,0,0,18193530,0,18026305,0,0.000000,0.000000,0.000000,2920,53318,295.08,0,0,0,0,SUCCESS,0,0,warm20,,,,,1,0,373185,1271,,,used,,,,20260917-1855
2026-09-17 23:17:48,Pre-HAUSPM,C8T1S5I8N5K,60,2,0.000200,0.200,0.008,32547440,32286,0,2361,2361,0,0,0,18477482,0,18308928,0,0.000000,0.000000,0.000000,3068,53530,288.64,0,0,0,0,SUCCESS,0,0,warm20,,,,,1,0,404903,1286,,,used,,,,20260917-1855
2026-09-17 23:17:51,Pre-HAUSPM,C8T1S5I8N5K,61,2,0.000200,0.200,0.008,32944229,32667,0,2427,2427,0,0,0,18967538,0,18795785,0,0.000000,0.000000,0.000000,3028,53404,742.09,0,0,0,0,SUCCESS,0,0,warm20,,,,,1,0,396789,1302,,,used,,,,20260917-1855
2026-09-17 23:17:53,Pre-HAUSPM,C8T1S5I8N5K,62,2,0.000200,0.200,0.008,33334519,33048,0,2432,2432,0,0,0,18948791,0,18777779,0,0.000000,0.000000,0.000000,2938,53087,234.29,0,0,0,0,SUCCESS,0,0,warm20,,,,,1,0,390290,1318,,,used,,,,20260917-1855
2026-09-17 23:17:56,Pre-HAUSPM,C8T1S5I8N5K,63,2,0.000200,0.200,0.008,33719823,33429,0,2450,2450,0,0,0,18942111,0,18771532,0,0.000000,0.000000,0.000000,2956,53539,884.49,0,0,0,0,SUCCESS,0,0,warm20,,,,,1,0,385304,1334,,,used,,,,20260917-1855
2026-09-17 23:17:58,Pre-HAUSPM,C8T1S5I8N5K,64,2,0.000200,0.200,0.008,34102327,33810,0,2449,2449,0,0,0,18848371,0,18679368,0,0.000000,0.000000,0.000000,2871,53131,453.96,0,0,0,0,SUCCESS,0,0,warm20,,,,,1,0,382504,1349,,,used,,,,20260917-1855
2026-09-17 23:18:01,Pre-HAUSPM,C8T1S5I8N5K,65,2,0.000200,0.200,0.008,34478988,34191,0,2497,2497,0,0,0,19159526,0,18989605,0,0.000000,0.000000,0.000000,2791,52967,432.05,0,0,0,0,SUCCESS,0,0,warm20,,,,,1,0,376661,1364,,,used,,,,20260917-1855
2026-09-17 23:18:03,Pre-HAUSPM,C8T1S5I8N5K,66,2,0.000200,0.200,0.008,34853481,34572,0,2483,2483,0,0,0,18987141,0,18819088,0,0.000000,0.000000,0.000000,2698,52606,423.50,0,0,0,0,SUCCESS,0,0,warm20,,,,,1,0,374493,1379,,,used,,,,20260917-1855
2026-09-17 23:18:06,Pre-HAUSPM,C8T1S5I8N5K,67,2,0.000200,0.200,0.008,35248065,34953,0,2479,2479,0,0,0,18831781,0,18665542,0,0.000000,0.000000,0.000000,2620,52268,336.29,0,0,0,0,SUCCESS,0,0,warm20,,,,,1,0,394584,1394,,,used,,,,20260917-1855
2026-09-17 23:18:08,Pre-HAUSPM,C8T1S5I8N5K,68,2,0.000200,0.200,0.008,35624384,35334,0,2485,2485,0,0,0,18786918,0,18621265,0,0.000000,0.000000,0.000000,2554,51864,236.98,0,0,0,0,SUCCESS,0,0,warm20,,,,,1,0,376319,1410,,,used,,,,20260917-1855
2026-09-17 23:18:11,Pre-HAUSPM,C8T1S5I8N5K,69,2,0.000200,0.200,0.008,36012101,35715,0,2470,2470,0,0,0,18561263,0,18398234,0,0.000000,0.000000,0.000000,2554,51662,1050.15,0,0,0,0,SUCCESS,0,0,warm20,,,,,1,0,387717,1425,,,used,,,,20260917-1855
2026-09-17 23:18:13,Pre-HAUSPM,C8T1S5I8N5K,70,2,0.000200,0.200,0.008,36401810,36096,0,2493,2493,0,0,0,18672697,0,18509326,0,0.000000,0.000000,0.000000,2518,51615,852.74,0,0,0,0,SUCCESS,0,0,warm20,,,,,1,0,389709,1441,,,used,,,,20260917-1855
2026-09-17 23:18:16,Pre-HAUSPM,C8T1S5I8N5K,71,2,0.000200,0.200,0.008,36794486,36477,0,2503,2503,0,0,0,18685863,0,18522852,0,0.000000,0.000000,0.000000,2563,51869,710.80,0,0,0,0,SUCCESS,0,0,warm20,,,,,1,0,392676,1456,,,used,,,,20260917-1855
2026-09-17 23:18:18,Pre-HAUSPM,C8T1S5I8N5K,72,2,0.000200,0.200,0.008,37175538,36858,0,2515,2515,0,0,0,18668684,0,18505794,0,0.000000,0.000000,0.000000,2519,51628,567.59,0,0,0,0,SUCCESS,0,0,warm20,,,,,1,0,381052,1472,,,used,,,,20260917-1855
2026-09-17 23:18:21,Pre-HAUSPM,C8T1S5I8N5K,73,2,0.000200,0.200,0.008,37548260,37239,0,2557,2557,0,0,0,18895044,0,18731583,0,0.000000,0.000000,0.000000,2480,51637,594.29,0,0,0,0,SUCCESS,0,0,warm20,,,,,1,0,372722,1487,,,used,,,,20260917-1855
2026-09-17 23:18:23,Pre-HAUSPM,C8T1S5I8N5K,74,2,0.000200,0.200,0.008,37929393,37620,0,2593,2593,0,0,0,19132063,0,18967798,0,0.000000,0.000000,0.000000,2451,51343,791.77,0,0,0,0,SUCCESS,0,0,warm20,,,,,1,0,381133,1502,,,used,,,,20260917-1855
2026-09-17 23:18:26,Pre-HAUSPM,C8T1S5I8N5K,75,2,0.000200,0.200,0.008,38316091,38001,0,2609,2610,0,0,0,19259769,0,19096611,0,0.000000,0.000000,0.000000,2489,51590,1084.71,0,0,0,0,SUCCESS,0,0,warm20,,,,,1,0,386698,1517,,,used,,,,20260917-1855
2026-09-17 23:18:29,Pre-HAUSPM,C8T1S5I8N5K,76,2,0.000200,0.200,0.008,38678955,38382,0,2622,2622,0,0,0,19261941,0,19099373,0,0.000000,0.000000,0.000000,2455,51284,321.52,0,0,0,0,SUCCESS,0,0,warm20,,,,,1,0,362864,1533,,,used,,,,20260917-1855
2026-09-17 23:18:31,Pre-HAUSPM,C8T1S5I8N5K,77,2,0.000200,0.200,0.008,39054361,38763,0,2637,2637,0,0,0,19308530,0,19145993,0,0.000000,0.000000,0.000000,2481,51041,666.10,0,0,0,0,SUCCESS,0,0,warm20,,,,,1,0,375406,1547,,,used,,,,20260917-1855
2026-09-17 23:18:34,Pre-HAUSPM,C8T1S5I8N5K,78,2,0.000200,0.200,0.008,39410937,39144,0,2654,2654,0,0,0,19331401,0,19168770,0,0.000000,0.000000,0.000000,2527,51173,1046.32,0,0,0,0,SUCCESS,0,0,warm20,,,,,1,0,356576,1562,,,used,,,,20260917-1855
2026-09-17 23:18:37,Pre-HAUSPM,C8T1S5I8N5K,79,2,0.000200,0.200,0.008,39780553,39525,0,2698,2698,0,0,0,19483171,0,19319772,0,0.000000,0.000000,0.000000,2581,51539,538.48,0,0,0,0,SUCCESS,0,0,warm20,,,,,1,0,369616,1577,,,used,,,,20260917-1855
2026-09-17 23:18:39,Pre-HAUSPM,C8T1S5I8N5K,80,2,0.000200,0.200,0.008,40168805,39906,0,2717,2717,0,0,0,19529873,0,19366304,0,0.000000,0.000000,0.000000,2552,51398,1165.94,0,0,0,0,SUCCESS,0,0,warm20,,,,,1,0,388252,1592,,,used,,,,20260917-1855
2026-09-17 23:18:42,Pre-HAUSPM,C8T1S5I8N5K,81,2,0.000200,0.200,0.008,40553020,40287,0,2741,2741,0,0,0,19579890,0,19416248,0,0.000000,0.000000,0.000000,2573,51276,776.70,0,0,0,0,SUCCESS,0,0,warm20,,,,,1,0,384215,1607,,,used,,,,20260917-1855
2026-09-17 23:18:45,Pre-HAUSPM,C8T1S5I8N5K,82,2,0.000200,0.200,0.008,40936711,40668,0,2745,2745,0,0,0,19565247,0,19402208,0,0.000000,0.000000,0.000000,2542,51088,386.98,0,0,0,0,SUCCESS,0,0,warm20,,,,,1,0,383691,1622,,,used,,,,20260917-1855
2026-09-17 23:18:48,Pre-HAUSPM,C8T1S5I8N5K,83,2,0.000200,0.200,0.008,41313771,41049,0,2807,2807,0,0,0,19879380,0,19714908,0,0.000000,0.000000,0.000000,2517,50969,331.85,0,0,0,0,SUCCESS,0,0,warm20,,,,,1,0,377060,1638,,,used,,,,20260917-1855
2026-09-17 23:18:51,Pre-HAUSPM,C8T1S5I8N5K,84,2,0.000200,0.200,0.008,41724105,41430,0,2798,2798,0,0,0,19749504,0,19586121,0,0.000000,0.000000,0.000000,2489,50712,190.70,0,0,0,0,SUCCESS,0,0,warm20,,,,,1,0,410334,1653,,,used,,,,20260917-1855
2026-09-17 23:18:53,Pre-HAUSPM,C8T1S5I8N5K,85,2,0.000200,0.200,0.008,42092050,41811,0,2835,2835,0,0,0,19903683,0,19739546,0,0.000000,0.000000,0.000000,2440,50771,197.59,0,0,0,0,SUCCESS,0,0,warm20,,,,,1,0,367945,1669,,,used,,,,20260917-1855
2026-09-17 23:18:56,Pre-HAUSPM,C8T1S5I8N5K,86,2,0.000200,0.200,0.008,42492603,42192,0,2853,2853,0,0,0,19863536,0,19700015,0,0.000000,0.000000,0.000000,2494,51160,190.45,0,0,0,0,SUCCESS,0,0,warm20,,,,,1,0,400553,1684,,,used,,,,20260917-1855
2026-09-17 23:18:59,Pre-HAUSPM,C8T1S5I8N5K,87,2,0.000200,0.200,0.008,42875635,42573,0,2855,2855,0,0,0,19792286,0,19629741,0,0.000000,0.000000,0.000000,2433,50911,1199.48,0,0,0,0,SUCCESS,0,0,warm20,,,,,1,0,383032,1700,,,used,,,,20260917-1855
2026-09-17 23:19:02,Pre-HAUSPM,C8T1S5I8N5K,88,2,0.000200,0.200,0.008,43248010,42954,0,2865,2865,0,0,0,19723218,0,19561528,0,0.000000,0.000000,0.000000,2454,50677,1080.30,0,0,0,0,SUCCESS,0,0,warm20,,,,,1,0,372375,1715,,,used,,,,20260917-1855
2026-09-17 23:19:05,Pre-HAUSPM,C8T1S5I8N5K,89,2,0.000200,0.200,0.008,43639169,43335,0,2863,2863,0,0,0,19667081,0,19506159,0,0.000000,0.000000,0.000000,2455,50651,1064.41,0,0,0,0,SUCCESS,0,0,warm20,,,,,1,0,391159,1730,,,used,,,,20260917-1855
2026-09-17 23:19:08,Pre-HAUSPM,C8T1S5I8N5K,90,2,0.000200,0.200,0.008,44031231,43716,0,2869,2869,0,0,0,19601312,0,19441422,0,0.000000,0.000000,0.000000,2453,50805,1033.24,0,0,0,0,SUCCESS,0,0,warm20,,,,,1,0,392062,1746,,,used,,,,20260917-1855
2026-09-17 23:19:11,Pre-HAUSPM,C8T1S5I8N5K,91,2,0.000200,0.200,0.008,44399561,44097,0,2886,2886,0,0,0,19593820,0,19433863,0,0.000000,0.000000,0.000000,2431,50881,1071.38,0,0,0,0,SUCCESS,0,0,warm20,,,,,1,0,368330,1762,,,used,,,,20260917-1855
2026-09-17 23:19:14,Pre-HAUSPM,C8T1S5I8N5K,92,2,0.000200,0.200,0.008,44778722,44478,0,2871,2871,0,0,0,19383050,0,19224786,0,0.000000,0.000000,0.000000,2415,50818,929.55,0,0,0,0,SUCCESS,0,0,warm20,,,,,1,0,379161,1776,,,used,,,,20260917-1855
2026-09-17 23:19:17,Pre-HAUSPM,C8T1S5I8N5K,93,2,0.000200,0.200,0.008,45161917,44859,0,2872,2872,0,0,0,19321947,0,19164498,0,0.000000,0.000000,0.000000,2417,50548,913.65,0,0,0,0,SUCCESS,0,0,warm20,,,,,1,0,383195,1792,,,used,,,,20260917-1855
2026-09-17 23:19:19,Pre-HAUSPM,C8T1S5I8N5K,94,2,0.000200,0.200,0.008,45536405,45240,0,2887,2887,0,0,0,19326689,0,19170130,0,0.000000,0.000000,0.000000,2509,50921,929.80,0,0,0,0,SUCCESS,0,0,warm20,,,,,1,0,374488,1807,,,used,,,,20260917-1855
2026-09-17 23:19:22,Pre-HAUSPM,C8T1S5I8N5K,95,2,0.000200,0.200,0.008,45914470,45621,0,2878,2878,0,0,0,19192009,0,19037034,0,0.000000,0.000000,0.000000,2472,50849,849.97,0,0,0,0,SUCCESS,0,0,warm20,,,,,1,0,378065,1822,,,used,,,,20260917-1855
2026-09-17 23:19:25,Pre-HAUSPM,C8T1S5I8N5K,96,2,0.000200,0.200,0.008,46296586,46002,0,2942,2942,0,0,0,19511570,0,19354857,0,0.000000,0.000000,0.000000,2565,51293,1107.41,0,0,0,0,SUCCESS,0,0,warm20,,,,,1,0,382116,1837,,,used,,,,20260917-1855
2026-09-17 23:19:28,Pre-HAUSPM,C8T1S5I8N5K,97,2,0.000200,0.200,0.008,46658707,46383,0,2947,2947,0,0,0,19376967,0,19221777,0,0.000000,0.000000,0.000000,2642,51629,1043.66,0,0,0,0,SUCCESS,0,0,warm20,,,,,1,0,362121,1852,,,used,,,,20260917-1855
2026-09-17 23:19:31,Pre-HAUSPM,C8T1S5I8N5K,98,2,0.000200,0.200,0.008,47041850,46764,0,2956,2956,0,0,0,19328259,0,19173948,0,0.000000,0.000000,0.000000,2654,51797,1019.74,0,0,0,0,SUCCESS,0,0,warm20,,,,,1,0,383143,1867,,,used,,,,20260917-1855
2026-09-17 23:19:34,Pre-HAUSPM,C8T1S5I8N5K,99,2,0.000200,0.200,0.008,47416411,47132,0,2969,2969,0,0,0,19323837,0,19169868,0,0.000000,0.000000,0.000000,2623,51786,1034.49,0,0,0,0,SUCCESS,0,0,warm20,,,,,1,0,374561,1882,,,used,,,,20260917-1855
# run_id=20260917-2319 git=56c4b45 jvm=26.0.1 heap=24g host=ThaiTMs-MacBook-Pro.local tree=clean data=18450eae8e31 cmd=--exp 11 --dataset sign,syn_c8t1s5i8n5k --k 10,20,50,100 --algo HAUSP-UB[noEUCS] --repeats 3 --results-dir results-2026-09e --timeout 90 --resume
2026-09-17 23:19:38,HAUSP-UB[noEUCS],SIGN,0,0,0.003000,0.000,0.200,319686,146,12,3202,3215,7,0,0,106349081,2,104965474,143,0.000000,0.178773,0.178783,23387,0,14.56,106349081,106348144,937,217,SUCCESS,1383605,0,warm20,1041408,242848,0,179968,,,,,143,2,used,,,,20260917-2319
2026-09-17 23:19:42,HAUSP-UB[noEUCS],SIGN,1,0,0.003000,0.000,0.089,464158,211,0,3672,3673,0,0,0,102476562,10,101371458,172,0.000000,0.183238,0.183251,18363,0,16.00,102476346,102476326,740,228,SUCCESS,1105095,0,warm20,1565696,349536,0,268416,,,,,172,9,used,,,,20260917-2319
2026-09-17 23:19:46,HAUSP-UB[noEUCS],SIGN,2,0,0.003000,0.000,0.089,609901,276,0,4726,4727,0,0,0,111178313,22,110139240,56,0.000000,0.182595,0.182610,18342,0,17.97,111178086,111178039,776,246,SUCCESS,1039052,0,warm20,2210816,462784,0,387456,,,,,56,21,used,,,,20260917-2319
2026-09-17 23:19:51,HAUSP-UB[noEUCS],SIGN,3,0,0.003000,0.000,0.089,737382,341,0,4638,4638,0,0,0,95696604,28,94860442,58,0.000000,0.183371,0.183389,16494,0,19.43,95696366,95696366,754,250,SUCCESS,836142,0,warm20,2761728,562016,0,482688,,,,,58,20,used,,,,20260917-2319
2026-09-17 23:19:56,HAUSP-UB[noEUCS],SIGN,4,0,0.003000,0.000,0.089,871901,406,0,5021,5022,0,0,0,91006337,32,90248699,57,0.000000,0.188861,0.188882,16857,0,20.56,91006096,91006096,740,254,SUCCESS,757615,0,warm20,3154944,667104,0,556672,,,,,57,23,used,,,,20260917-2319
2026-09-17 23:20:01,HAUSP-UB[noEUCS],SIGN,5,0,0.003000,0.000,0.089,1018960,471,0,4936,4936,0,0,0,82004730,30,81351570,61,0.000000,0.184331,0.184356,14004,0,21.86,82004487,82004487,749,255,SUCCESS,653141,0,warm20,3534848,769472,0,627584,,,,,61,19,used,,,,20260917-2319
2026-09-17 23:20:06,HAUSP-UB[noEUCS],SIGN,6,0,0.003000,0.000,0.089,1183474,536,0,5019,5020,0,0,0,77230229,25,76646251,75,0.000000,0.180008,0.180040,12433,0,23.32,77229989,77229988,750,266,SUCCESS,583968,0,warm20,4027392,875744,0,748416,,,,,75,10,used,,,,20260917-2319
2026-09-17 23:20:12,HAUSP-UB[noEUCS],SIGN,7,0,0.003000,0.000,0.089,1350144,601,0,5636,5637,0,0,0,81601425,30,81010725,64,0.000000,0.176674,0.176701,12491,0,25.12,81601174,81601174,738,267,SUCCESS,590685,0,warm20,4663296,987808,0,894208,,,,,64,15,used,,,,20260917-2319
2026-09-17 23:20:18,HAUSP-UB[noEUCS],SIGN,8,0,0.003000,0.000,0.089,1500088,666,0,5972,5972,0,0,0,80466702,32,79898731,63,0.000000,0.176636,0.176665,12225,0,25.77,80466451,80466449,740,267,SUCCESS,567955,0,warm20,4806656,1096128,0,978432,,,,,63,16,used,,,,20260917-2319
2026-09-17 23:20:25,HAUSP-UB[noEUCS],SIGN,9,0,0.003000,0.000,0.089,1668652,730,0,7031,7031,0,0,0,87193705,32,86599744,60,0.000000,0.176058,0.176085,12666,0,20.84,87193456,87193442,754,267,SUCCESS,593947,0,warm20,6050816,1214656,0,1049600,,,,,60,14,used,,,,20260917-2319
2026-09-17 23:20:28,HAUSP-UB[noEUCS],SIGN,0,1,0.003000,0.000,0.200,319686,146,4,3191,3196,0,0,0,106349081,2,104965474,143,0.000000,0.178773,0.178783,23387,0,13.53,106349081,106348144,937,217,SUCCESS,1383605,0,warm20,997376,242848,0,179968,,,,,143,2,used,,,,20260917-2319
2026-09-17 23:20:32,HAUSP-UB[noEUCS],SIGN,1,1,0.003000,0.000,0.089,464158,211,0,3680,3681,0,0,0,102476562,10,101371458,172,0.000000,0.183238,0.183251,18363,0,15.18,102476346,102476326,740,228,SUCCESS,1105095,0,warm20,1593856,349536,0,268416,,,,,172,9,used,,,,20260917-2319
2026-09-17 23:20:37,HAUSP-UB[noEUCS],SIGN,2,1,0.003000,0.000,0.089,609901,276,0,4741,4741,0,0,0,111178313,22,110139240,56,0.000000,0.182595,0.182610,18342,0,16.82,111178086,111178039,776,246,SUCCESS,1039052,0,warm20,2163712,462784,0,387456,,,,,56,21,used,,,,20260917-2319
2026-09-17 23:20:41,HAUSP-UB[noEUCS],SIGN,3,1,0.003000,0.000,0.089,737382,341,0,4656,4656,0,0,0,95696604,28,94860442,58,0.000000,0.183371,0.183389,16494,0,18.51,95696366,95696366,754,250,SUCCESS,836142,0,warm20,2788352,562016,0,482688,,,,,58,20,used,,,,20260917-2319
2026-09-17 23:20:46,HAUSP-UB[noEUCS],SIGN,4,1,0.003000,0.000,0.089,871901,406,0,5050,5051,0,0,0,91006337,32,90248699,57,0.000000,0.188861,0.188882,16857,0,19.50,91006096,91006096,740,254,SUCCESS,757615,0,warm20,3093504,667104,0,556672,,,,,57,23,used,,,,20260917-2319
2026-09-17 23:20:51,HAUSP-UB[noEUCS],SIGN,5,1,0.003000,0.000,0.089,1018960,471,0,4948,4949,0,0,0,82004730,30,81351570,61,0.000000,0.184331,0.184356,14004,0,20.55,82004487,82004487,749,255,SUCCESS,653141,0,warm20,3393536,769472,0,627584,,,,,61,19,used,,,,20260917-2319
2026-09-17 23:20:56,HAUSP-UB[noEUCS],SIGN,6,1,0.003000,0.000,0.089,1183474,536,0,5011,5011,0,0,0,77230229,25,76646251,75,0.000000,0.180008,0.180040,12433,0,22.19,77229989,77229988,750,266,SUCCESS,583968,0,warm20,4027392,875744,0,748416,,,,,75,10,used,,,,20260917-2319
2026-09-17 23:21:02,HAUSP-UB[noEUCS],SIGN,7,1,0.003000,0.000,0.089,1350144,601,0,5630,5631,0,0,0,81601425,30,81010725,64,0.000000,0.176674,0.176701,12491,0,23.87,81601174,81601174,738,267,SUCCESS,590685,0,warm20,4638720,987808,0,894208,,,,,64,15,used,,,,20260917-2319
2026-09-17 23:21:08,HAUSP-UB[noEUCS],SIGN,8,1,0.003000,0.000,0.089,1500088,666,0,5999,6000,0,0,0,80466702,32,79898731,63,0.000000,0.176636,0.176665,12225,0,25.58,80466451,80466449,740,267,SUCCESS,567955,0,warm20,5326848,1096128,0,978432,,,,,63,16,used,,,,20260917-2319
2026-09-17 23:21:15,HAUSP-UB[noEUCS],SIGN,9,1,0.003000,0.000,0.089,1668652,730,0,6950,6950,0,0,0,87193705,32,86599744,60,0.000000,0.176058,0.176085,12666,0,25.84,87193456,87193442,754,267,SUCCESS,593947,0,warm20,5408768,1214656,0,1049600,,,,,60,14,used,,,,20260917-2319
2026-09-17 23:21:19,HAUSP-UB[noEUCS],SIGN,0,2,0.003000,0.000,0.200,319686,146,1,3196,3198,0,0,0,106349081,2,104965474,143,0.000000,0.178773,0.178783,23387,0,13.53,106349081,106348144,937,217,SUCCESS,1383605,0,warm20,1074176,242848,0,179968,,,,,143,2,used,,,,20260917-2319
2026-09-17 23:21:22,HAUSP-UB[noEUCS],SIGN,1,2,0.003000,0.000,0.089,464158,211,0,3682,3682,0,0,0,102476562,10,101371458,172,0.000000,0.183238,0.183251,18363,0,14.87,102476346,102476326,740,228,SUCCESS,1105095,0,warm20,1575936,349536,0,268416,,,,,172,9,used,,,,20260917-2319
2026-09-17 23:21:27,HAUSP-UB[noEUCS],SIGN,2,2,0.003000,0.000,0.089,609901,276,0,4738,4738,0,0,0,111178313,22,110139240,56,0.000000,0.182595,0.182610,18342,0,16.54,111178086,111178039,776,246,SUCCESS,1039052,0,warm20,2194432,462784,0,387456,,,,,56,21,used,,,,20260917-2319
2026-09-17 23:21:32,HAUSP-UB[noEUCS],SIGN,3,2,0.003000,0.000,0.089,737382,341,0,4646,4646,0,0,0,95696604,28,94860442,58,0.000000,0.183371,0.183389,16494,0,17.88,95696366,95696366,754,250,SUCCESS,836142,0,warm20,2704384,562016,0,482688,,,,,58,20,used,,,,20260917-2319
2026-09-17 23:21:37,HAUSP-UB[noEUCS],SIGN,4,2,0.003000,0.000,0.089,871901,406,0,5023,5023,0,0,0,91006337,32,90248699,57,0.000000,0.188861,0.188882,16857,0,18.90,91006096,91006096,740,254,SUCCESS,757615,0,warm20,3070976,667104,0,556672,,,,,57,23,used,,,,20260917-2319
2026-09-17 23:21:42,HAUSP-UB[noEUCS],SIGN,5,2,0.003000,0.000,0.089,1018960,471,0,4923,4924,0,0,0,82004730,30,81351570,61,0.000000,0.184331,0.184356,14004,0,19.92,82004487,82004487,749,255,SUCCESS,653141,0,warm20,3438592,769472,0,627584,,,,,61,19,used,,,,20260917-2319
2026-09-17 23:21:47,HAUSP-UB[noEUCS],SIGN,6,2,0.003000,0.000,0.089,1183474,536,0,4992,4993,0,0,0,77230229,25,76646251,75,0.000000,0.180008,0.180040,12433,0,21.59,77229989,77229988,750,266,SUCCESS,583968,0,warm20,4056064,875744,0,748416,,,,,75,10,used,,,,20260917-2319
2026-09-17 23:21:52,HAUSP-UB[noEUCS],SIGN,7,2,0.003000,0.000,0.089,1350144,601,0,5604,5604,0,0,0,81601425,30,81010725,64,0.000000,0.176674,0.176701,12491,0,23.26,81601174,81601174,738,267,SUCCESS,590685,0,warm20,4663296,987808,0,894208,,,,,64,15,used,,,,20260917-2319
2026-09-17 23:21:58,HAUSP-UB[noEUCS],SIGN,8,2,0.003000,0.000,0.089,1500088,666,0,5965,5965,0,0,0,80466702,32,79898731,63,0.000000,0.176636,0.176665,12225,0,24.93,80466451,80466449,740,267,SUCCESS,567955,0,warm20,5343232,1096128,0,978432,,,,,63,16,used,,,,20260917-2319
2026-09-17 23:22:05,HAUSP-UB[noEUCS],SIGN,9,2,0.003000,0.000,0.089,1668652,730,0,6901,6901,0,0,0,87193705,32,86599744,60,0.000000,0.176058,0.176085,12666,0,25.84,87193456,87193442,754,267,SUCCESS,593947,0,warm20,5699584,1214656,0,1049600,,,,,60,14,used,,,,20260917-2319
2026-09-17 23:22:09,HAUSP-UB[noEUCS],SIGN,0,0,0.003000,0.000,0.200,319686,146,0,3157,3158,0,0,0,106349081,2,104965474,143,0.000000,0.178773,0.178783,23387,0,13.53,106349081,106348144,937,217,SUCCESS,1383605,0,warm20,1074176,242848,0,179968,,,,,143,2,used,,,,20260917-2319
2026-09-17 23:22:12,HAUSP-UB[noEUCS],SIGN,1,0,0.003000,0.000,0.042,385332,177,0,3303,3303,0,0,0,99791721,7,98620619,45,0.000000,0.182687,0.182699,21809,0,14.22,99791504,99791493,731,224,SUCCESS,1171095,0,warm20,1320448,292992,0,224512,,,,,45,7,used,,,,20260917-2319
2026-09-17 23:22:16,HAUSP-UB[noEUCS],SIGN,2,0,0.003000,0.000,0.042,459273,208,0,3728,3729,0,0,0,104382245,10,103251298,188,0.000000,0.183469,0.183481,18673,0,14.92,104382022,104382016,730,227,SUCCESS,1130938,0,warm20,1566208,345120,0,268160,,,,,188,9,used,,,,20260917-2319
2026-09-17 23:22:20,HAUSP-UB[noEUCS],SIGN,3,0,0.003000,0.000,0.042,527535,239,0,4338,4338,0,0,0,110095546,13,108994260,57,0.000000,0.188146,0.188159,20219,0,15.93,110095321,110095288,760,231,SUCCESS,1101275,0,warm20,1978368,400128,0,298880,,,,,57,11,used,,,,20260917-2319
2026-09-17 23:22:25,HAUSP-UB[noEUCS],SIGN,4,0,0.003000,0.000,0.042,597178,270,0,4700,4700,0,0,0,111852363,22,110798204,58,0.000000,0.181893,0.181907,18362,0,16.98,111852133,111852115,774,244,SUCCESS,1054138,0,warm20,2339840,452544,0,385664,,,,,58,21,used,,,,20260917-2319
2026-09-17 23:22:29,HAUSP-UB[noEUCS],SIGN,5,0,0.003000,0.000,0.042,659071,301,0,4547,4547,0,0,0,101943425,22,101024004,68,0.000000,0.181342,0.181360,17056,0,17.67,101943186,101943186,759,246,SUCCESS,919404,0,warm20,2579456,500800,0,424832,,,,,68,17,used,,,,20260917-2319
2026-09-17 23:22:34,HAUSP-UB[noEUCS],SIGN,6,0,0.003000,0.000,0.042,720279,332,0,4587,4587,0,0,0,96439389,26,95591014,55,0.000000,0.180791,0.180809,15898,0,18.38,96439149,96439149,753,247,SUCCESS,848355,0,warm20,2839552,548128,0,475008,,,,,55,20,used,,,,20260917-2319
2026-09-17 23:22:39,HAUSP-UB[noEUCS],SIGN,7,0,0.003000,0.000,0.042,779441,363,0,4710,4711,0,0,0,92171839,27,91376316,56,0.000000,0.185851,0.185871,16685,0,19.08,92171602,92171602,752,251,SUCCESS,795506,0,warm20,3094528,595904,0,517632,,,,,56,17,used,,,,20260917-2319
2026-09-17 23:22:44,HAUSP-UB[noEUCS],SIGN,8,0,0.003000,0.000,0.042,844724,394,0,4945,4945,0,0,0,90979373,34,90213157,51,0.000000,0.188075,0.188096,16735,0,19.45,90979132,90979132,738,253,SUCCESS,766192,0,warm20,3196928,646688,0,554624,,,,,51,24,used,,,,20260917-2319
2026-09-17 23:22:49,HAUSP-UB[noEUCS],SIGN,9,0,0.003000,0.000,0.042,923121,425,0,4970,4970,0,0,0,87127999,32,86413626,56,0.000000,0.186006,0.186027,15295,0,20.15,87127759,87127758,753,255,SUCCESS,714354,0,warm20,3454976,700800,0,594944,,,,,56,19,used,,,,20260917-2319
2026-09-17 23:22:53,HAUSP-UB[noEUCS],SIGN,10,0,0.003000,0.000,0.042,987506,456,0,4938,4939,0,0,0,83570010,31,82899678,53,0.000000,0.185049,0.185072,14382,0,20.85,83569766,83569766,750,255,SUCCESS,670312,0,warm20,3717120,747776,0,627072,,,,,53,20,used,,,,20260917-2319
2026-09-17 23:22:58,HAUSP-UB[noEUCS],SIGN,11,0,0.003000,0.000,0.042,1057621,487,0,4923,4923,0,0,0,80308546,26,79676666,61,0.000000,0.182526,0.182553,13337,0,21.55,80308303,80308303,750,260,SUCCESS,631866,0,warm20,3952640,795072,0,680320,,,,,61,14,used,,,,20260917-2319
2026-09-17 23:23:03,HAUSP-UB[noEUCS],SIGN,12,0,0.003000,0.000,0.042,1139446,518,0,4970,4970,0,0,0,78222313,30,77620427,73,0.000000,0.180452,0.180481,12846,0,22.64,78222069,78222069,742,265,SUCCESS,601872,0,warm20,4354048,845920,0,730752,,,,,73,14,used,,,,20260917-2319
2026-09-17 23:23:08,HAUSP-UB[noEUCS],SIGN,13,0,0.003000,0.000,0.042,1211397,549,0,4980,4980,0,0,0,75646034,26,75077602,72,0.000000,0.179507,0.179539,12045,0,23.61,75645783,75645783,741,266,SUCCESS,568420,0,warm20,4775936,895648,0,766592,,,,,72,12,used,,,,20260917-2319
2026-09-17 23:23:14,HAUSP-UB[noEUCS],SIGN,14,0,0.003000,0.000,0.042,1304649,580,0,5618,5618,0,0,0,83201286,31,82592937,64,0.000000,0.177385,0.177412,12922,0,24.64,83201034,83201034,738,267,SUCCESS,608332,0,warm20,5132288,954304,0,854144,,,,,64,17,used,,,,20260917-2319
2026-09-17 23:23:20,HAUSP-UB[noEUCS],SIGN,15,0,0.003000,0.000,0.042,1372937,611,0,5701,5701,0,0,0,81595384,30,81007130,64,0.000000,0.177095,0.177123,12535,0,25.36,81595132,81595132,734,267,SUCCESS,588239,0,warm20,5373952,1004224,0,922112,,,,,64,15,used,,,,20260917-2319
2026-09-17 23:23:25,HAUSP-UB[noEUCS],SIGN,16,0,0.003000,0.000,0.042,1441678,642,0,5786,5786,0,0,0,80425391,29,79852828,64,0.000000,0.176603,0.176631,12116,0,25.84,80425139,80425139,735,267,SUCCESS,572549,0,warm20,5632000,1053600,0,958592,,,,,64,14,used,,,,20260917-2319
2026-09-17 23:23:32,HAUSP-UB[noEUCS],SIGN,17,0,0.003000,0.000,0.042,1517948,673,0,6094,6094,0,0,0,81382896,33,80811254,60,0.000000,0.176988,0.177015,12363,0,19.75,81382646,81382638,747,267,SUCCESS,571626,0,warm20,5990400,1109600,0,985472,,,,,60,16,used,,,,20260917-2319
2026-09-17 23:23:38,HAUSP-UB[noEUCS],SIGN,18,0,0.003000,0.000,0.042,1606504,704,0,6843,6843,0,0,0,87230010,33,86629241,64,0.000000,0.177087,0.177113,12872,0,20.47,87229761,87229754,754,267,SUCCESS,600754,0,warm20,6221824,1170784,0,1036032,,,,,64,15,used,,,,20260917-2319
2026-09-17 23:23:45,HAUSP-UB[noEUCS],SIGN,19,0,0.003000,0.000,0.042,1668652,730,0,7016,7016,0,0,0,87193705,32,86599744,60,0.000000,0.176058,0.176085,12666,0,20.97,87193456,87193456,754,267,SUCCESS,593947,0,warm20,6389760,1214656,0,1054720,,,,,60,14,used,,,,20260917-2319
2026-09-17 23:23:49,HAUSP-UB[noEUCS],SIGN,0,1,0.003000,0.000,0.200,319686,146,1,3191,3193,0,0,0,106349081,2,104965474,143,0.000000,0.178773,0.178783,23387,0,13.53,106349081,106348144,937,217,SUCCESS,1383605,0,warm20,1074176,242848,0,179968,,,,,143,2,used,,,,20260917-2319
2026-09-17 23:23:52,HAUSP-UB[noEUCS],SIGN,1,1,0.003000,0.000,0.042,385332,177,0,3302,3302,0,0,0,99791721,7,98620619,45,0.000000,0.182687,0.182699,21809,0,14.23,99791504,99791493,731,224,SUCCESS,1171095,0,warm20,1320448,292992,0,224512,,,,,45,7,used,,,,20260917-2319
2026-09-17 23:23:56,HAUSP-UB[noEUCS],SIGN,2,1,0.003000,0.000,0.042,459273,208,0,3726,3726,0,0,0,104382245,10,103251298,188,0.000000,0.183469,0.183481,18673,0,14.92,104382022,104382016,730,227,SUCCESS,1130938,0,warm20,1566208,345120,0,268160,,,,,188,9,used,,,,20260917-2319
2026-09-17 23:24:00,HAUSP-UB[noEUCS],SIGN,3,1,0.003000,0.000,0.042,527535,239,0,4329,4329,0,0,0,110095546,13,108994260,57,0.000000,0.188146,0.188159,20219,0,15.93,110095321,110095288,760,231,SUCCESS,1101275,0,warm20,1978368,400128,0,298880,,,,,57,11,used,,,,20260917-2319
2026-09-17 23:24:05,HAUSP-UB[noEUCS],SIGN,4,1,0.003000,0.000,0.042,597178,270,0,4695,4695,0,0,0,111852363,22,110798204,58,0.000000,0.181893,0.181907,18362,0,16.95,111852133,111852115,774,244,SUCCESS,1054138,0,warm20,2339840,452544,0,385664,,,,,58,21,used,,,,20260917-2319
2026-09-17 23:24:10,HAUSP-UB[noEUCS],SIGN,5,1,0.003000,0.000,0.042,659071,301,0,4545,4545,0,0,0,101943425,22,101024004,68,0.000000,0.181342,0.181360,17056,0,17.65,101943186,101943186,759,246,SUCCESS,919404,0,warm20,2579456,500800,0,424832,,,,,68,17,used,,,,20260917-2319
2026-09-17 23:24:14,HAUSP-UB[noEUCS],SIGN,6,1,0.003000,0.000,0.042,720279,332,0,4588,4588,0,0,0,96439389,26,95591014,55,0.000000,0.180791,0.180809,15898,0,18.35,96439149,96439149,753,247,SUCCESS,848355,0,warm20,2839552,548128,0,475008,,,,,55,20,used,,,,20260917-2319
2026-09-17 23:24:19,HAUSP-UB[noEUCS],SIGN,7,1,0.003000,0.000,0.042,779441,363,0,4714,4714,0,0,0,92171839,27,91376316,56,0.000000,0.185851,0.185871,16685,0,19.04,92171602,92171602,752,251,SUCCESS,795506,0,warm20,3094528,595904,0,517632,,,,,56,17,used,,,,20260917-2319
2026-09-17 23:24:24,HAUSP-UB[noEUCS],SIGN,8,1,0.003000,0.000,0.042,844724,394,0,4948,4948,0,0,0,90979373,34,90213157,51,0.000000,0.188075,0.188096,16735,0,19.41,90979132,90979132,738,253,SUCCESS,766192,0,warm20,3196928,646688,0,554624,,,,,51,24,used,,,,20260917-2319
2026-09-17 23:24:29,HAUSP-UB[noEUCS],SIGN,9,1,0.003000,0.000,0.042,923121,425,0,4965,4965,0,0,0,87127999,32,86413626,56,0.000000,0.186006,0.186027,15295,0,20.11,87127759,87127758,753,255,SUCCESS,714354,0,warm20,3454976,700800,0,594944,,,,,56,19,used,,,,20260917-2319
2026-09-17 23:24:34,HAUSP-UB[noEUCS],SIGN,10,1,0.003000,0.000,0.042,987506,456,0,4930,4931,0,0,0,83570010,31,82899678,53,0.000000,0.185049,0.185072,14382,0,20.81,83569766,83569766,750,255,SUCCESS,670312,0,warm20,3717120,747776,0,627072,,,,,53,20,used,,,,20260917-2319
2026-09-17 23:24:39,HAUSP-UB[noEUCS],SIGN,11,1,0.003000,0.000,0.042,1057621,487,0,4916,4916,0,0,0,80308546,26,79676666,61,0.000000,0.182526,0.182553,13337,0,21.51,80308303,80308303,750,260,SUCCESS,631866,0,warm20,3952640,795072,0,680320,,,,,61,14,used,,,,20260917-2319
2026-09-17 23:24:44,HAUSP-UB[noEUCS],SIGN,12,1,0.003000,0.000,0.042,1139446,518,0,4960,4960,0,0,0,78222313,30,77620427,73,0.000000,0.180452,0.180481,12846,0,22.53,78222069,78222069,742,265,SUCCESS,601872,0,warm20,4354048,845920,0,730752,,,,,73,14,used,,,,20260917-2319
2026-09-17 23:24:49,HAUSP-UB[noEUCS],SIGN,13,1,0.003000,0.000,0.042,1211397,549,0,4974,4975,0,0,0,75646034,26,75077602,72,0.000000,0.179507,0.179539,12045,0,23.55,75645783,75645783,741,266,SUCCESS,568420,0,warm20,4775936,895648,0,766592,,,,,72,12,used,,,,20260917-2319
2026-09-17 23:24:54,HAUSP-UB[noEUCS],SIGN,14,1,0.003000,0.000,0.042,1304649,580,0,5617,5617,0,0,0,83201286,31,82592937,64,0.000000,0.177385,0.177412,12922,0,24.62,83201034,83201034,738,267,SUCCESS,608332,0,warm20,5132288,954304,0,854144,,,,,64,17,used,,,,20260917-2319
2026-09-17 23:25:00,HAUSP-UB[noEUCS],SIGN,15,1,0.003000,0.000,0.042,1372937,611,0,5690,5691,0,0,0,81595384,30,81007130,64,0.000000,0.177095,0.177123,12535,0,25.32,81595132,81595132,734,267,SUCCESS,588239,0,warm20,5373952,1004224,0,922112,,,,,64,15,used,,,,20260917-2319
2026-09-17 23:25:06,HAUSP-UB[noEUCS],SIGN,16,1,0.003000,0.000,0.042,1441678,642,0,5788,5789,0,0,0,80425391,29,79852828,64,0.000000,0.176603,0.176631,12116,0,25.84,80425139,80425139,735,267,SUCCESS,572549,0,warm20,5632000,1053600,0,958592,,,,,64,14,used,,,,20260917-2319
2026-09-17 23:25:12,HAUSP-UB[noEUCS],SIGN,17,1,0.003000,0.000,0.042,1517948,673,0,6107,6107,0,0,0,81382896,33,80811254,60,0.000000,0.176988,0.177015,12363,0,19.36,81382646,81382638,747,267,SUCCESS,571626,0,warm20,5990400,1109600,0,985472,,,,,60,16,used,,,,20260917-2319
2026-09-17 23:25:19,HAUSP-UB[noEUCS],SIGN,18,1,0.003000,0.000,0.042,1606504,704,0,6857,6857,0,0,0,87230010,33,86629241,64,0.000000,0.177087,0.177113,12872,0,20.08,87229761,87229754,754,267,SUCCESS,600754,0,warm20,6221824,1170784,0,1036032,,,,,64,15,used,,,,20260917-2319
2026-09-17 23:25:26,HAUSP-UB[noEUCS],SIGN,19,1,0.003000,0.000,0.042,1668652,730,0,7033,7033,0,0,0,87193705,32,86599744,60,0.000000,0.176058,0.176085,12666,0,20.58,87193456,87193456,754,267,SUCCESS,593947,0,warm20,6389760,1214656,0,1054720,,,,,60,14,used,,,,20260917-2319
2026-09-17 23:25:29,HAUSP-UB[noEUCS],SIGN,0,2,0.003000,0.000,0.200,319686,146,1,3193,3195,0,0,0,106349081,2,104965474,143,0.000000,0.178773,0.178783,23387,0,13.54,106349081,106348144,937,217,SUCCESS,1383605,0,warm20,1074176,242848,0,179968,,,,,143,2,used,,,,20260917-2319
2026-09-17 23:25:33,HAUSP-UB[noEUCS],SIGN,1,2,0.003000,0.000,0.042,385332,177,0,3303,3304,0,0,0,99791721,7,98620619,45,0.000000,0.182687,0.182699,21809,0,14.23,99791504,99791493,731,224,SUCCESS,1171095,0,warm20,1320448,292992,0,224512,,,,,45,7,used,,,,20260917-2319
2026-09-17 23:25:36,HAUSP-UB[noEUCS],SIGN,2,2,0.003000,0.000,0.042,459273,208,0,3729,3729,0,0,0,104382245,10,103251298,188,0.000000,0.183469,0.183481,18673,0,14.93,104382022,104382016,730,227,SUCCESS,1130938,0,warm20,1566208,345120,0,268160,,,,,188,9,used,,,,20260917-2319
2026-09-17 23:25:41,HAUSP-UB[noEUCS],SIGN,3,2,0.003000,0.000,0.042,527535,239,0,4331,4331,0,0,0,110095546,13,108994260,57,0.000000,0.188146,0.188159,20219,0,15.94,110095321,110095288,760,231,SUCCESS,1101275,0,warm20,1978368,400128,0,298880,,,,,57,11,used,,,,20260917-2319
2026-09-17 23:25:45,HAUSP-UB[noEUCS],SIGN,4,2,0.003000,0.000,0.042,597178,270,0,4695,4695,0,0,0,111852363,22,110798204,58,0.000000,0.181893,0.181907,18362,0,16.97,111852133,111852115,774,244,SUCCESS,1054138,0,warm20,2339840,452544,0,385664,,,,,58,21,used,,,,20260917-2319
2026-09-17 23:25:50,HAUSP-UB[noEUCS],SIGN,5,2,0.003000,0.000,0.042,659071,301,0,4544,4544,0,0,0,101943425,22,101024004,68,0.000000,0.181342,0.181360,17056,0,17.66,101943186,101943186,759,246,SUCCESS,919404,0,warm20,2579456,500800,0,424832,,,,,68,17,used,,,,20260917-2319
2026-09-17 23:25:55,HAUSP-UB[noEUCS],SIGN,6,2,0.003000,0.000,0.042,720279,332,0,4585,4585,0,0,0,96439389,26,95591014,55,0.000000,0.180791,0.180809,15898,0,18.36,96439149,96439149,753,247,SUCCESS,848355,0,warm20,2839552,548128,0,475008,,,,,55,20,used,,,,20260917-2319
2026-09-17 23:25:59,HAUSP-UB[noEUCS],SIGN,7,2,0.003000,0.000,0.042,779441,363,0,4709,4709,0,0,0,92171839,27,91376316,56,0.000000,0.185851,0.185871,16685,0,19.06,92171602,92171602,752,251,SUCCESS,795506,0,warm20,3094528,595904,0,517632,,,,,56,17,used,,,,20260917-2319
2026-09-17 23:26:04,HAUSP-UB[noEUCS],SIGN,8,2,0.003000,0.000,0.042,844724,394,0,4947,4947,0,0,0,90979373,34,90213157,51,0.000000,0.188075,0.188096,16735,0,19.44,90979132,90979132,738,253,SUCCESS,766192,0,warm20,3196928,646688,0,554624,,,,,51,24,used,,,,20260917-2319
2026-09-17 23:26:09,HAUSP-UB[noEUCS],SIGN,9,2,0.003000,0.000,0.042,923121,425,0,4964,4964,0,0,0,87127999,32,86413626,56,0.000000,0.186006,0.186027,15295,0,20.14,87127759,87127758,753,255,SUCCESS,714354,0,warm20,3454976,700800,0,594944,,,,,56,19,used,,,,20260917-2319
2026-09-17 23:26:14,HAUSP-UB[noEUCS],SIGN,10,2,0.003000,0.000,0.042,987506,456,0,4932,4932,0,0,0,83570010,31,82899678,53,0.000000,0.185049,0.185072,14382,0,20.84,83569766,83569766,750,255,SUCCESS,670312,0,warm20,3717120,747776,0,627072,,,,,53,20,used,,,,20260917-2319
2026-09-17 23:26:19,HAUSP-UB[noEUCS],SIGN,11,2,0.003000,0.000,0.042,1057621,487,0,4918,4918,0,0,0,80308546,26,79676666,61,0.000000,0.182526,0.182553,13337,0,21.54,80308303,80308303,750,260,SUCCESS,631866,0,warm20,3952640,795072,0,680320,,,,,61,14,used,,,,20260917-2319
2026-09-17 23:26:24,HAUSP-UB[noEUCS],SIGN,12,2,0.003000,0.000,0.042,1139446,518,0,4964,4964,0,0,0,78222313,30,77620427,73,0.000000,0.180452,0.180481,12846,0,22.56,78222069,78222069,742,265,SUCCESS,601872,0,warm20,4354048,845920,0,730752,,,,,73,14,used,,,,20260917-2319
2026-09-17 23:26:29,HAUSP-UB[noEUCS],SIGN,13,2,0.003000,0.000,0.042,1211397,549,0,4981,4981,0,0,0,75646034,26,75077602,72,0.000000,0.179507,0.179539,12045,0,23.59,75645783,75645783,741,266,SUCCESS,568420,0,warm20,4775936,895648,0,766592,,,,,72,12,used,,,,20260917-2319
2026-09-17 23:26:35,HAUSP-UB[noEUCS],SIGN,14,2,0.003000,0.000,0.042,1304649,580,0,5616,5616,0,0,0,83201286,31,82592937,64,0.000000,0.177385,0.177412,12922,0,24.61,83201034,83201034,738,267,SUCCESS,608332,0,warm20,5132288,954304,0,854144,,,,,64,17,used,,,,20260917-2319
2026-09-17 23:26:40,HAUSP-UB[noEUCS],SIGN,15,2,0.003000,0.000,0.042,1372937,611,0,5695,5695,0,0,0,81595384,30,81007130,64,0.000000,0.177095,0.177123,12535,0,25.31,81595132,81595132,734,267,SUCCESS,588239,0,warm20,5373952,1004224,0,922112,,,,,64,15,used,,,,20260917-2319
2026-09-17 23:26:46,HAUSP-UB[noEUCS],SIGN,16,2,0.003000,0.000,0.042,1441678,642,0,5782,5782,0,0,0,80425391,29,79852828,64,0.000000,0.176603,0.176631,12116,0,25.84,80425139,80425139,735,267,SUCCESS,572549,0,warm20,5632000,1053600,0,958592,,,,,64,14,used,,,,20260917-2319
2026-09-17 23:26:52,HAUSP-UB[noEUCS],SIGN,17,2,0.003000,0.000,0.042,1517948,673,0,6095,6095,0,0,0,81382896,33,80811254,60,0.000000,0.176988,0.177015,12363,0,19.75,81382646,81382638,747,267,SUCCESS,571626,0,warm20,5990400,1109600,0,985472,,,,,60,16,used,,,,20260917-2319
2026-09-17 23:26:59,HAUSP-UB[noEUCS],SIGN,18,2,0.003000,0.000,0.042,1606504,704,0,6835,6835,0,0,0,87230010,33,86629241,64,0.000000,0.177087,0.177113,12872,0,20.47,87229761,87229754,754,267,SUCCESS,600754,0,warm20,6221824,1170784,0,1036032,,,,,64,15,used,,,,20260917-2319
2026-09-17 23:27:06,HAUSP-UB[noEUCS],SIGN,19,2,0.003000,0.000,0.042,1668652,730,0,7014,7014,0,0,0,87193705,32,86599744,60,0.000000,0.176058,0.176085,12666,0,20.97,87193456,87193456,754,267,SUCCESS,593947,0,warm20,6389760,1214656,0,1054720,,,,,60,14,used,,,,20260917-2319
2026-09-17 23:27:10,HAUSP-UB[noEUCS],SIGN,0,0,0.003000,0.000,0.200,319686,146,0,3157,3157,0,0,0,106349081,2,104965474,143,0.000000,0.178773,0.178783,23387,0,13.56,106349081,106348144,937,217,SUCCESS,1383605,0,warm20,1074176,242848,0,179968,,,,,143,2,used,,,,20260917-2319
2026-09-17 23:27:13,HAUSP-UB[noEUCS],SIGN,1,0,0.003000,0.000,0.016,345121,158,0,3229,3229,0,0,0,104450506,7,103148010,332,0.000000,0.179987,0.179998,23125,0,13.95,104450289,104450288,721,222,SUCCESS,1302489,0,warm20,1207296,261888,0,200192,,,,,332,7,used,,,,20260917-2319
2026-09-17 23:27:16,HAUSP-UB[noEUCS],SIGN,2,0,0.003000,0.000,0.016,369331,170,0,3241,3241,0,0,0,100527745,7,99314342,124,0.000000,0.182239,0.182250,21958,0,14.33,100527523,100527518,721,224,SUCCESS,1213396,0,warm20,1364992,280416,0,219136,,,,,124,7,used,,,,20260917-2319
2026-09-17 23:27:19,HAUSP-UB[noEUCS],SIGN,3,0,0.003000,0.000,0.016,393230,182,0,3277,3277,0,0,0,97612223,10,96477573,41,0.000000,0.183995,0.184006,21796,0,14.65,97611999,97611999,719,225,SUCCESS,1134640,0,warm20,1493504,299488,0,227584,,,,,41,10,used,,,,20260917-2319
2026-09-17 23:27:23,HAUSP-UB[noEUCS],SIGN,4,0,0.003000,0.000,0.016,428453,194,0,3430,3430,0,0,0,98714907,10,97619084,138,0.000000,0.183816,0.183828,20113,0,15.06,98714683,98714672,729,227,SUCCESS,1095814,0,warm20,1607680,323296,0,249472,,,,,138,9,used,,,,20260917-2319
2026-09-17 23:27:27,HAUSP-UB[noEUCS],SIGN,5,0,0.003000,0.000,0.016,456476,206,0,3763,3763,0,0,0,105690461,10,104541796,189,0.000000,0.183692,0.183704,18895,0,15.44,105690235,105690233,729,227,SUCCESS,1148656,0,warm20,1722624,342944,0,262016,,,,,189,9,used,,,,20260917-2319
2026-09-17 23:27:30,HAUSP-UB[noEUCS],SIGN,6,0,0.003000,0.000,0.016,480433,218,0,3738,3738,0,0,0,101542469,12,100469113,114,0.000000,0.183421,0.183433,18295,0,15.81,101542243,101542242,730,230,SUCCESS,1073345,0,warm20,1854464,362304,0,281088,,,,,114,11,used,,,,20260917-2319
2026-09-17 23:27:34,HAUSP-UB[noEUCS],SIGN,7,0,0.003000,0.000,0.016,507190,230,0,3878,3878,0,0,0,102005291,13,100962339,63,0.000000,0.184851,0.184864,18586,0,16.14,102005063,102005049,741,230,SUCCESS,1042941,0,warm20,1998976,382752,0,287872,,,,,63,11,used,,,,20260917-2319
2026-09-17 23:27:39,HAUSP-UB[noEUCS],SIGN,8,0,0.003000,0.000,0.016,536314,242,0,4413,4413,0,0,0,110903870,13,109803820,55,0.000000,0.187710,0.187723,20004,0,16.84,110903642,110903630,753,231,SUCCESS,1100039,0,warm20,2289664,406048,0,304000,,,,,55,11,used,,,,20260917-2319
2026-09-17 23:27:43,HAUSP-UB[noEUCS],SIGN,9,0,0.003000,0.000,0.016,556990,254,0,4317,4317,0,0,0,106340937,17,105307647,49,0.000000,0.186752,0.186766,18960,0,17.25,106340708,106340708,747,234,SUCCESS,1033275,0,warm20,2403328,423136,0,330880,,,,,49,15,used,,,,20260917-2319
2026-09-17 23:27:48,HAUSP-UB[noEUCS],SIGN,10,0,0.003000,0.000,0.016,587283,266,0,4658,4658,0,0,0,112027322,20,110966667,53,0.000000,0.181947,0.181961,18422,0,17.94,112027090,112027074,765,241,SUCCESS,1060637,0,warm20,2647808,445568,0,375936,,,,,53,18,used,,,,20260917-2319
2026-09-17 23:27:52,HAUSP-UB[noEUCS],SIGN,11,0,0.003000,0.000,0.016,613134,278,0,4731,4731,0,0,0,110441739,22,109411906,56,0.000000,0.182594,0.182609,18187,0,18.27,110441499,110441494,763,246,SUCCESS,1029812,0,warm20,2759424,465792,0,412032,,,,,56,21,used,,,,20260917-2319
2026-09-17 23:27:57,HAUSP-UB[noEUCS],SIGN,12,0,0.003000,0.000,0.016,639272,290,0,4535,4535,0,0,0,103673264,22,102726235,59,0.000000,0.181624,0.181641,17307,0,18.64,103673020,103673018,760,246,SUCCESS,947009,0,warm20,2878464,484064,0,428928,,,,,59,20,used,,,,20260917-2319
2026-09-17 23:28:01,HAUSP-UB[noEUCS],SIGN,13,0,0.003000,0.000,0.016,661807,302,0,4579,4579,0,0,0,102278280,22,101356166,66,0.000000,0.180799,0.180817,16997,0,19.05,102278039,102278039,756,246,SUCCESS,922097,0,warm20,2997248,502720,0,448384,,,,,66,17,used,,,,20260917-2319
2026-09-17 23:28:06,HAUSP-UB[noEUCS],SIGN,14,0,0.003000,0.000,0.016,682126,314,0,4520,4520,0,0,0,98664500,24,97783193,59,0.000000,0.180669,0.180687,16420,0,19.11,98664260,98664260,754,246,SUCCESS,881289,0,warm20,3059712,519168,0,463744,,,,,59,18,used,,,,20260917-2319
2026-09-17 23:28:11,HAUSP-UB[noEUCS],SIGN,15,0,0.003000,0.000,0.016,707653,326,0,4677,4677,0,0,0,99017923,25,98142179,52,0.000000,0.181542,0.181561,16464,0,19.48,99017683,99017683,753,247,SUCCESS,875725,0,warm20,3106816,539136,0,481408,,,,,52,19,used,,,,20260917-2319
2026-09-17 23:28:15,HAUSP-UB[noEUCS],SIGN,16,0,0.003000,0.000,0.016,730705,338,0,4599,4599,0,0,0,95316430,28,94481770,55,0.000000,0.181316,0.181334,15828,0,19.48,95316189,95316189,753,249,SUCCESS,834638,0,warm20,3125248,556992,0,499072,,,,,55,22,used,,,,20260917-2319
2026-09-17 23:28:20,HAUSP-UB[noEUCS],SIGN,17,0,0.003000,0.000,0.016,756980,350,0,4721,4721,0,0,0,94589953,26,93768264,56,0.000000,0.185007,0.185026,16743,0,19.58,94589712,94589712,753,250,SUCCESS,821671,0,warm20,3141632,576928,0,519168,,,,,56,18,used,,,,20260917-2319
2026-09-17 23:28:25,HAUSP-UB[noEUCS],SIGN,18,0,0.003000,0.000,0.016,777786,362,0,4717,4717,0,0,0,92381711,27,91583827,57,0.000000,0.185781,0.185801,16692,0,19.95,92381471,92381471,750,251,SUCCESS,797867,0,warm20,3188736,594336,0,529408,,,,,57,17,used,,,,20260917-2319
2026-09-17 23:28:30,HAUSP-UB[noEUCS],SIGN,19,0,0.003000,0.000,0.016,803248,374,0,4829,4829,0,0,0,92359913,33,91571875,48,0.000000,0.187268,0.187288,16821,0,20.28,92359671,92359671,745,252,SUCCESS,788014,0,warm20,3307520,614496,0,557696,,,,,48,24,used,,,,20260917-2319
2026-09-17 23:28:34,HAUSP-UB[noEUCS],SIGN,20,0,0.003000,0.000,0.016,828605,386,0,4899,4899,0,0,0,91574496,34,90799288,49,0.000000,0.187829,0.187850,16796,0,20.33,91574254,91574254,739,252,SUCCESS,775184,0,warm20,3315712,633088,0,561280,,,,,49,24,used,,,,20260917-2319
2026-09-17 23:28:39,HAUSP-UB[noEUCS],SIGN,21,0,0.003000,0.000,0.016,851890,398,0,4970,4970,0,0,0,90859133,33,90095416,53,0.000000,0.189470,0.189491,17093,0,20.73,90858891,90858891,735,253,SUCCESS,763694,0,warm20,3438592,653152,0,580224,,,,,53,23,used,,,,20260917-2319
2026-09-17 23:28:44,HAUSP-UB[noEUCS],SIGN,22,0,0.003000,0.000,0.016,884460,410,0,5044,5044,0,0,0,90560831,30,89808821,57,0.000000,0.188086,0.188107,16490,0,21.12,90560590,90560590,749,254,SUCCESS,751992,0,warm20,3569664,674592,0,588672,,,,,57,18,used,,,,20260917-2319
2026-09-17 23:28:49,HAUSP-UB[noEUCS],SIGN,23,0,0.003000,0.000,0.016,916886,422,0,5000,5000,0,0,0,87982799,32,87259765,56,0.000000,0.186182,0.186203,15488,0,21.50,87982558,87982557,753,255,SUCCESS,723015,0,warm20,3713024,696640,0,606208,,,,,56,19,used,,,,20260917-2319
2026-09-17 23:28:54,HAUSP-UB[noEUCS],SIGN,24,0,0.003000,0.000,0.016,947537,434,0,4950,4950,0,0,0,86039616,33,85342140,53,0.000000,0.184956,0.184976,14733,0,22.15,86039373,86039372,753,255,SUCCESS,697455,0,warm20,4003840,716352,0,619520,,,,,53,21,used,,,,20260917-2319
2026-09-17 23:28:59,HAUSP-UB[noEUCS],SIGN,25,0,0.003000,0.000,0.016,967022,446,0,4902,4902,0,0,0,84051940,33,83374456,52,0.000000,0.185266,0.185288,14609,0,22.56,84051696,84051696,753,255,SUCCESS,677462,0,warm20,4161536,732384,0,637952,,,,,52,22,used,,,,20260917-2319
2026-09-17 23:29:04,HAUSP-UB[noEUCS],SIGN,26,0,0.003000,0.000,0.016,990505,458,0,4948,4948,0,0,0,83473077,31,82803848,54,0.000000,0.185190,0.185214,14363,0,22.94,83472833,83472833,749,255,SUCCESS,669209,0,warm20,4292608,750560,0,649600,,,,,54,20,used,,,,20260917-2319
2026-09-17 23:29:09,HAUSP-UB[noEUCS],SIGN,27,0,0.003000,0.000,0.016,1016244,470,0,4913,4913,0,0,0,81562343,30,80912061,61,0.000000,0.184275,0.184300,13905,0,23.32,81562099,81562099,747,255,SUCCESS,650263,0,warm20,4440064,767424,0,654208,,,,,61,19,used,,,,20260917-2319
2026-09-17 23:29:14,HAUSP-UB[noEUCS],SIGN,28,0,0.003000,0.000,0.016,1047408,482,0,4934,4934,0,0,0,80919576,26,80281821,64,0.000000,0.182475,0.182502,13478,0,23.96,80919333,80919333,752,260,SUCCESS,637741,0,warm20,4694016,787776,0,685440,,,,,64,14,used,,,,20260917-2319
2026-09-17 23:29:19,HAUSP-UB[noEUCS],SIGN,29,0,0.003000,0.000,0.016,1079371,494,0,4942,4942,0,0,0,79700384,27,79076611,71,0.000000,0.181677,0.181704,13241,0,24.36,79700136,79700136,740,261,SUCCESS,623758,0,warm20,4825088,807232,0,706944,,,,,71,15,used,,,,20260917-2319
2026-09-17 23:29:24,HAUSP-UB[noEUCS],SIGN,30,0,0.003000,0.000,0.016,1110602,506,0,4952,4952,0,0,0,78848977,29,78235534,77,0.000000,0.180587,0.180615,13007,0,25.08,78848731,78848731,734,263,SUCCESS,613429,0,warm20,5107712,826272,0,731392,,,,,77,14,used,,,,20260917-2319
2026-09-17 23:29:29,HAUSP-UB[noEUCS],SIGN,31,0,0.003000,0.000,0.016,1139446,518,0,4979,4979,0,0,0,78222313,30,77620427,73,0.000000,0.180452,0.180481,12846,0,25.46,78222066,78222066,739,265,SUCCESS,601872,0,warm20,5226496,845920,0,757376,,,,,73,14,used,,,,20260917-2319
2026-09-17 23:29:34,HAUSP-UB[noEUCS],SIGN,32,0,0.003000,0.000,0.016,1169601,530,0,5019,5019,0,0,0,77707116,26,77117355,74,0.000000,0.180281,0.180313,12622,0,25.78,77706866,77706866,741,266,SUCCESS,589750,0,warm20,5332992,866144,0,778880,,,,,74,11,used,,,,20260917-2319
2026-09-17 23:29:39,HAUSP-UB[noEUCS],SIGN,33,0,0.003000,0.000,0.016,1194955,542,0,4971,4971,0,0,0,76383493,24,75806716,71,0.000000,0.179947,0.179980,12294,0,25.84,76383242,76383242,738,266,SUCCESS,576768,0,warm20,5455872,884320,0,791936,,,,,71,9,used,,,,20260917-2319
2026-09-17 23:29:44,HAUSP-UB[noEUCS],SIGN,34,0,0.003000,0.000,0.016,1225092,554,0,5011,5011,0,0,0,75886310,27,75317138,71,0.000000,0.179369,0.179400,12117,0,18.75,75886058,75886058,737,266,SUCCESS,569159,0,warm20,5718016,904512,0,809856,,,,,71,13,used,,,,20260917-2319
2026-09-17 23:29:49,HAUSP-UB[noEUCS],SIGN,35,0,0.003000,0.000,0.016,1265597,566,0,5381,5381,0,0,0,80838528,27,80243454,64,0.000000,0.177587,0.177615,12584,0,19.27,80838276,80838276,739,267,SUCCESS,595061,0,warm20,5857280,929472,0,859008,,,,,64,13,used,,,,20260917-2319
2026-09-17 23:29:55,HAUSP-UB[noEUCS],SIGN,36,0,0.003000,0.000,0.016,1300784,578,0,5610,5611,0,0,0,83171681,31,82562944,65,0.000000,0.177249,0.177276,12940,0,19.50,83171428,83171428,736,267,SUCCESS,608720,0,warm20,5910528,951104,0,880512,,,,,65,17,used,,,,20260917-2319
2026-09-17 23:30:01,HAUSP-UB[noEUCS],SIGN,37,0,0.003000,0.000,0.016,1330102,590,0,5711,5711,0,0,0,83351687,30,82746645,65,0.000000,0.177117,0.177144,12801,0,19.78,83351434,83351434,738,267,SUCCESS,605026,0,warm20,5971968,972416,0,913664,,,,,65,16,used,,,,20260917-2319
2026-09-17 23:30:06,HAUSP-UB[noEUCS],SIGN,38,0,0.003000,0.000,0.016,1352225,602,0,5658,5658,0,0,0,81466552,30,80877018,62,0.000000,0.176708,0.176736,12469,0,19.94,81466300,81466300,736,267,SUCCESS,589519,0,warm20,5992448,989184,0,931072,,,,,62,15,used,,,,20260917-2319
2026-09-17 23:30:12,HAUSP-UB[noEUCS],SIGN,39,0,0.003000,0.000,0.016,1378844,614,0,5744,5744,0,0,0,81488994,30,80902153,64,0.000000,0.177266,0.177294,12541,0,20.16,81488742,81488742,736,267,SUCCESS,586826,0,warm20,6037504,1009024,0,949760,,,,,64,15,used,,,,20260917-2319
2026-09-17 23:30:18,HAUSP-UB[noEUCS],SIGN,40,0,0.003000,0.000,0.016,1404925,626,0,5627,5627,0,0,0,80576224,29,80002004,65,0.000000,0.176620,0.176649,12159,0,20.33,80575972,80575972,736,267,SUCCESS,574206,0,warm20,6053888,1027168,0,958080,,,,,65,14,used,,,,20260917-2319
2026-09-17 23:30:23,HAUSP-UB[noEUCS],SIGN,41,0,0.003000,0.000,0.016,1430972,638,0,5719,5719,0,0,0,80609918,29,80036057,66,0.000000,0.176688,0.176717,12165,0,20.50,80609666,80609666,739,267,SUCCESS,573847,0,warm20,6078464,1046080,0,973440,,,,,66,14,used,,,,20260917-2319
2026-09-17 23:30:29,HAUSP-UB[noEUCS],SIGN,42,0,0.003000,0.000,0.016,1466019,650,0,5860,5860,0,0,0,81182667,30,80606246,68,0.000000,0.176547,0.176576,12206,0,20.69,81182416,81182416,740,267,SUCCESS,576407,0,warm20,6107136,1069536,0,991104,,,,,68,14,used,,,,20260917-2319
2026-09-17 23:30:35,HAUSP-UB[noEUCS],SIGN,43,0,0.003000,0.000,0.016,1489446,662,0,5857,5857,0,0,0,80029808,31,79463543,68,0.000000,0.176775,0.176803,12092,0,20.86,80029557,80029557,739,267,SUCCESS,566250,0,warm20,6144000,1088704,0,997376,,,,,68,15,used,,,,20260917-2319
2026-09-17 23:30:41,HAUSP-UB[noEUCS],SIGN,44,0,0.003000,0.000,0.016,1520720,674,0,6080,6080,0,0,0,81479098,33,80906771,61,0.000000,0.177065,0.177093,12357,0,21.15,81478848,81478842,747,267,SUCCESS,572311,0,warm20,6225920,1111488,0,1012096,,,,,61,16,used,,,,20260917-2319
2026-09-17 23:30:48,HAUSP-UB[noEUCS],SIGN,45,0,0.003000,0.000,0.016,1553182,686,0,6266,6266,0,0,0,82645188,33,82066893,70,0.000000,0.177822,0.177849,12724,0,21.42,82644938,82644934,751,267,SUCCESS,578279,0,warm20,6291456,1133856,0,1031808,,,,,70,16,used,,,,20260917-2319
2026-09-17 23:30:54,HAUSP-UB[noEUCS],SIGN,46,0,0.003000,0.000,0.016,1586819,698,0,6548,6548,0,0,0,85096331,33,84506685,62,0.000000,0.178120,0.178147,12860,0,21.71,85096082,85096080,753,267,SUCCESS,589631,0,warm20,6379520,1157856,0,1041920,,,,,62,15,used,,,,20260917-2319
2026-09-17 23:31:01,HAUSP-UB[noEUCS],SIGN,47,0,0.003000,0.000,0.016,1616945,710,0,6778,6778,0,0,0,87119701,32,86519945,64,0.000000,0.177510,0.177536,12890,0,22.01,87119452,87119451,754,267,SUCCESS,599742,0,warm20,6461440,1179744,0,1063168,,,,,64,14,used,,,,20260917-2319
2026-09-17 23:31:08,HAUSP-UB[noEUCS],SIGN,48,0,0.003000,0.000,0.016,1649145,722,0,6899,6899,0,0,0,87885998,32,87285610,63,0.000000,0.176659,0.176686,12904,0,22.33,87885749,87885749,752,267,SUCCESS,600374,0,warm20,6567936,1201088,0,1069824,,,,,63,14,used,,,,20260917-2319
2026-09-17 23:31:15,HAUSP-UB[noEUCS],SIGN,49,0,0.003000,0.000,0.016,1668652,730,0,6885,6885,0,0,0,87193705,32,86599744,60,0.000000,0.176058,0.176085,12666,0,22.64,87193456,87193456,754,267,SUCCESS,593947,0,warm20,6678528,1214656,0,1081344,,,,,60,14,used,,,,20260917-2319
2026-09-17 23:31:18,HAUSP-UB[noEUCS],SIGN,0,1,0.003000,0.000,0.200,319686,146,1,3201,3203,0,0,0,106349081,2,104965474,143,0.000000,0.178773,0.178783,23387,0,13.53,106349081,106348144,937,217,SUCCESS,1383605,0,warm20,1074176,242848,0,179968,,,,,143,2,used,,,,20260917-2319
2026-09-17 23:31:22,HAUSP-UB[noEUCS],SIGN,1,1,0.003000,0.000,0.016,345121,158,0,3236,3237,0,0,0,104450506,7,103148010,332,0.000000,0.179987,0.179998,23125,0,13.91,104450289,104450288,721,222,SUCCESS,1302489,0,warm20,1207296,261888,0,200192,,,,,332,7,used,,,,20260917-2319
2026-09-17 23:31:25,HAUSP-UB[noEUCS],SIGN,2,1,0.003000,0.000,0.016,369331,170,0,3247,3247,0,0,0,100527745,7,99314342,124,0.000000,0.182239,0.182250,21958,0,14.29,100527523,100527518,721,224,SUCCESS,1213396,0,warm20,1364992,280416,0,219136,,,,,124,7,used,,,,20260917-2319
2026-09-17 23:31:28,HAUSP-UB[noEUCS],SIGN,3,1,0.003000,0.000,0.016,393230,182,0,3279,3279,0,0,0,97612223,10,96477573,41,0.000000,0.183995,0.184006,21796,0,14.65,97611999,97611999,719,225,SUCCESS,1134640,0,warm20,1493504,299488,0,227584,,,,,41,10,used,,,,20260917-2319
2026-09-17 23:31:31,HAUSP-UB[noEUCS],SIGN,4,1,0.003000,0.000,0.016,428453,194,0,3438,3438,0,0,0,98714907,10,97619084,138,0.000000,0.183816,0.183828,20113,0,15.03,98714683,98714672,729,227,SUCCESS,1095814,0,warm20,1607680,323296,0,249472,,,,,138,9,used,,,,20260917-2319
2026-09-17 23:31:35,HAUSP-UB[noEUCS],SIGN,5,1,0.003000,0.000,0.016,456476,206,0,3791,3791,0,0,0,105690461,10,104541796,189,0.000000,0.183692,0.183704,18895,0,15.40,105690235,105690233,729,227,SUCCESS,1148656,0,warm20,1722624,342944,0,262016,,,,,189,9,used,,,,20260917-2319
2026-09-17 23:31:39,HAUSP-UB[noEUCS],SIGN,6,1,0.003000,0.000,0.016,480433,218,0,3766,3766,0,0,0,101542469,12,100469113,114,0.000000,0.183421,0.183433,18295,0,15.77,101542243,101542242,730,230,SUCCESS,1073345,0,warm20,1854464,362304,0,281088,,,,,114,11,used,,,,20260917-2319
2026-09-17 23:31:43,HAUSP-UB[noEUCS],SIGN,7,1,0.003000,0.000,0.016,507190,230,0,3908,3908,0,0,0,102005291,13,100962339,63,0.000000,0.184851,0.184864,18586,0,16.15,102005063,102005049,741,230,SUCCESS,1042941,0,warm20,1998976,382752,0,287872,,,,,63,11,used,,,,20260917-2319
2026-09-17 23:31:47,HAUSP-UB[noEUCS],SIGN,8,1,0.003000,0.000,0.016,536314,242,0,4451,4451,0,0,0,110903870,13,109803820,55,0.000000,0.187710,0.187723,20004,0,16.83,110903642,110903630,753,231,SUCCESS,1100039,0,warm20,2289664,406048,0,304000,,,,,55,11,used,,,,20260917-2319
2026-09-17 23:31:52,HAUSP-UB[noEUCS],SIGN,9,1,0.003000,0.000,0.016,556990,254,0,4355,4355,0,0,0,106340937,17,105307647,49,0.000000,0.186752,0.186766,18960,0,17.21,106340708,106340708,747,234,SUCCESS,1033275,0,warm20,2403328,423136,0,330880,,,,,49,15,used,,,,20260917-2319
2026-09-17 23:31:56,HAUSP-UB[noEUCS],SIGN,10,1,0.003000,0.000,0.016,587283,266,0,4699,4699,0,0,0,112027322,20,110966667,53,0.000000,0.181947,0.181961,18422,0,17.91,112027090,112027074,765,241,SUCCESS,1060637,0,warm20,2647808,445568,0,375936,,,,,53,18,used,,,,20260917-2319
2026-09-17 23:32:01,HAUSP-UB[noEUCS],SIGN,11,1,0.003000,0.000,0.016,613134,278,0,4775,4775,0,0,0,110441739,22,109411906,56,0.000000,0.182594,0.182609,18187,0,18.27,110441499,110441494,763,246,SUCCESS,1029812,0,warm20,2759424,465792,0,412032,,,,,56,21,used,,,,20260917-2319
2026-09-17 23:32:06,HAUSP-UB[noEUCS],SIGN,12,1,0.003000,0.000,0.016,639272,290,0,4580,4580,0,0,0,103673264,22,102726235,59,0.000000,0.181624,0.181641,17307,0,18.65,103673020,103673018,760,246,SUCCESS,947009,0,warm20,2878464,484064,0,428928,,,,,59,20,used,,,,20260917-2319
2026-09-17 23:32:10,HAUSP-UB[noEUCS],SIGN,13,1,0.003000,0.000,0.016,661807,302,0,4595,4595,0,0,0,102278280,22,101356166,66,0.000000,0.180799,0.180817,16997,0,19.02,102278039,102278039,756,246,SUCCESS,922097,0,warm20,2997248,502720,0,448384,,,,,66,17,used,,,,20260917-2319
2026-09-17 23:32:15,HAUSP-UB[noEUCS],SIGN,14,1,0.003000,0.000,0.016,682126,314,0,4536,4536,0,0,0,98664500,24,97783193,59,0.000000,0.180669,0.180687,16420,0,19.07,98664260,98664260,754,246,SUCCESS,881289,0,warm20,3059712,519168,0,463744,,,,,59,18,used,,,,20260917-2319
2026-09-17 23:32:20,HAUSP-UB[noEUCS],SIGN,15,1,0.003000,0.000,0.016,707653,326,0,4700,4700,0,0,0,99017923,25,98142179,52,0.000000,0.181542,0.181561,16464,0,19.45,99017683,99017683,753,247,SUCCESS,875725,0,warm20,3106816,539136,0,481408,,,,,52,19,used,,,,20260917-2319
2026-09-17 23:32:24,HAUSP-UB[noEUCS],SIGN,16,1,0.003000,0.000,0.016,730705,338,0,4616,4616,0,0,0,95316430,28,94481770,55,0.000000,0.181316,0.181334,15828,0,19.49,95316189,95316189,753,249,SUCCESS,834638,0,warm20,3125248,556992,0,499072,,,,,55,22,used,,,,20260917-2319
2026-09-17 23:32:29,HAUSP-UB[noEUCS],SIGN,17,1,0.003000,0.000,0.016,756980,350,0,4738,4738,0,0,0,94589953,26,93768264,56,0.000000,0.185007,0.185026,16743,0,19.55,94589712,94589712,753,250,SUCCESS,821671,0,warm20,3141632,576928,0,519168,,,,,56,18,used,,,,20260917-2319
2026-09-17 23:32:34,HAUSP-UB[noEUCS],SIGN,18,1,0.003000,0.000,0.016,777786,362,0,4737,4737,0,0,0,92381711,27,91583827,57,0.000000,0.185781,0.185801,16692,0,19.91,92381471,92381471,750,251,SUCCESS,797867,0,warm20,3188736,594336,0,529408,,,,,57,17,used,,,,20260917-2319
2026-09-17 23:32:39,HAUSP-UB[noEUCS],SIGN,19,1,0.003000,0.000,0.016,803248,374,0,4849,4849,0,0,0,92359913,33,91571875,48,0.000000,0.187268,0.187288,16821,0,20.29,92359671,92359671,745,252,SUCCESS,788014,0,warm20,3307520,614496,0,557696,,,,,48,24,used,,,,20260917-2319
2026-09-17 23:32:44,HAUSP-UB[noEUCS],SIGN,20,1,0.003000,0.000,0.016,828605,386,0,4914,4914,0,0,0,91574496,34,90799288,49,0.000000,0.187829,0.187850,16796,0,20.34,91574254,91574254,739,252,SUCCESS,775184,0,warm20,3315712,633088,0,561280,,,,,49,24,used,,,,20260917-2319
2026-09-17 23:32:49,HAUSP-UB[noEUCS],SIGN,21,1,0.003000,0.000,0.016,851890,398,0,4989,4989,0,0,0,90859133,33,90095416,53,0.000000,0.189470,0.189491,17093,0,20.71,90858891,90858891,735,253,SUCCESS,763694,0,warm20,3438592,653152,0,580224,,,,,53,23,used,,,,20260917-2319
2026-09-17 23:32:54,HAUSP-UB[noEUCS],SIGN,22,1,0.003000,0.000,0.016,884460,410,0,5062,5062,0,0,0,90560831,30,89808821,57,0.000000,0.188086,0.188107,16490,0,21.09,90560590,90560590,749,254,SUCCESS,751992,0,warm20,3569664,674592,0,588672,,,,,57,18,used,,,,20260917-2319
2026-09-17 23:32:59,HAUSP-UB[noEUCS],SIGN,23,1,0.003000,0.000,0.016,916886,422,0,5015,5015,0,0,0,87982799,32,87259765,56,0.000000,0.186182,0.186203,15488,0,21.46,87982558,87982557,753,255,SUCCESS,723015,0,warm20,3713024,696640,0,606208,,,,,56,19,used,,,,20260917-2319
2026-09-17 23:33:04,HAUSP-UB[noEUCS],SIGN,24,1,0.003000,0.000,0.016,947537,434,0,4969,4969,0,0,0,86039616,33,85342140,53,0.000000,0.184956,0.184976,14733,0,22.16,86039373,86039372,753,255,SUCCESS,697455,0,warm20,4003840,716352,0,619520,,,,,53,21,used,,,,20260917-2319
2026-09-17 23:33:08,HAUSP-UB[noEUCS],SIGN,25,1,0.003000,0.000,0.016,967022,446,0,4919,4919,0,0,0,84051940,33,83374456,52,0.000000,0.185266,0.185288,14609,0,22.54,84051696,84051696,753,255,SUCCESS,677462,0,warm20,4161536,732384,0,637952,,,,,52,22,used,,,,20260917-2319
2026-09-17 23:33:13,HAUSP-UB[noEUCS],SIGN,26,1,0.003000,0.000,0.016,990505,458,0,4964,4964,0,0,0,83473077,31,82803848,54,0.000000,0.185190,0.185214,14363,0,22.91,83472833,83472833,749,255,SUCCESS,669209,0,warm20,4292608,750560,0,649600,,,,,54,20,used,,,,20260917-2319
2026-09-17 23:33:18,HAUSP-UB[noEUCS],SIGN,27,1,0.003000,0.000,0.016,1016244,470,0,4929,4929,0,0,0,81562343,30,80912061,61,0.000000,0.184275,0.184300,13905,0,23.28,81562099,81562099,747,255,SUCCESS,650263,0,warm20,4440064,767424,0,654208,,,,,61,19,used,,,,20260917-2319
2026-09-17 23:33:23,HAUSP-UB[noEUCS],SIGN,28,1,0.003000,0.000,0.016,1047408,482,0,4947,4947,0,0,0,80919576,26,80281821,64,0.000000,0.182475,0.182502,13478,0,23.97,80919333,80919333,752,260,SUCCESS,637741,0,warm20,4694016,787776,0,685440,,,,,64,14,used,,,,20260917-2319
2026-09-17 23:33:28,HAUSP-UB[noEUCS],SIGN,29,1,0.003000,0.000,0.016,1079371,494,0,4951,4951,0,0,0,79700384,27,79076611,71,0.000000,0.181677,0.181704,13241,0,24.35,79700136,79700136,740,261,SUCCESS,623758,0,warm20,4825088,807232,0,706944,,,,,71,15,used,,,,20260917-2319
2026-09-17 23:33:33,HAUSP-UB[noEUCS],SIGN,30,1,0.003000,0.000,0.016,1110602,506,0,4965,4965,0,0,0,78848977,29,78235534,77,0.000000,0.180587,0.180615,13007,0,25.05,78848731,78848731,734,263,SUCCESS,613429,0,warm20,5107712,826272,0,731392,,,,,77,14,used,,,,20260917-2319
2026-09-17 23:33:38,HAUSP-UB[noEUCS],SIGN,31,1,0.003000,0.000,0.016,1139446,518,0,4989,4989,0,0,0,78222313,30,77620427,73,0.000000,0.180452,0.180481,12846,0,25.42,78222066,78222066,739,265,SUCCESS,601872,0,warm20,5226496,845920,0,757376,,,,,73,14,used,,,,20260917-2319
2026-09-17 23:33:43,HAUSP-UB[noEUCS],SIGN,32,1,0.003000,0.000,0.016,1169601,530,0,5035,5035,0,0,0,77707116,26,77117355,74,0.000000,0.180281,0.180313,12622,0,25.80,77706866,77706866,741,266,SUCCESS,589750,0,warm20,5332992,866144,0,778880,,,,,74,11,used,,,,20260917-2319
2026-09-17 23:33:48,HAUSP-UB[noEUCS],SIGN,33,1,0.003000,0.000,0.016,1194955,542,0,4964,4964,0,0,0,76383493,24,75806716,71,0.000000,0.179947,0.179980,12294,0,25.84,76383242,76383242,738,266,SUCCESS,576768,0,warm20,5455872,884320,0,791936,,,,,71,9,used,,,,20260917-2319
2026-09-17 23:33:53,HAUSP-UB[noEUCS],SIGN,34,1,0.003000,0.000,0.016,1225092,554,0,5006,5006,0,0,0,75886310,27,75317138,71,0.000000,0.179369,0.179400,12117,0,18.75,75886058,75886058,737,266,SUCCESS,569159,0,warm20,5718016,904512,0,809856,,,,,71,13,used,,,,20260917-2319
2026-09-17 23:33:59,HAUSP-UB[noEUCS],SIGN,35,1,0.003000,0.000,0.016,1265597,566,0,5381,5381,0,0,0,80838528,27,80243454,64,0.000000,0.177587,0.177615,12584,0,19.26,80838276,80838276,739,267,SUCCESS,595061,0,warm20,5857280,929472,0,859008,,,,,64,13,used,,,,20260917-2319
2026-09-17 23:34:04,HAUSP-UB[noEUCS],SIGN,36,1,0.003000,0.000,0.016,1300784,578,0,5617,5617,0,0,0,83171681,31,82562944,65,0.000000,0.177249,0.177276,12940,0,19.50,83171428,83171428,736,267,SUCCESS,608720,0,warm20,5910528,951104,0,880512,,,,,65,17,used,,,,20260917-2319
2026-09-17 23:34:10,HAUSP-UB[noEUCS],SIGN,37,1,0.003000,0.000,0.016,1330102,590,0,5712,5712,0,0,0,83351687,30,82746645,65,0.000000,0.177117,0.177144,12801,0,19.78,83351434,83351434,738,267,SUCCESS,605026,0,warm20,5971968,972416,0,913664,,,,,65,16,used,,,,20260917-2319
2026-09-17 23:34:16,HAUSP-UB[noEUCS],SIGN,38,1,0.003000,0.000,0.016,1352225,602,0,5660,5660,0,0,0,81466552,30,80877018,62,0.000000,0.176708,0.176736,12469,0,19.94,81466300,81466300,736,267,SUCCESS,589519,0,warm20,5992448,989184,0,931072,,,,,62,15,used,,,,20260917-2319
2026-09-17 23:34:21,HAUSP-UB[noEUCS],SIGN,39,1,0.003000,0.000,0.016,1378844,614,0,5750,5750,0,0,0,81488994,30,80902153,64,0.000000,0.177266,0.177294,12541,0,20.16,81488742,81488742,736,267,SUCCESS,586826,0,warm20,6037504,1009024,0,949760,,,,,64,15,used,,,,20260917-2319
2026-09-17 23:34:27,HAUSP-UB[noEUCS],SIGN,40,1,0.003000,0.000,0.016,1404925,626,0,5631,5632,0,0,0,80576224,29,80002004,65,0.000000,0.176620,0.176649,12159,0,20.33,80575972,80575972,736,267,SUCCESS,574206,0,warm20,6053888,1027168,0,958080,,,,,65,14,used,,,,20260917-2319
2026-09-17 23:34:33,HAUSP-UB[noEUCS],SIGN,41,1,0.003000,0.000,0.016,1430972,638,0,5723,5723,0,0,0,80609918,29,80036057,66,0.000000,0.176688,0.176717,12165,0,20.50,80609666,80609666,739,267,SUCCESS,573847,0,warm20,6078464,1046080,0,973440,,,,,66,14,used,,,,20260917-2319
2026-09-17 23:34:39,HAUSP-UB[noEUCS],SIGN,42,1,0.003000,0.000,0.016,1466019,650,0,5870,5871,0,0,0,81182667,30,80606246,68,0.000000,0.176547,0.176576,12206,0,20.69,81182416,81182416,740,267,SUCCESS,576407,0,warm20,6107136,1069536,0,991104,,,,,68,14,used,,,,20260917-2319
2026-09-17 23:34:45,HAUSP-UB[noEUCS],SIGN,43,1,0.003000,0.000,0.016,1489446,662,0,5864,5864,0,0,0,80029808,31,79463543,68,0.000000,0.176775,0.176803,12092,0,20.86,80029557,80029557,739,267,SUCCESS,566250,0,warm20,6144000,1088704,0,997376,,,,,68,15,used,,,,20260917-2319
2026-09-17 23:34:51,HAUSP-UB[noEUCS],SIGN,44,1,0.003000,0.000,0.016,1520720,674,0,6087,6087,0,0,0,81479098,33,80906771,61,0.000000,0.177065,0.177093,12357,0,21.15,81478848,81478842,747,267,SUCCESS,572311,0,warm20,6225920,1111488,0,1012096,,,,,61,16,used,,,,20260917-2319
2026-09-17 23:34:57,HAUSP-UB[noEUCS],SIGN,45,1,0.003000,0.000,0.016,1553182,686,0,6276,6276,0,0,0,82645188,33,82066893,70,0.000000,0.177822,0.177849,12724,0,21.42,82644938,82644934,751,267,SUCCESS,578279,0,warm20,6291456,1133856,0,1031808,,,,,70,16,used,,,,20260917-2319
2026-09-17 23:35:03,HAUSP-UB[noEUCS],SIGN,46,1,0.003000,0.000,0.016,1586819,698,0,6563,6563,0,0,0,85096331,33,84506685,62,0.000000,0.178120,0.178147,12860,0,21.71,85096082,85096080,753,267,SUCCESS,589631,0,warm20,6379520,1157856,0,1041920,,,,,62,15,used,,,,20260917-2319
2026-09-17 23:35:10,HAUSP-UB[noEUCS],SIGN,47,1,0.003000,0.000,0.016,1616945,710,0,6791,6791,0,0,0,87119701,32,86519945,64,0.000000,0.177510,0.177536,12890,0,22.01,87119452,87119451,754,267,SUCCESS,599742,0,warm20,6461440,1179744,0,1063168,,,,,64,14,used,,,,20260917-2319
2026-09-17 23:35:17,HAUSP-UB[noEUCS],SIGN,48,1,0.003000,0.000,0.016,1649145,722,0,6912,6912,0,0,0,87885998,32,87285610,63,0.000000,0.176659,0.176686,12904,0,22.33,87885749,87885749,752,267,SUCCESS,600374,0,warm20,6567936,1201088,0,1069824,,,,,63,14,used,,,,20260917-2319
2026-09-17 23:35:24,HAUSP-UB[noEUCS],SIGN,49,1,0.003000,0.000,0.016,1668652,730,0,6900,6900,0,0,0,87193705,32,86599744,60,0.000000,0.176058,0.176085,12666,0,22.65,87193456,87193456,754,267,SUCCESS,593947,0,warm20,6678528,1214656,0,1081344,,,,,60,14,used,,,,20260917-2319
2026-09-17 23:35:28,HAUSP-UB[noEUCS],SIGN,0,2,0.003000,0.000,0.200,319686,146,0,3171,3172,0,0,0,106349081,2,104965474,143,0.000000,0.178773,0.178783,23387,0,13.53,106349081,106348144,937,217,SUCCESS,1383605,0,warm20,1074176,242848,0,179968,,,,,143,2,used,,,,20260917-2319
2026-09-17 23:35:31,HAUSP-UB[noEUCS],SIGN,1,2,0.003000,0.000,0.016,345121,158,0,3230,3230,0,0,0,104450506,7,103148010,332,0.000000,0.179987,0.179998,23125,0,13.91,104450289,104450288,721,222,SUCCESS,1302489,0,warm20,1207296,261888,0,200192,,,,,332,7,used,,,,20260917-2319
2026-09-17 23:35:34,HAUSP-UB[noEUCS],SIGN,2,2,0.003000,0.000,0.016,369331,170,0,3242,3243,0,0,0,100527745,7,99314342,124,0.000000,0.182239,0.182250,21958,0,14.28,100527523,100527518,721,224,SUCCESS,1213396,0,warm20,1364992,280416,0,219136,,,,,124,7,used,,,,20260917-2319
2026-09-17 23:35:37,HAUSP-UB[noEUCS],SIGN,3,2,0.003000,0.000,0.016,393230,182,0,3275,3275,0,0,0,97612223,10,96477573,41,0.000000,0.183995,0.184006,21796,0,14.65,97611999,97611999,719,225,SUCCESS,1134640,0,warm20,1493504,299488,0,227584,,,,,41,10,used,,,,20260917-2319
2026-09-17 23:35:41,HAUSP-UB[noEUCS],SIGN,4,2,0.003000,0.000,0.016,428453,194,0,3432,3432,0,0,0,98714907,10,97619084,138,0.000000,0.183816,0.183828,20113,0,15.02,98714683,98714672,729,227,SUCCESS,1095814,0,warm20,1607680,323296,0,249472,,,,,138,9,used,,,,20260917-2319
2026-09-17 23:35:45,HAUSP-UB[noEUCS],SIGN,5,2,0.003000,0.000,0.016,456476,206,0,3770,3770,0,0,0,105690461,10,104541796,189,0.000000,0.183692,0.183704,18895,0,15.40,105690235,105690233,729,227,SUCCESS,1148656,0,warm20,1722624,342944,0,262016,,,,,189,9,used,,,,20260917-2319
2026-09-17 23:35:48,HAUSP-UB[noEUCS],SIGN,6,2,0.003000,0.000,0.016,480433,218,0,3743,3743,0,0,0,101542469,12,100469113,114,0.000000,0.183421,0.183433,18295,0,15.77,101542243,101542242,730,230,SUCCESS,1073345,0,warm20,1854464,362304,0,281088,,,,,114,11,used,,,,20260917-2319
2026-09-17 23:35:52,HAUSP-UB[noEUCS],SIGN,7,2,0.003000,0.000,0.016,507190,230,0,3886,3886,0,0,0,102005291,13,100962339,63,0.000000,0.184851,0.184864,18586,0,16.14,102005063,102005049,741,230,SUCCESS,1042941,0,warm20,1998976,382752,0,287872,,,,,63,11,used,,,,20260917-2319
2026-09-17 23:35:57,HAUSP-UB[noEUCS],SIGN,8,2,0.003000,0.000,0.016,536314,242,0,4425,4425,0,0,0,110903870,13,109803820,55,0.000000,0.187710,0.187723,20004,0,16.84,110903642,110903630,753,231,SUCCESS,1100039,0,warm20,2289664,406048,0,304000,,,,,55,11,used,,,,20260917-2319
2026-09-17 23:36:01,HAUSP-UB[noEUCS],SIGN,9,2,0.003000,0.000,0.016,556990,254,0,4329,4329,0,0,0,106340937,17,105307647,49,0.000000,0.186752,0.186766,18960,0,17.21,106340708,106340708,747,234,SUCCESS,1033275,0,warm20,2403328,423136,0,330880,,,,,49,15,used,,,,20260917-2319
2026-09-17 23:36:06,HAUSP-UB[noEUCS],SIGN,10,2,0.003000,0.000,0.016,587283,266,0,4678,4678,0,0,0,112027322,20,110966667,53,0.000000,0.181947,0.181961,18422,0,17.90,112027090,112027074,765,241,SUCCESS,1060637,0,warm20,2647808,445568,0,375936,,,,,53,18,used,,,,20260917-2319
2026-09-17 23:36:10,HAUSP-UB[noEUCS],SIGN,11,2,0.003000,0.000,0.016,613134,278,0,4747,4747,0,0,0,110441739,22,109411906,56,0.000000,0.182594,0.182609,18187,0,18.28,110441499,110441494,763,246,SUCCESS,1029812,0,warm20,2759424,465792,0,412032,,,,,56,21,used,,,,20260917-2319
2026-09-17 23:36:15,HAUSP-UB[noEUCS],SIGN,12,2,0.003000,0.000,0.016,639272,290,0,4552,4552,0,0,0,103673264,22,102726235,59,0.000000,0.181624,0.181641,17307,0,18.65,103673020,103673018,760,246,SUCCESS,947009,0,warm20,2878464,484064,0,428928,,,,,59,20,used,,,,20260917-2319
2026-09-17 23:36:20,HAUSP-UB[noEUCS],SIGN,13,2,0.003000,0.000,0.016,661807,302,0,4588,4588,0,0,0,102278280,22,101356166,66,0.000000,0.180799,0.180817,16997,0,19.02,102278039,102278039,756,246,SUCCESS,922097,0,warm20,2997248,502720,0,448384,,,,,66,17,used,,,,20260917-2319
2026-09-17 23:36:24,HAUSP-UB[noEUCS],SIGN,14,2,0.003000,0.000,0.016,682126,314,0,4531,4531,0,0,0,98664500,24,97783193,59,0.000000,0.180669,0.180687,16420,0,19.07,98664260,98664260,754,246,SUCCESS,881289,0,warm20,3059712,519168,0,463744,,,,,59,18,used,,,,20260917-2319
2026-09-17 23:36:29,HAUSP-UB[noEUCS],SIGN,15,2,0.003000,0.000,0.016,707653,326,0,4689,4689,0,0,0,99017923,25,98142179,52,0.000000,0.181542,0.181561,16464,0,19.45,99017683,99017683,753,247,SUCCESS,875725,0,warm20,3106816,539136,0,481408,,,,,52,19,used,,,,20260917-2319
2026-09-17 23:36:33,HAUSP-UB[noEUCS],SIGN,16,2,0.003000,0.000,0.016,730705,338,0,4580,4580,0,0,0,95316430,28,94481770,55,0.000000,0.181316,0.181334,15828,0,19.50,95316189,95316189,753,249,SUCCESS,834638,0,warm20,3125248,556992,0,499072,,,,,55,22,used,,,,20260917-2319
2026-09-17 23:36:38,HAUSP-UB[noEUCS],SIGN,17,2,0.003000,0.000,0.016,756980,350,0,4697,4697,0,0,0,94589953,26,93768264,56,0.000000,0.185007,0.185026,16743,0,19.55,94589712,94589712,753,250,SUCCESS,821671,0,warm20,3141632,576928,0,519168,,,,,56,18,used,,,,20260917-2319
2026-09-17 23:36:43,HAUSP-UB[noEUCS],SIGN,18,2,0.003000,0.000,0.016,777786,362,0,4695,4695,0,0,0,92381711,27,91583827,57,0.000000,0.185781,0.185801,16692,0,19.92,92381471,92381471,750,251,SUCCESS,797867,0,warm20,3188736,594336,0,529408,,,,,57,17,used,,,,20260917-2319
2026-09-17 23:36:48,HAUSP-UB[noEUCS],SIGN,19,2,0.003000,0.000,0.016,803248,374,0,4808,4808,0,0,0,92359913,33,91571875,48,0.000000,0.187268,0.187288,16821,0,20.30,92359671,92359671,745,252,SUCCESS,788014,0,warm20,3307520,614496,0,557696,,,,,48,24,used,,,,20260917-2319
2026-09-17 23:36:52,HAUSP-UB[noEUCS],SIGN,20,2,0.003000,0.000,0.016,828605,386,0,4871,4871,0,0,0,91574496,34,90799288,49,0.000000,0.187829,0.187850,16796,0,20.35,91574254,91574254,739,252,SUCCESS,775184,0,warm20,3315712,633088,0,561280,,,,,49,24,used,,,,20260917-2319
2026-09-17 23:36:57,HAUSP-UB[noEUCS],SIGN,21,2,0.003000,0.000,0.016,851890,398,0,4945,4945,0,0,0,90859133,33,90095416,53,0.000000,0.189470,0.189491,17093,0,20.73,90858891,90858891,735,253,SUCCESS,763694,0,warm20,3438592,653152,0,580224,,,,,53,23,used,,,,20260917-2319
2026-09-17 23:37:02,HAUSP-UB[noEUCS],SIGN,22,2,0.003000,0.000,0.016,884460,410,0,5023,5023,0,0,0,90560831,30,89808821,57,0.000000,0.188086,0.188107,16490,0,21.10,90560590,90560590,749,254,SUCCESS,751992,0,warm20,3569664,674592,0,588672,,,,,57,18,used,,,,20260917-2319
2026-09-17 23:37:07,HAUSP-UB[noEUCS],SIGN,23,2,0.003000,0.000,0.016,916886,422,0,4983,4983,0,0,0,87982799,32,87259765,56,0.000000,0.186182,0.186203,15488,0,21.47,87982558,87982557,753,255,SUCCESS,723015,0,warm20,3713024,696640,0,606208,,,,,56,19,used,,,,20260917-2319
2026-09-17 23:37:12,HAUSP-UB[noEUCS],SIGN,24,2,0.003000,0.000,0.016,947537,434,0,4936,4936,0,0,0,86039616,33,85342140,53,0.000000,0.184956,0.184976,14733,0,22.17,86039373,86039372,753,255,SUCCESS,697455,0,warm20,4003840,716352,0,619520,,,,,53,21,used,,,,20260917-2319
2026-09-17 23:37:17,HAUSP-UB[noEUCS],SIGN,25,2,0.003000,0.000,0.016,967022,446,0,4890,4890,0,0,0,84051940,33,83374456,52,0.000000,0.185266,0.185288,14609,0,22.55,84051696,84051696,753,255,SUCCESS,677462,0,warm20,4161536,732384,0,637952,,,,,52,22,used,,,,20260917-2319
2026-09-17 23:37:22,HAUSP-UB[noEUCS],SIGN,26,2,0.003000,0.000,0.016,990505,458,0,4932,4932,0,0,0,83473077,31,82803848,54,0.000000,0.185190,0.185214,14363,0,22.92,83472833,83472833,749,255,SUCCESS,669209,0,warm20,4292608,750560,0,649600,,,,,54,20,used,,,,20260917-2319
2026-09-17 23:37:27,HAUSP-UB[noEUCS],SIGN,27,2,0.003000,0.000,0.016,1016244,470,0,4896,4896,0,0,0,81562343,30,80912061,61,0.000000,0.184275,0.184300,13905,0,23.30,81562099,81562099,747,255,SUCCESS,650263,0,warm20,4440064,767424,0,654208,,,,,61,19,used,,,,20260917-2319
2026-09-17 23:37:32,HAUSP-UB[noEUCS],SIGN,28,2,0.003000,0.000,0.016,1047408,482,0,4911,4911,0,0,0,80919576,26,80281821,64,0.000000,0.182475,0.182502,13478,0,23.99,80919333,80919333,752,260,SUCCESS,637741,0,warm20,4694016,787776,0,685440,,,,,64,14,used,,,,20260917-2319
2026-09-17 23:37:37,HAUSP-UB[noEUCS],SIGN,29,2,0.003000,0.000,0.016,1079371,494,0,4915,4915,0,0,0,79700384,27,79076611,71,0.000000,0.181677,0.181704,13241,0,24.37,79700136,79700136,740,261,SUCCESS,623758,0,warm20,4825088,807232,0,706944,,,,,71,15,used,,,,20260917-2319
2026-09-17 23:37:42,HAUSP-UB[noEUCS],SIGN,30,2,0.003000,0.000,0.016,1110602,506,0,4926,4927,0,0,0,78848977,29,78235534,77,0.000000,0.180587,0.180615,13007,0,25.06,78848731,78848731,734,263,SUCCESS,613429,0,warm20,5107712,826272,0,731392,,,,,77,14,used,,,,20260917-2319
2026-09-17 23:37:47,HAUSP-UB[noEUCS],SIGN,31,2,0.003000,0.000,0.016,1139446,518,0,4956,4956,0,0,0,78222313,30,77620427,73,0.000000,0.180452,0.180481,12846,0,25.44,78222066,78222066,739,265,SUCCESS,601872,0,warm20,5226496,845920,0,757376,,,,,73,14,used,,,,20260917-2319
2026-09-17 23:37:52,HAUSP-UB[noEUCS],SIGN,32,2,0.003000,0.000,0.016,1169601,530,0,4995,4995,0,0,0,77707116,26,77117355,74,0.000000,0.180281,0.180313,12622,0,25.81,77706866,77706866,741,266,SUCCESS,589750,0,warm20,5332992,866144,0,778880,,,,,74,11,used,,,,20260917-2319
2026-09-17 23:37:57,HAUSP-UB[noEUCS],SIGN,33,2,0.003000,0.000,0.016,1194955,542,0,4942,4942,0,0,0,76383493,24,75806716,71,0.000000,0.179947,0.179980,12294,0,19.82,76383242,76383242,738,266,SUCCESS,576768,0,warm20,5619712,884320,0,791936,,,,,71,9,used,,,,20260917-2319
2026-09-17 23:38:02,HAUSP-UB[noEUCS],SIGN,34,2,0.003000,0.000,0.016,1225092,554,0,4993,4993,0,0,0,75886310,27,75317138,71,0.000000,0.179369,0.179400,12117,0,20.16,75886058,75886058,737,266,SUCCESS,569159,0,warm20,5718016,904512,0,809856,,,,,71,13,used,,,,20260917-2319
2026-09-17 23:38:07,HAUSP-UB[noEUCS],SIGN,35,2,0.003000,0.000,0.016,1265597,566,0,5363,5363,0,0,0,80838528,27,80243454,64,0.000000,0.177587,0.177615,12584,0,20.67,80838276,80838276,739,267,SUCCESS,595061,0,warm20,5857280,929472,0,859008,,,,,64,13,used,,,,20260917-2319
2026-09-17 23:38:13,HAUSP-UB[noEUCS],SIGN,36,2,0.003000,0.000,0.016,1300784,578,0,5594,5594,0,0,0,83171681,31,82562944,65,0.000000,0.177249,0.177276,12940,0,20.91,83171428,83171428,736,267,SUCCESS,608720,0,warm20,5910528,951104,0,880512,,,,,65,17,used,,,,20260917-2319
2026-09-17 23:38:18,HAUSP-UB[noEUCS],SIGN,37,2,0.003000,0.000,0.016,1330102,590,0,5694,5694,0,0,0,83351687,30,82746645,65,0.000000,0.177117,0.177144,12801,0,21.19,83351434,83351434,738,267,SUCCESS,605026,0,warm20,5971968,972416,0,913664,,,,,65,16,used,,,,20260917-2319
2026-09-17 23:38:24,HAUSP-UB[noEUCS],SIGN,38,2,0.003000,0.000,0.016,1352225,602,0,5640,5640,0,0,0,81466552,30,80877018,62,0.000000,0.176708,0.176736,12469,0,21.35,81466300,81466300,736,267,SUCCESS,589519,0,warm20,5992448,989184,0,931072,,,,,62,15,used,,,,20260917-2319
2026-09-17 23:38:30,HAUSP-UB[noEUCS],SIGN,39,2,0.003000,0.000,0.016,1378844,614,0,5727,5727,0,0,0,81488994,30,80902153,64,0.000000,0.177266,0.177294,12541,0,21.57,81488742,81488742,736,267,SUCCESS,586826,0,warm20,6037504,1009024,0,949760,,,,,64,15,used,,,,20260917-2319
2026-09-17 23:38:35,HAUSP-UB[noEUCS],SIGN,40,2,0.003000,0.000,0.016,1404925,626,0,5613,5613,0,0,0,80576224,29,80002004,65,0.000000,0.176620,0.176649,12159,0,21.74,80575972,80575972,736,267,SUCCESS,574206,0,warm20,6053888,1027168,0,958080,,,,,65,14,used,,,,20260917-2319
2026-09-17 23:38:41,HAUSP-UB[noEUCS],SIGN,41,2,0.003000,0.000,0.016,1430972,638,0,5701,5701,0,0,0,80609918,29,80036057,66,0.000000,0.176688,0.176717,12165,0,21.91,80609666,80609666,739,267,SUCCESS,573847,0,warm20,6078464,1046080,0,973440,,,,,66,14,used,,,,20260917-2319
2026-09-17 23:38:47,HAUSP-UB[noEUCS],SIGN,42,2,0.003000,0.000,0.016,1466019,650,0,5846,5846,0,0,0,81182667,30,80606246,68,0.000000,0.176547,0.176576,12206,0,22.09,81182416,81182416,740,267,SUCCESS,576407,0,warm20,6107136,1069536,0,991104,,,,,68,14,used,,,,20260917-2319
2026-09-17 23:38:53,HAUSP-UB[noEUCS],SIGN,43,2,0.003000,0.000,0.016,1489446,662,0,5842,5842,0,0,0,80029808,31,79463543,68,0.000000,0.176775,0.176803,12092,0,22.27,80029557,80029557,739,267,SUCCESS,566250,0,warm20,6144000,1088704,0,997376,,,,,68,15,used,,,,20260917-2319
2026-09-17 23:38:59,HAUSP-UB[noEUCS],SIGN,44,2,0.003000,0.000,0.016,1520720,674,0,6062,6062,0,0,0,81479098,33,80906771,61,0.000000,0.177065,0.177093,12357,0,22.56,81478848,81478842,747,267,SUCCESS,572311,0,warm20,6225920,1111488,0,1012096,,,,,61,16,used,,,,20260917-2319
2026-09-17 23:39:05,HAUSP-UB[noEUCS],SIGN,45,2,0.003000,0.000,0.016,1553182,686,0,6251,6251,0,0,0,82645188,33,82066893,70,0.000000,0.177822,0.177849,12724,0,22.82,82644938,82644934,751,267,SUCCESS,578279,0,warm20,6291456,1133856,0,1031808,,,,,70,16,used,,,,20260917-2319
2026-09-17 23:39:12,HAUSP-UB[noEUCS],SIGN,46,2,0.003000,0.000,0.016,1586819,698,0,6535,6535,0,0,0,85096331,33,84506685,62,0.000000,0.178120,0.178147,12860,0,23.11,85096082,85096080,753,267,SUCCESS,589631,0,warm20,6379520,1157856,0,1041920,,,,,62,15,used,,,,20260917-2319
2026-09-17 23:39:18,HAUSP-UB[noEUCS],SIGN,47,2,0.003000,0.000,0.016,1616945,710,0,6765,6765,0,0,0,87119701,32,86519945,64,0.000000,0.177510,0.177536,12890,0,23.41,87119452,87119451,754,267,SUCCESS,599742,0,warm20,6461440,1179744,0,1063168,,,,,64,14,used,,,,20260917-2319
2026-09-17 23:39:25,HAUSP-UB[noEUCS],SIGN,48,2,0.003000,0.000,0.016,1649145,722,0,6886,6886,0,0,0,87885998,32,87285610,63,0.000000,0.176659,0.176686,12904,0,23.73,87885749,87885749,752,267,SUCCESS,600374,0,warm20,6567936,1201088,0,1069824,,,,,63,14,used,,,,20260917-2319
2026-09-17 23:39:32,HAUSP-UB[noEUCS],SIGN,49,2,0.003000,0.000,0.016,1668652,730,0,6865,6865,0,0,0,87193705,32,86599744,60,0.000000,0.176058,0.176085,12666,0,24.05,87193456,87193456,754,267,SUCCESS,593947,0,warm20,6678528,1214656,0,1081344,,,,,60,14,used,,,,20260917-2319
2026-09-17 23:39:36,HAUSP-UB[noEUCS],SIGN,0,0,0.003000,0.000,0.200,319686,146,3,3138,3142,0,0,0,106349081,2,104965474,143,0.000000,0.178773,0.178783,23387,0,13.86,106349081,106348144,937,217,SUCCESS,1383605,0,warm20,1103360,242848,0,179968,,,,,143,2,used,,,,20260917-2319
2026-09-17 23:39:39,HAUSP-UB[noEUCS],SIGN,1,0,0.003000,0.000,0.008,334092,152,0,3104,3104,0,0,0,107046451,6,105693981,181,0.000000,0.178764,0.178773,23347,0,14.25,107046234,107046233,721,218,SUCCESS,1352464,0,warm20,1235456,253504,0,191360,,,,,181,6,used,,,,20260917-2319
2026-09-17 23:39:42,HAUSP-UB[noEUCS],SIGN,2,0,0.003000,0.000,0.008,345121,158,0,3072,3072,0,0,0,104450506,7,103148010,332,0.000000,0.179987,0.179998,23125,0,14.57,104450288,104450288,720,222,SUCCESS,1302489,0,warm20,1383936,261888,0,202240,,,,,332,7,used,,,,20260917-2319
2026-09-17 23:39:45,HAUSP-UB[noEUCS],SIGN,3,0,0.003000,0.000,0.008,358047,164,0,3157,3157,0,0,0,105095072,8,103809348,252,0.000000,0.181684,0.181694,22486,0,14.64,105094850,105094844,722,223,SUCCESS,1285716,0,warm20,1455104,272192,0,211456,,,,,252,8,used,,,,20260917-2319
2026-09-17 23:39:48,HAUSP-UB[noEUCS],SIGN,4,0,0.003000,0.000,0.008,369331,170,0,3071,3071,0,0,0,100527745,7,99314342,124,0.000000,0.182239,0.182250,21958,0,15.04,100527522,100527522,720,224,SUCCESS,1213396,0,warm20,1514752,280416,0,221184,,,,,124,7,used,,,,20260917-2319
2026-09-17 23:39:51,HAUSP-UB[noEUCS],SIGN,5,0,0.003000,0.000,0.008,383289,176,0,3133,3133,0,0,0,100371827,7,99190447,47,0.000000,0.182254,0.182265,21751,0,15.10,100371603,100371598,725,224,SUCCESS,1181373,0,warm20,1564160,291584,0,225792,,,,,47,7,used,,,,20260917-2319
2026-09-17 23:39:54,HAUSP-UB[noEUCS],SIGN,6,0,0.003000,0.000,0.008,393230,182,0,3098,3098,0,0,0,97612223,10,96477573,41,0.000000,0.183995,0.184006,21796,0,15.42,97611999,97611999,719,225,SUCCESS,1134640,0,warm20,1638400,299488,0,229632,,,,,41,10,used,,,,20260917-2319
2026-09-17 23:39:57,HAUSP-UB[noEUCS],SIGN,7,0,0.003000,0.000,0.008,408594,188,0,3042,3043,0,0,0,94018829,10,92948927,48,0.000000,0.183682,0.183695,20533,0,15.51,94018604,94018602,726,226,SUCCESS,1069892,0,warm20,1697792,310304,0,242304,,,,,48,10,used,,,,20260917-2319
2026-09-17 23:40:01,HAUSP-UB[noEUCS],SIGN,8,0,0.003000,0.000,0.008,428453,194,0,3247,3248,0,0,0,98714907,10,97619084,138,0.000000,0.183816,0.183828,20113,0,15.89,98714682,98714679,728,227,SUCCESS,1095814,0,warm20,1760256,323296,0,251520,,,,,138,9,used,,,,20260917-2319
2026-09-17 23:40:04,HAUSP-UB[noEUCS],SIGN,9,0,0.003000,0.000,0.008,446004,200,0,3653,3654,0,0,0,109908170,10,108700461,166,0.000000,0.183474,0.183485,19376,0,16.21,109907944,109907940,731,227,SUCCESS,1207700,0,warm20,1901568,334784,0,259072,,,,,166,9,used,,,,20260917-2319
2026-09-17 23:40:08,HAUSP-UB[noEUCS],SIGN,10,0,0.003000,0.000,0.008,456476,206,0,3560,3560,0,0,0,105690461,10,104541796,189,0.000000,0.183692,0.183704,18895,0,16.30,105690235,105690235,729,227,SUCCESS,1148656,0,warm20,1942528,342944,0,264064,,,,,189,9,used,,,,20260917-2319
2026-09-17 23:40:11,HAUSP-UB[noEUCS],SIGN,11,0,0.003000,0.000,0.008,466138,212,0,3474,3474,0,0,0,101867255,10,100771369,162,0.000000,0.183122,0.183135,18242,0,16.68,101867029,101867029,729,228,SUCCESS,1095877,0,warm20,2041856,351264,0,273792,,,,,162,9,used,,,,20260917-2319
2026-09-17 23:40:15,HAUSP-UB[noEUCS],SIGN,12,0,0.003000,0.000,0.008,480433,218,0,3532,3532,0,0,0,101542469,12,100469113,114,0.000000,0.183421,0.183433,18295,0,17.00,101542242,101542242,729,230,SUCCESS,1073345,0,warm20,2168832,362304,0,283136,,,,,114,11,used,,,,20260917-2319
2026-09-17 23:40:19,HAUSP-UB[noEUCS],SIGN,13,0,0.003000,0.000,0.008,496413,224,0,3680,3680,0,0,0,103912803,13,102841976,70,0.000000,0.185180,0.185193,19145,0,17.38,103912575,103912561,742,230,SUCCESS,1070816,0,warm20,2327040,374144,0,288640,,,,,70,11,used,,,,20260917-2319
2026-09-17 23:40:22,HAUSP-UB[noEUCS],SIGN,14,0,0.003000,0.000,0.008,507190,230,0,3664,3664,0,0,0,102005291,13,100962339,63,0.000000,0.184851,0.184864,18586,0,17.79,102005063,102005063,741,230,SUCCESS,1042941,0,warm20,2471936,382752,0,289920,,,,,63,11,used,,,,20260917-2319
2026-09-17 23:40:26,HAUSP-UB[noEUCS],SIGN,15,0,0.003000,0.000,0.008,518654,236,0,3891,3891,0,0,0,105801717,13,104734326,62,0.000000,0.187631,0.187644,19660,0,17.85,105801489,105801484,747,231,SUCCESS,1067380,0,warm20,2480128,393568,0,297088,,,,,62,11,used,,,,20260917-2319
2026-09-17 23:40:30,HAUSP-UB[noEUCS],SIGN,16,0,0.003000,0.000,0.008,536314,242,0,4168,4168,0,0,0,110903870,13,109803820,55,0.000000,0.187710,0.187723,20004,0,18.17,110903641,110903635,752,231,SUCCESS,1100039,0,warm20,2602240,406048,0,306048,,,,,55,11,used,,,,20260917-2319
2026-09-17 23:40:34,HAUSP-UB[noEUCS],SIGN,17,0,0.003000,0.000,0.008,544548,248,0,4096,4097,0,0,0,108072255,12,107007462,57,0.000000,0.187585,0.187598,19532,0,18.58,108072026,108072026,747,231,SUCCESS,1064783,0,warm20,2740992,412832,0,312448,,,,,57,10,used,,,,20260917-2319
2026-09-17 23:40:38,HAUSP-UB[noEUCS],SIGN,18,0,0.003000,0.000,0.008,556990,254,0,4077,4077,0,0,0,106340937,17,105307647,49,0.000000,0.186752,0.186766,18960,0,18.96,106340708,106340708,747,234,SUCCESS,1033275,0,warm20,2854912,423136,0,332928,,,,,49,15,used,,,,20260917-2319
2026-09-17 23:40:43,HAUSP-UB[noEUCS],SIGN,19,0,0.003000,0.000,0.008,569490,260,0,4130,4130,0,0,0,106054153,19,105030318,43,0.000000,0.186644,0.186657,18933,0,18.96,106053921,106053921,746,235,SUCCESS,1023818,0,warm20,2854912,433536,0,344192,,,,,43,17,used,,,,20260917-2319
2026-09-17 23:40:47,HAUSP-UB[noEUCS],SIGN,20,0,0.003000,0.000,0.008,587283,266,0,4401,4401,0,0,0,112027322,20,110966667,53,0.000000,0.181947,0.181961,18422,0,19.37,112027089,112027073,764,241,SUCCESS,1060637,0,warm20,2939648,445568,0,380032,,,,,53,18,used,,,,20260917-2319
2026-09-17 23:40:51,HAUSP-UB[noEUCS],SIGN,21,0,0.003000,0.000,0.008,601918,272,0,4439,4439,0,0,0,111123670,22,110078775,57,0.000000,0.181782,0.181797,18161,0,19.43,111123430,111123423,765,246,SUCCESS,1044874,0,warm20,2951936,455808,0,408192,,,,,57,21,used,,,,20260917-2319
2026-09-17 23:40:56,HAUSP-UB[noEUCS],SIGN,22,0,0.003000,0.000,0.008,613134,278,0,4481,4481,0,0,0,110441739,22,109411906,56,0.000000,0.182594,0.182609,18187,0,19.75,110441494,110441494,758,246,SUCCESS,1029812,0,warm20,3039744,465792,0,414080,,,,,56,21,used,,,,20260917-2319
2026-09-17 23:41:00,HAUSP-UB[noEUCS],SIGN,23,0,0.003000,0.000,0.008,625156,284,0,4360,4360,0,0,0,106258475,20,105274942,60,0.000000,0.181910,0.181926,17486,0,19.81,106258231,106258231,757,246,SUCCESS,983515,0,warm20,3056640,473920,0,423040,,,,,60,18,used,,,,20260917-2319
2026-09-17 23:41:05,HAUSP-UB[noEUCS],SIGN,24,0,0.003000,0.000,0.008,639272,290,0,4301,4301,0,0,0,103673264,22,102726235,59,0.000000,0.181624,0.181641,17307,0,19.90,103673020,103673020,760,246,SUCCESS,947009,0,warm20,3075072,484064,0,430976,,,,,59,20,used,,,,20260917-2319
2026-09-17 23:41:09,HAUSP-UB[noEUCS],SIGN,25,0,0.003000,0.000,0.008,650468,296,0,4324,4324,0,0,0,103005832,23,102072686,61,0.000000,0.181756,0.181772,17338,0,19.95,103005589,103005589,756,246,SUCCESS,933126,0,warm20,3096576,493856,0,440960,,,,,61,20,used,,,,20260917-2319
2026-09-17 23:41:13,HAUSP-UB[noEUCS],SIGN,26,0,0.003000,0.000,0.008,661807,302,0,4336,4336,0,0,0,102278280,22,101356166,66,0.000000,0.180799,0.180817,16997,0,20.28,102278039,102278039,756,246,SUCCESS,922097,0,warm20,3112960,502720,0,450432,,,,,66,17,used,,,,20260917-2319
2026-09-17 23:41:18,HAUSP-UB[noEUCS],SIGN,27,0,0.003000,0.000,0.008,671849,308,0,4268,4268,0,0,0,99724640,24,98829400,63,0.000000,0.180223,0.180241,16446,0,20.37,99724400,99724400,753,246,SUCCESS,895222,0,warm20,3129344,511008,0,456576,,,,,63,18,used,,,,20260917-2319
2026-09-17 23:41:22,HAUSP-UB[noEUCS],SIGN,28,0,0.003000,0.000,0.008,682126,314,0,4271,4271,0,0,0,98664500,24,97783193,59,0.000000,0.180669,0.180687,16420,0,20.43,98664260,98664260,754,246,SUCCESS,881289,0,warm20,3139584,519168,0,465792,,,,,59,18,used,,,,20260917-2319
2026-09-17 23:41:26,HAUSP-UB[noEUCS],SIGN,29,0,0.003000,0.000,0.008,695776,320,0,4450,4450,0,0,0,100691676,25,99797371,52,0.000000,0.181944,0.181962,16853,0,20.43,100691436,100691436,758,247,SUCCESS,894286,0,warm20,3145728,530240,0,481408,,,,,52,19,used,,,,20260917-2319
2026-09-17 23:41:31,HAUSP-UB[noEUCS],SIGN,30,0,0.003000,0.000,0.008,707653,326,0,4424,4424,0,0,0,99017923,25,98142179,52,0.000000,0.181542,0.181561,16464,0,20.52,99017682,99017682,752,247,SUCCESS,875725,0,warm20,3158016,539136,0,483456,,,,,52,19,used,,,,20260917-2319
2026-09-17 23:41:35,HAUSP-UB[noEUCS],SIGN,31,0,0.003000,0.000,0.008,720279,332,0,4353,4353,0,0,0,96439389,26,95591014,55,0.000000,0.180791,0.180809,15898,0,20.57,96439148,96439148,752,247,SUCCESS,848355,0,warm20,3170304,548128,0,491392,,,,,55,20,used,,,,20260917-2319
2026-09-17 23:41:39,HAUSP-UB[noEUCS],SIGN,32,0,0.003000,0.000,0.008,730705,338,0,4348,4348,0,0,0,95316430,28,94481770,55,0.000000,0.181316,0.181334,15828,0,20.89,95316189,95316189,753,249,SUCCESS,834638,0,warm20,3174400,556992,0,501120,,,,,55,22,used,,,,20260917-2319
2026-09-17 23:41:44,HAUSP-UB[noEUCS],SIGN,33,0,0.003000,0.000,0.008,744420,344,0,4384,4384,0,0,0,94575230,27,93751606,57,0.000000,0.183838,0.183857,16554,0,20.95,94574989,94574989,753,250,SUCCESS,823605,0,warm20,3190784,566592,0,513408,,,,,57,19,used,,,,20260917-2319
2026-09-17 23:41:48,HAUSP-UB[noEUCS],SIGN,34,0,0.003000,0.000,0.008,756980,350,0,4450,4450,0,0,0,94589953,26,93768264,56,0.000000,0.185007,0.185026,16743,0,21.04,94589711,94589711,752,250,SUCCESS,821671,0,warm20,3219456,576928,0,521216,,,,,56,18,used,,,,20260917-2319
2026-09-17 23:41:53,HAUSP-UB[noEUCS],SIGN,35,0,0.003000,0.000,0.008,768219,356,0,4434,4434,0,0,0,93218110,26,92411858,57,0.000000,0.185391,0.185410,16721,0,21.42,93217868,93217868,751,250,SUCCESS,806234,0,warm20,3301376,586656,0,523264,,,,,57,18,used,,,,20260917-2319
2026-09-17 23:41:57,HAUSP-UB[noEUCS],SIGN,36,0,0.003000,0.000,0.008,777786,362,0,4452,4452,0,0,0,92381711,27,91583827,57,0.000000,0.185781,0.185801,16692,0,21.42,92381471,92381471,750,251,SUCCESS,797867,0,warm20,3313664,594336,0,531456,,,,,57,17,used,,,,20260917-2319
2026-09-17 23:42:02,HAUSP-UB[noEUCS],SIGN,37,0,0.003000,0.000,0.008,790994,368,0,4564,4564,0,0,0,93541281,30,92740130,53,0.000000,0.187070,0.187089,16986,0,21.84,93541040,93541040,748,252,SUCCESS,801131,0,warm20,3416064,605088,0,553600,,,,,53,20,used,,,,20260917-2319
2026-09-17 23:42:06,HAUSP-UB[noEUCS],SIGN,38,0,0.003000,0.000,0.008,803248,374,0,4558,4558,0,0,0,92359913,33,91571875,48,0.000000,0.187268,0.187288,16821,0,21.89,92359670,92359670,744,252,SUCCESS,788014,0,warm20,3428352,614496,0,559744,,,,,48,24,used,,,,20260917-2319
2026-09-17 23:42:11,HAUSP-UB[noEUCS],SIGN,39,0,0.003000,0.000,0.008,817420,380,0,4576,4576,0,0,0,91757519,34,90979238,46,0.000000,0.187376,0.187397,16757,0,22.22,91757276,91757276,740,252,SUCCESS,778256,0,warm20,3555328,624736,0,562304,,,,,46,25,used,,,,20260917-2319
2026-09-17 23:42:15,HAUSP-UB[noEUCS],SIGN,40,0,0.003000,0.000,0.008,828605,386,0,4622,4622,0,0,0,91574496,34,90799288,49,0.000000,0.187829,0.187850,16796,0,22.31,91574254,91574254,739,252,SUCCESS,775184,0,warm20,3575808,633088,0,563328,,,,,49,24,used,,,,20260917-2319
2026-09-17 23:42:20,HAUSP-UB[noEUCS],SIGN,41,0,0.003000,0.000,0.008,840915,392,0,4669,4669,0,0,0,91250481,34,90481692,49,0.000000,0.187972,0.187992,16767,0,22.69,91250239,91250239,738,253,SUCCESS,768765,0,warm20,3694592,643584,0,575104,,,,,49,24,used,,,,20260917-2319
2026-09-17 23:42:25,HAUSP-UB[noEUCS],SIGN,42,0,0.003000,0.000,0.008,851890,398,0,4697,4697,0,0,0,90859133,33,90095416,53,0.000000,0.189470,0.189491,17093,0,22.69,90858890,90858890,734,253,SUCCESS,763694,0,warm20,3727360,653152,0,582272,,,,,53,23,used,,,,20260917-2319
2026-09-17 23:42:30,HAUSP-UB[noEUCS],SIGN,43,0,0.003000,0.000,0.008,867106,404,0,4744,4744,0,0,0,91145545,34,90386554,55,0.000000,0.188551,0.188572,16906,0,23.06,91145301,91145301,736,254,SUCCESS,758966,0,warm20,3829760,663840,0,587392,,,,,55,25,used,,,,20260917-2319
2026-09-17 23:42:34,HAUSP-UB[noEUCS],SIGN,44,0,0.003000,0.000,0.008,884460,410,0,4764,4764,0,0,0,90560831,30,89808821,57,0.000000,0.188086,0.188107,16490,0,23.48,90560589,90560589,748,254,SUCCESS,751992,0,warm20,3985408,674592,0,590720,,,,,57,18,used,,,,20260917-2319
2026-09-17 23:42:39,HAUSP-UB[noEUCS],SIGN,45,0,0.003000,0.000,0.008,901027,416,0,4722,4722,0,0,0,88711859,30,87977905,57,0.000000,0.187128,0.187150,15893,0,23.86,88711618,88711617,753,254,SUCCESS,733937,0,warm20,4130816,684960,0,595584,,,,,57,17,used,,,,20260917-2319
2026-09-17 23:42:44,HAUSP-UB[noEUCS],SIGN,46,0,0.003000,0.000,0.008,916886,422,0,4728,4728,0,0,0,87982799,32,87259765,56,0.000000,0.186182,0.186203,15488,0,24.18,87982558,87982558,753,255,SUCCESS,723015,0,warm20,4276224,696640,0,608256,,,,,56,19,used,,,,20260917-2319
2026-09-17 23:42:49,HAUSP-UB[noEUCS],SIGN,47,0,0.003000,0.000,0.008,933116,428,0,4698,4698,0,0,0,86901399,32,86192255,58,0.000000,0.185469,0.185491,15117,0,24.60,86901156,86901153,755,255,SUCCESS,709124,0,warm20,4423680,706624,0,620544,,,,,58,20,used,,,,20260917-2319
2026-09-17 23:42:53,HAUSP-UB[noEUCS],SIGN,48,0,0.003000,0.000,0.008,947537,434,0,4680,4680,0,0,0,86039616,33,85342140,53,0.000000,0.184956,0.184976,14733,0,24.98,86039373,86039373,753,255,SUCCESS,697455,0,warm20,4583424,716352,0,621568,,,,,53,21,used,,,,20260917-2319
2026-09-17 23:42:58,HAUSP-UB[noEUCS],SIGN,49,0,0.003000,0.000,0.008,957204,440,0,4641,4641,0,0,0,84747143,33,84062317,53,0.000000,0.184981,0.185003,14599,0,24.98,84746900,84746900,753,255,SUCCESS,684805,0,warm20,4599808,724224,0,631808,,,,,53,21,used,,,,20260917-2319
2026-09-17 23:43:02,HAUSP-UB[noEUCS],SIGN,50,0,0.003000,0.000,0.008,967022,446,0,4635,4635,0,0,0,84051940,33,83374456,52,0.000000,0.185266,0.185288,14609,0,25.39,84051696,84051696,753,255,SUCCESS,677462,0,warm20,4710400,732384,0,640000,,,,,52,22,used,,,,20260917-2319
2026-09-17 23:43:07,HAUSP-UB[noEUCS],SIGN,51,0,0.003000,0.000,0.008,979636,452,0,4693,4693,0,0,0,84516415,31,83836857,54,0.000000,0.185286,0.185309,14554,0,25.77,84516171,84516171,751,255,SUCCESS,679538,0,warm20,4874240,741728,0,641408,,,,,54,20,used,,,,20260917-2319
2026-09-17 23:43:12,HAUSP-UB[noEUCS],SIGN,52,0,0.003000,0.000,0.008,990505,458,0,4654,4654,0,0,0,83473077,31,82803848,54,0.000000,0.185190,0.185214,14363,0,25.85,83472833,83472833,749,255,SUCCESS,669209,0,warm20,5009408,750560,0,651648,,,,,54,20,used,,,,20260917-2319
2026-09-17 23:43:16,HAUSP-UB[noEUCS],SIGN,53,0,0.003000,0.000,0.008,1001386,464,0,4580,4580,0,0,0,81675208,31,81021157,55,0.000000,0.184680,0.184703,14056,0,17.88,81674964,81674964,748,255,SUCCESS,654031,0,warm20,5185536,757664,0,654208,,,,,55,20,used,,,,20260917-2319
2026-09-17 23:43:21,HAUSP-UB[noEUCS],SIGN,54,0,0.003000,0.000,0.008,1016244,470,0,4623,4623,0,0,0,81562343,30,80912061,61,0.000000,0.184275,0.184300,13905,0,18.18,81562099,81562099,747,255,SUCCESS,650263,0,warm20,5300224,767424,0,656256,,,,,61,19,used,,,,20260917-2319
2026-09-17 23:43:26,HAUSP-UB[noEUCS],SIGN,55,0,0.003000,0.000,0.008,1027129,476,0,4628,4628,0,0,0,81091130,30,80446540,61,0.000000,0.184180,0.184205,13871,0,18.48,81090888,81090888,747,256,SUCCESS,644573,0,warm20,5406720,776064,0,666496,,,,,61,17,used,,,,20260917-2319
2026-09-17 23:43:30,HAUSP-UB[noEUCS],SIGN,56,0,0.003000,0.000,0.008,1047408,482,0,4677,4677,0,0,0,80919576,26,80281821,64,0.000000,0.182475,0.182502,13478,0,18.85,80919332,80919332,751,260,SUCCESS,637741,0,warm20,5500928,787776,0,695680,,,,,64,14,used,,,,20260917-2319
2026-09-17 23:43:35,HAUSP-UB[noEUCS],SIGN,57,0,0.003000,0.000,0.008,1060421,488,0,4684,4685,0,0,0,80249837,26,79618811,61,0.000000,0.182345,0.182371,13277,0,19.17,80249589,80249589,745,260,SUCCESS,631012,0,warm20,5615616,796864,0,708992,,,,,61,14,used,,,,20260917-2319
2026-09-17 23:43:40,HAUSP-UB[noEUCS],SIGN,58,0,0.003000,0.000,0.008,1079371,494,0,4694,4694,0,0,0,79700384,27,79076611,71,0.000000,0.181677,0.181704,13241,0,19.39,79700136,79700136,740,261,SUCCESS,623758,0,warm20,5672960,807232,0,721280,,,,,71,15,used,,,,20260917-2319
2026-09-17 23:43:44,HAUSP-UB[noEUCS],SIGN,59,0,0.003000,0.000,0.008,1096747,500,0,4720,4720,0,0,0,79508039,28,78887045,77,0.000000,0.180738,0.180766,13167,0,19.72,79507791,79507791,737,263,SUCCESS,620979,0,warm20,5771264,817088,0,743296,,,,,77,15,used,,,,20260917-2319
2026-09-17 23:43:49,HAUSP-UB[noEUCS],SIGN,60,0,0.003000,0.000,0.008,1110602,506,0,4721,4721,0,0,0,78848977,29,78235534,77,0.000000,0.180587,0.180615,13007,0,19.87,78848729,78848729,732,263,SUCCESS,613429,0,warm20,5804032,826272,0,745728,,,,,77,14,used,,,,20260917-2319
2026-09-17 23:43:54,HAUSP-UB[noEUCS],SIGN,61,0,0.003000,0.000,0.008,1124744,512,0,4717,4717,0,0,0,78177936,31,77572669,73,0.000000,0.180538,0.180567,12882,0,20.08,78177690,78177690,736,265,SUCCESS,605253,0,warm20,5849088,835776,0,766720,,,,,73,14,used,,,,20260917-2319
2026-09-17 23:43:59,HAUSP-UB[noEUCS],SIGN,62,0,0.003000,0.000,0.008,1139446,518,0,4746,4746,0,0,0,78222313,30,77620427,73,0.000000,0.180452,0.180481,12846,0,20.27,78222064,78222064,737,265,SUCCESS,601872,0,warm20,5902336,845920,0,767616,,,,,73,14,used,,,,20260917-2319
2026-09-17 23:44:03,HAUSP-UB[noEUCS],SIGN,63,0,0.003000,0.000,0.008,1156811,524,0,4772,4772,0,0,0,77990356,26,77395579,76,0.000000,0.180528,0.180560,12821,0,20.43,77990105,77990105,744,266,SUCCESS,594765,0,warm20,5910528,857024,0,779392,,,,,76,12,used,,,,20260917-2319
2026-09-17 23:44:08,HAUSP-UB[noEUCS],SIGN,64,0,0.003000,0.000,0.008,1169601,530,0,4789,4789,0,0,0,77707116,26,77117355,74,0.000000,0.180281,0.180313,12622,0,20.61,77706865,77706865,740,266,SUCCESS,589750,0,warm20,5943296,866144,0,793216,,,,,74,11,used,,,,20260917-2319
2026-09-17 23:44:13,HAUSP-UB[noEUCS],SIGN,65,0,0.003000,0.000,0.008,1183474,536,0,4793,4793,0,0,0,77230229,25,76646251,75,0.000000,0.180008,0.180040,12433,0,20.77,77229978,77229978,739,266,SUCCESS,583968,0,warm20,5971968,875744,0,795520,,,,,75,10,used,,,,20260917-2319
2026-09-17 23:44:18,HAUSP-UB[noEUCS],SIGN,66,0,0.003000,0.000,0.008,1194955,542,0,4780,4780,0,0,0,76383493,24,75806716,71,0.000000,0.179947,0.179980,12294,0,20.94,76383242,76383242,738,266,SUCCESS,576768,0,warm20,6000640,884320,0,806272,,,,,71,9,used,,,,20260917-2319
2026-09-17 23:44:23,HAUSP-UB[noEUCS],SIGN,67,0,0.003000,0.000,0.008,1209554,548,0,4761,4761,0,0,0,75630824,26,75062214,72,0.000000,0.179381,0.179413,12041,0,21.08,75630572,75630572,740,266,SUCCESS,568598,0,warm20,6025216,893888,0,807552,,,,,72,12,used,,,,20260917-2319
2026-09-17 23:44:27,HAUSP-UB[noEUCS],SIGN,68,0,0.003000,0.000,0.008,1225092,554,0,4818,4818,0,0,0,75886310,27,75317138,71,0.000000,0.179369,0.179400,12117,0,21.23,75886058,75886058,737,266,SUCCESS,569159,0,warm20,6033408,904512,0,824192,,,,,71,13,used,,,,20260917-2319
2026-09-17 23:44:32,HAUSP-UB[noEUCS],SIGN,69,0,0.003000,0.000,0.008,1246726,560,0,5016,5016,0,0,0,79450609,26,78863730,69,0.000000,0.177314,0.177344,12158,0,21.40,79450357,79450357,740,267,SUCCESS,586867,0,warm20,6045696,918208,0,841856,,,,,69,12,used,,,,20260917-2319
2026-09-17 23:44:38,HAUSP-UB[noEUCS],SIGN,70,0,0.003000,0.000,0.008,1265597,566,0,5132,5132,0,0,0,80838528,27,80243454,64,0.000000,0.177587,0.177615,12584,0,21.56,80838275,80838275,738,267,SUCCESS,595061,0,warm20,6049792,929472,0,873344,,,,,64,13,used,,,,20260917-2319
2026-09-17 23:44:43,HAUSP-UB[noEUCS],SIGN,71,0,0.003000,0.000,0.008,1283052,572,0,5190,5190,0,0,0,81194835,32,80598441,61,0.000000,0.177750,0.177778,12659,0,21.68,81194582,81194582,738,267,SUCCESS,596376,0,warm20,6053888,939584,0,885888,,,,,61,18,used,,,,20260917-2319
2026-09-17 23:44:48,HAUSP-UB[noEUCS],SIGN,72,0,0.003000,0.000,0.008,1300784,578,0,5342,5342,0,0,0,83171681,31,82562944,65,0.000000,0.177249,0.177276,12940,0,21.80,83171428,83171428,736,267,SUCCESS,608720,0,warm20,6066176,951104,0,894848,,,,,65,17,used,,,,20260917-2319
2026-09-17 23:44:53,HAUSP-UB[noEUCS],SIGN,73,0,0.003000,0.000,0.008,1316615,584,0,5437,5438,0,0,0,84148511,30,83536262,65,0.000000,0.177132,0.177159,12887,0,21.89,84148258,84148258,737,267,SUCCESS,612233,0,warm20,6066176,963200,0,899968,,,,,65,16,used,,,,20260917-2319
2026-09-17 23:44:59,HAUSP-UB[noEUCS],SIGN,74,0,0.003000,0.000,0.008,1330102,590,0,5419,5419,0,0,0,83351687,30,82746645,65,0.000000,0.177117,0.177144,12801,0,22.05,83351434,83351434,738,267,SUCCESS,605026,0,warm20,6074368,972416,0,928000,,,,,65,16,used,,,,20260917-2319
2026-09-17 23:45:04,HAUSP-UB[noEUCS],SIGN,75,0,0.003000,0.000,0.008,1342143,596,0,5385,5385,0,0,0,82418671,30,81821349,64,0.000000,0.176878,0.176905,12641,0,22.15,82418419,82418419,737,267,SUCCESS,597307,0,warm20,6078464,981184,0,941312,,,,,64,15,used,,,,20260917-2319
2026-09-17 23:45:10,HAUSP-UB[noEUCS],SIGN,76,0,0.003000,0.000,0.008,1352225,602,0,5350,5350,0,0,0,81466552,30,80877018,62,0.000000,0.176708,0.176736,12469,0,22.24,81466300,81466300,736,267,SUCCESS,589519,0,warm20,6078464,989184,0,945408,,,,,62,15,used,,,,20260917-2319
2026-09-17 23:45:15,HAUSP-UB[noEUCS],SIGN,77,0,0.003000,0.000,0.008,1364919,608,0,5403,5403,0,0,0,81502794,30,80913624,64,0.000000,0.177017,0.177045,12515,0,22.33,81502542,81502542,736,267,SUCCESS,589155,0,warm20,6086656,999168,0,946432,,,,,64,15,used,,,,20260917-2319
2026-09-17 23:45:21,HAUSP-UB[noEUCS],SIGN,78,0,0.003000,0.000,0.008,1378844,614,0,5442,5442,0,0,0,81488994,30,80902153,64,0.000000,0.177266,0.177294,12541,0,22.47,81488742,81488742,736,267,SUCCESS,586826,0,warm20,6098944,1009024,0,964096,,,,,64,15,used,,,,20260917-2319
2026-09-17 23:45:26,HAUSP-UB[noEUCS],SIGN,79,0,0.003000,0.000,0.008,1390075,620,0,5419,5419,0,0,0,80747716,29,80168197,64,0.000000,0.177037,0.177065,12364,0,22.56,80747464,80747464,736,267,SUCCESS,579505,0,warm20,6107136,1017312,0,964096,,,,,64,14,used,,,,20260917-2319
2026-09-17 23:45:31,HAUSP-UB[noEUCS],SIGN,80,0,0.003000,0.000,0.008,1404925,626,0,5425,5425,0,0,0,80576224,29,80002004,65,0.000000,0.176620,0.176649,12159,0,22.69,80575972,80575972,736,267,SUCCESS,574206,0,warm20,6115328,1027168,0,972416,,,,,65,14,used,,,,20260917-2319
2026-09-17 23:45:37,HAUSP-UB[noEUCS],SIGN,81,0,0.003000,0.000,0.008,1419540,632,0,5454,5454,0,0,0,80442823,29,79870482,66,0.000000,0.176665,0.176694,12230,0,22.80,80442571,80442571,735,267,SUCCESS,572327,0,warm20,6123520,1037088,0,977536,,,,,66,14,used,,,,20260917-2319
2026-09-17 23:45:42,HAUSP-UB[noEUCS],SIGN,82,0,0.003000,0.000,0.008,1430972,638,0,5515,5515,0,0,0,80609918,29,80036057,66,0.000000,0.176688,0.176717,12165,0,22.91,80609666,80609666,739,267,SUCCESS,573847,0,warm20,6131712,1046080,0,987776,,,,,66,14,used,,,,20260917-2319
2026-09-17 23:45:48,HAUSP-UB[noEUCS],SIGN,83,0,0.003000,0.000,0.008,1446547,644,0,5557,5557,0,0,0,80344277,30,79772488,66,0.000000,0.176675,0.176703,12128,0,23.04,80344025,80344025,735,267,SUCCESS,571774,0,warm20,6148096,1057088,0,999552,,,,,66,15,used,,,,20260917-2319
2026-09-17 23:45:54,HAUSP-UB[noEUCS],SIGN,84,0,0.003000,0.000,0.008,1466019,650,0,5662,5662,0,0,0,81182667,30,80606246,68,0.000000,0.176547,0.176576,12206,0,23.18,81182416,81182416,740,267,SUCCESS,576407,0,warm20,6172672,1069536,0,1005440,,,,,68,14,used,,,,20260917-2319
2026-09-17 23:45:59,HAUSP-UB[noEUCS],SIGN,85,0,0.003000,0.000,0.008,1477721,656,0,5651,5651,0,0,0,80509456,31,79938846,70,0.000000,0.176535,0.176563,12122,0,23.31,80509205,80509205,737,267,SUCCESS,570595,0,warm20,6197248,1078816,0,1005440,,,,,70,15,used,,,,20260917-2319
2026-09-17 23:46:05,HAUSP-UB[noEUCS],SIGN,86,0,0.003000,0.000,0.008,1489446,662,0,5658,5658,0,0,0,80029808,31,79463543,68,0.000000,0.176775,0.176803,12092,0,23.46,80029557,80029557,739,267,SUCCESS,566250,0,warm20,6230016,1088704,0,1011712,,,,,68,15,used,,,,20260917-2319
2026-09-17 23:46:11,HAUSP-UB[noEUCS],SIGN,87,0,0.003000,0.000,0.008,1504545,668,0,5739,5739,0,0,0,80675128,33,80106364,61,0.000000,0.176814,0.176842,12261,0,23.65,80674877,80674877,741,267,SUCCESS,568747,0,warm20,6270976,1099744,0,1025536,,,,,61,17,used,,,,20260917-2319
2026-09-17 23:46:16,HAUSP-UB[noEUCS],SIGN,88,0,0.003000,0.000,0.008,1520720,674,0,5847,5847,0,0,0,81479098,33,80906771,61,0.000000,0.177065,0.177093,12357,0,23.87,81478848,81478844,747,267,SUCCESS,572311,0,warm20,6340608,1111488,0,1026432,,,,,61,16,used,,,,20260917-2319
2026-09-17 23:46:22,HAUSP-UB[noEUCS],SIGN,89,0,0.003000,0.000,0.008,1534926,680,0,5889,5889,0,0,0,81485448,33,80914503,62,0.000000,0.177483,0.177511,12454,0,24.05,81485198,81485198,747,267,SUCCESS,570929,0,warm20,6381568,1122208,0,1037952,,,,,62,16,used,,,,20260917-2319
2026-09-17 23:46:28,HAUSP-UB[noEUCS],SIGN,90,0,0.003000,0.000,0.008,1553182,686,0,6033,6034,0,0,0,82645188,33,82066893,70,0.000000,0.177822,0.177849,12724,0,24.26,82644938,82644934,751,267,SUCCESS,578279,0,warm20,6438912,1133856,0,1046144,,,,,70,16,used,,,,20260917-2319
2026-09-17 23:46:35,HAUSP-UB[noEUCS],SIGN,91,0,0.003000,0.000,0.008,1569089,692,0,6146,6146,0,0,0,83514353,33,82931126,66,0.000000,0.178026,0.178053,12856,0,24.46,83514103,83514102,752,267,SUCCESS,583211,0,warm20,6500352,1145408,0,1047296,,,,,66,16,used,,,,20260917-2319
2026-09-17 23:46:41,HAUSP-UB[noEUCS],SIGN,92,0,0.003000,0.000,0.008,1586819,698,0,6313,6313,0,0,0,85096331,33,84506685,62,0.000000,0.178120,0.178147,12860,0,24.70,85096082,85096081,753,267,SUCCESS,589631,0,warm20,6569984,1157856,0,1056256,,,,,62,15,used,,,,20260917-2319
2026-09-17 23:46:47,HAUSP-UB[noEUCS],SIGN,93,0,0.003000,0.000,0.008,1606504,704,0,6482,6482,0,0,0,87230010,33,86629241,64,0.000000,0.177087,0.177113,12872,0,24.97,87229761,87229760,754,267,SUCCESS,600754,0,warm20,6641664,1170784,0,1076992,,,,,64,15,used,,,,20260917-2319
2026-09-17 23:46:54,HAUSP-UB[noEUCS],SIGN,94,0,0.003000,0.000,0.008,1616945,710,0,6533,6533,0,0,0,87119701,32,86519945,64,0.000000,0.177510,0.177536,12890,0,25.20,87119452,87119452,754,267,SUCCESS,599742,0,warm20,6721536,1179744,0,1077504,,,,,64,14,used,,,,20260917-2319
2026-09-17 23:47:00,HAUSP-UB[noEUCS],SIGN,95,0,0.003000,0.000,0.008,1631610,716,0,6598,6598,0,0,0,87979974,32,87378495,65,0.000000,0.176734,0.176761,12886,0,25.46,87979725,87979725,753,267,SUCCESS,601465,0,warm20,6807552,1189984,0,1083136,,,,,65,14,used,,,,20260917-2319
2026-09-17 23:47:07,HAUSP-UB[noEUCS],SIGN,96,0,0.003000,0.000,0.008,1649145,722,0,6651,6651,0,0,0,87885998,32,87285610,63,0.000000,0.176659,0.176686,12904,0,25.75,87885749,87885749,752,267,SUCCESS,600374,0,warm20,6914048,1201088,0,1084160,,,,,63,14,used,,,,20260917-2319
2026-09-17 23:47:14,HAUSP-UB[noEUCS],SIGN,97,0,0.003000,0.000,0.008,1663324,728,0,6665,6665,0,0,0,87551109,32,86954621,61,0.000000,0.176163,0.176190,12728,0,26.08,87550860,87550858,756,267,SUCCESS,596474,0,warm20,7038976,1211648,0,1087488,,,,,61,14,used,,,,20260917-2319
2026-09-17 23:47:20,HAUSP-UB[noEUCS],SIGN,98,0,0.003000,0.000,0.008,1668652,730,0,6661,6661,0,0,0,87193705,32,86599744,60,0.000000,0.176058,0.176085,12666,0,26.36,87193456,87193456,754,267,SUCCESS,593947,0,warm20,7143424,1214656,0,1095680,,,,,60,14,used,,,,20260917-2319
2026-09-17 23:47:27,HAUSP-UB[noEUCS],SIGN,99,0,0.003000,0.000,0.008,1668652,730,0,6662,6662,0,0,0,87193705,32,86599744,60,0.000000,0.176058,0.176085,12666,0,26.61,87193456,87193456,754,267,SUCCESS,593947,0,warm20,7241728,1214656,0,1095680,,,,,60,14,used,,,,20260917-2319
2026-09-17 23:47:31,HAUSP-UB[noEUCS],SIGN,0,1,0.003000,0.000,0.200,319686,146,1,3032,3033,0,0,0,106349081,2,104965474,143,0.000000,0.178773,0.178783,23387,0,13.55,106349081,106348144,937,217,SUCCESS,1383605,0,warm20,1074176,242848,0,179968,,,,,143,2,used,,,,20260917-2319
2026-09-17 23:47:34,HAUSP-UB[noEUCS],SIGN,1,1,0.003000,0.000,0.008,334092,152,0,3081,3081,0,0,0,107046451,6,105693981,181,0.000000,0.178764,0.178773,23347,0,13.92,107046234,107046233,721,218,SUCCESS,1352464,0,warm20,1205760,253504,0,191360,,,,,181,6,used,,,,20260917-2319
2026-09-17 23:47:37,HAUSP-UB[noEUCS],SIGN,2,1,0.003000,0.000,0.008,345121,158,0,3065,3065,0,0,0,104450506,7,103148010,332,0.000000,0.179987,0.179998,23125,0,14.29,104450288,104450288,720,222,SUCCESS,1302489,0,warm20,1358336,261888,0,202240,,,,,332,7,used,,,,20260917-2319
2026-09-17 23:47:40,HAUSP-UB[noEUCS],SIGN,3,1,0.003000,0.000,0.008,358047,164,0,3163,3163,0,0,0,105095072,8,103809348,252,0.000000,0.181684,0.181694,22486,0,14.66,105094850,105094844,722,223,SUCCESS,1285716,0,warm20,1499136,272192,0,211456,,,,,252,8,used,,,,20260917-2319
2026-09-17 23:47:43,HAUSP-UB[noEUCS],SIGN,4,1,0.003000,0.000,0.008,369331,170,0,3077,3077,0,0,0,100527745,7,99314342,124,0.000000,0.182239,0.182250,21958,0,14.71,100527522,100527522,720,224,SUCCESS,1213396,0,warm20,1514752,280416,0,221184,,,,,124,7,used,,,,20260917-2319
2026-09-17 23:47:46,HAUSP-UB[noEUCS],SIGN,5,1,0.003000,0.000,0.008,383289,176,0,3138,3138,0,0,0,100371827,7,99190447,47,0.000000,0.182254,0.182265,21751,0,15.08,100371603,100371598,725,224,SUCCESS,1181373,0,warm20,1623040,291584,0,225792,,,,,47,7,used,,,,20260917-2319
2026-09-17 23:47:49,HAUSP-UB[noEUCS],SIGN,6,1,0.003000,0.000,0.008,393230,182,0,3104,3104,0,0,0,97612223,10,96477573,41,0.000000,0.183995,0.184006,21796,0,15.13,97611999,97611999,719,225,SUCCESS,1134640,0,warm20,1628160,299488,0,229632,,,,,41,10,used,,,,20260917-2319
2026-09-17 23:47:52,HAUSP-UB[noEUCS],SIGN,7,1,0.003000,0.000,0.008,408594,188,0,3052,3052,0,0,0,94018829,10,92948927,48,0.000000,0.183682,0.183695,20533,0,15.51,94018604,94018602,726,226,SUCCESS,1069892,0,warm20,1751040,310304,0,242304,,,,,48,10,used,,,,20260917-2319
2026-09-17 23:47:56,HAUSP-UB[noEUCS],SIGN,8,1,0.003000,0.000,0.008,428453,194,0,3257,3257,0,0,0,98714907,10,97619084,138,0.000000,0.183816,0.183828,20113,0,15.55,98714682,98714679,728,227,SUCCESS,1095814,0,warm20,1760256,323296,0,251520,,,,,138,9,used,,,,20260917-2319
2026-09-17 23:47:59,HAUSP-UB[noEUCS],SIGN,9,1,0.003000,0.000,0.008,446004,200,0,3665,3665,0,0,0,109908170,10,108700461,166,0.000000,0.183474,0.183485,19376,0,15.93,109907944,109907940,731,227,SUCCESS,1207700,0,warm20,1879040,334784,0,259072,,,,,166,9,used,,,,20260917-2319
2026-09-17 23:48:03,HAUSP-UB[noEUCS],SIGN,10,1,0.003000,0.000,0.008,456476,206,0,3575,3575,0,0,0,105690461,10,104541796,189,0.000000,0.183692,0.183704,18895,0,16.30,105690235,105690235,729,227,SUCCESS,1148656,0,warm20,2031616,342944,0,264064,,,,,189,9,used,,,,20260917-2319
2026-09-17 23:48:06,HAUSP-UB[noEUCS],SIGN,11,1,0.003000,0.000,0.008,466138,212,0,3485,3485,0,0,0,101867255,10,100771369,162,0.000000,0.183122,0.183135,18242,0,16.35,101867029,101867029,729,228,SUCCESS,1095877,0,warm20,2041856,351264,0,273792,,,,,162,9,used,,,,20260917-2319
2026-09-17 23:48:10,HAUSP-UB[noEUCS],SIGN,12,1,0.003000,0.000,0.008,480433,218,0,3546,3546,0,0,0,101542469,12,100469113,114,0.000000,0.183421,0.183433,18295,0,16.72,101542242,101542242,729,230,SUCCESS,1073345,0,warm20,2144256,362304,0,283136,,,,,114,11,used,,,,20260917-2319
2026-09-17 23:48:14,HAUSP-UB[noEUCS],SIGN,13,1,0.003000,0.000,0.008,496413,224,0,3691,3691,0,0,0,103912803,13,102841976,70,0.000000,0.185180,0.185193,19145,0,17.10,103912575,103912561,742,230,SUCCESS,1070816,0,warm20,2296832,374144,0,288640,,,,,70,11,used,,,,20260917-2319
2026-09-17 23:48:17,HAUSP-UB[noEUCS],SIGN,14,1,0.003000,0.000,0.008,507190,230,0,3677,3677,0,0,0,102005291,13,100962339,63,0.000000,0.184851,0.184864,18586,0,17.47,102005063,102005063,741,230,SUCCESS,1042941,0,warm20,2449408,382752,0,289920,,,,,63,11,used,,,,20260917-2319
2026-09-17 23:48:21,HAUSP-UB[noEUCS],SIGN,15,1,0.003000,0.000,0.008,518654,236,0,3903,3903,0,0,0,105801717,13,104734326,62,0.000000,0.187631,0.187644,19660,0,17.84,105801489,105801484,747,231,SUCCESS,1067380,0,warm20,2585856,393568,0,297088,,,,,62,11,used,,,,20260917-2319
2026-09-17 23:48:25,HAUSP-UB[noEUCS],SIGN,16,1,0.003000,0.000,0.008,536314,242,0,4179,4179,0,0,0,110903870,13,109803820,55,0.000000,0.187710,0.187723,20004,0,18.21,110903641,110903635,752,231,SUCCESS,1100039,0,warm20,2728704,406048,0,306048,,,,,55,11,used,,,,20260917-2319
2026-09-17 23:48:29,HAUSP-UB[noEUCS],SIGN,17,1,0.003000,0.000,0.008,544548,248,0,4110,4110,0,0,0,108072255,12,107007462,57,0.000000,0.187585,0.187598,19532,0,18.26,108072026,108072026,747,231,SUCCESS,1064783,0,warm20,2732800,412832,0,312448,,,,,57,10,used,,,,20260917-2319
2026-09-17 23:48:33,HAUSP-UB[noEUCS],SIGN,18,1,0.003000,0.000,0.008,556990,254,0,4086,4086,0,0,0,106340937,17,105307647,49,0.000000,0.186752,0.186766,18960,0,18.62,106340708,106340708,747,234,SUCCESS,1033275,0,warm20,2829312,423136,0,332928,,,,,49,15,used,,,,20260917-2319
2026-09-17 23:48:38,HAUSP-UB[noEUCS],SIGN,19,1,0.003000,0.000,0.008,569490,260,0,4142,4142,0,0,0,106054153,19,105030318,43,0.000000,0.186644,0.186657,18933,0,18.68,106053921,106053921,746,235,SUCCESS,1023818,0,warm20,2854912,433536,0,344192,,,,,43,17,used,,,,20260917-2319
2026-09-17 23:48:42,HAUSP-UB[noEUCS],SIGN,20,1,0.003000,0.000,0.008,587283,266,0,4415,4415,0,0,0,112027322,20,110966667,53,0.000000,0.181947,0.181961,18422,0,19.05,112027089,112027073,764,241,SUCCESS,1060637,0,warm20,2914304,445568,0,380032,,,,,53,18,used,,,,20260917-2319
2026-09-17 23:48:46,HAUSP-UB[noEUCS],SIGN,21,1,0.003000,0.000,0.008,601918,272,0,4450,4450,0,0,0,111123670,22,110078775,57,0.000000,0.181782,0.181797,18161,0,19.11,111123430,111123423,765,246,SUCCESS,1044874,0,warm20,2951936,455808,0,408192,,,,,57,21,used,,,,20260917-2319
2026-09-17 23:48:51,HAUSP-UB[noEUCS],SIGN,22,1,0.003000,0.000,0.008,613134,278,0,4491,4491,0,0,0,110441739,22,109411906,56,0.000000,0.182594,0.182609,18187,0,19.47,110441494,110441494,758,246,SUCCESS,1029812,0,warm20,3015168,465792,0,414080,,,,,56,21,used,,,,20260917-2319
2026-09-17 23:48:55,HAUSP-UB[noEUCS],SIGN,23,1,0.003000,0.000,0.008,625156,284,0,4369,4369,0,0,0,106258475,20,105274942,60,0.000000,0.181910,0.181926,17486,0,19.53,106258231,106258231,757,246,SUCCESS,983515,0,warm20,3056640,473920,0,423040,,,,,60,18,used,,,,20260917-2319
2026-09-17 23:49:00,HAUSP-UB[noEUCS],SIGN,24,1,0.003000,0.000,0.008,639272,290,0,4308,4308,0,0,0,103673264,22,102726235,59,0.000000,0.181624,0.181641,17307,0,19.58,103673020,103673020,760,246,SUCCESS,947009,0,warm20,3075072,484064,0,430976,,,,,59,20,used,,,,20260917-2319
2026-09-17 23:49:04,HAUSP-UB[noEUCS],SIGN,25,1,0.003000,0.000,0.008,650468,296,0,4332,4332,0,0,0,103005832,23,102072686,61,0.000000,0.181756,0.181772,17338,0,19.94,103005589,103005589,756,246,SUCCESS,933126,0,warm20,3104768,493856,0,440960,,,,,61,20,used,,,,20260917-2319
2026-09-17 23:49:08,HAUSP-UB[noEUCS],SIGN,26,1,0.003000,0.000,0.008,661807,302,0,4346,4346,0,0,0,102278280,22,101356166,66,0.000000,0.180799,0.180817,16997,0,20.00,102278039,102278039,756,246,SUCCESS,922097,0,warm20,3112960,502720,0,450432,,,,,66,17,used,,,,20260917-2319
2026-09-17 23:49:13,HAUSP-UB[noEUCS],SIGN,27,1,0.003000,0.000,0.008,671849,308,0,4282,4282,0,0,0,99724640,24,98829400,63,0.000000,0.180223,0.180241,16446,0,20.05,99724400,99724400,753,246,SUCCESS,895222,0,warm20,3129344,511008,0,456576,,,,,63,18,used,,,,20260917-2319
2026-09-17 23:49:17,HAUSP-UB[noEUCS],SIGN,28,1,0.003000,0.000,0.008,682126,314,0,4281,4281,0,0,0,98664500,24,97783193,59,0.000000,0.180669,0.180687,16420,0,20.10,98664260,98664260,754,246,SUCCESS,881289,0,warm20,3139584,519168,0,465792,,,,,59,18,used,,,,20260917-2319
2026-09-17 23:49:21,HAUSP-UB[noEUCS],SIGN,29,1,0.003000,0.000,0.008,695776,320,0,4464,4464,0,0,0,100691676,25,99797371,52,0.000000,0.181944,0.181962,16853,0,20.15,100691436,100691436,758,247,SUCCESS,894286,0,warm20,3145728,530240,0,481408,,,,,52,19,used,,,,20260917-2319
2026-09-17 23:49:26,HAUSP-UB[noEUCS],SIGN,30,1,0.003000,0.000,0.008,707653,326,0,4433,4433,0,0,0,99017923,25,98142179,52,0.000000,0.181542,0.181561,16464,0,20.19,99017682,99017682,752,247,SUCCESS,875725,0,warm20,3158016,539136,0,483456,,,,,52,19,used,,,,20260917-2319
2026-09-17 23:49:30,HAUSP-UB[noEUCS],SIGN,31,1,0.003000,0.000,0.008,720279,332,0,4363,4364,0,0,0,96439389,26,95591014,55,0.000000,0.180791,0.180809,15898,0,20.57,96439148,96439148,752,247,SUCCESS,848355,0,warm20,3170304,548128,0,491392,,,,,55,20,used,,,,20260917-2319
2026-09-17 23:49:35,HAUSP-UB[noEUCS],SIGN,32,1,0.003000,0.000,0.008,730705,338,0,4356,4356,0,0,0,95316430,28,94481770,55,0.000000,0.181316,0.181334,15828,0,20.63,95316189,95316189,753,249,SUCCESS,834638,0,warm20,3186688,556992,0,501120,,,,,55,22,used,,,,20260917-2319
2026-09-17 23:49:39,HAUSP-UB[noEUCS],SIGN,33,1,0.003000,0.000,0.008,744420,344,0,4392,4392,0,0,0,94575230,27,93751606,57,0.000000,0.183838,0.183857,16554,0,20.69,94574989,94574989,753,250,SUCCESS,823605,0,warm20,3190784,566592,0,513408,,,,,57,19,used,,,,20260917-2319
2026-09-17 23:49:43,HAUSP-UB[noEUCS],SIGN,34,1,0.003000,0.000,0.008,756980,350,0,4462,4462,0,0,0,94589953,26,93768264,56,0.000000,0.185007,0.185026,16743,0,20.74,94589711,94589711,752,250,SUCCESS,821671,0,warm20,3219456,576928,0,521216,,,,,56,18,used,,,,20260917-2319
2026-09-17 23:49:48,HAUSP-UB[noEUCS],SIGN,35,1,0.003000,0.000,0.008,768219,356,0,4447,4447,0,0,0,93218110,26,92411858,57,0.000000,0.185391,0.185410,16721,0,21.11,93217868,93217868,751,250,SUCCESS,806234,0,warm20,3276800,586656,0,523264,,,,,57,18,used,,,,20260917-2319
2026-09-17 23:49:52,HAUSP-UB[noEUCS],SIGN,36,1,0.003000,0.000,0.008,777786,362,0,4463,4463,0,0,0,92381711,27,91583827,57,0.000000,0.185781,0.185801,16692,0,21.16,92381471,92381471,750,251,SUCCESS,797867,0,warm20,3313664,594336,0,531456,,,,,57,17,used,,,,20260917-2319
2026-09-17 23:49:57,HAUSP-UB[noEUCS],SIGN,37,1,0.003000,0.000,0.008,790994,368,0,4576,4576,0,0,0,93541281,30,92740130,53,0.000000,0.187070,0.187089,16986,0,21.53,93541040,93541040,748,252,SUCCESS,801131,0,warm20,3403776,605088,0,553600,,,,,53,20,used,,,,20260917-2319
2026-09-17 23:50:01,HAUSP-UB[noEUCS],SIGN,38,1,0.003000,0.000,0.008,803248,374,0,4572,4572,0,0,0,92359913,33,91571875,48,0.000000,0.187268,0.187288,16821,0,21.59,92359670,92359670,744,252,SUCCESS,788014,0,warm20,3428352,614496,0,559744,,,,,48,24,used,,,,20260917-2319
2026-09-17 23:50:06,HAUSP-UB[noEUCS],SIGN,39,1,0.003000,0.000,0.008,817420,380,0,4591,4591,0,0,0,91757519,34,90979238,46,0.000000,0.187376,0.187397,16757,0,21.96,91757276,91757276,740,252,SUCCESS,778256,0,warm20,3526656,624736,0,562304,,,,,46,25,used,,,,20260917-2319
2026-09-17 23:50:11,HAUSP-UB[noEUCS],SIGN,40,1,0.003000,0.000,0.008,828605,386,0,4635,4635,0,0,0,91574496,34,90799288,49,0.000000,0.187829,0.187850,16796,0,22.01,91574254,91574254,739,252,SUCCESS,775184,0,warm20,3575808,633088,0,563328,,,,,49,24,used,,,,20260917-2319
2026-09-17 23:50:15,HAUSP-UB[noEUCS],SIGN,41,1,0.003000,0.000,0.008,840915,392,0,4674,4674,0,0,0,91250481,34,90481692,49,0.000000,0.187972,0.187992,16767,0,22.38,91250239,91250239,738,253,SUCCESS,768765,0,warm20,3678208,643584,0,575104,,,,,49,24,used,,,,20260917-2319
2026-09-17 23:50:20,HAUSP-UB[noEUCS],SIGN,42,1,0.003000,0.000,0.008,851890,398,0,4709,4709,0,0,0,90859133,33,90095416,53,0.000000,0.189470,0.189491,17093,0,22.76,90858890,90858890,734,253,SUCCESS,763694,0,warm20,3825664,653152,0,582272,,,,,53,23,used,,,,20260917-2319
2026-09-17 23:50:25,HAUSP-UB[noEUCS],SIGN,43,1,0.003000,0.000,0.008,867106,404,0,4755,4755,0,0,0,91145545,34,90386554,55,0.000000,0.188551,0.188572,16906,0,22.81,91145301,91145301,736,254,SUCCESS,758966,0,warm20,3829760,663840,0,587392,,,,,55,25,used,,,,20260917-2319
2026-09-17 23:50:30,HAUSP-UB[noEUCS],SIGN,44,1,0.003000,0.000,0.008,884460,410,0,4778,4778,0,0,0,90560831,30,89808821,57,0.000000,0.188086,0.188107,16490,0,23.18,90560589,90560589,748,254,SUCCESS,751992,0,warm20,3964928,674592,0,590720,,,,,57,18,used,,,,20260917-2319
2026-09-17 23:50:34,HAUSP-UB[noEUCS],SIGN,45,1,0.003000,0.000,0.008,901027,416,0,4734,4734,0,0,0,88711859,30,87977905,57,0.000000,0.187128,0.187150,15893,0,23.56,88711618,88711617,753,254,SUCCESS,733937,0,warm20,4116480,684960,0,595584,,,,,57,17,used,,,,20260917-2319
2026-09-17 23:50:39,HAUSP-UB[noEUCS],SIGN,46,1,0.003000,0.000,0.008,916886,422,0,4737,4737,0,0,0,87982799,32,87259765,56,0.000000,0.186182,0.186203,15488,0,23.93,87982558,87982558,753,255,SUCCESS,723015,0,warm20,4255744,696640,0,608256,,,,,56,19,used,,,,20260917-2319
2026-09-17 23:50:44,HAUSP-UB[noEUCS],SIGN,47,1,0.003000,0.000,0.008,933116,428,0,4710,4710,0,0,0,86901399,32,86192255,58,0.000000,0.185469,0.185491,15117,0,24.31,86901156,86901153,755,255,SUCCESS,709124,0,warm20,4405248,706624,0,620544,,,,,58,20,used,,,,20260917-2319
2026-09-17 23:50:49,HAUSP-UB[noEUCS],SIGN,48,1,0.003000,0.000,0.008,947537,434,0,4692,4692,0,0,0,86039616,33,85342140,53,0.000000,0.184956,0.184976,14733,0,24.68,86039373,86039373,753,255,SUCCESS,697455,0,warm20,4558848,716352,0,621568,,,,,53,21,used,,,,20260917-2319
2026-09-17 23:50:53,HAUSP-UB[noEUCS],SIGN,49,1,0.003000,0.000,0.008,957204,440,0,4648,4648,0,0,0,84747143,33,84062317,53,0.000000,0.184981,0.185003,14599,0,25.05,84746900,84746900,753,255,SUCCESS,684805,0,warm20,4710400,724224,0,631808,,,,,53,21,used,,,,20260917-2319
2026-09-17 23:50:58,HAUSP-UB[noEUCS],SIGN,50,1,0.003000,0.000,0.008,967022,446,0,4648,4648,0,0,0,84051940,33,83374456,52,0.000000,0.185266,0.185288,14609,0,25.10,84051696,84051696,753,255,SUCCESS,677462,0,warm20,4710400,732384,0,640000,,,,,52,22,used,,,,20260917-2319
2026-09-17 23:51:03,HAUSP-UB[noEUCS],SIGN,51,1,0.003000,0.000,0.008,979636,452,0,4710,4710,0,0,0,84516415,31,83836857,54,0.000000,0.185286,0.185309,14554,0,25.48,84516171,84516171,751,255,SUCCESS,679538,0,warm20,4849664,741728,0,641408,,,,,54,20,used,,,,20260917-2319
2026-09-17 23:51:07,HAUSP-UB[noEUCS],SIGN,52,1,0.003000,0.000,0.008,990505,458,0,4685,4685,0,0,0,83473077,31,82803848,54,0.000000,0.185190,0.185214,14363,0,25.85,83472833,83472833,749,255,SUCCESS,669209,0,warm20,4988928,750560,0,651648,,,,,54,20,used,,,,20260917-2319
2026-09-17 23:51:12,HAUSP-UB[noEUCS],SIGN,53,1,0.003000,0.000,0.008,1001386,464,0,4564,4564,0,0,0,81675208,31,81021157,55,0.000000,0.184680,0.184703,14056,0,18.49,81674964,81674964,748,255,SUCCESS,654031,0,warm20,5185536,757664,0,654208,,,,,55,20,used,,,,20260917-2319
2026-09-17 23:51:16,HAUSP-UB[noEUCS],SIGN,54,1,0.003000,0.000,0.008,1016244,470,0,4605,4605,0,0,0,81562343,30,80912061,61,0.000000,0.184275,0.184300,13905,0,18.79,81562099,81562099,747,255,SUCCESS,650263,0,warm20,5300224,767424,0,656256,,,,,61,19,used,,,,20260917-2319
2026-09-17 23:51:21,HAUSP-UB[noEUCS],SIGN,55,1,0.003000,0.000,0.008,1027129,476,0,4612,4612,0,0,0,81091130,30,80446540,61,0.000000,0.184180,0.184205,13871,0,19.09,81090888,81090888,747,256,SUCCESS,644573,0,warm20,5406720,776064,0,666496,,,,,61,17,used,,,,20260917-2319
2026-09-17 23:51:26,HAUSP-UB[noEUCS],SIGN,56,1,0.003000,0.000,0.008,1047408,482,0,4664,4664,0,0,0,80919576,26,80281821,64,0.000000,0.182475,0.182502,13478,0,19.45,80919332,80919332,751,260,SUCCESS,637741,0,warm20,5500928,787776,0,695680,,,,,64,14,used,,,,20260917-2319
2026-09-17 23:51:30,HAUSP-UB[noEUCS],SIGN,57,1,0.003000,0.000,0.008,1060421,488,0,4666,4666,0,0,0,80249837,26,79618811,61,0.000000,0.182345,0.182371,13277,0,19.78,80249589,80249589,745,260,SUCCESS,631012,0,warm20,5615616,796864,0,708992,,,,,61,14,used,,,,20260917-2319
2026-09-17 23:51:35,HAUSP-UB[noEUCS],SIGN,58,1,0.003000,0.000,0.008,1079371,494,0,4679,4679,0,0,0,79700384,27,79076611,71,0.000000,0.181677,0.181704,13241,0,19.99,79700136,79700136,740,261,SUCCESS,623758,0,warm20,5672960,807232,0,721280,,,,,71,15,used,,,,20260917-2319
2026-09-17 23:51:40,HAUSP-UB[noEUCS],SIGN,59,1,0.003000,0.000,0.008,1096747,500,0,4705,4705,0,0,0,79508039,28,78887045,77,0.000000,0.180738,0.180766,13167,0,20.33,79507791,79507791,737,263,SUCCESS,620979,0,warm20,5771264,817088,0,743296,,,,,77,15,used,,,,20260917-2319
2026-09-17 23:51:44,HAUSP-UB[noEUCS],SIGN,60,1,0.003000,0.000,0.008,1110602,506,0,4704,4704,0,0,0,78848977,29,78235534,77,0.000000,0.180587,0.180615,13007,0,20.48,78848729,78848729,732,263,SUCCESS,613429,0,warm20,5804032,826272,0,745728,,,,,77,14,used,,,,20260917-2319
2026-09-17 23:51:49,HAUSP-UB[noEUCS],SIGN,61,1,0.003000,0.000,0.008,1124744,512,0,4701,4701,0,0,0,78177936,31,77572669,73,0.000000,0.180538,0.180567,12882,0,20.68,78177690,78177690,736,265,SUCCESS,605253,0,warm20,5849088,835776,0,766720,,,,,73,14,used,,,,20260917-2319
2026-09-17 23:51:54,HAUSP-UB[noEUCS],SIGN,62,1,0.003000,0.000,0.008,1139446,518,0,4733,4733,0,0,0,78222313,30,77620427,73,0.000000,0.180452,0.180481,12846,0,20.87,78222064,78222064,737,265,SUCCESS,601872,0,warm20,5902336,845920,0,767616,,,,,73,14,used,,,,20260917-2319
2026-09-17 23:51:59,HAUSP-UB[noEUCS],SIGN,63,1,0.003000,0.000,0.008,1156811,524,0,4758,4758,0,0,0,77990356,26,77395579,76,0.000000,0.180528,0.180560,12821,0,21.04,77990105,77990105,744,266,SUCCESS,594765,0,warm20,5910528,857024,0,779392,,,,,76,12,used,,,,20260917-2319
2026-09-17 23:52:03,HAUSP-UB[noEUCS],SIGN,64,1,0.003000,0.000,0.008,1169601,530,0,4775,4775,0,0,0,77707116,26,77117355,74,0.000000,0.180281,0.180313,12622,0,21.22,77706865,77706865,740,266,SUCCESS,589750,0,warm20,5943296,866144,0,793216,,,,,74,11,used,,,,20260917-2319
2026-09-17 23:52:08,HAUSP-UB[noEUCS],SIGN,65,1,0.003000,0.000,0.008,1183474,536,0,4780,4780,0,0,0,77230229,25,76646251,75,0.000000,0.180008,0.180040,12433,0,21.37,77229978,77229978,739,266,SUCCESS,583968,0,warm20,5971968,875744,0,795520,,,,,75,10,used,,,,20260917-2319
2026-09-17 23:52:13,HAUSP-UB[noEUCS],SIGN,66,1,0.003000,0.000,0.008,1194955,542,0,4768,4768,0,0,0,76383493,24,75806716,71,0.000000,0.179947,0.179980,12294,0,21.54,76383242,76383242,738,266,SUCCESS,576768,0,warm20,6000640,884320,0,806272,,,,,71,9,used,,,,20260917-2319
2026-09-17 23:52:18,HAUSP-UB[noEUCS],SIGN,67,1,0.003000,0.000,0.008,1209554,548,0,4755,4755,0,0,0,75630824,26,75062214,72,0.000000,0.179381,0.179413,12041,0,21.68,75630572,75630572,740,266,SUCCESS,568598,0,warm20,6025216,893888,0,807552,,,,,72,12,used,,,,20260917-2319
2026-09-17 23:52:23,HAUSP-UB[noEUCS],SIGN,68,1,0.003000,0.000,0.008,1225092,554,0,4812,4812,0,0,0,75886310,27,75317138,71,0.000000,0.179369,0.179400,12117,0,21.83,75886058,75886058,737,266,SUCCESS,569159,0,warm20,6033408,904512,0,824192,,,,,71,13,used,,,,20260917-2319
2026-09-17 23:52:28,HAUSP-UB[noEUCS],SIGN,69,1,0.003000,0.000,0.008,1246726,560,0,5008,5008,0,0,0,79450609,26,78863730,69,0.000000,0.177314,0.177344,12158,0,22.00,79450357,79450357,740,267,SUCCESS,586867,0,warm20,6045696,918208,0,841856,,,,,69,12,used,,,,20260917-2319
2026-09-17 23:52:33,HAUSP-UB[noEUCS],SIGN,70,1,0.003000,0.000,0.008,1265597,566,0,5127,5127,0,0,0,80838528,27,80243454,64,0.000000,0.177587,0.177615,12584,0,22.16,80838275,80838275,738,267,SUCCESS,595061,0,warm20,6049792,929472,0,873344,,,,,64,13,used,,,,20260917-2319
2026-09-17 23:52:38,HAUSP-UB[noEUCS],SIGN,71,1,0.003000,0.000,0.008,1283052,572,0,5186,5186,0,0,0,81194835,32,80598441,61,0.000000,0.177750,0.177778,12659,0,22.29,81194582,81194582,738,267,SUCCESS,596376,0,warm20,6053888,939584,0,885888,,,,,61,18,used,,,,20260917-2319
2026-09-17 23:52:43,HAUSP-UB[noEUCS],SIGN,72,1,0.003000,0.000,0.008,1300784,578,0,5337,5337,0,0,0,83171681,31,82562944,65,0.000000,0.177249,0.177276,12940,0,22.41,83171428,83171428,736,267,SUCCESS,608720,0,warm20,6066176,951104,0,894848,,,,,65,17,used,,,,20260917-2319
2026-09-17 23:52:49,HAUSP-UB[noEUCS],SIGN,73,1,0.003000,0.000,0.008,1316615,584,0,5432,5432,0,0,0,84148511,30,83536262,65,0.000000,0.177132,0.177159,12887,0,22.50,84148258,84148258,737,267,SUCCESS,612233,0,warm20,6066176,963200,0,899968,,,,,65,16,used,,,,20260917-2319
2026-09-17 23:52:54,HAUSP-UB[noEUCS],SIGN,74,1,0.003000,0.000,0.008,1330102,590,0,5412,5412,0,0,0,83351687,30,82746645,65,0.000000,0.177117,0.177144,12801,0,22.65,83351434,83351434,738,267,SUCCESS,605026,0,warm20,6074368,972416,0,928000,,,,,65,16,used,,,,20260917-2319
2026-09-17 23:52:59,HAUSP-UB[noEUCS],SIGN,75,1,0.003000,0.000,0.008,1342143,596,0,5378,5378,0,0,0,82418671,30,81821349,64,0.000000,0.176878,0.176905,12641,0,22.76,82418419,82418419,737,267,SUCCESS,597307,0,warm20,6078464,981184,0,941312,,,,,64,15,used,,,,20260917-2319
2026-09-17 23:53:05,HAUSP-UB[noEUCS],SIGN,76,1,0.003000,0.000,0.008,1352225,602,0,5348,5348,0,0,0,81466552,30,80877018,62,0.000000,0.176708,0.176736,12469,0,22.84,81466300,81466300,736,267,SUCCESS,589519,0,warm20,6078464,989184,0,945408,,,,,62,15,used,,,,20260917-2319
2026-09-17 23:53:10,HAUSP-UB[noEUCS],SIGN,77,1,0.003000,0.000,0.008,1364919,608,0,5398,5398,0,0,0,81502794,30,80913624,64,0.000000,0.177017,0.177045,12515,0,22.94,81502542,81502542,736,267,SUCCESS,589155,0,warm20,6086656,999168,0,946432,,,,,64,15,used,,,,20260917-2319
2026-09-17 23:53:16,HAUSP-UB[noEUCS],SIGN,78,1,0.003000,0.000,0.008,1378844,614,0,5439,5439,0,0,0,81488994,30,80902153,64,0.000000,0.177266,0.177294,12541,0,23.07,81488742,81488742,736,267,SUCCESS,586826,0,warm20,6098944,1009024,0,964096,,,,,64,15,used,,,,20260917-2319
2026-09-17 23:53:21,HAUSP-UB[noEUCS],SIGN,79,1,0.003000,0.000,0.008,1390075,620,0,5417,5417,0,0,0,80747716,29,80168197,64,0.000000,0.177037,0.177065,12364,0,23.17,80747464,80747464,736,267,SUCCESS,579505,0,warm20,6107136,1017312,0,964096,,,,,64,14,used,,,,20260917-2319
2026-09-17 23:53:26,HAUSP-UB[noEUCS],SIGN,80,1,0.003000,0.000,0.008,1404925,626,0,5421,5421,0,0,0,80576224,29,80002004,65,0.000000,0.176620,0.176649,12159,0,23.30,80575972,80575972,736,267,SUCCESS,574206,0,warm20,6115328,1027168,0,972416,,,,,65,14,used,,,,20260917-2319
2026-09-17 23:53:32,HAUSP-UB[noEUCS],SIGN,81,1,0.003000,0.000,0.008,1419540,632,0,5451,5451,0,0,0,80442823,29,79870482,66,0.000000,0.176665,0.176694,12230,0,23.40,80442571,80442571,735,267,SUCCESS,572327,0,warm20,6123520,1037088,0,977536,,,,,66,14,used,,,,20260917-2319
2026-09-17 23:53:37,HAUSP-UB[noEUCS],SIGN,82,1,0.003000,0.000,0.008,1430972,638,0,5507,5507,0,0,0,80609918,29,80036057,66,0.000000,0.176688,0.176717,12165,0,23.52,80609666,80609666,739,267,SUCCESS,573847,0,warm20,6131712,1046080,0,987776,,,,,66,14,used,,,,20260917-2319
2026-09-17 23:53:43,HAUSP-UB[noEUCS],SIGN,83,1,0.003000,0.000,0.008,1446547,644,0,5547,5547,0,0,0,80344277,30,79772488,66,0.000000,0.176675,0.176703,12128,0,23.65,80344025,80344025,735,267,SUCCESS,571774,0,warm20,6148096,1057088,0,999552,,,,,66,15,used,,,,20260917-2319
2026-09-17 23:53:49,HAUSP-UB[noEUCS],SIGN,84,1,0.003000,0.000,0.008,1466019,650,0,5654,5654,0,0,0,81182667,30,80606246,68,0.000000,0.176547,0.176576,12206,0,23.79,81182416,81182416,740,267,SUCCESS,576407,0,warm20,6172672,1069536,0,1005440,,,,,68,14,used,,,,20260917-2319
2026-09-17 23:53:54,HAUSP-UB[noEUCS],SIGN,85,1,0.003000,0.000,0.008,1477721,656,0,5644,5644,0,0,0,80509456,31,79938846,70,0.000000,0.176535,0.176563,12122,0,23.91,80509205,80509205,737,267,SUCCESS,570595,0,warm20,6197248,1078816,0,1005440,,,,,70,15,used,,,,20260917-2319
2026-09-17 23:54:00,HAUSP-UB[noEUCS],SIGN,86,1,0.003000,0.000,0.008,1489446,662,0,5651,5651,0,0,0,80029808,31,79463543,68,0.000000,0.176775,0.176803,12092,0,24.07,80029557,80029557,739,267,SUCCESS,566250,0,warm20,6230016,1088704,0,1011712,,,,,68,15,used,,,,20260917-2319
2026-09-17 23:54:06,HAUSP-UB[noEUCS],SIGN,87,1,0.003000,0.000,0.008,1504545,668,0,5738,5739,0,0,0,80675128,33,80106364,61,0.000000,0.176814,0.176842,12261,0,24.25,80674877,80674877,741,267,SUCCESS,568747,0,warm20,6270976,1099744,0,1025536,,,,,61,17,used,,,,20260917-2319
2026-09-17 23:54:12,HAUSP-UB[noEUCS],SIGN,88,1,0.003000,0.000,0.008,1520720,674,0,5847,5847,0,0,0,81479098,33,80906771,61,0.000000,0.177065,0.177093,12357,0,24.47,81478848,81478844,747,267,SUCCESS,572311,0,warm20,6340608,1111488,0,1026432,,,,,61,16,used,,,,20260917-2319
2026-09-17 23:54:17,HAUSP-UB[noEUCS],SIGN,89,1,0.003000,0.000,0.008,1534926,680,0,5881,5882,0,0,0,81485448,33,80914503,62,0.000000,0.177483,0.177511,12454,0,24.65,81485198,81485198,747,267,SUCCESS,570929,0,warm20,6381568,1122208,0,1037952,,,,,62,16,used,,,,20260917-2319
2026-09-17 23:54:23,HAUSP-UB[noEUCS],SIGN,90,1,0.003000,0.000,0.008,1553182,686,0,6032,6032,0,0,0,82645188,33,82066893,70,0.000000,0.177822,0.177849,12724,0,24.87,82644938,82644934,751,267,SUCCESS,578279,0,warm20,6438912,1133856,0,1046144,,,,,70,16,used,,,,20260917-2319
2026-09-17 23:54:30,HAUSP-UB[noEUCS],SIGN,91,1,0.003000,0.000,0.008,1569089,692,0,6147,6147,0,0,0,83514353,33,82931126,66,0.000000,0.178026,0.178053,12856,0,25.07,83514103,83514102,752,267,SUCCESS,583211,0,warm20,6500352,1145408,0,1047296,,,,,66,16,used,,,,20260917-2319
2026-09-17 23:54:36,HAUSP-UB[noEUCS],SIGN,92,1,0.003000,0.000,0.008,1586819,698,0,6304,6304,0,0,0,85096331,33,84506685,62,0.000000,0.178120,0.178147,12860,0,25.30,85096082,85096081,753,267,SUCCESS,589631,0,warm20,6569984,1157856,0,1056256,,,,,62,15,used,,,,20260917-2319
2026-09-17 23:54:42,HAUSP-UB[noEUCS],SIGN,93,1,0.003000,0.000,0.008,1606504,704,0,6472,6472,0,0,0,87230010,33,86629241,64,0.000000,0.177087,0.177113,12872,0,25.57,87229761,87229760,754,267,SUCCESS,600754,0,warm20,6641664,1170784,0,1076992,,,,,64,15,used,,,,20260917-2319
2026-09-17 23:54:49,HAUSP-UB[noEUCS],SIGN,94,1,0.003000,0.000,0.008,1616945,710,0,6520,6520,0,0,0,87119701,32,86519945,64,0.000000,0.177510,0.177536,12890,0,25.80,87119452,87119452,754,267,SUCCESS,599742,0,warm20,6721536,1179744,0,1077504,,,,,64,14,used,,,,20260917-2319
2026-09-17 23:54:56,HAUSP-UB[noEUCS],SIGN,95,1,0.003000,0.000,0.008,1631610,716,0,6596,6596,0,0,0,87979974,32,87378495,65,0.000000,0.176734,0.176761,12886,0,26.07,87979725,87979725,753,267,SUCCESS,601465,0,warm20,6807552,1189984,0,1083136,,,,,65,14,used,,,,20260917-2319
2026-09-17 23:55:02,HAUSP-UB[noEUCS],SIGN,96,1,0.003000,0.000,0.008,1649145,722,0,6648,6648,0,0,0,87885998,32,87285610,63,0.000000,0.176659,0.176686,12904,0,26.35,87885749,87885749,752,267,SUCCESS,600374,0,warm20,6914048,1201088,0,1084160,,,,,63,14,used,,,,20260917-2319
2026-09-17 23:55:09,HAUSP-UB[noEUCS],SIGN,97,1,0.003000,0.000,0.008,1663324,728,0,6663,6663,0,0,0,87551109,32,86954621,61,0.000000,0.176163,0.176190,12728,0,26.68,87550860,87550858,756,267,SUCCESS,596474,0,warm20,7038976,1211648,0,1087488,,,,,61,14,used,,,,20260917-2319
2026-09-17 23:55:15,HAUSP-UB[noEUCS],SIGN,98,1,0.003000,0.000,0.008,1668652,730,0,6652,6652,0,0,0,87193705,32,86599744,60,0.000000,0.176058,0.176085,12666,0,26.96,87193456,87193456,754,267,SUCCESS,593947,0,warm20,7143424,1214656,0,1095680,,,,,60,14,used,,,,20260917-2319
2026-09-17 23:55:22,HAUSP-UB[noEUCS],SIGN,99,1,0.003000,0.000,0.008,1668652,730,0,6656,6656,0,0,0,87193705,32,86599744,60,0.000000,0.176058,0.176085,12666,0,27.22,87193456,87193456,754,267,SUCCESS,593947,0,warm20,7241728,1214656,0,1095680,,,,,60,14,used,,,,20260917-2319
2026-09-17 23:55:26,HAUSP-UB[noEUCS],SIGN,0,2,0.003000,0.000,0.200,319686,146,1,3036,3037,0,0,0,106349081,2,104965474,143,0.000000,0.178773,0.178783,23387,0,13.55,106349081,106348144,937,217,SUCCESS,1383605,0,warm20,1074176,242848,0,179968,,,,,143,2,used,,,,20260917-2319
2026-09-17 23:55:29,HAUSP-UB[noEUCS],SIGN,1,2,0.003000,0.000,0.008,334092,152,0,3080,3080,0,0,0,107046451,6,105693981,181,0.000000,0.178764,0.178773,23347,0,13.92,107046234,107046233,721,218,SUCCESS,1352464,0,warm20,1205760,253504,0,191360,,,,,181,6,used,,,,20260917-2319
2026-09-17 23:55:32,HAUSP-UB[noEUCS],SIGN,2,2,0.003000,0.000,0.008,345121,158,0,3065,3065,0,0,0,104450506,7,103148010,332,0.000000,0.179987,0.179998,23125,0,14.29,104450288,104450288,720,222,SUCCESS,1302489,0,warm20,1358336,261888,0,202240,,,,,332,7,used,,,,20260917-2319
2026-09-17 23:55:35,HAUSP-UB[noEUCS],SIGN,3,2,0.003000,0.000,0.008,358047,164,0,3161,3161,0,0,0,105095072,8,103809348,252,0.000000,0.181684,0.181694,22486,0,14.66,105094850,105094844,722,223,SUCCESS,1285716,0,warm20,1499136,272192,0,211456,,,,,252,8,used,,,,20260917-2319
2026-09-17 23:55:38,HAUSP-UB[noEUCS],SIGN,4,2,0.003000,0.000,0.008,369331,170,0,3076,3076,0,0,0,100527745,7,99314342,124,0.000000,0.182239,0.182250,21958,0,14.71,100527522,100527522,720,224,SUCCESS,1213396,0,warm20,1514752,280416,0,221184,,,,,124,7,used,,,,20260917-2319
2026-09-17 23:55:41,HAUSP-UB[noEUCS],SIGN,5,2,0.003000,0.000,0.008,383289,176,0,3139,3139,0,0,0,100371827,7,99190447,47,0.000000,0.182254,0.182265,21751,0,15.08,100371603,100371598,725,224,SUCCESS,1181373,0,warm20,1623040,291584,0,225792,,,,,47,7,used,,,,20260917-2319
2026-09-17 23:55:44,HAUSP-UB[noEUCS],SIGN,6,2,0.003000,0.000,0.008,393230,182,0,3106,3106,0,0,0,97612223,10,96477573,41,0.000000,0.183995,0.184006,21796,0,15.13,97611999,97611999,719,225,SUCCESS,1134640,0,warm20,1628160,299488,0,229632,,,,,41,10,used,,,,20260917-2319
2026-09-17 23:55:47,HAUSP-UB[noEUCS],SIGN,7,2,0.003000,0.000,0.008,408594,188,0,3052,3052,0,0,0,94018829,10,92948927,48,0.000000,0.183682,0.183695,20533,0,15.50,94018604,94018602,726,226,SUCCESS,1069892,0,warm20,1751040,310304,0,242304,,,,,48,10,used,,,,20260917-2319
2026-09-17 23:55:51,HAUSP-UB[noEUCS],SIGN,8,2,0.003000,0.000,0.008,428453,194,0,3254,3254,0,0,0,98714907,10,97619084,138,0.000000,0.183816,0.183828,20113,0,15.55,98714682,98714679,728,227,SUCCESS,1095814,0,warm20,1760256,323296,0,251520,,,,,138,9,used,,,,20260917-2319
2026-09-17 23:55:54,HAUSP-UB[noEUCS],SIGN,9,2,0.003000,0.000,0.008,446004,200,0,3665,3665,0,0,0,109908170,10,108700461,166,0.000000,0.183474,0.183485,19376,0,15.93,109907944,109907940,731,227,SUCCESS,1207700,0,warm20,1879040,334784,0,259072,,,,,166,9,used,,,,20260917-2319
2026-09-17 23:55:58,HAUSP-UB[noEUCS],SIGN,10,2,0.003000,0.000,0.008,456476,206,0,3576,3576,0,0,0,105690461,10,104541796,189,0.000000,0.183692,0.183704,18895,0,16.30,105690235,105690235,729,227,SUCCESS,1148656,0,warm20,2031616,342944,0,264064,,,,,189,9,used,,,,20260917-2319
2026-09-17 23:56:01,HAUSP-UB[noEUCS],SIGN,11,2,0.003000,0.000,0.008,466138,212,0,3485,3485,0,0,0,101867255,10,100771369,162,0.000000,0.183122,0.183135,18242,0,16.35,101867029,101867029,729,228,SUCCESS,1095877,0,warm20,2041856,351264,0,273792,,,,,162,9,used,,,,20260917-2319
2026-09-17 23:56:05,HAUSP-UB[noEUCS],SIGN,12,2,0.003000,0.000,0.008,480433,218,0,3547,3547,0,0,0,101542469,12,100469113,114,0.000000,0.183421,0.183433,18295,0,16.72,101542242,101542242,729,230,SUCCESS,1073345,0,warm20,2144256,362304,0,283136,,,,,114,11,used,,,,20260917-2319
2026-09-17 23:56:08,HAUSP-UB[noEUCS],SIGN,13,2,0.003000,0.000,0.008,496413,224,0,3689,3689,0,0,0,103912803,13,102841976,70,0.000000,0.185180,0.185193,19145,0,17.09,103912575,103912561,742,230,SUCCESS,1070816,0,warm20,2296832,374144,0,288640,,,,,70,11,used,,,,20260917-2319
2026-09-17 23:56:12,HAUSP-UB[noEUCS],SIGN,14,2,0.003000,0.000,0.008,507190,230,0,3673,3673,0,0,0,102005291,13,100962339,63,0.000000,0.184851,0.184864,18586,0,17.46,102005063,102005063,741,230,SUCCESS,1042941,0,warm20,2449408,382752,0,289920,,,,,63,11,used,,,,20260917-2319
2026-09-17 23:56:16,HAUSP-UB[noEUCS],SIGN,15,2,0.003000,0.000,0.008,518654,236,0,3900,3900,0,0,0,105801717,13,104734326,62,0.000000,0.187631,0.187644,19660,0,17.83,105801489,105801484,747,231,SUCCESS,1067380,0,warm20,2585856,393568,0,297088,,,,,62,11,used,,,,20260917-2319
2026-09-17 23:56:20,HAUSP-UB[noEUCS],SIGN,16,2,0.003000,0.000,0.008,536314,242,0,4179,4179,0,0,0,110903870,13,109803820,55,0.000000,0.187710,0.187723,20004,0,18.21,110903641,110903635,752,231,SUCCESS,1100039,0,warm20,2728704,406048,0,306048,,,,,55,11,used,,,,20260917-2319
2026-09-17 23:56:24,HAUSP-UB[noEUCS],SIGN,17,2,0.003000,0.000,0.008,544548,248,0,4108,4108,0,0,0,108072255,12,107007462,57,0.000000,0.187585,0.187598,19532,0,18.26,108072026,108072026,747,231,SUCCESS,1064783,0,warm20,2732800,412832,0,312448,,,,,57,10,used,,,,20260917-2319
2026-09-17 23:56:28,HAUSP-UB[noEUCS],SIGN,18,2,0.003000,0.000,0.008,556990,254,0,4088,4088,0,0,0,106340937,17,105307647,49,0.000000,0.186752,0.186766,18960,0,18.63,106340708,106340708,747,234,SUCCESS,1033275,0,warm20,2829312,423136,0,332928,,,,,49,15,used,,,,20260917-2319
2026-09-17 23:56:33,HAUSP-UB[noEUCS],SIGN,19,2,0.003000,0.000,0.008,569490,260,0,4144,4144,0,0,0,106054153,19,105030318,43,0.000000,0.186644,0.186657,18933,0,18.68,106053921,106053921,746,235,SUCCESS,1023818,0,warm20,2854912,433536,0,344192,,,,,43,17,used,,,,20260917-2319
2026-09-17 23:56:37,HAUSP-UB[noEUCS],SIGN,20,2,0.003000,0.000,0.008,587283,266,0,4415,4415,0,0,0,112027322,20,110966667,53,0.000000,0.181947,0.181961,18422,0,19.05,112027089,112027073,764,241,SUCCESS,1060637,0,warm20,2914304,445568,0,380032,,,,,53,18,used,,,,20260917-2319
2026-09-17 23:56:41,HAUSP-UB[noEUCS],SIGN,21,2,0.003000,0.000,0.008,601918,272,0,4451,4451,0,0,0,111123670,22,110078775,57,0.000000,0.181782,0.181797,18161,0,19.10,111123430,111123423,765,246,SUCCESS,1044874,0,warm20,2951936,455808,0,408192,,,,,57,21,used,,,,20260917-2319
2026-09-17 23:56:46,HAUSP-UB[noEUCS],SIGN,22,2,0.003000,0.000,0.008,613134,278,0,4496,4496,0,0,0,110441739,22,109411906,56,0.000000,0.182594,0.182609,18187,0,19.47,110441494,110441494,758,246,SUCCESS,1029812,0,warm20,3015168,465792,0,414080,,,,,56,21,used,,,,20260917-2319
2026-09-17 23:56:50,HAUSP-UB[noEUCS],SIGN,23,2,0.003000,0.000,0.008,625156,284,0,4373,4373,0,0,0,106258475,20,105274942,60,0.000000,0.181910,0.181926,17486,0,19.52,106258231,106258231,757,246,SUCCESS,983515,0,warm20,3056640,473920,0,423040,,,,,60,18,used,,,,20260917-2319
2026-09-17 23:56:55,HAUSP-UB[noEUCS],SIGN,24,2,0.003000,0.000,0.008,639272,290,0,4312,4312,0,0,0,103673264,22,102726235,59,0.000000,0.181624,0.181641,17307,0,19.57,103673020,103673020,760,246,SUCCESS,947009,0,warm20,3075072,484064,0,430976,,,,,59,20,used,,,,20260917-2319
2026-09-17 23:56:59,HAUSP-UB[noEUCS],SIGN,25,2,0.003000,0.000,0.008,650468,296,0,4337,4337,0,0,0,103005832,23,102072686,61,0.000000,0.181756,0.181772,17338,0,19.94,103005589,103005589,756,246,SUCCESS,933126,0,warm20,3104768,493856,0,440960,,,,,61,20,used,,,,20260917-2319
2026-09-17 23:57:03,HAUSP-UB[noEUCS],SIGN,26,2,0.003000,0.000,0.008,661807,302,0,4350,4351,0,0,0,102278280,22,101356166,66,0.000000,0.180799,0.180817,16997,0,19.99,102278039,102278039,756,246,SUCCESS,922097,0,warm20,3112960,502720,0,450432,,,,,66,17,used,,,,20260917-2319
2026-09-17 23:57:08,HAUSP-UB[noEUCS],SIGN,27,2,0.003000,0.000,0.008,671849,308,0,4282,4282,0,0,0,99724640,24,98829400,63,0.000000,0.180223,0.180241,16446,0,20.04,99724400,99724400,753,246,SUCCESS,895222,0,warm20,3129344,511008,0,456576,,,,,63,18,used,,,,20260917-2319
2026-09-17 23:57:12,HAUSP-UB[noEUCS],SIGN,28,2,0.003000,0.000,0.008,682126,314,0,4282,4282,0,0,0,98664500,24,97783193,59,0.000000,0.180669,0.180687,16420,0,20.09,98664260,98664260,754,246,SUCCESS,881289,0,warm20,3139584,519168,0,465792,,,,,59,18,used,,,,20260917-2319
2026-09-17 23:57:16,HAUSP-UB[noEUCS],SIGN,29,2,0.003000,0.000,0.008,695776,320,0,4466,4466,0,0,0,100691676,25,99797371,52,0.000000,0.181944,0.181962,16853,0,20.14,100691436,100691436,758,247,SUCCESS,894286,0,warm20,3145728,530240,0,481408,,,,,52,19,used,,,,20260917-2319
2026-09-17 23:57:21,HAUSP-UB[noEUCS],SIGN,30,2,0.003000,0.000,0.008,707653,326,0,4440,4440,0,0,0,99017923,25,98142179,52,0.000000,0.181542,0.181561,16464,0,20.19,99017682,99017682,752,247,SUCCESS,875725,0,warm20,3158016,539136,0,483456,,,,,52,19,used,,,,20260917-2319
2026-09-17 23:57:25,HAUSP-UB[noEUCS],SIGN,31,2,0.003000,0.000,0.008,720279,332,0,4365,4365,0,0,0,96439389,26,95591014,55,0.000000,0.180791,0.180809,15898,0,20.57,96439148,96439148,752,247,SUCCESS,848355,0,warm20,3170304,548128,0,491392,,,,,55,20,used,,,,20260917-2319
2026-09-17 23:57:30,HAUSP-UB[noEUCS],SIGN,32,2,0.003000,0.000,0.008,730705,338,0,4361,4361,0,0,0,95316430,28,94481770,55,0.000000,0.181316,0.181334,15828,0,20.62,95316189,95316189,753,249,SUCCESS,834638,0,warm20,3174400,556992,0,501120,,,,,55,22,used,,,,20260917-2319
2026-09-17 23:57:34,HAUSP-UB[noEUCS],SIGN,33,2,0.003000,0.000,0.008,744420,344,0,4393,4393,0,0,0,94575230,27,93751606,57,0.000000,0.183838,0.183857,16554,0,20.67,94574989,94574989,753,250,SUCCESS,823605,0,warm20,3190784,566592,0,513408,,,,,57,19,used,,,,20260917-2319
2026-09-17 23:57:38,HAUSP-UB[noEUCS],SIGN,34,2,0.003000,0.000,0.008,756980,350,0,4461,4461,0,0,0,94589953,26,93768264,56,0.000000,0.185007,0.185026,16743,0,20.72,94589711,94589711,752,250,SUCCESS,821671,0,warm20,3219456,576928,0,521216,,,,,56,18,used,,,,20260917-2319
2026-09-17 23:57:43,HAUSP-UB[noEUCS],SIGN,35,2,0.003000,0.000,0.008,768219,356,0,4444,4444,0,0,0,93218110,26,92411858,57,0.000000,0.185391,0.185410,16721,0,21.09,93217868,93217868,751,250,SUCCESS,806234,0,warm20,3276800,586656,0,523264,,,,,57,18,used,,,,20260917-2319
2026-09-17 23:57:47,HAUSP-UB[noEUCS],SIGN,36,2,0.003000,0.000,0.008,777786,362,0,4463,4463,0,0,0,92381711,27,91583827,57,0.000000,0.185781,0.185801,16692,0,21.14,92381471,92381471,750,251,SUCCESS,797867,0,warm20,3313664,594336,0,531456,,,,,57,17,used,,,,20260917-2319
2026-09-17 23:57:52,HAUSP-UB[noEUCS],SIGN,37,2,0.003000,0.000,0.008,790994,368,0,4572,4572,0,0,0,93541281,30,92740130,53,0.000000,0.187070,0.187089,16986,0,21.51,93541040,93541040,748,252,SUCCESS,801131,0,warm20,3403776,605088,0,553600,,,,,53,20,used,,,,20260917-2319
2026-09-17 23:57:56,HAUSP-UB[noEUCS],SIGN,38,2,0.003000,0.000,0.008,803248,374,0,4571,4571,0,0,0,92359913,33,91571875,48,0.000000,0.187268,0.187288,16821,0,21.56,92359670,92359670,744,252,SUCCESS,788014,0,warm20,3428352,614496,0,559744,,,,,48,24,used,,,,20260917-2319
2026-09-17 23:58:01,HAUSP-UB[noEUCS],SIGN,39,2,0.003000,0.000,0.008,817420,380,0,4593,4593,0,0,0,91757519,34,90979238,46,0.000000,0.187376,0.187397,16757,0,21.94,91757276,91757276,740,252,SUCCESS,778256,0,warm20,3526656,624736,0,562304,,,,,46,25,used,,,,20260917-2319
2026-09-17 23:58:06,HAUSP-UB[noEUCS],SIGN,40,2,0.003000,0.000,0.008,828605,386,0,4632,4632,0,0,0,91574496,34,90799288,49,0.000000,0.187829,0.187850,16796,0,21.99,91574254,91574254,739,252,SUCCESS,775184,0,warm20,3575808,633088,0,563328,,,,,49,24,used,,,,20260917-2319
2026-09-17 23:58:10,HAUSP-UB[noEUCS],SIGN,41,2,0.003000,0.000,0.008,840915,392,0,4673,4673,0,0,0,91250481,34,90481692,49,0.000000,0.187972,0.187992,16767,0,22.36,91250239,91250239,738,253,SUCCESS,768765,0,warm20,3678208,643584,0,575104,,,,,49,24,used,,,,20260917-2319
2026-09-17 23:58:15,HAUSP-UB[noEUCS],SIGN,42,2,0.003000,0.000,0.008,851890,398,0,4705,4705,0,0,0,90859133,33,90095416,53,0.000000,0.189470,0.189491,17093,0,22.74,90858890,90858890,734,253,SUCCESS,763694,0,warm20,3825664,653152,0,582272,,,,,53,23,used,,,,20260917-2319
2026-09-17 23:58:20,HAUSP-UB[noEUCS],SIGN,43,2,0.003000,0.000,0.008,867106,404,0,4758,4758,0,0,0,91145545,34,90386554,55,0.000000,0.188551,0.188572,16906,0,22.79,91145301,91145301,736,254,SUCCESS,758966,0,warm20,3829760,663840,0,587392,,,,,55,25,used,,,,20260917-2319
2026-09-17 23:58:25,HAUSP-UB[noEUCS],SIGN,44,2,0.003000,0.000,0.008,884460,410,0,4778,4778,0,0,0,90560831,30,89808821,57,0.000000,0.188086,0.188107,16490,0,23.16,90560589,90560589,748,254,SUCCESS,751992,0,warm20,3964928,674592,0,590720,,,,,57,18,used,,,,20260917-2319
2026-09-17 23:58:29,HAUSP-UB[noEUCS],SIGN,45,2,0.003000,0.000,0.008,901027,416,0,4738,4738,0,0,0,88711859,30,87977905,57,0.000000,0.187128,0.187150,15893,0,23.54,88711618,88711617,753,254,SUCCESS,733937,0,warm20,4116480,684960,0,595584,,,,,57,17,used,,,,20260917-2319
2026-09-17 23:58:34,HAUSP-UB[noEUCS],SIGN,46,2,0.003000,0.000,0.008,916886,422,0,4742,4742,0,0,0,87982799,32,87259765,56,0.000000,0.186182,0.186203,15488,0,23.91,87982558,87982558,753,255,SUCCESS,723015,0,warm20,4255744,696640,0,608256,,,,,56,19,used,,,,20260917-2319
2026-09-17 23:58:39,HAUSP-UB[noEUCS],SIGN,47,2,0.003000,0.000,0.008,933116,428,0,4710,4710,0,0,0,86901399,32,86192255,58,0.000000,0.185469,0.185491,15117,0,24.28,86901156,86901153,755,255,SUCCESS,709124,0,warm20,4405248,706624,0,620544,,,,,58,20,used,,,,20260917-2319
2026-09-17 23:58:44,HAUSP-UB[noEUCS],SIGN,48,2,0.003000,0.000,0.008,947537,434,0,4694,4694,0,0,0,86039616,33,85342140,53,0.000000,0.184956,0.184976,14733,0,24.66,86039373,86039373,753,255,SUCCESS,697455,0,warm20,4558848,716352,0,621568,,,,,53,21,used,,,,20260917-2319
2026-09-17 23:58:48,HAUSP-UB[noEUCS],SIGN,49,2,0.003000,0.000,0.008,957204,440,0,4654,4655,0,0,0,84747143,33,84062317,53,0.000000,0.184981,0.185003,14599,0,25.03,84746900,84746900,753,255,SUCCESS,684805,0,warm20,4710400,724224,0,631808,,,,,53,21,used,,,,20260917-2319
2026-09-17 23:58:53,HAUSP-UB[noEUCS],SIGN,50,2,0.003000,0.000,0.008,967022,446,0,4651,4651,0,0,0,84051940,33,83374456,52,0.000000,0.185266,0.185288,14609,0,25.08,84051696,84051696,753,255,SUCCESS,677462,0,warm20,4710400,732384,0,640000,,,,,52,22,used,,,,20260917-2319
2026-09-17 23:58:58,HAUSP-UB[noEUCS],SIGN,51,2,0.003000,0.000,0.008,979636,452,0,4710,4710,0,0,0,84516415,31,83836857,54,0.000000,0.185286,0.185309,14554,0,25.45,84516171,84516171,751,255,SUCCESS,679538,0,warm20,4849664,741728,0,641408,,,,,54,20,used,,,,20260917-2319
2026-09-17 23:59:02,HAUSP-UB[noEUCS],SIGN,52,2,0.003000,0.000,0.008,990505,458,0,4685,4685,0,0,0,83473077,31,82803848,54,0.000000,0.185190,0.185214,14363,0,25.83,83472833,83472833,749,255,SUCCESS,669209,0,warm20,4988928,750560,0,651648,,,,,54,20,used,,,,20260917-2319
2026-09-17 23:59:07,HAUSP-UB[noEUCS],SIGN,53,2,0.003000,0.000,0.008,1001386,464,0,4571,4571,0,0,0,81675208,31,81021157,55,0.000000,0.184680,0.184703,14056,0,17.85,81674964,81674964,748,255,SUCCESS,654031,0,warm20,5185536,757664,0,654208,,,,,55,20,used,,,,20260917-2319
2026-09-17 23:59:11,HAUSP-UB[noEUCS],SIGN,54,2,0.003000,0.000,0.008,1016244,470,0,4610,4610,0,0,0,81562343,30,80912061,61,0.000000,0.184275,0.184300,13905,0,18.15,81562099,81562099,747,255,SUCCESS,650263,0,warm20,5300224,767424,0,656256,,,,,61,19,used,,,,20260917-2319
2026-09-17 23:59:16,HAUSP-UB[noEUCS],SIGN,55,2,0.003000,0.000,0.008,1027129,476,0,4619,4619,0,0,0,81091130,30,80446540,61,0.000000,0.184180,0.184205,13871,0,18.44,81090888,81090888,747,256,SUCCESS,644573,0,warm20,5406720,776064,0,666496,,,,,61,17,used,,,,20260917-2319
2026-09-17 23:59:21,HAUSP-UB[noEUCS],SIGN,56,2,0.003000,0.000,0.008,1047408,482,0,4675,4675,0,0,0,80919576,26,80281821,64,0.000000,0.182475,0.182502,13478,0,18.81,80919332,80919332,751,260,SUCCESS,637741,0,warm20,5500928,787776,0,695680,,,,,64,14,used,,,,20260917-2319
2026-09-17 23:59:25,HAUSP-UB[noEUCS],SIGN,57,2,0.003000,0.000,0.008,1060421,488,0,4679,4679,0,0,0,80249837,26,79618811,61,0.000000,0.182345,0.182371,13277,0,19.14,80249589,80249589,745,260,SUCCESS,631012,0,warm20,5615616,796864,0,708992,,,,,61,14,used,,,,20260917-2319
2026-09-17 23:59:30,HAUSP-UB[noEUCS],SIGN,58,2,0.003000,0.000,0.008,1079371,494,0,4688,4688,0,0,0,79700384,27,79076611,71,0.000000,0.181677,0.181704,13241,0,19.35,79700136,79700136,740,261,SUCCESS,623758,0,warm20,5672960,807232,0,721280,,,,,71,15,used,,,,20260917-2319
2026-09-17 23:59:35,HAUSP-UB[noEUCS],SIGN,59,2,0.003000,0.000,0.008,1096747,500,0,4713,4713,0,0,0,79508039,28,78887045,77,0.000000,0.180738,0.180766,13167,0,19.69,79507791,79507791,737,263,SUCCESS,620979,0,warm20,5771264,817088,0,743296,,,,,77,15,used,,,,20260917-2319
2026-09-17 23:59:40,HAUSP-UB[noEUCS],SIGN,60,2,0.003000,0.000,0.008,1110602,506,0,4713,4713,0,0,0,78848977,29,78235534,77,0.000000,0.180587,0.180615,13007,0,19.84,78848729,78848729,732,263,SUCCESS,613429,0,warm20,5804032,826272,0,745728,,,,,77,14,used,,,,20260917-2319
2026-09-17 23:59:44,HAUSP-UB[noEUCS],SIGN,61,2,0.003000,0.000,0.008,1124744,512,0,4709,4709,0,0,0,78177936,31,77572669,73,0.000000,0.180538,0.180567,12882,0,20.04,78177690,78177690,736,265,SUCCESS,605253,0,warm20,5849088,835776,0,766720,,,,,73,14,used,,,,20260917-2319
2026-09-17 23:59:49,HAUSP-UB[noEUCS],SIGN,62,2,0.003000,0.000,0.008,1139446,518,0,4739,4739,0,0,0,78222313,30,77620427,73,0.000000,0.180452,0.180481,12846,0,20.23,78222064,78222064,737,265,SUCCESS,601872,0,warm20,5902336,845920,0,767616,,,,,73,14,used,,,,20260917-2319
2026-09-17 23:59:54,HAUSP-UB[noEUCS],SIGN,63,2,0.003000,0.000,0.008,1156811,524,0,4763,4763,0,0,0,77990356,26,77395579,76,0.000000,0.180528,0.180560,12821,0,20.39,77990105,77990105,744,266,SUCCESS,594765,0,warm20,5910528,857024,0,779392,,,,,76,12,used,,,,20260917-2319
2026-09-17 23:59:59,HAUSP-UB[noEUCS],SIGN,64,2,0.003000,0.000,0.008,1169601,530,0,4777,4777,0,0,0,77707116,26,77117355,74,0.000000,0.180281,0.180313,12622,0,20.58,77706865,77706865,740,266,SUCCESS,589750,0,warm20,5943296,866144,0,793216,,,,,74,11,used,,,,20260917-2319
2026-09-18 00:00:03,HAUSP-UB[noEUCS],SIGN,65,2,0.003000,0.000,0.008,1183474,536,0,4800,4800,0,0,0,77230229,25,76646251,75,0.000000,0.180008,0.180040,12433,0,20.73,77229978,77229978,739,266,SUCCESS,583968,0,warm20,5971968,875744,0,795520,,,,,75,10,used,,,,20260917-2319
2026-09-18 00:00:08,HAUSP-UB[noEUCS],SIGN,66,2,0.003000,0.000,0.008,1194955,542,0,4779,4779,0,0,0,76383493,24,75806716,71,0.000000,0.179947,0.179980,12294,0,20.90,76383242,76383242,738,266,SUCCESS,576768,0,warm20,6000640,884320,0,806272,,,,,71,9,used,,,,20260917-2319
2026-09-18 00:00:13,HAUSP-UB[noEUCS],SIGN,67,2,0.003000,0.000,0.008,1209554,548,0,4763,4763,0,0,0,75630824,26,75062214,72,0.000000,0.179381,0.179413,12041,0,21.04,75630572,75630572,740,266,SUCCESS,568598,0,warm20,6025216,893888,0,807552,,,,,72,12,used,,,,20260917-2319
2026-09-18 00:00:18,HAUSP-UB[noEUCS],SIGN,68,2,0.003000,0.000,0.008,1225092,554,0,4814,4814,0,0,0,75886310,27,75317138,71,0.000000,0.179369,0.179400,12117,0,21.19,75886058,75886058,737,266,SUCCESS,569159,0,warm20,6033408,904512,0,824192,,,,,71,13,used,,,,20260917-2319
2026-09-18 00:00:23,HAUSP-UB[noEUCS],SIGN,69,2,0.003000,0.000,0.008,1246726,560,0,5017,5017,0,0,0,79450609,26,78863730,69,0.000000,0.177314,0.177344,12158,0,21.36,79450357,79450357,740,267,SUCCESS,586867,0,warm20,6045696,918208,0,841856,,,,,69,12,used,,,,20260917-2319
2026-09-18 00:00:28,HAUSP-UB[noEUCS],SIGN,70,2,0.003000,0.000,0.008,1265597,566,0,5136,5136,0,0,0,80838528,27,80243454,64,0.000000,0.177587,0.177615,12584,0,21.52,80838275,80838275,738,267,SUCCESS,595061,0,warm20,6049792,929472,0,873344,,,,,64,13,used,,,,20260917-2319
2026-09-18 00:00:33,HAUSP-UB[noEUCS],SIGN,71,2,0.003000,0.000,0.008,1283052,572,0,5190,5190,0,0,0,81194835,32,80598441,61,0.000000,0.177750,0.177778,12659,0,21.65,81194582,81194582,738,267,SUCCESS,596376,0,warm20,6053888,939584,0,885888,,,,,61,18,used,,,,20260917-2319
2026-09-18 00:00:38,HAUSP-UB[noEUCS],SIGN,72,2,0.003000,0.000,0.008,1300784,578,0,5343,5343,0,0,0,83171681,31,82562944,65,0.000000,0.177249,0.177276,12940,0,21.77,83171428,83171428,736,267,SUCCESS,608720,0,warm20,6066176,951104,0,894848,,,,,65,17,used,,,,20260917-2319
2026-09-18 00:00:44,HAUSP-UB[noEUCS],SIGN,73,2,0.003000,0.000,0.008,1316615,584,0,5434,5434,0,0,0,84148511,30,83536262,65,0.000000,0.177132,0.177159,12887,0,21.86,84148258,84148258,737,267,SUCCESS,612233,0,warm20,6066176,963200,0,899968,,,,,65,16,used,,,,20260917-2319
2026-09-18 00:00:49,HAUSP-UB[noEUCS],SIGN,74,2,0.003000,0.000,0.008,1330102,590,0,5418,5418,0,0,0,83351687,30,82746645,65,0.000000,0.177117,0.177144,12801,0,22.01,83351434,83351434,738,267,SUCCESS,605026,0,warm20,6074368,972416,0,928000,,,,,65,16,used,,,,20260917-2319
2026-09-18 00:00:55,HAUSP-UB[noEUCS],SIGN,75,2,0.003000,0.000,0.008,1342143,596,0,5387,5387,0,0,0,82418671,30,81821349,64,0.000000,0.176878,0.176905,12641,0,22.12,82418419,82418419,737,267,SUCCESS,597307,0,warm20,6078464,981184,0,941312,,,,,64,15,used,,,,20260917-2319
2026-09-18 00:01:00,HAUSP-UB[noEUCS],SIGN,76,2,0.003000,0.000,0.008,1352225,602,0,5363,5363,0,0,0,81466552,30,80877018,62,0.000000,0.176708,0.176736,12469,0,22.20,81466300,81466300,736,267,SUCCESS,589519,0,warm20,6078464,989184,0,945408,,,,,62,15,used,,,,20260917-2319
2026-09-18 00:01:05,HAUSP-UB[noEUCS],SIGN,77,2,0.003000,0.000,0.008,1364919,608,0,5404,5404,0,0,0,81502794,30,80913624,64,0.000000,0.177017,0.177045,12515,0,22.30,81502542,81502542,736,267,SUCCESS,589155,0,warm20,6086656,999168,0,946432,,,,,64,15,used,,,,20260917-2319
2026-09-18 00:01:11,HAUSP-UB[noEUCS],SIGN,78,2,0.003000,0.000,0.008,1378844,614,0,5445,5445,0,0,0,81488994,30,80902153,64,0.000000,0.177266,0.177294,12541,0,22.43,81488742,81488742,736,267,SUCCESS,586826,0,warm20,6098944,1009024,0,964096,,,,,64,15,used,,,,20260917-2319
2026-09-18 00:01:16,HAUSP-UB[noEUCS],SIGN,79,2,0.003000,0.000,0.008,1390075,620,0,5423,5423,0,0,0,80747716,29,80168197,64,0.000000,0.177037,0.177065,12364,0,22.52,80747464,80747464,736,267,SUCCESS,579505,0,warm20,6107136,1017312,0,964096,,,,,64,14,used,,,,20260917-2319
2026-09-18 00:01:22,HAUSP-UB[noEUCS],SIGN,80,2,0.003000,0.000,0.008,1404925,626,0,5429,5429,0,0,0,80576224,29,80002004,65,0.000000,0.176620,0.176649,12159,0,22.66,80575972,80575972,736,267,SUCCESS,574206,0,warm20,6115328,1027168,0,972416,,,,,65,14,used,,,,20260917-2319
2026-09-18 00:01:27,HAUSP-UB[noEUCS],SIGN,81,2,0.003000,0.000,0.008,1419540,632,0,5454,5454,0,0,0,80442823,29,79870482,66,0.000000,0.176665,0.176694,12230,0,22.76,80442571,80442571,735,267,SUCCESS,572327,0,warm20,6123520,1037088,0,977536,,,,,66,14,used,,,,20260917-2319
2026-09-18 00:01:33,HAUSP-UB[noEUCS],SIGN,82,2,0.003000,0.000,0.008,1430972,638,0,5511,5511,0,0,0,80609918,29,80036057,66,0.000000,0.176688,0.176717,12165,0,22.88,80609666,80609666,739,267,SUCCESS,573847,0,warm20,6131712,1046080,0,987776,,,,,66,14,used,,,,20260917-2319
2026-09-18 00:01:38,HAUSP-UB[noEUCS],SIGN,83,2,0.003000,0.000,0.008,1446547,644,0,5549,5549,0,0,0,80344277,30,79772488,66,0.000000,0.176675,0.176703,12128,0,23.01,80344025,80344025,735,267,SUCCESS,571774,0,warm20,6148096,1057088,0,999552,,,,,66,15,used,,,,20260917-2319
2026-09-18 00:01:44,HAUSP-UB[noEUCS],SIGN,84,2,0.003000,0.000,0.008,1466019,650,0,5658,5658,0,0,0,81182667,30,80606246,68,0.000000,0.176547,0.176576,12206,0,23.15,81182416,81182416,740,267,SUCCESS,576407,0,warm20,6172672,1069536,0,1005440,,,,,68,14,used,,,,20260917-2319
2026-09-18 00:01:50,HAUSP-UB[noEUCS],SIGN,85,2,0.003000,0.000,0.008,1477721,656,0,5650,5650,0,0,0,80509456,31,79938846,70,0.000000,0.176535,0.176563,12122,0,23.27,80509205,80509205,737,267,SUCCESS,570595,0,warm20,6197248,1078816,0,1005440,,,,,70,15,used,,,,20260917-2319
2026-09-18 00:01:55,HAUSP-UB[noEUCS],SIGN,86,2,0.003000,0.000,0.008,1489446,662,0,5653,5653,0,0,0,80029808,31,79463543,68,0.000000,0.176775,0.176803,12092,0,23.43,80029557,80029557,739,267,SUCCESS,566250,0,warm20,6230016,1088704,0,1011712,,,,,68,15,used,,,,20260917-2319
2026-09-18 00:02:01,HAUSP-UB[noEUCS],SIGN,87,2,0.003000,0.000,0.008,1504545,668,0,5740,5740,0,0,0,80675128,33,80106364,61,0.000000,0.176814,0.176842,12261,0,23.61,80674877,80674877,741,267,SUCCESS,568747,0,warm20,6270976,1099744,0,1025536,,,,,61,17,used,,,,20260917-2319
2026-09-18 00:02:07,HAUSP-UB[noEUCS],SIGN,88,2,0.003000,0.000,0.008,1520720,674,0,5847,5847,0,0,0,81479098,33,80906771,61,0.000000,0.177065,0.177093,12357,0,23.83,81478848,81478844,747,267,SUCCESS,572311,0,warm20,6340608,1111488,0,1026432,,,,,61,16,used,,,,20260917-2319
2026-09-18 00:02:13,HAUSP-UB[noEUCS],SIGN,89,2,0.003000,0.000,0.008,1534926,680,0,5885,5886,0,0,0,81485448,33,80914503,62,0.000000,0.177483,0.177511,12454,0,24.01,81485198,81485198,747,267,SUCCESS,570929,0,warm20,6381568,1122208,0,1037952,,,,,62,16,used,,,,20260917-2319
2026-09-18 00:02:19,HAUSP-UB[noEUCS],SIGN,90,2,0.003000,0.000,0.008,1553182,686,0,6038,6038,0,0,0,82645188,33,82066893,70,0.000000,0.177822,0.177849,12724,0,24.22,82644938,82644934,751,267,SUCCESS,578279,0,warm20,6438912,1133856,0,1046144,,,,,70,16,used,,,,20260917-2319
2026-09-18 00:02:25,HAUSP-UB[noEUCS],SIGN,91,2,0.003000,0.000,0.008,1569089,692,0,6148,6148,0,0,0,83514353,33,82931126,66,0.000000,0.178026,0.178053,12856,0,24.43,83514103,83514102,752,267,SUCCESS,583211,0,warm20,6500352,1145408,0,1047296,,,,,66,16,used,,,,20260917-2319
2026-09-18 00:02:31,HAUSP-UB[noEUCS],SIGN,92,2,0.003000,0.000,0.008,1586819,698,0,6307,6307,0,0,0,85096331,33,84506685,62,0.000000,0.178120,0.178147,12860,0,24.66,85096082,85096081,753,267,SUCCESS,589631,0,warm20,6569984,1157856,0,1056256,,,,,62,15,used,,,,20260917-2319
2026-09-18 00:02:38,HAUSP-UB[noEUCS],SIGN,93,2,0.003000,0.000,0.008,1606504,704,0,6478,6478,0,0,0,87230010,33,86629241,64,0.000000,0.177087,0.177113,12872,0,24.93,87229761,87229760,754,267,SUCCESS,600754,0,warm20,6641664,1170784,0,1076992,,,,,64,15,used,,,,20260917-2319
2026-09-18 00:02:44,HAUSP-UB[noEUCS],SIGN,94,2,0.003000,0.000,0.008,1616945,710,0,6527,6527,0,0,0,87119701,32,86519945,64,0.000000,0.177510,0.177536,12890,0,25.16,87119452,87119452,754,267,SUCCESS,599742,0,warm20,6721536,1179744,0,1077504,,,,,64,14,used,,,,20260917-2319
2026-09-18 00:02:51,HAUSP-UB[noEUCS],SIGN,95,2,0.003000,0.000,0.008,1631610,716,0,6596,6596,0,0,0,87979974,32,87378495,65,0.000000,0.176734,0.176761,12886,0,25.43,87979725,87979725,753,267,SUCCESS,601465,0,warm20,6807552,1189984,0,1083136,,,,,65,14,used,,,,20260917-2319
2026-09-18 00:02:57,HAUSP-UB[noEUCS],SIGN,96,2,0.003000,0.000,0.008,1649145,722,0,6653,6653,0,0,0,87885998,32,87285610,63,0.000000,0.176659,0.176686,12904,0,25.71,87885749,87885749,752,267,SUCCESS,600374,0,warm20,6914048,1201088,0,1084160,,,,,63,14,used,,,,20260917-2319
2026-09-18 00:03:04,HAUSP-UB[noEUCS],SIGN,97,2,0.003000,0.000,0.008,1663324,728,0,6670,6670,0,0,0,87551109,32,86954621,61,0.000000,0.176163,0.176190,12728,0,26.04,87550860,87550858,756,267,SUCCESS,596474,0,warm20,7038976,1211648,0,1087488,,,,,61,14,used,,,,20260917-2319
2026-09-18 00:03:11,HAUSP-UB[noEUCS],SIGN,98,2,0.003000,0.000,0.008,1668652,730,0,6656,6656,0,0,0,87193705,32,86599744,60,0.000000,0.176058,0.176085,12666,0,26.32,87193456,87193456,754,267,SUCCESS,593947,0,warm20,7143424,1214656,0,1095680,,,,,60,14,used,,,,20260917-2319
2026-09-18 00:03:17,HAUSP-UB[noEUCS],SIGN,99,2,0.003000,0.000,0.008,1668652,730,0,6656,6656,0,0,0,87193705,32,86599744,60,0.000000,0.176058,0.176085,12666,0,26.57,87193456,87193456,754,267,SUCCESS,593947,0,warm20,7241728,1214656,0,1095680,,,,,60,14,used,,,,20260917-2319
2026-09-18 00:03:19,HAUSP-UB[noEUCS],C8T1S5I8N5K,0,0,0.000200,0.000,0.200,9488004,9426,106,569,676,60,0,0,4135232,29547,3966466,11828,0.000000,0.242173,0.250249,6078,0,224.87,4150918,4098606,52312,51042,SUCCESS,154905,0,warm20,200064,4438024,0,7045632,,,,,11828,13861,used,,,,20260917-2319
2026-09-18 00:03:19,HAUSP-UB[noEUCS],C8T1S5I8N5K,1,0,0.000200,0.000,0.089,13704859,13616,63,326,390,48,0,0,3706893,34541,3569115,12058,0.000000,0.227534,0.236916,6080,0,234.84,3675925,3670356,6839,56307,SUCCESS,123311,0,warm20,251776,6431144,0,8603648,,,,,12058,14467,used,,,,20260917-2319
2026-09-18 00:03:20,HAUSP-UB[noEUCS],C8T1S5I8N5K,2,0,0.000200,0.000,0.089,17880094,17806,10,324,334,3,0,0,3460572,37898,3333243,12507,0.000000,0.228375,0.238395,5461,0,242.90,3427523,3423895,5202,59691,SUCCESS,112689,0,warm20,332800,8383984,0,10224256,,,,,12507,14640,used,,,,20260917-2319
2026-09-18 00:03:20,HAUSP-UB[noEUCS],C8T1S5I8N5K,3,0,0.000200,0.000,0.089,22148273,21996,10,354,364,3,0,0,3236551,40125,3115984,12560,0.000000,0.218551,0.228813,3757,0,250.18,3201697,3199455,4060,61896,SUCCESS,105279,0,warm20,0,10363736,0,11907328,,,,,12560,15288,used,,,,20260917-2319
2026-09-18 00:03:20,HAUSP-UB[noEUCS],C8T1S5I8N5K,4,0,0.000200,0.000,0.089,26428215,26186,10,401,411,3,0,0,3208352,42017,3091500,12635,0.000000,0.213310,0.223754,2699,0,258.65,3172955,3170986,3824,63728,SUCCESS,101333,0,warm20,432768,12364376,0,13680512,,,,,12634,15518,used,,,,20260917-2319
2026-09-18 00:03:21,HAUSP-UB[noEUCS],C8T1S5I8N5K,5,0,0.000200,0.000,0.089,30677490,30376,10,446,456,3,0,0,3159914,43426,3045404,12339,0.000000,0.211208,0.221754,3175,0,265.43,3123935,3122631,3296,64932,SUCCESS,98832,0,warm20,382080,14342944,0,15421440,,,,,12338,15677,used,,,,20260917-2319
2026-09-18 00:03:21,HAUSP-UB[noEUCS],C8T1S5I8N5K,6,0,0.000200,0.000,0.089,34848642,34566,10,474,485,3,0,0,2985823,44545,2873885,12485,0.000000,0.213378,0.224152,2699,0,273.53,2949736,2948448,3380,66152,SUCCESS,96236,0,warm20,503168,16291592,0,17213568,,,,,12483,15700,used,,,,20260917-2319
2026-09-18 00:03:22,HAUSP-UB[noEUCS],C8T1S5I8N5K,7,0,0.000200,0.000,0.089,39047952,38756,10,505,516,3,0,0,2992647,45487,2883602,12394,0.000000,0.210606,0.221586,2481,0,282.71,2956321,2955389,3092,67000,SUCCESS,93379,0,warm20,733696,18264336,0,19347200,,,,,12389,15661,used,,,,20260917-2319
2026-09-18 00:03:22,HAUSP-UB[noEUCS],C8T1S5I8N5K,8,0,0.000200,0.000,0.089,43240877,42946,10,555,566,3,0,0,2986225,45975,2877340,12593,0.000000,0.210391,0.221479,2451,0,290.61,2949592,2948815,3021,67682,SUCCESS,93277,0,warm20,629376,20223992,0,21403392,,,,,12593,15608,used,,,,20260917-2319
2026-09-18 00:03:23,HAUSP-UB[noEUCS],C8T1S5I8N5K,9,0,0.000200,0.000,0.089,47416411,47132,11,608,619,3,0,0,3020056,46615,2913251,12578,0.000000,0.208598,0.219840,2623,0,299.73,2983315,2982665,2989,68240,SUCCESS,91130,0,warm20,704000,22186560,0,23507328,,,,,12577,15674,used,,,,20260917-2319
2026-09-18 00:03:24,HAUSP-UB[noEUCS],C8T1S5I8N5K,0,1,0.000200,0.000,0.200,9488004,9426,26,236,262,8,0,0,4135232,29547,3966466,11828,0.000000,0.242173,0.250249,6078,0,222.90,4150918,4098606,52312,51042,SUCCESS,154905,0,warm20,200064,4438024,0,7045632,,,,,11828,13861,used,,,,20260917-2319
2026-09-18 00:03:24,HAUSP-UB[noEUCS],C8T1S5I8N5K,1,1,0.000200,0.000,0.089,13704859,13616,10,280,290,3,0,0,3706893,34541,3569115,12058,0.000000,0.227534,0.236916,6080,0,230.94,3675925,3670356,6839,56307,SUCCESS,123311,0,warm20,251776,6431144,0,8603648,,,,,12058,14467,used,,,,20260917-2319
2026-09-18 00:03:24,HAUSP-UB[noEUCS],C8T1S5I8N5K,2,1,0.000200,0.000,0.089,17880094,17806,10,330,341,3,0,0,3460572,37898,3333243,12507,0.000000,0.228375,0.238395,5461,0,238.84,3427523,3423895,5202,59691,SUCCESS,112689,0,warm20,0,8383984,0,10224256,,,,,12507,14640,used,,,,20260917-2319
2026-09-18 00:03:25,HAUSP-UB[noEUCS],C8T1S5I8N5K,3,1,0.000200,0.000,0.089,22148273,21996,10,360,370,3,0,0,3236551,40125,3115984,12560,0.000000,0.218551,0.228813,3757,0,241.28,3201697,3199455,4060,61896,SUCCESS,105279,0,warm20,362368,10363736,0,11907328,,,,,12560,15288,used,,,,20260917-2319
2026-09-18 00:03:25,HAUSP-UB[noEUCS],C8T1S5I8N5K,4,1,0.000200,0.000,0.089,26428215,26186,10,407,418,3,0,0,3208352,42017,3091500,12635,0.000000,0.213310,0.223754,2699,0,248.90,3172955,3170986,3824,63728,SUCCESS,101333,0,warm20,380288,12364376,0,13680512,,,,,12634,15518,used,,,,20260917-2319
2026-09-18 00:03:26,HAUSP-UB[noEUCS],C8T1S5I8N5K,5,1,0.000200,0.000,0.089,30677490,30376,11,455,467,3,0,0,3159914,43426,3045404,12339,0.000000,0.211208,0.221754,3175,0,253.05,3123935,3122631,3296,64932,SUCCESS,98832,0,warm20,462080,14342944,0,15421440,,,,,12338,15677,used,,,,20260917-2319
2026-09-18 00:03:26,HAUSP-UB[noEUCS],C8T1S5I8N5K,6,1,0.000200,0.000,0.089,34848642,34566,11,482,493,3,0,0,2985823,44545,2873885,12485,0.000000,0.213378,0.224152,2699,0,261.35,2949736,2948448,3380,66152,SUCCESS,96236,0,warm20,611968,16291592,0,17213568,,,,,12483,15700,used,,,,20260917-2319
2026-09-18 00:03:27,HAUSP-UB[noEUCS],C8T1S5I8N5K,7,1,0.000200,0.000,0.089,39047952,38756,11,516,528,3,0,0,2992647,45487,2883602,12394,0.000000,0.210606,0.221586,2481,0,267.61,2956321,2955389,3092,67000,SUCCESS,93379,0,warm20,750720,18264336,0,19347200,,,,,12389,15661,used,,,,20260917-2319
2026-09-18 00:03:27,HAUSP-UB[noEUCS],C8T1S5I8N5K,8,1,0.000200,0.000,0.089,43240877,42946,11,566,578,3,0,0,2986225,45975,2877340,12593,0.000000,0.210391,0.221479,2451,0,276.23,2949592,2948815,3021,67682,SUCCESS,93277,0,warm20,767488,20223992,0,21403392,,,,,12593,15608,used,,,,20260917-2319
2026-09-18 00:03:28,HAUSP-UB[noEUCS],C8T1S5I8N5K,9,1,0.000200,0.000,0.089,47416411,47132,11,621,633,3,0,0,3020056,46615,2913251,12578,0.000000,0.208598,0.219840,2623,0,284.87,2983315,2982665,2989,68240,SUCCESS,91130,0,warm20,806272,22186560,0,23507328,,,,,12577,15674,used,,,,20260917-2319
2026-09-18 00:03:29,HAUSP-UB[noEUCS],C8T1S5I8N5K,0,2,0.000200,0.000,0.200,9488004,9426,28,238,266,8,0,0,4135232,29547,3966466,11828,0.000000,0.242173,0.250249,6078,0,223.58,4150918,4098606,52312,51042,SUCCESS,154905,0,warm20,200064,4438024,0,7045632,,,,,11828,13861,used,,,,20260917-2319
2026-09-18 00:03:29,HAUSP-UB[noEUCS],C8T1S5I8N5K,1,2,0.000200,0.000,0.089,13704859,13616,10,280,290,3,0,0,3706893,34541,3569115,12058,0.000000,0.227534,0.236916,6080,0,229.56,3675925,3670356,6839,56307,SUCCESS,123311,0,warm20,251776,6431144,0,8603648,,,,,12058,14467,used,,,,20260917-2319
2026-09-18 00:03:29,HAUSP-UB[noEUCS],C8T1S5I8N5K,2,2,0.000200,0.000,0.089,17880094,17806,10,328,338,3,0,0,3460572,37898,3333243,12507,0.000000,0.228375,0.238395,5461,0,238.40,3427523,3423895,5202,59691,SUCCESS,112689,0,warm20,360448,8383984,0,10224256,,,,,12507,14640,used,,,,20260917-2319
2026-09-18 00:03:30,HAUSP-UB[noEUCS],C8T1S5I8N5K,3,2,0.000200,0.000,0.089,22148273,21996,10,359,370,3,0,0,3236551,40125,3115984,12560,0.000000,0.218551,0.228813,3757,0,241.39,3201697,3199455,4060,61896,SUCCESS,105279,0,warm20,383232,10363736,0,11907328,,,,,12560,15288,used,,,,20260917-2319
2026-09-18 00:03:30,HAUSP-UB[noEUCS],C8T1S5I8N5K,4,2,0.000200,0.000,0.089,26428215,26186,10,406,417,3,0,0,3208352,42017,3091500,12635,0.000000,0.213310,0.223754,2699,0,249.19,3172955,3170986,3824,63728,SUCCESS,101333,0,warm20,432768,12364376,0,13680512,,,,,12634,15518,used,,,,20260917-2319
2026-09-18 00:03:30,HAUSP-UB[noEUCS],C8T1S5I8N5K,5,2,0.000200,0.000,0.089,30677490,30376,11,454,466,3,0,0,3159914,43426,3045404,12339,0.000000,0.211208,0.221754,3175,0,253.27,3123935,3122631,3296,64932,SUCCESS,98832,0,warm20,479232,14342944,0,15421440,,,,,12338,15677,used,,,,20260917-2319
2026-09-18 00:03:31,HAUSP-UB[noEUCS],C8T1S5I8N5K,6,2,0.000200,0.000,0.089,34848642,34566,11,480,491,3,0,0,2985823,44545,2873885,12485,0.000000,0.213378,0.224152,2699,0,261.61,2949736,2948448,3380,66152,SUCCESS,96236,0,warm20,682368,16291592,0,17213568,,,,,12483,15700,used,,,,20260917-2319
2026-09-18 00:03:31,HAUSP-UB[noEUCS],C8T1S5I8N5K,7,2,0.000200,0.000,0.089,39047952,38756,11,514,525,3,0,0,2992647,45487,2883602,12394,0.000000,0.210606,0.221586,2481,0,266.84,2956321,2955389,3092,67000,SUCCESS,93379,0,warm20,733696,18264336,0,19347200,,,,,12389,15661,used,,,,20260917-2319
2026-09-18 00:03:32,HAUSP-UB[noEUCS],C8T1S5I8N5K,8,2,0.000200,0.000,0.089,43240877,42946,11,564,575,3,0,0,2986225,45975,2877340,12593,0.000000,0.210391,0.221479,2451,0,275.42,2949592,2948815,3021,67682,SUCCESS,93277,0,warm20,677504,20223992,0,21403392,,,,,12593,15608,used,,,,20260917-2319
2026-09-18 00:03:33,HAUSP-UB[noEUCS],C8T1S5I8N5K,9,2,0.000200,0.000,0.089,47416411,47132,11,621,633,3,0,0,3020056,46615,2913251,12578,0.000000,0.208598,0.219840,2623,0,274.66,2983315,2982665,2989,68240,SUCCESS,91130,0,warm20,704000,22186560,0,23507328,,,,,12577,15674,used,,,,20260917-2319
2026-09-18 00:03:34,HAUSP-UB[noEUCS],C8T1S5I8N5K,0,0,0.000200,0.000,0.200,9488004,9426,23,234,258,7,0,0,4135232,29547,3966466,11828,0.000000,0.242173,0.250249,6078,0,221.52,4150918,4098606,52312,51042,SUCCESS,154905,0,warm20,200064,4438024,0,7045632,,,,,11828,13861,used,,,,20260917-2319
2026-09-18 00:03:34,HAUSP-UB[noEUCS],C8T1S5I8N5K,1,0,0.000200,0.000,0.042,11451451,11411,8,258,266,3,0,0,4030672,32315,3876679,12186,0.000000,0.228594,0.237342,6935,0,226.47,3997800,3994655,4415,54039,SUCCESS,139848,0,warm20,224256,5368272,0,7833344,,,,,12186,14145,used,,,,20260917-2319
2026-09-18 00:03:34,HAUSP-UB[noEUCS],C8T1S5I8N5K,2,0,0.000200,0.000,0.042,13474240,13396,7,281,289,3,0,0,3737504,34431,3597761,12064,0.000000,0.227398,0.236628,6153,0,230.70,3703445,3701196,3667,56137,SUCCESS,125291,0,warm20,242304,6321544,0,8592640,,,,,12063,14451,used,,,,20260917-2319
2026-09-18 00:03:34,HAUSP-UB[noEUCS],C8T1S5I8N5K,3,0,0.000200,0.000,0.042,15495379,15381,8,316,324,3,0,0,3664634,36189,3529716,12123,0.000000,0.226803,0.236275,5356,0,235.17,3629916,3628105,3380,57835,SUCCESS,120147,0,warm20,348544,7263840,0,9422848,,,,,12122,14770,used,,,,20260917-2319
2026-09-18 00:03:35,HAUSP-UB[noEUCS],C8T1S5I8N5K,4,0,0.000200,0.000,0.042,17415461,17366,8,321,330,3,0,0,3472781,37685,3345930,12436,0.000000,0.222762,0.232785,5565,0,239.37,3437811,3436137,3356,59404,SUCCESS,112031,0,warm20,345472,8176904,0,10255616,,,,,12436,14820,used,,,,20260917-2319
2026-09-18 00:03:35,HAUSP-UB[noEUCS],C8T1S5I8N5K,5,0,0.000200,0.000,0.042,19456214,19351,8,330,339,3,0,0,3254276,38788,3130949,12552,0.000000,0.223095,0.233316,4440,0,237.29,3218590,3217481,2896,60508,SUCCESS,108256,0,warm20,361216,9103440,0,11091584,,,,,12551,15070,used,,,,20260917-2319
2026-09-18 00:03:36,HAUSP-UB[noEUCS],C8T1S5I8N5K,6,0,0.000200,0.000,0.042,21480684,21336,8,348,356,3,0,0,3239860,39820,3118337,12694,0.000000,0.220216,0.230423,3640,0,242.90,3204154,3203007,2939,61636,SUCCESS,106505,0,warm20,359808,10049096,0,11992064,,,,,12694,15018,used,,,,20260917-2319
2026-09-18 00:03:36,HAUSP-UB[noEUCS],C8T1S5I8N5K,7,0,0.000200,0.000,0.042,23500349,23321,8,375,383,3,0,0,3190136,40801,3070428,12488,0.000000,0.220050,0.230282,3552,0,247.64,3153903,3153054,2660,62478,SUCCESS,104307,0,warm20,363392,10989360,0,12886272,,,,,12485,15398,used,,,,20260917-2319
2026-09-18 00:03:36,HAUSP-UB[noEUCS],C8T1S5I8N5K,8,0,0.000200,0.000,0.042,25523565,25306,8,385,394,3,0,0,3137977,41771,3021895,12532,0.000000,0.214030,0.224504,2861,0,246.04,3101608,3100597,2829,63377,SUCCESS,100417,0,warm20,378752,11943024,0,13784192,,,,,12529,15662,used,,,,20260917-2319
2026-09-18 00:03:37,HAUSP-UB[noEUCS],C8T1S5I8N5K,9,0,0.000200,0.000,0.042,27536807,27291,8,428,436,3,0,0,3240438,42536,3123266,12438,0.000000,0.212264,0.222648,2930,0,250.96,3203889,3203064,2755,64099,SUCCESS,101463,0,warm20,405120,12883080,0,14719104,,,,,12437,15708,used,,,,20260917-2319
2026-09-18 00:03:37,HAUSP-UB[noEUCS],C8T1S5I8N5K,10,0,0.000200,0.000,0.042,29578731,29276,8,452,460,3,0,0,3225483,43229,3109625,12277,0.000000,0.212744,0.223063,3499,0,255.73,3188984,3188382,2635,64676,SUCCESS,100229,0,warm20,455424,13829360,0,15667584,,,,,12277,15629,used,,,,20260917-2319
2026-09-18 00:03:38,HAUSP-UB[noEUCS],C8T1S5I8N5K,11,0,0.000200,0.000,0.042,31516022,31261,8,457,466,3,0,0,3106400,43539,2993310,12415,0.000000,0.211394,0.222125,3050,0,255.75,3069676,3069227,2507,65123,SUCCESS,97501,0,warm20,494464,14745488,0,16629888,,,,,12413,15587,used,,,,20260917-2319
2026-09-18 00:03:38,HAUSP-UB[noEUCS],C8T1S5I8N5K,12,0,0.000200,0.000,0.042,33542559,33246,8,478,487,3,0,0,3081113,44284,2967485,12395,0.000000,0.214029,0.224579,2953,0,260.87,3044605,3043890,2775,65761,SUCCESS,97959,0,warm20,603392,15685568,0,17670400,,,,,12395,15669,used,,,,20260917-2319
2026-09-18 00:03:39,HAUSP-UB[noEUCS],C8T1S5I8N5K,13,0,0.000200,0.000,0.042,35525312,35231,8,483,492,3,0,0,2969251,44784,2858478,12465,0.000000,0.212008,0.222833,2582,0,266.02,2932614,2931985,2766,66366,SUCCESS,95113,0,warm20,712448,16610592,0,18791168,,,,,12465,15660,used,,,,20260917-2319
2026-09-18 00:03:39,HAUSP-UB[noEUCS],C8T1S5I8N5K,14,0,0.000200,0.000,0.042,37524002,37216,8,504,513,3,0,0,2992691,45148,2883560,12487,0.000000,0.211338,0.222246,2481,0,270.44,2955831,2955403,2589,66709,SUCCESS,93483,0,warm20,294272,17546264,0,19964160,,,,,12481,15642,used,,,,20260917-2319
2026-09-18 00:03:40,HAUSP-UB[noEUCS],C8T1S5I8N5K,15,0,0.000200,0.000,0.042,39465053,39201,8,522,531,3,0,0,3000697,45492,2891483,12495,0.000000,0.211795,0.222840,2543,0,270.40,2963835,2963502,2579,67051,SUCCESS,93566,0,warm20,779904,18464136,0,21254528,,,,,12492,15645,used,,,,20260917-2319
2026-09-18 00:03:40,HAUSP-UB[noEUCS],C8T1S5I8N5K,16,0,0.000200,0.000,0.042,41467877,41186,8,546,555,3,0,0,2974500,45807,2865051,12433,0.000000,0.211389,0.222348,2513,0,275.79,2937558,2937201,2594,67341,SUCCESS,93750,0,warm20,716416,19395144,0,22411008,,,,,12432,15698,used,,,,20260917-2319
2026-09-18 00:03:41,HAUSP-UB[noEUCS],C8T1S5I8N5K,17,0,0.000200,0.000,0.042,43483968,43171,8,568,577,3,0,0,2991225,45976,2882450,12618,0.000000,0.209947,0.221052,2453,0,273.10,2954279,2953849,2734,67701,SUCCESS,93194,0,warm20,748160,20336344,0,23634176,,,,,12618,15581,used,,,,20260917-2319
2026-09-18 00:03:41,HAUSP-UB[noEUCS],C8T1S5I8N5K,18,0,0.000200,0.000,0.042,45455877,45156,8,584,593,3,0,0,2969607,46401,2862617,12486,0.000000,0.209439,0.220636,2513,0,278.69,2932726,2932440,2660,67980,SUCCESS,91409,0,warm20,851072,21261384,0,24808704,,,,,12486,15581,used,,,,20260917-2319
2026-09-18 00:03:42,HAUSP-UB[noEUCS],C8T1S5I8N5K,19,0,0.000200,0.000,0.042,47416411,47132,8,620,629,3,0,0,3020056,46615,2913251,12578,0.000000,0.208598,0.219840,2623,0,284.26,2983017,2982707,2691,68240,SUCCESS,91130,0,warm20,777472,22186560,0,26054272,,,,,12577,15674,used,,,,20260917-2319
2026-09-18 00:03:43,HAUSP-UB[noEUCS],C8T1S5I8N5K,0,1,0.000200,0.000,0.200,9488004,9426,24,234,258,7,0,0,4135232,29547,3966466,11828,0.000000,0.242173,0.250249,6078,0,223.16,4150918,4098606,52312,51042,SUCCESS,154905,0,warm20,200064,4438024,0,7045632,,,,,11828,13861,used,,,,20260917-2319
2026-09-18 00:03:43,HAUSP-UB[noEUCS],C8T1S5I8N5K,1,1,0.000200,0.000,0.042,11451451,11411,7,259,267,3,0,0,4030672,32315,3876679,12186,0.000000,0.228594,0.237342,6935,0,226.66,3997800,3994655,4415,54039,SUCCESS,139848,0,warm20,224256,5368272,0,7833344,,,,,12186,14145,used,,,,20260917-2319
2026-09-18 00:03:43,HAUSP-UB[noEUCS],C8T1S5I8N5K,2,1,0.000200,0.000,0.042,13474240,13396,8,281,289,3,0,0,3737504,34431,3597761,12064,0.000000,0.227398,0.236628,6153,0,231.01,3703445,3701196,3667,56137,SUCCESS,125291,0,warm20,242304,6321544,0,8592640,,,,,12063,14451,used,,,,20260917-2319
2026-09-18 00:03:44,HAUSP-UB[noEUCS],C8T1S5I8N5K,3,1,0.000200,0.000,0.042,15495379,15381,8,315,323,3,0,0,3664634,36189,3529716,12123,0.000000,0.226803,0.236275,5356,0,235.29,3629916,3628105,3380,57835,SUCCESS,120147,0,warm20,334080,7263840,0,9422848,,,,,12122,14770,used,,,,20260917-2319
2026-09-18 00:03:44,HAUSP-UB[noEUCS],C8T1S5I8N5K,4,1,0.000200,0.000,0.042,17415461,17366,8,321,329,3,0,0,3472781,37685,3345930,12436,0.000000,0.222762,0.232785,5565,0,239.63,3437811,3436137,3356,59404,SUCCESS,112031,0,warm20,345472,8176904,0,10255616,,,,,12436,14820,used,,,,20260917-2319
2026-09-18 00:03:44,HAUSP-UB[noEUCS],C8T1S5I8N5K,5,1,0.000200,0.000,0.042,19456214,19351,8,327,335,3,0,0,3254276,38788,3130949,12552,0.000000,0.223095,0.233316,4440,0,244.02,3218590,3217481,2896,60508,SUCCESS,108256,0,warm20,361216,9103440,0,11091584,,,,,12551,15070,used,,,,20260917-2319
2026-09-18 00:03:45,HAUSP-UB[noEUCS],C8T1S5I8N5K,6,1,0.000200,0.000,0.042,21480684,21336,8,346,355,3,0,0,3239860,39820,3118337,12694,0.000000,0.220216,0.230423,3640,0,249.38,3204154,3203007,2939,61636,SUCCESS,106505,0,warm20,359808,10049096,0,11992064,,,,,12694,15018,used,,,,20260917-2319
2026-09-18 00:03:45,HAUSP-UB[noEUCS],C8T1S5I8N5K,7,1,0.000200,0.000,0.042,23500349,23321,8,372,380,3,0,0,3190136,40801,3070428,12488,0.000000,0.220050,0.230282,3552,0,254.54,3153903,3153054,2660,62478,SUCCESS,104307,0,warm20,390272,10989360,0,12886272,,,,,12485,15398,used,,,,20260917-2319
2026-09-18 00:03:45,HAUSP-UB[noEUCS],C8T1S5I8N5K,8,1,0.000200,0.000,0.042,25523565,25306,8,380,389,3,0,0,3137977,41771,3021895,12532,0.000000,0.214030,0.224504,2861,0,258.88,3101608,3100597,2829,63377,SUCCESS,100417,0,warm20,378752,11943024,0,13784192,,,,,12529,15662,used,,,,20260917-2319
2026-09-18 00:03:46,HAUSP-UB[noEUCS],C8T1S5I8N5K,9,1,0.000200,0.000,0.042,27536807,27291,8,423,431,3,0,0,3240438,42536,3123266,12438,0.000000,0.212264,0.222648,2930,0,263.58,3203889,3203064,2755,64099,SUCCESS,101463,0,warm20,405120,12883080,0,14719104,,,,,12437,15708,used,,,,20260917-2319
2026-09-18 00:03:46,HAUSP-UB[noEUCS],C8T1S5I8N5K,10,1,0.000200,0.000,0.042,29578731,29276,8,446,455,3,0,0,3225483,43229,3109625,12277,0.000000,0.212744,0.223063,3499,0,267.94,3188984,3188382,2635,64676,SUCCESS,100229,0,warm20,206592,13829360,0,15667584,,,,,12277,15629,used,,,,20260917-2319
2026-09-18 00:03:47,HAUSP-UB[noEUCS],C8T1S5I8N5K,11,1,0.000200,0.000,0.042,31516022,31261,8,451,460,3,0,0,3106400,43539,2993310,12415,0.000000,0.211394,0.222125,3050,0,272.96,3069676,3069227,2507,65123,SUCCESS,97501,0,warm20,393088,14745488,0,16629888,,,,,12413,15587,used,,,,20260917-2319
2026-09-18 00:03:47,HAUSP-UB[noEUCS],C8T1S5I8N5K,12,1,0.000200,0.000,0.042,33542559,33246,8,471,480,3,0,0,3081113,44284,2967485,12395,0.000000,0.214029,0.224579,2953,0,278.51,3044605,3043890,2775,65761,SUCCESS,97959,0,warm20,603392,15685568,0,17670400,,,,,12395,15669,used,,,,20260917-2319
2026-09-18 00:03:48,HAUSP-UB[noEUCS],C8T1S5I8N5K,13,1,0.000200,0.000,0.042,35525312,35231,8,477,486,3,0,0,2969251,44784,2858478,12465,0.000000,0.212008,0.222833,2582,0,282.86,2932614,2931985,2766,66366,SUCCESS,95113,0,warm20,242560,16610592,0,18791168,,,,,12465,15660,used,,,,20260917-2319
2026-09-18 00:03:48,HAUSP-UB[noEUCS],C8T1S5I8N5K,14,1,0.000200,0.000,0.042,37524002,37216,9,493,502,3,0,0,2992691,45148,2883560,12487,0.000000,0.211338,0.222246,2481,0,288.96,2955831,2955403,2589,66709,SUCCESS,93483,0,warm20,742912,17546264,0,19964160,,,,,12481,15642,used,,,,20260917-2319
2026-09-18 00:03:49,HAUSP-UB[noEUCS],C8T1S5I8N5K,15,1,0.000200,0.000,0.042,39465053,39201,8,514,523,3,0,0,3000697,45492,2891483,12495,0.000000,0.211795,0.222840,2543,0,293.97,2963835,2963502,2579,67051,SUCCESS,93566,0,warm20,642304,18464136,0,21254528,,,,,12492,15645,used,,,,20260917-2319
2026-09-18 00:03:49,HAUSP-UB[noEUCS],C8T1S5I8N5K,16,1,0.000200,0.000,0.042,41467877,41186,8,537,546,3,0,0,2974500,45807,2865051,12433,0.000000,0.211389,0.222348,2513,0,299.83,2937558,2937201,2594,67341,SUCCESS,93750,0,warm20,801152,19395144,0,22411008,,,,,12432,15698,used,,,,20260917-2319
2026-09-18 00:03:50,HAUSP-UB[noEUCS],C8T1S5I8N5K,17,1,0.000200,0.000,0.042,43483968,43171,8,561,570,3,0,0,2991225,45976,2882450,12618,0.000000,0.209947,0.221052,2453,0,304.96,2954279,2953849,2734,67701,SUCCESS,93194,0,warm20,697472,20336344,0,23634176,,,,,12618,15581,used,,,,20260917-2319
2026-09-18 00:03:51,HAUSP-UB[noEUCS],C8T1S5I8N5K,18,1,0.000200,0.000,0.042,45455877,45156,8,575,583,3,0,0,2969607,46401,2862617,12486,0.000000,0.209439,0.220636,2513,0,310.54,2932726,2932440,2660,67980,SUCCESS,91409,0,warm20,742912,21261384,0,24808704,,,,,12486,15581,used,,,,20260917-2319
2026-09-18 00:03:51,HAUSP-UB[noEUCS],C8T1S5I8N5K,19,1,0.000200,0.000,0.042,47416411,47132,8,611,620,3,0,0,3020056,46615,2913251,12578,0.000000,0.208598,0.219840,2623,0,316.56,2983017,2982707,2691,68240,SUCCESS,91130,0,warm20,777472,22186560,0,26054272,,,,,12577,15674,used,,,,20260917-2319
2026-09-18 00:03:52,HAUSP-UB[noEUCS],C8T1S5I8N5K,0,2,0.000200,0.000,0.200,9488004,9426,24,235,260,7,0,0,4135232,29547,3966466,11828,0.000000,0.242173,0.250249,6078,0,223.47,4150918,4098606,52312,51042,SUCCESS,154905,0,warm20,200064,4438024,0,7045632,,,,,11828,13861,used,,,,20260917-2319
2026-09-18 00:03:52,HAUSP-UB[noEUCS],C8T1S5I8N5K,1,2,0.000200,0.000,0.042,11451451,11411,7,259,267,3,0,0,4030672,32315,3876679,12186,0.000000,0.228594,0.237342,6935,0,226.49,3997800,3994655,4415,54039,SUCCESS,139848,0,warm20,224256,5368272,0,7833344,,,,,12186,14145,used,,,,20260917-2319
2026-09-18 00:03:52,HAUSP-UB[noEUCS],C8T1S5I8N5K,2,2,0.000200,0.000,0.042,13474240,13396,8,281,289,3,0,0,3737504,34431,3597761,12064,0.000000,0.227398,0.236628,6153,0,230.84,3703445,3701196,3667,56137,SUCCESS,125291,0,warm20,242304,6321544,0,8592640,,,,,12063,14451,used,,,,20260917-2319
2026-09-18 00:03:53,HAUSP-UB[noEUCS],C8T1S5I8N5K,3,2,0.000200,0.000,0.042,15495379,15381,8,314,322,3,0,0,3664634,36189,3529716,12123,0.000000,0.226803,0.236275,5356,0,235.12,3629916,3628105,3380,57835,SUCCESS,120147,0,warm20,334080,7263840,0,9422848,,,,,12122,14770,used,,,,20260917-2319
2026-09-18 00:03:53,HAUSP-UB[noEUCS],C8T1S5I8N5K,4,2,0.000200,0.000,0.042,17415461,17366,8,321,329,3,0,0,3472781,37685,3345930,12436,0.000000,0.222762,0.232785,5565,0,239.45,3437811,3436137,3356,59404,SUCCESS,112031,0,warm20,345472,8176904,0,10255616,,,,,12436,14820,used,,,,20260917-2319
2026-09-18 00:03:53,HAUSP-UB[noEUCS],C8T1S5I8N5K,5,2,0.000200,0.000,0.042,19456214,19351,8,329,337,3,0,0,3254276,38788,3130949,12552,0.000000,0.223095,0.233316,4440,0,236.56,3218590,3217481,2896,60508,SUCCESS,108256,0,warm20,361216,9103440,0,11091584,,,,,12551,15070,used,,,,20260917-2319
2026-09-18 00:03:54,HAUSP-UB[noEUCS],C8T1S5I8N5K,6,2,0.000200,0.000,0.042,21480684,21336,8,347,355,3,0,0,3239860,39820,3118337,12694,0.000000,0.220216,0.230423,3640,0,242.02,3204154,3203007,2939,61636,SUCCESS,106505,0,warm20,359808,10049096,0,11992064,,,,,12694,15018,used,,,,20260917-2319
2026-09-18 00:03:54,HAUSP-UB[noEUCS],C8T1S5I8N5K,7,2,0.000200,0.000,0.042,23500349,23321,8,374,382,3,0,0,3190136,40801,3070428,12488,0.000000,0.220050,0.230282,3552,0,246.73,3153903,3153054,2660,62478,SUCCESS,104307,0,warm20,349568,10989360,0,12886272,,,,,12485,15398,used,,,,20260917-2319
2026-09-18 00:03:55,HAUSP-UB[noEUCS],C8T1S5I8N5K,8,2,0.000200,0.000,0.042,25523565,25306,8,385,394,3,0,0,3137977,41771,3021895,12532,0.000000,0.214030,0.224504,2861,0,245.74,3101608,3100597,2829,63377,SUCCESS,100417,0,warm20,378752,11943024,0,13784192,,,,,12529,15662,used,,,,20260917-2319
2026-09-18 00:03:55,HAUSP-UB[noEUCS],C8T1S5I8N5K,9,2,0.000200,0.000,0.042,27536807,27291,8,426,435,3,0,0,3240438,42536,3123266,12438,0.000000,0.212264,0.222648,2930,0,250.62,3203889,3203064,2755,64099,SUCCESS,101463,0,warm20,405120,12883080,0,14719104,,,,,12437,15708,used,,,,20260917-2319
2026-09-18 00:03:55,HAUSP-UB[noEUCS],C8T1S5I8N5K,10,2,0.000200,0.000,0.042,29578731,29276,8,450,459,3,0,0,3225483,43229,3109625,12277,0.000000,0.212744,0.223063,3499,0,255.32,3188984,3188382,2635,64676,SUCCESS,100229,0,warm20,455424,13829360,0,15667584,,,,,12277,15629,used,,,,20260917-2319
2026-09-18 00:03:56,HAUSP-UB[noEUCS],C8T1S5I8N5K,11,2,0.000200,0.000,0.042,31516022,31261,8,455,464,3,0,0,3106400,43539,2993310,12415,0.000000,0.211394,0.222125,3050,0,254.67,3069676,3069227,2507,65123,SUCCESS,97501,0,warm20,553344,14745488,0,16629888,,,,,12413,15587,used,,,,20260917-2319
2026-09-18 00:03:56,HAUSP-UB[noEUCS],C8T1S5I8N5K,12,2,0.000200,0.000,0.042,33542559,33246,8,477,485,3,0,0,3081113,44284,2967485,12395,0.000000,0.214029,0.224579,2953,0,259.63,3044605,3043890,2775,65761,SUCCESS,97959,0,warm20,603392,15685568,0,17670400,,,,,12395,15669,used,,,,20260917-2319
2026-09-18 00:03:57,HAUSP-UB[noEUCS],C8T1S5I8N5K,13,2,0.000200,0.000,0.042,35525312,35231,8,481,490,3,0,0,2969251,44784,2858478,12465,0.000000,0.212008,0.222833,2582,0,264.71,2932614,2931985,2766,66366,SUCCESS,95113,0,warm20,712448,16610592,0,18791168,,,,,12465,15660,used,,,,20260917-2319
2026-09-18 00:03:57,HAUSP-UB[noEUCS],C8T1S5I8N5K,14,2,0.000200,0.000,0.042,37524002,37216,8,501,510,3,0,0,2992691,45148,2883560,12487,0.000000,0.211338,0.222246,2481,0,269.58,2955831,2955403,2589,66709,SUCCESS,93483,0,warm20,538112,17546264,0,19964160,,,,,12481,15642,used,,,,20260917-2319
2026-09-18 00:03:58,HAUSP-UB[noEUCS],C8T1S5I8N5K,15,2,0.000200,0.000,0.042,39465053,39201,8,522,531,3,0,0,3000697,45492,2891483,12495,0.000000,0.211795,0.222840,2543,0,269.87,2963835,2963502,2579,67051,SUCCESS,93566,0,warm20,779904,18464136,0,21254528,,,,,12492,15645,used,,,,20260917-2319
2026-09-18 00:03:59,HAUSP-UB[noEUCS],C8T1S5I8N5K,16,2,0.000200,0.000,0.042,41467877,41186,8,544,552,3,0,0,2974500,45807,2865051,12433,0.000000,0.211389,0.222348,2513,0,275.20,2937558,2937201,2594,67341,SUCCESS,93750,0,warm20,716416,19395144,0,22411008,,,,,12432,15698,used,,,,20260917-2319
2026-09-18 00:03:59,HAUSP-UB[noEUCS],C8T1S5I8N5K,17,2,0.000200,0.000,0.042,43483968,43171,8,569,577,3,0,0,2991225,45976,2882450,12618,0.000000,0.209947,0.221052,2453,0,275.35,2954279,2953849,2734,67701,SUCCESS,93194,0,warm20,697472,20336344,0,23634176,,,,,12618,15581,used,,,,20260917-2319
2026-09-18 00:04:00,HAUSP-UB[noEUCS],C8T1S5I8N5K,18,2,0.000200,0.000,0.042,45455877,45156,8,584,593,3,0,0,2969607,46401,2862617,12486,0.000000,0.209439,0.220636,2513,0,280.99,2932726,2932440,2660,67980,SUCCESS,91409,0,warm20,851072,21261384,0,24808704,,,,,12486,15581,used,,,,20260917-2319
2026-09-18 00:04:00,HAUSP-UB[noEUCS],C8T1S5I8N5K,19,2,0.000200,0.000,0.042,47416411,47132,8,619,628,3,0,0,3020056,46615,2913251,12578,0.000000,0.208598,0.219840,2623,0,286.86,2983017,2982707,2691,68240,SUCCESS,91130,0,warm20,925312,22186560,0,26054272,,,,,12577,15674,used,,,,20260917-2319
2026-09-18 00:04:01,HAUSP-UB[noEUCS],C8T1S5I8N5K,0,0,0.000200,0.000,0.200,9488004,9426,26,239,266,9,0,0,4135232,29547,3966466,11828,0.000000,0.242173,0.250249,6078,0,226.33,4150918,4098606,52312,51042,SUCCESS,154905,0,warm20,200064,4438024,0,7045632,,,,,11828,13861,used,,,,20260917-2319
2026-09-18 00:04:01,HAUSP-UB[noEUCS],C8T1S5I8N5K,1,0,0.000200,0.000,0.016,10242606,10196,6,238,244,3,0,0,4022350,30523,3859290,12218,0.000000,0.234245,0.242551,6200,0,227.84,3988014,3986633,2651,52281,SUCCESS,149243,0,warm20,3968,4794304,0,7376768,,,,,12218,13817,used,,,,20260917-2319
2026-09-18 00:04:02,HAUSP-UB[noEUCS],C8T1S5I8N5K,2,0,0.000200,0.000,0.016,11012574,10966,6,231,238,3,0,0,3680180,31759,3533748,12101,0.000000,0.226376,0.235679,6189,0,229.32,3645400,3644167,2645,53469,SUCCESS,132174,0,warm20,233856,5159280,0,7727744,,,,,12101,14258,used,,,,20260917-2319
2026-09-18 00:04:02,HAUSP-UB[noEUCS],C8T1S5I8N5K,3,0,0.000200,0.000,0.016,11774218,11736,6,259,266,3,0,0,3922936,32745,3770553,12103,0.000000,0.231882,0.240586,7235,0,230.60,3888049,3887105,2401,54421,SUCCESS,138219,0,warm20,64768,5520464,0,8084864,,,,,12102,14163,used,,,,20260917-2319
2026-09-18 00:04:02,HAUSP-UB[noEUCS],C8T1S5I8N5K,4,0,0.000200,0.000,0.016,12547887,12506,6,286,292,3,0,0,4058825,33469,3911600,12121,0.000000,0.227731,0.236627,7437,0,233.24,4023597,4022760,2286,55161,SUCCESS,132947,0,warm20,252032,5887184,0,8378112,,,,,12119,14276,used,,,,20260917-2319
2026-09-18 00:04:03,HAUSP-UB[noEUCS],C8T1S5I8N5K,5,0,0.000200,0.000,0.016,13346762,13276,6,283,289,3,0,0,3786876,34243,3645786,12109,0.000000,0.229284,0.238496,6427,0,234.52,3751548,3750688,2406,55997,SUCCESS,126680,0,warm20,91264,6262176,0,8728448,,,,,12109,14410,used,,,,20260917-2319
2026-09-18 00:04:03,HAUSP-UB[noEUCS],C8T1S5I8N5K,6,0,0.000200,0.000,0.016,14140487,14046,6,281,288,3,0,0,3627505,35056,3489571,12011,0.000000,0.228068,0.237405,5701,0,237.14,3592037,3591267,2340,56730,SUCCESS,123406,0,warm20,107648,6633376,0,9117184,,,,,12010,14527,used,,,,20260917-2319
2026-09-18 00:04:03,HAUSP-UB[noEUCS],C8T1S5I8N5K,7,0,0.000200,0.000,0.016,14908869,14816,6,300,306,3,0,0,3718180,35756,3582738,11990,0.000000,0.224228,0.233648,5235,0,240.12,3682485,3681868,2224,57313,SUCCESS,120720,0,warm20,306304,6988896,0,9505536,,,,,11989,14721,used,,,,20260917-2319
2026-09-18 00:04:03,HAUSP-UB[noEUCS],C8T1S5I8N5K,8,0,0.000200,0.000,0.016,15692755,15586,6,312,319,3,0,0,3635374,36407,3501953,12089,0.000000,0.224026,0.233611,5023,0,233.33,3599705,3598934,2412,58039,SUCCESS,118658,0,warm20,337152,7357224,0,9922432,,,,,12089,14763,used,,,,20260917-2319
2026-09-18 00:04:04,HAUSP-UB[noEUCS],C8T1S5I8N5K,9,0,0.000200,0.000,0.016,16443210,16356,6,319,326,3,0,0,3590296,37043,3460855,12215,0.000000,0.219299,0.229172,5316,0,235.74,3554511,3553828,2369,58698,SUCCESS,114651,0,warm20,349056,7711968,0,10352384,,,,,12214,14789,used,,,,20260917-2319
2026-09-18 00:04:04,HAUSP-UB[noEUCS],C8T1S5I8N5K,10,0,0.000200,0.000,0.016,17202030,17126,6,319,326,3,0,0,3499243,37520,3372640,12518,0.000000,0.219484,0.229570,5629,0,238.06,3463378,3462773,2315,59257,SUCCESS,111916,0,warm20,354560,8070344,0,10738944,,,,,12518,14687,used,,,,20260917-2319
2026-09-18 00:04:04,HAUSP-UB[noEUCS],C8T1S5I8N5K,11,0,0.000200,0.000,0.016,17964675,17896,6,328,335,3,0,0,3439959,38024,3312529,12416,0.000000,0.231035,0.241011,5450,0,240.29,3404002,3403461,2297,59734,SUCCESS,112706,0,warm20,375936,8421128,0,11159040,,,,,12416,14724,used,,,,20260917-2319
2026-09-18 00:04:05,HAUSP-UB[noEUCS],C8T1S5I8N5K,12,0,0.000200,0.000,0.016,18752045,18666,6,329,335,3,0,0,3357331,38413,3232028,12436,0.000000,0.227429,0.237508,4872,0,242.75,3321019,3320707,2132,60069,SUCCESS,110312,0,warm20,363648,8777576,0,11555712,,,,,12436,14991,used,,,,20260917-2319
2026-09-18 00:04:05,HAUSP-UB[noEUCS],C8T1S5I8N5K,13,0,0.000200,0.000,0.016,19540463,19436,6,327,334,3,0,0,3245251,38886,3122471,12548,0.000000,0.222385,0.232613,4379,0,245.21,3209044,3208527,2314,60596,SUCCESS,107755,0,warm20,364288,9142544,0,11987584,,,,,12547,15024,used,,,,20260917-2319
2026-09-18 00:04:05,HAUSP-UB[noEUCS],C8T1S5I8N5K,14,0,0.000200,0.000,0.016,20323541,20206,6,337,344,3,0,0,3254098,39447,3130926,12540,0.000000,0.224600,0.234724,4190,0,248.08,3217624,3217132,2279,61064,SUCCESS,107847,0,warm20,354432,9511112,0,12437760,,,,,12540,15325,used,,,,20260917-2319
2026-09-18 00:04:06,HAUSP-UB[noEUCS],C8T1S5I8N5K,15,0,0.000200,0.000,0.016,21106401,20976,6,339,346,3,0,0,3169084,39677,3047417,12704,0.000000,0.221140,0.231369,3820,0,251.29,3132581,3132167,2225,61468,SUCCESS,106551,0,warm20,367104,9876368,0,12871936,,,,,12704,15116,used,,,,20260917-2319
2026-09-18 00:04:06,HAUSP-UB[noEUCS],C8T1S5I8N5K,16,0,0.000200,0.000,0.016,21891091,21746,7,357,364,3,0,0,3273325,40047,3152021,12664,0.000000,0.219592,0.229792,3928,0,254.20,3236703,3236351,2173,61816,SUCCESS,106103,0,warm20,370688,10241376,0,13311616,,,,,12664,15201,used,,,,20260917-2319
2026-09-18 00:04:07,HAUSP-UB[noEUCS],C8T1S5I8N5K,17,0,0.000200,0.000,0.016,22668471,22516,6,367,374,3,0,0,3214665,40381,3094268,12604,0.000000,0.220137,0.230498,3787,0,256.10,3178045,3177713,2157,62142,SUCCESS,105212,0,warm20,370560,10605336,0,13738368,,,,,12604,15185,used,,,,20260917-2319
2026-09-18 00:04:07,HAUSP-UB[noEUCS],C8T1S5I8N5K,18,0,0.000200,0.000,0.016,23463909,23286,7,372,379,3,0,0,3186101,40802,3066354,12490,0.000000,0.219931,0.230161,3555,0,259.35,3149356,3149039,2148,62473,SUCCESS,104339,0,warm20,412288,10972520,0,14186624,,,,,12487,15405,used,,,,20260917-2319
2026-09-18 00:04:07,HAUSP-UB[noEUCS],C8T1S5I8N5K,19,0,0.000200,0.000,0.016,24264347,24056,6,374,381,3,0,0,3153863,41181,3036405,12557,0.000000,0.216112,0.226513,3211,0,261.67,3116975,3116476,2316,62921,SUCCESS,101861,0,warm20,379520,11345416,0,14638976,,,,,12556,15596,used,,,,20260917-2319
2026-09-18 00:04:08,HAUSP-UB[noEUCS],C8T1S5I8N5K,20,0,0.000200,0.000,0.016,25021126,24826,6,376,383,3,0,0,3141420,41530,3025204,12515,0.000000,0.213467,0.223918,2931,0,264.56,3104377,3104064,2181,63210,SUCCESS,100563,0,warm20,405376,11709480,0,15094784,,,,,12514,15652,used,,,,20260917-2319
2026-09-18 00:04:08,HAUSP-UB[noEUCS],C8T1S5I8N5K,21,0,0.000200,0.000,0.016,25826533,25596,7,394,401,3,0,0,3180358,41854,3063954,12525,0.000000,0.212389,0.222833,2981,0,266.50,3143435,3143095,2232,63499,SUCCESS,100835,0,warm20,398464,12084184,0,15580160,,,,,12523,15567,used,,,,20260917-2319
2026-09-18 00:04:09,HAUSP-UB[noEUCS],C8T1S5I8N5K,22,0,0.000200,0.000,0.016,26635039,26366,7,408,415,3,0,0,3214808,42063,3097833,12673,0.000000,0.213219,0.223732,2799,0,269.58,3177912,3177552,2303,63794,SUCCESS,101514,0,warm20,411520,12457080,0,16079744,,,,,12672,15460,used,,,,20260917-2319
2026-09-18 00:04:09,HAUSP-UB[noEUCS],C8T1S5I8N5K,23,0,0.000200,0.000,0.016,27383102,27136,6,421,428,3,0,0,3241078,42462,3123983,12504,0.000000,0.212937,0.223399,2923,0,271.79,3204077,3203790,2295,64054,SUCCESS,101425,0,warm20,471680,12811744,0,16519808,,,,,12503,15669,used,,,,20260917-2319
2026-09-18 00:04:09,HAUSP-UB[noEUCS],C8T1S5I8N5K,24,0,0.000200,0.000,0.016,28172835,27906,6,433,440,3,0,0,3255099,42868,3137943,12297,0.000000,0.212305,0.222591,2941,0,274.46,3218197,3217949,2283,64315,SUCCESS,101440,0,warm20,428544,13177336,0,17002240,,,,,12297,15716,used,,,,20260917-2319
2026-09-18 00:04:10,HAUSP-UB[noEUCS],C8T1S5I8N5K,25,0,0.000200,0.000,0.016,28965003,28676,7,445,452,3,0,0,3258474,43019,3141736,12277,0.000000,0.213724,0.223917,3678,0,276.70,3221615,3221403,2234,64486,SUCCESS,101174,0,warm20,448256,13541408,0,17444736,,,,,12276,15563,used,,,,20260917-2319
2026-09-18 00:04:10,HAUSP-UB[noEUCS],C8T1S5I8N5K,26,0,0.000200,0.000,0.016,29733125,29446,7,449,456,3,0,0,3204699,43261,3088563,12262,0.000000,0.213735,0.224049,3457,0,279.80,3167871,3167621,2313,64736,SUCCESS,100533,0,warm20,510976,13903112,0,17910272,,,,,12262,15603,used,,,,20260917-2319
2026-09-18 00:04:11,HAUSP-UB[noEUCS],C8T1S5I8N5K,27,0,0.000200,0.000,0.016,30519360,30216,7,447,454,3,0,0,3158066,43384,3043426,12357,0.000000,0.211232,0.221725,3196,0,281.88,3120966,3120791,2238,64899,SUCCESS,98891,0,warm20,563456,14266976,0,18346752,,,,,12356,15748,used,,,,20260917-2319
2026-09-18 00:04:11,HAUSP-UB[noEUCS],C8T1S5I8N5K,28,0,0.000200,0.000,0.016,31258424,30986,7,452,459,3,0,0,3128375,43457,3015141,12426,0.000000,0.211180,0.221888,3073,0,284.85,3091434,3091310,2199,65042,SUCCESS,97732,0,warm20,552576,14621896,0,18808320,,,,,12423,15499,used,,,,20260917-2319
2026-09-18 00:04:12,HAUSP-UB[noEUCS],C8T1S5I8N5K,29,0,0.000200,0.000,0.016,32001109,31756,7,449,456,3,0,0,3066859,43729,2954575,12416,0.000000,0.211307,0.222072,2936,0,287.24,3029947,3029663,2340,65307,SUCCESS,96685,0,warm20,667520,14975192,0,19350144,,,,,12416,15599,used,,,,20260917-2319
2026-09-18 00:04:12,HAUSP-UB[noEUCS],C8T1S5I8N5K,30,0,0.000200,0.000,0.016,32796296,32526,7,468,476,3,0,0,3117305,43998,3003206,12404,0.000000,0.212397,0.222994,3085,0,290.78,3080452,3080175,2352,65531,SUCCESS,98554,0,warm20,752256,15343824,0,19949568,,,,,12403,15544,used,,,,20260917-2319
2026-09-18 00:04:13,HAUSP-UB[noEUCS],C8T1S5I8N5K,31,0,0.000200,0.000,0.016,33593403,33296,7,472,480,3,0,0,3080486,44275,2966903,12409,0.000000,0.213995,0.224558,2930,0,293.34,3043567,3043331,2364,65764,SUCCESS,97919,0,warm20,751360,15708360,0,20598144,,,,,12408,15663,used,,,,20260917-2319
2026-09-18 00:04:13,HAUSP-UB[noEUCS],C8T1S5I8N5K,32,0,0.000200,0.000,0.016,34347468,34066,7,476,483,3,0,0,3040354,44416,2928054,12454,0.000000,0.213845,0.224541,2829,0,296.73,3003369,3003155,2345,65973,SUCCESS,96662,0,warm20,796800,16061704,0,21226240,,,,,12453,15637,used,,,,20260917-2319
2026-09-18 00:04:14,HAUSP-UB[noEUCS],C8T1S5I8N5K,33,0,0.000200,0.000,0.016,35130889,34836,6,475,482,3,0,0,2987415,44525,2876293,12531,0.000000,0.212364,0.223199,2645,0,299.13,2950376,2950127,2385,66184,SUCCESS,95530,0,warm20,828160,16421688,0,21890176,,,,,12530,15591,used,,,,20260917-2319
2026-09-18 00:04:14,HAUSP-UB[noEUCS],C8T1S5I8N5K,34,0,0.000200,0.000,0.016,35915078,35606,7,477,484,3,0,0,2939615,44804,2829586,12493,0.000000,0.211862,0.222802,2563,0,302.82,2902643,2902398,2419,66418,SUCCESS,94436,0,warm20,839424,16789216,0,22610560,,,,,12492,15592,used,,,,20260917-2319
2026-09-18 00:04:15,HAUSP-UB[noEUCS],C8T1S5I8N5K,35,0,0.000200,0.000,0.016,36684533,36376,7,483,490,3,0,0,2966799,44917,2857706,12558,0.000000,0.212125,0.223127,2570,0,305.48,2929742,2929549,2378,66566,SUCCESS,93537,0,warm20,974336,17153784,0,23167872,,,,,12558,15556,used,,,,20260917-2319
2026-09-18 00:04:15,HAUSP-UB[noEUCS],C8T1S5I8N5K,36,0,0.000200,0.000,0.016,37461649,37146,7,488,496,3,0,0,2973660,45126,2864831,12474,0.000000,0.211300,0.222254,2455,0,308.69,2936572,2936417,2385,66699,SUCCESS,93174,0,warm20,948992,17516488,0,23732096,,,,,12467,15648,used,,,,20260917-2319
2026-09-18 00:04:16,HAUSP-UB[noEUCS],C8T1S5I8N5K,37,0,0.000200,0.000,0.016,38238988,37916,7,506,513,3,0,0,2993611,45213,2884339,12525,0.000000,0.211341,0.222301,2511,0,311.48,2956611,2956466,2397,66819,SUCCESS,93755,0,warm20,1162752,17882056,0,24317440,,,,,12522,15514,used,,,,20260917-2319
2026-09-18 00:04:16,HAUSP-UB[noEUCS],C8T1S5I8N5K,38,0,0.000200,0.000,0.016,38976887,38686,7,511,518,3,0,0,2997933,45410,2888718,12470,0.000000,0.210615,0.221589,2488,0,314.73,2960927,2960762,2442,66992,SUCCESS,93615,0,warm20,1095680,18229256,0,24981760,,,,,12467,15597,used,,,,20260917-2319
2026-09-18 00:04:17,HAUSP-UB[noEUCS],C8T1S5I8N5K,39,0,0.000200,0.000,0.016,39713850,39456,7,529,536,3,0,0,3013197,45469,2903867,12542,0.000000,0.211573,0.222572,2600,0,317.09,2976078,2976006,2341,67071,SUCCESS,93731,0,warm20,1193216,18580056,0,25435520,,,,,12539,15596,used,,,,20260917-2319
2026-09-18 00:04:17,HAUSP-UB[noEUCS],C8T1S5I8N5K,40,0,0.000200,0.000,0.016,40487827,40226,7,535,542,3,0,0,2993525,45652,2883986,12445,0.000000,0.211356,0.222324,2561,0,320.68,2956461,2956322,2401,67185,SUCCESS,93893,0,warm20,1332352,18939824,0,25941760,,,,,12444,15645,used,,,,20260917-2319
2026-09-18 00:04:18,HAUSP-UB[noEUCS],C8T1S5I8N5K,41,0,0.000200,0.000,0.016,41264664,40996,7,541,548,3,0,0,2980173,45744,2870643,12477,0.000000,0.211118,0.222105,2521,0,322.93,2943035,2942896,2426,67306,SUCCESS,93833,0,warm20,1382656,19300776,0,26472192,,,,,12477,15697,used,,,,20260917-2319
2026-09-18 00:04:18,HAUSP-UB[noEUCS],C8T1S5I8N5K,42,0,0.000200,0.000,0.016,42050815,41766,7,548,555,3,0,0,2993777,45851,2884506,12465,0.000000,0.210703,0.221678,2435,0,326.41,2956577,2956449,2433,67432,SUCCESS,93526,0,warm20,1407744,19671224,0,27010304,,,,,12465,15745,used,,,,20260917-2319
2026-09-18 00:04:19,HAUSP-UB[noEUCS],C8T1S5I8N5K,43,0,0.000200,0.000,0.016,42840281,42536,7,557,564,3,0,0,2994561,45937,2885627,12517,0.000000,0.209971,0.221040,2433,0,329.33,2957355,2957178,2484,67580,SUCCESS,93222,0,warm20,1505664,20034736,0,27595008,,,,,12516,15711,used,,,,20260917-2319
2026-09-18 00:04:19,HAUSP-UB[noEUCS],C8T1S5I8N5K,44,0,0.000200,0.000,0.016,43616984,43306,7,564,571,3,0,0,2987380,45959,2878879,12637,0.000000,0.209898,0.221038,2457,0,332.96,2950250,2950093,2493,67702,SUCCESS,92991,0,warm20,1602304,20397264,0,28171648,,,,,12636,15509,used,,,,20260917-2319
2026-09-18 00:04:20,HAUSP-UB[noEUCS],C8T1S5I8N5K,45,0,0.000200,0.000,0.016,44376959,44076,6,573,580,3,0,0,2970429,46106,2862182,12596,0.000000,0.210269,0.221329,2437,0,335.28,2933393,2933302,2462,67788,SUCCESS,92806,0,warm20,1621760,20757008,0,28673536,,,,,12595,15440,used,,,,20260917-2319
2026-09-18 00:04:21,HAUSP-UB[noEUCS],C8T1S5I8N5K,46,0,0.000200,0.000,0.016,45145862,44846,7,573,580,3,0,0,2977862,46271,2870893,12552,0.000000,0.208719,0.219930,2417,0,338.58,2940842,2940693,2525,67932,SUCCESS,91466,0,warm20,1610752,21118472,0,29227648,,,,,12552,15503,used,,,,20260917-2319
2026-09-18 00:04:21,HAUSP-UB[noEUCS],C8T1S5I8N5K,47,0,0.000200,0.000,0.016,45909097,45616,7,582,589,3,0,0,2953803,46522,2847540,12451,0.000000,0.209096,0.220347,2473,0,340.75,2916787,2916676,2492,68068,SUCCESS,90657,0,warm20,1621120,21472080,0,29765888,,,,,12451,15606,used,,,,20260917-2319
2026-09-18 00:04:22,HAUSP-UB[noEUCS],C8T1S5I8N5K,48,0,0.000200,0.000,0.016,46663645,46386,7,609,616,3,0,0,3018188,46710,2910729,12381,0.000000,0.209191,0.220225,2642,0,344.56,2981013,2980897,2472,68169,SUCCESS,91641,0,warm20,1670400,21832088,0,30311040,,,,,12380,15817,used,,,,20260917-2319
2026-09-18 00:04:22,HAUSP-UB[noEUCS],C8T1S5I8N5K,49,0,0.000200,0.000,0.016,47416411,47132,7,615,622,3,0,0,3020056,46615,2913251,12578,0.000000,0.208598,0.219840,2623,0,346.65,2982828,2982697,2502,68240,SUCCESS,91130,0,warm20,1798400,22186560,0,30737280,,,,,12577,15674,used,,,,20260917-2319
2026-09-18 00:04:23,HAUSP-UB[noEUCS],C8T1S5I8N5K,0,1,0.000200,0.000,0.200,9488004,9426,26,237,263,8,0,0,4135232,29547,3966466,11828,0.000000,0.242173,0.250249,6078,0,224.15,4150918,4098606,52312,51042,SUCCESS,154905,0,warm20,200064,4438024,0,7045632,,,,,11828,13861,used,,,,20260917-2319
2026-09-18 00:04:23,HAUSP-UB[noEUCS],C8T1S5I8N5K,1,1,0.000200,0.000,0.016,10242606,10196,6,239,245,3,0,0,4022350,30523,3859290,12218,0.000000,0.234245,0.242551,6200,0,225.47,3988014,3986633,2651,52281,SUCCESS,149243,0,warm20,3968,4794304,0,7376768,,,,,12218,13817,used,,,,20260917-2319
2026-09-18 00:04:24,HAUSP-UB[noEUCS],C8T1S5I8N5K,2,1,0.000200,0.000,0.016,11012574,10966,6,231,238,3,0,0,3680180,31759,3533748,12101,0.000000,0.226376,0.235679,6189,0,228.58,3645400,3644167,2645,53469,SUCCESS,132174,0,warm20,233856,5159280,0,7727744,,,,,12101,14258,used,,,,20260917-2319
2026-09-18 00:04:24,HAUSP-UB[noEUCS],C8T1S5I8N5K,3,1,0.000200,0.000,0.016,11774218,11736,6,260,266,3,0,0,3922936,32745,3770553,12103,0.000000,0.231882,0.240586,7235,0,229.87,3888049,3887105,2401,54421,SUCCESS,138219,0,warm20,64768,5520464,0,8084864,,,,,12102,14163,used,,,,20260917-2319
2026-09-18 00:04:24,HAUSP-UB[noEUCS],C8T1S5I8N5K,4,1,0.000200,0.000,0.016,12547887,12506,6,286,292,3,0,0,4058825,33469,3911600,12121,0.000000,0.227731,0.236627,7437,0,232.51,4023597,4022760,2286,55161,SUCCESS,132947,0,warm20,252032,5887184,0,8378112,,,,,12119,14276,used,,,,20260917-2319
2026-09-18 00:04:25,HAUSP-UB[noEUCS],C8T1S5I8N5K,5,1,0.000200,0.000,0.016,13346762,13276,6,281,288,3,0,0,3786876,34243,3645786,12109,0.000000,0.229284,0.238496,6427,0,233.79,3751548,3750688,2406,55997,SUCCESS,126680,0,warm20,91264,6262176,0,8728448,,,,,12109,14410,used,,,,20260917-2319
2026-09-18 00:04:25,HAUSP-UB[noEUCS],C8T1S5I8N5K,6,1,0.000200,0.000,0.016,14140487,14046,6,281,287,3,0,0,3627505,35056,3489571,12011,0.000000,0.228068,0.237405,5701,0,236.40,3592037,3591267,2340,56730,SUCCESS,123406,0,warm20,107648,6633376,0,9117184,,,,,12010,14527,used,,,,20260917-2319
2026-09-18 00:04:25,HAUSP-UB[noEUCS],C8T1S5I8N5K,7,1,0.000200,0.000,0.016,14908869,14816,6,300,307,3,0,0,3718180,35756,3582738,11990,0.000000,0.224228,0.233648,5235,0,239.40,3682485,3681868,2224,57313,SUCCESS,120720,0,warm20,306304,6988896,0,9505536,,,,,11989,14721,used,,,,20260917-2319
2026-09-18 00:04:25,HAUSP-UB[noEUCS],C8T1S5I8N5K,8,1,0.000200,0.000,0.016,15692755,15586,6,311,318,3,0,0,3635374,36407,3501953,12089,0.000000,0.224026,0.233611,5023,0,232.19,3599705,3598934,2412,58039,SUCCESS,118658,0,warm20,322944,7357224,0,9922432,,,,,12089,14763,used,,,,20260917-2319
2026-09-18 00:04:26,HAUSP-UB[noEUCS],C8T1S5I8N5K,9,1,0.000200,0.000,0.016,16443210,16356,6,319,325,3,0,0,3590296,37043,3460855,12215,0.000000,0.219299,0.229172,5316,0,234.64,3554511,3553828,2369,58698,SUCCESS,114651,0,warm20,349056,7711968,0,10352384,,,,,12214,14789,used,,,,20260917-2319
2026-09-18 00:04:26,HAUSP-UB[noEUCS],C8T1S5I8N5K,10,1,0.000200,0.000,0.016,17202030,17126,6,320,327,3,0,0,3499243,37520,3372640,12518,0.000000,0.219484,0.229570,5629,0,237.14,3463378,3462773,2315,59257,SUCCESS,111916,0,warm20,355328,8070344,0,10738944,,,,,12518,14687,used,,,,20260917-2319
2026-09-18 00:04:26,HAUSP-UB[noEUCS],C8T1S5I8N5K,11,1,0.000200,0.000,0.016,17964675,17896,6,327,333,3,0,0,3439959,38024,3312529,12416,0.000000,0.231035,0.241011,5450,0,238.84,3404002,3403461,2297,59734,SUCCESS,112706,0,warm20,343808,8421128,0,11159040,,,,,12416,14724,used,,,,20260917-2319
2026-09-18 00:04:27,HAUSP-UB[noEUCS],C8T1S5I8N5K,12,1,0.000200,0.000,0.016,18752045,18666,6,328,335,3,0,0,3357331,38413,3232028,12436,0.000000,0.227429,0.237508,4872,0,241.97,3321019,3320707,2132,60069,SUCCESS,110312,0,warm20,376960,8777576,0,11555712,,,,,12436,14991,used,,,,20260917-2319
2026-09-18 00:04:27,HAUSP-UB[noEUCS],C8T1S5I8N5K,13,1,0.000200,0.000,0.016,19540463,19436,6,327,334,3,0,0,3245251,38886,3122471,12548,0.000000,0.222385,0.232613,4379,0,244.27,3209044,3208527,2314,60596,SUCCESS,107755,0,warm20,383488,9142544,0,11987584,,,,,12547,15024,used,,,,20260917-2319
2026-09-18 00:04:27,HAUSP-UB[noEUCS],C8T1S5I8N5K,14,1,0.000200,0.000,0.016,20323541,20206,6,340,347,3,0,0,3254098,39447,3130926,12540,0.000000,0.224600,0.234724,4190,0,246.49,3217624,3217132,2279,61064,SUCCESS,107847,0,warm20,177152,9511112,0,12437760,,,,,12540,15325,used,,,,20260917-2319
2026-09-18 00:04:28,HAUSP-UB[noEUCS],C8T1S5I8N5K,15,1,0.000200,0.000,0.016,21106401,20976,6,341,348,3,0,0,3169084,39677,3047417,12704,0.000000,0.221140,0.231369,3820,0,242.63,3132581,3132167,2225,61468,SUCCESS,106551,0,warm20,383232,9876368,0,12871936,,,,,12704,15116,used,,,,20260917-2319
2026-09-18 00:04:28,HAUSP-UB[noEUCS],C8T1S5I8N5K,16,1,0.000200,0.000,0.016,21891091,21746,6,360,366,3,0,0,3273325,40047,3152021,12664,0.000000,0.219592,0.229792,3928,0,245.59,3236703,3236351,2173,61816,SUCCESS,106103,0,warm20,370688,10241376,0,13311616,,,,,12664,15201,used,,,,20260917-2319
2026-09-18 00:04:29,HAUSP-UB[noEUCS],C8T1S5I8N5K,17,1,0.000200,0.000,0.016,22668471,22516,6,369,375,3,0,0,3214665,40381,3094268,12604,0.000000,0.220137,0.230498,3787,0,247.68,3178045,3177713,2157,62142,SUCCESS,105212,0,warm20,383232,10605336,0,13738368,,,,,12604,15185,used,,,,20260917-2319
2026-09-18 00:04:29,HAUSP-UB[noEUCS],C8T1S5I8N5K,18,1,0.000200,0.000,0.016,23463909,23286,6,373,380,3,0,0,3186101,40802,3066354,12490,0.000000,0.219931,0.230161,3555,0,250.74,3149356,3149039,2148,62473,SUCCESS,104339,0,warm20,398464,10972520,0,14186624,,,,,12487,15405,used,,,,20260917-2319
2026-09-18 00:04:29,HAUSP-UB[noEUCS],C8T1S5I8N5K,19,1,0.000200,0.000,0.016,24264347,24056,6,375,382,3,0,0,3153863,41181,3036405,12557,0.000000,0.216112,0.226513,3211,0,253.09,3116975,3116476,2316,62921,SUCCESS,101861,0,warm20,392960,11345416,0,14638976,,,,,12556,15596,used,,,,20260917-2319
2026-09-18 00:04:30,HAUSP-UB[noEUCS],C8T1S5I8N5K,20,1,0.000200,0.000,0.016,25021126,24826,6,380,387,3,0,0,3141420,41530,3025204,12515,0.000000,0.213467,0.223918,2931,0,248.87,3104377,3104064,2181,63210,SUCCESS,100563,0,warm20,370944,11709480,0,15094784,,,,,12514,15652,used,,,,20260917-2319
2026-09-18 00:04:30,HAUSP-UB[noEUCS],C8T1S5I8N5K,21,1,0.000200,0.000,0.016,25826533,25596,6,396,403,3,0,0,3180358,41854,3063954,12525,0.000000,0.212389,0.222833,2981,0,251.26,3143435,3143095,2232,63499,SUCCESS,100835,0,warm20,398464,12084184,0,15580160,,,,,12523,15567,used,,,,20260917-2319
2026-09-18 00:04:31,HAUSP-UB[noEUCS],C8T1S5I8N5K,22,1,0.000200,0.000,0.016,26635039,26366,6,412,419,3,0,0,3214808,42063,3097833,12673,0.000000,0.213219,0.223732,2799,0,254.29,3177912,3177552,2303,63794,SUCCESS,101514,0,warm20,466048,12457080,0,16079744,,,,,12672,15460,used,,,,20260917-2319
2026-09-18 00:04:31,HAUSP-UB[noEUCS],C8T1S5I8N5K,23,1,0.000200,0.000,0.016,27383102,27136,6,424,431,3,0,0,3241078,42462,3123983,12504,0.000000,0.212937,0.223399,2923,0,256.35,3204077,3203790,2295,64054,SUCCESS,101425,0,warm20,471680,12811744,0,16519808,,,,,12503,15669,used,,,,20260917-2319
2026-09-18 00:04:31,HAUSP-UB[noEUCS],C8T1S5I8N5K,24,1,0.000200,0.000,0.016,28172835,27906,6,437,444,3,0,0,3255099,42868,3137943,12297,0.000000,0.212305,0.222591,2941,0,259.04,3218197,3217949,2283,64315,SUCCESS,101440,0,warm20,428544,13177336,0,17002240,,,,,12297,15716,used,,,,20260917-2319
2026-09-18 00:04:32,HAUSP-UB[noEUCS],C8T1S5I8N5K,25,1,0.000200,0.000,0.016,28965003,28676,6,449,456,3,0,0,3258474,43019,3141736,12277,0.000000,0.213724,0.223917,3678,0,261.43,3221615,3221403,2234,64486,SUCCESS,101174,0,warm20,513920,13541408,0,17444736,,,,,12276,15563,used,,,,20260917-2319
2026-09-18 00:04:32,HAUSP-UB[noEUCS],C8T1S5I8N5K,26,1,0.000200,0.000,0.016,29733125,29446,6,451,458,3,0,0,3204699,43261,3088563,12262,0.000000,0.213735,0.224049,3457,0,264.24,3167871,3167621,2313,64736,SUCCESS,100533,0,warm20,474752,13903112,0,17910272,,,,,12262,15603,used,,,,20260917-2319
2026-09-18 00:04:33,HAUSP-UB[noEUCS],C8T1S5I8N5K,27,1,0.000200,0.000,0.016,30519360,30216,7,452,460,3,0,0,3158066,43384,3043426,12357,0.000000,0.211232,0.221725,3196,0,258.92,3120966,3120791,2238,64899,SUCCESS,98891,0,warm20,563456,14266976,0,18346752,,,,,12356,15748,used,,,,20260917-2319
2026-09-18 00:04:33,HAUSP-UB[noEUCS],C8T1S5I8N5K,28,1,0.000200,0.000,0.016,31258424,30986,7,454,461,3,0,0,3128375,43457,3015141,12426,0.000000,0.211180,0.221888,3073,0,262.06,3091434,3091310,2199,65042,SUCCESS,97732,0,warm20,618240,14621896,0,18808320,,,,,12423,15499,used,,,,20260917-2319
2026-09-18 00:04:34,HAUSP-UB[noEUCS],C8T1S5I8N5K,29,1,0.000200,0.000,0.016,32001109,31756,6,455,462,3,0,0,3066859,43729,2954575,12416,0.000000,0.211307,0.222072,2936,0,264.41,3029947,3029663,2340,65307,SUCCESS,96685,0,warm20,681728,14975192,0,19350144,,,,,12416,15599,used,,,,20260917-2319
2026-09-18 00:04:34,HAUSP-UB[noEUCS],C8T1S5I8N5K,30,1,0.000200,0.000,0.016,32796296,32526,6,472,479,3,0,0,3117305,43998,3003206,12404,0.000000,0.212397,0.222994,3085,0,267.83,3080452,3080175,2352,65531,SUCCESS,98554,0,warm20,752256,15343824,0,19949568,,,,,12403,15544,used,,,,20260917-2319
2026-09-18 00:04:35,HAUSP-UB[noEUCS],C8T1S5I8N5K,31,1,0.000200,0.000,0.016,33593403,33296,6,477,484,3,0,0,3080486,44275,2966903,12409,0.000000,0.213995,0.224558,2930,0,270.28,3043567,3043331,2364,65764,SUCCESS,97919,0,warm20,751360,15708360,0,20598144,,,,,12408,15663,used,,,,20260917-2319
2026-09-18 00:04:35,HAUSP-UB[noEUCS],C8T1S5I8N5K,32,1,0.000200,0.000,0.016,34347468,34066,6,482,489,3,0,0,3040354,44416,2928054,12454,0.000000,0.213845,0.224541,2829,0,265.79,3003369,3003155,2345,65973,SUCCESS,96662,0,warm20,763520,16061704,0,21226240,,,,,12453,15637,used,,,,20260917-2319
2026-09-18 00:04:36,HAUSP-UB[noEUCS],C8T1S5I8N5K,33,1,0.000200,0.000,0.016,35130889,34836,6,481,488,3,0,0,2987415,44525,2876293,12531,0.000000,0.212364,0.223199,2645,0,268.33,2950376,2950127,2385,66184,SUCCESS,95530,0,warm20,828160,16421688,0,21890176,,,,,12530,15591,used,,,,20260917-2319
2026-09-18 00:04:36,HAUSP-UB[noEUCS],C8T1S5I8N5K,34,1,0.000200,0.000,0.016,35915078,35606,7,483,490,3,0,0,2939615,44804,2829586,12493,0.000000,0.211862,0.222802,2563,0,272.02,2902643,2902398,2419,66418,SUCCESS,94436,0,warm20,839424,16789216,0,22610560,,,,,12492,15592,used,,,,20260917-2319
2026-09-18 00:04:37,HAUSP-UB[noEUCS],C8T1S5I8N5K,35,1,0.000200,0.000,0.016,36684533,36376,6,488,494,3,0,0,2966799,44917,2857706,12558,0.000000,0.212125,0.223127,2570,0,274.66,2929742,2929549,2378,66566,SUCCESS,93537,0,warm20,974336,17153784,0,23167872,,,,,12558,15556,used,,,,20260917-2319
2026-09-18 00:04:37,HAUSP-UB[noEUCS],C8T1S5I8N5K,36,1,0.000200,0.000,0.016,37461649,37146,7,496,503,3,0,0,2973660,45126,2864831,12474,0.000000,0.211300,0.222254,2455,0,277.93,2936572,2936417,2385,66699,SUCCESS,93174,0,warm20,999296,17516488,0,23732096,,,,,12467,15648,used,,,,20260917-2319
2026-09-18 00:04:38,HAUSP-UB[noEUCS],C8T1S5I8N5K,37,1,0.000200,0.000,0.016,38238988,37916,6,511,518,3,0,0,2993611,45213,2884339,12525,0.000000,0.211341,0.222301,2511,0,280.68,2956611,2956466,2397,66819,SUCCESS,93755,0,warm20,1162752,17882056,0,24317440,,,,,12522,15514,used,,,,20260917-2319
2026-09-18 00:04:38,HAUSP-UB[noEUCS],C8T1S5I8N5K,38,1,0.000200,0.000,0.016,38976887,38686,7,515,522,3,0,0,2997933,45410,2888718,12470,0.000000,0.210615,0.221589,2488,0,271.05,2960927,2960762,2442,66992,SUCCESS,93615,0,warm20,1095680,18229256,0,24981760,,,,,12467,15597,used,,,,20260917-2319
2026-09-18 00:04:39,HAUSP-UB[noEUCS],C8T1S5I8N5K,39,1,0.000200,0.000,0.016,39713850,39456,6,530,537,3,0,0,3013197,45469,2903867,12542,0.000000,0.211573,0.222572,2600,0,273.46,2976078,2976006,2341,67071,SUCCESS,93731,0,warm20,1266560,18580056,0,25435520,,,,,12539,15596,used,,,,20260917-2319
2026-09-18 00:04:39,HAUSP-UB[noEUCS],C8T1S5I8N5K,40,1,0.000200,0.000,0.016,40487827,40226,6,541,548,3,0,0,2993525,45652,2883986,12445,0.000000,0.211356,0.222324,2561,0,276.92,2956461,2956322,2401,67185,SUCCESS,93893,0,warm20,1332352,18939824,0,25941760,,,,,12444,15645,used,,,,20260917-2319
2026-09-18 00:04:40,HAUSP-UB[noEUCS],C8T1S5I8N5K,41,1,0.000200,0.000,0.016,41264664,40996,6,546,553,3,0,0,2980173,45744,2870643,12477,0.000000,0.211118,0.222105,2521,0,279.22,2943035,2942896,2426,67306,SUCCESS,93833,0,warm20,1382656,19300776,0,26472192,,,,,12477,15697,used,,,,20260917-2319
2026-09-18 00:04:40,HAUSP-UB[noEUCS],C8T1S5I8N5K,42,1,0.000200,0.000,0.016,42050815,41766,7,554,561,3,0,0,2993777,45851,2884506,12465,0.000000,0.210703,0.221678,2435,0,282.72,2956577,2956449,2433,67432,SUCCESS,93526,0,warm20,1407744,19671224,0,27010304,,,,,12465,15745,used,,,,20260917-2319
2026-09-18 00:04:41,HAUSP-UB[noEUCS],C8T1S5I8N5K,43,1,0.000200,0.000,0.016,42840281,42536,7,563,571,3,0,0,2994561,45937,2885627,12517,0.000000,0.209971,0.221040,2433,0,277.93,2957355,2957178,2484,67580,SUCCESS,93222,0,warm20,1469056,20034736,0,27595008,,,,,12516,15711,used,,,,20260917-2319
2026-09-18 00:04:42,HAUSP-UB[noEUCS],C8T1S5I8N5K,44,1,0.000200,0.000,0.016,43616984,43306,7,569,576,3,0,0,2987380,45959,2878879,12637,0.000000,0.209898,0.221038,2457,0,281.70,2950250,2950093,2493,67702,SUCCESS,92991,0,warm20,1602304,20397264,0,28171648,,,,,12636,15509,used,,,,20260917-2319
2026-09-18 00:04:42,HAUSP-UB[noEUCS],C8T1S5I8N5K,45,1,0.000200,0.000,0.016,44376959,44076,6,579,586,3,0,0,2970429,46106,2862182,12596,0.000000,0.210269,0.221329,2437,0,283.92,2933393,2933302,2462,67788,SUCCESS,92806,0,warm20,1621760,20757008,0,28673536,,,,,12595,15440,used,,,,20260917-2319
2026-09-18 00:04:43,HAUSP-UB[noEUCS],C8T1S5I8N5K,46,1,0.000200,0.000,0.016,45145862,44846,7,581,589,3,0,0,2977862,46271,2870893,12552,0.000000,0.208719,0.219930,2417,0,287.20,2940842,2940693,2525,67932,SUCCESS,91466,0,warm20,1610752,21118472,0,29227648,,,,,12552,15503,used,,,,20260917-2319
2026-09-18 00:04:43,HAUSP-UB[noEUCS],C8T1S5I8N5K,47,1,0.000200,0.000,0.016,45909097,45616,6,588,595,3,0,0,2953803,46522,2847540,12451,0.000000,0.209096,0.220347,2473,0,289.57,2916787,2916676,2492,68068,SUCCESS,90657,0,warm20,1621120,21472080,0,29765888,,,,,12451,15606,used,,,,20260917-2319
2026-09-18 00:04:44,HAUSP-UB[noEUCS],C8T1S5I8N5K,48,1,0.000200,0.000,0.016,46663645,46386,7,614,621,3,0,0,3018188,46710,2910729,12381,0.000000,0.209191,0.220225,2642,0,285.49,2981013,2980897,2472,68169,SUCCESS,91641,0,warm20,1670400,21832088,0,30311040,,,,,12380,15817,used,,,,20260917-2319
2026-09-18 00:04:45,HAUSP-UB[noEUCS],C8T1S5I8N5K,49,1,0.000200,0.000,0.016,47416411,47132,7,619,626,3,0,0,3020056,46615,2913251,12578,0.000000,0.208598,0.219840,2623,0,287.80,2982828,2982697,2502,68240,SUCCESS,91130,0,warm20,1798400,22186560,0,30737280,,,,,12577,15674,used,,,,20260917-2319
2026-09-18 00:04:45,HAUSP-UB[noEUCS],C8T1S5I8N5K,0,2,0.000200,0.000,0.200,9488004,9426,25,236,261,8,0,0,4135232,29547,3966466,11828,0.000000,0.242173,0.250249,6078,0,223.88,4150918,4098606,52312,51042,SUCCESS,154905,0,warm20,200064,4438024,0,7045632,,,,,11828,13861,used,,,,20260917-2319
2026-09-18 00:04:46,HAUSP-UB[noEUCS],C8T1S5I8N5K,1,2,0.000200,0.000,0.016,10242606,10196,6,246,252,3,0,0,4022350,30523,3859290,12218,0.000000,0.234245,0.242551,6200,0,225.34,3988014,3986633,2651,52281,SUCCESS,149243,0,warm20,219264,4794304,0,7376768,,,,,12218,13817,used,,,,20260917-2319
2026-09-18 00:04:46,HAUSP-UB[noEUCS],C8T1S5I8N5K,2,2,0.000200,0.000,0.016,11012574,10966,6,232,238,3,0,0,3680180,31759,3533748,12101,0.000000,0.226376,0.235679,6189,0,227.96,3645400,3644167,2645,53469,SUCCESS,132174,0,warm20,233856,5159280,0,7727744,,,,,12101,14258,used,,,,20260917-2319
2026-09-18 00:04:46,HAUSP-UB[noEUCS],C8T1S5I8N5K,3,2,0.000200,0.000,0.016,11774218,11736,6,262,268,3,0,0,3922936,32745,3770553,12103,0.000000,0.231882,0.240586,7235,0,229.31,3888049,3887105,2401,54421,SUCCESS,138219,0,warm20,64768,5520464,0,8084864,,,,,12102,14163,used,,,,20260917-2319
2026-09-18 00:04:46,HAUSP-UB[noEUCS],C8T1S5I8N5K,4,2,0.000200,0.000,0.016,12547887,12506,6,286,292,3,0,0,4058825,33469,3911600,12121,0.000000,0.227731,0.236627,7437,0,231.08,4023597,4022760,2286,55161,SUCCESS,132947,0,warm20,91008,5887184,0,8378112,,,,,12119,14276,used,,,,20260917-2319
2026-09-18 00:04:47,HAUSP-UB[noEUCS],C8T1S5I8N5K,5,2,0.000200,0.000,0.016,13346762,13276,6,283,289,3,0,0,3786876,34243,3645786,12109,0.000000,0.229284,0.238496,6427,0,234.11,3751548,3750688,2406,55997,SUCCESS,126680,0,warm20,268800,6262176,0,8728448,,,,,12109,14410,used,,,,20260917-2319
2026-09-18 00:04:47,HAUSP-UB[noEUCS],C8T1S5I8N5K,6,2,0.000200,0.000,0.016,14140487,14046,6,282,288,3,0,0,3627505,35056,3489571,12011,0.000000,0.228068,0.237405,5701,0,236.91,3592037,3591267,2340,56730,SUCCESS,123406,0,warm20,255616,6633376,0,9117184,,,,,12010,14527,used,,,,20260917-2319
2026-09-18 00:04:47,HAUSP-UB[noEUCS],C8T1S5I8N5K,7,2,0.000200,0.000,0.016,14908869,14816,6,302,309,3,0,0,3718180,35756,3582738,11990,0.000000,0.224228,0.233648,5235,0,238.24,3682485,3681868,2224,57313,SUCCESS,120720,0,warm20,131584,6988896,0,9505536,,,,,11989,14721,used,,,,20260917-2319
2026-09-18 00:04:48,HAUSP-UB[noEUCS],C8T1S5I8N5K,8,2,0.000200,0.000,0.016,15692755,15586,6,312,318,3,0,0,3635374,36407,3501953,12089,0.000000,0.224026,0.233611,5023,0,232.82,3599705,3598934,2412,58039,SUCCESS,118658,0,warm20,322944,7357224,0,9922432,,,,,12089,14763,used,,,,20260917-2319
2026-09-18 00:04:48,HAUSP-UB[noEUCS],C8T1S5I8N5K,9,2,0.000200,0.000,0.016,16443210,16356,6,321,327,3,0,0,3590296,37043,3460855,12215,0.000000,0.219299,0.229172,5316,0,234.94,3554511,3553828,2369,58698,SUCCESS,114651,0,warm20,349056,7711968,0,10352384,,,,,12214,14789,used,,,,20260917-2319
2026-09-18 00:04:48,HAUSP-UB[noEUCS],C8T1S5I8N5K,10,2,0.000200,0.000,0.016,17202030,17126,6,321,327,3,0,0,3499243,37520,3372640,12518,0.000000,0.219484,0.229570,5629,0,237.61,3463378,3462773,2315,59257,SUCCESS,111916,0,warm20,354560,8070344,0,10738944,,,,,12518,14687,used,,,,20260917-2319
2026-09-18 00:04:49,HAUSP-UB[noEUCS],C8T1S5I8N5K,11,2,0.000200,0.000,0.016,17964675,17896,6,327,334,3,0,0,3439959,38024,3312529,12416,0.000000,0.231035,0.241011,5450,0,239.45,3404002,3403461,2297,59734,SUCCESS,112706,0,warm20,343808,8421128,0,11159040,,,,,12416,14724,used,,,,20260917-2319
2026-09-18 00:04:49,HAUSP-UB[noEUCS],C8T1S5I8N5K,12,2,0.000200,0.000,0.016,18752045,18666,6,329,336,3,0,0,3357331,38413,3232028,12436,0.000000,0.227429,0.237508,4872,0,242.51,3321019,3320707,2132,60069,SUCCESS,110312,0,warm20,376960,8777576,0,11555712,,,,,12436,14991,used,,,,20260917-2319
2026-09-18 00:04:49,HAUSP-UB[noEUCS],C8T1S5I8N5K,13,2,0.000200,0.000,0.016,19540463,19436,6,327,334,3,0,0,3245251,38886,3122471,12548,0.000000,0.222385,0.232613,4379,0,244.86,3209044,3208527,2314,60596,SUCCESS,107755,0,warm20,386560,9142544,0,11987584,,,,,12547,15024,used,,,,20260917-2319
2026-09-18 00:04:50,HAUSP-UB[noEUCS],C8T1S5I8N5K,14,2,0.000200,0.000,0.016,20323541,20206,6,338,345,3,0,0,3254098,39447,3130926,12540,0.000000,0.224600,0.234724,4190,0,247.73,3217624,3217132,2279,61064,SUCCESS,107847,0,warm20,371072,9511112,0,12437760,,,,,12540,15325,used,,,,20260917-2319
2026-09-18 00:04:50,HAUSP-UB[noEUCS],C8T1S5I8N5K,15,2,0.000200,0.000,0.016,21106401,20976,7,343,350,3,0,0,3169084,39677,3047417,12704,0.000000,0.221140,0.231369,3820,0,243.04,3132581,3132167,2225,61468,SUCCESS,106551,0,warm20,353280,9876368,0,12871936,,,,,12704,15116,used,,,,20260917-2319
2026-09-18 00:04:50,HAUSP-UB[noEUCS],C8T1S5I8N5K,16,2,0.000200,0.000,0.016,21891091,21746,6,360,367,3,0,0,3273325,40047,3152021,12664,0.000000,0.219592,0.229792,3928,0,246.03,3236703,3236351,2173,61816,SUCCESS,106103,0,warm20,370688,10241376,0,13311616,,,,,12664,15201,used,,,,20260917-2319
2026-09-18 00:04:51,HAUSP-UB[noEUCS],C8T1S5I8N5K,17,2,0.000200,0.000,0.016,22668471,22516,6,370,376,3,0,0,3214665,40381,3094268,12604,0.000000,0.220137,0.230498,3787,0,248.09,3178045,3177713,2157,62142,SUCCESS,105212,0,warm20,383232,10605336,0,13738368,,,,,12604,15185,used,,,,20260917-2319
2026-09-18 00:04:51,HAUSP-UB[noEUCS],C8T1S5I8N5K,18,2,0.000200,0.000,0.016,23463909,23286,6,373,380,3,0,0,3186101,40802,3066354,12490,0.000000,0.219931,0.230161,3555,0,251.09,3149356,3149039,2148,62473,SUCCESS,104339,0,warm20,372992,10972520,0,14186624,,,,,12487,15405,used,,,,20260917-2319
2026-09-18 00:04:52,HAUSP-UB[noEUCS],C8T1S5I8N5K,19,2,0.000200,0.000,0.016,24264347,24056,6,375,382,3,0,0,3153863,41181,3036405,12557,0.000000,0.216112,0.226513,3211,0,253.52,3116975,3116476,2316,62921,SUCCESS,101861,0,warm20,396544,11345416,0,14638976,,,,,12556,15596,used,,,,20260917-2319
2026-09-18 00:04:52,HAUSP-UB[noEUCS],C8T1S5I8N5K,20,2,0.000200,0.000,0.016,25021126,24826,6,381,388,3,0,0,3141420,41530,3025204,12515,0.000000,0.213467,0.223918,2931,0,255.66,3104377,3104064,2181,63210,SUCCESS,100563,0,warm20,224256,11709480,0,15094784,,,,,12514,15652,used,,,,20260917-2319
2026-09-18 00:04:52,HAUSP-UB[noEUCS],C8T1S5I8N5K,21,2,0.000200,0.000,0.016,25826533,25596,6,399,406,3,0,0,3180358,41854,3063954,12525,0.000000,0.212389,0.222833,2981,0,251.02,3143435,3143095,2232,63499,SUCCESS,100835,0,warm20,398464,12084184,0,15580160,,,,,12523,15567,used,,,,20260917-2319
2026-09-18 00:04:53,HAUSP-UB[noEUCS],C8T1S5I8N5K,22,2,0.000200,0.000,0.016,26635039,26366,6,411,418,3,0,0,3214808,42063,3097833,12673,0.000000,0.213219,0.223732,2799,0,254.13,3177912,3177552,2303,63794,SUCCESS,101514,0,warm20,411520,12457080,0,16079744,,,,,12672,15460,used,,,,20260917-2319
2026-09-18 00:04:53,HAUSP-UB[noEUCS],C8T1S5I8N5K,23,2,0.000200,0.000,0.016,27383102,27136,6,423,430,3,0,0,3241078,42462,3123983,12504,0.000000,0.212937,0.223399,2923,0,256.27,3204077,3203790,2295,64054,SUCCESS,101425,0,warm20,471680,12811744,0,16519808,,,,,12503,15669,used,,,,20260917-2319
2026-09-18 00:04:54,HAUSP-UB[noEUCS],C8T1S5I8N5K,24,2,0.000200,0.000,0.016,28172835,27906,6,438,445,3,0,0,3255099,42868,3137943,12297,0.000000,0.212305,0.222591,2941,0,259.20,3218197,3217949,2283,64315,SUCCESS,101440,0,warm20,485504,13177336,0,17002240,,,,,12297,15716,used,,,,20260917-2319
2026-09-18 00:04:54,HAUSP-UB[noEUCS],C8T1S5I8N5K,25,2,0.000200,0.000,0.016,28965003,28676,6,448,455,3,0,0,3258474,43019,3141736,12277,0.000000,0.213724,0.223917,3678,0,261.35,3221615,3221403,2234,64486,SUCCESS,101174,0,warm20,513920,13541408,0,17444736,,,,,12276,15563,used,,,,20260917-2319
2026-09-18 00:04:55,HAUSP-UB[noEUCS],C8T1S5I8N5K,26,2,0.000200,0.000,0.016,29733125,29446,6,452,459,3,0,0,3204699,43261,3088563,12262,0.000000,0.213735,0.224049,3457,0,264.31,3167871,3167621,2313,64736,SUCCESS,100533,0,warm20,510976,13903112,0,17910272,,,,,12262,15603,used,,,,20260917-2319
2026-09-18 00:04:55,HAUSP-UB[noEUCS],C8T1S5I8N5K,27,2,0.000200,0.000,0.016,30519360,30216,7,452,460,3,0,0,3158066,43384,3043426,12357,0.000000,0.211232,0.221725,3196,0,258.53,3120966,3120791,2238,64899,SUCCESS,98891,0,warm20,582656,14266976,0,18346752,,,,,12356,15748,used,,,,20260917-2319
2026-09-18 00:04:55,HAUSP-UB[noEUCS],C8T1S5I8N5K,28,2,0.000200,0.000,0.016,31258424,30986,6,453,460,3,0,0,3128375,43457,3015141,12426,0.000000,0.211180,0.221888,3073,0,261.27,3091434,3091310,2199,65042,SUCCESS,97732,0,warm20,552576,14621896,0,18808320,,,,,12423,15499,used,,,,20260917-2319
2026-09-18 00:04:56,HAUSP-UB[noEUCS],C8T1S5I8N5K,29,2,0.000200,0.000,0.016,32001109,31756,7,454,461,3,0,0,3066859,43729,2954575,12416,0.000000,0.211307,0.222072,2936,0,263.64,3029947,3029663,2340,65307,SUCCESS,96685,0,warm20,667520,14975192,0,19350144,,,,,12416,15599,used,,,,20260917-2319
2026-09-18 00:04:56,HAUSP-UB[noEUCS],C8T1S5I8N5K,30,2,0.000200,0.000,0.016,32796296,32526,6,477,484,3,0,0,3117305,43998,3003206,12404,0.000000,0.212397,0.222994,3085,0,267.35,3080452,3080175,2352,65531,SUCCESS,98554,0,warm20,752256,15343824,0,19949568,,,,,12403,15544,used,,,,20260917-2319
2026-09-18 00:04:57,HAUSP-UB[noEUCS],C8T1S5I8N5K,31,2,0.000200,0.000,0.016,33593403,33296,7,480,487,3,0,0,3080486,44275,2966903,12409,0.000000,0.213995,0.224558,2930,0,269.79,3043567,3043331,2364,65764,SUCCESS,97919,0,warm20,730624,15708360,0,20598144,,,,,12408,15663,used,,,,20260917-2319
2026-09-18 00:04:57,HAUSP-UB[noEUCS],C8T1S5I8N5K,32,2,0.000200,0.000,0.016,34347468,34066,7,481,489,3,0,0,3040354,44416,2928054,12454,0.000000,0.213845,0.224541,2829,0,272.35,3003369,3003155,2345,65973,SUCCESS,96662,0,warm20,412416,16061704,0,21226240,,,,,12453,15637,used,,,,20260917-2319
2026-09-18 00:04:58,HAUSP-UB[noEUCS],C8T1S5I8N5K,33,2,0.000200,0.000,0.016,35130889,34836,6,482,489,3,0,0,2987415,44525,2876293,12531,0.000000,0.212364,0.223199,2645,0,268.22,2950376,2950127,2385,66184,SUCCESS,95530,0,warm20,828160,16421688,0,21890176,,,,,12530,15591,used,,,,20260917-2319
2026-09-18 00:04:58,HAUSP-UB[noEUCS],C8T1S5I8N5K,34,2,0.000200,0.000,0.016,35915078,35606,6,482,489,3,0,0,2939615,44804,2829586,12493,0.000000,0.211862,0.222802,2563,0,271.92,2902643,2902398,2419,66418,SUCCESS,94436,0,warm20,839424,16789216,0,22610560,,,,,12492,15592,used,,,,20260917-2319
2026-09-18 00:04:59,HAUSP-UB[noEUCS],C8T1S5I8N5K,35,2,0.000200,0.000,0.016,36684533,36376,6,489,496,3,0,0,2966799,44917,2857706,12558,0.000000,0.212125,0.223127,2570,0,274.37,2929742,2929549,2378,66566,SUCCESS,93537,0,warm20,974336,17153784,0,23167872,,,,,12558,15556,used,,,,20260917-2319
2026-09-18 00:04:59,HAUSP-UB[noEUCS],C8T1S5I8N5K,36,2,0.000200,0.000,0.016,37461649,37146,7,495,502,3,0,0,2973660,45126,2864831,12474,0.000000,0.211300,0.222254,2455,0,277.76,2936572,2936417,2385,66699,SUCCESS,93174,0,warm20,948992,17516488,0,23732096,,,,,12467,15648,used,,,,20260917-2319
2026-09-18 00:05:00,HAUSP-UB[noEUCS],C8T1S5I8N5K,37,2,0.000200,0.000,0.016,38238988,37916,7,511,518,3,0,0,2993611,45213,2884339,12525,0.000000,0.211341,0.222301,2511,0,280.34,2956611,2956466,2397,66819,SUCCESS,93755,0,warm20,1130880,17882056,0,24317440,,,,,12522,15514,used,,,,20260917-2319
2026-09-18 00:05:00,HAUSP-UB[noEUCS],C8T1S5I8N5K,38,2,0.000200,0.000,0.016,38976887,38686,7,515,522,3,0,0,2997933,45410,2888718,12470,0.000000,0.210615,0.221589,2488,0,271.67,2960927,2960762,2442,66992,SUCCESS,93615,0,warm20,1095680,18229256,0,24981760,,,,,12467,15597,used,,,,20260917-2319
2026-09-18 00:05:01,HAUSP-UB[noEUCS],C8T1S5I8N5K,39,2,0.000200,0.000,0.016,39713850,39456,6,532,539,3,0,0,3013197,45469,2903867,12542,0.000000,0.211573,0.222572,2600,0,274.09,2976078,2976006,2341,67071,SUCCESS,93731,0,warm20,1266560,18580056,0,25435520,,,,,12539,15596,used,,,,20260917-2319
2026-09-18 00:05:01,HAUSP-UB[noEUCS],C8T1S5I8N5K,40,2,0.000200,0.000,0.016,40487827,40226,6,539,546,3,0,0,2993525,45652,2883986,12445,0.000000,0.211356,0.222324,2561,0,277.55,2956461,2956322,2401,67185,SUCCESS,93893,0,warm20,1332352,18939824,0,25941760,,,,,12444,15645,used,,,,20260917-2319
2026-09-18 00:05:02,HAUSP-UB[noEUCS],C8T1S5I8N5K,41,2,0.000200,0.000,0.016,41264664,40996,6,546,553,3,0,0,2980173,45744,2870643,12477,0.000000,0.211118,0.222105,2521,0,279.85,2943035,2942896,2426,67306,SUCCESS,93833,0,warm20,1382656,19300776,0,26472192,,,,,12477,15697,used,,,,20260917-2319
2026-09-18 00:05:03,HAUSP-UB[noEUCS],C8T1S5I8N5K,42,2,0.000200,0.000,0.016,42050815,41766,7,552,559,3,0,0,2993777,45851,2884506,12465,0.000000,0.210703,0.221678,2435,0,283.35,2956577,2956449,2433,67432,SUCCESS,93526,0,warm20,1407744,19671224,0,27010304,,,,,12465,15745,used,,,,20260917-2319
2026-09-18 00:05:03,HAUSP-UB[noEUCS],C8T1S5I8N5K,43,2,0.000200,0.000,0.016,42840281,42536,7,562,570,3,0,0,2994561,45937,2885627,12517,0.000000,0.209971,0.221040,2433,0,278.38,2957355,2957178,2484,67580,SUCCESS,93222,0,warm20,1469056,20034736,0,27595008,,,,,12516,15711,used,,,,20260917-2319
2026-09-18 00:05:04,HAUSP-UB[noEUCS],C8T1S5I8N5K,44,2,0.000200,0.000,0.016,43616984,43306,7,567,574,3,0,0,2987380,45959,2878879,12637,0.000000,0.209898,0.221038,2457,0,282.15,2950250,2950093,2493,67702,SUCCESS,92991,0,warm20,1602304,20397264,0,28171648,,,,,12636,15509,used,,,,20260917-2319
2026-09-18 00:05:04,HAUSP-UB[noEUCS],C8T1S5I8N5K,45,2,0.000200,0.000,0.016,44376959,44076,6,577,584,3,0,0,2970429,46106,2862182,12596,0.000000,0.210269,0.221329,2437,0,284.38,2933393,2933302,2462,67788,SUCCESS,92806,0,warm20,1621760,20757008,0,28673536,,,,,12595,15440,used,,,,20260917-2319
2026-09-18 00:05:05,HAUSP-UB[noEUCS],C8T1S5I8N5K,46,2,0.000200,0.000,0.016,45145862,44846,7,581,588,3,0,0,2977862,46271,2870893,12552,0.000000,0.208719,0.219930,2417,0,287.66,2940842,2940693,2525,67932,SUCCESS,91466,0,warm20,1610752,21118472,0,29227648,,,,,12552,15503,used,,,,20260917-2319
2026-09-18 00:05:06,HAUSP-UB[noEUCS],C8T1S5I8N5K,47,2,0.000200,0.000,0.016,45909097,45616,6,587,594,3,0,0,2953803,46522,2847540,12451,0.000000,0.209096,0.220347,2473,0,290.03,2916787,2916676,2492,68068,SUCCESS,90657,0,warm20,1621120,21472080,0,29765888,,,,,12451,15606,used,,,,20260917-2319
2026-09-18 00:05:06,HAUSP-UB[noEUCS],C8T1S5I8N5K,48,2,0.000200,0.000,0.016,46663645,46386,7,611,618,3,0,0,3018188,46710,2910729,12381,0.000000,0.209191,0.220225,2642,0,286.38,2981013,2980897,2472,68169,SUCCESS,91641,0,warm20,1670400,21832088,0,30311040,,,,,12380,15817,used,,,,20260917-2319
2026-09-18 00:05:07,HAUSP-UB[noEUCS],C8T1S5I8N5K,49,2,0.000200,0.000,0.016,47416411,47132,6,619,626,3,0,0,3020056,46615,2913251,12578,0.000000,0.208598,0.219840,2623,0,288.70,2982828,2982697,2502,68240,SUCCESS,91130,0,warm20,1798400,22186560,0,30737280,,,,,12577,15674,used,,,,20260917-2319
2026-09-18 00:05:08,HAUSP-UB[noEUCS],C8T1S5I8N5K,0,0,0.000200,0.000,0.200,9488004,9426,24,233,257,7,0,0,4135232,29547,3966466,11828,0.000000,0.242173,0.250249,6078,0,224.19,4150918,4098606,52312,51042,SUCCESS,154905,0,warm20,200064,4438024,0,7045632,,,,,11828,13861,used,,,,20260917-2319
2026-09-18 00:05:08,HAUSP-UB[noEUCS],C8T1S5I8N5K,1,0,0.000200,0.000,0.008,9860151,9807,5,242,248,3,0,0,4238277,30066,4068385,12000,0.000000,0.237694,0.245695,5885,0,226.65,4203383,4202587,2066,51737,SUCCESS,155973,0,warm20,73600,4616680,0,7251328,,,,,11999,13918,used,,,,20260917-2319
2026-09-18 00:05:08,HAUSP-UB[noEUCS],C8T1S5I8N5K,2,0,0.000200,0.000,0.008,10237723,10188,5,244,250,3,0,0,4029071,30542,3865780,12194,0.000000,0.234296,0.242583,6216,0,229.29,3994038,3993454,1955,52280,SUCCESS,149453,0,warm20,215936,4791328,0,7437568,,,,,12194,13838,used,,,,20260917-2319
2026-09-18 00:05:08,HAUSP-UB[noEUCS],C8T1S5I8N5K,3,0,0.000200,0.000,0.008,10611431,10569,5,237,243,3,0,0,3863813,31048,3710247,12189,0.000000,0.228207,0.237033,5716,0,232.30,3828571,3827963,2020,52849,SUCCESS,139556,0,warm20,232960,4970288,0,7630848,,,,,12189,14010,used,,,,20260917-2319
2026-09-18 00:05:09,HAUSP-UB[noEUCS],C8T1S5I8N5K,4,0,0.000200,0.000,0.008,10996455,10950,5,237,243,3,0,0,3692848,31726,3546142,12118,0.000000,0.226352,0.235636,6199,0,233.90,3657461,3656846,2066,53454,SUCCESS,132442,0,warm20,230144,5152304,0,7843712,,,,,12118,14264,used,,,,20260917-2319
2026-09-18 00:05:09,HAUSP-UB[noEUCS],C8T1S5I8N5K,5,0,0.000200,0.000,0.008,11372487,11331,6,257,263,3,0,0,4031736,32155,3878987,12154,0.000000,0.226997,0.235818,7078,0,233.90,3996241,3995824,1878,53903,SUCCESS,138553,0,warm20,130048,5331368,0,8038784,,,,,12154,14196,used,,,,20260917-2319
2026-09-18 00:05:09,HAUSP-UB[noEUCS],C8T1S5I8N5K,6,0,0.000200,0.000,0.008,11749908,11712,5,264,269,3,0,0,3931379,32735,3779356,12153,0.000000,0.230945,0.239687,7173,0,235.55,3896031,3895498,1962,54412,SUCCESS,137842,0,warm20,118400,5510536,0,8259712,,,,,12152,14180,used,,,,20260917-2319
2026-09-18 00:05:09,HAUSP-UB[noEUCS],C8T1S5I8N5K,7,0,0.000200,0.000,0.008,12139444,12093,6,271,277,3,0,0,3869198,33167,3720909,12054,0.000000,0.228051,0.236880,7539,0,237.15,3833663,3833289,1827,54761,SUCCESS,133997,0,warm20,142080,5694592,0,8439808,,,,,12052,14290,used,,,,20260917-2319
2026-09-18 00:05:10,HAUSP-UB[noEUCS],C8T1S5I8N5K,8,0,0.000200,0.000,0.008,12513100,12474,5,290,296,3,0,0,4065851,33476,3918592,12090,0.000000,0.227405,0.236281,7536,0,239.05,4030293,4029840,1931,55144,SUCCESS,132983,0,warm20,141056,5871024,0,8609408,,,,,12087,14273,used,,,,20260917-2319
2026-09-18 00:05:10,HAUSP-UB[noEUCS],C8T1S5I8N5K,9,0,0.000200,0.000,0.008,12914001,12855,5,291,297,3,0,0,3981895,33873,3836745,12270,0.000000,0.226841,0.235753,6698,0,229.78,3946289,3945849,1988,55601,SUCCESS,130815,0,warm20,250880,6056504,0,8820864,,,,,12270,14335,used,,,,20260917-2319
2026-09-18 00:05:10,HAUSP-UB[noEUCS],C8T1S5I8N5K,10,0,0.000200,0.000,0.008,13304270,13236,6,290,296,3,0,0,3810136,34215,3668212,12124,0.000000,0.229829,0.238994,6519,0,231.53,3774406,3774014,1923,55958,SUCCESS,127580,0,warm20,294528,6242496,0,9015552,,,,,12124,14344,used,,,,20260917-2319
2026-09-18 00:05:11,HAUSP-UB[noEUCS],C8T1S5I8N5K,11,0,0.000200,0.000,0.008,13705969,13617,6,286,292,3,0,0,3706511,34549,3568748,12052,0.000000,0.227651,0.237033,6098,0,233.24,3670630,3670273,1923,56307,SUCCESS,123291,0,warm20,286720,6431344,0,9272320,,,,,12052,14472,used,,,,20260917-2319
2026-09-18 00:05:11,HAUSP-UB[noEUCS],C8T1S5I8N5K,12,0,0.000200,0.000,0.008,14085202,13998,6,289,296,3,0,0,3679228,35043,3541356,11981,0.000000,0.228259,0.237578,5789,0,235.07,3643414,3642980,2008,56710,SUCCESS,123321,0,warm20,294912,6610048,0,9533056,,,,,11980,14550,used,,,,20260917-2319
2026-09-18 00:05:11,HAUSP-UB[noEUCS],C8T1S5I8N5K,13,0,0.000200,0.000,0.008,14447935,14379,6,294,301,3,0,0,3685464,35396,3548491,12054,0.000000,0.227442,0.236867,5569,0,236.98,3649547,3649211,1941,57036,SUCCESS,122370,0,warm20,286976,6779672,0,9796608,,,,,12054,14603,used,,,,20260917-2319
2026-09-18 00:05:12,HAUSP-UB[noEUCS],C8T1S5I8N5K,14,0,0.000200,0.000,0.008,14856178,14760,6,303,309,3,0,0,3696180,35645,3561240,12053,0.000000,0.224810,0.234280,5314,0,238.69,3660186,3659910,1891,57286,SUCCESS,120337,0,warm20,325248,6962536,0,10048384,,,,,12053,14603,used,,,,20260917-2319
2026-09-18 00:05:12,HAUSP-UB[noEUCS],C8T1S5I8N5K,15,0,0.000200,0.000,0.008,15234958,15141,6,317,323,3,0,0,3730429,36097,3593735,12023,0.000000,0.228336,0.237667,5756,0,240.83,3694481,3694086,2036,57648,SUCCESS,121935,0,warm20,217088,7143304,0,10322176,,,,,12023,14759,used,,,,20260917-2319
2026-09-18 00:05:12,HAUSP-UB[noEUCS],C8T1S5I8N5K,16,0,0.000200,0.000,0.008,15636723,15522,6,315,322,3,0,0,3653303,36330,3519595,12122,0.000000,0.224973,0.234530,5143,0,242.65,3617201,3616863,2012,57975,SUCCESS,118924,0,warm20,338048,7330032,0,10595200,,,,,12122,14784,used,,,,20260917-2319
2026-09-18 00:05:13,HAUSP-UB[noEUCS],C8T1S5I8N5K,17,0,0.000200,0.000,0.008,16000443,15903,6,315,321,3,0,0,3583690,36591,3452040,12143,0.000000,0.222113,0.231761,4767,0,244.24,3547650,3547332,2003,58297,SUCCESS,116994,0,warm20,334592,7502104,0,10866432,,,,,12143,14656,used,,,,20260917-2319
2026-09-18 00:05:13,HAUSP-UB[noEUCS],C8T1S5I8N5K,18,0,0.000200,0.000,0.008,16375616,16284,6,323,330,3,0,0,3554504,36998,3425335,12206,0.000000,0.219963,0.229840,5395,0,236.09,3518388,3518009,2060,58646,SUCCESS,114352,0,warm20,350336,7678528,0,11153152,,,,,12206,14817,used,,,,20260917-2319
2026-09-18 00:05:13,HAUSP-UB[noEUCS],C8T1S5I8N5K,19,0,0.000200,0.000,0.008,16735590,16665,6,322,328,3,0,0,3519575,37220,3392441,12254,0.000000,0.218389,0.228384,5318,0,237.43,3483402,3483121,1992,58906,SUCCESS,112387,0,warm20,352640,7852280,0,11414016,,,,,12254,14747,used,,,,20260917-2319
2026-09-18 00:05:14,HAUSP-UB[noEUCS],C8T1S5I8N5K,20,0,0.000200,0.000,0.008,17118254,17046,6,325,332,3,0,0,3510078,37451,3382788,12522,0.000000,0.220286,0.230274,5734,0,238.84,3473957,3473673,2016,59174,SUCCESS,112623,0,warm20,332928,8034448,0,11680640,,,,,12521,14666,used,,,,20260917-2319
2026-09-18 00:05:14,HAUSP-UB[noEUCS],C8T1S5I8N5K,21,0,0.000200,0.000,0.008,17469048,17427,6,326,332,3,0,0,3454964,37715,3328486,12413,0.000000,0.222891,0.232932,5511,0,241.17,3418710,3418413,2045,59428,SUCCESS,111683,0,warm20,358272,8202384,0,11938688,,,,,12413,14795,used,,,,20260917-2319
2026-09-18 00:05:14,HAUSP-UB[noEUCS],C8T1S5I8N5K,22,0,0.000200,0.000,0.008,17881746,17808,6,333,339,3,0,0,3460175,37908,3332854,12508,0.000000,0.228365,0.238386,5461,0,242.91,3424006,3423705,2092,59702,SUCCESS,112672,0,warm20,367488,8384976,0,12227328,,,,,12508,14649,used,,,,20260917-2319
2026-09-18 00:05:15,HAUSP-UB[noEUCS],C8T1S5I8N5K,23,0,0.000200,0.000,0.008,18263626,18189,6,332,338,3,0,0,3402465,38130,3275743,12394,0.000000,0.229088,0.239106,5224,0,244.43,3366076,3365955,1939,59827,SUCCESS,111905,0,warm20,331904,8557624,0,12460800,,,,,12394,14817,used,,,,20260917-2319
2026-09-18 00:05:15,HAUSP-UB[noEUCS],C8T1S5I8N5K,24,0,0.000200,0.000,0.008,18655152,18570,6,330,336,3,0,0,3374361,38373,3248904,12428,0.000000,0.227745,0.237800,4981,0,246.79,3337924,3337741,1997,60028,SUCCESS,110474,0,warm20,403840,8733008,0,12736768,,,,,12428,14983,used,,,,20260917-2319
2026-09-18 00:05:15,HAUSP-UB[noEUCS],C8T1S5I8N5K,25,0,0.000200,0.000,0.008,19051938,18951,6,333,339,3,0,0,3327884,38529,3202245,12513,0.000000,0.225574,0.235704,4605,0,248.74,3291385,3291194,1987,60226,SUCCESS,110639,0,warm20,411520,8910224,0,12995456,,,,,12513,15000,used,,,,20260917-2319
2026-09-18 00:05:16,HAUSP-UB[noEUCS],C8T1S5I8N5K,26,0,0.000200,0.000,0.008,19436370,19332,6,332,338,3,0,0,3257115,38758,3133660,12570,0.000000,0.223293,0.233507,4468,0,249.97,3220592,3220322,2059,60491,SUCCESS,108399,0,warm20,233600,9094552,0,13310080,,,,,12569,15055,used,,,,20260917-2319
2026-09-18 00:05:16,HAUSP-UB[noEUCS],C8T1S5I8N5K,27,0,0.000200,0.000,0.008,19820960,19713,6,338,345,3,0,0,3316069,39076,3192335,12550,0.000000,0.224955,0.235071,4548,0,242.81,3279537,3279235,2096,60769,SUCCESS,108617,0,warm20,420608,9273992,0,13604864,,,,,12550,15117,used,,,,20260917-2319
2026-09-18 00:05:16,HAUSP-UB[noEUCS],C8T1S5I8N5K,28,0,0.000200,0.000,0.008,20208065,20094,6,341,348,3,0,0,3244010,39397,3120946,12538,0.000000,0.224781,0.234915,4279,0,244.71,3207337,3207096,2059,61013,SUCCESS,107763,0,warm20,416000,9457880,0,13910528,,,,,12538,15301,used,,,,20260917-2319
2026-09-18 00:05:17,HAUSP-UB[noEUCS],C8T1S5I8N5K,29,0,0.000200,0.000,0.008,20583629,20475,6,339,345,3,0,0,3235373,39508,3113598,12591,0.000000,0.224008,0.234209,4125,0,246.22,3198614,3198430,1999,61192,SUCCESS,106520,0,warm20,406272,9635984,0,14189440,,,,,12590,15254,used,,,,20260917-2319
2026-09-18 00:05:17,HAUSP-UB[noEUCS],C8T1S5I8N5K,30,0,0.000200,0.000,0.008,20987544,20856,6,347,353,3,0,0,3198504,39644,3075846,12740,0.000000,0.221898,0.232059,3897,0,248.91,3161777,3161545,2052,61432,SUCCESS,107479,0,warm20,427008,9820144,0,14475904,,,,,12740,15179,used,,,,20260917-2319
2026-09-18 00:05:17,HAUSP-UB[noEUCS],C8T1S5I8N5K,31,0,0.000200,0.000,0.008,21379313,21237,6,346,353,3,0,0,3209078,39803,3087657,12702,0.000000,0.220605,0.230855,3722,0,251.23,3172392,3172206,1998,61610,SUCCESS,106363,0,warm20,396416,10003040,0,14778112,,,,,12701,15057,used,,,,20260917-2319
2026-09-18 00:05:18,HAUSP-UB[noEUCS],C8T1S5I8N5K,32,0,0.000200,0.000,0.008,21757529,21618,6,362,368,3,0,0,3260715,39943,3138828,12693,0.000000,0.218784,0.228947,3513,0,252.77,3223936,3223785,1971,61749,SUCCESS,106775,0,warm20,417920,10179608,0,15030400,,,,,12693,15112,used,,,,20260917-2319
2026-09-18 00:05:18,HAUSP-UB[noEUCS],C8T1S5I8N5K,33,0,0.000200,0.000,0.008,22150766,21999,6,361,367,3,0,0,3235803,40134,3115248,12563,0.000000,0.218528,0.228795,3756,0,255.15,3198893,3198712,2013,61907,SUCCESS,105260,0,warm20,425984,10365392,0,15321984,,,,,12563,15295,used,,,,20260917-2319
2026-09-18 00:05:18,HAUSP-UB[noEUCS],C8T1S5I8N5K,34,0,0.000200,0.000,0.008,22536242,22380,6,369,375,3,0,0,3209902,40324,3089817,12561,0.000000,0.219347,0.229735,3759,0,247.39,3173075,3172935,1995,62067,SUCCESS,104841,0,warm20,446336,10544048,0,15605888,,,,,12561,15244,used,,,,20260917-2319
2026-09-18 00:05:19,HAUSP-UB[noEUCS],C8T1S5I8N5K,35,0,0.000200,0.000,0.008,22907858,22761,6,375,381,3,0,0,3220821,40405,3100350,12663,0.000000,0.222034,0.232331,3731,0,249.88,3183989,3183833,1991,62216,SUCCESS,105301,0,warm20,452608,10720248,0,15865472,,,,,12663,15170,used,,,,20260917-2319
2026-09-18 00:05:19,HAUSP-UB[noEUCS],C8T1S5I8N5K,36,0,0.000200,0.000,0.008,23319188,23142,6,377,383,3,0,0,3180936,40715,3060746,12526,0.000000,0.220605,0.230810,3641,0,252.41,3144046,3143878,2010,62410,SUCCESS,104799,0,warm20,430976,10905168,0,16167936,,,,,12524,15389,used,,,,20260917-2319
2026-09-18 00:05:20,HAUSP-UB[noEUCS],C8T1S5I8N5K,37,0,0.000200,0.000,0.008,23697328,23523,6,375,382,3,0,0,3160734,40903,3041812,12488,0.000000,0.219321,0.229604,3515,0,254.51,3123781,3123602,1995,62569,SUCCESS,103472,0,warm20,487936,11081720,0,16461824,,,,,12484,15446,used,,,,20260917-2319
2026-09-18 00:05:20,HAUSP-UB[noEUCS],C8T1S5I8N5K,38,0,0.000200,0.000,0.008,24099127,23904,6,379,385,3,0,0,3154470,41080,3036599,12534,0.000000,0.217495,0.227830,3290,0,256.48,3117436,3117180,2092,62797,SUCCESS,102325,0,warm20,493568,11267296,0,16806912,,,,,12533,15545,used,,,,20260917-2319
2026-09-18 00:05:20,HAUSP-UB[noEUCS],C8T1S5I8N5K,39,0,0.000200,0.000,0.008,24493119,24285,6,376,382,3,0,0,3129739,41284,3013112,12521,0.000000,0.214491,0.224964,3105,0,259.08,3092547,3092373,2038,62974,SUCCESS,100947,0,warm20,512256,11457416,0,17117184,,,,,12520,15679,used,,,,20260917-2319
2026-09-18 00:05:21,HAUSP-UB[noEUCS],C8T1S5I8N5K,40,0,0.000200,0.000,0.008,24862259,24666,6,379,385,3,0,0,3140406,41495,3024049,12513,0.000000,0.214409,0.224859,2983,0,260.36,3103255,3103041,2075,63177,SUCCESS,100684,0,warm20,461568,11634008,0,17423744,,,,,12512,15672,used,,,,20260917-2319
2026-09-18 00:05:21,HAUSP-UB[noEUCS],C8T1S5I8N5K,41,0,0.000200,0.000,0.008,25263088,25047,6,383,389,3,0,0,3130591,41648,3014341,12547,0.000000,0.214071,0.224502,2907,0,261.95,3093399,3093241,2030,63275,SUCCESS,100585,0,warm20,533120,11818016,0,17639424,,,,,12545,15663,used,,,,20260917-2319
2026-09-18 00:05:22,HAUSP-UB[noEUCS],C8T1S5I8N5K,42,0,0.000200,0.000,0.008,25651287,25428,6,391,398,3,0,0,3143944,41812,3027899,12555,0.000000,0.213396,0.223866,2802,0,254.26,3106833,3106674,2091,63431,SUCCESS,100393,0,warm20,615296,12003160,0,17947008,,,,,12551,15648,used,,,,20260917-2319
2026-09-18 00:05:22,HAUSP-UB[noEUCS],C8T1S5I8N5K,43,0,0.000200,0.000,0.008,26044850,25809,6,401,407,3,0,0,3189828,41872,3073513,12582,0.000000,0.212591,0.223133,2898,0,255.85,3152714,3152533,2116,63605,SUCCESS,100758,0,warm20,636288,12184952,0,18259584,,,,,12580,15555,used,,,,20260917-2319
2026-09-18 00:05:22,HAUSP-UB[noEUCS],C8T1S5I8N5K,44,0,0.000200,0.000,0.008,26430934,26190,6,412,418,3,0,0,3207988,42017,3091146,12636,0.000000,0.213280,0.223727,2699,0,257.55,3170872,3170699,2115,63728,SUCCESS,101313,0,warm20,711552,12366000,0,18542080,,,,,12635,15528,used,,,,20260917-2319
2026-09-18 00:05:23,HAUSP-UB[noEUCS],C8T1S5I8N5K,45,0,0.000200,0.000,0.008,26846010,26571,6,414,421,3,0,0,3217485,42143,3100668,12645,0.000000,0.212106,0.222664,2737,0,259.68,3180367,3180203,2156,63890,SUCCESS,101284,0,warm20,681216,12558336,0,18824832,,,,,12645,15533,used,,,,20260917-2319
2026-09-18 00:05:23,HAUSP-UB[noEUCS],C8T1S5I8N5K,46,0,0.000200,0.000,0.008,27199497,26952,6,425,432,3,0,0,3248264,42374,3130912,12509,0.000000,0.212747,0.223209,2876,0,261.19,3211138,3210966,2166,64016,SUCCESS,101741,0,warm20,745216,12726712,0,19073152,,,,,12508,15610,used,,,,20260917-2319
2026-09-18 00:05:24,HAUSP-UB[noEUCS],C8T1S5I8N5K,47,0,0.000200,0.000,0.008,27577144,27333,6,432,438,3,0,0,3234506,42543,3117450,12430,0.000000,0.212067,0.222457,2903,0,262.75,3197355,3197262,2133,64116,SUCCESS,101377,0,warm20,776320,12902944,0,19294720,,,,,12429,15678,used,,,,20260917-2319
2026-09-18 00:05:24,HAUSP-UB[noEUCS],C8T1S5I8N5K,48,0,0.000200,0.000,0.008,27971205,27714,6,442,448,3,0,0,3251395,42713,3133777,12421,0.000000,0.212876,0.223197,2983,0,265.02,3214321,3214224,2130,64227,SUCCESS,101946,0,warm20,798080,13085784,0,19554304,,,,,12420,15671,used,,,,20260917-2319
2026-09-18 00:05:25,HAUSP-UB[noEUCS],C8T1S5I8N5K,49,0,0.000200,0.000,0.008,28365395,28095,6,447,454,3,0,0,3295566,42855,3178308,12289,0.000000,0.213413,0.223660,3165,0,266.39,3258512,3258395,2136,64339,SUCCESS,101576,0,warm20,815872,13266976,0,19816064,,,,,12289,15682,used,,,,20260917-2319
2026-09-18 00:05:25,HAUSP-UB[noEUCS],C8T1S5I8N5K,50,0,0.000200,0.000,0.008,28747485,28476,6,450,457,3,0,0,3269638,42932,3152900,12295,0.000000,0.212933,0.223196,3190,0,268.01,3232697,3232555,2166,64450,SUCCESS,101203,0,warm20,847104,13442904,0,20052992,,,,,12294,15534,used,,,,20260917-2319
2026-09-18 00:05:25,HAUSP-UB[noEUCS],C8T1S5I8N5K,51,0,0.000200,0.000,0.008,29148083,28857,6,454,461,3,0,0,3276141,43118,3159643,12243,0.000000,0.213435,0.223669,3606,0,255.43,3239209,3239091,2173,64555,SUCCESS,100897,0,warm20,882048,13626504,0,20310784,,,,,12242,15600,used,,,,20260917-2319
2026-09-18 00:05:26,HAUSP-UB[noEUCS],C8T1S5I8N5K,52,0,0.000200,0.000,0.008,29537266,29238,6,453,460,3,0,0,3217882,43208,3102134,12291,0.000000,0.213141,0.223477,3512,0,256.87,3180898,3180773,2193,64675,SUCCESS,100111,0,warm20,891776,13809528,0,20572160,,,,,12291,15637,used,,,,20260917-2319
2026-09-18 00:05:26,HAUSP-UB[noEUCS],C8T1S5I8N5K,53,0,0.000200,0.000,0.008,29904777,29619,6,457,464,3,0,0,3205423,43291,3089570,12296,0.000000,0.212980,0.223329,3392,0,258.35,3168431,3168332,2172,64767,SUCCESS,100245,0,warm20,912384,13984192,0,20805504,,,,,12296,15608,used,,,,20260917-2319
2026-09-18 00:05:27,HAUSP-UB[noEUCS],C8T1S5I8N5K,54,0,0.000200,0.000,0.008,30290428,30000,6,456,462,3,0,0,3165100,43343,3049928,12365,0.000000,0.212314,0.222760,3265,0,260.63,3128011,3127931,2160,64847,SUCCESS,99507,0,warm20,928640,14162592,0,21018752,,,,,12365,15665,used,,,,20260917-2319
2026-09-18 00:05:27,HAUSP-UB[noEUCS],C8T1S5I8N5K,55,0,0.000200,0.000,0.008,30681887,30381,6,458,465,3,0,0,3161829,43445,3047307,12322,0.000000,0.211161,0.221694,3173,0,262.20,3124731,3124639,2172,64932,SUCCESS,98825,0,warm20,935680,14345144,0,21268352,,,,,12321,15696,used,,,,20260917-2319
2026-09-18 00:05:28,HAUSP-UB[noEUCS],C8T1S5I8N5K,56,0,0.000200,0.000,0.008,31050362,30762,6,460,467,3,0,0,3149171,43445,3035338,12393,0.000000,0.211427,0.222059,3135,0,263.69,3112137,3112090,2134,64986,SUCCESS,98283,0,warm20,964992,14522312,0,21479808,,,,,12390,15547,used,,,,20260917-2319
2026-09-18 00:05:28,HAUSP-UB[noEUCS],C8T1S5I8N5K,57,0,0.000200,0.000,0.008,31395739,31143,6,461,467,3,0,0,3113211,43546,3000247,12410,0.000000,0.211153,0.221878,3035,0,265.94,3076189,3076100,2169,65101,SUCCESS,97379,0,warm20,923520,14690024,0,21764224,,,,,12407,15582,used,,,,20260917-2319
2026-09-18 00:05:29,HAUSP-UB[noEUCS],C8T1S5I8N5K,58,0,0.000200,0.000,0.008,31769352,31524,6,454,461,3,0,0,3070525,43605,2958328,12440,0.000000,0.211462,0.222296,3041,0,267.68,3033455,3033318,2191,65215,SUCCESS,96620,0,warm20,1049728,14868712,0,22050560,,,,,12437,15574,used,,,,20260917-2319
2026-09-18 00:05:29,HAUSP-UB[noEUCS],C8T1S5I8N5K,59,0,0.000200,0.000,0.008,32142537,31905,6,460,467,3,0,0,3079670,43784,2967311,12409,0.000000,0.211189,0.221922,2920,0,269.36,3042646,3042513,2210,65347,SUCCESS,96766,0,warm20,1091840,15041744,0,22402688,,,,,12409,15593,used,,,,20260917-2319
2026-09-18 00:05:30,HAUSP-UB[noEUCS],C8T1S5I8N5K,60,0,0.000200,0.000,0.008,32547440,32286,6,469,476,3,0,0,3106561,43917,2993476,12380,0.000000,0.211550,0.222243,3068,0,263.75,3069519,3069377,2220,65446,SUCCESS,97473,0,warm20,1187072,15227744,0,22716160,,,,,12380,15612,used,,,,20260917-2319
2026-09-18 00:05:30,HAUSP-UB[noEUCS],C8T1S5I8N5K,61,0,0.000200,0.000,0.008,32944229,32667,6,473,479,3,0,0,3085600,44012,2971787,12410,0.000000,0.212097,0.222741,3028,0,265.47,3048534,3048437,2218,65531,SUCCESS,98180,0,warm20,1286528,15409824,0,23007104,,,,,12409,15632,used,,,,20260917-2319
2026-09-18 00:05:31,HAUSP-UB[noEUCS],C8T1S5I8N5K,62,0,0.000200,0.000,0.008,33334519,33048,6,474,481,3,0,0,3067182,44197,2953691,12381,0.000000,0.212632,0.223203,2938,0,267.14,3030153,3030015,2271,65674,SUCCESS,97796,0,warm20,1277184,15588424,0,23411584,,,,,12381,15695,used,,,,20260917-2319
2026-09-18 00:05:31,HAUSP-UB[noEUCS],C8T1S5I8N5K,63,0,0.000200,0.000,0.008,33719823,33429,6,481,488,3,0,0,3076751,44266,2963359,12415,0.000000,0.213911,0.224509,2956,0,269.78,3039602,3039458,2272,65779,SUCCESS,97650,0,warm20,1331712,15769704,0,23734400,,,,,12414,15741,used,,,,20260917-2319
2026-09-18 00:05:32,HAUSP-UB[noEUCS],C8T1S5I8N5K,64,0,0.000200,0.000,0.008,34102327,33810,6,483,490,3,0,0,3045551,44337,2932885,12457,0.000000,0.213892,0.224617,2871,0,271.59,3008459,3008338,2288,65908,SUCCESS,97014,0,warm20,1346176,15945360,0,24099200,,,,,12455,15650,used,,,,20260917-2319
2026-09-18 00:05:32,HAUSP-UB[noEUCS],C8T1S5I8N5K,65,0,0.000200,0.000,0.008,34478988,34191,6,485,491,3,0,0,3020455,44406,2907871,12533,0.000000,0.213492,0.224165,2791,0,273.26,2983350,2983239,2270,66026,SUCCESS,96980,0,warm20,1364736,16120112,0,24472960,,,,,12532,15603,used,,,,20260917-2319
2026-09-18 00:05:33,HAUSP-UB[noEUCS],C8T1S5I8N5K,66,0,0.000200,0.000,0.008,34853481,34572,6,484,491,3,0,0,2984673,44546,2872776,12484,0.000000,0.213365,0.224144,2698,0,275.98,2947493,2947359,2286,66152,SUCCESS,96195,0,warm20,1392128,16293720,0,24843648,,,,,12482,15700,used,,,,20260917-2319
2026-09-18 00:05:33,HAUSP-UB[noEUCS],C8T1S5I8N5K,67,0,0.000200,0.000,0.008,35248065,34953,6,483,489,3,0,0,2987387,44587,2876277,12547,0.000000,0.212370,0.223207,2620,0,268.39,2950257,2950140,2277,66264,SUCCESS,95545,0,warm20,1444480,16480968,0,25228288,,,,,12547,15565,used,,,,20260917-2319
2026-09-18 00:05:34,HAUSP-UB[noEUCS],C8T1S5I8N5K,68,0,0.000200,0.000,0.008,35624384,35334,6,482,489,3,0,0,2960166,44766,2849407,12462,0.000000,0.212264,0.223040,2554,0,270.08,2923075,2922968,2272,66366,SUCCESS,95166,0,warm20,1462400,16656912,0,25568256,,,,,12462,15593,used,,,,20260917-2319
2026-09-18 00:05:34,HAUSP-UB[noEUCS],C8T1S5I8N5K,69,0,0.000200,0.000,0.008,36012101,35715,6,484,491,3,0,0,2931210,44781,2821613,12518,0.000000,0.211520,0.222520,2554,0,272.51,2894075,2893984,2261,66424,SUCCESS,94047,0,warm20,1432832,16835560,0,25837056,,,,,12518,15550,used,,,,20260917-2319
2026-09-18 00:05:35,HAUSP-UB[noEUCS],C8T1S5I8N5K,70,0,0.000200,0.000,0.008,36401810,36096,6,490,496,3,0,0,2988024,44877,2878514,12511,0.000000,0.211477,0.222413,2518,0,274.33,2950906,2950803,2306,66504,SUCCESS,93938,0,warm20,1607680,17022000,0,26104448,,,,,12510,15571,used,,,,20260917-2319
2026-09-18 00:05:35,HAUSP-UB[noEUCS],C8T1S5I8N5K,71,0,0.000200,0.000,0.008,36794486,36477,6,492,499,3,0,0,2969790,44968,2860514,12540,0.000000,0.212023,0.222970,2563,0,276.00,2932664,2932580,2310,66586,SUCCESS,93685,0,warm20,1625856,17201944,0,26432256,,,,,12539,15590,used,,,,20260917-2319
2026-09-18 00:05:36,HAUSP-UB[noEUCS],C8T1S5I8N5K,72,0,0.000200,0.000,0.008,37175538,36858,6,494,501,3,0,0,2975361,45091,2866447,12476,0.000000,0.211696,0.222637,2519,0,278.42,2938218,2938124,2322,66669,SUCCESS,93257,0,warm20,1569536,17383024,0,26750080,,,,,12467,15648,used,,,,20260917-2319
2026-09-18 00:05:36,HAUSP-UB[noEUCS],C8T1S5I8N5K,73,0,0.000200,0.000,0.008,37548260,37239,6,506,513,3,0,0,3000273,45147,2891287,12487,0.000000,0.211194,0.222121,2480,0,280.06,2963128,2963078,2289,66711,SUCCESS,93356,0,warm20,1684352,17558000,0,26978944,,,,,12480,15623,used,,,,20260917-2319
2026-09-18 00:05:37,HAUSP-UB[noEUCS],C8T1S5I8N5K,74,0,0.000200,0.000,0.008,37929393,37620,6,504,511,3,0,0,2974123,45144,2865133,12530,0.000000,0.210855,0.221895,2451,0,281.56,2937055,2936972,2330,66770,SUCCESS,93489,0,warm20,1754368,17738408,0,27270144,,,,,12530,15501,used,,,,20260917-2319
2026-09-18 00:05:37,HAUSP-UB[noEUCS],C8T1S5I8N5K,75,0,0.000200,0.000,0.008,38316091,38001,6,512,519,3,0,0,3000441,45217,2891055,12553,0.000000,0.211162,0.222128,2489,0,270.88,2963363,2963273,2361,66853,SUCCESS,93859,0,warm20,1771904,17918352,0,27588992,,,,,12551,15525,used,,,,20260917-2319
2026-09-18 00:05:38,HAUSP-UB[noEUCS],C8T1S5I8N5K,76,0,0.000200,0.000,0.008,38678955,38382,6,514,520,3,0,0,3017846,45268,2908683,12527,0.000000,0.210614,0.221586,2455,0,272.53,2980735,2980694,2319,66900,SUCCESS,93633,0,warm20,1762048,18092024,0,27832320,,,,,12523,15526,used,,,,20260917-2319
2026-09-18 00:05:38,HAUSP-UB[noEUCS],C8T1S5I8N5K,77,0,0.000200,0.000,0.008,39054361,38763,6,519,525,3,0,0,2992386,45493,2883372,12390,0.000000,0.210584,0.221565,2481,0,273.94,2955313,2955241,2344,67000,SUCCESS,93343,0,warm20,1704448,18267152,0,28213376,,,,,12385,15666,used,,,,20260917-2319
2026-09-18 00:05:39,HAUSP-UB[noEUCS],C8T1S5I8N5K,78,0,0.000200,0.000,0.008,39410937,39144,6,520,526,3,0,0,2997148,45462,2888146,12522,0.000000,0.211544,0.222635,2527,0,276.65,2959970,2959929,2285,67045,SUCCESS,93359,0,warm20,1731456,18436952,0,28452352,,,,,12519,15640,used,,,,20260917-2319
2026-09-18 00:05:39,HAUSP-UB[noEUCS],C8T1S5I8N5K,79,0,0.000200,0.000,0.008,39780553,39525,6,539,546,3,0,0,3019130,45485,2909431,12514,0.000000,0.211345,0.222291,2581,0,277.93,2981975,2981927,2288,67071,SUCCESS,94102,0,warm20,1787520,18611128,0,28627328,,,,,12512,15595,used,,,,20260917-2319
2026-09-18 00:05:40,HAUSP-UB[noEUCS],C8T1S5I8N5K,80,0,0.000200,0.000,0.008,40168805,39906,6,538,544,3,0,0,3023848,45554,2914284,12515,0.000000,0.211643,0.222577,2552,0,279.35,2986697,2986650,2309,67109,SUCCESS,93929,0,warm20,1823232,18788544,0,28824064,,,,,12514,15634,used,,,,20260917-2319
2026-09-18 00:05:40,HAUSP-UB[noEUCS],C8T1S5I8N5K,81,0,0.000200,0.000,0.008,40553020,40287,6,544,551,3,0,0,3000141,45671,2890466,12469,0.000000,0.211291,0.222239,2573,0,282.18,2963063,2962938,2396,67220,SUCCESS,94034,0,warm20,1860736,18972152,0,29195392,,,,,12468,15640,used,,,,20260917-2319
2026-09-18 00:05:41,HAUSP-UB[noEUCS],C8T1S5I8N5K,82,0,0.000200,0.000,0.008,40936711,40668,6,543,550,3,0,0,2989788,45670,2880524,12492,0.000000,0.211201,0.222191,2542,0,283.64,2952602,2952570,2317,67255,SUCCESS,93628,0,warm20,1866752,19144136,0,29380224,,,,,12492,15636,used,,,,20260917-2319
2026-09-18 00:05:41,HAUSP-UB[noEUCS],C8T1S5I8N5K,83,0,0.000200,0.000,0.008,41313771,41049,6,551,558,3,0,0,2980522,45751,2871081,12474,0.000000,0.211024,0.222031,2517,0,285.15,2943333,2943246,2369,67320,SUCCESS,93756,0,warm20,1928832,19324128,0,29684480,,,,,12474,15685,used,,,,20260917-2319
2026-09-18 00:05:42,HAUSP-UB[noEUCS],C8T1S5I8N5K,84,0,0.000200,0.000,0.008,41724105,41430,6,549,556,3,0,0,2969574,45802,2860560,12472,0.000000,0.210757,0.221740,2489,0,279.16,2932431,2932345,2390,67395,SUCCESS,93389,0,warm20,1959296,19513744,0,29976320,,,,,12472,15625,used,,,,20260917-2319
2026-09-18 00:05:43,HAUSP-UB[noEUCS],C8T1S5I8N5K,85,0,0.000200,0.000,0.008,42092050,41811,6,553,560,3,0,0,2999886,45859,2890551,12467,0.000000,0.210804,0.221767,2440,0,280.45,2962592,2962561,2346,67434,SUCCESS,93577,0,warm20,1922048,19688992,0,30194048,,,,,12467,15758,used,,,,20260917-2319
2026-09-18 00:05:43,HAUSP-UB[noEUCS],C8T1S5I8N5K,86,0,0.000200,0.000,0.008,42492603,42192,6,568,574,3,0,0,3005592,45889,2895957,12525,0.000000,0.210869,0.221854,2494,0,282.41,2968248,2968133,2422,67521,SUCCESS,93834,0,warm20,2001536,19872016,0,30508416,,,,,12523,15799,used,,,,20260917-2319
2026-09-18 00:05:44,HAUSP-UB[noEUCS],C8T1S5I8N5K,87,0,0.000200,0.000,0.008,42875635,42573,6,565,572,3,0,0,2994412,45944,2885458,12530,0.000000,0.210163,0.221238,2433,0,285.13,2957138,2957061,2412,67597,SUCCESS,93256,0,warm20,2024832,20051872,0,30811648,,,,,12529,15697,used,,,,20260917-2319
2026-09-18 00:05:44,HAUSP-UB[noEUCS],C8T1S5I8N5K,88,0,0.000200,0.000,0.008,43248010,42954,6,571,578,3,0,0,2985551,45970,2876681,12600,0.000000,0.210389,0.221482,2454,0,286.69,2948328,2948240,2424,67682,SUCCESS,93274,0,warm20,2052480,20226968,0,31138432,,,,,12600,15596,used,,,,20260917-2319
2026-09-18 00:05:45,HAUSP-UB[noEUCS],C8T1S5I8N5K,89,0,0.000200,0.000,0.008,43639169,43335,6,572,579,3,0,0,2983337,45961,2874944,12637,0.000000,0.209871,0.221014,2455,0,288.32,2946120,2946068,2391,67702,SUCCESS,92896,0,warm20,2124288,20408952,0,31340288,,,,,12636,15496,used,,,,20260917-2319
2026-09-18 00:05:46,HAUSP-UB[noEUCS],C8T1S5I8N5K,90,0,0.000200,0.000,0.008,44031231,43716,6,579,586,3,0,0,2969586,46068,2861397,12585,0.000000,0.210233,0.221352,2453,0,291.04,2932418,2932351,2438,67767,SUCCESS,92654,0,warm20,2123648,20593168,0,31639296,,,,,12584,15534,used,,,,20260917-2319
2026-09-18 00:05:46,HAUSP-UB[noEUCS],C8T1S5I8N5K,91,0,0.000200,0.000,0.008,44399561,44097,6,578,585,3,0,0,2968662,46110,2860455,12598,0.000000,0.210198,0.221256,2431,0,292.32,2931559,2931536,2396,67788,SUCCESS,92760,0,warm20,2103680,20767016,0,31839104,,,,,12597,15446,used,,,,20260917-2319
2026-09-18 00:05:47,HAUSP-UB[noEUCS],C8T1S5I8N5K,92,0,0.000200,0.000,0.008,44778722,44478,6,579,586,3,0,0,2978803,46189,2871216,12544,0.000000,0.209649,0.220797,2415,0,285.07,2941645,2941596,2424,67819,SUCCESS,92028,0,warm20,2196736,20943536,0,32029184,,,,,12544,15559,used,,,,20260917-2319
2026-09-18 00:05:47,HAUSP-UB[noEUCS],C8T1S5I8N5K,93,0,0.000200,0.000,0.008,45161917,44859,6,580,587,3,0,0,2985013,46277,2877979,12553,0.000000,0.208894,0.220093,2417,0,288.05,2947968,2947867,2494,67932,SUCCESS,91531,0,warm20,2164224,21124872,0,32390400,,,,,12553,15503,used,,,,20260917-2319
2026-09-18 00:05:48,HAUSP-UB[noEUCS],C8T1S5I8N5K,94,0,0.000200,0.000,0.008,45536405,45240,6,586,593,3,0,0,2970881,46450,2863959,12490,0.000000,0.209329,0.220525,2509,0,289.71,2933850,2933756,2475,68026,SUCCESS,91373,0,warm20,2191360,21298600,0,32702720,,,,,12490,15549,used,,,,20260917-2319
2026-09-18 00:05:48,HAUSP-UB[noEUCS],C8T1S5I8N5K,95,0,0.000200,0.000,0.008,45914470,45621,6,585,592,3,0,0,2953805,46519,2847561,12452,0.000000,0.209076,0.220347,2472,0,290.99,2916695,2916678,2398,68068,SUCCESS,90641,0,warm20,2143872,21474800,0,32923008,,,,,12452,15603,used,,,,20260917-2319
2026-09-18 00:05:49,HAUSP-UB[noEUCS],C8T1S5I8N5K,96,0,0.000200,0.000,0.008,46296586,46002,6,605,611,3,0,0,2991883,46605,2884420,12435,0.000000,0.209685,0.220815,2565,0,293.66,2954633,2954562,2427,68126,SUCCESS,91675,0,warm20,2177024,21654440,0,33206400,,,,,12434,15787,used,,,,20260917-2319
2026-09-18 00:05:50,HAUSP-UB[noEUCS],C8T1S5I8N5K,97,0,0.000200,0.000,0.008,46658707,46383,6,616,623,3,0,0,3017469,46711,2910007,12378,0.000000,0.209225,0.220258,2642,0,295.25,2980245,2980200,2414,68169,SUCCESS,91652,0,warm20,2182016,21830120,0,33464192,,,,,12377,15809,used,,,,20260917-2319
2026-09-18 00:05:50,HAUSP-UB[noEUCS],C8T1S5I8N5K,98,0,0.000200,0.000,0.008,47041850,46764,6,624,630,3,0,0,3017656,46670,2910516,12464,0.000000,0.209269,0.220384,2654,0,296.61,2980399,2980327,2443,68191,SUCCESS,91381,0,warm20,2294400,22011096,0,33642880,,,,,12463,15758,used,,,,20260917-2319
2026-09-18 00:05:51,HAUSP-UB[noEUCS],C8T1S5I8N5K,99,0,0.000200,0.000,0.008,47416411,47132,6,625,632,3,0,0,3020056,46615,2913251,12578,0.000000,0.208598,0.219840,2623,0,299.52,2982806,2982747,2480,68240,SUCCESS,91130,0,warm20,2318976,22186560,0,33886080,,,,,12577,15674,used,,,,20260917-2319
2026-09-18 00:05:52,HAUSP-UB[noEUCS],C8T1S5I8N5K,0,1,0.000200,0.000,0.200,9488004,9426,24,236,260,7,0,0,4135232,29547,3966466,11828,0.000000,0.242173,0.250249,6078,0,223.71,4150918,4098606,52312,51042,SUCCESS,154905,0,warm20,200064,4438024,0,7045632,,,,,11828,13861,used,,,,20260917-2319
2026-09-18 00:05:52,HAUSP-UB[noEUCS],C8T1S5I8N5K,1,1,0.000200,0.000,0.008,9860151,9807,5,236,242,3,0,0,4238277,30066,4068385,12000,0.000000,0.237694,0.245695,5885,0,225.91,4203383,4202587,2066,51737,SUCCESS,155973,0,warm20,206848,4616680,0,7251328,,,,,11999,13918,used,,,,20260917-2319
2026-09-18 00:05:52,HAUSP-UB[noEUCS],C8T1S5I8N5K,2,1,0.000200,0.000,0.008,10237723,10188,6,245,251,3,0,0,4029071,30542,3865780,12194,0.000000,0.234296,0.242583,6216,0,226.48,3994038,3993454,1955,52280,SUCCESS,149453,0,warm20,215936,4791328,0,7437568,,,,,12194,13838,used,,,,20260917-2319
2026-09-18 00:05:52,HAUSP-UB[noEUCS],C8T1S5I8N5K,3,1,0.000200,0.000,0.008,10611431,10569,5,240,246,3,0,0,3863813,31048,3710247,12189,0.000000,0.228207,0.237033,5716,0,229.61,3828571,3827963,2020,52849,SUCCESS,139556,0,warm20,232960,4970288,0,7630848,,,,,12189,14010,used,,,,20260917-2319
2026-09-18 00:05:53,HAUSP-UB[noEUCS],C8T1S5I8N5K,4,1,0.000200,0.000,0.008,10996455,10950,5,237,243,3,0,0,3692848,31726,3546142,12118,0.000000,0.226352,0.235636,6199,0,231.21,3657461,3656846,2066,53454,SUCCESS,132442,0,warm20,108672,5152304,0,7843712,,,,,12118,14264,used,,,,20260917-2319
2026-09-18 00:05:53,HAUSP-UB[noEUCS],C8T1S5I8N5K,5,1,0.000200,0.000,0.008,11372487,11331,5,257,263,3,0,0,4031736,32155,3878987,12154,0.000000,0.226997,0.235818,7078,0,232.69,3996241,3995824,1878,53903,SUCCESS,138553,0,warm20,230016,5331368,0,8038784,,,,,12154,14196,used,,,,20260917-2319
2026-09-18 00:05:53,HAUSP-UB[noEUCS],C8T1S5I8N5K,6,1,0.000200,0.000,0.008,11749908,11712,5,264,270,3,0,0,3931379,32735,3779356,12153,0.000000,0.230945,0.239687,7173,0,233.98,3896031,3895498,1962,54412,SUCCESS,137842,0,warm20,118400,5510536,0,8259712,,,,,12152,14180,used,,,,20260917-2319
2026-09-18 00:05:54,HAUSP-UB[noEUCS],C8T1S5I8N5K,7,1,0.000200,0.000,0.008,12139444,12093,5,271,277,3,0,0,3869198,33167,3720909,12054,0.000000,0.228051,0.236880,7539,0,235.33,3833663,3833289,1827,54761,SUCCESS,133997,0,warm20,142080,5694592,0,8439808,,,,,12052,14290,used,,,,20260917-2319
2026-09-18 00:05:54,HAUSP-UB[noEUCS],C8T1S5I8N5K,8,1,0.000200,0.000,0.008,12513100,12474,5,291,297,3,0,0,4065851,33476,3918592,12090,0.000000,0.227405,0.236281,7536,0,236.68,4030293,4029840,1931,55144,SUCCESS,132983,0,warm20,141056,5871024,0,8609408,,,,,12087,14273,used,,,,20260917-2319
2026-09-18 00:05:54,HAUSP-UB[noEUCS],C8T1S5I8N5K,9,1,0.000200,0.000,0.008,12914001,12855,5,287,293,3,0,0,3981895,33873,3836745,12270,0.000000,0.226841,0.235753,6698,0,238.19,3946289,3945849,1988,55601,SUCCESS,130815,0,warm20,140672,6056504,0,8820864,,,,,12270,14335,used,,,,20260917-2319
2026-09-18 00:05:54,HAUSP-UB[noEUCS],C8T1S5I8N5K,10,1,0.000200,0.000,0.008,13304270,13236,6,292,298,3,0,0,3810136,34215,3668212,12124,0.000000,0.229829,0.238994,6519,0,229.12,3774406,3774014,1923,55958,SUCCESS,127580,0,warm20,313344,6242496,0,9015552,,,,,12124,14344,used,,,,20260917-2319
2026-09-18 00:05:55,HAUSP-UB[noEUCS],C8T1S5I8N5K,11,1,0.000200,0.000,0.008,13705969,13617,6,286,293,3,0,0,3706511,34549,3568748,12052,0.000000,0.227651,0.237033,6098,0,230.70,3670630,3670273,1923,56307,SUCCESS,123291,0,warm20,286720,6431344,0,9272320,,,,,12052,14472,used,,,,20260917-2319
2026-09-18 00:05:55,HAUSP-UB[noEUCS],C8T1S5I8N5K,12,1,0.000200,0.000,0.008,14085202,13998,6,291,298,3,0,0,3679228,35043,3541356,11981,0.000000,0.228259,0.237578,5789,0,232.49,3643414,3642980,2008,56710,SUCCESS,123321,0,warm20,294912,6610048,0,9533056,,,,,11980,14550,used,,,,20260917-2319
2026-09-18 00:05:55,HAUSP-UB[noEUCS],C8T1S5I8N5K,13,1,0.000200,0.000,0.008,14447935,14379,6,294,300,3,0,0,3685464,35396,3548491,12054,0.000000,0.227442,0.236867,5569,0,234.38,3649547,3649211,1941,57036,SUCCESS,122370,0,warm20,286976,6779672,0,9796608,,,,,12054,14603,used,,,,20260917-2319
2026-09-18 00:05:56,HAUSP-UB[noEUCS],C8T1S5I8N5K,14,1,0.000200,0.000,0.008,14856178,14760,6,303,309,3,0,0,3696180,35645,3561240,12053,0.000000,0.224810,0.234280,5314,0,236.10,3660186,3659910,1891,57286,SUCCESS,120337,0,warm20,325248,6962536,0,10048384,,,,,12053,14603,used,,,,20260917-2319
2026-09-18 00:05:56,HAUSP-UB[noEUCS],C8T1S5I8N5K,15,1,0.000200,0.000,0.008,15234958,15141,6,316,322,3,0,0,3730429,36097,3593735,12023,0.000000,0.228336,0.237667,5756,0,238.27,3694481,3694086,2036,57648,SUCCESS,121935,0,warm20,217088,7143304,0,10322176,,,,,12023,14759,used,,,,20260917-2319
2026-09-18 00:05:56,HAUSP-UB[noEUCS],C8T1S5I8N5K,16,1,0.000200,0.000,0.008,15636723,15522,6,316,322,3,0,0,3653303,36330,3519595,12122,0.000000,0.224973,0.234530,5143,0,240.31,3617201,3616863,2012,57975,SUCCESS,118924,0,warm20,338944,7330032,0,10595200,,,,,12122,14784,used,,,,20260917-2319
2026-09-18 00:05:57,HAUSP-UB[noEUCS],C8T1S5I8N5K,17,1,0.000200,0.000,0.008,16000443,15903,6,315,321,3,0,0,3583690,36591,3452040,12143,0.000000,0.222113,0.231761,4767,0,241.61,3547650,3547332,2003,58297,SUCCESS,116994,0,warm20,334592,7502104,0,10866432,,,,,12143,14656,used,,,,20260917-2319
2026-09-18 00:05:57,HAUSP-UB[noEUCS],C8T1S5I8N5K,18,1,0.000200,0.000,0.008,16375616,16284,6,321,327,3,0,0,3554504,36998,3425335,12206,0.000000,0.219963,0.229840,5395,0,243.91,3518388,3518009,2060,58646,SUCCESS,114352,0,warm20,334336,7678528,0,11153152,,,,,12206,14817,used,,,,20260917-2319
2026-09-18 00:05:57,HAUSP-UB[noEUCS],C8T1S5I8N5K,19,1,0.000200,0.000,0.008,16735590,16665,6,324,330,3,0,0,3519575,37220,3392441,12254,0.000000,0.218389,0.228384,5318,0,235.52,3483402,3483121,1992,58906,SUCCESS,112387,0,warm20,352640,7852280,0,11414016,,,,,12254,14747,used,,,,20260917-2319
2026-09-18 00:05:58,HAUSP-UB[noEUCS],C8T1S5I8N5K,20,1,0.000200,0.000,0.008,17118254,17046,6,325,332,3,0,0,3510078,37451,3382788,12522,0.000000,0.220286,0.230274,5734,0,237.01,3473957,3473673,2016,59174,SUCCESS,112623,0,warm20,332928,8034448,0,11680640,,,,,12521,14666,used,,,,20260917-2319
2026-09-18 00:05:58,HAUSP-UB[noEUCS],C8T1S5I8N5K,21,1,0.000200,0.000,0.008,17469048,17427,6,326,333,3,0,0,3454964,37715,3328486,12413,0.000000,0.222891,0.232932,5511,0,239.29,3418710,3418413,2045,59428,SUCCESS,111683,0,warm20,358272,8202384,0,11938688,,,,,12413,14795,used,,,,20260917-2319
2026-09-18 00:05:58,HAUSP-UB[noEUCS],C8T1S5I8N5K,22,1,0.000200,0.000,0.008,17881746,17808,6,333,339,3,0,0,3460175,37908,3332854,12508,0.000000,0.228365,0.238386,5461,0,241.07,3424006,3423705,2092,59702,SUCCESS,112672,0,warm20,377856,8384976,0,12227328,,,,,12508,14649,used,,,,20260917-2319
2026-09-18 00:05:59,HAUSP-UB[noEUCS],C8T1S5I8N5K,23,1,0.000200,0.000,0.008,18263626,18189,6,332,338,3,0,0,3402465,38130,3275743,12394,0.000000,0.229088,0.239106,5224,0,242.64,3366076,3365955,1939,59827,SUCCESS,111905,0,warm20,331904,8557624,0,12460800,,,,,12394,14817,used,,,,20260917-2319
2026-09-18 00:05:59,HAUSP-UB[noEUCS],C8T1S5I8N5K,24,1,0.000200,0.000,0.008,18655152,18570,6,330,336,3,0,0,3374361,38373,3248904,12428,0.000000,0.227745,0.237800,4981,0,244.97,3337924,3337741,1997,60028,SUCCESS,110474,0,warm20,403840,8733008,0,12736768,,,,,12428,14983,used,,,,20260917-2319
2026-09-18 00:05:59,HAUSP-UB[noEUCS],C8T1S5I8N5K,25,1,0.000200,0.000,0.008,19051938,18951,6,333,339,3,0,0,3327884,38529,3202245,12513,0.000000,0.225574,0.235704,4605,0,246.68,3291385,3291194,1987,60226,SUCCESS,110639,0,warm20,396544,8910224,0,12995456,,,,,12513,15000,used,,,,20260917-2319
2026-09-18 00:06:00,HAUSP-UB[noEUCS],C8T1S5I8N5K,26,1,0.000200,0.000,0.008,19436370,19332,6,332,338,3,0,0,3257115,38758,3133660,12570,0.000000,0.223293,0.233507,4468,0,248.74,3220592,3220322,2059,60491,SUCCESS,108399,0,warm20,399744,9094552,0,13310080,,,,,12569,15055,used,,,,20260917-2319
2026-09-18 00:06:00,HAUSP-UB[noEUCS],C8T1S5I8N5K,27,1,0.000200,0.000,0.008,19820960,19713,6,339,345,3,0,0,3316069,39076,3192335,12550,0.000000,0.224955,0.235071,4548,0,240.53,3279537,3279235,2096,60769,SUCCESS,108617,0,warm20,398336,9273992,0,13604864,,,,,12550,15117,used,,,,20260917-2319
2026-09-18 00:06:00,HAUSP-UB[noEUCS],C8T1S5I8N5K,28,1,0.000200,0.000,0.008,20208065,20094,6,342,348,3,0,0,3244010,39397,3120946,12538,0.000000,0.224781,0.234915,4279,0,242.24,3207337,3207096,2059,61013,SUCCESS,107763,0,warm20,404352,9457880,0,13910528,,,,,12538,15301,used,,,,20260917-2319
2026-09-18 00:06:01,HAUSP-UB[noEUCS],C8T1S5I8N5K,29,1,0.000200,0.000,0.008,20583629,20475,6,338,344,3,0,0,3235373,39508,3113598,12591,0.000000,0.224008,0.234209,4125,0,243.97,3198614,3198430,1999,61192,SUCCESS,106520,0,warm20,406272,9635984,0,14189440,,,,,12590,15254,used,,,,20260917-2319
2026-09-18 00:06:01,HAUSP-UB[noEUCS],C8T1S5I8N5K,30,1,0.000200,0.000,0.008,20987544,20856,6,348,354,3,0,0,3198504,39644,3075846,12740,0.000000,0.221898,0.232059,3897,0,246.45,3161777,3161545,2052,61432,SUCCESS,107479,0,warm20,407424,9820144,0,14475904,,,,,12740,15179,used,,,,20260917-2319
2026-09-18 00:06:01,HAUSP-UB[noEUCS],C8T1S5I8N5K,31,1,0.000200,0.000,0.008,21379313,21237,6,346,353,3,0,0,3209078,39803,3087657,12702,0.000000,0.220605,0.230855,3722,0,249.22,3172392,3172206,1998,61610,SUCCESS,106363,0,warm20,420096,10003040,0,14778112,,,,,12701,15057,used,,,,20260917-2319
2026-09-18 00:06:02,HAUSP-UB[noEUCS],C8T1S5I8N5K,32,1,0.000200,0.000,0.008,21757529,21618,6,362,369,3,0,0,3260715,39943,3138828,12693,0.000000,0.218784,0.228947,3513,0,250.51,3223936,3223785,1971,61749,SUCCESS,106775,0,warm20,417920,10179608,0,15030400,,,,,12693,15112,used,,,,20260917-2319
2026-09-18 00:06:02,HAUSP-UB[noEUCS],C8T1S5I8N5K,33,1,0.000200,0.000,0.008,22150766,21999,6,361,367,3,0,0,3235803,40134,3115248,12563,0.000000,0.218528,0.228795,3756,0,253.22,3198893,3198712,2013,61907,SUCCESS,105260,0,warm20,466816,10365392,0,15321984,,,,,12563,15295,used,,,,20260917-2319
2026-09-18 00:06:02,HAUSP-UB[noEUCS],C8T1S5I8N5K,34,1,0.000200,0.000,0.008,22536242,22380,6,368,375,3,0,0,3209902,40324,3089817,12561,0.000000,0.219347,0.229735,3759,0,254.50,3173075,3172935,1995,62067,SUCCESS,104841,0,warm20,446336,10544048,0,15605888,,,,,12561,15244,used,,,,20260917-2319
2026-09-18 00:06:03,HAUSP-UB[noEUCS],C8T1S5I8N5K,35,1,0.000200,0.000,0.008,22907858,22761,6,374,380,3,0,0,3220821,40405,3100350,12663,0.000000,0.222034,0.232331,3731,0,255.63,3183989,3183833,1991,62216,SUCCESS,105301,0,warm20,321024,10720248,0,15865472,,,,,12663,15170,used,,,,20260917-2319
2026-09-18 00:06:03,HAUSP-UB[noEUCS],C8T1S5I8N5K,36,1,0.000200,0.000,0.008,23319188,23142,6,378,384,3,0,0,3180936,40715,3060746,12526,0.000000,0.220605,0.230810,3641,0,249.99,3144046,3143878,2010,62410,SUCCESS,104799,0,warm20,430976,10905168,0,16167936,,,,,12524,15389,used,,,,20260917-2319
2026-09-18 00:06:04,HAUSP-UB[noEUCS],C8T1S5I8N5K,37,1,0.000200,0.000,0.008,23697328,23523,6,378,384,3,0,0,3160734,40903,3041812,12488,0.000000,0.219321,0.229604,3515,0,252.06,3123781,3123602,1995,62569,SUCCESS,103472,0,warm20,487936,11081720,0,16461824,,,,,12484,15446,used,,,,20260917-2319
2026-09-18 00:06:04,HAUSP-UB[noEUCS],C8T1S5I8N5K,38,1,0.000200,0.000,0.008,24099127,23904,6,379,385,3,0,0,3154470,41080,3036599,12534,0.000000,0.217495,0.227830,3290,0,254.03,3117436,3117180,2092,62797,SUCCESS,102325,0,warm20,497664,11267296,0,16806912,,,,,12533,15545,used,,,,20260917-2319
2026-09-18 00:06:04,HAUSP-UB[noEUCS],C8T1S5I8N5K,39,1,0.000200,0.000,0.008,24493119,24285,6,375,381,3,0,0,3129739,41284,3013112,12521,0.000000,0.214491,0.224964,3105,0,256.61,3092547,3092373,2038,62974,SUCCESS,100947,0,warm20,512256,11457416,0,17117184,,,,,12520,15679,used,,,,20260917-2319
2026-09-18 00:06:05,HAUSP-UB[noEUCS],C8T1S5I8N5K,40,1,0.000200,0.000,0.008,24862259,24666,6,380,387,3,0,0,3140406,41495,3024049,12513,0.000000,0.214409,0.224859,2983,0,257.90,3103255,3103041,2075,63177,SUCCESS,100684,0,warm20,461568,11634008,0,17423744,,,,,12512,15672,used,,,,20260917-2319
2026-09-18 00:06:05,HAUSP-UB[noEUCS],C8T1S5I8N5K,41,1,0.000200,0.000,0.008,25263088,25047,6,383,390,3,0,0,3130591,41648,3014341,12547,0.000000,0.214071,0.224502,2907,0,259.51,3093399,3093241,2030,63275,SUCCESS,100585,0,warm20,533120,11818016,0,17639424,,,,,12545,15663,used,,,,20260917-2319
2026-09-18 00:06:06,HAUSP-UB[noEUCS],C8T1S5I8N5K,42,1,0.000200,0.000,0.008,25651287,25428,6,392,399,3,0,0,3143944,41812,3027899,12555,0.000000,0.213396,0.223866,2802,0,261.83,3106833,3106674,2091,63431,SUCCESS,100393,0,warm20,580096,12003160,0,17947008,,,,,12551,15648,used,,,,20260917-2319
2026-09-18 00:06:06,HAUSP-UB[noEUCS],C8T1S5I8N5K,43,1,0.000200,0.000,0.008,26044850,25809,6,401,407,3,0,0,3189828,41872,3073513,12582,0.000000,0.212591,0.223133,2898,0,253.70,3152714,3152533,2116,63605,SUCCESS,100758,0,warm20,591744,12184952,0,18259584,,,,,12580,15555,used,,,,20260917-2319
2026-09-18 00:06:06,HAUSP-UB[noEUCS],C8T1S5I8N5K,44,1,0.000200,0.000,0.008,26430934,26190,6,412,419,3,0,0,3207988,42017,3091146,12636,0.000000,0.213280,0.223727,2699,0,255.37,3170872,3170699,2115,63728,SUCCESS,101313,0,warm20,661760,12366000,0,18542080,,,,,12635,15528,used,,,,20260917-2319
2026-09-18 00:06:07,HAUSP-UB[noEUCS],C8T1S5I8N5K,45,1,0.000200,0.000,0.008,26846010,26571,6,413,420,3,0,0,3217485,42143,3100668,12645,0.000000,0.212106,0.222664,2737,0,257.70,3180367,3180203,2156,63890,SUCCESS,101284,0,warm20,681216,12558336,0,18824832,,,,,12645,15533,used,,,,20260917-2319
2026-09-18 00:06:07,HAUSP-UB[noEUCS],C8T1S5I8N5K,46,1,0.000200,0.000,0.008,27199497,26952,6,426,432,3,0,0,3248264,42374,3130912,12509,0.000000,0.212747,0.223209,2876,0,259.51,3211138,3210966,2166,64016,SUCCESS,101741,0,warm20,790784,12726712,0,19073152,,,,,12508,15610,used,,,,20260917-2319
2026-09-18 00:06:08,HAUSP-UB[noEUCS],C8T1S5I8N5K,47,1,0.000200,0.000,0.008,27577144,27333,6,433,439,3,0,0,3234506,42543,3117450,12430,0.000000,0.212067,0.222457,2903,0,260.80,3197355,3197262,2133,64116,SUCCESS,101377,0,warm20,776320,12902944,0,19294720,,,,,12429,15678,used,,,,20260917-2319
2026-09-18 00:06:08,HAUSP-UB[noEUCS],C8T1S5I8N5K,48,1,0.000200,0.000,0.008,27971205,27714,6,443,449,3,0,0,3251395,42713,3133777,12421,0.000000,0.212876,0.223197,2983,0,263.10,3214321,3214224,2130,64227,SUCCESS,101946,0,warm20,798080,13085784,0,19554304,,,,,12420,15671,used,,,,20260917-2319
2026-09-18 00:06:09,HAUSP-UB[noEUCS],C8T1S5I8N5K,49,1,0.000200,0.000,0.008,28365395,28095,6,447,453,3,0,0,3295566,42855,3178308,12289,0.000000,0.213413,0.223660,3165,0,264.47,3258512,3258395,2136,64339,SUCCESS,101576,0,warm20,815872,13266976,0,19816064,,,,,12289,15682,used,,,,20260917-2319
2026-09-18 00:06:09,HAUSP-UB[noEUCS],C8T1S5I8N5K,50,1,0.000200,0.000,0.008,28747485,28476,6,451,458,3,0,0,3269638,42932,3152900,12295,0.000000,0.212933,0.223196,3190,0,265.96,3232697,3232555,2166,64450,SUCCESS,101203,0,warm20,847104,13442904,0,20052992,,,,,12294,15534,used,,,,20260917-2319
2026-09-18 00:06:10,HAUSP-UB[noEUCS],C8T1S5I8N5K,51,1,0.000200,0.000,0.008,29148083,28857,6,453,459,3,0,0,3276141,43118,3159643,12243,0.000000,0.213435,0.223669,3606,0,268.26,3239209,3239091,2173,64555,SUCCESS,100897,0,warm20,882048,13626504,0,20310784,,,,,12242,15600,used,,,,20260917-2319
2026-09-18 00:06:10,HAUSP-UB[noEUCS],C8T1S5I8N5K,52,1,0.000200,0.000,0.008,29537266,29238,6,454,460,3,0,0,3217882,43208,3102134,12291,0.000000,0.213141,0.223477,3512,0,255.60,3180898,3180773,2193,64675,SUCCESS,100111,0,warm20,891776,13809528,0,20572160,,,,,12291,15637,used,,,,20260917-2319
2026-09-18 00:06:10,HAUSP-UB[noEUCS],C8T1S5I8N5K,53,1,0.000200,0.000,0.008,29904777,29619,6,456,462,3,0,0,3205423,43291,3089570,12296,0.000000,0.212980,0.223329,3392,0,257.05,3168431,3168332,2172,64767,SUCCESS,100245,0,warm20,912384,13984192,0,20805504,,,,,12296,15608,used,,,,20260917-2319
2026-09-18 00:06:11,HAUSP-UB[noEUCS],C8T1S5I8N5K,54,1,0.000200,0.000,0.008,30290428,30000,6,457,463,3,0,0,3165100,43343,3049928,12365,0.000000,0.212314,0.222760,3265,0,259.36,3128011,3127931,2160,64847,SUCCESS,99507,0,warm20,928640,14162592,0,21018752,,,,,12365,15665,used,,,,20260917-2319
2026-09-18 00:06:11,HAUSP-UB[noEUCS],C8T1S5I8N5K,55,1,0.000200,0.000,0.008,30681887,30381,6,457,463,3,0,0,3161829,43445,3047307,12322,0.000000,0.211161,0.221694,3173,0,260.92,3124731,3124639,2172,64932,SUCCESS,98825,0,warm20,935680,14345144,0,21268352,,,,,12321,15696,used,,,,20260917-2319
2026-09-18 00:06:12,HAUSP-UB[noEUCS],C8T1S5I8N5K,56,1,0.000200,0.000,0.008,31050362,30762,6,463,470,3,0,0,3149171,43445,3035338,12393,0.000000,0.211427,0.222059,3135,0,262.29,3112137,3112090,2134,64986,SUCCESS,98283,0,warm20,947840,14522312,0,21479808,,,,,12390,15547,used,,,,20260917-2319
2026-09-18 00:06:12,HAUSP-UB[noEUCS],C8T1S5I8N5K,57,1,0.000200,0.000,0.008,31395739,31143,6,459,465,3,0,0,3113211,43546,3000247,12410,0.000000,0.211153,0.221878,3035,0,264.64,3076189,3076100,2169,65101,SUCCESS,97379,0,warm20,923520,14690024,0,21764224,,,,,12407,15582,used,,,,20260917-2319
2026-09-18 00:06:13,HAUSP-UB[noEUCS],C8T1S5I8N5K,58,1,0.000200,0.000,0.008,31769352,31524,6,455,461,3,0,0,3070525,43605,2958328,12440,0.000000,0.211462,0.222296,3041,0,266.41,3033455,3033318,2191,65215,SUCCESS,96620,0,warm20,1049728,14868712,0,22050560,,,,,12437,15574,used,,,,20260917-2319
2026-09-18 00:06:13,HAUSP-UB[noEUCS],C8T1S5I8N5K,59,1,0.000200,0.000,0.008,32142537,31905,6,459,465,3,0,0,3079670,43784,2967311,12409,0.000000,0.211189,0.221922,2920,0,268.09,3042646,3042513,2210,65347,SUCCESS,96766,0,warm20,1091840,15041744,0,22402688,,,,,12409,15593,used,,,,20260917-2319
2026-09-18 00:06:14,HAUSP-UB[noEUCS],C8T1S5I8N5K,60,1,0.000200,0.000,0.008,32547440,32286,6,470,477,3,0,0,3106561,43917,2993476,12380,0.000000,0.211550,0.222243,3068,0,261.43,3069519,3069377,2220,65446,SUCCESS,97473,0,warm20,1187072,15227744,0,22716160,,,,,12380,15612,used,,,,20260917-2319
2026-09-18 00:06:14,HAUSP-UB[noEUCS],C8T1S5I8N5K,61,1,0.000200,0.000,0.008,32944229,32667,6,472,478,3,0,0,3085600,44012,2971787,12410,0.000000,0.212097,0.222741,3028,0,263.35,3048534,3048437,2218,65531,SUCCESS,98180,0,warm20,1308032,15409824,0,23007104,,,,,12409,15632,used,,,,20260917-2319
2026-09-18 00:06:15,HAUSP-UB[noEUCS],C8T1S5I8N5K,62,1,0.000200,0.000,0.008,33334519,33048,6,474,481,3,0,0,3067182,44197,2953691,12381,0.000000,0.212632,0.223203,2938,0,264.94,3030153,3030015,2271,65674,SUCCESS,97796,0,warm20,1277184,15588424,0,23411584,,,,,12381,15695,used,,,,20260917-2319
2026-09-18 00:06:15,HAUSP-UB[noEUCS],C8T1S5I8N5K,63,1,0.000200,0.000,0.008,33719823,33429,6,481,488,3,0,0,3076751,44266,2963359,12415,0.000000,0.213911,0.224509,2956,0,267.60,3039602,3039458,2272,65779,SUCCESS,97650,0,warm20,1331712,15769704,0,23734400,,,,,12414,15741,used,,,,20260917-2319
2026-09-18 00:06:16,HAUSP-UB[noEUCS],C8T1S5I8N5K,64,1,0.000200,0.000,0.008,34102327,33810,6,484,490,3,0,0,3045551,44337,2932885,12457,0.000000,0.213892,0.224617,2871,0,269.38,3008459,3008338,2288,65908,SUCCESS,97014,0,warm20,1346176,15945360,0,24099200,,,,,12455,15650,used,,,,20260917-2319
2026-09-18 00:06:16,HAUSP-UB[noEUCS],C8T1S5I8N5K,65,1,0.000200,0.000,0.008,34478988,34191,6,486,492,3,0,0,3020455,44406,2907871,12533,0.000000,0.213492,0.224165,2791,0,271.06,2983350,2983239,2270,66026,SUCCESS,96980,0,warm20,1364736,16120112,0,24472960,,,,,12532,15603,used,,,,20260917-2319
2026-09-18 00:06:17,HAUSP-UB[noEUCS],C8T1S5I8N5K,66,1,0.000200,0.000,0.008,34853481,34572,6,486,492,3,0,0,2984673,44546,2872776,12484,0.000000,0.213365,0.224144,2698,0,273.78,2947493,2947359,2286,66152,SUCCESS,96195,0,warm20,1392128,16293720,0,24843648,,,,,12482,15700,used,,,,20260917-2319
2026-09-18 00:06:17,HAUSP-UB[noEUCS],C8T1S5I8N5K,67,1,0.000200,0.000,0.008,35248065,34953,6,486,493,3,0,0,2987387,44587,2876277,12547,0.000000,0.212370,0.223207,2620,0,275.60,2950257,2950140,2277,66264,SUCCESS,95545,0,warm20,1444480,16480968,0,25228288,,,,,12547,15565,used,,,,20260917-2319
2026-09-18 00:06:18,HAUSP-UB[noEUCS],C8T1S5I8N5K,68,1,0.000200,0.000,0.008,35624384,35334,6,489,495,3,0,0,2960166,44766,2849407,12462,0.000000,0.212264,0.223040,2554,0,276.66,2923075,2922968,2272,66366,SUCCESS,95166,0,warm20,1248896,16656912,0,25568256,,,,,12462,15593,used,,,,20260917-2319
2026-09-18 00:06:18,HAUSP-UB[noEUCS],C8T1S5I8N5K,69,1,0.000200,0.000,0.008,36012101,35715,6,482,489,3,0,0,2931210,44781,2821613,12518,0.000000,0.211520,0.222520,2554,0,270.81,2894075,2893984,2261,66424,SUCCESS,94047,0,warm20,1432832,16835560,0,25837056,,,,,12518,15550,used,,,,20260917-2319
2026-09-18 00:06:19,HAUSP-UB[noEUCS],C8T1S5I8N5K,70,1,0.000200,0.000,0.008,36401810,36096,6,495,502,3,0,0,2988024,44877,2878514,12511,0.000000,0.211477,0.222413,2518,0,272.42,2950906,2950803,2306,66504,SUCCESS,93938,0,warm20,1494784,17022000,0,26104448,,,,,12510,15571,used,,,,20260917-2319
2026-09-18 00:06:19,HAUSP-UB[noEUCS],C8T1S5I8N5K,71,1,0.000200,0.000,0.008,36794486,36477,6,491,497,3,0,0,2969790,44968,2860514,12540,0.000000,0.212023,0.222970,2563,0,274.32,2932664,2932580,2310,66586,SUCCESS,93685,0,warm20,1625856,17201944,0,26432256,,,,,12539,15590,used,,,,20260917-2319
2026-09-18 00:06:20,HAUSP-UB[noEUCS],C8T1S5I8N5K,72,1,0.000200,0.000,0.008,37175538,36858,6,497,504,3,0,0,2975361,45091,2866447,12476,0.000000,0.211696,0.222637,2519,0,276.75,2938218,2938124,2322,66669,SUCCESS,93257,0,warm20,1569536,17383024,0,26750080,,,,,12467,15648,used,,,,20260917-2319
2026-09-18 00:06:20,HAUSP-UB[noEUCS],C8T1S5I8N5K,73,1,0.000200,0.000,0.008,37548260,37239,6,505,511,3,0,0,3000273,45147,2891287,12487,0.000000,0.211194,0.222121,2480,0,278.38,2963128,2963078,2289,66711,SUCCESS,93356,0,warm20,1684352,17558000,0,26978944,,,,,12480,15623,used,,,,20260917-2319
2026-09-18 00:06:21,HAUSP-UB[noEUCS],C8T1S5I8N5K,74,1,0.000200,0.000,0.008,37929393,37620,6,508,514,3,0,0,2974123,45144,2865133,12530,0.000000,0.210855,0.221895,2451,0,279.89,2937055,2936972,2330,66770,SUCCESS,93489,0,warm20,1754368,17738408,0,27270144,,,,,12530,15501,used,,,,20260917-2319
2026-09-18 00:06:21,HAUSP-UB[noEUCS],C8T1S5I8N5K,75,1,0.000200,0.000,0.008,38316091,38001,6,516,522,3,0,0,3000441,45217,2891055,12553,0.000000,0.211162,0.222128,2489,0,282.55,2963363,2963273,2361,66853,SUCCESS,93859,0,warm20,1771904,17918352,0,27588992,,,,,12551,15525,used,,,,20260917-2319
2026-09-18 00:06:22,HAUSP-UB[noEUCS],C8T1S5I8N5K,76,1,0.000200,0.000,0.008,38678955,38382,6,517,524,3,0,0,3017846,45268,2908683,12527,0.000000,0.210614,0.221586,2455,0,270.60,2980735,2980694,2319,66900,SUCCESS,93633,0,warm20,1683328,18092024,0,27832320,,,,,12523,15526,used,,,,20260917-2319
2026-09-18 00:06:22,HAUSP-UB[noEUCS],C8T1S5I8N5K,77,1,0.000200,0.000,0.008,39054361,38763,6,514,520,3,0,0,2992386,45493,2883372,12390,0.000000,0.210584,0.221565,2481,0,272.12,2955313,2955241,2344,67000,SUCCESS,93343,0,warm20,1704448,18267152,0,28213376,,,,,12385,15666,used,,,,20260917-2319
2026-09-18 00:06:23,HAUSP-UB[noEUCS],C8T1S5I8N5K,78,1,0.000200,0.000,0.008,39410937,39144,6,521,527,3,0,0,2997148,45462,2888146,12522,0.000000,0.211544,0.222635,2527,0,274.80,2959970,2959929,2285,67045,SUCCESS,93359,0,warm20,1731456,18436952,0,28452352,,,,,12519,15640,used,,,,20260917-2319
2026-09-18 00:06:23,HAUSP-UB[noEUCS],C8T1S5I8N5K,79,1,0.000200,0.000,0.008,39780553,39525,6,535,542,3,0,0,3019130,45485,2909431,12514,0.000000,0.211345,0.222291,2581,0,276.16,2981975,2981927,2288,67071,SUCCESS,94102,0,warm20,1787520,18611128,0,28627328,,,,,12512,15595,used,,,,20260917-2319
2026-09-18 00:06:24,HAUSP-UB[noEUCS],C8T1S5I8N5K,80,1,0.000200,0.000,0.008,40168805,39906,6,539,546,3,0,0,3023848,45554,2914284,12515,0.000000,0.211643,0.222577,2552,0,277.58,2986697,2986650,2309,67109,SUCCESS,93929,0,warm20,1823232,18788544,0,28824064,,,,,12514,15634,used,,,,20260917-2319
2026-09-18 00:06:24,HAUSP-UB[noEUCS],C8T1S5I8N5K,81,1,0.000200,0.000,0.008,40553020,40287,6,543,549,3,0,0,3000141,45671,2890466,12469,0.000000,0.211291,0.222239,2573,0,280.40,2963063,2962938,2396,67220,SUCCESS,94034,0,warm20,1860736,18972152,0,29195392,,,,,12468,15640,used,,,,20260917-2319
2026-09-18 00:06:25,HAUSP-UB[noEUCS],C8T1S5I8N5K,82,1,0.000200,0.000,0.008,40936711,40668,6,546,552,3,0,0,2989788,45670,2880524,12492,0.000000,0.211201,0.222191,2542,0,281.86,2952602,2952570,2317,67255,SUCCESS,93628,0,warm20,1866752,19144136,0,29380224,,,,,12492,15636,used,,,,20260917-2319
2026-09-18 00:06:26,HAUSP-UB[noEUCS],C8T1S5I8N5K,83,1,0.000200,0.000,0.008,41313771,41049,6,551,557,3,0,0,2980522,45751,2871081,12474,0.000000,0.211024,0.222031,2517,0,283.36,2943333,2943246,2369,67320,SUCCESS,93756,0,warm20,1928832,19324128,0,29684480,,,,,12474,15685,used,,,,20260917-2319
2026-09-18 00:06:26,HAUSP-UB[noEUCS],C8T1S5I8N5K,84,1,0.000200,0.000,0.008,41724105,41430,6,549,555,3,0,0,2969574,45802,2860560,12472,0.000000,0.210757,0.221740,2489,0,286.11,2932431,2932345,2390,67395,SUCCESS,93389,0,warm20,1959296,19513744,0,29976320,,,,,12472,15625,used,,,,20260917-2319
2026-09-18 00:06:27,HAUSP-UB[noEUCS],C8T1S5I8N5K,85,1,0.000200,0.000,0.008,42092050,41811,6,553,560,3,0,0,2999886,45859,2890551,12467,0.000000,0.210804,0.221767,2440,0,277.81,2962592,2962561,2346,67434,SUCCESS,93577,0,warm20,1922048,19688992,0,30194048,,,,,12467,15758,used,,,,20260917-2319
2026-09-18 00:06:27,HAUSP-UB[noEUCS],C8T1S5I8N5K,86,1,0.000200,0.000,0.008,42492603,42192,6,563,569,3,0,0,3005592,45889,2895957,12525,0.000000,0.210869,0.221854,2494,0,279.78,2968248,2968133,2422,67521,SUCCESS,93834,0,warm20,2001536,19872016,0,30508416,,,,,12523,15799,used,,,,20260917-2319
2026-09-18 00:06:28,HAUSP-UB[noEUCS],C8T1S5I8N5K,87,1,0.000200,0.000,0.008,42875635,42573,6,565,571,3,0,0,2994412,45944,2885458,12530,0.000000,0.210163,0.221238,2433,0,282.66,2957138,2957061,2412,67597,SUCCESS,93256,0,warm20,2039680,20051872,0,30811648,,,,,12529,15697,used,,,,20260917-2319
2026-09-18 00:06:28,HAUSP-UB[noEUCS],C8T1S5I8N5K,88,1,0.000200,0.000,0.008,43248010,42954,6,568,574,3,0,0,2985551,45970,2876681,12600,0.000000,0.210389,0.221482,2454,0,284.26,2948328,2948240,2424,67682,SUCCESS,93274,0,warm20,2052480,20226968,0,31138432,,,,,12600,15596,used,,,,20260917-2319
2026-09-18 00:06:29,HAUSP-UB[noEUCS],C8T1S5I8N5K,89,1,0.000200,0.000,0.008,43639169,43335,6,571,577,3,0,0,2983337,45961,2874944,12637,0.000000,0.209871,0.221014,2455,0,285.68,2946120,2946068,2391,67702,SUCCESS,92896,0,warm20,2124288,20408952,0,31340288,,,,,12636,15496,used,,,,20260917-2319
2026-09-18 00:06:30,HAUSP-UB[noEUCS],C8T1S5I8N5K,90,1,0.000200,0.000,0.008,44031231,43716,6,575,581,3,0,0,2969586,46068,2861397,12585,0.000000,0.210233,0.221352,2453,0,288.30,2932418,2932351,2438,67767,SUCCESS,92654,0,warm20,2123648,20593168,0,31639296,,,,,12584,15534,used,,,,20260917-2319
2026-09-18 00:06:30,HAUSP-UB[noEUCS],C8T1S5I8N5K,91,1,0.000200,0.000,0.008,44399561,44097,6,578,585,3,0,0,2968662,46110,2860455,12598,0.000000,0.210198,0.221256,2431,0,289.65,2931559,2931536,2396,67788,SUCCESS,92760,0,warm20,2103680,20767016,0,31839104,,,,,12597,15446,used,,,,20260917-2319
2026-09-18 00:06:31,HAUSP-UB[noEUCS],C8T1S5I8N5K,92,1,0.000200,0.000,0.008,44778722,44478,6,584,591,3,0,0,2978803,46189,2871216,12544,0.000000,0.209649,0.220797,2415,0,291.23,2941645,2941596,2424,67819,SUCCESS,92028,0,warm20,2196736,20943536,0,32029184,,,,,12544,15559,used,,,,20260917-2319
2026-09-18 00:06:31,HAUSP-UB[noEUCS],C8T1S5I8N5K,93,1,0.000200,0.000,0.008,45161917,44859,6,583,590,3,0,0,2985013,46277,2877979,12553,0.000000,0.208894,0.220093,2417,0,284.67,2947968,2947867,2494,67932,SUCCESS,91531,0,warm20,2164224,21124872,0,32390400,,,,,12553,15503,used,,,,20260917-2319
2026-09-18 00:06:32,HAUSP-UB[noEUCS],C8T1S5I8N5K,94,1,0.000200,0.000,0.008,45536405,45240,6,584,591,3,0,0,2970881,46450,2863959,12490,0.000000,0.209329,0.220525,2509,0,286.26,2933850,2933756,2475,68026,SUCCESS,91373,0,warm20,2174720,21298600,0,32702720,,,,,12490,15549,used,,,,20260917-2319
2026-09-18 00:06:33,HAUSP-UB[noEUCS],C8T1S5I8N5K,95,1,0.000200,0.000,0.008,45914470,45621,6,587,594,3,0,0,2953805,46519,2847561,12452,0.000000,0.209076,0.220347,2472,0,287.54,2916695,2916678,2398,68068,SUCCESS,90641,0,warm20,2143872,21474800,0,32923008,,,,,12452,15603,used,,,,20260917-2319
2026-09-18 00:06:33,HAUSP-UB[noEUCS],C8T1S5I8N5K,96,1,0.000200,0.000,0.008,46296586,46002,6,604,610,3,0,0,2991883,46605,2884420,12435,0.000000,0.209685,0.220815,2565,0,290.23,2954633,2954562,2427,68126,SUCCESS,91675,0,warm20,2177024,21654440,0,33206400,,,,,12434,15787,used,,,,20260917-2319
2026-09-18 00:06:34,HAUSP-UB[noEUCS],C8T1S5I8N5K,97,1,0.000200,0.000,0.008,46658707,46383,6,616,622,3,0,0,3017469,46711,2910007,12378,0.000000,0.209225,0.220258,2642,0,291.82,2980245,2980200,2414,68169,SUCCESS,91652,0,warm20,2182016,21830120,0,33464192,,,,,12377,15809,used,,,,20260917-2319
2026-09-18 00:06:34,HAUSP-UB[noEUCS],C8T1S5I8N5K,98,1,0.000200,0.000,0.008,47041850,46764,6,622,628,3,0,0,3017656,46670,2910516,12464,0.000000,0.209269,0.220384,2654,0,293.18,2980399,2980327,2443,68191,SUCCESS,91381,0,warm20,2294400,22011096,0,33642880,,,,,12463,15758,used,,,,20260917-2319
2026-09-18 00:06:35,HAUSP-UB[noEUCS],C8T1S5I8N5K,99,1,0.000200,0.000,0.008,47416411,47132,6,625,631,3,0,0,3020056,46615,2913251,12578,0.000000,0.208598,0.219840,2623,0,296.06,2982806,2982747,2480,68240,SUCCESS,91130,0,warm20,2318976,22186560,0,33886080,,,,,12577,15674,used,,,,20260917-2319
2026-09-18 00:06:36,HAUSP-UB[noEUCS],C8T1S5I8N5K,0,2,0.000200,0.000,0.200,9488004,9426,24,235,259,7,0,0,4135232,29547,3966466,11828,0.000000,0.242173,0.250249,6078,0,223.63,4150918,4098606,52312,51042,SUCCESS,154905,0,warm20,200064,4438024,0,7045632,,,,,11828,13861,used,,,,20260917-2319
2026-09-18 00:06:36,HAUSP-UB[noEUCS],C8T1S5I8N5K,1,2,0.000200,0.000,0.008,9860151,9807,5,235,241,3,0,0,4238277,30066,4068385,12000,0.000000,0.237694,0.245695,5885,0,225.83,4203383,4202587,2066,51737,SUCCESS,155973,0,warm20,206848,4616680,0,7251328,,,,,11999,13918,used,,,,20260917-2319
2026-09-18 00:06:36,HAUSP-UB[noEUCS],C8T1S5I8N5K,2,2,0.000200,0.000,0.008,10237723,10188,5,244,250,3,0,0,4029071,30542,3865780,12194,0.000000,0.234296,0.242583,6216,0,225.98,3994038,3993454,1955,52280,SUCCESS,149453,0,warm20,215936,4791328,0,7437568,,,,,12194,13838,used,,,,20260917-2319
2026-09-18 00:06:36,HAUSP-UB[noEUCS],C8T1S5I8N5K,3,2,0.000200,0.000,0.008,10611431,10569,5,240,246,3,0,0,3863813,31048,3710247,12189,0.000000,0.228207,0.237033,5716,0,229.11,3828571,3827963,2020,52849,SUCCESS,139556,0,warm20,232960,4970288,0,7630848,,,,,12189,14010,used,,,,20260917-2319
2026-09-18 00:06:37,HAUSP-UB[noEUCS],C8T1S5I8N5K,4,2,0.000200,0.000,0.008,10996455,10950,5,238,244,3,0,0,3692848,31726,3546142,12118,0.000000,0.226352,0.235636,6199,0,230.70,3657461,3656846,2066,53454,SUCCESS,132442,0,warm20,108672,5152304,0,7843712,,,,,12118,14264,used,,,,20260917-2319
2026-09-18 00:06:37,HAUSP-UB[noEUCS],C8T1S5I8N5K,5,2,0.000200,0.000,0.008,11372487,11331,6,257,263,3,0,0,4031736,32155,3878987,12154,0.000000,0.226997,0.235818,7078,0,232.19,3996241,3995824,1878,53903,SUCCESS,138553,0,warm20,230016,5331368,0,8038784,,,,,12154,14196,used,,,,20260917-2319
2026-09-18 00:06:37,HAUSP-UB[noEUCS],C8T1S5I8N5K,6,2,0.000200,0.000,0.008,11749908,11712,5,265,271,3,0,0,3931379,32735,3779356,12153,0.000000,0.230945,0.239687,7173,0,233.50,3896031,3895498,1962,54412,SUCCESS,137842,0,warm20,118400,5510536,0,8259712,,,,,12152,14180,used,,,,20260917-2319
2026-09-18 00:06:38,HAUSP-UB[noEUCS],C8T1S5I8N5K,7,2,0.000200,0.000,0.008,12139444,12093,6,271,277,3,0,0,3869198,33167,3720909,12054,0.000000,0.228051,0.236880,7539,0,234.85,3833663,3833289,1827,54761,SUCCESS,133997,0,warm20,142080,5694592,0,8439808,,,,,12052,14290,used,,,,20260917-2319
2026-09-18 00:06:38,HAUSP-UB[noEUCS],C8T1S5I8N5K,8,2,0.000200,0.000,0.008,12513100,12474,5,291,297,3,0,0,4065851,33476,3918592,12090,0.000000,0.227405,0.236281,7536,0,236.17,4030293,4029840,1931,55144,SUCCESS,132983,0,warm20,141056,5871024,0,8609408,,,,,12087,14273,used,,,,20260917-2319
2026-09-18 00:06:38,HAUSP-UB[noEUCS],C8T1S5I8N5K,9,2,0.000200,0.000,0.008,12914001,12855,6,287,293,3,0,0,3981895,33873,3836745,12270,0.000000,0.226841,0.235753,6698,0,237.70,3946289,3945849,1988,55601,SUCCESS,130815,0,warm20,140672,6056504,0,8820864,,,,,12270,14335,used,,,,20260917-2319
2026-09-18 00:06:38,HAUSP-UB[noEUCS],C8T1S5I8N5K,10,2,0.000200,0.000,0.008,13304270,13236,6,291,297,3,0,0,3810136,34215,3668212,12124,0.000000,0.229829,0.238994,6519,0,229.91,3774406,3774014,1923,55958,SUCCESS,127580,0,warm20,313344,6242496,0,9015552,,,,,12124,14344,used,,,,20260917-2319
2026-09-18 00:06:39,HAUSP-UB[noEUCS],C8T1S5I8N5K,11,2,0.000200,0.000,0.008,13705969,13617,6,286,292,3,0,0,3706511,34549,3568748,12052,0.000000,0.227651,0.237033,6098,0,231.49,3670630,3670273,1923,56307,SUCCESS,123291,0,warm20,286720,6431344,0,9272320,,,,,12052,14472,used,,,,20260917-2319
2026-09-18 00:06:39,HAUSP-UB[noEUCS],C8T1S5I8N5K,12,2,0.000200,0.000,0.008,14085202,13998,6,290,296,3,0,0,3679228,35043,3541356,11981,0.000000,0.228259,0.237578,5789,0,233.28,3643414,3642980,2008,56710,SUCCESS,123321,0,warm20,294912,6610048,0,9533056,,,,,11980,14550,used,,,,20260917-2319
2026-09-18 00:06:39,HAUSP-UB[noEUCS],C8T1S5I8N5K,13,2,0.000200,0.000,0.008,14447935,14379,6,293,299,3,0,0,3685464,35396,3548491,12054,0.000000,0.227442,0.236867,5569,0,235.18,3649547,3649211,1941,57036,SUCCESS,122370,0,warm20,286976,6779672,0,9796608,,,,,12054,14603,used,,,,20260917-2319
2026-09-18 00:06:40,HAUSP-UB[noEUCS],C8T1S5I8N5K,14,2,0.000200,0.000,0.008,14856178,14760,6,302,308,3,0,0,3696180,35645,3561240,12053,0.000000,0.224810,0.234280,5314,0,236.88,3660186,3659910,1891,57286,SUCCESS,120337,0,warm20,325248,6962536,0,10048384,,,,,12053,14603,used,,,,20260917-2319
2026-09-18 00:06:40,HAUSP-UB[noEUCS],C8T1S5I8N5K,15,2,0.000200,0.000,0.008,15234958,15141,6,315,321,3,0,0,3730429,36097,3593735,12023,0.000000,0.228336,0.237667,5756,0,239.06,3694481,3694086,2036,57648,SUCCESS,121935,0,warm20,217088,7143304,0,10322176,,,,,12023,14759,used,,,,20260917-2319
2026-09-18 00:06:40,HAUSP-UB[noEUCS],C8T1S5I8N5K,16,2,0.000200,0.000,0.008,15636723,15522,6,315,321,3,0,0,3653303,36330,3519595,12122,0.000000,0.224973,0.234530,5143,0,241.10,3617201,3616863,2012,57975,SUCCESS,118924,0,warm20,338944,7330032,0,10595200,,,,,12122,14784,used,,,,20260917-2319
2026-09-18 00:06:41,HAUSP-UB[noEUCS],C8T1S5I8N5K,17,2,0.000200,0.000,0.008,16000443,15903,6,314,320,3,0,0,3583690,36591,3452040,12143,0.000000,0.222113,0.231761,4767,0,242.40,3547650,3547332,2003,58297,SUCCESS,116994,0,warm20,334592,7502104,0,10866432,,,,,12143,14656,used,,,,20260917-2319
2026-09-18 00:06:41,HAUSP-UB[noEUCS],C8T1S5I8N5K,18,2,0.000200,0.000,0.008,16375616,16284,6,321,327,3,0,0,3554504,36998,3425335,12206,0.000000,0.219963,0.229840,5395,0,244.69,3518388,3518009,2060,58646,SUCCESS,114352,0,warm20,334336,7678528,0,11153152,,,,,12206,14817,used,,,,20260917-2319
2026-09-18 00:06:41,HAUSP-UB[noEUCS],C8T1S5I8N5K,19,2,0.000200,0.000,0.008,16735590,16665,6,322,328,3,0,0,3519575,37220,3392441,12254,0.000000,0.218389,0.228384,5318,0,235.40,3483402,3483121,1992,58906,SUCCESS,112387,0,warm20,352640,7852280,0,11414016,,,,,12254,14747,used,,,,20260917-2319
2026-09-18 00:06:42,HAUSP-UB[noEUCS],C8T1S5I8N5K,20,2,0.000200,0.000,0.008,17118254,17046,6,324,330,3,0,0,3510078,37451,3382788,12522,0.000000,0.220286,0.230274,5734,0,236.88,3473957,3473673,2016,59174,SUCCESS,112623,0,warm20,332928,8034448,0,11680640,,,,,12521,14666,used,,,,20260917-2319
2026-09-18 00:06:42,HAUSP-UB[noEUCS],C8T1S5I8N5K,21,2,0.000200,0.000,0.008,17469048,17427,6,324,330,3,0,0,3454964,37715,3328486,12413,0.000000,0.222891,0.232932,5511,0,239.15,3418710,3418413,2045,59428,SUCCESS,111683,0,warm20,358272,8202384,0,11938688,,,,,12413,14795,used,,,,20260917-2319
2026-09-18 00:06:42,HAUSP-UB[noEUCS],C8T1S5I8N5K,22,2,0.000200,0.000,0.008,17881746,17808,6,331,337,3,0,0,3460175,37908,3332854,12508,0.000000,0.228365,0.238386,5461,0,240.95,3424006,3423705,2092,59702,SUCCESS,112672,0,warm20,383616,8384976,0,12227328,,,,,12508,14649,used,,,,20260917-2319
2026-09-18 00:06:43,HAUSP-UB[noEUCS],C8T1S5I8N5K,23,2,0.000200,0.000,0.008,18263626,18189,6,331,337,3,0,0,3402465,38130,3275743,12394,0.000000,0.229088,0.239106,5224,0,242.53,3366076,3365955,1939,59827,SUCCESS,111905,0,warm20,331904,8557624,0,12460800,,,,,12394,14817,used,,,,20260917-2319
2026-09-18 00:06:43,HAUSP-UB[noEUCS],C8T1S5I8N5K,24,2,0.000200,0.000,0.008,18655152,18570,6,330,336,3,0,0,3374361,38373,3248904,12428,0.000000,0.227745,0.237800,4981,0,244.86,3337924,3337741,1997,60028,SUCCESS,110474,0,warm20,403840,8733008,0,12736768,,,,,12428,14983,used,,,,20260917-2319
2026-09-18 00:06:43,HAUSP-UB[noEUCS],C8T1S5I8N5K,25,2,0.000200,0.000,0.008,19051938,18951,6,332,338,3,0,0,3327884,38529,3202245,12513,0.000000,0.225574,0.235704,4605,0,246.56,3291385,3291194,1987,60226,SUCCESS,110639,0,warm20,396544,8910224,0,12995456,,,,,12513,15000,used,,,,20260917-2319
2026-09-18 00:06:44,HAUSP-UB[noEUCS],C8T1S5I8N5K,26,2,0.000200,0.000,0.008,19436370,19332,6,331,337,3,0,0,3257115,38758,3133660,12570,0.000000,0.223293,0.233507,4468,0,248.62,3220592,3220322,2059,60491,SUCCESS,108399,0,warm20,399744,9094552,0,13310080,,,,,12569,15055,used,,,,20260917-2319
2026-09-18 00:06:44,HAUSP-UB[noEUCS],C8T1S5I8N5K,27,2,0.000200,0.000,0.008,19820960,19713,6,338,344,3,0,0,3316069,39076,3192335,12550,0.000000,0.224955,0.235071,4548,0,240.59,3279537,3279235,2096,60769,SUCCESS,108617,0,warm20,398336,9273992,0,13604864,,,,,12550,15117,used,,,,20260917-2319
2026-09-18 00:06:44,HAUSP-UB[noEUCS],C8T1S5I8N5K,28,2,0.000200,0.000,0.008,20208065,20094,6,342,348,3,0,0,3244010,39397,3120946,12538,0.000000,0.224781,0.234915,4279,0,242.30,3207337,3207096,2059,61013,SUCCESS,107763,0,warm20,404352,9457880,0,13910528,,,,,12538,15301,used,,,,20260917-2319
2026-09-18 00:06:45,HAUSP-UB[noEUCS],C8T1S5I8N5K,29,2,0.000200,0.000,0.008,20583629,20475,6,338,344,3,0,0,3235373,39508,3113598,12591,0.000000,0.224008,0.234209,4125,0,244.03,3198614,3198430,1999,61192,SUCCESS,106520,0,warm20,406272,9635984,0,14189440,,,,,12590,15254,used,,,,20260917-2319
2026-09-18 00:06:45,HAUSP-UB[noEUCS],C8T1S5I8N5K,30,2,0.000200,0.000,0.008,20987544,20856,6,346,353,3,0,0,3198504,39644,3075846,12740,0.000000,0.221898,0.232059,3897,0,246.51,3161777,3161545,2052,61432,SUCCESS,107479,0,warm20,407424,9820144,0,14475904,,,,,12740,15179,used,,,,20260917-2319
2026-09-18 00:06:45,HAUSP-UB[noEUCS],C8T1S5I8N5K,31,2,0.000200,0.000,0.008,21379313,21237,6,346,352,3,0,0,3209078,39803,3087657,12702,0.000000,0.220605,0.230855,3722,0,249.29,3172392,3172206,1998,61610,SUCCESS,106363,0,warm20,420096,10003040,0,14778112,,,,,12701,15057,used,,,,20260917-2319
2026-09-18 00:06:46,HAUSP-UB[noEUCS],C8T1S5I8N5K,32,2,0.000200,0.000,0.008,21757529,21618,6,362,368,3,0,0,3260715,39943,3138828,12693,0.000000,0.218784,0.228947,3513,0,250.57,3223936,3223785,1971,61749,SUCCESS,106775,0,warm20,417920,10179608,0,15030400,,,,,12693,15112,used,,,,20260917-2319
2026-09-18 00:06:46,HAUSP-UB[noEUCS],C8T1S5I8N5K,33,2,0.000200,0.000,0.008,22150766,21999,6,359,365,3,0,0,3235803,40134,3115248,12563,0.000000,0.218528,0.228795,3756,0,253.28,3198893,3198712,2013,61907,SUCCESS,105260,0,warm20,466816,10365392,0,15321984,,,,,12563,15295,used,,,,20260917-2319
2026-09-18 00:06:47,HAUSP-UB[noEUCS],C8T1S5I8N5K,34,2,0.000200,0.000,0.008,22536242,22380,6,368,374,3,0,0,3209902,40324,3089817,12561,0.000000,0.219347,0.229735,3759,0,254.57,3173075,3172935,1995,62067,SUCCESS,104841,0,warm20,446336,10544048,0,15605888,,,,,12561,15244,used,,,,20260917-2319
2026-09-18 00:06:47,HAUSP-UB[noEUCS],C8T1S5I8N5K,35,2,0.000200,0.000,0.008,22907858,22761,6,374,381,3,0,0,3220821,40405,3100350,12663,0.000000,0.222034,0.232331,3731,0,248.01,3183989,3183833,1991,62216,SUCCESS,105301,0,warm20,452608,10720248,0,15865472,,,,,12663,15170,used,,,,20260917-2319
2026-09-18 00:06:47,HAUSP-UB[noEUCS],C8T1S5I8N5K,36,2,0.000200,0.000,0.008,23319188,23142,6,376,382,3,0,0,3180936,40715,3060746,12526,0.000000,0.220605,0.230810,3641,0,250.76,3144046,3143878,2010,62410,SUCCESS,104799,0,warm20,477568,10905168,0,16167936,,,,,12524,15389,used,,,,20260917-2319
2026-09-18 00:06:48,HAUSP-UB[noEUCS],C8T1S5I8N5K,37,2,0.000200,0.000,0.008,23697328,23523,6,374,380,3,0,0,3160734,40903,3041812,12488,0.000000,0.219321,0.229604,3515,0,252.63,3123781,3123602,1995,62569,SUCCESS,103472,0,warm20,516224,11081720,0,16461824,,,,,12484,15446,used,,,,20260917-2319
2026-09-18 00:06:48,HAUSP-UB[noEUCS],C8T1S5I8N5K,38,2,0.000200,0.000,0.008,24099127,23904,6,378,384,3,0,0,3154470,41080,3036599,12534,0.000000,0.217495,0.227830,3290,0,254.52,3117436,3117180,2092,62797,SUCCESS,102325,0,warm20,473344,11267296,0,16806912,,,,,12533,15545,used,,,,20260917-2319
2026-09-18 00:06:48,HAUSP-UB[noEUCS],C8T1S5I8N5K,39,2,0.000200,0.000,0.008,24493119,24285,6,374,381,3,0,0,3129739,41284,3013112,12521,0.000000,0.214491,0.224964,3105,0,257.07,3092547,3092373,2038,62974,SUCCESS,100947,0,warm20,478208,11457416,0,17117184,,,,,12520,15679,used,,,,20260917-2319
2026-09-18 00:06:49,HAUSP-UB[noEUCS],C8T1S5I8N5K,40,2,0.000200,0.000,0.008,24862259,24666,6,378,385,3,0,0,3140406,41495,3024049,12513,0.000000,0.214409,0.224859,2983,0,258.44,3103255,3103041,2075,63177,SUCCESS,100684,0,warm20,461568,11634008,0,17423744,,,,,12512,15672,used,,,,20260917-2319
2026-09-18 00:06:49,HAUSP-UB[noEUCS],C8T1S5I8N5K,41,2,0.000200,0.000,0.008,25263088,25047,6,382,388,3,0,0,3130591,41648,3014341,12547,0.000000,0.214071,0.224502,2907,0,260.04,3093399,3093241,2030,63275,SUCCESS,100585,0,warm20,533120,11818016,0,17639424,,,,,12545,15663,used,,,,20260917-2319
2026-09-18 00:06:50,HAUSP-UB[noEUCS],C8T1S5I8N5K,42,2,0.000200,0.000,0.008,25651287,25428,6,391,397,3,0,0,3143944,41812,3027899,12555,0.000000,0.213396,0.223866,2802,0,262.36,3106833,3106674,2091,63431,SUCCESS,100393,0,warm20,580096,12003160,0,17947008,,,,,12551,15648,used,,,,20260917-2319
2026-09-18 00:06:50,HAUSP-UB[noEUCS],C8T1S5I8N5K,43,2,0.000200,0.000,0.008,26044850,25809,6,401,408,3,0,0,3189828,41872,3073513,12582,0.000000,0.212591,0.223133,2898,0,253.90,3152714,3152533,2116,63605,SUCCESS,100758,0,warm20,591744,12184952,0,18259584,,,,,12580,15555,used,,,,20260917-2319
2026-09-18 00:06:50,HAUSP-UB[noEUCS],C8T1S5I8N5K,44,2,0.000200,0.000,0.008,26430934,26190,6,411,418,3,0,0,3207988,42017,3091146,12636,0.000000,0.213280,0.223727,2699,0,255.54,3170872,3170699,2115,63728,SUCCESS,101313,0,warm20,661760,12366000,0,18542080,,,,,12635,15528,used,,,,20260917-2319
2026-09-18 00:06:51,HAUSP-UB[noEUCS],C8T1S5I8N5K,45,2,0.000200,0.000,0.008,26846010,26571,6,412,418,3,0,0,3217485,42143,3100668,12645,0.000000,0.212106,0.222664,2737,0,257.87,3180367,3180203,2156,63890,SUCCESS,101284,0,warm20,681216,12558336,0,18824832,,,,,12645,15533,used,,,,20260917-2319
2026-09-18 00:06:51,HAUSP-UB[noEUCS],C8T1S5I8N5K,46,2,0.000200,0.000,0.008,27199497,26952,6,425,431,3,0,0,3248264,42374,3130912,12509,0.000000,0.212747,0.223209,2876,0,259.67,3211138,3210966,2166,64016,SUCCESS,101741,0,warm20,790784,12726712,0,19073152,,,,,12508,15610,used,,,,20260917-2319
2026-09-18 00:06:52,HAUSP-UB[noEUCS],C8T1S5I8N5K,47,2,0.000200,0.000,0.008,27577144,27333,6,430,436,3,0,0,3234506,42543,3117450,12430,0.000000,0.212067,0.222457,2903,0,260.95,3197355,3197262,2133,64116,SUCCESS,101377,0,warm20,776320,12902944,0,19294720,,,,,12429,15678,used,,,,20260917-2319
2026-09-18 00:06:52,HAUSP-UB[noEUCS],C8T1S5I8N5K,48,2,0.000200,0.000,0.008,27971205,27714,6,441,448,3,0,0,3251395,42713,3133777,12421,0.000000,0.212876,0.223197,2983,0,263.21,3214321,3214224,2130,64227,SUCCESS,101946,0,warm20,798080,13085784,0,19554304,,,,,12420,15671,used,,,,20260917-2319
2026-09-18 00:06:53,HAUSP-UB[noEUCS],C8T1S5I8N5K,49,2,0.000200,0.000,0.008,28365395,28095,6,446,452,3,0,0,3295566,42855,3178308,12289,0.000000,0.213413,0.223660,3165,0,264.63,3258512,3258395,2136,64339,SUCCESS,101576,0,warm20,815872,13266976,0,19816064,,,,,12289,15682,used,,,,20260917-2319
2026-09-18 00:06:53,HAUSP-UB[noEUCS],C8T1S5I8N5K,50,2,0.000200,0.000,0.008,28747485,28476,6,451,457,3,0,0,3269638,42932,3152900,12295,0.000000,0.212933,0.223196,3190,0,266.13,3232697,3232555,2166,64450,SUCCESS,101203,0,warm20,847104,13442904,0,20052992,,,,,12294,15534,used,,,,20260917-2319
2026-09-18 00:06:54,HAUSP-UB[noEUCS],C8T1S5I8N5K,51,2,0.000200,0.000,0.008,29148083,28857,6,452,458,3,0,0,3276141,43118,3159643,12243,0.000000,0.213435,0.223669,3606,0,268.22,3239209,3239091,2173,64555,SUCCESS,100897,0,warm20,752512,13626504,0,20310784,,,,,12242,15600,used,,,,20260917-2319
2026-09-18 00:06:54,HAUSP-UB[noEUCS],C8T1S5I8N5K,52,2,0.000200,0.000,0.008,29537266,29238,6,454,460,3,0,0,3217882,43208,3102134,12291,0.000000,0.213141,0.223477,3512,0,255.88,3180898,3180773,2193,64675,SUCCESS,100111,0,warm20,891776,13809528,0,20572160,,,,,12291,15637,used,,,,20260917-2319
2026-09-18 00:06:54,HAUSP-UB[noEUCS],C8T1S5I8N5K,53,2,0.000200,0.000,0.008,29904777,29619,6,456,462,3,0,0,3205423,43291,3089570,12296,0.000000,0.212980,0.223329,3392,0,257.48,3168431,3168332,2172,64767,SUCCESS,100245,0,warm20,912384,13984192,0,20805504,,,,,12296,15608,used,,,,20260917-2319
2026-09-18 00:06:55,HAUSP-UB[noEUCS],C8T1S5I8N5K,54,2,0.000200,0.000,0.008,30290428,30000,6,456,462,3,0,0,3165100,43343,3049928,12365,0.000000,0.212314,0.222760,3265,0,259.68,3128011,3127931,2160,64847,SUCCESS,99507,0,warm20,928640,14162592,0,21018752,,,,,12365,15665,used,,,,20260917-2319
2026-09-18 00:06:55,HAUSP-UB[noEUCS],C8T1S5I8N5K,55,2,0.000200,0.000,0.008,30681887,30381,6,458,464,3,0,0,3161829,43445,3047307,12322,0.000000,0.211161,0.221694,3173,0,261.24,3124731,3124639,2172,64932,SUCCESS,98825,0,warm20,935680,14345144,0,21268352,,,,,12321,15696,used,,,,20260917-2319
2026-09-18 00:06:56,HAUSP-UB[noEUCS],C8T1S5I8N5K,56,2,0.000200,0.000,0.008,31050362,30762,6,463,469,3,0,0,3149171,43445,3035338,12393,0.000000,0.211427,0.222059,3135,0,262.75,3112137,3112090,2134,64986,SUCCESS,98283,0,warm20,964992,14522312,0,21479808,,,,,12390,15547,used,,,,20260917-2319
2026-09-18 00:06:56,HAUSP-UB[noEUCS],C8T1S5I8N5K,57,2,0.000200,0.000,0.008,31395739,31143,6,458,465,3,0,0,3113211,43546,3000247,12410,0.000000,0.211153,0.221878,3035,0,264.98,3076189,3076100,2169,65101,SUCCESS,97379,0,warm20,923520,14690024,0,21764224,,,,,12407,15582,used,,,,20260917-2319
2026-09-18 00:06:57,HAUSP-UB[noEUCS],C8T1S5I8N5K,58,2,0.000200,0.000,0.008,31769352,31524,6,454,461,3,0,0,3070525,43605,2958328,12440,0.000000,0.211462,0.222296,3041,0,266.75,3033455,3033318,2191,65215,SUCCESS,96620,0,warm20,1049728,14868712,0,22050560,,,,,12437,15574,used,,,,20260917-2319
2026-09-18 00:06:57,HAUSP-UB[noEUCS],C8T1S5I8N5K,59,2,0.000200,0.000,0.008,32142537,31905,6,460,466,3,0,0,3079670,43784,2967311,12409,0.000000,0.211189,0.221922,2920,0,268.42,3042646,3042513,2210,65347,SUCCESS,96766,0,warm20,1091840,15041744,0,22402688,,,,,12409,15593,used,,,,20260917-2319
2026-09-18 00:06:58,HAUSP-UB[noEUCS],C8T1S5I8N5K,60,2,0.000200,0.000,0.008,32547440,32286,6,470,477,3,0,0,3106561,43917,2993476,12380,0.000000,0.211550,0.222243,3068,0,261.79,3069519,3069377,2220,65446,SUCCESS,97473,0,warm20,1187072,15227744,0,22716160,,,,,12380,15612,used,,,,20260917-2319
2026-09-18 00:06:58,HAUSP-UB[noEUCS],C8T1S5I8N5K,61,2,0.000200,0.000,0.008,32944229,32667,6,472,478,3,0,0,3085600,44012,2971787,12410,0.000000,0.212097,0.222741,3028,0,263.47,3048534,3048437,2218,65531,SUCCESS,98180,0,warm20,1286528,15409824,0,23007104,,,,,12409,15632,used,,,,20260917-2319
2026-09-18 00:06:59,HAUSP-UB[noEUCS],C8T1S5I8N5K,62,2,0.000200,0.000,0.008,33334519,33048,6,475,481,3,0,0,3067182,44197,2953691,12381,0.000000,0.212632,0.223203,2938,0,265.14,3030153,3030015,2271,65674,SUCCESS,97796,0,warm20,1277184,15588424,0,23411584,,,,,12381,15695,used,,,,20260917-2319
2026-09-18 00:06:59,HAUSP-UB[noEUCS],C8T1S5I8N5K,63,2,0.000200,0.000,0.008,33719823,33429,6,481,487,3,0,0,3076751,44266,2963359,12415,0.000000,0.213911,0.224509,2956,0,267.80,3039602,3039458,2272,65779,SUCCESS,97650,0,warm20,1331712,15769704,0,23734400,,,,,12414,15741,used,,,,20260917-2319
2026-09-18 00:07:00,HAUSP-UB[noEUCS],C8T1S5I8N5K,64,2,0.000200,0.000,0.008,34102327,33810,6,484,490,3,0,0,3045551,44337,2932885,12457,0.000000,0.213892,0.224617,2871,0,269.60,3008459,3008338,2288,65908,SUCCESS,97014,0,warm20,1346176,15945360,0,24099200,,,,,12455,15650,used,,,,20260917-2319
2026-09-18 00:07:00,HAUSP-UB[noEUCS],C8T1S5I8N5K,65,2,0.000200,0.000,0.008,34478988,34191,6,484,491,3,0,0,3020455,44406,2907871,12533,0.000000,0.213492,0.224165,2791,0,271.28,2983350,2983239,2270,66026,SUCCESS,96980,0,warm20,1364736,16120112,0,24472960,,,,,12532,15603,used,,,,20260917-2319
2026-09-18 00:07:01,HAUSP-UB[noEUCS],C8T1S5I8N5K,66,2,0.000200,0.000,0.008,34853481,34572,6,485,492,3,0,0,2984673,44546,2872776,12484,0.000000,0.213365,0.224144,2698,0,273.91,2947493,2947359,2286,66152,SUCCESS,96195,0,warm20,1392128,16293720,0,24843648,,,,,12482,15700,used,,,,20260917-2319
2026-09-18 00:07:01,HAUSP-UB[noEUCS],C8T1S5I8N5K,67,2,0.000200,0.000,0.008,35248065,34953,6,485,492,3,0,0,2987387,44587,2876277,12547,0.000000,0.212370,0.223207,2620,0,275.75,2950257,2950140,2277,66264,SUCCESS,95545,0,warm20,1389184,16480968,0,25228288,,,,,12547,15565,used,,,,20260917-2319
2026-09-18 00:07:02,HAUSP-UB[noEUCS],C8T1S5I8N5K,68,2,0.000200,0.000,0.008,35624384,35334,6,486,493,3,0,0,2960166,44766,2849407,12462,0.000000,0.212264,0.223040,2554,0,276.80,2923075,2922968,2272,66366,SUCCESS,95166,0,warm20,1248896,16656912,0,25568256,,,,,12462,15593,used,,,,20260917-2319
2026-09-18 00:07:02,HAUSP-UB[noEUCS],C8T1S5I8N5K,69,2,0.000200,0.000,0.008,36012101,35715,6,484,491,3,0,0,2931210,44781,2821613,12518,0.000000,0.211520,0.222520,2554,0,271.06,2894075,2893984,2261,66424,SUCCESS,94047,0,warm20,1432832,16835560,0,25837056,,,,,12518,15550,used,,,,20260917-2319
2026-09-18 00:07:03,HAUSP-UB[noEUCS],C8T1S5I8N5K,70,2,0.000200,0.000,0.008,36401810,36096,6,493,499,3,0,0,2988024,44877,2878514,12511,0.000000,0.211477,0.222413,2518,0,272.88,2950906,2950803,2306,66504,SUCCESS,93938,0,warm20,1607680,17022000,0,26104448,,,,,12510,15571,used,,,,20260917-2319
2026-09-18 00:07:03,HAUSP-UB[noEUCS],C8T1S5I8N5K,71,2,0.000200,0.000,0.008,36794486,36477,6,493,499,3,0,0,2969790,44968,2860514,12540,0.000000,0.212023,0.222970,2563,0,274.29,2932664,2932580,2310,66586,SUCCESS,93685,0,warm20,1530368,17201944,0,26432256,,,,,12539,15590,used,,,,20260917-2319
2026-09-18 00:07:04,HAUSP-UB[noEUCS],C8T1S5I8N5K,72,2,0.000200,0.000,0.008,37175538,36858,6,497,503,3,0,0,2975361,45091,2866447,12476,0.000000,0.211696,0.222637,2519,0,277.23,2938218,2938124,2322,66669,SUCCESS,93257,0,warm20,1657088,17383024,0,26750080,,,,,12467,15648,used,,,,20260917-2319
2026-09-18 00:07:04,HAUSP-UB[noEUCS],C8T1S5I8N5K,73,2,0.000200,0.000,0.008,37548260,37239,6,505,512,3,0,0,3000273,45147,2891287,12487,0.000000,0.211194,0.222121,2480,0,278.51,2963128,2963078,2289,66711,SUCCESS,93356,0,warm20,1684352,17558000,0,26978944,,,,,12480,15623,used,,,,20260917-2319
2026-09-18 00:07:05,HAUSP-UB[noEUCS],C8T1S5I8N5K,74,2,0.000200,0.000,0.008,37929393,37620,6,508,514,3,0,0,2974123,45144,2865133,12530,0.000000,0.210855,0.221895,2451,0,280.11,2937055,2936972,2330,66770,SUCCESS,93489,0,warm20,1754368,17738408,0,27270144,,,,,12530,15501,used,,,,20260917-2319
2026-09-18 00:07:05,HAUSP-UB[noEUCS],C8T1S5I8N5K,75,2,0.000200,0.000,0.008,38316091,38001,6,515,522,3,0,0,3000441,45217,2891055,12553,0.000000,0.211162,0.222128,2489,0,282.79,2963363,2963273,2361,66853,SUCCESS,93859,0,warm20,1771904,17918352,0,27588992,,,,,12551,15525,used,,,,20260917-2319
2026-09-18 00:07:06,HAUSP-UB[noEUCS],C8T1S5I8N5K,76,2,0.000200,0.000,0.008,38678955,38382,6,517,523,3,0,0,3017846,45268,2908683,12527,0.000000,0.210614,0.221586,2455,0,270.99,2980735,2980694,2319,66900,SUCCESS,93633,0,warm20,1683328,18092024,0,27832320,,,,,12523,15526,used,,,,20260917-2319
2026-09-18 00:07:06,HAUSP-UB[noEUCS],C8T1S5I8N5K,77,2,0.000200,0.000,0.008,39054361,38763,6,512,519,3,0,0,2992386,45493,2883372,12390,0.000000,0.210584,0.221565,2481,0,272.52,2955313,2955241,2344,67000,SUCCESS,93343,0,warm20,1704448,18267152,0,28213376,,,,,12385,15666,used,,,,20260917-2319
2026-09-18 00:07:07,HAUSP-UB[noEUCS],C8T1S5I8N5K,78,2,0.000200,0.000,0.008,39410937,39144,6,519,526,3,0,0,2997148,45462,2888146,12522,0.000000,0.211544,0.222635,2527,0,275.19,2959970,2959929,2285,67045,SUCCESS,93359,0,warm20,1731456,18436952,0,28452352,,,,,12519,15640,used,,,,20260917-2319
2026-09-18 00:07:07,HAUSP-UB[noEUCS],C8T1S5I8N5K,79,2,0.000200,0.000,0.008,39780553,39525,6,534,541,3,0,0,3019130,45485,2909431,12514,0.000000,0.211345,0.222291,2581,0,276.55,2981975,2981927,2288,67071,SUCCESS,94102,0,warm20,1787520,18611128,0,28627328,,,,,12512,15595,used,,,,20260917-2319
2026-09-18 00:07:08,HAUSP-UB[noEUCS],C8T1S5I8N5K,80,2,0.000200,0.000,0.008,40168805,39906,6,538,544,3,0,0,3023848,45554,2914284,12515,0.000000,0.211643,0.222577,2552,0,277.98,2986697,2986650,2309,67109,SUCCESS,93929,0,warm20,1823232,18788544,0,28824064,,,,,12514,15634,used,,,,20260917-2319
2026-09-18 00:07:08,HAUSP-UB[noEUCS],C8T1S5I8N5K,81,2,0.000200,0.000,0.008,40553020,40287,6,542,549,3,0,0,3000141,45671,2890466,12469,0.000000,0.211291,0.222239,2573,0,280.79,2963063,2962938,2396,67220,SUCCESS,94034,0,warm20,1860736,18972152,0,29195392,,,,,12468,15640,used,,,,20260917-2319
2026-09-18 00:07:09,HAUSP-UB[noEUCS],C8T1S5I8N5K,82,2,0.000200,0.000,0.008,40936711,40668,6,545,551,3,0,0,2989788,45670,2880524,12492,0.000000,0.211201,0.222191,2542,0,282.25,2952602,2952570,2317,67255,SUCCESS,93628,0,warm20,1866752,19144136,0,29380224,,,,,12492,15636,used,,,,20260917-2319
2026-09-18 00:07:10,HAUSP-UB[noEUCS],C8T1S5I8N5K,83,2,0.000200,0.000,0.008,41313771,41049,6,549,556,3,0,0,2980522,45751,2871081,12474,0.000000,0.211024,0.222031,2517,0,283.75,2943333,2943246,2369,67320,SUCCESS,93756,0,warm20,1928832,19324128,0,29684480,,,,,12474,15685,used,,,,20260917-2319
2026-09-18 00:07:10,HAUSP-UB[noEUCS],C8T1S5I8N5K,84,2,0.000200,0.000,0.008,41724105,41430,6,548,555,3,0,0,2969574,45802,2860560,12472,0.000000,0.210757,0.221740,2489,0,286.51,2932431,2932345,2390,67395,SUCCESS,93389,0,warm20,1959296,19513744,0,29976320,,,,,12472,15625,used,,,,20260917-2319
2026-09-18 00:07:11,HAUSP-UB[noEUCS],C8T1S5I8N5K,85,2,0.000200,0.000,0.008,42092050,41811,6,553,560,3,0,0,2999886,45859,2890551,12467,0.000000,0.210804,0.221767,2440,0,278.44,2962592,2962561,2346,67434,SUCCESS,93577,0,warm20,1922048,19688992,0,30194048,,,,,12467,15758,used,,,,20260917-2319
2026-09-18 00:07:11,HAUSP-UB[noEUCS],C8T1S5I8N5K,86,2,0.000200,0.000,0.008,42492603,42192,6,561,568,3,0,0,3005592,45889,2895957,12525,0.000000,0.210869,0.221854,2494,0,280.40,2968248,2968133,2422,67521,SUCCESS,93834,0,warm20,2001536,19872016,0,30508416,,,,,12523,15799,used,,,,20260917-2319
2026-09-18 00:07:12,HAUSP-UB[noEUCS],C8T1S5I8N5K,87,2,0.000200,0.000,0.008,42875635,42573,6,564,570,3,0,0,2994412,45944,2885458,12530,0.000000,0.210163,0.221238,2433,0,283.29,2957138,2957061,2412,67597,SUCCESS,93256,0,warm20,2039680,20051872,0,30811648,,,,,12529,15697,used,,,,20260917-2319
2026-09-18 00:07:12,HAUSP-UB[noEUCS],C8T1S5I8N5K,88,2,0.000200,0.000,0.008,43248010,42954,6,567,573,3,0,0,2985551,45970,2876681,12600,0.000000,0.210389,0.221482,2454,0,284.89,2948328,2948240,2424,67682,SUCCESS,93274,0,warm20,2052480,20226968,0,31138432,,,,,12600,15596,used,,,,20260917-2319
2026-09-18 00:07:13,HAUSP-UB[noEUCS],C8T1S5I8N5K,89,2,0.000200,0.000,0.008,43639169,43335,6,570,576,3,0,0,2983337,45961,2874944,12637,0.000000,0.209871,0.221014,2455,0,286.31,2946120,2946068,2391,67702,SUCCESS,92896,0,warm20,2124288,20408952,0,31340288,,,,,12636,15496,used,,,,20260917-2319
2026-09-18 00:07:14,HAUSP-UB[noEUCS],C8T1S5I8N5K,90,2,0.000200,0.000,0.008,44031231,43716,6,573,580,3,0,0,2969586,46068,2861397,12585,0.000000,0.210233,0.221352,2453,0,288.93,2932418,2932351,2438,67767,SUCCESS,92654,0,warm20,2123648,20593168,0,31639296,,,,,12584,15534,used,,,,20260917-2319
2026-09-18 00:07:14,HAUSP-UB[noEUCS],C8T1S5I8N5K,91,2,0.000200,0.000,0.008,44399561,44097,6,577,583,3,0,0,2968662,46110,2860455,12598,0.000000,0.210198,0.221256,2431,0,290.53,2931559,2931536,2396,67788,SUCCESS,92760,0,warm20,2153984,20767016,0,31839104,,,,,12597,15446,used,,,,20260917-2319
2026-09-18 00:07:15,HAUSP-UB[noEUCS],C8T1S5I8N5K,92,2,0.000200,0.000,0.008,44778722,44478,6,583,589,3,0,0,2978803,46189,2871216,12544,0.000000,0.209649,0.220797,2415,0,291.82,2941645,2941596,2424,67819,SUCCESS,92028,0,warm20,2196736,20943536,0,32029184,,,,,12544,15559,used,,,,20260917-2319
2026-09-18 00:07:15,HAUSP-UB[noEUCS],C8T1S5I8N5K,93,2,0.000200,0.000,0.008,45161917,44859,6,580,587,3,0,0,2985013,46277,2877979,12553,0.000000,0.208894,0.220093,2417,0,285.41,2947968,2947867,2494,67932,SUCCESS,91531,0,warm20,2164224,21124872,0,32390400,,,,,12553,15503,used,,,,20260917-2319
2026-09-18 00:07:16,HAUSP-UB[noEUCS],C8T1S5I8N5K,94,2,0.000200,0.000,0.008,45536405,45240,6,584,591,3,0,0,2970881,46450,2863959,12490,0.000000,0.209329,0.220525,2509,0,287.00,2933850,2933756,2475,68026,SUCCESS,91373,0,warm20,2174720,21298600,0,32702720,,,,,12490,15549,used,,,,20260917-2319
2026-09-18 00:07:17,HAUSP-UB[noEUCS],C8T1S5I8N5K,95,2,0.000200,0.000,0.008,45914470,45621,6,585,591,3,0,0,2953805,46519,2847561,12452,0.000000,0.209076,0.220347,2472,0,288.27,2916695,2916678,2398,68068,SUCCESS,90641,0,warm20,2143872,21474800,0,32923008,,,,,12452,15603,used,,,,20260917-2319
2026-09-18 00:07:17,HAUSP-UB[noEUCS],C8T1S5I8N5K,96,2,0.000200,0.000,0.008,46296586,46002,6,604,610,3,0,0,2991883,46605,2884420,12435,0.000000,0.209685,0.220815,2565,0,290.97,2954633,2954562,2427,68126,SUCCESS,91675,0,warm20,2177024,21654440,0,33206400,,,,,12434,15787,used,,,,20260917-2319
2026-09-18 00:07:18,HAUSP-UB[noEUCS],C8T1S5I8N5K,97,2,0.000200,0.000,0.008,46658707,46383,6,614,620,3,0,0,3017469,46711,2910007,12378,0.000000,0.209225,0.220258,2642,0,292.55,2980245,2980200,2414,68169,SUCCESS,91652,0,warm20,2182016,21830120,0,33464192,,,,,12377,15809,used,,,,20260917-2319
2026-09-18 00:07:18,HAUSP-UB[noEUCS],C8T1S5I8N5K,98,2,0.000200,0.000,0.008,47041850,46764,6,622,629,3,0,0,3017656,46670,2910516,12464,0.000000,0.209269,0.220384,2654,0,293.92,2980399,2980327,2443,68191,SUCCESS,91381,0,warm20,2294400,22011096,0,33642880,,,,,12463,15758,used,,,,20260917-2319
2026-09-18 00:07:19,HAUSP-UB[noEUCS],C8T1S5I8N5K,99,2,0.000200,0.000,0.008,47416411,47132,6,625,631,3,0,0,3020056,46615,2913251,12578,0.000000,0.208598,0.219840,2623,0,296.80,2982806,2982747,2480,68240,SUCCESS,91130,0,warm20,2318976,22186560,0,33886080,,,,,12577,15674,used,,,,20260917-2319
