# run_id=20260905-1028 git=de94c3a jvm=26.0.1 heap=24g host=ThaiTMs-MacBook-Pro.local tree=clean cmd=--exp 11 --dataset sign,syn_c8t1s5i8n5k --k 100 --repeats 3 --results-dir results-2026-09 --timeout 90 --resume
Timestamp,Algorithm,Dataset,BatchID,RunIndex,MinUtil,mu,DeltaRatio,TotalDBUtil,CumulativeDBSize,tScan(ms),tMining(ms),tTotal(ms),tLayer1(ms),tLayer2(ms),tLayer3(ms),Cand,PrunedL1(SWU),PrunedL2(IAUUB),PrunedL3(MFUUB),TightnessPEAU,TightnessIAUUB,TightnessMFUUB,HAUSP,SHAUS,MemPeak(MB),PoolBorrows,PoolReuses,PoolPeakLive,AudulActive,Status,Recursed,ArmOrder,Schedule,PoolBytes,FlatBytes,EucsBytes,AudulRootBytes,RescanTriggered,BufferUtil,BufferTested,SafetyBound,PrunedL3Node,PrunedL1Root,MemMode,MemLive(MB),MemRetained(MB),GcForced,RunID
2026-09-05 10:28:14,HAUSP-UB,SIGN,0,0,0.003000,0.000,0.200,319686,146,22,5904,5927,6,783,535,106348584,2,104964977,143,0.000000,0.178773,0.178783,23387,0,109.65,106348584,106347647,937,217,SUCCESS,1383605,0,warm20,1105920,242848,74809588,179968,,,,,143,2,used,,,,20260905-1028
2026-09-05 10:28:20,HAUSP-UB,SIGN,1,0,0.003000,0.000,0.008,334092,152,0,5899,5900,0,761,522,107046041,6,105693571,181,0.000000,0.178764,0.178773,23347,0,110.30,107045824,107045823,721,218,SUCCESS,1352464,0,warm20,1346048,253504,74809588,191360,,,,,181,6,used,,,,20260905-1028
2026-09-05 10:28:25,HAUSP-UB,SIGN,2,0,0.003000,0.000,0.008,345121,158,0,5788,5788,0,733,502,104450114,7,103147618,332,0.000000,0.179987,0.179998,23125,0,110.47,104449896,104449896,720,222,SUCCESS,1302489,0,warm20,1412096,261888,74809588,203264,,,,,332,7,used,,,,20260905-1028
2026-09-05 10:28:31,HAUSP-UB,SIGN,3,0,0.003000,0.000,0.008,358047,164,0,5887,5887,0,731,497,105093652,8,103807928,252,0.000000,0.181684,0.181694,22486,0,110.65,105093430,105093424,722,223,SUCCESS,1285716,0,warm20,1479680,272192,74809588,211456,,,,,252,8,used,,,,20260905-1028
2026-09-05 10:28:37,HAUSP-UB,SIGN,4,0,0.003000,0.000,0.008,369331,170,0,5663,5663,0,692,467,100526386,7,99312983,124,0.000000,0.182239,0.182250,21958,0,110.82,100526163,100526163,720,224,SUCCESS,1213396,0,warm20,1548544,280416,74809588,221184,,,,,124,7,used,,,,20260905-1028
2026-09-05 10:28:43,HAUSP-UB,SIGN,5,0,0.003000,0.000,0.008,383289,176,0,5679,5680,0,678,455,100368374,7,99186994,47,0.000000,0.182254,0.182265,21751,0,111.02,100368150,100368145,725,224,SUCCESS,1181373,0,warm20,1625088,291584,74809588,225792,,,,,47,7,used,,,,20260905-1028
2026-09-05 10:28:48,HAUSP-UB,SIGN,6,0,0.003000,0.000,0.008,393230,182,0,5563,5564,0,655,436,97609105,10,96474455,41,0.000000,0.183995,0.184006,21796,0,111.33,97608881,97608881,719,225,SUCCESS,1134640,0,warm20,1693696,299488,74809588,229632,,,,,41,10,used,,,,20260905-1028
2026-09-05 10:28:54,HAUSP-UB,SIGN,7,0,0.003000,0.000,0.008,408594,188,0,5393,5393,0,620,411,94015963,10,92946061,48,0.000000,0.183682,0.183695,20533,0,111.50,94015738,94015736,726,226,SUCCESS,1069892,0,warm20,1758208,310304,74809588,242304,,,,,48,10,used,,,,20260905-1028
2026-09-05 10:28:59,HAUSP-UB,SIGN,8,0,0.003000,0.000,0.008,428453,194,0,5675,5676,0,642,421,98710046,10,97614223,138,0.000000,0.183816,0.183828,20113,0,111.68,98709821,98709818,728,227,SUCCESS,1095814,0,warm20,1826816,323296,74809588,251520,,,,,138,9,used,,,,20260905-1028
2026-09-05 10:29:06,HAUSP-UB,SIGN,9,0,0.003000,0.000,0.008,446004,200,0,6335,6335,0,710,464,109898518,10,108690809,166,0.000000,0.183474,0.183485,19376,0,111.86,109898292,109898288,731,227,SUCCESS,1207700,0,warm20,1889280,334784,74809588,259072,,,,,166,9,used,,,,20260905-1028
2026-09-05 10:29:12,HAUSP-UB,SIGN,10,0,0.003000,0.000,0.008,456476,206,0,6126,6127,0,680,442,105675271,10,104526606,189,0.000000,0.183692,0.183704,18895,0,112.03,105675045,105675045,729,227,SUCCESS,1148656,0,warm20,1967104,342944,74809588,264064,,,,,189,9,used,,,,20260905-1028
2026-09-05 10:29:18,HAUSP-UB,SIGN,11,0,0.003000,0.000,0.008,466138,212,0,5935,5935,0,649,420,101853016,10,100757130,162,0.000000,0.183122,0.183135,18242,0,112.33,101852790,101852790,729,228,SUCCESS,1095877,0,warm20,2037760,351264,74809588,275840,,,,,162,9,used,,,,20260905-1028
2026-09-05 10:29:24,HAUSP-UB,SIGN,12,0,0.003000,0.000,0.008,480433,218,0,5970,5970,0,640,413,101530928,12,100457572,114,0.000000,0.183421,0.183433,18295,0,112.68,101530701,101530701,729,230,SUCCESS,1073345,0,warm20,2191360,362304,74809588,287232,,,,,114,11,used,,,,20260905-1028
2026-09-05 10:29:30,HAUSP-UB,SIGN,13,0,0.003000,0.000,0.008,496413,224,0,6138,6138,0,644,411,103895571,13,102824744,70,0.000000,0.185180,0.185193,19145,0,112.85,103895343,103895329,742,230,SUCCESS,1070816,0,warm20,2258944,374144,74809588,292736,,,,,70,11,used,,,,20260905-1028
2026-09-05 10:29:36,HAUSP-UB,SIGN,14,0,0.003000,0.000,0.008,507190,230,0,6076,6076,0,629,400,101980727,13,100937775,63,0.000000,0.184851,0.184864,18586,0,113.20,101980499,101980499,741,230,SUCCESS,1042941,0,warm20,2430976,382752,74809588,294016,,,,,63,11,used,,,,20260905-1028
2026-09-05 10:29:42,HAUSP-UB,SIGN,15,0,0.003000,0.000,0.008,518654,236,0,6375,6375,0,647,409,105775383,13,104707992,62,0.000000,0.187631,0.187644,19660,0,113.38,105775155,105775150,747,231,SUCCESS,1067380,0,warm20,2500608,393568,74809588,303232,,,,,62,11,used,,,,20260905-1028
2026-09-05 10:29:49,HAUSP-UB,SIGN,16,0,0.003000,0.000,0.008,536314,242,0,6758,6758,0,671,423,110877471,13,109777421,55,0.000000,0.187710,0.187723,20004,0,113.75,110877242,110877236,752,231,SUCCESS,1100039,0,warm20,2665216,406048,74809588,312192,,,,,55,11,used,,,,20260905-1028
2026-09-05 10:29:56,HAUSP-UB,SIGN,17,0,0.003000,0.000,0.008,544548,248,0,6612,6613,0,649,408,108046194,12,106981401,57,0.000000,0.187585,0.187598,19532,0,114.06,108045965,108045965,747,231,SUCCESS,1064783,0,warm20,2740992,412832,74809588,318592,,,,,57,10,used,,,,20260905-1028
2026-09-05 10:30:02,HAUSP-UB,SIGN,18,0,0.003000,0.000,0.008,556990,254,0,6540,6540,0,635,397,106309787,17,105276497,49,0.000000,0.186752,0.186766,18960,0,114.24,106309558,106309558,747,234,SUCCESS,1033275,0,warm20,2804736,423136,74809588,339072,,,,,49,15,used,,,,20260905-1028
2026-09-05 10:30:09,HAUSP-UB,SIGN,19,0,0.003000,0.000,0.008,569490,260,0,6586,6586,0,631,394,106020716,19,104996881,43,0.000000,0.186644,0.186657,18933,0,114.41,106020484,106020484,746,235,SUCCESS,1023818,0,warm20,2871296,433536,74809588,350336,,,,,43,17,used,,,,20260905-1028
2026-09-05 10:30:16,HAUSP-UB,SIGN,20,0,0.003000,0.000,0.008,587283,266,0,6965,6965,0,659,409,111993396,20,110932741,53,0.000000,0.181947,0.181961,18422,0,114.59,111993163,111993147,764,241,SUCCESS,1060637,0,warm20,2914304,445568,74809588,390272,,,,,53,18,used,,,,20260905-1028
2026-09-05 10:30:23,HAUSP-UB,SIGN,21,0,0.003000,0.000,0.008,601918,272,0,6982,6982,0,649,401,111084633,22,110039738,57,0.000000,0.181782,0.181797,18161,0,114.76,111084393,111084386,765,246,SUCCESS,1044874,0,warm20,2963200,455808,74809588,420480,,,,,57,21,used,,,,20260905-1028
2026-09-05 10:30:30,HAUSP-UB,SIGN,22,0,0.003000,0.000,0.008,613134,278,0,7001,7001,0,644,396,110400550,22,109370717,56,0.000000,0.182594,0.182609,18187,0,115.06,110400305,110400305,758,246,SUCCESS,1029812,0,warm20,3037696,465792,74809588,426368,,,,,56,21,used,,,,20260905-1028
2026-09-05 10:30:37,HAUSP-UB,SIGN,23,0,0.003000,0.000,0.008,625156,284,0,6780,6781,0,619,376,106216388,20,105232855,60,0.000000,0.181910,0.181926,17486,0,115.06,106216144,106216144,757,246,SUCCESS,983515,0,warm20,3065856,473920,74809588,435328,,,,,60,18,used,,,,20260905-1028
2026-09-05 10:30:43,HAUSP-UB,SIGN,24,0,0.003000,0.000,0.008,639272,290,0,6648,6648,0,598,363,103620889,22,102673860,59,0.000000,0.181624,0.181641,17307,0,115.24,103620645,103620645,760,246,SUCCESS,947009,0,warm20,3094528,484064,74809588,443264,,,,,59,20,used,,,,20260905-1028
2026-09-05 10:30:50,HAUSP-UB,SIGN,25,0,0.003000,0.000,0.008,650468,296,0,6648,6649,0,591,358,102928513,23,101995367,61,0.000000,0.181756,0.181772,17338,0,115.24,102928270,102928270,756,246,SUCCESS,933126,0,warm20,3098624,493856,74809588,453248,,,,,61,20,used,,,,20260905-1028
2026-09-05 10:30:57,HAUSP-UB,SIGN,26,0,0.003000,0.000,0.008,661807,302,0,6642,6642,0,585,353,102171707,22,101249593,66,0.000000,0.180799,0.180817,16997,0,115.24,102171466,102171466,756,246,SUCCESS,922097,0,warm20,3119104,502720,74809588,462720,,,,,66,17,used,,,,20260905-1028
2026-09-05 10:31:03,HAUSP-UB,SIGN,27,0,0.003000,0.000,0.008,671849,308,0,6515,6515,0,569,344,99616659,24,98721419,63,0.000000,0.180223,0.180241,16446,0,115.43,99616419,99616419,753,246,SUCCESS,895222,0,warm20,3137536,511008,74809588,468864,,,,,63,18,used,,,,20260905-1028
2026-09-05 10:31:10,HAUSP-UB,SIGN,28,0,0.003000,0.000,0.008,682126,314,0,6500,6500,0,562,340,98553771,24,97672464,59,0.000000,0.180669,0.180687,16420,0,115.57,98553531,98553531,754,246,SUCCESS,881289,0,warm20,3137536,519168,74809588,478080,,,,,59,18,used,,,,20260905-1028
2026-09-05 10:31:16,HAUSP-UB,SIGN,29,0,0.003000,0.000,0.008,695776,320,0,6719,6719,0,571,344,100564412,25,99670107,52,0.000000,0.181944,0.181962,16853,0,115.57,100564172,100564172,758,247,SUCCESS,894286,0,warm20,3143680,530240,74809588,493696,,,,,52,19,used,,,,20260905-1028
2026-09-05 10:31:23,HAUSP-UB,SIGN,30,0,0.003000,0.000,0.008,707653,326,0,6666,6666,0,562,337,98893320,25,98017576,52,0.000000,0.181542,0.181561,16464,0,115.57,98893079,98893079,752,247,SUCCESS,875725,0,warm20,3158016,539136,74809588,495744,,,,,52,19,used,,,,20260905-1028
2026-09-05 10:31:30,HAUSP-UB,SIGN,31,0,0.003000,0.000,0.008,720279,332,0,6527,6527,0,545,326,96316102,26,95467727,55,0.000000,0.180791,0.180809,15898,0,115.74,96315861,96315861,752,247,SUCCESS,848355,0,warm20,3170304,548128,74809588,503680,,,,,55,20,used,,,,20260905-1028
2026-09-05 10:31:36,HAUSP-UB,SIGN,32,0,0.003000,0.000,0.008,730705,338,0,6495,6495,0,536,321,95189876,28,94355216,55,0.000000,0.181316,0.181334,15828,0,115.74,95189635,95189635,753,249,SUCCESS,834638,0,warm20,3178496,556992,74809588,513408,,,,,55,22,used,,,,20260905-1028
2026-09-05 10:31:43,HAUSP-UB,SIGN,33,0,0.003000,0.000,0.008,744420,344,0,6513,6513,0,531,316,94458482,27,93634858,57,0.000000,0.183838,0.183857,16554,0,116.04,94458241,94458241,753,250,SUCCESS,823605,0,warm20,3211264,566592,74809588,525696,,,,,57,19,used,,,,20260905-1028
2026-09-05 10:31:49,HAUSP-UB,SIGN,34,0,0.003000,0.000,0.008,756980,350,0,6587,6587,0,529,315,94474348,26,93652659,56,0.000000,0.185007,0.185026,16743,0,116.04,94474106,94474106,752,250,SUCCESS,821671,0,warm20,3223552,576928,74809588,533504,,,,,56,18,used,,,,20260905-1028
2026-09-05 10:31:56,HAUSP-UB,SIGN,35,0,0.003000,0.000,0.008,768219,356,0,6533,6533,0,520,310,93099866,26,92293614,57,0.000000,0.185391,0.185410,16721,0,116.29,93099624,93099624,751,250,SUCCESS,806234,0,warm20,3313664,586656,74809588,535552,,,,,57,18,used,,,,20260905-1028
2026-09-05 10:32:02,HAUSP-UB,SIGN,36,0,0.003000,0.000,0.008,777786,362,0,6545,6545,0,516,308,92251991,27,91454107,57,0.000000,0.185781,0.185801,16692,0,116.29,92251751,92251751,750,251,SUCCESS,797867,0,warm20,3317760,594336,74809588,543744,,,,,57,17,used,,,,20260905-1028
2026-09-05 10:32:09,HAUSP-UB,SIGN,37,0,0.003000,0.000,0.008,790994,368,0,6679,6679,0,519,309,93397396,30,92596245,53,0.000000,0.187070,0.187089,16986,0,116.46,93397155,93397155,748,252,SUCCESS,801131,0,warm20,3371008,605088,74809588,565888,,,,,53,20,used,,,,20260905-1028
2026-09-05 10:32:16,HAUSP-UB,SIGN,38,0,0.003000,0.000,0.008,803248,374,0,6644,6644,0,512,303,92207792,33,91419754,48,0.000000,0.187268,0.187288,16821,0,116.65,92207549,92207549,744,252,SUCCESS,788014,0,warm20,3432448,614496,74809588,572032,,,,,48,24,used,,,,20260905-1028
2026-09-05 10:32:22,HAUSP-UB,SIGN,39,0,0.003000,0.000,0.008,817420,380,0,6648,6648,0,508,299,91608021,34,90829740,46,0.000000,0.187376,0.187397,16757,0,116.97,91607778,91607778,740,252,SUCCESS,778256,0,warm20,3526656,624736,74809588,574592,,,,,46,25,used,,,,20260905-1028
2026-09-05 10:32:29,HAUSP-UB,SIGN,40,0,0.003000,0.000,0.008,828605,386,0,6693,6693,0,506,300,91384434,34,90609226,49,0.000000,0.187829,0.187850,16796,0,117.19,91384192,91384192,739,252,SUCCESS,775184,0,warm20,3629056,633088,74809588,575616,,,,,49,24,used,,,,20260905-1028
2026-09-05 10:32:36,HAUSP-UB,SIGN,41,0,0.003000,0.000,0.008,840915,392,0,6723,6723,0,503,297,91059870,34,90291081,49,0.000000,0.187972,0.187992,16767,0,117.30,91059628,91059628,738,253,SUCCESS,768765,0,warm20,3747840,643584,74809588,583296,,,,,49,24,used,,,,20260905-1028
2026-09-05 10:32:42,HAUSP-UB,SIGN,42,0,0.003000,0.000,0.008,851890,398,0,6750,6750,0,501,294,90664952,33,89901235,53,0.000000,0.189470,0.189491,17093,0,117.65,90664709,90664709,734,253,SUCCESS,763694,0,warm20,3829760,653152,74809588,590464,,,,,53,23,used,,,,20260905-1028
2026-09-05 10:32:49,HAUSP-UB,SIGN,43,0,0.003000,0.000,0.008,867106,404,0,6793,6793,0,499,292,90933471,34,90174480,55,0.000000,0.188551,0.188572,16906,0,117.91,90933227,90933227,736,254,SUCCESS,758966,0,warm20,3944448,663840,74809588,599680,,,,,55,25,used,,,,20260905-1028
2026-09-05 10:32:56,HAUSP-UB,SIGN,44,0,0.003000,0.000,0.008,884460,410,0,6805,6805,0,495,289,90286398,30,89534388,57,0.000000,0.188086,0.188107,16490,0,118.21,90286156,90286156,748,254,SUCCESS,751992,0,warm20,4018176,674592,74809588,603008,,,,,57,18,used,,,,20260905-1028
2026-09-05 10:33:03,HAUSP-UB,SIGN,45,0,0.003000,0.000,0.008,901027,416,0,6717,6717,0,483,283,88440699,30,87706745,57,0.000000,0.187128,0.187150,15893,0,118.56,88440458,88440457,753,254,SUCCESS,733937,0,warm20,4190208,684960,74809588,607872,,,,,57,17,used,,,,20260905-1028
2026-09-05 10:33:09,HAUSP-UB,SIGN,46,0,0.003000,0.000,0.008,916886,422,0,6716,6716,0,479,279,87710521,32,86987487,56,0.000000,0.186182,0.186203,15488,0,118.74,87710280,87710280,753,255,SUCCESS,723015,0,warm20,4263936,696640,74809588,624640,,,,,56,19,used,,,,20260905-1028
2026-09-05 10:33:16,HAUSP-UB,SIGN,47,0,0.003000,0.000,0.008,933116,428,0,6661,6662,0,471,274,86606984,32,85897840,58,0.000000,0.185469,0.185491,15117,0,119.09,86606741,86606738,755,255,SUCCESS,709124,0,warm20,4417536,706624,74809588,636928,,,,,58,20,used,,,,20260905-1028
2026-09-05 10:33:23,HAUSP-UB,SIGN,48,0,0.003000,0.000,0.008,947537,434,0,6606,6606,0,463,269,85743931,33,85046455,53,0.000000,0.184956,0.184976,14733,0,119.45,85743688,85743688,753,255,SUCCESS,697455,0,warm20,4595712,716352,74809588,637952,,,,,53,21,used,,,,20260905-1028
2026-09-05 10:33:29,HAUSP-UB,SIGN,49,0,0.003000,0.000,0.008,957204,440,0,6534,6534,0,455,264,84431897,33,83747071,53,0.000000,0.184981,0.185003,14599,0,119.64,84431654,84431654,753,255,SUCCESS,684805,0,warm20,4665344,724224,74809588,648192,,,,,53,21,used,,,,20260905-1028
2026-09-05 10:33:36,HAUSP-UB,SIGN,50,0,0.003000,0.000,0.008,967022,446,0,6535,6535,0,454,261,83736388,33,83058904,52,0.000000,0.185266,0.185288,14609,0,120.14,83736144,83736144,753,255,SUCCESS,677462,0,warm20,4833280,732384,74809588,656384,,,,,52,22,used,,,,20260905-1028
2026-09-05 10:33:42,HAUSP-UB,SIGN,51,0,0.003000,0.000,0.008,979636,452,0,6590,6590,0,453,261,84204224,31,83524666,54,0.000000,0.185286,0.185309,14554,0,120.31,84203980,84203980,751,255,SUCCESS,679538,0,warm20,4919296,741728,74809588,657792,,,,,54,20,used,,,,20260905-1028
2026-09-05 10:33:49,HAUSP-UB,SIGN,52,0,0.003000,0.000,0.008,990505,458,0,6544,6544,0,448,257,83163237,31,82494008,54,0.000000,0.185190,0.185214,14363,0,120.67,83162993,83162993,749,255,SUCCESS,669209,0,warm20,5083136,750560,74809588,668032,,,,,54,20,used,,,,20260905-1028
2026-09-05 10:33:55,HAUSP-UB,SIGN,53,0,0.003000,0.000,0.008,1001386,464,0,6440,6440,0,439,251,81376444,31,80722393,55,0.000000,0.184680,0.184703,14056,0,120.85,81376200,81376200,748,255,SUCCESS,654031,0,warm20,5160960,757664,74809588,670592,,,,,55,20,used,,,,20260905-1028
2026-09-05 10:34:02,HAUSP-UB,SIGN,54,0,0.003000,0.000,0.008,1016244,470,0,6465,6465,0,436,250,81227181,30,80576899,61,0.000000,0.184275,0.184300,13905,0,120.94,81226937,81226937,747,255,SUCCESS,650263,0,warm20,5287936,767424,74809588,672640,,,,,61,19,used,,,,20260905-1028
2026-09-05 10:34:08,HAUSP-UB,SIGN,55,0,0.003000,0.000,0.008,1027129,476,0,6455,6455,0,433,248,80755743,30,80111153,61,0.000000,0.184180,0.184205,13871,0,121.41,80755501,80755501,747,256,SUCCESS,644573,0,warm20,5365760,776064,74809588,682880,,,,,61,17,used,,,,20260905-1028
2026-09-05 10:34:15,HAUSP-UB,SIGN,56,0,0.003000,0.000,0.008,1047408,482,0,6463,6464,0,430,245,80592317,26,79954562,64,0.000000,0.182475,0.182502,13478,0,121.67,80592073,80592073,751,260,SUCCESS,637741,0,warm20,5464064,787776,74809588,707968,,,,,64,14,used,,,,20260905-1028
2026-09-05 10:34:21,HAUSP-UB,SIGN,57,0,0.003000,0.000,0.008,1060421,488,0,6457,6457,0,427,243,79914971,26,79283945,61,0.000000,0.182345,0.182371,13277,0,121.84,79914723,79914723,745,260,SUCCESS,631012,0,warm20,5529600,796864,74809588,721280,,,,,61,14,used,,,,20260905-1028
2026-09-05 10:34:28,HAUSP-UB,SIGN,58,0,0.003000,0.000,0.008,1079371,494,0,6435,6435,0,420,240,79314485,27,78690712,71,0.000000,0.181677,0.181704,13241,0,122.02,79314237,79314237,740,261,SUCCESS,623758,0,warm20,5603328,807232,74809588,729472,,,,,71,15,used,,,,20260905-1028
2026-09-05 10:34:34,HAUSP-UB,SIGN,59,0,0.003000,0.000,0.008,1096747,500,0,6452,6452,0,420,239,79072922,28,78451928,77,0.000000,0.180738,0.180766,13167,0,122.25,79072674,79072674,737,263,SUCCESS,620979,0,warm20,5689344,817088,74809588,751488,,,,,77,15,used,,,,20260905-1028
2026-09-05 10:34:41,HAUSP-UB,SIGN,60,0,0.003000,0.000,0.008,1110602,506,0,6433,6433,0,416,236,78410195,29,77796752,77,0.000000,0.180587,0.180615,13007,0,122.44,78409947,78409947,732,263,SUCCESS,613429,0,warm20,5767168,826272,74809588,753920,,,,,77,14,used,,,,20260905-1028
2026-09-05 10:34:47,HAUSP-UB,SIGN,61,0,0.003000,0.000,0.008,1124744,512,0,6407,6408,0,411,232,77730713,31,77125446,73,0.000000,0.180538,0.180567,12882,0,122.76,77730467,77730467,736,265,SUCCESS,605253,0,warm20,5824512,835776,74809588,779008,,,,,73,14,used,,,,20260905-1028
2026-09-05 10:34:53,HAUSP-UB,SIGN,62,0,0.003000,0.000,0.008,1139446,518,0,6442,6442,0,410,232,77762093,30,77160207,73,0.000000,0.180452,0.180481,12846,0,122.76,77761844,77761844,737,265,SUCCESS,601872,0,warm20,5832704,845920,74809588,779904,,,,,73,14,used,,,,20260905-1028
2026-09-05 10:35:00,HAUSP-UB,SIGN,63,0,0.003000,0.000,0.008,1156811,524,0,6459,6459,0,407,229,77537169,26,76942392,76,0.000000,0.180528,0.180560,12821,0,122.84,77536918,77536918,744,266,SUCCESS,594765,0,warm20,5885952,857024,74809588,791680,,,,,76,12,used,,,,20260905-1028
2026-09-05 10:35:06,HAUSP-UB,SIGN,64,0,0.003000,0.000,0.008,1169601,530,0,6471,6472,0,398,227,77302754,26,76712993,74,0.000000,0.180281,0.180313,12622,0,122.84,77302503,77302503,740,266,SUCCESS,589750,0,warm20,5894144,866144,74809588,805504,,,,,74,11,used,,,,20260905-1028
2026-09-05 10:35:13,HAUSP-UB,SIGN,65,0,0.003000,0.000,0.008,1183474,536,0,6473,6473,0,394,224,76839067,25,76255089,75,0.000000,0.180008,0.180040,12433,0,114.83,76838816,76838816,739,266,SUCCESS,583968,0,warm20,5939200,875744,74809588,807808,,,,,75,10,used,,,,20260905-1028
2026-09-05 10:35:19,HAUSP-UB,SIGN,66,0,0.003000,0.000,0.008,1194955,542,0,6439,6439,0,390,222,75994499,24,75417722,71,0.000000,0.179947,0.179980,12294,0,115.05,75994248,75994248,738,266,SUCCESS,576768,0,warm20,5988352,884320,74809588,818560,,,,,71,9,used,,,,20260905-1028
2026-09-05 10:35:26,HAUSP-UB,SIGN,67,0,0.003000,0.000,0.008,1209554,548,0,6416,6416,0,386,219,75240799,26,74672189,72,0.000000,0.179381,0.179413,12041,0,115.05,75240547,75240547,740,266,SUCCESS,568598,0,warm20,6008832,893888,74809588,819840,,,,,72,12,used,,,,20260905-1028
2026-09-05 10:35:32,HAUSP-UB,SIGN,68,0,0.003000,0.000,0.008,1225092,554,0,6470,6470,0,386,218,75496246,27,74927074,71,0.000000,0.179369,0.179400,12117,0,115.06,75495994,75495994,737,266,SUCCESS,569159,0,warm20,6017024,904512,74809588,836480,,,,,71,13,used,,,,20260905-1028
2026-09-05 10:35:39,HAUSP-UB,SIGN,69,0,0.003000,0.000,0.008,1246726,560,0,6751,6751,0,401,225,79010759,26,78423880,69,0.000000,0.177314,0.177344,12158,0,115.38,79010507,79010507,740,267,SUCCESS,586867,0,warm20,6033408,918208,74809588,854144,,,,,69,12,used,,,,20260905-1028
2026-09-05 10:35:46,HAUSP-UB,SIGN,70,0,0.003000,0.000,0.008,1265597,566,0,6898,6899,0,407,229,80385669,27,79790595,64,0.000000,0.177587,0.177615,12584,0,115.38,80385416,80385416,738,267,SUCCESS,595061,0,warm20,6033408,929472,74809588,885632,,,,,64,13,used,,,,20260905-1028
2026-09-05 10:35:53,HAUSP-UB,SIGN,71,0,0.003000,0.000,0.008,1283052,572,0,6969,6969,0,409,230,80679831,32,80083437,61,0.000000,0.177750,0.177778,12659,0,115.38,80679578,80679578,738,267,SUCCESS,596376,0,warm20,6037504,939584,74809588,898176,,,,,61,18,used,,,,20260905-1028
2026-09-05 10:36:00,HAUSP-UB,SIGN,72,0,0.003000,0.000,0.008,1300784,578,0,7162,7162,0,419,234,82635695,31,82026958,65,0.000000,0.177249,0.177276,12940,0,115.38,82635442,82635442,736,267,SUCCESS,608720,0,warm20,6041600,951104,74809588,907136,,,,,65,17,used,,,,20260905-1028
2026-09-05 10:36:07,HAUSP-UB,SIGN,73,0,0.003000,0.000,0.008,1316615,584,0,7272,7272,0,421,236,83597083,30,82984834,65,0.000000,0.177132,0.177159,12887,0,115.61,83596830,83596830,737,267,SUCCESS,612233,0,warm20,6049792,963200,74809588,912256,,,,,65,16,used,,,,20260905-1028
2026-09-05 10:36:14,HAUSP-UB,SIGN,74,0,0.003000,0.000,0.008,1330102,590,0,7238,7238,0,415,234,82813189,30,82208147,65,0.000000,0.177117,0.177144,12801,0,115.72,82812936,82812936,738,267,SUCCESS,605026,0,warm20,6066176,972416,74809588,940288,,,,,65,16,used,,,,20260905-1028
2026-09-05 10:36:22,HAUSP-UB,SIGN,75,0,0.003000,0.000,0.008,1342143,596,0,7207,7207,0,412,231,81888042,30,81290720,64,0.000000,0.176878,0.176905,12641,0,115.72,81887790,81887790,737,267,SUCCESS,597307,0,warm20,6066176,981184,74809588,953600,,,,,64,15,used,,,,20260905-1028
2026-09-05 10:36:29,HAUSP-UB,SIGN,76,0,0.003000,0.000,0.008,1352225,602,0,7130,7130,0,406,227,80939053,30,80349519,62,0.000000,0.176708,0.176736,12469,0,115.72,80938801,80938801,736,267,SUCCESS,589519,0,warm20,6066176,989184,74809588,957696,,,,,62,15,used,,,,20260905-1028
2026-09-05 10:36:36,HAUSP-UB,SIGN,77,0,0.003000,0.000,0.008,1364919,608,0,7189,7189,0,406,227,80980232,30,80391062,64,0.000000,0.177017,0.177045,12515,0,115.93,80979980,80979980,736,267,SUCCESS,589155,0,warm20,6074368,999168,74809588,958720,,,,,64,15,used,,,,20260905-1028
2026-09-05 10:36:43,HAUSP-UB,SIGN,78,0,0.003000,0.000,0.008,1378844,614,0,7225,7225,0,406,226,80956142,30,80369301,64,0.000000,0.177266,0.177294,12541,0,116.04,80955890,80955890,736,267,SUCCESS,586826,0,warm20,6082560,1009024,74809588,976384,,,,,64,15,used,,,,20260905-1028
2026-09-05 10:36:50,HAUSP-UB,SIGN,79,0,0.003000,0.000,0.008,1390075,620,0,7188,7188,0,402,223,80228688,29,79649169,64,0.000000,0.177037,0.177065,12364,0,116.04,80228436,80228436,736,267,SUCCESS,579505,0,warm20,6090752,1017312,74809588,976384,,,,,64,14,used,,,,20260905-1028
2026-09-05 10:36:58,HAUSP-UB,SIGN,80,0,0.003000,0.000,0.008,1404925,626,0,7195,7195,0,401,223,80040977,29,79466757,65,0.000000,0.176620,0.176649,12159,0,116.04,80040725,80040725,736,267,SUCCESS,574206,0,warm20,6098944,1027168,74809588,984704,,,,,65,14,used,,,,20260905-1028
2026-09-05 10:37:05,HAUSP-UB,SIGN,81,0,0.003000,0.000,0.008,1419540,632,0,7222,7222,0,400,221,79894102,29,79321761,66,0.000000,0.176665,0.176694,12230,0,116.04,79893850,79893850,735,267,SUCCESS,572327,0,warm20,6107136,1037088,74809588,989824,,,,,66,14,used,,,,20260905-1028
2026-09-05 10:37:12,HAUSP-UB,SIGN,82,0,0.003000,0.000,0.008,1430972,638,0,7283,7283,0,400,221,80062600,29,79488739,66,0.000000,0.176688,0.176717,12165,0,116.26,80062348,80062348,739,267,SUCCESS,573847,0,warm20,6115328,1046080,74809588,1000064,,,,,66,14,used,,,,20260905-1028
2026-09-05 10:37:19,HAUSP-UB,SIGN,83,0,0.003000,0.000,0.008,1446547,644,0,7312,7312,0,399,220,79800848,30,79229059,66,0.000000,0.176675,0.176703,12128,0,116.37,79800596,79800596,735,267,SUCCESS,571774,0,warm20,6119424,1057088,74809588,1011840,,,,,66,15,used,,,,20260905-1028
2026-09-05 10:37:27,HAUSP-UB,SIGN,84,0,0.003000,0.000,0.008,1466019,650,0,7440,7440,0,404,222,80647176,30,80070755,68,0.000000,0.176547,0.176576,12206,0,116.37,80646925,80646925,740,267,SUCCESS,576407,0,warm20,6139904,1069536,74809588,1017728,,,,,68,14,used,,,,20260905-1028
2026-09-05 10:37:34,HAUSP-UB,SIGN,85,0,0.003000,0.000,0.008,1477721,656,0,7413,7413,0,400,220,79974658,31,79404048,70,0.000000,0.176535,0.176563,12122,0,116.58,79974407,79974407,737,267,SUCCESS,570595,0,warm20,6164480,1078816,74809588,1017728,,,,,70,15,used,,,,20260905-1028
2026-09-05 10:37:42,HAUSP-UB,SIGN,86,0,0.003000,0.000,0.008,1489446,662,0,7417,7417,0,398,218,79494634,31,78928369,68,0.000000,0.176775,0.176803,12092,0,116.58,79494383,79494383,739,267,SUCCESS,566250,0,warm20,6189056,1088704,74809588,1024000,,,,,68,15,used,,,,20260905-1028
2026-09-05 10:37:49,HAUSP-UB,SIGN,87,0,0.003000,0.000,0.008,1504545,668,0,7515,7515,0,399,219,80120529,33,79551765,61,0.000000,0.176814,0.176842,12261,0,116.81,80120278,80120278,741,267,SUCCESS,568747,0,warm20,6238208,1099744,74809588,1037824,,,,,61,17,used,,,,20260905-1028
2026-09-05 10:37:57,HAUSP-UB,SIGN,88,0,0.003000,0.000,0.008,1520720,674,0,7637,7637,0,404,220,80933119,33,80360792,61,0.000000,0.177065,0.177093,12357,0,116.90,80932869,80932865,747,267,SUCCESS,572311,0,warm20,6254592,1111488,74809588,1038720,,,,,61,16,used,,,,20260905-1028
2026-09-05 10:38:05,HAUSP-UB,SIGN,89,0,0.003000,0.000,0.008,1534926,680,0,7701,7701,0,405,221,80921076,33,80350131,62,0.000000,0.177483,0.177511,12454,0,117.12,80920826,80920826,747,267,SUCCESS,570929,0,warm20,6316032,1122208,74809588,1050240,,,,,62,16,used,,,,20260905-1028
2026-09-05 10:38:12,HAUSP-UB,SIGN,90,0,0.003000,0.000,0.008,1553182,686,0,7866,7866,0,413,222,82065138,33,81486843,70,0.000000,0.177822,0.177849,12724,0,117.34,82064888,82064884,751,267,SUCCESS,578279,0,warm20,6408192,1133856,74809588,1058432,,,,,70,16,used,,,,20260905-1028
2026-09-05 10:38:20,HAUSP-UB,SIGN,91,0,0.003000,0.000,0.008,1569089,692,0,7991,7991,0,416,224,82934367,33,82351140,66,0.000000,0.178026,0.178053,12856,0,117.35,82934117,82934116,752,267,SUCCESS,583211,0,warm20,6430720,1145408,74809588,1059584,,,,,66,16,used,,,,20260905-1028
2026-09-05 10:38:29,HAUSP-UB,SIGN,92,0,0.003000,0.000,0.008,1586819,698,0,8172,8172,0,423,226,84491627,33,83901981,62,0.000000,0.178120,0.178147,12860,0,117.57,84491378,84491377,753,267,SUCCESS,589631,0,warm20,6542336,1157856,74809588,1068544,,,,,62,15,used,,,,20260905-1028
2026-09-05 10:38:37,HAUSP-UB,SIGN,93,0,0.003000,0.000,0.008,1606504,704,0,8392,8392,0,433,231,86631140,33,86030371,64,0.000000,0.177087,0.177113,12872,0,117.78,86630891,86630890,754,267,SUCCESS,600754,0,warm20,6542336,1170784,74809588,1089280,,,,,64,15,used,,,,20260905-1028
2026-09-05 10:38:45,HAUSP-UB,SIGN,94,0,0.003000,0.000,0.008,1616945,710,0,8431,8431,0,430,230,86507733,32,85907977,64,0.000000,0.177510,0.177536,12890,0,117.99,86507484,86507484,754,267,SUCCESS,599742,0,warm20,6620160,1179744,74809588,1089792,,,,,64,14,used,,,,20260905-1028
2026-09-05 10:38:54,HAUSP-UB,SIGN,95,0,0.003000,0.000,0.008,1631610,716,0,8525,8525,0,436,231,87399104,32,86797625,65,0.000000,0.176734,0.176761,12886,0,118.21,87398855,87398855,753,267,SUCCESS,601465,0,warm20,6711296,1189984,74809588,1095424,,,,,65,14,used,,,,20260905-1028
2026-09-05 10:39:03,HAUSP-UB,SIGN,96,0,0.003000,0.000,0.008,1649145,722,0,8577,8578,0,436,231,87309066,32,86708678,63,0.000000,0.176659,0.176686,12904,0,118.51,87308817,87308817,752,267,SUCCESS,600374,0,warm20,6860800,1201088,74809588,1096448,,,,,63,14,used,,,,20260905-1028
2026-09-05 10:39:11,HAUSP-UB,SIGN,97,0,0.003000,0.000,0.008,1663324,728,0,8590,8590,0,436,229,86979361,32,86382873,61,0.000000,0.176163,0.176190,12728,0,118.87,86979112,86979110,756,267,SUCCESS,596474,0,warm20,6969344,1211648,74809588,1099776,,,,,61,14,used,,,,20260905-1028
2026-09-05 10:39:20,HAUSP-UB,SIGN,98,0,0.003000,0.000,0.008,1668652,730,0,8570,8570,0,433,229,86623963,32,86030002,60,0.000000,0.176058,0.176085,12666,0,119.09,86623714,86623714,754,267,SUCCESS,593947,0,warm20,7069696,1214656,74809588,1107968,,,,,60,14,used,,,,20260905-1028
2026-09-05 10:39:28,HAUSP-UB,SIGN,99,0,0.003000,0.000,0.008,1668652,730,0,8573,8573,0,434,229,86623963,32,86030002,60,0.000000,0.176058,0.176085,12666,0,119.15,86623714,86623714,754,267,SUCCESS,593947,0,warm20,7200768,1214656,74809588,1107968,,,,,60,14,used,,,,20260905-1028
2026-09-05 10:39:35,HAUSP-UB,SIGN,0,1,0.003000,0.000,0.200,319686,146,33,5908,5941,3,784,534,106348584,2,104964977,143,0.000000,0.178773,0.178783,23387,0,109.37,106348584,106347647,937,217,SUCCESS,1383605,0,warm20,1074176,242848,74809588,179968,,,,,143,2,used,,,,20260905-1028
2026-09-05 10:39:41,HAUSP-UB,SIGN,1,1,0.003000,0.000,0.008,334092,152,0,5837,5837,0,762,523,107046041,6,105693571,181,0.000000,0.178764,0.178773,23347,0,109.93,107045824,107045823,721,218,SUCCESS,1352464,0,warm20,1313280,253504,74809588,191360,,,,,181,6,used,,,,20260905-1028
2026-09-05 10:39:46,HAUSP-UB,SIGN,2,1,0.003000,0.000,0.008,345121,158,0,5758,5758,0,736,506,104450114,7,103147618,332,0.000000,0.179987,0.179998,23125,0,110.13,104449896,104449896,720,222,SUCCESS,1302489,0,warm20,1373696,261888,74809588,203264,,,,,332,7,used,,,,20260905-1028
2026-09-05 10:39:52,HAUSP-UB,SIGN,3,1,0.003000,0.000,0.008,358047,164,0,5838,5838,0,732,498,105093652,8,103807928,252,0.000000,0.181684,0.181694,22486,0,110.32,105093430,105093424,722,223,SUCCESS,1285716,0,warm20,1454080,272192,74809588,211456,,,,,252,8,used,,,,20260905-1028
2026-09-05 10:39:58,HAUSP-UB,SIGN,4,1,0.003000,0.000,0.008,369331,170,0,5613,5614,0,693,469,100526386,7,99312983,124,0.000000,0.182239,0.182250,21958,0,110.51,100526163,100526163,720,224,SUCCESS,1213396,0,warm20,1512704,280416,74809588,221184,,,,,124,7,used,,,,20260905-1028
2026-09-05 10:40:03,HAUSP-UB,SIGN,5,1,0.003000,0.000,0.008,383289,176,0,5626,5626,0,680,456,100368374,7,99186994,47,0.000000,0.182254,0.182265,21751,0,110.69,100368150,100368145,725,224,SUCCESS,1181373,0,warm20,1577472,291584,74809588,225792,,,,,47,7,used,,,,20260905-1028
2026-09-05 10:40:09,HAUSP-UB,SIGN,6,1,0.003000,0.000,0.008,393230,182,0,5511,5512,0,656,439,97609105,10,96474455,41,0.000000,0.183995,0.184006,21796,0,110.91,97608881,97608881,719,225,SUCCESS,1134640,0,warm20,1646592,299488,74809588,229632,,,,,41,10,used,,,,20260905-1028
2026-09-05 10:40:14,HAUSP-UB,SIGN,7,1,0.003000,0.000,0.008,408594,188,0,5344,5345,0,622,414,94015963,10,92946061,48,0.000000,0.183682,0.183695,20533,0,111.11,94015738,94015736,726,226,SUCCESS,1069892,0,warm20,1708032,310304,74809588,242304,,,,,48,10,used,,,,20260905-1028
2026-09-05 10:40:20,HAUSP-UB,SIGN,8,1,0.003000,0.000,0.008,428453,194,0,5626,5627,0,644,424,98710046,10,97614223,138,0.000000,0.183816,0.183828,20113,0,111.30,98709821,98709818,728,227,SUCCESS,1095814,0,warm20,1773568,323296,74809588,251520,,,,,138,9,used,,,,20260905-1028
2026-09-05 10:40:26,HAUSP-UB,SIGN,9,1,0.003000,0.000,0.008,446004,200,0,6273,6274,0,709,466,109898518,10,108690809,166,0.000000,0.183474,0.183485,19376,0,111.67,109898292,109898288,731,227,SUCCESS,1207700,0,warm20,1926144,334784,74809588,259072,,,,,166,9,used,,,,20260905-1028
2026-09-05 10:40:32,HAUSP-UB,SIGN,10,1,0.003000,0.000,0.008,456476,206,0,6064,6065,0,677,443,105675271,10,104526606,189,0.000000,0.183692,0.183704,18895,0,111.87,105675045,105675045,729,227,SUCCESS,1148656,0,warm20,2009088,342944,74809588,264064,,,,,189,9,used,,,,20260905-1028
2026-09-05 10:40:38,HAUSP-UB,SIGN,11,1,0.003000,0.000,0.008,466138,212,0,5879,5879,0,650,423,101853016,10,100757130,162,0.000000,0.183122,0.183135,18242,0,112.05,101852790,101852790,729,228,SUCCESS,1095877,0,warm20,2072576,351264,74809588,275840,,,,,162,9,used,,,,20260905-1028
2026-09-05 10:40:44,HAUSP-UB,SIGN,12,1,0.003000,0.000,0.008,480433,218,0,5914,5914,0,640,417,101530928,12,100457572,114,0.000000,0.183421,0.183433,18295,0,112.26,101530701,101530701,729,230,SUCCESS,1073345,0,warm20,2138112,362304,74809588,287232,,,,,114,11,used,,,,20260905-1028
2026-09-05 10:40:50,HAUSP-UB,SIGN,13,1,0.003000,0.000,0.008,496413,224,0,6095,6095,0,647,416,103895571,13,102824744,70,0.000000,0.185180,0.185193,19145,0,112.63,103895343,103895329,742,230,SUCCESS,1070816,0,warm20,2299392,374144,74809588,292736,,,,,70,11,used,,,,20260905-1028
2026-09-05 10:40:56,HAUSP-UB,SIGN,14,1,0.003000,0.000,0.008,507190,230,0,6024,6024,0,629,404,101980727,13,100937775,63,0.000000,0.184851,0.184864,18586,0,112.83,101980499,101980499,741,230,SUCCESS,1042941,0,warm20,2376704,382752,74809588,294016,,,,,63,11,used,,,,20260905-1028
2026-09-05 10:41:02,HAUSP-UB,SIGN,15,1,0.003000,0.000,0.008,518654,236,0,6316,6316,0,648,413,105775383,13,104707992,62,0.000000,0.187631,0.187644,19660,0,113.18,105775155,105775150,747,231,SUCCESS,1067380,0,warm20,2535680,393568,74809588,303232,,,,,62,11,used,,,,20260905-1028
2026-09-05 10:41:09,HAUSP-UB,SIGN,16,1,0.003000,0.000,0.008,536314,242,0,6699,6699,0,672,426,110877471,13,109777421,55,0.000000,0.187710,0.187723,20004,0,113.57,110877242,110877236,752,231,SUCCESS,1100039,0,warm20,2693888,406048,74809588,312192,,,,,55,11,used,,,,20260905-1028
2026-09-05 10:41:16,HAUSP-UB,SIGN,17,1,0.003000,0.000,0.008,544548,248,0,6577,6578,0,654,414,108046194,12,106981401,57,0.000000,0.187585,0.187598,19532,0,113.76,108045965,108045965,747,231,SUCCESS,1064783,0,warm20,2767872,412832,74809588,318592,,,,,57,10,used,,,,20260905-1028
2026-09-05 10:41:22,HAUSP-UB,SIGN,18,1,0.003000,0.000,0.008,556990,254,0,6482,6482,0,637,401,106309787,17,105276497,49,0.000000,0.186752,0.186766,18960,0,113.96,106309558,106309558,747,234,SUCCESS,1033275,0,warm20,2827264,423136,74809588,339072,,,,,49,15,used,,,,20260905-1028
2026-09-05 10:41:29,HAUSP-UB,SIGN,19,1,0.003000,0.000,0.008,569490,260,0,6532,6532,0,633,396,106020716,19,104996881,43,0.000000,0.186644,0.186657,18933,0,114.15,106020484,106020484,746,235,SUCCESS,1023818,0,warm20,2895872,433536,74809588,350336,,,,,43,17,used,,,,20260905-1028
2026-09-05 10:41:36,HAUSP-UB,SIGN,20,1,0.003000,0.000,0.008,587283,266,0,6925,6925,0,663,412,111993396,20,110932741,53,0.000000,0.181947,0.181961,18422,0,114.35,111993163,111993147,764,241,SUCCESS,1060637,0,warm20,2939648,445568,74809588,390272,,,,,53,18,used,,,,20260905-1028
2026-09-05 10:41:43,HAUSP-UB,SIGN,21,1,0.003000,0.000,0.008,601918,272,0,6931,6931,0,654,405,111084633,22,110039738,57,0.000000,0.181782,0.181797,18161,0,114.53,111084393,111084386,765,246,SUCCESS,1044874,0,warm20,2979584,455808,74809588,420480,,,,,57,21,used,,,,20260905-1028
2026-09-05 10:41:50,HAUSP-UB,SIGN,22,1,0.003000,0.000,0.008,613134,278,0,6938,6938,0,647,399,110400550,22,109370717,56,0.000000,0.182594,0.182609,18187,0,114.74,110400305,110400305,758,246,SUCCESS,1029812,0,warm20,3052544,465792,74809588,426368,,,,,56,21,used,,,,20260905-1028
2026-09-05 10:41:56,HAUSP-UB,SIGN,23,1,0.003000,0.000,0.008,625156,284,0,6720,6720,0,620,382,106216388,20,105232855,60,0.000000,0.181910,0.181926,17486,0,114.77,106216144,106216144,757,246,SUCCESS,983515,0,warm20,3065856,473920,74809588,435328,,,,,60,18,used,,,,20260905-1028
2026-09-05 10:42:03,HAUSP-UB,SIGN,24,1,0.003000,0.000,0.008,639272,290,0,6585,6585,0,601,367,103620889,22,102673860,59,0.000000,0.181624,0.181641,17307,0,114.79,103620645,103620645,760,246,SUCCESS,947009,0,warm20,3088384,484064,74809588,443264,,,,,59,20,used,,,,20260905-1028
2026-09-05 10:42:09,HAUSP-UB,SIGN,25,1,0.003000,0.000,0.008,650468,296,0,6600,6600,0,596,364,102928513,23,101995367,61,0.000000,0.181756,0.181772,17338,0,114.98,102928270,102928270,756,246,SUCCESS,933126,0,warm20,3098624,493856,74809588,453248,,,,,61,20,used,,,,20260905-1028
2026-09-05 10:42:16,HAUSP-UB,SIGN,26,1,0.003000,0.000,0.008,661807,302,0,6577,6577,0,587,358,102171707,22,101249593,66,0.000000,0.180799,0.180817,16997,0,115.00,102171466,102171466,756,246,SUCCESS,922097,0,warm20,3119104,502720,74809588,462720,,,,,66,17,used,,,,20260905-1028
2026-09-05 10:42:23,HAUSP-UB,SIGN,27,1,0.003000,0.000,0.008,671849,308,0,6468,6468,0,574,348,99616659,24,98721419,63,0.000000,0.180223,0.180241,16446,0,115.04,99616419,99616419,753,246,SUCCESS,895222,0,warm20,3129344,511008,74809588,468864,,,,,63,18,used,,,,20260905-1028
2026-09-05 10:42:29,HAUSP-UB,SIGN,28,1,0.003000,0.000,0.008,682126,314,0,6430,6430,0,564,341,98553771,24,97672464,59,0.000000,0.180669,0.180687,16420,0,115.24,98553531,98553531,754,246,SUCCESS,881289,0,warm20,3137536,519168,74809588,478080,,,,,59,18,used,,,,20260905-1028
2026-09-05 10:42:36,HAUSP-UB,SIGN,29,1,0.003000,0.000,0.008,695776,320,0,6650,6650,0,573,347,100564412,25,99670107,52,0.000000,0.181944,0.181962,16853,0,115.26,100564172,100564172,758,247,SUCCESS,894286,0,warm20,3143680,530240,74809588,493696,,,,,52,19,used,,,,20260905-1028
2026-09-05 10:42:42,HAUSP-UB,SIGN,30,1,0.003000,0.000,0.008,707653,326,0,6591,6591,0,562,339,98893320,25,98017576,52,0.000000,0.181542,0.181561,16464,0,115.29,98893079,98893079,752,247,SUCCESS,875725,0,warm20,3158016,539136,74809588,495744,,,,,52,19,used,,,,20260905-1028
2026-09-05 10:42:49,HAUSP-UB,SIGN,31,1,0.003000,0.000,0.008,720279,332,0,6456,6456,0,546,329,96316102,26,95467727,55,0.000000,0.180791,0.180809,15898,0,115.48,96315861,96315861,752,247,SUCCESS,848355,0,warm20,3170304,548128,74809588,503680,,,,,55,20,used,,,,20260905-1028
2026-09-05 10:42:55,HAUSP-UB,SIGN,32,1,0.003000,0.000,0.008,730705,338,0,6424,6424,0,537,325,95189876,28,94355216,55,0.000000,0.181316,0.181334,15828,0,115.52,95189635,95189635,753,249,SUCCESS,834638,0,warm20,3178496,556992,74809588,513408,,,,,55,22,used,,,,20260905-1028
2026-09-05 10:43:02,HAUSP-UB,SIGN,33,1,0.003000,0.000,0.008,744420,344,0,6445,6445,0,531,320,94458482,27,93634858,57,0.000000,0.183838,0.183857,16554,0,115.56,94458241,94458241,753,250,SUCCESS,823605,0,warm20,3223552,566592,74809588,525696,,,,,57,19,used,,,,20260905-1028
2026-09-05 10:43:08,HAUSP-UB,SIGN,34,1,0.003000,0.000,0.008,756980,350,0,6522,6522,0,530,319,94474348,26,93652659,56,0.000000,0.185007,0.185026,16743,0,115.75,94474106,94474106,752,250,SUCCESS,821671,0,warm20,3223552,576928,74809588,533504,,,,,56,18,used,,,,20260905-1028
2026-09-05 10:43:15,HAUSP-UB,SIGN,35,1,0.003000,0.000,0.008,768219,356,0,6484,6484,0,523,313,93099866,26,92293614,57,0.000000,0.185391,0.185410,16721,0,115.95,93099624,93099624,751,250,SUCCESS,806234,0,warm20,3305472,586656,74809588,535552,,,,,57,18,used,,,,20260905-1028
2026-09-05 10:43:21,HAUSP-UB,SIGN,36,1,0.003000,0.000,0.008,777786,362,0,6486,6486,0,517,310,92251991,27,91454107,57,0.000000,0.185781,0.185801,16692,0,116.15,92251751,92251751,750,251,SUCCESS,797867,0,warm20,3362816,594336,74809588,543744,,,,,57,17,used,,,,20260905-1028
2026-09-05 10:43:28,HAUSP-UB,SIGN,37,1,0.003000,0.000,0.008,790994,368,0,6603,6603,0,520,310,93397396,30,92596245,53,0.000000,0.187070,0.187089,16986,0,116.34,93397155,93397155,748,252,SUCCESS,801131,0,warm20,3420160,605088,74809588,565888,,,,,53,20,used,,,,20260905-1028
2026-09-05 10:43:34,HAUSP-UB,SIGN,38,1,0.003000,0.000,0.008,803248,374,0,6576,6576,0,512,305,92207792,33,91419754,48,0.000000,0.187268,0.187288,16821,0,116.41,92207549,92207549,744,252,SUCCESS,788014,0,warm20,3506176,614496,74809588,572032,,,,,48,24,used,,,,20260905-1028
2026-09-05 10:43:41,HAUSP-UB,SIGN,39,1,0.003000,0.000,0.008,817420,380,0,6579,6580,0,508,301,91608021,34,90829740,46,0.000000,0.187376,0.187397,16757,0,116.77,91607778,91607778,740,252,SUCCESS,778256,0,warm20,3588096,624736,74809588,574592,,,,,46,25,used,,,,20260905-1028
2026-09-05 10:43:47,HAUSP-UB,SIGN,40,1,0.003000,0.000,0.008,828605,386,0,6626,6626,0,507,301,91384434,34,90609226,49,0.000000,0.187829,0.187850,16796,0,116.97,91384192,91384192,739,252,SUCCESS,775184,0,warm20,3665920,633088,74809588,575616,,,,,49,24,used,,,,20260905-1028
2026-09-05 10:43:54,HAUSP-UB,SIGN,41,1,0.003000,0.000,0.008,840915,392,0,6654,6654,0,503,297,91059870,34,90291081,49,0.000000,0.187972,0.187992,16767,0,117.02,91059628,91059628,738,253,SUCCESS,768765,0,warm20,3747840,643584,74809588,583296,,,,,49,24,used,,,,20260905-1028
2026-09-05 10:44:01,HAUSP-UB,SIGN,42,1,0.003000,0.000,0.008,851890,398,0,6681,6681,0,500,295,90664952,33,89901235,53,0.000000,0.189470,0.189491,17093,0,117.38,90664709,90664709,734,253,SUCCESS,763694,0,warm20,3829760,653152,74809588,590464,,,,,53,23,used,,,,20260905-1028
2026-09-05 10:44:08,HAUSP-UB,SIGN,43,1,0.003000,0.000,0.008,867106,404,0,6726,6726,0,499,294,90933471,34,90174480,55,0.000000,0.188551,0.188572,16906,0,117.60,90933227,90933227,736,254,SUCCESS,758966,0,warm20,3907584,663840,74809588,599680,,,,,55,25,used,,,,20260905-1028
2026-09-05 10:44:14,HAUSP-UB,SIGN,44,1,0.003000,0.000,0.008,884460,410,0,6739,6739,0,495,291,90286398,30,89534388,57,0.000000,0.188086,0.188107,16490,0,117.92,90286156,90286156,748,254,SUCCESS,751992,0,warm20,4038656,674592,74809588,603008,,,,,57,18,used,,,,20260905-1028
2026-09-05 10:44:21,HAUSP-UB,SIGN,45,1,0.003000,0.000,0.008,901027,416,0,6659,6659,0,486,285,88440699,30,87706745,57,0.000000,0.187128,0.187150,15893,0,118.14,88440458,88440457,753,254,SUCCESS,733937,0,warm20,4214784,684960,74809588,607872,,,,,57,17,used,,,,20260905-1028
2026-09-05 10:44:28,HAUSP-UB,SIGN,46,1,0.003000,0.000,0.008,916886,422,0,6640,6640,0,478,280,87710521,32,86987487,56,0.000000,0.186182,0.186203,15488,0,118.51,87710280,87710280,753,255,SUCCESS,723015,0,warm20,4280320,696640,74809588,624640,,,,,56,19,used,,,,20260905-1028
2026-09-05 10:44:34,HAUSP-UB,SIGN,47,1,0.003000,0.000,0.008,933116,428,0,6583,6583,0,469,276,86606984,32,85897840,58,0.000000,0.185469,0.185491,15117,0,118.76,86606741,86606738,755,255,SUCCESS,709124,0,warm20,4458496,706624,74809588,636928,,,,,58,20,used,,,,20260905-1028
2026-09-05 10:44:41,HAUSP-UB,SIGN,48,1,0.003000,0.000,0.008,947537,434,0,6563,6563,0,467,271,85743931,33,85046455,53,0.000000,0.184956,0.184976,14733,0,119.12,85743688,85743688,753,255,SUCCESS,697455,0,warm20,4550656,716352,74809588,637952,,,,,53,21,used,,,,20260905-1028
2026-09-05 10:44:47,HAUSP-UB,SIGN,49,1,0.003000,0.000,0.008,957204,440,0,6471,6472,0,457,266,84431897,33,83747071,53,0.000000,0.184981,0.185003,14599,0,119.35,84431654,84431654,753,255,SUCCESS,684805,0,warm20,4718592,724224,74809588,648192,,,,,53,21,used,,,,20260905-1028
2026-09-05 10:44:54,HAUSP-UB,SIGN,50,1,0.003000,0.000,0.008,967022,446,0,6462,6462,0,453,263,83736388,33,83058904,52,0.000000,0.185266,0.185288,14609,0,119.73,83736144,83736144,753,255,SUCCESS,677462,0,warm20,4808704,732384,74809588,656384,,,,,52,22,used,,,,20260905-1028
2026-09-05 10:45:00,HAUSP-UB,SIGN,51,1,0.003000,0.000,0.008,979636,452,0,6530,6530,0,455,264,84204224,31,83524666,54,0.000000,0.185286,0.185309,14554,0,119.93,84203980,84203980,751,255,SUCCESS,679538,0,warm20,4874240,741728,74809588,657792,,,,,54,20,used,,,,20260905-1028
2026-09-05 10:45:07,HAUSP-UB,SIGN,52,1,0.003000,0.000,0.008,990505,458,0,6486,6486,0,449,259,83163237,31,82494008,54,0.000000,0.185190,0.185214,14363,0,120.46,83162993,83162993,749,255,SUCCESS,669209,0,warm20,5115904,750560,74809588,668032,,,,,54,20,used,,,,20260905-1028
2026-09-05 10:45:13,HAUSP-UB,SIGN,53,1,0.003000,0.000,0.008,1001386,464,0,6393,6393,0,440,254,81376444,31,80722393,55,0.000000,0.184680,0.184703,14056,0,120.64,81376200,81376200,748,255,SUCCESS,654031,0,warm20,5197824,757664,74809588,670592,,,,,55,20,used,,,,20260905-1028
2026-09-05 10:45:19,HAUSP-UB,SIGN,54,1,0.003000,0.000,0.008,1016244,470,0,6412,6412,0,437,252,81227181,30,80576899,61,0.000000,0.184275,0.184300,13905,0,120.70,81226937,81226937,747,255,SUCCESS,650263,0,warm20,5287936,767424,74809588,672640,,,,,61,19,used,,,,20260905-1028
2026-09-05 10:45:26,HAUSP-UB,SIGN,55,1,0.003000,0.000,0.008,1027129,476,0,6402,6402,0,435,249,80755743,30,80111153,61,0.000000,0.184180,0.184205,13871,0,120.99,80755501,80755501,747,256,SUCCESS,644573,0,warm20,5398528,776064,74809588,682880,,,,,61,17,used,,,,20260905-1028
2026-09-05 10:45:32,HAUSP-UB,SIGN,56,1,0.003000,0.000,0.008,1047408,482,0,6400,6400,0,430,246,80592317,26,79954562,64,0.000000,0.182475,0.182502,13478,0,121.36,80592073,80592073,751,260,SUCCESS,637741,0,warm20,5455872,787776,74809588,707968,,,,,64,14,used,,,,20260905-1028
2026-09-05 10:45:39,HAUSP-UB,SIGN,57,1,0.003000,0.000,0.008,1060421,488,0,6389,6389,0,426,243,79914971,26,79283945,61,0.000000,0.182345,0.182371,13277,0,121.56,79914723,79914723,745,260,SUCCESS,631012,0,warm20,5521408,796864,74809588,721280,,,,,61,14,used,,,,20260905-1028
2026-09-05 10:45:45,HAUSP-UB,SIGN,58,1,0.003000,0.000,0.008,1079371,494,0,6378,6379,0,423,242,79314485,27,78690712,71,0.000000,0.181677,0.181704,13241,0,121.75,79314237,79314237,740,261,SUCCESS,623758,0,warm20,5603328,807232,74809588,729472,,,,,71,15,used,,,,20260905-1028
2026-09-05 10:45:51,HAUSP-UB,SIGN,59,1,0.003000,0.000,0.008,1096747,500,0,6392,6392,0,421,241,79072922,28,78451928,77,0.000000,0.180738,0.180766,13167,0,121.95,79072674,79072674,737,263,SUCCESS,620979,0,warm20,5656576,817088,74809588,751488,,,,,77,15,used,,,,20260905-1028
2026-09-05 10:45:58,HAUSP-UB,SIGN,60,1,0.003000,0.000,0.008,1110602,506,0,6388,6388,0,418,239,78410195,29,77796752,77,0.000000,0.180587,0.180615,13007,0,122.14,78409947,78409947,732,263,SUCCESS,613429,0,warm20,5730304,826272,74809588,753920,,,,,77,14,used,,,,20260905-1028
2026-09-05 10:46:04,HAUSP-UB,SIGN,61,1,0.003000,0.000,0.008,1124744,512,0,6346,6346,0,411,234,77730713,31,77125446,73,0.000000,0.180538,0.180567,12882,0,122.35,77730467,77730467,736,265,SUCCESS,605253,0,warm20,5787648,835776,74809588,779008,,,,,73,14,used,,,,20260905-1028
2026-09-05 10:46:11,HAUSP-UB,SIGN,62,1,0.003000,0.000,0.008,1139446,518,0,6374,6374,0,409,233,77762093,30,77160207,73,0.000000,0.180452,0.180481,12846,0,122.39,77761844,77761844,737,265,SUCCESS,601872,0,warm20,5865472,845920,74809588,779904,,,,,73,14,used,,,,20260905-1028
2026-09-05 10:46:17,HAUSP-UB,SIGN,63,1,0.003000,0.000,0.008,1156811,524,0,6394,6394,0,408,230,77537169,26,76942392,76,0.000000,0.180528,0.180560,12821,0,122.58,77536918,77536918,744,266,SUCCESS,594765,0,warm20,5857280,857024,74809588,791680,,,,,76,12,used,,,,20260905-1028
2026-09-05 10:46:23,HAUSP-UB,SIGN,64,1,0.003000,0.000,0.008,1169601,530,0,6404,6404,0,407,229,77302754,26,76712993,74,0.000000,0.180281,0.180313,12622,0,122.78,77302503,77302503,740,266,SUCCESS,589750,0,warm20,5914624,866144,74809588,805504,,,,,74,11,used,,,,20260905-1028
2026-09-05 10:46:30,HAUSP-UB,SIGN,65,1,0.003000,0.000,0.008,1183474,536,0,6352,6352,0,395,226,76839067,25,76255089,75,0.000000,0.180008,0.180040,12433,0,114.75,76838816,76838816,739,266,SUCCESS,583968,0,warm20,5939200,875744,74809588,807808,,,,,75,10,used,,,,20260905-1028
2026-09-05 10:46:36,HAUSP-UB,SIGN,66,1,0.003000,0.000,0.008,1194955,542,0,6326,6326,0,391,223,75994499,24,75417722,71,0.000000,0.179947,0.179980,12294,0,114.78,75994248,75994248,738,266,SUCCESS,576768,0,warm20,5967872,884320,74809588,818560,,,,,71,9,used,,,,20260905-1028
2026-09-05 10:46:42,HAUSP-UB,SIGN,67,1,0.003000,0.000,0.008,1209554,548,0,6293,6293,0,387,220,75240799,26,74672189,72,0.000000,0.179381,0.179413,12041,0,115.01,75240547,75240547,740,266,SUCCESS,568598,0,warm20,6008832,893888,74809588,819840,,,,,72,12,used,,,,20260905-1028
2026-09-05 10:46:49,HAUSP-UB,SIGN,68,1,0.003000,0.000,0.008,1225092,554,0,6352,6352,0,387,220,75496246,27,74927074,71,0.000000,0.179369,0.179400,12117,0,115.04,75495994,75495994,737,266,SUCCESS,569159,0,warm20,6017024,904512,74809588,836480,,,,,71,13,used,,,,20260905-1028
2026-09-05 10:46:55,HAUSP-UB,SIGN,69,1,0.003000,0.000,0.008,1246726,560,0,6625,6625,0,402,227,79010759,26,78423880,69,0.000000,0.177314,0.177344,12158,0,115.07,79010507,79010507,740,267,SUCCESS,586867,0,warm20,6021120,918208,74809588,854144,,,,,69,12,used,,,,20260905-1028
2026-09-05 10:47:02,HAUSP-UB,SIGN,70,1,0.003000,0.000,0.008,1265597,566,0,6769,6769,0,408,232,80385669,27,79790595,64,0.000000,0.177587,0.177615,12584,0,115.31,80385416,80385416,738,267,SUCCESS,595061,0,warm20,6033408,929472,74809588,885632,,,,,64,13,used,,,,20260905-1028
2026-09-05 10:47:09,HAUSP-UB,SIGN,71,1,0.003000,0.000,0.008,1283052,572,0,6947,6947,0,415,234,80679831,32,80083437,61,0.000000,0.177750,0.177778,12659,0,115.31,80679578,80679578,738,267,SUCCESS,596376,0,warm20,6037504,939584,74809588,898176,,,,,61,18,used,,,,20260905-1028
2026-09-05 10:47:16,HAUSP-UB,SIGN,72,1,0.003000,0.000,0.008,1300784,578,0,7040,7040,0,420,235,82635695,31,82026958,65,0.000000,0.177249,0.177276,12940,0,115.33,82635442,82635442,736,267,SUCCESS,608720,0,warm20,6041600,951104,74809588,907136,,,,,65,17,used,,,,20260905-1028
2026-09-05 10:47:23,HAUSP-UB,SIGN,73,1,0.003000,0.000,0.008,1316615,584,0,7134,7134,0,421,236,83597083,30,82984834,65,0.000000,0.177132,0.177159,12887,0,115.38,83596830,83596830,737,267,SUCCESS,612233,0,warm20,6049792,963200,74809588,912256,,,,,65,16,used,,,,20260905-1028
2026-09-05 10:47:30,HAUSP-UB,SIGN,74,1,0.003000,0.000,0.008,1330102,590,0,7094,7094,0,414,233,82813189,30,82208147,65,0.000000,0.177117,0.177144,12801,0,115.63,82812936,82812936,738,267,SUCCESS,605026,0,warm20,6066176,972416,74809588,940288,,,,,65,16,used,,,,20260905-1028
2026-09-05 10:47:37,HAUSP-UB,SIGN,75,1,0.003000,0.000,0.008,1342143,596,0,7056,7056,0,411,230,81888042,30,81290720,64,0.000000,0.176878,0.176905,12641,0,115.66,81887790,81887790,737,267,SUCCESS,597307,0,warm20,6066176,981184,74809588,953600,,,,,64,15,used,,,,20260905-1028
2026-09-05 10:47:44,HAUSP-UB,SIGN,76,1,0.003000,0.000,0.008,1352225,602,0,7009,7009,0,407,228,80939053,30,80349519,62,0.000000,0.176708,0.176736,12469,0,115.69,80938801,80938801,736,267,SUCCESS,589519,0,warm20,6066176,989184,74809588,957696,,,,,62,15,used,,,,20260905-1028
2026-09-05 10:47:51,HAUSP-UB,SIGN,77,1,0.003000,0.000,0.008,1364919,608,0,7062,7062,0,406,228,80980232,30,80391062,64,0.000000,0.177017,0.177045,12515,0,115.71,80979980,80979980,736,267,SUCCESS,589155,0,warm20,6074368,999168,74809588,958720,,,,,64,15,used,,,,20260905-1028
2026-09-05 10:47:59,HAUSP-UB,SIGN,78,1,0.003000,0.000,0.008,1378844,614,0,7091,7091,0,406,226,80956142,30,80369301,64,0.000000,0.177266,0.177294,12541,0,115.93,80955890,80955890,736,267,SUCCESS,586826,0,warm20,6090752,1009024,74809588,976384,,,,,64,15,used,,,,20260905-1028
2026-09-05 10:48:06,HAUSP-UB,SIGN,79,1,0.003000,0.000,0.008,1390075,620,0,7046,7046,0,402,223,80228688,29,79649169,64,0.000000,0.177037,0.177065,12364,0,115.96,80228436,80228436,736,267,SUCCESS,579505,0,warm20,6090752,1017312,74809588,976384,,,,,64,14,used,,,,20260905-1028
2026-09-05 10:48:13,HAUSP-UB,SIGN,80,1,0.003000,0.000,0.008,1404925,626,0,7049,7049,0,400,221,80040977,29,79466757,65,0.000000,0.176620,0.176649,12159,0,116.00,80040725,80040725,736,267,SUCCESS,574206,0,warm20,6098944,1027168,74809588,984704,,,,,65,14,used,,,,20260905-1028
2026-09-05 10:48:20,HAUSP-UB,SIGN,81,1,0.003000,0.000,0.008,1419540,632,0,7081,7081,0,399,221,79894102,29,79321761,66,0.000000,0.176665,0.176694,12230,0,116.02,79893850,79893850,735,267,SUCCESS,572327,0,warm20,6107136,1037088,74809588,989824,,,,,66,14,used,,,,20260905-1028
2026-09-05 10:48:27,HAUSP-UB,SIGN,82,1,0.003000,0.000,0.008,1430972,638,0,7138,7138,0,400,221,80062600,29,79488739,66,0.000000,0.176688,0.176717,12165,0,116.06,80062348,80062348,739,267,SUCCESS,573847,0,warm20,6115328,1046080,74809588,1000064,,,,,66,14,used,,,,20260905-1028
2026-09-05 10:48:34,HAUSP-UB,SIGN,83,1,0.003000,0.000,0.008,1446547,644,0,7172,7172,0,398,220,79800848,30,79229059,66,0.000000,0.176675,0.176703,12128,0,116.28,79800596,79800596,735,267,SUCCESS,571774,0,warm20,6119424,1057088,74809588,1011840,,,,,66,15,used,,,,20260905-1028
2026-09-05 10:48:41,HAUSP-UB,SIGN,84,1,0.003000,0.000,0.008,1466019,650,0,7293,7293,0,403,222,80647176,30,80070755,68,0.000000,0.176547,0.176576,12206,0,116.30,80646925,80646925,740,267,SUCCESS,576407,0,warm20,6139904,1069536,74809588,1017728,,,,,68,14,used,,,,20260905-1028
2026-09-05 10:48:49,HAUSP-UB,SIGN,85,1,0.003000,0.000,0.008,1477721,656,0,7268,7268,0,399,219,79974658,31,79404048,70,0.000000,0.176535,0.176563,12122,0,116.34,79974407,79974407,737,267,SUCCESS,570595,0,warm20,6164480,1078816,74809588,1017728,,,,,70,15,used,,,,20260905-1028
2026-09-05 10:48:56,HAUSP-UB,SIGN,86,1,0.003000,0.000,0.008,1489446,662,0,7282,7282,0,397,218,79494634,31,78928369,68,0.000000,0.176775,0.176803,12092,0,116.58,79494383,79494383,739,267,SUCCESS,566250,0,warm20,6189056,1088704,74809588,1024000,,,,,68,15,used,,,,20260905-1028
2026-09-05 10:49:03,HAUSP-UB,SIGN,87,1,0.003000,0.000,0.008,1504545,668,0,7379,7379,0,399,220,80120529,33,79551765,61,0.000000,0.176814,0.176842,12261,0,116.61,80120278,80120278,741,267,SUCCESS,568747,0,warm20,6213632,1099744,74809588,1037824,,,,,61,17,used,,,,20260905-1028
2026-09-05 10:49:11,HAUSP-UB,SIGN,88,1,0.003000,0.000,0.008,1520720,674,0,7492,7492,0,405,220,80933119,33,80360792,61,0.000000,0.177065,0.177093,12357,0,116.85,80932869,80932865,747,267,SUCCESS,572311,0,warm20,6262784,1111488,74809588,1038720,,,,,61,16,used,,,,20260905-1028
2026-09-05 10:49:18,HAUSP-UB,SIGN,89,1,0.003000,0.000,0.008,1534926,680,0,7537,7537,0,404,220,80921076,33,80350131,62,0.000000,0.177483,0.177511,12454,0,117.09,80920826,80920826,747,267,SUCCESS,570929,0,warm20,6352896,1122208,74809588,1050240,,,,,62,16,used,,,,20260905-1028
2026-09-05 10:49:26,HAUSP-UB,SIGN,90,1,0.003000,0.000,0.008,1553182,686,0,7710,7710,0,411,223,82065138,33,81486843,70,0.000000,0.177822,0.177849,12724,0,117.12,82064888,82064884,751,267,SUCCESS,578279,0,warm20,6352896,1133856,74809588,1058432,,,,,70,16,used,,,,20260905-1028
2026-09-05 10:49:34,HAUSP-UB,SIGN,91,1,0.003000,0.000,0.008,1569089,692,0,7844,7844,0,417,224,82934367,33,82351140,66,0.000000,0.178026,0.178053,12856,0,117.34,82934117,82934116,752,267,SUCCESS,583211,0,warm20,6447104,1145408,74809588,1059584,,,,,66,16,used,,,,20260905-1028
2026-09-05 10:49:42,HAUSP-UB,SIGN,92,1,0.003000,0.000,0.008,1586819,698,0,8027,8027,0,425,227,84491627,33,83901981,62,0.000000,0.178120,0.178147,12860,0,117.41,84491378,84491377,753,267,SUCCESS,589631,0,warm20,6542336,1157856,74809588,1068544,,,,,62,15,used,,,,20260905-1028
2026-09-05 10:49:50,HAUSP-UB,SIGN,93,1,0.003000,0.000,0.008,1606504,704,0,8248,8248,0,436,233,86631140,33,86030371,64,0.000000,0.177087,0.177113,12872,0,117.64,86630891,86630890,754,267,SUCCESS,600754,0,warm20,6542336,1170784,74809588,1089280,,,,,64,15,used,,,,20260905-1028
2026-09-05 10:49:59,HAUSP-UB,SIGN,94,1,0.003000,0.000,0.008,1616945,710,0,8283,8283,0,433,233,86507733,32,85907977,64,0.000000,0.177510,0.177536,12890,0,117.89,86507484,86507484,754,267,SUCCESS,599742,0,warm20,6620160,1179744,74809588,1089792,,,,,64,14,used,,,,20260905-1028
2026-09-05 10:50:07,HAUSP-UB,SIGN,95,1,0.003000,0.000,0.008,1631610,716,0,8357,8357,0,437,232,87399104,32,86797625,65,0.000000,0.176734,0.176761,12886,0,118.13,87398855,87398855,753,267,SUCCESS,601465,0,warm20,6711296,1189984,74809588,1095424,,,,,65,14,used,,,,20260905-1028
2026-09-05 10:50:15,HAUSP-UB,SIGN,96,1,0.003000,0.000,0.008,1649145,722,0,8410,8410,0,436,232,87309066,32,86708678,63,0.000000,0.176659,0.176686,12904,0,118.36,87308817,87308817,752,267,SUCCESS,600374,0,warm20,6803456,1201088,74809588,1096448,,,,,63,14,used,,,,20260905-1028
2026-09-05 10:50:24,HAUSP-UB,SIGN,97,1,0.003000,0.000,0.008,1663324,728,0,8420,8420,0,436,230,86979361,32,86382873,61,0.000000,0.176163,0.176190,12728,0,118.60,86979112,86979110,756,267,SUCCESS,596474,0,warm20,6905856,1211648,74809588,1099776,,,,,61,14,used,,,,20260905-1028
2026-09-05 10:50:32,HAUSP-UB,SIGN,98,1,0.003000,0.000,0.008,1668652,730,0,8402,8402,0,435,229,86623963,32,86030002,60,0.000000,0.176058,0.176085,12666,0,118.81,86623714,86623714,754,267,SUCCESS,593947,0,warm20,7004160,1214656,74809588,1107968,,,,,60,14,used,,,,20260905-1028
2026-09-05 10:50:41,HAUSP-UB,SIGN,99,1,0.003000,0.000,0.008,1668652,730,0,8410,8410,0,434,229,86623963,32,86030002,60,0.000000,0.176058,0.176085,12666,0,119.05,86623714,86623714,754,267,SUCCESS,593947,0,warm20,7102464,1214656,74809588,1107968,,,,,60,14,used,,,,20260905-1028
2026-09-05 10:50:47,HAUSP-UB,SIGN,0,2,0.003000,0.000,0.200,319686,146,29,5987,6017,3,796,531,106348584,2,104964977,143,0.000000,0.178773,0.178783,23387,0,109.42,106348584,106347647,937,217,SUCCESS,1383605,0,warm20,1074176,242848,74809588,179968,,,,,143,2,used,,,,20260905-1028
2026-09-05 10:50:53,HAUSP-UB,SIGN,1,2,0.003000,0.000,0.008,334092,152,0,5902,5903,0,769,519,107046041,6,105693571,181,0.000000,0.178764,0.178773,23347,0,109.96,107045824,107045823,721,218,SUCCESS,1352464,0,warm20,1315328,253504,74809588,191360,,,,,181,6,used,,,,20260905-1028
2026-09-05 10:50:59,HAUSP-UB,SIGN,2,2,0.003000,0.000,0.008,345121,158,0,5799,5800,0,743,500,104450114,7,103147618,332,0.000000,0.179987,0.179998,23125,0,110.16,104449896,104449896,720,222,SUCCESS,1302489,0,warm20,1389056,261888,74809588,203264,,,,,332,7,used,,,,20260905-1028
2026-09-05 10:51:05,HAUSP-UB,SIGN,3,2,0.003000,0.000,0.008,358047,164,0,5882,5882,0,738,493,105093652,8,103807928,252,0.000000,0.181684,0.181694,22486,0,110.36,105093430,105093424,722,223,SUCCESS,1285716,0,warm20,1454080,272192,74809588,211456,,,,,252,8,used,,,,20260905-1028
2026-09-05 10:51:10,HAUSP-UB,SIGN,4,2,0.003000,0.000,0.008,369331,170,0,5663,5663,0,699,465,100526386,7,99312983,124,0.000000,0.182239,0.182250,21958,0,110.56,100526163,100526163,720,224,SUCCESS,1213396,0,warm20,1522944,280416,74809588,221184,,,,,124,7,used,,,,20260905-1028
2026-09-05 10:51:16,HAUSP-UB,SIGN,5,2,0.003000,0.000,0.008,383289,176,0,5684,5684,0,686,454,100368374,7,99186994,47,0.000000,0.182254,0.182265,21751,0,110.74,100368150,100368145,725,224,SUCCESS,1181373,0,warm20,1597440,291584,74809588,225792,,,,,47,7,used,,,,20260905-1028
2026-09-05 10:51:21,HAUSP-UB,SIGN,6,2,0.003000,0.000,0.008,393230,182,0,5572,5572,0,663,436,97609105,10,96474455,41,0.000000,0.183995,0.184006,21796,0,110.94,97608881,97608881,719,225,SUCCESS,1134640,0,warm20,1675264,299488,74809588,229632,,,,,41,10,used,,,,20260905-1028
2026-09-05 10:51:27,HAUSP-UB,SIGN,7,2,0.003000,0.000,0.008,408594,188,0,5397,5397,0,630,411,94015963,10,92946061,48,0.000000,0.183682,0.183695,20533,0,111.14,94015738,94015736,726,226,SUCCESS,1069892,0,warm20,1746944,310304,74809588,242304,,,,,48,10,used,,,,20260905-1028
2026-09-05 10:51:33,HAUSP-UB,SIGN,8,2,0.003000,0.000,0.008,428453,194,0,5679,5680,0,651,420,98710046,10,97614223,138,0.000000,0.183816,0.183828,20113,0,111.34,98709821,98709818,728,227,SUCCESS,1095814,0,warm20,1812480,323296,74809588,251520,,,,,138,9,used,,,,20260905-1028
2026-09-05 10:51:39,HAUSP-UB,SIGN,9,2,0.003000,0.000,0.008,446004,200,0,6350,6350,0,720,463,109898518,10,108690809,166,0.000000,0.183474,0.183485,19376,0,111.53,109898292,109898288,731,227,SUCCESS,1207700,0,warm20,1889280,334784,74809588,259072,,,,,166,9,used,,,,20260905-1028
2026-09-05 10:51:45,HAUSP-UB,SIGN,10,2,0.003000,0.000,0.008,456476,206,0,6138,6138,0,686,441,105675271,10,104526606,189,0.000000,0.183692,0.183704,18895,0,111.73,105675045,105675045,729,227,SUCCESS,1148656,0,warm20,1956864,342944,74809588,264064,,,,,189,9,used,,,,20260905-1028
2026-09-05 10:51:51,HAUSP-UB,SIGN,11,2,0.003000,0.000,0.008,466138,212,0,5947,5947,0,657,421,101853016,10,100757130,162,0.000000,0.183122,0.183135,18242,0,111.93,101852790,101852790,729,228,SUCCESS,1095877,0,warm20,2031616,351264,74809588,275840,,,,,162,9,used,,,,20260905-1028
2026-09-05 10:51:57,HAUSP-UB,SIGN,12,2,0.003000,0.000,0.008,480433,218,0,5980,5980,0,649,411,101530928,12,100457572,114,0.000000,0.183421,0.183433,18295,0,112.30,101530701,101530701,729,230,SUCCESS,1073345,0,warm20,2191360,362304,74809588,287232,,,,,114,11,used,,,,20260905-1028
2026-09-05 10:52:03,HAUSP-UB,SIGN,13,2,0.003000,0.000,0.008,496413,224,0,6150,6150,0,653,411,103895571,13,102824744,70,0.000000,0.185180,0.185193,19145,0,112.50,103895343,103895329,742,230,SUCCESS,1070816,0,warm20,2254848,374144,74809588,292736,,,,,70,11,used,,,,20260905-1028
2026-09-05 10:52:09,HAUSP-UB,SIGN,14,2,0.003000,0.000,0.008,507190,230,0,6086,6086,0,637,400,101980727,13,100937775,63,0.000000,0.184851,0.184864,18586,0,112.85,101980499,101980499,741,230,SUCCESS,1042941,0,warm20,2416640,382752,74809588,294016,,,,,63,11,used,,,,20260905-1028
2026-09-05 10:52:16,HAUSP-UB,SIGN,15,2,0.003000,0.000,0.008,518654,236,0,6386,6386,0,654,409,105775383,13,104707992,62,0.000000,0.187631,0.187644,19660,0,113.05,105775155,105775150,747,231,SUCCESS,1067380,0,warm20,2488320,393568,74809588,303232,,,,,62,11,used,,,,20260905-1028
2026-09-05 10:52:22,HAUSP-UB,SIGN,16,2,0.003000,0.000,0.008,536314,242,0,6774,6774,0,680,421,110877471,13,109777421,55,0.000000,0.187710,0.187723,20004,0,113.42,110877242,110877236,752,231,SUCCESS,1100039,0,warm20,2648320,406048,74809588,312192,,,,,55,11,used,,,,20260905-1028
2026-09-05 10:52:29,HAUSP-UB,SIGN,17,2,0.003000,0.000,0.008,544548,248,0,6627,6627,0,660,408,108046194,12,106981401,57,0.000000,0.187585,0.187598,19532,0,113.62,108045965,108045965,747,231,SUCCESS,1064783,0,warm20,2718464,412832,74809588,318592,,,,,57,10,used,,,,20260905-1028
2026-09-05 10:52:36,HAUSP-UB,SIGN,18,2,0.003000,0.000,0.008,556990,254,0,6551,6551,0,644,395,106309787,17,105276497,49,0.000000,0.186752,0.186766,18960,0,113.81,106309558,106309558,747,234,SUCCESS,1033275,0,warm20,2782208,423136,74809588,339072,,,,,49,15,used,,,,20260905-1028
2026-09-05 10:52:42,HAUSP-UB,SIGN,19,2,0.003000,0.000,0.008,569490,260,0,6599,6599,0,640,393,106020716,19,104996881,43,0.000000,0.186644,0.186657,18933,0,114.01,106020484,106020484,746,235,SUCCESS,1023818,0,warm20,2846720,433536,74809588,350336,,,,,43,17,used,,,,20260905-1028
2026-09-05 10:52:49,HAUSP-UB,SIGN,20,2,0.003000,0.000,0.008,587283,266,0,6983,6983,0,669,406,111993396,20,110932741,53,0.000000,0.181947,0.181961,18422,0,114.38,111993163,111993147,764,241,SUCCESS,1060637,0,warm20,2969344,445568,74809588,390272,,,,,53,18,used,,,,20260905-1028
2026-09-05 10:52:56,HAUSP-UB,SIGN,21,2,0.003000,0.000,0.008,601918,272,0,6996,6996,0,661,400,111084633,22,110039738,57,0.000000,0.181782,0.181797,18161,0,114.58,111084393,111084386,765,246,SUCCESS,1044874,0,warm20,3017216,455808,74809588,420480,,,,,57,21,used,,,,20260905-1028
2026-09-05 10:53:03,HAUSP-UB,SIGN,22,2,0.003000,0.000,0.008,613134,278,0,7019,7019,0,654,393,110400550,22,109370717,56,0.000000,0.182594,0.182609,18187,0,114.59,110400305,110400305,758,246,SUCCESS,1029812,0,warm20,3021312,465792,74809588,426368,,,,,56,21,used,,,,20260905-1028
2026-09-05 10:53:10,HAUSP-UB,SIGN,23,2,0.003000,0.000,0.008,625156,284,0,6797,6797,0,628,377,106216388,20,105232855,60,0.000000,0.181910,0.181926,17486,0,114.79,106216144,106216144,757,246,SUCCESS,983515,0,warm20,3074048,473920,74809588,435328,,,,,60,18,used,,,,20260905-1028
2026-09-05 10:53:17,HAUSP-UB,SIGN,24,2,0.003000,0.000,0.008,639272,290,0,6666,6666,0,608,363,103620889,22,102673860,59,0.000000,0.181624,0.181641,17307,0,114.82,103620645,103620645,760,246,SUCCESS,947009,0,warm20,3088384,484064,74809588,443264,,,,,59,20,used,,,,20260905-1028
2026-09-05 10:53:23,HAUSP-UB,SIGN,25,2,0.003000,0.000,0.008,650468,296,0,6671,6671,0,601,358,102928513,23,101995367,61,0.000000,0.181756,0.181772,17338,0,114.85,102928270,102928270,756,246,SUCCESS,933126,0,warm20,3098624,493856,74809588,453248,,,,,61,20,used,,,,20260905-1028
2026-09-05 10:53:30,HAUSP-UB,SIGN,26,2,0.003000,0.000,0.008,661807,302,0,6660,6660,0,594,353,102171707,22,101249593,66,0.000000,0.180799,0.180817,16997,0,115.04,102171466,102171466,756,246,SUCCESS,922097,0,warm20,3119104,502720,74809588,462720,,,,,66,17,used,,,,20260905-1028
2026-09-05 10:53:37,HAUSP-UB,SIGN,27,2,0.003000,0.000,0.008,671849,308,0,6532,6532,0,578,344,99616659,24,98721419,63,0.000000,0.180223,0.180241,16446,0,115.06,99616419,99616419,753,246,SUCCESS,895222,0,warm20,3129344,511008,74809588,468864,,,,,63,18,used,,,,20260905-1028
2026-09-05 10:53:43,HAUSP-UB,SIGN,28,2,0.003000,0.000,0.008,682126,314,0,6511,6511,0,570,337,98553771,24,97672464,59,0.000000,0.180669,0.180687,16420,0,115.09,98553531,98553531,754,246,SUCCESS,881289,0,warm20,3137536,519168,74809588,478080,,,,,59,18,used,,,,20260905-1028
2026-09-05 10:53:50,HAUSP-UB,SIGN,29,2,0.003000,0.000,0.008,695776,320,0,6734,6734,0,580,343,100564412,25,99670107,52,0.000000,0.181944,0.181962,16853,0,115.29,100564172,100564172,758,247,SUCCESS,894286,0,warm20,3143680,530240,74809588,493696,,,,,52,19,used,,,,20260905-1028
2026-09-05 10:53:56,HAUSP-UB,SIGN,30,2,0.003000,0.000,0.008,707653,326,0,6681,6681,0,570,337,98893320,25,98017576,52,0.000000,0.181542,0.181561,16464,0,115.32,98893079,98893079,752,247,SUCCESS,875725,0,warm20,3158016,539136,74809588,495744,,,,,52,19,used,,,,20260905-1028
2026-09-05 10:54:03,HAUSP-UB,SIGN,31,2,0.003000,0.000,0.008,720279,332,0,6543,6543,0,553,326,96316102,26,95467727,55,0.000000,0.180791,0.180809,15898,0,115.34,96315861,96315861,752,247,SUCCESS,848355,0,warm20,3170304,548128,74809588,503680,,,,,55,20,used,,,,20260905-1028
2026-09-05 10:54:09,HAUSP-UB,SIGN,32,2,0.003000,0.000,0.008,730705,338,0,6508,6508,0,545,319,95189876,28,94355216,55,0.000000,0.181316,0.181334,15828,0,115.39,95189635,95189635,753,249,SUCCESS,834638,0,warm20,3198976,556992,74809588,513408,,,,,55,22,used,,,,20260905-1028
2026-09-05 10:54:16,HAUSP-UB,SIGN,33,2,0.003000,0.000,0.008,744420,344,0,6530,6531,0,538,316,94458482,27,93634858,57,0.000000,0.183838,0.183857,16554,0,115.59,94458241,94458241,753,250,SUCCESS,823605,0,warm20,3194880,566592,74809588,525696,,,,,57,19,used,,,,20260905-1028
2026-09-05 10:54:23,HAUSP-UB,SIGN,34,2,0.003000,0.000,0.008,756980,350,0,6610,6610,0,538,314,94474348,26,93652659,56,0.000000,0.185007,0.185026,16743,0,115.79,94474106,94474106,752,250,SUCCESS,821671,0,warm20,3260416,576928,74809588,533504,,,,,56,18,used,,,,20260905-1028
2026-09-05 10:54:29,HAUSP-UB,SIGN,35,2,0.003000,0.000,0.008,768219,356,0,6552,6552,0,529,309,93099866,26,92293614,57,0.000000,0.185391,0.185410,16721,0,115.82,93099624,93099624,751,250,SUCCESS,806234,0,warm20,3268608,586656,74809588,535552,,,,,57,18,used,,,,20260905-1028
2026-09-05 10:54:36,HAUSP-UB,SIGN,36,2,0.003000,0.000,0.008,777786,362,0,6556,6556,0,523,306,92251991,27,91454107,57,0.000000,0.185781,0.185801,16692,0,116.02,92251751,92251751,750,251,SUCCESS,797867,0,warm20,3330048,594336,74809588,543744,,,,,57,17,used,,,,20260905-1028
2026-09-05 10:54:42,HAUSP-UB,SIGN,37,2,0.003000,0.000,0.008,790994,368,0,6693,6693,0,528,307,93397396,30,92596245,53,0.000000,0.187070,0.187089,16986,0,116.23,93397155,93397155,748,252,SUCCESS,801131,0,warm20,3379200,605088,74809588,565888,,,,,53,20,used,,,,20260905-1028
2026-09-05 10:54:49,HAUSP-UB,SIGN,38,2,0.003000,0.000,0.008,803248,374,0,6662,6662,0,520,303,92207792,33,91419754,48,0.000000,0.187268,0.187288,16821,0,116.35,92207549,92207549,744,252,SUCCESS,788014,0,warm20,3506176,614496,74809588,572032,,,,,48,24,used,,,,20260905-1028
2026-09-05 10:54:56,HAUSP-UB,SIGN,39,2,0.003000,0.000,0.008,817420,380,0,6677,6677,0,516,299,91608021,34,90829740,46,0.000000,0.187376,0.187397,16757,0,116.72,91607778,91607778,740,252,SUCCESS,778256,0,warm20,3588096,624736,74809588,574592,,,,,46,25,used,,,,20260905-1028
2026-09-05 10:55:03,HAUSP-UB,SIGN,40,2,0.003000,0.000,0.008,828605,386,0,6710,6710,0,513,297,91384434,34,90609226,49,0.000000,0.187829,0.187850,16796,0,116.92,91384192,91384192,739,252,SUCCESS,775184,0,warm20,3665920,633088,74809588,575616,,,,,49,24,used,,,,20260905-1028
2026-09-05 10:55:09,HAUSP-UB,SIGN,41,2,0.003000,0.000,0.008,840915,392,0,6744,6745,0,510,294,91059870,34,90291081,49,0.000000,0.187972,0.187992,16767,0,116.97,91059628,91059628,738,253,SUCCESS,768765,0,warm20,3747840,643584,74809588,583296,,,,,49,24,used,,,,20260905-1028
2026-09-05 10:55:16,HAUSP-UB,SIGN,42,2,0.003000,0.000,0.008,851890,398,0,6773,6773,0,509,292,90664952,33,89901235,53,0.000000,0.189470,0.189491,17093,0,117.34,90664709,90664709,734,253,SUCCESS,763694,0,warm20,3829760,653152,74809588,590464,,,,,53,23,used,,,,20260905-1028
2026-09-05 10:55:23,HAUSP-UB,SIGN,43,2,0.003000,0.000,0.008,867106,404,0,6821,6821,0,506,291,90933471,34,90174480,55,0.000000,0.188551,0.188572,16906,0,117.55,90933227,90933227,736,254,SUCCESS,758966,0,warm20,3907584,663840,74809588,599680,,,,,55,25,used,,,,20260905-1028
2026-09-05 10:55:30,HAUSP-UB,SIGN,44,2,0.003000,0.000,0.008,884460,410,0,6830,6830,0,502,289,90286398,30,89534388,57,0.000000,0.188086,0.188107,16490,0,117.86,90286156,90286156,748,254,SUCCESS,751992,0,warm20,4038656,674592,74809588,603008,,,,,57,18,used,,,,20260905-1028
2026-09-05 10:55:36,HAUSP-UB,SIGN,45,2,0.003000,0.000,0.008,901027,416,0,6746,6746,0,492,281,88440699,30,87706745,57,0.000000,0.187128,0.187150,15893,0,118.10,88440458,88440457,753,254,SUCCESS,733937,0,warm20,4214784,684960,74809588,607872,,,,,57,17,used,,,,20260905-1028
2026-09-05 10:55:43,HAUSP-UB,SIGN,46,2,0.003000,0.000,0.008,916886,422,0,6731,6731,0,484,277,87710521,32,86987487,56,0.000000,0.186182,0.186203,15488,0,118.46,87710280,87710280,753,255,SUCCESS,723015,0,warm20,4280320,696640,74809588,624640,,,,,56,19,used,,,,20260905-1028
2026-09-05 10:55:50,HAUSP-UB,SIGN,47,2,0.003000,0.000,0.008,933116,428,0,6671,6671,0,477,272,86606984,32,85897840,58,0.000000,0.185469,0.185491,15117,0,118.71,86606741,86606738,755,255,SUCCESS,709124,0,warm20,4458496,706624,74809588,636928,,,,,58,20,used,,,,20260905-1028
2026-09-05 10:55:56,HAUSP-UB,SIGN,48,2,0.003000,0.000,0.008,947537,434,0,6635,6635,0,471,267,85743931,33,85046455,53,0.000000,0.184956,0.184976,14733,0,119.08,85743688,85743688,753,255,SUCCESS,697455,0,warm20,4550656,716352,74809588,637952,,,,,53,21,used,,,,20260905-1028
2026-09-05 10:56:03,HAUSP-UB,SIGN,49,2,0.003000,0.000,0.008,957204,440,0,6555,6555,0,462,262,84431897,33,83747071,53,0.000000,0.184981,0.185003,14599,0,119.32,84431654,84431654,753,255,SUCCESS,684805,0,warm20,4718592,724224,74809588,648192,,,,,53,21,used,,,,20260905-1028
2026-09-05 10:56:10,HAUSP-UB,SIGN,50,2,0.003000,0.000,0.008,967022,446,0,6538,6538,0,458,259,83736388,33,83058904,52,0.000000,0.185266,0.185288,14609,0,119.69,83736144,83736144,753,255,SUCCESS,677462,0,warm20,4808704,732384,74809588,656384,,,,,52,22,used,,,,20260905-1028
2026-09-05 10:56:16,HAUSP-UB,SIGN,51,2,0.003000,0.000,0.008,979636,452,0,6611,6611,0,460,260,84204224,31,83524666,54,0.000000,0.185286,0.185309,14554,0,119.88,84203980,84203980,751,255,SUCCESS,679538,0,warm20,4874240,741728,74809588,657792,,,,,54,20,used,,,,20260905-1028
2026-09-05 10:56:23,HAUSP-UB,SIGN,52,2,0.003000,0.000,0.008,990505,458,0,6570,6570,0,454,257,83163237,31,82494008,54,0.000000,0.185190,0.185214,14363,0,120.41,83162993,83162993,749,255,SUCCESS,669209,0,warm20,5115904,750560,74809588,668032,,,,,54,20,used,,,,20260905-1028
2026-09-05 10:56:29,HAUSP-UB,SIGN,53,2,0.003000,0.000,0.008,1001386,464,0,6459,6460,0,444,250,81376444,31,80722393,55,0.000000,0.184680,0.184703,14056,0,120.61,81376200,81376200,748,255,SUCCESS,654031,0,warm20,5197824,757664,74809588,670592,,,,,55,20,used,,,,20260905-1028
2026-09-05 10:56:36,HAUSP-UB,SIGN,54,2,0.003000,0.000,0.008,1016244,470,0,6492,6492,0,442,248,81227181,30,80576899,61,0.000000,0.184275,0.184300,13905,0,120.67,81226937,81226937,747,255,SUCCESS,650263,0,warm20,5287936,767424,74809588,672640,,,,,61,19,used,,,,20260905-1028
2026-09-05 10:56:42,HAUSP-UB,SIGN,55,2,0.003000,0.000,0.008,1027129,476,0,6484,6484,0,439,247,80755743,30,80111153,61,0.000000,0.184180,0.184205,13871,0,120.94,80755501,80755501,747,256,SUCCESS,644573,0,warm20,5398528,776064,74809588,682880,,,,,61,17,used,,,,20260905-1028
2026-09-05 10:56:49,HAUSP-UB,SIGN,56,2,0.003000,0.000,0.008,1047408,482,0,6491,6491,0,437,244,80592317,26,79954562,64,0.000000,0.182475,0.182502,13478,0,121.31,80592073,80592073,751,260,SUCCESS,637741,0,warm20,5455872,787776,74809588,707968,,,,,64,14,used,,,,20260905-1028
2026-09-05 10:56:55,HAUSP-UB,SIGN,57,2,0.003000,0.000,0.008,1060421,488,0,6475,6475,0,431,242,79914971,26,79283945,61,0.000000,0.182345,0.182371,13277,0,121.51,79914723,79914723,745,260,SUCCESS,631012,0,warm20,5521408,796864,74809588,721280,,,,,61,14,used,,,,20260905-1028
2026-09-05 10:57:02,HAUSP-UB,SIGN,58,2,0.003000,0.000,0.008,1079371,494,0,6465,6466,0,428,239,79314485,27,78690712,71,0.000000,0.181677,0.181704,13241,0,121.71,79314237,79314237,740,261,SUCCESS,623758,0,warm20,5603328,807232,74809588,729472,,,,,71,15,used,,,,20260905-1028
2026-09-05 10:57:08,HAUSP-UB,SIGN,59,2,0.003000,0.000,0.008,1096747,500,0,6484,6484,0,426,238,79072922,28,78451928,77,0.000000,0.180738,0.180766,13167,0,121.90,79072674,79072674,737,263,SUCCESS,620979,0,warm20,5656576,817088,74809588,751488,,,,,77,15,used,,,,20260905-1028
2026-09-05 10:57:15,HAUSP-UB,SIGN,60,2,0.003000,0.000,0.008,1110602,506,0,6462,6462,0,422,235,78410195,29,77796752,77,0.000000,0.180587,0.180615,13007,0,122.10,78409947,78409947,732,263,SUCCESS,613429,0,warm20,5730304,826272,74809588,753920,,,,,77,14,used,,,,20260905-1028
2026-09-05 10:57:21,HAUSP-UB,SIGN,61,2,0.003000,0.000,0.008,1124744,512,0,6443,6443,0,418,233,77730713,31,77125446,73,0.000000,0.180538,0.180567,12882,0,122.30,77730467,77730467,736,265,SUCCESS,605253,0,warm20,5787648,835776,74809588,779008,,,,,73,14,used,,,,20260905-1028
2026-09-05 10:57:28,HAUSP-UB,SIGN,62,2,0.003000,0.000,0.008,1139446,518,0,6469,6469,0,417,230,77762093,30,77160207,73,0.000000,0.180452,0.180481,12846,0,122.34,77761844,77761844,737,265,SUCCESS,601872,0,warm20,5865472,845920,74809588,779904,,,,,73,14,used,,,,20260905-1028
2026-09-05 10:57:34,HAUSP-UB,SIGN,63,2,0.003000,0.000,0.008,1156811,524,0,6490,6490,0,414,228,77537169,26,76942392,76,0.000000,0.180528,0.180560,12821,0,122.53,77536918,77536918,744,266,SUCCESS,594765,0,warm20,5857280,857024,74809588,791680,,,,,76,12,used,,,,20260905-1028
2026-09-05 10:57:41,HAUSP-UB,SIGN,64,2,0.003000,0.000,0.008,1169601,530,0,6501,6501,0,411,226,77302754,26,76712993,74,0.000000,0.180281,0.180313,12622,0,122.73,77302503,77302503,740,266,SUCCESS,589750,0,warm20,5914624,866144,74809588,805504,,,,,74,11,used,,,,20260905-1028
2026-09-05 10:57:47,HAUSP-UB,SIGN,65,2,0.003000,0.000,0.008,1183474,536,0,6503,6503,0,409,225,76839067,25,76255089,75,0.000000,0.180008,0.180040,12433,0,122.76,76838816,76838816,739,266,SUCCESS,583968,0,warm20,5939200,875744,74809588,807808,,,,,75,10,used,,,,20260905-1028
2026-09-05 10:57:54,HAUSP-UB,SIGN,66,2,0.003000,0.000,0.008,1194955,542,0,6452,6452,0,401,222,75994499,24,75417722,71,0.000000,0.179947,0.179980,12294,0,122.83,75994248,75994248,738,266,SUCCESS,576768,0,warm20,5992448,884320,74809588,818560,,,,,71,9,used,,,,20260905-1028
2026-09-05 10:58:00,HAUSP-UB,SIGN,67,2,0.003000,0.000,0.008,1209554,548,0,6386,6386,0,389,219,75240799,26,74672189,72,0.000000,0.179381,0.179413,12041,0,114.76,75240547,75240547,740,266,SUCCESS,568598,0,warm20,6008832,893888,74809588,819840,,,,,72,12,used,,,,20260905-1028
2026-09-05 10:58:06,HAUSP-UB,SIGN,68,2,0.003000,0.000,0.008,1225092,554,0,6441,6441,0,391,219,75496246,27,74927074,71,0.000000,0.179369,0.179400,12117,0,114.77,75495994,75495994,737,266,SUCCESS,569159,0,warm20,6017024,904512,74809588,836480,,,,,71,13,used,,,,20260905-1028
2026-09-05 10:58:13,HAUSP-UB,SIGN,69,2,0.003000,0.000,0.008,1246726,560,0,6719,6719,0,405,226,79010759,26,78423880,69,0.000000,0.177314,0.177344,12158,0,114.81,79010507,79010507,740,267,SUCCESS,586867,0,warm20,6021120,918208,74809588,854144,,,,,69,12,used,,,,20260905-1028
2026-09-05 10:58:20,HAUSP-UB,SIGN,70,2,0.003000,0.000,0.008,1265597,566,0,6864,6864,0,411,229,80385669,27,79790595,64,0.000000,0.177587,0.177615,12584,0,115.04,80385416,80385416,738,267,SUCCESS,595061,0,warm20,6033408,929472,74809588,885632,,,,,64,13,used,,,,20260905-1028
2026-09-05 10:58:27,HAUSP-UB,SIGN,71,2,0.003000,0.000,0.008,1283052,572,0,6932,6932,0,413,229,80679831,32,80083437,61,0.000000,0.177750,0.177778,12659,0,115.07,80679578,80679578,738,267,SUCCESS,596376,0,warm20,6037504,939584,74809588,898176,,,,,61,18,used,,,,20260905-1028
2026-09-05 10:58:34,HAUSP-UB,SIGN,72,2,0.003000,0.000,0.008,1300784,578,0,7122,7122,0,421,234,82635695,31,82026958,65,0.000000,0.177249,0.177276,12940,0,115.09,82635442,82635442,736,267,SUCCESS,608720,0,warm20,6041600,951104,74809588,907136,,,,,65,17,used,,,,20260905-1028
2026-09-05 10:58:41,HAUSP-UB,SIGN,73,2,0.003000,0.000,0.008,1316615,584,0,7230,7230,0,425,235,83597083,30,82984834,65,0.000000,0.177132,0.177159,12887,0,115.34,83596830,83596830,737,267,SUCCESS,612233,0,warm20,6053888,963200,74809588,912256,,,,,65,16,used,,,,20260905-1028
2026-09-05 10:58:48,HAUSP-UB,SIGN,74,2,0.003000,0.000,0.008,1330102,590,0,7193,7193,0,419,232,82813189,30,82208147,65,0.000000,0.177117,0.177144,12801,0,115.35,82812936,82812936,738,267,SUCCESS,605026,0,warm20,6066176,972416,74809588,940288,,,,,65,16,used,,,,20260905-1028
2026-09-05 10:58:56,HAUSP-UB,SIGN,75,2,0.003000,0.000,0.008,1342143,596,0,7148,7149,0,414,230,81888042,30,81290720,64,0.000000,0.176878,0.176905,12641,0,115.39,81887790,81887790,737,267,SUCCESS,597307,0,warm20,6066176,981184,74809588,953600,,,,,64,15,used,,,,20260905-1028
2026-09-05 10:59:03,HAUSP-UB,SIGN,76,2,0.003000,0.000,0.008,1352225,602,0,7094,7094,0,408,227,80939053,30,80349519,62,0.000000,0.176708,0.176736,12469,0,115.40,80938801,80938801,736,267,SUCCESS,589519,0,warm20,6066176,989184,74809588,957696,,,,,62,15,used,,,,20260905-1028
2026-09-05 10:59:10,HAUSP-UB,SIGN,77,2,0.003000,0.000,0.008,1364919,608,0,7141,7141,0,408,226,80980232,30,80391062,64,0.000000,0.177017,0.177045,12515,0,115.45,80979980,80979980,736,267,SUCCESS,589155,0,warm20,6082560,999168,74809588,958720,,,,,64,15,used,,,,20260905-1028
2026-09-05 10:59:17,HAUSP-UB,SIGN,78,2,0.003000,0.000,0.008,1378844,614,0,7183,7183,0,409,225,80956142,30,80369301,64,0.000000,0.177266,0.177294,12541,0,115.67,80955890,80955890,736,267,SUCCESS,586826,0,warm20,6082560,1009024,74809588,976384,,,,,64,15,used,,,,20260905-1028
2026-09-05 10:59:24,HAUSP-UB,SIGN,79,2,0.003000,0.000,0.008,1390075,620,0,7146,7146,0,405,222,80228688,29,79649169,64,0.000000,0.177037,0.177065,12364,0,115.71,80228436,80228436,736,267,SUCCESS,579505,0,warm20,6090752,1017312,74809588,976384,,,,,64,14,used,,,,20260905-1028
2026-09-05 10:59:31,HAUSP-UB,SIGN,80,2,0.003000,0.000,0.008,1404925,626,0,7157,7157,0,405,221,80040977,29,79466757,65,0.000000,0.176620,0.176649,12159,0,115.73,80040725,80040725,736,267,SUCCESS,574206,0,warm20,6098944,1027168,74809588,984704,,,,,65,14,used,,,,20260905-1028
2026-09-05 10:59:39,HAUSP-UB,SIGN,81,2,0.003000,0.000,0.008,1419540,632,0,7186,7186,0,403,220,79894102,29,79321761,66,0.000000,0.176665,0.176694,12230,0,115.74,79893850,79893850,735,267,SUCCESS,572327,0,warm20,6107136,1037088,74809588,989824,,,,,66,14,used,,,,20260905-1028
2026-09-05 10:59:46,HAUSP-UB,SIGN,82,2,0.003000,0.000,0.008,1430972,638,0,7248,7248,0,405,221,80062600,29,79488739,66,0.000000,0.176688,0.176717,12165,0,116.00,80062348,80062348,739,267,SUCCESS,573847,0,warm20,6115328,1046080,74809588,1000064,,,,,66,14,used,,,,20260905-1028
2026-09-05 10:59:53,HAUSP-UB,SIGN,83,2,0.003000,0.000,0.008,1446547,644,0,7272,7272,0,403,220,79800848,30,79229059,66,0.000000,0.176675,0.176703,12128,0,116.01,79800596,79800596,735,267,SUCCESS,571774,0,warm20,6119424,1057088,74809588,1011840,,,,,66,15,used,,,,20260905-1028
2026-09-05 11:00:00,HAUSP-UB,SIGN,84,2,0.003000,0.000,0.008,1466019,650,0,7403,7403,0,408,222,80647176,30,80070755,68,0.000000,0.176547,0.176576,12206,0,116.05,80646925,80646925,740,267,SUCCESS,576407,0,warm20,6139904,1069536,74809588,1017728,,,,,68,14,used,,,,20260905-1028
2026-09-05 11:00:08,HAUSP-UB,SIGN,85,2,0.003000,0.000,0.008,1477721,656,0,7366,7366,0,402,220,79974658,31,79404048,70,0.000000,0.176535,0.176563,12122,0,116.28,79974407,79974407,737,267,SUCCESS,570595,0,warm20,6180864,1078816,74809588,1017728,,,,,70,15,used,,,,20260905-1028
2026-09-05 11:00:15,HAUSP-UB,SIGN,86,2,0.003000,0.000,0.008,1489446,662,0,7361,7361,0,399,217,79494634,31,78928369,68,0.000000,0.176775,0.176803,12092,0,116.31,79494383,79494383,739,267,SUCCESS,566250,0,warm20,6189056,1088704,74809588,1024000,,,,,68,15,used,,,,20260905-1028
2026-09-05 11:00:23,HAUSP-UB,SIGN,87,2,0.003000,0.000,0.008,1504545,668,0,7462,7462,0,402,218,80120529,33,79551765,61,0.000000,0.176814,0.176842,12261,0,116.35,80120278,80120278,741,267,SUCCESS,568747,0,warm20,6254592,1099744,74809588,1037824,,,,,61,17,used,,,,20260905-1028
2026-09-05 11:00:30,HAUSP-UB,SIGN,88,2,0.003000,0.000,0.008,1520720,674,0,7584,7584,0,406,220,80933119,33,80360792,61,0.000000,0.177065,0.177093,12357,0,116.60,80932869,80932865,747,267,SUCCESS,572311,0,warm20,6254592,1111488,74809588,1038720,,,,,61,16,used,,,,20260905-1028
2026-09-05 11:00:38,HAUSP-UB,SIGN,89,2,0.003000,0.000,0.008,1534926,680,0,7633,7633,0,407,219,80921076,33,80350131,62,0.000000,0.177483,0.177511,12454,0,116.65,80920826,80920826,747,267,SUCCESS,570929,0,warm20,6352896,1122208,74809588,1050240,,,,,62,16,used,,,,20260905-1028
2026-09-05 11:00:46,HAUSP-UB,SIGN,90,2,0.003000,0.000,0.008,1553182,686,0,7804,7805,0,415,223,82065138,33,81486843,70,0.000000,0.177822,0.177849,12724,0,116.90,82064888,82064884,751,267,SUCCESS,578279,0,warm20,6352896,1133856,74809588,1058432,,,,,70,16,used,,,,20260905-1028
2026-09-05 11:00:54,HAUSP-UB,SIGN,91,2,0.003000,0.000,0.008,1569089,692,0,7936,7936,0,420,224,82934367,33,82351140,66,0.000000,0.178026,0.178053,12856,0,117.19,82934117,82934116,752,267,SUCCESS,583211,0,warm20,6467584,1145408,74809588,1059584,,,,,66,16,used,,,,20260905-1028
2026-09-05 11:01:02,HAUSP-UB,SIGN,92,2,0.003000,0.000,0.008,1586819,698,0,8116,8116,0,428,227,84491627,33,83901981,62,0.000000,0.178120,0.178147,12860,0,117.22,84491378,84491377,753,267,SUCCESS,589631,0,warm20,6483968,1157856,74809588,1068544,,,,,62,15,used,,,,20260905-1028
2026-09-05 11:01:10,HAUSP-UB,SIGN,93,2,0.003000,0.000,0.008,1606504,704,0,8336,8336,0,439,232,86631140,33,86030371,64,0.000000,0.177087,0.177113,12872,0,117.45,86630891,86630890,754,267,SUCCESS,600754,0,warm20,6542336,1170784,74809588,1089280,,,,,64,15,used,,,,20260905-1028
2026-09-05 11:01:18,HAUSP-UB,SIGN,94,2,0.003000,0.000,0.008,1616945,710,0,8374,8374,0,437,231,86507733,32,85907977,64,0.000000,0.177510,0.177536,12890,0,117.70,86507484,86507484,754,267,SUCCESS,599742,0,warm20,6640640,1179744,74809588,1089792,,,,,64,14,used,,,,20260905-1028
2026-09-05 11:01:27,HAUSP-UB,SIGN,95,2,0.003000,0.000,0.008,1631610,716,0,8461,8461,0,441,232,87399104,32,86797625,65,0.000000,0.176734,0.176761,12886,0,118.01,87398855,87398855,753,267,SUCCESS,601465,0,warm20,6778880,1189984,74809588,1095424,,,,,65,14,used,,,,20260905-1028
2026-09-05 11:01:35,HAUSP-UB,SIGN,96,2,0.003000,0.000,0.008,1649145,722,0,8516,8516,0,439,231,87309066,32,86708678,63,0.000000,0.176659,0.176686,12904,0,118.27,87308817,87308817,752,267,SUCCESS,600374,0,warm20,6881280,1201088,74809588,1096448,,,,,63,14,used,,,,20260905-1028
2026-09-05 11:01:44,HAUSP-UB,SIGN,97,2,0.003000,0.000,0.008,1663324,728,0,8521,8521,0,439,229,86979361,32,86382873,61,0.000000,0.176163,0.176190,12728,0,118.53,86979112,86979110,756,267,SUCCESS,596474,0,warm20,6979584,1211648,74809588,1099776,,,,,61,14,used,,,,20260905-1028
2026-09-05 11:01:52,HAUSP-UB,SIGN,98,2,0.003000,0.000,0.008,1668652,730,0,8514,8514,0,439,229,86623963,32,86030002,60,0.000000,0.176058,0.176085,12666,0,118.76,86623714,86623714,754,267,SUCCESS,593947,0,warm20,7077888,1214656,74809588,1107968,,,,,60,14,used,,,,20260905-1028
2026-09-05 11:02:01,HAUSP-UB,SIGN,99,2,0.003000,0.000,0.008,1668652,730,0,8512,8512,0,438,229,86623963,32,86030002,60,0.000000,0.176058,0.176085,12666,0,118.84,86623714,86623714,754,267,SUCCESS,593947,0,warm20,7200768,1214656,74809588,1107968,,,,,60,14,used,,,,20260905-1028
2026-09-05 11:02:22,EHAUSM-I,SIGN,0,0,0.003000,0.000,0.200,319686,146,22,20555,20578,0,0,0,106349081,0,104965619,0,0.455007,0.000000,0.000000,23387,0,1194.02,0,0,0,0,SUCCESS,0,1,warm20,,,,,,,,,,,used,,,,20260905-1028
2026-09-05 11:02:27,EHAUSM-I,SIGN,1,0,0.003000,0.000,0.008,334092,152,0,4855,4855,0,0,0,10288822,0,8936539,0,0.435039,0.000000,0.000000,23347,0,4301.49,0,0,0,0,SUCCESS,0,1,warm20,,,,,,,,,,,used,,,,20260905-1028
2026-09-05 11:02:31,EHAUSM-I,SIGN,2,0,0.003000,0.000,0.008,345121,158,0,3504,3505,0,0,0,5443189,0,4141032,0,0.377264,0.000000,0.000000,23125,0,5771.58,0,0,0,0,SUCCESS,0,1,warm20,,,,,,,,,,,used,,,,20260905-1028
2026-09-05 11:02:37,EHAUSM-I,SIGN,3,0,0.003000,0.000,0.008,358047,164,0,5481,5481,0,0,0,9573676,0,8288212,0,0.413652,0.000000,0.000000,22486,0,6441.26,0,0,0,0,SUCCESS,0,1,warm20,,,,,,,,,,,used,,,,20260905-1028
2026-09-05 11:02:39,EHAUSM-I,SIGN,4,0,0.003000,0.000,0.008,369331,170,0,2622,2622,0,0,0,3569403,0,2356131,0,0.384754,0.000000,0.000000,21958,0,6489.26,0,0,0,0,SUCCESS,0,1,warm20,,,,,,,,,,,used,,,,20260905-1028
2026-09-05 11:02:45,EHAUSM-I,SIGN,5,0,0.003000,0.000,0.008,383289,176,0,5363,5363,0,0,0,8922941,0,7741615,0,0.391145,0.000000,0.000000,21751,0,4673.07,0,0,0,0,SUCCESS,0,1,warm20,,,,,,,,,,,used,,,,20260905-1028
2026-09-05 11:02:48,EHAUSM-I,SIGN,6,0,0.003000,0.000,0.008,393230,182,0,3294,3294,0,0,0,4240412,0,3105813,0,0.453021,0.000000,0.000000,21796,0,7020.56,0,0,0,0,SUCCESS,0,1,warm20,,,,,,,,,,,used,,,,20260905-1028
2026-09-05 11:02:52,EHAUSM-I,SIGN,7,0,0.003000,0.000,0.008,408594,188,0,3231,3231,0,0,0,5568099,0,4498255,0,0.415693,0.000000,0.000000,20533,0,4930.92,0,0,0,0,SUCCESS,0,1,warm20,,,,,,,,,,,used,,,,20260905-1028
2026-09-05 11:02:58,EHAUSM-I,SIGN,8,0,0.003000,0.000,0.008,428453,194,0,5933,5934,0,0,0,12107367,1,11011691,0,0.414736,0.000000,0.000000,20113,0,6703.81,0,0,0,0,SUCCESS,0,1,warm20,,,,,,,,,,,used,,,,20260905-1028
2026-09-05 11:03:05,EHAUSM-I,SIGN,9,0,0.003000,0.000,0.008,446004,200,0,6704,6704,0,0,0,17236631,1,16029097,0,0.457766,0.000000,0.000000,19376,0,7392.00,0,0,0,0,SUCCESS,0,1,warm20,,,,,,,,,,,used,,,,20260905-1028
2026-09-05 11:03:07,EHAUSM-I,SIGN,10,0,0.003000,0.000,0.008,456476,206,0,2083,2083,0,0,0,2949555,1,1801088,0,0.403057,0.000000,0.000000,18895,0,7584.00,0,0,0,0,SUCCESS,0,1,warm20,,,,,,,,,,,used,,,,20260905-1028
2026-09-05 11:03:09,EHAUSM-I,SIGN,11,0,0.003000,0.000,0.008,466138,212,0,1670,1670,0,0,0,2560673,1,1464958,0,0.362251,0.000000,0.000000,18242,0,6559.91,0,0,0,0,SUCCESS,0,1,warm20,,,,,,,,,,,used,,,,20260905-1028
2026-09-05 11:03:14,EHAUSM-I,SIGN,12,0,0.003000,0.000,0.008,480433,218,0,5527,5527,0,0,0,8161881,1,7088650,0,0.440303,0.000000,0.000000,18295,0,11863.59,0,0,0,0,SUCCESS,0,1,warm20,,,,,,,,,,,used,,,,20260905-1028
2026-09-05 11:03:21,EHAUSM-I,SIGN,13,0,0.003000,0.000,0.008,496413,224,0,6602,6603,0,0,0,9894296,2,8823550,0,0.441975,0.000000,0.000000,19145,0,11351.73,0,0,0,0,SUCCESS,0,1,warm20,,,,,,,,,,,used,,,,20260905-1028
2026-09-05 11:03:25,EHAUSM-I,SIGN,14,0,0.003000,0.000,0.008,507190,230,0,3472,3473,0,0,0,4360329,2,3317451,0,0.403596,0.000000,0.000000,18586,0,4559.92,0,0,0,0,SUCCESS,0,1,warm20,,,,,,,,,,,used,,,,20260905-1028
2026-09-05 11:03:33,EHAUSM-I,SIGN,15,0,0.003000,0.000,0.008,518654,236,0,8065,8065,0,0,0,11521523,2,10454205,0,0.433380,0.000000,0.000000,19660,0,7255.60,0,0,0,0,SUCCESS,0,1,warm20,,,,,,,,,,,used,,,,20260905-1028
2026-09-05 11:03:43,EHAUSM-I,SIGN,16,0,0.003000,0.000,0.008,536314,242,0,9310,9310,0,0,0,13875828,2,12775844,0,0.410167,0.000000,0.000000,20004,0,9848.00,0,0,0,0,SUCCESS,0,1,warm20,,,,,,,,,,,used,,,,20260905-1028
2026-09-05 11:03:45,EHAUSM-I,SIGN,17,0,0.003000,0.000,0.008,544548,248,0,1885,1885,0,0,0,2486702,2,1421976,0,0.378039,0.000000,0.000000,19532,0,9704.00,0,0,0,0,SUCCESS,0,1,warm20,,,,,,,,,,,used,,,,20260905-1028
2026-09-05 11:03:49,EHAUSM-I,SIGN,18,0,0.003000,0.000,0.008,556990,254,0,4383,4384,0,0,0,4978911,2,3945685,0,0.387466,0.000000,0.000000,18960,0,9757.47,0,0,0,0,SUCCESS,0,1,warm20,,,,,,,,,,,used,,,,20260905-1028
2026-09-05 11:03:55,EHAUSM-I,SIGN,19,0,0.003000,0.000,0.008,569490,260,0,6064,6064,0,0,0,6193410,2,5169635,0,0.379130,0.000000,0.000000,18933,0,9515.31,0,0,0,0,SUCCESS,0,1,warm20,,,,,,,,,,,used,,,,20260905-1028
2026-09-05 11:04:03,EHAUSM-I,SIGN,20,0,0.003000,0.000,0.008,587283,266,0,6911,6911,0,0,0,11526897,2,10466313,0,0.354344,0.000000,0.000000,18422,0,6941.85,0,0,0,0,SUCCESS,0,1,warm20,,,,,,,,,,,used,,,,20260905-1028
2026-09-05 11:04:08,EHAUSM-I,SIGN,21,0,0.003000,0.000,0.008,601918,272,0,5489,5489,0,0,0,6070721,1,5025904,0,0.386103,0.000000,0.000000,18161,0,7493.85,0,0,0,0,SUCCESS,0,1,warm20,,,,,,,,,,,used,,,,20260905-1028
2026-09-05 11:04:14,EHAUSM-I,SIGN,22,0,0.003000,0.000,0.008,613134,278,0,6211,6211,0,0,0,5767452,1,4737696,0,0.413097,0.000000,0.000000,18187,0,6936.00,0,0,0,0,SUCCESS,0,1,warm20,,,,,,,,,,,used,,,,20260905-1028
2026-09-05 11:04:16,EHAUSM-I,SIGN,23,0,0.003000,0.000,0.008,625156,284,0,1622,1623,0,0,0,1845814,2,862359,0,0.310437,0.000000,0.000000,17486,0,2563.92,0,0,0,0,SUCCESS,0,1,warm20,,,,,,,,,,,used,,,,20260905-1028
2026-09-05 11:04:19,EHAUSM-I,SIGN,24,0,0.003000,0.000,0.008,639272,290,0,3120,3120,0,0,0,3636397,2,2689447,0,0.369529,0.000000,0.000000,17307,0,3331.91,0,0,0,0,SUCCESS,0,1,warm20,,,,,,,,,,,used,,,,20260905-1028
2026-09-05 11:04:25,EHAUSM-I,SIGN,25,0,0.003000,0.000,0.008,650468,296,0,5552,5552,0,0,0,5171306,3,4238241,0,0.390664,0.000000,0.000000,17338,0,9835.50,0,0,0,0,SUCCESS,0,1,warm20,,,,,,,,,,,used,,,,20260905-1028
2026-09-05 11:04:29,EHAUSM-I,SIGN,26,0,0.003000,0.000,0.008,661807,302,0,4363,4363,0,0,0,4170307,5,3248276,0,0.362434,0.000000,0.000000,16997,0,6448.00,0,0,0,0,SUCCESS,0,1,warm20,,,,,,,,,,,used,,,,20260905-1028
2026-09-05 11:04:32,EHAUSM-I,SIGN,27,0,0.003000,0.000,0.008,671849,308,0,2125,2126,0,0,0,2100289,6,1205130,0,0.340752,0.000000,0.000000,16446,0,4360.00,0,0,0,0,SUCCESS,0,1,warm20,,,,,,,,,,,used,,,,20260905-1028
2026-09-05 11:04:36,EHAUSM-I,SIGN,28,0,0.003000,0.000,0.008,682126,314,0,4755,4755,0,0,0,3927330,6,3046100,0,0.412920,0.000000,0.000000,16420,0,7920.00,0,0,0,0,SUCCESS,0,1,warm20,,,,,,,,,,,used,,,,20260905-1028
2026-09-05 11:04:44,EHAUSM-I,SIGN,29,0,0.003000,0.000,0.008,695776,320,0,7648,7648,0,0,0,8917924,6,8023690,0,0.413240,0.000000,0.000000,16853,0,10030.79,0,0,0,0,SUCCESS,0,1,warm20,,,,,,,,,,,used,,,,20260905-1028
2026-09-05 11:04:48,EHAUSM-I,SIGN,30,0,0.003000,0.000,0.008,707653,326,0,3997,3997,0,0,0,3547772,6,2672099,0,0.372790,0.000000,0.000000,16464,0,5288.00,0,0,0,0,SUCCESS,0,1,warm20,,,,,,,,,,,used,,,,20260905-1028
2026-09-05 11:04:50,EHAUSM-I,SIGN,31,0,0.003000,0.000,0.008,720279,332,0,2124,2124,0,0,0,2472630,6,1624330,0,0.344999,0.000000,0.000000,15898,0,10648.00,0,0,0,0,SUCCESS,0,1,warm20,,,,,,,,,,,used,,,,20260905-1028
2026-09-05 11:04:56,EHAUSM-I,SIGN,32,0,0.003000,0.000,0.008,730705,338,0,5327,5327,0,0,0,3679603,6,2845020,0,0.383583,0.000000,0.000000,15828,0,7880.00,0,0,0,0,SUCCESS,0,1,warm20,,,,,,,,,,,used,,,,20260905-1028
2026-09-05 11:05:02,EHAUSM-I,SIGN,33,0,0.003000,0.000,0.008,744420,344,0,6187,6187,0,0,0,5401415,8,4577867,0,0.456428,0.000000,0.000000,16554,0,7400.00,0,0,0,0,SUCCESS,0,1,warm20,,,,,,,,,,,used,,,,20260905-1028
2026-09-05 11:05:10,EHAUSM-I,SIGN,34,0,0.003000,0.000,0.008,756980,350,0,7469,7470,0,0,0,6252693,8,5431078,0,0.405462,0.000000,0.000000,16743,0,7649.28,0,0,0,0,SUCCESS,0,1,warm20,,,,,,,,,,,used,,,,20260905-1028
2026-09-05 11:05:15,EHAUSM-I,SIGN,35,0,0.003000,0.000,0.008,768219,356,0,4679,4679,0,0,0,3587094,8,2780917,0,0.404282,0.000000,0.000000,16721,0,9251.37,0,0,0,0,SUCCESS,0,1,warm20,,,,,,,,,,,used,,,,20260905-1028
2026-09-05 11:05:20,EHAUSM-I,SIGN,36,0,0.003000,0.000,0.008,777786,362,1,5380,5381,0,0,0,3690865,10,2893055,0,0.421007,0.000000,0.000000,16692,0,6051.37,0,0,0,0,SUCCESS,0,1,warm20,,,,,,,,,,,used,,,,20260905-1028
2026-09-05 11:05:28,EHAUSM-I,SIGN,37,0,0.003000,0.000,0.008,790994,368,0,7571,7571,0,0,0,6756965,10,5955887,0,0.416154,0.000000,0.000000,16986,0,9521.86,0,0,0,0,SUCCESS,0,1,warm20,,,,,,,,,,,used,,,,20260905-1028
2026-09-05 11:05:33,EHAUSM-I,SIGN,38,0,0.003000,0.000,0.008,803248,374,0,5001,5002,0,0,0,3565935,9,2777969,0,0.408027,0.000000,0.000000,16821,0,5856.89,0,0,0,0,SUCCESS,0,1,warm20,,,,,,,,,,,used,,,,20260905-1028
2026-09-05 11:05:39,EHAUSM-I,SIGN,39,0,0.003000,0.000,0.008,817420,380,0,5642,5643,0,0,0,4331129,9,3552919,0,0.409584,0.000000,0.000000,16757,0,10936.89,0,0,0,0,SUCCESS,0,1,warm20,,,,,,,,,,,used,,,,20260905-1028
2026-09-05 11:05:45,EHAUSM-I,SIGN,40,0,0.003000,0.000,0.008,828605,386,0,6063,6063,0,0,0,4090810,10,3315675,0,0.395392,0.000000,0.000000,16796,0,9588.18,0,0,0,0,SUCCESS,0,1,warm20,,,,,,,,,,,used,,,,20260905-1028
2026-09-05 11:05:51,EHAUSM-I,SIGN,41,0,0.003000,0.000,0.008,840915,392,0,6610,6611,0,0,0,4938308,10,4169592,0,0.405874,0.000000,0.000000,16767,0,6712.00,0,0,0,0,SUCCESS,0,1,warm20,,,,,,,,,,,used,,,,20260905-1028
2026-09-05 11:05:58,EHAUSM-I,SIGN,42,0,0.003000,0.000,0.008,851890,398,0,6307,6307,0,0,0,4071843,10,3308202,0,0.418596,0.000000,0.000000,17093,0,5736.00,0,0,0,0,SUCCESS,0,1,warm20,,,,,,,,,,,used,,,,20260905-1028
2026-09-05 11:06:04,EHAUSM-I,SIGN,43,0,0.003000,0.000,0.008,867106,404,0,6331,6332,0,0,0,5170234,9,4411323,0,0.395902,0.000000,0.000000,16906,0,5503.12,0,0,0,0,SUCCESS,0,1,warm20,,,,,,,,,,,used,,,,20260905-1028
2026-09-05 11:06:10,EHAUSM-I,SIGN,44,0,0.003000,0.000,0.008,884460,410,0,5251,5251,0,0,0,4628915,12,3876980,0,0.383507,0.000000,0.000000,16490,0,9707.36,0,0,0,0,SUCCESS,0,1,warm20,,,,,,,,,,,used,,,,20260905-1028
2026-09-05 11:06:13,EHAUSM-I,SIGN,45,0,0.003000,0.000,0.008,901027,416,0,3602,3602,0,0,0,3269866,13,2535986,0,0.348284,0.000000,0.000000,15893,0,10632.46,0,0,0,0,SUCCESS,0,1,warm20,,,,,,,,,,,used,,,,20260905-1028
2026-09-05 11:06:18,EHAUSM-I,SIGN,46,0,0.003000,0.000,0.008,916886,422,0,4450,4450,0,0,0,4297782,13,3574823,0,0.395263,0.000000,0.000000,15488,0,6465.31,0,0,0,0,SUCCESS,0,1,warm20,,,,,,,,,,,used,,,,20260905-1028
2026-09-05 11:06:21,EHAUSM-I,SIGN,47,0,0.003000,0.000,0.008,933116,428,0,3495,3495,0,0,0,2952826,12,2243760,0,0.368645,0.000000,0.000000,15117,0,6378.39,0,0,0,0,SUCCESS,0,1,warm20,,,,,,,,,,,used,,,,20260905-1028
2026-09-05 11:06:25,EHAUSM-I,SIGN,48,0,0.003000,0.000,0.008,947537,434,0,3695,3695,0,0,0,3105594,12,2408192,0,0.375614,0.000000,0.000000,14733,0,5623.26,0,0,0,0,SUCCESS,0,1,warm20,,,,,,,,,,,used,,,,20260905-1028
2026-09-05 11:06:28,EHAUSM-I,SIGN,49,0,0.003000,0.000,0.008,957204,440,0,2973,2973,0,0,0,1688257,12,1003505,0,0.357825,0.000000,0.000000,14599,0,2580.43,0,0,0,0,SUCCESS,0,1,warm20,,,,,,,,,,,used,,,,20260905-1028
2026-09-05 11:06:32,EHAUSM-I,SIGN,50,0,0.003000,0.000,0.008,967022,446,0,3721,3721,0,0,0,2330194,11,1652784,0,0.390908,0.000000,0.000000,14609,0,9876.43,0,0,0,0,SUCCESS,0,1,warm20,,,,,,,,,,,used,,,,20260905-1028
2026-09-05 11:06:38,EHAUSM-I,SIGN,51,0,0.003000,0.000,0.008,979636,452,0,5913,5913,0,0,0,3988063,11,3308579,0,0.390625,0.000000,0.000000,14554,0,7224.00,0,0,0,0,SUCCESS,0,1,warm20,,,,,,,,,,,used,,,,20260905-1028
2026-09-05 11:06:42,EHAUSM-I,SIGN,52,0,0.003000,0.000,0.008,990505,458,0,3700,3700,0,0,0,2097785,11,1428630,0,0.371789,0.000000,0.000000,14363,0,7357.39,0,0,0,0,SUCCESS,0,1,warm20,,,,,,,,,,,used,,,,20260905-1028
2026-09-05 11:06:43,EHAUSM-I,SIGN,53,0,0.003000,0.000,0.008,1001386,464,0,1577,1578,0,0,0,1177616,11,523640,0,0.327033,0.000000,0.000000,14056,0,3261.38,0,0,0,0,SUCCESS,0,1,warm20,,,,,,,,,,,used,,,,20260905-1028
2026-09-05 11:06:50,EHAUSM-I,SIGN,54,0,0.003000,0.000,0.008,1016244,470,0,6418,6419,0,0,0,4283695,11,3633493,0,0.420723,0.000000,0.000000,13905,0,9197.38,0,0,0,0,SUCCESS,0,1,warm20,,,,,,,,,,,used,,,,20260905-1028
2026-09-05 11:06:55,EHAUSM-I,SIGN,55,0,0.003000,0.000,0.008,1027129,476,0,4677,4677,0,0,0,2472198,13,1827686,0,0.386123,0.000000,0.000000,13871,0,4557.38,0,0,0,0,SUCCESS,0,1,warm20,,,,,,,,,,,used,,,,20260905-1028
2026-09-05 11:07:00,EHAUSM-I,SIGN,56,0,0.003000,0.000,0.008,1047408,482,0,4968,4969,0,0,0,4266067,12,3628390,0,0.372336,0.000000,0.000000,13478,0,8109.38,0,0,0,0,SUCCESS,0,1,warm20,,,,,,,,,,,used,,,,20260905-1028
2026-09-05 11:07:05,EHAUSM-I,SIGN,57,0,0.003000,0.000,0.008,1060421,488,0,5559,5559,0,0,0,2834726,12,2203775,0,0.390365,0.000000,0.000000,13277,0,11964.51,0,0,0,0,SUCCESS,0,1,warm20,,,,,,,,,,,used,,,,20260905-1028
2026-09-05 11:07:10,EHAUSM-I,SIGN,58,0,0.003000,0.000,0.008,1079371,494,0,5040,5040,0,0,0,3773211,12,3149524,0,0.416606,0.000000,0.000000,13241,0,5946.61,0,0,0,0,SUCCESS,0,1,warm20,,,,,,,,,,,used,,,,20260905-1028
2026-09-05 11:07:15,EHAUSM-I,SIGN,59,0,0.003000,0.000,0.008,1096747,500,0,4166,4167,0,0,0,3301755,13,2680853,0,0.384372,0.000000,0.000000,13167,0,6192.00,0,0,0,0,SUCCESS,0,1,warm20,,,,,,,,,,,used,,,,20260905-1028
2026-09-05 11:07:19,EHAUSM-I,SIGN,60,0,0.003000,0.000,0.008,1110602,506,0,4504,4505,0,0,0,2726829,15,2113477,0,0.379886,0.000000,0.000000,13007,0,7728.00,0,0,0,0,SUCCESS,0,1,warm20,,,,,,,,,,,used,,,,20260905-1028
2026-09-05 11:07:23,EHAUSM-I,SIGN,61,0,0.003000,0.000,0.008,1124744,512,0,4172,4172,0,0,0,2784971,17,2179791,0,0.400047,0.000000,0.000000,12882,0,8983.59,0,0,0,0,SUCCESS,0,1,warm20,,,,,,,,,,,used,,,,20260905-1028
2026-09-05 11:07:28,EHAUSM-I,SIGN,62,0,0.003000,0.000,0.008,1139446,518,0,4927,4928,0,0,0,3975996,16,3374197,0,0.413489,0.000000,0.000000,12846,0,5371.16,0,0,0,0,SUCCESS,0,1,warm20,,,,,,,,,,,used,,,,20260905-1028
2026-09-05 11:07:35,EHAUSM-I,SIGN,63,0,0.003000,0.000,0.008,1156811,524,0,6479,6480,0,0,0,4378528,14,3783839,0,0.420085,0.000000,0.000000,12821,0,4135.59,0,0,0,0,SUCCESS,0,1,warm20,,,,,,,,,,,used,,,,20260905-1028
2026-09-05 11:07:40,EHAUSM-I,SIGN,64,0,0.003000,0.000,0.008,1169601,530,0,4683,4684,0,0,0,3138449,15,2548773,0,0.412193,0.000000,0.000000,12622,0,6478.04,0,0,0,0,SUCCESS,0,1,warm20,,,,,,,,,,,used,,,,20260905-1028
2026-09-05 11:07:45,EHAUSM-I,SIGN,65,0,0.003000,0.000,0.008,1183474,536,0,4798,4799,0,0,0,2783707,15,2199814,0,0.380521,0.000000,0.000000,12433,0,8863.59,0,0,0,0,SUCCESS,0,1,warm20,,,,,,,,,,,used,,,,20260905-1028
2026-09-05 11:07:48,EHAUSM-I,SIGN,66,0,0.003000,0.000,0.008,1194955,542,0,3130,3130,0,0,0,2092097,15,1515400,0,0.382346,0.000000,0.000000,12294,0,7902.18,0,0,0,0,SUCCESS,0,1,warm20,,,,,,,,,,,used,,,,20260905-1028
2026-09-05 11:07:51,EHAUSM-I,SIGN,67,0,0.003000,0.000,0.008,1209554,548,0,3555,3555,0,0,0,2316533,14,1748007,0,0.360568,0.000000,0.000000,12041,0,7750.18,0,0,0,0,SUCCESS,0,1,warm20,,,,,,,,,,,used,,,,20260905-1028
2026-09-05 11:07:57,EHAUSM-I,SIGN,68,0,0.003000,0.000,0.008,1225092,554,0,5777,5778,0,0,0,3739021,14,3169933,0,0.395518,0.000000,0.000000,12117,0,4748.89,0,0,0,0,SUCCESS,0,1,warm20,,,,,,,,,,,used,,,,20260905-1028
2026-09-05 11:08:05,EHAUSM-I,SIGN,69,0,0.003000,0.000,0.008,1246726,560,0,7508,7508,0,0,0,7871675,14,7284877,0,0.397207,0.000000,0.000000,12158,0,4420.60,0,0,0,0,SUCCESS,0,1,warm20,,,,,,,,,,,used,,,,20260905-1028
2026-09-05 11:08:12,EHAUSM-I,SIGN,70,0,0.003000,0.000,0.008,1265597,566,0,7589,7589,0,0,0,5457412,14,4862415,0,0.393662,0.000000,0.000000,12584,0,5872.00,0,0,0,0,SUCCESS,0,1,warm20,,,,,,,,,,,used,,,,20260905-1028
2026-09-05 11:08:20,EHAUSM-I,SIGN,71,0,0.003000,0.000,0.008,1283052,572,0,7150,7150,0,0,0,4170814,14,3574499,0,0.411081,0.000000,0.000000,12659,0,6028.18,0,0,0,0,SUCCESS,0,1,warm20,,,,,,,,,,,used,,,,20260905-1028
2026-09-05 11:08:28,EHAUSM-I,SIGN,72,0,0.003000,0.000,0.008,1300784,578,0,8361,8361,0,0,0,6139510,14,5530855,0,0.377803,0.000000,0.000000,12940,0,9240.00,0,0,0,0,SUCCESS,0,1,warm20,,,,,,,,,,,used,,,,20260905-1028
2026-09-05 11:08:36,EHAUSM-I,SIGN,73,0,0.003000,0.000,0.008,1316615,584,0,7633,7634,0,0,0,5526199,14,4914031,0,0.391536,0.000000,0.000000,12887,0,4702.83,0,0,0,0,SUCCESS,0,1,warm20,,,,,,,,,,,used,,,,20260905-1028
2026-09-05 11:08:40,EHAUSM-I,SIGN,74,0,0.003000,0.000,0.008,1330102,590,0,3842,3842,0,0,0,2538255,14,1933294,0,0.364843,0.000000,0.000000,12801,0,5558.81,0,0,0,0,SUCCESS,0,1,warm20,,,,,,,,,,,used,,,,20260905-1028
2026-09-05 11:08:43,EHAUSM-I,SIGN,75,0,0.003000,0.000,0.008,1342143,596,0,3345,3345,0,0,0,2006426,15,1409183,0,0.355933,0.000000,0.000000,12641,0,4744.00,0,0,0,0,SUCCESS,0,1,warm20,,,,,,,,,,,used,,,,20260905-1028
2026-09-05 11:08:46,EHAUSM-I,SIGN,76,0,0.003000,0.000,0.008,1352225,602,0,2896,2897,0,0,0,1408402,15,818945,0,0.308720,0.000000,0.000000,12469,0,10328.00,0,0,0,0,SUCCESS,0,1,warm20,,,,,,,,,,,used,,,,20260905-1028
2026-09-05 11:08:54,EHAUSM-I,SIGN,77,0,0.003000,0.000,0.008,1364919,608,0,8066,8066,0,0,0,3824402,15,3235311,0,0.378348,0.000000,0.000000,12515,0,8314.62,0,0,0,0,SUCCESS,0,1,warm20,,,,,,,,,,,used,,,,20260905-1028
2026-09-05 11:09:00,EHAUSM-I,SIGN,78,0,0.003000,0.000,0.008,1378844,614,0,5142,5142,0,0,0,3486788,15,2900026,0,0.397689,0.000000,0.000000,12541,0,4329.61,0,0,0,0,SUCCESS,0,1,warm20,,,,,,,,,,,used,,,,20260905-1028
2026-09-05 11:09:03,EHAUSM-I,SIGN,79,0,0.003000,0.000,0.008,1390075,620,0,3028,3029,0,0,0,1813605,15,1234164,0,0.353476,0.000000,0.000000,12364,0,3152.00,0,0,0,0,SUCCESS,0,1,warm20,,,,,,,,,,,used,,,,20260905-1028
2026-09-05 11:09:07,EHAUSM-I,SIGN,80,0,0.003000,0.000,0.008,1404925,626,0,3855,3855,0,0,0,3072004,15,2497863,0,0.373804,0.000000,0.000000,12159,0,3973.52,0,0,0,0,SUCCESS,0,1,warm20,,,,,,,,,,,used,,,,20260905-1028
2026-09-05 11:09:13,EHAUSM-I,SIGN,81,0,0.003000,0.000,0.008,1419540,632,0,6261,6262,0,0,0,3187333,15,2615072,0,0.387666,0.000000,0.000000,12230,0,8536.00,0,0,0,0,SUCCESS,0,1,warm20,,,,,,,,,,,used,,,,20260905-1028
2026-09-05 11:09:20,EHAUSM-I,SIGN,82,0,0.003000,0.000,0.008,1430972,638,0,7369,7369,0,0,0,3533426,15,2959645,0,0.369666,0.000000,0.000000,12165,0,8264.00,0,0,0,0,SUCCESS,0,1,warm20,,,,,,,,,,,used,,,,20260905-1028
2026-09-05 11:09:28,EHAUSM-I,SIGN,83,0,0.003000,0.000,0.008,1446547,644,0,7353,7354,0,0,0,3679073,15,3107365,0,0.368358,0.000000,0.000000,12128,0,8368.00,0,0,0,0,SUCCESS,0,1,warm20,,,,,,,,,,,used,,,,20260905-1028
2026-09-05 11:09:36,EHAUSM-I,SIGN,84,0,0.003000,0.000,0.008,1466019,650,0,8184,8185,0,0,0,5742603,16,5166264,0,0.362767,0.000000,0.000000,12206,0,10464.00,0,0,0,0,SUCCESS,0,1,warm20,,,,,,,,,,,used,,,,20260905-1028
2026-09-05 11:09:40,EHAUSM-I,SIGN,85,0,0.003000,0.000,0.008,1477721,656,0,3545,3546,0,0,0,2328380,16,1757855,0,0.372567,0.000000,0.000000,12122,0,9254.90,0,0,0,0,SUCCESS,0,1,warm20,,,,,,,,,,,used,,,,20260905-1028
2026-09-05 11:09:44,EHAUSM-I,SIGN,86,0,0.003000,0.000,0.008,1489446,662,0,4260,4260,0,0,0,2753953,16,2187771,0,0.386047,0.000000,0.000000,12092,0,9067.72,0,0,0,0,SUCCESS,0,1,warm20,,,,,,,,,,,used,,,,20260905-1028
2026-09-05 11:09:52,EHAUSM-I,SIGN,87,0,0.003000,0.000,0.008,1504545,668,0,7723,7723,0,0,0,5286351,16,4717665,0,0.395645,0.000000,0.000000,12261,0,3163.72,0,0,0,0,SUCCESS,0,1,warm20,,,,,,,,,,,used,,,,20260905-1028
2026-09-05 11:10:01,EHAUSM-I,SIGN,88,0,0.003000,0.000,0.008,1520720,674,0,8557,8557,0,0,0,5266965,17,4694715,0,0.401806,0.000000,0.000000,12357,0,5784.84,0,0,0,0,SUCCESS,0,1,warm20,,,,,,,,,,,used,,,,20260905-1028
2026-09-05 11:10:08,EHAUSM-I,SIGN,89,0,0.003000,0.000,0.008,1534926,680,0,7419,7419,0,0,0,3940487,17,3369620,0,0.389240,0.000000,0.000000,12454,0,5979.72,0,0,0,0,SUCCESS,0,1,warm20,,,,,,,,,,,used,,,,20260905-1028
2026-09-05 11:10:18,EHAUSM-I,SIGN,90,0,0.003000,0.000,0.008,1553182,686,0,9405,9405,0,0,0,6289826,17,5711617,0,0.400723,0.000000,0.000000,12724,0,10600.71,0,0,0,0,SUCCESS,0,1,warm20,,,,,,,,,,,used,,,,20260905-1028
2026-09-05 11:10:27,EHAUSM-I,SIGN,91,0,0.003000,0.000,0.008,1569089,692,0,9505,9505,0,0,0,5864758,17,5281613,0,0.395726,0.000000,0.000000,12856,0,5552.79,0,0,0,0,SUCCESS,0,1,warm20,,,,,,,,,,,used,,,,20260905-1028
2026-09-05 11:10:38,EHAUSM-I,SIGN,92,0,0.003000,0.000,0.008,1586819,698,0,10712,10712,0,0,0,6927324,18,6337755,0,0.410029,0.000000,0.000000,12860,0,6302.59,0,0,0,0,SUCCESS,0,1,warm20,,,,,,,,,,,used,,,,20260905-1028
2026-09-05 11:10:49,EHAUSM-I,SIGN,93,0,0.003000,0.000,0.008,1606504,704,0,10182,10182,0,0,0,7595912,18,6995222,0,0.372524,0.000000,0.000000,12872,0,7159.30,0,0,0,0,SUCCESS,0,1,warm20,,,,,,,,,,,used,,,,20260905-1028
2026-09-05 11:10:56,EHAUSM-I,SIGN,94,0,0.003000,0.000,0.008,1616945,710,0,6939,6939,0,0,0,2869002,18,2269324,0,0.390843,0.000000,0.000000,12890,0,5703.19,0,0,0,0,SUCCESS,0,1,warm20,,,,,,,,,,,used,,,,20260905-1028
2026-09-05 11:11:03,EHAUSM-I,SIGN,95,0,0.003000,0.000,0.008,1631610,716,0,7305,7305,0,0,0,4383974,18,3782574,0,0.352245,0.000000,0.000000,12886,0,3161.74,0,0,0,0,SUCCESS,0,1,warm20,,,,,,,,,,,used,,,,20260905-1028
2026-09-05 11:11:11,EHAUSM-I,SIGN,96,0,0.003000,0.000,0.008,1649145,722,0,8331,8332,0,0,0,4722811,18,4122500,0,0.397764,0.000000,0.000000,12904,0,4032.00,0,0,0,0,SUCCESS,0,1,warm20,,,,,,,,,,,used,,,,20260905-1028
2026-09-05 11:11:17,EHAUSM-I,SIGN,97,0,0.003000,0.000,0.008,1663324,728,0,5299,5299,0,0,0,3249597,18,2653184,0,0.369632,0.000000,0.000000,12728,0,7269.30,0,0,0,0,SUCCESS,0,1,warm20,,,,,,,,,,,used,,,,20260905-1028
2026-09-05 11:11:18,EHAUSM-I,SIGN,98,0,0.003000,0.000,0.008,1668652,730,0,1690,1690,0,0,0,1000548,18,406661,0,0.280130,0.000000,0.000000,12666,0,3840.00,0,0,0,0,SUCCESS,0,1,warm20,,,,,,,,,,,used,,,,20260905-1028
2026-09-05 11:11:19,EHAUSM-I,SIGN,99,0,0.003000,0.000,0.008,1668652,730,0,114,114,0,0,0,593898,18,11,0,0.217673,0.000000,0.000000,12666,0,4280.00,0,0,0,0,SUCCESS,0,1,warm20,,,,,,,,,,,used,,,,20260905-1028
2026-09-05 11:11:39,EHAUSM-I,SIGN,0,1,0.003000,0.000,0.200,319686,146,14,19563,19577,0,0,0,106349081,0,104965619,0,0.455007,0.000000,0.000000,23387,0,1533.39,0,0,0,0,SUCCESS,0,1,warm20,,,,,,,,,,,used,,,,20260905-1028
2026-09-05 11:11:44,EHAUSM-I,SIGN,1,1,0.003000,0.000,0.008,334092,152,0,4772,4772,0,0,0,10288822,0,8936539,0,0.435039,0.000000,0.000000,23347,0,3635.15,0,0,0,0,SUCCESS,0,1,warm20,,,,,,,,,,,used,,,,20260905-1028
2026-09-05 11:11:48,EHAUSM-I,SIGN,2,1,0.003000,0.000,0.008,345121,158,0,3539,3539,0,0,0,5443189,0,4141032,0,0.377264,0.000000,0.000000,23125,0,6837.72,0,0,0,0,SUCCESS,0,1,warm20,,,,,,,,,,,used,,,,20260905-1028
2026-09-05 11:11:53,EHAUSM-I,SIGN,3,1,0.003000,0.000,0.008,358047,164,0,5522,5522,0,0,0,9573676,0,8288212,0,0.413652,0.000000,0.000000,22486,0,3616.00,0,0,0,0,SUCCESS,0,1,warm20,,,,,,,,,,,used,,,,20260905-1028
2026-09-05 11:11:56,EHAUSM-I,SIGN,4,1,0.003000,0.000,0.008,369331,170,0,2579,2579,0,0,0,3569403,0,2356131,0,0.384754,0.000000,0.000000,21958,0,6480.00,0,0,0,0,SUCCESS,0,1,warm20,,,,,,,,,,,used,,,,20260905-1028
2026-09-05 11:12:01,EHAUSM-I,SIGN,5,1,0.003000,0.000,0.008,383289,176,0,5217,5217,0,0,0,8922941,0,7741615,0,0.391145,0.000000,0.000000,21751,0,5746.84,0,0,0,0,SUCCESS,0,1,warm20,,,,,,,,,,,used,,,,20260905-1028
2026-09-05 11:12:05,EHAUSM-I,SIGN,6,1,0.003000,0.000,0.008,393230,182,0,3285,3285,0,0,0,4240412,0,3105813,0,0.453021,0.000000,0.000000,21796,0,3528.00,0,0,0,0,SUCCESS,0,1,warm20,,,,,,,,,,,used,,,,20260905-1028
2026-09-05 11:12:08,EHAUSM-I,SIGN,7,1,0.003000,0.000,0.008,408594,188,0,3235,3235,0,0,0,5568099,0,4498255,0,0.415693,0.000000,0.000000,20533,0,3560.00,0,0,0,0,SUCCESS,0,1,warm20,,,,,,,,,,,used,,,,20260905-1028
2026-09-05 11:12:14,EHAUSM-I,SIGN,8,1,0.003000,0.000,0.008,428453,194,0,5966,5966,0,0,0,12107367,1,11011691,0,0.414736,0.000000,0.000000,20113,0,8192.00,0,0,0,0,SUCCESS,0,1,warm20,,,,,,,,,,,used,,,,20260905-1028
2026-09-05 11:12:21,EHAUSM-I,SIGN,9,1,0.003000,0.000,0.008,446004,200,0,6691,6691,0,0,0,17236631,1,16029097,0,0.457766,0.000000,0.000000,19376,0,3790.66,0,0,0,0,SUCCESS,0,1,warm20,,,,,,,,,,,used,,,,20260905-1028
2026-09-05 11:12:23,EHAUSM-I,SIGN,10,1,0.003000,0.000,0.008,456476,206,0,2056,2056,0,0,0,2949555,1,1801088,0,0.403057,0.000000,0.000000,18895,0,4547.89,0,0,0,0,SUCCESS,0,1,warm20,,,,,,,,,,,used,,,,20260905-1028
2026-09-05 11:12:25,EHAUSM-I,SIGN,11,1,0.003000,0.000,0.008,466138,212,0,1663,1663,0,0,0,2560673,1,1464958,0,0.362251,0.000000,0.000000,18242,0,4048.00,0,0,0,0,SUCCESS,0,1,warm20,,,,,,,,,,,used,,,,20260905-1028
2026-09-05 11:12:31,EHAUSM-I,SIGN,12,1,0.003000,0.000,0.008,480433,218,0,5483,5483,0,0,0,8161881,1,7088650,0,0.440303,0.000000,0.000000,18295,0,8154.20,0,0,0,0,SUCCESS,0,1,warm20,,,,,,,,,,,used,,,,20260905-1028
2026-09-05 11:12:37,EHAUSM-I,SIGN,13,1,0.003000,0.000,0.008,496413,224,0,6558,6559,0,0,0,9894296,2,8823550,0,0.441975,0.000000,0.000000,19145,0,6504.00,0,0,0,0,SUCCESS,0,1,warm20,,,,,,,,,,,used,,,,20260905-1028
2026-09-05 11:12:41,EHAUSM-I,SIGN,14,1,0.003000,0.000,0.008,507190,230,0,3484,3485,0,0,0,4360329,2,3317451,0,0.403596,0.000000,0.000000,18586,0,5320.00,0,0,0,0,SUCCESS,0,1,warm20,,,,,,,,,,,used,,,,20260905-1028
2026-09-05 11:12:49,EHAUSM-I,SIGN,15,1,0.003000,0.000,0.008,518654,236,0,8054,8055,0,0,0,11521523,2,10454205,0,0.433380,0.000000,0.000000,19660,0,5456.00,0,0,0,0,SUCCESS,0,1,warm20,,,,,,,,,,,used,,,,20260905-1028
2026-09-05 11:12:59,EHAUSM-I,SIGN,16,1,0.003000,0.000,0.008,536314,242,0,9308,9308,0,0,0,13875828,2,12775844,0,0.410167,0.000000,0.000000,20004,0,3569.78,0,0,0,0,SUCCESS,0,1,warm20,,,,,,,,,,,used,,,,20260905-1028
2026-09-05 11:13:01,EHAUSM-I,SIGN,17,1,0.003000,0.000,0.008,544548,248,0,1847,1847,0,0,0,2486702,2,1421976,0,0.378039,0.000000,0.000000,19532,0,3416.00,0,0,0,0,SUCCESS,0,1,warm20,,,,,,,,,,,used,,,,20260905-1028
2026-09-05 11:13:05,EHAUSM-I,SIGN,18,1,0.003000,0.000,0.008,556990,254,0,4379,4380,0,0,0,4978911,2,3945685,0,0.387466,0.000000,0.000000,18960,0,3736.00,0,0,0,0,SUCCESS,0,1,warm20,,,,,,,,,,,used,,,,20260905-1028
2026-09-05 11:13:11,EHAUSM-I,SIGN,19,1,0.003000,0.000,0.008,569490,260,0,6053,6053,0,0,0,6193410,2,5169635,0,0.379130,0.000000,0.000000,18933,0,6135.68,0,0,0,0,SUCCESS,0,1,warm20,,,,,,,,,,,used,,,,20260905-1028
2026-09-05 11:13:19,EHAUSM-I,SIGN,20,1,0.003000,0.000,0.008,587283,266,0,6912,6912,0,0,0,11526897,2,10466313,0,0.354344,0.000000,0.000000,18422,0,5565.86,0,0,0,0,SUCCESS,0,1,warm20,,,,,,,,,,,used,,,,20260905-1028
2026-09-05 11:13:24,EHAUSM-I,SIGN,21,1,0.003000,0.000,0.008,601918,272,0,5506,5506,0,0,0,6070721,1,5025904,0,0.386103,0.000000,0.000000,18161,0,4128.00,0,0,0,0,SUCCESS,0,1,warm20,,,,,,,,,,,used,,,,20260905-1028
2026-09-05 11:13:31,EHAUSM-I,SIGN,22,1,0.003000,0.000,0.008,613134,278,0,6214,6214,0,0,0,5767452,1,4737696,0,0.413097,0.000000,0.000000,18187,0,7432.00,0,0,0,0,SUCCESS,0,1,warm20,,,,,,,,,,,used,,,,20260905-1028
2026-09-05 11:13:32,EHAUSM-I,SIGN,23,1,0.003000,0.000,0.008,625156,284,0,1615,1615,0,0,0,1845814,2,862359,0,0.310437,0.000000,0.000000,17486,0,6040.00,0,0,0,0,SUCCESS,0,1,warm20,,,,,,,,,,,used,,,,20260905-1028
2026-09-05 11:13:35,EHAUSM-I,SIGN,24,1,0.003000,0.000,0.008,639272,290,0,3131,3131,0,0,0,3636397,2,2689447,0,0.369529,0.000000,0.000000,17307,0,3372.41,0,0,0,0,SUCCESS,0,1,warm20,,,,,,,,,,,used,,,,20260905-1028
2026-09-05 11:13:41,EHAUSM-I,SIGN,25,1,0.003000,0.000,0.008,650468,296,0,5577,5577,0,0,0,5171306,3,4238241,0,0.390664,0.000000,0.000000,17338,0,5830.75,0,0,0,0,SUCCESS,0,1,warm20,,,,,,,,,,,used,,,,20260905-1028
2026-09-05 11:13:46,EHAUSM-I,SIGN,26,1,0.003000,0.000,0.008,661807,302,0,4372,4373,0,0,0,4170307,5,3248276,0,0.362434,0.000000,0.000000,16997,0,3799.16,0,0,0,0,SUCCESS,0,1,warm20,,,,,,,,,,,used,,,,20260905-1028
2026-09-05 11:13:48,EHAUSM-I,SIGN,27,1,0.003000,0.000,0.008,671849,308,0,2105,2105,0,0,0,2100289,6,1205130,0,0.340752,0.000000,0.000000,16446,0,3415.16,0,0,0,0,SUCCESS,0,1,warm20,,,,,,,,,,,used,,,,20260905-1028
2026-09-05 11:13:53,EHAUSM-I,SIGN,28,1,0.003000,0.000,0.008,682126,314,0,4736,4736,0,0,0,3927330,6,3046100,0,0.412920,0.000000,0.000000,16420,0,4107.11,0,0,0,0,SUCCESS,0,1,warm20,,,,,,,,,,,used,,,,20260905-1028
2026-09-05 11:14:00,EHAUSM-I,SIGN,29,1,0.003000,0.000,0.008,695776,320,0,7697,7698,0,0,0,8917924,6,8023690,0,0.413240,0.000000,0.000000,16853,0,7853.55,0,0,0,0,SUCCESS,0,1,warm20,,,,,,,,,,,used,,,,20260905-1028
2026-09-05 11:14:05,EHAUSM-I,SIGN,30,1,0.003000,0.000,0.008,707653,326,0,4008,4008,0,0,0,3547772,6,2672099,0,0.372790,0.000000,0.000000,16464,0,5394.23,0,0,0,0,SUCCESS,0,1,warm20,,,,,,,,,,,used,,,,20260905-1028
2026-09-05 11:14:07,EHAUSM-I,SIGN,31,1,0.003000,0.000,0.008,720279,332,0,2123,2124,0,0,0,2472630,6,1624330,0,0.344999,0.000000,0.000000,15898,0,4441.32,0,0,0,0,SUCCESS,0,1,warm20,,,,,,,,,,,used,,,,20260905-1028
2026-09-05 11:14:12,EHAUSM-I,SIGN,32,1,0.003000,0.000,0.008,730705,338,0,5308,5308,0,0,0,3679603,6,2845020,0,0.383583,0.000000,0.000000,15828,0,5448.00,0,0,0,0,SUCCESS,0,1,warm20,,,,,,,,,,,used,,,,20260905-1028
2026-09-05 11:14:18,EHAUSM-I,SIGN,33,1,0.003000,0.000,0.008,744420,344,0,6181,6181,0,0,0,5401415,8,4577867,0,0.456428,0.000000,0.000000,16554,0,3696.00,0,0,0,0,SUCCESS,0,1,warm20,,,,,,,,,,,used,,,,20260905-1028
2026-09-05 11:14:26,EHAUSM-I,SIGN,34,1,0.003000,0.000,0.008,756980,350,0,7473,7473,0,0,0,6252693,8,5431078,0,0.405462,0.000000,0.000000,16743,0,3736.00,0,0,0,0,SUCCESS,0,1,warm20,,,,,,,,,,,used,,,,20260905-1028
2026-09-05 11:14:31,EHAUSM-I,SIGN,35,1,0.003000,0.000,0.008,768219,356,0,4678,4678,0,0,0,3587094,8,2780917,0,0.404282,0.000000,0.000000,16721,0,7648.00,0,0,0,0,SUCCESS,0,1,warm20,,,,,,,,,,,used,,,,20260905-1028
2026-09-05 11:14:36,EHAUSM-I,SIGN,36,1,0.003000,0.000,0.008,777786,362,0,5374,5374,0,0,0,3690865,10,2893055,0,0.421007,0.000000,0.000000,16692,0,8469.70,0,0,0,0,SUCCESS,0,1,warm20,,,,,,,,,,,used,,,,20260905-1028
2026-09-05 11:14:44,EHAUSM-I,SIGN,37,1,0.003000,0.000,0.008,790994,368,0,7592,7592,0,0,0,6756965,10,5955887,0,0.416154,0.000000,0.000000,16986,0,3753.37,0,0,0,0,SUCCESS,0,1,warm20,,,,,,,,,,,used,,,,20260905-1028
2026-09-05 11:14:49,EHAUSM-I,SIGN,38,1,0.003000,0.000,0.008,803248,374,0,4995,4996,0,0,0,3565935,9,2777969,0,0.408027,0.000000,0.000000,16821,0,2946.41,0,0,0,0,SUCCESS,0,1,warm20,,,,,,,,,,,used,,,,20260905-1028
2026-09-05 11:14:55,EHAUSM-I,SIGN,39,1,0.003000,0.000,0.008,817420,380,0,5620,5620,0,0,0,4331129,9,3552919,0,0.409584,0.000000,0.000000,16757,0,4873.54,0,0,0,0,SUCCESS,0,1,warm20,,,,,,,,,,,used,,,,20260905-1028
2026-09-05 11:15:01,EHAUSM-I,SIGN,40,1,0.003000,0.000,0.008,828605,386,0,6046,6046,0,0,0,4090810,10,3315675,0,0.395392,0.000000,0.000000,16796,0,8023.76,0,0,0,0,SUCCESS,0,1,warm20,,,,,,,,,,,used,,,,20260905-1028
2026-09-05 11:15:08,EHAUSM-I,SIGN,41,1,0.003000,0.000,0.008,840915,392,0,6621,6621,0,0,0,4938308,10,4169592,0,0.405874,0.000000,0.000000,16767,0,5664.00,0,0,0,0,SUCCESS,0,1,warm20,,,,,,,,,,,used,,,,20260905-1028
2026-09-05 11:15:14,EHAUSM-I,SIGN,42,1,0.003000,0.000,0.008,851890,398,0,6317,6317,0,0,0,4071843,10,3308202,0,0.418596,0.000000,0.000000,17093,0,7640.00,0,0,0,0,SUCCESS,0,1,warm20,,,,,,,,,,,used,,,,20260905-1028
2026-09-05 11:15:21,EHAUSM-I,SIGN,43,1,0.003000,0.000,0.008,867106,404,0,6314,6314,0,0,0,5170234,9,4411323,0,0.395902,0.000000,0.000000,16906,0,6509.54,0,0,0,0,SUCCESS,0,1,warm20,,,,,,,,,,,used,,,,20260905-1028
2026-09-05 11:15:26,EHAUSM-I,SIGN,44,1,0.003000,0.000,0.008,884460,410,0,5262,5263,0,0,0,4628915,12,3876980,0,0.383507,0.000000,0.000000,16490,0,7894.68,0,0,0,0,SUCCESS,0,1,warm20,,,,,,,,,,,used,,,,20260905-1028
2026-09-05 11:15:30,EHAUSM-I,SIGN,45,1,0.003000,0.000,0.008,901027,416,0,3595,3595,0,0,0,3269866,13,2535986,0,0.348284,0.000000,0.000000,15893,0,4235.40,0,0,0,0,SUCCESS,0,1,warm20,,,,,,,,,,,used,,,,20260905-1028
2026-09-05 11:15:34,EHAUSM-I,SIGN,46,1,0.003000,0.000,0.008,916886,422,0,4416,4417,0,0,0,4297782,13,3574823,0,0.395263,0.000000,0.000000,15488,0,2501.99,0,0,0,0,SUCCESS,0,1,warm20,,,,,,,,,,,used,,,,20260905-1028
2026-09-05 11:15:38,EHAUSM-I,SIGN,47,1,0.003000,0.000,0.008,933116,428,0,3481,3482,0,0,0,2952826,12,2243760,0,0.368645,0.000000,0.000000,15117,0,4839.99,0,0,0,0,SUCCESS,0,1,warm20,,,,,,,,,,,used,,,,20260905-1028
2026-09-05 11:15:42,EHAUSM-I,SIGN,48,1,0.003000,0.000,0.008,947537,434,0,3687,3687,0,0,0,3105594,12,2408192,0,0.375614,0.000000,0.000000,14733,0,7807.99,0,0,0,0,SUCCESS,0,1,warm20,,,,,,,,,,,used,,,,20260905-1028
2026-09-05 11:15:45,EHAUSM-I,SIGN,49,1,0.003000,0.000,0.008,957204,440,0,2960,2960,0,0,0,1688257,12,1003505,0,0.357825,0.000000,0.000000,14599,0,3252.43,0,0,0,0,SUCCESS,0,1,warm20,,,,,,,,,,,used,,,,20260905-1028
2026-09-05 11:15:48,EHAUSM-I,SIGN,50,1,0.003000,0.000,0.008,967022,446,0,3711,3712,0,0,0,2330194,11,1652784,0,0.390908,0.000000,0.000000,14609,0,5383.99,0,0,0,0,SUCCESS,0,1,warm20,,,,,,,,,,,used,,,,20260905-1028
2026-09-05 11:15:54,EHAUSM-I,SIGN,51,1,0.003000,0.000,0.008,979636,452,0,5932,5933,0,0,0,3988063,11,3308579,0,0.390625,0.000000,0.000000,14554,0,6883.28,0,0,0,0,SUCCESS,0,1,warm20,,,,,,,,,,,used,,,,20260905-1028
2026-09-05 11:15:58,EHAUSM-I,SIGN,52,1,0.003000,0.000,0.008,990505,458,0,3707,3707,0,0,0,2097785,11,1428630,0,0.371789,0.000000,0.000000,14363,0,7808.61,0,0,0,0,SUCCESS,0,1,warm20,,,,,,,,,,,used,,,,20260905-1028
2026-09-05 11:16:00,EHAUSM-I,SIGN,53,1,0.003000,0.000,0.008,1001386,464,0,1568,1568,0,0,0,1177616,11,523640,0,0.327033,0.000000,0.000000,14056,0,4688.71,0,0,0,0,SUCCESS,0,1,warm20,,,,,,,,,,,used,,,,20260905-1028
2026-09-05 11:16:06,EHAUSM-I,SIGN,54,1,0.003000,0.000,0.008,1016244,470,0,6415,6415,0,0,0,4283695,11,3633493,0,0.420723,0.000000,0.000000,13905,0,2581.83,0,0,0,0,SUCCESS,0,1,warm20,,,,,,,,,,,used,,,,20260905-1028
2026-09-05 11:16:11,EHAUSM-I,SIGN,55,1,0.003000,0.000,0.008,1027129,476,0,4669,4669,0,0,0,2472198,13,1827686,0,0.386123,0.000000,0.000000,13871,0,6661.83,0,0,0,0,SUCCESS,0,1,warm20,,,,,,,,,,,used,,,,20260905-1028
2026-09-05 11:16:16,EHAUSM-I,SIGN,56,1,0.003000,0.000,0.008,1047408,482,0,4965,4965,0,0,0,4266067,12,3628390,0,0.372336,0.000000,0.000000,13478,0,7165.83,0,0,0,0,SUCCESS,0,1,warm20,,,,,,,,,,,used,,,,20260905-1028
2026-09-05 11:16:22,EHAUSM-I,SIGN,57,1,0.003000,0.000,0.008,1060421,488,0,5551,5551,0,0,0,2834726,12,2203775,0,0.390365,0.000000,0.000000,13277,0,8021.83,0,0,0,0,SUCCESS,0,1,warm20,,,,,,,,,,,used,,,,20260905-1028
2026-09-05 11:16:27,EHAUSM-I,SIGN,58,1,0.003000,0.000,0.008,1079371,494,0,5045,5045,0,0,0,3773211,12,3149524,0,0.416606,0.000000,0.000000,13241,0,6590.75,0,0,0,0,SUCCESS,0,1,warm20,,,,,,,,,,,used,,,,20260905-1028
2026-09-05 11:16:31,EHAUSM-I,SIGN,59,1,0.003000,0.000,0.008,1096747,500,0,4162,4163,0,0,0,3301755,13,2680853,0,0.384372,0.000000,0.000000,13167,0,4105.01,0,0,0,0,SUCCESS,0,1,warm20,,,,,,,,,,,used,,,,20260905-1028
2026-09-05 11:16:36,EHAUSM-I,SIGN,60,1,0.003000,0.000,0.008,1110602,506,0,4511,4511,0,0,0,2726829,15,2113477,0,0.379886,0.000000,0.000000,13007,0,3056.41,0,0,0,0,SUCCESS,0,1,warm20,,,,,,,,,,,used,,,,20260905-1028
2026-09-05 11:16:40,EHAUSM-I,SIGN,61,1,0.003000,0.000,0.008,1124744,512,0,4176,4176,0,0,0,2784971,17,2179791,0,0.400047,0.000000,0.000000,12882,0,6365.69,0,0,0,0,SUCCESS,0,1,warm20,,,,,,,,,,,used,,,,20260905-1028
2026-09-05 11:16:45,EHAUSM-I,SIGN,62,1,0.003000,0.000,0.008,1139446,518,0,4936,4937,0,0,0,3975996,16,3374197,0,0.413489,0.000000,0.000000,12846,0,6664.82,0,0,0,0,SUCCESS,0,1,warm20,,,,,,,,,,,used,,,,20260905-1028
2026-09-05 11:16:51,EHAUSM-I,SIGN,63,1,0.003000,0.000,0.008,1156811,524,0,6506,6506,0,0,0,4378528,14,3783839,0,0.420085,0.000000,0.000000,12821,0,4174.51,0,0,0,0,SUCCESS,0,1,warm20,,,,,,,,,,,used,,,,20260905-1028
2026-09-05 11:16:56,EHAUSM-I,SIGN,64,1,0.003000,0.000,0.008,1169601,530,0,4691,4691,0,0,0,3138449,15,2548773,0,0.412193,0.000000,0.000000,12622,0,7464.48,0,0,0,0,SUCCESS,0,1,warm20,,,,,,,,,,,used,,,,20260905-1028
2026-09-05 11:17:01,EHAUSM-I,SIGN,65,1,0.003000,0.000,0.008,1183474,536,0,4798,4798,0,0,0,2783707,15,2199814,0,0.380521,0.000000,0.000000,12433,0,5500.90,0,0,0,0,SUCCESS,0,1,warm20,,,,,,,,,,,used,,,,20260905-1028
2026-09-05 11:17:04,EHAUSM-I,SIGN,66,1,0.003000,0.000,0.008,1194955,542,0,3130,3130,0,0,0,2092097,15,1515400,0,0.382346,0.000000,0.000000,12294,0,6616.94,0,0,0,0,SUCCESS,0,1,warm20,,,,,,,,,,,used,,,,20260905-1028
2026-09-05 11:17:08,EHAUSM-I,SIGN,67,1,0.003000,0.000,0.008,1209554,548,0,3548,3548,0,0,0,2316533,14,1748007,0,0.360568,0.000000,0.000000,12041,0,3647.27,0,0,0,0,SUCCESS,0,1,warm20,,,,,,,,,,,used,,,,20260905-1028
2026-09-05 11:17:14,EHAUSM-I,SIGN,68,1,0.003000,0.000,0.008,1225092,554,0,5763,5763,0,0,0,3739021,14,3169933,0,0.395518,0.000000,0.000000,12117,0,5044.90,0,0,0,0,SUCCESS,0,1,warm20,,,,,,,,,,,used,,,,20260905-1028
2026-09-05 11:17:21,EHAUSM-I,SIGN,69,1,0.003000,0.000,0.008,1246726,560,0,7523,7524,0,0,0,7871675,14,7284877,0,0.397207,0.000000,0.000000,12158,0,7193.15,0,0,0,0,SUCCESS,0,1,warm20,,,,,,,,,,,used,,,,20260905-1028
2026-09-05 11:17:29,EHAUSM-I,SIGN,70,1,0.003000,0.000,0.008,1265597,566,0,7598,7598,0,0,0,5457412,14,4862415,0,0.393662,0.000000,0.000000,12584,0,6380.38,0,0,0,0,SUCCESS,0,1,warm20,,,,,,,,,,,used,,,,20260905-1028
2026-09-05 11:17:36,EHAUSM-I,SIGN,71,1,0.003000,0.000,0.008,1283052,572,0,7147,7147,0,0,0,4170814,14,3574499,0,0.411081,0.000000,0.000000,12659,0,6152.00,0,0,0,0,SUCCESS,0,1,warm20,,,,,,,,,,,used,,,,20260905-1028
2026-09-05 11:17:45,EHAUSM-I,SIGN,72,1,0.003000,0.000,0.008,1300784,578,0,8362,8363,0,0,0,6139510,14,5530855,0,0.377803,0.000000,0.000000,12940,0,2911.48,0,0,0,0,SUCCESS,0,1,warm20,,,,,,,,,,,used,,,,20260905-1028
2026-09-05 11:17:53,EHAUSM-I,SIGN,73,1,0.003000,0.000,0.008,1316615,584,0,7598,7599,0,0,0,5526199,14,4914031,0,0.391536,0.000000,0.000000,12887,0,3341.44,0,0,0,0,SUCCESS,0,1,warm20,,,,,,,,,,,used,,,,20260905-1028
2026-09-05 11:17:57,EHAUSM-I,SIGN,74,1,0.003000,0.000,0.008,1330102,590,0,3810,3810,0,0,0,2538255,14,1933294,0,0.364843,0.000000,0.000000,12801,0,6325.84,0,0,0,0,SUCCESS,0,1,warm20,,,,,,,,,,,used,,,,20260905-1028
2026-09-05 11:18:00,EHAUSM-I,SIGN,75,1,0.003000,0.000,0.008,1342143,596,0,3333,3333,0,0,0,2006426,15,1409183,0,0.355933,0.000000,0.000000,12641,0,8064.00,0,0,0,0,SUCCESS,0,1,warm20,,,,,,,,,,,used,,,,20260905-1028
2026-09-05 11:18:03,EHAUSM-I,SIGN,76,1,0.003000,0.000,0.008,1352225,602,0,2898,2899,0,0,0,1408402,15,818945,0,0.308720,0.000000,0.000000,12469,0,3485.36,0,0,0,0,SUCCESS,0,1,warm20,,,,,,,,,,,used,,,,20260905-1028
2026-09-05 11:18:11,EHAUSM-I,SIGN,77,1,0.003000,0.000,0.008,1364919,608,0,8042,8043,0,0,0,3824402,15,3235311,0,0.378348,0.000000,0.000000,12515,0,6529.51,0,0,0,0,SUCCESS,0,1,warm20,,,,,,,,,,,used,,,,20260905-1028
2026-09-05 11:18:16,EHAUSM-I,SIGN,78,1,0.003000,0.000,0.008,1378844,614,0,5132,5132,0,0,0,3486788,15,2900026,0,0.397689,0.000000,0.000000,12541,0,6897.51,0,0,0,0,SUCCESS,0,1,warm20,,,,,,,,,,,used,,,,20260905-1028
2026-09-05 11:18:19,EHAUSM-I,SIGN,79,1,0.003000,0.000,0.008,1390075,620,0,3019,3020,0,0,0,1813605,15,1234164,0,0.353476,0.000000,0.000000,12364,0,3193.51,0,0,0,0,SUCCESS,0,1,warm20,,,,,,,,,,,used,,,,20260905-1028
2026-09-05 11:18:23,EHAUSM-I,SIGN,80,1,0.003000,0.000,0.008,1404925,626,0,3848,3848,0,0,0,3072004,15,2497863,0,0.373804,0.000000,0.000000,12159,0,5957.49,0,0,0,0,SUCCESS,0,1,warm20,,,,,,,,,,,used,,,,20260905-1028
2026-09-05 11:18:30,EHAUSM-I,SIGN,81,1,0.003000,0.000,0.008,1419540,632,0,6248,6249,0,0,0,3187333,15,2615072,0,0.387666,0.000000,0.000000,12230,0,7424.65,0,0,0,0,SUCCESS,0,1,warm20,,,,,,,,,,,used,,,,20260905-1028
2026-09-05 11:18:37,EHAUSM-I,SIGN,82,1,0.003000,0.000,0.008,1430972,638,0,7321,7322,0,0,0,3533426,15,2959645,0,0.369666,0.000000,0.000000,12165,0,4019.62,0,0,0,0,SUCCESS,0,1,warm20,,,,,,,,,,,used,,,,20260905-1028
2026-09-05 11:18:44,EHAUSM-I,SIGN,83,1,0.003000,0.000,0.008,1446547,644,0,7322,7322,0,0,0,3679073,15,3107365,0,0.368358,0.000000,0.000000,12128,0,3601.17,0,0,0,0,SUCCESS,0,1,warm20,,,,,,,,,,,used,,,,20260905-1028
2026-09-05 11:18:53,EHAUSM-I,SIGN,84,1,0.003000,0.000,0.008,1466019,650,0,8140,8140,0,0,0,5742603,16,5166264,0,0.362767,0.000000,0.000000,12206,0,5953.67,0,0,0,0,SUCCESS,0,1,warm20,,,,,,,,,,,used,,,,20260905-1028
2026-09-05 11:18:56,EHAUSM-I,SIGN,85,1,0.003000,0.000,0.008,1477721,656,0,3539,3539,0,0,0,2328380,16,1757855,0,0.372567,0.000000,0.000000,12122,0,7794.22,0,0,0,0,SUCCESS,0,1,warm20,,,,,,,,,,,used,,,,20260905-1028
2026-09-05 11:19:01,EHAUSM-I,SIGN,86,1,0.003000,0.000,0.008,1489446,662,0,4244,4244,0,0,0,2753953,16,2187771,0,0.386047,0.000000,0.000000,12092,0,4191.65,0,0,0,0,SUCCESS,0,1,warm20,,,,,,,,,,,used,,,,20260905-1028
2026-09-05 11:19:09,EHAUSM-I,SIGN,87,1,0.003000,0.000,0.008,1504545,668,0,7699,7699,0,0,0,5286351,16,4717665,0,0.395645,0.000000,0.000000,12261,0,4295.66,0,0,0,0,SUCCESS,0,1,warm20,,,,,,,,,,,used,,,,20260905-1028
2026-09-05 11:19:17,EHAUSM-I,SIGN,88,1,0.003000,0.000,0.008,1520720,674,0,8542,8542,0,0,0,5266965,17,4694715,0,0.401806,0.000000,0.000000,12357,0,6518.56,0,0,0,0,SUCCESS,0,1,warm20,,,,,,,,,,,used,,,,20260905-1028
2026-09-05 11:19:25,EHAUSM-I,SIGN,89,1,0.003000,0.000,0.008,1534926,680,0,7403,7404,0,0,0,3940487,17,3369620,0,0.389240,0.000000,0.000000,12454,0,3901.19,0,0,0,0,SUCCESS,0,1,warm20,,,,,,,,,,,used,,,,20260905-1028
2026-09-05 11:19:34,EHAUSM-I,SIGN,90,1,0.003000,0.000,0.008,1553182,686,0,9360,9361,0,0,0,6289826,17,5711617,0,0.400723,0.000000,0.000000,12724,0,7398.09,0,0,0,0,SUCCESS,0,1,warm20,,,,,,,,,,,used,,,,20260905-1028
2026-09-05 11:19:44,EHAUSM-I,SIGN,91,1,0.003000,0.000,0.008,1569089,692,0,9494,9495,0,0,0,5864758,17,5281613,0,0.395726,0.000000,0.000000,12856,0,3728.00,0,0,0,0,SUCCESS,0,1,warm20,,,,,,,,,,,used,,,,20260905-1028
2026-09-05 11:19:55,EHAUSM-I,SIGN,92,1,0.003000,0.000,0.008,1586819,698,0,10688,10688,0,0,0,6927324,18,6337755,0,0.410029,0.000000,0.000000,12860,0,4608.00,0,0,0,0,SUCCESS,0,1,warm20,,,,,,,,,,,used,,,,20260905-1028
2026-09-05 11:20:05,EHAUSM-I,SIGN,93,1,0.003000,0.000,0.008,1606504,704,0,10167,10168,0,0,0,7595912,18,6995222,0,0.372524,0.000000,0.000000,12872,0,7832.00,0,0,0,0,SUCCESS,0,1,warm20,,,,,,,,,,,used,,,,20260905-1028
2026-09-05 11:20:12,EHAUSM-I,SIGN,94,1,0.003000,0.000,0.008,1616945,710,0,6899,6899,0,0,0,2869002,18,2269324,0,0.390843,0.000000,0.000000,12890,0,4637.98,0,0,0,0,SUCCESS,0,1,warm20,,,,,,,,,,,used,,,,20260905-1028
2026-09-05 11:20:20,EHAUSM-I,SIGN,95,1,0.003000,0.000,0.008,1631610,716,0,7287,7287,0,0,0,4383974,18,3782574,0,0.352245,0.000000,0.000000,12886,0,7455.00,0,0,0,0,SUCCESS,0,1,warm20,,,,,,,,,,,used,,,,20260905-1028
2026-09-05 11:20:28,EHAUSM-I,SIGN,96,1,0.003000,0.000,0.008,1649145,722,0,8309,8310,0,0,0,4722811,18,4122500,0,0.397764,0.000000,0.000000,12904,0,5216.00,0,0,0,0,SUCCESS,0,1,warm20,,,,,,,,,,,used,,,,20260905-1028
2026-09-05 11:20:33,EHAUSM-I,SIGN,97,1,0.003000,0.000,0.008,1663324,728,0,5281,5282,0,0,0,3249597,18,2653184,0,0.369632,0.000000,0.000000,12728,0,5104.00,0,0,0,0,SUCCESS,0,1,warm20,,,,,,,,,,,used,,,,20260905-1028
2026-09-05 11:20:35,EHAUSM-I,SIGN,98,1,0.003000,0.000,0.008,1668652,730,0,1687,1687,0,0,0,1000548,18,406661,0,0.280130,0.000000,0.000000,12666,0,8088.00,0,0,0,0,SUCCESS,0,1,warm20,,,,,,,,,,,used,,,,20260905-1028
2026-09-05 11:20:35,EHAUSM-I,SIGN,99,1,0.003000,0.000,0.008,1668652,730,0,114,114,0,0,0,593898,18,11,0,0.217673,0.000000,0.000000,12666,0,3704.00,0,0,0,0,SUCCESS,0,1,warm20,,,,,,,,,,,used,,,,20260905-1028
2026-09-05 11:20:56,EHAUSM-I,SIGN,0,2,0.003000,0.000,0.200,319686,146,2,19692,19695,0,0,0,106349081,0,104965619,0,0.455007,0.000000,0.000000,23387,0,4306.21,0,0,0,0,SUCCESS,0,1,warm20,,,,,,,,,,,used,,,,20260905-1028
2026-09-05 11:21:01,EHAUSM-I,SIGN,1,2,0.003000,0.000,0.008,334092,152,0,4772,4773,0,0,0,10288822,0,8936539,0,0.435039,0.000000,0.000000,23347,0,2551.42,0,0,0,0,SUCCESS,0,1,warm20,,,,,,,,,,,used,,,,20260905-1028
2026-09-05 11:21:04,EHAUSM-I,SIGN,2,2,0.003000,0.000,0.008,345121,158,0,3456,3457,0,0,0,5443189,0,4141032,0,0.377264,0.000000,0.000000,23125,0,6490.62,0,0,0,0,SUCCESS,0,1,warm20,,,,,,,,,,,used,,,,20260905-1028
2026-09-05 11:21:10,EHAUSM-I,SIGN,3,2,0.003000,0.000,0.008,358047,164,0,5480,5480,0,0,0,9573676,0,8288212,0,0.413652,0.000000,0.000000,22486,0,7061.46,0,0,0,0,SUCCESS,0,1,warm20,,,,,,,,,,,used,,,,20260905-1028
2026-09-05 11:21:13,EHAUSM-I,SIGN,4,2,0.003000,0.000,0.008,369331,170,0,2906,2906,0,0,0,3569403,0,2356131,0,0.384754,0.000000,0.000000,21958,0,10752.00,0,0,0,0,SUCCESS,0,1,warm20,,,,,,,,,,,used,,,,20260905-1028
2026-09-05 11:21:18,EHAUSM-I,SIGN,5,2,0.003000,0.000,0.008,383289,176,0,5234,5234,0,0,0,8922941,0,7741615,0,0.391145,0.000000,0.000000,21751,0,3792.89,0,0,0,0,SUCCESS,0,1,warm20,,,,,,,,,,,used,,,,20260905-1028
2026-09-05 11:21:22,EHAUSM-I,SIGN,6,2,0.003000,0.000,0.008,393230,182,0,3299,3299,0,0,0,4240412,0,3105813,0,0.453021,0.000000,0.000000,21796,0,6452.74,0,0,0,0,SUCCESS,0,1,warm20,,,,,,,,,,,used,,,,20260905-1028
2026-09-05 11:21:25,EHAUSM-I,SIGN,7,2,0.003000,0.000,0.008,408594,188,0,3255,3255,0,0,0,5568099,0,4498255,0,0.415693,0.000000,0.000000,20533,0,9920.00,0,0,0,0,SUCCESS,0,1,warm20,,,,,,,,,,,used,,,,20260905-1028
2026-09-05 11:21:31,EHAUSM-I,SIGN,8,2,0.003000,0.000,0.008,428453,194,0,5964,5964,0,0,0,12107367,1,11011691,0,0.414736,0.000000,0.000000,20113,0,8776.00,0,0,0,0,SUCCESS,0,1,warm20,,,,,,,,,,,used,,,,20260905-1028
2026-09-05 11:21:38,EHAUSM-I,SIGN,9,2,0.003000,0.000,0.008,446004,200,0,6745,6745,0,0,0,17236631,1,16029097,0,0.457766,0.000000,0.000000,19376,0,9888.00,0,0,0,0,SUCCESS,0,1,warm20,,,,,,,,,,,used,,,,20260905-1028
2026-09-05 11:21:40,EHAUSM-I,SIGN,10,2,0.003000,0.000,0.008,456476,206,0,2057,2057,0,0,0,2949555,1,1801088,0,0.403057,0.000000,0.000000,18895,0,7284.88,0,0,0,0,SUCCESS,0,1,warm20,,,,,,,,,,,used,,,,20260905-1028
2026-09-05 11:21:42,EHAUSM-I,SIGN,11,2,0.003000,0.000,0.008,466138,212,0,1653,1654,0,0,0,2560673,1,1464958,0,0.362251,0.000000,0.000000,18242,0,4568.00,0,0,0,0,SUCCESS,0,1,warm20,,,,,,,,,,,used,,,,20260905-1028
2026-09-05 11:21:48,EHAUSM-I,SIGN,12,2,0.003000,0.000,0.008,480433,218,0,5483,5483,0,0,0,8161881,1,7088650,0,0.440303,0.000000,0.000000,18295,0,6616.00,0,0,0,0,SUCCESS,0,1,warm20,,,,,,,,,,,used,,,,20260905-1028
2026-09-05 11:21:54,EHAUSM-I,SIGN,13,2,0.003000,0.000,0.008,496413,224,0,6600,6600,0,0,0,9894296,2,8823550,0,0.441975,0.000000,0.000000,19145,0,12272.00,0,0,0,0,SUCCESS,0,1,warm20,,,,,,,,,,,used,,,,20260905-1028
2026-09-05 11:21:58,EHAUSM-I,SIGN,14,2,0.003000,0.000,0.008,507190,230,0,3501,3502,0,0,0,4360329,2,3317451,0,0.403596,0.000000,0.000000,18586,0,6991.97,0,0,0,0,SUCCESS,0,1,warm20,,,,,,,,,,,used,,,,20260905-1028
2026-09-05 11:22:06,EHAUSM-I,SIGN,15,2,0.003000,0.000,0.008,518654,236,0,8078,8078,0,0,0,11521523,2,10454205,0,0.433380,0.000000,0.000000,19660,0,5440.00,0,0,0,0,SUCCESS,0,1,warm20,,,,,,,,,,,used,,,,20260905-1028
2026-09-05 11:22:16,EHAUSM-I,SIGN,16,2,0.003000,0.000,0.008,536314,242,0,9335,9336,0,0,0,13875828,2,12775844,0,0.410167,0.000000,0.000000,20004,0,11408.00,0,0,0,0,SUCCESS,0,1,warm20,,,,,,,,,,,used,,,,20260905-1028
2026-09-05 11:22:18,EHAUSM-I,SIGN,17,2,0.003000,0.000,0.008,544548,248,0,1852,1853,0,0,0,2486702,2,1421976,0,0.378039,0.000000,0.000000,19532,0,9008.00,0,0,0,0,SUCCESS,0,1,warm20,,,,,,,,,,,used,,,,20260905-1028
2026-09-05 11:22:22,EHAUSM-I,SIGN,18,2,0.003000,0.000,0.008,556990,254,0,4375,4375,0,0,0,4978911,2,3945685,0,0.387466,0.000000,0.000000,18960,0,3376.00,0,0,0,0,SUCCESS,0,1,warm20,,,,,,,,,,,used,,,,20260905-1028
2026-09-05 11:22:29,EHAUSM-I,SIGN,19,2,0.003000,0.000,0.008,569490,260,0,6042,6042,0,0,0,6193410,2,5169635,0,0.379130,0.000000,0.000000,18933,0,4562.38,0,0,0,0,SUCCESS,0,1,warm20,,,,,,,,,,,used,,,,20260905-1028
2026-09-05 11:22:36,EHAUSM-I,SIGN,20,2,0.003000,0.000,0.008,587283,266,0,6923,6923,0,0,0,11526897,2,10466313,0,0.354344,0.000000,0.000000,18422,0,11026.38,0,0,0,0,SUCCESS,0,1,warm20,,,,,,,,,,,used,,,,20260905-1028
2026-09-05 11:22:41,EHAUSM-I,SIGN,21,2,0.003000,0.000,0.008,601918,272,0,5505,5506,0,0,0,6070721,1,5025904,0,0.386103,0.000000,0.000000,18161,0,10808.81,0,0,0,0,SUCCESS,0,1,warm20,,,,,,,,,,,used,,,,20260905-1028
2026-09-05 11:22:48,EHAUSM-I,SIGN,22,2,0.003000,0.000,0.008,613134,278,0,6206,6207,0,0,0,5767452,1,4737696,0,0.413097,0.000000,0.000000,18187,0,9296.00,0,0,0,0,SUCCESS,0,1,warm20,,,,,,,,,,,used,,,,20260905-1028
2026-09-05 11:22:49,EHAUSM-I,SIGN,23,2,0.003000,0.000,0.008,625156,284,0,1614,1615,0,0,0,1845814,2,862359,0,0.310437,0.000000,0.000000,17486,0,5831.75,0,0,0,0,SUCCESS,0,1,warm20,,,,,,,,,,,used,,,,20260905-1028
2026-09-05 11:22:53,EHAUSM-I,SIGN,24,2,0.003000,0.000,0.008,639272,290,0,3128,3129,0,0,0,3636397,2,2689447,0,0.369529,0.000000,0.000000,17307,0,6784.00,0,0,0,0,SUCCESS,0,1,warm20,,,,,,,,,,,used,,,,20260905-1028
2026-09-05 11:22:58,EHAUSM-I,SIGN,25,2,0.003000,0.000,0.008,650468,296,0,5561,5561,0,0,0,5171306,3,4238241,0,0.390664,0.000000,0.000000,17338,0,5902.61,0,0,0,0,SUCCESS,0,1,warm20,,,,,,,,,,,used,,,,20260905-1028
2026-09-05 11:23:03,EHAUSM-I,SIGN,26,2,0.003000,0.000,0.008,661807,302,0,4388,4388,0,0,0,4170307,5,3248276,0,0.362434,0.000000,0.000000,16997,0,9660.65,0,0,0,0,SUCCESS,0,1,warm20,,,,,,,,,,,used,,,,20260905-1028
2026-09-05 11:23:05,EHAUSM-I,SIGN,27,2,0.003000,0.000,0.008,671849,308,0,2115,2115,0,0,0,2100289,6,1205130,0,0.340752,0.000000,0.000000,16446,0,7678.61,0,0,0,0,SUCCESS,0,1,warm20,,,,,,,,,,,used,,,,20260905-1028
2026-09-05 11:23:10,EHAUSM-I,SIGN,28,2,0.003000,0.000,0.008,682126,314,0,4764,4764,0,0,0,3927330,6,3046100,0,0.412920,0.000000,0.000000,16420,0,11670.61,0,0,0,0,SUCCESS,0,1,warm20,,,,,,,,,,,used,,,,20260905-1028
2026-09-05 11:23:18,EHAUSM-I,SIGN,29,2,0.003000,0.000,0.008,695776,320,0,7679,7679,0,0,0,8917924,6,8023690,0,0.413240,0.000000,0.000000,16853,0,5516.07,0,0,0,0,SUCCESS,0,1,warm20,,,,,,,,,,,used,,,,20260905-1028
2026-09-05 11:23:22,EHAUSM-I,SIGN,30,2,0.003000,0.000,0.008,707653,326,0,4001,4001,0,0,0,3547772,6,2672099,0,0.372790,0.000000,0.000000,16464,0,7624.00,0,0,0,0,SUCCESS,0,1,warm20,,,,,,,,,,,used,,,,20260905-1028
2026-09-05 11:23:24,EHAUSM-I,SIGN,31,2,0.003000,0.000,0.008,720279,332,0,2119,2119,0,0,0,2472630,6,1624330,0,0.344999,0.000000,0.000000,15898,0,5864.00,0,0,0,0,SUCCESS,0,1,warm20,,,,,,,,,,,used,,,,20260905-1028
2026-09-05 11:23:29,EHAUSM-I,SIGN,32,2,0.003000,0.000,0.008,730705,338,0,5287,5287,0,0,0,3679603,6,2845020,0,0.383583,0.000000,0.000000,15828,0,10296.00,0,0,0,0,SUCCESS,0,1,warm20,,,,,,,,,,,used,,,,20260905-1028
2026-09-05 11:23:35,EHAUSM-I,SIGN,33,2,0.003000,0.000,0.008,744420,344,0,6167,6167,0,0,0,5401415,8,4577867,0,0.456428,0.000000,0.000000,16554,0,9754.15,0,0,0,0,SUCCESS,0,1,warm20,,,,,,,,,,,used,,,,20260905-1028
2026-09-05 11:23:43,EHAUSM-I,SIGN,34,2,0.003000,0.000,0.008,756980,350,0,7453,7453,0,0,0,6252693,8,5431078,0,0.405462,0.000000,0.000000,16743,0,5534.83,0,0,0,0,SUCCESS,0,1,warm20,,,,,,,,,,,used,,,,20260905-1028
2026-09-05 11:23:48,EHAUSM-I,SIGN,35,2,0.003000,0.000,0.008,768219,356,0,4685,4685,0,0,0,3587094,8,2780917,0,0.404282,0.000000,0.000000,16721,0,8071.01,0,0,0,0,SUCCESS,0,1,warm20,,,,,,,,,,,used,,,,20260905-1028
2026-09-05 11:23:53,EHAUSM-I,SIGN,36,2,0.003000,0.000,0.008,777786,362,0,5380,5380,0,0,0,3690865,10,2893055,0,0.421007,0.000000,0.000000,16692,0,10512.00,0,0,0,0,SUCCESS,0,1,warm20,,,,,,,,,,,used,,,,20260905-1028
2026-09-05 11:24:01,EHAUSM-I,SIGN,37,2,0.003000,0.000,0.008,790994,368,0,7555,7555,0,0,0,6756965,10,5955887,0,0.416154,0.000000,0.000000,16986,0,5099.40,0,0,0,0,SUCCESS,0,1,warm20,,,,,,,,,,,used,,,,20260905-1028
2026-09-05 11:24:06,EHAUSM-I,SIGN,38,2,0.003000,0.000,0.008,803248,374,0,4992,4992,0,0,0,3565935,9,2777969,0,0.408027,0.000000,0.000000,16821,0,8576.00,0,0,0,0,SUCCESS,0,1,warm20,,,,,,,,,,,used,,,,20260905-1028
2026-09-05 11:24:12,EHAUSM-I,SIGN,39,2,0.003000,0.000,0.008,817420,380,0,5613,5613,0,0,0,4331129,9,3552919,0,0.409584,0.000000,0.000000,16757,0,6591.12,0,0,0,0,SUCCESS,0,1,warm20,,,,,,,,,,,used,,,,20260905-1028
2026-09-05 11:24:18,EHAUSM-I,SIGN,40,2,0.003000,0.000,0.008,828605,386,0,6040,6040,0,0,0,4090810,10,3315675,0,0.395392,0.000000,0.000000,16796,0,5845.65,0,0,0,0,SUCCESS,0,1,warm20,,,,,,,,,,,used,,,,20260905-1028
2026-09-05 11:24:25,EHAUSM-I,SIGN,41,2,0.003000,0.000,0.008,840915,392,0,6629,6629,0,0,0,4938308,10,4169592,0,0.405874,0.000000,0.000000,16767,0,6320.00,0,0,0,0,SUCCESS,0,1,warm20,,,,,,,,,,,used,,,,20260905-1028
2026-09-05 11:24:31,EHAUSM-I,SIGN,42,2,0.003000,0.000,0.008,851890,398,0,6324,6324,0,0,0,4071843,10,3308202,0,0.418596,0.000000,0.000000,17093,0,12142.07,0,0,0,0,SUCCESS,0,1,warm20,,,,,,,,,,,used,,,,20260905-1028
2026-09-05 11:24:37,EHAUSM-I,SIGN,43,2,0.003000,0.000,0.008,867106,404,0,6306,6306,0,0,0,5170234,9,4411323,0,0.395902,0.000000,0.000000,16906,0,8763.81,0,0,0,0,SUCCESS,0,1,warm20,,,,,,,,,,,used,,,,20260905-1028
2026-09-05 11:24:43,EHAUSM-I,SIGN,44,2,0.003000,0.000,0.008,884460,410,0,5231,5231,0,0,0,4628915,12,3876980,0,0.383507,0.000000,0.000000,16490,0,5374.23,0,0,0,0,SUCCESS,0,1,warm20,,,,,,,,,,,used,,,,20260905-1028
2026-09-05 11:24:46,EHAUSM-I,SIGN,45,2,0.003000,0.000,0.008,901027,416,0,3583,3583,0,0,0,3269866,13,2535986,0,0.348284,0.000000,0.000000,15893,0,6284.66,0,0,0,0,SUCCESS,0,1,warm20,,,,,,,,,,,used,,,,20260905-1028
2026-09-05 11:24:51,EHAUSM-I,SIGN,46,2,0.003000,0.000,0.008,916886,422,0,4420,4420,0,0,0,4297782,13,3574823,0,0.395263,0.000000,0.000000,15488,0,9220.68,0,0,0,0,SUCCESS,0,1,warm20,,,,,,,,,,,used,,,,20260905-1028
2026-09-05 11:24:54,EHAUSM-I,SIGN,47,2,0.003000,0.000,0.008,933116,428,0,3485,3485,0,0,0,2952826,12,2243760,0,0.368645,0.000000,0.000000,15117,0,9684.87,0,0,0,0,SUCCESS,0,1,warm20,,,,,,,,,,,used,,,,20260905-1028
2026-09-05 11:24:58,EHAUSM-I,SIGN,48,2,0.003000,0.000,0.008,947537,434,0,3687,3688,0,0,0,3105594,12,2408192,0,0.375614,0.000000,0.000000,14733,0,10698.71,0,0,0,0,SUCCESS,0,1,warm20,,,,,,,,,,,used,,,,20260905-1028
2026-09-05 11:25:01,EHAUSM-I,SIGN,49,2,0.003000,0.000,0.008,957204,440,0,2960,2960,0,0,0,1688257,12,1003505,0,0.357825,0.000000,0.000000,14599,0,9262.23,0,0,0,0,SUCCESS,0,1,warm20,,,,,,,,,,,used,,,,20260905-1028
2026-09-05 11:25:05,EHAUSM-I,SIGN,50,2,0.003000,0.000,0.008,967022,446,0,3708,3708,0,0,0,2330194,11,1652784,0,0.390908,0.000000,0.000000,14609,0,9388.08,0,0,0,0,SUCCESS,0,1,warm20,,,,,,,,,,,used,,,,20260905-1028
2026-09-05 11:25:11,EHAUSM-I,SIGN,51,2,0.003000,0.000,0.008,979636,452,0,5919,5919,0,0,0,3988063,11,3308579,0,0.390625,0.000000,0.000000,14554,0,7497.95,0,0,0,0,SUCCESS,0,1,warm20,,,,,,,,,,,used,,,,20260905-1028
2026-09-05 11:25:15,EHAUSM-I,SIGN,52,2,0.003000,0.000,0.008,990505,458,0,3704,3704,0,0,0,2097785,11,1428630,0,0.371789,0.000000,0.000000,14363,0,7196.08,0,0,0,0,SUCCESS,0,1,warm20,,,,,,,,,,,used,,,,20260905-1028
2026-09-05 11:25:16,EHAUSM-I,SIGN,53,2,0.003000,0.000,0.008,1001386,464,0,1580,1581,0,0,0,1177616,11,523640,0,0.327033,0.000000,0.000000,14056,0,10316.08,0,0,0,0,SUCCESS,0,1,warm20,,,,,,,,,,,used,,,,20260905-1028
2026-09-05 11:25:23,EHAUSM-I,SIGN,54,2,0.003000,0.000,0.008,1016244,470,0,6413,6413,0,0,0,4283695,11,3633493,0,0.420723,0.000000,0.000000,13905,0,6251.59,0,0,0,0,SUCCESS,0,1,warm20,,,,,,,,,,,used,,,,20260905-1028
2026-09-05 11:25:28,EHAUSM-I,SIGN,55,2,0.003000,0.000,0.008,1027129,476,0,4660,4660,0,0,0,2472198,13,1827686,0,0.386123,0.000000,0.000000,13871,0,7941.74,0,0,0,0,SUCCESS,0,1,warm20,,,,,,,,,,,used,,,,20260905-1028
2026-09-05 11:25:33,EHAUSM-I,SIGN,56,2,0.003000,0.000,0.008,1047408,482,0,4948,4948,0,0,0,4266067,12,3628390,0,0.372336,0.000000,0.000000,13478,0,4555.78,0,0,0,0,SUCCESS,0,1,warm20,,,,,,,,,,,used,,,,20260905-1028
2026-09-05 11:25:38,EHAUSM-I,SIGN,57,2,0.003000,0.000,0.008,1060421,488,0,5526,5527,0,0,0,2834726,12,2203775,0,0.390365,0.000000,0.000000,13277,0,8401.71,0,0,0,0,SUCCESS,0,1,warm20,,,,,,,,,,,used,,,,20260905-1028
2026-09-05 11:25:43,EHAUSM-I,SIGN,58,2,0.003000,0.000,0.008,1079371,494,0,5029,5029,0,0,0,3773211,12,3149524,0,0.416606,0.000000,0.000000,13241,0,4622.23,0,0,0,0,SUCCESS,0,1,warm20,,,,,,,,,,,used,,,,20260905-1028
2026-09-05 11:25:47,EHAUSM-I,SIGN,59,2,0.003000,0.000,0.008,1096747,500,0,4161,4161,0,0,0,3301755,13,2680853,0,0.384372,0.000000,0.000000,13167,0,6595.44,0,0,0,0,SUCCESS,0,1,warm20,,,,,,,,,,,used,,,,20260905-1028
2026-09-05 11:25:52,EHAUSM-I,SIGN,60,2,0.003000,0.000,0.008,1110602,506,0,4507,4507,0,0,0,2726829,15,2113477,0,0.379886,0.000000,0.000000,13007,0,8774.23,0,0,0,0,SUCCESS,0,1,warm20,,,,,,,,,,,used,,,,20260905-1028
2026-09-05 11:25:56,EHAUSM-I,SIGN,61,2,0.003000,0.000,0.008,1124744,512,0,4171,4171,0,0,0,2784971,17,2179791,0,0.400047,0.000000,0.000000,12882,0,10124.37,0,0,0,0,SUCCESS,0,1,warm20,,,,,,,,,,,used,,,,20260905-1028
2026-09-05 11:26:01,EHAUSM-I,SIGN,62,2,0.003000,0.000,0.008,1139446,518,0,4937,4937,0,0,0,3975996,16,3374197,0,0.413489,0.000000,0.000000,12846,0,6027.49,0,0,0,0,SUCCESS,0,1,warm20,,,,,,,,,,,used,,,,20260905-1028
2026-09-05 11:26:08,EHAUSM-I,SIGN,63,2,0.003000,0.000,0.008,1156811,524,0,6479,6479,0,0,0,4378528,14,3783839,0,0.420085,0.000000,0.000000,12821,0,10145.97,0,0,0,0,SUCCESS,0,1,warm20,,,,,,,,,,,used,,,,20260905-1028
2026-09-05 11:26:13,EHAUSM-I,SIGN,64,2,0.003000,0.000,0.008,1169601,530,0,4686,4687,0,0,0,3138449,15,2548773,0,0.412193,0.000000,0.000000,12622,0,3473.16,0,0,0,0,SUCCESS,0,1,warm20,,,,,,,,,,,used,,,,20260905-1028
2026-09-05 11:26:17,EHAUSM-I,SIGN,65,2,0.003000,0.000,0.008,1183474,536,0,4800,4800,0,0,0,2783707,15,2199814,0,0.380521,0.000000,0.000000,12433,0,5817.24,0,0,0,0,SUCCESS,0,1,warm20,,,,,,,,,,,used,,,,20260905-1028
2026-09-05 11:26:21,EHAUSM-I,SIGN,66,2,0.003000,0.000,0.008,1194955,542,0,3125,3125,0,0,0,2092097,15,1515400,0,0.382346,0.000000,0.000000,12294,0,4921.38,0,0,0,0,SUCCESS,0,1,warm20,,,,,,,,,,,used,,,,20260905-1028
2026-09-05 11:26:24,EHAUSM-I,SIGN,67,2,0.003000,0.000,0.008,1209554,548,0,3548,3549,0,0,0,2316533,14,1748007,0,0.360568,0.000000,0.000000,12041,0,5001.38,0,0,0,0,SUCCESS,0,1,warm20,,,,,,,,,,,used,,,,20260905-1028
2026-09-05 11:26:30,EHAUSM-I,SIGN,68,2,0.003000,0.000,0.008,1225092,554,0,5756,5757,0,0,0,3739021,14,3169933,0,0.395518,0.000000,0.000000,12117,0,9246.01,0,0,0,0,SUCCESS,0,1,warm20,,,,,,,,,,,used,,,,20260905-1028
2026-09-05 11:26:38,EHAUSM-I,SIGN,69,2,0.003000,0.000,0.008,1246726,560,0,7510,7511,0,0,0,7871675,14,7284877,0,0.397207,0.000000,0.000000,12158,0,5433.38,0,0,0,0,SUCCESS,0,1,warm20,,,,,,,,,,,used,,,,20260905-1028
2026-09-05 11:26:45,EHAUSM-I,SIGN,70,2,0.003000,0.000,0.008,1265597,566,0,7591,7591,0,0,0,5457412,14,4862415,0,0.393662,0.000000,0.000000,12584,0,7597.73,0,0,0,0,SUCCESS,0,1,warm20,,,,,,,,,,,used,,,,20260905-1028
2026-09-05 11:26:53,EHAUSM-I,SIGN,71,2,0.003000,0.000,0.008,1283052,572,0,7165,7165,0,0,0,4170814,14,3574499,0,0.411081,0.000000,0.000000,12659,0,7605.47,0,0,0,0,SUCCESS,0,1,warm20,,,,,,,,,,,used,,,,20260905-1028
2026-09-05 11:27:01,EHAUSM-I,SIGN,72,2,0.003000,0.000,0.008,1300784,578,0,8343,8344,0,0,0,6139510,14,5530855,0,0.377803,0.000000,0.000000,12940,0,8055.63,0,0,0,0,SUCCESS,0,1,warm20,,,,,,,,,,,used,,,,20260905-1028
2026-09-05 11:27:09,EHAUSM-I,SIGN,73,2,0.003000,0.000,0.008,1316615,584,0,7594,7594,0,0,0,5526199,14,4914031,0,0.391536,0.000000,0.000000,12887,0,9409.97,0,0,0,0,SUCCESS,0,1,warm20,,,,,,,,,,,used,,,,20260905-1028
2026-09-05 11:27:13,EHAUSM-I,SIGN,74,2,0.003000,0.000,0.008,1330102,590,0,3814,3814,0,0,0,2538255,14,1933294,0,0.364843,0.000000,0.000000,12801,0,3613.37,0,0,0,0,SUCCESS,0,1,warm20,,,,,,,,,,,used,,,,20260905-1028
2026-09-05 11:27:16,EHAUSM-I,SIGN,75,2,0.003000,0.000,0.008,1342143,596,0,3327,3327,0,0,0,2006426,15,1409183,0,0.355933,0.000000,0.000000,12641,0,10101.37,0,0,0,0,SUCCESS,0,1,warm20,,,,,,,,,,,used,,,,20260905-1028
2026-09-05 11:27:19,EHAUSM-I,SIGN,76,2,0.003000,0.000,0.008,1352225,602,0,2887,2887,0,0,0,1408402,15,818945,0,0.308720,0.000000,0.000000,12469,0,8811.54,0,0,0,0,SUCCESS,0,1,warm20,,,,,,,,,,,used,,,,20260905-1028
2026-09-05 11:27:27,EHAUSM-I,SIGN,77,2,0.003000,0.000,0.008,1364919,608,0,8043,8043,0,0,0,3824402,15,3235311,0,0.378348,0.000000,0.000000,12515,0,9956.48,0,0,0,0,SUCCESS,0,1,warm20,,,,,,,,,,,used,,,,20260905-1028
2026-09-05 11:27:32,EHAUSM-I,SIGN,78,2,0.003000,0.000,0.008,1378844,614,0,5140,5140,0,0,0,3486788,15,2900026,0,0.397689,0.000000,0.000000,12541,0,6763.43,0,0,0,0,SUCCESS,0,1,warm20,,,,,,,,,,,used,,,,20260905-1028
2026-09-05 11:27:35,EHAUSM-I,SIGN,79,2,0.003000,0.000,0.008,1390075,620,0,3044,3044,0,0,0,1813605,15,1234164,0,0.353476,0.000000,0.000000,12364,0,5732.48,0,0,0,0,SUCCESS,0,1,warm20,,,,,,,,,,,used,,,,20260905-1028
2026-09-05 11:27:39,EHAUSM-I,SIGN,80,2,0.003000,0.000,0.008,1404925,626,0,3855,3855,0,0,0,3072004,15,2497863,0,0.373804,0.000000,0.000000,12159,0,6122.82,0,0,0,0,SUCCESS,0,1,warm20,,,,,,,,,,,used,,,,20260905-1028
2026-09-05 11:27:46,EHAUSM-I,SIGN,81,2,0.003000,0.000,0.008,1419540,632,0,6246,6246,0,0,0,3187333,15,2615072,0,0.387666,0.000000,0.000000,12230,0,9122.79,0,0,0,0,SUCCESS,0,1,warm20,,,,,,,,,,,used,,,,20260905-1028
2026-09-05 11:27:53,EHAUSM-I,SIGN,82,2,0.003000,0.000,0.008,1430972,638,0,7333,7333,0,0,0,3533426,15,2959645,0,0.369666,0.000000,0.000000,12165,0,6614.23,0,0,0,0,SUCCESS,0,1,warm20,,,,,,,,,,,used,,,,20260905-1028
2026-09-05 11:28:01,EHAUSM-I,SIGN,83,2,0.003000,0.000,0.008,1446547,644,0,7329,7329,0,0,0,3679073,15,3107365,0,0.368358,0.000000,0.000000,12128,0,6657.64,0,0,0,0,SUCCESS,0,1,warm20,,,,,,,,,,,used,,,,20260905-1028
2026-09-05 11:28:09,EHAUSM-I,SIGN,84,2,0.003000,0.000,0.008,1466019,650,0,8141,8141,0,0,0,5742603,16,5166264,0,0.362767,0.000000,0.000000,12206,0,9311.41,0,0,0,0,SUCCESS,0,1,warm20,,,,,,,,,,,used,,,,20260905-1028
2026-09-05 11:28:12,EHAUSM-I,SIGN,85,2,0.003000,0.000,0.008,1477721,656,0,3530,3530,0,0,0,2328380,16,1757855,0,0.372567,0.000000,0.000000,12122,0,9642.32,0,0,0,0,SUCCESS,0,1,warm20,,,,,,,,,,,used,,,,20260905-1028
2026-09-05 11:28:17,EHAUSM-I,SIGN,86,2,0.003000,0.000,0.008,1489446,662,0,4250,4250,0,0,0,2753953,16,2187771,0,0.386047,0.000000,0.000000,12092,0,11012.18,0,0,0,0,SUCCESS,0,1,warm20,,,,,,,,,,,used,,,,20260905-1028
2026-09-05 11:28:25,EHAUSM-I,SIGN,87,2,0.003000,0.000,0.008,1504545,668,0,7720,7721,0,0,0,5286351,16,4717665,0,0.395645,0.000000,0.000000,12261,0,5316.01,0,0,0,0,SUCCESS,0,1,warm20,,,,,,,,,,,used,,,,20260905-1028
2026-09-05 11:28:33,EHAUSM-I,SIGN,88,2,0.003000,0.000,0.008,1520720,674,0,8532,8533,0,0,0,5266965,17,4694715,0,0.401806,0.000000,0.000000,12357,0,5012.54,0,0,0,0,SUCCESS,0,1,warm20,,,,,,,,,,,used,,,,20260905-1028
2026-09-05 11:28:41,EHAUSM-I,SIGN,89,2,0.003000,0.000,0.008,1534926,680,0,7389,7389,0,0,0,3940487,17,3369620,0,0.389240,0.000000,0.000000,12454,0,4424.00,0,0,0,0,SUCCESS,0,1,warm20,,,,,,,,,,,used,,,,20260905-1028
2026-09-05 11:28:50,EHAUSM-I,SIGN,90,2,0.003000,0.000,0.008,1553182,686,0,9355,9355,0,0,0,6289826,17,5711617,0,0.400723,0.000000,0.000000,12724,0,9035.61,0,0,0,0,SUCCESS,0,1,warm20,,,,,,,,,,,used,,,,20260905-1028
2026-09-05 11:29:00,EHAUSM-I,SIGN,91,2,0.003000,0.000,0.008,1569089,692,0,9478,9478,0,0,0,5864758,17,5281613,0,0.395726,0.000000,0.000000,12856,0,7568.00,0,0,0,0,SUCCESS,0,1,warm20,,,,,,,,,,,used,,,,20260905-1028
2026-09-05 11:29:11,EHAUSM-I,SIGN,92,2,0.003000,0.000,0.008,1586819,698,0,10704,10705,0,0,0,6927324,18,6337755,0,0.410029,0.000000,0.000000,12860,0,8784.00,0,0,0,0,SUCCESS,0,1,warm20,,,,,,,,,,,used,,,,20260905-1028
2026-09-05 11:29:21,EHAUSM-I,SIGN,93,2,0.003000,0.000,0.008,1606504,704,0,10162,10162,0,0,0,7595912,18,6995222,0,0.372524,0.000000,0.000000,12872,0,6323.60,0,0,0,0,SUCCESS,0,1,warm20,,,,,,,,,,,used,,,,20260905-1028
2026-09-05 11:29:28,EHAUSM-I,SIGN,94,2,0.003000,0.000,0.008,1616945,710,0,6911,6912,0,0,0,2869002,18,2269324,0,0.390843,0.000000,0.000000,12890,0,5216.00,0,0,0,0,SUCCESS,0,1,warm20,,,,,,,,,,,used,,,,20260905-1028
2026-09-05 11:29:35,EHAUSM-I,SIGN,95,2,0.003000,0.000,0.008,1631610,716,0,7283,7283,0,0,0,4383974,18,3782574,0,0.352245,0.000000,0.000000,12886,0,5264.00,0,0,0,0,SUCCESS,0,1,warm20,,,,,,,,,,,used,,,,20260905-1028
2026-09-05 11:29:44,EHAUSM-I,SIGN,96,2,0.003000,0.000,0.008,1649145,722,0,8323,8323,0,0,0,4722811,18,4122500,0,0.397764,0.000000,0.000000,12904,0,6672.00,0,0,0,0,SUCCESS,0,1,warm20,,,,,,,,,,,used,,,,20260905-1028
2026-09-05 11:29:49,EHAUSM-I,SIGN,97,2,0.003000,0.000,0.008,1663324,728,0,5295,5296,0,0,0,3249597,18,2653184,0,0.369632,0.000000,0.000000,12728,0,8627.92,0,0,0,0,SUCCESS,0,1,warm20,,,,,,,,,,,used,,,,20260905-1028
2026-09-05 11:29:51,EHAUSM-I,SIGN,98,2,0.003000,0.000,0.008,1668652,730,0,1690,1690,0,0,0,1000548,18,406661,0,0.280130,0.000000,0.000000,12666,0,3712.00,0,0,0,0,SUCCESS,0,1,warm20,,,,,,,,,,,used,,,,20260905-1028
2026-09-05 11:29:51,EHAUSM-I,SIGN,99,2,0.003000,0.000,0.008,1668652,730,0,113,113,0,0,0,593898,18,11,0,0.217673,0.000000,0.000000,12666,0,4144.00,0,0,0,0,SUCCESS,0,1,warm20,,,,,,,,,,,used,,,,20260905-1028
2026-09-05 11:30:14,Pre-HAUSPM,SIGN,0,0,0.003000,0.200,0.200,319686,146,4,22329,22333,0,0,0,192985412,0,190160260,0,0.000000,0.000000,0.000000,23387,58493,757.14,0,0,0,0,SUCCESS,0,2,warm20,,,,,1,0,319686,0,,,used,,,,20260905-1028
2026-09-05 11:30:37,Pre-HAUSPM,SIGN,1,0,0.003000,0.200,0.008,334092,152,0,22511,22511,0,0,0,191310527,0,188603074,0,0.000000,0.000000,0.000000,23347,57191,352.61,0,0,0,0,SUCCESS,0,2,warm20,,,,,1,0,14406,192,,,used,,,,20260905-1028
2026-09-05 11:30:59,Pre-HAUSPM,SIGN,2,0,0.003000,0.200,0.008,345121,158,0,22140,22140,0,0,0,185430875,0,182854764,0,0.000000,0.000000,0.000000,23125,56725,659.50,0,0,0,0,SUCCESS,0,2,warm20,,,,,1,0,11029,201,,,used,,,,20260905-1028
2026-09-05 11:31:21,Pre-HAUSPM,SIGN,3,0,0.003000,0.200,0.008,358047,164,0,22561,22561,0,0,0,185305928,0,182789449,0,0.000000,0.000000,0.000000,22486,54850,126.02,0,0,0,0,SUCCESS,0,2,warm20,,,,,1,0,12926,208,,,used,,,,20260905-1028
2026-09-05 11:31:43,Pre-HAUSPM,SIGN,4,0,0.003000,0.200,0.008,369331,170,0,21734,21734,0,0,0,176218472,0,173862062,0,0.000000,0.000000,0.000000,21958,52348,670.88,0,0,0,0,SUCCESS,0,2,warm20,,,,,1,0,11284,215,,,used,,,,20260905-1028
2026-09-05 11:32:05,Pre-HAUSPM,SIGN,5,0,0.003000,0.200,0.008,383289,176,0,21926,21926,0,0,0,174965030,0,172692226,0,0.000000,0.000000,0.000000,21751,50861,581.59,0,0,0,0,SUCCESS,0,2,warm20,,,,,1,0,13958,222,,,used,,,,20260905-1028
2026-09-05 11:32:27,Pre-HAUSPM,SIGN,6,0,0.003000,0.200,0.008,393230,182,0,21484,21484,0,0,0,169314751,0,167146636,0,0.000000,0.000000,0.000000,21796,50485,701.64,0,0,0,0,SUCCESS,0,2,warm20,,,,,1,0,9941,231,,,used,,,,20260905-1028
2026-09-05 11:32:48,Pre-HAUSPM,SIGN,7,0,0.003000,0.200,0.008,408594,188,0,20865,20866,0,0,0,162461409,0,160430787,0,0.000000,0.000000,0.000000,20533,47503,221.09,0,0,0,0,SUCCESS,0,2,warm20,,,,,1,0,15364,237,,,used,,,,20260905-1028
2026-09-05 11:33:10,Pre-HAUSPM,SIGN,8,0,0.003000,0.200,0.008,428453,194,0,22054,22054,0,0,0,170832772,0,168749391,0,0.000000,0.000000,0.000000,20113,47452,251.83,0,0,0,0,SUCCESS,0,2,warm20,,,,,1,0,19859,246,,,used,,,,20260905-1028
2026-09-05 11:33:35,Pre-HAUSPM,SIGN,9,0,0.003000,0.200,0.008,446004,200,0,25148,25148,0,0,0,195511272,0,193152591,0,0.000000,0.000000,0.000000,19376,45388,194.51,0,0,0,0,SUCCESS,0,2,warm20,,,,,1,0,17551,258,,,used,,,,20260905-1028
2026-09-05 11:34:00,Pre-HAUSPM,SIGN,10,0,0.003000,0.200,0.008,456476,206,0,24310,24310,0,0,0,187143471,0,184912832,0,0.000000,0.000000,0.000000,18895,43856,219.37,0,0,0,0,SUCCESS,0,2,warm20,,,,,1,0,10472,268,,,used,,,,20260905-1028
2026-09-05 11:34:23,Pre-HAUSPM,SIGN,11,0,0.003000,0.200,0.008,466138,212,0,23551,23551,0,0,0,179750698,0,177633188,0,0.000000,0.000000,0.000000,18242,41996,256.80,0,0,0,0,SUCCESS,0,2,warm20,,,,,1,0,9662,275,,,used,,,,20260905-1028
2026-09-05 11:34:47,Pre-HAUSPM,SIGN,12,0,0.003000,0.200,0.008,480433,218,0,23737,23737,0,0,0,178479034,0,176421826,0,0.000000,0.000000,0.000000,18295,41804,493.68,0,0,0,0,SUCCESS,0,2,warm20,,,,,1,0,14295,281,,,used,,,,20260905-1028
2026-09-05 11:35:12,Pre-HAUSPM,SIGN,13,0,0.003000,0.200,0.008,496413,224,0,24599,24599,0,0,0,181639504,0,179602054,0,0.000000,0.000000,0.000000,19145,43866,531.66,0,0,0,0,SUCCESS,0,2,warm20,,,,,1,0,15980,289,,,used,,,,20260905-1028
2026-09-05 11:35:37,Pre-HAUSPM,SIGN,14,0,0.003000,0.200,0.008,507190,230,0,24337,24337,0,0,0,177807932,0,175834119,0,0.000000,0.000000,0.000000,18586,42577,473.16,0,0,0,0,SUCCESS,0,2,warm20,,,,,1,0,10777,299,,,used,,,,20260905-1028
2026-09-05 11:36:02,Pre-HAUSPM,SIGN,15,0,0.003000,0.200,0.008,518654,236,0,25703,25703,0,0,0,184510125,0,182494752,0,0.000000,0.000000,0.000000,19660,44940,411.97,0,0,0,0,SUCCESS,0,2,warm20,,,,,1,0,11464,305,,,used,,,,20260905-1028
2026-09-05 11:36:30,Pre-HAUSPM,SIGN,16,0,0.003000,0.200,0.008,536314,242,0,27484,27484,0,0,0,193174738,0,191106733,0,0.000000,0.000000,0.000000,20004,45870,323.31,0,0,0,0,SUCCESS,0,2,warm20,,,,,1,0,17660,312,,,used,,,,20260905-1028
2026-09-05 11:36:57,Pre-HAUSPM,SIGN,17,0,0.003000,0.200,0.008,544548,248,0,26917,26917,0,0,0,188229059,0,186231270,0,0.000000,0.000000,0.000000,19532,44618,465.86,0,0,0,0,SUCCESS,0,2,warm20,,,,,1,0,8234,323,,,used,,,,20260905-1028
2026-09-05 11:37:24,Pre-HAUSPM,SIGN,18,0,0.003000,0.200,0.008,556990,254,0,26632,26632,0,0,0,184787353,0,182855941,0,0.000000,0.000000,0.000000,18960,43382,543.85,0,0,0,0,SUCCESS,0,2,warm20,,,,,1,0,12442,328,,,used,,,,20260905-1028
2026-09-05 11:37:51,Pre-HAUSPM,SIGN,19,0,0.003000,0.200,0.008,569490,260,0,26837,26837,0,0,0,183860310,0,181955340,0,0.000000,0.000000,0.000000,18933,43343,525.86,0,0,0,0,SUCCESS,0,2,warm20,,,,,1,0,12500,335,,,used,,,,20260905-1028
2026-09-05 11:38:19,Pre-HAUSPM,SIGN,20,0,0.003000,0.200,0.008,587283,266,0,28450,28451,0,0,0,195235168,0,193267539,0,0.000000,0.000000,0.000000,18422,42182,363.61,0,0,0,0,SUCCESS,0,2,warm20,,,,,1,0,17793,343,,,used,,,,20260905-1028
2026-09-05 11:38:48,Pre-HAUSPM,SIGN,21,0,0.003000,0.200,0.008,601918,272,0,28485,28485,0,0,0,193787685,0,191856339,0,0.000000,0.000000,0.000000,18161,41443,238.86,0,0,0,0,SUCCESS,0,2,warm20,,,,,1,0,14635,353,,,used,,,,20260905-1028
2026-09-05 11:39:17,Pre-HAUSPM,SIGN,22,0,0.003000,0.200,0.008,613134,278,0,28549,28549,0,0,0,192310379,0,190412716,0,0.000000,0.000000,0.000000,18187,41362,188.25,0,0,0,0,SUCCESS,0,2,warm20,,,,,1,0,11216,362,,,used,,,,20260905-1028
2026-09-05 11:39:45,Pre-HAUSPM,SIGN,23,0,0.003000,0.200,0.008,625156,284,0,27644,27645,0,0,0,185075905,0,183265900,0,0.000000,0.000000,0.000000,17486,39616,424.56,0,0,0,0,SUCCESS,0,2,warm20,,,,,1,0,12022,369,,,used,,,,20260905-1028
2026-09-05 11:40:12,Pre-HAUSPM,SIGN,24,0,0.003000,0.200,0.008,639272,290,0,27042,27042,0,0,0,179745467,0,178009236,0,0.000000,0.000000,0.000000,17307,38871,244.79,0,0,0,0,SUCCESS,0,2,warm20,,,,,1,0,14116,376,,,used,,,,20260905-1028
2026-09-05 11:40:39,Pre-HAUSPM,SIGN,25,0,0.003000,0.200,0.008,650468,296,0,27092,27092,0,0,0,178388315,0,176681829,0,0.000000,0.000000,0.000000,17338,38779,440.46,0,0,0,0,SUCCESS,0,2,warm20,,,,,1,0,11196,385,,,used,,,,20260905-1028
2026-09-05 11:41:06,Pre-HAUSPM,SIGN,26,0,0.003000,0.200,0.008,661807,302,0,27052,27052,0,0,0,176929800,0,175246893,0,0.000000,0.000000,0.000000,16997,37896,484.03,0,0,0,0,SUCCESS,0,2,warm20,,,,,1,0,11339,391,,,used,,,,20260905-1028
2026-09-05 11:41:33,Pre-HAUSPM,SIGN,27,0,0.003000,0.200,0.008,671849,308,0,26527,26527,0,0,0,172480210,0,170849325,0,0.000000,0.000000,0.000000,16446,36682,295.15,0,0,0,0,SUCCESS,0,2,warm20,,,,,1,0,10042,398,,,used,,,,20260905-1028
2026-09-05 11:42:00,Pre-HAUSPM,SIGN,28,0,0.003000,0.200,0.008,682126,314,0,26449,26449,0,0,0,170563672,0,168961584,0,0.000000,0.000000,0.000000,16420,36556,430.96,0,0,0,0,SUCCESS,0,2,warm20,,,,,1,0,10277,404,,,used,,,,20260905-1028
2026-09-05 11:42:27,Pre-HAUSPM,SIGN,29,0,0.003000,0.200,0.008,695776,320,0,27398,27398,0,0,0,174106918,0,172484477,0,0.000000,0.000000,0.000000,16853,37702,106.66,0,0,0,0,SUCCESS,0,2,warm20,,,,,1,0,13650,411,,,used,,,,20260905-1028
2026-09-05 11:42:54,Pre-HAUSPM,SIGN,30,0,0.003000,0.200,0.008,707653,326,0,27141,27141,0,0,0,171235839,0,169649762,0,0.000000,0.000000,0.000000,16464,36776,462.93,0,0,0,0,SUCCESS,0,2,warm20,,,,,1,0,11877,419,,,used,,,,20260905-1028
2026-09-05 11:43:21,Pre-HAUSPM,SIGN,31,0,0.003000,0.200,0.008,720279,332,0,26580,26580,0,0,0,166667451,0,165133644,0,0.000000,0.000000,0.000000,15898,35360,281.78,0,0,0,0,SUCCESS,0,2,warm20,,,,,1,0,12626,426,,,used,,,,20260905-1028
2026-09-05 11:43:48,Pre-HAUSPM,SIGN,32,0,0.003000,0.200,0.008,730705,338,0,26484,26484,0,0,0,164766132,0,163259521,0,0.000000,0.000000,0.000000,15828,35283,356.15,0,0,0,0,SUCCESS,0,2,warm20,,,,,1,0,10426,433,,,used,,,,20260905-1028
2026-09-05 11:44:14,Pre-HAUSPM,SIGN,33,0,0.003000,0.200,0.008,744420,344,0,26608,26608,0,0,0,163636209,0,162153212,0,0.000000,0.000000,0.000000,16554,36879,511.57,0,0,0,0,SUCCESS,0,2,warm20,,,,,1,0,13715,440,,,used,,,,20260905-1028
2026-09-05 11:44:42,Pre-HAUSPM,SIGN,34,0,0.003000,0.200,0.008,756980,350,0,27005,27005,0,0,0,164073201,0,162594948,0,0.000000,0.000000,0.000000,16743,37423,347.18,0,0,0,0,SUCCESS,0,2,warm20,,,,,1,0,12560,448,,,used,,,,20260905-1028
2026-09-05 11:45:09,Pre-HAUSPM,SIGN,35,0,0.003000,0.200,0.008,768219,356,0,26822,26822,0,0,0,161606579,0,160158810,0,0.000000,0.000000,0.000000,16721,37249,379.55,0,0,0,0,SUCCESS,0,2,warm20,,,,,1,0,11239,456,,,used,,,,20260905-1028
2026-09-05 11:45:36,Pre-HAUSPM,SIGN,36,0,0.003000,0.200,0.008,777786,362,0,26832,26832,0,0,0,160438957,0,159008151,0,0.000000,0.000000,0.000000,16692,37287,136.13,0,0,0,0,SUCCESS,0,2,warm20,,,,,1,0,9567,462,,,used,,,,20260905-1028
2026-09-05 11:46:03,Pre-HAUSPM,SIGN,37,0,0.003000,0.200,0.008,790994,368,0,27430,27430,0,0,0,162476627,0,161042062,0,0.000000,0.000000,0.000000,16986,37956,372.81,0,0,0,0,SUCCESS,0,2,warm20,,,,,1,0,13208,468,,,used,,,,20260905-1028
2026-09-05 11:46:31,Pre-HAUSPM,SIGN,38,0,0.003000,0.200,0.008,803248,374,0,27293,27293,0,0,0,160357570,0,158949074,0,0.000000,0.000000,0.000000,16821,37555,279.53,0,0,0,0,SUCCESS,0,2,warm20,,,,,1,0,12254,476,,,used,,,,20260905-1028
2026-09-05 11:46:58,Pre-HAUSPM,SIGN,39,0,0.003000,0.200,0.008,817420,380,0,27306,27306,0,0,0,159236421,0,157847499,0,0.000000,0.000000,0.000000,16757,37525,187.64,0,0,0,0,SUCCESS,0,2,warm20,,,,,1,0,14172,483,,,used,,,,20260905-1028
2026-09-05 11:47:26,Pre-HAUSPM,SIGN,40,0,0.003000,0.200,0.008,828605,386,0,27397,27397,0,0,0,158922308,0,157540184,0,0.000000,0.000000,0.000000,16796,37699,360.26,0,0,0,0,SUCCESS,0,2,warm20,,,,,1,0,11185,492,,,used,,,,20260905-1028
2026-09-05 11:47:53,Pre-HAUSPM,SIGN,41,0,0.003000,0.200,0.008,840915,392,0,27464,27464,0,0,0,158591644,0,157223971,0,0.000000,0.000000,0.000000,16767,37558,364.38,0,0,0,0,SUCCESS,0,2,warm20,,,,,1,0,12310,499,,,used,,,,20260905-1028
2026-09-05 11:48:21,Pre-HAUSPM,SIGN,42,0,0.003000,0.200,0.008,851890,398,0,27595,27595,0,0,0,158095627,0,156737995,0,0.000000,0.000000,0.000000,17093,38284,342.00,0,0,0,0,SUCCESS,0,2,warm20,,,,,1,0,10975,506,,,used,,,,20260905-1028
2026-09-05 11:48:49,Pre-HAUSPM,SIGN,43,0,0.003000,0.200,0.008,867106,404,0,27743,27743,0,0,0,158319979,0,156972502,0,0.000000,0.000000,0.000000,16906,37788,266.57,0,0,0,0,SUCCESS,0,2,warm20,,,,,1,0,15216,513,,,used,,,,20260905-1028
2026-09-05 11:49:17,Pre-HAUSPM,SIGN,44,0,0.003000,0.200,0.008,884460,410,0,27780,27780,0,0,0,157385557,0,156052136,0,0.000000,0.000000,0.000000,16490,36978,251.99,0,0,0,0,SUCCESS,0,2,warm20,,,,,1,0,17354,522,,,used,,,,20260905-1028
2026-09-05 11:49:44,Pre-HAUSPM,SIGN,45,0,0.003000,0.200,0.008,901027,416,0,27448,27448,0,0,0,154388008,0,153088039,0,0.000000,0.000000,0.000000,15893,35711,136.56,0,0,0,0,SUCCESS,0,2,warm20,,,,,1,0,16567,532,,,used,,,,20260905-1028
2026-09-05 11:50:12,Pre-HAUSPM,SIGN,46,0,0.003000,0.200,0.008,916886,422,0,27328,27328,0,0,0,152787167,0,151508695,0,0.000000,0.000000,0.000000,15488,34847,251.80,0,0,0,0,SUCCESS,0,2,warm20,,,,,1,0,15859,542,,,used,,,,20260905-1028
2026-09-05 11:50:39,Pre-HAUSPM,SIGN,47,0,0.003000,0.200,0.008,933116,428,0,27060,27060,0,0,0,150607623,0,149354455,0,0.000000,0.000000,0.000000,15117,34004,167.53,0,0,0,0,SUCCESS,0,2,warm20,,,,,1,0,16230,552,,,used,,,,20260905-1028
2026-09-05 11:51:06,Pre-HAUSPM,SIGN,48,0,0.003000,0.200,0.008,947537,434,0,26858,26858,0,0,0,148750779,0,147519206,0,0.000000,0.000000,0.000000,14733,33154,464.81,0,0,0,0,SUCCESS,0,2,warm20,,,,,1,0,14421,562,,,used,,,,20260905-1028
2026-09-05 11:51:33,Pre-HAUSPM,SIGN,49,0,0.003000,0.200,0.008,957204,440,0,26553,26553,0,0,0,146408699,0,145200316,0,0.000000,0.000000,0.000000,14599,32698,252.09,0,0,0,0,SUCCESS,0,2,warm20,,,,,1,0,9667,570,,,used,,,,20260905-1028
2026-09-05 11:51:59,Pre-HAUSPM,SIGN,50,0,0.003000,0.200,0.008,967022,446,0,26470,26470,0,0,0,145183073,0,143989438,0,0.000000,0.000000,0.000000,14609,32624,61.88,0,0,0,0,SUCCESS,0,2,warm20,,,,,1,0,9818,576,,,used,,,,20260905-1028
2026-09-05 11:52:26,Pre-HAUSPM,SIGN,51,0,0.003000,0.200,0.008,979636,452,0,26809,26809,0,0,0,146282487,0,145085695,0,0.000000,0.000000,0.000000,14554,32458,384.25,0,0,0,0,SUCCESS,0,2,warm20,,,,,1,0,12614,582,,,used,,,,20260905-1028
2026-09-05 11:52:53,Pre-HAUSPM,SIGN,52,0,0.003000,0.200,0.008,990505,458,0,26603,26603,0,0,0,144428401,0,143250838,0,0.000000,0.000000,0.000000,14363,32026,370.73,0,0,0,0,SUCCESS,0,2,warm20,,,,,1,0,10869,590,,,used,,,,20260905-1028
2026-09-05 11:53:19,Pre-HAUSPM,SIGN,53,0,0.003000,0.200,0.008,1001386,464,0,26168,26168,0,0,0,141530822,0,140380899,0,0.000000,0.000000,0.000000,14056,31274,196.39,0,0,0,0,SUCCESS,0,2,warm20,,,,,1,0,10881,596,,,used,,,,20260905-1028
2026-09-05 11:53:46,Pre-HAUSPM,SIGN,54,0,0.003000,0.200,0.008,1016244,470,0,26317,26317,0,0,0,141524229,0,140381544,0,0.000000,0.000000,0.000000,13905,30965,415.61,0,0,0,0,SUCCESS,0,2,warm20,,,,,1,0,14858,603,,,used,,,,20260905-1028
2026-09-05 11:54:12,Pre-HAUSPM,SIGN,55,0,0.003000,0.200,0.008,1027129,476,0,26288,26288,0,0,0,140772970,0,139640415,0,0.000000,0.000000,0.000000,13871,30839,449.01,0,0,0,0,SUCCESS,0,2,warm20,,,,,1,0,10885,612,,,used,,,,20260905-1028
2026-09-05 11:54:39,Pre-HAUSPM,SIGN,56,0,0.003000,0.200,0.008,1047408,482,0,26272,26272,0,0,0,140359358,0,139239449,0,0.000000,0.000000,0.000000,13478,29927,203.78,0,0,0,0,SUCCESS,0,2,warm20,,,,,1,0,20279,618,,,used,,,,20260905-1028
2026-09-05 11:55:05,Pre-HAUSPM,SIGN,57,0,0.003000,0.200,0.008,1060421,488,0,26214,26215,0,0,0,139139438,0,138032339,0,0.000000,0.000000,0.000000,13277,29502,425.08,0,0,0,0,SUCCESS,0,2,warm20,,,,,1,0,13013,630,,,used,,,,20260905-1028
2026-09-05 11:55:31,Pre-HAUSPM,SIGN,58,0,0.003000,0.200,0.008,1079371,494,0,26161,26161,0,0,0,138164884,0,137071456,0,0.000000,0.000000,0.000000,13241,29610,223.46,0,0,0,0,SUCCESS,0,2,warm20,,,,,1,0,18950,638,,,used,,,,20260905-1028
2026-09-05 11:55:58,Pre-HAUSPM,SIGN,59,0,0.003000,0.200,0.008,1096747,500,0,26187,26187,0,0,0,137898195,0,136810521,0,0.000000,0.000000,0.000000,13167,29545,278.54,0,0,0,0,SUCCESS,0,2,warm20,,,,,1,0,17376,650,,,used,,,,20260905-1028
2026-09-05 11:56:24,Pre-HAUSPM,SIGN,60,0,0.003000,0.200,0.008,1110602,506,0,26074,26074,0,0,0,136605777,0,135532593,0,0.000000,0.000000,0.000000,13007,29076,97.03,0,0,0,0,SUCCESS,0,2,warm20,,,,,1,0,13855,660,,,used,,,,20260905-1028
2026-09-05 11:56:50,Pre-HAUSPM,SIGN,61,0,0.003000,0.200,0.008,1124744,512,0,25959,25959,0,0,0,135495873,0,134437554,0,0.000000,0.000000,0.000000,12882,28793,106.85,0,0,0,0,SUCCESS,0,2,warm20,,,,,1,0,14142,668,,,used,,,,20260905-1028
2026-09-05 11:57:16,Pre-HAUSPM,SIGN,62,0,0.003000,0.200,0.008,1139446,518,0,26069,26069,0,0,0,135648178,0,134596099,0,0.000000,0.000000,0.000000,12846,28682,267.18,0,0,0,0,SUCCESS,0,2,warm20,,,,,1,0,14702,677,,,used,,,,20260905-1028
2026-09-05 11:57:43,Pre-HAUSPM,SIGN,63,0,0.003000,0.200,0.008,1156811,524,0,26142,26142,0,0,0,135140781,0,134101872,0,0.000000,0.000000,0.000000,12821,28608,129.78,0,0,0,0,SUCCESS,0,2,warm20,,,,,1,0,17365,686,,,used,,,,20260905-1028
2026-09-05 11:58:09,Pre-HAUSPM,SIGN,64,0,0.003000,0.200,0.008,1169601,530,0,26139,26140,0,0,0,134595691,0,133565833,0,0.000000,0.000000,0.000000,12622,28248,280.32,0,0,0,0,SUCCESS,0,2,warm20,,,,,1,0,12790,696,,,used,,,,20260905-1028
2026-09-05 11:58:35,Pre-HAUSPM,SIGN,65,0,0.003000,0.200,0.008,1183474,536,0,26099,26099,0,0,0,133662857,0,132643748,0,0.000000,0.000000,0.000000,12433,27838,449.75,0,0,0,0,SUCCESS,0,2,warm20,,,,,1,0,13873,704,,,used,,,,20260905-1028
2026-09-05 11:59:01,Pre-HAUSPM,SIGN,66,0,0.003000,0.200,0.008,1194955,542,0,25984,25984,0,0,0,132361068,0,131354867,0,0.000000,0.000000,0.000000,12294,27511,127.27,0,0,0,0,SUCCESS,0,2,warm20,,,,,1,0,11481,712,,,used,,,,20260905-1028
2026-09-05 11:59:27,Pre-HAUSPM,SIGN,67,0,0.003000,0.200,0.008,1209554,548,0,25799,25799,0,0,0,130970872,0,129979928,0,0.000000,0.000000,0.000000,12041,26918,309.08,0,0,0,0,SUCCESS,0,2,warm20,,,,,1,0,14599,719,,,used,,,,20260905-1028
2026-09-05 11:59:53,Pre-HAUSPM,SIGN,68,0,0.003000,0.200,0.008,1225092,554,0,26016,26016,0,0,0,131589149,0,130598018,0,0.000000,0.000000,0.000000,12117,27150,84.84,0,0,0,0,SUCCESS,0,2,warm20,,,,,1,0,15538,728,,,used,,,,20260905-1028
2026-09-05 12:00:21,Pre-HAUSPM,SIGN,69,0,0.003000,0.200,0.008,1246726,560,0,27111,27111,0,0,0,137913641,0,136891857,0,0.000000,0.000000,0.000000,12158,27294,197.14,0,0,0,0,SUCCESS,0,2,warm20,,,,,1,0,21634,737,,,used,,,,20260905-1028
2026-09-05 12:00:48,Pre-HAUSPM,SIGN,70,0,0.003000,0.200,0.008,1265597,566,0,27675,27675,0,0,0,140243450,0,139207881,0,0.000000,0.000000,0.000000,12584,28378,265.25,0,0,0,0,SUCCESS,0,2,warm20,,,,,1,0,18871,750,,,used,,,,20260905-1028
2026-09-05 12:01:17,Pre-HAUSPM,SIGN,71,0,0.003000,0.200,0.008,1283052,572,0,27970,27970,0,0,0,140826464,0,139788920,0,0.000000,0.000000,0.000000,12659,28441,265.96,0,0,0,0,SUCCESS,0,2,warm20,,,,,1,0,17455,762,,,used,,,,20260905-1028
2026-09-05 12:01:46,Pre-HAUSPM,SIGN,72,0,0.003000,0.200,0.008,1300784,578,0,28748,28748,0,0,0,144533017,0,143473202,0,0.000000,0.000000,0.000000,12940,29007,295.39,0,0,0,0,SUCCESS,0,2,warm20,,,,,1,0,17732,772,,,used,,,,20260905-1028
2026-09-05 12:02:15,Pre-HAUSPM,SIGN,73,0,0.003000,0.200,0.008,1316615,584,0,29206,29206,0,0,0,146118210,0,145052421,0,0.000000,0.000000,0.000000,12887,28983,360.69,0,0,0,0,SUCCESS,0,2,warm20,,,,,1,0,15831,783,,,used,,,,20260905-1028
2026-09-05 12:02:44,Pre-HAUSPM,SIGN,74,0,0.003000,0.200,0.008,1330102,590,0,29067,29068,0,0,0,144757249,0,143704650,0,0.000000,0.000000,0.000000,12801,28723,286.09,0,0,0,0,SUCCESS,0,2,warm20,,,,,1,0,13487,792,,,used,,,,20260905-1028
2026-09-05 12:03:13,Pre-HAUSPM,SIGN,75,0,0.003000,0.200,0.008,1342143,596,0,28870,28870,0,0,0,143254355,0,142215573,0,0.000000,0.000000,0.000000,12641,28316,190.76,0,0,0,0,SUCCESS,0,2,warm20,,,,,1,0,12041,800,,,used,,,,20260905-1028
2026-09-05 12:03:42,Pre-HAUSPM,SIGN,76,0,0.003000,0.200,0.008,1352225,602,0,28645,28645,0,0,0,141639923,0,140615109,0,0.000000,0.000000,0.000000,12469,27972,169.40,0,0,0,0,SUCCESS,0,2,warm20,,,,,1,0,10082,808,,,used,,,,20260905-1028
2026-09-05 12:04:11,Pre-HAUSPM,SIGN,77,0,0.003000,0.200,0.008,1364919,608,0,28855,28855,0,0,0,141749308,0,140725714,0,0.000000,0.000000,0.000000,12515,28067,320.49,0,0,0,0,SUCCESS,0,2,warm20,,,,,1,0,12694,814,,,used,,,,20260905-1028
2026-09-05 12:04:40,Pre-HAUSPM,SIGN,78,0,0.003000,0.200,0.008,1378844,614,0,28971,28971,0,0,0,141639414,0,140620092,0,0.000000,0.000000,0.000000,12541,28068,168.11,0,0,0,0,SUCCESS,0,2,warm20,,,,,1,0,13925,821,,,used,,,,20260905-1028
2026-09-05 12:05:09,Pre-HAUSPM,SIGN,79,0,0.003000,0.200,0.008,1390075,620,0,28778,28778,0,0,0,140158075,0,139152029,0,0.000000,0.000000,0.000000,12364,27636,188.48,0,0,0,0,SUCCESS,0,2,warm20,,,,,1,0,11231,830,,,used,,,,20260905-1028
2026-09-05 12:05:38,Pre-HAUSPM,SIGN,80,0,0.003000,0.200,0.008,1404925,626,0,28724,28724,0,0,0,139542030,0,138545957,0,0.000000,0.000000,0.000000,12159,27255,409.12,0,0,0,0,SUCCESS,0,2,warm20,,,,,1,0,14850,837,,,used,,,,20260905-1028
2026-09-05 12:06:07,Pre-HAUSPM,SIGN,81,0,0.003000,0.200,0.008,1419540,632,0,28825,28826,0,0,0,139178909,0,138187066,0,0.000000,0.000000,0.000000,12230,27410,307.33,0,0,0,0,SUCCESS,0,2,warm20,,,,,1,0,14615,845,,,used,,,,20260905-1028
2026-09-05 12:06:36,Pre-HAUSPM,SIGN,82,0,0.003000,0.200,0.008,1430972,638,0,29123,29123,0,0,0,139699716,0,138705051,0,0.000000,0.000000,0.000000,12165,27327,186.32,0,0,0,0,SUCCESS,0,2,warm20,,,,,1,0,11432,854,,,used,,,,20260905-1028
2026-09-05 12:07:06,Pre-HAUSPM,SIGN,83,0,0.003000,0.200,0.008,1446547,644,0,29258,29258,0,0,0,139364770,0,138374288,0,0.000000,0.000000,0.000000,12128,27189,299.72,0,0,0,0,SUCCESS,0,2,warm20,,,,,1,0,15575,861,,,used,,,,20260905-1028
2026-09-05 12:07:35,Pre-HAUSPM,SIGN,84,0,0.003000,0.200,0.008,1466019,650,0,29752,29752,0,0,0,140995861,0,139996989,0,0.000000,0.000000,0.000000,12206,27385,278.79,0,0,0,0,SUCCESS,0,2,warm20,,,,,1,0,19472,871,,,used,,,,20260905-1028
2026-09-05 12:08:05,Pre-HAUSPM,SIGN,85,0,0.003000,0.200,0.008,1477721,656,0,29629,29629,0,0,0,140000489,0,139011383,0,0.000000,0.000000,0.000000,12122,27123,146.46,0,0,0,0,SUCCESS,0,2,warm20,,,,,1,0,11702,882,,,used,,,,20260905-1028
2026-09-05 12:08:35,Pre-HAUSPM,SIGN,86,0,0.003000,0.200,0.008,1489446,662,0,29612,29612,0,0,0,139253336,0,138272051,0,0.000000,0.000000,0.000000,12092,27034,121.09,0,0,0,0,SUCCESS,0,2,warm20,,,,,1,0,11725,889,,,used,,,,20260905-1028
2026-09-05 12:09:05,Pre-HAUSPM,SIGN,87,0,0.003000,0.200,0.008,1504545,668,0,29995,29995,0,0,0,140308464,0,139324018,0,0.000000,0.000000,0.000000,12261,27325,420.40,0,0,0,0,SUCCESS,0,2,warm20,,,,,1,0,15099,896,,,used,,,,20260905-1028
2026-09-05 12:09:36,Pre-HAUSPM,SIGN,88,0,0.003000,0.200,0.008,1520720,674,0,30494,30494,0,0,0,141768005,0,140777235,0,0.000000,0.000000,0.000000,12357,27546,219.80,0,0,0,0,SUCCESS,0,2,warm20,,,,,1,0,16175,905,,,used,,,,20260905-1028
2026-09-05 12:10:07,Pre-HAUSPM,SIGN,89,0,0.003000,0.200,0.008,1534926,680,0,30661,30661,0,0,0,141664588,0,140677293,0,0.000000,0.000000,0.000000,12454,27713,221.23,0,0,0,0,SUCCESS,0,2,warm20,,,,,1,0,14206,915,,,used,,,,20260905-1028
2026-09-05 12:10:38,Pre-HAUSPM,SIGN,90,0,0.003000,0.200,0.008,1553182,686,0,31336,31336,0,0,0,144026977,0,143026814,0,0.000000,0.000000,0.000000,12724,28371,115.23,0,0,0,0,SUCCESS,0,2,warm20,,,,,1,0,18256,924,,,used,,,,20260905-1028
2026-09-05 12:11:10,Pre-HAUSPM,SIGN,91,0,0.003000,0.200,0.008,1569089,692,0,31897,31897,0,0,0,145802741,0,144793713,0,0.000000,0.000000,0.000000,12856,28658,144.11,0,0,0,0,SUCCESS,0,2,warm20,,,,,1,0,15907,935,,,used,,,,20260905-1028
2026-09-05 12:11:43,Pre-HAUSPM,SIGN,92,0,0.003000,0.200,0.008,1586819,698,0,32605,32606,0,0,0,148282579,0,147262089,0,0.000000,0.000000,0.000000,12860,28708,131.05,0,0,0,0,SUCCESS,0,2,warm20,,,,,1,0,17730,944,,,used,,,,20260905-1028
2026-09-05 12:12:17,Pre-HAUSPM,SIGN,93,0,0.003000,0.200,0.008,1606504,704,0,33457,33457,0,0,0,151825814,0,150785814,0,0.000000,0.000000,0.000000,12872,28946,245.66,0,0,0,0,SUCCESS,0,2,warm20,,,,,1,0,19685,955,,,used,,,,20260905-1028
2026-09-05 12:12:51,Pre-HAUSPM,SIGN,94,0,0.003000,0.200,0.008,1616945,710,0,33652,33652,0,0,0,151812047,0,150774293,0,0.000000,0.000000,0.000000,12890,29038,190.50,0,0,0,0,SUCCESS,0,2,warm20,,,,,1,0,10441,967,,,used,,,,20260905-1028
2026-09-05 12:13:25,Pre-HAUSPM,SIGN,95,0,0.003000,0.200,0.008,1631610,716,0,33942,33942,0,0,0,153151246,0,152110391,0,0.000000,0.000000,0.000000,12886,28991,299.61,0,0,0,0,SUCCESS,0,2,warm20,,,,,1,0,14665,973,,,used,,,,20260905-1028
2026-09-05 12:13:59,Pre-HAUSPM,SIGN,96,0,0.003000,0.200,0.008,1649145,722,0,34157,34157,0,0,0,153385586,0,152346864,0,0.000000,0.000000,0.000000,12904,29021,324.31,0,0,0,0,SUCCESS,0,2,warm20,,,,,1,0,17535,982,,,used,,,,20260905-1028
2026-09-05 12:14:33,Pre-HAUSPM,SIGN,97,0,0.003000,0.200,0.008,1663324,728,0,34125,34125,0,0,0,152660495,0,151629501,0,0.000000,0.000000,0.000000,12728,28571,114.03,0,0,0,0,SUCCESS,0,2,warm20,,,,,1,0,14179,992,,,used,,,,20260905-1028
2026-09-05 12:15:07,Pre-HAUSPM,SIGN,98,0,0.003000,0.200,0.008,1668652,730,0,34038,34038,0,0,0,152049944,0,151023735,0,0.000000,0.000000,0.000000,12666,28413,148.38,0,0,0,0,SUCCESS,0,2,warm20,,,,,1,0,5328,1001,,,used,,,,20260905-1028
2026-09-05 12:15:07,Pre-HAUSPM,SIGN,99,0,0.003000,0.200,0.008,1668652,730,0,2,2,0,0,0,0,0,0,0,0.000000,0.000000,0.000000,12666,28413,152.86,0,0,0,0,SUCCESS,0,2,warm20,,,,,0,0,0,1004,,,used,,,,20260905-1028
2026-09-05 12:15:30,Pre-HAUSPM,SIGN,0,1,0.003000,0.200,0.200,319686,146,0,22344,22345,0,0,0,192985412,0,190160260,0,0.000000,0.000000,0.000000,23387,58493,257.97,0,0,0,0,SUCCESS,0,2,warm20,,,,,1,0,319686,0,,,used,,,,20260905-1028
2026-09-05 12:15:53,Pre-HAUSPM,SIGN,1,1,0.003000,0.200,0.008,334092,152,0,22537,22537,0,0,0,191310527,0,188603074,0,0.000000,0.000000,0.000000,23347,57191,113.18,0,0,0,0,SUCCESS,0,2,warm20,,,,,1,0,14406,192,,,used,,,,20260905-1028
2026-09-05 12:16:15,Pre-HAUSPM,SIGN,2,1,0.003000,0.200,0.008,345121,158,0,22129,22129,0,0,0,185430875,0,182854764,0,0.000000,0.000000,0.000000,23125,56725,548.09,0,0,0,0,SUCCESS,0,2,warm20,,,,,1,0,11029,201,,,used,,,,20260905-1028
2026-09-05 12:16:38,Pre-HAUSPM,SIGN,3,1,0.003000,0.200,0.008,358047,164,0,22589,22589,0,0,0,185305928,0,182789449,0,0.000000,0.000000,0.000000,22486,54850,238.86,0,0,0,0,SUCCESS,0,2,warm20,,,,,1,0,12926,208,,,used,,,,20260905-1028
2026-09-05 12:17:00,Pre-HAUSPM,SIGN,4,1,0.003000,0.200,0.008,369331,170,0,21730,21730,0,0,0,176218472,0,173862062,0,0.000000,0.000000,0.000000,21958,52348,192.29,0,0,0,0,SUCCESS,0,2,warm20,,,,,1,0,11284,215,,,used,,,,20260905-1028
2026-09-05 12:17:22,Pre-HAUSPM,SIGN,5,1,0.003000,0.200,0.008,383289,176,0,21911,21911,0,0,0,174965030,0,172692226,0,0.000000,0.000000,0.000000,21751,50861,512.58,0,0,0,0,SUCCESS,0,2,warm20,,,,,1,0,13958,222,,,used,,,,20260905-1028
2026-09-05 12:17:44,Pre-HAUSPM,SIGN,6,1,0.003000,0.200,0.008,393230,182,0,21475,21475,0,0,0,169314751,0,167146636,0,0.000000,0.000000,0.000000,21796,50485,584.95,0,0,0,0,SUCCESS,0,2,warm20,,,,,1,0,9941,231,,,used,,,,20260905-1028
2026-09-05 12:18:05,Pre-HAUSPM,SIGN,7,1,0.003000,0.200,0.008,408594,188,0,20862,20862,0,0,0,162461409,0,160430787,0,0.000000,0.000000,0.000000,20533,47503,791.70,0,0,0,0,SUCCESS,0,2,warm20,,,,,1,0,15364,237,,,used,,,,20260905-1028
2026-09-05 12:18:27,Pre-HAUSPM,SIGN,8,1,0.003000,0.200,0.008,428453,194,0,22049,22049,0,0,0,170832772,0,168749391,0,0.000000,0.000000,0.000000,20113,47452,742.66,0,0,0,0,SUCCESS,0,2,warm20,,,,,1,0,19859,246,,,used,,,,20260905-1028
2026-09-05 12:18:52,Pre-HAUSPM,SIGN,9,1,0.003000,0.200,0.008,446004,200,0,25145,25145,0,0,0,195511272,0,193152591,0,0.000000,0.000000,0.000000,19376,45388,397.50,0,0,0,0,SUCCESS,0,2,warm20,,,,,1,0,17551,258,,,used,,,,20260905-1028
2026-09-05 12:19:17,Pre-HAUSPM,SIGN,10,1,0.003000,0.200,0.008,456476,206,0,24313,24313,0,0,0,187143471,0,184912832,0,0.000000,0.000000,0.000000,18895,43856,398.11,0,0,0,0,SUCCESS,0,2,warm20,,,,,1,0,10472,268,,,used,,,,20260905-1028
2026-09-05 12:19:40,Pre-HAUSPM,SIGN,11,1,0.003000,0.200,0.008,466138,212,0,23555,23555,0,0,0,179750698,0,177633188,0,0.000000,0.000000,0.000000,18242,41996,195.63,0,0,0,0,SUCCESS,0,2,warm20,,,,,1,0,9662,275,,,used,,,,20260905-1028
2026-09-05 12:20:04,Pre-HAUSPM,SIGN,12,1,0.003000,0.200,0.008,480433,218,0,23737,23737,0,0,0,178479034,0,176421826,0,0.000000,0.000000,0.000000,18295,41804,288.53,0,0,0,0,SUCCESS,0,2,warm20,,,,,1,0,14295,281,,,used,,,,20260905-1028
2026-09-05 12:20:29,Pre-HAUSPM,SIGN,13,1,0.003000,0.200,0.008,496413,224,0,24590,24590,0,0,0,181639504,0,179602054,0,0.000000,0.000000,0.000000,19145,43866,502.18,0,0,0,0,SUCCESS,0,2,warm20,,,,,1,0,15980,289,,,used,,,,20260905-1028
2026-09-05 12:20:53,Pre-HAUSPM,SIGN,14,1,0.003000,0.200,0.008,507190,230,0,24334,24334,0,0,0,177807932,0,175834119,0,0.000000,0.000000,0.000000,18586,42577,299.92,0,0,0,0,SUCCESS,0,2,warm20,,,,,1,0,10777,299,,,used,,,,20260905-1028
2026-09-05 12:21:19,Pre-HAUSPM,SIGN,15,1,0.003000,0.200,0.008,518654,236,0,25703,25703,0,0,0,184510125,0,182494752,0,0.000000,0.000000,0.000000,19660,44940,514.23,0,0,0,0,SUCCESS,0,2,warm20,,,,,1,0,11464,305,,,used,,,,20260905-1028
2026-09-05 12:21:47,Pre-HAUSPM,SIGN,16,1,0.003000,0.200,0.008,536314,242,0,27473,27473,0,0,0,193174738,0,191106733,0,0.000000,0.000000,0.000000,20004,45870,377.18,0,0,0,0,SUCCESS,0,2,warm20,,,,,1,0,17660,312,,,used,,,,20260905-1028
2026-09-05 12:22:14,Pre-HAUSPM,SIGN,17,1,0.003000,0.200,0.008,544548,248,0,26920,26920,0,0,0,188229059,0,186231270,0,0.000000,0.000000,0.000000,19532,44618,535.37,0,0,0,0,SUCCESS,0,2,warm20,,,,,1,0,8234,323,,,used,,,,20260905-1028
2026-09-05 12:22:41,Pre-HAUSPM,SIGN,18,1,0.003000,0.200,0.008,556990,254,0,26633,26633,0,0,0,184787353,0,182855941,0,0.000000,0.000000,0.000000,18960,43382,373.12,0,0,0,0,SUCCESS,0,2,warm20,,,,,1,0,12442,328,,,used,,,,20260905-1028
2026-09-05 12:23:08,Pre-HAUSPM,SIGN,19,1,0.003000,0.200,0.008,569490,260,0,26836,26836,0,0,0,183860310,0,181955340,0,0.000000,0.000000,0.000000,18933,43343,131.23,0,0,0,0,SUCCESS,0,2,warm20,,,,,1,0,12500,335,,,used,,,,20260905-1028
2026-09-05 12:23:36,Pre-HAUSPM,SIGN,20,1,0.003000,0.200,0.008,587283,266,0,28456,28456,0,0,0,195235168,0,193267539,0,0.000000,0.000000,0.000000,18422,42182,416.26,0,0,0,0,SUCCESS,0,2,warm20,,,,,1,0,17793,343,,,used,,,,20260905-1028
2026-09-05 12:24:05,Pre-HAUSPM,SIGN,21,1,0.003000,0.200,0.008,601918,272,0,28481,28481,0,0,0,193787685,0,191856339,0,0.000000,0.000000,0.000000,18161,41443,229.58,0,0,0,0,SUCCESS,0,2,warm20,,,,,1,0,14635,353,,,used,,,,20260905-1028
2026-09-05 12:24:34,Pre-HAUSPM,SIGN,22,1,0.003000,0.200,0.008,613134,278,0,28543,28543,0,0,0,192310379,0,190412716,0,0.000000,0.000000,0.000000,18187,41362,530.52,0,0,0,0,SUCCESS,0,2,warm20,,,,,1,0,11216,362,,,used,,,,20260905-1028
2026-09-05 12:25:02,Pre-HAUSPM,SIGN,23,1,0.003000,0.200,0.008,625156,284,0,27645,27645,0,0,0,185075905,0,183265900,0,0.000000,0.000000,0.000000,17486,39616,510.78,0,0,0,0,SUCCESS,0,2,warm20,,,,,1,0,12022,369,,,used,,,,20260905-1028
2026-09-05 12:25:29,Pre-HAUSPM,SIGN,24,1,0.003000,0.200,0.008,639272,290,0,27048,27048,0,0,0,179745467,0,178009236,0,0.000000,0.000000,0.000000,17307,38871,88.14,0,0,0,0,SUCCESS,0,2,warm20,,,,,1,0,14116,376,,,used,,,,20260905-1028
2026-09-05 12:25:56,Pre-HAUSPM,SIGN,25,1,0.003000,0.200,0.008,650468,296,0,27109,27109,0,0,0,178388315,0,176681829,0,0.000000,0.000000,0.000000,17338,38779,172.18,0,0,0,0,SUCCESS,0,2,warm20,,,,,1,0,11196,385,,,used,,,,20260905-1028
2026-09-05 12:26:23,Pre-HAUSPM,SIGN,26,1,0.003000,0.200,0.008,661807,302,0,27072,27072,0,0,0,176929800,0,175246893,0,0.000000,0.000000,0.000000,16997,37896,319.68,0,0,0,0,SUCCESS,0,2,warm20,,,,,1,0,11339,391,,,used,,,,20260905-1028
2026-09-05 12:26:50,Pre-HAUSPM,SIGN,27,1,0.003000,0.200,0.008,671849,308,0,26546,26546,0,0,0,172480210,0,170849325,0,0.000000,0.000000,0.000000,16446,36682,131.08,0,0,0,0,SUCCESS,0,2,warm20,,,,,1,0,10042,398,,,used,,,,20260905-1028
2026-09-05 12:27:17,Pre-HAUSPM,SIGN,28,1,0.003000,0.200,0.008,682126,314,0,26454,26454,0,0,0,170563672,0,168961584,0,0.000000,0.000000,0.000000,16420,36556,238.06,0,0,0,0,SUCCESS,0,2,warm20,,,,,1,0,10277,404,,,used,,,,20260905-1028
2026-09-05 12:27:44,Pre-HAUSPM,SIGN,29,1,0.003000,0.200,0.008,695776,320,0,27400,27400,0,0,0,174106918,0,172484477,0,0.000000,0.000000,0.000000,16853,37702,257.79,0,0,0,0,SUCCESS,0,2,warm20,,,,,1,0,13650,411,,,used,,,,20260905-1028
2026-09-05 12:28:12,Pre-HAUSPM,SIGN,30,1,0.003000,0.200,0.008,707653,326,0,27146,27146,0,0,0,171235839,0,169649762,0,0.000000,0.000000,0.000000,16464,36776,285.28,0,0,0,0,SUCCESS,0,2,warm20,,,,,1,0,11877,419,,,used,,,,20260905-1028
2026-09-05 12:28:38,Pre-HAUSPM,SIGN,31,1,0.003000,0.200,0.008,720279,332,0,26586,26586,0,0,0,166667451,0,165133644,0,0.000000,0.000000,0.000000,15898,35360,280.14,0,0,0,0,SUCCESS,0,2,warm20,,,,,1,0,12626,426,,,used,,,,20260905-1028
2026-09-05 12:29:05,Pre-HAUSPM,SIGN,32,1,0.003000,0.200,0.008,730705,338,0,26489,26489,0,0,0,164766132,0,163259521,0,0.000000,0.000000,0.000000,15828,35283,290.65,0,0,0,0,SUCCESS,0,2,warm20,,,,,1,0,10426,433,,,used,,,,20260905-1028
2026-09-05 12:29:32,Pre-HAUSPM,SIGN,33,1,0.003000,0.200,0.008,744420,344,0,26618,26619,0,0,0,163636209,0,162153212,0,0.000000,0.000000,0.000000,16554,36879,195.29,0,0,0,0,SUCCESS,0,2,warm20,,,,,1,0,13715,440,,,used,,,,20260905-1028
2026-09-05 12:29:59,Pre-HAUSPM,SIGN,34,1,0.003000,0.200,0.008,756980,350,0,27009,27009,0,0,0,164073201,0,162594948,0,0.000000,0.000000,0.000000,16743,37423,215.20,0,0,0,0,SUCCESS,0,2,warm20,,,,,1,0,12560,448,,,used,,,,20260905-1028
2026-09-05 12:30:26,Pre-HAUSPM,SIGN,35,1,0.003000,0.200,0.008,768219,356,0,26819,26819,0,0,0,161606579,0,160158810,0,0.000000,0.000000,0.000000,16721,37249,355.54,0,0,0,0,SUCCESS,0,2,warm20,,,,,1,0,11239,456,,,used,,,,20260905-1028
2026-09-05 12:30:53,Pre-HAUSPM,SIGN,36,1,0.003000,0.200,0.008,777786,362,0,26831,26831,0,0,0,160438957,0,159008151,0,0.000000,0.000000,0.000000,16692,37287,110.72,0,0,0,0,SUCCESS,0,2,warm20,,,,,1,0,9567,462,,,used,,,,20260905-1028
2026-09-05 12:31:21,Pre-HAUSPM,SIGN,37,1,0.003000,0.200,0.008,790994,368,0,27423,27423,0,0,0,162476627,0,161042062,0,0.000000,0.000000,0.000000,16986,37956,354.72,0,0,0,0,SUCCESS,0,2,warm20,,,,,1,0,13208,468,,,used,,,,20260905-1028
2026-09-05 12:31:48,Pre-HAUSPM,SIGN,38,1,0.003000,0.200,0.008,803248,374,0,27292,27292,0,0,0,160357570,0,158949074,0,0.000000,0.000000,0.000000,16821,37555,253.94,0,0,0,0,SUCCESS,0,2,warm20,,,,,1,0,12254,476,,,used,,,,20260905-1028
2026-09-05 12:32:16,Pre-HAUSPM,SIGN,39,1,0.003000,0.200,0.008,817420,380,0,27310,27310,0,0,0,159236421,0,157847499,0,0.000000,0.000000,0.000000,16757,37525,171.62,0,0,0,0,SUCCESS,0,2,warm20,,,,,1,0,14172,483,,,used,,,,20260905-1028
2026-09-05 12:32:43,Pre-HAUSPM,SIGN,40,1,0.003000,0.200,0.008,828605,386,0,27398,27398,0,0,0,158922308,0,157540184,0,0.000000,0.000000,0.000000,16796,37699,462.23,0,0,0,0,SUCCESS,0,2,warm20,,,,,1,0,11185,492,,,used,,,,20260905-1028
2026-09-05 12:33:11,Pre-HAUSPM,SIGN,41,1,0.003000,0.200,0.008,840915,392,0,27515,27515,0,0,0,158591644,0,157223971,0,0.000000,0.000000,0.000000,16767,37558,64.26,0,0,0,0,SUCCESS,0,2,warm20,,,,,1,0,12310,499,,,used,,,,20260905-1028
2026-09-05 12:33:39,Pre-HAUSPM,SIGN,42,1,0.003000,0.200,0.008,851890,398,0,27639,27639,0,0,0,158095627,0,156737995,0,0.000000,0.000000,0.000000,17093,38284,253.73,0,0,0,0,SUCCESS,0,2,warm20,,,,,1,0,10975,506,,,used,,,,20260905-1028
2026-09-05 12:34:07,Pre-HAUSPM,SIGN,43,1,0.003000,0.200,0.008,867106,404,0,27787,27787,0,0,0,158319979,0,156972502,0,0.000000,0.000000,0.000000,16906,37788,306.15,0,0,0,0,SUCCESS,0,2,warm20,,,,,1,0,15216,513,,,used,,,,20260905-1028
2026-09-05 12:34:35,Pre-HAUSPM,SIGN,44,1,0.003000,0.200,0.008,884460,410,0,27837,27838,0,0,0,157385557,0,156052136,0,0.000000,0.000000,0.000000,16490,36978,453.87,0,0,0,0,SUCCESS,0,2,warm20,,,,,1,0,17354,522,,,used,,,,20260905-1028
2026-09-05 12:35:02,Pre-HAUSPM,SIGN,45,1,0.003000,0.200,0.008,901027,416,0,27484,27484,0,0,0,154388008,0,153088039,0,0.000000,0.000000,0.000000,15893,35711,233.29,0,0,0,0,SUCCESS,0,2,warm20,,,,,1,0,16567,532,,,used,,,,20260905-1028
2026-09-05 12:35:30,Pre-HAUSPM,SIGN,46,1,0.003000,0.200,0.008,916886,422,0,27372,27372,0,0,0,152787167,0,151508695,0,0.000000,0.000000,0.000000,15488,34847,323.42,0,0,0,0,SUCCESS,0,2,warm20,,,,,1,0,15859,542,,,used,,,,20260905-1028
2026-09-05 12:35:57,Pre-HAUSPM,SIGN,47,1,0.003000,0.200,0.008,933116,428,0,27102,27102,0,0,0,150607623,0,149354455,0,0.000000,0.000000,0.000000,15117,34004,270.76,0,0,0,0,SUCCESS,0,2,warm20,,,,,1,0,16230,552,,,used,,,,20260905-1028
2026-09-05 12:36:24,Pre-HAUSPM,SIGN,48,1,0.003000,0.200,0.008,947537,434,0,26900,26900,0,0,0,148750779,0,147519206,0,0.000000,0.000000,0.000000,14733,33154,199.64,0,0,0,0,SUCCESS,0,2,warm20,,,,,1,0,14421,562,,,used,,,,20260905-1028
2026-09-05 12:36:51,Pre-HAUSPM,SIGN,49,1,0.003000,0.200,0.008,957204,440,0,26603,26603,0,0,0,146408699,0,145200316,0,0.000000,0.000000,0.000000,14599,32698,86.89,0,0,0,0,SUCCESS,0,2,warm20,,,,,1,0,9667,570,,,used,,,,20260905-1028
2026-09-05 12:37:18,Pre-HAUSPM,SIGN,50,1,0.003000,0.200,0.008,967022,446,0,26512,26512,0,0,0,145183073,0,143989438,0,0.000000,0.000000,0.000000,14609,32624,249.04,0,0,0,0,SUCCESS,0,2,warm20,,,,,1,0,9818,576,,,used,,,,20260905-1028
2026-09-05 12:37:45,Pre-HAUSPM,SIGN,51,1,0.003000,0.200,0.008,979636,452,0,26860,26860,0,0,0,146282487,0,145085695,0,0.000000,0.000000,0.000000,14554,32458,260.26,0,0,0,0,SUCCESS,0,2,warm20,,,,,1,0,12614,582,,,used,,,,20260905-1028
2026-09-05 12:38:11,Pre-HAUSPM,SIGN,52,1,0.003000,0.200,0.008,990505,458,0,26655,26655,0,0,0,144428401,0,143250838,0,0.000000,0.000000,0.000000,14363,32026,326.04,0,0,0,0,SUCCESS,0,2,warm20,,,,,1,0,10869,590,,,used,,,,20260905-1028
2026-09-05 12:38:38,Pre-HAUSPM,SIGN,53,1,0.003000,0.200,0.008,1001386,464,0,26219,26219,0,0,0,141530822,0,140380899,0,0.000000,0.000000,0.000000,14056,31274,334.25,0,0,0,0,SUCCESS,0,2,warm20,,,,,1,0,10881,596,,,used,,,,20260905-1028
2026-09-05 12:39:04,Pre-HAUSPM,SIGN,54,1,0.003000,0.200,0.008,1016244,470,0,26360,26360,0,0,0,141524229,0,140381544,0,0.000000,0.000000,0.000000,13905,30965,399.62,0,0,0,0,SUCCESS,0,2,warm20,,,,,1,0,14858,603,,,used,,,,20260905-1028
2026-09-05 12:39:31,Pre-HAUSPM,SIGN,55,1,0.003000,0.200,0.008,1027129,476,0,26340,26340,0,0,0,140772970,0,139640415,0,0.000000,0.000000,0.000000,13871,30839,311.79,0,0,0,0,SUCCESS,0,2,warm20,,,,,1,0,10885,612,,,used,,,,20260905-1028
2026-09-05 12:39:57,Pre-HAUSPM,SIGN,56,1,0.003000,0.200,0.008,1047408,482,0,26321,26321,0,0,0,140359358,0,139239449,0,0.000000,0.000000,0.000000,13478,29927,273.60,0,0,0,0,SUCCESS,0,2,warm20,,,,,1,0,20279,618,,,used,,,,20260905-1028
2026-09-05 12:40:24,Pre-HAUSPM,SIGN,57,1,0.003000,0.200,0.008,1060421,488,0,26247,26248,0,0,0,139139438,0,138032339,0,0.000000,0.000000,0.000000,13277,29502,294.24,0,0,0,0,SUCCESS,0,2,warm20,,,,,1,0,13013,630,,,used,,,,20260905-1028
2026-09-05 12:40:50,Pre-HAUSPM,SIGN,58,1,0.003000,0.200,0.008,1079371,494,0,26183,26183,0,0,0,138164884,0,137071456,0,0.000000,0.000000,0.000000,13241,29610,183.00,0,0,0,0,SUCCESS,0,2,warm20,,,,,1,0,18950,638,,,used,,,,20260905-1028
2026-09-05 12:41:16,Pre-HAUSPM,SIGN,59,1,0.003000,0.200,0.008,1096747,500,0,26211,26211,0,0,0,137898195,0,136810521,0,0.000000,0.000000,0.000000,13167,29545,241.48,0,0,0,0,SUCCESS,0,2,warm20,,,,,1,0,17376,650,,,used,,,,20260905-1028
2026-09-05 12:41:43,Pre-HAUSPM,SIGN,60,1,0.003000,0.200,0.008,1110602,506,0,26097,26097,0,0,0,136605777,0,135532593,0,0.000000,0.000000,0.000000,13007,29076,382.70,0,0,0,0,SUCCESS,0,2,warm20,,,,,1,0,13855,660,,,used,,,,20260905-1028
2026-09-05 12:42:09,Pre-HAUSPM,SIGN,61,1,0.003000,0.200,0.008,1124744,512,0,25984,25984,0,0,0,135495873,0,134437554,0,0.000000,0.000000,0.000000,12882,28793,392.51,0,0,0,0,SUCCESS,0,2,warm20,,,,,1,0,14142,668,,,used,,,,20260905-1028
2026-09-05 12:42:35,Pre-HAUSPM,SIGN,62,1,0.003000,0.200,0.008,1139446,518,0,26098,26098,0,0,0,135648178,0,134596099,0,0.000000,0.000000,0.000000,12846,28682,232.94,0,0,0,0,SUCCESS,0,2,warm20,,,,,1,0,14702,677,,,used,,,,20260905-1028
2026-09-05 12:43:01,Pre-HAUSPM,SIGN,63,1,0.003000,0.200,0.008,1156811,524,0,26164,26164,0,0,0,135140781,0,134101872,0,0.000000,0.000000,0.000000,12821,28608,415.96,0,0,0,0,SUCCESS,0,2,warm20,,,,,1,0,17365,686,,,used,,,,20260905-1028
2026-09-05 12:43:28,Pre-HAUSPM,SIGN,64,1,0.003000,0.200,0.008,1169601,530,0,26175,26175,0,0,0,134595691,0,133565833,0,0.000000,0.000000,0.000000,12622,28248,243.18,0,0,0,0,SUCCESS,0,2,warm20,,,,,1,0,12790,696,,,used,,,,20260905-1028
2026-09-05 12:43:54,Pre-HAUSPM,SIGN,65,1,0.003000,0.200,0.008,1183474,536,0,26120,26120,0,0,0,133662857,0,132643748,0,0.000000,0.000000,0.000000,12433,27838,415.51,0,0,0,0,SUCCESS,0,2,warm20,,,,,1,0,13873,704,,,used,,,,20260905-1028
2026-09-05 12:44:20,Pre-HAUSPM,SIGN,66,1,0.003000,0.200,0.008,1194955,542,0,25981,25981,0,0,0,132361068,0,131354867,0,0.000000,0.000000,0.000000,12294,27511,399.19,0,0,0,0,SUCCESS,0,2,warm20,,,,,1,0,11481,712,,,used,,,,20260905-1028
2026-09-05 12:44:46,Pre-HAUSPM,SIGN,67,1,0.003000,0.200,0.008,1209554,548,0,25816,25816,0,0,0,130970872,0,129979928,0,0.000000,0.000000,0.000000,12041,26918,130.95,0,0,0,0,SUCCESS,0,2,warm20,,,,,1,0,14599,719,,,used,,,,20260905-1028
2026-09-05 12:45:12,Pre-HAUSPM,SIGN,68,1,0.003000,0.200,0.008,1225092,554,0,26075,26075,0,0,0,131589149,0,130598018,0,0.000000,0.000000,0.000000,12117,27150,213.87,0,0,0,0,SUCCESS,0,2,warm20,,,,,1,0,15538,728,,,used,,,,20260905-1028
2026-09-05 12:45:40,Pre-HAUSPM,SIGN,69,1,0.003000,0.200,0.008,1246726,560,0,27139,27139,0,0,0,137913641,0,136891857,0,0.000000,0.000000,0.000000,12158,27294,92.07,0,0,0,0,SUCCESS,0,2,warm20,,,,,1,0,21634,737,,,used,,,,20260905-1028
2026-09-05 12:46:08,Pre-HAUSPM,SIGN,70,1,0.003000,0.200,0.008,1265597,566,0,27703,27703,0,0,0,140243450,0,139207881,0,0.000000,0.000000,0.000000,12584,28378,140.91,0,0,0,0,SUCCESS,0,2,warm20,,,,,1,0,18871,750,,,used,,,,20260905-1028
2026-09-05 12:46:36,Pre-HAUSPM,SIGN,71,1,0.003000,0.200,0.008,1283052,572,0,28006,28006,0,0,0,140826464,0,139788920,0,0.000000,0.000000,0.000000,12659,28441,413.35,0,0,0,0,SUCCESS,0,2,warm20,,,,,1,0,17455,762,,,used,,,,20260905-1028
2026-09-05 12:47:05,Pre-HAUSPM,SIGN,72,1,0.003000,0.200,0.008,1300784,578,0,28790,28790,0,0,0,144533017,0,143473202,0,0.000000,0.000000,0.000000,12940,29007,247.99,0,0,0,0,SUCCESS,0,2,warm20,,,,,1,0,17732,772,,,used,,,,20260905-1028
2026-09-05 12:47:34,Pre-HAUSPM,SIGN,73,1,0.003000,0.200,0.008,1316615,584,0,29333,29333,0,0,0,146118210,0,145052421,0,0.000000,0.000000,0.000000,12887,28983,377.07,0,0,0,0,SUCCESS,0,2,warm20,,,,,1,0,15831,783,,,used,,,,20260905-1028
2026-09-05 12:48:03,Pre-HAUSPM,SIGN,74,1,0.003000,0.200,0.008,1330102,590,0,29080,29080,0,0,0,144757249,0,143704650,0,0.000000,0.000000,0.000000,12801,28723,215.12,0,0,0,0,SUCCESS,0,2,warm20,,,,,1,0,13487,792,,,used,,,,20260905-1028
2026-09-05 12:48:33,Pre-HAUSPM,SIGN,75,1,0.003000,0.200,0.008,1342143,596,0,28896,28896,0,0,0,143254355,0,142215573,0,0.000000,0.000000,0.000000,12641,28316,199.06,0,0,0,0,SUCCESS,0,2,warm20,,,,,1,0,12041,800,,,used,,,,20260905-1028
2026-09-05 12:49:01,Pre-HAUSPM,SIGN,76,1,0.003000,0.200,0.008,1352225,602,0,28666,28666,0,0,0,141639923,0,140615109,0,0.000000,0.000000,0.000000,12469,27972,222.96,0,0,0,0,SUCCESS,0,2,warm20,,,,,1,0,10082,808,,,used,,,,20260905-1028
2026-09-05 12:49:30,Pre-HAUSPM,SIGN,77,1,0.003000,0.200,0.008,1364919,608,0,28878,28878,0,0,0,141749308,0,140725714,0,0.000000,0.000000,0.000000,12515,28067,69.73,0,0,0,0,SUCCESS,0,2,warm20,,,,,1,0,12694,814,,,used,,,,20260905-1028
2026-09-05 12:50:00,Pre-HAUSPM,SIGN,78,1,0.003000,0.200,0.008,1378844,614,0,29002,29002,0,0,0,141639414,0,140620092,0,0.000000,0.000000,0.000000,12541,28068,218.90,0,0,0,0,SUCCESS,0,2,warm20,,,,,1,0,13925,821,,,used,,,,20260905-1028
2026-09-05 12:50:29,Pre-HAUSPM,SIGN,79,1,0.003000,0.200,0.008,1390075,620,0,28804,28804,0,0,0,140158075,0,139152029,0,0.000000,0.000000,0.000000,12364,27636,241.81,0,0,0,0,SUCCESS,0,2,warm20,,,,,1,0,11231,830,,,used,,,,20260905-1028
2026-09-05 12:50:57,Pre-HAUSPM,SIGN,80,1,0.003000,0.200,0.008,1404925,626,0,28760,28760,0,0,0,139542030,0,138545957,0,0.000000,0.000000,0.000000,12159,27255,162.56,0,0,0,0,SUCCESS,0,2,warm20,,,,,1,0,14850,837,,,used,,,,20260905-1028
2026-09-05 12:51:27,Pre-HAUSPM,SIGN,81,1,0.003000,0.200,0.008,1419540,632,0,28856,28856,0,0,0,139178909,0,138187066,0,0.000000,0.000000,0.000000,12230,27410,217.09,0,0,0,0,SUCCESS,0,2,warm20,,,,,1,0,14615,845,,,used,,,,20260905-1028
2026-09-05 12:51:56,Pre-HAUSPM,SIGN,82,1,0.003000,0.200,0.008,1430972,638,0,29156,29156,0,0,0,139699716,0,138705051,0,0.000000,0.000000,0.000000,12165,27327,157.50,0,0,0,0,SUCCESS,0,2,warm20,,,,,1,0,11432,854,,,used,,,,20260905-1028
2026-09-05 12:52:25,Pre-HAUSPM,SIGN,83,1,0.003000,0.200,0.008,1446547,644,0,29292,29292,0,0,0,139364770,0,138374288,0,0.000000,0.000000,0.000000,12128,27189,350.45,0,0,0,0,SUCCESS,0,2,warm20,,,,,1,0,15575,861,,,used,,,,20260905-1028
2026-09-05 12:52:55,Pre-HAUSPM,SIGN,84,1,0.003000,0.200,0.008,1466019,650,0,29795,29795,0,0,0,140995861,0,139996989,0,0.000000,0.000000,0.000000,12206,27385,145.65,0,0,0,0,SUCCESS,0,2,warm20,,,,,1,0,19472,871,,,used,,,,20260905-1028
2026-09-05 12:53:25,Pre-HAUSPM,SIGN,85,1,0.003000,0.200,0.008,1477721,656,0,29694,29694,0,0,0,140000489,0,139011383,0,0.000000,0.000000,0.000000,12122,27123,306.99,0,0,0,0,SUCCESS,0,2,warm20,,,,,1,0,11702,882,,,used,,,,20260905-1028
2026-09-05 12:53:55,Pre-HAUSPM,SIGN,86,1,0.003000,0.200,0.008,1489446,662,0,29665,29665,0,0,0,139253336,0,138272051,0,0.000000,0.000000,0.000000,12092,27034,281.64,0,0,0,0,SUCCESS,0,2,warm20,,,,,1,0,11725,889,,,used,,,,20260905-1028
2026-09-05 12:54:25,Pre-HAUSPM,SIGN,87,1,0.003000,0.200,0.008,1504545,668,0,30048,30048,0,0,0,140308464,0,139324018,0,0.000000,0.000000,0.000000,12261,27325,293.29,0,0,0,0,SUCCESS,0,2,warm20,,,,,1,0,15099,896,,,used,,,,20260905-1028
2026-09-05 12:54:56,Pre-HAUSPM,SIGN,88,1,0.003000,0.200,0.008,1520720,674,0,30562,30562,0,0,0,141768005,0,140777235,0,0.000000,0.000000,0.000000,12357,27546,375.11,0,0,0,0,SUCCESS,0,2,warm20,,,,,1,0,16175,905,,,used,,,,20260905-1028
2026-09-05 12:55:27,Pre-HAUSPM,SIGN,89,1,0.003000,0.200,0.008,1534926,680,0,30737,30737,0,0,0,141664588,0,140677293,0,0.000000,0.000000,0.000000,12454,27713,217.01,0,0,0,0,SUCCESS,0,2,warm20,,,,,1,0,14206,915,,,used,,,,20260905-1028
2026-09-05 12:55:58,Pre-HAUSPM,SIGN,90,1,0.003000,0.200,0.008,1553182,686,0,31400,31400,0,0,0,144026977,0,143026814,0,0.000000,0.000000,0.000000,12724,28371,235.13,0,0,0,0,SUCCESS,0,2,warm20,,,,,1,0,18256,924,,,used,,,,20260905-1028
2026-09-05 12:56:31,Pre-HAUSPM,SIGN,91,1,0.003000,0.200,0.008,1569089,692,0,31960,31960,0,0,0,145802741,0,144793713,0,0.000000,0.000000,0.000000,12856,28658,429.09,0,0,0,0,SUCCESS,0,2,warm20,,,,,1,0,15907,935,,,used,,,,20260905-1028
2026-09-05 12:57:03,Pre-HAUSPM,SIGN,92,1,0.003000,0.200,0.008,1586819,698,0,32660,32660,0,0,0,148282579,0,147262089,0,0.000000,0.000000,0.000000,12860,28708,286.88,0,0,0,0,SUCCESS,0,2,warm20,,,,,1,0,17730,944,,,used,,,,20260905-1028
2026-09-05 12:57:37,Pre-HAUSPM,SIGN,93,1,0.003000,0.200,0.008,1606504,704,0,33511,33511,0,0,0,151825814,0,150785814,0,0.000000,0.000000,0.000000,12872,28946,114.10,0,0,0,0,SUCCESS,0,2,warm20,,,,,1,0,19685,955,,,used,,,,20260905-1028
2026-09-05 12:58:11,Pre-HAUSPM,SIGN,94,1,0.003000,0.200,0.008,1616945,710,0,33700,33700,0,0,0,151812047,0,150774293,0,0.000000,0.000000,0.000000,12890,29038,352.52,0,0,0,0,SUCCESS,0,2,warm20,,,,,1,0,10441,967,,,used,,,,20260905-1028
2026-09-05 12:58:45,Pre-HAUSPM,SIGN,95,1,0.003000,0.200,0.008,1631610,716,0,33994,33994,0,0,0,153151246,0,152110391,0,0.000000,0.000000,0.000000,12886,28991,168.41,0,0,0,0,SUCCESS,0,2,warm20,,,,,1,0,14665,973,,,used,,,,20260905-1028
2026-09-05 12:59:20,Pre-HAUSPM,SIGN,96,1,0.003000,0.200,0.008,1649145,722,0,34216,34217,0,0,0,153385586,0,152346864,0,0.000000,0.000000,0.000000,12904,29021,256.89,0,0,0,0,SUCCESS,0,2,warm20,,,,,1,0,17535,982,,,used,,,,20260905-1028
2026-09-05 12:59:54,Pre-HAUSPM,SIGN,97,1,0.003000,0.200,0.008,1663324,728,0,34182,34182,0,0,0,152660495,0,151629501,0,0.000000,0.000000,0.000000,12728,28571,153.02,0,0,0,0,SUCCESS,0,2,warm20,,,,,1,0,14179,992,,,used,,,,20260905-1028
2026-09-05 13:00:28,Pre-HAUSPM,SIGN,98,1,0.003000,0.200,0.008,1668652,730,0,34088,34088,0,0,0,152049944,0,151023735,0,0.000000,0.000000,0.000000,12666,28413,315.41,0,0,0,0,SUCCESS,0,2,warm20,,,,,1,0,5328,1001,,,used,,,,20260905-1028
2026-09-05 13:00:28,Pre-HAUSPM,SIGN,99,1,0.003000,0.200,0.008,1668652,730,0,10,10,0,0,0,0,0,0,0,0.000000,0.000000,0.000000,12666,28413,320.53,0,0,0,0,SUCCESS,0,2,warm20,,,,,0,0,0,1004,,,used,,,,20260905-1028
2026-09-05 13:00:51,Pre-HAUSPM,SIGN,0,2,0.003000,0.200,0.200,319686,146,0,22352,22352,0,0,0,192985412,0,190160260,0,0.000000,0.000000,0.000000,23387,58493,258.03,0,0,0,0,SUCCESS,0,2,warm20,,,,,1,0,319686,0,,,used,,,,20260905-1028
2026-09-05 13:01:14,Pre-HAUSPM,SIGN,1,2,0.003000,0.200,0.008,334092,152,0,22546,22546,0,0,0,191310527,0,188603074,0,0.000000,0.000000,0.000000,23347,57191,368.76,0,0,0,0,SUCCESS,0,2,warm20,,,,,1,0,14406,192,,,used,,,,20260905-1028
2026-09-05 13:01:36,Pre-HAUSPM,SIGN,2,2,0.003000,0.200,0.008,345121,158,0,22120,22120,0,0,0,185430875,0,182854764,0,0.000000,0.000000,0.000000,23125,56725,276.18,0,0,0,0,SUCCESS,0,2,warm20,,,,,1,0,11029,201,,,used,,,,20260905-1028
2026-09-05 13:01:59,Pre-HAUSPM,SIGN,3,2,0.003000,0.200,0.008,358047,164,0,22574,22574,0,0,0,185305928,0,182789449,0,0.000000,0.000000,0.000000,22486,54850,558.66,0,0,0,0,SUCCESS,0,2,warm20,,,,,1,0,12926,208,,,used,,,,20260905-1028
2026-09-05 13:02:21,Pre-HAUSPM,SIGN,4,2,0.003000,0.200,0.008,369331,170,0,21727,21727,0,0,0,176218472,0,173862062,0,0.000000,0.000000,0.000000,21958,52348,512.05,0,0,0,0,SUCCESS,0,2,warm20,,,,,1,0,11284,215,,,used,,,,20260905-1028
2026-09-05 13:02:43,Pre-HAUSPM,SIGN,5,2,0.003000,0.200,0.008,383289,176,0,21905,21905,0,0,0,174965030,0,172692226,0,0.000000,0.000000,0.000000,21751,50861,208.83,0,0,0,0,SUCCESS,0,2,warm20,,,,,1,0,13958,222,,,used,,,,20260905-1028
2026-09-05 13:03:05,Pre-HAUSPM,SIGN,6,2,0.003000,0.200,0.008,393230,182,0,21471,21471,0,0,0,169314751,0,167146636,0,0.000000,0.000000,0.000000,21796,50485,281.06,0,0,0,0,SUCCESS,0,2,warm20,,,,,1,0,9941,231,,,used,,,,20260905-1028
2026-09-05 13:03:26,Pre-HAUSPM,SIGN,7,2,0.003000,0.200,0.008,408594,188,0,20867,20867,0,0,0,162461409,0,160430787,0,0.000000,0.000000,0.000000,20533,47503,488.05,0,0,0,0,SUCCESS,0,2,warm20,,,,,1,0,15364,237,,,used,,,,20260905-1028
2026-09-05 13:03:48,Pre-HAUSPM,SIGN,8,2,0.003000,0.200,0.008,428453,194,0,22039,22039,0,0,0,170832772,0,168749391,0,0.000000,0.000000,0.000000,20113,47452,439.36,0,0,0,0,SUCCESS,0,2,warm20,,,,,1,0,19859,246,,,used,,,,20260905-1028
2026-09-05 13:04:13,Pre-HAUSPM,SIGN,9,2,0.003000,0.200,0.008,446004,200,0,25153,25153,0,0,0,195511272,0,193152591,0,0.000000,0.000000,0.000000,19376,45388,506.56,0,0,0,0,SUCCESS,0,2,warm20,,,,,1,0,17551,258,,,used,,,,20260905-1028
2026-09-05 13:04:38,Pre-HAUSPM,SIGN,10,2,0.003000,0.200,0.008,456476,206,0,24327,24327,0,0,0,187143471,0,184912832,0,0.000000,0.000000,0.000000,18895,43856,144.92,0,0,0,0,SUCCESS,0,2,warm20,,,,,1,0,10472,268,,,used,,,,20260905-1028
2026-09-05 13:05:01,Pre-HAUSPM,SIGN,11,2,0.003000,0.200,0.008,466138,212,0,23567,23567,0,0,0,179750698,0,177633188,0,0.000000,0.000000,0.000000,18242,41996,182.06,0,0,0,0,SUCCESS,0,2,warm20,,,,,1,0,9662,275,,,used,,,,20260905-1028
2026-09-05 13:05:25,Pre-HAUSPM,SIGN,12,2,0.003000,0.200,0.008,480433,218,0,23753,23753,0,0,0,178479034,0,176421826,0,0.000000,0.000000,0.000000,18295,41804,418.81,0,0,0,0,SUCCESS,0,2,warm20,,,,,1,0,14295,281,,,used,,,,20260905-1028
2026-09-05 13:05:50,Pre-HAUSPM,SIGN,13,2,0.003000,0.200,0.008,496413,224,0,24604,24604,0,0,0,181639504,0,179602054,0,0.000000,0.000000,0.000000,19145,43866,456.76,0,0,0,0,SUCCESS,0,2,warm20,,,,,1,0,15980,289,,,used,,,,20260905-1028
2026-09-05 13:06:14,Pre-HAUSPM,SIGN,14,2,0.003000,0.200,0.008,507190,230,0,24349,24349,0,0,0,177807932,0,175834119,0,0.000000,0.000000,0.000000,18586,42577,398.62,0,0,0,0,SUCCESS,0,2,warm20,,,,,1,0,10777,299,,,used,,,,20260905-1028
2026-09-05 13:06:40,Pre-HAUSPM,SIGN,15,2,0.003000,0.200,0.008,518654,236,0,25722,25722,0,0,0,184510125,0,182494752,0,0.000000,0.000000,0.000000,19660,44940,628.90,0,0,0,0,SUCCESS,0,2,warm20,,,,,1,0,11464,305,,,used,,,,20260905-1028
2026-09-05 13:07:08,Pre-HAUSPM,SIGN,16,2,0.003000,0.200,0.008,536314,242,0,27496,27496,0,0,0,193174738,0,191106733,0,0.000000,0.000000,0.000000,20004,45870,476.09,0,0,0,0,SUCCESS,0,2,warm20,,,,,1,0,17660,312,,,used,,,,20260905-1028
2026-09-05 13:07:35,Pre-HAUSPM,SIGN,17,2,0.003000,0.200,0.008,544548,248,0,26945,26945,0,0,0,188229059,0,186231270,0,0.000000,0.000000,0.000000,19532,44618,406.32,0,0,0,0,SUCCESS,0,2,warm20,,,,,1,0,8234,323,,,used,,,,20260905-1028
2026-09-05 13:08:02,Pre-HAUSPM,SIGN,18,2,0.003000,0.200,0.008,556990,254,0,26653,26653,0,0,0,184787353,0,182855941,0,0.000000,0.000000,0.000000,18960,43382,484.42,0,0,0,0,SUCCESS,0,2,warm20,,,,,1,0,12442,328,,,used,,,,20260905-1028
2026-09-05 13:08:29,Pre-HAUSPM,SIGN,19,2,0.003000,0.200,0.008,569490,260,0,26852,26852,0,0,0,183860310,0,181955340,0,0.000000,0.000000,0.000000,18933,43343,466.42,0,0,0,0,SUCCESS,0,2,warm20,,,,,1,0,12500,335,,,used,,,,20260905-1028
2026-09-05 13:08:58,Pre-HAUSPM,SIGN,20,2,0.003000,0.200,0.008,587283,266,0,28477,28477,0,0,0,195235168,0,193267539,0,0.000000,0.000000,0.000000,18422,42182,304.06,0,0,0,0,SUCCESS,0,2,warm20,,,,,1,0,17793,343,,,used,,,,20260905-1028
2026-09-05 13:09:26,Pre-HAUSPM,SIGN,21,2,0.003000,0.200,0.008,601918,272,0,28501,28501,0,0,0,193787685,0,191856339,0,0.000000,0.000000,0.000000,18161,41443,581.04,0,0,0,0,SUCCESS,0,2,warm20,,,,,1,0,14635,353,,,used,,,,20260905-1028
2026-09-05 13:09:55,Pre-HAUSPM,SIGN,22,2,0.003000,0.200,0.008,613134,278,0,28563,28563,0,0,0,192310379,0,190412716,0,0.000000,0.000000,0.000000,18187,41362,370.24,0,0,0,0,SUCCESS,0,2,warm20,,,,,1,0,11216,362,,,used,,,,20260905-1028
2026-09-05 13:10:23,Pre-HAUSPM,SIGN,23,2,0.003000,0.200,0.008,625156,284,0,27666,27666,0,0,0,185075905,0,183265900,0,0.000000,0.000000,0.000000,17486,39616,606.42,0,0,0,0,SUCCESS,0,2,warm20,,,,,1,0,12022,369,,,used,,,,20260905-1028
2026-09-05 13:10:50,Pre-HAUSPM,SIGN,24,2,0.003000,0.200,0.008,639272,290,0,27057,27057,0,0,0,179745467,0,178009236,0,0.000000,0.000000,0.000000,17307,38871,120.28,0,0,0,0,SUCCESS,0,2,warm20,,,,,1,0,14116,376,,,used,,,,20260905-1028
2026-09-05 13:11:17,Pre-HAUSPM,SIGN,25,2,0.003000,0.200,0.008,650468,296,0,27103,27103,0,0,0,178388315,0,176681829,0,0.000000,0.000000,0.000000,17338,38779,132.50,0,0,0,0,SUCCESS,0,2,warm20,,,,,1,0,11196,385,,,used,,,,20260905-1028
2026-09-05 13:11:45,Pre-HAUSPM,SIGN,26,2,0.003000,0.200,0.008,661807,302,0,27068,27068,0,0,0,176929800,0,175246893,0,0.000000,0.000000,0.000000,16997,37896,471.85,0,0,0,0,SUCCESS,0,2,warm20,,,,,1,0,11339,391,,,used,,,,20260905-1028
2026-09-05 13:12:11,Pre-HAUSPM,SIGN,27,2,0.003000,0.200,0.008,671849,308,0,26540,26540,0,0,0,172480210,0,170849325,0,0.000000,0.000000,0.000000,16446,36682,251.19,0,0,0,0,SUCCESS,0,2,warm20,,,,,1,0,10042,398,,,used,,,,20260905-1028
2026-09-05 13:12:38,Pre-HAUSPM,SIGN,28,2,0.003000,0.200,0.008,682126,314,0,26443,26443,0,0,0,170563672,0,168961584,0,0.000000,0.000000,0.000000,16420,36556,462.06,0,0,0,0,SUCCESS,0,2,warm20,,,,,1,0,10277,404,,,used,,,,20260905-1028
2026-09-05 13:13:05,Pre-HAUSPM,SIGN,29,2,0.003000,0.200,0.008,695776,320,0,27389,27389,0,0,0,174106918,0,172484477,0,0.000000,0.000000,0.000000,16853,37702,361.68,0,0,0,0,SUCCESS,0,2,warm20,,,,,1,0,13650,411,,,used,,,,20260905-1028
2026-09-05 13:13:33,Pre-HAUSPM,SIGN,30,2,0.003000,0.200,0.008,707653,326,0,27138,27138,0,0,0,171235839,0,169649762,0,0.000000,0.000000,0.000000,16464,36776,428.61,0,0,0,0,SUCCESS,0,2,warm20,,,,,1,0,11877,419,,,used,,,,20260905-1028
2026-09-05 13:14:00,Pre-HAUSPM,SIGN,31,2,0.003000,0.200,0.008,720279,332,0,26570,26570,0,0,0,166667451,0,165133644,0,0.000000,0.000000,0.000000,15898,35360,287.36,0,0,0,0,SUCCESS,0,2,warm20,,,,,1,0,12626,426,,,used,,,,20260905-1028
2026-09-05 13:14:26,Pre-HAUSPM,SIGN,32,2,0.003000,0.200,0.008,730705,338,0,26477,26477,0,0,0,164766132,0,163259521,0,0.000000,0.000000,0.000000,15828,35283,545.82,0,0,0,0,SUCCESS,0,2,warm20,,,,,1,0,10426,433,,,used,,,,20260905-1028
2026-09-05 13:14:53,Pre-HAUSPM,SIGN,33,2,0.003000,0.200,0.008,744420,344,0,26624,26624,0,0,0,163636209,0,162153212,0,0.000000,0.000000,0.000000,16554,36879,207.15,0,0,0,0,SUCCESS,0,2,warm20,,,,,1,0,13715,440,,,used,,,,20260905-1028
2026-09-05 13:15:20,Pre-HAUSPM,SIGN,34,2,0.003000,0.200,0.008,756980,350,0,27020,27020,0,0,0,164073201,0,162594948,0,0.000000,0.000000,0.000000,16743,37423,283.30,0,0,0,0,SUCCESS,0,2,warm20,,,,,1,0,12560,448,,,used,,,,20260905-1028
2026-09-05 13:15:47,Pre-HAUSPM,SIGN,35,2,0.003000,0.200,0.008,768219,356,0,26820,26820,0,0,0,161606579,0,160158810,0,0.000000,0.000000,0.000000,16721,37249,254.97,0,0,0,0,SUCCESS,0,2,warm20,,,,,1,0,11239,456,,,used,,,,20260905-1028
2026-09-05 13:16:14,Pre-HAUSPM,SIGN,36,2,0.003000,0.200,0.008,777786,362,0,26844,26844,0,0,0,160438957,0,159008151,0,0.000000,0.000000,0.000000,16692,37287,266.52,0,0,0,0,SUCCESS,0,2,warm20,,,,,1,0,9567,462,,,used,,,,20260905-1028
2026-09-05 13:16:42,Pre-HAUSPM,SIGN,37,2,0.003000,0.200,0.008,790994,368,0,27437,27437,0,0,0,162476627,0,161042062,0,0.000000,0.000000,0.000000,16986,37956,262.85,0,0,0,0,SUCCESS,0,2,warm20,,,,,1,0,13208,468,,,used,,,,20260905-1028
2026-09-05 13:17:09,Pre-HAUSPM,SIGN,38,2,0.003000,0.200,0.008,803248,374,0,27302,27302,0,0,0,160357570,0,158949074,0,0.000000,0.000000,0.000000,16821,37555,418.45,0,0,0,0,SUCCESS,0,2,warm20,,,,,1,0,12254,476,,,used,,,,20260905-1028
2026-09-05 13:17:37,Pre-HAUSPM,SIGN,39,2,0.003000,0.200,0.008,817420,380,0,27314,27314,0,0,0,159236421,0,157847499,0,0.000000,0.000000,0.000000,16757,37525,254.59,0,0,0,0,SUCCESS,0,2,warm20,,,,,1,0,14172,483,,,used,,,,20260905-1028
2026-09-05 13:18:04,Pre-HAUSPM,SIGN,40,2,0.003000,0.200,0.008,828605,386,0,27390,27390,0,0,0,158922308,0,157540184,0,0.000000,0.000000,0.000000,16796,37699,409.97,0,0,0,0,SUCCESS,0,2,warm20,,,,,1,0,11185,492,,,used,,,,20260905-1028
2026-09-05 13:18:32,Pre-HAUSPM,SIGN,41,2,0.003000,0.200,0.008,840915,392,0,27529,27529,0,0,0,158591644,0,157223971,0,0.000000,0.000000,0.000000,16767,37558,185.23,0,0,0,0,SUCCESS,0,2,warm20,,,,,1,0,12310,499,,,used,,,,20260905-1028
2026-09-05 13:19:00,Pre-HAUSPM,SIGN,42,2,0.003000,0.200,0.008,851890,398,0,27647,27647,0,0,0,158095627,0,156737995,0,0.000000,0.000000,0.000000,17093,38284,294.55,0,0,0,0,SUCCESS,0,2,warm20,,,,,1,0,10975,506,,,used,,,,20260905-1028
2026-09-05 13:19:28,Pre-HAUSPM,SIGN,43,2,0.003000,0.200,0.008,867106,404,0,27801,27801,0,0,0,158319979,0,156972502,0,0.000000,0.000000,0.000000,16906,37788,250.83,0,0,0,0,SUCCESS,0,2,warm20,,,,,1,0,15216,513,,,used,,,,20260905-1028
2026-09-05 13:19:56,Pre-HAUSPM,SIGN,44,2,0.003000,0.200,0.008,884460,410,0,27846,27846,0,0,0,157385557,0,156052136,0,0.000000,0.000000,0.000000,16490,36978,334.51,0,0,0,0,SUCCESS,0,2,warm20,,,,,1,0,17354,522,,,used,,,,20260905-1028
2026-09-05 13:20:23,Pre-HAUSPM,SIGN,45,2,0.003000,0.200,0.008,901027,416,0,27491,27491,0,0,0,154388008,0,153088039,0,0.000000,0.000000,0.000000,15893,35711,505.13,0,0,0,0,SUCCESS,0,2,warm20,,,,,1,0,16567,532,,,used,,,,20260905-1028
2026-09-05 13:20:51,Pre-HAUSPM,SIGN,46,2,0.003000,0.200,0.008,916886,422,0,27379,27379,0,0,0,152787167,0,151508695,0,0.000000,0.000000,0.000000,15488,34847,299.93,0,0,0,0,SUCCESS,0,2,warm20,,,,,1,0,15859,542,,,used,,,,20260905-1028
2026-09-05 13:21:18,Pre-HAUSPM,SIGN,47,2,0.003000,0.200,0.008,933116,428,0,27106,27107,0,0,0,150607623,0,149354455,0,0.000000,0.000000,0.000000,15117,34004,390.84,0,0,0,0,SUCCESS,0,2,warm20,,,,,1,0,16230,552,,,used,,,,20260905-1028
2026-09-05 13:21:45,Pre-HAUSPM,SIGN,48,2,0.003000,0.200,0.008,947537,434,0,26905,26905,0,0,0,148750779,0,147519206,0,0.000000,0.000000,0.000000,14733,33154,544.17,0,0,0,0,SUCCESS,0,2,warm20,,,,,1,0,14421,562,,,used,,,,20260905-1028
2026-09-05 13:22:12,Pre-HAUSPM,SIGN,49,2,0.003000,0.200,0.008,957204,440,0,26604,26604,0,0,0,146408699,0,145200316,0,0.000000,0.000000,0.000000,14599,32698,154.06,0,0,0,0,SUCCESS,0,2,warm20,,,,,1,0,9667,570,,,used,,,,20260905-1028
2026-09-05 13:22:39,Pre-HAUSPM,SIGN,50,2,0.003000,0.200,0.008,967022,446,0,26514,26514,0,0,0,145183073,0,143989438,0,0.000000,0.000000,0.000000,14609,32624,188.22,0,0,0,0,SUCCESS,0,2,warm20,,,,,1,0,9818,576,,,used,,,,20260905-1028
2026-09-05 13:23:06,Pre-HAUSPM,SIGN,51,2,0.003000,0.200,0.008,979636,452,0,26858,26858,0,0,0,146282487,0,145085695,0,0.000000,0.000000,0.000000,14554,32458,382.22,0,0,0,0,SUCCESS,0,2,warm20,,,,,1,0,12614,582,,,used,,,,20260905-1028
2026-09-05 13:23:33,Pre-HAUSPM,SIGN,52,2,0.003000,0.200,0.008,990505,458,0,26655,26655,0,0,0,144428401,0,143250838,0,0.000000,0.000000,0.000000,14363,32026,335.88,0,0,0,0,SUCCESS,0,2,warm20,,,,,1,0,10869,590,,,used,,,,20260905-1028
2026-09-05 13:23:59,Pre-HAUSPM,SIGN,53,2,0.003000,0.200,0.008,1001386,464,0,26220,26220,0,0,0,141530822,0,140380899,0,0.000000,0.000000,0.000000,14056,31274,321.66,0,0,0,0,SUCCESS,0,2,warm20,,,,,1,0,10881,596,,,used,,,,20260905-1028
2026-09-05 13:24:25,Pre-HAUSPM,SIGN,54,2,0.003000,0.200,0.008,1016244,470,0,26362,26363,0,0,0,141524229,0,140381544,0,0.000000,0.000000,0.000000,13905,30965,377.70,0,0,0,0,SUCCESS,0,2,warm20,,,,,1,0,14858,603,,,used,,,,20260905-1028
2026-09-05 13:24:52,Pre-HAUSPM,SIGN,55,2,0.003000,0.200,0.008,1027129,476,0,26341,26341,0,0,0,140772970,0,139640415,0,0.000000,0.000000,0.000000,13871,30839,283.21,0,0,0,0,SUCCESS,0,2,warm20,,,,,1,0,10885,612,,,used,,,,20260905-1028
2026-09-05 13:25:18,Pre-HAUSPM,SIGN,56,2,0.003000,0.200,0.008,1047408,482,0,26314,26314,0,0,0,140359358,0,139239449,0,0.000000,0.000000,0.000000,13478,29927,260.90,0,0,0,0,SUCCESS,0,2,warm20,,,,,1,0,20279,618,,,used,,,,20260905-1028
2026-09-05 13:25:45,Pre-HAUSPM,SIGN,57,2,0.003000,0.200,0.008,1060421,488,0,26259,26259,0,0,0,139139438,0,138032339,0,0.000000,0.000000,0.000000,13277,29502,213.05,0,0,0,0,SUCCESS,0,2,warm20,,,,,1,0,13013,630,,,used,,,,20260905-1028
2026-09-05 13:26:11,Pre-HAUSPM,SIGN,58,2,0.003000,0.200,0.008,1079371,494,0,26208,26208,0,0,0,138164884,0,137071456,0,0.000000,0.000000,0.000000,13241,29610,115.69,0,0,0,0,SUCCESS,0,2,warm20,,,,,1,0,18950,638,,,used,,,,20260905-1028
2026-09-05 13:26:38,Pre-HAUSPM,SIGN,59,2,0.003000,0.200,0.008,1096747,500,0,26233,26233,0,0,0,137898195,0,136810521,0,0.000000,0.000000,0.000000,13167,29545,141.44,0,0,0,0,SUCCESS,0,2,warm20,,,,,1,0,17376,650,,,used,,,,20260905-1028
2026-09-05 13:27:04,Pre-HAUSPM,SIGN,60,2,0.003000,0.200,0.008,1110602,506,0,26121,26121,0,0,0,136605777,0,135532593,0,0.000000,0.000000,0.000000,13007,29076,292.42,0,0,0,0,SUCCESS,0,2,warm20,,,,,1,0,13855,660,,,used,,,,20260905-1028
2026-09-05 13:27:30,Pre-HAUSPM,SIGN,61,2,0.003000,0.200,0.008,1124744,512,0,26016,26016,0,0,0,135495873,0,134437554,0,0.000000,0.000000,0.000000,12882,28793,356.90,0,0,0,0,SUCCESS,0,2,warm20,,,,,1,0,14142,668,,,used,,,,20260905-1028
2026-09-05 13:27:56,Pre-HAUSPM,SIGN,62,2,0.003000,0.200,0.008,1139446,518,0,26126,26126,0,0,0,135648178,0,134596099,0,0.000000,0.000000,0.000000,12846,28682,229.24,0,0,0,0,SUCCESS,0,2,warm20,,,,,1,0,14702,677,,,used,,,,20260905-1028
2026-09-05 13:28:23,Pre-HAUSPM,SIGN,63,2,0.003000,0.200,0.008,1156811,524,0,26189,26189,0,0,0,135140781,0,134101872,0,0.000000,0.000000,0.000000,12821,28608,469.47,0,0,0,0,SUCCESS,0,2,warm20,,,,,1,0,17365,686,,,used,,,,20260905-1028
2026-09-05 13:28:49,Pre-HAUSPM,SIGN,64,2,0.003000,0.200,0.008,1169601,530,0,26198,26198,0,0,0,134595691,0,133565833,0,0.000000,0.000000,0.000000,12622,28248,366.66,0,0,0,0,SUCCESS,0,2,warm20,,,,,1,0,12790,696,,,used,,,,20260905-1028
2026-09-05 13:29:15,Pre-HAUSPM,SIGN,65,2,0.003000,0.200,0.008,1183474,536,0,26153,26153,0,0,0,133662857,0,132643748,0,0.000000,0.000000,0.000000,12433,27838,309.47,0,0,0,0,SUCCESS,0,2,warm20,,,,,1,0,13873,704,,,used,,,,20260905-1028
2026-09-05 13:29:42,Pre-HAUSPM,SIGN,66,2,0.003000,0.200,0.008,1194955,542,0,26010,26010,0,0,0,132361068,0,131354867,0,0.000000,0.000000,0.000000,12294,27511,279.79,0,0,0,0,SUCCESS,0,2,warm20,,,,,1,0,11481,712,,,used,,,,20260905-1028
2026-09-05 13:30:08,Pre-HAUSPM,SIGN,67,2,0.003000,0.200,0.008,1209554,548,0,25819,25819,0,0,0,130970872,0,129979928,0,0.000000,0.000000,0.000000,12041,26918,94.58,0,0,0,0,SUCCESS,0,2,warm20,,,,,1,0,14599,719,,,used,,,,20260905-1028
2026-09-05 13:30:34,Pre-HAUSPM,SIGN,68,2,0.003000,0.200,0.008,1225092,554,0,26054,26054,0,0,0,131589149,0,130598018,0,0.000000,0.000000,0.000000,12117,27150,180.56,0,0,0,0,SUCCESS,0,2,warm20,,,,,1,0,15538,728,,,used,,,,20260905-1028
2026-09-05 13:31:01,Pre-HAUSPM,SIGN,69,2,0.003000,0.200,0.008,1246726,560,0,27144,27144,0,0,0,137913641,0,136891857,0,0.000000,0.000000,0.000000,12158,27294,372.66,0,0,0,0,SUCCESS,0,2,warm20,,,,,1,0,21634,737,,,used,,,,20260905-1028
2026-09-05 13:31:29,Pre-HAUSPM,SIGN,70,2,0.003000,0.200,0.008,1265597,566,0,27695,27695,0,0,0,140243450,0,139207881,0,0.000000,0.000000,0.000000,12584,28378,101.58,0,0,0,0,SUCCESS,0,2,warm20,,,,,1,0,18871,750,,,used,,,,20260905-1028
2026-09-05 13:31:57,Pre-HAUSPM,SIGN,71,2,0.003000,0.200,0.008,1283052,572,0,27993,27993,0,0,0,140826464,0,139788920,0,0.000000,0.000000,0.000000,12659,28441,374.29,0,0,0,0,SUCCESS,0,2,warm20,,,,,1,0,17455,762,,,used,,,,20260905-1028
2026-09-05 13:32:26,Pre-HAUSPM,SIGN,72,2,0.003000,0.200,0.008,1300784,578,0,28776,28776,0,0,0,144533017,0,143473202,0,0.000000,0.000000,0.000000,12940,29007,215.31,0,0,0,0,SUCCESS,0,2,warm20,,,,,1,0,17732,772,,,used,,,,20260905-1028
2026-09-05 13:32:55,Pre-HAUSPM,SIGN,73,2,0.003000,0.200,0.008,1316615,584,0,29232,29232,0,0,0,146118210,0,145052421,0,0.000000,0.000000,0.000000,12887,28983,344.61,0,0,0,0,SUCCESS,0,2,warm20,,,,,1,0,15831,783,,,used,,,,20260905-1028
2026-09-05 13:33:25,Pre-HAUSPM,SIGN,74,2,0.003000,0.200,0.008,1330102,590,0,29095,29095,0,0,0,144757249,0,143704650,0,0.000000,0.000000,0.000000,12801,28723,451.74,0,0,0,0,SUCCESS,0,2,warm20,,,,,1,0,13487,792,,,used,,,,20260905-1028
2026-09-05 13:33:54,Pre-HAUSPM,SIGN,75,2,0.003000,0.200,0.008,1342143,596,0,28910,28910,0,0,0,143254355,0,142215573,0,0.000000,0.000000,0.000000,12641,28316,187.67,0,0,0,0,SUCCESS,0,2,warm20,,,,,1,0,12041,800,,,used,,,,20260905-1028
2026-09-05 13:34:23,Pre-HAUSPM,SIGN,76,2,0.003000,0.200,0.008,1352225,602,0,28684,28684,0,0,0,141639923,0,140615109,0,0.000000,0.000000,0.000000,12469,27972,166.44,0,0,0,0,SUCCESS,0,2,warm20,,,,,1,0,10082,808,,,used,,,,20260905-1028
2026-09-05 13:34:52,Pre-HAUSPM,SIGN,77,2,0.003000,0.200,0.008,1364919,608,0,28896,28896,0,0,0,141749308,0,140725714,0,0.000000,0.000000,0.000000,12515,28067,321.73,0,0,0,0,SUCCESS,0,2,warm20,,,,,1,0,12694,814,,,used,,,,20260905-1028
2026-09-05 13:35:21,Pre-HAUSPM,SIGN,78,2,0.003000,0.200,0.008,1378844,614,0,29025,29025,0,0,0,141639414,0,140620092,0,0.000000,0.000000,0.000000,12541,28068,168.85,0,0,0,0,SUCCESS,0,2,warm20,,,,,1,0,13925,821,,,used,,,,20260905-1028
2026-09-05 13:35:50,Pre-HAUSPM,SIGN,79,2,0.003000,0.200,0.008,1390075,620,0,28823,28823,0,0,0,140158075,0,139152029,0,0.000000,0.000000,0.000000,12364,27636,185.84,0,0,0,0,SUCCESS,0,2,warm20,,,,,1,0,11231,830,,,used,,,,20260905-1028
2026-09-05 13:36:19,Pre-HAUSPM,SIGN,80,2,0.003000,0.200,0.008,1404925,626,0,28777,28777,0,0,0,139542030,0,138545957,0,0.000000,0.000000,0.000000,12159,27255,410.62,0,0,0,0,SUCCESS,0,2,warm20,,,,,1,0,14850,837,,,used,,,,20260905-1028
2026-09-05 13:36:48,Pre-HAUSPM,SIGN,81,2,0.003000,0.200,0.008,1419540,632,0,28875,28875,0,0,0,139178909,0,138187066,0,0.000000,0.000000,0.000000,12230,27410,161.42,0,0,0,0,SUCCESS,0,2,warm20,,,,,1,0,14615,845,,,used,,,,20260905-1028
2026-09-05 13:37:17,Pre-HAUSPM,SIGN,82,2,0.003000,0.200,0.008,1430972,638,0,29179,29179,0,0,0,139699716,0,138705051,0,0.000000,0.000000,0.000000,12165,27327,348.37,0,0,0,0,SUCCESS,0,2,warm20,,,,,1,0,11432,854,,,used,,,,20260905-1028
2026-09-05 13:37:47,Pre-HAUSPM,SIGN,83,2,0.003000,0.200,0.008,1446547,644,0,29311,29311,0,0,0,139364770,0,138374288,0,0.000000,0.000000,0.000000,12128,27189,54.55,0,0,0,0,SUCCESS,0,2,warm20,,,,,1,0,15575,861,,,used,,,,20260905-1028
2026-09-05 13:38:17,Pre-HAUSPM,SIGN,84,2,0.003000,0.200,0.008,1466019,650,0,29796,29796,0,0,0,140995861,0,139996989,0,0.000000,0.000000,0.000000,12206,27385,179.15,0,0,0,0,SUCCESS,0,2,warm20,,,,,1,0,19472,871,,,used,,,,20260905-1028
2026-09-05 13:38:47,Pre-HAUSPM,SIGN,85,2,0.003000,0.200,0.008,1477721,656,0,29686,29686,0,0,0,140000489,0,139011383,0,0.000000,0.000000,0.000000,12122,27123,159.02,0,0,0,0,SUCCESS,0,2,warm20,,,,,1,0,11702,882,,,used,,,,20260905-1028
2026-09-05 13:39:16,Pre-HAUSPM,SIGN,86,2,0.003000,0.200,0.008,1489446,662,0,29655,29655,0,0,0,139253336,0,138272051,0,0.000000,0.000000,0.000000,12092,27034,218.67,0,0,0,0,SUCCESS,0,2,warm20,,,,,1,0,11725,889,,,used,,,,20260905-1028
2026-09-05 13:39:47,Pre-HAUSPM,SIGN,87,2,0.003000,0.200,0.008,1504545,668,0,30049,30049,0,0,0,140308464,0,139324018,0,0.000000,0.000000,0.000000,12261,27325,353.66,0,0,0,0,SUCCESS,0,2,warm20,,,,,1,0,15099,896,,,used,,,,20260905-1028
2026-09-05 13:40:17,Pre-HAUSPM,SIGN,88,2,0.003000,0.200,0.008,1520720,674,0,30547,30547,0,0,0,141768005,0,140777235,0,0.000000,0.000000,0.000000,12357,27546,361.09,0,0,0,0,SUCCESS,0,2,warm20,,,,,1,0,16175,905,,,used,,,,20260905-1028
2026-09-05 13:40:48,Pre-HAUSPM,SIGN,89,2,0.003000,0.200,0.008,1534926,680,0,30717,30717,0,0,0,141664588,0,140677293,0,0.000000,0.000000,0.000000,12454,27713,410.92,0,0,0,0,SUCCESS,0,2,warm20,,,,,1,0,14206,915,,,used,,,,20260905-1028
2026-09-05 13:41:20,Pre-HAUSPM,SIGN,90,2,0.003000,0.200,0.008,1553182,686,0,31399,31399,0,0,0,144026977,0,143026814,0,0.000000,0.000000,0.000000,12724,28371,71.77,0,0,0,0,SUCCESS,0,2,warm20,,,,,1,0,18256,924,,,used,,,,20260905-1028
2026-09-05 13:41:52,Pre-HAUSPM,SIGN,91,2,0.003000,0.200,0.008,1569089,692,0,31963,31963,0,0,0,145802741,0,144793713,0,0.000000,0.000000,0.000000,12856,28658,218.42,0,0,0,0,SUCCESS,0,2,warm20,,,,,1,0,15907,935,,,used,,,,20260905-1028
2026-09-05 13:42:25,Pre-HAUSPM,SIGN,92,2,0.003000,0.200,0.008,1586819,698,0,32663,32663,0,0,0,148282579,0,147262089,0,0.000000,0.000000,0.000000,12860,28708,157.35,0,0,0,0,SUCCESS,0,2,warm20,,,,,1,0,17730,944,,,used,,,,20260905-1028
2026-09-05 13:42:59,Pre-HAUSPM,SIGN,93,2,0.003000,0.200,0.008,1606504,704,0,33516,33516,0,0,0,151825814,0,150785814,0,0.000000,0.000000,0.000000,12872,28946,363.58,0,0,0,0,SUCCESS,0,2,warm20,,,,,1,0,19685,955,,,used,,,,20260905-1028
2026-09-05 13:43:33,Pre-HAUSPM,SIGN,94,2,0.003000,0.200,0.008,1616945,710,0,33720,33720,0,0,0,151812047,0,150774293,0,0.000000,0.000000,0.000000,12890,29038,153.90,0,0,0,0,SUCCESS,0,2,warm20,,,,,1,0,10441,967,,,used,,,,20260905-1028
2026-09-05 13:44:07,Pre-HAUSPM,SIGN,95,2,0.003000,0.200,0.008,1631610,716,0,34009,34010,0,0,0,153151246,0,152110391,0,0.000000,0.000000,0.000000,12886,28991,152.67,0,0,0,0,SUCCESS,0,2,warm20,,,,,1,0,14665,973,,,used,,,,20260905-1028
2026-09-05 13:44:41,Pre-HAUSPM,SIGN,96,2,0.003000,0.200,0.008,1649145,722,0,34223,34223,0,0,0,153385586,0,152346864,0,0.000000,0.000000,0.000000,12904,29021,76.96,0,0,0,0,SUCCESS,0,2,warm20,,,,,1,0,17535,982,,,used,,,,20260905-1028
2026-09-05 13:45:16,Pre-HAUSPM,SIGN,97,2,0.003000,0.200,0.008,1663324,728,0,34177,34177,0,0,0,152660495,0,151629501,0,0.000000,0.000000,0.000000,12728,28571,128.66,0,0,0,0,SUCCESS,0,2,warm20,,,,,1,0,14179,992,,,used,,,,20260905-1028
2026-09-05 13:45:50,Pre-HAUSPM,SIGN,98,2,0.003000,0.200,0.008,1668652,730,0,34079,34079,0,0,0,152049944,0,151023735,0,0.000000,0.000000,0.000000,12666,28413,296.92,0,0,0,0,SUCCESS,0,2,warm20,,,,,1,0,5328,1001,,,used,,,,20260905-1028
2026-09-05 13:45:50,Pre-HAUSPM,SIGN,99,2,0.003000,0.200,0.008,1668652,730,0,8,8,0,0,0,0,0,0,0,0.000000,0.000000,0.000000,12666,28413,302.39,0,0,0,0,SUCCESS,0,2,warm20,,,,,0,0,0,1004,,,used,,,,20260905-1028
2026-09-05 13:45:52,HAUSP-UB,C8T1S5I8N5K,0,0,0.000200,0.000,0.200,9488535,9427,342,968,1311,56,87,60,3612852,29541,3444071,11833,0.000000,0.242125,0.250202,6075,0,789.27,3628532,3576629,51903,51042,SUCCESS,154920,0,warm20,146176,4438664,121991456,7045632,,,,,11833,13861,used,,,,20260905-1028
2026-09-05 13:45:52,HAUSP-UB,C8T1S5I8N5K,1,0,0.000200,0.000,0.008,9860531,9808,10,580,590,3,65,60,3752192,30066,3582297,12000,0.000000,0.237696,0.245698,5885,0,824.00,3717298,3716544,1615,51737,SUCCESS,155976,0,warm20,154368,4617128,121991456,7247360,,,,,11999,13918,used,,,,20260905-1028
2026-09-05 13:45:53,HAUSP-UB,C8T1S5I8N5K,2,0,0.000200,0.000,0.008,10237847,10189,8,559,567,3,62,57,3524441,30542,3361150,12194,0.000000,0.234296,0.242583,6216,0,829.27,3489408,3488898,1430,52280,SUCCESS,149453,0,warm20,48384,4791456,121991456,7430144,,,,,12194,13838,used,,,,20260905-1028
2026-09-05 13:45:54,HAUSP-UB,C8T1S5I8N5K,3,0,0.000200,0.000,0.008,10612071,10570,8,542,552,3,58,53,3380501,31048,3226964,12185,0.000000,0.228170,0.236997,5710,0,861.27,3345253,3344690,1450,52849,SUCCESS,139521,0,warm20,156544,4970664,121991456,7619712,,,,,12185,14016,used,,,,20260905-1028
2026-09-05 13:45:54,HAUSP-UB,C8T1S5I8N5K,4,0,0.000200,0.000,0.008,10998812,10951,9,532,541,3,54,51,3233089,31726,3086462,12109,0.000000,0.226342,0.235631,6197,0,901.27,3197702,3197120,1463,53454,SUCCESS,132363,0,warm20,153600,5152944,121991456,7827840,,,,,12109,14264,used,,,,20260905-1028
2026-09-05 13:45:55,HAUSP-UB,C8T1S5I8N5K,5,0,0.000200,0.000,0.008,11372679,11332,8,559,567,3,58,53,3475820,32155,3323087,12156,0.000000,0.226990,0.235812,7077,0,901.27,3440325,3439962,1221,53903,SUCCESS,138537,0,warm20,52736,5331472,121991456,8018688,,,,,12156,14196,used,,,,20260905-1028
2026-09-05 13:45:55,HAUSP-UB,C8T1S5I8N5K,6,0,0.000200,0.000,0.008,11751454,11713,8,564,573,3,57,52,3336704,32735,3184743,12153,0.000000,0.230918,0.239665,7171,0,901.27,3301355,3300827,1300,54412,SUCCESS,137779,0,warm20,34048,5510936,121991456,8233216,,,,,12152,14181,used,,,,20260905-1028
2026-09-05 13:45:56,HAUSP-UB,C8T1S5I8N5K,7,0,0.000200,0.000,0.008,12140855,12094,9,570,580,3,56,51,3248019,33178,3099768,12064,0.000000,0.228017,0.236853,7532,0,901.27,3212500,3212183,1108,54782,SUCCESS,133964,0,warm20,54400,5695640,121991456,8409984,,,,,12062,14285,used,,,,20260905-1028
2026-09-05 13:45:56,HAUSP-UB,C8T1S5I8N5K,8,0,0.000200,0.000,0.008,12513750,12475,9,588,598,3,55,51,3432989,33476,3285719,12090,0.000000,0.227410,0.236284,7536,0,901.27,3397410,3396989,1159,55144,SUCCESS,132994,0,warm20,48768,5871568,121991456,8568832,,,,,12087,14273,used,,,,20260905-1028
2026-09-05 13:45:57,HAUSP-UB,C8T1S5I8N5K,9,0,0.000200,0.000,0.008,12914821,12856,9,587,597,3,54,50,3369243,33876,3224101,12273,0.000000,0.226828,0.235741,6698,0,901.27,3333643,3333178,1262,55607,SUCCESS,130810,0,warm20,43520,6057256,121991456,8769280,,,,,12273,14332,used,,,,20260905-1028
2026-09-05 13:45:58,HAUSP-UB,C8T1S5I8N5K,10,0,0.000200,0.000,0.008,13305508,13237,9,576,585,3,53,49,3173542,34219,3031644,12117,0.000000,0.229812,0.238973,6517,0,909.27,3137802,3137445,1156,55958,SUCCESS,127546,0,warm20,58240,6243312,121991456,8955648,,,,,12117,14352,used,,,,20260905-1028
2026-09-05 13:45:58,HAUSP-UB,C8T1S5I8N5K,11,0,0.000200,0.000,0.008,13706693,13618,9,570,579,3,51,48,3070601,34549,2932849,12052,0.000000,0.227637,0.237020,6096,0,941.27,3034720,3034367,1158,56307,SUCCESS,123280,0,warm20,183168,6431616,121991456,9200768,,,,,12052,14472,used,,,,20260905-1028
2026-09-05 13:45:59,HAUSP-UB,C8T1S5I8N5K,12,0,0.000200,0.000,0.008,14085848,13999,9,570,579,3,51,48,3010485,35042,2872623,11982,0.000000,0.228250,0.237569,5787,0,941.27,2974671,2974262,1218,56710,SUCCESS,123312,0,warm20,53120,6610496,121991456,9446272,,,,,11981,14549,used,,,,20260905-1028
2026-09-05 13:45:59,HAUSP-UB,C8T1S5I8N5K,13,0,0.000200,0.000,0.008,14448564,14380,8,579,588,3,50,47,3004553,35392,2867592,12058,0.000000,0.227435,0.236863,5569,0,941.27,2968636,2968312,1139,57036,SUCCESS,122362,0,warm20,63872,6780176,121991456,9694336,,,,,12058,14599,used,,,,20260905-1028
2026-09-05 13:46:00,HAUSP-UB,C8T1S5I8N5K,14,0,0.000200,0.000,0.008,14856850,14761,9,588,597,3,50,46,3005651,35647,2870717,12053,0.000000,0.224811,0.234281,5314,0,949.27,2969651,2969423,1041,57288,SUCCESS,120323,0,warm20,206720,6962912,121991456,9929984,,,,,12053,14611,used,,,,20260905-1028
2026-09-05 13:46:01,HAUSP-UB,C8T1S5I8N5K,15,0,0.000200,0.000,0.008,15236031,15142,9,602,612,3,50,47,3033988,36097,2896886,12025,0.000000,0.228268,0.237569,5751,0,949.27,2998038,2997655,1172,57648,SUCCESS,122343,0,warm20,56448,7143944,121991456,10180992,,,,,12025,14759,used,,,,20260905-1028
2026-09-05 13:46:01,HAUSP-UB,C8T1S5I8N5K,16,0,0.000200,0.000,0.008,15637254,15523,9,603,613,3,49,46,2948645,36330,2814951,12122,0.000000,0.224966,0.234524,5143,0,981.27,2912543,2912230,1125,57975,SUCCESS,118910,0,warm20,215296,7330432,121991456,10433024,,,,,12122,14784,used,,,,20260905-1028
2026-09-05 13:46:02,HAUSP-UB,C8T1S5I8N5K,17,0,0.000200,0.000,0.008,16001183,15904,9,594,604,3,48,45,2882667,36591,2750992,12142,0.000000,0.222118,0.231765,4765,0,981.27,2846627,2846324,1101,58297,SUCCESS,117019,0,warm20,62976,7502376,121991456,10681088,,,,,12142,14656,used,,,,20260905-1028
2026-09-05 13:46:02,HAUSP-UB,C8T1S5I8N5K,18,0,0.000200,0.000,0.008,16376279,16285,9,599,608,3,47,44,2859925,36998,2730765,12206,0.000000,0.219953,0.229830,5394,0,989.27,2823809,2823468,1120,58646,SUCCESS,114343,0,warm20,208384,7678848,121991456,10952960,,,,,12206,14817,used,,,,20260905-1028
2026-09-05 13:46:03,HAUSP-UB,C8T1S5I8N5K,19,0,0.000200,0.000,0.008,16736060,16666,9,593,602,3,46,43,2832989,37220,2705867,12254,0.000000,0.218374,0.228370,5316,0,989.27,2796816,2796533,1054,58906,SUCCESS,112375,0,warm20,68224,7852504,121991456,11196032,,,,,12254,14747,used,,,,20260905-1028
2026-09-05 13:46:04,HAUSP-UB,C8T1S5I8N5K,20,0,0.000200,0.000,0.008,17118756,17047,9,597,606,3,46,43,2817429,37451,2690151,12522,0.000000,0.220278,0.230268,5733,0,989.27,2781308,2781089,1013,59174,SUCCESS,112611,0,warm20,70400,8034672,121991456,11446272,,,,,12521,14666,used,,,,20260905-1028
2026-09-05 13:46:04,HAUSP-UB,C8T1S5I8N5K,21,0,0.000200,0.000,0.008,17469367,17428,9,598,608,3,45,43,2752795,37715,2626322,12413,0.000000,0.222887,0.232929,5511,0,989.27,2716541,2716296,990,59428,SUCCESS,111678,0,warm20,66176,8202512,121991456,11689088,,,,,12413,14795,used,,,,20260905-1028
2026-09-05 13:46:05,HAUSP-UB,C8T1S5I8N5K,22,0,0.000200,0.000,0.008,17882077,17809,9,607,617,3,46,43,2760701,37908,2633384,12509,0.000000,0.228367,0.238388,5460,0,989.27,2724532,2724242,1026,59702,SUCCESS,112668,0,warm20,64000,8385152,121991456,11962496,,,,,12509,14649,used,,,,20260905-1028
2026-09-05 13:46:05,HAUSP-UB,C8T1S5I8N5K,23,0,0.000200,0.000,0.008,18263919,18190,9,605,614,3,45,43,2674072,38130,2547352,12394,0.000000,0.229087,0.239104,5224,0,989.27,2637683,2637573,862,59827,SUCCESS,111903,0,warm20,93696,8557848,121991456,12196096,,,,,12394,14817,used,,,,20260905-1028
2026-09-05 13:46:06,HAUSP-UB,C8T1S5I8N5K,24,0,0.000200,0.000,0.008,18657262,18571,9,607,616,3,44,42,2599510,38368,2474078,12432,0.000000,0.227734,0.237792,4981,0,1029.83,2563073,2562854,956,60028,SUCCESS,110454,0,warm20,220544,8733584,121991456,12433920,,,,,12432,14978,used,,,,20260905-1028
2026-09-05 13:46:07,HAUSP-UB,C8T1S5I8N5K,25,0,0.000200,0.000,0.008,19053088,18952,9,609,618,3,44,42,2567505,38559,2441875,12496,0.000000,0.225591,0.235706,4603,0,1029.83,2531014,2530826,943,60238,SUCCESS,110608,0,warm20,86144,8910952,121991456,12656512,,,,,12496,15022,used,,,,20260905-1028
2026-09-05 13:46:07,HAUSP-UB,C8T1S5I8N5K,26,0,0.000200,0.000,0.008,19437911,19333,9,603,613,3,44,42,2501544,38748,2378106,12583,0.000000,0.223253,0.233469,4467,0,1061.55,2465009,2464751,991,60491,SUCCESS,108392,0,warm20,219520,9094976,121991456,12941056,,,,,12582,15045,used,,,,20260905-1028
2026-09-05 13:46:08,HAUSP-UB,C8T1S5I8N5K,27,0,0.000200,0.000,0.008,19822113,19714,9,606,616,3,44,42,2521889,39076,2398175,12549,0.000000,0.224955,0.235073,4548,0,1069.27,2485353,2485068,1023,60769,SUCCESS,108593,0,warm20,78720,9274248,121991456,13209216,,,,,12549,15121,used,,,,20260905-1028
2026-09-05 13:46:09,HAUSP-UB,C8T1S5I8N5K,28,0,0.000200,0.000,0.008,20208654,20095,9,608,618,3,43,41,2442262,39402,2319204,12538,0.000000,0.224785,0.234919,4279,0,1101.27,2405594,2405373,966,61018,SUCCESS,107757,0,warm20,219776,9458160,121991456,13486848,,,,,12538,15301,used,,,,20260905-1028
2026-09-05 13:46:09,HAUSP-UB,C8T1S5I8N5K,29,0,0.000200,0.000,0.008,20585609,20476,20,598,619,3,43,41,2419201,39513,2297442,12587,0.000000,0.224005,0.234200,4122,0,869.41,2382434,2382273,878,61192,SUCCESS,106496,0,warm20,217088,9636608,155545888,13741056,,,,,12586,15262,used,,,,20260905-1028
2026-09-05 13:46:10,HAUSP-UB,C8T1S5I8N5K,30,0,0.000200,0.000,0.008,20988516,20857,8,605,614,3,43,41,2402627,39644,2279962,12740,0.000000,0.221895,0.232057,3896,0,877.41,2365889,2365644,949,61432,SUCCESS,107475,0,warm20,78592,9820600,155545888,13992448,,,,,12740,15190,used,,,,20260905-1028
2026-09-05 13:46:10,HAUSP-UB,C8T1S5I8N5K,31,0,0.000200,0.000,0.008,21379871,21238,8,599,608,3,43,41,2395101,39803,2273674,12701,0.000000,0.220593,0.230843,3722,0,877.41,2358415,2358248,876,61610,SUCCESS,106369,0,warm20,88704,10003416,155545888,14260096,,,,,12700,15057,used,,,,20260905-1028
2026-09-05 13:46:11,HAUSP-UB,C8T1S5I8N5K,32,0,0.000200,0.000,0.008,21758395,21619,8,613,622,3,43,41,2426043,39943,2304165,12691,0.000000,0.218774,0.228937,3512,0,877.41,2389264,2389111,851,61749,SUCCESS,106766,0,warm20,94336,10180208,155545888,14498816,,,,,12691,15112,used,,,,20260905-1028
2026-09-05 13:46:12,HAUSP-UB,C8T1S5I8N5K,33,0,0.000200,0.000,0.008,22151372,22000,8,616,625,3,42,40,2371239,40143,2250692,12563,0.000000,0.218520,0.228787,3756,0,917.41,2334338,2334172,878,61916,SUCCESS,105252,0,warm20,221952,10365864,155545888,14761984,,,,,12563,15295,used,,,,20260905-1028
2026-09-05 13:46:12,HAUSP-UB,C8T1S5I8N5K,34,0,0.000200,0.000,0.008,22537156,22381,8,615,624,3,42,40,2330903,40324,2210836,12559,0.000000,0.219333,0.229724,3758,0,917.41,2294067,2293941,837,62067,SUCCESS,104823,0,warm20,97792,10544520,155545888,15013376,,,,,12559,15244,used,,,,20260905-1028
2026-09-05 13:46:13,HAUSP-UB,C8T1S5I8N5K,35,0,0.000200,0.000,0.008,22909920,22762,8,626,634,3,42,40,2341688,40414,2221234,12660,0.000000,0.222019,0.232317,3731,0,917.41,2304861,2304693,854,62225,SUCCESS,105280,0,warm20,94848,10721192,155545888,15252864,,,,,12660,15174,used,,,,20260905-1028
2026-09-05 13:46:14,HAUSP-UB,C8T1S5I8N5K,36,0,0.000200,0.000,0.008,23320068,23143,8,630,639,3,42,40,2314985,40715,2194808,12522,0.000000,0.220600,0.230807,3641,0,917.41,2278088,2277940,844,62410,SUCCESS,104788,0,warm20,93696,10905520,155545888,15499264,,,,,12520,15387,used,,,,20260905-1028
2026-09-05 13:46:14,HAUSP-UB,C8T1S5I8N5K,37,0,0.000200,0.000,0.008,23698370,23524,8,635,644,3,41,40,2300308,40903,2181397,12491,0.000000,0.219310,0.229596,3515,0,917.41,2263355,2263201,813,62569,SUCCESS,103461,0,warm20,93312,11082248,155545888,15758336,,,,,12487,15446,used,,,,20260905-1028
2026-09-05 13:46:15,HAUSP-UB,C8T1S5I8N5K,38,0,0.000200,0.000,0.008,24100790,23905,8,637,646,3,41,39,2292369,41080,2174497,12535,0.000000,0.217467,0.227800,3291,0,957.41,2255335,2255093,896,62797,SUCCESS,102326,0,warm20,220672,11268248,155545888,16012672,,,,,12534,15545,used,,,,20260905-1028
2026-09-05 13:46:15,HAUSP-UB,C8T1S5I8N5K,39,0,0.000200,0.000,0.008,24494244,24286,9,626,635,3,40,39,2253566,41284,2136949,12520,0.000000,0.214483,0.224958,3104,0,989.41,2216374,2216199,843,62974,SUCCESS,100937,0,warm20,217984,11458160,155545888,16271360,,,,,12519,15679,used,,,,20260905-1028
2026-09-05 13:46:16,HAUSP-UB,C8T1S5I8N5K,40,0,0.000200,0.000,0.008,24862589,24667,8,623,632,3,40,39,2235959,41495,2119602,12514,0.000000,0.214408,0.224859,2983,0,997.41,2198808,2198612,862,63177,SUCCESS,100684,0,warm20,90368,11634336,155545888,16525952,,,,,12513,15672,used,,,,20260905-1028
2026-09-05 13:46:17,HAUSP-UB,C8T1S5I8N5K,41,0,0.000200,0.000,0.008,25264734,25048,8,628,637,3,40,38,2232592,41648,2116343,12545,0.000000,0.214067,0.224497,2906,0,997.41,2195400,2195352,707,63275,SUCCESS,100584,0,warm20,135168,11818840,155545888,16741632,,,,,12543,15663,used,,,,20260905-1028
2026-09-05 13:46:17,HAUSP-UB,C8T1S5I8N5K,42,0,0.000200,0.000,0.008,25654120,25429,8,632,641,3,40,38,2225041,41796,2108906,12548,0.000000,0.213467,0.223934,2835,0,997.41,2187930,2187762,777,63431,SUCCESS,100499,0,warm20,119296,12004304,155545888,17029248,,,,,12544,15632,used,,,,20260905-1028
2026-09-05 13:46:18,HAUSP-UB,C8T1S5I8N5K,43,0,0.000200,0.000,0.008,26046150,25810,8,651,660,3,40,39,2272948,41872,2156659,12582,0.000000,0.212566,0.223110,2897,0,997.41,2235844,2235668,797,63605,SUCCESS,100742,0,warm20,121472,12185704,155545888,17303680,,,,,12580,15545,used,,,,20260905-1028
2026-09-05 13:46:19,HAUSP-UB,C8T1S5I8N5K,44,0,0.000200,0.000,0.008,26432947,26191,8,663,671,3,40,39,2282351,42011,2165525,12643,0.000000,0.213256,0.223705,2697,0,997.41,2245235,2245107,751,63728,SUCCESS,101303,0,warm20,137600,12366504,155545888,17587840,,,,,12642,15522,used,,,,20260905-1028
2026-09-05 13:46:19,HAUSP-UB,C8T1S5I8N5K,45,0,0.000200,0.000,0.008,26847057,26572,9,669,679,3,40,39,2276549,42143,2159745,12645,0.000000,0.212103,0.222663,2736,0,1005.41,2239431,2239263,796,63890,SUCCESS,101271,0,warm20,120320,12559136,155545888,17852288,,,,,12645,15533,used,,,,20260905-1028
2026-09-05 13:46:20,HAUSP-UB,C8T1S5I8N5K,46,0,0.000200,0.000,0.008,27199889,26953,8,684,692,3,41,39,2327965,42374,2210613,12509,0.000000,0.212747,0.223209,2876,0,1005.41,2290839,2290701,772,64016,SUCCESS,101741,0,warm20,126848,12727040,155545888,18105984,,,,,12508,15610,used,,,,20260905-1028
2026-09-05 13:46:21,HAUSP-UB,C8T1S5I8N5K,47,0,0.000200,0.000,0.008,27579163,27334,8,688,697,3,40,39,2313273,42552,2196201,12422,0.000000,0.212044,0.222432,2901,0,1005.41,2276122,2276044,724,64116,SUCCESS,101384,0,warm20,164224,12903296,155545888,18332160,,,,,12421,15687,used,,,,20260905-1028
2026-09-05 13:46:21,HAUSP-UB,C8T1S5I8N5K,48,0,0.000200,0.000,0.008,27972766,27715,8,695,704,3,41,39,2314916,42713,2197257,12422,0.000000,0.212883,0.223201,2982,0,1005.41,2277842,2277739,727,64227,SUCCESS,101987,0,warm20,179968,13086704,155545888,18589952,,,,,12421,15671,used,,,,20260905-1028
2026-09-05 13:46:22,HAUSP-UB,C8T1S5I8N5K,49,0,0.000200,0.000,0.008,28365723,28096,8,703,711,3,41,39,2346415,42855,2229157,12289,0.000000,0.213413,0.223660,3165,0,1013.41,2309361,2309237,740,64339,SUCCESS,101576,0,warm20,321280,13267080,155545888,18852480,,,,,12289,15682,used,,,,20260905-1028
2026-09-05 13:46:23,HAUSP-UB,C8T1S5I8N5K,50,0,0.000200,0.000,0.008,28747973,28477,8,706,715,3,41,39,2325467,42932,2208731,12298,0.000000,0.212932,0.223195,3190,0,1013.41,2288526,2288378,776,64450,SUCCESS,101201,0,warm20,202624,13443056,155545888,19088384,,,,,12297,15534,used,,,,20260905-1028
2026-09-05 13:46:24,HAUSP-UB,C8T1S5I8N5K,51,0,0.000200,0.000,0.008,29148674,28858,8,714,723,3,40,39,2281457,43118,2164962,12243,0.000000,0.213432,0.223667,3606,0,1013.41,2244525,2244431,759,64555,SUCCESS,100894,0,warm20,235520,13626880,155545888,19343104,,,,,12242,15600,used,,,,20260905-1028
2026-09-05 13:46:24,HAUSP-UB,C8T1S5I8N5K,52,0,0.000200,0.000,0.008,29538239,29239,8,709,718,3,40,38,2228816,43208,2113070,12292,0.000000,0.213133,0.223470,3511,0,1013.41,2191830,2191720,764,64675,SUCCESS,100107,0,warm20,217216,13810048,155545888,19603712,,,,,12292,15639,used,,,,20260905-1028
2026-09-05 13:46:25,HAUSP-UB,C8T1S5I8N5K,53,0,0.000200,0.000,0.008,29906147,29620,8,710,719,3,40,39,2205992,43291,2090151,12296,0.000000,0.212974,0.223325,3391,0,1013.41,2169000,2168903,741,64767,SUCCESS,100233,0,warm20,245248,13984888,155545888,19842048,,,,,12296,15608,used,,,,20260905-1028
2026-09-05 13:46:26,HAUSP-UB,C8T1S5I8N5K,54,0,0.000200,0.000,0.008,30291495,30001,8,711,720,3,40,38,2166475,43343,2051302,12365,0.000000,0.212301,0.222748,3264,0,1021.41,2129376,2129282,743,64847,SUCCESS,99498,0,warm20,277504,14163112,155545888,20054272,,,,,12365,15675,used,,,,20260905-1028
2026-09-05 13:46:27,HAUSP-UB,C8T1S5I8N5K,55,0,0.000200,0.000,0.008,30683235,30382,8,707,716,3,39,38,2159580,43457,2044916,12312,0.000000,0.211595,0.222085,3174,0,1021.41,2122482,2122405,740,64932,SUCCESS,98955,0,warm20,295552,14345792,155545888,20302848,,,,,12311,15708,used,,,,20260905-1028
2026-09-05 13:46:27,HAUSP-UB,C8T1S5I8N5K,56,0,0.000200,0.000,0.008,31050500,30763,8,710,719,3,39,37,2129950,43445,2016117,12393,0.000000,0.211427,0.222059,3135,0,1021.41,2092916,2092868,703,64986,SUCCESS,98283,0,warm20,323840,14522416,155545888,20520448,,,,,12390,15547,used,,,,20260905-1028
2026-09-05 13:46:28,HAUSP-UB,C8T1S5I8N5K,57,0,0.000200,0.000,0.008,31397327,31144,8,710,719,3,38,37,2103397,43545,1990438,12410,0.000000,0.211145,0.221871,3034,0,1021.41,2066375,2066278,746,65101,SUCCESS,97375,0,warm20,263424,14690744,155545888,20806656,,,,,12407,15581,used,,,,20260905-1028
2026-09-05 13:46:29,HAUSP-UB,C8T1S5I8N5K,58,0,0.000200,0.000,0.008,31771532,31525,8,698,707,3,38,37,2070401,43605,1958188,12443,0.000000,0.211496,0.222327,3040,0,1021.41,2033336,2033228,739,65215,SUCCESS,96641,0,warm20,243584,14869360,155545888,21111424,,,,,12440,15569,used,,,,20260905-1028
2026-09-05 13:46:29,HAUSP-UB,C8T1S5I8N5K,59,0,0.000200,0.000,0.008,32144335,31906,8,708,717,3,38,37,2071892,43782,1959553,12411,0.000000,0.211165,0.221901,2918,0,1029.41,2034868,2034732,761,65347,SUCCESS,96748,0,warm20,230144,15042672,155545888,21452544,,,,,12411,15591,used,,,,20260905-1028
2026-09-05 13:46:30,HAUSP-UB,C8T1S5I8N5K,60,0,0.000200,0.000,0.008,32548859,32287,9,726,735,3,39,38,2109462,43917,1996386,12379,0.000000,0.211540,0.222233,3066,0,1029.41,2072420,2072286,763,65446,SUCCESS,97464,0,warm20,273664,15228392,155545888,21761152,,,,,12379,15612,used,,,,20260905-1028
2026-09-05 13:46:31,HAUSP-UB,C8T1S5I8N5K,61,0,0.000200,0.000,0.008,32946105,32668,8,730,739,3,39,38,2082991,44023,1969182,12399,0.000000,0.212110,0.222752,3028,0,1029.41,2045928,2045858,734,65531,SUCCESS,98168,0,warm20,344064,15410552,155545888,22046976,,,,,12398,15640,used,,,,20260905-1028
2026-09-05 13:46:32,HAUSP-UB,C8T1S5I8N5K,62,0,0.000200,0.000,0.008,33335321,33049,9,730,739,3,39,38,2050752,44197,1937266,12381,0.000000,0.212629,0.223201,2938,0,1029.41,2013723,2013611,761,65674,SUCCESS,97791,0,warm20,265344,15588880,155545888,22419456,,,,,12381,15695,used,,,,20260905-1028
2026-09-05 13:46:32,HAUSP-UB,C8T1S5I8N5K,63,0,0.000200,0.000,0.008,33722190,33430,9,731,740,3,39,38,2056041,44261,1942676,12419,0.000000,0.213888,0.224489,2955,0,1037.41,2018892,2018751,759,65779,SUCCESS,97628,0,warm20,284032,15770696,155545888,22736896,,,,,12418,15736,used,,,,20260905-1028
2026-09-05 13:46:33,HAUSP-UB,C8T1S5I8N5K,64,0,0.000200,0.000,0.008,34102757,33811,8,734,743,3,39,37,2022958,44338,1910296,12457,0.000000,0.213898,0.224623,2871,0,1037.41,1985866,1985741,779,65908,SUCCESS,97009,0,warm20,287232,15945592,155545888,23085184,,,,,12455,15651,used,,,,20260905-1028
2026-09-05 13:46:34,HAUSP-UB,C8T1S5I8N5K,65,0,0.000200,0.000,0.008,34480042,34192,8,737,746,3,38,37,2004297,44403,1891737,12536,0.000000,0.213480,0.224156,2789,0,1037.41,1967204,1967084,770,66026,SUCCESS,96971,0,warm20,301952,16120688,155545888,23448704,,,,,12535,15588,used,,,,20260905-1028
2026-09-05 13:46:35,HAUSP-UB,C8T1S5I8N5K,66,0,0.000200,0.000,0.008,34856177,34573,8,734,742,3,38,37,1991138,44545,1879254,12479,0.000000,0.213336,0.224117,2698,0,1037.41,1953958,1953831,779,66152,SUCCESS,96184,0,warm20,301568,16294448,155545888,23804160,,,,,12478,15699,used,,,,20260905-1028
2026-09-05 13:46:35,HAUSP-UB,C8T1S5I8N5K,67,0,0.000200,0.000,0.008,35248911,34954,9,733,742,3,38,37,1986805,44587,1875699,12547,0.000000,0.212368,0.223206,2620,0,1045.41,1949675,1949571,757,66264,SUCCESS,95541,0,warm20,328576,16481344,155545888,24186752,,,,,12547,15565,used,,,,20260905-1028
2026-09-05 13:46:36,HAUSP-UB,C8T1S5I8N5K,68,0,0.000200,0.000,0.008,35625465,35335,8,737,746,3,38,36,1960119,44764,1849369,12463,0.000000,0.212246,0.223025,2554,0,1045.41,1923028,1922943,730,66366,SUCCESS,95159,0,warm20,373888,16657608,155545888,24513536,,,,,12463,15591,used,,,,20260905-1028
2026-09-05 13:46:37,HAUSP-UB,C8T1S5I8N5K,69,0,0.000200,0.000,0.008,36012354,35716,8,731,740,3,37,36,1930359,44781,1820763,12518,0.000000,0.211519,0.222519,2554,0,1045.41,1893224,1893154,698,66424,SUCCESS,94046,0,warm20,452096,16835688,155545888,24780416,,,,,12518,15550,used,,,,20260905-1028
2026-09-05 13:46:38,HAUSP-UB,C8T1S5I8N5K,70,0,0.000200,0.000,0.008,36402179,36097,9,736,746,3,37,36,1975864,44877,1866356,12511,0.000000,0.211474,0.222410,2518,0,1045.41,1938746,1938650,736,66504,SUCCESS,93936,0,warm20,467840,17022200,155545888,25042560,,,,,12510,15571,used,,,,20260905-1028
2026-09-05 13:46:38,HAUSP-UB,C8T1S5I8N5K,71,0,0.000200,0.000,0.008,36796212,36478,8,738,747,3,37,36,1944268,44971,1835008,12535,0.000000,0.212026,0.222974,2562,0,1045.41,1907144,1907060,740,66586,SUCCESS,93668,0,warm20,502656,17202968,155545888,25369472,,,,,12534,15591,used,,,,20260905-1028
2026-09-05 13:46:39,HAUSP-UB,C8T1S5I8N5K,72,0,0.000200,0.000,0.008,37177330,36859,8,740,749,3,37,36,1935304,45091,1826400,12476,0.000000,0.211687,0.222630,2519,0,1053.41,1898161,1898069,750,66669,SUCCESS,93247,0,warm20,516352,17383608,155545888,25687424,,,,,12467,15648,used,,,,20260905-1028
2026-09-05 13:46:40,HAUSP-UB,C8T1S5I8N5K,73,0,0.000200,0.000,0.008,37549228,37240,8,754,762,3,37,36,1951249,45147,1842274,12487,0.000000,0.211191,0.222119,2480,0,1053.41,1914104,1914047,724,66711,SUCCESS,93345,0,warm20,628096,17558472,155545888,25915008,,,,,12480,15623,used,,,,20260905-1028
2026-09-05 13:46:41,HAUSP-UB,C8T1S5I8N5K,74,0,0.000200,0.000,0.008,37929817,37621,8,755,763,3,37,36,1915521,45144,1806531,12530,0.000000,0.210855,0.221896,2451,0,1053.41,1878453,1878391,744,66770,SUCCESS,93489,0,warm20,641024,17738584,155545888,26206464,,,,,12530,15501,used,,,,20260905-1028
2026-09-05 13:46:41,HAUSP-UB,C8T1S5I8N5K,75,0,0.000200,0.000,0.008,38317022,38002,9,763,772,3,37,36,1933664,45217,1824287,12553,0.000000,0.211156,0.222124,2489,0,1053.41,1896586,1896514,757,66853,SUCCESS,93850,0,warm20,608000,17918928,155545888,26525312,,,,,12551,15525,used,,,,20260905-1028
2026-09-05 13:46:42,HAUSP-UB,C8T1S5I8N5K,76,0,0.000200,0.000,0.008,38681308,38383,8,766,774,3,37,36,1943603,45268,1834472,12527,0.000000,0.210600,0.221573,2455,0,1061.41,1906506,1906456,724,66900,SUCCESS,93615,0,warm20,665600,18092920,155545888,26769408,,,,,12523,15512,used,,,,20260905-1028
2026-09-05 13:46:43,HAUSP-UB,C8T1S5I8N5K,77,0,0.000200,0.000,0.008,39054424,38764,8,764,772,3,37,36,1916010,45493,1806996,12390,0.000000,0.210584,0.221565,2481,0,1061.41,1878937,1878854,760,67000,SUCCESS,93343,0,warm20,576256,18267208,155545888,27150720,,,,,12385,15666,used,,,,20260905-1028
2026-09-05 13:46:44,HAUSP-UB,C8T1S5I8N5K,78,0,0.000200,0.000,0.008,39411343,39145,8,772,781,3,37,36,1909490,45462,1800491,12522,0.000000,0.211543,0.222635,2527,0,1061.41,1872312,1872260,712,67045,SUCCESS,93356,0,warm20,665344,18437224,155545888,27389824,,,,,12519,15640,used,,,,20260905-1028
2026-09-05 13:46:45,HAUSP-UB,C8T1S5I8N5K,79,0,0.000200,0.000,0.008,39780981,39526,8,788,796,3,37,36,1935829,45485,1826131,12514,0.000000,0.211343,0.222289,2581,0,1061.41,1898674,1898654,687,67071,SUCCESS,94101,0,warm20,727808,18611288,155545888,27565312,,,,,12512,15595,used,,,,20260905-1028
2026-09-05 13:46:45,HAUSP-UB,C8T1S5I8N5K,80,0,0.000200,0.000,0.008,40169171,39907,8,797,806,3,37,36,1935944,45554,1826380,12516,0.000000,0.211643,0.222577,2552,0,1069.41,1898793,1898740,714,67109,SUCCESS,93929,0,warm20,822016,18788752,155545888,27762176,,,,,12515,15634,used,,,,20260905-1028
2026-09-05 13:46:46,HAUSP-UB,C8T1S5I8N5K,81,0,0.000200,0.000,0.008,40555772,40288,9,796,805,3,37,36,1903014,45671,1793341,12470,0.000000,0.211267,0.222214,2574,0,1069.41,1865947,1865860,763,67220,SUCCESS,94043,0,warm20,594688,18972952,155545888,28134784,,,,,12469,15629,used,,,,20260905-1028
2026-09-05 13:46:47,HAUSP-UB,C8T1S5I8N5K,82,0,0.000200,0.000,0.008,40937437,40669,8,800,808,3,37,36,1903088,45670,1793825,12492,0.000000,0.211200,0.222190,2542,0,1069.41,1865902,1865873,681,67255,SUCCESS,93627,0,warm20,711936,19144488,155545888,28320640,,,,,12492,15636,used,,,,20260905-1028
2026-09-05 13:46:48,HAUSP-UB,C8T1S5I8N5K,83,0,0.000200,0.000,0.008,41314466,41050,9,796,805,3,37,36,1882456,45751,1773018,12474,0.000000,0.211025,0.222031,2516,0,1073.36,1845267,1845194,719,67320,SUCCESS,93753,0,warm20,655104,19324552,155545888,28624640,,,,,12474,15685,used,,,,20260905-1028
2026-09-05 13:46:49,HAUSP-UB,C8T1S5I8N5K,84,0,0.000200,0.000,0.008,41724684,41431,9,798,808,3,37,36,1851419,45802,1742406,12472,0.000000,0.210757,0.221740,2489,0,1081.36,1814276,1814199,731,67395,SUCCESS,93388,0,warm20,748800,19514248,155545888,28915584,,,,,12472,15625,used,,,,20260905-1028
2026-09-05 13:46:49,HAUSP-UB,C8T1S5I8N5K,85,0,0.000200,0.000,0.008,42093147,41812,8,808,817,3,37,36,1874060,45860,1764732,12469,0.000000,0.210801,0.221765,2440,0,1081.36,1836766,1836726,696,67434,SUCCESS,93569,0,warm20,748544,19689608,155545888,29133824,,,,,12469,15759,used,,,,20260905-1028
2026-09-05 13:46:50,HAUSP-UB,C8T1S5I8N5K,86,0,0.000200,0.000,0.008,42494057,42193,9,821,830,3,37,36,1874137,45889,1764509,12525,0.000000,0.210856,0.221841,2493,0,1081.36,1836793,1836712,738,67521,SUCCESS,93827,0,warm20,663040,19872936,155545888,29448192,,,,,12523,15799,used,,,,20260905-1028
2026-09-05 13:46:51,HAUSP-UB,C8T1S5I8N5K,87,0,0.000200,0.000,0.008,42876090,42574,8,820,829,3,37,36,1859842,45944,1750886,12530,0.000000,0.210168,0.221243,2433,0,1081.36,1822568,1822508,711,67597,SUCCESS,93258,0,warm20,683776,20052296,155545888,29751808,,,,,12529,15697,used,,,,20260905-1028
2026-09-05 13:46:52,HAUSP-UB,C8T1S5I8N5K,88,0,0.000200,0.000,0.008,43249167,42955,8,822,831,3,37,35,1847595,45970,1738736,12600,0.000000,0.210380,0.221475,2454,0,1081.36,1810372,1810296,711,67682,SUCCESS,93263,0,warm20,640256,20227840,155545888,30078848,,,,,12600,15596,used,,,,20260905-1028
2026-09-05 13:46:53,HAUSP-UB,C8T1S5I8N5K,89,0,0.000200,0.000,0.008,43639417,43336,9,826,835,3,36,35,1842299,45961,1733907,12637,0.000000,0.209871,0.221014,2455,0,1085.41,1805082,1805053,655,67702,SUCCESS,92895,0,warm20,763392,20409200,155545888,30280832,,,,,12636,15496,used,,,,20260905-1028
2026-09-05 13:46:54,HAUSP-UB,C8T1S5I8N5K,90,0,0.000200,0.000,0.008,44032208,43717,9,831,840,3,37,35,1833259,46068,1725075,12584,0.000000,0.210232,0.221352,2451,0,1085.41,1796091,1796043,683,67767,SUCCESS,92649,0,warm20,696064,20593424,155545888,30579840,,,,,12583,15534,used,,,,20260905-1028
2026-09-05 13:46:54,HAUSP-UB,C8T1S5I8N5K,91,0,0.000200,0.000,0.008,44399967,44098,8,835,843,3,37,36,1833982,46110,1725775,12598,0.000000,0.210198,0.221256,2431,0,1093.41,1796879,1796857,640,67788,SUCCESS,92760,0,warm20,760832,20767320,155545888,30780032,,,,,12597,15446,used,,,,20260905-1028
2026-09-05 13:46:55,HAUSP-UB,C8T1S5I8N5K,92,0,0.000200,0.000,0.008,44779784,44479,8,840,848,3,36,35,1852968,46189,1745384,12544,0.000000,0.209645,0.220793,2415,0,1093.41,1815810,1815768,661,67819,SUCCESS,92025,0,warm20,769280,20943960,155545888,30970368,,,,,12544,15559,used,,,,20260905-1028
2026-09-05 13:46:56,HAUSP-UB,C8T1S5I8N5K,93,0,0.000200,0.000,0.008,45163101,44860,9,831,840,3,36,35,1850814,46282,1743784,12546,0.000000,0.208900,0.220095,2417,0,1093.41,1813769,1813653,746,67932,SUCCESS,91522,0,warm20,632320,21125472,155545888,31331328,,,,,12546,15508,used,,,,20260905-1028
2026-09-05 13:46:57,HAUSP-UB,C8T1S5I8N5K,94,0,0.000200,0.000,0.008,45537311,45241,8,838,847,3,36,35,1859609,46450,1752691,12490,0.000000,0.209324,0.220521,2509,0,1093.41,1822578,1822480,731,68026,SUCCESS,91369,0,warm20,680704,21298872,155545888,31643776,,,,,12490,15549,used,,,,20260905-1028
2026-09-05 13:46:58,HAUSP-UB,C8T1S5I8N5K,95,0,0.000200,0.000,0.008,45914685,45622,8,841,850,3,36,35,1853860,46519,1747617,12452,0.000000,0.209073,0.220344,2472,0,1093.41,1816750,1816710,677,68068,SUCCESS,90640,0,warm20,804096,21474952,155545888,31864064,,,,,12452,15603,used,,,,20260905-1028
2026-09-05 13:46:59,HAUSP-UB,C8T1S5I8N5K,96,0,0.000200,0.000,0.008,46297846,46003,8,868,877,3,36,35,1876799,46605,1769330,12436,0.000000,0.209667,0.220797,2565,0,1101.41,1839549,1839482,702,68126,SUCCESS,91681,0,warm20,777216,21655168,155545888,32149504,,,,,12435,15787,used,,,,20260905-1028
2026-09-05 13:47:00,HAUSP-UB,C8T1S5I8N5K,97,0,0.000200,0.000,0.008,46661169,46384,8,881,890,3,37,35,1906440,46710,1798979,12382,0.000000,0.209211,0.220245,2642,0,1101.41,1869207,1869175,676,68169,SUCCESS,91643,0,warm20,835072,21831016,155545888,32407936,,,,,12381,15817,used,,,,20260905-1028
2026-09-05 13:47:00,HAUSP-UB,C8T1S5I8N5K,98,0,0.000200,0.000,0.008,47042336,46765,9,883,892,3,36,35,1904212,46670,1797074,12464,0.000000,0.209268,0.220384,2654,0,1101.41,1866955,1866916,672,68191,SUCCESS,91379,0,warm20,856320,22011424,155545888,32586368,,,,,12463,15758,used,,,,20260905-1028
2026-09-05 13:47:01,HAUSP-UB,C8T1S5I8N5K,99,0,0.000200,0.000,0.008,47416411,47133,8,880,889,3,36,35,1906734,46615,1799929,12578,0.000000,0.208598,0.219840,2623,0,1101.41,1869484,1869423,711,68240,SUCCESS,91130,0,warm20,844288,22186560,155545888,32830080,,,,,12577,15674,used,,,,20260905-1028
2026-09-05 13:47:02,HAUSP-UB,C8T1S5I8N5K,0,1,0.000200,0.000,0.200,9488535,9427,107,553,660,7,65,60,3612852,29541,3444071,11833,0.000000,0.242125,0.250202,6075,0,799.25,3628532,3576629,51903,51042,SUCCESS,154920,0,warm20,146176,4438664,121991456,7045632,,,,,11833,13861,used,,,,20260905-1028
2026-09-05 13:47:03,HAUSP-UB,C8T1S5I8N5K,1,1,0.000200,0.000,0.008,9860531,9808,8,563,571,3,65,60,3752192,30066,3582297,12000,0.000000,0.237696,0.245698,5885,0,833.06,3717298,3716544,1615,51737,SUCCESS,155976,0,warm20,164352,4617128,121991456,7247360,,,,,11999,13918,used,,,,20260905-1028
2026-09-05 13:47:04,HAUSP-UB,C8T1S5I8N5K,2,1,0.000200,0.000,0.008,10237847,10189,8,548,556,3,62,58,3524441,30542,3361150,12194,0.000000,0.234296,0.242583,6216,0,834.65,3489408,3488898,1430,52280,SUCCESS,149453,0,warm20,48384,4791456,121991456,7430144,,,,,12194,13838,used,,,,20260905-1028
2026-09-05 13:47:04,HAUSP-UB,C8T1S5I8N5K,3,1,0.000200,0.000,0.008,10612071,10570,8,527,535,3,58,54,3380501,31048,3226964,12185,0.000000,0.228170,0.236997,5710,0,868.91,3345253,3344690,1450,52849,SUCCESS,139521,0,warm20,156544,4970664,121991456,7619712,,,,,12185,14016,used,,,,20260905-1028
2026-09-05 13:47:05,HAUSP-UB,C8T1S5I8N5K,4,1,0.000200,0.000,0.008,10998812,10951,8,515,523,3,55,51,3233089,31726,3086462,12109,0.000000,0.226342,0.235631,6197,0,902.98,3197702,3197120,1463,53454,SUCCESS,132363,0,warm20,153600,5152944,121991456,7827840,,,,,12109,14264,used,,,,20260905-1028
2026-09-05 13:47:05,HAUSP-UB,C8T1S5I8N5K,5,1,0.000200,0.000,0.008,11372679,11332,8,547,556,3,57,53,3475820,32155,3323087,12156,0.000000,0.226990,0.235812,7077,0,904.32,3440325,3439962,1221,53903,SUCCESS,138537,0,warm20,140800,5331472,121991456,8018688,,,,,12156,14196,used,,,,20260905-1028
2026-09-05 13:47:06,HAUSP-UB,C8T1S5I8N5K,6,1,0.000200,0.000,0.008,11751454,11713,8,551,560,3,57,53,3336704,32735,3184743,12153,0.000000,0.230918,0.239665,7171,0,905.97,3301355,3300827,1300,54412,SUCCESS,137779,0,warm20,147456,5510936,121991456,8233216,,,,,12152,14181,used,,,,20260905-1028
2026-09-05 13:47:06,HAUSP-UB,C8T1S5I8N5K,7,1,0.000200,0.000,0.008,12140855,12094,8,557,566,3,55,52,3248019,33178,3099768,12064,0.000000,0.228017,0.236853,7532,0,907.40,3212500,3212183,1108,54782,SUCCESS,133964,0,warm20,146560,5695640,121991456,8409984,,,,,12062,14285,used,,,,20260905-1028
2026-09-05 13:47:07,HAUSP-UB,C8T1S5I8N5K,8,1,0.000200,0.000,0.008,12513750,12475,8,573,581,3,56,51,3432989,33476,3285719,12090,0.000000,0.227410,0.236284,7536,0,908.48,3397410,3396989,1159,55144,SUCCESS,132994,0,warm20,139264,5871568,121991456,8568832,,,,,12087,14273,used,,,,20260905-1028
2026-09-05 13:47:08,HAUSP-UB,C8T1S5I8N5K,9,1,0.000200,0.000,0.008,12914821,12856,8,571,580,3,54,51,3369243,33876,3224101,12273,0.000000,0.226828,0.235741,6698,0,910.22,3333643,3333178,1262,55607,SUCCESS,130810,0,warm20,154624,6057256,121991456,8769280,,,,,12273,14332,used,,,,20260905-1028
2026-09-05 13:47:08,HAUSP-UB,C8T1S5I8N5K,10,1,0.000200,0.000,0.008,13305508,13237,9,561,570,3,53,49,3173542,34219,3031644,12117,0.000000,0.229812,0.238973,6517,0,911.48,3137802,3137445,1156,55958,SUCCESS,127546,0,warm20,188544,6243312,121991456,8955648,,,,,12117,14352,used,,,,20260905-1028
2026-09-05 13:47:09,HAUSP-UB,C8T1S5I8N5K,11,1,0.000200,0.000,0.008,13706693,13618,10,557,567,3,51,47,3070601,34549,2932849,12052,0.000000,0.227637,0.237020,6096,0,945.83,3034720,3034367,1158,56307,SUCCESS,123280,0,warm20,206720,6431616,121991456,9200768,,,,,12052,14472,used,,,,20260905-1028
2026-09-05 13:47:09,HAUSP-UB,C8T1S5I8N5K,12,1,0.000200,0.000,0.008,14085848,13999,9,557,567,3,51,48,3010485,35042,2872623,11982,0.000000,0.228250,0.237569,5787,0,947.63,2974671,2974262,1218,56710,SUCCESS,123312,0,warm20,190720,6610496,121991456,9446272,,,,,11981,14549,used,,,,20260905-1028
2026-09-05 13:47:10,HAUSP-UB,C8T1S5I8N5K,13,1,0.000200,0.000,0.008,14448564,14380,8,558,567,3,51,47,3004553,35392,2867592,12058,0.000000,0.227435,0.236863,5569,0,949.32,2968636,2968312,1139,57036,SUCCESS,122362,0,warm20,63872,6780176,121991456,9694336,,,,,12058,14599,used,,,,20260905-1028
2026-09-05 13:47:10,HAUSP-UB,C8T1S5I8N5K,14,1,0.000200,0.000,0.008,14856850,14761,8,564,573,3,49,46,3005651,35647,2870717,12053,0.000000,0.224811,0.234281,5314,0,950.73,2969651,2969423,1041,57288,SUCCESS,120323,0,warm20,206720,6962912,121991456,9929984,,,,,12053,14611,used,,,,20260905-1028
2026-09-05 13:47:11,HAUSP-UB,C8T1S5I8N5K,15,1,0.000200,0.000,0.008,15236031,15142,9,584,593,3,50,47,3033988,36097,2896886,12025,0.000000,0.228268,0.237569,5751,0,952.63,2998038,2997655,1172,57648,SUCCESS,122343,0,warm20,183808,7143944,121991456,10180992,,,,,12025,14759,used,,,,20260905-1028
2026-09-05 13:47:12,HAUSP-UB,C8T1S5I8N5K,16,1,0.000200,0.000,0.008,15637254,15523,9,585,594,3,49,46,2948645,36330,2814951,12122,0.000000,0.224966,0.234524,5143,0,987.14,2912543,2912230,1125,57975,SUCCESS,118910,0,warm20,215296,7330432,121991456,10433024,,,,,12122,14784,used,,,,20260905-1028
2026-09-05 13:47:12,HAUSP-UB,C8T1S5I8N5K,17,1,0.000200,0.000,0.008,16001183,15904,8,576,585,3,48,45,2882667,36591,2750992,12142,0.000000,0.222118,0.231765,4765,0,988.62,2846627,2846324,1101,58297,SUCCESS,117019,0,warm20,215040,7502376,121991456,10681088,,,,,12142,14656,used,,,,20260905-1028
2026-09-05 13:47:13,HAUSP-UB,C8T1S5I8N5K,18,1,0.000200,0.000,0.008,16376279,16285,9,575,584,3,47,44,2859925,36998,2730765,12206,0.000000,0.219953,0.229830,5394,0,990.49,2823809,2823468,1120,58646,SUCCESS,114343,0,warm20,208384,7678848,121991456,10952960,,,,,12206,14817,used,,,,20260905-1028
2026-09-05 13:47:13,HAUSP-UB,C8T1S5I8N5K,19,1,0.000200,0.000,0.008,16736060,16666,8,576,584,3,46,43,2832989,37220,2705867,12254,0.000000,0.218374,0.228370,5316,0,991.98,2796816,2796533,1054,58906,SUCCESS,112375,0,warm20,222976,7852504,121991456,11196032,,,,,12254,14747,used,,,,20260905-1028
2026-09-05 13:47:14,HAUSP-UB,C8T1S5I8N5K,20,1,0.000200,0.000,0.008,17118756,17047,9,580,590,3,46,43,2817429,37451,2690151,12522,0.000000,0.220278,0.230268,5733,0,993.38,2781308,2781089,1013,59174,SUCCESS,112611,0,warm20,197120,8034672,121991456,11446272,,,,,12521,14666,used,,,,20260905-1028
2026-09-05 13:47:15,HAUSP-UB,C8T1S5I8N5K,21,1,0.000200,0.000,0.008,17469367,17428,9,579,588,3,45,43,2752795,37715,2626322,12413,0.000000,0.222887,0.232929,5511,0,995.13,2716541,2716296,990,59428,SUCCESS,111678,0,warm20,215168,8202512,121991456,11689088,,,,,12413,14795,used,,,,20260905-1028
2026-09-05 13:47:15,HAUSP-UB,C8T1S5I8N5K,22,1,0.000200,0.000,0.008,17882077,17809,9,588,597,3,46,43,2760701,37908,2633384,12509,0.000000,0.228367,0.238388,5460,0,996.61,2724532,2724242,1026,59702,SUCCESS,112668,0,warm20,219264,8385152,121991456,11962496,,,,,12509,14649,used,,,,20260905-1028
2026-09-05 13:47:16,HAUSP-UB,C8T1S5I8N5K,23,1,0.000200,0.000,0.008,18263919,18190,8,587,596,3,46,43,2674072,38130,2547352,12394,0.000000,0.229087,0.239104,5224,0,998.06,2637683,2637573,862,59827,SUCCESS,111903,0,warm20,216576,8557848,121991456,12196096,,,,,12394,14817,used,,,,20260905-1028
2026-09-05 13:47:16,HAUSP-UB,C8T1S5I8N5K,24,1,0.000200,0.000,0.008,18657262,18571,9,585,594,3,45,42,2599510,38368,2474078,12432,0.000000,0.227734,0.237792,4981,0,1033.53,2563073,2562854,956,60028,SUCCESS,110454,0,warm20,220544,8733584,121991456,12433920,,,,,12432,14978,used,,,,20260905-1028
2026-09-05 13:47:17,HAUSP-UB,C8T1S5I8N5K,25,1,0.000200,0.000,0.008,19053088,18952,9,587,596,3,45,42,2567505,38559,2441875,12496,0.000000,0.225591,0.235706,4603,0,1035.02,2531014,2530826,943,60238,SUCCESS,110608,0,warm20,219264,8910952,121991456,12656512,,,,,12496,15022,used,,,,20260905-1028
2026-09-05 13:47:18,HAUSP-UB,C8T1S5I8N5K,26,1,0.000200,0.000,0.008,19437911,19333,9,581,591,3,44,42,2501544,38748,2378106,12583,0.000000,0.223253,0.233469,4467,0,1070.26,2465009,2464751,991,60491,SUCCESS,108392,0,warm20,231296,9094976,121991456,12941056,,,,,12582,15045,used,,,,20260905-1028
2026-09-05 13:47:18,HAUSP-UB,C8T1S5I8N5K,27,1,0.000200,0.000,0.008,19822113,19714,9,588,597,3,44,41,2521889,39076,2398175,12549,0.000000,0.224955,0.235073,4548,0,1071.98,2485353,2485068,1023,60769,SUCCESS,108593,0,warm20,213760,9274248,121991456,13209216,,,,,12549,15121,used,,,,20260905-1028
2026-09-05 13:47:19,HAUSP-UB,C8T1S5I8N5K,28,1,0.000200,0.000,0.008,20208654,20095,9,592,602,3,43,42,2442262,39402,2319204,12538,0.000000,0.224785,0.234919,4279,0,1107.04,2405594,2405373,966,61018,SUCCESS,107757,0,warm20,219776,9458160,121991456,13486848,,,,,12538,15301,used,,,,20260905-1028
2026-09-05 13:47:19,HAUSP-UB,C8T1S5I8N5K,29,1,0.000200,0.000,0.008,20585609,20476,20,580,600,3,43,41,2419201,39513,2297442,12587,0.000000,0.224005,0.234200,4122,0,1204.55,2382434,2382273,878,61192,SUCCESS,106496,0,warm20,217088,9636608,155545888,13741056,,,,,12586,15262,used,,,,20260905-1028
2026-09-05 13:47:20,HAUSP-UB,C8T1S5I8N5K,30,1,0.000200,0.000,0.008,20988516,20857,8,588,597,3,43,41,2402627,39644,2279962,12740,0.000000,0.221895,0.232057,3896,0,1206.58,2365889,2365644,949,61432,SUCCESS,107475,0,warm20,215040,9820600,155545888,13992448,,,,,12740,15190,used,,,,20260905-1028
2026-09-05 13:47:21,HAUSP-UB,C8T1S5I8N5K,31,1,0.000200,0.000,0.008,21379871,21238,8,588,597,3,42,41,2395101,39803,2273674,12701,0.000000,0.220593,0.230843,3722,0,1207.98,2358415,2358248,876,61610,SUCCESS,106369,0,warm20,209920,10003416,155545888,14260096,,,,,12700,15057,used,,,,20260905-1028
2026-09-05 13:47:21,HAUSP-UB,C8T1S5I8N5K,32,1,0.000200,0.000,0.008,21758395,21619,8,605,614,3,43,41,2426043,39943,2304165,12691,0.000000,0.218774,0.228937,3512,0,1209.41,2389264,2389111,851,61749,SUCCESS,106766,0,warm20,211712,10180208,155545888,14498816,,,,,12691,15112,used,,,,20260905-1028
2026-09-05 13:47:22,HAUSP-UB,C8T1S5I8N5K,33,1,0.000200,0.000,0.008,22151372,22000,8,658,667,3,46,44,2371239,40143,2250692,12563,0.000000,0.218520,0.228787,3756,0,1245.09,2334338,2334172,878,61916,SUCCESS,105252,0,warm20,221952,10365864,155545888,14761984,,,,,12563,15295,used,,,,20260905-1028
2026-09-05 13:47:22,HAUSP-UB,C8T1S5I8N5K,34,1,0.000200,0.000,0.008,22537156,22381,8,656,665,3,46,43,2330903,40324,2210836,12559,0.000000,0.219333,0.229724,3758,0,1246.68,2294067,2293941,837,62067,SUCCESS,104823,0,warm20,216448,10544520,155545888,15013376,,,,,12559,15244,used,,,,20260905-1028
2026-09-05 13:47:23,HAUSP-UB,C8T1S5I8N5K,35,1,0.000200,0.000,0.008,22909920,22762,8,614,623,3,42,41,2341688,40414,2221234,12660,0.000000,0.222019,0.232317,3731,0,1247.98,2304861,2304693,854,62225,SUCCESS,105280,0,warm20,222336,10721192,155545888,15252864,,,,,12660,15174,used,,,,20260905-1028
2026-09-05 13:47:24,HAUSP-UB,C8T1S5I8N5K,36,1,0.000200,0.000,0.008,23320068,23143,8,617,626,3,43,40,2314985,40715,2194808,12522,0.000000,0.220600,0.230807,3641,0,1250.41,2278088,2277940,844,62410,SUCCESS,104788,0,warm20,210304,10905520,155545888,15499264,,,,,12520,15387,used,,,,20260905-1028
2026-09-05 13:47:24,HAUSP-UB,C8T1S5I8N5K,37,1,0.000200,0.000,0.008,23698370,23524,8,615,623,3,42,40,2300308,40903,2181397,12491,0.000000,0.219310,0.229596,3515,0,1251.75,2263355,2263201,813,62569,SUCCESS,103461,0,warm20,212864,11082248,155545888,15758336,,,,,12487,15446,used,,,,20260905-1028
2026-09-05 13:47:25,HAUSP-UB,C8T1S5I8N5K,38,1,0.000200,0.000,0.008,24100790,23905,8,617,626,3,41,39,2292369,41080,2174497,12535,0.000000,0.217467,0.227800,3291,0,1287.00,2255335,2255093,896,62797,SUCCESS,102326,0,warm20,222208,11268248,155545888,16012672,,,,,12534,15545,used,,,,20260905-1028
2026-09-05 13:47:26,HAUSP-UB,C8T1S5I8N5K,39,1,0.000200,0.000,0.008,24494244,24286,9,616,625,3,41,39,2253566,41284,2136949,12520,0.000000,0.214483,0.224958,3104,0,1323.17,2216374,2216199,843,62974,SUCCESS,100937,0,warm20,217984,11458160,155545888,16271360,,,,,12519,15679,used,,,,20260905-1028
2026-09-05 13:47:26,HAUSP-UB,C8T1S5I8N5K,40,1,0.000200,0.000,0.008,24862589,24667,8,613,622,3,40,39,2235959,41495,2119602,12514,0.000000,0.214408,0.224859,2983,0,1324.65,2198808,2198612,862,63177,SUCCESS,100684,0,warm20,219392,11634336,155545888,16525952,,,,,12513,15672,used,,,,20260905-1028
2026-09-05 13:47:27,HAUSP-UB,C8T1S5I8N5K,41,1,0.000200,0.000,0.008,25264734,25048,8,619,627,3,40,39,2232592,41648,2116343,12545,0.000000,0.214067,0.224497,2906,0,1326.08,2195400,2195352,707,63275,SUCCESS,100584,0,warm20,229888,11818840,155545888,16741632,,,,,12543,15663,used,,,,20260905-1028
2026-09-05 13:47:27,HAUSP-UB,C8T1S5I8N5K,42,1,0.000200,0.000,0.008,25654120,25429,8,623,632,3,40,39,2225041,41796,2108906,12548,0.000000,0.213467,0.223934,2835,0,1328.28,2187930,2187762,777,63431,SUCCESS,100499,0,warm20,243456,12004304,155545888,17029248,,,,,12544,15632,used,,,,20260905-1028
2026-09-05 13:47:28,HAUSP-UB,C8T1S5I8N5K,43,1,0.000200,0.000,0.008,26046150,25810,9,637,646,3,41,39,2272948,41872,2156659,12582,0.000000,0.212566,0.223110,2897,0,1329.68,2235844,2235668,797,63605,SUCCESS,100742,0,warm20,169600,12185704,155545888,17303680,,,,,12580,15545,used,,,,20260905-1028
2026-09-05 13:47:29,HAUSP-UB,C8T1S5I8N5K,44,1,0.000200,0.000,0.008,26432947,26191,8,646,655,3,41,39,2282351,42011,2165525,12643,0.000000,0.213256,0.223705,2697,0,1331.27,2245235,2245107,751,63728,SUCCESS,101303,0,warm20,258688,12366504,155545888,17587840,,,,,12642,15522,used,,,,20260905-1028
2026-09-05 13:47:29,HAUSP-UB,C8T1S5I8N5K,45,1,0.000200,0.000,0.008,26847057,26572,9,653,662,3,41,39,2276549,42143,2159745,12645,0.000000,0.212103,0.222663,2736,0,1333.36,2239431,2239263,796,63890,SUCCESS,101271,0,warm20,243456,12559136,155545888,17852288,,,,,12645,15533,used,,,,20260905-1028
2026-09-05 13:47:30,HAUSP-UB,C8T1S5I8N5K,46,1,0.000200,0.000,0.008,27199889,26953,8,664,672,3,41,39,2327965,42374,2210613,12509,0.000000,0.212747,0.223209,2876,0,1334.79,2290839,2290701,772,64016,SUCCESS,101741,0,warm20,253696,12727040,155545888,18105984,,,,,12508,15610,used,,,,20260905-1028
2026-09-05 13:47:31,HAUSP-UB,C8T1S5I8N5K,47,1,0.000200,0.000,0.008,27579163,27334,8,671,680,3,41,39,2313273,42552,2196201,12422,0.000000,0.212044,0.222432,2901,0,1336.51,2276122,2276044,724,64116,SUCCESS,101384,0,warm20,261632,12903296,155545888,18332160,,,,,12421,15687,used,,,,20260905-1028
2026-09-05 13:47:32,HAUSP-UB,C8T1S5I8N5K,48,1,0.000200,0.000,0.008,27972766,27715,8,683,692,3,41,39,2314916,42713,2197257,12422,0.000000,0.212883,0.223201,2982,0,1338.76,2277842,2277739,727,64227,SUCCESS,101987,0,warm20,282752,13086704,155545888,18589952,,,,,12421,15671,used,,,,20260905-1028
2026-09-05 13:47:32,HAUSP-UB,C8T1S5I8N5K,49,1,0.000200,0.000,0.008,28365723,28096,8,687,696,3,41,39,2346415,42855,2229157,12289,0.000000,0.213413,0.223660,3165,0,1340.10,2309361,2309237,740,64339,SUCCESS,101576,0,warm20,304384,13267080,155545888,18852480,,,,,12289,15682,used,,,,20260905-1028
2026-09-05 13:47:33,HAUSP-UB,C8T1S5I8N5K,50,1,0.000200,0.000,0.008,28747973,28477,8,692,701,3,41,39,2325467,42932,2208731,12298,0.000000,0.212932,0.223195,3190,0,1341.57,2288526,2288378,776,64450,SUCCESS,101201,0,warm20,331136,13443056,155545888,19088384,,,,,12297,15534,used,,,,20260905-1028
2026-09-05 13:47:34,HAUSP-UB,C8T1S5I8N5K,51,1,0.000200,0.000,0.008,29148674,28858,9,694,704,3,41,39,2281457,43118,2164962,12243,0.000000,0.213432,0.223667,3606,0,815.03,2244525,2244431,759,64555,SUCCESS,100894,0,warm20,235520,13626880,155545888,19343104,,,,,12242,15600,used,,,,20260905-1028
2026-09-05 13:47:34,HAUSP-UB,C8T1S5I8N5K,52,1,0.000200,0.000,0.008,29538239,29239,8,687,696,3,41,38,2228816,43208,2113070,12292,0.000000,0.213133,0.223470,3511,0,820.24,2191830,2191720,764,64675,SUCCESS,100107,0,warm20,217216,13810048,155545888,19603712,,,,,12292,15639,used,,,,20260905-1028
2026-09-05 13:47:35,HAUSP-UB,C8T1S5I8N5K,53,1,0.000200,0.000,0.008,29906147,29620,8,689,698,3,41,38,2205992,43291,2090151,12296,0.000000,0.212974,0.223325,3391,0,820.24,2169000,2168903,741,64767,SUCCESS,100233,0,warm20,245248,13984888,155545888,19842048,,,,,12296,15608,used,,,,20260905-1028
2026-09-05 13:47:36,HAUSP-UB,C8T1S5I8N5K,54,1,0.000200,0.000,0.008,30291495,30001,8,688,697,3,39,38,2166475,43343,2051302,12365,0.000000,0.212301,0.222748,3264,0,820.24,2129376,2129282,743,64847,SUCCESS,99498,0,warm20,277504,14163112,155545888,20054272,,,,,12365,15675,used,,,,20260905-1028
2026-09-05 13:47:36,HAUSP-UB,C8T1S5I8N5K,55,1,0.000200,0.000,0.008,30683235,30382,8,689,697,3,40,38,2159580,43457,2044916,12312,0.000000,0.211595,0.222085,3174,0,820.24,2122482,2122405,740,64932,SUCCESS,98955,0,warm20,295552,14345792,155545888,20302848,,,,,12311,15708,used,,,,20260905-1028
2026-09-05 13:47:37,HAUSP-UB,C8T1S5I8N5K,56,1,0.000200,0.000,0.008,31050500,30763,8,689,698,3,39,38,2129950,43445,2016117,12393,0.000000,0.211427,0.222059,3135,0,823.03,2092916,2092868,703,64986,SUCCESS,98283,0,warm20,323840,14522416,155545888,20520448,,,,,12390,15547,used,,,,20260905-1028
2026-09-05 13:47:38,HAUSP-UB,C8T1S5I8N5K,57,1,0.000200,0.000,0.008,31397327,31144,8,687,695,3,39,38,2103397,43545,1990438,12410,0.000000,0.211145,0.221871,3034,0,831.03,2066375,2066278,746,65101,SUCCESS,97375,0,warm20,404352,14690744,155545888,20806656,,,,,12407,15581,used,,,,20260905-1028
2026-09-05 13:47:39,HAUSP-UB,C8T1S5I8N5K,58,1,0.000200,0.000,0.008,31771532,31525,8,679,688,3,38,37,2070401,43605,1958188,12443,0.000000,0.211496,0.222327,3040,0,831.03,2033336,2033228,739,65215,SUCCESS,96641,0,warm20,243584,14869360,155545888,21111424,,,,,12440,15569,used,,,,20260905-1028
2026-09-05 13:47:39,HAUSP-UB,C8T1S5I8N5K,59,1,0.000200,0.000,0.008,32144335,31906,8,684,693,3,38,37,2071892,43782,1959553,12411,0.000000,0.211165,0.221901,2918,0,831.03,2034868,2034732,761,65347,SUCCESS,96748,0,warm20,230144,15042672,155545888,21452544,,,,,12411,15591,used,,,,20260905-1028
2026-09-05 13:47:40,HAUSP-UB,C8T1S5I8N5K,60,1,0.000200,0.000,0.008,32548859,32287,8,699,708,3,39,38,2109462,43917,1996386,12379,0.000000,0.211540,0.222233,3066,0,831.03,2072420,2072286,763,65446,SUCCESS,97464,0,warm20,273664,15228392,155545888,21761152,,,,,12379,15612,used,,,,20260905-1028
2026-09-05 13:47:41,HAUSP-UB,C8T1S5I8N5K,61,1,0.000200,0.000,0.008,32946105,32668,8,705,714,3,40,38,2082991,44023,1969182,12399,0.000000,0.212110,0.222752,3028,0,831.03,2045928,2045858,734,65531,SUCCESS,98168,0,warm20,344064,15410552,155545888,22046976,,,,,12398,15640,used,,,,20260905-1028
2026-09-05 13:47:41,HAUSP-UB,C8T1S5I8N5K,62,1,0.000200,0.000,0.008,33335321,33049,8,705,713,3,39,38,2050752,44197,1937266,12381,0.000000,0.212629,0.223201,2938,0,839.03,2013723,2013611,761,65674,SUCCESS,97791,0,warm20,265344,15588880,155545888,22419456,,,,,12381,15695,used,,,,20260905-1028
2026-09-05 13:47:42,HAUSP-UB,C8T1S5I8N5K,63,1,0.000200,0.000,0.008,33722190,33430,9,711,720,3,39,37,2056041,44261,1942676,12419,0.000000,0.213888,0.224489,2955,0,839.03,2018892,2018751,759,65779,SUCCESS,97628,0,warm20,284032,15770696,155545888,22736896,,,,,12418,15736,used,,,,20260905-1028
2026-09-05 13:47:43,HAUSP-UB,C8T1S5I8N5K,64,1,0.000200,0.000,0.008,34102757,33811,8,711,719,3,39,37,2022958,44338,1910296,12457,0.000000,0.213898,0.224623,2871,0,839.03,1985866,1985741,779,65908,SUCCESS,97009,0,warm20,287232,15945592,155545888,23085184,,,,,12455,15651,used,,,,20260905-1028
2026-09-05 13:47:44,HAUSP-UB,C8T1S5I8N5K,65,1,0.000200,0.000,0.008,34480042,34192,8,712,721,3,38,37,2004297,44403,1891737,12536,0.000000,0.213480,0.224156,2789,0,839.03,1967204,1967084,770,66026,SUCCESS,96971,0,warm20,301952,16120688,155545888,23448704,,,,,12535,15588,used,,,,20260905-1028
2026-09-05 13:47:44,HAUSP-UB,C8T1S5I8N5K,66,1,0.000200,0.000,0.008,34856177,34573,8,711,720,3,38,37,1991138,44545,1879254,12479,0.000000,0.213336,0.224117,2698,0,847.21,1953958,1953831,779,66152,SUCCESS,96184,0,warm20,301568,16294448,155545888,23804160,,,,,12478,15699,used,,,,20260905-1028
2026-09-05 13:47:45,HAUSP-UB,C8T1S5I8N5K,67,1,0.000200,0.000,0.008,35248911,34954,9,710,720,3,38,37,1986805,44587,1875699,12547,0.000000,0.212368,0.223206,2620,0,847.21,1949675,1949571,757,66264,SUCCESS,95541,0,warm20,328576,16481344,155545888,24186752,,,,,12547,15565,used,,,,20260905-1028
2026-09-05 13:47:46,HAUSP-UB,C8T1S5I8N5K,68,1,0.000200,0.000,0.008,35625465,35335,8,712,721,3,38,37,1960119,44764,1849369,12463,0.000000,0.212246,0.223025,2554,0,847.21,1923028,1922943,730,66366,SUCCESS,95159,0,warm20,373888,16657608,155545888,24513536,,,,,12463,15591,used,,,,20260905-1028
2026-09-05 13:47:46,HAUSP-UB,C8T1S5I8N5K,69,1,0.000200,0.000,0.008,36012354,35716,8,709,717,3,38,36,1930359,44781,1820763,12518,0.000000,0.211519,0.222519,2554,0,847.21,1893224,1893154,698,66424,SUCCESS,94046,0,warm20,452096,16835688,155545888,24780416,,,,,12518,15550,used,,,,20260905-1028
2026-09-05 13:47:47,HAUSP-UB,C8T1S5I8N5K,70,1,0.000200,0.000,0.008,36402179,36097,8,715,724,3,37,36,1975864,44877,1866356,12511,0.000000,0.211474,0.222410,2518,0,855.03,1938746,1938650,736,66504,SUCCESS,93936,0,warm20,643712,17022200,155545888,25042560,,,,,12510,15571,used,,,,20260905-1028
2026-09-05 13:47:48,HAUSP-UB,C8T1S5I8N5K,71,1,0.000200,0.000,0.008,36796212,36478,9,714,723,3,37,36,1944268,44971,1835008,12535,0.000000,0.212026,0.222974,2562,0,855.03,1907144,1907060,740,66586,SUCCESS,93668,0,warm20,502656,17202968,155545888,25369472,,,,,12534,15591,used,,,,20260905-1028
2026-09-05 13:47:49,HAUSP-UB,C8T1S5I8N5K,72,1,0.000200,0.000,0.008,37177330,36859,8,714,723,3,37,36,1935304,45091,1826400,12476,0.000000,0.211687,0.222630,2519,0,855.03,1898161,1898069,750,66669,SUCCESS,93247,0,warm20,516352,17383608,155545888,25687424,,,,,12467,15648,used,,,,20260905-1028
2026-09-05 13:47:49,HAUSP-UB,C8T1S5I8N5K,73,1,0.000200,0.000,0.008,37549228,37240,8,728,737,3,37,36,1951249,45147,1842274,12487,0.000000,0.211191,0.222119,2480,0,855.03,1914104,1914047,724,66711,SUCCESS,93345,0,warm20,628096,17558472,155545888,25915008,,,,,12480,15623,used,,,,20260905-1028
2026-09-05 13:47:50,HAUSP-UB,C8T1S5I8N5K,74,1,0.000200,0.000,0.008,37929817,37621,8,727,735,3,37,36,1915521,45144,1806531,12530,0.000000,0.210855,0.221896,2451,0,855.03,1878453,1878391,744,66770,SUCCESS,93489,0,warm20,641024,17738584,155545888,26206464,,,,,12530,15501,used,,,,20260905-1028
2026-09-05 13:47:51,HAUSP-UB,C8T1S5I8N5K,75,1,0.000200,0.000,0.008,38317022,38002,8,745,754,3,37,36,1933664,45217,1824287,12553,0.000000,0.211156,0.222124,2489,0,863.03,1896586,1896514,757,66853,SUCCESS,93850,0,warm20,608000,17918928,155545888,26525312,,,,,12551,15525,used,,,,20260905-1028
2026-09-05 13:47:52,HAUSP-UB,C8T1S5I8N5K,76,1,0.000200,0.000,0.008,38681308,38383,8,748,756,3,37,36,1943603,45268,1834472,12527,0.000000,0.210600,0.221573,2455,0,863.03,1906506,1906456,724,66900,SUCCESS,93615,0,warm20,665600,18092920,155545888,26769408,,,,,12523,15512,used,,,,20260905-1028
2026-09-05 13:47:52,HAUSP-UB,C8T1S5I8N5K,77,1,0.000200,0.000,0.008,39054424,38764,8,748,757,3,37,36,1916010,45493,1806996,12390,0.000000,0.210584,0.221565,2481,0,863.03,1878937,1878854,760,67000,SUCCESS,93343,0,warm20,576256,18267208,155545888,27150720,,,,,12385,15666,used,,,,20260905-1028
2026-09-05 13:47:53,HAUSP-UB,C8T1S5I8N5K,78,1,0.000200,0.000,0.008,39411343,39145,8,750,759,3,37,36,1909490,45462,1800491,12522,0.000000,0.211543,0.222635,2527,0,863.03,1872312,1872260,712,67045,SUCCESS,93356,0,warm20,665344,18437224,155545888,27389824,,,,,12519,15640,used,,,,20260905-1028
2026-09-05 13:47:54,HAUSP-UB,C8T1S5I8N5K,79,1,0.000200,0.000,0.008,39780981,39526,8,765,774,3,37,36,1935829,45485,1826131,12514,0.000000,0.211343,0.222289,2581,0,871.03,1898674,1898654,687,67071,SUCCESS,94101,0,warm20,727808,18611288,155545888,27565312,,,,,12512,15595,used,,,,20260905-1028
2026-09-05 13:47:55,HAUSP-UB,C8T1S5I8N5K,80,1,0.000200,0.000,0.008,40169171,39907,8,774,782,3,38,36,1935944,45554,1826380,12516,0.000000,0.211643,0.222577,2552,0,871.03,1898793,1898740,714,67109,SUCCESS,93929,0,warm20,701184,18788752,155545888,27762176,,,,,12515,15634,used,,,,20260905-1028
2026-09-05 13:47:55,HAUSP-UB,C8T1S5I8N5K,81,1,0.000200,0.000,0.008,40555772,40288,8,772,781,3,37,36,1903014,45671,1793341,12470,0.000000,0.211267,0.222214,2574,0,871.03,1865947,1865860,763,67220,SUCCESS,94043,0,warm20,594688,18972952,155545888,28134784,,,,,12469,15629,used,,,,20260905-1028
2026-09-05 13:47:56,HAUSP-UB,C8T1S5I8N5K,82,1,0.000200,0.000,0.008,40937437,40669,8,773,782,3,37,36,1903088,45670,1793825,12492,0.000000,0.211200,0.222190,2542,0,871.03,1865902,1865873,681,67255,SUCCESS,93627,0,warm20,711936,19144488,155545888,28320640,,,,,12492,15636,used,,,,20260905-1028
2026-09-05 13:47:57,HAUSP-UB,C8T1S5I8N5K,83,1,0.000200,0.000,0.008,41314466,41050,8,773,782,3,37,36,1882456,45751,1773018,12474,0.000000,0.211025,0.222031,2516,0,871.03,1845267,1845194,719,67320,SUCCESS,93753,0,warm20,655104,19324552,155545888,28624640,,,,,12474,15685,used,,,,20260905-1028
2026-09-05 13:47:58,HAUSP-UB,C8T1S5I8N5K,84,1,0.000200,0.000,0.008,41724684,41431,9,783,792,3,37,36,1851419,45802,1742406,12472,0.000000,0.210757,0.221740,2489,0,879.03,1814276,1814199,731,67395,SUCCESS,93388,0,warm20,662528,19514248,155545888,28915584,,,,,12472,15625,used,,,,20260905-1028
2026-09-05 13:47:59,HAUSP-UB,C8T1S5I8N5K,85,1,0.000200,0.000,0.008,42093147,41812,8,790,799,3,37,36,1874060,45860,1764732,12469,0.000000,0.210801,0.221765,2440,0,879.03,1836766,1836726,696,67434,SUCCESS,93569,0,warm20,748544,19689608,155545888,29133824,,,,,12469,15759,used,,,,20260905-1028
2026-09-05 13:47:59,HAUSP-UB,C8T1S5I8N5K,86,1,0.000200,0.000,0.008,42494057,42193,9,804,813,3,37,36,1874137,45889,1764509,12525,0.000000,0.210856,0.221841,2493,0,879.03,1836793,1836712,738,67521,SUCCESS,93827,0,warm20,663040,19872936,155545888,29448192,,,,,12523,15799,used,,,,20260905-1028
2026-09-05 13:48:00,HAUSP-UB,C8T1S5I8N5K,87,1,0.000200,0.000,0.008,42876090,42574,8,797,806,3,37,36,1859842,45944,1750886,12530,0.000000,0.210168,0.221243,2433,0,879.03,1822568,1822508,711,67597,SUCCESS,93258,0,warm20,683776,20052296,155545888,29751808,,,,,12529,15697,used,,,,20260905-1028
2026-09-05 13:48:01,HAUSP-UB,C8T1S5I8N5K,88,1,0.000200,0.000,0.008,43249167,42955,8,798,807,3,37,36,1847595,45970,1738736,12600,0.000000,0.210380,0.221475,2454,0,887.03,1810372,1810296,711,67682,SUCCESS,93263,0,warm20,640256,20227840,155545888,30078848,,,,,12600,15596,used,,,,20260905-1028
2026-09-05 13:48:02,HAUSP-UB,C8T1S5I8N5K,89,1,0.000200,0.000,0.008,43639417,43336,9,802,811,3,37,36,1842299,45961,1733907,12637,0.000000,0.209871,0.221014,2455,0,887.03,1805082,1805053,655,67702,SUCCESS,92895,0,warm20,763392,20409200,155545888,30280832,,,,,12636,15496,used,,,,20260905-1028
2026-09-05 13:48:03,HAUSP-UB,C8T1S5I8N5K,90,1,0.000200,0.000,0.008,44032208,43717,9,803,812,3,37,36,1833259,46068,1725075,12584,0.000000,0.210232,0.221352,2451,0,887.03,1796091,1796043,683,67767,SUCCESS,92649,0,warm20,696064,20593424,155545888,30579840,,,,,12583,15534,used,,,,20260905-1028
2026-09-05 13:48:03,HAUSP-UB,C8T1S5I8N5K,91,1,0.000200,0.000,0.008,44399967,44098,8,811,819,3,37,36,1833982,46110,1725775,12598,0.000000,0.210198,0.221256,2431,0,887.03,1796879,1796857,640,67788,SUCCESS,92760,0,warm20,760832,20767320,155545888,30780032,,,,,12597,15446,used,,,,20260905-1028
2026-09-05 13:48:04,HAUSP-UB,C8T1S5I8N5K,92,1,0.000200,0.000,0.008,44779784,44479,8,818,827,3,37,35,1852968,46189,1745384,12544,0.000000,0.209645,0.220793,2415,0,895.03,1815810,1815768,661,67819,SUCCESS,92025,0,warm20,863744,20943960,155545888,30970368,,,,,12544,15559,used,,,,20260905-1028
2026-09-05 13:48:05,HAUSP-UB,C8T1S5I8N5K,93,1,0.000200,0.000,0.008,45163101,44860,9,806,815,3,36,35,1850814,46282,1743784,12546,0.000000,0.208900,0.220095,2417,0,895.03,1813769,1813653,746,67932,SUCCESS,91522,0,warm20,632320,21125472,155545888,31331328,,,,,12546,15508,used,,,,20260905-1028
2026-09-05 13:48:06,HAUSP-UB,C8T1S5I8N5K,94,1,0.000200,0.000,0.008,45537311,45241,8,815,824,3,36,35,1859609,46450,1752691,12490,0.000000,0.209324,0.220521,2509,0,895.03,1822578,1822480,731,68026,SUCCESS,91369,0,warm20,680704,21298872,155545888,31643776,,,,,12490,15549,used,,,,20260905-1028
2026-09-05 13:48:07,HAUSP-UB,C8T1S5I8N5K,95,1,0.000200,0.000,0.008,45914685,45622,8,816,825,3,36,35,1853860,46519,1747617,12452,0.000000,0.209073,0.220344,2472,0,895.03,1816750,1816710,677,68068,SUCCESS,90640,0,warm20,804096,21474952,155545888,31864064,,,,,12452,15603,used,,,,20260905-1028
2026-09-05 13:48:08,HAUSP-UB,C8T1S5I8N5K,96,1,0.000200,0.000,0.008,46297846,46003,8,835,844,3,36,35,1876799,46605,1769330,12436,0.000000,0.209667,0.220797,2565,0,903.03,1839549,1839482,702,68126,SUCCESS,91681,0,warm20,777216,21655168,155545888,32149504,,,,,12435,15787,used,,,,20260905-1028
2026-09-05 13:48:08,HAUSP-UB,C8T1S5I8N5K,97,1,0.000200,0.000,0.008,46661169,46384,8,851,860,3,37,35,1906440,46710,1798979,12382,0.000000,0.209211,0.220245,2642,0,903.03,1869207,1869175,676,68169,SUCCESS,91643,0,warm20,835072,21831016,155545888,32407936,,,,,12381,15817,used,,,,20260905-1028
2026-09-05 13:48:09,HAUSP-UB,C8T1S5I8N5K,98,1,0.000200,0.000,0.008,47042336,46765,8,851,860,3,36,35,1904212,46670,1797074,12464,0.000000,0.209268,0.220384,2654,0,903.03,1866955,1866916,672,68191,SUCCESS,91379,0,warm20,856320,22011424,155545888,32586368,,,,,12463,15758,used,,,,20260905-1028
2026-09-05 13:48:10,HAUSP-UB,C8T1S5I8N5K,99,1,0.000200,0.000,0.008,47416411,47133,8,860,869,3,36,35,1906734,46615,1799929,12578,0.000000,0.208598,0.219840,2623,0,903.03,1869484,1869423,711,68240,SUCCESS,91130,0,warm20,844288,22186560,155545888,32830080,,,,,12577,15674,used,,,,20260905-1028
2026-09-05 13:48:11,HAUSP-UB,C8T1S5I8N5K,0,2,0.000200,0.000,0.200,9488535,9427,108,541,649,6,65,60,3612852,29541,3444071,11833,0.000000,0.242125,0.250202,6075,0,785.90,3628532,3576629,51903,51042,SUCCESS,154920,0,warm20,146176,4438664,121991456,7045632,,,,,11833,13861,used,,,,20260905-1028
2026-09-05 13:48:12,HAUSP-UB,C8T1S5I8N5K,1,2,0.000200,0.000,0.008,9860531,9808,8,554,563,3,65,60,3752192,30066,3582297,12000,0.000000,0.237696,0.245698,5885,0,819.54,3717298,3716544,1615,51737,SUCCESS,155976,0,warm20,154368,4617128,121991456,7247360,,,,,11999,13918,used,,,,20260905-1028
2026-09-05 13:48:12,HAUSP-UB,C8T1S5I8N5K,2,2,0.000200,0.000,0.008,10237847,10189,8,537,545,3,62,57,3524441,30542,3361150,12194,0.000000,0.234296,0.242583,6216,0,825.90,3489408,3488898,1430,52280,SUCCESS,149453,0,warm20,48384,4791456,121991456,7430144,,,,,12194,13838,used,,,,20260905-1028
2026-09-05 13:48:13,HAUSP-UB,C8T1S5I8N5K,3,2,0.000200,0.000,0.008,10612071,10570,8,518,527,3,58,53,3380501,31048,3226964,12185,0.000000,0.228170,0.236997,5710,0,857.90,3345253,3344690,1450,52849,SUCCESS,139521,0,warm20,156544,4970664,121991456,7619712,,,,,12185,14016,used,,,,20260905-1028
2026-09-05 13:48:13,HAUSP-UB,C8T1S5I8N5K,4,2,0.000200,0.000,0.008,10998812,10951,9,508,517,3,54,51,3233089,31726,3086462,12109,0.000000,0.226342,0.235631,6197,0,889.90,3197702,3197120,1463,53454,SUCCESS,132363,0,warm20,152064,5152944,121991456,7827840,,,,,12109,14264,used,,,,20260905-1028
2026-09-05 13:48:14,HAUSP-UB,C8T1S5I8N5K,5,2,0.000200,0.000,0.008,11372679,11332,8,533,542,3,57,53,3475820,32155,3323087,12156,0.000000,0.226990,0.235812,7077,0,897.90,3440325,3439962,1221,53903,SUCCESS,138537,0,warm20,52736,5331472,121991456,8018688,,,,,12156,14196,used,,,,20260905-1028
2026-09-05 13:48:15,HAUSP-UB,C8T1S5I8N5K,6,2,0.000200,0.000,0.008,11751454,11713,8,536,545,3,57,53,3336704,32735,3184743,12153,0.000000,0.230918,0.239665,7171,0,897.90,3301355,3300827,1300,54412,SUCCESS,137779,0,warm20,34048,5510936,121991456,8233216,,,,,12152,14181,used,,,,20260905-1028
2026-09-05 13:48:15,HAUSP-UB,C8T1S5I8N5K,7,2,0.000200,0.000,0.008,12140855,12094,9,541,550,3,55,51,3248019,33178,3099768,12064,0.000000,0.228017,0.236853,7532,0,897.90,3212500,3212183,1108,54782,SUCCESS,133964,0,warm20,54400,5695640,121991456,8409984,,,,,12062,14285,used,,,,20260905-1028
2026-09-05 13:48:16,HAUSP-UB,C8T1S5I8N5K,8,2,0.000200,0.000,0.008,12513750,12475,9,559,568,3,55,51,3432989,33476,3285719,12090,0.000000,0.227410,0.236284,7536,0,897.90,3397410,3396989,1159,55144,SUCCESS,132994,0,warm20,48768,5871568,121991456,8568832,,,,,12087,14273,used,,,,20260905-1028
2026-09-05 13:48:16,HAUSP-UB,C8T1S5I8N5K,9,2,0.000200,0.000,0.008,12914821,12856,9,556,565,3,54,50,3369243,33876,3224101,12273,0.000000,0.226828,0.235741,6698,0,897.90,3333643,3333178,1262,55607,SUCCESS,130810,0,warm20,43520,6057256,121991456,8769280,,,,,12273,14332,used,,,,20260905-1028
2026-09-05 13:48:17,HAUSP-UB,C8T1S5I8N5K,10,2,0.000200,0.000,0.008,13305508,13237,9,550,560,3,52,49,3173542,34219,3031644,12117,0.000000,0.229812,0.238973,6517,0,897.90,3137802,3137445,1156,55958,SUCCESS,127546,0,warm20,58240,6243312,121991456,8955648,,,,,12117,14352,used,,,,20260905-1028
2026-09-05 13:48:17,HAUSP-UB,C8T1S5I8N5K,11,2,0.000200,0.000,0.008,13706693,13618,9,547,557,3,51,47,3070601,34549,2932849,12052,0.000000,0.227637,0.237020,6096,0,932.40,3034720,3034367,1158,56307,SUCCESS,123280,0,warm20,206720,6431616,121991456,9200768,,,,,12052,14472,used,,,,20260905-1028
2026-09-05 13:48:18,HAUSP-UB,C8T1S5I8N5K,12,2,0.000200,0.000,0.008,14085848,13999,9,545,554,3,51,47,3010485,35042,2872623,11982,0.000000,0.228250,0.237569,5787,0,937.90,2974671,2974262,1218,56710,SUCCESS,123312,0,warm20,53120,6610496,121991456,9446272,,,,,11981,14549,used,,,,20260905-1028
2026-09-05 13:48:19,HAUSP-UB,C8T1S5I8N5K,13,2,0.000200,0.000,0.008,14448564,14380,8,552,561,3,51,47,3004553,35392,2867592,12058,0.000000,0.227435,0.236863,5569,0,937.90,2968636,2968312,1139,57036,SUCCESS,122362,0,warm20,63872,6780176,121991456,9694336,,,,,12058,14599,used,,,,20260905-1028
2026-09-05 13:48:19,HAUSP-UB,C8T1S5I8N5K,14,2,0.000200,0.000,0.008,14856850,14761,9,557,566,3,49,46,3005651,35647,2870717,12053,0.000000,0.224811,0.234281,5314,0,937.90,2969651,2969423,1041,57288,SUCCESS,120323,0,warm20,73216,6962912,121991456,9929984,,,,,12053,14611,used,,,,20260905-1028
2026-09-05 13:48:20,HAUSP-UB,C8T1S5I8N5K,15,2,0.000200,0.000,0.008,15236031,15142,9,577,587,3,51,47,3033988,36097,2896886,12025,0.000000,0.228268,0.237569,5751,0,945.90,2998038,2997655,1172,57648,SUCCESS,122343,0,warm20,56448,7143944,121991456,10180992,,,,,12025,14759,used,,,,20260905-1028
2026-09-05 13:48:20,HAUSP-UB,C8T1S5I8N5K,16,2,0.000200,0.000,0.008,15637254,15523,9,574,583,3,49,45,2948645,36330,2814951,12122,0.000000,0.224966,0.234524,5143,0,977.90,2912543,2912230,1125,57975,SUCCESS,118910,0,warm20,215296,7330432,121991456,10433024,,,,,12122,14784,used,,,,20260905-1028
2026-09-05 13:48:21,HAUSP-UB,C8T1S5I8N5K,17,2,0.000200,0.000,0.008,16001183,15904,9,567,576,3,48,45,2882667,36591,2750992,12142,0.000000,0.222118,0.231765,4765,0,977.90,2846627,2846324,1101,58297,SUCCESS,117019,0,warm20,62976,7502376,121991456,10681088,,,,,12142,14656,used,,,,20260905-1028
2026-09-05 13:48:21,HAUSP-UB,C8T1S5I8N5K,18,2,0.000200,0.000,0.008,16376279,16285,9,562,572,3,47,44,2859925,36998,2730765,12206,0.000000,0.219953,0.229830,5394,0,977.90,2823809,2823468,1120,58646,SUCCESS,114343,0,warm20,57472,7678848,121991456,10952960,,,,,12206,14817,used,,,,20260905-1028
2026-09-05 13:48:22,HAUSP-UB,C8T1S5I8N5K,19,2,0.000200,0.000,0.008,16736060,16666,9,562,571,3,46,43,2832989,37220,2705867,12254,0.000000,0.218374,0.228370,5316,0,985.90,2796816,2796533,1054,58906,SUCCESS,112375,0,warm20,222976,7852504,121991456,11196032,,,,,12254,14747,used,,,,20260905-1028
2026-09-05 13:48:23,HAUSP-UB,C8T1S5I8N5K,20,2,0.000200,0.000,0.008,17118756,17047,9,566,576,3,46,43,2817429,37451,2690151,12522,0.000000,0.220278,0.230268,5733,0,985.90,2781308,2781089,1013,59174,SUCCESS,112611,0,warm20,70400,8034672,121991456,11446272,,,,,12521,14666,used,,,,20260905-1028
2026-09-05 13:48:23,HAUSP-UB,C8T1S5I8N5K,21,2,0.000200,0.000,0.008,17469367,17428,9,568,577,3,46,43,2752795,37715,2626322,12413,0.000000,0.222887,0.232929,5511,0,985.90,2716541,2716296,990,59428,SUCCESS,111678,0,warm20,66176,8202512,121991456,11689088,,,,,12413,14795,used,,,,20260905-1028
2026-09-05 13:48:24,HAUSP-UB,C8T1S5I8N5K,22,2,0.000200,0.000,0.008,17882077,17809,9,576,585,3,46,43,2760701,37908,2633384,12509,0.000000,0.228367,0.238388,5460,0,985.90,2724532,2724242,1026,59702,SUCCESS,112668,0,warm20,64000,8385152,121991456,11962496,,,,,12509,14649,used,,,,20260905-1028
2026-09-05 13:48:24,HAUSP-UB,C8T1S5I8N5K,23,2,0.000200,0.000,0.008,18263919,18190,9,575,584,3,45,43,2674072,38130,2547352,12394,0.000000,0.229087,0.239104,5224,0,985.90,2637683,2637573,862,59827,SUCCESS,111903,0,warm20,93696,8557848,121991456,12196096,,,,,12394,14817,used,,,,20260905-1028
2026-09-05 13:48:25,HAUSP-UB,C8T1S5I8N5K,24,2,0.000200,0.000,0.008,18657262,18571,9,576,585,3,45,42,2599510,38368,2474078,12432,0.000000,0.227734,0.237792,4981,0,1025.90,2563073,2562854,956,60028,SUCCESS,110454,0,warm20,220544,8733584,121991456,12433920,,,,,12432,14978,used,,,,20260905-1028
2026-09-05 13:48:25,HAUSP-UB,C8T1S5I8N5K,25,2,0.000200,0.000,0.008,19053088,18952,9,573,583,3,44,42,2567505,38559,2441875,12496,0.000000,0.225591,0.235706,4603,0,1025.90,2531014,2530826,943,60238,SUCCESS,110608,0,warm20,86144,8910952,121991456,12656512,,,,,12496,15022,used,,,,20260905-1028
2026-09-05 13:48:26,HAUSP-UB,C8T1S5I8N5K,26,2,0.000200,0.000,0.008,19437911,19333,9,573,583,3,44,42,2501544,38748,2378106,12583,0.000000,0.223253,0.233469,4467,0,1059.59,2465009,2464751,991,60491,SUCCESS,108392,0,warm20,219520,9094976,121991456,12941056,,,,,12582,15045,used,,,,20260905-1028
2026-09-05 13:48:27,HAUSP-UB,C8T1S5I8N5K,27,2,0.000200,0.000,0.008,19822113,19714,9,579,589,3,44,42,2521889,39076,2398175,12549,0.000000,0.224955,0.235073,4548,0,1059.59,2485353,2485068,1023,60769,SUCCESS,108593,0,warm20,78720,9274248,121991456,13209216,,,,,12549,15121,used,,,,20260905-1028
2026-09-05 13:48:27,HAUSP-UB,C8T1S5I8N5K,28,2,0.000200,0.000,0.008,20208654,20095,9,584,594,3,43,41,2442262,39402,2319204,12538,0.000000,0.224785,0.234919,4279,0,1097.90,2405594,2405373,966,61018,SUCCESS,107757,0,warm20,219776,9458160,121991456,13486848,,,,,12538,15301,used,,,,20260905-1028
2026-09-05 13:48:28,HAUSP-UB,C8T1S5I8N5K,29,2,0.000200,0.000,0.008,20585609,20476,21,577,598,3,43,41,2419201,39513,2297442,12587,0.000000,0.224005,0.234200,4122,0,869.48,2382434,2382273,878,61192,SUCCESS,106496,0,warm20,217088,9636608,155545888,13741056,,,,,12586,15262,used,,,,20260905-1028
2026-09-05 13:48:28,HAUSP-UB,C8T1S5I8N5K,30,2,0.000200,0.000,0.008,20988516,20857,8,583,592,3,43,41,2402627,39644,2279962,12740,0.000000,0.221895,0.232057,3896,0,873.48,2365889,2365644,949,61432,SUCCESS,107475,0,warm20,78592,9820600,155545888,13992448,,,,,12740,15190,used,,,,20260905-1028
2026-09-05 13:48:29,HAUSP-UB,C8T1S5I8N5K,31,2,0.000200,0.000,0.008,21379871,21238,8,580,589,3,43,41,2395101,39803,2273674,12701,0.000000,0.220593,0.230843,3722,0,873.48,2358415,2358248,876,61610,SUCCESS,106369,0,warm20,88704,10003416,155545888,14260096,,,,,12700,15057,used,,,,20260905-1028
2026-09-05 13:48:30,HAUSP-UB,C8T1S5I8N5K,32,2,0.000200,0.000,0.008,21758395,21619,8,593,602,3,43,41,2426043,39943,2304165,12691,0.000000,0.218774,0.228937,3512,0,873.48,2389264,2389111,851,61749,SUCCESS,106766,0,warm20,94336,10180208,155545888,14498816,,,,,12691,15112,used,,,,20260905-1028
2026-09-05 13:48:30,HAUSP-UB,C8T1S5I8N5K,33,2,0.000200,0.000,0.008,22151372,22000,8,601,610,3,42,41,2371239,40143,2250692,12563,0.000000,0.218520,0.228787,3756,0,909.48,2334338,2334172,878,61916,SUCCESS,105252,0,warm20,221952,10365864,155545888,14761984,,,,,12563,15295,used,,,,20260905-1028
2026-09-05 13:48:31,HAUSP-UB,C8T1S5I8N5K,34,2,0.000200,0.000,0.008,22537156,22381,8,598,607,3,42,40,2330903,40324,2210836,12559,0.000000,0.219333,0.229724,3758,0,909.48,2294067,2293941,837,62067,SUCCESS,104823,0,warm20,97792,10544520,155545888,15013376,,,,,12559,15244,used,,,,20260905-1028
2026-09-05 13:48:31,HAUSP-UB,C8T1S5I8N5K,35,2,0.000200,0.000,0.008,22909920,22762,8,614,622,3,42,40,2341688,40414,2221234,12660,0.000000,0.222019,0.232317,3731,0,917.48,2304861,2304693,854,62225,SUCCESS,105280,0,warm20,222336,10721192,155545888,15252864,,,,,12660,15174,used,,,,20260905-1028
2026-09-05 13:48:32,HAUSP-UB,C8T1S5I8N5K,36,2,0.000200,0.000,0.008,23320068,23143,8,609,618,3,42,40,2314985,40715,2194808,12522,0.000000,0.220600,0.230807,3641,0,917.48,2278088,2277940,844,62410,SUCCESS,104788,0,warm20,93696,10905520,155545888,15499264,,,,,12520,15387,used,,,,20260905-1028
2026-09-05 13:48:33,HAUSP-UB,C8T1S5I8N5K,37,2,0.000200,0.000,0.008,23698370,23524,8,605,614,3,41,40,2300308,40903,2181397,12491,0.000000,0.219310,0.229596,3515,0,917.48,2263355,2263201,813,62569,SUCCESS,103461,0,warm20,93312,11082248,155545888,15758336,,,,,12487,15446,used,,,,20260905-1028
2026-09-05 13:48:33,HAUSP-UB,C8T1S5I8N5K,38,2,0.000200,0.000,0.008,24100790,23905,8,610,619,3,41,39,2292369,41080,2174497,12535,0.000000,0.217467,0.227800,3291,0,949.48,2255335,2255093,896,62797,SUCCESS,102326,0,warm20,220672,11268248,155545888,16012672,,,,,12534,15545,used,,,,20260905-1028
2026-09-05 13:48:34,HAUSP-UB,C8T1S5I8N5K,39,2,0.000200,0.000,0.008,24494244,24286,9,606,615,3,40,39,2253566,41284,2136949,12520,0.000000,0.214483,0.224958,3104,0,989.48,2216374,2216199,843,62974,SUCCESS,100937,0,warm20,217984,11458160,155545888,16271360,,,,,12519,15679,used,,,,20260905-1028
2026-09-05 13:48:35,HAUSP-UB,C8T1S5I8N5K,40,2,0.000200,0.000,0.008,24862589,24667,8,606,614,3,40,39,2235959,41495,2119602,12514,0.000000,0.214408,0.224859,2983,0,989.48,2198808,2198612,862,63177,SUCCESS,100684,0,warm20,90368,11634336,155545888,16525952,,,,,12513,15672,used,,,,20260905-1028
2026-09-05 13:48:35,HAUSP-UB,C8T1S5I8N5K,41,2,0.000200,0.000,0.008,25264734,25048,8,610,619,3,40,39,2232592,41648,2116343,12545,0.000000,0.214067,0.224497,2906,0,989.48,2195400,2195352,707,63275,SUCCESS,100584,0,warm20,135168,11818840,155545888,16741632,,,,,12543,15663,used,,,,20260905-1028
2026-09-05 13:48:36,HAUSP-UB,C8T1S5I8N5K,42,2,0.000200,0.000,0.008,25654120,25429,8,616,625,3,40,39,2225041,41796,2108906,12548,0.000000,0.213467,0.223934,2835,0,997.48,2187930,2187762,777,63431,SUCCESS,100499,0,warm20,119296,12004304,155545888,17029248,,,,,12544,15632,used,,,,20260905-1028
2026-09-05 13:48:36,HAUSP-UB,C8T1S5I8N5K,43,2,0.000200,0.000,0.008,26046150,25810,8,631,640,3,40,39,2272948,41872,2156659,12582,0.000000,0.212566,0.223110,2897,0,997.48,2235844,2235668,797,63605,SUCCESS,100742,0,warm20,121472,12185704,155545888,17303680,,,,,12580,15545,used,,,,20260905-1028
2026-09-05 13:48:37,HAUSP-UB,C8T1S5I8N5K,44,2,0.000200,0.000,0.008,26432947,26191,8,637,646,3,41,38,2282351,42011,2165525,12643,0.000000,0.213256,0.223705,2697,0,997.48,2245235,2245107,751,63728,SUCCESS,101303,0,warm20,137600,12366504,155545888,17587840,,,,,12642,15522,used,,,,20260905-1028
2026-09-05 13:48:38,HAUSP-UB,C8T1S5I8N5K,45,2,0.000200,0.000,0.008,26847057,26572,9,645,654,3,40,39,2276549,42143,2159745,12645,0.000000,0.212103,0.222663,2736,0,997.48,2239431,2239263,796,63890,SUCCESS,101271,0,warm20,120320,12559136,155545888,17852288,,,,,12645,15533,used,,,,20260905-1028
2026-09-05 13:48:38,HAUSP-UB,C8T1S5I8N5K,46,2,0.000200,0.000,0.008,27199889,26953,8,655,663,3,41,39,2327965,42374,2210613,12509,0.000000,0.212747,0.223209,2876,0,997.48,2290839,2290701,772,64016,SUCCESS,101741,0,warm20,126848,12727040,155545888,18105984,,,,,12508,15610,used,,,,20260905-1028
2026-09-05 13:48:39,HAUSP-UB,C8T1S5I8N5K,47,2,0.000200,0.000,0.008,27579163,27334,8,665,673,3,40,39,2313273,42552,2196201,12422,0.000000,0.212044,0.222432,2901,0,1005.48,2276122,2276044,724,64116,SUCCESS,101384,0,warm20,164224,12903296,155545888,18332160,,,,,12421,15687,used,,,,20260905-1028
2026-09-05 13:48:40,HAUSP-UB,C8T1S5I8N5K,48,2,0.000200,0.000,0.008,27972766,27715,8,675,684,3,41,39,2314916,42713,2197257,12422,0.000000,0.212883,0.223201,2982,0,1005.48,2277842,2277739,727,64227,SUCCESS,101987,0,warm20,179968,13086704,155545888,18589952,,,,,12421,15671,used,,,,20260905-1028
2026-09-05 13:48:40,HAUSP-UB,C8T1S5I8N5K,49,2,0.000200,0.000,0.008,28365723,28096,8,679,687,3,41,39,2346415,42855,2229157,12289,0.000000,0.213413,0.223660,3165,0,1005.48,2309361,2309237,740,64339,SUCCESS,101576,0,warm20,180096,13267080,155545888,18852480,,,,,12289,15682,used,,,,20260905-1028
2026-09-05 13:48:41,HAUSP-UB,C8T1S5I8N5K,50,2,0.000200,0.000,0.008,28747973,28477,8,683,692,3,41,39,2325467,42932,2208731,12298,0.000000,0.212932,0.223195,3190,0,1005.48,2288526,2288378,776,64450,SUCCESS,101201,0,warm20,202624,13443056,155545888,19088384,,,,,12297,15534,used,,,,20260905-1028
2026-09-05 13:48:42,HAUSP-UB,C8T1S5I8N5K,51,2,0.000200,0.000,0.008,29148674,28858,9,688,697,3,41,38,2281457,43118,2164962,12243,0.000000,0.213432,0.223667,3606,0,1005.48,2244525,2244431,759,64555,SUCCESS,100894,0,warm20,235520,13626880,155545888,19343104,,,,,12242,15600,used,,,,20260905-1028
2026-09-05 13:48:43,HAUSP-UB,C8T1S5I8N5K,52,2,0.000200,0.000,0.008,29538239,29239,9,689,698,3,40,38,2228816,43208,2113070,12292,0.000000,0.213133,0.223470,3511,0,1013.48,2191830,2191720,764,64675,SUCCESS,100107,0,warm20,217216,13810048,155545888,19603712,,,,,12292,15639,used,,,,20260905-1028
2026-09-05 13:48:43,HAUSP-UB,C8T1S5I8N5K,53,2,0.000200,0.000,0.008,29906147,29620,8,690,698,3,40,38,2205992,43291,2090151,12296,0.000000,0.212974,0.223325,3391,0,1013.48,2169000,2168903,741,64767,SUCCESS,100233,0,warm20,245248,13984888,155545888,19842048,,,,,12296,15608,used,,,,20260905-1028
2026-09-05 13:48:44,HAUSP-UB,C8T1S5I8N5K,54,2,0.000200,0.000,0.008,30291495,30001,8,686,695,3,40,38,2166475,43343,2051302,12365,0.000000,0.212301,0.222748,3264,0,1013.48,2129376,2129282,743,64847,SUCCESS,99498,0,warm20,277504,14163112,155545888,20054272,,,,,12365,15675,used,,,,20260905-1028
2026-09-05 13:48:45,HAUSP-UB,C8T1S5I8N5K,55,2,0.000200,0.000,0.008,30683235,30382,8,686,695,3,39,38,2159580,43457,2044916,12312,0.000000,0.211595,0.222085,3174,0,1013.48,2122482,2122405,740,64932,SUCCESS,98955,0,warm20,295552,14345792,155545888,20302848,,,,,12311,15708,used,,,,20260905-1028
2026-09-05 13:48:45,HAUSP-UB,C8T1S5I8N5K,56,2,0.000200,0.000,0.008,31050500,30763,8,689,698,3,39,38,2129950,43445,2016117,12393,0.000000,0.211427,0.222059,3135,0,1013.48,2092916,2092868,703,64986,SUCCESS,98283,0,warm20,323840,14522416,155545888,20520448,,,,,12390,15547,used,,,,20260905-1028
2026-09-05 13:48:46,HAUSP-UB,C8T1S5I8N5K,57,2,0.000200,0.000,0.008,31397327,31144,8,686,695,3,39,37,2103397,43545,1990438,12410,0.000000,0.211145,0.221871,3034,0,1021.48,2066375,2066278,746,65101,SUCCESS,97375,0,warm20,263424,14690744,155545888,20806656,,,,,12407,15581,used,,,,20260905-1028
2026-09-05 13:48:47,HAUSP-UB,C8T1S5I8N5K,58,2,0.000200,0.000,0.008,31771532,31525,8,682,691,3,38,37,2070401,43605,1958188,12443,0.000000,0.211496,0.222327,3040,0,1021.48,2033336,2033228,739,65215,SUCCESS,96641,0,warm20,243584,14869360,155545888,21111424,,,,,12440,15569,used,,,,20260905-1028
2026-09-05 13:48:47,HAUSP-UB,C8T1S5I8N5K,59,2,0.000200,0.000,0.008,32144335,31906,8,688,696,3,38,37,2071892,43782,1959553,12411,0.000000,0.211165,0.221901,2918,0,1021.48,2034868,2034732,761,65347,SUCCESS,96748,0,warm20,230144,15042672,155545888,21452544,,,,,12411,15591,used,,,,20260905-1028
2026-09-05 13:48:48,HAUSP-UB,C8T1S5I8N5K,60,2,0.000200,0.000,0.008,32548859,32287,9,698,707,3,39,37,2109462,43917,1996386,12379,0.000000,0.211540,0.222233,3066,0,1021.48,2072420,2072286,763,65446,SUCCESS,97464,0,warm20,273664,15228392,155545888,21761152,,,,,12379,15612,used,,,,20260905-1028
2026-09-05 13:48:49,HAUSP-UB,C8T1S5I8N5K,61,2,0.000200,0.000,0.008,32946105,32668,8,703,712,3,39,38,2082991,44023,1969182,12399,0.000000,0.212110,0.222752,3028,0,1029.48,2045928,2045858,734,65531,SUCCESS,98168,0,warm20,344064,15410552,155545888,22046976,,,,,12398,15640,used,,,,20260905-1028
2026-09-05 13:48:50,HAUSP-UB,C8T1S5I8N5K,62,2,0.000200,0.000,0.008,33335321,33049,8,702,711,3,39,38,2050752,44197,1937266,12381,0.000000,0.212629,0.223201,2938,0,1029.48,2013723,2013611,761,65674,SUCCESS,97791,0,warm20,265344,15588880,155545888,22419456,,,,,12381,15695,used,,,,20260905-1028
2026-09-05 13:48:50,HAUSP-UB,C8T1S5I8N5K,63,2,0.000200,0.000,0.008,33722190,33430,9,709,718,3,39,37,2056041,44261,1942676,12419,0.000000,0.213888,0.224489,2955,0,1029.48,2018892,2018751,759,65779,SUCCESS,97628,0,warm20,284032,15770696,155545888,22736896,,,,,12418,15736,used,,,,20260905-1028
2026-09-05 13:48:51,HAUSP-UB,C8T1S5I8N5K,64,2,0.000200,0.000,0.008,34102757,33811,8,714,723,3,38,37,2022958,44338,1910296,12457,0.000000,0.213898,0.224623,2871,0,1029.48,1985866,1985741,779,65908,SUCCESS,97009,0,warm20,287232,15945592,155545888,23085184,,,,,12455,15651,used,,,,20260905-1028
2026-09-05 13:48:52,HAUSP-UB,C8T1S5I8N5K,65,2,0.000200,0.000,0.008,34480042,34192,8,709,718,3,38,37,2004297,44403,1891737,12536,0.000000,0.213480,0.224156,2789,0,1037.48,1967204,1967084,770,66026,SUCCESS,96971,0,warm20,301952,16120688,155545888,23448704,,,,,12535,15588,used,,,,20260905-1028
2026-09-05 13:48:52,HAUSP-UB,C8T1S5I8N5K,66,2,0.000200,0.000,0.008,34856177,34573,8,708,717,3,38,37,1991138,44545,1879254,12479,0.000000,0.213336,0.224117,2698,0,1037.48,1953958,1953831,779,66152,SUCCESS,96184,0,warm20,301568,16294448,155545888,23804160,,,,,12478,15699,used,,,,20260905-1028
2026-09-05 13:48:53,HAUSP-UB,C8T1S5I8N5K,67,2,0.000200,0.000,0.008,35248911,34954,9,710,719,3,38,37,1986805,44587,1875699,12547,0.000000,0.212368,0.223206,2620,0,1037.48,1949675,1949571,757,66264,SUCCESS,95541,0,warm20,328576,16481344,155545888,24186752,,,,,12547,15565,used,,,,20260905-1028
2026-09-05 13:48:54,HAUSP-UB,C8T1S5I8N5K,68,2,0.000200,0.000,0.008,35625465,35335,8,711,720,3,37,37,1960119,44764,1849369,12463,0.000000,0.212246,0.223025,2554,0,1037.48,1923028,1922943,730,66366,SUCCESS,95159,0,warm20,373888,16657608,155545888,24513536,,,,,12463,15591,used,,,,20260905-1028
2026-09-05 13:48:55,HAUSP-UB,C8T1S5I8N5K,69,2,0.000200,0.000,0.008,36012354,35716,8,709,717,3,37,36,1930359,44781,1820763,12518,0.000000,0.211519,0.222519,2554,0,1045.48,1893224,1893154,698,66424,SUCCESS,94046,0,warm20,452096,16835688,155545888,24780416,,,,,12518,15550,used,,,,20260905-1028
2026-09-05 13:48:55,HAUSP-UB,C8T1S5I8N5K,70,2,0.000200,0.000,0.008,36402179,36097,9,711,721,3,37,36,1975864,44877,1866356,12511,0.000000,0.211474,0.222410,2518,0,1045.48,1938746,1938650,736,66504,SUCCESS,93936,0,warm20,467840,17022200,155545888,25042560,,,,,12510,15571,used,,,,20260905-1028
2026-09-05 13:48:56,HAUSP-UB,C8T1S5I8N5K,71,2,0.000200,0.000,0.008,36796212,36478,9,715,724,3,37,36,1944268,44971,1835008,12535,0.000000,0.212026,0.222974,2562,0,1045.48,1907144,1907060,740,66586,SUCCESS,93668,0,warm20,502656,17202968,155545888,25369472,,,,,12534,15591,used,,,,20260905-1028
2026-09-05 13:48:57,HAUSP-UB,C8T1S5I8N5K,72,2,0.000200,0.000,0.008,37177330,36859,9,714,723,3,37,36,1935304,45091,1826400,12476,0.000000,0.211687,0.222630,2519,0,1045.48,1898161,1898069,750,66669,SUCCESS,93247,0,warm20,516352,17383608,155545888,25687424,,,,,12467,15648,used,,,,20260905-1028
2026-09-05 13:48:58,HAUSP-UB,C8T1S5I8N5K,73,2,0.000200,0.000,0.008,37549228,37240,8,729,738,3,37,36,1951249,45147,1842274,12487,0.000000,0.211191,0.222119,2480,0,1053.48,1914104,1914047,724,66711,SUCCESS,93345,0,warm20,754688,17558472,155545888,25915008,,,,,12480,15623,used,,,,20260905-1028
2026-09-05 13:48:58,HAUSP-UB,C8T1S5I8N5K,74,2,0.000200,0.000,0.008,37929817,37621,8,727,736,3,37,36,1915521,45144,1806531,12530,0.000000,0.210855,0.221896,2451,0,1053.48,1878453,1878391,744,66770,SUCCESS,93489,0,warm20,641024,17738584,155545888,26206464,,,,,12530,15501,used,,,,20260905-1028
2026-09-05 13:48:59,HAUSP-UB,C8T1S5I8N5K,75,2,0.000200,0.000,0.008,38317022,38002,9,739,748,3,37,36,1933664,45217,1824287,12553,0.000000,0.211156,0.222124,2489,0,1053.48,1896586,1896514,757,66853,SUCCESS,93850,0,warm20,608000,17918928,155545888,26525312,,,,,12551,15525,used,,,,20260905-1028
2026-09-05 13:49:00,HAUSP-UB,C8T1S5I8N5K,76,2,0.000200,0.000,0.008,38681308,38383,8,742,750,3,37,36,1943603,45268,1834472,12527,0.000000,0.210600,0.221573,2455,0,1053.48,1906506,1906456,724,66900,SUCCESS,93615,0,warm20,665600,18092920,155545888,26769408,,,,,12523,15512,used,,,,20260905-1028
2026-09-05 13:49:01,HAUSP-UB,C8T1S5I8N5K,77,2,0.000200,0.000,0.008,39054424,38764,8,740,749,3,37,36,1916010,45493,1806996,12390,0.000000,0.210584,0.221565,2481,0,1053.48,1878937,1878854,760,67000,SUCCESS,93343,0,warm20,576256,18267208,155545888,27150720,,,,,12385,15666,used,,,,20260905-1028
2026-09-05 13:49:01,HAUSP-UB,C8T1S5I8N5K,78,2,0.000200,0.000,0.008,39411343,39145,8,754,762,3,37,36,1909490,45462,1800491,12522,0.000000,0.211543,0.222635,2527,0,1061.48,1872312,1872260,712,67045,SUCCESS,93356,0,warm20,665344,18437224,155545888,27389824,,,,,12519,15640,used,,,,20260905-1028
2026-09-05 13:49:02,HAUSP-UB,C8T1S5I8N5K,79,2,0.000200,0.000,0.008,39780981,39526,8,767,776,3,37,36,1935829,45485,1826131,12514,0.000000,0.211343,0.222289,2581,0,1061.48,1898674,1898654,687,67071,SUCCESS,94101,0,warm20,727808,18611288,155545888,27565312,,,,,12512,15595,used,,,,20260905-1028
2026-09-05 13:49:03,HAUSP-UB,C8T1S5I8N5K,80,2,0.000200,0.000,0.008,40169171,39907,8,774,783,3,38,36,1935944,45554,1826380,12516,0.000000,0.211643,0.222577,2552,0,1061.48,1898793,1898740,714,67109,SUCCESS,93929,0,warm20,701184,18788752,155545888,27762176,,,,,12515,15634,used,,,,20260905-1028
2026-09-05 13:49:04,HAUSP-UB,C8T1S5I8N5K,81,2,0.000200,0.000,0.008,40555772,40288,9,766,776,3,37,36,1903014,45671,1793341,12470,0.000000,0.211267,0.222214,2574,0,1061.48,1865947,1865860,763,67220,SUCCESS,94043,0,warm20,594688,18972952,155545888,28134784,,,,,12469,15629,used,,,,20260905-1028
2026-09-05 13:49:04,HAUSP-UB,C8T1S5I8N5K,82,2,0.000200,0.000,0.008,40937437,40669,8,771,780,3,37,36,1903088,45670,1793825,12492,0.000000,0.211200,0.222190,2542,0,1069.48,1865902,1865873,681,67255,SUCCESS,93627,0,warm20,711936,19144488,155545888,28320640,,,,,12492,15636,used,,,,20260905-1028
2026-09-05 13:49:05,HAUSP-UB,C8T1S5I8N5K,83,2,0.000200,0.000,0.008,41314466,41050,9,772,781,3,37,36,1882456,45751,1773018,12474,0.000000,0.211025,0.222031,2516,0,1069.48,1845267,1845194,719,67320,SUCCESS,93753,0,warm20,655104,19324552,155545888,28624640,,,,,12474,15685,used,,,,20260905-1028
2026-09-05 13:49:06,HAUSP-UB,C8T1S5I8N5K,84,2,0.000200,0.000,0.008,41724684,41431,9,772,781,3,37,36,1851419,45802,1742406,12472,0.000000,0.210757,0.221740,2489,0,1069.48,1814276,1814199,731,67395,SUCCESS,93388,0,warm20,662528,19514248,155545888,28915584,,,,,12472,15625,used,,,,20260905-1028
2026-09-05 13:49:07,HAUSP-UB,C8T1S5I8N5K,85,2,0.000200,0.000,0.008,42093147,41812,8,784,793,3,37,36,1874060,45860,1764732,12469,0.000000,0.210801,0.221765,2440,0,1069.48,1836766,1836726,696,67434,SUCCESS,93569,0,warm20,748544,19689608,155545888,29133824,,,,,12469,15759,used,,,,20260905-1028
2026-09-05 13:49:08,HAUSP-UB,C8T1S5I8N5K,86,2,0.000200,0.000,0.008,42494057,42193,9,794,803,3,37,36,1874137,45889,1764509,12525,0.000000,0.210856,0.221841,2493,0,1069.48,1836793,1836712,738,67521,SUCCESS,93827,0,warm20,663040,19872936,155545888,29448192,,,,,12523,15799,used,,,,20260905-1028
2026-09-05 13:49:08,HAUSP-UB,C8T1S5I8N5K,87,2,0.000200,0.000,0.008,42876090,42574,9,799,808,3,37,36,1859842,45944,1750886,12530,0.000000,0.210168,0.221243,2433,0,1077.48,1822568,1822508,711,67597,SUCCESS,93258,0,warm20,683776,20052296,155545888,29751808,,,,,12529,15697,used,,,,20260905-1028
2026-09-05 13:49:09,HAUSP-UB,C8T1S5I8N5K,88,2,0.000200,0.000,0.008,43249167,42955,8,802,811,3,37,36,1847595,45970,1738736,12600,0.000000,0.210380,0.221475,2454,0,1077.48,1810372,1810296,711,67682,SUCCESS,93263,0,warm20,640256,20227840,155545888,30078848,,,,,12600,15596,used,,,,20260905-1028
2026-09-05 13:49:10,HAUSP-UB,C8T1S5I8N5K,89,2,0.000200,0.000,0.008,43639417,43336,9,805,815,3,37,35,1842299,45961,1733907,12637,0.000000,0.209871,0.221014,2455,0,1077.48,1805082,1805053,655,67702,SUCCESS,92895,0,warm20,763392,20409200,155545888,30280832,,,,,12636,15496,used,,,,20260905-1028
2026-09-05 13:49:11,HAUSP-UB,C8T1S5I8N5K,90,2,0.000200,0.000,0.008,44032208,43717,9,802,812,3,37,35,1833259,46068,1725075,12584,0.000000,0.210232,0.221352,2451,0,1077.48,1796091,1796043,683,67767,SUCCESS,92649,0,warm20,696064,20593424,155545888,30579840,,,,,12583,15534,used,,,,20260905-1028
2026-09-05 13:49:12,HAUSP-UB,C8T1S5I8N5K,91,2,0.000200,0.000,0.008,44399967,44098,8,811,820,3,37,36,1833982,46110,1725775,12598,0.000000,0.210198,0.221256,2431,0,1085.48,1796879,1796857,640,67788,SUCCESS,92760,0,warm20,760832,20767320,155545888,30780032,,,,,12597,15446,used,,,,20260905-1028
2026-09-05 13:49:13,HAUSP-UB,C8T1S5I8N5K,92,2,0.000200,0.000,0.008,44779784,44479,9,811,820,3,36,35,1852968,46189,1745384,12544,0.000000,0.209645,0.220793,2415,0,1085.48,1815810,1815768,661,67819,SUCCESS,92025,0,warm20,769280,20943960,155545888,30970368,,,,,12544,15559,used,,,,20260905-1028
2026-09-05 13:49:13,HAUSP-UB,C8T1S5I8N5K,93,2,0.000200,0.000,0.008,45163101,44860,9,803,812,3,36,35,1850814,46282,1743784,12546,0.000000,0.208900,0.220095,2417,0,1085.48,1813769,1813653,746,67932,SUCCESS,91522,0,warm20,632320,21125472,155545888,31331328,,,,,12546,15508,used,,,,20260905-1028
2026-09-05 13:49:14,HAUSP-UB,C8T1S5I8N5K,94,2,0.000200,0.000,0.008,45537311,45241,8,811,820,3,36,35,1859609,46450,1752691,12490,0.000000,0.209324,0.220521,2509,0,1085.48,1822578,1822480,731,68026,SUCCESS,91369,0,warm20,680704,21298872,155545888,31643776,,,,,12490,15549,used,,,,20260905-1028
2026-09-05 13:49:15,HAUSP-UB,C8T1S5I8N5K,95,2,0.000200,0.000,0.008,45914685,45622,9,819,828,3,36,34,1853860,46519,1747617,12452,0.000000,0.209073,0.220344,2472,0,1093.48,1816750,1816710,677,68068,SUCCESS,90640,0,warm20,896000,21474952,155545888,31864064,,,,,12452,15603,used,,,,20260905-1028
2026-09-05 13:49:16,HAUSP-UB,C8T1S5I8N5K,96,2,0.000200,0.000,0.008,46297846,46003,9,831,840,3,36,35,1876799,46605,1769330,12436,0.000000,0.209667,0.220797,2565,0,1093.48,1839549,1839482,702,68126,SUCCESS,91681,0,warm20,777216,21655168,155545888,32149504,,,,,12435,15787,used,,,,20260905-1028
2026-09-05 13:49:17,HAUSP-UB,C8T1S5I8N5K,97,2,0.000200,0.000,0.008,46661169,46384,9,854,863,3,37,35,1906440,46710,1798979,12382,0.000000,0.209211,0.220245,2642,0,1093.48,1869207,1869175,676,68169,SUCCESS,91643,0,warm20,835072,21831016,155545888,32407936,,,,,12381,15817,used,,,,20260905-1028
2026-09-05 13:49:18,HAUSP-UB,C8T1S5I8N5K,98,2,0.000200,0.000,0.008,47042336,46765,9,852,861,3,37,35,1904212,46670,1797074,12464,0.000000,0.209268,0.220384,2654,0,1093.48,1866955,1866916,672,68191,SUCCESS,91379,0,warm20,856320,22011424,155545888,32586368,,,,,12463,15758,used,,,,20260905-1028
2026-09-05 13:49:18,HAUSP-UB,C8T1S5I8N5K,99,2,0.000200,0.000,0.008,47416411,47133,9,856,865,3,36,35,1906734,46615,1799929,12578,0.000000,0.208598,0.219840,2623,0,1101.48,1869484,1869423,711,68240,SUCCESS,91130,0,warm20,969216,22186560,155545888,32830080,,,,,12577,15674,used,,,,20260905-1028
2026-09-05 13:49:20,EHAUSM-I,C8T1S5I8N5K,0,0,0.000200,0.000,0.200,9488535,9427,132,855,987,0,0,0,4135735,15680,3992648,0,0.468087,0.000000,0.000000,6075,0,498.26,0,0,0,0,SUCCESS,0,1,warm20,,,,,,,,,,,used,,,,20260905-1028
2026-09-05 13:49:20,EHAUSM-I,C8T1S5I8N5K,1,0,0.000200,0.000,0.008,9860531,9808,18,226,244,0,0,0,914526,16148,770549,0,0.456264,0.000000,0.000000,5885,0,503.07,0,0,0,0,SUCCESS,0,1,warm20,,,,,,,,,,,used,,,,20260905-1028
2026-09-05 13:49:20,EHAUSM-I,C8T1S5I8N5K,2,0,0.000200,0.000,0.008,10237847,10189,4,173,178,0,0,0,505379,16704,368120,0,0.422108,0.000000,0.000000,6216,0,1215.07,0,0,0,0,SUCCESS,0,1,warm20,,,,,,,,,,,used,,,,20260905-1028
2026-09-05 13:49:21,EHAUSM-I,C8T1S5I8N5K,3,0,0.000200,0.000,0.008,10612071,10570,4,188,193,0,0,0,524125,17032,396789,0,0.402472,0.000000,0.000000,5710,0,767.47,0,0,0,0,SUCCESS,0,1,warm20,,,,,,,,,,,used,,,,20260905-1028
2026-09-05 13:49:21,EHAUSM-I,C8T1S5I8N5K,4,0,0.000200,0.000,0.008,10998812,10951,5,184,189,0,0,0,484569,17462,364315,0,0.437098,0.000000,0.000000,6197,0,1407.47,0,0,0,0,SUCCESS,0,1,warm20,,,,,,,,,,,used,,,,20260905-1028
2026-09-05 13:49:21,EHAUSM-I,C8T1S5I8N5K,5,0,0.000200,0.000,0.008,11372679,11332,5,282,288,0,0,0,709998,17959,583617,0,0.392812,0.000000,0.000000,7077,0,2415.47,0,0,0,0,SUCCESS,0,1,warm20,,,,,,,,,,,used,,,,20260905-1028
2026-09-05 13:49:21,EHAUSM-I,C8T1S5I8N5K,6,0,0.000200,0.000,0.008,11751454,11713,5,227,233,0,0,0,510861,18554,385234,0,0.418454,0.000000,0.000000,7171,0,3143.47,0,0,0,0,SUCCESS,0,1,warm20,,,,,,,,,,,used,,,,20260905-1028
2026-09-05 13:49:22,EHAUSM-I,C8T1S5I8N5K,7,0,0.000200,0.000,0.008,12140855,12094,5,317,322,0,0,0,718733,18893,596831,0,0.367641,0.000000,0.000000,7532,0,544.02,0,0,0,0,SUCCESS,0,1,warm20,,,,,,,,,,,used,,,,20260905-1028
2026-09-05 13:49:22,EHAUSM-I,C8T1S5I8N5K,8,0,0.000200,0.000,0.008,12513750,12475,5,248,254,0,0,0,647791,19203,526884,0,0.392095,0.000000,0.000000,7536,0,1504.02,0,0,0,0,SUCCESS,0,1,warm20,,,,,,,,,,,used,,,,20260905-1028
2026-09-05 13:49:22,EHAUSM-I,C8T1S5I8N5K,9,0,0.000200,0.000,0.008,12914821,12856,5,164,169,0,0,0,456077,19544,337540,0,0.465827,0.000000,0.000000,6698,0,2208.02,0,0,0,0,SUCCESS,0,1,warm20,,,,,,,,,,,used,,,,20260905-1028
2026-09-05 13:49:22,EHAUSM-I,C8T1S5I8N5K,10,0,0.000200,0.000,0.008,13305508,13237,5,142,147,0,0,0,385323,19867,269894,0,0.398122,0.000000,0.000000,6517,0,2728.02,0,0,0,0,SUCCESS,0,1,warm20,,,,,,,,,,,used,,,,20260905-1028
2026-09-05 13:49:22,EHAUSM-I,C8T1S5I8N5K,11,0,0.000200,0.000,0.008,13706693,13618,5,122,127,0,0,0,328919,20077,217691,0,0.390408,0.000000,0.000000,6096,0,3184.02,0,0,0,0,SUCCESS,0,1,warm20,,,,,,,,,,,used,,,,20260905-1028
2026-09-05 13:49:22,EHAUSM-I,C8T1S5I8N5K,12,0,0.000200,0.000,0.008,14085848,13999,5,141,146,0,0,0,385307,20493,273976,0,0.440606,0.000000,0.000000,5787,0,3696.02,0,0,0,0,SUCCESS,0,1,warm20,,,,,,,,,,,used,,,,20260905-1028
2026-09-05 13:49:23,EHAUSM-I,C8T1S5I8N5K,13,0,0.000200,0.000,0.008,14448564,14380,5,177,182,0,0,0,456632,20793,346328,0,0.420454,0.000000,0.000000,5569,0,765.35,0,0,0,0,SUCCESS,0,1,warm20,,,,,,,,,,,used,,,,20260905-1028
2026-09-05 13:49:23,EHAUSM-I,C8T1S5I8N5K,14,0,0.000200,0.000,0.008,14856850,14761,5,252,257,0,0,0,733810,21036,625540,0,0.381148,0.000000,0.000000,5314,0,1685.35,0,0,0,0,SUCCESS,0,1,warm20,,,,,,,,,,,used,,,,20260905-1028
2026-09-05 13:49:23,EHAUSM-I,C8T1S5I8N5K,15,0,0.000200,0.000,0.008,15236031,15142,5,291,297,0,0,0,661429,21338,551111,0,0.418015,0.000000,0.000000,5751,0,2661.35,0,0,0,0,SUCCESS,0,1,warm20,,,,,,,,,,,used,,,,20260905-1028
2026-09-05 13:49:23,EHAUSM-I,C8T1S5I8N5K,16,0,0.000200,0.000,0.008,15637254,15523,5,129,134,0,0,0,351750,21546,244962,0,0.409582,0.000000,0.000000,5143,0,3117.35,0,0,0,0,SUCCESS,0,1,warm20,,,,,,,,,,,used,,,,20260905-1028
2026-09-05 13:49:23,EHAUSM-I,C8T1S5I8N5K,17,0,0.000200,0.000,0.008,16001183,15904,5,123,128,0,0,0,310539,21935,205662,0,0.363783,0.000000,0.000000,4765,0,3549.35,0,0,0,0,SUCCESS,0,1,warm20,,,,,,,,,,,used,,,,20260905-1028
2026-09-05 13:49:24,EHAUSM-I,C8T1S5I8N5K,18,0,0.000200,0.000,0.008,16376279,16285,5,268,274,0,0,0,643006,22181,540869,0,0.481601,0.000000,0.000000,5394,0,868.10,0,0,0,0,SUCCESS,0,1,warm20,,,,,,,,,,,used,,,,20260905-1028
2026-09-05 13:49:24,EHAUSM-I,C8T1S5I8N5K,19,0,0.000200,0.000,0.008,16736060,16666,5,267,273,0,0,0,342400,22473,242279,0,0.399642,0.000000,0.000000,5316,0,1668.10,0,0,0,0,SUCCESS,0,1,warm20,,,,,,,,,,,used,,,,20260905-1028
2026-09-05 13:49:24,EHAUSM-I,C8T1S5I8N5K,20,0,0.000200,0.000,0.008,17118756,17047,5,144,150,0,0,0,353844,22785,253754,0,0.361282,0.000000,0.000000,5733,0,2204.10,0,0,0,0,SUCCESS,0,1,warm20,,,,,,,,,,,used,,,,20260905-1028
2026-09-05 13:49:24,EHAUSM-I,C8T1S5I8N5K,21,0,0.000200,0.000,0.008,17469367,17428,5,134,140,0,0,0,309497,22920,210232,0,0.469779,0.000000,0.000000,5511,0,2652.10,0,0,0,0,SUCCESS,0,1,warm20,,,,,,,,,,,used,,,,20260905-1028
2026-09-05 13:49:24,EHAUSM-I,C8T1S5I8N5K,22,0,0.000200,0.000,0.008,17882077,17809,5,174,180,0,0,0,349352,23259,249193,0,0.422266,0.000000,0.000000,5460,0,3212.10,0,0,0,0,SUCCESS,0,1,warm20,,,,,,,,,,,used,,,,20260905-1028
2026-09-05 13:49:25,EHAUSM-I,C8T1S5I8N5K,23,0,0.000200,0.000,0.008,18263919,18190,6,138,145,0,0,0,314834,23313,215325,0,0.367083,0.000000,0.000000,5224,0,3676.10,0,0,0,0,SUCCESS,0,1,warm20,,,,,,,,,,,used,,,,20260905-1028
2026-09-05 13:49:25,EHAUSM-I,C8T1S5I8N5K,24,0,0.000200,0.000,0.008,18657262,18571,5,128,134,0,0,0,243650,23390,145628,0,0.379691,0.000000,0.000000,4981,0,530.69,0,0,0,0,SUCCESS,0,1,warm20,,,,,,,,,,,used,,,,20260905-1028
2026-09-05 13:49:25,EHAUSM-I,C8T1S5I8N5K,25,0,0.000200,0.000,0.008,19053088,18952,6,163,169,0,0,0,376608,23537,278496,0,0.406374,0.000000,0.000000,4603,0,1082.69,0,0,0,0,SUCCESS,0,1,warm20,,,,,,,,,,,used,,,,20260905-1028
2026-09-05 13:49:25,EHAUSM-I,C8T1S5I8N5K,26,0,0.000200,0.000,0.008,19437911,19333,6,99,105,0,0,0,240932,23703,145122,0,0.329377,0.000000,0.000000,4467,0,1418.69,0,0,0,0,SUCCESS,0,1,warm20,,,,,,,,,,,used,,,,20260905-1028
2026-09-05 13:49:25,EHAUSM-I,C8T1S5I8N5K,27,0,0.000200,0.000,0.008,19822113,19714,6,233,239,0,0,0,403429,23955,307385,0,0.415907,0.000000,0.000000,4548,0,2146.69,0,0,0,0,SUCCESS,0,1,warm20,,,,,,,,,,,used,,,,20260905-1028
2026-09-05 13:49:25,EHAUSM-I,C8T1S5I8N5K,28,0,0.000200,0.000,0.008,20208654,20095,6,138,145,0,0,0,255184,24101,159965,0,0.380933,0.000000,0.000000,4279,0,2562.69,0,0,0,0,SUCCESS,0,1,warm20,,,,,,,,,,,used,,,,20260905-1028
2026-09-05 13:49:26,EHAUSM-I,C8T1S5I8N5K,29,0,0.000200,0.000,0.008,20585609,20476,6,149,156,0,0,0,277632,24251,183722,0,0.377053,0.000000,0.000000,4122,0,3034.69,0,0,0,0,SUCCESS,0,1,warm20,,,,,,,,,,,used,,,,20260905-1028
2026-09-05 13:49:26,EHAUSM-I,C8T1S5I8N5K,30,0,0.000200,0.000,0.008,20988516,20857,6,150,157,0,0,0,305251,24454,210516,0,0.409550,0.000000,0.000000,3896,0,3474.69,0,0,0,0,SUCCESS,0,1,warm20,,,,,,,,,,,used,,,,20260905-1028
2026-09-05 13:49:26,EHAUSM-I,C8T1S5I8N5K,31,0,0.000200,0.000,0.008,21379871,21238,6,188,194,0,0,0,335610,24746,241941,0,0.405602,0.000000,0.000000,3722,0,436.33,0,0,0,0,SUCCESS,0,1,warm20,,,,,,,,,,,used,,,,20260905-1028
2026-09-05 13:49:26,EHAUSM-I,C8T1S5I8N5K,32,0,0.000200,0.000,0.008,21758395,21619,6,305,312,0,0,0,586341,24831,492266,0,0.366514,0.000000,0.000000,3512,0,1348.33,0,0,0,0,SUCCESS,0,1,warm20,,,,,,,,,,,used,,,,20260905-1028
2026-09-05 13:49:27,EHAUSM-I,C8T1S5I8N5K,33,0,0.000200,0.000,0.008,22151372,22000,6,238,245,0,0,0,312384,24848,219695,0,0.467869,0.000000,0.000000,3756,0,1996.33,0,0,0,0,SUCCESS,0,1,warm20,,,,,,,,,,,used,,,,20260905-1028
2026-09-05 13:49:27,EHAUSM-I,C8T1S5I8N5K,34,0,0.000200,0.000,0.008,22537156,22381,6,166,173,0,0,0,266880,25080,174616,0,0.362531,0.000000,0.000000,3758,0,2508.33,0,0,0,0,SUCCESS,0,1,warm20,,,,,,,,,,,used,,,,20260905-1028
2026-09-05 13:49:27,EHAUSM-I,C8T1S5I8N5K,35,0,0.000200,0.000,0.008,22909920,22762,7,304,311,0,0,0,483695,25240,391075,0,0.419999,0.000000,0.000000,3731,0,3324.33,0,0,0,0,SUCCESS,0,1,warm20,,,,,,,,,,,used,,,,20260905-1028
2026-09-05 13:49:27,EHAUSM-I,C8T1S5I8N5K,36,0,0.000200,0.000,0.008,23320068,23143,6,183,190,0,0,0,293049,25328,200781,0,0.373407,0.000000,0.000000,3641,0,3868.33,0,0,0,0,SUCCESS,0,1,warm20,,,,,,,,,,,used,,,,20260905-1028
2026-09-05 13:49:27,EHAUSM-I,C8T1S5I8N5K,37,0,0.000200,0.000,0.008,23698370,23524,7,146,154,0,0,0,280061,25457,189087,0,0.375746,0.000000,0.000000,3515,0,719.92,0,0,0,0,SUCCESS,0,1,warm20,,,,,,,,,,,used,,,,20260905-1028
2026-09-05 13:49:28,EHAUSM-I,C8T1S5I8N5K,38,0,0.000200,0.000,0.008,24100790,23905,7,151,158,0,0,0,286452,25535,196660,0,0.391363,0.000000,0.000000,3291,0,1175.92,0,0,0,0,SUCCESS,0,1,warm20,,,,,,,,,,,used,,,,20260905-1028
2026-09-05 13:49:28,EHAUSM-I,C8T1S5I8N5K,39,0,0.000200,0.000,0.008,24494244,24286,7,129,136,0,0,0,232782,25605,144364,0,0.356201,0.000000,0.000000,3104,0,1567.92,0,0,0,0,SUCCESS,0,1,warm20,,,,,,,,,,,used,,,,20260905-1028
2026-09-05 13:49:28,EHAUSM-I,C8T1S5I8N5K,40,0,0.000200,0.000,0.008,24862589,24667,7,157,165,0,0,0,296320,25823,208149,0,0.428745,0.000000,0.000000,2983,0,2031.92,0,0,0,0,SUCCESS,0,1,warm20,,,,,,,,,,,used,,,,20260905-1028
2026-09-05 13:49:28,EHAUSM-I,C8T1S5I8N5K,41,0,0.000200,0.000,0.008,25264734,25048,7,161,169,0,0,0,271886,25985,183845,0,0.369142,0.000000,0.000000,2906,0,2487.92,0,0,0,0,SUCCESS,0,1,warm20,,,,,,,,,,,used,,,,20260905-1028
2026-09-05 13:49:28,EHAUSM-I,C8T1S5I8N5K,42,0,0.000200,0.000,0.008,25654120,25429,7,159,167,0,0,0,243648,26164,155693,0,0.372987,0.000000,0.000000,2835,0,2943.92,0,0,0,0,SUCCESS,0,1,warm20,,,,,,,,,,,used,,,,20260905-1028
2026-09-05 13:49:28,EHAUSM-I,C8T1S5I8N5K,43,0,0.000200,0.000,0.008,26046150,25810,7,329,336,0,0,0,415478,26327,327316,0,0.355140,0.000000,0.000000,2897,0,3751.92,0,0,0,0,SUCCESS,0,1,warm20,,,,,,,,,,,used,,,,20260905-1028
2026-09-05 13:49:29,EHAUSM-I,C8T1S5I8N5K,44,0,0.000200,0.000,0.008,26432947,26191,7,204,212,0,0,0,311518,26489,222857,0,0.388503,0.000000,0.000000,2697,0,726.70,0,0,0,0,SUCCESS,0,1,warm20,,,,,,,,,,,used,,,,20260905-1028
2026-09-05 13:49:29,EHAUSM-I,C8T1S5I8N5K,45,0,0.000200,0.000,0.008,26847057,26572,8,176,184,0,0,0,291981,26610,203355,0,0.355688,0.000000,0.000000,2736,0,1270.70,0,0,0,0,SUCCESS,0,1,warm20,,,,,,,,,,,used,,,,20260905-1028
2026-09-05 13:49:29,EHAUSM-I,C8T1S5I8N5K,46,0,0.000200,0.000,0.008,27199889,26953,7,190,197,0,0,0,301341,26764,212108,0,0.394408,0.000000,0.000000,2876,0,1838.70,0,0,0,0,SUCCESS,0,1,warm20,,,,,,,,,,,used,,,,20260905-1028
2026-09-05 13:49:29,EHAUSM-I,C8T1S5I8N5K,47,0,0.000200,0.000,0.008,27579163,27334,7,346,354,0,0,0,459968,26865,371005,0,0.394784,0.000000,0.000000,2901,0,2686.70,0,0,0,0,SUCCESS,0,1,warm20,,,,,,,,,,,used,,,,20260905-1028
2026-09-05 13:49:30,EHAUSM-I,C8T1S5I8N5K,48,0,0.000200,0.000,0.008,27972766,27715,7,232,239,0,0,0,352974,27042,263408,0,0.387473,0.000000,0.000000,2982,0,3342.70,0,0,0,0,SUCCESS,0,1,warm20,,,,,,,,,,,used,,,,20260905-1028
2026-09-05 13:49:30,EHAUSM-I,C8T1S5I8N5K,49,0,0.000200,0.000,0.008,28365723,28096,7,292,300,0,0,0,358886,27173,269599,0,0.453802,0.000000,0.000000,3165,0,472.98,0,0,0,0,SUCCESS,0,1,warm20,,,,,,,,,,,used,,,,20260905-1028
2026-09-05 13:49:30,EHAUSM-I,C8T1S5I8N5K,50,0,0.000200,0.000,0.008,28747973,28477,8,208,216,0,0,0,324127,27398,235223,0,0.359604,0.000000,0.000000,3190,0,1064.98,0,0,0,0,SUCCESS,0,1,warm20,,,,,,,,,,,used,,,,20260905-1028
2026-09-05 13:49:30,EHAUSM-I,C8T1S5I8N5K,51,0,0.000200,0.000,0.008,29148674,28858,8,220,229,0,0,0,295554,27518,206902,0,0.367741,0.000000,0.000000,3606,0,1704.98,0,0,0,0,SUCCESS,0,1,warm20,,,,,,,,,,,used,,,,20260905-1028
2026-09-05 13:49:31,EHAUSM-I,C8T1S5I8N5K,52,0,0.000200,0.000,0.008,29538239,29239,8,172,181,0,0,0,261077,27569,173262,0,0.395767,0.000000,0.000000,3511,0,2176.98,0,0,0,0,SUCCESS,0,1,warm20,,,,,,,,,,,used,,,,20260905-1028
2026-09-05 13:49:31,EHAUSM-I,C8T1S5I8N5K,53,0,0.000200,0.000,0.008,29906147,29620,8,191,200,0,0,0,294467,27683,206530,0,0.383637,0.000000,0.000000,3391,0,2712.98,0,0,0,0,SUCCESS,0,1,warm20,,,,,,,,,,,used,,,,20260905-1028
2026-09-05 13:49:31,EHAUSM-I,C8T1S5I8N5K,54,0,0.000200,0.000,0.008,30291495,30001,8,174,183,0,0,0,262925,27668,175792,0,0.387544,0.000000,0.000000,3264,0,3184.98,0,0,0,0,SUCCESS,0,1,warm20,,,,,,,,,,,used,,,,20260905-1028
2026-09-05 13:49:31,EHAUSM-I,C8T1S5I8N5K,55,0,0.000200,0.000,0.008,30683235,30382,8,222,231,0,0,0,306052,27749,219408,0,0.370960,0.000000,0.000000,3174,0,3768.98,0,0,0,0,SUCCESS,0,1,warm20,,,,,,,,,,,used,,,,20260905-1028
2026-09-05 13:49:31,EHAUSM-I,C8T1S5I8N5K,56,0,0.000200,0.000,0.008,31050500,30763,9,177,186,0,0,0,247471,27898,161578,0,0.340850,0.000000,0.000000,3135,0,665.72,0,0,0,0,SUCCESS,0,1,warm20,,,,,,,,,,,used,,,,20260905-1028
2026-09-05 13:49:32,EHAUSM-I,C8T1S5I8N5K,57,0,0.000200,0.000,0.008,31397327,31144,8,138,147,0,0,0,192639,27964,107671,0,0.355693,0.000000,0.000000,3034,0,1049.72,0,0,0,0,SUCCESS,0,1,warm20,,,,,,,,,,,used,,,,20260905-1028
2026-09-05 13:49:32,EHAUSM-I,C8T1S5I8N5K,58,0,0.000200,0.000,0.008,31771532,31525,8,138,147,0,0,0,218006,28036,133805,0,0.382276,0.000000,0.000000,3040,0,1433.72,0,0,0,0,SUCCESS,0,1,warm20,,,,,,,,,,,used,,,,20260905-1028
2026-09-05 13:49:32,EHAUSM-I,C8T1S5I8N5K,59,0,0.000200,0.000,0.008,32144335,31906,8,198,207,0,0,0,311879,28191,227542,0,0.379638,0.000000,0.000000,2918,0,1953.72,0,0,0,0,SUCCESS,0,1,warm20,,,,,,,,,,,used,,,,20260905-1028
2026-09-05 13:49:32,EHAUSM-I,C8T1S5I8N5K,60,0,0.000200,0.000,0.008,32548859,32287,8,362,371,0,0,0,361423,28305,276338,0,0.371809,0.000000,0.000000,3066,0,2809.72,0,0,0,0,SUCCESS,0,1,warm20,,,,,,,,,,,used,,,,20260905-1028
2026-09-05 13:49:33,EHAUSM-I,C8T1S5I8N5K,61,0,0.000200,0.000,0.008,32946105,32668,9,193,202,0,0,0,276338,28383,190568,0,0.352663,0.000000,0.000000,3028,0,3321.72,0,0,0,0,SUCCESS,0,1,warm20,,,,,,,,,,,used,,,,20260905-1028
2026-09-05 13:49:33,EHAUSM-I,C8T1S5I8N5K,62,0,0.000200,0.000,0.008,33335321,33049,9,190,199,0,0,0,216939,28502,131529,0,0.354481,0.000000,0.000000,2938,0,3793.72,0,0,0,0,SUCCESS,0,1,warm20,,,,,,,,,,,used,,,,20260905-1028
2026-09-05 13:49:33,EHAUSM-I,C8T1S5I8N5K,63,0,0.000200,0.000,0.008,33722190,33430,9,225,234,0,0,0,316996,28525,231786,0,0.429587,0.000000,0.000000,2955,0,822.32,0,0,0,0,SUCCESS,0,1,warm20,,,,,,,,,,,used,,,,20260905-1028
2026-09-05 13:49:33,EHAUSM-I,C8T1S5I8N5K,64,0,0.000200,0.000,0.008,34102757,33811,9,211,220,0,0,0,236273,28687,151719,0,0.346043,0.000000,0.000000,2871,0,1366.32,0,0,0,0,SUCCESS,0,1,warm20,,,,,,,,,,,used,,,,20260905-1028
2026-09-05 13:49:33,EHAUSM-I,C8T1S5I8N5K,65,0,0.000200,0.000,0.008,34480042,34192,9,188,198,0,0,0,223905,28815,139469,0,0.360205,0.000000,0.000000,2789,0,1854.32,0,0,0,0,SUCCESS,0,1,warm20,,,,,,,,,,,used,,,,20260905-1028
2026-09-05 13:49:34,EHAUSM-I,C8T1S5I8N5K,66,0,0.000200,0.000,0.008,34856177,34573,10,202,212,0,0,0,219106,28846,135400,0,0.375246,0.000000,0.000000,2698,0,2310.32,0,0,0,0,SUCCESS,0,1,warm20,,,,,,,,,,,used,,,,20260905-1028
2026-09-05 13:49:34,EHAUSM-I,C8T1S5I8N5K,67,0,0.000200,0.000,0.008,35248911,34954,9,191,201,0,0,0,234771,29022,151777,0,0.356399,0.000000,0.000000,2620,0,2782.32,0,0,0,0,SUCCESS,0,1,warm20,,,,,,,,,,,used,,,,20260905-1028
2026-09-05 13:49:34,EHAUSM-I,C8T1S5I8N5K,68,0,0.000200,0.000,0.008,35625465,35335,9,214,223,0,0,0,283265,29173,200569,0,0.390087,0.000000,0.000000,2554,0,374.50,0,0,0,0,SUCCESS,0,1,warm20,,,,,,,,,,,used,,,,20260905-1028
2026-09-05 13:49:34,EHAUSM-I,C8T1S5I8N5K,69,0,0.000200,0.000,0.008,36012354,35716,9,170,180,0,0,0,224033,29231,142505,0,0.379743,0.000000,0.000000,2554,0,822.50,0,0,0,0,SUCCESS,0,1,warm20,,,,,,,,,,,used,,,,20260905-1028
2026-09-05 13:49:34,EHAUSM-I,C8T1S5I8N5K,70,0,0.000200,0.000,0.008,36402179,36097,10,198,208,0,0,0,282657,29306,201231,0,0.397854,0.000000,0.000000,2518,0,1358.50,0,0,0,0,SUCCESS,0,1,warm20,,,,,,,,,,,used,,,,20260905-1028
2026-09-05 13:49:35,EHAUSM-I,C8T1S5I8N5K,71,0,0.000200,0.000,0.008,36796212,36478,9,196,206,0,0,0,214691,29380,133557,0,0.363902,0.000000,0.000000,2562,0,1862.50,0,0,0,0,SUCCESS,0,1,warm20,,,,,,,,,,,used,,,,20260905-1028
2026-09-05 13:49:35,EHAUSM-I,C8T1S5I8N5K,72,0,0.000200,0.000,0.008,37177330,36859,9,218,228,0,0,0,266978,29443,186198,0,0.374848,0.000000,0.000000,2519,0,2430.50,0,0,0,0,SUCCESS,0,1,warm20,,,,,,,,,,,used,,,,20260905-1028
2026-09-05 13:49:35,EHAUSM-I,C8T1S5I8N5K,73,0,0.000200,0.000,0.008,37549228,37240,10,376,387,0,0,0,312096,29524,231231,0,0.355413,0.000000,0.000000,2480,0,295.96,0,0,0,0,SUCCESS,0,1,warm20,,,,,,,,,,,used,,,,20260905-1028
2026-09-05 13:49:35,EHAUSM-I,C8T1S5I8N5K,74,0,0.000200,0.000,0.008,37929817,37621,10,219,230,0,0,0,250750,29643,169791,0,0.371847,0.000000,0.000000,2451,0,855.96,0,0,0,0,SUCCESS,0,1,warm20,,,,,,,,,,,used,,,,20260905-1028
2026-09-05 13:49:36,EHAUSM-I,C8T1S5I8N5K,75,0,0.000200,0.000,0.008,38317022,38002,10,411,421,0,0,0,316289,29692,234990,0,0.421284,0.000000,0.000000,2489,0,1711.96,0,0,0,0,SUCCESS,0,1,warm20,,,,,,,,,,,used,,,,20260905-1028
2026-09-05 13:49:36,EHAUSM-I,C8T1S5I8N5K,76,0,0.000200,0.000,0.008,38681308,38383,10,201,211,0,0,0,252361,29756,171269,0,0.368357,0.000000,0.000000,2455,0,2223.96,0,0,0,0,SUCCESS,0,1,warm20,,,,,,,,,,,used,,,,20260905-1028
2026-09-05 13:49:36,EHAUSM-I,C8T1S5I8N5K,77,0,0.000200,0.000,0.008,39054424,38764,10,183,193,0,0,0,212648,29827,131690,0,0.377472,0.000000,0.000000,2481,0,2679.96,0,0,0,0,SUCCESS,0,1,warm20,,,,,,,,,,,used,,,,20260905-1028
2026-09-05 13:49:37,EHAUSM-I,C8T1S5I8N5K,78,0,0.000200,0.000,0.008,39411343,39145,10,252,263,0,0,0,284011,29822,203174,0,0.382241,0.000000,0.000000,2527,0,413.13,0,0,0,0,SUCCESS,0,1,warm20,,,,,,,,,,,used,,,,20260905-1028
2026-09-05 13:49:37,EHAUSM-I,C8T1S5I8N5K,79,0,0.000200,0.000,0.008,39780981,39526,10,417,427,0,0,0,355431,29890,273842,0,0.381771,0.000000,0.000000,2581,0,1277.13,0,0,0,0,SUCCESS,0,1,warm20,,,,,,,,,,,used,,,,20260905-1028
2026-09-05 13:49:37,EHAUSM-I,C8T1S5I8N5K,80,0,0.000200,0.000,0.008,40169171,39907,10,234,244,0,0,0,273706,29920,192292,0,0.366971,0.000000,0.000000,2552,0,1869.13,0,0,0,0,SUCCESS,0,1,warm20,,,,,,,,,,,used,,,,20260905-1028
2026-09-05 13:49:37,EHAUSM-I,C8T1S5I8N5K,81,0,0.000200,0.000,0.008,40555772,40288,10,187,198,0,0,0,213606,30042,132032,0,0.381452,0.000000,0.000000,2574,0,2317.13,0,0,0,0,SUCCESS,0,1,warm20,,,,,,,,,,,used,,,,20260905-1028
2026-09-05 13:49:38,EHAUSM-I,C8T1S5I8N5K,82,0,0.000200,0.000,0.008,40937437,40669,10,238,248,0,0,0,208931,30034,127796,0,0.367395,0.000000,0.000000,2542,0,2837.13,0,0,0,0,SUCCESS,0,1,warm20,,,,,,,,,,,used,,,,20260905-1028
2026-09-05 13:49:38,EHAUSM-I,C8T1S5I8N5K,83,0,0.000200,0.000,0.008,41314466,41050,11,255,266,0,0,0,251617,30066,170338,0,0.366618,0.000000,0.000000,2516,0,538.02,0,0,0,0,SUCCESS,0,1,warm20,,,,,,,,,,,used,,,,20260905-1028
2026-09-05 13:49:38,EHAUSM-I,C8T1S5I8N5K,84,0,0.000200,0.000,0.008,41724684,41431,11,194,205,0,0,0,267631,30177,186715,0,0.365919,0.000000,0.000000,2489,0,1058.02,0,0,0,0,SUCCESS,0,1,warm20,,,,,,,,,,,used,,,,20260905-1028
2026-09-05 13:49:39,EHAUSM-I,C8T1S5I8N5K,85,0,0.000200,0.000,0.008,42093147,41812,10,346,357,0,0,0,319856,30101,238756,0,0.353339,0.000000,0.000000,2440,0,1890.02,0,0,0,0,SUCCESS,0,1,warm20,,,,,,,,,,,used,,,,20260905-1028
2026-09-05 13:49:39,EHAUSM-I,C8T1S5I8N5K,86,0,0.000200,0.000,0.008,42494057,42193,11,399,410,0,0,0,327209,30090,245905,0,0.468156,0.000000,0.000000,2493,0,2738.02,0,0,0,0,SUCCESS,0,1,warm20,,,,,,,,,,,used,,,,20260905-1028
2026-09-05 13:49:39,EHAUSM-I,C8T1S5I8N5K,87,0,0.000200,0.000,0.008,42876090,42574,11,227,238,0,0,0,231243,30247,150514,0,0.367236,0.000000,0.000000,2433,0,377.60,0,0,0,0,SUCCESS,0,1,warm20,,,,,,,,,,,used,,,,20260905-1028
2026-09-05 13:49:39,EHAUSM-I,C8T1S5I8N5K,88,0,0.000200,0.000,0.008,43249167,42955,11,236,248,0,0,0,262833,30374,182170,0,0.353412,0.000000,0.000000,2454,0,953.60,0,0,0,0,SUCCESS,0,1,warm20,,,,,,,,,,,used,,,,20260905-1028
2026-09-05 13:49:40,EHAUSM-I,C8T1S5I8N5K,89,0,0.000200,0.000,0.008,43639417,43336,11,253,264,0,0,0,245012,30465,164753,0,0.355121,0.000000,0.000000,2455,0,1593.60,0,0,0,0,SUCCESS,0,1,warm20,,,,,,,,,,,used,,,,20260905-1028
2026-09-05 13:49:40,EHAUSM-I,C8T1S5I8N5K,90,0,0.000200,0.000,0.008,44032208,43717,11,249,261,0,0,0,247864,30534,167798,0,0.360421,0.000000,0.000000,2451,0,2193.60,0,0,0,0,SUCCESS,0,1,warm20,,,,,,,,,,,used,,,,20260905-1028
2026-09-05 13:49:40,EHAUSM-I,C8T1S5I8N5K,91,0,0.000200,0.000,0.008,44399967,44098,11,303,314,0,0,0,252232,30664,172069,0,0.344459,0.000000,0.000000,2431,0,2905.60,0,0,0,0,SUCCESS,0,1,warm20,,,,,,,,,,,used,,,,20260905-1028
2026-09-05 13:49:41,EHAUSM-I,C8T1S5I8N5K,92,0,0.000200,0.000,0.008,44779784,44479,11,242,254,0,0,0,266118,30630,186637,0,0.363465,0.000000,0.000000,2415,0,585.87,0,0,0,0,SUCCESS,0,1,warm20,,,,,,,,,,,used,,,,20260905-1028
2026-09-05 13:49:41,EHAUSM-I,C8T1S5I8N5K,93,0,0.000200,0.000,0.008,45163101,44860,11,217,228,0,0,0,224934,30774,145958,0,0.339174,0.000000,0.000000,2417,0,1129.87,0,0,0,0,SUCCESS,0,1,warm20,,,,,,,,,,,used,,,,20260905-1028
2026-09-05 13:49:41,EHAUSM-I,C8T1S5I8N5K,94,0,0.000200,0.000,0.008,45537311,45241,11,465,477,0,0,0,308933,30901,230054,0,0.419274,0.000000,0.000000,2509,0,2049.87,0,0,0,0,SUCCESS,0,1,warm20,,,,,,,,,,,used,,,,20260905-1028
2026-09-05 13:49:41,EHAUSM-I,C8T1S5I8N5K,95,0,0.000200,0.000,0.008,45914685,45622,11,214,226,0,0,0,191637,30916,113449,0,0.367499,0.000000,0.000000,2472,0,2569.87,0,0,0,0,SUCCESS,0,1,warm20,,,,,,,,,,,used,,,,20260905-1028
2026-09-05 13:49:42,EHAUSM-I,C8T1S5I8N5K,96,0,0.000200,0.000,0.008,46297846,46003,11,531,543,0,0,0,417266,30818,338020,0,0.401994,0.000000,0.000000,2565,0,774.46,0,0,0,0,SUCCESS,0,1,warm20,,,,,,,,,,,used,,,,20260905-1028
2026-09-05 13:49:42,EHAUSM-I,C8T1S5I8N5K,97,0,0.000200,0.000,0.008,46661169,46384,11,434,446,0,0,0,427602,30893,348340,0,0.380928,0.000000,0.000000,2642,0,1670.46,0,0,0,0,SUCCESS,0,1,warm20,,,,,,,,,,,used,,,,20260905-1028
2026-09-05 13:49:43,EHAUSM-I,C8T1S5I8N5K,98,0,0.000200,0.000,0.008,47042336,46765,11,456,468,0,0,0,267506,30912,188590,0,0.454728,0.000000,0.000000,2654,0,2566.46,0,0,0,0,SUCCESS,0,1,warm20,,,,,,,,,,,used,,,,20260905-1028
2026-09-05 13:49:43,EHAUSM-I,C8T1S5I8N5K,99,0,0.000200,0.000,0.008,47416411,47133,11,221,233,0,0,0,219956,30941,141403,0,0.353695,0.000000,0.000000,2623,0,3110.46,0,0,0,0,SUCCESS,0,1,warm20,,,,,,,,,,,used,,,,20260905-1028
2026-09-05 13:49:44,EHAUSM-I,C8T1S5I8N5K,0,1,0.000200,0.000,0.200,9488535,9427,56,642,698,0,0,0,4135735,15680,3992648,0,0.468087,0.000000,0.000000,6075,0,1007.75,0,0,0,0,SUCCESS,0,1,warm20,,,,,,,,,,,used,,,,20260905-1028
2026-09-05 13:49:45,EHAUSM-I,C8T1S5I8N5K,1,1,0.000200,0.000,0.008,9860531,9808,4,286,290,0,0,0,914526,16148,770549,0,0.456264,0.000000,0.000000,5885,0,2087.75,0,0,0,0,SUCCESS,0,1,warm20,,,,,,,,,,,used,,,,20260905-1028
2026-09-05 13:49:45,EHAUSM-I,C8T1S5I8N5K,2,1,0.000200,0.000,0.008,10237847,10189,4,191,196,0,0,0,505379,16704,368120,0,0.422108,0.000000,0.000000,6216,0,794.46,0,0,0,0,SUCCESS,0,1,warm20,,,,,,,,,,,used,,,,20260905-1028
2026-09-05 13:49:45,EHAUSM-I,C8T1S5I8N5K,3,1,0.000200,0.000,0.008,10612071,10570,4,162,167,0,0,0,524125,17032,396789,0,0.402472,0.000000,0.000000,5710,0,1466.46,0,0,0,0,SUCCESS,0,1,warm20,,,,,,,,,,,used,,,,20260905-1028
2026-09-05 13:49:45,EHAUSM-I,C8T1S5I8N5K,4,1,0.000200,0.000,0.008,10998812,10951,4,150,154,0,0,0,484569,17462,364315,0,0.437098,0.000000,0.000000,6197,0,2098.46,0,0,0,0,SUCCESS,0,1,warm20,,,,,,,,,,,used,,,,20260905-1028
2026-09-05 13:49:45,EHAUSM-I,C8T1S5I8N5K,5,1,0.000200,0.000,0.008,11372679,11332,4,217,222,0,0,0,709998,17959,583617,0,0.392812,0.000000,0.000000,7077,0,1105.11,0,0,0,0,SUCCESS,0,1,warm20,,,,,,,,,,,used,,,,20260905-1028
2026-09-05 13:49:46,EHAUSM-I,C8T1S5I8N5K,6,1,0.000200,0.000,0.008,11751454,11713,5,178,183,0,0,0,510861,18554,385234,0,0.418454,0.000000,0.000000,7171,0,1833.11,0,0,0,0,SUCCESS,0,1,warm20,,,,,,,,,,,used,,,,20260905-1028
2026-09-05 13:49:46,EHAUSM-I,C8T1S5I8N5K,7,1,0.000200,0.000,0.008,12140855,12094,4,260,265,0,0,0,718733,18893,596831,0,0.367641,0.000000,0.000000,7532,0,712.34,0,0,0,0,SUCCESS,0,1,warm20,,,,,,,,,,,used,,,,20260905-1028
2026-09-05 13:49:46,EHAUSM-I,C8T1S5I8N5K,8,1,0.000200,0.000,0.008,12513750,12475,5,242,247,0,0,0,647791,19203,526884,0,0.392095,0.000000,0.000000,7536,0,1664.34,0,0,0,0,SUCCESS,0,1,warm20,,,,,,,,,,,used,,,,20260905-1028
2026-09-05 13:49:46,EHAUSM-I,C8T1S5I8N5K,9,1,0.000200,0.000,0.008,12914821,12856,5,161,166,0,0,0,456077,19544,337540,0,0.465827,0.000000,0.000000,6698,0,315.56,0,0,0,0,SUCCESS,0,1,warm20,,,,,,,,,,,used,,,,20260905-1028
2026-09-05 13:49:46,EHAUSM-I,C8T1S5I8N5K,10,1,0.000200,0.000,0.008,13305508,13237,5,162,167,0,0,0,385323,19867,269894,0,0.398122,0.000000,0.000000,6517,0,835.56,0,0,0,0,SUCCESS,0,1,warm20,,,,,,,,,,,used,,,,20260905-1028
2026-09-05 13:49:47,EHAUSM-I,C8T1S5I8N5K,11,1,0.000200,0.000,0.008,13706693,13618,5,143,148,0,0,0,328919,20077,217691,0,0.390408,0.000000,0.000000,6096,0,1291.56,0,0,0,0,SUCCESS,0,1,warm20,,,,,,,,,,,used,,,,20260905-1028
2026-09-05 13:49:47,EHAUSM-I,C8T1S5I8N5K,12,1,0.000200,0.000,0.008,14085848,13999,5,164,170,0,0,0,385307,20493,273976,0,0.440606,0.000000,0.000000,5787,0,1803.56,0,0,0,0,SUCCESS,0,1,warm20,,,,,,,,,,,used,,,,20260905-1028
2026-09-05 13:49:47,EHAUSM-I,C8T1S5I8N5K,13,1,0.000200,0.000,0.008,14448564,14380,5,217,223,0,0,0,456632,20793,346328,0,0.420454,0.000000,0.000000,5569,0,2467.56,0,0,0,0,SUCCESS,0,1,warm20,,,,,,,,,,,used,,,,20260905-1028
2026-09-05 13:49:47,EHAUSM-I,C8T1S5I8N5K,14,1,0.000200,0.000,0.008,14856850,14761,5,315,321,0,0,0,733810,21036,625540,0,0.381148,0.000000,0.000000,5314,0,3387.56,0,0,0,0,SUCCESS,0,1,warm20,,,,,,,,,,,used,,,,20260905-1028
2026-09-05 13:49:48,EHAUSM-I,C8T1S5I8N5K,15,1,0.000200,0.000,0.008,15236031,15142,5,356,361,0,0,0,661429,21338,551111,0,0.418015,0.000000,0.000000,5751,0,4355.56,0,0,0,0,SUCCESS,0,1,warm20,,,,,,,,,,,used,,,,20260905-1028
2026-09-05 13:49:48,EHAUSM-I,C8T1S5I8N5K,16,1,0.000200,0.000,0.008,15637254,15523,6,161,167,0,0,0,351750,21546,244962,0,0.409582,0.000000,0.000000,5143,0,4811.56,0,0,0,0,SUCCESS,0,1,warm20,,,,,,,,,,,used,,,,20260905-1028
2026-09-05 13:49:48,EHAUSM-I,C8T1S5I8N5K,17,1,0.000200,0.000,0.008,16001183,15904,5,150,156,0,0,0,310539,21935,205662,0,0.363783,0.000000,0.000000,4765,0,5251.56,0,0,0,0,SUCCESS,0,1,warm20,,,,,,,,,,,used,,,,20260905-1028
2026-09-05 13:49:48,EHAUSM-I,C8T1S5I8N5K,18,1,0.000200,0.000,0.008,16376279,16285,5,327,333,0,0,0,643006,22181,540869,0,0.481601,0.000000,0.000000,5394,0,6139.56,0,0,0,0,SUCCESS,0,1,warm20,,,,,,,,,,,used,,,,20260905-1028
2026-09-05 13:49:49,EHAUSM-I,C8T1S5I8N5K,19,1,0.000200,0.000,0.008,16736060,16666,6,305,311,0,0,0,342400,22473,242279,0,0.399642,0.000000,0.000000,5316,0,593.07,0,0,0,0,SUCCESS,0,1,warm20,,,,,,,,,,,used,,,,20260905-1028
2026-09-05 13:49:49,EHAUSM-I,C8T1S5I8N5K,20,1,0.000200,0.000,0.008,17118756,17047,5,138,144,0,0,0,353844,22785,253754,0,0.361282,0.000000,0.000000,5733,0,1129.07,0,0,0,0,SUCCESS,0,1,warm20,,,,,,,,,,,used,,,,20260905-1028
2026-09-05 13:49:49,EHAUSM-I,C8T1S5I8N5K,21,1,0.000200,0.000,0.008,17469367,17428,5,132,138,0,0,0,309497,22920,210232,0,0.469779,0.000000,0.000000,5511,0,1577.07,0,0,0,0,SUCCESS,0,1,warm20,,,,,,,,,,,used,,,,20260905-1028
2026-09-05 13:49:49,EHAUSM-I,C8T1S5I8N5K,22,1,0.000200,0.000,0.008,17882077,17809,5,174,180,0,0,0,349352,23259,249193,0,0.422266,0.000000,0.000000,5460,0,2137.07,0,0,0,0,SUCCESS,0,1,warm20,,,,,,,,,,,used,,,,20260905-1028
2026-09-05 13:49:49,EHAUSM-I,C8T1S5I8N5K,23,1,0.000200,0.000,0.008,18263919,18190,6,138,144,0,0,0,314834,23313,215325,0,0.367083,0.000000,0.000000,5224,0,2601.07,0,0,0,0,SUCCESS,0,1,warm20,,,,,,,,,,,used,,,,20260905-1028
2026-09-05 13:49:49,EHAUSM-I,C8T1S5I8N5K,24,1,0.000200,0.000,0.008,18657262,18571,5,129,135,0,0,0,243650,23390,145628,0,0.379691,0.000000,0.000000,4981,0,3009.07,0,0,0,0,SUCCESS,0,1,warm20,,,,,,,,,,,used,,,,20260905-1028
2026-09-05 13:49:50,EHAUSM-I,C8T1S5I8N5K,25,1,0.000200,0.000,0.008,19053088,18952,5,172,178,0,0,0,376608,23537,278496,0,0.406374,0.000000,0.000000,4603,0,3553.07,0,0,0,0,SUCCESS,0,1,warm20,,,,,,,,,,,used,,,,20260905-1028
2026-09-05 13:49:50,EHAUSM-I,C8T1S5I8N5K,26,1,0.000200,0.000,0.008,19437911,19333,6,105,111,0,0,0,240932,23703,145122,0,0.329377,0.000000,0.000000,4467,0,3889.07,0,0,0,0,SUCCESS,0,1,warm20,,,,,,,,,,,used,,,,20260905-1028
2026-09-05 13:49:50,EHAUSM-I,C8T1S5I8N5K,27,1,0.000200,0.000,0.008,19822113,19714,6,241,247,0,0,0,403429,23955,307385,0,0.415907,0.000000,0.000000,4548,0,4617.07,0,0,0,0,SUCCESS,0,1,warm20,,,,,,,,,,,used,,,,20260905-1028
2026-09-05 13:49:50,EHAUSM-I,C8T1S5I8N5K,28,1,0.000200,0.000,0.008,20208654,20095,6,142,148,0,0,0,255184,24101,159965,0,0.380933,0.000000,0.000000,4279,0,5033.07,0,0,0,0,SUCCESS,0,1,warm20,,,,,,,,,,,used,,,,20260905-1028
2026-09-05 13:49:50,EHAUSM-I,C8T1S5I8N5K,29,1,0.000200,0.000,0.008,20585609,20476,6,152,159,0,0,0,277632,24251,183722,0,0.377053,0.000000,0.000000,4122,0,5505.07,0,0,0,0,SUCCESS,0,1,warm20,,,,,,,,,,,used,,,,20260905-1028
2026-09-05 13:49:50,EHAUSM-I,C8T1S5I8N5K,30,1,0.000200,0.000,0.008,20988516,20857,6,155,162,0,0,0,305251,24454,210516,0,0.409550,0.000000,0.000000,3896,0,5945.07,0,0,0,0,SUCCESS,0,1,warm20,,,,,,,,,,,used,,,,20260905-1028
2026-09-05 13:49:51,EHAUSM-I,C8T1S5I8N5K,31,1,0.000200,0.000,0.008,21379871,21238,6,191,198,0,0,0,335610,24746,241941,0,0.405602,0.000000,0.000000,3722,0,6497.07,0,0,0,0,SUCCESS,0,1,warm20,,,,,,,,,,,used,,,,20260905-1028
2026-09-05 13:49:51,EHAUSM-I,C8T1S5I8N5K,32,1,0.000200,0.000,0.008,21758395,21619,6,309,316,0,0,0,586341,24831,492266,0,0.366514,0.000000,0.000000,3512,0,1041.07,0,0,0,0,SUCCESS,0,1,warm20,,,,,,,,,,,used,,,,20260905-1028
2026-09-05 13:49:51,EHAUSM-I,C8T1S5I8N5K,33,1,0.000200,0.000,0.008,22151372,22000,7,236,243,0,0,0,312384,24848,219695,0,0.467869,0.000000,0.000000,3756,0,1689.07,0,0,0,0,SUCCESS,0,1,warm20,,,,,,,,,,,used,,,,20260905-1028
2026-09-05 13:49:51,EHAUSM-I,C8T1S5I8N5K,34,1,0.000200,0.000,0.008,22537156,22381,7,164,171,0,0,0,266880,25080,174616,0,0.362531,0.000000,0.000000,3758,0,2193.07,0,0,0,0,SUCCESS,0,1,warm20,,,,,,,,,,,used,,,,20260905-1028
2026-09-05 13:49:52,EHAUSM-I,C8T1S5I8N5K,35,1,0.000200,0.000,0.008,22909920,22762,7,303,310,0,0,0,483695,25240,391075,0,0.419999,0.000000,0.000000,3731,0,3017.07,0,0,0,0,SUCCESS,0,1,warm20,,,,,,,,,,,used,,,,20260905-1028
2026-09-05 13:49:52,EHAUSM-I,C8T1S5I8N5K,36,1,0.000200,0.000,0.008,23320068,23143,7,184,191,0,0,0,293049,25328,200781,0,0.373407,0.000000,0.000000,3641,0,3553.07,0,0,0,0,SUCCESS,0,1,warm20,,,,,,,,,,,used,,,,20260905-1028
2026-09-05 13:49:52,EHAUSM-I,C8T1S5I8N5K,37,1,0.000200,0.000,0.008,23698370,23524,7,150,157,0,0,0,280061,25457,189087,0,0.375746,0.000000,0.000000,3515,0,4017.07,0,0,0,0,SUCCESS,0,1,warm20,,,,,,,,,,,used,,,,20260905-1028
2026-09-05 13:49:52,EHAUSM-I,C8T1S5I8N5K,38,1,0.000200,0.000,0.008,24100790,23905,7,158,166,0,0,0,286452,25535,196660,0,0.391363,0.000000,0.000000,3291,0,4481.07,0,0,0,0,SUCCESS,0,1,warm20,,,,,,,,,,,used,,,,20260905-1028
2026-09-05 13:49:52,EHAUSM-I,C8T1S5I8N5K,39,1,0.000200,0.000,0.008,24494244,24286,7,133,141,0,0,0,232782,25605,144364,0,0.356201,0.000000,0.000000,3104,0,4873.07,0,0,0,0,SUCCESS,0,1,warm20,,,,,,,,,,,used,,,,20260905-1028
2026-09-05 13:49:52,EHAUSM-I,C8T1S5I8N5K,40,1,0.000200,0.000,0.008,24862589,24667,8,160,168,0,0,0,296320,25823,208149,0,0.428745,0.000000,0.000000,2983,0,5337.07,0,0,0,0,SUCCESS,0,1,warm20,,,,,,,,,,,used,,,,20260905-1028
2026-09-05 13:49:53,EHAUSM-I,C8T1S5I8N5K,41,1,0.000200,0.000,0.008,25264734,25048,7,165,173,0,0,0,271886,25985,183845,0,0.369142,0.000000,0.000000,2906,0,5793.07,0,0,0,0,SUCCESS,0,1,warm20,,,,,,,,,,,used,,,,20260905-1028
2026-09-05 13:49:53,EHAUSM-I,C8T1S5I8N5K,42,1,0.000200,0.000,0.008,25654120,25429,7,162,169,0,0,0,243648,26164,155693,0,0.372987,0.000000,0.000000,2835,0,6241.07,0,0,0,0,SUCCESS,0,1,warm20,,,,,,,,,,,used,,,,20260905-1028
2026-09-05 13:49:53,EHAUSM-I,C8T1S5I8N5K,43,1,0.000200,0.000,0.008,26046150,25810,7,331,339,0,0,0,415478,26327,327316,0,0.355140,0.000000,0.000000,2897,0,670.35,0,0,0,0,SUCCESS,0,1,warm20,,,,,,,,,,,used,,,,20260905-1028
2026-09-05 13:49:53,EHAUSM-I,C8T1S5I8N5K,44,1,0.000200,0.000,0.008,26432947,26191,7,197,205,0,0,0,311518,26489,222857,0,0.388503,0.000000,0.000000,2697,0,1238.35,0,0,0,0,SUCCESS,0,1,warm20,,,,,,,,,,,used,,,,20260905-1028
2026-09-05 13:49:54,EHAUSM-I,C8T1S5I8N5K,45,1,0.000200,0.000,0.008,26847057,26572,7,177,185,0,0,0,291981,26610,203355,0,0.355688,0.000000,0.000000,2736,0,1790.35,0,0,0,0,SUCCESS,0,1,warm20,,,,,,,,,,,used,,,,20260905-1028
2026-09-05 13:49:54,EHAUSM-I,C8T1S5I8N5K,46,1,0.000200,0.000,0.008,27199889,26953,7,188,196,0,0,0,301341,26764,212108,0,0.394408,0.000000,0.000000,2876,0,2350.35,0,0,0,0,SUCCESS,0,1,warm20,,,,,,,,,,,used,,,,20260905-1028
2026-09-05 13:49:54,EHAUSM-I,C8T1S5I8N5K,47,1,0.000200,0.000,0.008,27579163,27334,7,346,354,0,0,0,459968,26865,371005,0,0.394784,0.000000,0.000000,2901,0,3206.35,0,0,0,0,SUCCESS,0,1,warm20,,,,,,,,,,,used,,,,20260905-1028
2026-09-05 13:49:54,EHAUSM-I,C8T1S5I8N5K,48,1,0.000200,0.000,0.008,27972766,27715,7,230,238,0,0,0,352974,27042,263408,0,0.387473,0.000000,0.000000,2982,0,3862.35,0,0,0,0,SUCCESS,0,1,warm20,,,,,,,,,,,used,,,,20260905-1028
2026-09-05 13:49:55,EHAUSM-I,C8T1S5I8N5K,49,1,0.000200,0.000,0.008,28365723,28096,8,291,299,0,0,0,358886,27173,269599,0,0.453802,0.000000,0.000000,3165,0,4582.35,0,0,0,0,SUCCESS,0,1,warm20,,,,,,,,,,,used,,,,20260905-1028
2026-09-05 13:49:55,EHAUSM-I,C8T1S5I8N5K,50,1,0.000200,0.000,0.008,28747973,28477,8,216,224,0,0,0,324127,27398,235223,0,0.359604,0.000000,0.000000,3190,0,5182.35,0,0,0,0,SUCCESS,0,1,warm20,,,,,,,,,,,used,,,,20260905-1028
2026-09-05 13:49:55,EHAUSM-I,C8T1S5I8N5K,51,1,0.000200,0.000,0.008,29148674,28858,8,224,232,0,0,0,295554,27518,206902,0,0.367741,0.000000,0.000000,3606,0,5814.35,0,0,0,0,SUCCESS,0,1,warm20,,,,,,,,,,,used,,,,20260905-1028
2026-09-05 13:49:55,EHAUSM-I,C8T1S5I8N5K,52,1,0.000200,0.000,0.008,29538239,29239,8,177,186,0,0,0,261077,27569,173262,0,0.395767,0.000000,0.000000,3511,0,6294.35,0,0,0,0,SUCCESS,0,1,warm20,,,,,,,,,,,used,,,,20260905-1028
2026-09-05 13:49:56,EHAUSM-I,C8T1S5I8N5K,53,1,0.000200,0.000,0.008,29906147,29620,8,204,213,0,0,0,294467,27683,206530,0,0.383637,0.000000,0.000000,3391,0,484.00,0,0,0,0,SUCCESS,0,1,warm20,,,,,,,,,,,used,,,,20260905-1028
2026-09-05 13:49:56,EHAUSM-I,C8T1S5I8N5K,54,1,0.000200,0.000,0.008,30291495,30001,8,167,176,0,0,0,262925,27668,175792,0,0.387544,0.000000,0.000000,3264,0,964.00,0,0,0,0,SUCCESS,0,1,warm20,,,,,,,,,,,used,,,,20260905-1028
2026-09-05 13:49:56,EHAUSM-I,C8T1S5I8N5K,55,1,0.000200,0.000,0.008,30683235,30382,8,215,224,0,0,0,306052,27749,219408,0,0.370960,0.000000,0.000000,3174,0,1548.00,0,0,0,0,SUCCESS,0,1,warm20,,,,,,,,,,,used,,,,20260905-1028
2026-09-05 13:49:56,EHAUSM-I,C8T1S5I8N5K,56,1,0.000200,0.000,0.008,31050500,30763,8,174,183,0,0,0,247471,27898,161578,0,0.340850,0.000000,0.000000,3135,0,2044.00,0,0,0,0,SUCCESS,0,1,warm20,,,,,,,,,,,used,,,,20260905-1028
2026-09-05 13:49:56,EHAUSM-I,C8T1S5I8N5K,57,1,0.000200,0.000,0.008,31397327,31144,8,142,150,0,0,0,192639,27964,107671,0,0.355693,0.000000,0.000000,3034,0,2428.00,0,0,0,0,SUCCESS,0,1,warm20,,,,,,,,,,,used,,,,20260905-1028
2026-09-05 13:49:56,EHAUSM-I,C8T1S5I8N5K,58,1,0.000200,0.000,0.008,31771532,31525,8,141,150,0,0,0,218006,28036,133805,0,0.382276,0.000000,0.000000,3040,0,2812.00,0,0,0,0,SUCCESS,0,1,warm20,,,,,,,,,,,used,,,,20260905-1028
2026-09-05 13:49:57,EHAUSM-I,C8T1S5I8N5K,59,1,0.000200,0.000,0.008,32144335,31906,8,200,209,0,0,0,311879,28191,227542,0,0.379638,0.000000,0.000000,2918,0,3324.00,0,0,0,0,SUCCESS,0,1,warm20,,,,,,,,,,,used,,,,20260905-1028
2026-09-05 13:49:57,EHAUSM-I,C8T1S5I8N5K,60,1,0.000200,0.000,0.008,32548859,32287,8,365,374,0,0,0,361423,28305,276338,0,0.371809,0.000000,0.000000,3066,0,4188.00,0,0,0,0,SUCCESS,0,1,warm20,,,,,,,,,,,used,,,,20260905-1028
2026-09-05 13:49:57,EHAUSM-I,C8T1S5I8N5K,61,1,0.000200,0.000,0.008,32946105,32668,8,195,204,0,0,0,276338,28383,190568,0,0.352663,0.000000,0.000000,3028,0,4700.00,0,0,0,0,SUCCESS,0,1,warm20,,,,,,,,,,,used,,,,20260905-1028
2026-09-05 13:49:57,EHAUSM-I,C8T1S5I8N5K,62,1,0.000200,0.000,0.008,33335321,33049,9,186,195,0,0,0,216939,28502,131529,0,0.354481,0.000000,0.000000,2938,0,5172.00,0,0,0,0,SUCCESS,0,1,warm20,,,,,,,,,,,used,,,,20260905-1028
2026-09-05 13:49:58,EHAUSM-I,C8T1S5I8N5K,63,1,0.000200,0.000,0.008,33722190,33430,9,232,241,0,0,0,316996,28525,231786,0,0.429587,0.000000,0.000000,2955,0,5796.00,0,0,0,0,SUCCESS,0,1,warm20,,,,,,,,,,,used,,,,20260905-1028
2026-09-05 13:49:58,EHAUSM-I,C8T1S5I8N5K,64,1,0.000200,0.000,0.008,34102757,33811,9,222,231,0,0,0,236273,28687,151719,0,0.346043,0.000000,0.000000,2871,0,6340.00,0,0,0,0,SUCCESS,0,1,warm20,,,,,,,,,,,used,,,,20260905-1028
2026-09-05 13:49:58,EHAUSM-I,C8T1S5I8N5K,65,1,0.000200,0.000,0.008,34480042,34192,9,180,189,0,0,0,223905,28815,139469,0,0.360205,0.000000,0.000000,2789,0,476.00,0,0,0,0,SUCCESS,0,1,warm20,,,,,,,,,,,used,,,,20260905-1028
2026-09-05 13:49:58,EHAUSM-I,C8T1S5I8N5K,66,1,0.000200,0.000,0.008,34856177,34573,9,179,188,0,0,0,219106,28846,135400,0,0.375246,0.000000,0.000000,2698,0,932.00,0,0,0,0,SUCCESS,0,1,warm20,,,,,,,,,,,used,,,,20260905-1028
2026-09-05 13:49:58,EHAUSM-I,C8T1S5I8N5K,67,1,0.000200,0.000,0.008,35248911,34954,9,179,189,0,0,0,234771,29022,151777,0,0.356399,0.000000,0.000000,2620,0,1396.00,0,0,0,0,SUCCESS,0,1,warm20,,,,,,,,,,,used,,,,20260905-1028
2026-09-05 13:49:59,EHAUSM-I,C8T1S5I8N5K,68,1,0.000200,0.000,0.008,35625465,35335,9,192,202,0,0,0,283265,29173,200569,0,0.390087,0.000000,0.000000,2554,0,1892.00,0,0,0,0,SUCCESS,0,1,warm20,,,,,,,,,,,used,,,,20260905-1028
2026-09-05 13:49:59,EHAUSM-I,C8T1S5I8N5K,69,1,0.000200,0.000,0.008,36012354,35716,9,174,184,0,0,0,224033,29231,142505,0,0.379743,0.000000,0.000000,2554,0,2340.00,0,0,0,0,SUCCESS,0,1,warm20,,,,,,,,,,,used,,,,20260905-1028
2026-09-05 13:49:59,EHAUSM-I,C8T1S5I8N5K,70,1,0.000200,0.000,0.008,36402179,36097,9,201,211,0,0,0,282657,29306,201231,0,0.397854,0.000000,0.000000,2518,0,2868.00,0,0,0,0,SUCCESS,0,1,warm20,,,,,,,,,,,used,,,,20260905-1028
2026-09-05 13:49:59,EHAUSM-I,C8T1S5I8N5K,71,1,0.000200,0.000,0.008,36796212,36478,10,198,209,0,0,0,214691,29380,133557,0,0.363902,0.000000,0.000000,2562,0,3380.00,0,0,0,0,SUCCESS,0,1,warm20,,,,,,,,,,,used,,,,20260905-1028
2026-09-05 13:49:59,EHAUSM-I,C8T1S5I8N5K,72,1,0.000200,0.000,0.008,37177330,36859,10,221,231,0,0,0,266978,29443,186198,0,0.374848,0.000000,0.000000,2519,0,3940.00,0,0,0,0,SUCCESS,0,1,warm20,,,,,,,,,,,used,,,,20260905-1028
2026-09-05 13:50:00,EHAUSM-I,C8T1S5I8N5K,73,1,0.000200,0.000,0.008,37549228,37240,9,375,385,0,0,0,312096,29524,231231,0,0.355413,0.000000,0.000000,2480,0,4700.00,0,0,0,0,SUCCESS,0,1,warm20,,,,,,,,,,,used,,,,20260905-1028
2026-09-05 13:50:00,EHAUSM-I,C8T1S5I8N5K,74,1,0.000200,0.000,0.008,37929817,37621,10,225,235,0,0,0,250750,29643,169791,0,0.371847,0.000000,0.000000,2451,0,5268.00,0,0,0,0,SUCCESS,0,1,warm20,,,,,,,,,,,used,,,,20260905-1028
2026-09-05 13:50:01,EHAUSM-I,C8T1S5I8N5K,75,1,0.000200,0.000,0.008,38317022,38002,10,429,439,0,0,0,316289,29692,234990,0,0.421284,0.000000,0.000000,2489,0,6116.00,0,0,0,0,SUCCESS,0,1,warm20,,,,,,,,,,,used,,,,20260905-1028
2026-09-05 13:50:01,EHAUSM-I,C8T1S5I8N5K,76,1,0.000200,0.000,0.008,38681308,38383,10,206,217,0,0,0,252361,29756,171269,0,0.368357,0.000000,0.000000,2455,0,6636.00,0,0,0,0,SUCCESS,0,1,warm20,,,,,,,,,,,used,,,,20260905-1028
2026-09-05 13:50:01,EHAUSM-I,C8T1S5I8N5K,77,1,0.000200,0.000,0.008,39054424,38764,10,178,188,0,0,0,212648,29827,131690,0,0.377472,0.000000,0.000000,2481,0,735.90,0,0,0,0,SUCCESS,0,1,warm20,,,,,,,,,,,used,,,,20260905-1028
2026-09-05 13:50:01,EHAUSM-I,C8T1S5I8N5K,78,1,0.000200,0.000,0.008,39411343,39145,10,243,254,0,0,0,284011,29822,203174,0,0.382241,0.000000,0.000000,2527,0,1367.90,0,0,0,0,SUCCESS,0,1,warm20,,,,,,,,,,,used,,,,20260905-1028
2026-09-05 13:50:02,EHAUSM-I,C8T1S5I8N5K,79,1,0.000200,0.000,0.008,39780981,39526,10,420,431,0,0,0,355431,29890,273842,0,0.381771,0.000000,0.000000,2581,0,2223.90,0,0,0,0,SUCCESS,0,1,warm20,,,,,,,,,,,used,,,,20260905-1028
2026-09-05 13:50:02,EHAUSM-I,C8T1S5I8N5K,80,1,0.000200,0.000,0.008,40169171,39907,10,236,247,0,0,0,273706,29920,192292,0,0.366971,0.000000,0.000000,2552,0,2823.90,0,0,0,0,SUCCESS,0,1,warm20,,,,,,,,,,,used,,,,20260905-1028
2026-09-05 13:50:02,EHAUSM-I,C8T1S5I8N5K,81,1,0.000200,0.000,0.008,40555772,40288,10,189,200,0,0,0,213606,30042,132032,0,0.381452,0.000000,0.000000,2574,0,3263.90,0,0,0,0,SUCCESS,0,1,warm20,,,,,,,,,,,used,,,,20260905-1028
2026-09-05 13:50:02,EHAUSM-I,C8T1S5I8N5K,82,1,0.000200,0.000,0.008,40937437,40669,10,240,250,0,0,0,208931,30034,127796,0,0.367395,0.000000,0.000000,2542,0,3783.90,0,0,0,0,SUCCESS,0,1,warm20,,,,,,,,,,,used,,,,20260905-1028
2026-09-05 13:50:03,EHAUSM-I,C8T1S5I8N5K,83,1,0.000200,0.000,0.008,41314466,41050,10,257,268,0,0,0,251617,30066,170338,0,0.366618,0.000000,0.000000,2516,0,4375.90,0,0,0,0,SUCCESS,0,1,warm20,,,,,,,,,,,used,,,,20260905-1028
2026-09-05 13:50:03,EHAUSM-I,C8T1S5I8N5K,84,1,0.000200,0.000,0.008,41724684,41431,11,200,211,0,0,0,267631,30177,186715,0,0.365919,0.000000,0.000000,2489,0,4895.90,0,0,0,0,SUCCESS,0,1,warm20,,,,,,,,,,,used,,,,20260905-1028
2026-09-05 13:50:03,EHAUSM-I,C8T1S5I8N5K,85,1,0.000200,0.000,0.008,42093147,41812,11,354,365,0,0,0,319856,30101,238756,0,0.353339,0.000000,0.000000,2440,0,5727.90,0,0,0,0,SUCCESS,0,1,warm20,,,,,,,,,,,used,,,,20260905-1028
2026-09-05 13:50:04,EHAUSM-I,C8T1S5I8N5K,86,1,0.000200,0.000,0.008,42494057,42193,10,409,420,0,0,0,327209,30090,245905,0,0.468156,0.000000,0.000000,2493,0,6575.90,0,0,0,0,SUCCESS,0,1,warm20,,,,,,,,,,,used,,,,20260905-1028
2026-09-05 13:50:04,EHAUSM-I,C8T1S5I8N5K,87,1,0.000200,0.000,0.008,42876090,42574,11,223,234,0,0,0,231243,30247,150514,0,0.367236,0.000000,0.000000,2433,0,783.90,0,0,0,0,SUCCESS,0,1,warm20,,,,,,,,,,,used,,,,20260905-1028
2026-09-05 13:50:04,EHAUSM-I,C8T1S5I8N5K,88,1,0.000200,0.000,0.008,43249167,42955,11,237,248,0,0,0,262833,30374,182170,0,0.353412,0.000000,0.000000,2454,0,1351.90,0,0,0,0,SUCCESS,0,1,warm20,,,,,,,,,,,used,,,,20260905-1028
2026-09-05 13:50:04,EHAUSM-I,C8T1S5I8N5K,89,1,0.000200,0.000,0.008,43639417,43336,11,254,266,0,0,0,245012,30465,164753,0,0.355121,0.000000,0.000000,2455,0,1991.90,0,0,0,0,SUCCESS,0,1,warm20,,,,,,,,,,,used,,,,20260905-1028
2026-09-05 13:50:05,EHAUSM-I,C8T1S5I8N5K,90,1,0.000200,0.000,0.008,44032208,43717,11,252,264,0,0,0,247864,30534,167798,0,0.360421,0.000000,0.000000,2451,0,2591.90,0,0,0,0,SUCCESS,0,1,warm20,,,,,,,,,,,used,,,,20260905-1028
2026-09-05 13:50:05,EHAUSM-I,C8T1S5I8N5K,91,1,0.000200,0.000,0.008,44399967,44098,11,306,318,0,0,0,252232,30664,172069,0,0.344459,0.000000,0.000000,2431,0,3303.90,0,0,0,0,SUCCESS,0,1,warm20,,,,,,,,,,,used,,,,20260905-1028
2026-09-05 13:50:05,EHAUSM-I,C8T1S5I8N5K,92,1,0.000200,0.000,0.008,44779784,44479,11,244,256,0,0,0,266118,30630,186637,0,0.363465,0.000000,0.000000,2415,0,3879.90,0,0,0,0,SUCCESS,0,1,warm20,,,,,,,,,,,used,,,,20260905-1028
2026-09-05 13:50:05,EHAUSM-I,C8T1S5I8N5K,93,1,0.000200,0.000,0.008,45163101,44860,11,223,234,0,0,0,224934,30774,145958,0,0.339174,0.000000,0.000000,2417,0,4423.90,0,0,0,0,SUCCESS,0,1,warm20,,,,,,,,,,,used,,,,20260905-1028
2026-09-05 13:50:06,EHAUSM-I,C8T1S5I8N5K,94,1,0.000200,0.000,0.008,45537311,45241,11,472,484,0,0,0,308933,30901,230054,0,0.419274,0.000000,0.000000,2509,0,5351.90,0,0,0,0,SUCCESS,0,1,warm20,,,,,,,,,,,used,,,,20260905-1028
2026-09-05 13:50:06,EHAUSM-I,C8T1S5I8N5K,95,1,0.000200,0.000,0.008,45914685,45622,12,225,237,0,0,0,191637,30916,113449,0,0.367499,0.000000,0.000000,2472,0,5863.90,0,0,0,0,SUCCESS,0,1,warm20,,,,,,,,,,,used,,,,20260905-1028
2026-09-05 13:50:07,EHAUSM-I,C8T1S5I8N5K,96,1,0.000200,0.000,0.008,46297846,46003,11,535,547,0,0,0,417266,30818,338020,0,0.401994,0.000000,0.000000,2565,0,623.90,0,0,0,0,SUCCESS,0,1,warm20,,,,,,,,,,,used,,,,20260905-1028
2026-09-05 13:50:07,EHAUSM-I,C8T1S5I8N5K,97,1,0.000200,0.000,0.008,46661169,46384,12,434,446,0,0,0,427602,30893,348340,0,0.380928,0.000000,0.000000,2642,0,1519.90,0,0,0,0,SUCCESS,0,1,warm20,,,,,,,,,,,used,,,,20260905-1028
2026-09-05 13:50:08,EHAUSM-I,C8T1S5I8N5K,98,1,0.000200,0.000,0.008,47042336,46765,12,458,470,0,0,0,267506,30912,188590,0,0.454728,0.000000,0.000000,2654,0,2423.90,0,0,0,0,SUCCESS,0,1,warm20,,,,,,,,,,,used,,,,20260905-1028
2026-09-05 13:50:08,EHAUSM-I,C8T1S5I8N5K,99,1,0.000200,0.000,0.008,47416411,47133,12,222,234,0,0,0,219956,30941,141403,0,0.353695,0.000000,0.000000,2623,0,2959.90,0,0,0,0,SUCCESS,0,1,warm20,,,,,,,,,,,used,,,,20260905-1028
2026-09-05 13:50:09,EHAUSM-I,C8T1S5I8N5K,0,2,0.000200,0.000,0.200,9488535,9427,55,656,711,0,0,0,4135735,15680,3992648,0,0.468087,0.000000,0.000000,6075,0,942.50,0,0,0,0,SUCCESS,0,1,warm20,,,,,,,,,,,used,,,,20260905-1028
2026-09-05 13:50:09,EHAUSM-I,C8T1S5I8N5K,1,2,0.000200,0.000,0.008,9860531,9808,4,214,218,0,0,0,914526,16148,770549,0,0.456264,0.000000,0.000000,5885,0,2022.50,0,0,0,0,SUCCESS,0,1,warm20,,,,,,,,,,,used,,,,20260905-1028
2026-09-05 13:50:09,EHAUSM-I,C8T1S5I8N5K,2,2,0.000200,0.000,0.008,10237847,10189,4,179,184,0,0,0,505379,16704,368120,0,0.422108,0.000000,0.000000,6216,0,548.46,0,0,0,0,SUCCESS,0,1,warm20,,,,,,,,,,,used,,,,20260905-1028
2026-09-05 13:50:10,EHAUSM-I,C8T1S5I8N5K,3,2,0.000200,0.000,0.008,10612071,10570,4,160,164,0,0,0,524125,17032,396789,0,0.402472,0.000000,0.000000,5710,0,1220.46,0,0,0,0,SUCCESS,0,1,warm20,,,,,,,,,,,used,,,,20260905-1028
2026-09-05 13:50:10,EHAUSM-I,C8T1S5I8N5K,4,2,0.000200,0.000,0.008,10998812,10951,4,148,152,0,0,0,484569,17462,364315,0,0.437098,0.000000,0.000000,6197,0,1860.46,0,0,0,0,SUCCESS,0,1,warm20,,,,,,,,,,,used,,,,20260905-1028
2026-09-05 13:50:10,EHAUSM-I,C8T1S5I8N5K,5,2,0.000200,0.000,0.008,11372679,11332,4,217,222,0,0,0,709998,17959,583617,0,0.392812,0.000000,0.000000,7077,0,704.34,0,0,0,0,SUCCESS,0,1,warm20,,,,,,,,,,,used,,,,20260905-1028
2026-09-05 13:50:10,EHAUSM-I,C8T1S5I8N5K,6,2,0.000200,0.000,0.008,11751454,11713,4,174,179,0,0,0,510861,18554,385234,0,0.418454,0.000000,0.000000,7171,0,1432.34,0,0,0,0,SUCCESS,0,1,warm20,,,,,,,,,,,used,,,,20260905-1028
2026-09-05 13:50:10,EHAUSM-I,C8T1S5I8N5K,7,2,0.000200,0.000,0.008,12140855,12094,5,264,269,0,0,0,718733,18893,596831,0,0.367641,0.000000,0.000000,7532,0,2344.34,0,0,0,0,SUCCESS,0,1,warm20,,,,,,,,,,,used,,,,20260905-1028
2026-09-05 13:50:11,EHAUSM-I,C8T1S5I8N5K,8,2,0.000200,0.000,0.008,12513750,12475,5,246,251,0,0,0,647791,19203,526884,0,0.392095,0.000000,0.000000,7536,0,1151.35,0,0,0,0,SUCCESS,0,1,warm20,,,,,,,,,,,used,,,,20260905-1028
2026-09-05 13:50:11,EHAUSM-I,C8T1S5I8N5K,9,2,0.000200,0.000,0.008,12914821,12856,5,159,164,0,0,0,456077,19544,337540,0,0.465827,0.000000,0.000000,6698,0,1847.35,0,0,0,0,SUCCESS,0,1,warm20,,,,,,,,,,,used,,,,20260905-1028
2026-09-05 13:50:11,EHAUSM-I,C8T1S5I8N5K,10,2,0.000200,0.000,0.008,13305508,13237,5,138,143,0,0,0,385323,19867,269894,0,0.398122,0.000000,0.000000,6517,0,2375.35,0,0,0,0,SUCCESS,0,1,warm20,,,,,,,,,,,used,,,,20260905-1028
2026-09-05 13:50:11,EHAUSM-I,C8T1S5I8N5K,11,2,0.000200,0.000,0.008,13706693,13618,5,134,139,0,0,0,328919,20077,217691,0,0.390408,0.000000,0.000000,6096,0,633.89,0,0,0,0,SUCCESS,0,1,warm20,,,,,,,,,,,used,,,,20260905-1028
2026-09-05 13:50:11,EHAUSM-I,C8T1S5I8N5K,12,2,0.000200,0.000,0.008,14085848,13999,5,163,169,0,0,0,385307,20493,273976,0,0.440606,0.000000,0.000000,5787,0,1145.89,0,0,0,0,SUCCESS,0,1,warm20,,,,,,,,,,,used,,,,20260905-1028
2026-09-05 13:50:12,EHAUSM-I,C8T1S5I8N5K,13,2,0.000200,0.000,0.008,14448564,14380,5,176,181,0,0,0,456632,20793,346328,0,0.420454,0.000000,0.000000,5569,0,1801.89,0,0,0,0,SUCCESS,0,1,warm20,,,,,,,,,,,used,,,,20260905-1028
2026-09-05 13:50:12,EHAUSM-I,C8T1S5I8N5K,14,2,0.000200,0.000,0.008,14856850,14761,5,256,261,0,0,0,733810,21036,625540,0,0.381148,0.000000,0.000000,5314,0,2721.89,0,0,0,0,SUCCESS,0,1,warm20,,,,,,,,,,,used,,,,20260905-1028
2026-09-05 13:50:12,EHAUSM-I,C8T1S5I8N5K,15,2,0.000200,0.000,0.008,15236031,15142,5,305,311,0,0,0,661429,21338,551111,0,0.418015,0.000000,0.000000,5751,0,3697.89,0,0,0,0,SUCCESS,0,1,warm20,,,,,,,,,,,used,,,,20260905-1028
2026-09-05 13:50:12,EHAUSM-I,C8T1S5I8N5K,16,2,0.000200,0.000,0.008,15637254,15523,5,159,165,0,0,0,351750,21546,244962,0,0.409582,0.000000,0.000000,5143,0,4153.89,0,0,0,0,SUCCESS,0,1,warm20,,,,,,,,,,,used,,,,20260905-1028
2026-09-05 13:50:12,EHAUSM-I,C8T1S5I8N5K,17,2,0.000200,0.000,0.008,16001183,15904,6,152,158,0,0,0,310539,21935,205662,0,0.363783,0.000000,0.000000,4765,0,4593.89,0,0,0,0,SUCCESS,0,1,warm20,,,,,,,,,,,used,,,,20260905-1028
2026-09-05 13:50:13,EHAUSM-I,C8T1S5I8N5K,18,2,0.000200,0.000,0.008,16376279,16285,5,328,334,0,0,0,643006,22181,540869,0,0.481601,0.000000,0.000000,5394,0,5473.89,0,0,0,0,SUCCESS,0,1,warm20,,,,,,,,,,,used,,,,20260905-1028
2026-09-05 13:50:13,EHAUSM-I,C8T1S5I8N5K,19,2,0.000200,0.000,0.008,16736060,16666,6,327,333,0,0,0,342400,22473,242279,0,0.399642,0.000000,0.000000,5316,0,6273.89,0,0,0,0,SUCCESS,0,1,warm20,,,,,,,,,,,used,,,,20260905-1028
2026-09-05 13:50:13,EHAUSM-I,C8T1S5I8N5K,20,2,0.000200,0.000,0.008,17118756,17047,6,182,188,0,0,0,353844,22785,253754,0,0.361282,0.000000,0.000000,5733,0,6809.89,0,0,0,0,SUCCESS,0,1,warm20,,,,,,,,,,,used,,,,20260905-1028
2026-09-05 13:50:13,EHAUSM-I,C8T1S5I8N5K,21,2,0.000200,0.000,0.008,17469367,17428,6,158,164,0,0,0,309497,22920,210232,0,0.469779,0.000000,0.000000,5511,0,383.46,0,0,0,0,SUCCESS,0,1,warm20,,,,,,,,,,,used,,,,20260905-1028
2026-09-05 13:50:14,EHAUSM-I,C8T1S5I8N5K,22,2,0.000200,0.000,0.008,17882077,17809,6,166,172,0,0,0,349352,23259,249193,0,0.422266,0.000000,0.000000,5460,0,935.46,0,0,0,0,SUCCESS,0,1,warm20,,,,,,,,,,,used,,,,20260905-1028
2026-09-05 13:50:14,EHAUSM-I,C8T1S5I8N5K,23,2,0.000200,0.000,0.008,18263919,18190,6,132,138,0,0,0,314834,23313,215325,0,0.367083,0.000000,0.000000,5224,0,1407.46,0,0,0,0,SUCCESS,0,1,warm20,,,,,,,,,,,used,,,,20260905-1028
2026-09-05 13:50:14,EHAUSM-I,C8T1S5I8N5K,24,2,0.000200,0.000,0.008,18657262,18571,5,122,128,0,0,0,243650,23390,145628,0,0.379691,0.000000,0.000000,4981,0,1807.46,0,0,0,0,SUCCESS,0,1,warm20,,,,,,,,,,,used,,,,20260905-1028
2026-09-05 13:50:14,EHAUSM-I,C8T1S5I8N5K,25,2,0.000200,0.000,0.008,19053088,18952,6,166,173,0,0,0,376608,23537,278496,0,0.406374,0.000000,0.000000,4603,0,2351.46,0,0,0,0,SUCCESS,0,1,warm20,,,,,,,,,,,used,,,,20260905-1028
2026-09-05 13:50:14,EHAUSM-I,C8T1S5I8N5K,26,2,0.000200,0.000,0.008,19437911,19333,6,100,106,0,0,0,240932,23703,145122,0,0.329377,0.000000,0.000000,4467,0,2695.46,0,0,0,0,SUCCESS,0,1,warm20,,,,,,,,,,,used,,,,20260905-1028
2026-09-05 13:50:14,EHAUSM-I,C8T1S5I8N5K,27,2,0.000200,0.000,0.008,19822113,19714,6,237,243,0,0,0,403429,23955,307385,0,0.415907,0.000000,0.000000,4548,0,3415.46,0,0,0,0,SUCCESS,0,1,warm20,,,,,,,,,,,used,,,,20260905-1028
2026-09-05 13:50:15,EHAUSM-I,C8T1S5I8N5K,28,2,0.000200,0.000,0.008,20208654,20095,6,139,146,0,0,0,255184,24101,159965,0,0.380933,0.000000,0.000000,4279,0,3831.46,0,0,0,0,SUCCESS,0,1,warm20,,,,,,,,,,,used,,,,20260905-1028
2026-09-05 13:50:15,EHAUSM-I,C8T1S5I8N5K,29,2,0.000200,0.000,0.008,20585609,20476,6,151,158,0,0,0,277632,24251,183722,0,0.377053,0.000000,0.000000,4122,0,4311.46,0,0,0,0,SUCCESS,0,1,warm20,,,,,,,,,,,used,,,,20260905-1028
2026-09-05 13:50:15,EHAUSM-I,C8T1S5I8N5K,30,2,0.000200,0.000,0.008,20988516,20857,6,151,158,0,0,0,305251,24454,210516,0,0.409550,0.000000,0.000000,3896,0,4751.46,0,0,0,0,SUCCESS,0,1,warm20,,,,,,,,,,,used,,,,20260905-1028
2026-09-05 13:50:15,EHAUSM-I,C8T1S5I8N5K,31,2,0.000200,0.000,0.008,21379871,21238,6,192,198,0,0,0,335610,24746,241941,0,0.405602,0.000000,0.000000,3722,0,5295.46,0,0,0,0,SUCCESS,0,1,warm20,,,,,,,,,,,used,,,,20260905-1028
2026-09-05 13:50:15,EHAUSM-I,C8T1S5I8N5K,32,2,0.000200,0.000,0.008,21758395,21619,7,320,327,0,0,0,586341,24831,492266,0,0.366514,0.000000,0.000000,3512,0,6215.46,0,0,0,0,SUCCESS,0,1,warm20,,,,,,,,,,,used,,,,20260905-1028
2026-09-05 13:50:16,EHAUSM-I,C8T1S5I8N5K,33,2,0.000200,0.000,0.008,22151372,22000,7,248,255,0,0,0,312384,24848,219695,0,0.467869,0.000000,0.000000,3756,0,6863.46,0,0,0,0,SUCCESS,0,1,warm20,,,,,,,,,,,used,,,,20260905-1028
2026-09-05 13:50:16,EHAUSM-I,C8T1S5I8N5K,34,2,0.000200,0.000,0.008,22537156,22381,7,171,178,0,0,0,266880,25080,174616,0,0.362531,0.000000,0.000000,3758,0,507.86,0,0,0,0,SUCCESS,0,1,warm20,,,,,,,,,,,used,,,,20260905-1028
2026-09-05 13:50:16,EHAUSM-I,C8T1S5I8N5K,35,2,0.000200,0.000,0.008,22909920,22762,7,296,303,0,0,0,483695,25240,391075,0,0.419999,0.000000,0.000000,3731,0,1323.86,0,0,0,0,SUCCESS,0,1,warm20,,,,,,,,,,,used,,,,20260905-1028
2026-09-05 13:50:16,EHAUSM-I,C8T1S5I8N5K,36,2,0.000200,0.000,0.008,23320068,23143,7,179,186,0,0,0,293049,25328,200781,0,0.373407,0.000000,0.000000,3641,0,1867.86,0,0,0,0,SUCCESS,0,1,warm20,,,,,,,,,,,used,,,,20260905-1028
2026-09-05 13:50:17,EHAUSM-I,C8T1S5I8N5K,37,2,0.000200,0.000,0.008,23698370,23524,7,149,156,0,0,0,280061,25457,189087,0,0.375746,0.000000,0.000000,3515,0,2331.86,0,0,0,0,SUCCESS,0,1,warm20,,,,,,,,,,,used,,,,20260905-1028
2026-09-05 13:50:17,EHAUSM-I,C8T1S5I8N5K,38,2,0.000200,0.000,0.008,24100790,23905,7,154,161,0,0,0,286452,25535,196660,0,0.391363,0.000000,0.000000,3291,0,2787.86,0,0,0,0,SUCCESS,0,1,warm20,,,,,,,,,,,used,,,,20260905-1028
2026-09-05 13:50:17,EHAUSM-I,C8T1S5I8N5K,39,2,0.000200,0.000,0.008,24494244,24286,7,132,139,0,0,0,232782,25605,144364,0,0.356201,0.000000,0.000000,3104,0,3187.86,0,0,0,0,SUCCESS,0,1,warm20,,,,,,,,,,,used,,,,20260905-1028
2026-09-05 13:50:17,EHAUSM-I,C8T1S5I8N5K,40,2,0.000200,0.000,0.008,24862589,24667,8,158,167,0,0,0,296320,25823,208149,0,0.428745,0.000000,0.000000,2983,0,3643.86,0,0,0,0,SUCCESS,0,1,warm20,,,,,,,,,,,used,,,,20260905-1028
2026-09-05 13:50:17,EHAUSM-I,C8T1S5I8N5K,41,2,0.000200,0.000,0.008,25264734,25048,7,163,171,0,0,0,271886,25985,183845,0,0.369142,0.000000,0.000000,2906,0,4099.86,0,0,0,0,SUCCESS,0,1,warm20,,,,,,,,,,,used,,,,20260905-1028
2026-09-05 13:50:17,EHAUSM-I,C8T1S5I8N5K,42,2,0.000200,0.000,0.008,25654120,25429,7,160,168,0,0,0,243648,26164,155693,0,0.372987,0.000000,0.000000,2835,0,4555.86,0,0,0,0,SUCCESS,0,1,warm20,,,,,,,,,,,used,,,,20260905-1028
2026-09-05 13:50:18,EHAUSM-I,C8T1S5I8N5K,43,2,0.000200,0.000,0.008,26046150,25810,7,332,339,0,0,0,415478,26327,327316,0,0.355140,0.000000,0.000000,2897,0,5363.86,0,0,0,0,SUCCESS,0,1,warm20,,,,,,,,,,,used,,,,20260905-1028
2026-09-05 13:50:18,EHAUSM-I,C8T1S5I8N5K,44,2,0.000200,0.000,0.008,26432947,26191,8,207,215,0,0,0,311518,26489,222857,0,0.388503,0.000000,0.000000,2697,0,5931.86,0,0,0,0,SUCCESS,0,1,warm20,,,,,,,,,,,used,,,,20260905-1028
2026-09-05 13:50:18,EHAUSM-I,C8T1S5I8N5K,45,2,0.000200,0.000,0.008,26847057,26572,8,185,193,0,0,0,291981,26610,203355,0,0.355688,0.000000,0.000000,2736,0,6483.86,0,0,0,0,SUCCESS,0,1,warm20,,,,,,,,,,,used,,,,20260905-1028
2026-09-05 13:50:18,EHAUSM-I,C8T1S5I8N5K,46,2,0.000200,0.000,0.008,27199889,26953,7,194,202,0,0,0,301341,26764,212108,0,0.394408,0.000000,0.000000,2876,0,7043.86,0,0,0,0,SUCCESS,0,1,warm20,,,,,,,,,,,used,,,,20260905-1028
2026-09-05 13:50:19,EHAUSM-I,C8T1S5I8N5K,47,2,0.000200,0.000,0.008,27579163,27334,8,342,350,0,0,0,459968,26865,371005,0,0.394784,0.000000,0.000000,2901,0,1033.08,0,0,0,0,SUCCESS,0,1,warm20,,,,,,,,,,,used,,,,20260905-1028
2026-09-05 13:50:19,EHAUSM-I,C8T1S5I8N5K,48,2,0.000200,0.000,0.008,27972766,27715,8,225,233,0,0,0,352974,27042,263408,0,0.387473,0.000000,0.000000,2982,0,1697.08,0,0,0,0,SUCCESS,0,1,warm20,,,,,,,,,,,used,,,,20260905-1028
2026-09-05 13:50:19,EHAUSM-I,C8T1S5I8N5K,49,2,0.000200,0.000,0.008,28365723,28096,8,288,297,0,0,0,358886,27173,269599,0,0.453802,0.000000,0.000000,3165,0,2417.08,0,0,0,0,SUCCESS,0,1,warm20,,,,,,,,,,,used,,,,20260905-1028
2026-09-05 13:50:19,EHAUSM-I,C8T1S5I8N5K,50,2,0.000200,0.000,0.008,28747973,28477,8,215,224,0,0,0,324127,27398,235223,0,0.359604,0.000000,0.000000,3190,0,3017.08,0,0,0,0,SUCCESS,0,1,warm20,,,,,,,,,,,used,,,,20260905-1028
2026-09-05 13:50:20,EHAUSM-I,C8T1S5I8N5K,51,2,0.000200,0.000,0.008,29148674,28858,8,227,236,0,0,0,295554,27518,206902,0,0.367741,0.000000,0.000000,3606,0,3649.08,0,0,0,0,SUCCESS,0,1,warm20,,,,,,,,,,,used,,,,20260905-1028
2026-09-05 13:50:20,EHAUSM-I,C8T1S5I8N5K,52,2,0.000200,0.000,0.008,29538239,29239,8,174,182,0,0,0,261077,27569,173262,0,0.395767,0.000000,0.000000,3511,0,4129.08,0,0,0,0,SUCCESS,0,1,warm20,,,,,,,,,,,used,,,,20260905-1028
2026-09-05 13:50:20,EHAUSM-I,C8T1S5I8N5K,53,2,0.000200,0.000,0.008,29906147,29620,8,192,201,0,0,0,294467,27683,206530,0,0.383637,0.000000,0.000000,3391,0,4657.08,0,0,0,0,SUCCESS,0,1,warm20,,,,,,,,,,,used,,,,20260905-1028
2026-09-05 13:50:20,EHAUSM-I,C8T1S5I8N5K,54,2,0.000200,0.000,0.008,30291495,30001,8,175,183,0,0,0,262925,27668,175792,0,0.387544,0.000000,0.000000,3264,0,5129.08,0,0,0,0,SUCCESS,0,1,warm20,,,,,,,,,,,used,,,,20260905-1028
2026-09-05 13:50:20,EHAUSM-I,C8T1S5I8N5K,55,2,0.000200,0.000,0.008,30683235,30382,8,222,231,0,0,0,306052,27749,219408,0,0.370960,0.000000,0.000000,3174,0,5713.08,0,0,0,0,SUCCESS,0,1,warm20,,,,,,,,,,,used,,,,20260905-1028
2026-09-05 13:50:21,EHAUSM-I,C8T1S5I8N5K,56,2,0.000200,0.000,0.008,31050500,30763,8,181,189,0,0,0,247471,27898,161578,0,0.340850,0.000000,0.000000,3135,0,6217.08,0,0,0,0,SUCCESS,0,1,warm20,,,,,,,,,,,used,,,,20260905-1028
2026-09-05 13:50:21,EHAUSM-I,C8T1S5I8N5K,57,2,0.000200,0.000,0.008,31397327,31144,8,145,153,0,0,0,192639,27964,107671,0,0.355693,0.000000,0.000000,3034,0,6601.08,0,0,0,0,SUCCESS,0,1,warm20,,,,,,,,,,,used,,,,20260905-1028
2026-09-05 13:50:21,EHAUSM-I,C8T1S5I8N5K,58,2,0.000200,0.000,0.008,31771532,31525,8,144,152,0,0,0,218006,28036,133805,0,0.382276,0.000000,0.000000,3040,0,6977.08,0,0,0,0,SUCCESS,0,1,warm20,,,,,,,,,,,used,,,,20260905-1028
2026-09-05 13:50:21,EHAUSM-I,C8T1S5I8N5K,59,2,0.000200,0.000,0.008,32144335,31906,8,197,206,0,0,0,311879,28191,227542,0,0.379638,0.000000,0.000000,2918,0,620.51,0,0,0,0,SUCCESS,0,1,warm20,,,,,,,,,,,used,,,,20260905-1028
2026-09-05 13:50:22,EHAUSM-I,C8T1S5I8N5K,60,2,0.000200,0.000,0.008,32548859,32287,9,359,368,0,0,0,361423,28305,276338,0,0.371809,0.000000,0.000000,3066,0,1476.51,0,0,0,0,SUCCESS,0,1,warm20,,,,,,,,,,,used,,,,20260905-1028
2026-09-05 13:50:22,EHAUSM-I,C8T1S5I8N5K,61,2,0.000200,0.000,0.008,32946105,32668,9,191,201,0,0,0,276338,28383,190568,0,0.352663,0.000000,0.000000,3028,0,1988.51,0,0,0,0,SUCCESS,0,1,warm20,,,,,,,,,,,used,,,,20260905-1028
2026-09-05 13:50:22,EHAUSM-I,C8T1S5I8N5K,62,2,0.000200,0.000,0.008,33335321,33049,9,183,192,0,0,0,216939,28502,131529,0,0.354481,0.000000,0.000000,2938,0,2468.51,0,0,0,0,SUCCESS,0,1,warm20,,,,,,,,,,,used,,,,20260905-1028
2026-09-05 13:50:22,EHAUSM-I,C8T1S5I8N5K,63,2,0.000200,0.000,0.008,33722190,33430,9,229,239,0,0,0,316996,28525,231786,0,0.429587,0.000000,0.000000,2955,0,3092.51,0,0,0,0,SUCCESS,0,1,warm20,,,,,,,,,,,used,,,,20260905-1028
2026-09-05 13:50:22,EHAUSM-I,C8T1S5I8N5K,64,2,0.000200,0.000,0.008,34102757,33811,9,215,225,0,0,0,236273,28687,151719,0,0.346043,0.000000,0.000000,2871,0,3636.51,0,0,0,0,SUCCESS,0,1,warm20,,,,,,,,,,,used,,,,20260905-1028
2026-09-05 13:50:23,EHAUSM-I,C8T1S5I8N5K,65,2,0.000200,0.000,0.008,34480042,34192,9,181,191,0,0,0,223905,28815,139469,0,0.360205,0.000000,0.000000,2789,0,4116.51,0,0,0,0,SUCCESS,0,1,warm20,,,,,,,,,,,used,,,,20260905-1028
2026-09-05 13:50:23,EHAUSM-I,C8T1S5I8N5K,66,2,0.000200,0.000,0.008,34856177,34573,9,186,195,0,0,0,219106,28846,135400,0,0.375246,0.000000,0.000000,2698,0,4572.51,0,0,0,0,SUCCESS,0,1,warm20,,,,,,,,,,,used,,,,20260905-1028
2026-09-05 13:50:23,EHAUSM-I,C8T1S5I8N5K,67,2,0.000200,0.000,0.008,35248911,34954,9,185,194,0,0,0,234771,29022,151777,0,0.356399,0.000000,0.000000,2620,0,5044.51,0,0,0,0,SUCCESS,0,1,warm20,,,,,,,,,,,used,,,,20260905-1028
2026-09-05 13:50:23,EHAUSM-I,C8T1S5I8N5K,68,2,0.000200,0.000,0.008,35625465,35335,9,196,206,0,0,0,283265,29173,200569,0,0.390087,0.000000,0.000000,2554,0,5540.51,0,0,0,0,SUCCESS,0,1,warm20,,,,,,,,,,,used,,,,20260905-1028
2026-09-05 13:50:23,EHAUSM-I,C8T1S5I8N5K,69,2,0.000200,0.000,0.008,36012354,35716,9,178,187,0,0,0,224033,29231,142505,0,0.379743,0.000000,0.000000,2554,0,5988.51,0,0,0,0,SUCCESS,0,1,warm20,,,,,,,,,,,used,,,,20260905-1028
2026-09-05 13:50:24,EHAUSM-I,C8T1S5I8N5K,70,2,0.000200,0.000,0.008,36402179,36097,9,205,214,0,0,0,282657,29306,201231,0,0.397854,0.000000,0.000000,2518,0,6516.51,0,0,0,0,SUCCESS,0,1,warm20,,,,,,,,,,,used,,,,20260905-1028
2026-09-05 13:50:24,EHAUSM-I,C8T1S5I8N5K,71,2,0.000200,0.000,0.008,36796212,36478,9,202,212,0,0,0,214691,29380,133557,0,0.363902,0.000000,0.000000,2562,0,7020.51,0,0,0,0,SUCCESS,0,1,warm20,,,,,,,,,,,used,,,,20260905-1028
2026-09-05 13:50:24,EHAUSM-I,C8T1S5I8N5K,72,2,0.000200,0.000,0.008,37177330,36859,10,221,232,0,0,0,266978,29443,186198,0,0.374848,0.000000,0.000000,2519,0,729.52,0,0,0,0,SUCCESS,0,1,warm20,,,,,,,,,,,used,,,,20260905-1028
2026-09-05 13:50:24,EHAUSM-I,C8T1S5I8N5K,73,2,0.000200,0.000,0.008,37549228,37240,10,369,379,0,0,0,312096,29524,231231,0,0.355413,0.000000,0.000000,2480,0,1489.52,0,0,0,0,SUCCESS,0,1,warm20,,,,,,,,,,,used,,,,20260905-1028
2026-09-05 13:50:25,EHAUSM-I,C8T1S5I8N5K,74,2,0.000200,0.000,0.008,37929817,37621,10,223,233,0,0,0,250750,29643,169791,0,0.371847,0.000000,0.000000,2451,0,2057.52,0,0,0,0,SUCCESS,0,1,warm20,,,,,,,,,,,used,,,,20260905-1028
2026-09-05 13:50:25,EHAUSM-I,C8T1S5I8N5K,75,2,0.000200,0.000,0.008,38317022,38002,10,415,425,0,0,0,316289,29692,234990,0,0.421284,0.000000,0.000000,2489,0,2905.52,0,0,0,0,SUCCESS,0,1,warm20,,,,,,,,,,,used,,,,20260905-1028
2026-09-05 13:50:25,EHAUSM-I,C8T1S5I8N5K,76,2,0.000200,0.000,0.008,38681308,38383,10,202,212,0,0,0,252361,29756,171269,0,0.368357,0.000000,0.000000,2455,0,3425.52,0,0,0,0,SUCCESS,0,1,warm20,,,,,,,,,,,used,,,,20260905-1028
2026-09-05 13:50:25,EHAUSM-I,C8T1S5I8N5K,77,2,0.000200,0.000,0.008,39054424,38764,10,184,194,0,0,0,212648,29827,131690,0,0.377472,0.000000,0.000000,2481,0,3873.52,0,0,0,0,SUCCESS,0,1,warm20,,,,,,,,,,,used,,,,20260905-1028
2026-09-05 13:50:26,EHAUSM-I,C8T1S5I8N5K,78,2,0.000200,0.000,0.008,39411343,39145,10,249,259,0,0,0,284011,29822,203174,0,0.382241,0.000000,0.000000,2527,0,4505.52,0,0,0,0,SUCCESS,0,1,warm20,,,,,,,,,,,used,,,,20260905-1028
2026-09-05 13:50:26,EHAUSM-I,C8T1S5I8N5K,79,2,0.000200,0.000,0.008,39780981,39526,10,425,436,0,0,0,355431,29890,273842,0,0.381771,0.000000,0.000000,2581,0,5361.52,0,0,0,0,SUCCESS,0,1,warm20,,,,,,,,,,,used,,,,20260905-1028
2026-09-05 13:50:26,EHAUSM-I,C8T1S5I8N5K,80,2,0.000200,0.000,0.008,40169171,39907,10,239,250,0,0,0,273706,29920,192292,0,0.366971,0.000000,0.000000,2552,0,5961.52,0,0,0,0,SUCCESS,0,1,warm20,,,,,,,,,,,used,,,,20260905-1028
2026-09-05 13:50:27,EHAUSM-I,C8T1S5I8N5K,81,2,0.000200,0.000,0.008,40555772,40288,10,190,201,0,0,0,213606,30042,132032,0,0.381452,0.000000,0.000000,2574,0,6401.52,0,0,0,0,SUCCESS,0,1,warm20,,,,,,,,,,,used,,,,20260905-1028
2026-09-05 13:50:27,EHAUSM-I,C8T1S5I8N5K,82,2,0.000200,0.000,0.008,40937437,40669,10,241,252,0,0,0,208931,30034,127796,0,0.367395,0.000000,0.000000,2542,0,6921.52,0,0,0,0,SUCCESS,0,1,warm20,,,,,,,,,,,used,,,,20260905-1028
2026-09-05 13:50:27,EHAUSM-I,C8T1S5I8N5K,83,2,0.000200,0.000,0.008,41314466,41050,10,257,268,0,0,0,251617,30066,170338,0,0.366618,0.000000,0.000000,2516,0,676.27,0,0,0,0,SUCCESS,0,1,warm20,,,,,,,,,,,used,,,,20260905-1028
2026-09-05 13:50:27,EHAUSM-I,C8T1S5I8N5K,84,2,0.000200,0.000,0.008,41724684,41431,11,194,205,0,0,0,267631,30177,186715,0,0.365919,0.000000,0.000000,2489,0,1196.27,0,0,0,0,SUCCESS,0,1,warm20,,,,,,,,,,,used,,,,20260905-1028
2026-09-05 13:50:28,EHAUSM-I,C8T1S5I8N5K,85,2,0.000200,0.000,0.008,42093147,41812,11,347,358,0,0,0,319856,30101,238756,0,0.353339,0.000000,0.000000,2440,0,2028.27,0,0,0,0,SUCCESS,0,1,warm20,,,,,,,,,,,used,,,,20260905-1028
2026-09-05 13:50:28,EHAUSM-I,C8T1S5I8N5K,86,2,0.000200,0.000,0.008,42494057,42193,11,401,412,0,0,0,327209,30090,245905,0,0.468156,0.000000,0.000000,2493,0,2876.27,0,0,0,0,SUCCESS,0,1,warm20,,,,,,,,,,,used,,,,20260905-1028
2026-09-05 13:50:28,EHAUSM-I,C8T1S5I8N5K,87,2,0.000200,0.000,0.008,42876090,42574,11,227,238,0,0,0,231243,30247,150514,0,0.367236,0.000000,0.000000,2433,0,3420.27,0,0,0,0,SUCCESS,0,1,warm20,,,,,,,,,,,used,,,,20260905-1028
2026-09-05 13:50:29,EHAUSM-I,C8T1S5I8N5K,88,2,0.000200,0.000,0.008,43249167,42955,11,242,254,0,0,0,262833,30374,182170,0,0.353412,0.000000,0.000000,2454,0,3988.27,0,0,0,0,SUCCESS,0,1,warm20,,,,,,,,,,,used,,,,20260905-1028
2026-09-05 13:50:29,EHAUSM-I,C8T1S5I8N5K,89,2,0.000200,0.000,0.008,43639417,43336,11,260,272,0,0,0,245012,30465,164753,0,0.355121,0.000000,0.000000,2455,0,4628.27,0,0,0,0,SUCCESS,0,1,warm20,,,,,,,,,,,used,,,,20260905-1028
2026-09-05 13:50:29,EHAUSM-I,C8T1S5I8N5K,90,2,0.000200,0.000,0.008,44032208,43717,11,253,265,0,0,0,247864,30534,167798,0,0.360421,0.000000,0.000000,2451,0,5228.27,0,0,0,0,SUCCESS,0,1,warm20,,,,,,,,,,,used,,,,20260905-1028
2026-09-05 13:50:30,EHAUSM-I,C8T1S5I8N5K,91,2,0.000200,0.000,0.008,44399967,44098,11,307,319,0,0,0,252232,30664,172069,0,0.344459,0.000000,0.000000,2431,0,5940.27,0,0,0,0,SUCCESS,0,1,warm20,,,,,,,,,,,used,,,,20260905-1028
2026-09-05 13:50:30,EHAUSM-I,C8T1S5I8N5K,92,2,0.000200,0.000,0.008,44779784,44479,11,246,257,0,0,0,266118,30630,186637,0,0.363465,0.000000,0.000000,2415,0,6516.27,0,0,0,0,SUCCESS,0,1,warm20,,,,,,,,,,,used,,,,20260905-1028
2026-09-05 13:50:30,EHAUSM-I,C8T1S5I8N5K,93,2,0.000200,0.000,0.008,45163101,44860,11,230,241,0,0,0,224934,30774,145958,0,0.339174,0.000000,0.000000,2417,0,7060.27,0,0,0,0,SUCCESS,0,1,warm20,,,,,,,,,,,used,,,,20260905-1028
2026-09-05 13:50:30,EHAUSM-I,C8T1S5I8N5K,94,2,0.000200,0.000,0.008,45537311,45241,11,468,480,0,0,0,308933,30901,230054,0,0.419274,0.000000,0.000000,2509,0,1128.67,0,0,0,0,SUCCESS,0,1,warm20,,,,,,,,,,,used,,,,20260905-1028
2026-09-05 13:50:31,EHAUSM-I,C8T1S5I8N5K,95,2,0.000200,0.000,0.008,45914685,45622,12,213,226,0,0,0,191637,30916,113449,0,0.367499,0.000000,0.000000,2472,0,1640.67,0,0,0,0,SUCCESS,0,1,warm20,,,,,,,,,,,used,,,,20260905-1028
2026-09-05 13:50:31,EHAUSM-I,C8T1S5I8N5K,96,2,0.000200,0.000,0.008,46297846,46003,12,535,548,0,0,0,417266,30818,338020,0,0.401994,0.000000,0.000000,2565,0,2736.67,0,0,0,0,SUCCESS,0,1,warm20,,,,,,,,,,,used,,,,20260905-1028
2026-09-05 13:50:32,EHAUSM-I,C8T1S5I8N5K,97,2,0.000200,0.000,0.008,46661169,46384,12,440,453,0,0,0,427602,30893,348340,0,0.380928,0.000000,0.000000,2642,0,3632.67,0,0,0,0,SUCCESS,0,1,warm20,,,,,,,,,,,used,,,,20260905-1028
2026-09-05 13:50:32,EHAUSM-I,C8T1S5I8N5K,98,2,0.000200,0.000,0.008,47042336,46765,12,462,475,0,0,0,267506,30912,188590,0,0.454728,0.000000,0.000000,2654,0,4536.67,0,0,0,0,SUCCESS,0,1,warm20,,,,,,,,,,,used,,,,20260905-1028
2026-09-05 13:50:32,EHAUSM-I,C8T1S5I8N5K,99,2,0.000200,0.000,0.008,47416411,47133,12,224,236,0,0,0,219956,30941,141403,0,0.353695,0.000000,0.000000,2623,0,5072.67,0,0,0,0,SUCCESS,0,1,warm20,,,,,,,,,,,used,,,,20260905-1028
2026-09-05 13:50:35,Pre-HAUSPM,C8T1S5I8N5K,0,0,0.000200,0.200,0.200,9488535,9427,13,1938,1951,0,0,0,21111635,0,20752774,0,0.000000,0.000000,0.000000,6075,62726,670.48,0,0,0,0,SUCCESS,0,2,warm20,,,,,1,0,9488535,0,,,used,,,,20260905-1028
2026-09-05 13:50:37,Pre-HAUSPM,C8T1S5I8N5K,1,0,0.000200,0.200,0.008,9860531,9808,0,2057,2057,0,0,0,22116927,0,21735325,0,0.000000,0.000000,0.000000,5885,63072,6694.12,0,0,0,0,SUCCESS,0,2,warm20,,,,,1,0,371996,380,,,used,,,,20260905-1028
2026-09-05 13:50:39,Pre-HAUSPM,C8T1S5I8N5K,2,0,0.000200,0.200,0.008,10237847,10189,0,1842,1842,0,0,0,20951580,0,20595635,0,0.000000,0.000000,0.000000,6216,63973,1113.62,0,0,0,0,SUCCESS,0,2,warm20,,,,,1,0,377316,395,,,used,,,,20260905-1028
2026-09-05 13:50:40,Pre-HAUSPM,C8T1S5I8N5K,3,0,0.000200,0.200,0.008,10612071,10570,0,1647,1647,0,0,0,19448677,0,19134347,0,0.000000,0.000000,0.000000,5710,61981,6988.37,0,0,0,0,SUCCESS,0,2,warm20,,,,,1,0,374224,410,,,used,,,,20260905-1028
2026-09-05 13:50:42,Pre-HAUSPM,C8T1S5I8N5K,4,0,0.000200,0.200,0.008,10998812,10951,0,1557,1557,0,0,0,18071328,0,17789057,0,0.000000,0.000000,0.000000,6197,63171,6012.71,0,0,0,0,SUCCESS,0,2,warm20,,,,,1,0,386741,425,,,used,,,,20260905-1028
2026-09-05 13:50:44,Pre-HAUSPM,C8T1S5I8N5K,5,0,0.000200,0.200,0.008,11372679,11332,0,1825,1825,0,0,0,21269718,0,20954298,0,0.000000,0.000000,0.000000,7077,64518,1320.26,0,0,0,0,SUCCESS,0,2,warm20,,,,,1,0,373867,440,,,used,,,,20260905-1028
2026-09-05 13:50:46,Pre-HAUSPM,C8T1S5I8N5K,6,0,0.000200,0.200,0.008,11751454,11713,0,1836,1836,0,0,0,20563576,0,20264564,0,0.000000,0.000000,0.000000,7171,64792,4636.10,0,0,0,0,SUCCESS,0,2,warm20,,,,,1,0,378775,455,,,used,,,,20260905-1028
2026-09-05 13:50:47,Pre-HAUSPM,C8T1S5I8N5K,7,0,0.000200,0.200,0.008,12140855,12094,0,1763,1763,0,0,0,19848714,0,19570847,0,0.000000,0.000000,0.000000,7532,65246,2910.44,0,0,0,0,SUCCESS,0,2,warm20,,,,,1,0,389401,470,,,used,,,,20260905-1028
2026-09-05 13:50:49,Pre-HAUSPM,C8T1S5I8N5K,8,0,0.000200,0.200,0.008,12513750,12475,0,1766,1766,0,0,0,19577012,0,19303704,0,0.000000,0.000000,0.000000,7536,64977,2727.74,0,0,0,0,SUCCESS,0,2,warm20,,,,,1,0,372895,486,,,used,,,,20260905-1028
2026-09-05 13:50:51,Pre-HAUSPM,C8T1S5I8N5K,9,0,0.000200,0.200,0.008,12914821,12856,0,1830,1830,0,0,0,19844611,0,19575542,0,0.000000,0.000000,0.000000,6698,63969,4021.59,0,0,0,0,SUCCESS,0,2,warm20,,,,,1,0,401071,501,,,used,,,,20260905-1028
2026-09-05 13:50:53,Pre-HAUSPM,C8T1S5I8N5K,10,0,0.000200,0.200,0.008,13305508,13237,0,1753,1753,0,0,0,19135865,0,18877206,0,0.000000,0.000000,0.000000,6517,64328,3997.42,0,0,0,0,SUCCESS,0,2,warm20,,,,,1,0,390687,517,,,used,,,,20260905-1028
2026-09-05 13:50:55,Pre-HAUSPM,C8T1S5I8N5K,11,0,0.000200,0.200,0.008,13706693,13618,0,1690,1691,0,0,0,18227733,0,17985350,0,0.000000,0.000000,0.000000,6096,63161,3995.71,0,0,0,0,SUCCESS,0,2,warm20,,,,,1,0,401185,532,,,used,,,,20260905-1028
2026-09-05 13:50:56,Pre-HAUSPM,C8T1S5I8N5K,12,0,0.000200,0.200,0.008,14085848,13999,0,1734,1734,0,0,0,18243150,0,18003893,0,0.000000,0.000000,0.000000,5787,62935,336.79,0,0,0,0,SUCCESS,0,2,warm20,,,,,1,0,379155,548,,,used,,,,20260905-1028
2026-09-05 13:50:58,Pre-HAUSPM,C8T1S5I8N5K,13,0,0.000200,0.200,0.008,14448564,14380,0,1699,1699,0,0,0,17966024,0,17733145,0,0.000000,0.000000,0.000000,5569,62344,2152.89,0,0,0,0,SUCCESS,0,2,warm20,,,,,1,0,362716,564,,,used,,,,20260905-1028
2026-09-05 13:51:00,Pre-HAUSPM,C8T1S5I8N5K,14,0,0.000200,0.200,0.008,14856850,14761,0,1674,1674,0,0,0,17395333,0,17172280,0,0.000000,0.000000,0.000000,5314,61640,1512.32,0,0,0,0,SUCCESS,0,2,warm20,,,,,1,0,408286,578,,,used,,,,20260905-1028
2026-09-05 13:51:01,Pre-HAUSPM,C8T1S5I8N5K,15,0,0.000200,0.200,0.008,15236031,15142,0,1795,1795,0,0,0,17876392,0,17643874,0,0.000000,0.000000,0.000000,5751,62651,948.66,0,0,0,0,SUCCESS,0,2,warm20,,,,,1,0,379181,594,,,used,,,,20260905-1028
2026-09-05 13:51:03,Pre-HAUSPM,C8T1S5I8N5K,16,0,0.000200,0.200,0.008,15637254,15523,0,1724,1724,0,0,0,17297378,0,17075306,0,0.000000,0.000000,0.000000,5143,60843,558.82,0,0,0,0,SUCCESS,0,2,warm20,,,,,1,0,401223,610,,,used,,,,20260905-1028
2026-09-05 13:51:05,Pre-HAUSPM,C8T1S5I8N5K,17,0,0.000200,0.200,0.008,16001183,15904,0,1777,1777,0,0,0,17273007,0,17054460,0,0.000000,0.000000,0.000000,4765,59741,359.54,0,0,0,0,SUCCESS,0,2,warm20,,,,,1,0,363929,626,,,used,,,,20260905-1028
2026-09-05 13:51:07,Pre-HAUSPM,C8T1S5I8N5K,18,0,0.000200,0.200,0.008,16376279,16285,0,1885,1886,0,0,0,17116683,0,16903037,0,0.000000,0.000000,0.000000,5394,60603,2693.87,0,0,0,0,SUCCESS,0,2,warm20,,,,,1,0,375096,640,,,used,,,,20260905-1028
2026-09-05 13:51:09,Pre-HAUSPM,C8T1S5I8N5K,19,0,0.000200,0.200,0.008,16736060,16666,0,2053,2053,0,0,0,16719614,0,16513152,0,0.000000,0.000000,0.000000,5316,60342,4793.65,0,0,0,0,SUCCESS,0,2,warm20,,,,,1,0,359781,655,,,used,,,,20260905-1028
2026-09-05 13:51:11,Pre-HAUSPM,C8T1S5I8N5K,20,0,0.000200,0.200,0.008,17118756,17047,0,1807,1807,0,0,0,17235367,0,17024896,0,0.000000,0.000000,0.000000,5733,61348,5161.66,0,0,0,0,SUCCESS,0,2,warm20,,,,,1,0,382696,670,,,used,,,,20260905-1028
2026-09-05 13:51:13,Pre-HAUSPM,C8T1S5I8N5K,21,0,0.000200,0.200,0.008,17469367,17428,0,1757,1757,0,0,0,16941374,0,16737491,0,0.000000,0.000000,0.000000,5511,61566,4961.63,0,0,0,0,SUCCESS,0,2,warm20,,,,,1,0,350611,685,,,used,,,,20260905-1028
2026-09-05 13:51:14,Pre-HAUSPM,C8T1S5I8N5K,22,0,0.000200,0.200,0.008,17882077,17809,0,1770,1770,0,0,0,16961194,0,16757666,0,0.000000,0.000000,0.000000,5460,61728,4994.46,0,0,0,0,SUCCESS,0,2,warm20,,,,,1,0,412710,699,,,used,,,,20260905-1028
2026-09-05 13:51:16,Pre-HAUSPM,C8T1S5I8N5K,23,0,0.000200,0.200,0.008,18263919,18190,0,1850,1851,0,0,0,16901016,0,16698995,0,0.000000,0.000000,0.000000,5224,61383,4954.26,0,0,0,0,SUCCESS,0,2,warm20,,,,,1,0,381842,715,,,used,,,,20260905-1028
2026-09-05 13:51:18,Pre-HAUSPM,C8T1S5I8N5K,24,0,0.000200,0.200,0.008,18657262,18571,0,1827,1827,0,0,0,16732501,0,16535211,0,0.000000,0.000000,0.000000,4981,60574,170.43,0,0,0,0,SUCCESS,0,2,warm20,,,,,1,0,393343,731,,,used,,,,20260905-1028
2026-09-05 13:51:20,Pre-HAUSPM,C8T1S5I8N5K,25,0,0.000200,0.200,0.008,19053088,18952,0,1796,1796,0,0,0,16830163,0,16634278,0,0.000000,0.000000,0.000000,4603,59643,241.86,0,0,0,0,SUCCESS,0,2,warm20,,,,,1,0,395826,746,,,used,,,,20260905-1028
2026-09-05 13:51:22,Pre-HAUSPM,C8T1S5I8N5K,26,0,0.000200,0.200,0.008,19437911,19333,0,1773,1773,0,0,0,16553174,0,16362099,0,0.000000,0.000000,0.000000,4467,58953,195.49,0,0,0,0,SUCCESS,0,2,warm20,,,,,1,0,384823,762,,,used,,,,20260905-1028
2026-09-05 13:51:23,Pre-HAUSPM,C8T1S5I8N5K,27,0,0.000200,0.200,0.008,19822113,19714,0,1777,1778,0,0,0,16430787,0,16242987,0,0.000000,0.000000,0.000000,4548,59283,6067.59,0,0,0,0,SUCCESS,0,2,warm20,,,,,1,0,384202,778,,,used,,,,20260905-1028
2026-09-05 13:51:25,Pre-HAUSPM,C8T1S5I8N5K,28,0,0.000200,0.200,0.008,20208654,20095,0,1792,1793,0,0,0,16433946,0,16248653,0,0.000000,0.000000,0.000000,4279,58679,1249.69,0,0,0,0,SUCCESS,0,2,warm20,,,,,1,0,386541,793,,,used,,,,20260905-1028
2026-09-05 13:51:27,Pre-HAUSPM,C8T1S5I8N5K,29,0,0.000200,0.200,0.008,20585609,20476,0,1797,1797,0,0,0,16423116,0,16240472,0,0.000000,0.000000,0.000000,4122,57939,1249.86,0,0,0,0,SUCCESS,0,2,warm20,,,,,1,0,376955,809,,,used,,,,20260905-1028
2026-09-05 13:51:29,Pre-HAUSPM,C8T1S5I8N5K,30,0,0.000200,0.200,0.008,20988516,20857,0,1828,1828,0,0,0,16616114,0,16432836,0,0.000000,0.000000,0.000000,3896,56937,1393.79,0,0,0,0,SUCCESS,0,2,warm20,,,,,1,0,402907,824,,,used,,,,20260905-1028
2026-09-05 13:51:31,Pre-HAUSPM,C8T1S5I8N5K,31,0,0.000200,0.200,0.008,21379871,21238,0,1829,1830,0,0,0,16549697,0,16368881,0,0.000000,0.000000,0.000000,3722,56213,2382.35,0,0,0,0,SUCCESS,0,2,warm20,,,,,1,0,391355,840,,,used,,,,20260905-1028
2026-09-05 13:51:33,Pre-HAUSPM,C8T1S5I8N5K,32,0,0.000200,0.200,0.008,21758395,21619,0,1893,1893,0,0,0,17013670,0,16829089,0,0.000000,0.000000,0.000000,3512,55460,1719.90,0,0,0,0,SUCCESS,0,2,warm20,,,,,1,0,378524,855,,,used,,,,20260905-1028
2026-09-05 13:51:34,Pre-HAUSPM,C8T1S5I8N5K,33,0,0.000200,0.200,0.008,22151372,22000,0,1896,1896,0,0,0,16886307,0,16704415,0,0.000000,0.000000,0.000000,3756,56422,3693.42,0,0,0,0,SUCCESS,0,2,warm20,,,,,1,0,392977,871,,,used,,,,20260905-1028
2026-09-05 13:51:36,Pre-HAUSPM,C8T1S5I8N5K,34,0,0.000200,0.200,0.008,22537156,22381,0,1920,1920,0,0,0,16946449,0,16766321,0,0.000000,0.000000,0.000000,3758,56185,283.04,0,0,0,0,SUCCESS,0,2,warm20,,,,,1,0,385784,886,,,used,,,,20260905-1028
2026-09-05 13:51:38,Pre-HAUSPM,C8T1S5I8N5K,35,0,0.000200,0.200,0.008,22909920,22762,0,1957,1957,0,0,0,17125283,0,16942398,0,0.000000,0.000000,0.000000,3731,56087,2290.08,0,0,0,0,SUCCESS,0,2,warm20,,,,,1,0,372764,902,,,used,,,,20260905-1028
2026-09-05 13:51:40,Pre-HAUSPM,C8T1S5I8N5K,36,0,0.000200,0.200,0.008,23320068,23143,0,1990,1990,0,0,0,17329801,0,17147176,0,0.000000,0.000000,0.000000,3641,55864,2256.85,0,0,0,0,SUCCESS,0,2,warm20,,,,,1,0,410148,917,,,used,,,,20260905-1028
2026-09-05 13:51:42,Pre-HAUSPM,C8T1S5I8N5K,37,0,0.000200,0.200,0.008,23698370,23524,0,2009,2010,0,0,0,17267372,0,17086193,0,0.000000,0.000000,0.000000,3515,55356,758.93,0,0,0,0,SUCCESS,0,2,warm20,,,,,1,0,378302,933,,,used,,,,20260905-1028
2026-09-05 13:51:44,Pre-HAUSPM,C8T1S5I8N5K,38,0,0.000200,0.200,0.008,24100790,23905,0,1991,1991,0,0,0,17137332,0,16959372,0,0.000000,0.000000,0.000000,3291,54563,1330.53,0,0,0,0,SUCCESS,0,2,warm20,,,,,1,0,402420,948,,,used,,,,20260905-1028
2026-09-05 13:51:46,Pre-HAUSPM,C8T1S5I8N5K,39,0,0.000200,0.200,0.008,24494244,24286,0,1989,1989,0,0,0,17037415,0,16861821,0,0.000000,0.000000,0.000000,3104,53869,1268.09,0,0,0,0,SUCCESS,0,2,warm20,,,,,1,0,393454,964,,,used,,,,20260905-1028
2026-09-05 13:51:48,Pre-HAUSPM,C8T1S5I8N5K,40,0,0.000200,0.200,0.008,24862589,24667,0,2001,2002,0,0,0,17077305,0,16902855,0,0.000000,0.000000,0.000000,2983,53478,1300.62,0,0,0,0,SUCCESS,0,2,warm20,,,,,1,0,368345,980,,,used,,,,20260905-1028
2026-09-05 13:51:50,Pre-HAUSPM,C8T1S5I8N5K,41,0,0.000200,0.200,0.008,25264734,25048,0,2022,2022,0,0,0,17045999,0,16871629,0,0.000000,0.000000,0.000000,2906,52993,1284.90,0,0,0,0,SUCCESS,0,2,warm20,,,,,1,0,402145,995,,,used,,,,20260905-1028
2026-09-05 13:51:52,Pre-HAUSPM,C8T1S5I8N5K,42,0,0.000200,0.200,0.008,25654120,25429,0,2050,2050,0,0,0,17277965,0,17103835,0,0.000000,0.000000,0.000000,2835,52527,1468.47,0,0,0,0,SUCCESS,0,2,warm20,,,,,1,0,389386,1011,,,used,,,,20260905-1028
2026-09-05 13:51:55,Pre-HAUSPM,C8T1S5I8N5K,43,0,0.000200,0.200,0.008,26046150,25810,0,2117,2117,0,0,0,17472318,0,17298910,0,0.000000,0.000000,0.000000,2897,53555,910.91,0,0,0,0,SUCCESS,0,2,warm20,,,,,1,0,392030,1026,,,used,,,,20260905-1028
2026-09-05 13:51:57,Pre-HAUSPM,C8T1S5I8N5K,44,0,0.000200,0.200,0.008,26432947,26191,0,2124,2124,0,0,0,17601180,0,17427132,0,0.000000,0.000000,0.000000,2697,52912,1558.22,0,0,0,0,SUCCESS,0,2,warm20,,,,,1,0,386797,1042,,,used,,,,20260905-1028
2026-09-05 13:51:59,Pre-HAUSPM,C8T1S5I8N5K,45,0,0.000200,0.200,0.008,26847057,26572,0,2161,2162,0,0,0,17743951,0,17569013,0,0.000000,0.000000,0.000000,2736,52743,1668.74,0,0,0,0,SUCCESS,0,2,warm20,,,,,1,0,414110,1058,,,used,,,,20260905-1028
2026-09-05 13:52:01,Pre-HAUSPM,C8T1S5I8N5K,46,0,0.000200,0.200,0.008,27199889,26953,0,2201,2202,0,0,0,17947670,0,17771232,0,0.000000,0.000000,0.000000,2876,53280,1837.28,0,0,0,0,SUCCESS,0,2,warm20,,,,,1,0,352832,1074,,,used,,,,20260905-1028
2026-09-05 13:52:03,Pre-HAUSPM,C8T1S5I8N5K,47,0,0.000200,0.200,0.008,27579163,27334,0,2219,2219,0,0,0,17982600,0,17807215,0,0.000000,0.000000,0.000000,2901,53178,1876.65,0,0,0,0,SUCCESS,0,2,warm20,,,,,1,0,379274,1088,,,used,,,,20260905-1028
2026-09-05 13:52:06,Pre-HAUSPM,C8T1S5I8N5K,48,0,0.000200,0.200,0.008,27972766,27715,0,2247,2247,0,0,0,18007390,0,17831928,0,0.000000,0.000000,0.000000,2982,53622,1908.97,0,0,0,0,SUCCESS,0,2,warm20,,,,,1,0,393603,1103,,,used,,,,20260905-1028
2026-09-05 13:52:08,Pre-HAUSPM,C8T1S5I8N5K,49,0,0.000200,0.200,0.008,28365723,28096,0,2254,2254,0,0,0,17939980,0,17764377,0,0.000000,0.000000,0.000000,3165,54257,1869.75,0,0,0,0,SUCCESS,0,2,warm20,,,,,1,0,392957,1119,,,used,,,,20260905-1028
2026-09-05 13:52:10,Pre-HAUSPM,C8T1S5I8N5K,50,0,0.000200,0.200,0.008,28747973,28477,0,2260,2260,0,0,0,17852921,0,17678592,0,0.000000,0.000000,0.000000,3190,54169,1670.24,0,0,0,0,SUCCESS,0,2,warm20,,,,,1,0,382250,1135,,,used,,,,20260905-1028
2026-09-05 13:52:12,Pre-HAUSPM,C8T1S5I8N5K,51,0,0.000200,0.200,0.008,29148674,28858,0,2288,2288,0,0,0,17975659,0,17801420,0,0.000000,0.000000,0.000000,3606,55686,1967.02,0,0,0,0,SUCCESS,0,2,warm20,,,,,1,0,400701,1150,,,used,,,,20260905-1028
2026-09-05 13:52:15,Pre-HAUSPM,C8T1S5I8N5K,52,0,0.000200,0.200,0.008,29538239,29239,0,2292,2292,0,0,0,17897180,0,17724494,0,0.000000,0.000000,0.000000,3511,55439,532.96,0,0,0,0,SUCCESS,0,2,warm20,,,,,1,0,389565,1166,,,used,,,,20260905-1028
2026-09-05 13:52:17,Pre-HAUSPM,C8T1S5I8N5K,53,0,0.000200,0.200,0.008,29906147,29620,0,2319,2319,0,0,0,18059989,0,17887194,0,0.000000,0.000000,0.000000,3391,55150,1657.00,0,0,0,0,SUCCESS,0,2,warm20,,,,,1,0,367908,1182,,,used,,,,20260905-1028
2026-09-05 13:52:19,Pre-HAUSPM,C8T1S5I8N5K,54,0,0.000200,0.200,0.008,30291495,30001,0,2326,2327,0,0,0,18048897,0,17877162,0,0.000000,0.000000,0.000000,3264,54647,1121.69,0,0,0,0,SUCCESS,0,2,warm20,,,,,1,0,385348,1196,,,used,,,,20260905-1028
2026-09-05 13:52:22,Pre-HAUSPM,C8T1S5I8N5K,55,0,0.000200,0.200,0.008,30683235,30382,0,2341,2341,0,0,0,18063034,0,17892244,0,0.000000,0.000000,0.000000,3174,54221,953.83,0,0,0,0,SUCCESS,0,2,warm20,,,,,1,0,391740,1212,,,used,,,,20260905-1028
2026-09-05 13:52:24,Pre-HAUSPM,C8T1S5I8N5K,56,0,0.000200,0.200,0.008,31050500,30763,0,2354,2354,0,0,0,18144154,0,17973835,0,0.000000,0.000000,0.000000,3135,54227,1121.92,0,0,0,0,SUCCESS,0,2,warm20,,,,,1,0,367265,1228,,,used,,,,20260905-1028
2026-09-05 13:52:26,Pre-HAUSPM,C8T1S5I8N5K,57,0,0.000200,0.200,0.008,31397327,31144,0,2360,2360,0,0,0,18193111,0,18023848,0,0.000000,0.000000,0.000000,3034,53896,1624.91,0,0,0,0,SUCCESS,0,2,warm20,,,,,1,0,346827,1242,,,used,,,,20260905-1028
2026-09-05 13:52:29,Pre-HAUSPM,C8T1S5I8N5K,58,0,0.000200,0.200,0.008,31771532,31525,0,2368,2368,0,0,0,18195422,0,18027144,0,0.000000,0.000000,0.000000,3040,53766,630.26,0,0,0,0,SUCCESS,0,2,warm20,,,,,1,0,374205,1256,,,used,,,,20260905-1028
2026-09-05 13:52:31,Pre-HAUSPM,C8T1S5I8N5K,59,0,0.000200,0.200,0.008,32144335,31906,0,2376,2376,0,0,0,18191321,0,18024122,0,0.000000,0.000000,0.000000,2918,53314,1721.16,0,0,0,0,SUCCESS,0,2,warm20,,,,,1,0,372803,1271,,,used,,,,20260905-1028
2026-09-05 13:52:34,Pre-HAUSPM,C8T1S5I8N5K,60,0,0.000200,0.200,0.008,32548859,32287,0,2425,2425,0,0,0,18475800,0,18307264,0,0.000000,0.000000,0.000000,3066,53526,1538.43,0,0,0,0,SUCCESS,0,2,warm20,,,,,1,0,404524,1286,,,used,,,,20260905-1028
2026-09-05 13:52:36,Pre-HAUSPM,C8T1S5I8N5K,61,0,0.000200,0.200,0.008,32946105,32668,0,2493,2493,0,0,0,18966483,0,18794733,0,0.000000,0.000000,0.000000,3028,53402,375.74,0,0,0,0,SUCCESS,0,2,warm20,,,,,1,0,397246,1302,,,used,,,,20260905-1028
2026-09-05 13:52:39,Pre-HAUSPM,C8T1S5I8N5K,62,0,0.000200,0.200,0.008,33335321,33049,0,2503,2503,0,0,0,18948610,0,18777600,0,0.000000,0.000000,0.000000,2938,53087,1178.39,0,0,0,0,SUCCESS,0,2,warm20,,,,,1,0,389216,1318,,,used,,,,20260905-1028
2026-09-05 13:52:41,Pre-HAUSPM,C8T1S5I8N5K,63,0,0.000200,0.200,0.008,33722190,33430,0,2520,2520,0,0,0,18937633,0,18767094,0,0.000000,0.000000,0.000000,2955,53536,630.73,0,0,0,0,SUCCESS,0,2,warm20,,,,,1,0,386869,1334,,,used,,,,20260905-1028
2026-09-05 13:52:44,Pre-HAUSPM,C8T1S5I8N5K,64,0,0.000200,0.200,0.008,34102757,33811,0,2519,2519,0,0,0,18847451,0,18678458,0,0.000000,0.000000,0.000000,2871,53127,235.29,0,0,0,0,SUCCESS,0,2,warm20,,,,,1,0,380567,1349,,,used,,,,20260905-1028
2026-09-05 13:52:46,Pre-HAUSPM,C8T1S5I8N5K,65,0,0.000200,0.200,0.008,34480042,34192,0,2566,2566,0,0,0,19158181,0,18988278,0,0.000000,0.000000,0.000000,2789,52965,322.11,0,0,0,0,SUCCESS,0,2,warm20,,,,,1,0,377285,1364,,,used,,,,20260905-1028
2026-09-05 13:52:49,Pre-HAUSPM,C8T1S5I8N5K,66,0,0.000200,0.200,0.008,34856177,34573,0,2555,2555,0,0,0,18984037,0,18816012,0,0.000000,0.000000,0.000000,2698,52604,455.76,0,0,0,0,SUCCESS,0,2,warm20,,,,,1,0,376135,1379,,,used,,,,20260905-1028
2026-09-05 13:52:51,Pre-HAUSPM,C8T1S5I8N5K,67,0,0.000200,0.200,0.008,35248911,34954,0,2548,2548,0,0,0,18830943,0,18664711,0,0.000000,0.000000,0.000000,2620,52266,781.99,0,0,0,0,SUCCESS,0,2,warm20,,,,,1,0,392734,1395,,,used,,,,20260905-1028
2026-09-05 13:52:54,Pre-HAUSPM,C8T1S5I8N5K,68,0,0.000200,0.200,0.008,35625465,35335,0,2558,2558,0,0,0,18785697,0,18620056,0,0.000000,0.000000,0.000000,2554,51857,1284.28,0,0,0,0,SUCCESS,0,2,warm20,,,,,1,0,376554,1410,,,used,,,,20260905-1028
2026-09-05 13:52:57,Pre-HAUSPM,C8T1S5I8N5K,69,0,0.000200,0.200,0.008,36012354,35716,0,2539,2540,0,0,0,18561263,0,18398234,0,0.000000,0.000000,0.000000,2554,51662,329.43,0,0,0,0,SUCCESS,0,2,warm20,,,,,1,0,386889,1425,,,used,,,,20260905-1028
2026-09-05 13:52:59,Pre-HAUSPM,C8T1S5I8N5K,70,0,0.000200,0.200,0.008,36402179,36097,0,2563,2563,0,0,0,18672455,0,18509089,0,0.000000,0.000000,0.000000,2518,51615,1091.37,0,0,0,0,SUCCESS,0,2,warm20,,,,,1,0,389825,1441,,,used,,,,20260905-1028
2026-09-05 13:53:02,Pre-HAUSPM,C8T1S5I8N5K,71,0,0.000200,0.200,0.008,36796212,36478,0,2578,2578,0,0,0,18683735,0,18520741,0,0.000000,0.000000,0.000000,2562,51872,685.96,0,0,0,0,SUCCESS,0,2,warm20,,,,,1,0,394033,1456,,,used,,,,20260905-1028
2026-09-05 13:53:04,Pre-HAUSPM,C8T1S5I8N5K,72,0,0.000200,0.200,0.008,37177330,36859,0,2588,2588,0,0,0,18668054,0,18505167,0,0.000000,0.000000,0.000000,2519,51626,553.20,0,0,0,0,SUCCESS,0,2,warm20,,,,,1,0,381118,1472,,,used,,,,20260905-1028
2026-09-05 13:53:07,Pre-HAUSPM,C8T1S5I8N5K,73,0,0.000200,0.200,0.008,37549228,37240,0,2628,2628,0,0,0,18893367,0,18729919,0,0.000000,0.000000,0.000000,2480,51643,760.03,0,0,0,0,SUCCESS,0,2,warm20,,,,,1,0,371898,1487,,,used,,,,20260905-1028
2026-09-05 13:53:10,Pre-HAUSPM,C8T1S5I8N5K,74,0,0.000200,0.200,0.008,37929817,37621,0,2669,2669,0,0,0,19131046,0,18966790,0,0.000000,0.000000,0.000000,2451,51343,1339.86,0,0,0,0,SUCCESS,0,2,warm20,,,,,1,0,380589,1502,,,used,,,,20260905-1028
2026-09-05 13:53:12,Pre-HAUSPM,C8T1S5I8N5K,75,0,0.000200,0.200,0.008,38317022,38002,0,2687,2688,0,0,0,19258621,0,19095472,0,0.000000,0.000000,0.000000,2489,51590,712.98,0,0,0,0,SUCCESS,0,2,warm20,,,,,1,0,387205,1517,,,used,,,,20260905-1028
2026-09-05 13:53:15,Pre-HAUSPM,C8T1S5I8N5K,76,0,0.000200,0.200,0.008,38681308,38383,0,2699,2699,0,0,0,19259561,0,19097020,0,0.000000,0.000000,0.000000,2455,51281,212.55,0,0,0,0,SUCCESS,0,2,warm20,,,,,1,0,364286,1533,,,used,,,,20260905-1028
2026-09-05 13:53:18,Pre-HAUSPM,C8T1S5I8N5K,77,0,0.000200,0.200,0.008,39054424,38764,0,2710,2710,0,0,0,19308530,0,19145993,0,0.000000,0.000000,0.000000,2481,51041,1228.83,0,0,0,0,SUCCESS,0,2,warm20,,,,,1,0,373116,1548,,,used,,,,20260905-1028
2026-09-05 13:53:21,Pre-HAUSPM,C8T1S5I8N5K,78,0,0.000200,0.200,0.008,39411343,39145,0,2738,2738,0,0,0,19330772,0,19168150,0,0.000000,0.000000,0.000000,2527,51167,1149.56,0,0,0,0,SUCCESS,0,2,warm20,,,,,1,0,356919,1562,,,used,,,,20260905-1028
2026-09-05 13:53:23,Pre-HAUSPM,C8T1S5I8N5K,79,0,0.000200,0.200,0.008,39780981,39526,0,2779,2779,0,0,0,19483171,0,19319772,0,0.000000,0.000000,0.000000,2581,51539,1325.70,0,0,0,0,SUCCESS,0,2,warm20,,,,,1,0,369638,1577,,,used,,,,20260905-1028
2026-09-05 13:53:26,Pre-HAUSPM,C8T1S5I8N5K,80,0,0.000200,0.200,0.008,40169171,39907,0,2802,2802,0,0,0,19529873,0,19366304,0,0.000000,0.000000,0.000000,2552,51398,386.51,0,0,0,0,SUCCESS,0,2,warm20,,,,,1,0,388190,1592,,,used,,,,20260905-1028
2026-09-05 13:53:29,Pre-HAUSPM,C8T1S5I8N5K,81,0,0.000200,0.200,0.008,40555772,40288,0,2825,2825,0,0,0,19577210,0,19413586,0,0.000000,0.000000,0.000000,2574,51274,1001.10,0,0,0,0,SUCCESS,0,2,warm20,,,,,1,0,386601,1607,,,used,,,,20260905-1028
2026-09-05 13:53:32,Pre-HAUSPM,C8T1S5I8N5K,82,0,0.000200,0.200,0.008,40937437,40669,0,2831,2831,0,0,0,19565094,0,19402056,0,0.000000,0.000000,0.000000,2542,51088,485.31,0,0,0,0,SUCCESS,0,2,warm20,,,,,1,0,381665,1623,,,used,,,,20260905-1028
2026-09-05 13:53:35,Pre-HAUSPM,C8T1S5I8N5K,83,0,0.000200,0.200,0.008,41314466,41050,0,2891,2891,0,0,0,19879129,0,19714660,0,0.000000,0.000000,0.000000,2516,50969,1168.47,0,0,0,0,SUCCESS,0,2,warm20,,,,,1,0,377029,1638,,,used,,,,20260905-1028
2026-09-05 13:53:38,Pre-HAUSPM,C8T1S5I8N5K,84,0,0.000200,0.200,0.008,41724684,41431,0,2886,2886,0,0,0,19749185,0,19585805,0,0.000000,0.000000,0.000000,2489,50715,1096.07,0,0,0,0,SUCCESS,0,2,warm20,,,,,1,0,410218,1653,,,used,,,,20260905-1028
2026-09-05 13:53:41,Pre-HAUSPM,C8T1S5I8N5K,85,0,0.000200,0.200,0.008,42093147,41812,0,2922,2923,0,0,0,19902203,0,19738078,0,0.000000,0.000000,0.000000,2440,50770,269.88,0,0,0,0,SUCCESS,0,2,warm20,,,,,1,0,368463,1669,,,used,,,,20260905-1028
2026-09-05 13:53:44,Pre-HAUSPM,C8T1S5I8N5K,86,0,0.000200,0.200,0.008,42494057,42193,0,2938,2938,0,0,0,19862303,0,19698783,0,0.000000,0.000000,0.000000,2493,51154,787.11,0,0,0,0,SUCCESS,0,2,warm20,,,,,1,0,400910,1684,,,used,,,,20260905-1028
2026-09-05 13:53:47,Pre-HAUSPM,C8T1S5I8N5K,87,0,0.000200,0.200,0.008,42876090,42574,0,2939,2939,0,0,0,19793007,0,19630463,0,0.000000,0.000000,0.000000,2433,50910,397.45,0,0,0,0,SUCCESS,0,2,warm20,,,,,1,0,382033,1700,,,used,,,,20260905-1028
2026-09-05 13:53:50,Pre-HAUSPM,C8T1S5I8N5K,88,0,0.000200,0.200,0.008,43249167,42955,0,2945,2945,0,0,0,19722095,0,19560417,0,0.000000,0.000000,0.000000,2454,50681,183.10,0,0,0,0,SUCCESS,0,2,warm20,,,,,1,0,373077,1715,,,used,,,,20260905-1028
2026-09-05 13:53:53,Pre-HAUSPM,C8T1S5I8N5K,89,0,0.000200,0.200,0.008,43639417,43336,0,2952,2952,0,0,0,19666977,0,19506056,0,0.000000,0.000000,0.000000,2455,50650,1032.73,0,0,0,0,SUCCESS,0,2,warm20,,,,,1,0,390250,1730,,,used,,,,20260905-1028
2026-09-05 13:53:56,Pre-HAUSPM,C8T1S5I8N5K,90,0,0.000200,0.200,0.008,44032208,43717,0,2959,2959,0,0,0,19599655,0,19439781,0,0.000000,0.000000,0.000000,2451,50800,201.67,0,0,0,0,SUCCESS,0,2,warm20,,,,,1,0,392791,1746,,,used,,,,20260905-1028
2026-09-05 13:53:59,Pre-HAUSPM,C8T1S5I8N5K,91,0,0.000200,0.200,0.008,44399967,44098,0,2972,2972,0,0,0,19593820,0,19433863,0,0.000000,0.000000,0.000000,2431,50881,660.35,0,0,0,0,SUCCESS,0,2,warm20,,,,,1,0,367759,1762,,,used,,,,20260905-1028
2026-09-05 13:54:02,Pre-HAUSPM,C8T1S5I8N5K,92,0,0.000200,0.200,0.008,44779784,44479,0,2990,2990,0,0,0,19381209,0,19222963,0,0.000000,0.000000,0.000000,2415,50818,1250.43,0,0,0,0,SUCCESS,0,2,warm20,,,,,1,0,379817,1776,,,used,,,,20260905-1028
2026-09-05 13:54:05,Pre-HAUSPM,C8T1S5I8N5K,93,0,0.000200,0.200,0.008,45163101,44860,0,2956,2956,0,0,0,19320600,0,19163167,0,0.000000,0.000000,0.000000,2417,50549,480.23,0,0,0,0,SUCCESS,0,2,warm20,,,,,1,0,383317,1792,,,used,,,,20260905-1028
2026-09-05 13:54:08,Pre-HAUSPM,C8T1S5I8N5K,94,0,0.000200,0.200,0.008,45537311,45241,0,2971,2971,0,0,0,19326014,0,19169461,0,0.000000,0.000000,0.000000,2509,50921,1177.40,0,0,0,0,SUCCESS,0,2,warm20,,,,,1,0,374210,1807,,,used,,,,20260905-1028
2026-09-05 13:54:11,Pre-HAUSPM,C8T1S5I8N5K,95,0,0.000200,0.200,0.008,45914685,45622,0,2965,2965,0,0,0,19191631,0,19036659,0,0.000000,0.000000,0.000000,2472,50847,782.35,0,0,0,0,SUCCESS,0,2,warm20,,,,,1,0,377374,1822,,,used,,,,20260905-1028
2026-09-05 13:54:14,Pre-HAUSPM,C8T1S5I8N5K,96,0,0.000200,0.200,0.008,46297846,46003,0,3031,3032,0,0,0,19511744,0,19355022,0,0.000000,0.000000,0.000000,2565,51291,780.50,0,0,0,0,SUCCESS,0,2,warm20,,,,,1,0,383161,1837,,,used,,,,20260905-1028
2026-09-05 13:54:17,Pre-HAUSPM,C8T1S5I8N5K,97,0,0.000200,0.200,0.008,46661169,46384,0,3037,3037,0,0,0,19374519,0,19219353,0,0.000000,0.000000,0.000000,2642,51628,987.26,0,0,0,0,SUCCESS,0,2,warm20,,,,,1,0,363323,1852,,,used,,,,20260905-1028
2026-09-05 13:54:20,Pre-HAUSPM,C8T1S5I8N5K,98,0,0.000200,0.200,0.008,47042336,46765,0,3046,3047,0,0,0,19327834,0,19173528,0,0.000000,0.000000,0.000000,2654,51802,220.46,0,0,0,0,SUCCESS,0,2,warm20,,,,,1,0,381167,1867,,,used,,,,20260905-1028
2026-09-05 13:54:23,Pre-HAUSPM,C8T1S5I8N5K,99,0,0.000200,0.200,0.008,47416411,47133,0,3065,3065,0,0,0,19323837,0,19169868,0,0.000000,0.000000,0.000000,2623,51786,727.15,0,0,0,0,SUCCESS,0,2,warm20,,,,,1,0,374075,1882,,,used,,,,20260905-1028
2026-09-05 13:54:25,Pre-HAUSPM,C8T1S5I8N5K,0,1,0.000200,0.200,0.200,9488535,9427,3,1978,1981,0,0,0,21111635,0,20752774,0,0.000000,0.000000,0.000000,6075,62726,646.61,0,0,0,0,SUCCESS,0,2,warm20,,,,,1,0,9488535,0,,,used,,,,20260905-1028
2026-09-05 13:54:28,Pre-HAUSPM,C8T1S5I8N5K,1,1,0.000200,0.200,0.008,9860531,9808,0,2210,2210,0,0,0,22116927,0,21735325,0,0.000000,0.000000,0.000000,5885,63072,507.49,0,0,0,0,SUCCESS,0,2,warm20,,,,,1,0,371996,380,,,used,,,,20260905-1028
2026-09-05 13:54:29,Pre-HAUSPM,C8T1S5I8N5K,2,1,0.000200,0.200,0.008,10237847,10189,0,1847,1847,0,0,0,20951580,0,20595635,0,0.000000,0.000000,0.000000,6216,63973,2094.99,0,0,0,0,SUCCESS,0,2,warm20,,,,,1,0,377316,395,,,used,,,,20260905-1028
2026-09-05 13:54:31,Pre-HAUSPM,C8T1S5I8N5K,3,1,0.000200,0.200,0.008,10612071,10570,0,1648,1648,0,0,0,19448677,0,19134347,0,0.000000,0.000000,0.000000,5710,61981,2579.09,0,0,0,0,SUCCESS,0,2,warm20,,,,,1,0,374224,410,,,used,,,,20260905-1028
2026-09-05 13:54:33,Pre-HAUSPM,C8T1S5I8N5K,4,1,0.000200,0.200,0.008,10998812,10951,0,1555,1556,0,0,0,18071328,0,17789057,0,0.000000,0.000000,0.000000,6197,63171,2091.65,0,0,0,0,SUCCESS,0,2,warm20,,,,,1,0,386741,425,,,used,,,,20260905-1028
2026-09-05 13:54:34,Pre-HAUSPM,C8T1S5I8N5K,5,1,0.000200,0.200,0.008,11372679,11332,0,1824,1824,0,0,0,21269718,0,20954298,0,0.000000,0.000000,0.000000,7077,64518,3850.60,0,0,0,0,SUCCESS,0,2,warm20,,,,,1,0,373867,440,,,used,,,,20260905-1028
2026-09-05 13:54:36,Pre-HAUSPM,C8T1S5I8N5K,6,1,0.000200,0.200,0.008,11751454,11713,0,1804,1804,0,0,0,20563576,0,20264564,0,0.000000,0.000000,0.000000,7171,64792,5280.23,0,0,0,0,SUCCESS,0,2,warm20,,,,,1,0,378775,455,,,used,,,,20260905-1028
2026-09-05 13:54:38,Pre-HAUSPM,C8T1S5I8N5K,7,1,0.000200,0.200,0.008,12140855,12094,0,1762,1762,0,0,0,19848714,0,19570847,0,0.000000,0.000000,0.000000,7532,65246,6365.86,0,0,0,0,SUCCESS,0,2,warm20,,,,,1,0,389401,470,,,used,,,,20260905-1028
2026-09-05 13:54:40,Pre-HAUSPM,C8T1S5I8N5K,8,1,0.000200,0.200,0.008,12513750,12475,0,1760,1760,0,0,0,19577012,0,19303704,0,0.000000,0.000000,0.000000,7536,64977,748.89,0,0,0,0,SUCCESS,0,2,warm20,,,,,1,0,372895,486,,,used,,,,20260905-1028
2026-09-05 13:54:42,Pre-HAUSPM,C8T1S5I8N5K,9,1,0.000200,0.200,0.008,12914821,12856,0,1785,1785,0,0,0,19844611,0,19575542,0,0.000000,0.000000,0.000000,6698,63969,1846.37,0,0,0,0,SUCCESS,0,2,warm20,,,,,1,0,401071,501,,,used,,,,20260905-1028
2026-09-05 13:54:43,Pre-HAUSPM,C8T1S5I8N5K,10,1,0.000200,0.200,0.008,13305508,13237,0,1814,1814,0,0,0,19135865,0,18877206,0,0.000000,0.000000,0.000000,6517,64328,3545.98,0,0,0,0,SUCCESS,0,2,warm20,,,,,1,0,390687,517,,,used,,,,20260905-1028
2026-09-05 13:54:45,Pre-HAUSPM,C8T1S5I8N5K,11,1,0.000200,0.200,0.008,13706693,13618,0,1685,1685,0,0,0,18227733,0,17985350,0,0.000000,0.000000,0.000000,6096,63161,4592.36,0,0,0,0,SUCCESS,0,2,warm20,,,,,1,0,401185,532,,,used,,,,20260905-1028
2026-09-05 13:54:47,Pre-HAUSPM,C8T1S5I8N5K,12,1,0.000200,0.200,0.008,14085848,13999,0,1697,1697,0,0,0,18243150,0,18003893,0,0.000000,0.000000,0.000000,5787,62935,5646.49,0,0,0,0,SUCCESS,0,2,warm20,,,,,1,0,379155,548,,,used,,,,20260905-1028
2026-09-05 13:54:49,Pre-HAUSPM,C8T1S5I8N5K,13,1,0.000200,0.200,0.008,14448564,14380,0,1750,1750,0,0,0,17966024,0,17733145,0,0.000000,0.000000,0.000000,5569,62344,1041.82,0,0,0,0,SUCCESS,0,2,warm20,,,,,1,0,362716,564,,,used,,,,20260905-1028
2026-09-05 13:54:50,Pre-HAUSPM,C8T1S5I8N5K,14,1,0.000200,0.200,0.008,14856850,14761,0,1683,1683,0,0,0,17395333,0,17172280,0,0.000000,0.000000,0.000000,5314,61640,2532.40,0,0,0,0,SUCCESS,0,2,warm20,,,,,1,0,408286,578,,,used,,,,20260905-1028
2026-09-05 13:54:52,Pre-HAUSPM,C8T1S5I8N5K,15,1,0.000200,0.200,0.008,15236031,15142,0,1752,1752,0,0,0,17876392,0,17643874,0,0.000000,0.000000,0.000000,5751,62651,4362.27,0,0,0,0,SUCCESS,0,2,warm20,,,,,1,0,379181,594,,,used,,,,20260905-1028
2026-09-05 13:54:54,Pre-HAUSPM,C8T1S5I8N5K,16,1,0.000200,0.200,0.008,15637254,15523,0,1711,1712,0,0,0,17297378,0,17075306,0,0.000000,0.000000,0.000000,5143,60843,326.59,0,0,0,0,SUCCESS,0,2,warm20,,,,,1,0,401223,610,,,used,,,,20260905-1028
2026-09-05 13:54:55,Pre-HAUSPM,C8T1S5I8N5K,17,1,0.000200,0.200,0.008,16001183,15904,0,1731,1731,0,0,0,17273007,0,17054460,0,0.000000,0.000000,0.000000,4765,59741,2691.23,0,0,0,0,SUCCESS,0,2,warm20,,,,,1,0,363929,626,,,used,,,,20260905-1028
2026-09-05 13:54:57,Pre-HAUSPM,C8T1S5I8N5K,18,1,0.000200,0.200,0.008,16376279,16285,0,1726,1726,0,0,0,17116683,0,16903037,0,0.000000,0.000000,0.000000,5394,60603,4950.18,0,0,0,0,SUCCESS,0,2,warm20,,,,,1,0,375096,640,,,used,,,,20260905-1028
2026-09-05 13:54:59,Pre-HAUSPM,C8T1S5I8N5K,19,1,0.000200,0.200,0.008,16736060,16666,0,1707,1707,0,0,0,16719614,0,16513152,0,0.000000,0.000000,0.000000,5316,60342,1924.00,0,0,0,0,SUCCESS,0,2,warm20,,,,,1,0,359781,655,,,used,,,,20260905-1028
2026-09-05 13:55:01,Pre-HAUSPM,C8T1S5I8N5K,20,1,0.000200,0.200,0.008,17118756,17047,0,1759,1759,0,0,0,17235367,0,17024896,0,0.000000,0.000000,0.000000,5733,61348,4680.91,0,0,0,0,SUCCESS,0,2,warm20,,,,,1,0,382696,670,,,used,,,,20260905-1028
2026-09-05 13:55:02,Pre-HAUSPM,C8T1S5I8N5K,21,1,0.000200,0.200,0.008,17469367,17428,0,1745,1745,0,0,0,16941374,0,16737491,0,0.000000,0.000000,0.000000,5511,61566,3012.12,0,0,0,0,SUCCESS,0,2,warm20,,,,,1,0,350611,685,,,used,,,,20260905-1028
2026-09-05 13:55:04,Pre-HAUSPM,C8T1S5I8N5K,22,1,0.000200,0.200,0.008,17882077,17809,0,1762,1762,0,0,0,16961194,0,16757666,0,0.000000,0.000000,0.000000,5460,61728,1383.05,0,0,0,0,SUCCESS,0,2,warm20,,,,,1,0,412710,699,,,used,,,,20260905-1028
2026-09-05 13:55:06,Pre-HAUSPM,C8T1S5I8N5K,23,1,0.000200,0.200,0.008,18263919,18190,0,1771,1771,0,0,0,16901016,0,16698995,0,0.000000,0.000000,0.000000,5224,61383,422.65,0,0,0,0,SUCCESS,0,2,warm20,,,,,1,0,381842,715,,,used,,,,20260905-1028
2026-09-05 13:55:08,Pre-HAUSPM,C8T1S5I8N5K,24,1,0.000200,0.200,0.008,18657262,18571,0,1765,1766,0,0,0,16732501,0,16535211,0,0.000000,0.000000,0.000000,4981,60574,3970.91,0,0,0,0,SUCCESS,0,2,warm20,,,,,1,0,393343,731,,,used,,,,20260905-1028
2026-09-05 13:55:10,Pre-HAUSPM,C8T1S5I8N5K,25,1,0.000200,0.200,0.008,19053088,18952,0,1789,1789,0,0,0,16830163,0,16634278,0,0.000000,0.000000,0.000000,4603,59643,3315.83,0,0,0,0,SUCCESS,0,2,warm20,,,,,1,0,395826,746,,,used,,,,20260905-1028
2026-09-05 13:55:11,Pre-HAUSPM,C8T1S5I8N5K,26,1,0.000200,0.200,0.008,19437911,19333,0,1766,1766,0,0,0,16553174,0,16362099,0,0.000000,0.000000,0.000000,4467,58953,3074.86,0,0,0,0,SUCCESS,0,2,warm20,,,,,1,0,384823,762,,,used,,,,20260905-1028
2026-09-05 13:55:13,Pre-HAUSPM,C8T1S5I8N5K,27,1,0.000200,0.200,0.008,19822113,19714,0,1774,1774,0,0,0,16430787,0,16242987,0,0.000000,0.000000,0.000000,4548,59283,3060.33,0,0,0,0,SUCCESS,0,2,warm20,,,,,1,0,384202,778,,,used,,,,20260905-1028
2026-09-05 13:55:15,Pre-HAUSPM,C8T1S5I8N5K,28,1,0.000200,0.200,0.008,20208654,20095,0,1783,1783,0,0,0,16433946,0,16248653,0,0.000000,0.000000,0.000000,4279,58679,3044.48,0,0,0,0,SUCCESS,0,2,warm20,,,,,1,0,386541,793,,,used,,,,20260905-1028
2026-09-05 13:55:17,Pre-HAUSPM,C8T1S5I8N5K,29,1,0.000200,0.200,0.008,20585609,20476,0,1787,1787,0,0,0,16423116,0,16240472,0,0.000000,0.000000,0.000000,4122,57939,170.29,0,0,0,0,SUCCESS,0,2,warm20,,,,,1,0,376955,809,,,used,,,,20260905-1028
2026-09-05 13:55:18,Pre-HAUSPM,C8T1S5I8N5K,30,1,0.000200,0.200,0.008,20988516,20857,0,1822,1822,0,0,0,16616114,0,16432836,0,0.000000,0.000000,0.000000,3896,56937,1128.18,0,0,0,0,SUCCESS,0,2,warm20,,,,,1,0,402907,824,,,used,,,,20260905-1028
2026-09-05 13:55:20,Pre-HAUSPM,C8T1S5I8N5K,31,1,0.000200,0.200,0.008,21379871,21238,0,1823,1823,0,0,0,16549697,0,16368881,0,0.000000,0.000000,0.000000,3722,56213,2477.55,0,0,0,0,SUCCESS,0,2,warm20,,,,,1,0,391355,840,,,used,,,,20260905-1028
2026-09-05 13:55:22,Pre-HAUSPM,C8T1S5I8N5K,32,1,0.000200,0.200,0.008,21758395,21619,0,1888,1888,0,0,0,17013670,0,16829089,0,0.000000,0.000000,0.000000,3512,55460,936.66,0,0,0,0,SUCCESS,0,2,warm20,,,,,1,0,378524,855,,,used,,,,20260905-1028
2026-09-05 13:55:24,Pre-HAUSPM,C8T1S5I8N5K,33,1,0.000200,0.200,0.008,22151372,22000,0,1890,1890,0,0,0,16886307,0,16704415,0,0.000000,0.000000,0.000000,3756,56422,2981.76,0,0,0,0,SUCCESS,0,2,warm20,,,,,1,0,392977,871,,,used,,,,20260905-1028
2026-09-05 13:55:26,Pre-HAUSPM,C8T1S5I8N5K,34,1,0.000200,0.200,0.008,22537156,22381,0,1912,1912,0,0,0,16946449,0,16766321,0,0.000000,0.000000,0.000000,3758,56185,2253.60,0,0,0,0,SUCCESS,0,2,warm20,,,,,1,0,385784,886,,,used,,,,20260905-1028
2026-09-05 13:55:28,Pre-HAUSPM,C8T1S5I8N5K,35,1,0.000200,0.200,0.008,22909920,22762,0,1949,1949,0,0,0,17125283,0,16942398,0,0.000000,0.000000,0.000000,3731,56087,1839.03,0,0,0,0,SUCCESS,0,2,warm20,,,,,1,0,372764,902,,,used,,,,20260905-1028
2026-09-05 13:55:30,Pre-HAUSPM,C8T1S5I8N5K,36,1,0.000200,0.200,0.008,23320068,23143,0,1983,1983,0,0,0,17329801,0,17147176,0,0.000000,0.000000,0.000000,3641,55864,2110.61,0,0,0,0,SUCCESS,0,2,warm20,,,,,1,0,410148,917,,,used,,,,20260905-1028
2026-09-05 13:55:32,Pre-HAUSPM,C8T1S5I8N5K,37,1,0.000200,0.200,0.008,23698370,23524,0,1987,1987,0,0,0,17267372,0,17086193,0,0.000000,0.000000,0.000000,3515,55356,2509.42,0,0,0,0,SUCCESS,0,2,warm20,,,,,1,0,378302,933,,,used,,,,20260905-1028
2026-09-05 13:55:34,Pre-HAUSPM,C8T1S5I8N5K,38,1,0.000200,0.200,0.008,24100790,23905,0,1984,1985,0,0,0,17137332,0,16959372,0,0.000000,0.000000,0.000000,3291,54563,453.89,0,0,0,0,SUCCESS,0,2,warm20,,,,,1,0,402420,948,,,used,,,,20260905-1028
2026-09-05 13:55:36,Pre-HAUSPM,C8T1S5I8N5K,39,1,0.000200,0.200,0.008,24494244,24286,0,1981,1981,0,0,0,17037415,0,16861821,0,0.000000,0.000000,0.000000,3104,53869,1527.80,0,0,0,0,SUCCESS,0,2,warm20,,,,,1,0,393454,964,,,used,,,,20260905-1028
2026-09-05 13:55:38,Pre-HAUSPM,C8T1S5I8N5K,40,1,0.000200,0.200,0.008,24862589,24667,0,1999,1999,0,0,0,17077305,0,16902855,0,0.000000,0.000000,0.000000,2983,53478,2910.76,0,0,0,0,SUCCESS,0,2,warm20,,,,,1,0,368345,980,,,used,,,,20260905-1028
2026-09-05 13:55:40,Pre-HAUSPM,C8T1S5I8N5K,41,1,0.000200,0.200,0.008,25264734,25048,0,2018,2018,0,0,0,17045999,0,16871629,0,0.000000,0.000000,0.000000,2906,52993,1841.38,0,0,0,0,SUCCESS,0,2,warm20,,,,,1,0,402145,995,,,used,,,,20260905-1028
2026-09-05 13:55:42,Pre-HAUSPM,C8T1S5I8N5K,42,1,0.000200,0.200,0.008,25654120,25429,0,2044,2044,0,0,0,17277965,0,17103835,0,0.000000,0.000000,0.000000,2835,52527,1180.47,0,0,0,0,SUCCESS,0,2,warm20,,,,,1,0,389386,1011,,,used,,,,20260905-1028
2026-09-05 13:55:44,Pre-HAUSPM,C8T1S5I8N5K,43,1,0.000200,0.200,0.008,26046150,25810,0,2092,2092,0,0,0,17472318,0,17298910,0,0.000000,0.000000,0.000000,2897,53555,1242.45,0,0,0,0,SUCCESS,0,2,warm20,,,,,1,0,392030,1026,,,used,,,,20260905-1028
2026-09-05 13:55:46,Pre-HAUSPM,C8T1S5I8N5K,44,1,0.000200,0.200,0.008,26432947,26191,0,2122,2122,0,0,0,17601180,0,17427132,0,0.000000,0.000000,0.000000,2697,52912,1602.38,0,0,0,0,SUCCESS,0,2,warm20,,,,,1,0,386797,1042,,,used,,,,20260905-1028
2026-09-05 13:55:48,Pre-HAUSPM,C8T1S5I8N5K,45,1,0.000200,0.200,0.008,26847057,26572,0,2156,2156,0,0,0,17743951,0,17569013,0,0.000000,0.000000,0.000000,2736,52743,2360.97,0,0,0,0,SUCCESS,0,2,warm20,,,,,1,0,414110,1058,,,used,,,,20260905-1028
2026-09-05 13:55:51,Pre-HAUSPM,C8T1S5I8N5K,46,1,0.000200,0.200,0.008,27199889,26953,0,2206,2206,0,0,0,17947670,0,17771232,0,0.000000,0.000000,0.000000,2876,53280,1236.15,0,0,0,0,SUCCESS,0,2,warm20,,,,,1,0,352832,1074,,,used,,,,20260905-1028
2026-09-05 13:55:53,Pre-HAUSPM,C8T1S5I8N5K,47,1,0.000200,0.200,0.008,27579163,27334,0,2221,2221,0,0,0,17982600,0,17807215,0,0.000000,0.000000,0.000000,2901,53178,480.34,0,0,0,0,SUCCESS,0,2,warm20,,,,,1,0,379274,1088,,,used,,,,20260905-1028
2026-09-05 13:55:55,Pre-HAUSPM,C8T1S5I8N5K,48,1,0.000200,0.200,0.008,27972766,27715,0,2241,2241,0,0,0,18007390,0,17831928,0,0.000000,0.000000,0.000000,2982,53622,2290.69,0,0,0,0,SUCCESS,0,2,warm20,,,,,1,0,393603,1103,,,used,,,,20260905-1028
2026-09-05 13:55:57,Pre-HAUSPM,C8T1S5I8N5K,49,1,0.000200,0.200,0.008,28365723,28096,0,2248,2248,0,0,0,17939980,0,17764377,0,0.000000,0.000000,0.000000,3165,54257,2138.06,0,0,0,0,SUCCESS,0,2,warm20,,,,,1,0,392957,1119,,,used,,,,20260905-1028
2026-09-05 13:56:00,Pre-HAUSPM,C8T1S5I8N5K,50,1,0.000200,0.200,0.008,28747973,28477,0,2264,2264,0,0,0,17852921,0,17678592,0,0.000000,0.000000,0.000000,3190,54169,2203.64,0,0,0,0,SUCCESS,0,2,warm20,,,,,1,0,382250,1135,,,used,,,,20260905-1028
2026-09-05 13:56:02,Pre-HAUSPM,C8T1S5I8N5K,51,1,0.000200,0.200,0.008,29148674,28858,0,2284,2284,0,0,0,17975659,0,17801420,0,0.000000,0.000000,0.000000,3606,55686,538.17,0,0,0,0,SUCCESS,0,2,warm20,,,,,1,0,400701,1150,,,used,,,,20260905-1028
2026-09-05 13:56:04,Pre-HAUSPM,C8T1S5I8N5K,52,1,0.000200,0.200,0.008,29538239,29239,0,2291,2291,0,0,0,17897180,0,17724494,0,0.000000,0.000000,0.000000,3511,55439,1238.83,0,0,0,0,SUCCESS,0,2,warm20,,,,,1,0,389565,1166,,,used,,,,20260905-1028
2026-09-05 13:56:07,Pre-HAUSPM,C8T1S5I8N5K,53,1,0.000200,0.200,0.008,29906147,29620,0,2315,2315,0,0,0,18059989,0,17887194,0,0.000000,0.000000,0.000000,3391,55150,261.41,0,0,0,0,SUCCESS,0,2,warm20,,,,,1,0,367908,1182,,,used,,,,20260905-1028
2026-09-05 13:56:09,Pre-HAUSPM,C8T1S5I8N5K,54,1,0.000200,0.200,0.008,30291495,30001,0,2323,2323,0,0,0,18048897,0,17877162,0,0.000000,0.000000,0.000000,3264,54647,1509.30,0,0,0,0,SUCCESS,0,2,warm20,,,,,1,0,385348,1196,,,used,,,,20260905-1028
2026-09-05 13:56:11,Pre-HAUSPM,C8T1S5I8N5K,55,1,0.000200,0.200,0.008,30683235,30382,0,2335,2335,0,0,0,18063034,0,17892244,0,0.000000,0.000000,0.000000,3174,54221,919.76,0,0,0,0,SUCCESS,0,2,warm20,,,,,1,0,391740,1212,,,used,,,,20260905-1028
2026-09-05 13:56:14,Pre-HAUSPM,C8T1S5I8N5K,56,1,0.000200,0.200,0.008,31050500,30763,0,2352,2352,0,0,0,18144154,0,17973835,0,0.000000,0.000000,0.000000,3135,54227,665.63,0,0,0,0,SUCCESS,0,2,warm20,,,,,1,0,367265,1228,,,used,,,,20260905-1028
2026-09-05 13:56:16,Pre-HAUSPM,C8T1S5I8N5K,57,1,0.000200,0.200,0.008,31397327,31144,0,2361,2361,0,0,0,18193111,0,18023848,0,0.000000,0.000000,0.000000,3034,53896,689.73,0,0,0,0,SUCCESS,0,2,warm20,,,,,1,0,346827,1242,,,used,,,,20260905-1028
2026-09-05 13:56:18,Pre-HAUSPM,C8T1S5I8N5K,58,1,0.000200,0.200,0.008,31771532,31525,0,2368,2368,0,0,0,18195422,0,18027144,0,0.000000,0.000000,0.000000,3040,53766,888.71,0,0,0,0,SUCCESS,0,2,warm20,,,,,1,0,374205,1256,,,used,,,,20260905-1028
2026-09-05 13:56:21,Pre-HAUSPM,C8T1S5I8N5K,59,1,0.000200,0.200,0.008,32144335,31906,0,2375,2375,0,0,0,18191321,0,18024122,0,0.000000,0.000000,0.000000,2918,53314,1208.24,0,0,0,0,SUCCESS,0,2,warm20,,,,,1,0,372803,1271,,,used,,,,20260905-1028
2026-09-05 13:56:23,Pre-HAUSPM,C8T1S5I8N5K,60,1,0.000200,0.200,0.008,32548859,32287,0,2421,2421,0,0,0,18475800,0,18307264,0,0.000000,0.000000,0.000000,3066,53526,1935.21,0,0,0,0,SUCCESS,0,2,warm20,,,,,1,0,404524,1286,,,used,,,,20260905-1028
2026-09-05 13:56:26,Pre-HAUSPM,C8T1S5I8N5K,61,1,0.000200,0.200,0.008,32946105,32668,0,2488,2488,0,0,0,18966483,0,18794733,0,0.000000,0.000000,0.000000,3028,53402,1430.78,0,0,0,0,SUCCESS,0,2,warm20,,,,,1,0,397246,1302,,,used,,,,20260905-1028
2026-09-05 13:56:28,Pre-HAUSPM,C8T1S5I8N5K,62,1,0.000200,0.200,0.008,33335321,33049,0,2496,2497,0,0,0,18948610,0,18777600,0,0.000000,0.000000,0.000000,2938,53087,1168.90,0,0,0,0,SUCCESS,0,2,warm20,,,,,1,0,389216,1318,,,used,,,,20260905-1028
2026-09-05 13:56:31,Pre-HAUSPM,C8T1S5I8N5K,63,1,0.000200,0.200,0.008,33722190,33430,0,2516,2517,0,0,0,18937633,0,18767094,0,0.000000,0.000000,0.000000,2955,53536,1049.05,0,0,0,0,SUCCESS,0,2,warm20,,,,,1,0,386869,1334,,,used,,,,20260905-1028
2026-09-05 13:56:33,Pre-HAUSPM,C8T1S5I8N5K,64,1,0.000200,0.200,0.008,34102757,33811,0,2519,2519,0,0,0,18847451,0,18678458,0,0.000000,0.000000,0.000000,2871,53127,1001.75,0,0,0,0,SUCCESS,0,2,warm20,,,,,1,0,380567,1349,,,used,,,,20260905-1028
2026-09-05 13:56:36,Pre-HAUSPM,C8T1S5I8N5K,65,1,0.000200,0.200,0.008,34480042,34192,0,2563,2563,0,0,0,19158181,0,18988278,0,0.000000,0.000000,0.000000,2789,52965,1311.08,0,0,0,0,SUCCESS,0,2,warm20,,,,,1,0,377285,1364,,,used,,,,20260905-1028
2026-09-05 13:56:38,Pre-HAUSPM,C8T1S5I8N5K,66,1,0.000200,0.200,0.008,34856177,34573,0,2550,2551,0,0,0,18984037,0,18816012,0,0.000000,0.000000,0.000000,2698,52604,1735.53,0,0,0,0,SUCCESS,0,2,warm20,,,,,1,0,376135,1379,,,used,,,,20260905-1028
2026-09-05 13:56:41,Pre-HAUSPM,C8T1S5I8N5K,67,1,0.000200,0.200,0.008,35248911,34954,0,2546,2546,0,0,0,18830943,0,18664711,0,0.000000,0.000000,0.000000,2620,52266,517.19,0,0,0,0,SUCCESS,0,2,warm20,,,,,1,0,392734,1395,,,used,,,,20260905-1028
2026-09-05 13:56:44,Pre-HAUSPM,C8T1S5I8N5K,68,1,0.000200,0.200,0.008,35625465,35335,0,2555,2555,0,0,0,18785697,0,18620056,0,0.000000,0.000000,0.000000,2554,51857,1113.65,0,0,0,0,SUCCESS,0,2,warm20,,,,,1,0,376554,1410,,,used,,,,20260905-1028
2026-09-05 13:56:46,Pre-HAUSPM,C8T1S5I8N5K,69,1,0.000200,0.200,0.008,36012354,35716,0,2537,2537,0,0,0,18561263,0,18398234,0,0.000000,0.000000,0.000000,2554,51662,1672.00,0,0,0,0,SUCCESS,0,2,warm20,,,,,1,0,386889,1425,,,used,,,,20260905-1028
2026-09-05 13:56:49,Pre-HAUSPM,C8T1S5I8N5K,70,1,0.000200,0.200,0.008,36402179,36097,0,2563,2563,0,0,0,18672455,0,18509089,0,0.000000,0.000000,0.000000,2518,51615,683.72,0,0,0,0,SUCCESS,0,2,warm20,,,,,1,0,389825,1441,,,used,,,,20260905-1028
2026-09-05 13:56:51,Pre-HAUSPM,C8T1S5I8N5K,71,1,0.000200,0.200,0.008,36796212,36478,0,2574,2574,0,0,0,18683735,0,18520741,0,0.000000,0.000000,0.000000,2562,51872,1472.84,0,0,0,0,SUCCESS,0,2,warm20,,,,,1,0,394033,1456,,,used,,,,20260905-1028
2026-09-05 13:56:54,Pre-HAUSPM,C8T1S5I8N5K,72,1,0.000200,0.200,0.008,37177330,36859,0,2586,2586,0,0,0,18668054,0,18505167,0,0.000000,0.000000,0.000000,2519,51626,677.21,0,0,0,0,SUCCESS,0,2,warm20,,,,,1,0,381118,1472,,,used,,,,20260905-1028
2026-09-05 13:56:57,Pre-HAUSPM,C8T1S5I8N5K,73,1,0.000200,0.200,0.008,37549228,37240,0,2625,2625,0,0,0,18893367,0,18729919,0,0.000000,0.000000,0.000000,2480,51643,225.24,0,0,0,0,SUCCESS,0,2,warm20,,,,,1,0,371898,1487,,,used,,,,20260905-1028
2026-09-05 13:56:59,Pre-HAUSPM,C8T1S5I8N5K,74,1,0.000200,0.200,0.008,37929817,37621,0,2664,2664,0,0,0,19131046,0,18966790,0,0.000000,0.000000,0.000000,2451,51343,1632.62,0,0,0,0,SUCCESS,0,2,warm20,,,,,1,0,380589,1502,,,used,,,,20260905-1028
2026-09-05 13:57:02,Pre-HAUSPM,C8T1S5I8N5K,75,1,0.000200,0.200,0.008,38317022,38002,0,2685,2685,0,0,0,19258621,0,19095472,0,0.000000,0.000000,0.000000,2489,51590,1587.10,0,0,0,0,SUCCESS,0,2,warm20,,,,,1,0,387205,1517,,,used,,,,20260905-1028
2026-09-05 13:57:05,Pre-HAUSPM,C8T1S5I8N5K,76,1,0.000200,0.200,0.008,38681308,38383,0,2692,2692,0,0,0,19259561,0,19097020,0,0.000000,0.000000,0.000000,2455,51281,202.33,0,0,0,0,SUCCESS,0,2,warm20,,,,,1,0,364286,1533,,,used,,,,20260905-1028
2026-09-05 13:57:07,Pre-HAUSPM,C8T1S5I8N5K,77,1,0.000200,0.200,0.008,39054424,38764,0,2708,2708,0,0,0,19308530,0,19145993,0,0.000000,0.000000,0.000000,2481,51041,204.10,0,0,0,0,SUCCESS,0,2,warm20,,,,,1,0,373116,1548,,,used,,,,20260905-1028
2026-09-05 13:57:10,Pre-HAUSPM,C8T1S5I8N5K,78,1,0.000200,0.200,0.008,39411343,39145,0,2731,2731,0,0,0,19330772,0,19168150,0,0.000000,0.000000,0.000000,2527,51167,268.83,0,0,0,0,SUCCESS,0,2,warm20,,,,,1,0,356919,1562,,,used,,,,20260905-1028
2026-09-05 13:57:13,Pre-HAUSPM,C8T1S5I8N5K,79,1,0.000200,0.200,0.008,39780981,39526,0,2773,2773,0,0,0,19483171,0,19319772,0,0.000000,0.000000,0.000000,2581,51539,555.20,0,0,0,0,SUCCESS,0,2,warm20,,,,,1,0,369638,1577,,,used,,,,20260905-1028
2026-09-05 13:57:16,Pre-HAUSPM,C8T1S5I8N5K,80,1,0.000200,0.200,0.008,40169171,39907,0,2795,2795,0,0,0,19529873,0,19366304,0,0.000000,0.000000,0.000000,2552,51398,924.86,0,0,0,0,SUCCESS,0,2,warm20,,,,,1,0,388190,1592,,,used,,,,20260905-1028
2026-09-05 13:57:19,Pre-HAUSPM,C8T1S5I8N5K,81,1,0.000200,0.200,0.008,40555772,40288,0,3156,3156,0,0,0,19577210,0,19413586,0,0.000000,0.000000,0.000000,2574,51274,401.98,0,0,0,0,SUCCESS,0,2,warm20,,,,,1,0,386601,1607,,,used,,,,20260905-1028
2026-09-05 13:57:22,Pre-HAUSPM,C8T1S5I8N5K,82,1,0.000200,0.200,0.008,40937437,40669,0,2825,2825,0,0,0,19565094,0,19402056,0,0.000000,0.000000,0.000000,2542,51088,338.86,0,0,0,0,SUCCESS,0,2,warm20,,,,,1,0,381665,1623,,,used,,,,20260905-1028
2026-09-05 13:57:25,Pre-HAUSPM,C8T1S5I8N5K,83,1,0.000200,0.200,0.008,41314466,41050,0,2885,2885,0,0,0,19879129,0,19714660,0,0.000000,0.000000,0.000000,2516,50969,655.16,0,0,0,0,SUCCESS,0,2,warm20,,,,,1,0,377029,1638,,,used,,,,20260905-1028
2026-09-05 13:57:28,Pre-HAUSPM,C8T1S5I8N5K,84,1,0.000200,0.200,0.008,41724684,41431,0,2955,2955,0,0,0,19749185,0,19585805,0,0.000000,0.000000,0.000000,2489,50715,3402.29,0,0,0,0,SUCCESS,0,2,warm20,,,,,1,0,410218,1653,,,used,,,,20260905-1028
2026-09-05 13:57:31,Pre-HAUSPM,C8T1S5I8N5K,85,1,0.000200,0.200,0.008,42093147,41812,0,2911,2912,0,0,0,19902203,0,19738078,0,0.000000,0.000000,0.000000,2440,50770,3537.19,0,0,0,0,SUCCESS,0,2,warm20,,,,,1,0,368463,1669,,,used,,,,20260905-1028
2026-09-05 13:57:33,Pre-HAUSPM,C8T1S5I8N5K,86,1,0.000200,0.200,0.008,42494057,42193,0,2933,2934,0,0,0,19862303,0,19698783,0,0.000000,0.000000,0.000000,2493,51154,1867.65,0,0,0,0,SUCCESS,0,2,warm20,,,,,1,0,400910,1684,,,used,,,,20260905-1028
2026-09-05 13:57:36,Pre-HAUSPM,C8T1S5I8N5K,87,1,0.000200,0.200,0.008,42876090,42574,0,2931,2931,0,0,0,19793007,0,19630463,0,0.000000,0.000000,0.000000,2433,50910,2569.92,0,0,0,0,SUCCESS,0,2,warm20,,,,,1,0,382033,1700,,,used,,,,20260905-1028
2026-09-05 13:57:39,Pre-HAUSPM,C8T1S5I8N5K,88,1,0.000200,0.200,0.008,43249167,42955,0,2939,2939,0,0,0,19722095,0,19560417,0,0.000000,0.000000,0.000000,2454,50681,1806.04,0,0,0,0,SUCCESS,0,2,warm20,,,,,1,0,373077,1715,,,used,,,,20260905-1028
2026-09-05 13:57:42,Pre-HAUSPM,C8T1S5I8N5K,89,1,0.000200,0.200,0.008,43639417,43336,0,2944,2944,0,0,0,19666977,0,19506056,0,0.000000,0.000000,0.000000,2455,50650,307.47,0,0,0,0,SUCCESS,0,2,warm20,,,,,1,0,390250,1730,,,used,,,,20260905-1028
2026-09-05 13:57:45,Pre-HAUSPM,C8T1S5I8N5K,90,1,0.000200,0.200,0.008,44032208,43717,0,2946,2946,0,0,0,19599655,0,19439781,0,0.000000,0.000000,0.000000,2451,50800,793.73,0,0,0,0,SUCCESS,0,2,warm20,,,,,1,0,392791,1746,,,used,,,,20260905-1028
2026-09-05 13:57:48,Pre-HAUSPM,C8T1S5I8N5K,91,1,0.000200,0.200,0.008,44399967,44098,0,2968,2968,0,0,0,19593820,0,19433863,0,0.000000,0.000000,0.000000,2431,50881,651.79,0,0,0,0,SUCCESS,0,2,warm20,,,,,1,0,367759,1762,,,used,,,,20260905-1028
2026-09-05 13:57:51,Pre-HAUSPM,C8T1S5I8N5K,92,1,0.000200,0.200,0.008,44779784,44479,0,2952,2952,0,0,0,19381209,0,19222963,0,0.000000,0.000000,0.000000,2415,50818,492.12,0,0,0,0,SUCCESS,0,2,warm20,,,,,1,0,379817,1776,,,used,,,,20260905-1028
2026-09-05 13:57:54,Pre-HAUSPM,C8T1S5I8N5K,93,1,0.000200,0.200,0.008,45163101,44860,0,2955,2956,0,0,0,19320600,0,19163167,0,0.000000,0.000000,0.000000,2417,50549,476.95,0,0,0,0,SUCCESS,0,2,warm20,,,,,1,0,383317,1792,,,used,,,,20260905-1028
2026-09-05 13:57:57,Pre-HAUSPM,C8T1S5I8N5K,94,1,0.000200,0.200,0.008,45537311,45241,0,2968,2968,0,0,0,19326014,0,19169461,0,0.000000,0.000000,0.000000,2509,50921,475.80,0,0,0,0,SUCCESS,0,2,warm20,,,,,1,0,374210,1807,,,used,,,,20260905-1028
2026-09-05 13:58:00,Pre-HAUSPM,C8T1S5I8N5K,95,1,0.000200,0.200,0.008,45914685,45622,0,2959,2959,0,0,0,19191631,0,19036659,0,0.000000,0.000000,0.000000,2472,50847,411.94,0,0,0,0,SUCCESS,0,2,warm20,,,,,1,0,377374,1822,,,used,,,,20260905-1028
2026-09-05 13:58:03,Pre-HAUSPM,C8T1S5I8N5K,96,1,0.000200,0.200,0.008,46297846,46003,0,3027,3027,0,0,0,19511744,0,19355022,0,0.000000,0.000000,0.000000,2565,51291,1273.13,0,0,0,0,SUCCESS,0,2,warm20,,,,,1,0,383161,1837,,,used,,,,20260905-1028
2026-09-05 13:58:06,Pre-HAUSPM,C8T1S5I8N5K,97,1,0.000200,0.200,0.008,46661169,46384,0,3029,3029,0,0,0,19374519,0,19219353,0,0.000000,0.000000,0.000000,2642,51628,1592.55,0,0,0,0,SUCCESS,0,2,warm20,,,,,1,0,363323,1852,,,used,,,,20260905-1028
2026-09-05 13:58:09,Pre-HAUSPM,C8T1S5I8N5K,98,1,0.000200,0.200,0.008,47042336,46765,0,3040,3040,0,0,0,19327834,0,19173528,0,0.000000,0.000000,0.000000,2654,51802,1393.37,0,0,0,0,SUCCESS,0,2,warm20,,,,,1,0,381167,1867,,,used,,,,20260905-1028
2026-09-05 13:58:12,Pre-HAUSPM,C8T1S5I8N5K,99,1,0.000200,0.200,0.008,47416411,47133,0,3055,3055,0,0,0,19323837,0,19169868,0,0.000000,0.000000,0.000000,2623,51786,501.39,0,0,0,0,SUCCESS,0,2,warm20,,,,,1,0,374075,1882,,,used,,,,20260905-1028
2026-09-05 13:58:15,Pre-HAUSPM,C8T1S5I8N5K,0,2,0.000200,0.200,0.200,9488535,9427,3,1988,1991,0,0,0,21111635,0,20752774,0,0.000000,0.000000,0.000000,6075,62726,534.85,0,0,0,0,SUCCESS,0,2,warm20,,,,,1,0,9488535,0,,,used,,,,20260905-1028
2026-09-05 13:58:17,Pre-HAUSPM,C8T1S5I8N5K,1,2,0.000200,0.200,0.008,9860531,9808,0,2237,2237,0,0,0,22116927,0,21735325,0,0.000000,0.000000,0.000000,5885,63072,2658.19,0,0,0,0,SUCCESS,0,2,warm20,,,,,1,0,371996,380,,,used,,,,20260905-1028
2026-09-05 13:58:19,Pre-HAUSPM,C8T1S5I8N5K,2,2,0.000200,0.200,0.008,10237847,10189,0,1814,1814,0,0,0,20951580,0,20595635,0,0.000000,0.000000,0.000000,6216,63973,4215.94,0,0,0,0,SUCCESS,0,2,warm20,,,,,1,0,377316,395,,,used,,,,20260905-1028
2026-09-05 13:58:21,Pre-HAUSPM,C8T1S5I8N5K,3,2,0.000200,0.200,0.008,10612071,10570,0,1647,1647,0,0,0,19448677,0,19134347,0,0.000000,0.000000,0.000000,5710,61981,4702.83,0,0,0,0,SUCCESS,0,2,warm20,,,,,1,0,374224,410,,,used,,,,20260905-1028
2026-09-05 13:58:22,Pre-HAUSPM,C8T1S5I8N5K,4,2,0.000200,0.200,0.008,10998812,10951,0,1558,1558,0,0,0,18071328,0,17789057,0,0.000000,0.000000,0.000000,6197,63171,4214.15,0,0,0,0,SUCCESS,0,2,warm20,,,,,1,0,386741,425,,,used,,,,20260905-1028
2026-09-05 13:58:24,Pre-HAUSPM,C8T1S5I8N5K,5,2,0.000200,0.200,0.008,11372679,11332,0,1849,1849,0,0,0,21269718,0,20954298,0,0.000000,0.000000,0.000000,7077,64518,6229.66,0,0,0,0,SUCCESS,0,2,warm20,,,,,1,0,373867,440,,,used,,,,20260905-1028
2026-09-05 13:58:26,Pre-HAUSPM,C8T1S5I8N5K,6,2,0.000200,0.200,0.008,11751454,11713,0,1796,1796,0,0,0,20563576,0,20264564,0,0.000000,0.000000,0.000000,7171,64792,1604.76,0,0,0,0,SUCCESS,0,2,warm20,,,,,1,0,378775,455,,,used,,,,20260905-1028
2026-09-05 13:58:28,Pre-HAUSPM,C8T1S5I8N5K,7,2,0.000200,0.200,0.008,12140855,12094,0,1769,1769,0,0,0,19848714,0,19570847,0,0.000000,0.000000,0.000000,7532,65246,2898.06,0,0,0,0,SUCCESS,0,2,warm20,,,,,1,0,389401,470,,,used,,,,20260905-1028
2026-09-05 13:58:29,Pre-HAUSPM,C8T1S5I8N5K,8,2,0.000200,0.200,0.008,12513750,12475,0,1777,1777,0,0,0,19577012,0,19303704,0,0.000000,0.000000,0.000000,7536,64977,3985.56,0,0,0,0,SUCCESS,0,2,warm20,,,,,1,0,372895,486,,,used,,,,20260905-1028
2026-09-05 13:58:31,Pre-HAUSPM,C8T1S5I8N5K,9,2,0.000200,0.200,0.008,12914821,12856,0,1823,1823,0,0,0,19844611,0,19575542,0,0.000000,0.000000,0.000000,6698,63969,380.61,0,0,0,0,SUCCESS,0,2,warm20,,,,,1,0,401071,501,,,used,,,,20260905-1028
2026-09-05 13:58:33,Pre-HAUSPM,C8T1S5I8N5K,10,2,0.000200,0.200,0.008,13305508,13237,0,1758,1758,0,0,0,19135865,0,18877206,0,0.000000,0.000000,0.000000,6517,64328,2204.28,0,0,0,0,SUCCESS,0,2,warm20,,,,,1,0,390687,517,,,used,,,,20260905-1028
2026-09-05 13:58:35,Pre-HAUSPM,C8T1S5I8N5K,11,2,0.000200,0.200,0.008,13706693,13618,0,1698,1698,0,0,0,18227733,0,17985350,0,0.000000,0.000000,0.000000,6096,63161,3393.56,0,0,0,0,SUCCESS,0,2,warm20,,,,,1,0,401185,532,,,used,,,,20260905-1028
2026-09-05 13:58:36,Pre-HAUSPM,C8T1S5I8N5K,12,2,0.000200,0.200,0.008,14085848,13999,0,1726,1726,0,0,0,18243150,0,18003893,0,0.000000,0.000000,0.000000,5787,62935,5054.04,0,0,0,0,SUCCESS,0,2,warm20,,,,,1,0,379155,548,,,used,,,,20260905-1028
2026-09-05 13:58:38,Pre-HAUSPM,C8T1S5I8N5K,13,2,0.000200,0.200,0.008,14448564,14380,0,1695,1695,0,0,0,17966024,0,17733145,0,0.000000,0.000000,0.000000,5569,62344,1580.55,0,0,0,0,SUCCESS,0,2,warm20,,,,,1,0,362716,564,,,used,,,,20260905-1028
2026-09-05 13:58:40,Pre-HAUSPM,C8T1S5I8N5K,14,2,0.000200,0.200,0.008,14856850,14761,0,1666,1667,0,0,0,17395333,0,17172280,0,0.000000,0.000000,0.000000,5314,61640,3169.60,0,0,0,0,SUCCESS,0,2,warm20,,,,,1,0,408286,578,,,used,,,,20260905-1028
2026-09-05 13:58:42,Pre-HAUSPM,C8T1S5I8N5K,15,2,0.000200,0.200,0.008,15236031,15142,0,1746,1746,0,0,0,17876392,0,17643874,0,0.000000,0.000000,0.000000,5751,62651,5093.30,0,0,0,0,SUCCESS,0,2,warm20,,,,,1,0,379181,594,,,used,,,,20260905-1028
2026-09-05 13:58:43,Pre-HAUSPM,C8T1S5I8N5K,16,2,0.000200,0.200,0.008,15637254,15523,0,1712,1712,0,0,0,17297378,0,17075306,0,0.000000,0.000000,0.000000,5143,60843,2538.06,0,0,0,0,SUCCESS,0,2,warm20,,,,,1,0,401223,610,,,used,,,,20260905-1028
2026-09-05 13:58:45,Pre-HAUSPM,C8T1S5I8N5K,17,2,0.000200,0.200,0.008,16001183,15904,0,1719,1720,0,0,0,17273007,0,17054460,0,0.000000,0.000000,0.000000,4765,59741,4957.69,0,0,0,0,SUCCESS,0,2,warm20,,,,,1,0,363929,626,,,used,,,,20260905-1028
2026-09-05 13:58:47,Pre-HAUSPM,C8T1S5I8N5K,18,2,0.000200,0.200,0.008,16376279,16285,0,1729,1730,0,0,0,17116683,0,16903037,0,0.000000,0.000000,0.000000,5394,60603,2298.72,0,0,0,0,SUCCESS,0,2,warm20,,,,,1,0,375096,640,,,used,,,,20260905-1028
2026-09-05 13:58:48,Pre-HAUSPM,C8T1S5I8N5K,19,2,0.000200,0.200,0.008,16736060,16666,0,1708,1708,0,0,0,16719614,0,16513152,0,0.000000,0.000000,0.000000,5316,60342,569.59,0,0,0,0,SUCCESS,0,2,warm20,,,,,1,0,359781,655,,,used,,,,20260905-1028
2026-09-05 13:58:50,Pre-HAUSPM,C8T1S5I8N5K,20,2,0.000200,0.200,0.008,17118756,17047,0,1763,1763,0,0,0,17235367,0,17024896,0,0.000000,0.000000,0.000000,5733,61348,3800.95,0,0,0,0,SUCCESS,0,2,warm20,,,,,1,0,382696,670,,,used,,,,20260905-1028
2026-09-05 13:58:52,Pre-HAUSPM,C8T1S5I8N5K,21,2,0.000200,0.200,0.008,17469367,17428,0,1745,1745,0,0,0,16941374,0,16737491,0,0.000000,0.000000,0.000000,5511,61566,2227.78,0,0,0,0,SUCCESS,0,2,warm20,,,,,1,0,350611,685,,,used,,,,20260905-1028
2026-09-05 13:58:54,Pre-HAUSPM,C8T1S5I8N5K,22,2,0.000200,0.200,0.008,17882077,17809,0,1764,1764,0,0,0,16961194,0,16757666,0,0.000000,0.000000,0.000000,5460,61728,1748.62,0,0,0,0,SUCCESS,0,2,warm20,,,,,1,0,412710,699,,,used,,,,20260905-1028
2026-09-05 13:58:56,Pre-HAUSPM,C8T1S5I8N5K,23,2,0.000200,0.200,0.008,18263919,18190,0,1772,1772,0,0,0,16901016,0,16698995,0,0.000000,0.000000,0.000000,5224,61383,1230.52,0,0,0,0,SUCCESS,0,2,warm20,,,,,1,0,381842,715,,,used,,,,20260905-1028
2026-09-05 13:58:57,Pre-HAUSPM,C8T1S5I8N5K,24,2,0.000200,0.200,0.008,18657262,18571,0,1771,1771,0,0,0,16732501,0,16535211,0,0.000000,0.000000,0.000000,4981,60574,889.04,0,0,0,0,SUCCESS,0,2,warm20,,,,,1,0,393343,731,,,used,,,,20260905-1028
2026-09-05 13:58:59,Pre-HAUSPM,C8T1S5I8N5K,25,2,0.000200,0.200,0.008,19053088,18952,0,1786,1786,0,0,0,16830163,0,16634278,0,0.000000,0.000000,0.000000,4603,59643,1205.99,0,0,0,0,SUCCESS,0,2,warm20,,,,,1,0,395826,746,,,used,,,,20260905-1028
2026-09-05 13:59:01,Pre-HAUSPM,C8T1S5I8N5K,26,2,0.000200,0.200,0.008,19437911,19333,0,1767,1768,0,0,0,16553174,0,16362099,0,0.000000,0.000000,0.000000,4467,58953,1317.31,0,0,0,0,SUCCESS,0,2,warm20,,,,,1,0,384823,762,,,used,,,,20260905-1028
2026-09-05 13:59:03,Pre-HAUSPM,C8T1S5I8N5K,27,2,0.000200,0.200,0.008,19822113,19714,0,1775,1775,0,0,0,16430787,0,16242987,0,0.000000,0.000000,0.000000,4548,59283,1859.79,0,0,0,0,SUCCESS,0,2,warm20,,,,,1,0,384202,778,,,used,,,,20260905-1028
2026-09-05 13:59:04,Pre-HAUSPM,C8T1S5I8N5K,28,2,0.000200,0.200,0.008,20208654,20095,0,1780,1781,0,0,0,16433946,0,16248653,0,0.000000,0.000000,0.000000,4279,58679,2659.60,0,0,0,0,SUCCESS,0,2,warm20,,,,,1,0,386541,793,,,used,,,,20260905-1028
2026-09-05 13:59:06,Pre-HAUSPM,C8T1S5I8N5K,29,2,0.000200,0.200,0.008,20585609,20476,0,1791,1791,0,0,0,16423116,0,16240472,0,0.000000,0.000000,0.000000,4122,57939,3465.65,0,0,0,0,SUCCESS,0,2,warm20,,,,,1,0,376955,809,,,used,,,,20260905-1028
2026-09-05 13:59:08,Pre-HAUSPM,C8T1S5I8N5K,30,2,0.000200,0.200,0.008,20988516,20857,0,1824,1824,0,0,0,16616114,0,16432836,0,0.000000,0.000000,0.000000,3896,56937,1620.83,0,0,0,0,SUCCESS,0,2,warm20,,,,,1,0,402907,824,,,used,,,,20260905-1028
2026-09-05 13:59:10,Pre-HAUSPM,C8T1S5I8N5K,31,2,0.000200,0.200,0.008,21379871,21238,0,1823,1823,0,0,0,16549697,0,16368881,0,0.000000,0.000000,0.000000,3722,56213,3193.80,0,0,0,0,SUCCESS,0,2,warm20,,,,,1,0,391355,840,,,used,,,,20260905-1028
2026-09-05 13:59:12,Pre-HAUSPM,C8T1S5I8N5K,32,2,0.000200,0.200,0.008,21758395,21619,0,1888,1888,0,0,0,17013670,0,16829089,0,0.000000,0.000000,0.000000,3512,55460,2324.28,0,0,0,0,SUCCESS,0,2,warm20,,,,,1,0,378524,855,,,used,,,,20260905-1028
2026-09-05 13:59:14,Pre-HAUSPM,C8T1S5I8N5K,33,2,0.000200,0.200,0.008,22151372,22000,0,1896,1896,0,0,0,16886307,0,16704415,0,0.000000,0.000000,0.000000,3756,56422,1590.44,0,0,0,0,SUCCESS,0,2,warm20,,,,,1,0,392977,871,,,used,,,,20260905-1028
2026-09-05 13:59:16,Pre-HAUSPM,C8T1S5I8N5K,34,2,0.000200,0.200,0.008,22537156,22381,0,1922,1922,0,0,0,16946449,0,16766321,0,0.000000,0.000000,0.000000,3758,56185,1454.22,0,0,0,0,SUCCESS,0,2,warm20,,,,,1,0,385784,886,,,used,,,,20260905-1028
2026-09-05 13:59:18,Pre-HAUSPM,C8T1S5I8N5K,35,2,0.000200,0.200,0.008,22909920,22762,0,1954,1954,0,0,0,17125283,0,16942398,0,0.000000,0.000000,0.000000,3731,56087,1630.28,0,0,0,0,SUCCESS,0,2,warm20,,,,,1,0,372764,902,,,used,,,,20260905-1028
2026-09-05 13:59:20,Pre-HAUSPM,C8T1S5I8N5K,36,2,0.000200,0.200,0.008,23320068,23143,0,1993,1993,0,0,0,17329801,0,17147176,0,0.000000,0.000000,0.000000,3641,55864,2443.62,0,0,0,0,SUCCESS,0,2,warm20,,,,,1,0,410148,917,,,used,,,,20260905-1028
2026-09-05 13:59:22,Pre-HAUSPM,C8T1S5I8N5K,37,2,0.000200,0.200,0.008,23698370,23524,0,1992,1992,0,0,0,17267372,0,17086193,0,0.000000,0.000000,0.000000,3515,55356,468.54,0,0,0,0,SUCCESS,0,2,warm20,,,,,1,0,378302,933,,,used,,,,20260905-1028
2026-09-05 13:59:24,Pre-HAUSPM,C8T1S5I8N5K,38,2,0.000200,0.200,0.008,24100790,23905,0,1987,1988,0,0,0,17137332,0,16959372,0,0.000000,0.000000,0.000000,3291,54563,1901.24,0,0,0,0,SUCCESS,0,2,warm20,,,,,1,0,402420,948,,,used,,,,20260905-1028
2026-09-05 13:59:26,Pre-HAUSPM,C8T1S5I8N5K,39,2,0.000200,0.200,0.008,24494244,24286,0,1986,1986,0,0,0,17037415,0,16861821,0,0.000000,0.000000,0.000000,3104,53869,602.78,0,0,0,0,SUCCESS,0,2,warm20,,,,,1,0,393454,964,,,used,,,,20260905-1028
2026-09-05 13:59:28,Pre-HAUSPM,C8T1S5I8N5K,40,2,0.000200,0.200,0.008,24862589,24667,0,1996,1996,0,0,0,17077305,0,16902855,0,0.000000,0.000000,0.000000,2983,53478,2445.82,0,0,0,0,SUCCESS,0,2,warm20,,,,,1,0,368345,980,,,used,,,,20260905-1028
2026-09-05 13:59:30,Pre-HAUSPM,C8T1S5I8N5K,41,2,0.000200,0.200,0.008,25264734,25048,0,2020,2020,0,0,0,17045999,0,16871629,0,0.000000,0.000000,0.000000,2906,52993,1832.86,0,0,0,0,SUCCESS,0,2,warm20,,,,,1,0,402145,995,,,used,,,,20260905-1028
2026-09-05 13:59:32,Pre-HAUSPM,C8T1S5I8N5K,42,2,0.000200,0.200,0.008,25654120,25429,0,2044,2044,0,0,0,17277965,0,17103835,0,0.000000,0.000000,0.000000,2835,52527,1736.66,0,0,0,0,SUCCESS,0,2,warm20,,,,,1,0,389386,1011,,,used,,,,20260905-1028
2026-09-05 13:59:34,Pre-HAUSPM,C8T1S5I8N5K,43,2,0.000200,0.200,0.008,26046150,25810,0,2093,2093,0,0,0,17472318,0,17298910,0,0.000000,0.000000,0.000000,2897,53555,2168.29,0,0,0,0,SUCCESS,0,2,warm20,,,,,1,0,392030,1026,,,used,,,,20260905-1028
2026-09-05 13:59:36,Pre-HAUSPM,C8T1S5I8N5K,44,2,0.000200,0.200,0.008,26432947,26191,0,2122,2122,0,0,0,17601180,0,17427132,0,0.000000,0.000000,0.000000,2697,52912,534.68,0,0,0,0,SUCCESS,0,2,warm20,,,,,1,0,386797,1042,,,used,,,,20260905-1028
2026-09-05 13:59:38,Pre-HAUSPM,C8T1S5I8N5K,45,2,0.000200,0.200,0.008,26847057,26572,0,2154,2154,0,0,0,17743951,0,17569013,0,0.000000,0.000000,0.000000,2736,52743,1705.48,0,0,0,0,SUCCESS,0,2,warm20,,,,,1,0,414110,1058,,,used,,,,20260905-1028
2026-09-05 13:59:40,Pre-HAUSPM,C8T1S5I8N5K,46,2,0.000200,0.200,0.008,27199889,26953,0,2191,2191,0,0,0,17947670,0,17771232,0,0.000000,0.000000,0.000000,2876,53280,1059.37,0,0,0,0,SUCCESS,0,2,warm20,,,,,1,0,352832,1074,,,used,,,,20260905-1028
2026-09-05 13:59:42,Pre-HAUSPM,C8T1S5I8N5K,47,2,0.000200,0.200,0.008,27579163,27334,0,2214,2214,0,0,0,17982600,0,17807215,0,0.000000,0.000000,0.000000,2901,53178,732.38,0,0,0,0,SUCCESS,0,2,warm20,,,,,1,0,379274,1088,,,used,,,,20260905-1028
2026-09-05 13:59:45,Pre-HAUSPM,C8T1S5I8N5K,48,2,0.000200,0.200,0.008,27972766,27715,0,2246,2246,0,0,0,18007390,0,17831928,0,0.000000,0.000000,0.000000,2982,53622,694.65,0,0,0,0,SUCCESS,0,2,warm20,,,,,1,0,393603,1103,,,used,,,,20260905-1028
2026-09-05 13:59:47,Pre-HAUSPM,C8T1S5I8N5K,49,2,0.000200,0.200,0.008,28365723,28096,0,2246,2246,0,0,0,17939980,0,17764377,0,0.000000,0.000000,0.000000,3165,54257,844.61,0,0,0,0,SUCCESS,0,2,warm20,,,,,1,0,392957,1119,,,used,,,,20260905-1028
2026-09-05 13:59:49,Pre-HAUSPM,C8T1S5I8N5K,50,2,0.000200,0.200,0.008,28747973,28477,0,2254,2255,0,0,0,17852921,0,17678592,0,0.000000,0.000000,0.000000,3190,54169,1195.30,0,0,0,0,SUCCESS,0,2,warm20,,,,,1,0,382250,1135,,,used,,,,20260905-1028
2026-09-05 13:59:52,Pre-HAUSPM,C8T1S5I8N5K,51,2,0.000200,0.200,0.008,29148674,28858,0,2282,2282,0,0,0,17975659,0,17801420,0,0.000000,0.000000,0.000000,3606,55686,1828.26,0,0,0,0,SUCCESS,0,2,warm20,,,,,1,0,400701,1150,,,used,,,,20260905-1028
2026-09-05 13:59:54,Pre-HAUSPM,C8T1S5I8N5K,52,2,0.000200,0.200,0.008,29538239,29239,0,2284,2284,0,0,0,17897180,0,17724494,0,0.000000,0.000000,0.000000,3511,55439,585.05,0,0,0,0,SUCCESS,0,2,warm20,,,,,1,0,389565,1166,,,used,,,,20260905-1028
2026-09-05 13:59:56,Pre-HAUSPM,C8T1S5I8N5K,53,2,0.000200,0.200,0.008,29906147,29620,0,2314,2314,0,0,0,18059989,0,17887194,0,0.000000,0.000000,0.000000,3391,55150,1740.22,0,0,0,0,SUCCESS,0,2,warm20,,,,,1,0,367908,1182,,,used,,,,20260905-1028
2026-09-05 13:59:59,Pre-HAUSPM,C8T1S5I8N5K,54,2,0.000200,0.200,0.008,30291495,30001,0,2321,2321,0,0,0,18048897,0,17877162,0,0.000000,0.000000,0.000000,3264,54647,1188.29,0,0,0,0,SUCCESS,0,2,warm20,,,,,1,0,385348,1196,,,used,,,,20260905-1028
2026-09-05 14:00:01,Pre-HAUSPM,C8T1S5I8N5K,55,2,0.000200,0.200,0.008,30683235,30382,0,2333,2333,0,0,0,18063034,0,17892244,0,0.000000,0.000000,0.000000,3174,54221,855.06,0,0,0,0,SUCCESS,0,2,warm20,,,,,1,0,391740,1212,,,used,,,,20260905-1028
2026-09-05 14:00:03,Pre-HAUSPM,C8T1S5I8N5K,56,2,0.000200,0.200,0.008,31050500,30763,0,2352,2352,0,0,0,18144154,0,17973835,0,0.000000,0.000000,0.000000,3135,54227,791.78,0,0,0,0,SUCCESS,0,2,warm20,,,,,1,0,367265,1228,,,used,,,,20260905-1028
2026-09-05 14:00:06,Pre-HAUSPM,C8T1S5I8N5K,57,2,0.000200,0.200,0.008,31397327,31144,0,2357,2358,0,0,0,18193111,0,18023848,0,0.000000,0.000000,0.000000,3034,53896,959.85,0,0,0,0,SUCCESS,0,2,warm20,,,,,1,0,346827,1242,,,used,,,,20260905-1028
2026-09-05 14:00:08,Pre-HAUSPM,C8T1S5I8N5K,58,2,0.000200,0.200,0.008,31771532,31525,0,2362,2362,0,0,0,18195422,0,18027144,0,0.000000,0.000000,0.000000,3040,53766,1332.76,0,0,0,0,SUCCESS,0,2,warm20,,,,,1,0,374205,1256,,,used,,,,20260905-1028
2026-09-05 14:00:10,Pre-HAUSPM,C8T1S5I8N5K,59,2,0.000200,0.200,0.008,32144335,31906,0,2368,2369,0,0,0,18191321,0,18024122,0,0.000000,0.000000,0.000000,2918,53314,1860.13,0,0,0,0,SUCCESS,0,2,warm20,,,,,1,0,372803,1271,,,used,,,,20260905-1028
2026-09-05 14:00:13,Pre-HAUSPM,C8T1S5I8N5K,60,2,0.000200,0.200,0.008,32548859,32287,0,2419,2419,0,0,0,18475800,0,18307264,0,0.000000,0.000000,0.000000,3066,53526,912.28,0,0,0,0,SUCCESS,0,2,warm20,,,,,1,0,404524,1286,,,used,,,,20260905-1028
2026-09-05 14:00:15,Pre-HAUSPM,C8T1S5I8N5K,61,2,0.000200,0.200,0.008,32946105,32668,0,2488,2488,0,0,0,18966483,0,18794733,0,0.000000,0.000000,0.000000,3028,53402,570.52,0,0,0,0,SUCCESS,0,2,warm20,,,,,1,0,397246,1302,,,used,,,,20260905-1028
2026-09-05 14:00:18,Pre-HAUSPM,C8T1S5I8N5K,62,2,0.000200,0.200,0.008,33335321,33049,0,2496,2496,0,0,0,18948610,0,18777600,0,0.000000,0.000000,0.000000,2938,53087,357.08,0,0,0,0,SUCCESS,0,2,warm20,,,,,1,0,389216,1318,,,used,,,,20260905-1028
2026-09-05 14:00:20,Pre-HAUSPM,C8T1S5I8N5K,63,2,0.000200,0.200,0.008,33722190,33430,0,2515,2515,0,0,0,18937633,0,18767094,0,0.000000,0.000000,0.000000,2955,53536,271.15,0,0,0,0,SUCCESS,0,2,warm20,,,,,1,0,386869,1334,,,used,,,,20260905-1028
2026-09-05 14:00:23,Pre-HAUSPM,C8T1S5I8N5K,64,2,0.000200,0.200,0.008,34102757,33811,0,2515,2515,0,0,0,18847451,0,18678458,0,0.000000,0.000000,0.000000,2871,53127,254.73,0,0,0,0,SUCCESS,0,2,warm20,,,,,1,0,380567,1349,,,used,,,,20260905-1028
2026-09-05 14:00:25,Pre-HAUSPM,C8T1S5I8N5K,65,2,0.000200,0.200,0.008,34480042,34192,0,2562,2563,0,0,0,19158181,0,18988278,0,0.000000,0.000000,0.000000,2789,52965,625.88,0,0,0,0,SUCCESS,0,2,warm20,,,,,1,0,377285,1364,,,used,,,,20260905-1028
2026-09-05 14:00:28,Pre-HAUSPM,C8T1S5I8N5K,66,2,0.000200,0.200,0.008,34856177,34573,0,2552,2552,0,0,0,18984037,0,18816012,0,0.000000,0.000000,0.000000,2698,52604,1096.14,0,0,0,0,SUCCESS,0,2,warm20,,,,,1,0,376135,1379,,,used,,,,20260905-1028
2026-09-05 14:00:31,Pre-HAUSPM,C8T1S5I8N5K,67,2,0.000200,0.200,0.008,35248911,34954,0,2542,2542,0,0,0,18830943,0,18664711,0,0.000000,0.000000,0.000000,2620,52266,1598.43,0,0,0,0,SUCCESS,0,2,warm20,,,,,1,0,392734,1395,,,used,,,,20260905-1028
2026-09-05 14:00:33,Pre-HAUSPM,C8T1S5I8N5K,68,2,0.000200,0.200,0.008,35625465,35335,0,2545,2545,0,0,0,18785697,0,18620056,0,0.000000,0.000000,0.000000,2554,51857,531.45,0,0,0,0,SUCCESS,0,2,warm20,,,,,1,0,376554,1410,,,used,,,,20260905-1028
2026-09-05 14:00:36,Pre-HAUSPM,C8T1S5I8N5K,69,2,0.000200,0.200,0.008,36012354,35716,0,2522,2522,0,0,0,18561263,0,18398234,0,0.000000,0.000000,0.000000,2554,51662,1096.49,0,0,0,0,SUCCESS,0,2,warm20,,,,,1,0,386889,1425,,,used,,,,20260905-1028
2026-09-05 14:00:38,Pre-HAUSPM,C8T1S5I8N5K,70,2,0.000200,0.200,0.008,36402179,36097,0,2548,2549,0,0,0,18672455,0,18509089,0,0.000000,0.000000,0.000000,2518,51615,1798.87,0,0,0,0,SUCCESS,0,2,warm20,,,,,1,0,389825,1441,,,used,,,,20260905-1028
2026-09-05 14:00:41,Pre-HAUSPM,C8T1S5I8N5K,71,2,0.000200,0.200,0.008,36796212,36478,0,2564,2564,0,0,0,18683735,0,18520741,0,0.000000,0.000000,0.000000,2562,51872,929.38,0,0,0,0,SUCCESS,0,2,warm20,,,,,1,0,394033,1456,,,used,,,,20260905-1028
2026-09-05 14:00:43,Pre-HAUSPM,C8T1S5I8N5K,72,2,0.000200,0.200,0.008,37177330,36859,0,2572,2572,0,0,0,18668054,0,18505167,0,0.000000,0.000000,0.000000,2519,51626,1024.90,0,0,0,0,SUCCESS,0,2,warm20,,,,,1,0,381118,1472,,,used,,,,20260905-1028
2026-09-05 14:00:46,Pre-HAUSPM,C8T1S5I8N5K,73,2,0.000200,0.200,0.008,37549228,37240,0,2612,2612,0,0,0,18893367,0,18729919,0,0.000000,0.000000,0.000000,2480,51643,790.81,0,0,0,0,SUCCESS,0,2,warm20,,,,,1,0,371898,1487,,,used,,,,20260905-1028
2026-09-05 14:00:49,Pre-HAUSPM,C8T1S5I8N5K,74,2,0.000200,0.200,0.008,37929817,37621,0,2652,2653,0,0,0,19131046,0,18966790,0,0.000000,0.000000,0.000000,2451,51343,1325.03,0,0,0,0,SUCCESS,0,2,warm20,,,,,1,0,380589,1502,,,used,,,,20260905-1028
2026-09-05 14:00:51,Pre-HAUSPM,C8T1S5I8N5K,75,2,0.000200,0.200,0.008,38317022,38002,0,2666,2666,0,0,0,19258621,0,19095472,0,0.000000,0.000000,0.000000,2489,51590,848.30,0,0,0,0,SUCCESS,0,2,warm20,,,,,1,0,387205,1517,,,used,,,,20260905-1028
2026-09-05 14:00:54,Pre-HAUSPM,C8T1S5I8N5K,76,2,0.000200,0.200,0.008,38681308,38383,0,2674,2674,0,0,0,19259561,0,19097020,0,0.000000,0.000000,0.000000,2455,51281,783.22,0,0,0,0,SUCCESS,0,2,warm20,,,,,1,0,364286,1533,,,used,,,,20260905-1028
2026-09-05 14:00:57,Pre-HAUSPM,C8T1S5I8N5K,77,2,0.000200,0.200,0.008,39054424,38764,0,2688,2688,0,0,0,19308530,0,19145993,0,0.000000,0.000000,0.000000,2481,51041,950.68,0,0,0,0,SUCCESS,0,2,warm20,,,,,1,0,373116,1548,,,used,,,,20260905-1028
2026-09-05 14:01:00,Pre-HAUSPM,C8T1S5I8N5K,78,2,0.000200,0.200,0.008,39411343,39145,0,2711,2711,0,0,0,19330772,0,19168150,0,0.000000,0.000000,0.000000,2527,51167,181.53,0,0,0,0,SUCCESS,0,2,warm20,,,,,1,0,356919,1562,,,used,,,,20260905-1028
2026-09-05 14:01:02,Pre-HAUSPM,C8T1S5I8N5K,79,2,0.000200,0.200,0.008,39780981,39526,0,2758,2758,0,0,0,19483171,0,19319772,0,0.000000,0.000000,0.000000,2581,51539,1032.20,0,0,0,0,SUCCESS,0,2,warm20,,,,,1,0,369638,1577,,,used,,,,20260905-1028
2026-09-05 14:01:05,Pre-HAUSPM,C8T1S5I8N5K,80,2,0.000200,0.200,0.008,40169171,39907,0,2782,2782,0,0,0,19529873,0,19366304,0,0.000000,0.000000,0.000000,2552,51398,959.12,0,0,0,0,SUCCESS,0,2,warm20,,,,,1,0,388190,1592,,,used,,,,20260905-1028
2026-09-05 14:01:08,Pre-HAUSPM,C8T1S5I8N5K,81,2,0.000200,0.200,0.008,40555772,40288,0,2803,2803,0,0,0,19577210,0,19413586,0,0.000000,0.000000,0.000000,2574,51274,1063.22,0,0,0,0,SUCCESS,0,2,warm20,,,,,1,0,386601,1607,,,used,,,,20260905-1028
2026-09-05 14:01:11,Pre-HAUSPM,C8T1S5I8N5K,82,2,0.000200,0.200,0.008,40937437,40669,0,2811,2811,0,0,0,19565094,0,19402056,0,0.000000,0.000000,0.000000,2542,51088,1294.07,0,0,0,0,SUCCESS,0,2,warm20,,,,,1,0,381665,1623,,,used,,,,20260905-1028
2026-09-05 14:01:14,Pre-HAUSPM,C8T1S5I8N5K,83,2,0.000200,0.200,0.008,41314466,41050,0,2870,2871,0,0,0,19879129,0,19714660,0,0.000000,0.000000,0.000000,2516,50969,911.50,0,0,0,0,SUCCESS,0,2,warm20,,,,,1,0,377029,1638,,,used,,,,20260905-1028
2026-09-05 14:01:17,Pre-HAUSPM,C8T1S5I8N5K,84,2,0.000200,0.200,0.008,41724684,41431,0,2865,2865,0,0,0,19749185,0,19585805,0,0.000000,0.000000,0.000000,2489,50715,618.94,0,0,0,0,SUCCESS,0,2,warm20,,,,,1,0,410218,1653,,,used,,,,20260905-1028
2026-09-05 14:01:19,Pre-HAUSPM,C8T1S5I8N5K,85,2,0.000200,0.200,0.008,42093147,41812,0,2902,2902,0,0,0,19902203,0,19738078,0,0.000000,0.000000,0.000000,2440,50770,651.75,0,0,0,0,SUCCESS,0,2,warm20,,,,,1,0,368463,1669,,,used,,,,20260905-1028
2026-09-05 14:01:22,Pre-HAUSPM,C8T1S5I8N5K,86,2,0.000200,0.200,0.008,42494057,42193,0,2920,2921,0,0,0,19862303,0,19698783,0,0.000000,0.000000,0.000000,2493,51154,787.19,0,0,0,0,SUCCESS,0,2,warm20,,,,,1,0,400910,1684,,,used,,,,20260905-1028
2026-09-05 14:01:25,Pre-HAUSPM,C8T1S5I8N5K,87,2,0.000200,0.200,0.008,42876090,42574,0,2919,2919,0,0,0,19793007,0,19630463,0,0.000000,0.000000,0.000000,2433,50910,1121.27,0,0,0,0,SUCCESS,0,2,warm20,,,,,1,0,382033,1700,,,used,,,,20260905-1028
2026-09-05 14:01:28,Pre-HAUSPM,C8T1S5I8N5K,88,2,0.000200,0.200,0.008,43249167,42955,0,2927,2927,0,0,0,19722095,0,19560417,0,0.000000,0.000000,0.000000,2454,50681,445.66,0,0,0,0,SUCCESS,0,2,warm20,,,,,1,0,373077,1715,,,used,,,,20260905-1028
2026-09-05 14:01:31,Pre-HAUSPM,C8T1S5I8N5K,89,2,0.000200,0.200,0.008,43639417,43336,0,2933,2933,0,0,0,19666977,0,19506056,0,0.000000,0.000000,0.000000,2455,50650,977.61,0,0,0,0,SUCCESS,0,2,warm20,,,,,1,0,390250,1730,,,used,,,,20260905-1028
2026-09-05 14:01:34,Pre-HAUSPM,C8T1S5I8N5K,90,2,0.000200,0.200,0.008,44032208,43717,0,2939,2939,0,0,0,19599655,0,19439781,0,0.000000,0.000000,0.000000,2451,50800,400.03,0,0,0,0,SUCCESS,0,2,warm20,,,,,1,0,392791,1746,,,used,,,,20260905-1028
2026-09-05 14:01:37,Pre-HAUSPM,C8T1S5I8N5K,91,2,0.000200,0.200,0.008,44399967,44098,0,2950,2950,0,0,0,19593820,0,19433863,0,0.000000,0.000000,0.000000,2431,50881,937.91,0,0,0,0,SUCCESS,0,2,warm20,,,,,1,0,367759,1762,,,used,,,,20260905-1028
2026-09-05 14:01:40,Pre-HAUSPM,C8T1S5I8N5K,92,2,0.000200,0.200,0.008,44779784,44479,0,2937,2937,0,0,0,19381209,0,19222963,0,0.000000,0.000000,0.000000,2415,50818,231.79,0,0,0,0,SUCCESS,0,2,warm20,,,,,1,0,379817,1776,,,used,,,,20260905-1028
2026-09-05 14:01:43,Pre-HAUSPM,C8T1S5I8N5K,93,2,0.000200,0.200,0.008,45163101,44860,0,2940,2941,0,0,0,19320600,0,19163167,0,0.000000,0.000000,0.000000,2417,50549,615.02,0,0,0,0,SUCCESS,0,2,warm20,,,,,1,0,383317,1792,,,used,,,,20260905-1028
2026-09-05 14:01:46,Pre-HAUSPM,C8T1S5I8N5K,94,2,0.000200,0.200,0.008,45537311,45241,0,2950,2950,0,0,0,19326014,0,19169461,0,0.000000,0.000000,0.000000,2509,50921,995.61,0,0,0,0,SUCCESS,0,2,warm20,,,,,1,0,374210,1807,,,used,,,,20260905-1028
2026-09-05 14:01:49,Pre-HAUSPM,C8T1S5I8N5K,95,2,0.000200,0.200,0.008,45914685,45622,0,2941,2941,0,0,0,19191631,0,19036659,0,0.000000,0.000000,0.000000,2472,50847,203.16,0,0,0,0,SUCCESS,0,2,warm20,,,,,1,0,377374,1822,,,used,,,,20260905-1028
2026-09-05 14:01:52,Pre-HAUSPM,C8T1S5I8N5K,96,2,0.000200,0.200,0.008,46297846,46003,0,3009,3009,0,0,0,19511744,0,19355022,0,0.000000,0.000000,0.000000,2565,51291,772.74,0,0,0,0,SUCCESS,0,2,warm20,,,,,1,0,383161,1837,,,used,,,,20260905-1028
2026-09-05 14:01:55,Pre-HAUSPM,C8T1S5I8N5K,97,2,0.000200,0.200,0.008,46661169,46384,0,3013,3014,0,0,0,19374519,0,19219353,0,0.000000,0.000000,0.000000,2642,51628,187.61,0,0,0,0,SUCCESS,0,2,warm20,,,,,1,0,363323,1852,,,used,,,,20260905-1028
2026-09-05 14:01:58,Pre-HAUSPM,C8T1S5I8N5K,98,2,0.000200,0.200,0.008,47042336,46765,0,3024,3025,0,0,0,19327834,0,19173528,0,0.000000,0.000000,0.000000,2654,51802,669.81,0,0,0,0,SUCCESS,0,2,warm20,,,,,1,0,381167,1867,,,used,,,,20260905-1028
2026-09-05 14:02:01,Pre-HAUSPM,C8T1S5I8N5K,99,2,0.000200,0.200,0.008,47416411,47133,0,3039,3039,0,0,0,19323837,0,19169868,0,0.000000,0.000000,0.000000,2623,51786,1164.34,0,0,0,0,SUCCESS,0,2,warm20,,,,,1,0,374075,1882,,,used,,,,20260905-1028
