# run_id=20260918-1922 git=1f71e20 jvm=26.0.1 heap=24g host=ThaiTMs-MacBook-Pro.local tree=clean data=51a0304d3d57 cmd=--exp 1,5,6,9 --timeout 90 --repeats 3
Timestamp,Algorithm,Dataset,BatchID,RunIndex,MinUtil,mu,DeltaRatio,TotalDBUtil,CumulativeDBSize,tScan(ms),tMining(ms),tTotal(ms),tLayer1(ms),tLayer2(ms),tLayer3(ms),Cand,PrunedL1(SWU),PrunedL2(IAUUB),PrunedL3(MFUUB),TightnessPEAU,TightnessIAUUB,TightnessMFUUB,HAUSP,SHAUS,MemPeak(MB),PoolBorrows,PoolReuses,PoolPeakLive,AudulActive,Status,Recursed,ArmOrder,Schedule,PoolBytes,FlatBytes,EucsBytes,AudulRootBytes,RescanTriggered,BufferUtil,BufferTested,SafetyBound,PrunedL3Node,PrunedL1Root,MemMode,MemLive(MB),MemRetained(MB),GcForced,RunID
2026-09-18 19:22:20,EHAUSM-R,BIBLE,0,0,0.001000,0.000,0.200,7617167,7273,51,8370,8421,0,0,0,25214943,4399,25098659,0,0.305843,0.000000,0.000000,9964,0,460.96,0,0,0,0,SUCCESS,0,0,,,,,,,,,,,,used,,,,20260918-1922
2026-09-18 19:22:33,EHAUSM-R,BIBLE,1,0,0.001000,0.000,0.200,15283678,14546,19,12660,12680,0,0,0,25415115,7088,25329304,0,0.338954,0.000000,0.000000,10469,0,471.08,0,0,0,0,SUCCESS,0,0,,,,,,,,,,,,used,,,,20260918-1922
2026-09-18 19:22:47,EHAUSM-R,BIBLE,2,0,0.001000,0.000,0.200,21271931,21819,79,13474,13554,0,0,0,21229906,9135,21164592,0,0.339368,0.000000,0.000000,8283,0,339.19,0,0,0,0,SUCCESS,0,0,,,,,,,,,,,,used,,,,20260918-1922
2026-09-18 19:23:06,EHAUSM-R,BIBLE,3,0,0.001000,0.000,0.200,28633935,29092,45,18983,19029,0,0,0,25139190,10402,25070134,0,0.333905,0.000000,0.000000,8226,0,326.12,0,0,0,0,SUCCESS,0,0,,,,,,,,,,,,used,,,,20260918-1922
2026-09-18 19:23:26,EHAUSM-R,BIBLE,4,0,0.001000,0.000,0.200,35550162,36369,50,19170,19220,0,0,0,21936545,12054,21880902,0,0.325249,0.000000,0.000000,6713,0,622.83,0,0,0,0,SUCCESS,0,0,,,,,,,,,,,,used,,,,20260918-1922
2026-09-18 19:23:35,EHAUSM-R,BIBLE,0,1,0.001000,0.000,0.200,7617167,7273,16,8350,8366,0,0,0,25214943,4399,25098659,0,0.305843,0.000000,0.000000,9964,0,309.14,0,0,0,0,SUCCESS,0,0,,,,,,,,,,,,used,,,,20260918-1922
2026-09-18 19:23:48,EHAUSM-R,BIBLE,1,1,0.001000,0.000,0.200,15283678,14546,27,12726,12753,0,0,0,25415115,7088,25329304,0,0.338954,0.000000,0.000000,10469,0,462.90,0,0,0,0,SUCCESS,0,0,,,,,,,,,,,,used,,,,20260918-1922
2026-09-18 19:24:02,EHAUSM-R,BIBLE,2,1,0.001000,0.000,0.200,21271931,21819,34,13326,13360,0,0,0,21229906,9135,21164592,0,0.339368,0.000000,0.000000,8283,0,348.78,0,0,0,0,SUCCESS,0,0,,,,,,,,,,,,used,,,,20260918-1922
2026-09-18 19:24:21,EHAUSM-R,BIBLE,3,1,0.001000,0.000,0.200,28633935,29092,40,18895,18936,0,0,0,25139190,10402,25070134,0,0.333905,0.000000,0.000000,8226,0,270.23,0,0,0,0,SUCCESS,0,0,,,,,,,,,,,,used,,,,20260918-1922
2026-09-18 19:24:40,EHAUSM-R,BIBLE,4,1,0.001000,0.000,0.200,35550162,36369,48,19079,19128,0,0,0,21936545,12054,21880902,0,0.325249,0.000000,0.000000,6713,0,766.03,0,0,0,0,SUCCESS,0,0,,,,,,,,,,,,used,,,,20260918-1922
2026-09-18 19:24:49,EHAUSM-R,BIBLE,0,2,0.001000,0.000,0.200,7617167,7273,14,8341,8356,0,0,0,25214943,4399,25098659,0,0.305843,0.000000,0.000000,9964,0,516.93,0,0,0,0,SUCCESS,0,0,,,,,,,,,,,,used,,,,20260918-1922
2026-09-18 19:25:02,EHAUSM-R,BIBLE,1,2,0.001000,0.000,0.200,15283678,14546,30,12691,12721,0,0,0,25415115,7088,25329304,0,0.338954,0.000000,0.000000,10469,0,143.23,0,0,0,0,SUCCESS,0,0,,,,,,,,,,,,used,,,,20260918-1922
2026-09-18 19:25:16,EHAUSM-R,BIBLE,2,2,0.001000,0.000,0.200,21271931,21819,35,13313,13348,0,0,0,21229906,9135,21164592,0,0.339368,0.000000,0.000000,8283,0,316.54,0,0,0,0,SUCCESS,0,0,,,,,,,,,,,,used,,,,20260918-1922
2026-09-18 19:25:35,EHAUSM-R,BIBLE,3,2,0.001000,0.000,0.200,28633935,29092,42,18901,18943,0,0,0,25139190,10402,25070134,0,0.333905,0.000000,0.000000,8226,0,270.13,0,0,0,0,SUCCESS,0,0,,,,,,,,,,,,used,,,,20260918-1922
2026-09-18 19:25:54,EHAUSM-R,BIBLE,4,2,0.001000,0.000,0.200,35550162,36369,47,19095,19143,0,0,0,21936545,12054,21880902,0,0.325249,0.000000,0.000000,6713,0,765.96,0,0,0,0,SUCCESS,0,0,,,,,,,,,,,,used,,,,20260918-1922
2026-09-18 19:26:05,EHAUSM-I,BIBLE,0,0,0.001000,0.000,0.200,7617167,7273,58,10101,10160,0,0,0,25214943,4399,25098659,0,0.483665,0.000000,0.000000,9964,0,1006.39,0,0,0,0,SUCCESS,0,1,,,,,,,,,,,,used,,,,20260918-1922
2026-09-18 19:26:20,EHAUSM-I,BIBLE,1,0,0.001000,0.000,0.200,15283678,14546,20,13903,13923,0,0,0,17714355,7088,17628544,0,0.490670,0.000000,0.000000,10469,0,2036.98,0,0,0,0,SUCCESS,0,1,,,,,,,,,,,,used,,,,20260918-1922
2026-09-18 19:26:34,EHAUSM-I,BIBLE,2,0,0.001000,0.000,0.200,21271931,21819,34,13972,14006,0,0,0,9130023,9135,9064709,0,0.458285,0.000000,0.000000,8283,0,5476.34,0,0,0,0,SUCCESS,0,1,,,,,,,,,,,,used,,,,20260918-1922
2026-09-18 19:26:54,EHAUSM-I,BIBLE,3,0,0.001000,0.000,0.200,28633935,29092,27,19749,19776,0,0,0,15156855,10402,15087799,0,0.451252,0.000000,0.000000,8226,0,1513.08,0,0,0,0,SUCCESS,0,1,,,,,,,,,,,,used,,,,20260918-1922
2026-09-18 19:27:13,EHAUSM-I,BIBLE,4,0,0.001000,0.000,0.200,35550162,36369,29,18236,18266,0,0,0,8115828,12054,8060185,0,0.432059,0.000000,0.000000,6713,0,2736.06,0,0,0,0,SUCCESS,0,1,,,,,,,,,,,,used,,,,20260918-1922
2026-09-18 19:27:23,EHAUSM-I,BIBLE,0,1,0.001000,0.000,0.200,7617167,7273,15,9975,9991,0,0,0,25214943,4399,25098659,0,0.483665,0.000000,0.000000,9964,0,857.28,0,0,0,0,SUCCESS,0,1,,,,,,,,,,,,used,,,,20260918-1922
2026-09-18 19:27:38,EHAUSM-I,BIBLE,1,1,0.001000,0.000,0.200,15283678,14546,19,13879,13898,0,0,0,17714355,7088,17628544,0,0.490670,0.000000,0.000000,10469,0,2272.59,0,0,0,0,SUCCESS,0,1,,,,,,,,,,,,used,,,,20260918-1922
2026-09-18 19:27:54,EHAUSM-I,BIBLE,2,1,0.001000,0.000,0.200,21271931,21819,28,15401,15430,0,0,0,9130023,9135,9064709,0,0.458285,0.000000,0.000000,8283,0,4481.68,0,0,0,0,SUCCESS,0,1,,,,,,,,,,,,used,,,,20260918-1922
2026-09-18 19:28:19,EHAUSM-I,BIBLE,3,1,0.001000,0.000,0.200,28633935,29092,29,24512,24542,0,0,0,15156855,10402,15087799,0,0.451252,0.000000,0.000000,8226,0,1511.44,0,0,0,0,SUCCESS,0,1,,,,,,,,,,,,used,,,,20260918-1922
2026-09-18 19:28:38,EHAUSM-I,BIBLE,4,1,0.001000,0.000,0.200,35550162,36369,22,18424,18447,0,0,0,8115828,12054,8060185,0,0.432059,0.000000,0.000000,6713,0,1806.28,0,0,0,0,SUCCESS,0,1,,,,,,,,,,,,used,,,,20260918-1922
2026-09-18 19:28:49,EHAUSM-I,BIBLE,0,2,0.001000,0.000,0.200,7617167,7273,18,10121,10139,0,0,0,25214943,4399,25098659,0,0.483665,0.000000,0.000000,9964,0,924.23,0,0,0,0,SUCCESS,0,1,,,,,,,,,,,,used,,,,20260918-1922
2026-09-18 19:29:03,EHAUSM-I,BIBLE,1,2,0.001000,0.000,0.200,15283678,14546,19,13998,14017,0,0,0,17714355,7088,17628544,0,0.490670,0.000000,0.000000,10469,0,3805.99,0,0,0,0,SUCCESS,0,1,,,,,,,,,,,,used,,,,20260918-1922
2026-09-18 19:29:17,EHAUSM-I,BIBLE,2,2,0.001000,0.000,0.200,21271931,21819,21,13968,13990,0,0,0,9130023,9135,9064709,0,0.458285,0.000000,0.000000,8283,0,4125.29,0,0,0,0,SUCCESS,0,1,,,,,,,,,,,,used,,,,20260918-1922
2026-09-18 19:29:38,EHAUSM-I,BIBLE,3,2,0.001000,0.000,0.200,28633935,29092,26,20274,20301,0,0,0,15156855,10402,15087799,0,0.451252,0.000000,0.000000,8226,0,1680.99,0,0,0,0,SUCCESS,0,1,,,,,,,,,,,,used,,,,20260918-1922
2026-09-18 19:29:57,EHAUSM-I,BIBLE,4,2,0.001000,0.000,0.200,35550162,36369,31,18638,18669,0,0,0,8115828,12054,8060185,0,0.432059,0.000000,0.000000,6713,0,1827.40,0,0,0,0,SUCCESS,0,1,,,,,,,,,,,,used,,,,20260918-1922
2026-09-18 19:30:09,Pre-HAUSPM,BIBLE,0,0,0.001000,0.200,0.200,7617167,7273,16,11329,11346,0,0,0,60876734,0,60681522,0,0.000000,0.000000,0.000000,9964,18557,377.02,0,0,0,0,SUCCESS,0,2,,,,,,1,0,7617167,0,,,used,,,,20260918-1922
2026-09-18 19:30:26,Pre-HAUSPM,BIBLE,1,0,0.001000,0.200,0.200,15283678,14546,9,16665,16674,0,0,0,74232279,0,74096982,0,0.000000,0.000000,0.000000,10469,19078,351.21,0,0,0,0,SUCCESS,0,2,,,,,,1,0,7666511,1525,,,used,,,,20260918-1922
2026-09-18 19:30:44,Pre-HAUSPM,BIBLE,2,0,0.001000,0.200,0.200,21271931,21819,3,17644,17648,0,0,0,71279829,0,71177446,0,0.000000,0.000000,0.000000,8283,15542,927.86,0,0,0,0,SUCCESS,0,2,,,,,,1,0,5988253,3060,,,used,,,,20260918-1922
2026-09-18 19:31:09,Pre-HAUSPM,BIBLE,3,0,0.001000,0.200,0.200,28633935,29092,5,24686,24691,0,0,0,93459928,0,93351020,0,0.000000,0.000000,0.000000,8226,15464,688.89,0,0,0,0,SUCCESS,0,2,,,,,,1,0,7362004,4259,,,used,,,,20260918-1922
2026-09-18 19:31:34,Pre-HAUSPM,BIBLE,4,0,0.001000,0.200,0.200,35550162,36369,4,24627,24632,0,0,0,87799839,0,87713155,0,0.000000,0.000000,0.000000,6713,12860,794.32,0,0,0,0,SUCCESS,0,2,,,,,,1,0,6916227,5733,,,used,,,,20260918-1922
2026-09-18 19:31:46,Pre-HAUSPM,BIBLE,0,1,0.001000,0.200,0.200,7617167,7273,4,11219,11224,0,0,0,60876734,0,60681522,0,0.000000,0.000000,0.000000,9964,18557,600.92,0,0,0,0,SUCCESS,0,2,,,,,,1,0,7617167,0,,,used,,,,20260918-1922
2026-09-18 19:32:03,Pre-HAUSPM,BIBLE,1,1,0.001000,0.200,0.200,15283678,14546,5,16530,16535,0,0,0,74232279,0,74096982,0,0.000000,0.000000,0.000000,10469,19078,814.32,0,0,0,0,SUCCESS,0,2,,,,,,1,0,7666511,1525,,,used,,,,20260918-1922
2026-09-18 19:32:21,Pre-HAUSPM,BIBLE,2,1,0.001000,0.200,0.200,21271931,21819,3,17373,17377,0,0,0,71279829,0,71177446,0,0.000000,0.000000,0.000000,8283,15542,556.25,0,0,0,0,SUCCESS,0,2,,,,,,1,0,5988253,3060,,,used,,,,20260918-1922
2026-09-18 19:32:46,Pre-HAUSPM,BIBLE,3,1,0.001000,0.200,0.200,28633935,29092,5,24605,24611,0,0,0,93459928,0,93351020,0,0.000000,0.000000,0.000000,8226,15464,287.40,0,0,0,0,SUCCESS,0,2,,,,,,1,0,7362004,4259,,,used,,,,20260918-1922
2026-09-18 19:33:10,Pre-HAUSPM,BIBLE,4,1,0.001000,0.200,0.200,35550162,36369,3,24500,24504,0,0,0,87799839,0,87713155,0,0.000000,0.000000,0.000000,6713,12860,580.77,0,0,0,0,SUCCESS,0,2,,,,,,1,0,6916227,5733,,,used,,,,20260918-1922
2026-09-18 19:33:22,Pre-HAUSPM,BIBLE,0,2,0.001000,0.200,0.200,7617167,7273,3,11175,11178,0,0,0,60876734,0,60681522,0,0.000000,0.000000,0.000000,9964,18557,392.06,0,0,0,0,SUCCESS,0,2,,,,,,1,0,7617167,0,,,used,,,,20260918-1922
2026-09-18 19:33:39,Pre-HAUSPM,BIBLE,1,2,0.001000,0.200,0.200,15283678,14546,3,16378,16382,0,0,0,74232279,0,74096982,0,0.000000,0.000000,0.000000,10469,19078,845.39,0,0,0,0,SUCCESS,0,2,,,,,,1,0,7666511,1525,,,used,,,,20260918-1922
2026-09-18 19:33:57,Pre-HAUSPM,BIBLE,2,2,0.001000,0.200,0.200,21271931,21819,3,17124,17127,0,0,0,71279829,0,71177446,0,0.000000,0.000000,0.000000,8283,15542,510.33,0,0,0,0,SUCCESS,0,2,,,,,,1,0,5988253,3060,,,used,,,,20260918-1922
2026-09-18 19:34:21,Pre-HAUSPM,BIBLE,3,2,0.001000,0.200,0.200,28633935,29092,4,24356,24361,0,0,0,93459928,0,93351020,0,0.000000,0.000000,0.000000,8226,15464,698.61,0,0,0,0,SUCCESS,0,2,,,,,,1,0,7362004,4259,,,used,,,,20260918-1922
2026-09-18 19:34:46,Pre-HAUSPM,BIBLE,4,2,0.001000,0.200,0.200,35550162,36369,3,24288,24292,0,0,0,87799839,0,87713155,0,0.000000,0.000000,0.000000,6713,12860,668.24,0,0,0,0,SUCCESS,0,2,,,,,,1,0,6916227,5733,,,used,,,,20260918-1922
,HAUSP-UB-L1,BIBLE,0,0,0.001000,0.000,0.200,0,0,0,0,0,0,0,0,0,0,0,0,0.000000,0.000000,0.000000,0,0,0.00,0,0,0,0,OT,0,3,,,,,,,,,,,,used,,,,20260918-1922
,HAUSP-UB-L1,BIBLE,1,0,0.001000,0.000,0.200,0,0,0,0,0,0,0,0,0,0,0,0,0.000000,0.000000,0.000000,0,0,0.00,0,0,0,0,SKIPPED,0,3,,,,,,,,,,,,used,,,,20260918-1922
,HAUSP-UB-L1,BIBLE,2,0,0.001000,0.000,0.200,0,0,0,0,0,0,0,0,0,0,0,0,0.000000,0.000000,0.000000,0,0,0.00,0,0,0,0,SKIPPED,0,3,,,,,,,,,,,,used,,,,20260918-1922
,HAUSP-UB-L1,BIBLE,3,0,0.001000,0.000,0.200,0,0,0,0,0,0,0,0,0,0,0,0,0.000000,0.000000,0.000000,0,0,0.00,0,0,0,0,SKIPPED,0,3,,,,,,,,,,,,used,,,,20260918-1922
,HAUSP-UB-L1,BIBLE,4,0,0.001000,0.000,0.200,0,0,0,0,0,0,0,0,0,0,0,0,0.000000,0.000000,0.000000,0,0,0.00,0,0,0,0,SKIPPED,0,3,,,,,,,,,,,,used,,,,20260918-1922
2026-09-18 21:04:55,HAUSP-UB[noEUCS],BIBLE,0,0,0.001000,0.000,0.200,7617167,7273,12,2768,2781,2,0,0,25214943,5060,25092666,5332,0.000000,0.240219,0.246177,9964,0,250.31,25219342,25211753,7589,6208,SUCCESS,116722,4,,32143488,5506208,0,4278784,,,,,438,661,used,,,,20260918-1922
2026-09-18 21:05:00,HAUSP-UB[noEUCS],BIBLE,1,0,0.001000,0.000,0.200,15283678,14546,31,4050,4082,1,0,0,25415115,7802,25323890,4700,0.000000,0.271234,0.279246,10469,0,296.00,25415995,25413350,4026,8894,SUCCESS,86236,4,,56067328,10770464,0,40111616,,,,,425,714,used,,,,20260918-1922
2026-09-18 21:05:04,HAUSP-UB[noEUCS],BIBLE,2,0,0.001000,0.000,0.200,21271931,21819,5,4323,4329,1,0,0,21229906,9874,21160285,3568,0.000000,0.273117,0.281164,8283,0,383.41,21230147,21228174,3313,10949,SUCCESS,65736,4,,64319488,15002144,0,103838336,,,,,422,739,used,,,,20260918-1922
2026-09-18 21:05:11,HAUSP-UB[noEUCS],BIBLE,3,0,0.001000,0.000,0.200,28633935,29092,6,6214,6220,1,0,0,25139190,11155,25065620,3761,0.000000,0.269625,0.277551,8226,0,575.21,25138643,25137351,2550,12232,SUCCESS,69470,4,,87990272,20253760,0,177078528,,,,,414,753,used,,,,20260918-1922
2026-09-18 21:05:17,HAUSP-UB[noEUCS],BIBLE,4,0,0.001000,0.000,0.200,35550162,36369,4,6266,6271,1,0,0,21936545,12820,21877203,2933,0.000000,0.261646,0.269156,6713,0,701.38,21936367,21934699,2935,13905,SUCCESS,56071,4,,96827392,25186112,0,269986048,,,,,428,766,used,,,,20260918-1922
2026-09-18 21:05:20,HAUSP-UB[noEUCS],BIBLE,0,1,0.001000,0.000,0.200,7617167,7273,5,2629,2635,1,0,0,25214943,5060,25092666,5332,0.000000,0.240219,0.246177,9964,0,245.17,25219342,25211753,7589,6208,SUCCESS,116722,4,,32012416,5506208,0,4278784,,,,,438,661,used,,,,20260918-1922
2026-09-18 21:05:25,HAUSP-UB[noEUCS],BIBLE,1,1,0.001000,0.000,0.200,15283678,14546,5,4022,4027,1,0,0,25415115,7802,25323890,4700,0.000000,0.271234,0.279246,10469,0,350.26,25415995,25413350,4026,8894,SUCCESS,86236,4,,60538112,10770464,0,40111616,,,,,425,714,used,,,,20260918-1922
2026-09-18 21:05:29,HAUSP-UB[noEUCS],BIBLE,2,1,0.001000,0.000,0.200,21271931,21819,4,4263,4268,1,0,0,21229906,9874,21160285,3568,0.000000,0.273117,0.281164,8283,0,409.51,21230147,21228174,3313,10949,SUCCESS,65736,4,,58189824,15002144,0,103838336,,,,,422,739,used,,,,20260918-1922
2026-09-18 21:05:35,HAUSP-UB[noEUCS],BIBLE,3,1,0.001000,0.000,0.200,28633935,29092,5,6109,6115,1,0,0,25139190,11155,25065620,3761,0.000000,0.269625,0.277551,8226,0,487.17,25138643,25137351,2550,12232,SUCCESS,69470,4,,89202688,20253760,0,177078528,,,,,414,753,used,,,,20260918-1922
2026-09-18 21:05:42,HAUSP-UB[noEUCS],BIBLE,4,1,0.001000,0.000,0.200,35550162,36369,5,6199,6205,1,0,0,21936545,12820,21877203,2933,0.000000,0.261646,0.269156,6713,0,620.53,21936367,21934699,2935,13905,SUCCESS,56071,4,,94525440,25186112,0,269986048,,,,,428,766,used,,,,20260918-1922
2026-09-18 21:05:45,HAUSP-UB[noEUCS],BIBLE,0,2,0.001000,0.000,0.200,7617167,7273,4,2629,2634,1,0,0,25214943,5060,25092666,5332,0.000000,0.240219,0.246177,9964,0,245.17,25219342,25211753,7589,6208,SUCCESS,116722,4,,32012416,5506208,0,4278784,,,,,438,661,used,,,,20260918-1922
2026-09-18 21:05:49,HAUSP-UB[noEUCS],BIBLE,1,2,0.001000,0.000,0.200,15283678,14546,4,4024,4029,1,0,0,25415115,7802,25323890,4700,0.000000,0.271234,0.279246,10469,0,347.38,25415995,25413350,4026,8894,SUCCESS,86236,4,,59260160,10770464,0,40111616,,,,,425,714,used,,,,20260918-1922
2026-09-18 21:05:54,HAUSP-UB[noEUCS],BIBLE,2,2,0.001000,0.000,0.200,21271931,21819,4,4255,4259,1,0,0,21229906,9874,21160285,3568,0.000000,0.273117,0.281164,8283,0,409.51,21230147,21228174,3313,10949,SUCCESS,65736,4,,58189824,15002144,0,103838336,,,,,422,739,used,,,,20260918-1922
2026-09-18 21:06:00,HAUSP-UB[noEUCS],BIBLE,3,2,0.001000,0.000,0.200,28633935,29092,5,6105,6110,1,0,0,25139190,11155,25065620,3761,0.000000,0.269625,0.277551,8226,0,494.15,25138643,25137351,2550,12232,SUCCESS,69470,4,,78016512,20253760,0,177078528,,,,,414,753,used,,,,20260918-1922
2026-09-18 21:06:07,HAUSP-UB[noEUCS],BIBLE,4,2,0.001000,0.000,0.200,35550162,36369,5,6207,6212,1,0,0,21936545,12820,21877203,2933,0.000000,0.261646,0.269156,6713,0,621.30,21936367,21934699,2935,13905,SUCCESS,56071,4,,94525440,25186112,0,269986048,,,,,428,766,used,,,,20260918-1922
2026-09-18 21:06:17,EHAUSM-R,BMS1_SPMF,0,0,0.003500,0.000,0.200,1577987,11920,16,9962,9979,0,0,0,100789904,18,100321904,0,0.079294,0.000000,0.000000,100,0,376.94,0,0,0,0,SUCCESS,0,0,,,,,,,,,,,,used,,,,20260918-1922
2026-09-18 21:06:18,EHAUSM-R,BMS1_SPMF,1,0,0.003500,0.000,0.200,2805280,23840,7,436,444,0,0,0,3046411,22,3032302,0,0.057037,0.000000,0.000000,97,0,540.02,0,0,0,0,SUCCESS,0,0,,,,,,,,,,,,used,,,,20260918-1922
2026-09-18 21:06:18,EHAUSM-R,BMS1_SPMF,2,0,0.003500,0.000,0.200,4090185,35760,6,136,143,0,0,0,611388,61,608317,0,0.059392,0.000000,0.000000,94,0,394.97,0,0,0,0,SUCCESS,0,0,,,,,,,,,,,,used,,,,20260918-1922
2026-09-18 21:06:19,EHAUSM-R,BMS1_SPMF,3,0,0.003500,0.000,0.200,5578380,47680,7,190,198,0,0,0,671378,45,667927,0,0.066552,0.000000,0.000000,93,0,246.06,0,0,0,0,SUCCESS,0,0,,,,,,,,,,,,used,,,,20260918-1922
2026-09-18 21:07:07,EHAUSM-R,BMS1_SPMF,4,0,0.003500,0.000,0.200,7229030,59601,10,47601,47611,0,0,0,103110382,133,102437138,0,0.090065,0.000000,0.000000,93,0,274.19,0,0,0,0,SUCCESS,0,0,,,,,,,,,,,,used,,,,20260918-1922
2026-09-18 21:07:17,EHAUSM-R,BMS1_SPMF,0,1,0.003500,0.000,0.200,1577987,11920,2,9868,9871,0,0,0,100789904,18,100321904,0,0.079294,0.000000,0.000000,100,0,360.84,0,0,0,0,SUCCESS,0,0,,,,,,,,,,,,used,,,,20260918-1922
2026-09-18 21:07:18,EHAUSM-R,BMS1_SPMF,1,1,0.003500,0.000,0.200,2805280,23840,4,414,419,0,0,0,3046411,22,3032302,0,0.057037,0.000000,0.000000,97,0,155.45,0,0,0,0,SUCCESS,0,0,,,,,,,,,,,,used,,,,20260918-1922
2026-09-18 21:07:18,EHAUSM-R,BMS1_SPMF,2,1,0.003500,0.000,0.200,4090185,35760,5,125,131,0,0,0,611388,61,608317,0,0.059392,0.000000,0.000000,94,0,143.29,0,0,0,0,SUCCESS,0,0,,,,,,,,,,,,used,,,,20260918-1922
2026-09-18 21:07:19,EHAUSM-R,BMS1_SPMF,3,1,0.003500,0.000,0.200,5578380,47680,7,185,192,0,0,0,671378,45,667927,0,0.066552,0.000000,0.000000,93,0,240.67,0,0,0,0,SUCCESS,0,0,,,,,,,,,,,,used,,,,20260918-1922
2026-09-18 21:08:06,EHAUSM-R,BMS1_SPMF,4,1,0.003500,0.000,0.200,7229030,59601,10,46967,46977,0,0,0,103110382,133,102437138,0,0.090065,0.000000,0.000000,93,0,385.94,0,0,0,0,SUCCESS,0,0,,,,,,,,,,,,used,,,,20260918-1922
2026-09-18 21:08:17,EHAUSM-R,BMS1_SPMF,0,2,0.003500,0.000,0.200,1577987,11920,2,9968,9971,0,0,0,100789904,18,100321904,0,0.079294,0.000000,0.000000,100,0,216.77,0,0,0,0,SUCCESS,0,0,,,,,,,,,,,,used,,,,20260918-1922
2026-09-18 21:08:17,EHAUSM-R,BMS1_SPMF,1,2,0.003500,0.000,0.200,2805280,23840,3,415,419,0,0,0,3046411,22,3032302,0,0.057037,0.000000,0.000000,97,0,155.57,0,0,0,0,SUCCESS,0,0,,,,,,,,,,,,used,,,,20260918-1922
2026-09-18 21:08:17,EHAUSM-R,BMS1_SPMF,2,2,0.003500,0.000,0.200,4090185,35760,5,126,132,0,0,0,611388,61,608317,0,0.059392,0.000000,0.000000,94,0,143.31,0,0,0,0,SUCCESS,0,0,,,,,,,,,,,,used,,,,20260918-1922
2026-09-18 21:08:18,EHAUSM-R,BMS1_SPMF,3,2,0.003500,0.000,0.200,5578380,47680,7,184,191,0,0,0,671378,45,667927,0,0.066552,0.000000,0.000000,93,0,240.69,0,0,0,0,SUCCESS,0,0,,,,,,,,,,,,used,,,,20260918-1922
2026-09-18 21:09:05,EHAUSM-R,BMS1_SPMF,4,2,0.003500,0.000,0.200,7229030,59601,9,47157,47167,0,0,0,103110382,133,102437138,0,0.090065,0.000000,0.000000,93,0,258.04,0,0,0,0,SUCCESS,0,0,,,,,,,,,,,,used,,,,20260918-1922
2026-09-18 21:09:21,EHAUSM-I,BMS1_SPMF,0,0,0.003500,0.000,0.200,1577987,11920,15,14603,14619,0,0,0,100789904,18,100321904,0,0.152712,0.000000,0.000000,100,0,2820.44,0,0,0,0,SUCCESS,0,1,,,,,,,,,,,,used,,,,20260918-1922
2026-09-18 21:09:22,EHAUSM-I,BMS1_SPMF,1,0,0.003500,0.000,0.200,2805280,23840,4,417,421,0,0,0,1153576,22,1139467,0,0.127373,0.000000,0.000000,97,0,1027.41,0,0,0,0,SUCCESS,0,1,,,,,,,,,,,,used,,,,20260918-1922
2026-09-18 21:09:22,EHAUSM-I,BMS1_SPMF,2,0,0.003500,0.000,0.200,4090185,35760,5,137,143,0,0,0,194754,61,191683,0,0.157902,0.000000,0.000000,94,0,157.91,0,0,0,0,SUCCESS,0,1,,,,,,,,,,,,used,,,,20260918-1922
2026-09-18 21:09:22,EHAUSM-I,BMS1_SPMF,3,0,0.003500,0.000,0.200,5578380,47680,6,234,240,0,0,0,384297,45,380846,0,0.165245,0.000000,0.000000,93,0,161.16,0,0,0,0,SUCCESS,0,1,,,,,,,,,,,,used,,,,20260918-1922
2026-09-18 21:10:22,EHAUSM-I,BMS1_SPMF,4,0,0.003500,0.000,0.200,7229030,59601,8,58497,58506,0,0,0,77822471,133,77149227,0,0.195364,0.000000,0.000000,93,0,1008.43,0,0,0,0,SUCCESS,0,1,,,,,,,,,,,,used,,,,20260918-1922
2026-09-18 21:10:37,EHAUSM-I,BMS1_SPMF,0,1,0.003500,0.000,0.200,1577987,11920,2,14478,14481,0,0,0,100789904,18,100321904,0,0.152712,0.000000,0.000000,100,0,728.74,0,0,0,0,SUCCESS,0,1,,,,,,,,,,,,used,,,,20260918-1922
2026-09-18 21:10:38,EHAUSM-I,BMS1_SPMF,1,1,0.003500,0.000,0.200,2805280,23840,3,409,413,0,0,0,1153576,22,1139467,0,0.127373,0.000000,0.000000,97,0,1028.00,0,0,0,0,SUCCESS,0,1,,,,,,,,,,,,used,,,,20260918-1922
2026-09-18 21:10:38,EHAUSM-I,BMS1_SPMF,2,1,0.003500,0.000,0.200,4090185,35760,4,132,137,0,0,0,194754,61,191683,0,0.157902,0.000000,0.000000,94,0,156.15,0,0,0,0,SUCCESS,0,1,,,,,,,,,,,,used,,,,20260918-1922
2026-09-18 21:10:38,EHAUSM-I,BMS1_SPMF,3,1,0.003500,0.000,0.200,5578380,47680,5,221,227,0,0,0,384297,45,380846,0,0.165245,0.000000,0.000000,93,0,160.47,0,0,0,0,SUCCESS,0,1,,,,,,,,,,,,used,,,,20260918-1922
2026-09-18 21:11:38,EHAUSM-I,BMS1_SPMF,4,1,0.003500,0.000,0.200,7229030,59601,8,58709,58717,0,0,0,77822471,133,77149227,0,0.195364,0.000000,0.000000,93,0,1037.10,0,0,0,0,SUCCESS,0,1,,,,,,,,,,,,used,,,,20260918-1922
2026-09-18 21:11:53,EHAUSM-I,BMS1_SPMF,0,2,0.003500,0.000,0.200,1577987,11920,2,14590,14593,0,0,0,100789904,18,100321904,0,0.152712,0.000000,0.000000,100,0,2753.55,0,0,0,0,SUCCESS,0,1,,,,,,,,,,,,used,,,,20260918-1922
2026-09-18 21:11:54,EHAUSM-I,BMS1_SPMF,1,2,0.003500,0.000,0.200,2805280,23840,3,406,410,0,0,0,1153576,22,1139467,0,0.127373,0.000000,0.000000,97,0,1027.11,0,0,0,0,SUCCESS,0,1,,,,,,,,,,,,used,,,,20260918-1922
2026-09-18 21:11:54,EHAUSM-I,BMS1_SPMF,2,2,0.003500,0.000,0.200,4090185,35760,4,131,136,0,0,0,194754,61,191683,0,0.157902,0.000000,0.000000,94,0,157.95,0,0,0,0,SUCCESS,0,1,,,,,,,,,,,,used,,,,20260918-1922
2026-09-18 21:11:55,EHAUSM-I,BMS1_SPMF,3,2,0.003500,0.000,0.200,5578380,47680,5,224,229,0,0,0,384297,45,380846,0,0.165245,0.000000,0.000000,93,0,161.63,0,0,0,0,SUCCESS,0,1,,,,,,,,,,,,used,,,,20260918-1922
2026-09-18 21:12:54,EHAUSM-I,BMS1_SPMF,4,2,0.003500,0.000,0.200,7229030,59601,8,58839,58848,0,0,0,77822471,133,77149227,0,0.195364,0.000000,0.000000,93,0,2550.14,0,0,0,0,SUCCESS,0,1,,,,,,,,,,,,used,,,,20260918-1922
2026-09-18 21:14:11,Pre-HAUSPM,BMS1_SPMF,0,0,0.003500,0.200,0.200,1577987,11920,8,75637,75646,0,0,0,793359734,0,789746373,0,0.000000,0.000000,0.000000,100,374,418.48,0,0,0,0,SUCCESS,0,2,,,,,,1,0,1577987,0,,,used,,,,20260918-1922
2026-09-18 21:14:13,Pre-HAUSPM,BMS1_SPMF,1,0,0.003500,0.200,0.200,2805280,23840,1,1638,1639,0,0,0,13508370,0,13450387,0,0.000000,0.000000,0.000000,97,348,507.07,0,0,0,0,SUCCESS,0,2,,,,,,1,0,1227293,1108,,,used,,,,20260918-1922
2026-09-18 21:14:13,Pre-HAUSPM,BMS1_SPMF,2,0,0.003500,0.200,0.200,4090185,35760,1,357,359,0,0,0,1987214,0,1978814,0,0.000000,0.000000,0.000000,94,368,948.66,0,0,0,0,SUCCESS,0,2,,,,,,1,0,1284905,1971,,,used,,,,20260918-1922
2026-09-18 21:14:14,Pre-HAUSPM,BMS1_SPMF,3,0,0.003500,0.200,0.200,5578380,47680,1,574,575,0,0,0,2637541,0,2626102,0,0.000000,0.000000,0.000000,93,385,1003.76,0,0,0,0,SUCCESS,0,2,,,,,,1,0,1488195,2873,,,used,,,,20260918-1922
2026-09-18 21:25:00,Pre-HAUSPM,BMS1_SPMF,4,0,0.003500,0.200,0.200,7229030,59601,2,643513,643515,0,0,0,1676792519,0,1666927129,0,0.000000,0.000000,0.000000,93,403,205.87,0,0,0,0,SUCCESS,0,2,,,,,,1,0,1650650,3919,,,used,,,,20260918-1922
2026-09-18 21:26:17,Pre-HAUSPM,BMS1_SPMF,0,1,0.003500,0.200,0.200,1577987,11920,1,76104,76106,0,0,0,793359734,0,789746373,0,0.000000,0.000000,0.000000,100,374,338.07,0,0,0,0,SUCCESS,0,2,,,,,,1,0,1577987,0,,,used,,,,20260918-1922
2026-09-18 21:26:19,Pre-HAUSPM,BMS1_SPMF,1,1,0.003500,0.200,0.200,2805280,23840,1,1641,1642,0,0,0,13508370,0,13450387,0,0.000000,0.000000,0.000000,97,348,203.06,0,0,0,0,SUCCESS,0,2,,,,,,1,0,1227293,1108,,,used,,,,20260918-1922
2026-09-18 21:26:20,Pre-HAUSPM,BMS1_SPMF,2,1,0.003500,0.200,0.200,4090185,35760,1,362,363,0,0,0,1987214,0,1978814,0,0.000000,0.000000,0.000000,94,368,942.70,0,0,0,0,SUCCESS,0,2,,,,,,1,0,1284905,1971,,,used,,,,20260918-1922
2026-09-18 21:26:21,Pre-HAUSPM,BMS1_SPMF,3,1,0.003500,0.200,0.200,5578380,47680,1,583,584,0,0,0,2637541,0,2626102,0,0.000000,0.000000,0.000000,93,385,997.49,0,0,0,0,SUCCESS,0,2,,,,,,1,0,1488195,2873,,,used,,,,20260918-1922
2026-09-18 21:37:08,Pre-HAUSPM,BMS1_SPMF,4,1,0.003500,0.200,0.200,7229030,59601,2,644446,644448,0,0,0,1676792519,0,1666927129,0,0.000000,0.000000,0.000000,93,403,181.98,0,0,0,0,SUCCESS,0,2,,,,,,1,0,1650650,3919,,,used,,,,20260918-1922
2026-09-18 21:38:25,Pre-HAUSPM,BMS1_SPMF,0,2,0.003500,0.200,0.200,1577987,11920,1,75892,75894,0,0,0,793359734,0,789746373,0,0.000000,0.000000,0.000000,100,374,338.11,0,0,0,0,SUCCESS,0,2,,,,,,1,0,1577987,0,,,used,,,,20260918-1922
2026-09-18 21:38:27,Pre-HAUSPM,BMS1_SPMF,1,2,0.003500,0.200,0.200,2805280,23840,1,1644,1645,0,0,0,13508370,0,13450387,0,0.000000,0.000000,0.000000,97,348,203.04,0,0,0,0,SUCCESS,0,2,,,,,,1,0,1227293,1108,,,used,,,,20260918-1922
2026-09-18 21:38:27,Pre-HAUSPM,BMS1_SPMF,2,2,0.003500,0.200,0.200,4090185,35760,1,353,355,0,0,0,1987214,0,1978814,0,0.000000,0.000000,0.000000,94,368,942.78,0,0,0,0,SUCCESS,0,2,,,,,,1,0,1284905,1971,,,used,,,,20260918-1922
2026-09-18 21:38:28,Pre-HAUSPM,BMS1_SPMF,3,2,0.003500,0.200,0.200,5578380,47680,1,579,580,0,0,0,2637541,0,2626102,0,0.000000,0.000000,0.000000,93,385,997.54,0,0,0,0,SUCCESS,0,2,,,,,,1,0,1488195,2873,,,used,,,,20260918-1922
2026-09-18 21:49:18,Pre-HAUSPM,BMS1_SPMF,4,2,0.003500,0.200,0.200,7229030,59601,2,647169,647172,0,0,0,1676792519,0,1666927129,0,0.000000,0.000000,0.000000,93,403,182.05,0,0,0,0,SUCCESS,0,2,,,,,,1,0,1650650,3919,,,used,,,,20260918-1922
,HAUSP-UB-L1,BMS1_SPMF,0,0,0.003500,0.000,0.200,0,0,0,0,0,0,0,0,0,0,0,0,0.000000,0.000000,0.000000,0,0,0.00,0,0,0,0,OT,0,3,,,,,,,,,,,,used,,,,20260918-1922
,HAUSP-UB-L1,BMS1_SPMF,1,0,0.003500,0.000,0.200,0,0,0,0,0,0,0,0,0,0,0,0,0.000000,0.000000,0.000000,0,0,0.00,0,0,0,0,SKIPPED,0,3,,,,,,,,,,,,used,,,,20260918-1922
,HAUSP-UB-L1,BMS1_SPMF,2,0,0.003500,0.000,0.200,0,0,0,0,0,0,0,0,0,0,0,0,0.000000,0.000000,0.000000,0,0,0.00,0,0,0,0,SKIPPED,0,3,,,,,,,,,,,,used,,,,20260918-1922
,HAUSP-UB-L1,BMS1_SPMF,3,0,0.003500,0.000,0.200,0,0,0,0,0,0,0,0,0,0,0,0,0.000000,0.000000,0.000000,0,0,0.00,0,0,0,0,SKIPPED,0,3,,,,,,,,,,,,used,,,,20260918-1922
,HAUSP-UB-L1,BMS1_SPMF,4,0,0.003500,0.000,0.200,0,0,0,0,0,0,0,0,0,0,0,0,0.000000,0.000000,0.000000,0,0,0.00,0,0,0,0,SKIPPED,0,3,,,,,,,,,,,,used,,,,20260918-1922
2026-09-18 23:19:28,HAUSP-UB[noEUCS],BMS1_SPMF,0,0,0.003500,0.000,0.200,1577987,11920,13,4313,4327,3,0,0,100789904,19,100321836,67,0.000000,0.043005,0.043066,100,0,122.66,100789922,100788944,978,335,SUCCESS,468067,4,,0,1012928,0,730112,,,,,67,1,used,,,,20260918-1922
2026-09-18 23:19:29,HAUSP-UB[noEUCS],BMS1_SPMF,1,0,0.003500,0.000,0.200,2805280,23840,3,174,177,0,0,0,3046411,24,3032202,98,0.000000,0.042039,0.044379,97,0,127.68,3046098,3046098,458,338,SUCCESS,14207,4,,825216,1844768,0,1304448,,,,,98,2,used,,,,20260918-1922
2026-09-18 23:19:29,HAUSP-UB[noEUCS],BMS1_SPMF,2,0,0.003500,0.000,0.200,4090185,35760,1,54,55,0,0,0,611388,74,608187,117,0.000000,0.064957,0.075240,94,0,131.03,611111,611111,418,387,SUCCESS,3188,4,,1274752,2728384,0,2031872,,,,,117,13,used,,,,20260918-1922
2026-09-18 23:19:29,HAUSP-UB[noEUCS],BMS1_SPMF,3,0,0.003500,0.000,0.200,5578380,47680,1,86,88,0,0,0,671378,72,667788,112,0.000000,0.057647,0.067303,93,0,134.60,671036,671036,346,389,SUCCESS,3563,4,,1376128,3699328,0,2677888,,,,,112,27,used,,,,20260918-1922
2026-09-18 23:19:56,HAUSP-UB[noEUCS],BMS1_SPMF,4,0,0.003500,0.000,0.200,7229030,59601,1,26337,26339,0,0,0,103110382,170,102437014,87,0.000000,0.039763,0.039814,93,0,138.72,103110126,103110126,562,497,SUCCESS,673331,4,,1354624,4788416,0,3846016,,,,,87,37,used,,,,20260918-1922
2026-09-18 23:20:01,HAUSP-UB[noEUCS],BMS1_SPMF,0,1,0.003500,0.000,0.200,1577987,11920,13,4292,4305,3,0,0,100789904,19,100321836,67,0.000000,0.043005,0.043066,100,0,122.66,100789922,100788944,978,335,SUCCESS,468067,4,,0,1012928,0,730112,,,,,67,1,used,,,,20260918-1922
2026-09-18 23:20:01,HAUSP-UB[noEUCS],BMS1_SPMF,1,1,0.003500,0.000,0.200,2805280,23840,2,172,175,0,0,0,3046411,24,3032202,98,0.000000,0.042039,0.044379,97,0,127.69,3046098,3046098,458,338,SUCCESS,14207,4,,608384,1844768,0,1304448,,,,,98,2,used,,,,20260918-1922
2026-09-18 23:20:02,HAUSP-UB[noEUCS],BMS1_SPMF,2,1,0.003500,0.000,0.200,4090185,35760,2,54,57,0,0,0,611388,74,608187,117,0.000000,0.064957,0.075240,94,0,131.04,611111,611111,418,387,SUCCESS,3188,4,,907136,2728384,0,2031872,,,,,117,13,used,,,,20260918-1922
2026-09-18 23:20:02,HAUSP-UB[noEUCS],BMS1_SPMF,3,1,0.003500,0.000,0.200,5578380,47680,2,89,92,0,0,0,671378,72,667788,112,0.000000,0.057647,0.067303,93,0,134.60,671036,671036,346,389,SUCCESS,3563,4,,1376128,3699328,0,2677888,,,,,112,27,used,,,,20260918-1922
2026-09-18 23:20:29,HAUSP-UB[noEUCS],BMS1_SPMF,4,1,0.003500,0.000,0.200,7229030,59601,1,26449,26451,0,0,0,103110382,170,102437014,87,0.000000,0.039763,0.039814,93,0,138.51,103110126,103110126,562,497,SUCCESS,673331,4,,1354624,4788416,0,3846016,,,,,87,37,used,,,,20260918-1922
2026-09-18 23:20:34,HAUSP-UB[noEUCS],BMS1_SPMF,0,2,0.003500,0.000,0.200,1577987,11920,1,4270,4272,0,0,0,100789904,19,100321836,67,0.000000,0.043005,0.043066,100,0,122.71,100789922,100788944,978,335,SUCCESS,468067,4,,195712,1012928,0,730112,,,,,67,1,used,,,,20260918-1922
2026-09-18 23:20:34,HAUSP-UB[noEUCS],BMS1_SPMF,1,2,0.003500,0.000,0.200,2805280,23840,1,171,172,0,0,0,3046411,24,3032202,98,0.000000,0.042039,0.044379,97,0,122.66,3046098,3046098,458,338,SUCCESS,14207,4,,608384,1844768,0,1304448,,,,,98,2,used,,,,20260918-1922
2026-09-18 23:20:34,HAUSP-UB[noEUCS],BMS1_SPMF,2,2,0.003500,0.000,0.200,4090185,35760,1,52,54,0,0,0,611388,74,608187,117,0.000000,0.064957,0.075240,94,0,126.05,611111,611111,418,387,SUCCESS,3188,4,,907136,2728384,0,2031872,,,,,117,13,used,,,,20260918-1922
2026-09-18 23:20:34,HAUSP-UB[noEUCS],BMS1_SPMF,3,2,0.003500,0.000,0.200,5578380,47680,1,85,86,0,0,0,671378,72,667788,112,0.000000,0.057647,0.067303,93,0,134.79,671036,671036,346,389,SUCCESS,3563,4,,1860480,3699328,0,2677888,,,,,112,27,used,,,,20260918-1922
2026-09-18 23:21:01,HAUSP-UB[noEUCS],BMS1_SPMF,4,2,0.003500,0.000,0.200,7229030,59601,1,26514,26516,0,0,0,103110382,170,102437014,87,0.000000,0.039763,0.039814,93,0,138.72,103110126,103110126,562,497,SUCCESS,673331,4,,1354624,4788416,0,3846016,,,,,87,37,used,,,,20260918-1922
2026-09-18 23:22:03,EHAUSM-R,FIFA,0,0,0.012000,0.000,0.200,7402552,4090,52,60457,60509,0,0,0,25763977,1858,25612467,0,0.136759,0.000000,0.000000,231,0,758.54,0,0,0,0,SUCCESS,0,0,,,,,,,,,,,,used,,,,20260918-1922
2026-09-18 23:23:47,EHAUSM-R,FIFA,1,0,0.012000,0.000,0.200,14678365,8180,27,104231,104258,0,0,0,23458022,2180,23327756,0,0.136088,0.000000,0.000000,215,0,368.78,0,0,0,0,SUCCESS,0,0,,,,,,,,,,,,used,,,,20260918-1922
2026-09-18 23:26:29,EHAUSM-R,FIFA,2,0,0.012000,0.000,0.200,21657235,12270,21,161350,161372,0,0,0,23893546,2364,23758712,0,0.135854,0.000000,0.000000,280,0,839.41,0,0,0,0,SUCCESS,0,0,,,,,,,,,,,,used,,,,20260918-1922
2026-09-18 23:30:05,EHAUSM-R,FIFA,3,0,0.012000,0.000,0.200,28870802,16360,25,214707,214733,0,0,0,23966676,2449,23830811,0,0.132834,0.000000,0.000000,346,0,682.40,0,0,0,0,SUCCESS,0,0,,,,,,,,,,,,used,,,,20260918-1922
2026-09-18 23:34:20,EHAUSM-R,FIFA,4,0,0.012000,0.000,0.200,35721991,20450,30,254810,254840,0,0,0,22652772,2536,22524180,0,0.134802,0.000000,0.000000,334,0,734.89,0,0,0,0,SUCCESS,0,0,,,,,,,,,,,,used,,,,20260918-1922
2026-09-18 23:35:20,EHAUSM-R,FIFA,0,1,0.012000,0.000,0.200,7402552,4090,7,59319,59326,0,0,0,25763977,1858,25612467,0,0.136759,0.000000,0.000000,231,0,852.79,0,0,0,0,SUCCESS,0,0,,,,,,,,,,,,used,,,,20260918-1922
2026-09-18 23:37:02,EHAUSM-R,FIFA,1,1,0.012000,0.000,0.200,14678365,8180,13,101562,101576,0,0,0,23458022,2180,23327756,0,0.136088,0.000000,0.000000,215,0,431.51,0,0,0,0,SUCCESS,0,0,,,,,,,,,,,,used,,,,20260918-1922
2026-09-18 23:39:39,EHAUSM-R,FIFA,2,1,0.012000,0.000,0.200,21657235,12270,19,157009,157028,0,0,0,23893546,2364,23758712,0,0.135854,0.000000,0.000000,280,0,651.12,0,0,0,0,SUCCESS,0,0,,,,,,,,,,,,used,,,,20260918-1922
2026-09-18 23:43:12,EHAUSM-R,FIFA,3,1,0.012000,0.000,0.200,28870802,16360,24,211507,211532,0,0,0,23966676,2449,23830811,0,0.132834,0.000000,0.000000,346,0,301.76,0,0,0,0,SUCCESS,0,0,,,,,,,,,,,,used,,,,20260918-1922
2026-09-18 23:47:25,EHAUSM-R,FIFA,4,1,0.012000,0.000,0.200,35721991,20450,30,253302,253332,0,0,0,22652772,2536,22524180,0,0.134802,0.000000,0.000000,334,0,529.38,0,0,0,0,SUCCESS,0,0,,,,,,,,,,,,used,,,,20260918-1922
2026-09-18 23:48:26,EHAUSM-R,FIFA,0,2,0.012000,0.000,0.200,7402552,4090,7,59442,59449,0,0,0,25763977,1858,25612467,0,0.136759,0.000000,0.000000,231,0,367.37,0,0,0,0,SUCCESS,0,0,,,,,,,,,,,,used,,,,20260918-1922
2026-09-18 23:50:08,EHAUSM-R,FIFA,1,2,0.012000,0.000,0.200,14678365,8180,13,101784,101798,0,0,0,23458022,2180,23327756,0,0.136088,0.000000,0.000000,215,0,570.83,0,0,0,0,SUCCESS,0,0,,,,,,,,,,,,used,,,,20260918-1922
2026-09-18 23:52:46,EHAUSM-R,FIFA,2,2,0.012000,0.000,0.200,21657235,12270,19,157834,157853,0,0,0,23893546,2364,23758712,0,0.135854,0.000000,0.000000,280,0,502.03,0,0,0,0,SUCCESS,0,0,,,,,,,,,,,,used,,,,20260918-1922
2026-09-18 23:56:20,EHAUSM-R,FIFA,3,2,0.012000,0.000,0.200,28870802,16360,24,213385,213409,0,0,0,23966676,2449,23830811,0,0.132834,0.000000,0.000000,346,0,682.27,0,0,0,0,SUCCESS,0,0,,,,,,,,,,,,used,,,,20260918-1922
2026-09-19 00:00:38,EHAUSM-R,FIFA,4,2,0.012000,0.000,0.200,35721991,20450,30,256663,256694,0,0,0,22652772,2536,22524180,0,0.134802,0.000000,0.000000,334,0,263.90,0,0,0,0,SUCCESS,0,0,,,,,,,,,,,,used,,,,20260918-1922
2026-09-19 00:01:54,EHAUSM-I,FIFA,0,0,0.012000,0.000,0.200,7402552,4090,58,75570,75628,0,0,0,25763977,1858,25612467,0,0.216064,0.000000,0.000000,231,0,2096.58,0,0,0,0,SUCCESS,0,1,,,,,,,,,,,,used,,,,20260918-1922
2026-09-19 00:03:57,EHAUSM-I,FIFA,1,0,0.012000,0.000,0.200,14678365,8180,10,121121,121131,0,0,0,23192267,2180,23062001,0,0.210594,0.000000,0.000000,215,0,6574.93,0,0,0,0,SUCCESS,0,1,,,,,,,,,,,,used,,,,20260918-1922
2026-09-19 00:07:03,EHAUSM-I,FIFA,2,0,0.012000,0.000,0.200,21657235,12270,12,185248,185260,0,0,0,22512694,2364,22377860,0,0.210001,0.000000,0.000000,280,0,9573.18,0,0,0,0,SUCCESS,0,1,,,,,,,,,,,,used,,,,20260918-1922
2026-09-19 00:11:03,EHAUSM-I,FIFA,3,0,0.012000,0.000,0.200,28870802,16360,13,238318,238331,0,0,0,22602061,2449,22466196,0,0.208589,0.000000,0.000000,346,0,9118.75,0,0,0,0,SUCCESS,0,1,,,,,,,,,,,,used,,,,20260918-1922
2026-09-19 00:15:46,EHAUSM-I,FIFA,4,0,0.012000,0.000,0.200,35721991,20450,14,281366,281381,0,0,0,21307703,2536,21179111,0,0.206729,0.000000,0.000000,334,0,8538.12,0,0,0,0,SUCCESS,0,1,,,,,,,,,,,,used,,,,20260918-1922
2026-09-19 00:17:01,EHAUSM-I,FIFA,0,1,0.012000,0.000,0.200,7402552,4090,8,74762,74770,0,0,0,25763977,1858,25612467,0,0.216064,0.000000,0.000000,231,0,2894.35,0,0,0,0,SUCCESS,0,1,,,,,,,,,,,,used,,,,20260918-1922
2026-09-19 00:19:02,EHAUSM-I,FIFA,1,1,0.012000,0.000,0.200,14678365,8180,9,119715,119725,0,0,0,23192267,2180,23062001,0,0.210594,0.000000,0.000000,215,0,3936.27,0,0,0,0,SUCCESS,0,1,,,,,,,,,,,,used,,,,20260918-1922
2026-09-19 00:22:08,EHAUSM-I,FIFA,2,1,0.012000,0.000,0.200,21657235,12270,11,185291,185303,0,0,0,22512694,2364,22377860,0,0.210001,0.000000,0.000000,280,0,10594.47,0,0,0,0,SUCCESS,0,1,,,,,,,,,,,,used,,,,20260918-1922
2026-09-19 00:26:09,EHAUSM-I,FIFA,3,1,0.012000,0.000,0.200,28870802,16360,13,239408,239421,0,0,0,22602061,2449,22466196,0,0.208589,0.000000,0.000000,346,0,10182.46,0,0,0,0,SUCCESS,0,1,,,,,,,,,,,,used,,,,20260918-1922
2026-09-19 00:30:54,EHAUSM-I,FIFA,4,1,0.012000,0.000,0.200,35721991,20450,14,284020,284035,0,0,0,21307703,2536,21179111,0,0.206729,0.000000,0.000000,334,0,12273.17,0,0,0,0,SUCCESS,0,1,,,,,,,,,,,,used,,,,20260918-1922
2026-09-19 00:32:11,EHAUSM-I,FIFA,0,2,0.012000,0.000,0.200,7402552,4090,8,75120,75128,0,0,0,25763977,1858,25612467,0,0.216064,0.000000,0.000000,231,0,1454.16,0,0,0,0,SUCCESS,0,1,,,,,,,,,,,,used,,,,20260918-1922
2026-09-19 00:34:11,EHAUSM-I,FIFA,1,2,0.012000,0.000,0.200,14678365,8180,9,119942,119952,0,0,0,23192267,2180,23062001,0,0.210594,0.000000,0.000000,215,0,2634.26,0,0,0,0,SUCCESS,0,1,,,,,,,,,,,,used,,,,20260918-1922
2026-09-19 00:37:17,EHAUSM-I,FIFA,2,2,0.012000,0.000,0.200,21657235,12270,12,185029,185042,0,0,0,22512694,2364,22377860,0,0.210001,0.000000,0.000000,280,0,11914.60,0,0,0,0,SUCCESS,0,1,,,,,,,,,,,,used,,,,20260918-1922
2026-09-19 00:41:17,EHAUSM-I,FIFA,3,2,0.012000,0.000,0.200,28870802,16360,13,238147,238160,0,0,0,22602061,2449,22466196,0,0.208589,0.000000,0.000000,346,0,10397.01,0,0,0,0,SUCCESS,0,1,,,,,,,,,,,,used,,,,20260918-1922
2026-09-19 00:46:00,EHAUSM-I,FIFA,4,2,0.012000,0.000,0.200,35721991,20450,14,281438,281452,0,0,0,21307703,2536,21179111,0,0.206729,0.000000,0.000000,334,0,10535.72,0,0,0,0,SUCCESS,0,1,,,,,,,,,,,,used,,,,20260918-1922
2026-09-19 00:47:54,Pre-HAUSPM,FIFA,0,0,0.012000,0.200,0.200,7402552,4090,14,113433,113447,0,0,0,196187675,0,195865785,0,0.000000,0.000000,0.000000,231,2043,311.17,0,0,0,0,SUCCESS,0,2,,,,,,1,0,7402552,0,,,used,,,,20260918-1922
2026-09-19 00:51:00,Pre-HAUSPM,FIFA,1,0,0.012000,0.200,0.200,14678365,8180,1,185321,185323,0,0,0,204984421,0,204709503,0,0.000000,0.000000,0.000000,215,1797,839.59,0,0,0,0,SUCCESS,0,2,,,,,,1,0,7275813,17982,,,used,,,,20260918-1922
2026-09-19 00:55:45,Pre-HAUSPM,FIFA,2,0,0.012000,0.200,0.200,21657235,12270,1,284431,284432,0,0,0,239588669,0,239305911,0,0.000000,0.000000,0.000000,280,2099,444.63,0,0,0,0,SUCCESS,0,2,,,,,,1,0,6978870,35656,,,used,,,,20260918-1922
2026-09-19 01:02:05,Pre-HAUSPM,FIFA,3,0,0.012000,0.200,0.200,28870802,16360,1,379067,379069,0,0,0,262930454,0,262644876,0,0.000000,0.000000,0.000000,346,2266,456.61,0,0,0,0,SUCCESS,0,2,,,,,,1,0,7213567,52609,,,used,,,,20260918-1922
2026-09-19 01:09:31,Pre-HAUSPM,FIFA,4,0,0.012000,0.200,0.200,35721991,20450,1,444245,444247,0,0,0,258550364,0,258282334,0,0.000000,0.000000,0.000000,334,2199,564.47,0,0,0,0,SUCCESS,0,2,,,,,,1,0,6851189,70132,,,used,,,,20260918-1922
2026-09-19 01:11:25,Pre-HAUSPM,FIFA,0,1,0.012000,0.200,0.200,7402552,4090,1,113158,113160,0,0,0,196187675,0,195865785,0,0.000000,0.000000,0.000000,231,2043,430.99,0,0,0,0,SUCCESS,0,2,,,,,,1,0,7402552,0,,,used,,,,20260918-1922
2026-09-19 01:14:30,Pre-HAUSPM,FIFA,1,1,0.012000,0.200,0.200,14678365,8180,1,184806,184808,0,0,0,204984421,0,204709503,0,0.000000,0.000000,0.000000,215,1797,796.73,0,0,0,0,SUCCESS,0,2,,,,,,1,0,7275813,17982,,,used,,,,20260918-1922
2026-09-19 01:19:15,Pre-HAUSPM,FIFA,2,1,0.012000,0.200,0.200,21657235,12270,1,283643,283644,0,0,0,239588669,0,239305911,0,0.000000,0.000000,0.000000,280,2099,547.57,0,0,0,0,SUCCESS,0,2,,,,,,1,0,6978870,35656,,,used,,,,20260918-1922
2026-09-19 01:25:36,Pre-HAUSPM,FIFA,3,1,0.012000,0.200,0.200,28870802,16360,1,379378,379380,0,0,0,262930454,0,262644876,0,0.000000,0.000000,0.000000,346,2266,414.34,0,0,0,0,SUCCESS,0,2,,,,,,1,0,7213567,52609,,,used,,,,20260918-1922
2026-09-19 01:33:02,Pre-HAUSPM,FIFA,4,1,0.012000,0.200,0.200,35721991,20450,1,444706,444707,0,0,0,258550364,0,258282334,0,0.000000,0.000000,0.000000,334,2199,749.72,0,0,0,0,SUCCESS,0,2,,,,,,1,0,6851189,70132,,,used,,,,20260918-1922
2026-09-19 01:34:55,Pre-HAUSPM,FIFA,0,2,0.012000,0.200,0.200,7402552,4090,1,112878,112880,0,0,0,196187675,0,195865785,0,0.000000,0.000000,0.000000,231,2043,478.65,0,0,0,0,SUCCESS,0,2,,,,,,1,0,7402552,0,,,used,,,,20260918-1922
2026-09-19 01:38:01,Pre-HAUSPM,FIFA,1,2,0.012000,0.200,0.200,14678365,8180,1,184477,184479,0,0,0,204984421,0,204709503,0,0.000000,0.000000,0.000000,215,1797,704.14,0,0,0,0,SUCCESS,0,2,,,,,,1,0,7275813,17982,,,used,,,,20260918-1922
2026-09-19 01:42:45,Pre-HAUSPM,FIFA,2,2,0.012000,0.200,0.200,21657235,12270,1,283249,283250,0,0,0,239588669,0,239305911,0,0.000000,0.000000,0.000000,280,2099,964.21,0,0,0,0,SUCCESS,0,2,,,,,,1,0,6978870,35656,,,used,,,,20260918-1922
2026-09-19 01:49:05,Pre-HAUSPM,FIFA,3,2,0.012000,0.200,0.200,28870802,16360,1,378864,378865,0,0,0,262930454,0,262644876,0,0.000000,0.000000,0.000000,346,2266,318.71,0,0,0,0,SUCCESS,0,2,,,,,,1,0,7213567,52609,,,used,,,,20260918-1922
2026-09-19 01:56:32,Pre-HAUSPM,FIFA,4,2,0.012000,0.200,0.200,35721991,20450,1,446502,446503,0,0,0,258550364,0,258282334,0,0.000000,0.000000,0.000000,334,2199,566.02,0,0,0,0,SUCCESS,0,2,,,,,,1,0,6851189,70132,,,used,,,,20260918-1922
,HAUSP-UB-L1,FIFA,0,0,0.012000,0.000,0.200,0,0,0,0,0,0,0,0,0,0,0,0,0.000000,0.000000,0.000000,0,0,0.00,0,0,0,0,OT,0,3,,,,,,,,,,,,used,,,,20260918-1922
,HAUSP-UB-L1,FIFA,1,0,0.012000,0.000,0.200,0,0,0,0,0,0,0,0,0,0,0,0,0.000000,0.000000,0.000000,0,0,0.00,0,0,0,0,SKIPPED,0,3,,,,,,,,,,,,used,,,,20260918-1922
,HAUSP-UB-L1,FIFA,2,0,0.012000,0.000,0.200,0,0,0,0,0,0,0,0,0,0,0,0,0.000000,0.000000,0.000000,0,0,0.00,0,0,0,0,SKIPPED,0,3,,,,,,,,,,,,used,,,,20260918-1922
,HAUSP-UB-L1,FIFA,3,0,0.012000,0.000,0.200,0,0,0,0,0,0,0,0,0,0,0,0,0.000000,0.000000,0.000000,0,0,0.00,0,0,0,0,SKIPPED,0,3,,,,,,,,,,,,used,,,,20260918-1922
,HAUSP-UB-L1,FIFA,4,0,0.012000,0.000,0.200,0,0,0,0,0,0,0,0,0,0,0,0,0.000000,0.000000,0.000000,0,0,0.00,0,0,0,0,SKIPPED,0,3,,,,,,,,,,,,used,,,,20260918-1922
2026-09-19 03:27:04,HAUSP-UB[noEUCS],FIFA,0,0,0.012000,0.000,0.200,7402552,4090,18,24817,24835,3,0,0,25763977,2017,25611986,322,0.000000,0.095972,0.096070,231,0,556.49,25765835,25763184,2651,2316,SUCCESS,151622,4,,7852032,4892320,0,3450624,,,,,112,159,used,,,,20260918-1922
2026-09-19 03:27:47,HAUSP-UB[noEUCS],FIFA,1,0,0.012000,0.000,0.200,14678365,8180,8,43200,43209,1,0,0,23458022,2329,23327309,298,0.000000,0.096672,0.096780,215,0,590.02,23457886,23457568,653,2627,SUCCESS,130375,4,,17154048,9695616,0,14728192,,,,,109,149,used,,,,20260918-1922
2026-09-19 03:28:52,HAUSP-UB[noEUCS],FIFA,2,0,0.012000,0.000,0.200,21657235,12270,5,65131,65136,0,0,0,23893546,2515,23758249,312,0.000000,0.097110,0.097222,280,0,609.45,23893283,23893102,523,2811,SUCCESS,134941,4,,23003136,14372960,0,28737152,,,,,107,151,used,,,,20260918-1922
2026-09-19 03:30:19,HAUSP-UB[noEUCS],FIFA,3,0,0.012000,0.000,0.200,28870802,16360,4,86223,86227,0,0,0,23966676,2612,23830349,299,0.000000,0.095810,0.095917,346,0,633.07,23966314,23966223,430,2907,SUCCESS,135970,4,,34226176,19130880,0,36989568,,,,,105,163,used,,,,20260918-1922
2026-09-19 03:32:00,HAUSP-UB[noEUCS],FIFA,4,0,0.012000,0.000,0.200,35721991,20450,4,101297,101301,0,0,0,22652772,2701,22523748,267,0.000000,0.096915,0.097026,334,0,653.26,22652401,22652321,414,2990,SUCCESS,128691,4,,41123840,23714944,0,48006784,,,,,99,165,used,,,,20260918-1922
2026-09-19 03:32:24,HAUSP-UB[noEUCS],FIFA,0,1,0.012000,0.000,0.200,7402552,4090,54,23155,23209,10,0,0,25763977,2017,25611986,322,0.000000,0.095972,0.096070,231,0,559.05,25765835,25763184,2651,2316,SUCCESS,151622,4,,7852032,4892320,0,3450624,,,,,112,159,used,,,,20260918-1922
2026-09-19 03:33:06,HAUSP-UB[noEUCS],FIFA,1,1,0.012000,0.000,0.200,14678365,8180,4,40994,40999,0,0,0,23458022,2329,23327309,298,0.000000,0.096672,0.096780,215,0,582.69,23457886,23457568,653,2627,SUCCESS,130375,4,,15425536,9695616,0,14728192,,,,,109,149,used,,,,20260918-1922
2026-09-19 03:34:09,HAUSP-UB[noEUCS],FIFA,2,1,0.012000,0.000,0.200,21657235,12270,3,62775,62779,0,0,0,23893546,2515,23758249,312,0.000000,0.097110,0.097222,280,0,606.85,23893283,23893102,523,2811,SUCCESS,134941,4,,21577728,14372960,0,28737152,,,,,107,151,used,,,,20260918-1922
2026-09-19 03:35:32,HAUSP-UB[noEUCS],FIFA,3,1,0.012000,0.000,0.200,28870802,16360,3,82920,82923,0,0,0,23966676,2612,23830349,299,0.000000,0.095810,0.095917,346,0,633.52,23966314,23966223,430,2907,SUCCESS,135970,4,,34996224,19130880,0,36989568,,,,,105,163,used,,,,20260918-1922
2026-09-19 03:37:10,HAUSP-UB[noEUCS],FIFA,4,1,0.012000,0.000,0.200,35721991,20450,4,98500,98504,0,0,0,22652772,2701,22523748,267,0.000000,0.096915,0.097026,334,0,653.26,22652401,22652321,414,2990,SUCCESS,128691,4,,41123840,23714944,0,48006784,,,,,99,165,used,,,,20260918-1922
2026-09-19 03:37:34,HAUSP-UB[noEUCS],FIFA,0,2,0.012000,0.000,0.200,7402552,4090,4,22902,22906,0,0,0,25763977,2017,25611986,322,0.000000,0.095972,0.096070,231,0,550.72,25765835,25763184,2651,2316,SUCCESS,151622,4,,6877184,4892320,0,3450624,,,,,112,159,used,,,,20260918-1922
2026-09-19 03:38:15,HAUSP-UB[noEUCS],FIFA,1,2,0.012000,0.000,0.200,14678365,8180,4,40418,40422,0,0,0,23458022,2329,23327309,298,0.000000,0.096672,0.096780,215,0,583.33,23457886,23457568,653,2627,SUCCESS,130375,4,,15425536,9695616,0,14728192,,,,,109,149,used,,,,20260918-1922
2026-09-19 03:39:16,HAUSP-UB[noEUCS],FIFA,2,2,0.012000,0.000,0.200,21657235,12270,3,61580,61584,0,0,0,23893546,2515,23758249,312,0.000000,0.097110,0.097222,280,0,607.28,23893283,23893102,523,2811,SUCCESS,134941,4,,21577728,14372960,0,28737152,,,,,107,151,used,,,,20260918-1922
2026-09-19 03:40:41,HAUSP-UB[noEUCS],FIFA,3,2,0.012000,0.000,0.200,28870802,16360,3,84542,84546,0,0,0,23966676,2612,23830349,299,0.000000,0.095810,0.095917,346,0,633.30,23966314,23966223,430,2907,SUCCESS,135970,4,,34996224,19130880,0,36989568,,,,,105,163,used,,,,20260918-1922
2026-09-19 03:42:21,HAUSP-UB[noEUCS],FIFA,4,2,0.012000,0.000,0.200,35721991,20450,3,99791,99794,0,0,0,22652772,2701,22523748,267,0.000000,0.096915,0.097026,334,0,653.80,22652401,22652321,414,2990,SUCCESS,128691,4,,41123840,23714944,0,48006784,,,,,99,165,used,,,,20260918-1922
2026-09-19 03:43:06,EHAUSM-R,KOSARAK,0,0,0.003000,0.000,0.200,79636688,198000,291,41621,41913,0,0,0,51567664,24187,51522856,0,0.027110,0.000000,0.000000,103,0,6770.21,0,0,0,0,SUCCESS,0,0,,,,,,,,,,,,used,,,,20260918-1922
2026-09-19 03:44:43,EHAUSM-R,KOSARAK,1,0,0.003000,0.000,0.200,161031299,396000,405,96305,96711,0,0,0,67909611,29347,67857161,0,0.023666,0.000000,0.000000,102,0,2306.59,0,0,0,0,SUCCESS,0,0,,,,,,,,,,,,used,,,,20260918-1922
2026-09-19 03:46:54,EHAUSM-R,KOSARAK,2,0,0.003000,0.000,0.200,240799749,594000,372,130364,130737,0,0,0,58594053,32449,58547823,0,0.027303,0.000000,0.000000,104,0,3887.81,0,0,0,0,SUCCESS,0,0,,,,,,,,,,,,used,,,,20260918-1922
2026-09-19 03:50:30,EHAUSM-R,KOSARAK,3,0,0.003000,0.000,0.200,321393622,792000,550,214843,215393,0,0,0,77736196,34809,77678647,0,0.023645,0.000000,0.000000,101,0,4487.79,0,0,0,0,SUCCESS,0,0,,,,,,,,,,,,used,,,,20260918-1922
2026-09-19 03:54:40,EHAUSM-R,KOSARAK,4,0,0.003000,0.000,0.200,400890653,990002,539,248971,249511,0,0,0,71686014,36629,71632855,0,0.024214,0.000000,0.000000,103,0,4792.96,0,0,0,0,SUCCESS,0,0,,,,,,,,,,,,used,,,,20260918-1922
2026-09-19 03:55:23,EHAUSM-R,KOSARAK,0,1,0.003000,0.000,0.200,79636688,198000,110,41278,41388,0,0,0,51567664,24187,51522856,0,0.027110,0.000000,0.000000,103,0,4488.07,0,0,0,0,SUCCESS,0,0,,,,,,,,,,,,used,,,,20260918-1922
2026-09-19 03:57:01,EHAUSM-R,KOSARAK,1,1,0.003000,0.000,0.200,161031299,396000,220,96484,96704,0,0,0,67909611,29347,67857161,0,0.023666,0.000000,0.000000,102,0,5433.34,0,0,0,0,SUCCESS,0,0,,,,,,,,,,,,used,,,,20260918-1922
2026-09-19 03:59:09,EHAUSM-R,KOSARAK,2,1,0.003000,0.000,0.200,240799749,594000,316,127088,127405,0,0,0,58594053,32449,58547823,0,0.027303,0.000000,0.000000,104,0,2760.00,0,0,0,0,SUCCESS,0,0,,,,,,,,,,,,used,,,,20260918-1922
2026-09-19 04:02:47,EHAUSM-R,KOSARAK,3,1,0.003000,0.000,0.200,321393622,792000,553,217516,218070,0,0,0,77736196,34809,77678647,0,0.023645,0.000000,0.000000,101,0,5866.82,0,0,0,0,SUCCESS,0,0,,,,,,,,,,,,used,,,,20260918-1922
2026-09-19 04:06:57,EHAUSM-R,KOSARAK,4,1,0.003000,0.000,0.200,400890653,990002,541,248644,249185,0,0,0,71686014,36629,71632855,0,0.024214,0.000000,0.000000,103,0,4496.20,0,0,0,0,SUCCESS,0,0,,,,,,,,,,,,used,,,,20260918-1922
2026-09-19 04:07:40,EHAUSM-R,KOSARAK,0,2,0.003000,0.000,0.200,79636688,198000,114,41333,41447,0,0,0,51567664,24187,51522856,0,0.027110,0.000000,0.000000,103,0,4581.43,0,0,0,0,SUCCESS,0,0,,,,,,,,,,,,used,,,,20260918-1922
2026-09-19 04:09:16,EHAUSM-R,KOSARAK,1,2,0.003000,0.000,0.200,161031299,396000,233,95080,95314,0,0,0,67909611,29347,67857161,0,0.023666,0.000000,0.000000,102,0,3375.15,0,0,0,0,SUCCESS,0,0,,,,,,,,,,,,used,,,,20260918-1922
2026-09-19 04:11:25,EHAUSM-R,KOSARAK,2,2,0.003000,0.000,0.200,240799749,594000,317,128343,128660,0,0,0,58594053,32449,58547823,0,0.027303,0.000000,0.000000,104,0,1968.52,0,0,0,0,SUCCESS,0,0,,,,,,,,,,,,used,,,,20260918-1922
2026-09-19 04:15:02,EHAUSM-R,KOSARAK,3,2,0.003000,0.000,0.200,321393622,792000,554,215499,216053,0,0,0,77736196,34809,77678647,0,0.023645,0.000000,0.000000,101,0,3955.72,0,0,0,0,SUCCESS,0,0,,,,,,,,,,,,used,,,,20260918-1922
2026-09-19 04:19:12,EHAUSM-R,KOSARAK,4,2,0.003000,0.000,0.200,400890653,990002,543,248698,249241,0,0,0,71686014,36629,71632855,0,0.024214,0.000000,0.000000,103,0,2837.12,0,0,0,0,SUCCESS,0,0,,,,,,,,,,,,used,,,,20260918-1922
2026-09-19 04:20:04,EHAUSM-I,KOSARAK,0,0,0.003000,0.000,0.200,79636688,198000,339,51135,51475,0,0,0,51567664,24187,51522856,0,0.068419,0.000000,0.000000,103,0,4845.87,0,0,0,0,SUCCESS,0,1,,,,,,,,,,,,used,,,,20260918-1922
2026-09-19 04:21:55,EHAUSM-I,KOSARAK,1,0,0.003000,0.000,0.200,161031299,396000,249,109661,109910,0,0,0,64030508,29347,63978058,0,0.057756,0.000000,0.000000,102,0,3417.41,0,0,0,0,SUCCESS,0,1,,,,,,,,,,,,used,,,,20260918-1922
2026-09-19 04:24:24,EHAUSM-I,KOSARAK,2,0,0.003000,0.000,0.200,240799749,594000,291,147728,148020,0,0,0,52591645,32449,52545415,0,0.062148,0.000000,0.000000,104,0,4812.25,0,0,0,0,SUCCESS,0,1,,,,,,,,,,,,used,,,,20260918-1922
2026-09-19 04:28:26,EHAUSM-I,KOSARAK,3,0,0.003000,0.000,0.200,321393622,792000,451,240492,240944,0,0,0,73002455,34809,72944906,0,0.050356,0.000000,0.000000,101,0,5791.46,0,0,0,0,SUCCESS,0,1,,,,,,,,,,,,used,,,,20260918-1922
2026-09-19 04:33:03,EHAUSM-I,KOSARAK,4,0,0.003000,0.000,0.200,400890653,990002,369,275932,276302,0,0,0,61568570,36629,61515411,0,0.054318,0.000000,0.000000,103,0,6452.32,0,0,0,0,SUCCESS,0,1,,,,,,,,,,,,used,,,,20260918-1922
2026-09-19 04:33:56,EHAUSM-I,KOSARAK,0,1,0.003000,0.000,0.200,79636688,198000,131,50608,50739,0,0,0,51567664,24187,51522856,0,0.068419,0.000000,0.000000,103,0,7162.45,0,0,0,0,SUCCESS,0,1,,,,,,,,,,,,used,,,,20260918-1922
2026-09-19 04:35:46,EHAUSM-I,KOSARAK,1,1,0.003000,0.000,0.200,161031299,396000,201,109602,109803,0,0,0,64030508,29347,63978058,0,0.057756,0.000000,0.000000,102,0,8541.77,0,0,0,0,SUCCESS,0,1,,,,,,,,,,,,used,,,,20260918-1922
2026-09-19 04:38:15,EHAUSM-I,KOSARAK,2,1,0.003000,0.000,0.200,240799749,594000,245,148210,148455,0,0,0,52591645,32449,52545415,0,0.062148,0.000000,0.000000,104,0,2862.97,0,0,0,0,SUCCESS,0,1,,,,,,,,,,,,used,,,,20260918-1922
2026-09-19 04:42:11,EHAUSM-I,KOSARAK,3,1,0.003000,0.000,0.200,321393622,792000,348,234573,234922,0,0,0,73002455,34809,72944906,0,0.050356,0.000000,0.000000,101,0,6552.49,0,0,0,0,SUCCESS,0,1,,,,,,,,,,,,used,,,,20260918-1922
2026-09-19 04:46:46,EHAUSM-I,KOSARAK,4,1,0.003000,0.000,0.200,400890653,990002,369,272793,273162,0,0,0,61568570,36629,61515411,0,0.054318,0.000000,0.000000,103,0,6627.90,0,0,0,0,SUCCESS,0,1,,,,,,,,,,,,used,,,,20260918-1922
2026-09-19 04:47:38,EHAUSM-I,KOSARAK,0,2,0.003000,0.000,0.200,79636688,198000,131,51052,51183,0,0,0,51567664,24187,51522856,0,0.068419,0.000000,0.000000,103,0,4420.78,0,0,0,0,SUCCESS,0,1,,,,,,,,,,,,used,,,,20260918-1922
2026-09-19 04:49:29,EHAUSM-I,KOSARAK,1,2,0.003000,0.000,0.200,161031299,396000,199,109841,110041,0,0,0,64030508,29347,63978058,0,0.057756,0.000000,0.000000,102,0,9889.34,0,0,0,0,SUCCESS,0,1,,,,,,,,,,,,used,,,,20260918-1922
2026-09-19 04:51:58,EHAUSM-I,KOSARAK,2,2,0.003000,0.000,0.200,240799749,594000,242,147751,147993,0,0,0,52591645,32449,52545415,0,0.062148,0.000000,0.000000,104,0,4352.11,0,0,0,0,SUCCESS,0,1,,,,,,,,,,,,used,,,,20260918-1922
2026-09-19 04:55:57,EHAUSM-I,KOSARAK,3,2,0.003000,0.000,0.200,321393622,792000,351,237292,237643,0,0,0,73002455,34809,72944906,0,0.050356,0.000000,0.000000,101,0,6935.09,0,0,0,0,SUCCESS,0,1,,,,,,,,,,,,used,,,,20260918-1922
2026-09-19 05:00:31,EHAUSM-I,KOSARAK,4,2,0.003000,0.000,0.200,400890653,990002,371,273401,273772,0,0,0,61568570,36629,61515411,0,0.054318,0.000000,0.000000,103,0,5917.76,0,0,0,0,SUCCESS,0,1,,,,,,,,,,,,used,,,,20260918-1922
2026-09-19 05:02:33,Pre-HAUSPM,KOSARAK,0,0,0.003000,0.200,0.200,79636688,198000,152,120414,120566,0,0,0,507916761,0,507784434,0,0.000000,0.000000,0.000000,103,5085,2937.80,0,0,0,0,SUCCESS,0,2,,,,,,1,0,79636688,0,,,used,,,,20260918-1922
2026-09-19 05:07:17,Pre-HAUSPM,KOSARAK,1,0,0.003000,0.200,0.200,161031299,396000,60,282197,282258,0,0,0,810489462,0,810320232,0,0.000000,0.000000,0.000000,102,5180,3777.92,0,0,0,0,SUCCESS,0,2,,,,,,1,0,81394611,47926,,,used,,,,20260918-1922
2026-09-19 05:13:35,Pre-HAUSPM,KOSARAK,2,0,0.003000,0.200,0.200,240799749,594000,37,377490,377528,0,0,0,824048930,0,823900600,0,0.000000,0.000000,0.000000,104,5033,5321.63,0,0,0,0,SUCCESS,0,2,,,,,,1,0,79768450,96910,,,used,,,,20260918-1922
2026-09-19 05:24:24,Pre-HAUSPM,KOSARAK,3,0,0.003000,0.200,0.200,321393622,792000,66,647672,647739,0,0,0,1216863007,0,1216677064,0,0.000000,0.000000,0.000000,101,5174,3312.13,0,0,0,0,SUCCESS,0,2,,,,,,1,0,80593873,144915,,,used,,,,20260918-1922
2026-09-19 05:36:43,Pre-HAUSPM,KOSARAK,4,0,0.003000,0.200,0.200,400890653,990002,41,737904,737946,0,0,0,1166323744,0,1166153903,0,0.000000,0.000000,0.000000,103,5117,5119.63,0,0,0,0,SUCCESS,0,2,,,,,,1,0,79497031,193416,,,used,,,,20260918-1922
2026-09-19 05:38:45,Pre-HAUSPM,KOSARAK,0,1,0.003000,0.200,0.200,79636688,198000,46,119997,120043,0,0,0,507916761,0,507784434,0,0.000000,0.000000,0.000000,103,5085,2659.59,0,0,0,0,SUCCESS,0,2,,,,,,1,0,79636688,0,,,used,,,,20260918-1922
2026-09-19 05:43:26,Pre-HAUSPM,KOSARAK,1,1,0.003000,0.200,0.200,161031299,396000,48,280768,280816,0,0,0,810489462,0,810320232,0,0.000000,0.000000,0.000000,102,5180,6887.56,0,0,0,0,SUCCESS,0,2,,,,,,1,0,81394611,47926,,,used,,,,20260918-1922
2026-09-19 05:49:44,Pre-HAUSPM,KOSARAK,2,1,0.003000,0.200,0.200,240799749,594000,37,376885,376923,0,0,0,824048930,0,823900600,0,0.000000,0.000000,0.000000,104,5033,2327.75,0,0,0,0,SUCCESS,0,2,,,,,,1,0,79768450,96910,,,used,,,,20260918-1922
2026-09-19 06:00:34,Pre-HAUSPM,KOSARAK,3,1,0.003000,0.200,0.200,321393622,792000,78,648977,649056,0,0,0,1216863007,0,1216677064,0,0.000000,0.000000,0.000000,101,5174,4703.84,0,0,0,0,SUCCESS,0,2,,,,,,1,0,80593873,144915,,,used,,,,20260918-1922
2026-09-19 06:12:48,Pre-HAUSPM,KOSARAK,4,1,0.003000,0.200,0.200,400890653,990002,40,732929,732969,0,0,0,1166323744,0,1166153903,0,0.000000,0.000000,0.000000,103,5117,2810.60,0,0,0,0,SUCCESS,0,2,,,,,,1,0,79497031,193416,,,used,,,,20260918-1922
2026-09-19 06:14:49,Pre-HAUSPM,KOSARAK,0,2,0.003000,0.200,0.200,79636688,198000,45,119406,119451,0,0,0,507916761,0,507784434,0,0.000000,0.000000,0.000000,103,5085,4292.25,0,0,0,0,SUCCESS,0,2,,,,,,1,0,79636688,0,,,used,,,,20260918-1922
2026-09-19 06:19:32,Pre-HAUSPM,KOSARAK,1,2,0.003000,0.200,0.200,161031299,396000,48,281854,281902,0,0,0,810489462,0,810320232,0,0.000000,0.000000,0.000000,102,5180,6810.39,0,0,0,0,SUCCESS,0,2,,,,,,1,0,81394611,47926,,,used,,,,20260918-1922
2026-09-19 06:25:51,Pre-HAUSPM,KOSARAK,2,2,0.003000,0.200,0.200,240799749,594000,38,377769,377807,0,0,0,824048930,0,823900600,0,0.000000,0.000000,0.000000,104,5033,4099.02,0,0,0,0,SUCCESS,0,2,,,,,,1,0,79768450,96910,,,used,,,,20260918-1922
2026-09-19 06:36:41,Pre-HAUSPM,KOSARAK,3,2,0.003000,0.200,0.200,321393622,792000,70,648986,649056,0,0,0,1216863007,0,1216677064,0,0.000000,0.000000,0.000000,101,5174,2807.79,0,0,0,0,SUCCESS,0,2,,,,,,1,0,80593873,144915,,,used,,,,20260918-1922
2026-09-19 06:48:53,Pre-HAUSPM,KOSARAK,4,2,0.003000,0.200,0.200,400890653,990002,40,730858,730899,0,0,0,1166323744,0,1166153903,0,0.000000,0.000000,0.000000,103,5117,4827.60,0,0,0,0,SUCCESS,0,2,,,,,,1,0,79497031,193416,,,used,,,,20260918-1922
,HAUSP-UB-L1,KOSARAK,0,0,0.003000,0.000,0.200,0,0,0,0,0,0,0,0,0,0,0,0,0.000000,0.000000,0.000000,0,0,0.00,0,0,0,0,OT,0,3,,,,,,,,,,,,used,,,,20260918-1922
,HAUSP-UB-L1,KOSARAK,1,0,0.003000,0.000,0.200,0,0,0,0,0,0,0,0,0,0,0,0,0.000000,0.000000,0.000000,0,0,0.00,0,0,0,0,SKIPPED,0,3,,,,,,,,,,,,used,,,,20260918-1922
,HAUSP-UB-L1,KOSARAK,2,0,0.003000,0.000,0.200,0,0,0,0,0,0,0,0,0,0,0,0,0.000000,0.000000,0.000000,0,0,0.00,0,0,0,0,SKIPPED,0,3,,,,,,,,,,,,used,,,,20260918-1922
,HAUSP-UB-L1,KOSARAK,3,0,0.003000,0.000,0.200,0,0,0,0,0,0,0,0,0,0,0,0,0.000000,0.000000,0.000000,0,0,0.00,0,0,0,0,SKIPPED,0,3,,,,,,,,,,,,used,,,,20260918-1922
,HAUSP-UB-L1,KOSARAK,4,0,0.003000,0.000,0.200,0,0,0,0,0,0,0,0,0,0,0,0,0.000000,0.000000,0.000000,0,0,0.00,0,0,0,0,SKIPPED,0,3,,,,,,,,,,,,used,,,,20260918-1922
2026-09-19 08:19:22,HAUSP-UB[noEUCS],KOSARAK,0,0,0.003000,0.000,0.200,79636688,198000,87,21229,21316,15,0,0,51567664,25266,51520192,1585,0.000000,0.027989,0.029411,103,0,2624.00,51591851,51559704,32147,28708,SUCCESS,46393,4,,83001344,50955040,0,37820544,,,,,1585,1079,used,,,,20260918-1922
2026-09-19 08:20:14,HAUSP-UB[noEUCS],KOSARAK,1,0,0.003000,0.000,0.200,161031299,396000,85,51190,51275,13,0,0,67909611,30459,67854517,1532,0.000000,0.026252,0.027432,102,0,2963.69,67910250,67904881,8808,33988,SUCCESS,53982,4,,160055296,103047712,0,159067648,,,,,1532,1112,used,,,,20260918-1922
2026-09-19 08:21:26,HAUSP-UB[noEUCS],KOSARAK,2,0,0.003000,0.000,0.200,240799749,594000,72,70856,70929,12,0,0,58594053,33508,58545243,1521,0.000000,0.028380,0.029705,104,0,3373.40,58592514,58589619,6423,36960,SUCCESS,47751,4,,221290496,154076512,0,330810368,,,,,1521,1059,used,,,,20260918-1922
2026-09-19 08:23:26,HAUSP-UB[noEUCS],KOSARAK,3,0,0.003000,0.000,0.200,321393622,792000,79,120144,120224,13,0,0,77736196,35900,77676008,1548,0.000000,0.027469,0.028528,101,0,3826.65,77734045,77731391,6105,39483,SUCCESS,59097,4,,292110336,205662048,0,528886528,,,,,1548,1091,used,,,,20260918-1922
2026-09-19 08:25:45,HAUSP-UB[noEUCS],KOSARAK,4,0,0.003000,0.000,0.200,400890653,990002,88,138457,138545,12,0,0,71686014,37724,71630223,1537,0.000000,0.027545,0.028679,103,0,4271.68,71683160,71681410,5332,41270,SUCCESS,54696,4,,352059392,256608480,0,712001920,,,,,1537,1095,used,,,,20260918-1922
2026-09-19 08:26:08,HAUSP-UB[noEUCS],KOSARAK,0,1,0.003000,0.000,0.200,79636688,198000,76,21208,21285,13,0,0,51567664,25266,51520192,1585,0.000000,0.027989,0.029411,103,0,2568.00,51591851,51559704,32147,28708,SUCCESS,46393,4,,81338368,50955040,0,37820544,,,,,1585,1079,used,,,,20260918-1922
2026-09-19 08:27:00,HAUSP-UB[noEUCS],KOSARAK,1,1,0.003000,0.000,0.200,161031299,396000,72,51437,51510,12,0,0,67909611,30459,67854517,1532,0.000000,0.026252,0.027432,102,0,2956.65,67910250,67904881,8808,33988,SUCCESS,53982,4,,157409280,103047712,0,159067648,,,,,1532,1112,used,,,,20260918-1922
2026-09-19 08:28:11,HAUSP-UB[noEUCS],KOSARAK,2,1,0.003000,0.000,0.200,240799749,594000,79,70313,70392,12,0,0,58594053,33508,58545243,1521,0.000000,0.028380,0.029705,104,0,3374.06,58592514,58589619,6423,36960,SUCCESS,47751,4,,222330880,154076512,0,330810368,,,,,1521,1059,used,,,,20260918-1922
2026-09-19 08:30:12,HAUSP-UB[noEUCS],KOSARAK,3,1,0.003000,0.000,0.200,321393622,792000,79,120303,120383,13,0,0,77736196,35900,77676008,1548,0.000000,0.027469,0.028528,101,0,3829.85,77734045,77731391,6105,39483,SUCCESS,59097,4,,292110336,205662048,0,528886528,,,,,1548,1091,used,,,,20260918-1922
2026-09-19 08:32:32,HAUSP-UB[noEUCS],KOSARAK,4,1,0.003000,0.000,0.200,400890653,990002,79,139508,139588,11,0,0,71686014,37724,71630223,1537,0.000000,0.027545,0.028679,103,0,4262.54,71683160,71681410,5332,41270,SUCCESS,54696,4,,351862784,256608480,0,712001920,,,,,1537,1095,used,,,,20260918-1922
2026-09-19 08:32:55,HAUSP-UB[noEUCS],KOSARAK,0,2,0.003000,0.000,0.200,79636688,198000,74,21219,21294,12,0,0,51567664,25266,51520192,1585,0.000000,0.027989,0.029411,103,0,2568.00,51591851,51559704,32147,28708,SUCCESS,46393,4,,81338368,50955040,0,37820544,,,,,1585,1079,used,,,,20260918-1922
2026-09-19 08:33:46,HAUSP-UB[noEUCS],KOSARAK,1,2,0.003000,0.000,0.200,161031299,396000,71,50731,50803,12,0,0,67909611,30459,67854517,1532,0.000000,0.026252,0.027432,102,0,2964.41,67910250,67904881,8808,33988,SUCCESS,53982,4,,160055296,103047712,0,159067648,,,,,1532,1112,used,,,,20260918-1922
2026-09-19 08:34:57,HAUSP-UB[noEUCS],KOSARAK,2,2,0.003000,0.000,0.200,240799749,594000,75,71026,71101,13,0,0,58594053,33508,58545243,1521,0.000000,0.028380,0.029705,104,0,3373.29,58592514,58589619,6423,36960,SUCCESS,47751,4,,222232576,154076512,0,330810368,,,,,1521,1059,used,,,,20260918-1922
2026-09-19 08:36:58,HAUSP-UB[noEUCS],KOSARAK,3,2,0.003000,0.000,0.200,321393622,792000,79,119890,119970,13,0,0,77736196,35900,77676008,1548,0.000000,0.027469,0.028528,101,0,3829.66,77734045,77731391,6105,39483,SUCCESS,59097,4,,292110336,205662048,0,528886528,,,,,1548,1091,used,,,,20260918-1922
2026-09-19 08:39:18,HAUSP-UB[noEUCS],KOSARAK,4,2,0.003000,0.000,0.200,400890653,990002,72,139673,139746,12,0,0,71686014,37724,71630223,1537,0.000000,0.027545,0.028679,103,0,4264.62,71683160,71681410,5332,41270,SUCCESS,54696,4,,351862784,256608480,0,712001920,,,,,1537,1095,used,,,,20260918-1922
2026-09-19 08:39:20,EHAUSM-R,LEVIATHAN,0,0,0.003000,0.000,0.200,2833171,1166,23,1039,1063,0,0,0,2369635,2739,2352790,0,0.451577,0.000000,0.000000,4440,0,2524.79,0,0,0,0,SUCCESS,0,0,,,,,,,,,,,,used,,,,20260918-1922
2026-09-19 08:39:23,EHAUSM-R,LEVIATHAN,1,0,0.003000,0.000,0.200,5742029,2332,12,2237,2249,0,0,0,4381765,4516,4358708,0,0.443280,0.000000,0.000000,5965,0,2351.65,0,0,0,0,SUCCESS,0,0,,,,,,,,,,,,used,,,,20260918-1922
2026-09-19 08:39:27,EHAUSM-R,LEVIATHAN,2,0,0.003000,0.000,0.200,8655898,3498,11,3848,3860,0,0,0,5564058,5931,5538626,0,0.442553,0.000000,0.000000,6387,0,3277.75,0,0,0,0,SUCCESS,0,0,,,,,,,,,,,,used,,,,20260918-1922
2026-09-19 08:39:32,EHAUSM-R,LEVIATHAN,3,0,0.003000,0.000,0.200,11406844,4664,13,4925,4939,0,0,0,6078888,6893,6053759,0,0.438996,0.000000,0.000000,6281,0,1717.22,0,0,0,0,SUCCESS,0,0,,,,,,,,,,,,used,,,,20260918-1922
2026-09-19 08:39:39,EHAUSM-R,LEVIATHAN,4,0,0.003000,0.000,0.200,14156241,5834,14,6347,6361,0,0,0,6599011,7777,6572852,0,0.439127,0.000000,0.000000,6511,0,1951.30,0,0,0,0,SUCCESS,0,0,,,,,,,,,,,,used,,,,20260918-1922
2026-09-19 08:39:40,EHAUSM-R,LEVIATHAN,0,1,0.003000,0.000,0.200,2833171,1166,4,819,823,0,0,0,2369635,2739,2352790,0,0.451577,0.000000,0.000000,4440,0,2516.79,0,0,0,0,SUCCESS,0,0,,,,,,,,,,,,used,,,,20260918-1922
2026-09-19 08:39:43,EHAUSM-R,LEVIATHAN,1,1,0.003000,0.000,0.200,5742029,2332,8,2227,2236,0,0,0,4381765,4516,4358708,0,0.443280,0.000000,0.000000,5965,0,3830.33,0,0,0,0,SUCCESS,0,0,,,,,,,,,,,,used,,,,20260918-1922
2026-09-19 08:39:47,EHAUSM-R,LEVIATHAN,2,1,0.003000,0.000,0.200,8655898,3498,10,3702,3712,0,0,0,5564058,5931,5538626,0,0.442553,0.000000,0.000000,6387,0,2460.28,0,0,0,0,SUCCESS,0,0,,,,,,,,,,,,used,,,,20260918-1922
2026-09-19 08:39:52,EHAUSM-R,LEVIATHAN,3,1,0.003000,0.000,0.200,11406844,4664,12,4982,4994,0,0,0,6078888,6893,6053759,0,0.438996,0.000000,0.000000,6281,0,3125.84,0,0,0,0,SUCCESS,0,0,,,,,,,,,,,,used,,,,20260918-1922
2026-09-19 08:39:59,EHAUSM-R,LEVIATHAN,4,1,0.003000,0.000,0.200,14156241,5834,14,6391,6406,0,0,0,6599011,7777,6572852,0,0.439127,0.000000,0.000000,6511,0,3889.77,0,0,0,0,SUCCESS,0,0,,,,,,,,,,,,used,,,,20260918-1922
2026-09-19 08:40:00,EHAUSM-R,LEVIATHAN,0,2,0.003000,0.000,0.200,2833171,1166,3,816,820,0,0,0,2369635,2739,2352790,0,0.451577,0.000000,0.000000,4440,0,2516.79,0,0,0,0,SUCCESS,0,0,,,,,,,,,,,,used,,,,20260918-1922
2026-09-19 08:40:03,EHAUSM-R,LEVIATHAN,1,2,0.003000,0.000,0.200,5742029,2332,8,2221,2229,0,0,0,4381765,4516,4358708,0,0.443280,0.000000,0.000000,5965,0,3830.33,0,0,0,0,SUCCESS,0,0,,,,,,,,,,,,used,,,,20260918-1922
2026-09-19 08:40:07,EHAUSM-R,LEVIATHAN,2,2,0.003000,0.000,0.200,8655898,3498,10,3701,3711,0,0,0,5564058,5931,5538626,0,0.442553,0.000000,0.000000,6387,0,2171.73,0,0,0,0,SUCCESS,0,0,,,,,,,,,,,,used,,,,20260918-1922
2026-09-19 08:40:12,EHAUSM-R,LEVIATHAN,3,2,0.003000,0.000,0.200,11406844,4664,12,4882,4895,0,0,0,6078888,6893,6053759,0,0.438996,0.000000,0.000000,6281,0,2869.35,0,0,0,0,SUCCESS,0,0,,,,,,,,,,,,used,,,,20260918-1922
2026-09-19 08:40:19,EHAUSM-R,LEVIATHAN,4,2,0.003000,0.000,0.200,14156241,5834,14,6484,6499,0,0,0,6599011,7777,6572852,0,0.439127,0.000000,0.000000,6511,0,3776.74,0,0,0,0,SUCCESS,0,0,,,,,,,,,,,,used,,,,20260918-1922
2026-09-19 08:40:21,EHAUSM-I,LEVIATHAN,0,0,0.003000,0.000,0.200,2833171,1166,24,1136,1160,0,0,0,2369635,2739,2352790,0,0.575573,0.000000,0.000000,4440,0,3604.79,0,0,0,0,SUCCESS,0,1,,,,,,,,,,,,used,,,,20260918-1922
2026-09-19 08:40:23,EHAUSM-I,LEVIATHAN,1,0,0.003000,0.000,0.200,5742029,2332,7,2604,2612,0,0,0,3424588,4516,3401531,0,0.545816,0.000000,0.000000,5965,0,2683.90,0,0,0,0,SUCCESS,0,1,,,,,,,,,,,,used,,,,20260918-1922
2026-09-19 08:40:28,EHAUSM-I,LEVIATHAN,2,0,0.003000,0.000,0.200,8655898,3498,7,4028,4036,0,0,0,3685862,5931,3660430,0,0.529942,0.000000,0.000000,6387,0,4005.65,0,0,0,0,SUCCESS,0,1,,,,,,,,,,,,used,,,,20260918-1922
2026-09-19 08:40:33,EHAUSM-I,LEVIATHAN,3,0,0.003000,0.000,0.200,11406844,4664,8,5167,5175,0,0,0,3369763,6893,3344634,0,0.517678,0.000000,0.000000,6281,0,1998.36,0,0,0,0,SUCCESS,0,1,,,,,,,,,,,,used,,,,20260918-1922
2026-09-19 08:40:40,EHAUSM-I,LEVIATHAN,4,0,0.003000,0.000,0.200,14156241,5834,7,6729,6737,0,0,0,3692419,7777,3666260,0,0.510458,0.000000,0.000000,6511,0,3121.07,0,0,0,0,SUCCESS,0,1,,,,,,,,,,,,used,,,,20260918-1922
2026-09-19 08:40:42,EHAUSM-I,LEVIATHAN,0,1,0.003000,0.000,0.200,2833171,1166,4,1008,1012,0,0,0,2369635,2739,2352790,0,0.575573,0.000000,0.000000,4440,0,3596.79,0,0,0,0,SUCCESS,0,1,,,,,,,,,,,,used,,,,20260918-1922
2026-09-19 08:40:45,EHAUSM-I,LEVIATHAN,1,1,0.003000,0.000,0.200,5742029,2332,6,2556,2562,0,0,0,3424588,4516,3401531,0,0.545816,0.000000,0.000000,5965,0,2695.03,0,0,0,0,SUCCESS,0,1,,,,,,,,,,,,used,,,,20260918-1922
2026-09-19 08:40:49,EHAUSM-I,LEVIATHAN,2,1,0.003000,0.000,0.200,8655898,3498,6,4133,4140,0,0,0,3685862,5931,3660430,0,0.529942,0.000000,0.000000,6387,0,4001.88,0,0,0,0,SUCCESS,0,1,,,,,,,,,,,,used,,,,20260918-1922
2026-09-19 08:40:55,EHAUSM-I,LEVIATHAN,3,1,0.003000,0.000,0.200,11406844,4664,8,5246,5255,0,0,0,3369763,6893,3344634,0,0.517678,0.000000,0.000000,6281,0,4452.31,0,0,0,0,SUCCESS,0,1,,,,,,,,,,,,used,,,,20260918-1922
2026-09-19 08:41:02,EHAUSM-I,LEVIATHAN,4,1,0.003000,0.000,0.200,14156241,5834,8,6718,6727,0,0,0,3692419,7777,3666260,0,0.510458,0.000000,0.000000,6511,0,2861.70,0,0,0,0,SUCCESS,0,1,,,,,,,,,,,,used,,,,20260918-1922
2026-09-19 08:41:04,EHAUSM-I,LEVIATHAN,0,2,0.003000,0.000,0.200,2833171,1166,4,1008,1013,0,0,0,2369635,2739,2352790,0,0.575573,0.000000,0.000000,4440,0,3596.79,0,0,0,0,SUCCESS,0,1,,,,,,,,,,,,used,,,,20260918-1922
2026-09-19 08:41:06,EHAUSM-I,LEVIATHAN,1,2,0.003000,0.000,0.200,5742029,2332,6,2538,2544,0,0,0,3424588,4516,3401531,0,0.545816,0.000000,0.000000,5965,0,2700.51,0,0,0,0,SUCCESS,0,1,,,,,,,,,,,,used,,,,20260918-1922
2026-09-19 08:41:11,EHAUSM-I,LEVIATHAN,2,2,0.003000,0.000,0.200,8655898,3498,6,3986,3993,0,0,0,3685862,5931,3660430,0,0.529942,0.000000,0.000000,6387,0,4001.90,0,0,0,0,SUCCESS,0,1,,,,,,,,,,,,used,,,,20260918-1922
2026-09-19 08:41:16,EHAUSM-I,LEVIATHAN,3,2,0.003000,0.000,0.200,11406844,4664,7,5321,5328,0,0,0,3369763,6893,3344634,0,0.517678,0.000000,0.000000,6281,0,4574.36,0,0,0,0,SUCCESS,0,1,,,,,,,,,,,,used,,,,20260918-1922
2026-09-19 08:41:23,EHAUSM-I,LEVIATHAN,4,2,0.003000,0.000,0.200,14156241,5834,9,6781,6791,0,0,0,3692419,7777,3666260,0,0.510458,0.000000,0.000000,6511,0,2595.77,0,0,0,0,SUCCESS,0,1,,,,,,,,,,,,used,,,,20260918-1922
2026-09-19 08:41:25,Pre-HAUSPM,LEVIATHAN,0,0,0.003000,0.200,0.200,2833171,1166,10,1341,1352,0,0,0,6955860,0,6928715,0,0.000000,0.000000,0.000000,4440,9305,3617.04,0,0,0,0,SUCCESS,0,2,,,,,,1,0,2833171,0,,,used,,,,20260918-1922
2026-09-19 08:41:29,Pre-HAUSPM,LEVIATHAN,1,0,0.003000,0.200,0.200,5742029,2332,1,3694,3696,0,0,0,15831737,0,15794775,0,0.000000,0.000000,0.000000,5965,11932,2756.00,0,0,0,0,SUCCESS,0,2,,,,,,1,0,2908858,1705,,,used,,,,20260918-1922
2026-09-19 08:41:35,Pre-HAUSPM,LEVIATHAN,2,0,0.003000,0.200,0.200,8655898,3498,1,5345,5346,0,0,0,24273190,0,24232801,0,0.000000,0.000000,0.000000,6387,12725,2572.06,0,0,0,0,SUCCESS,0,2,,,,,,1,0,2913869,3456,,,used,,,,20260918-1922
2026-09-19 08:41:42,Pre-HAUSPM,LEVIATHAN,3,0,0.003000,0.200,0.200,11406844,4664,0,6848,6849,0,0,0,29430526,0,29390526,0,0.000000,0.000000,0.000000,6281,12467,3943.70,0,0,0,0,SUCCESS,0,2,,,,,,1,0,2750946,5209,,,used,,,,20260918-1922
2026-09-19 08:41:51,Pre-HAUSPM,LEVIATHAN,4,0,0.003000,0.200,0.200,14156241,5834,0,8930,8931,0,0,0,36239222,0,36197393,0,0.000000,0.000000,0.000000,6511,12869,1783.99,0,0,0,0,SUCCESS,0,2,,,,,,1,0,2749397,6865,,,used,,,,20260918-1922
2026-09-19 08:41:53,Pre-HAUSPM,LEVIATHAN,0,1,0.003000,0.200,0.200,2833171,1166,0,1203,1204,0,0,0,6955860,0,6928715,0,0.000000,0.000000,0.000000,4440,9305,3690.76,0,0,0,0,SUCCESS,0,2,,,,,,1,0,2833171,0,,,used,,,,20260918-1922
2026-09-19 08:41:57,Pre-HAUSPM,LEVIATHAN,1,1,0.003000,0.200,0.200,5742029,2332,0,3413,3414,0,0,0,15831737,0,15794775,0,0.000000,0.000000,0.000000,5965,11932,4978.42,0,0,0,0,SUCCESS,0,2,,,,,,1,0,2908858,1705,,,used,,,,20260918-1922
2026-09-19 08:42:03,Pre-HAUSPM,LEVIATHAN,2,1,0.003000,0.200,0.200,8655898,3498,1,5338,5339,0,0,0,24273190,0,24232801,0,0.000000,0.000000,0.000000,6387,12725,2572.65,0,0,0,0,SUCCESS,0,2,,,,,,1,0,2913869,3456,,,used,,,,20260918-1922
2026-09-19 08:42:10,Pre-HAUSPM,LEVIATHAN,3,1,0.003000,0.200,0.200,11406844,4664,0,6846,6847,0,0,0,29430526,0,29390526,0,0.000000,0.000000,0.000000,6281,12467,3935.79,0,0,0,0,SUCCESS,0,2,,,,,,1,0,2750946,5209,,,used,,,,20260918-1922
2026-09-19 08:42:19,Pre-HAUSPM,LEVIATHAN,4,1,0.003000,0.200,0.200,14156241,5834,0,8899,8900,0,0,0,36239222,0,36197393,0,0.000000,0.000000,0.000000,6511,12869,1656.05,0,0,0,0,SUCCESS,0,2,,,,,,1,0,2749397,6865,,,used,,,,20260918-1922
2026-09-19 08:42:21,Pre-HAUSPM,LEVIATHAN,0,2,0.003000,0.200,0.200,2833171,1166,0,1204,1205,0,0,0,6955860,0,6928715,0,0.000000,0.000000,0.000000,4440,9305,3690.68,0,0,0,0,SUCCESS,0,2,,,,,,1,0,2833171,0,,,used,,,,20260918-1922
2026-09-19 08:42:24,Pre-HAUSPM,LEVIATHAN,1,2,0.003000,0.200,0.200,5742029,2332,0,3234,3235,0,0,0,15831737,0,15794775,0,0.000000,0.000000,0.000000,5965,11932,2225.70,0,0,0,0,SUCCESS,0,2,,,,,,1,0,2908858,1705,,,used,,,,20260918-1922
2026-09-19 08:42:30,Pre-HAUSPM,LEVIATHAN,2,2,0.003000,0.200,0.200,8655898,3498,1,5342,5344,0,0,0,24273190,0,24232801,0,0.000000,0.000000,0.000000,6387,12725,2568.63,0,0,0,0,SUCCESS,0,2,,,,,,1,0,2913869,3456,,,used,,,,20260918-1922
2026-09-19 08:42:37,Pre-HAUSPM,LEVIATHAN,3,2,0.003000,0.200,0.200,11406844,4664,0,6829,6830,0,0,0,29430526,0,29390526,0,0.000000,0.000000,0.000000,6281,12467,3935.37,0,0,0,0,SUCCESS,0,2,,,,,,1,0,2750946,5209,,,used,,,,20260918-1922
2026-09-19 08:42:46,Pre-HAUSPM,LEVIATHAN,4,2,0.003000,0.200,0.200,14156241,5834,0,8883,8884,0,0,0,36239222,0,36197393,0,0.000000,0.000000,0.000000,6511,12869,1606.57,0,0,0,0,SUCCESS,0,2,,,,,,1,0,2749397,6865,,,used,,,,20260918-1922
,HAUSP-UB-L1,LEVIATHAN,0,0,0.003000,0.000,0.200,0,0,0,0,0,0,0,0,0,0,0,0,0.000000,0.000000,0.000000,0,0,0.00,0,0,0,0,OT,0,3,,,,,,,,,,,,used,,,,20260918-1922
,HAUSP-UB-L1,LEVIATHAN,1,0,0.003000,0.000,0.200,0,0,0,0,0,0,0,0,0,0,0,0,0.000000,0.000000,0.000000,0,0,0.00,0,0,0,0,SKIPPED,0,3,,,,,,,,,,,,used,,,,20260918-1922
,HAUSP-UB-L1,LEVIATHAN,2,0,0.003000,0.000,0.200,0,0,0,0,0,0,0,0,0,0,0,0,0.000000,0.000000,0.000000,0,0,0.00,0,0,0,0,SKIPPED,0,3,,,,,,,,,,,,used,,,,20260918-1922
,HAUSP-UB-L1,LEVIATHAN,3,0,0.003000,0.000,0.200,0,0,0,0,0,0,0,0,0,0,0,0,0.000000,0.000000,0.000000,0,0,0.00,0,0,0,0,SKIPPED,0,3,,,,,,,,,,,,used,,,,20260918-1922
,HAUSP-UB-L1,LEVIATHAN,4,0,0.003000,0.000,0.200,0,0,0,0,0,0,0,0,0,0,0,0,0.000000,0.000000,0.000000,0,0,0.00,0,0,0,0,SKIPPED,0,3,,,,,,,,,,,,used,,,,20260918-1922
2026-09-19 10:12:53,HAUSP-UB[noEUCS],LEVIATHAN,0,0,0.003000,0.000,0.200,2833171,1166,3,287,291,0,0,0,2369635,3333,2350982,1214,0.000000,0.363978,0.376474,4440,0,1403.75,2372374,2367666,4708,4038,SUCCESS,17202,4,,2160128,1192704,0,1136384,,,,,357,594,used,,,,20260918-1922
2026-09-19 10:12:54,HAUSP-UB[noEUCS],LEVIATHAN,1,0,0.003000,0.000,0.200,5742029,2332,3,743,747,0,0,0,4381765,5060,4356527,1637,0.000000,0.369428,0.382278,5965,0,1418.47,4382243,4380552,2361,5731,SUCCESS,23380,4,,5581056,2485664,0,5703040,,,,,323,544,used,,,,20260918-1922
2026-09-19 10:12:56,HAUSP-UB[noEUCS],LEVIATHAN,2,0,0.003000,0.000,0.200,8655898,3498,3,1275,1278,0,0,0,5564058,6468,5536430,1659,0.000000,0.371106,0.383258,6387,0,1445.45,5564258,5562851,2075,7137,SUCCESS,25753,4,,12963840,3784224,0,14546944,,,,,321,537,used,,,,20260918-1922
2026-09-19 10:12:58,HAUSP-UB[noEUCS],LEVIATHAN,3,0,0.003000,0.000,0.200,11406844,4664,3,1699,1703,0,0,0,6078888,7425,6051489,1738,0.000000,0.365936,0.378513,6281,0,1467.37,6078644,6077656,1657,8110,SUCCESS,25454,4,,17290240,5049280,0,28472704,,,,,325,532,used,,,,20260918-1922
2026-09-19 10:13:00,HAUSP-UB[noEUCS],LEVIATHAN,4,0,0.003000,0.000,0.200,14156241,5834,3,2179,2182,0,0,0,6599011,8336,6570516,1777,0.000000,0.366961,0.379732,6511,0,1495.63,6598678,6597758,1604,9025,SUCCESS,26495,4,,21978624,6312032,0,47054080,,,,,336,559,used,,,,20260918-1922
2026-09-19 10:13:01,HAUSP-UB[noEUCS],LEVIATHAN,0,1,0.003000,0.000,0.200,2833171,1166,2,273,275,0,0,0,2369635,3333,2350982,1214,0.000000,0.363978,0.376474,4440,0,1403.75,2372374,2367666,4708,4038,SUCCESS,17202,4,,2160128,1192704,0,1136384,,,,,357,594,used,,,,20260918-1922
2026-09-19 10:13:02,HAUSP-UB[noEUCS],LEVIATHAN,1,1,0.003000,0.000,0.200,5742029,2332,2,744,747,0,0,0,4381765,5060,4356527,1637,0.000000,0.369428,0.382278,5965,0,1418.47,4382243,4380552,2361,5731,SUCCESS,23380,4,,5581056,2485664,0,5703040,,,,,323,544,used,,,,20260918-1922
2026-09-19 10:13:04,HAUSP-UB[noEUCS],LEVIATHAN,2,1,0.003000,0.000,0.200,8655898,3498,3,1263,1266,0,0,0,5564058,6468,5536430,1659,0.000000,0.371106,0.383258,6387,0,1445.45,5564258,5562851,2075,7137,SUCCESS,25753,4,,12963840,3784224,0,14546944,,,,,321,537,used,,,,20260918-1922
2026-09-19 10:13:06,HAUSP-UB[noEUCS],LEVIATHAN,3,1,0.003000,0.000,0.200,11406844,4664,3,1687,1691,0,0,0,6078888,7425,6051489,1738,0.000000,0.365936,0.378513,6281,0,1467.37,6078644,6077656,1657,8110,SUCCESS,25454,4,,17290240,5049280,0,28472704,,,,,325,532,used,,,,20260918-1922
2026-09-19 10:13:08,HAUSP-UB[noEUCS],LEVIATHAN,4,1,0.003000,0.000,0.200,14156241,5834,3,2137,2140,0,0,0,6599011,8336,6570516,1777,0.000000,0.366961,0.379732,6511,0,1495.63,6598678,6597758,1604,9025,SUCCESS,26495,4,,21978624,6312032,0,47054080,,,,,336,559,used,,,,20260918-1922
2026-09-19 10:13:09,HAUSP-UB[noEUCS],LEVIATHAN,0,2,0.003000,0.000,0.200,2833171,1166,2,267,270,0,0,0,2369635,3333,2350982,1214,0.000000,0.363978,0.376474,4440,0,1403.75,2372374,2367666,4708,4038,SUCCESS,17202,4,,2160128,1192704,0,1136384,,,,,357,594,used,,,,20260918-1922
2026-09-19 10:13:10,HAUSP-UB[noEUCS],LEVIATHAN,1,2,0.003000,0.000,0.200,5742029,2332,2,753,756,0,0,0,4381765,5060,4356527,1637,0.000000,0.369428,0.382278,5965,0,1418.47,4382243,4380552,2361,5731,SUCCESS,23380,4,,5581056,2485664,0,5703040,,,,,323,544,used,,,,20260918-1922
2026-09-19 10:13:12,HAUSP-UB[noEUCS],LEVIATHAN,2,2,0.003000,0.000,0.200,8655898,3498,3,1253,1256,0,0,0,5564058,6468,5536430,1659,0.000000,0.371106,0.383258,6387,0,1445.45,5564258,5562851,2075,7137,SUCCESS,25753,4,,12963840,3784224,0,14546944,,,,,321,537,used,,,,20260918-1922
2026-09-19 10:13:14,HAUSP-UB[noEUCS],LEVIATHAN,3,2,0.003000,0.000,0.200,11406844,4664,3,1654,1657,0,0,0,6078888,7425,6051489,1738,0.000000,0.365936,0.378513,6281,0,1467.37,6078644,6077656,1657,8110,SUCCESS,25454,4,,17290240,5049280,0,28472704,,,,,325,532,used,,,,20260918-1922
2026-09-19 10:13:16,HAUSP-UB[noEUCS],LEVIATHAN,4,2,0.003000,0.000,0.200,14156241,5834,3,2146,2149,0,0,0,6599011,8336,6570516,1777,0.000000,0.366961,0.379732,6511,0,1495.63,6598678,6597758,1604,9025,SUCCESS,26495,4,,21978624,6312032,0,47054080,,,,,336,559,used,,,,20260918-1922
2026-09-19 10:13:37,EHAUSM-R,SIGN,0,0,0.003000,0.000,0.200,319686,146,10,20384,20395,0,0,0,106349081,0,104965619,0,0.287385,0.000000,0.000000,23387,0,2981.02,0,0,0,0,SUCCESS,0,0,,,,,,,,,,,,used,,,,20260918-1922
2026-09-19 10:14:03,EHAUSM-R,SIGN,1,0,0.003000,0.000,0.200,642036,292,3,25897,25901,0,0,0,102988598,3,102048966,0,0.294609,0.000000,0.000000,17303,0,1941.31,0,0,0,0,SUCCESS,0,0,,,,,,,,,,,,used,,,,20260918-1922
2026-09-19 10:14:30,EHAUSM-R,SIGN,2,0,0.003000,0.000,0.200,955150,438,2,26020,26022,0,0,0,85023548,12,84336199,0,0.293927,0.000000,0.000000,14594,0,3205.92,0,0,0,0,SUCCESS,0,0,,,,,,,,,,,,used,,,,20260918-1922
2026-09-19 10:14:59,EHAUSM-R,SIGN,3,0,0.003000,0.000,0.200,1316615,584,3,28565,28569,0,0,0,84148511,14,83536343,0,0.284258,0.000000,0.000000,12887,0,2982.28,0,0,0,0,SUCCESS,0,0,,,,,,,,,,,,used,,,,20260918-1922
2026-09-19 10:15:32,EHAUSM-R,SIGN,4,0,0.003000,0.000,0.200,1668652,730,3,32819,32822,0,0,0,87193705,18,86599818,0,0.284660,0.000000,0.000000,12666,0,2566.66,0,0,0,0,SUCCESS,0,0,,,,,,,,,,,,used,,,,20260918-1922
2026-09-19 10:15:53,EHAUSM-R,SIGN,0,1,0.003000,0.000,0.200,319686,146,0,20165,20166,0,0,0,106349081,0,104965619,0,0.287385,0.000000,0.000000,23387,0,5101.07,0,0,0,0,SUCCESS,0,0,,,,,,,,,,,,used,,,,20260918-1922
2026-09-19 10:16:19,EHAUSM-R,SIGN,1,1,0.003000,0.000,0.200,642036,292,1,25879,25880,0,0,0,102988598,3,102048966,0,0.294609,0.000000,0.000000,17303,0,2277.79,0,0,0,0,SUCCESS,0,0,,,,,,,,,,,,used,,,,20260918-1922
2026-09-19 10:16:45,EHAUSM-R,SIGN,2,1,0.003000,0.000,0.200,955150,438,2,26043,26045,0,0,0,85023548,12,84336199,0,0.293927,0.000000,0.000000,14594,0,3301.89,0,0,0,0,SUCCESS,0,0,,,,,,,,,,,,used,,,,20260918-1922
2026-09-19 10:17:14,EHAUSM-R,SIGN,3,1,0.003000,0.000,0.200,1316615,584,2,28486,28488,0,0,0,84148511,14,83536343,0,0.284258,0.000000,0.000000,12887,0,3078.30,0,0,0,0,SUCCESS,0,0,,,,,,,,,,,,used,,,,20260918-1922
2026-09-19 10:17:47,EHAUSM-R,SIGN,4,1,0.003000,0.000,0.200,1668652,730,3,32811,32814,0,0,0,87193705,18,86599818,0,0.284660,0.000000,0.000000,12666,0,2758.46,0,0,0,0,SUCCESS,0,0,,,,,,,,,,,,used,,,,20260918-1922
2026-09-19 10:18:08,EHAUSM-R,SIGN,0,2,0.003000,0.000,0.200,319686,146,0,20155,20156,0,0,0,106349081,0,104965619,0,0.287385,0.000000,0.000000,23387,0,7533.09,0,0,0,0,SUCCESS,0,0,,,,,,,,,,,,used,,,,20260918-1922
2026-09-19 10:18:34,EHAUSM-R,SIGN,1,2,0.003000,0.000,0.200,642036,292,1,25821,25823,0,0,0,102988598,3,102048966,0,0.294609,0.000000,0.000000,17303,0,2277.66,0,0,0,0,SUCCESS,0,0,,,,,,,,,,,,used,,,,20260918-1922
2026-09-19 10:19:00,EHAUSM-R,SIGN,2,2,0.003000,0.000,0.200,955150,438,2,26026,26028,0,0,0,85023548,12,84336199,0,0.293927,0.000000,0.000000,14594,0,3301.87,0,0,0,0,SUCCESS,0,0,,,,,,,,,,,,used,,,,20260918-1922
2026-09-19 10:19:29,EHAUSM-R,SIGN,3,2,0.003000,0.000,0.200,1316615,584,2,28525,28528,0,0,0,84148511,14,83536343,0,0.284258,0.000000,0.000000,12887,0,3078.24,0,0,0,0,SUCCESS,0,0,,,,,,,,,,,,used,,,,20260918-1922
2026-09-19 10:20:02,EHAUSM-R,SIGN,4,2,0.003000,0.000,0.200,1668652,730,3,32789,32793,0,0,0,87193705,18,86599818,0,0.284660,0.000000,0.000000,12666,0,2758.44,0,0,0,0,SUCCESS,0,0,,,,,,,,,,,,used,,,,20260918-1922
2026-09-19 10:20:31,EHAUSM-I,SIGN,0,0,0.003000,0.000,0.200,319686,146,7,27838,27845,0,0,0,106349081,0,104965619,0,0.455007,0.000000,0.000000,23387,0,8126.24,0,0,0,0,SUCCESS,0,1,,,,,,,,,,,,used,,,,20260918-1922
2026-09-19 10:21:05,EHAUSM-I,SIGN,1,0,0.003000,0.000,0.200,642036,292,2,31915,31917,0,0,0,73317874,3,72378242,0,0.451535,0.000000,0.000000,17303,0,12428.80,0,0,0,0,SUCCESS,0,1,,,,,,,,,,,,used,,,,20260918-1922
2026-09-19 10:21:33,EHAUSM-I,SIGN,2,0,0.003000,0.000,0.200,955150,438,1,27422,27424,0,0,0,44231397,12,43544048,0,0.436332,0.000000,0.000000,14594,0,10335.69,0,0,0,0,SUCCESS,0,1,,,,,,,,,,,,used,,,,20260918-1922
2026-09-19 10:22:04,EHAUSM-I,SIGN,3,0,0.003000,0.000,0.200,1316615,584,1,30094,30096,0,0,0,43765007,14,43152839,0,0.434715,0.000000,0.000000,12887,0,4621.33,0,0,0,0,SUCCESS,0,1,,,,,,,,,,,,used,,,,20260918-1922
2026-09-19 10:22:40,EHAUSM-I,SIGN,4,0,0.003000,0.000,0.200,1668652,730,1,35479,35480,0,0,0,45117749,18,44523862,0,0.411298,0.000000,0.000000,12666,0,8710.38,0,0,0,0,SUCCESS,0,1,,,,,,,,,,,,used,,,,20260918-1922
2026-09-19 10:23:09,EHAUSM-I,SIGN,0,1,0.003000,0.000,0.200,319686,146,1,27573,27574,0,0,0,106349081,0,104965619,0,0.455007,0.000000,0.000000,23387,0,4965.91,0,0,0,0,SUCCESS,0,1,,,,,,,,,,,,used,,,,20260918-1922
2026-09-19 10:23:41,EHAUSM-I,SIGN,1,1,0.003000,0.000,0.200,642036,292,1,30898,30900,0,0,0,73317874,3,72378242,0,0.451535,0.000000,0.000000,17303,0,10949.57,0,0,0,0,SUCCESS,0,1,,,,,,,,,,,,used,,,,20260918-1922
2026-09-19 10:24:09,EHAUSM-I,SIGN,2,1,0.003000,0.000,0.200,955150,438,1,27275,27277,0,0,0,44231397,12,43544048,0,0.436332,0.000000,0.000000,14594,0,10630.05,0,0,0,0,SUCCESS,0,1,,,,,,,,,,,,used,,,,20260918-1922
2026-09-19 10:24:40,EHAUSM-I,SIGN,3,1,0.003000,0.000,0.200,1316615,584,1,30071,30072,0,0,0,43765007,14,43152839,0,0.434715,0.000000,0.000000,12887,0,4572.12,0,0,0,0,SUCCESS,0,1,,,,,,,,,,,,used,,,,20260918-1922
2026-09-19 10:25:16,EHAUSM-I,SIGN,4,1,0.003000,0.000,0.200,1668652,730,1,35388,35389,0,0,0,45117749,18,44523862,0,0.411298,0.000000,0.000000,12666,0,5375.27,0,0,0,0,SUCCESS,0,1,,,,,,,,,,,,used,,,,20260918-1922
2026-09-19 10:25:45,EHAUSM-I,SIGN,0,2,0.003000,0.000,0.200,319686,146,0,27734,27735,0,0,0,106349081,0,104965619,0,0.455007,0.000000,0.000000,23387,0,7646.51,0,0,0,0,SUCCESS,0,1,,,,,,,,,,,,used,,,,20260918-1922
2026-09-19 10:26:17,EHAUSM-I,SIGN,1,2,0.003000,0.000,0.200,642036,292,1,30988,30990,0,0,0,73317874,3,72378242,0,0.451535,0.000000,0.000000,17303,0,10897.27,0,0,0,0,SUCCESS,0,1,,,,,,,,,,,,used,,,,20260918-1922
2026-09-19 10:26:45,EHAUSM-I,SIGN,2,2,0.003000,0.000,0.200,955150,438,1,27105,27106,0,0,0,44231397,12,43544048,0,0.436332,0.000000,0.000000,14594,0,7102.85,0,0,0,0,SUCCESS,0,1,,,,,,,,,,,,used,,,,20260918-1922
2026-09-19 10:27:16,EHAUSM-I,SIGN,3,2,0.003000,0.000,0.200,1316615,584,1,30443,30444,0,0,0,43765007,14,43152839,0,0.434715,0.000000,0.000000,12887,0,5111.15,0,0,0,0,SUCCESS,0,1,,,,,,,,,,,,used,,,,20260918-1922
2026-09-19 10:27:53,EHAUSM-I,SIGN,4,2,0.003000,0.000,0.200,1668652,730,1,35556,35557,0,0,0,45117749,18,44523862,0,0.411298,0.000000,0.000000,12666,0,11950.77,0,0,0,0,SUCCESS,0,1,,,,,,,,,,,,used,,,,20260918-1922
2026-09-19 10:28:27,Pre-HAUSPM,SIGN,0,0,0.003000,0.200,0.200,319686,146,2,33001,33003,0,0,0,192985412,0,190160260,0,0.000000,0.000000,0.000000,23387,58493,2010.64,0,0,0,0,SUCCESS,0,2,,,,,,1,0,319686,0,,,used,,,,20260918-1922
2026-09-19 10:29:04,Pre-HAUSPM,SIGN,1,0,0.003000,0.200,0.200,642036,292,0,36999,36999,0,0,0,178595999,0,176874177,0,0.000000,0.000000,0.000000,17303,38742,2076.27,0,0,0,0,SUCCESS,0,2,,,,,,1,0,322350,192,,,used,,,,20260918-1922
2026-09-19 10:29:39,Pre-HAUSPM,SIGN,2,0,0.003000,0.200,0.200,955150,438,0,35256,35257,0,0,0,146923477,0,145710067,0,0.000000,0.000000,0.000000,14594,32717,1750.97,0,0,0,0,SUCCESS,0,2,,,,,,1,0,313114,386,,,used,,,,20260918-1922
2026-09-19 10:30:18,Pre-HAUSPM,SIGN,3,0,0.003000,0.200,0.200,1316615,584,0,37864,37864,0,0,0,146118210,0,145052421,0,0.000000,0.000000,0.000000,12887,28983,1439.26,0,0,0,0,SUCCESS,0,2,,,,,,1,0,361465,575,,,used,,,,20260918-1922
2026-09-19 10:31:02,Pre-HAUSPM,SIGN,4,0,0.003000,0.200,0.200,1668652,730,0,43778,43778,0,0,0,152049944,0,151023735,0,0.000000,0.000000,0.000000,12666,28413,2267.03,0,0,0,0,SUCCESS,0,2,,,,,,1,0,352037,792,,,used,,,,20260918-1922
2026-09-19 10:31:35,Pre-HAUSPM,SIGN,0,1,0.003000,0.200,0.200,319686,146,0,32937,32937,0,0,0,192985412,0,190160260,0,0.000000,0.000000,0.000000,23387,58493,5420.58,0,0,0,0,SUCCESS,0,2,,,,,,1,0,319686,0,,,used,,,,20260918-1922
2026-09-19 10:32:13,Pre-HAUSPM,SIGN,1,1,0.003000,0.200,0.200,642036,292,0,36877,36878,0,0,0,178595999,0,176874177,0,0.000000,0.000000,0.000000,17303,38742,3288.04,0,0,0,0,SUCCESS,0,2,,,,,,1,0,322350,192,,,used,,,,20260918-1922
2026-09-19 10:32:48,Pre-HAUSPM,SIGN,2,1,0.003000,0.200,0.200,955150,438,0,35262,35263,0,0,0,146923477,0,145710067,0,0.000000,0.000000,0.000000,14594,32717,2370.70,0,0,0,0,SUCCESS,0,2,,,,,,1,0,313114,386,,,used,,,,20260918-1922
2026-09-19 10:33:27,Pre-HAUSPM,SIGN,3,1,0.003000,0.200,0.200,1316615,584,0,37899,37899,0,0,0,146118210,0,145052421,0,0.000000,0.000000,0.000000,12887,28983,1827.88,0,0,0,0,SUCCESS,0,2,,,,,,1,0,361465,575,,,used,,,,20260918-1922
2026-09-19 10:34:11,Pre-HAUSPM,SIGN,4,1,0.003000,0.200,0.200,1668652,730,0,44361,44362,0,0,0,152049944,0,151023735,0,0.000000,0.000000,0.000000,12666,28413,6187.68,0,0,0,0,SUCCESS,0,2,,,,,,1,0,352037,792,,,used,,,,20260918-1922
2026-09-19 10:34:45,Pre-HAUSPM,SIGN,0,2,0.003000,0.200,0.200,319686,146,0,32986,32987,0,0,0,192985412,0,190160260,0,0.000000,0.000000,0.000000,23387,58493,4380.41,0,0,0,0,SUCCESS,0,2,,,,,,1,0,319686,0,,,used,,,,20260918-1922
2026-09-19 10:35:22,Pre-HAUSPM,SIGN,1,2,0.003000,0.200,0.200,642036,292,0,36972,36972,0,0,0,178595999,0,176874177,0,0.000000,0.000000,0.000000,17303,38742,3003.98,0,0,0,0,SUCCESS,0,2,,,,,,1,0,322350,192,,,used,,,,20260918-1922
2026-09-19 10:35:58,Pre-HAUSPM,SIGN,2,2,0.003000,0.200,0.200,955150,438,0,35281,35282,0,0,0,146923477,0,145710067,0,0.000000,0.000000,0.000000,14594,32717,2192.54,0,0,0,0,SUCCESS,0,2,,,,,,1,0,313114,386,,,used,,,,20260918-1922
2026-09-19 10:36:36,Pre-HAUSPM,SIGN,3,2,0.003000,0.200,0.200,1316615,584,0,37934,37934,0,0,0,146118210,0,145052421,0,0.000000,0.000000,0.000000,12887,28983,3539.25,0,0,0,0,SUCCESS,0,2,,,,,,1,0,361465,575,,,used,,,,20260918-1922
2026-09-19 10:37:21,Pre-HAUSPM,SIGN,4,2,0.003000,0.200,0.200,1668652,730,0,44287,44287,0,0,0,152049944,0,151023735,0,0.000000,0.000000,0.000000,12666,28413,1835.69,0,0,0,0,SUCCESS,0,2,,,,,,1,0,352037,792,,,used,,,,20260918-1922
,HAUSP-UB-L1,SIGN,0,0,0.003000,0.000,0.200,0,0,0,0,0,0,0,0,0,0,0,0,0.000000,0.000000,0.000000,0,0,0.00,0,0,0,0,OT,0,3,,,,,,,,,,,,used,,,,20260918-1922
,HAUSP-UB-L1,SIGN,1,0,0.003000,0.000,0.200,0,0,0,0,0,0,0,0,0,0,0,0,0.000000,0.000000,0.000000,0,0,0.00,0,0,0,0,SKIPPED,0,3,,,,,,,,,,,,used,,,,20260918-1922
,HAUSP-UB-L1,SIGN,2,0,0.003000,0.000,0.200,0,0,0,0,0,0,0,0,0,0,0,0,0.000000,0.000000,0.000000,0,0,0.00,0,0,0,0,SKIPPED,0,3,,,,,,,,,,,,used,,,,20260918-1922
,HAUSP-UB-L1,SIGN,3,0,0.003000,0.000,0.200,0,0,0,0,0,0,0,0,0,0,0,0,0.000000,0.000000,0.000000,0,0,0.00,0,0,0,0,SKIPPED,0,3,,,,,,,,,,,,used,,,,20260918-1922
,HAUSP-UB-L1,SIGN,4,0,0.003000,0.000,0.200,0,0,0,0,0,0,0,0,0,0,0,0,0.000000,0.000000,0.000000,0,0,0.00,0,0,0,0,SKIPPED,0,3,,,,,,,,,,,,used,,,,20260918-1922
2026-09-19 12:07:33,HAUSP-UB[noEUCS],SIGN,0,0,0.003000,0.000,0.200,319686,146,0,5373,5373,0,0,0,106349081,2,104965474,143,0.000000,0.178773,0.178783,23387,0,1494.34,106349081,106348144,937,217,SUCCESS,1383605,4,,1095168,242848,0,179968,,,,,143,2,used,,,,20260918-1922
2026-09-19 12:07:41,HAUSP-UB[noEUCS],SIGN,1,0,0.003000,0.000,0.200,642036,292,0,7531,7532,0,0,0,102988598,22,102048886,61,0.000000,0.181681,0.181697,17303,0,1488.11,102988384,102988316,788,246,SUCCESS,939693,4,,1771520,486720,0,400768,,,,,61,19,used,,,,20260918-1922
2026-09-19 12:07:49,HAUSP-UB[noEUCS],SIGN,2,0,0.003000,0.000,0.200,955150,438,0,7831,7832,0,0,0,85023548,33,84336125,53,0.000000,0.184860,0.184882,14594,0,1489.63,85023314,85023311,762,255,SUCCESS,687402,4,,3078144,721888,0,577536,,,,,53,21,used,,,,20260918-1922
2026-09-19 12:07:58,HAUSP-UB[noEUCS],SIGN,3,0,0.003000,0.000,0.200,1316615,584,0,8937,8938,0,0,0,84148511,30,83536262,65,0.000000,0.177132,0.177159,12887,0,1491.01,84148270,84148270,749,267,SUCCESS,612233,4,,3998720,963200,0,819072,,,,,65,16,used,,,,20260918-1922
2026-09-19 12:08:09,HAUSP-UB[noEUCS],SIGN,4,0,0.003000,0.000,0.200,1668652,730,0,10849,10849,0,0,0,87193705,32,86599744,60,0.000000,0.176058,0.176085,12666,0,1492.38,87193456,87193443,754,267,SUCCESS,593947,4,,5329920,1214656,0,1015808,,,,,60,14,used,,,,20260918-1922
2026-09-19 12:08:15,HAUSP-UB[noEUCS],SIGN,0,1,0.003000,0.000,0.200,319686,146,0,5411,5412,0,0,0,106349081,2,104965474,143,0.000000,0.178773,0.178783,23387,0,1494.34,106349081,106348144,937,217,SUCCESS,1383605,4,,1094144,242848,0,179968,,,,,143,2,used,,,,20260918-1922
2026-09-19 12:08:23,HAUSP-UB[noEUCS],SIGN,1,1,0.003000,0.000,0.200,642036,292,0,7509,7510,0,0,0,102988598,22,102048886,61,0.000000,0.181681,0.181697,17303,0,1488.11,102988384,102988316,788,246,SUCCESS,939693,4,,1771520,486720,0,400768,,,,,61,19,used,,,,20260918-1922
2026-09-19 12:08:31,HAUSP-UB[noEUCS],SIGN,2,1,0.003000,0.000,0.200,955150,438,0,7901,7902,0,0,0,85023548,33,84336125,53,0.000000,0.184860,0.184882,14594,0,1489.63,85023314,85023311,762,255,SUCCESS,687402,4,,3078144,721888,0,577536,,,,,53,21,used,,,,20260918-1922
2026-09-19 12:08:40,HAUSP-UB[noEUCS],SIGN,3,1,0.003000,0.000,0.200,1316615,584,0,9010,9010,0,0,0,84148511,30,83536262,65,0.000000,0.177132,0.177159,12887,0,1491.01,84148270,84148270,749,267,SUCCESS,612233,4,,3998720,963200,0,819072,,,,,65,16,used,,,,20260918-1922
2026-09-19 12:08:51,HAUSP-UB[noEUCS],SIGN,4,1,0.003000,0.000,0.200,1668652,730,0,10864,10864,0,0,0,87193705,32,86599744,60,0.000000,0.176058,0.176085,12666,0,1492.38,87193456,87193443,754,267,SUCCESS,593947,4,,5329920,1214656,0,1015808,,,,,60,14,used,,,,20260918-1922
2026-09-19 12:08:58,HAUSP-UB[noEUCS],SIGN,0,2,0.003000,0.000,0.200,319686,146,0,5378,5379,0,0,0,106349081,2,104965474,143,0.000000,0.178773,0.178783,23387,0,1494.34,106349081,106348144,937,217,SUCCESS,1383605,4,,1095168,242848,0,179968,,,,,143,2,used,,,,20260918-1922
2026-09-19 12:09:05,HAUSP-UB[noEUCS],SIGN,1,2,0.003000,0.000,0.200,642036,292,0,7497,7498,0,0,0,102988598,22,102048886,61,0.000000,0.181681,0.181697,17303,0,1488.11,102988384,102988316,788,246,SUCCESS,939693,4,,1771520,486720,0,400768,,,,,61,19,used,,,,20260918-1922
2026-09-19 12:09:13,HAUSP-UB[noEUCS],SIGN,2,2,0.003000,0.000,0.200,955150,438,0,7823,7823,0,0,0,85023548,33,84336125,53,0.000000,0.184860,0.184882,14594,0,1489.63,85023314,85023311,762,255,SUCCESS,687402,4,,3078144,721888,0,577536,,,,,53,21,used,,,,20260918-1922
2026-09-19 12:09:23,HAUSP-UB[noEUCS],SIGN,3,2,0.003000,0.000,0.200,1316615,584,0,8963,8964,0,0,0,84148511,30,83536262,65,0.000000,0.177132,0.177159,12887,0,1491.01,84148270,84148270,749,267,SUCCESS,612233,4,,3998720,963200,0,819072,,,,,65,16,used,,,,20260918-1922
2026-09-19 12:09:34,HAUSP-UB[noEUCS],SIGN,4,2,0.003000,0.000,0.200,1668652,730,0,10843,10843,0,0,0,87193705,32,86599744,60,0.000000,0.176058,0.176085,12666,0,1492.38,87193456,87193443,754,267,SUCCESS,593947,4,,5329920,1214656,0,1015808,,,,,60,14,used,,,,20260918-1922
2026-09-19 12:09:36,EHAUSM-R,C8T1S5I8N5K,0,0,0.000200,0.000,0.200,9488004,9426,126,1044,1171,0,0,0,4135232,15686,3992155,0,0.308031,0.000000,0.000000,6078,0,3522.06,0,0,0,0,SUCCESS,0,0,,,,,,,,,,,,used,,,,20260918-1922
2026-09-19 12:09:37,EHAUSM-R,C8T1S5I8N5K,1,0,0.000200,0.000,0.200,18951306,18852,38,973,1012,0,0,0,3362678,23506,3264598,0,0.318953,0.000000,0.000000,4680,0,3162.61,0,0,0,0,SUCCESS,0,0,,,,,,,,,,,,used,,,,20260918-1922
2026-09-19 12:09:39,EHAUSM-R,C8T1S5I8N5K,2,0,0.000200,0.000,0.200,28544670,28278,58,1261,1319,0,0,0,3274060,27246,3185156,0,0.304781,0.000000,0.000000,3088,0,3287.81,0,0,0,0,SUCCESS,0,0,,,,,,,,,,,,used,,,,20260918-1922
2026-09-19 12:09:41,EHAUSM-R,C8T1S5I8N5K,3,0,0.000200,0.000,0.200,38016389,37704,69,1434,1504,0,0,0,2977067,29682,2896039,0,0.296094,0.000000,0.000000,2428,0,3333.63,0,0,0,0,SUCCESS,0,0,,,,,,,,,,,,used,,,,20260918-1922
2026-09-19 12:09:43,EHAUSM-R,C8T1S5I8N5K,4,0,0.000200,0.000,0.200,47416411,47132,88,1767,1856,0,0,0,3020056,30941,2941503,0,0.297580,0.000000,0.000000,2623,0,3634.93,0,0,0,0,SUCCESS,0,0,,,,,,,,,,,,used,,,,20260918-1922
2026-09-19 12:09:44,EHAUSM-R,C8T1S5I8N5K,0,1,0.000200,0.000,0.200,9488004,9426,32,888,920,0,0,0,4135232,15686,3992155,0,0.308031,0.000000,0.000000,6078,0,3562.66,0,0,0,0,SUCCESS,0,0,,,,,,,,,,,,used,,,,20260918-1922
2026-09-19 12:09:46,EHAUSM-R,C8T1S5I8N5K,1,1,0.000200,0.000,0.200,18951306,18852,40,1037,1078,0,0,0,3362678,23506,3264598,0,0.318953,0.000000,0.000000,4680,0,3162.61,0,0,0,0,SUCCESS,0,0,,,,,,,,,,,,used,,,,20260918-1922
2026-09-19 12:09:47,EHAUSM-R,C8T1S5I8N5K,2,1,0.000200,0.000,0.200,28544670,28278,56,1263,1319,0,0,0,3274060,27246,3185156,0,0.304781,0.000000,0.000000,3088,0,3287.81,0,0,0,0,SUCCESS,0,0,,,,,,,,,,,,used,,,,20260918-1922
2026-09-19 12:09:49,EHAUSM-R,C8T1S5I8N5K,3,1,0.000200,0.000,0.200,38016389,37704,68,1445,1514,0,0,0,2977067,29682,2896039,0,0.296094,0.000000,0.000000,2428,0,3333.63,0,0,0,0,SUCCESS,0,0,,,,,,,,,,,,used,,,,20260918-1922
2026-09-19 12:09:51,EHAUSM-R,C8T1S5I8N5K,4,1,0.000200,0.000,0.200,47416411,47132,83,1765,1848,0,0,0,3020056,30941,2941503,0,0.297580,0.000000,0.000000,2623,0,3634.62,0,0,0,0,SUCCESS,0,0,,,,,,,,,,,,used,,,,20260918-1922
2026-09-19 12:09:53,EHAUSM-R,C8T1S5I8N5K,0,2,0.000200,0.000,0.200,9488004,9426,27,758,786,0,0,0,4135232,15686,3992155,0,0.308031,0.000000,0.000000,6078,0,3562.65,0,0,0,0,SUCCESS,0,0,,,,,,,,,,,,used,,,,20260918-1922
2026-09-19 12:09:54,EHAUSM-R,C8T1S5I8N5K,1,2,0.000200,0.000,0.200,18951306,18852,38,975,1014,0,0,0,3362678,23506,3264598,0,0.318953,0.000000,0.000000,4680,0,3162.61,0,0,0,0,SUCCESS,0,0,,,,,,,,,,,,used,,,,20260918-1922
2026-09-19 12:09:56,EHAUSM-R,C8T1S5I8N5K,2,2,0.000200,0.000,0.200,28544670,28278,53,1263,1317,0,0,0,3274060,27246,3185156,0,0.304781,0.000000,0.000000,3088,0,3287.81,0,0,0,0,SUCCESS,0,0,,,,,,,,,,,,used,,,,20260918-1922
2026-09-19 12:09:57,EHAUSM-R,C8T1S5I8N5K,3,2,0.000200,0.000,0.200,38016389,37704,68,1450,1518,0,0,0,2977067,29682,2896039,0,0.296094,0.000000,0.000000,2428,0,3333.63,0,0,0,0,SUCCESS,0,0,,,,,,,,,,,,used,,,,20260918-1922
2026-09-19 12:09:59,EHAUSM-R,C8T1S5I8N5K,4,2,0.000200,0.000,0.200,47416411,47132,83,1731,1814,0,0,0,3020056,30941,2941503,0,0.297580,0.000000,0.000000,2623,0,3634.62,0,0,0,0,SUCCESS,0,0,,,,,,,,,,,,used,,,,20260918-1922
2026-09-19 12:10:02,EHAUSM-I,C8T1S5I8N5K,0,0,0.000200,0.000,0.200,9488004,9426,226,1188,1415,0,0,0,4135232,15686,3992155,0,0.468141,0.000000,0.000000,6078,0,3061.46,0,0,0,0,SUCCESS,0,1,,,,,,,,,,,,used,,,,20260918-1922
2026-09-19 12:10:03,EHAUSM-I,C8T1S5I8N5K,1,0,0.000200,0.000,0.200,18951306,18852,34,1335,1370,0,0,0,2897595,23506,2799515,0,0.465351,0.000000,0.000000,4680,0,2536.80,0,0,0,0,SUCCESS,0,1,,,,,,,,,,,,used,,,,20260918-1922
2026-09-19 12:10:05,EHAUSM-I,C8T1S5I8N5K,2,0,0.000200,0.000,0.200,28544670,28278,50,1497,1548,0,0,0,2568198,27246,2479294,0,0.444687,0.000000,0.000000,3088,0,2105.31,0,0,0,0,SUCCESS,0,1,,,,,,,,,,,,used,,,,20260918-1922
2026-09-19 12:10:07,EHAUSM-I,C8T1S5I8N5K,3,0,0.000200,0.000,0.200,38016389,37704,53,1590,1644,0,0,0,1943701,29682,1862673,0,0.427942,0.000000,0.000000,2428,0,4222.84,0,0,0,0,SUCCESS,0,1,,,,,,,,,,,,used,,,,20260918-1922
2026-09-19 12:10:09,EHAUSM-I,C8T1S5I8N5K,4,0,0.000200,0.000,0.200,47416411,47132,58,1890,1949,0,0,0,2031333,30941,1952780,0,0.432510,0.000000,0.000000,2623,0,2185.90,0,0,0,0,SUCCESS,0,1,,,,,,,,,,,,used,,,,20260918-1922
2026-09-19 12:10:11,EHAUSM-I,C8T1S5I8N5K,0,1,0.000200,0.000,0.200,9488004,9426,53,1126,1180,0,0,0,4135232,15686,3992155,0,0.468141,0.000000,0.000000,6078,0,2961.32,0,0,0,0,SUCCESS,0,1,,,,,,,,,,,,used,,,,20260918-1922
2026-09-19 12:10:13,EHAUSM-I,C8T1S5I8N5K,1,1,0.000200,0.000,0.200,18951306,18852,41,1231,1272,0,0,0,2897595,23506,2799515,0,0.465351,0.000000,0.000000,4680,0,4478.40,0,0,0,0,SUCCESS,0,1,,,,,,,,,,,,used,,,,20260918-1922
2026-09-19 12:10:15,EHAUSM-I,C8T1S5I8N5K,2,1,0.000200,0.000,0.200,28544670,28278,44,1448,1492,0,0,0,2568198,27246,2479294,0,0.444687,0.000000,0.000000,3088,0,4443.80,0,0,0,0,SUCCESS,0,1,,,,,,,,,,,,used,,,,20260918-1922
2026-09-19 12:10:17,EHAUSM-I,C8T1S5I8N5K,3,1,0.000200,0.000,0.200,38016389,37704,50,1570,1621,0,0,0,1943701,29682,1862673,0,0.427942,0.000000,0.000000,2428,0,4222.83,0,0,0,0,SUCCESS,0,1,,,,,,,,,,,,used,,,,20260918-1922
2026-09-19 12:10:19,EHAUSM-I,C8T1S5I8N5K,4,1,0.000200,0.000,0.200,47416411,47132,55,1883,1938,0,0,0,2031333,30941,1952780,0,0.432510,0.000000,0.000000,2623,0,2106.03,0,0,0,0,SUCCESS,0,1,,,,,,,,,,,,used,,,,20260918-1922
2026-09-19 12:10:21,EHAUSM-I,C8T1S5I8N5K,0,2,0.000200,0.000,0.200,9488004,9426,57,1123,1181,0,0,0,4135232,15686,3992155,0,0.468141,0.000000,0.000000,6078,0,2961.14,0,0,0,0,SUCCESS,0,1,,,,,,,,,,,,used,,,,20260918-1922
2026-09-19 12:10:22,EHAUSM-I,C8T1S5I8N5K,1,2,0.000200,0.000,0.200,18951306,18852,38,1226,1265,0,0,0,2897595,23506,2799515,0,0.465351,0.000000,0.000000,4680,0,4478.40,0,0,0,0,SUCCESS,0,1,,,,,,,,,,,,used,,,,20260918-1922
2026-09-19 12:10:24,EHAUSM-I,C8T1S5I8N5K,2,2,0.000200,0.000,0.200,28544670,28278,42,1414,1457,0,0,0,2568198,27246,2479294,0,0.444687,0.000000,0.000000,3088,0,4443.80,0,0,0,0,SUCCESS,0,1,,,,,,,,,,,,used,,,,20260918-1922
2026-09-19 12:10:26,EHAUSM-I,C8T1S5I8N5K,3,2,0.000200,0.000,0.200,38016389,37704,50,1546,1597,0,0,0,1943701,29682,1862673,0,0.427942,0.000000,0.000000,2428,0,4222.43,0,0,0,0,SUCCESS,0,1,,,,,,,,,,,,used,,,,20260918-1922
2026-09-19 12:10:28,EHAUSM-I,C8T1S5I8N5K,4,2,0.000200,0.000,0.200,47416411,47132,57,1890,1947,0,0,0,2031333,30941,1952780,0,0.432510,0.000000,0.000000,2623,0,2132.79,0,0,0,0,SUCCESS,0,1,,,,,,,,,,,,used,,,,20260918-1922
2026-09-19 12:10:32,Pre-HAUSPM,C8T1S5I8N5K,0,0,0.000200,0.200,0.200,9488004,9426,18,2742,2760,0,0,0,21109469,0,20750611,0,0.000000,0.000000,0.000000,6078,62730,1884.93,0,0,0,0,SUCCESS,0,2,,,,,,1,0,9488004,0,,,used,,,,20260918-1922
2026-09-19 12:10:35,Pre-HAUSPM,C8T1S5I8N5K,1,0,0.000200,0.200,0.200,18951306,18852,3,2988,2992,0,0,0,16792668,0,16596308,0,0.000000,0.000000,0.000000,4680,59955,5358.46,0,0,0,0,SUCCESS,0,2,,,,,,1,0,9463302,380,,,used,,,,20260918-1922
2026-09-19 12:10:39,Pre-HAUSPM,C8T1S5I8N5K,2,0,0.000200,0.200,0.200,28544670,28278,4,3311,3316,0,0,0,17890707,0,17715854,0,0.000000,0.000000,0.000000,3088,53952,2208.03,0,0,0,0,SUCCESS,0,2,,,,,,1,0,9593364,758,,,used,,,,20260918-1922
2026-09-19 12:10:43,Pre-HAUSPM,C8T1S5I8N5K,3,0,0.000200,0.200,0.200,38016389,37704,3,4315,4319,0,0,0,19131261,0,18967121,0,0.000000,0.000000,0.000000,2428,51304,4211.06,0,0,0,0,SUCCESS,0,2,,,,,,1,0,9471719,1142,,,used,,,,20260918-1922
2026-09-19 12:10:48,Pre-HAUSPM,C8T1S5I8N5K,4,0,0.000200,0.200,0.200,47416411,47132,3,4426,4430,0,0,0,19323837,0,19169868,0,0.000000,0.000000,0.000000,2623,51786,2837.18,0,0,0,0,SUCCESS,0,2,,,,,,1,0,9400022,1521,,,used,,,,20260918-1922
2026-09-19 12:10:52,Pre-HAUSPM,C8T1S5I8N5K,0,1,0.000200,0.200,0.200,9488004,9426,3,3029,3033,0,0,0,21109469,0,20750611,0,0.000000,0.000000,0.000000,6078,62730,5057.39,0,0,0,0,SUCCESS,0,2,,,,,,1,0,9488004,0,,,used,,,,20260918-1922
2026-09-19 12:10:55,Pre-HAUSPM,C8T1S5I8N5K,1,1,0.000200,0.200,0.200,18951306,18852,3,2656,2661,0,0,0,16792668,0,16596308,0,0.000000,0.000000,0.000000,4680,59955,3600.16,0,0,0,0,SUCCESS,0,2,,,,,,1,0,9463302,380,,,used,,,,20260918-1922
2026-09-19 12:10:59,Pre-HAUSPM,C8T1S5I8N5K,2,1,0.000200,0.200,0.200,28544670,28278,4,3762,3766,0,0,0,17890707,0,17715854,0,0.000000,0.000000,0.000000,3088,53952,7485.54,0,0,0,0,SUCCESS,0,2,,,,,,1,0,9593364,758,,,used,,,,20260918-1922
2026-09-19 12:11:03,Pre-HAUSPM,C8T1S5I8N5K,3,1,0.000200,0.200,0.200,38016389,37704,3,3878,3882,0,0,0,19131261,0,18967121,0,0.000000,0.000000,0.000000,2428,51304,2633.73,0,0,0,0,SUCCESS,0,2,,,,,,1,0,9471719,1142,,,used,,,,20260918-1922
2026-09-19 12:11:08,Pre-HAUSPM,C8T1S5I8N5K,4,1,0.000200,0.200,0.200,47416411,47132,3,4960,4964,0,0,0,19323837,0,19169868,0,0.000000,0.000000,0.000000,2623,51786,8571.18,0,0,0,0,SUCCESS,0,2,,,,,,1,0,9400022,1521,,,used,,,,20260918-1922
2026-09-19 12:11:11,Pre-HAUSPM,C8T1S5I8N5K,0,2,0.000200,0.200,0.200,9488004,9426,3,2584,2588,0,0,0,21109469,0,20750611,0,0.000000,0.000000,0.000000,6078,62730,4275.90,0,0,0,0,SUCCESS,0,2,,,,,,1,0,9488004,0,,,used,,,,20260918-1922
2026-09-19 12:11:15,Pre-HAUSPM,C8T1S5I8N5K,1,2,0.000200,0.200,0.200,18951306,18852,3,2993,2997,0,0,0,16792668,0,16596308,0,0.000000,0.000000,0.000000,4680,59955,6561.58,0,0,0,0,SUCCESS,0,2,,,,,,1,0,9463302,380,,,used,,,,20260918-1922
2026-09-19 12:11:18,Pre-HAUSPM,C8T1S5I8N5K,2,2,0.000200,0.200,0.200,28544670,28278,4,3308,3312,0,0,0,17890707,0,17715854,0,0.000000,0.000000,0.000000,3088,53952,1747.35,0,0,0,0,SUCCESS,0,2,,,,,,1,0,9593364,758,,,used,,,,20260918-1922
2026-09-19 12:11:23,Pre-HAUSPM,C8T1S5I8N5K,3,2,0.000200,0.200,0.200,38016389,37704,3,4330,4334,0,0,0,19131261,0,18967121,0,0.000000,0.000000,0.000000,2428,51304,7893.48,0,0,0,0,SUCCESS,0,2,,,,,,1,0,9471719,1142,,,used,,,,20260918-1922
2026-09-19 12:11:28,Pre-HAUSPM,C8T1S5I8N5K,4,2,0.000200,0.200,0.200,47416411,47132,3,4445,4449,0,0,0,19323837,0,19169868,0,0.000000,0.000000,0.000000,2623,51786,2461.27,0,0,0,0,SUCCESS,0,2,,,,,,1,0,9400022,1521,,,used,,,,20260918-1922
,HAUSP-UB-L1,C8T1S5I8N5K,0,0,0.000200,0.000,0.200,0,0,0,0,0,0,0,0,0,0,0,0,0.000000,0.000000,0.000000,0,0,0.00,0,0,0,0,OT,0,3,,,,,,,,,,,,used,,,,20260918-1922
,HAUSP-UB-L1,C8T1S5I8N5K,1,0,0.000200,0.000,0.200,0,0,0,0,0,0,0,0,0,0,0,0,0.000000,0.000000,0.000000,0,0,0.00,0,0,0,0,SKIPPED,0,3,,,,,,,,,,,,used,,,,20260918-1922
,HAUSP-UB-L1,C8T1S5I8N5K,2,0,0.000200,0.000,0.200,0,0,0,0,0,0,0,0,0,0,0,0,0.000000,0.000000,0.000000,0,0,0.00,0,0,0,0,SKIPPED,0,3,,,,,,,,,,,,used,,,,20260918-1922
,HAUSP-UB-L1,C8T1S5I8N5K,3,0,0.000200,0.000,0.200,0,0,0,0,0,0,0,0,0,0,0,0,0.000000,0.000000,0.000000,0,0,0.00,0,0,0,0,SKIPPED,0,3,,,,,,,,,,,,used,,,,20260918-1922
,HAUSP-UB-L1,C8T1S5I8N5K,4,0,0.000200,0.000,0.200,0,0,0,0,0,0,0,0,0,0,0,0,0.000000,0.000000,0.000000,0,0,0.00,0,0,0,0,SKIPPED,0,3,,,,,,,,,,,,used,,,,20260918-1922
2026-09-19 13:41:35,HAUSP-UB[noEUCS],C8T1S5I8N5K,0,0,0.000200,0.000,0.200,9488004,9426,148,729,878,103,0,0,4135232,29547,3966466,11828,0.000000,0.242173,0.250249,6078,0,2137.95,4150918,4098606,52312,51042,SUCCESS,154905,4,,218112,4438024,0,7045632,,,,,11828,13861,used,,,,20260918-1922
2026-09-19 13:41:36,HAUSP-UB[noEUCS],C8T1S5I8N5K,1,0,0.000200,0.000,0.200,18951306,18852,24,575,600,12,0,0,3362678,38503,3237105,12496,0.000000,0.225775,0.235845,4680,0,2148.21,3335142,3325478,10934,60186,SUCCESS,110576,4,,360192,8864368,0,10426496,,,,,12496,14997,used,,,,20260918-1922
2026-09-19 13:41:37,HAUSP-UB[noEUCS],C8T1S5I8N5K,2,0,0.000200,0.000,0.200,28544670,28278,22,727,750,9,0,0,3274060,42907,3157221,12274,0.000000,0.212608,0.222879,3088,0,2158.39,3241120,3236683,6227,64372,SUCCESS,101178,4,,450176,13348488,0,14157056,,,,,12274,15661,used,,,,20260918-1922
2026-09-19 13:41:39,HAUSP-UB[noEUCS],C8T1S5I8N5K,3,0,0.000200,0.000,0.200,38016389,37704,23,830,854,9,0,0,2977067,45276,2868039,12406,0.000000,0.210993,0.221967,2428,0,2168.71,2942377,2939734,4684,66784,SUCCESS,93432,4,,721280,17779144,0,18058624,,,,,12404,15594,used,,,,20260918-1922
2026-09-19 13:41:40,HAUSP-UB[noEUCS],C8T1S5I8N5K,4,0,0.000200,0.000,0.200,47416411,47132,22,1014,1037,9,0,0,3020056,46615,2913251,12578,0.000000,0.208598,0.219840,2623,0,2178.76,2984213,2982598,3887,68240,SUCCESS,91130,4,,648320,22186560,0,22259328,,,,,12577,15674,used,,,,20260918-1922
2026-09-19 13:41:41,HAUSP-UB[noEUCS],C8T1S5I8N5K,0,1,0.000200,0.000,0.200,9488004,9426,21,417,439,5,0,0,4135232,29547,3966466,11828,0.000000,0.242173,0.250249,6078,0,2136.58,4150918,4098606,52312,51042,SUCCESS,154905,4,,218112,4438024,0,7045632,,,,,11828,13861,used,,,,20260918-1922
2026-09-19 13:41:42,HAUSP-UB[noEUCS],C8T1S5I8N5K,1,1,0.000200,0.000,0.200,18951306,18852,22,570,592,9,0,0,3362678,38503,3237105,12496,0.000000,0.225775,0.235845,4680,0,2148.22,3335142,3325478,10934,60186,SUCCESS,110576,4,,360192,8864368,0,10426496,,,,,12496,14997,used,,,,20260918-1922
2026-09-19 13:41:43,HAUSP-UB[noEUCS],C8T1S5I8N5K,2,1,0.000200,0.000,0.200,28544670,28278,22,745,767,9,0,0,3274060,42907,3157221,12274,0.000000,0.212608,0.222879,3088,0,2158.39,3241120,3236683,6227,64372,SUCCESS,101178,4,,450176,13348488,0,14157056,,,,,12274,15661,used,,,,20260918-1922
2026-09-19 13:41:44,HAUSP-UB[noEUCS],C8T1S5I8N5K,3,1,0.000200,0.000,0.200,38016389,37704,23,849,873,9,0,0,2977067,45276,2868039,12406,0.000000,0.210993,0.221967,2428,0,2168.72,2942377,2939734,4684,66784,SUCCESS,93432,4,,721280,17779144,0,18058624,,,,,12404,15594,used,,,,20260918-1922
2026-09-19 13:41:45,HAUSP-UB[noEUCS],C8T1S5I8N5K,4,1,0.000200,0.000,0.200,47416411,47132,23,1012,1035,9,0,0,3020056,46615,2913251,12578,0.000000,0.208598,0.219840,2623,0,2178.77,2984213,2982598,3887,68240,SUCCESS,91130,4,,648320,22186560,0,22259328,,,,,12577,15674,used,,,,20260918-1922
2026-09-19 13:41:47,HAUSP-UB[noEUCS],C8T1S5I8N5K,0,2,0.000200,0.000,0.200,9488004,9426,21,408,430,4,0,0,4135232,29547,3966466,11828,0.000000,0.242173,0.250249,6078,0,2136.49,4150918,4098606,52312,51042,SUCCESS,154905,4,,218112,4438024,0,7045632,,,,,11828,13861,used,,,,20260918-1922
2026-09-19 13:41:48,HAUSP-UB[noEUCS],C8T1S5I8N5K,1,2,0.000200,0.000,0.200,18951306,18852,22,556,579,9,0,0,3362678,38503,3237105,12496,0.000000,0.225775,0.235845,4680,0,2148.44,3335142,3325478,10934,60186,SUCCESS,110576,4,,360192,8864368,0,10426496,,,,,12496,14997,used,,,,20260918-1922
2026-09-19 13:41:49,HAUSP-UB[noEUCS],C8T1S5I8N5K,2,2,0.000200,0.000,0.200,28544670,28278,21,727,749,9,0,0,3274060,42907,3157221,12274,0.000000,0.212608,0.222879,3088,0,2158.62,3241120,3236683,6227,64372,SUCCESS,101178,4,,450176,13348488,0,14157056,,,,,12274,15661,used,,,,20260918-1922
2026-09-19 13:41:50,HAUSP-UB[noEUCS],C8T1S5I8N5K,3,2,0.000200,0.000,0.200,38016389,37704,22,840,863,9,0,0,2977067,45276,2868039,12406,0.000000,0.210993,0.221967,2428,0,2168.49,2942377,2939734,4684,66784,SUCCESS,93432,4,,721280,17779144,0,18058624,,,,,12404,15594,used,,,,20260918-1922
2026-09-19 13:41:51,HAUSP-UB[noEUCS],C8T1S5I8N5K,4,2,0.000200,0.000,0.200,47416411,47132,22,1019,1042,9,0,0,3020056,46615,2913251,12578,0.000000,0.208598,0.219840,2623,0,2179.01,2984213,2982598,3887,68240,SUCCESS,91130,4,,648320,22186560,0,22259328,,,,,12577,15674,used,,,,20260918-1922
