# run_id=20260918-1922 git=1f71e20 jvm=26.0.1 heap=24g host=ThaiTMs-MacBook-Pro.local tree=clean data=51a0304d3d57 cmd=--exp 1,5,6,9 --timeout 90 --repeats 3
Timestamp,Algorithm,Dataset,BatchID,RunIndex,MinUtil,mu,DeltaRatio,TotalDBUtil,CumulativeDBSize,tScan(ms),tMining(ms),tTotal(ms),tLayer1(ms),tLayer2(ms),tLayer3(ms),Cand,PrunedL1(SWU),PrunedL2(IAUUB),PrunedL3(MFUUB),TightnessPEAU,TightnessIAUUB,TightnessMFUUB,HAUSP,SHAUS,MemPeak(MB),PoolBorrows,PoolReuses,PoolPeakLive,AudulActive,Status,Recursed,ArmOrder,Schedule,PoolBytes,FlatBytes,EucsBytes,AudulRootBytes,RescanTriggered,BufferUtil,BufferTested,SafetyBound,PrunedL3Node,PrunedL1Root,MemMode,MemLive(MB),MemRetained(MB),GcForced,RunID
2026-09-19 22:01:29,EHAUSM-I,BIBLE,0,0,0.001000,0.000,0.200,7617167,7273,51,15569,15621,0,0,0,25214943,4399,25098659,0,0.483665,0.000000,0.000000,9964,0,2502.26,0,0,0,0,SUCCESS,0,0,,,,,,,,,,,,used,,,,20260918-1922
2026-09-19 22:01:51,EHAUSM-I,BIBLE,1,0,0.001000,0.000,0.200,15283678,14546,19,21481,21501,0,0,0,17714355,7088,17628544,0,0.490670,0.000000,0.000000,10469,0,3658.16,0,0,0,0,SUCCESS,0,0,,,,,,,,,,,,used,,,,20260918-1922
2026-09-19 22:02:12,EHAUSM-I,BIBLE,2,0,0.001000,0.000,0.200,21271931,21819,21,21054,21075,0,0,0,9130023,9135,9064709,0,0.458285,0.000000,0.000000,8283,0,4790.91,0,0,0,0,SUCCESS,0,0,,,,,,,,,,,,used,,,,20260918-1922
2026-09-19 22:02:44,EHAUSM-I,BIBLE,3,0,0.001000,0.000,0.200,28633935,29092,27,31103,31130,0,0,0,15156855,10402,15087799,0,0.451252,0.000000,0.000000,8226,0,6530.82,0,0,0,0,SUCCESS,0,0,,,,,,,,,,,,used,,,,20260918-1922
2026-09-19 22:03:13,EHAUSM-I,BIBLE,4,0,0.001000,0.000,0.200,35550162,36369,29,28388,28418,0,0,0,8115828,12054,8060185,0,0.432059,0.000000,0.000000,6713,0,5543.59,0,0,0,0,SUCCESS,0,0,,,,,,,,,,,,used,,,,20260918-1922
2026-09-19 22:03:29,EHAUSM-I,BIBLE,0,1,0.001000,0.000,0.200,7617167,7273,16,15768,15785,0,0,0,25214943,4399,25098659,0,0.483665,0.000000,0.000000,9964,0,8908.03,0,0,0,0,SUCCESS,0,0,,,,,,,,,,,,used,,,,20260918-1922
2026-09-19 22:03:51,EHAUSM-I,BIBLE,1,1,0.001000,0.000,0.200,15283678,14546,18,21313,21332,0,0,0,17714355,7088,17628544,0,0.490670,0.000000,0.000000,10469,0,6304.03,0,0,0,0,SUCCESS,0,0,,,,,,,,,,,,used,,,,20260918-1922
2026-09-19 22:04:12,EHAUSM-I,BIBLE,2,1,0.001000,0.000,0.200,21271931,21819,18,20532,20551,0,0,0,9130023,9135,9064709,0,0.458285,0.000000,0.000000,8283,0,4449.37,0,0,0,0,SUCCESS,0,0,,,,,,,,,,,,used,,,,20260918-1922
2026-09-19 22:04:42,EHAUSM-I,BIBLE,3,1,0.001000,0.000,0.200,28633935,29092,26,29183,29210,0,0,0,15156855,10402,15087799,0,0.451252,0.000000,0.000000,8226,0,3450.89,0,0,0,0,SUCCESS,0,0,,,,,,,,,,,,used,,,,20260918-1922
2026-09-19 22:05:09,EHAUSM-I,BIBLE,4,1,0.001000,0.000,0.200,35550162,36369,29,26990,27019,0,0,0,8115828,12054,8060185,0,0.432059,0.000000,0.000000,6713,0,5640.98,0,0,0,0,SUCCESS,0,0,,,,,,,,,,,,used,,,,20260918-1922
2026-09-19 22:05:25,EHAUSM-I,BIBLE,0,2,0.001000,0.000,0.200,7617167,7273,16,14601,14617,0,0,0,25214943,4399,25098659,0,0.483665,0.000000,0.000000,9964,0,4508.78,0,0,0,0,SUCCESS,0,0,,,,,,,,,,,,used,,,,20260918-1922
2026-09-19 22:05:45,EHAUSM-I,BIBLE,1,2,0.001000,0.000,0.200,15283678,14546,18,20314,20333,0,0,0,17714355,7088,17628544,0,0.490670,0.000000,0.000000,10469,0,5171.28,0,0,0,0,SUCCESS,0,0,,,,,,,,,,,,used,,,,20260918-1922
2026-09-19 22:06:06,EHAUSM-I,BIBLE,2,2,0.001000,0.000,0.200,21271931,21819,19,20413,20432,0,0,0,9130023,9135,9064709,0,0.458285,0.000000,0.000000,8283,0,8403.83,0,0,0,0,SUCCESS,0,0,,,,,,,,,,,,used,,,,20260918-1922
2026-09-19 22:06:36,EHAUSM-I,BIBLE,3,2,0.001000,0.000,0.200,28633935,29092,26,29290,29317,0,0,0,15156855,10402,15087799,0,0.451252,0.000000,0.000000,8226,0,3769.66,0,0,0,0,SUCCESS,0,0,,,,,,,,,,,,used,,,,20260918-1922
2026-09-19 22:07:03,EHAUSM-I,BIBLE,4,2,0.001000,0.000,0.200,35550162,36369,30,27020,27051,0,0,0,8115828,12054,8060185,0,0.432059,0.000000,0.000000,6713,0,6248.95,0,0,0,0,SUCCESS,0,0,,,,,,,,,,,,used,,,,20260918-1922
2026-09-19 22:07:16,EHAUSM-R,BIBLE,0,0,0.001000,0.000,0.200,7617167,7273,14,12321,12336,0,0,0,25214943,4399,25098659,0,0.305843,0.000000,0.000000,9964,0,3036.81,0,0,0,0,SUCCESS,0,1,,,,,,,,,,,,used,,,,20260918-1922
2026-09-19 22:07:35,EHAUSM-R,BIBLE,1,0,0.001000,0.000,0.200,15283678,14546,27,18668,18696,0,0,0,25415115,7088,25329304,0,0.338954,0.000000,0.000000,10469,0,2707.77,0,0,0,0,SUCCESS,0,1,,,,,,,,,,,,used,,,,20260918-1922
2026-09-19 22:07:55,EHAUSM-R,BIBLE,2,0,0.001000,0.000,0.200,21271931,21819,35,19696,19731,0,0,0,21229906,9135,21164592,0,0.339368,0.000000,0.000000,8283,0,1762.59,0,0,0,0,SUCCESS,0,1,,,,,,,,,,,,used,,,,20260918-1922
2026-09-19 22:08:24,EHAUSM-R,BIBLE,3,0,0.001000,0.000,0.200,28633935,29092,49,28037,28086,0,0,0,25139190,10402,25070134,0,0.333905,0.000000,0.000000,8226,0,4336.20,0,0,0,0,SUCCESS,0,1,,,,,,,,,,,,used,,,,20260918-1922
2026-09-19 22:08:53,EHAUSM-R,BIBLE,4,0,0.001000,0.000,0.200,35550162,36369,56,28350,28407,0,0,0,21936545,12054,21880902,0,0.325249,0.000000,0.000000,6713,0,3730.96,0,0,0,0,SUCCESS,0,1,,,,,,,,,,,,used,,,,20260918-1922
2026-09-19 22:09:06,EHAUSM-R,BIBLE,0,1,0.001000,0.000,0.200,7617167,7273,14,12611,12626,0,0,0,25214943,4399,25098659,0,0.305843,0.000000,0.000000,9964,0,4906.86,0,0,0,0,SUCCESS,0,1,,,,,,,,,,,,used,,,,20260918-1922
2026-09-19 22:09:25,EHAUSM-R,BIBLE,1,1,0.001000,0.000,0.200,15283678,14546,29,18722,18751,0,0,0,25415115,7088,25329304,0,0.338954,0.000000,0.000000,10469,0,2389.14,0,0,0,0,SUCCESS,0,1,,,,,,,,,,,,used,,,,20260918-1922
2026-09-19 22:09:45,EHAUSM-R,BIBLE,2,1,0.001000,0.000,0.200,21271931,21819,34,19732,19767,0,0,0,21229906,9135,21164592,0,0.339368,0.000000,0.000000,8283,0,1602.28,0,0,0,0,SUCCESS,0,1,,,,,,,,,,,,used,,,,20260918-1922
2026-09-19 22:10:14,EHAUSM-R,BIBLE,3,1,0.001000,0.000,0.200,28633935,29092,49,28053,28102,0,0,0,25139190,10402,25070134,0,0.333905,0.000000,0.000000,8226,0,4471.14,0,0,0,0,SUCCESS,0,1,,,,,,,,,,,,used,,,,20260918-1922
2026-09-19 22:10:42,EHAUSM-R,BIBLE,4,1,0.001000,0.000,0.200,35550162,36369,52,28490,28542,0,0,0,21936545,12054,21880902,0,0.325249,0.000000,0.000000,6713,0,3828.70,0,0,0,0,SUCCESS,0,1,,,,,,,,,,,,used,,,,20260918-1922
2026-09-19 22:10:55,EHAUSM-R,BIBLE,0,2,0.001000,0.000,0.200,7617167,7273,14,12052,12067,0,0,0,25214943,4399,25098659,0,0.305843,0.000000,0.000000,9964,0,3820.97,0,0,0,0,SUCCESS,0,1,,,,,,,,,,,,used,,,,20260918-1922
2026-09-19 22:11:14,EHAUSM-R,BIBLE,1,2,0.001000,0.000,0.200,15283678,14546,27,18679,18706,0,0,0,25415115,7088,25329304,0,0.338954,0.000000,0.000000,10469,0,4041.53,0,0,0,0,SUCCESS,0,1,,,,,,,,,,,,used,,,,20260918-1922
2026-09-19 22:11:34,EHAUSM-R,BIBLE,2,2,0.001000,0.000,0.200,21271931,21819,34,19746,19781,0,0,0,21229906,9135,21164592,0,0.339368,0.000000,0.000000,8283,0,3362.94,0,0,0,0,SUCCESS,0,1,,,,,,,,,,,,used,,,,20260918-1922
2026-09-19 22:12:03,EHAUSM-R,BIBLE,3,2,0.001000,0.000,0.200,28633935,29092,48,28127,28175,0,0,0,25139190,10402,25070134,0,0.333905,0.000000,0.000000,8226,0,3417.20,0,0,0,0,SUCCESS,0,1,,,,,,,,,,,,used,,,,20260918-1922
2026-09-19 22:12:32,EHAUSM-R,BIBLE,4,2,0.001000,0.000,0.200,35550162,36369,56,28397,28454,0,0,0,21936545,12054,21880902,0,0.325249,0.000000,0.000000,6713,0,2868.97,0,0,0,0,SUCCESS,0,1,,,,,,,,,,,,used,,,,20260918-1922
2026-09-19 22:12:38,HAUSP-UB[noL2+L3@node+nopool+noEUCS],BIBLE,0,0,0.001000,0.000,0.200,7617167,7273,45,5347,5392,2,0,0,25214943,5060,0,25097998,0.000000,0.408915,0.409846,9964,0,4258.69,25219342,0,11513,6208,SUCCESS,25214282,2,,3112192,5506208,0,4278784,,,,,25097998,661,used,,,,20260918-1922
2026-09-19 22:12:46,HAUSP-UB[noL2+L3@node+nopool+noEUCS],BIBLE,1,0,0.001000,0.000,0.200,15283678,14546,15,7772,7788,4,0,0,25415115,7802,0,25328590,0.000000,0.420839,0.421966,10469,0,4254.23,25415995,0,8255,8894,SUCCESS,25414401,2,,7398528,10770464,0,8159872,,,,,25328590,714,used,,,,20260918-1922
2026-09-19 22:12:55,HAUSP-UB[noL2+L3@node+nopool+noEUCS],BIBLE,2,0,0.001000,0.000,0.200,21271931,21819,9,8441,8451,1,0,0,21229906,9874,0,21163853,0.000000,0.410812,0.411881,8283,0,7192.39,21230147,0,7296,10949,SUCCESS,21229167,2,,17920,15002144,0,11551616,,,,,21163853,739,used,,,,20260918-1922
2026-09-19 22:13:06,HAUSP-UB[noL2+L3@node+nopool+noEUCS],BIBLE,3,0,0.001000,0.000,0.200,28633935,29092,11,11457,11469,2,0,0,25139190,11155,0,25069381,0.000000,0.399660,0.400699,8226,0,4889.56,25138643,0,6665,12232,SUCCESS,25138437,2,,5369728,20253760,0,14712064,,,,,25069381,753,used,,,,20260918-1922
2026-09-19 22:13:18,HAUSP-UB[noL2+L3@node+nopool+noEUCS],BIBLE,4,0,0.001000,0.000,0.200,35550162,36369,10,11351,11362,2,0,0,21936545,12820,0,21880136,0.000000,0.388025,0.388993,6713,0,4907.25,21936367,0,7046,13905,SUCCESS,21935779,2,,11069952,25186112,0,18466944,,,,,21880136,766,used,,,,20260918-1922
2026-09-19 22:13:24,HAUSP-UB[noL2+L3@node+nopool+noEUCS],BIBLE,0,1,0.001000,0.000,0.200,7617167,7273,10,5292,5303,2,0,0,25214943,5060,0,25097998,0.000000,0.408915,0.409846,9964,0,4770.69,25219342,0,11513,6208,SUCCESS,25214282,2,,1911424,5506208,0,4278784,,,,,25097998,661,used,,,,20260918-1922
2026-09-19 22:13:32,HAUSP-UB[noL2+L3@node+nopool+noEUCS],BIBLE,1,1,0.001000,0.000,0.200,15283678,14546,11,7693,7705,2,0,0,25415115,7802,0,25328590,0.000000,0.420839,0.421966,10469,0,4846.23,25415995,0,8255,8894,SUCCESS,25414401,2,,8996352,10770464,0,8159872,,,,,25328590,714,used,,,,20260918-1922
2026-09-19 22:13:40,HAUSP-UB[noL2+L3@node+nopool+noEUCS],BIBLE,2,1,0.001000,0.000,0.200,21271931,21819,9,8019,8029,1,0,0,21229906,9874,0,21163853,0.000000,0.410812,0.411881,8283,0,4856.27,21230147,0,7296,10949,SUCCESS,21229167,2,,12578432,15002144,0,11551616,,,,,21163853,739,used,,,,20260918-1922
2026-09-19 22:13:52,HAUSP-UB[noL2+L3@node+nopool+noEUCS],BIBLE,3,1,0.001000,0.000,0.200,28633935,29092,11,11321,11332,2,0,0,25139190,11155,0,25069381,0.000000,0.399660,0.400699,8226,0,4865.36,25138643,0,6665,12232,SUCCESS,25138437,2,,19991424,20253760,0,14712064,,,,,25069381,753,used,,,,20260918-1922
2026-09-19 22:14:04,HAUSP-UB[noL2+L3@node+nopool+noEUCS],BIBLE,4,1,0.001000,0.000,0.200,35550162,36369,10,11376,11387,2,0,0,21936545,12820,0,21880136,0.000000,0.388025,0.388993,6713,0,4698.69,21936367,0,7046,13905,SUCCESS,21935779,2,,16213376,25186112,0,18466944,,,,,21880136,766,used,,,,20260918-1922
2026-09-19 22:14:10,HAUSP-UB[noL2+L3@node+nopool+noEUCS],BIBLE,0,2,0.001000,0.000,0.200,7617167,7273,11,5123,5134,2,0,0,25214943,5060,0,25097998,0.000000,0.408915,0.409846,9964,0,4658.69,25219342,0,11513,6208,SUCCESS,25214282,2,,2180480,5506208,0,4278784,,,,,25097998,661,used,,,,20260918-1922
2026-09-19 22:14:18,HAUSP-UB[noL2+L3@node+nopool+noEUCS],BIBLE,1,2,0.001000,0.000,0.200,15283678,14546,11,7711,7723,2,0,0,25415115,7802,0,25328590,0.000000,0.420839,0.421966,10469,0,4670.23,25415995,0,8255,8894,SUCCESS,25414401,2,,5552768,10770464,0,8159872,,,,,25328590,714,used,,,,20260918-1922
2026-09-19 22:14:26,HAUSP-UB[noL2+L3@node+nopool+noEUCS],BIBLE,2,2,0.001000,0.000,0.200,21271931,21819,9,8045,8055,1,0,0,21229906,9874,0,21163853,0.000000,0.410812,0.411881,8283,0,4680.27,21230147,0,7296,10949,SUCCESS,21229167,2,,7274368,15002144,0,11551616,,,,,21163853,739,used,,,,20260918-1922
2026-09-19 22:14:38,HAUSP-UB[noL2+L3@node+nopool+noEUCS],BIBLE,3,2,0.001000,0.000,0.200,28633935,29092,11,11363,11374,2,0,0,25139190,11155,0,25069381,0.000000,0.399660,0.400699,8226,0,4688.89,25138643,0,6665,12232,SUCCESS,25138437,2,,19374208,20253760,0,14712064,,,,,25069381,753,used,,,,20260918-1922
2026-09-19 22:14:49,HAUSP-UB[noL2+L3@node+nopool+noEUCS],BIBLE,4,2,0.001000,0.000,0.200,35550162,36369,10,11406,11417,2,0,0,21936545,12820,0,21880136,0.000000,0.388025,0.388993,6713,0,4698.08,21936367,0,7046,13905,SUCCESS,21935779,2,,16213376,25186112,0,18466944,,,,,21880136,766,used,,,,20260918-1922
2026-09-19 22:14:55,HAUSP-UB[noL2+nopool+noEUCS],BIBLE,0,0,0.001000,0.000,0.200,7617167,7273,10,4922,4933,2,0,0,25214943,5060,0,25097998,0.000000,0.240219,0.246177,9964,0,4498.69,25219342,0,11513,6208,SUCCESS,116722,3,,2817792,5506208,0,4278784,,,,,438,661,used,,,,20260918-1922
2026-09-19 22:15:03,HAUSP-UB[noL2+nopool+noEUCS],BIBLE,1,0,0.001000,0.000,0.200,15283678,14546,11,7479,7491,2,0,0,25415115,7802,0,25328590,0.000000,0.271234,0.279246,10469,0,4474.60,25415995,0,8255,8894,SUCCESS,86236,3,,3848064,10770464,0,8159872,,,,,425,714,used,,,,20260918-1922
2026-09-19 22:15:11,HAUSP-UB[noL2+nopool+noEUCS],BIBLE,2,0,0.001000,0.000,0.200,21271931,21819,9,7837,7847,1,0,0,21229906,9874,0,21163853,0.000000,0.273117,0.281164,8283,0,4344.97,21230147,0,7296,10949,SUCCESS,65736,3,,2131712,15002144,0,11551616,,,,,422,739,used,,,,20260918-1922
2026-09-19 22:15:23,HAUSP-UB[noL2+nopool+noEUCS],BIBLE,3,0,0.001000,0.000,0.200,28633935,29092,11,11132,11143,2,0,0,25139190,11155,0,25069381,0.000000,0.269625,0.277551,8226,0,4388.20,25138643,0,6665,12232,SUCCESS,69470,3,,12114944,20253760,0,14712064,,,,,414,753,used,,,,20260918-1922
2026-09-19 22:15:34,HAUSP-UB[noL2+nopool+noEUCS],BIBLE,4,0,0.001000,0.000,0.200,35550162,36369,10,11201,11212,2,0,0,21936545,12820,0,21880136,0.000000,0.261646,0.269156,6713,0,4322.80,21936367,0,7046,13905,SUCCESS,56071,3,,12165888,25186112,0,18466944,,,,,428,766,used,,,,20260918-1922
2026-09-19 22:15:40,HAUSP-UB[noL2+nopool+noEUCS],BIBLE,0,1,0.001000,0.000,0.200,7617167,7273,11,4924,4935,2,0,0,25214943,5060,0,25097998,0.000000,0.240219,0.246177,9964,0,4498.69,25219342,0,11513,6208,SUCCESS,116722,3,,2817792,5506208,0,4278784,,,,,438,661,used,,,,20260918-1922
2026-09-19 22:15:48,HAUSP-UB[noL2+nopool+noEUCS],BIBLE,1,1,0.001000,0.000,0.200,15283678,14546,12,7502,7514,2,0,0,25415115,7802,0,25328590,0.000000,0.271234,0.279246,10469,0,4757.61,25415995,0,8255,8894,SUCCESS,86236,3,,500608,10770464,0,8159872,,,,,425,714,used,,,,20260918-1922
2026-09-19 22:15:56,HAUSP-UB[noL2+nopool+noEUCS],BIBLE,2,1,0.001000,0.000,0.200,21271931,21819,9,7852,7862,1,0,0,21229906,9874,0,21163853,0.000000,0.273117,0.281164,8283,0,4688.27,21230147,0,7296,10949,SUCCESS,65736,3,,6901120,15002144,0,11551616,,,,,422,739,used,,,,20260918-1922
2026-09-19 22:16:07,HAUSP-UB[noL2+nopool+noEUCS],BIBLE,3,1,0.001000,0.000,0.200,28633935,29092,11,11120,11131,2,0,0,25139190,11155,0,25069381,0.000000,0.269625,0.277551,8226,0,4758.23,25138643,0,6665,12232,SUCCESS,69470,3,,1213952,20253760,0,14712064,,,,,414,753,used,,,,20260918-1922
2026-09-19 22:16:19,HAUSP-UB[noL2+nopool+noEUCS],BIBLE,4,1,0.001000,0.000,0.200,35550162,36369,10,11162,11172,2,0,0,21936545,12820,0,21880136,0.000000,0.261646,0.269156,6713,0,4594.22,21936367,0,7046,13905,SUCCESS,56071,3,,422400,25186112,0,18466944,,,,,428,766,used,,,,20260918-1922
2026-09-19 22:16:24,HAUSP-UB[noL2+nopool+noEUCS],BIBLE,0,2,0.001000,0.000,0.200,7617167,7273,11,4921,4932,2,0,0,25214943,5060,0,25097998,0.000000,0.240219,0.246177,9964,0,4498.69,25219342,0,11513,6208,SUCCESS,116722,3,,2817792,5506208,0,4278784,,,,,438,661,used,,,,20260918-1922
2026-09-19 22:16:32,HAUSP-UB[noL2+nopool+noEUCS],BIBLE,1,2,0.001000,0.000,0.200,15283678,14546,11,7456,7467,2,0,0,25415115,7802,0,25328590,0.000000,0.271234,0.279246,10469,0,4582.23,25415995,0,8255,8894,SUCCESS,86236,3,,5673856,10770464,0,8159872,,,,,425,714,used,,,,20260918-1922
2026-09-19 22:16:40,HAUSP-UB[noL2+nopool+noEUCS],BIBLE,2,2,0.001000,0.000,0.200,21271931,21819,9,7874,7884,1,0,0,21229906,9874,0,21163853,0.000000,0.273117,0.281164,8283,0,4526.64,21230147,0,7296,10949,SUCCESS,65736,3,,3862528,15002144,0,11551616,,,,,422,739,used,,,,20260918-1922
2026-09-19 22:16:52,HAUSP-UB[noL2+nopool+noEUCS],BIBLE,3,2,0.001000,0.000,0.200,28633935,29092,11,11124,11135,2,0,0,25139190,11155,0,25069381,0.000000,0.269625,0.277551,8226,0,4616.98,25138643,0,6665,12232,SUCCESS,69470,3,,19960064,20253760,0,14712064,,,,,414,753,used,,,,20260918-1922
2026-09-19 22:17:03,HAUSP-UB[noL2+nopool+noEUCS],BIBLE,4,2,0.001000,0.000,0.200,35550162,36369,10,11172,11182,2,0,0,21936545,12820,0,21880136,0.000000,0.261646,0.269156,6713,0,4596.03,21936367,0,7046,13905,SUCCESS,56071,3,,422400,25186112,0,18466944,,,,,428,766,used,,,,20260918-1922
2026-09-19 22:17:09,HAUSP-UB[noL2+noEUCS],BIBLE,0,0,0.001000,0.000,0.200,7617167,7273,10,4812,4823,2,0,0,25214943,5060,0,25097998,0.000000,0.240219,0.246177,9964,0,1722.69,25219342,25207829,11513,6208,SUCCESS,116722,4,,66852864,5506208,0,4278784,,,,,438,661,used,,,,20260918-1922
2026-09-19 22:17:16,HAUSP-UB[noL2+noEUCS],BIBLE,1,0,0.001000,0.000,0.200,15283678,14546,11,7088,7100,2,0,0,25415115,7802,0,25328590,0.000000,0.271234,0.279246,10469,0,1887.44,25415995,25413045,8255,8894,SUCCESS,86236,4,,141123072,10770464,0,43836672,,,,,425,714,used,,,,20260918-1922
2026-09-19 22:17:24,HAUSP-UB[noL2+noEUCS],BIBLE,2,0,0.001000,0.000,0.200,21271931,21819,9,7396,7406,1,0,0,21229906,9874,0,21163853,0.000000,0.273117,0.281164,8283,0,1996.10,21230147,21228420,7296,10949,SUCCESS,65736,4,,187660288,15002144,0,103105664,,,,,422,739,used,,,,20260918-1922
2026-09-19 22:17:35,HAUSP-UB[noL2+noEUCS],BIBLE,3,0,0.001000,0.000,0.200,28633935,29092,11,10508,10519,2,0,0,25139190,11155,0,25069381,0.000000,0.269625,0.277551,8226,0,2158.85,25138643,25137219,6665,12232,SUCCESS,69470,4,,258678528,20253760,0,154204160,,,,,414,753,used,,,,20260918-1922
2026-09-19 22:17:46,HAUSP-UB[noL2+noEUCS],BIBLE,4,0,0.001000,0.000,0.200,35550162,36369,11,10532,10543,2,0,0,21936545,12820,0,21880136,0.000000,0.261646,0.269156,6713,0,2290.29,21936367,21934703,7046,13905,SUCCESS,56071,4,,295898240,25186112,0,240065408,,,,,428,766,used,,,,20260918-1922
2026-09-19 22:17:51,HAUSP-UB[noL2+noEUCS],BIBLE,0,1,0.001000,0.000,0.200,7617167,7273,11,4676,4687,2,0,0,25214943,5060,0,25097998,0.000000,0.240219,0.246177,9964,0,1722.69,25219342,25207829,11513,6208,SUCCESS,116722,4,,66852864,5506208,0,4278784,,,,,438,661,used,,,,20260918-1922
2026-09-19 22:17:58,HAUSP-UB[noL2+noEUCS],BIBLE,1,1,0.001000,0.000,0.200,15283678,14546,11,7083,7094,2,0,0,25415115,7802,0,25328590,0.000000,0.271234,0.279246,10469,0,1887.44,25415995,25413045,8255,8894,SUCCESS,86236,4,,141123072,10770464,0,43836672,,,,,425,714,used,,,,20260918-1922
2026-09-19 22:18:06,HAUSP-UB[noL2+noEUCS],BIBLE,2,1,0.001000,0.000,0.200,21271931,21819,10,7383,7394,1,0,0,21229906,9874,0,21163853,0.000000,0.273117,0.281164,8283,0,1996.10,21230147,21228420,7296,10949,SUCCESS,65736,4,,187660288,15002144,0,103105664,,,,,422,739,used,,,,20260918-1922
2026-09-19 22:18:17,HAUSP-UB[noL2+noEUCS],BIBLE,3,1,0.001000,0.000,0.200,28633935,29092,11,10473,10485,2,0,0,25139190,11155,0,25069381,0.000000,0.269625,0.277551,8226,0,2158.85,25138643,25137219,6665,12232,SUCCESS,69470,4,,258678528,20253760,0,154204160,,,,,414,753,used,,,,20260918-1922
2026-09-19 22:18:28,HAUSP-UB[noL2+noEUCS],BIBLE,4,1,0.001000,0.000,0.200,35550162,36369,10,10563,10574,2,0,0,21936545,12820,0,21880136,0.000000,0.261646,0.269156,6713,0,2290.29,21936367,21934703,7046,13905,SUCCESS,56071,4,,295898240,25186112,0,240065408,,,,,428,766,used,,,,20260918-1922
2026-09-19 22:18:33,HAUSP-UB[noL2+noEUCS],BIBLE,0,2,0.001000,0.000,0.200,7617167,7273,10,4675,4686,2,0,0,25214943,5060,0,25097998,0.000000,0.240219,0.246177,9964,0,1722.69,25219342,25207829,11513,6208,SUCCESS,116722,4,,66852864,5506208,0,4278784,,,,,438,661,used,,,,20260918-1922
2026-09-19 22:18:41,HAUSP-UB[noL2+noEUCS],BIBLE,1,2,0.001000,0.000,0.200,15283678,14546,11,7114,7126,2,0,0,25415115,7802,0,25328590,0.000000,0.271234,0.279246,10469,0,1887.44,25415995,25413045,8255,8894,SUCCESS,86236,4,,141123072,10770464,0,43836672,,,,,425,714,used,,,,20260918-1922
2026-09-19 22:18:48,HAUSP-UB[noL2+noEUCS],BIBLE,2,2,0.001000,0.000,0.200,21271931,21819,10,7374,7385,1,0,0,21229906,9874,0,21163853,0.000000,0.273117,0.281164,8283,0,1996.10,21230147,21228420,7296,10949,SUCCESS,65736,4,,187660288,15002144,0,103105664,,,,,422,739,used,,,,20260918-1922
2026-09-19 22:18:59,HAUSP-UB[noL2+noEUCS],BIBLE,3,2,0.001000,0.000,0.200,28633935,29092,11,10493,10504,2,0,0,25139190,11155,0,25069381,0.000000,0.269625,0.277551,8226,0,2158.85,25138643,25137219,6665,12232,SUCCESS,69470,4,,258678528,20253760,0,154204160,,,,,414,753,used,,,,20260918-1922
2026-09-19 22:19:10,HAUSP-UB[noL2+noEUCS],BIBLE,4,2,0.001000,0.000,0.200,35550162,36369,10,10546,10557,2,0,0,21936545,12820,0,21880136,0.000000,0.261646,0.269156,6713,0,2290.29,21936367,21934703,7046,13905,SUCCESS,56071,4,,295898240,25186112,0,240065408,,,,,428,766,used,,,,20260918-1922
2026-09-19 22:19:15,HAUSP-UB[noEUCS],BIBLE,0,0,0.001000,0.000,0.200,7617167,7273,10,4445,4456,2,0,0,25214943,5060,25092666,5332,0.000000,0.240219,0.246177,9964,0,1650.69,25219342,25211753,7589,6208,SUCCESS,116722,5,,30058624,5506208,0,4278784,,,,,438,661,used,,,,20260918-1922
2026-09-19 22:19:22,HAUSP-UB[noEUCS],BIBLE,1,0,0.001000,0.000,0.200,15283678,14546,11,6746,6758,2,0,0,25415115,7802,25323890,4700,0.000000,0.271234,0.279246,10469,0,1757.07,25415995,25413350,4026,8894,SUCCESS,86236,5,,59260160,10770464,0,40111616,,,,,425,714,used,,,,20260918-1922
2026-09-19 22:19:30,HAUSP-UB[noEUCS],BIBLE,2,0,0.001000,0.000,0.200,21271931,21819,10,7107,7117,1,0,0,21229906,9874,21160285,3568,0.000000,0.273117,0.281164,8283,0,1848.63,21230147,21228174,3313,10949,SUCCESS,65736,5,,67833856,15002144,0,103838336,,,,,422,739,used,,,,20260918-1922
2026-09-19 22:19:40,HAUSP-UB[noEUCS],BIBLE,3,0,0.001000,0.000,0.200,28633935,29092,11,10059,10070,2,0,0,25139190,11155,25065620,3761,0.000000,0.269625,0.277551,8226,0,1987.80,25138643,25137351,2550,12232,SUCCESS,69470,5,,89202688,20253760,0,177078528,,,,,414,753,used,,,,20260918-1922
2026-09-19 22:19:50,HAUSP-UB[noEUCS],BIBLE,4,0,0.001000,0.000,0.200,35550162,36369,10,10141,10152,2,0,0,21936545,12820,21877203,2933,0.000000,0.261646,0.269156,6713,0,2106.62,21936367,21934699,2935,13905,SUCCESS,56071,5,,98629632,25186112,0,269986048,,,,,428,766,used,,,,20260918-1922
2026-09-19 22:19:56,HAUSP-UB[noEUCS],BIBLE,0,1,0.001000,0.000,0.200,7617167,7273,10,4430,4441,2,0,0,25214943,5060,25092666,5332,0.000000,0.240219,0.246177,9964,0,1650.69,25219342,25211753,7589,6208,SUCCESS,116722,5,,30058624,5506208,0,4278784,,,,,438,661,used,,,,20260918-1922
2026-09-19 22:20:03,HAUSP-UB[noEUCS],BIBLE,1,1,0.001000,0.000,0.200,15283678,14546,11,6722,6734,2,0,0,25415115,7802,25323890,4700,0.000000,0.271234,0.279246,10469,0,1757.07,25415995,25413350,4026,8894,SUCCESS,86236,5,,59260160,10770464,0,40111616,,,,,425,714,used,,,,20260918-1922
2026-09-19 22:20:10,HAUSP-UB[noEUCS],BIBLE,2,1,0.001000,0.000,0.200,21271931,21819,9,7082,7092,1,0,0,21229906,9874,21160285,3568,0.000000,0.273117,0.281164,8283,0,1848.63,21230147,21228174,3313,10949,SUCCESS,65736,5,,67833856,15002144,0,103838336,,,,,422,739,used,,,,20260918-1922
2026-09-19 22:20:20,HAUSP-UB[noEUCS],BIBLE,3,1,0.001000,0.000,0.200,28633935,29092,11,10035,10046,2,0,0,25139190,11155,25065620,3761,0.000000,0.269625,0.277551,8226,0,1987.80,25138643,25137351,2550,12232,SUCCESS,69470,5,,89202688,20253760,0,177078528,,,,,414,753,used,,,,20260918-1922
2026-09-19 22:20:31,HAUSP-UB[noEUCS],BIBLE,4,1,0.001000,0.000,0.200,35550162,36369,10,10117,10128,2,0,0,21936545,12820,21877203,2933,0.000000,0.261646,0.269156,6713,0,2106.62,21936367,21934699,2935,13905,SUCCESS,56071,5,,98629632,25186112,0,269986048,,,,,428,766,used,,,,20260918-1922
2026-09-19 22:20:36,HAUSP-UB[noEUCS],BIBLE,0,2,0.001000,0.000,0.200,7617167,7273,10,4438,4449,2,0,0,25214943,5060,25092666,5332,0.000000,0.240219,0.246177,9964,0,1650.69,25219342,25211753,7589,6208,SUCCESS,116722,5,,30058624,5506208,0,4278784,,,,,438,661,used,,,,20260918-1922
2026-09-19 22:20:43,HAUSP-UB[noEUCS],BIBLE,1,2,0.001000,0.000,0.200,15283678,14546,11,6710,6721,2,0,0,25415115,7802,25323890,4700,0.000000,0.271234,0.279246,10469,0,1757.07,25415995,25413350,4026,8894,SUCCESS,86236,5,,59260160,10770464,0,40111616,,,,,425,714,used,,,,20260918-1922
2026-09-19 22:20:50,HAUSP-UB[noEUCS],BIBLE,2,2,0.001000,0.000,0.200,21271931,21819,10,7077,7087,1,0,0,21229906,9874,21160285,3568,0.000000,0.273117,0.281164,8283,0,1848.63,21230147,21228174,3313,10949,SUCCESS,65736,5,,67833856,15002144,0,103838336,,,,,422,739,used,,,,20260918-1922
2026-09-19 22:21:01,HAUSP-UB[noEUCS],BIBLE,3,2,0.001000,0.000,0.200,28633935,29092,11,10062,10073,2,0,0,25139190,11155,25065620,3761,0.000000,0.269625,0.277551,8226,0,1987.80,25138643,25137351,2550,12232,SUCCESS,69470,5,,89202688,20253760,0,177078528,,,,,414,753,used,,,,20260918-1922
2026-09-19 22:21:11,HAUSP-UB[noEUCS],BIBLE,4,2,0.001000,0.000,0.200,35550162,36369,10,10133,10144,2,0,0,21936545,12820,21877203,2933,0.000000,0.261646,0.269156,6713,0,2106.62,21936367,21934699,2935,13905,SUCCESS,56071,5,,98629632,25186112,0,269986048,,,,,428,766,used,,,,20260918-1922
2026-09-19 22:21:35,EHAUSM-I,BMS1_SPMF,0,0,0.003500,0.000,0.200,1577987,11920,32,22081,22114,0,0,0,100789904,18,100321904,0,0.152712,0.000000,0.000000,100,0,5520.03,0,0,0,0,SUCCESS,0,0,,,,,,,,,,,,used,,,,20260918-1922
2026-09-19 22:21:35,EHAUSM-I,BMS1_SPMF,1,0,0.003500,0.000,0.200,2805280,23840,9,614,623,0,0,0,1153576,22,1139467,0,0.127373,0.000000,0.000000,97,0,3185.56,0,0,0,0,SUCCESS,0,0,,,,,,,,,,,,used,,,,20260918-1922
2026-09-19 22:21:36,EHAUSM-I,BMS1_SPMF,2,0,0.003500,0.000,0.200,4090185,35760,10,189,199,0,0,0,194754,61,191683,0,0.157902,0.000000,0.000000,94,0,1834.70,0,0,0,0,SUCCESS,0,0,,,,,,,,,,,,used,,,,20260918-1922
2026-09-19 22:21:36,EHAUSM-I,BMS1_SPMF,3,0,0.003500,0.000,0.200,5578380,47680,11,314,326,0,0,0,384297,45,380846,0,0.165245,0.000000,0.000000,93,0,2037.98,0,0,0,0,SUCCESS,0,0,,,,,,,,,,,,used,,,,20260918-1922
2026-09-19 22:23:06,EHAUSM-I,BMS1_SPMF,4,0,0.003500,0.000,0.200,7229030,59601,13,88818,88832,0,0,0,77822471,133,77149227,0,0.195364,0.000000,0.000000,93,0,7485.26,0,0,0,0,SUCCESS,0,0,,,,,,,,,,,,used,,,,20260918-1922
2026-09-19 22:23:29,EHAUSM-I,BMS1_SPMF,0,1,0.003500,0.000,0.200,1577987,11920,6,21526,21532,0,0,0,100789904,18,100321904,0,0.152712,0.000000,0.000000,100,0,4176.51,0,0,0,0,SUCCESS,0,0,,,,,,,,,,,,used,,,,20260918-1922
2026-09-19 22:23:29,EHAUSM-I,BMS1_SPMF,1,1,0.003500,0.000,0.200,2805280,23840,7,569,577,0,0,0,1153576,22,1139467,0,0.127373,0.000000,0.000000,97,0,3186.05,0,0,0,0,SUCCESS,0,0,,,,,,,,,,,,used,,,,20260918-1922
2026-09-19 22:23:30,EHAUSM-I,BMS1_SPMF,2,1,0.003500,0.000,0.200,4090185,35760,9,184,194,0,0,0,194754,61,191683,0,0.157902,0.000000,0.000000,94,0,1834.70,0,0,0,0,SUCCESS,0,0,,,,,,,,,,,,used,,,,20260918-1922
2026-09-19 22:23:30,EHAUSM-I,BMS1_SPMF,3,1,0.003500,0.000,0.200,5578380,47680,11,308,319,0,0,0,384297,45,380846,0,0.165245,0.000000,0.000000,93,0,2037.98,0,0,0,0,SUCCESS,0,0,,,,,,,,,,,,used,,,,20260918-1922
2026-09-19 22:25:00,EHAUSM-I,BMS1_SPMF,4,1,0.003500,0.000,0.200,7229030,59601,13,88524,88538,0,0,0,77822471,133,77149227,0,0.195364,0.000000,0.000000,93,0,3403.87,0,0,0,0,SUCCESS,0,0,,,,,,,,,,,,used,,,,20260918-1922
2026-09-19 22:25:23,EHAUSM-I,BMS1_SPMF,0,2,0.003500,0.000,0.200,1577987,11920,6,22549,22556,0,0,0,100789904,18,100321904,0,0.152712,0.000000,0.000000,100,0,4107.88,0,0,0,0,SUCCESS,0,0,,,,,,,,,,,,used,,,,20260918-1922
2026-09-19 22:25:24,EHAUSM-I,BMS1_SPMF,1,2,0.003500,0.000,0.200,2805280,23840,8,602,611,0,0,0,1153576,22,1139467,0,0.127373,0.000000,0.000000,97,0,3186.70,0,0,0,0,SUCCESS,0,0,,,,,,,,,,,,used,,,,20260918-1922
2026-09-19 22:25:25,EHAUSM-I,BMS1_SPMF,2,2,0.003500,0.000,0.200,4090185,35760,10,184,194,0,0,0,194754,61,191683,0,0.157902,0.000000,0.000000,94,0,1835.00,0,0,0,0,SUCCESS,0,0,,,,,,,,,,,,used,,,,20260918-1922
2026-09-19 22:25:25,EHAUSM-I,BMS1_SPMF,3,2,0.003500,0.000,0.200,5578380,47680,11,307,319,0,0,0,384297,45,380846,0,0.165245,0.000000,0.000000,93,0,2038.29,0,0,0,0,SUCCESS,0,0,,,,,,,,,,,,used,,,,20260918-1922
2026-09-19 22:26:55,EHAUSM-I,BMS1_SPMF,4,2,0.003500,0.000,0.200,7229030,59601,13,88549,88563,0,0,0,77822471,133,77149227,0,0.195364,0.000000,0.000000,93,0,5180.80,0,0,0,0,SUCCESS,0,0,,,,,,,,,,,,used,,,,20260918-1922
2026-09-19 22:27:12,EHAUSM-R,BMS1_SPMF,0,0,0.003500,0.000,0.200,1577987,11920,28,16350,16379,0,0,0,100789904,18,100321904,0,0.079294,0.000000,0.000000,100,0,1567.19,0,0,0,0,SUCCESS,0,1,,,,,,,,,,,,used,,,,20260918-1922
2026-09-19 22:27:13,EHAUSM-R,BMS1_SPMF,1,0,0.003500,0.000,0.200,2805280,23840,14,617,631,0,0,0,3046411,22,3032302,0,0.057037,0.000000,0.000000,97,0,2774.74,0,0,0,0,SUCCESS,0,1,,,,,,,,,,,,used,,,,20260918-1922
2026-09-19 22:27:13,EHAUSM-R,BMS1_SPMF,2,0,0.003500,0.000,0.200,4090185,35760,13,198,211,0,0,0,611388,61,608317,0,0.059392,0.000000,0.000000,94,0,1784.79,0,0,0,0,SUCCESS,0,1,,,,,,,,,,,,used,,,,20260918-1922
2026-09-19 22:27:14,EHAUSM-R,BMS1_SPMF,3,0,0.003500,0.000,0.200,5578380,47680,15,290,305,0,0,0,671378,45,667927,0,0.066552,0.000000,0.000000,93,0,1883.41,0,0,0,0,SUCCESS,0,1,,,,,,,,,,,,used,,,,20260918-1922
2026-09-19 22:28:31,EHAUSM-R,BMS1_SPMF,4,0,0.003500,0.000,0.200,7229030,59601,19,76809,76828,0,0,0,103110382,133,102437138,0,0.090065,0.000000,0.000000,93,0,2446.90,0,0,0,0,SUCCESS,0,1,,,,,,,,,,,,used,,,,20260918-1922
2026-09-19 22:28:48,EHAUSM-R,BMS1_SPMF,0,1,0.003500,0.000,0.200,1577987,11920,6,16671,16678,0,0,0,100789904,18,100321904,0,0.079294,0.000000,0.000000,100,0,5431.32,0,0,0,0,SUCCESS,0,1,,,,,,,,,,,,used,,,,20260918-1922
2026-09-19 22:28:49,EHAUSM-R,BMS1_SPMF,1,1,0.003500,0.000,0.200,2805280,23840,9,631,641,0,0,0,3046411,22,3032302,0,0.057037,0.000000,0.000000,97,0,2774.74,0,0,0,0,SUCCESS,0,1,,,,,,,,,,,,used,,,,20260918-1922
2026-09-19 22:28:50,EHAUSM-R,BMS1_SPMF,2,1,0.003500,0.000,0.200,4090185,35760,12,189,202,0,0,0,611388,61,608317,0,0.059392,0.000000,0.000000,94,0,1784.79,0,0,0,0,SUCCESS,0,1,,,,,,,,,,,,used,,,,20260918-1922
2026-09-19 22:28:50,EHAUSM-R,BMS1_SPMF,3,1,0.003500,0.000,0.200,5578380,47680,13,280,294,0,0,0,671378,45,667927,0,0.066552,0.000000,0.000000,93,0,1883.41,0,0,0,0,SUCCESS,0,1,,,,,,,,,,,,used,,,,20260918-1922
2026-09-19 22:30:07,EHAUSM-R,BMS1_SPMF,4,1,0.003500,0.000,0.200,7229030,59601,18,75903,75921,0,0,0,103110382,133,102437138,0,0.090065,0.000000,0.000000,93,0,3870.27,0,0,0,0,SUCCESS,0,1,,,,,,,,,,,,used,,,,20260918-1922
2026-09-19 22:30:24,EHAUSM-R,BMS1_SPMF,0,2,0.003500,0.000,0.200,1577987,11920,6,16721,16728,0,0,0,100789904,18,100321904,0,0.079294,0.000000,0.000000,100,0,5351.40,0,0,0,0,SUCCESS,0,1,,,,,,,,,,,,used,,,,20260918-1922
2026-09-19 22:30:25,EHAUSM-R,BMS1_SPMF,1,2,0.003500,0.000,0.200,2805280,23840,9,650,660,0,0,0,3046411,22,3032302,0,0.057037,0.000000,0.000000,97,0,2774.74,0,0,0,0,SUCCESS,0,1,,,,,,,,,,,,used,,,,20260918-1922
2026-09-19 22:30:25,EHAUSM-R,BMS1_SPMF,2,2,0.003500,0.000,0.200,4090185,35760,11,189,201,0,0,0,611388,61,608317,0,0.059392,0.000000,0.000000,94,0,1784.79,0,0,0,0,SUCCESS,0,1,,,,,,,,,,,,used,,,,20260918-1922
2026-09-19 22:30:26,EHAUSM-R,BMS1_SPMF,3,2,0.003500,0.000,0.200,5578380,47680,14,285,299,0,0,0,671378,45,667927,0,0.066552,0.000000,0.000000,93,0,1883.41,0,0,0,0,SUCCESS,0,1,,,,,,,,,,,,used,,,,20260918-1922
2026-09-19 22:31:42,EHAUSM-R,BMS1_SPMF,4,2,0.003500,0.000,0.200,7229030,59601,17,75893,75911,0,0,0,103110382,133,102437138,0,0.090065,0.000000,0.000000,93,0,1662.82,0,0,0,0,SUCCESS,0,1,,,,,,,,,,,,used,,,,20260918-1922
2026-09-19 22:31:53,HAUSP-UB[noL2+L3@node+nopool+noEUCS],BMS1_SPMF,0,0,0.003500,0.000,0.200,1577987,11920,3,9640,9644,0,0,0,100789904,19,0,100321903,0.000000,0.127678,0.127678,100,0,4483.97,100789922,0,2297,335,SUCCESS,100789903,2,,197760,1012928,0,730112,,,,,100321903,1,used,,,,20260918-1922
2026-09-19 22:31:53,HAUSP-UB[noL2+L3@node+nopool+noEUCS],BMS1_SPMF,1,0,0.003500,0.000,0.200,2805280,23840,2,363,365,0,0,0,3046411,24,0,3032300,0.000000,0.101299,0.101309,97,0,2280.33,3046098,0,1336,338,SUCCESS,3046409,2,,48128,1844768,0,1302272,,,,,3032300,2,used,,,,20260918-1922
2026-09-19 22:31:54,HAUSP-UB[noL2+L3@node+nopool+noEUCS],BMS1_SPMF,2,0,0.003500,0.000,0.200,4090185,35760,2,108,111,0,0,0,611388,74,0,608304,0.000000,0.099717,0.099771,94,0,1691.30,611111,0,1144,387,SUCCESS,611375,2,,11904,2728384,0,1957632,,,,,608304,13,used,,,,20260918-1922
2026-09-19 22:31:54,HAUSP-UB[noL2+L3@node+nopool+noEUCS],BMS1_SPMF,3,0,0.003500,0.000,0.200,5578380,47680,2,170,173,0,0,0,671378,72,0,667900,0.000000,0.108745,0.108796,93,0,1782.44,671036,0,1042,389,SUCCESS,671351,2,,75648,3699328,0,2633216,,,,,667900,27,used,,,,20260918-1922
2026-09-19 22:32:46,HAUSP-UB[noL2+L3@node+nopool+noEUCS],BMS1_SPMF,4,0,0.003500,0.000,0.200,7229030,59601,4,51969,51973,0,0,0,103110382,170,0,102437101,0.000000,0.144518,0.144519,93,0,4369.71,103110126,0,1701,497,SUCCESS,103110345,2,,473728,4788416,0,3355264,,,,,102437101,37,used,,,,20260918-1922
2026-09-19 22:32:57,HAUSP-UB[noL2+L3@node+nopool+noEUCS],BMS1_SPMF,0,1,0.003500,0.000,0.200,1577987,11920,3,9880,9884,0,0,0,100789904,19,0,100321903,0.000000,0.127678,0.127678,100,0,7313.13,100789922,0,2297,335,SUCCESS,100789903,2,,41728,1012928,0,730112,,,,,100321903,1,used,,,,20260918-1922
2026-09-19 22:32:58,HAUSP-UB[noL2+L3@node+nopool+noEUCS],BMS1_SPMF,1,1,0.003500,0.000,0.200,2805280,23840,2,412,415,0,0,0,3046411,24,0,3032300,0.000000,0.101299,0.101309,97,0,2280.33,3046098,0,1336,338,SUCCESS,3046409,2,,48128,1844768,0,1302272,,,,,3032300,2,used,,,,20260918-1922
2026-09-19 22:32:58,HAUSP-UB[noL2+L3@node+nopool+noEUCS],BMS1_SPMF,2,1,0.003500,0.000,0.200,4090185,35760,2,118,121,0,0,0,611388,74,0,608304,0.000000,0.099717,0.099771,94,0,1691.30,611111,0,1144,387,SUCCESS,611375,2,,11904,2728384,0,1957632,,,,,608304,13,used,,,,20260918-1922
2026-09-19 22:32:59,HAUSP-UB[noL2+L3@node+nopool+noEUCS],BMS1_SPMF,3,1,0.003500,0.000,0.200,5578380,47680,2,177,180,0,0,0,671378,72,0,667900,0.000000,0.108745,0.108796,93,0,1782.49,671036,0,1042,389,SUCCESS,671351,2,,75648,3699328,0,2633216,,,,,667900,27,used,,,,20260918-1922
2026-09-19 22:33:51,HAUSP-UB[noL2+L3@node+nopool+noEUCS],BMS1_SPMF,4,1,0.003500,0.000,0.200,7229030,59601,4,52034,52039,0,0,0,103110382,170,0,102437101,0.000000,0.144518,0.144519,93,0,4641.99,103110126,0,1701,497,SUCCESS,103110345,2,,439040,4788416,0,3355264,,,,,102437101,37,used,,,,20260918-1922
2026-09-19 22:34:01,HAUSP-UB[noL2+L3@node+nopool+noEUCS],BMS1_SPMF,0,2,0.003500,0.000,0.200,1577987,11920,3,9575,9579,0,0,0,100789904,19,0,100321903,0.000000,0.127678,0.127678,100,0,4371.97,100789922,0,2297,335,SUCCESS,100789903,2,,212992,1012928,0,730112,,,,,100321903,1,used,,,,20260918-1922
2026-09-19 22:34:02,HAUSP-UB[noL2+L3@node+nopool+noEUCS],BMS1_SPMF,1,2,0.003500,0.000,0.200,2805280,23840,2,361,363,0,0,0,3046411,24,0,3032300,0.000000,0.101299,0.101309,97,0,2280.33,3046098,0,1336,338,SUCCESS,3046409,2,,48128,1844768,0,1302272,,,,,3032300,2,used,,,,20260918-1922
2026-09-19 22:34:02,HAUSP-UB[noL2+L3@node+nopool+noEUCS],BMS1_SPMF,2,2,0.003500,0.000,0.200,4090185,35760,2,107,110,0,0,0,611388,74,0,608304,0.000000,0.099717,0.099771,94,0,1691.70,611111,0,1144,387,SUCCESS,611375,2,,11904,2728384,0,1957632,,,,,608304,13,used,,,,20260918-1922
2026-09-19 22:34:03,HAUSP-UB[noL2+L3@node+nopool+noEUCS],BMS1_SPMF,3,2,0.003500,0.000,0.200,5578380,47680,2,170,173,0,0,0,671378,72,0,667900,0.000000,0.108745,0.108796,93,0,1783.06,671036,0,1042,389,SUCCESS,671351,2,,75648,3699328,0,2633216,,,,,667900,27,used,,,,20260918-1922
2026-09-19 22:34:55,HAUSP-UB[noL2+L3@node+nopool+noEUCS],BMS1_SPMF,4,2,0.003500,0.000,0.200,7229030,59601,4,51871,51875,1,0,0,103110382,170,0,102437101,0.000000,0.144518,0.144519,93,0,4290.35,103110126,0,1701,497,SUCCESS,103110345,2,,458624,4788416,0,3355264,,,,,102437101,37,used,,,,20260918-1922
2026-09-19 22:35:05,HAUSP-UB[noL2+nopool+noEUCS],BMS1_SPMF,0,0,0.003500,0.000,0.200,1577987,11920,3,9073,9077,0,0,0,100789904,19,0,100321903,0.000000,0.043005,0.043066,100,0,8976.88,100789922,0,2297,335,SUCCESS,468067,3,,104320,1012928,0,730112,,,,,67,1,used,,,,20260918-1922
2026-09-19 22:35:06,HAUSP-UB[noL2+nopool+noEUCS],BMS1_SPMF,1,0,0.003500,0.000,0.200,2805280,23840,2,378,381,0,0,0,3046411,24,0,3032300,0.000000,0.042039,0.044379,97,0,2112.33,3046098,0,1336,338,SUCCESS,14207,3,,84352,1844768,0,1302272,,,,,98,2,used,,,,20260918-1922
2026-09-19 22:35:06,HAUSP-UB[noL2+nopool+noEUCS],BMS1_SPMF,2,0,0.003500,0.000,0.200,4090185,35760,2,103,106,0,0,0,611388,74,0,608304,0.000000,0.064957,0.075240,94,0,1571.30,611111,0,1144,387,SUCCESS,3188,3,,50944,2728384,0,1957632,,,,,117,13,used,,,,20260918-1922
2026-09-19 22:35:06,HAUSP-UB[noL2+nopool+noEUCS],BMS1_SPMF,3,0,0.003500,0.000,0.200,5578380,47680,2,169,172,0,0,0,671378,72,0,667900,0.000000,0.057647,0.067303,93,0,1670.44,671036,0,1042,389,SUCCESS,3563,3,,92928,3699328,0,2633216,,,,,112,27,used,,,,20260918-1922
2026-09-19 22:35:58,HAUSP-UB[noL2+nopool+noEUCS],BMS1_SPMF,4,0,0.003500,0.000,0.200,7229030,59601,4,51257,51261,0,0,0,103110382,170,0,102437101,0.000000,0.039763,0.039814,93,0,4569.43,103110126,0,1701,497,SUCCESS,673331,3,,327040,4788416,0,3355264,,,,,87,37,used,,,,20260918-1922
2026-09-19 22:36:08,HAUSP-UB[noL2+nopool+noEUCS],BMS1_SPMF,0,1,0.003500,0.000,0.200,1577987,11920,3,9006,9010,0,0,0,100789904,19,0,100321903,0.000000,0.043005,0.043066,100,0,5897.12,100789922,0,2297,335,SUCCESS,468067,3,,62080,1012928,0,730112,,,,,67,1,used,,,,20260918-1922
2026-09-19 22:36:08,HAUSP-UB[noL2+nopool+noEUCS],BMS1_SPMF,1,1,0.003500,0.000,0.200,2805280,23840,2,360,363,0,0,0,3046411,24,0,3032300,0.000000,0.042039,0.044379,97,0,2112.33,3046098,0,1336,338,SUCCESS,14207,3,,84352,1844768,0,1302272,,,,,98,2,used,,,,20260918-1922
2026-09-19 22:36:09,HAUSP-UB[noL2+nopool+noEUCS],BMS1_SPMF,2,1,0.003500,0.000,0.200,4090185,35760,2,119,122,0,0,0,611388,74,0,608304,0.000000,0.064957,0.075240,94,0,1571.30,611111,0,1144,387,SUCCESS,3188,3,,50944,2728384,0,1957632,,,,,117,13,used,,,,20260918-1922
2026-09-19 22:36:09,HAUSP-UB[noL2+nopool+noEUCS],BMS1_SPMF,3,1,0.003500,0.000,0.200,5578380,47680,2,165,168,0,0,0,671378,72,0,667900,0.000000,0.057647,0.067303,93,0,1670.44,671036,0,1042,389,SUCCESS,3563,3,,92928,3699328,0,2633216,,,,,112,27,used,,,,20260918-1922
2026-09-19 22:37:01,HAUSP-UB[noL2+nopool+noEUCS],BMS1_SPMF,4,1,0.003500,0.000,0.200,7229030,59601,4,51166,51171,0,0,0,103110382,170,0,102437101,0.000000,0.039763,0.039814,93,0,4568.72,103110126,0,1701,497,SUCCESS,673331,3,,327040,4788416,0,3355264,,,,,87,37,used,,,,20260918-1922
2026-09-19 22:37:10,HAUSP-UB[noL2+nopool+noEUCS],BMS1_SPMF,0,2,0.003500,0.000,0.200,1577987,11920,3,8756,8760,0,0,0,100789904,19,0,100321903,0.000000,0.043005,0.043066,100,0,4328.89,100789922,0,2297,335,SUCCESS,468067,3,,127872,1012928,0,730112,,,,,67,1,used,,,,20260918-1922
2026-09-19 22:37:11,HAUSP-UB[noL2+nopool+noEUCS],BMS1_SPMF,1,2,0.003500,0.000,0.200,2805280,23840,2,332,335,0,0,0,3046411,24,0,3032300,0.000000,0.042039,0.044379,97,0,2112.33,3046098,0,1336,338,SUCCESS,14207,3,,84352,1844768,0,1302272,,,,,98,2,used,,,,20260918-1922
2026-09-19 22:37:11,HAUSP-UB[noL2+nopool+noEUCS],BMS1_SPMF,2,2,0.003500,0.000,0.200,4090185,35760,2,103,106,0,0,0,611388,74,0,608304,0.000000,0.064957,0.075240,94,0,1571.74,611111,0,1144,387,SUCCESS,3188,3,,50944,2728384,0,1957632,,,,,117,13,used,,,,20260918-1922
2026-09-19 22:37:12,HAUSP-UB[noL2+nopool+noEUCS],BMS1_SPMF,3,2,0.003500,0.000,0.200,5578380,47680,2,162,165,0,0,0,671378,72,0,667900,0.000000,0.057647,0.067303,93,0,1671.15,671036,0,1042,389,SUCCESS,3563,3,,92928,3699328,0,2633216,,,,,112,27,used,,,,20260918-1922
2026-09-19 22:38:03,HAUSP-UB[noL2+nopool+noEUCS],BMS1_SPMF,4,2,0.003500,0.000,0.200,7229030,59601,4,51110,51115,1,0,0,103110382,170,0,102437101,0.000000,0.039763,0.039814,93,0,4265.86,103110126,0,1701,497,SUCCESS,673331,3,,338944,4788416,0,3355264,,,,,87,37,used,,,,20260918-1922
2026-09-19 22:38:11,HAUSP-UB[noL2+noEUCS],BMS1_SPMF,0,0,0.003500,0.000,0.200,1577987,11920,3,7493,7497,0,0,0,100789904,19,0,100321903,0.000000,0.043005,0.043066,100,0,1499.97,100789922,100787625,2297,335,SUCCESS,468067,4,,0,1012928,0,730112,,,,,67,1,used,,,,20260918-1922
2026-09-19 22:38:12,HAUSP-UB[noL2+noEUCS],BMS1_SPMF,1,0,0.003500,0.000,0.200,2805280,23840,2,306,308,0,0,0,3046411,24,0,3032300,0.000000,0.042039,0.044379,97,0,1505.74,3046098,3046098,1336,338,SUCCESS,14207,4,,1228416,1844768,0,1303936,,,,,98,2,used,,,,20260918-1922
2026-09-19 22:38:12,HAUSP-UB[noL2+noEUCS],BMS1_SPMF,2,0,0.003500,0.000,0.200,4090185,35760,2,97,100,0,0,0,611388,74,0,608304,0.000000,0.064957,0.075240,94,0,1509.43,611111,611111,1144,387,SUCCESS,3188,4,,1913984,2728384,0,2000384,,,,,117,13,used,,,,20260918-1922
2026-09-19 22:38:13,HAUSP-UB[noL2+noEUCS],BMS1_SPMF,3,0,0.003500,0.000,0.200,5578380,47680,2,148,151,0,0,0,671378,72,0,667900,0.000000,0.057647,0.067303,93,0,1513.40,671036,671036,1042,389,SUCCESS,3563,4,,2805632,3699328,0,2647680,,,,,112,27,used,,,,20260918-1922
2026-09-19 22:38:57,HAUSP-UB[noL2+noEUCS],BMS1_SPMF,4,0,0.003500,0.000,0.200,7229030,59601,4,43635,43639,1,0,0,103110382,170,0,102437101,0.000000,0.039763,0.039814,93,0,1525.52,103110126,103110126,1701,497,SUCCESS,673331,4,,4224896,4788416,0,3665792,,,,,87,37,used,,,,20260918-1922
2026-09-19 22:39:05,HAUSP-UB[noL2+noEUCS],BMS1_SPMF,0,1,0.003500,0.000,0.200,1577987,11920,3,7482,7486,0,0,0,100789904,19,0,100321903,0.000000,0.043005,0.043066,100,0,1499.97,100789922,100787625,2297,335,SUCCESS,468067,4,,0,1012928,0,730112,,,,,67,1,used,,,,20260918-1922
2026-09-19 22:39:05,HAUSP-UB[noL2+noEUCS],BMS1_SPMF,1,1,0.003500,0.000,0.200,2805280,23840,2,307,310,0,0,0,3046411,24,0,3032300,0.000000,0.042039,0.044379,97,0,1505.74,3046098,3046098,1336,338,SUCCESS,14207,4,,1228416,1844768,0,1303936,,,,,98,2,used,,,,20260918-1922
2026-09-19 22:39:06,HAUSP-UB[noL2+noEUCS],BMS1_SPMF,2,1,0.003500,0.000,0.200,4090185,35760,2,97,100,0,0,0,611388,74,0,608304,0.000000,0.064957,0.075240,94,0,1509.43,611111,611111,1144,387,SUCCESS,3188,4,,1913984,2728384,0,2000384,,,,,117,13,used,,,,20260918-1922
2026-09-19 22:39:06,HAUSP-UB[noL2+noEUCS],BMS1_SPMF,3,1,0.003500,0.000,0.200,5578380,47680,2,148,151,0,0,0,671378,72,0,667900,0.000000,0.057647,0.067303,93,0,1513.40,671036,671036,1042,389,SUCCESS,3563,4,,2805632,3699328,0,2647680,,,,,112,27,used,,,,20260918-1922
2026-09-19 22:39:50,HAUSP-UB[noL2+noEUCS],BMS1_SPMF,4,1,0.003500,0.000,0.200,7229030,59601,4,43605,43609,1,0,0,103110382,170,0,102437101,0.000000,0.039763,0.039814,93,0,1525.52,103110126,103110126,1701,497,SUCCESS,673331,4,,4224896,4788416,0,3665792,,,,,87,37,used,,,,20260918-1922
2026-09-19 22:39:58,HAUSP-UB[noL2+noEUCS],BMS1_SPMF,0,2,0.003500,0.000,0.200,1577987,11920,3,7460,7464,0,0,0,100789904,19,0,100321903,0.000000,0.043005,0.043066,100,0,1499.97,100789922,100787625,2297,335,SUCCESS,468067,4,,0,1012928,0,730112,,,,,67,1,used,,,,20260918-1922
2026-09-19 22:39:59,HAUSP-UB[noL2+noEUCS],BMS1_SPMF,1,2,0.003500,0.000,0.200,2805280,23840,2,306,309,0,0,0,3046411,24,0,3032300,0.000000,0.042039,0.044379,97,0,1505.74,3046098,3046098,1336,338,SUCCESS,14207,4,,1228416,1844768,0,1303936,,,,,98,2,used,,,,20260918-1922
2026-09-19 22:39:59,HAUSP-UB[noL2+noEUCS],BMS1_SPMF,2,2,0.003500,0.000,0.200,4090185,35760,2,97,100,0,0,0,611388,74,0,608304,0.000000,0.064957,0.075240,94,0,1509.43,611111,611111,1144,387,SUCCESS,3188,4,,1913984,2728384,0,2000384,,,,,117,13,used,,,,20260918-1922
2026-09-19 22:40:00,HAUSP-UB[noL2+noEUCS],BMS1_SPMF,3,2,0.003500,0.000,0.200,5578380,47680,2,148,151,0,0,0,671378,72,0,667900,0.000000,0.057647,0.067303,93,0,1513.40,671036,671036,1042,389,SUCCESS,3563,4,,2805632,3699328,0,2647680,,,,,112,27,used,,,,20260918-1922
2026-09-19 22:40:44,HAUSP-UB[noL2+noEUCS],BMS1_SPMF,4,2,0.003500,0.000,0.200,7229030,59601,4,43607,43611,1,0,0,103110382,170,0,102437101,0.000000,0.039763,0.039814,93,0,1525.52,103110126,103110126,1701,497,SUCCESS,673331,4,,4224896,4788416,0,3665792,,,,,87,37,used,,,,20260918-1922
2026-09-19 22:40:51,HAUSP-UB[noEUCS],BMS1_SPMF,0,0,0.003500,0.000,0.200,1577987,11920,3,6825,6829,0,0,0,100789904,19,100321836,67,0.000000,0.043005,0.043066,100,0,1499.97,100789922,100788944,978,335,SUCCESS,468067,5,,0,1012928,0,730112,,,,,67,1,used,,,,20260918-1922
2026-09-19 22:40:52,HAUSP-UB[noEUCS],BMS1_SPMF,1,0,0.003500,0.000,0.200,2805280,23840,2,287,289,0,0,0,3046411,24,3032202,98,0.000000,0.042039,0.044379,97,0,1504.99,3046098,3046098,458,338,SUCCESS,14207,5,,608384,1844768,0,1304448,,,,,98,2,used,,,,20260918-1922
2026-09-19 22:40:52,HAUSP-UB[noEUCS],BMS1_SPMF,2,0,0.003500,0.000,0.200,4090185,35760,2,87,90,0,0,0,611388,74,608187,117,0.000000,0.064957,0.075240,94,0,1508.34,611111,611111,418,387,SUCCESS,3188,5,,907136,2728384,0,2031872,,,,,117,13,used,,,,20260918-1922
2026-09-19 22:40:52,HAUSP-UB[noEUCS],BMS1_SPMF,3,0,0.003500,0.000,0.200,5578380,47680,2,144,147,0,0,0,671378,72,667788,112,0.000000,0.057647,0.067303,93,0,1511.91,671036,671036,346,389,SUCCESS,3563,5,,1376128,3699328,0,2677888,,,,,112,27,used,,,,20260918-1922
2026-09-19 22:41:35,HAUSP-UB[noEUCS],BMS1_SPMF,4,0,0.003500,0.000,0.200,7229030,59601,4,42720,42724,1,0,0,103110382,170,102437014,87,0.000000,0.039763,0.039814,93,0,1523.61,103110126,103110126,562,497,SUCCESS,673331,5,,2157696,4788416,0,3846016,,,,,87,37,used,,,,20260918-1922
2026-09-19 22:41:43,HAUSP-UB[noEUCS],BMS1_SPMF,0,1,0.003500,0.000,0.200,1577987,11920,3,6834,6838,0,0,0,100789904,19,100321836,67,0.000000,0.043005,0.043066,100,0,1499.97,100789922,100788944,978,335,SUCCESS,468067,5,,0,1012928,0,730112,,,,,67,1,used,,,,20260918-1922
2026-09-19 22:41:44,HAUSP-UB[noEUCS],BMS1_SPMF,1,1,0.003500,0.000,0.200,2805280,23840,2,284,286,0,0,0,3046411,24,3032202,98,0.000000,0.042039,0.044379,97,0,1504.99,3046098,3046098,458,338,SUCCESS,14207,5,,608384,1844768,0,1304448,,,,,98,2,used,,,,20260918-1922
2026-09-19 22:41:44,HAUSP-UB[noEUCS],BMS1_SPMF,2,1,0.003500,0.000,0.200,4090185,35760,2,88,91,0,0,0,611388,74,608187,117,0.000000,0.064957,0.075240,94,0,1508.34,611111,611111,418,387,SUCCESS,3188,5,,907136,2728384,0,2031872,,,,,117,13,used,,,,20260918-1922
2026-09-19 22:41:44,HAUSP-UB[noEUCS],BMS1_SPMF,3,1,0.003500,0.000,0.200,5578380,47680,2,132,135,0,0,0,671378,72,667788,112,0.000000,0.057647,0.067303,93,0,1511.91,671036,671036,346,389,SUCCESS,3563,5,,1376128,3699328,0,2677888,,,,,112,27,used,,,,20260918-1922
2026-09-19 22:42:27,HAUSP-UB[noEUCS],BMS1_SPMF,4,1,0.003500,0.000,0.200,7229030,59601,4,42760,42764,1,0,0,103110382,170,102437014,87,0.000000,0.039763,0.039814,93,0,1523.61,103110126,103110126,562,497,SUCCESS,673331,5,,2157696,4788416,0,3846016,,,,,87,37,used,,,,20260918-1922
2026-09-19 22:42:35,HAUSP-UB[noEUCS],BMS1_SPMF,0,2,0.003500,0.000,0.200,1577987,11920,3,6808,6812,0,0,0,100789904,19,100321836,67,0.000000,0.043005,0.043066,100,0,1499.97,100789922,100788944,978,335,SUCCESS,468067,5,,0,1012928,0,730112,,,,,67,1,used,,,,20260918-1922
2026-09-19 22:42:36,HAUSP-UB[noEUCS],BMS1_SPMF,1,2,0.003500,0.000,0.200,2805280,23840,2,286,288,0,0,0,3046411,24,3032202,98,0.000000,0.042039,0.044379,97,0,1504.99,3046098,3046098,458,338,SUCCESS,14207,5,,608384,1844768,0,1304448,,,,,98,2,used,,,,20260918-1922
2026-09-19 22:42:36,HAUSP-UB[noEUCS],BMS1_SPMF,2,2,0.003500,0.000,0.200,4090185,35760,2,88,91,0,0,0,611388,74,608187,117,0.000000,0.064957,0.075240,94,0,1508.34,611111,611111,418,387,SUCCESS,3188,5,,907136,2728384,0,2031872,,,,,117,13,used,,,,20260918-1922
2026-09-19 22:42:36,HAUSP-UB[noEUCS],BMS1_SPMF,3,2,0.003500,0.000,0.200,5578380,47680,2,140,142,0,0,0,671378,72,667788,112,0.000000,0.057647,0.067303,93,0,1511.91,671036,671036,346,389,SUCCESS,3563,5,,1376128,3699328,0,2677888,,,,,112,27,used,,,,20260918-1922
2026-09-19 22:43:19,HAUSP-UB[noEUCS],BMS1_SPMF,4,2,0.003500,0.000,0.200,7229030,59601,4,42775,42780,1,0,0,103110382,170,102437014,87,0.000000,0.039763,0.039814,93,0,1523.61,103110126,103110126,562,497,SUCCESS,673331,5,,2157696,4788416,0,3846016,,,,,87,37,used,,,,20260918-1922
2026-09-19 22:45:01,EHAUSM-I,FIFA,0,0,0.012000,0.000,0.200,7402552,4090,82,100624,100707,0,0,0,25763977,1858,25612467,0,0.216064,0.000000,0.000000,231,0,3285.32,0,0,0,0,SUCCESS,0,0,,,,,,,,,,,,used,,,,20260918-1922
2026-09-19 22:47:45,EHAUSM-I,FIFA,1,0,0.012000,0.000,0.200,14678365,8180,17,162500,162517,0,0,0,23192267,2180,23062001,0,0.210594,0.000000,0.000000,215,0,5154.38,0,0,0,0,SUCCESS,0,0,,,,,,,,,,,,used,,,,20260918-1922
2026-09-19 22:52:00,EHAUSM-I,FIFA,2,0,0.012000,0.000,0.200,21657235,12270,19,253858,253877,0,0,0,22512694,2364,22377860,0,0.210001,0.000000,0.000000,280,0,6796.47,0,0,0,0,SUCCESS,0,0,,,,,,,,,,,,used,,,,20260918-1922
2026-09-19 22:57:32,EHAUSM-I,FIFA,3,0,0.012000,0.000,0.200,28870802,16360,21,330932,330953,0,0,0,22602061,2449,22466196,0,0.208589,0.000000,0.000000,346,0,5915.54,0,0,0,0,SUCCESS,0,0,,,,,,,,,,,,used,,,,20260918-1922
2026-09-19 23:04:07,EHAUSM-I,FIFA,4,0,0.012000,0.000,0.200,35721991,20450,22,392495,392518,0,0,0,21307703,2536,21179111,0,0.206729,0.000000,0.000000,334,0,6424.66,0,0,0,0,SUCCESS,0,0,,,,,,,,,,,,used,,,,20260918-1922
2026-09-19 23:05:48,EHAUSM-I,FIFA,0,1,0.012000,0.000,0.200,7402552,4090,14,100075,100090,0,0,0,25763977,1858,25612467,0,0.216064,0.000000,0.000000,231,0,3405.69,0,0,0,0,SUCCESS,0,0,,,,,,,,,,,,used,,,,20260918-1922
2026-09-19 23:08:33,EHAUSM-I,FIFA,1,1,0.012000,0.000,0.200,14678365,8180,21,163832,163854,0,0,0,23192267,2180,23062001,0,0.210594,0.000000,0.000000,215,0,5552.44,0,0,0,0,SUCCESS,0,0,,,,,,,,,,,,used,,,,20260918-1922
2026-09-19 23:12:50,EHAUSM-I,FIFA,2,1,0.012000,0.000,0.200,21657235,12270,18,256243,256262,0,0,0,22512694,2364,22377860,0,0.210001,0.000000,0.000000,280,0,12464.22,0,0,0,0,SUCCESS,0,0,,,,,,,,,,,,used,,,,20260918-1922
2026-09-19 23:18:28,EHAUSM-I,FIFA,3,1,0.012000,0.000,0.200,28870802,16360,23,335496,335520,0,0,0,22602061,2449,22466196,0,0.208589,0.000000,0.000000,346,0,15879.30,0,0,0,0,SUCCESS,0,0,,,,,,,,,,,,used,,,,20260918-1922
2026-09-19 23:25:17,EHAUSM-I,FIFA,4,1,0.012000,0.000,0.200,35721991,20450,23,406113,406137,0,0,0,21307703,2536,21179111,0,0.206729,0.000000,0.000000,334,0,12335.25,0,0,0,0,SUCCESS,0,0,,,,,,,,,,,,used,,,,20260918-1922
2026-09-19 23:27:00,EHAUSM-I,FIFA,0,2,0.012000,0.000,0.200,7402552,4090,15,100947,100962,0,0,0,25763977,1858,25612467,0,0.216064,0.000000,0.000000,231,0,2859.27,0,0,0,0,SUCCESS,0,0,,,,,,,,,,,,used,,,,20260918-1922
2026-09-19 23:29:45,EHAUSM-I,FIFA,1,2,0.012000,0.000,0.200,14678365,8180,15,164053,164069,0,0,0,23192267,2180,23062001,0,0.210594,0.000000,0.000000,215,0,3649.11,0,0,0,0,SUCCESS,0,0,,,,,,,,,,,,used,,,,20260918-1922
2026-09-19 23:34:02,EHAUSM-I,FIFA,2,2,0.012000,0.000,0.200,21657235,12270,18,255849,255868,0,0,0,22512694,2364,22377860,0,0.210001,0.000000,0.000000,280,0,9105.00,0,0,0,0,SUCCESS,0,0,,,,,,,,,,,,used,,,,20260918-1922
2026-09-19 23:39:38,EHAUSM-I,FIFA,3,2,0.012000,0.000,0.200,28870802,16360,19,334152,334173,0,0,0,22602061,2449,22466196,0,0.208589,0.000000,0.000000,346,0,8549.21,0,0,0,0,SUCCESS,0,0,,,,,,,,,,,,used,,,,20260918-1922
2026-09-19 23:46:20,EHAUSM-I,FIFA,4,2,0.012000,0.000,0.200,35721991,20450,23,400481,400505,0,0,0,21307703,2536,21179111,0,0.206729,0.000000,0.000000,334,0,18175.25,0,0,0,0,SUCCESS,0,0,,,,,,,,,,,,used,,,,20260918-1922
2026-09-19 23:47:42,EHAUSM-R,FIFA,0,0,0.012000,0.000,0.200,7402552,4090,68,80700,80769,0,0,0,25763977,1858,25612467,0,0.136759,0.000000,0.000000,231,0,3748.52,0,0,0,0,SUCCESS,0,1,,,,,,,,,,,,used,,,,20260918-1922
2026-09-19 23:50:05,EHAUSM-R,FIFA,1,0,0.012000,0.000,0.200,14678365,8180,38,142139,142178,0,0,0,23458022,2180,23327756,0,0.136088,0.000000,0.000000,215,0,2938.33,0,0,0,0,SUCCESS,0,1,,,,,,,,,,,,used,,,,20260918-1922
2026-09-19 23:53:50,EHAUSM-R,FIFA,2,0,0.012000,0.000,0.200,21657235,12270,34,225037,225072,0,0,0,23893546,2364,23758712,0,0.135854,0.000000,0.000000,280,0,3754.86,0,0,0,0,SUCCESS,0,1,,,,,,,,,,,,used,,,,20260918-1922
2026-09-19 23:58:57,EHAUSM-R,FIFA,3,0,0.012000,0.000,0.200,28870802,16360,45,305733,305779,0,0,0,23966676,2449,23830811,0,0.132834,0.000000,0.000000,346,0,4916.18,0,0,0,0,SUCCESS,0,1,,,,,,,,,,,,used,,,,20260918-1922
2026-09-20 00:05:13,EHAUSM-R,FIFA,4,0,0.012000,0.000,0.200,35721991,20450,51,375750,375801,0,0,0,22652772,2536,22524180,0,0.134802,0.000000,0.000000,334,0,3144.31,0,0,0,0,SUCCESS,0,1,,,,,,,,,,,,used,,,,20260918-1922
2026-09-20 00:06:38,EHAUSM-R,FIFA,0,1,0.012000,0.000,0.200,7402552,4090,13,82109,82123,0,0,0,25763977,1858,25612467,0,0.136759,0.000000,0.000000,231,0,4786.42,0,0,0,0,SUCCESS,0,1,,,,,,,,,,,,used,,,,20260918-1922
2026-09-20 00:09:07,EHAUSM-R,FIFA,1,1,0.012000,0.000,0.200,14678365,8180,21,145368,145390,0,0,0,23458022,2180,23327756,0,0.136088,0.000000,0.000000,215,0,4454.65,0,0,0,0,SUCCESS,0,1,,,,,,,,,,,,used,,,,20260918-1922
2026-09-20 00:13:10,EHAUSM-R,FIFA,2,1,0.012000,0.000,0.200,21657235,12270,33,241283,241317,0,0,0,23893546,2364,23758712,0,0.135854,0.000000,0.000000,280,0,2726.88,0,0,0,0,SUCCESS,0,1,,,,,,,,,,,,used,,,,20260918-1922
2026-09-20 00:18:40,EHAUSM-R,FIFA,3,1,0.012000,0.000,0.200,28870802,16360,46,328126,328173,0,0,0,23966676,2449,23830811,0,0.132834,0.000000,0.000000,346,0,1971.58,0,0,0,0,SUCCESS,0,1,,,,,,,,,,,,used,,,,20260918-1922
2026-09-20 00:25:04,EHAUSM-R,FIFA,4,1,0.012000,0.000,0.200,35721991,20450,46,383613,383660,0,0,0,22652772,2536,22524180,0,0.134802,0.000000,0.000000,334,0,6915.53,0,0,0,0,SUCCESS,0,1,,,,,,,,,,,,used,,,,20260918-1922
2026-09-20 00:26:28,EHAUSM-R,FIFA,0,2,0.012000,0.000,0.200,7402552,4090,13,83411,83425,0,0,0,25763977,1858,25612467,0,0.136759,0.000000,0.000000,231,0,2737.62,0,0,0,0,SUCCESS,0,1,,,,,,,,,,,,used,,,,20260918-1922
2026-09-20 00:28:58,EHAUSM-R,FIFA,1,2,0.012000,0.000,0.200,14678365,8180,21,149053,149074,0,0,0,23458022,2180,23327756,0,0.136088,0.000000,0.000000,215,0,3029.86,0,0,0,0,SUCCESS,0,1,,,,,,,,,,,,used,,,,20260918-1922
2026-09-20 00:32:53,EHAUSM-R,FIFA,2,2,0.012000,0.000,0.200,21657235,12270,33,235058,235091,0,0,0,23893546,2364,23758712,0,0.135854,0.000000,0.000000,280,0,2906.80,0,0,0,0,SUCCESS,0,1,,,,,,,,,,,,used,,,,20260918-1922
2026-09-20 00:38:17,EHAUSM-R,FIFA,3,2,0.012000,0.000,0.200,28870802,16360,40,322954,322994,0,0,0,23966676,2449,23830811,0,0.132834,0.000000,0.000000,346,0,2180.94,0,0,0,0,SUCCESS,0,1,,,,,,,,,,,,used,,,,20260918-1922
2026-09-20 00:44:33,EHAUSM-R,FIFA,4,2,0.012000,0.000,0.200,35721991,20450,46,375395,375441,0,0,0,22652772,2536,22524180,0,0.134802,0.000000,0.000000,334,0,5986.20,0,0,0,0,SUCCESS,0,1,,,,,,,,,,,,used,,,,20260918-1922
2026-09-20 00:45:15,HAUSP-UB[noL2+L3@node+nopool+noEUCS],FIFA,0,0,0.012000,0.000,0.200,7402552,4090,71,40961,41033,12,0,0,25763977,2017,0,25612308,0.000000,0.180500,0.180620,231,0,4729.58,25765835,0,3642,2316,SUCCESS,25763818,2,,1618304,4892320,0,3450624,,,,,25612308,159,used,,,,20260918-1922
2026-09-20 00:46:26,HAUSP-UB[noL2+L3@node+nopool+noEUCS],FIFA,1,0,0.012000,0.000,0.200,14678365,8180,11,70024,70036,2,0,0,23458022,2329,0,23327607,0.000000,0.176920,0.177043,215,0,4532.72,23457886,0,1566,2627,SUCCESS,23457873,2,,4087808,9695616,0,6788992,,,,,23327607,149,used,,,,20260918-1922
2026-09-20 00:48:14,HAUSP-UB[noL2+L3@node+nopool+noEUCS],FIFA,2,0,0.012000,0.000,0.200,21657235,12270,10,108296,108307,2,0,0,23893546,2515,0,23758561,0.000000,0.174814,0.174927,280,0,9056.56,23893283,0,1415,2811,SUCCESS,23893395,2,,6109952,14372960,0,11515520,,,,,23758561,151,used,,,,20260918-1922
2026-09-20 00:50:39,HAUSP-UB[noL2+L3@node+nopool+noEUCS],FIFA,3,0,0.012000,0.000,0.200,28870802,16360,11,144674,144685,2,0,0,23966676,2612,0,23830648,0.000000,0.173567,0.173691,346,0,4815.62,23966314,0,1322,2907,SUCCESS,23966513,2,,6166784,19130880,0,13359616,,,,,23830648,163,used,,,,20260918-1922
2026-09-20 00:53:33,HAUSP-UB[noL2+L3@node+nopool+noEUCS],FIFA,4,0,0.012000,0.000,0.200,35721991,20450,10,173185,173197,2,0,0,22652772,2701,0,22524015,0.000000,0.172689,0.172817,334,0,9064.15,22652401,0,1294,2990,SUCCESS,22652607,2,,12603648,23714944,0,16070656,,,,,22524015,165,used,,,,20260918-1922
2026-09-20 00:54:15,HAUSP-UB[noL2+L3@node+nopool+noEUCS],FIFA,0,1,0.012000,0.000,0.200,7402552,4090,11,41535,41547,2,0,0,25763977,2017,0,25612308,0.000000,0.180500,0.180620,231,0,9385.36,25765835,0,3642,2316,SUCCESS,25763818,2,,3152512,4892320,0,3450624,,,,,25612308,159,used,,,,20260918-1922
2026-09-20 00:55:26,HAUSP-UB[noL2+L3@node+nopool+noEUCS],FIFA,1,1,0.012000,0.000,0.200,14678365,8180,11,69921,69932,2,0,0,23458022,2329,0,23327607,0.000000,0.176920,0.177043,215,0,4828.72,23457886,0,1566,2627,SUCCESS,23457873,2,,3897344,9695616,0,6788992,,,,,23327607,149,used,,,,20260918-1922
2026-09-20 00:57:14,HAUSP-UB[noL2+L3@node+nopool+noEUCS],FIFA,2,1,0.012000,0.000,0.200,21657235,12270,11,107579,107590,2,0,0,23893546,2515,0,23758561,0.000000,0.174814,0.174927,280,0,4501.07,23893283,0,1415,2811,SUCCESS,23893395,2,,5510784,14372960,0,11515520,,,,,23758561,151,used,,,,20260918-1922
2026-09-20 00:59:39,HAUSP-UB[noL2+L3@node+nopool+noEUCS],FIFA,3,1,0.012000,0.000,0.200,28870802,16360,11,144857,144868,2,0,0,23966676,2612,0,23830648,0.000000,0.173567,0.173691,346,0,9098.65,23966314,0,1322,2907,SUCCESS,23966513,2,,9967104,19130880,0,13359616,,,,,23830648,163,used,,,,20260918-1922
2026-09-20 01:02:32,HAUSP-UB[noL2+L3@node+nopool+noEUCS],FIFA,4,1,0.012000,0.000,0.200,35721991,20450,12,172539,172551,2,0,0,22652772,2701,0,22524015,0.000000,0.172689,0.172817,334,0,4861.49,22652401,0,1294,2990,SUCCESS,22652607,2,,8933632,23714944,0,16070656,,,,,22524015,165,used,,,,20260918-1922
2026-09-20 01:03:14,HAUSP-UB[noL2+L3@node+nopool+noEUCS],FIFA,0,2,0.012000,0.000,0.200,7402552,4090,8,41452,41461,2,0,0,25763977,2017,0,25612308,0.000000,0.180500,0.180620,231,0,9145.59,25765835,0,3642,2316,SUCCESS,25763818,2,,3022464,4892320,0,3450624,,,,,25612308,159,used,,,,20260918-1922
2026-09-20 01:04:25,HAUSP-UB[noL2+L3@node+nopool+noEUCS],FIFA,1,2,0.012000,0.000,0.200,14678365,8180,11,70286,70298,2,0,0,23458022,2329,0,23327607,0.000000,0.176920,0.177043,215,0,4788.72,23457886,0,1566,2627,SUCCESS,23457873,2,,2458112,9695616,0,6788992,,,,,23327607,149,used,,,,20260918-1922
2026-09-20 01:06:16,HAUSP-UB[noL2+L3@node+nopool+noEUCS],FIFA,2,2,0.012000,0.000,0.200,21657235,12270,11,110833,110844,2,0,0,23893546,2515,0,23758561,0.000000,0.174814,0.174927,280,0,4484.60,23893283,0,1415,2811,SUCCESS,23893395,2,,5859456,14372960,0,11515520,,,,,23758561,151,used,,,,20260918-1922
2026-09-20 01:08:44,HAUSP-UB[noL2+L3@node+nopool+noEUCS],FIFA,3,2,0.012000,0.000,0.200,28870802,16360,11,146647,146659,2,0,0,23966676,2612,0,23830648,0.000000,0.173567,0.173691,346,0,4219.91,23966314,0,1322,2907,SUCCESS,23966513,2,,5176960,19130880,0,13359616,,,,,23830648,163,used,,,,20260918-1922
2026-09-20 01:11:40,HAUSP-UB[noL2+L3@node+nopool+noEUCS],FIFA,4,2,0.012000,0.000,0.200,35721991,20450,11,175911,175922,2,0,0,22652772,2701,0,22524015,0.000000,0.172689,0.172817,334,0,9065.43,22652401,0,1294,2990,SUCCESS,22652607,2,,15053696,23714944,0,16070656,,,,,22524015,165,used,,,,20260918-1922
2026-09-20 01:12:21,HAUSP-UB[noL2+nopool+noEUCS],FIFA,0,0,0.012000,0.000,0.200,7402552,4090,13,40497,40510,2,0,0,25763977,2017,0,25612308,0.000000,0.095972,0.096070,231,0,4624.96,25765835,0,3642,2316,SUCCESS,151622,3,,0,4892320,0,3450624,,,,,112,159,used,,,,20260918-1922
2026-09-20 01:13:32,HAUSP-UB[noL2+nopool+noEUCS],FIFA,1,0,0.012000,0.000,0.200,14678365,8180,11,69836,69848,2,0,0,23458022,2329,0,23327607,0.000000,0.096672,0.096780,215,0,4120.20,23457886,0,1566,2627,SUCCESS,130375,3,,5844736,9695616,0,6788992,,,,,109,149,used,,,,20260918-1922
2026-09-20 01:15:20,HAUSP-UB[noL2+nopool+noEUCS],FIFA,2,0,0.012000,0.000,0.200,21657235,12270,11,108402,108413,2,0,0,23893546,2515,0,23758561,0.000000,0.097110,0.097222,280,0,4258.05,23893283,0,1415,2811,SUCCESS,134941,3,,1036800,14372960,0,11515520,,,,,107,151,used,,,,20260918-1922
2026-09-20 01:17:46,HAUSP-UB[noL2+nopool+noEUCS],FIFA,3,0,0.012000,0.000,0.200,28870802,16360,11,144785,144797,2,0,0,23966676,2612,0,23830648,0.000000,0.095810,0.095917,346,0,9028.02,23966314,0,1322,2907,SUCCESS,135970,3,,9322368,19130880,0,13359616,,,,,105,163,used,,,,20260918-1922
2026-09-20 01:20:39,HAUSP-UB[noL2+nopool+noEUCS],FIFA,4,0,0.012000,0.000,0.200,35721991,20450,11,172557,172568,2,0,0,22652772,2701,0,22524015,0.000000,0.096915,0.097026,334,0,4593.33,22652401,0,1294,2990,SUCCESS,128691,3,,11252352,23714944,0,16070656,,,,,99,165,used,,,,20260918-1922
2026-09-20 01:21:21,HAUSP-UB[noL2+nopool+noEUCS],FIFA,0,1,0.012000,0.000,0.200,7402552,4090,11,41207,41219,2,0,0,25763977,2017,0,25612308,0.000000,0.095972,0.096070,231,0,9081.05,25765835,0,3642,2316,SUCCESS,151622,3,,1471232,4892320,0,3450624,,,,,112,159,used,,,,20260918-1922
2026-09-20 01:22:31,HAUSP-UB[noL2+nopool+noEUCS],FIFA,1,1,0.012000,0.000,0.200,14678365,8180,11,69699,69711,2,0,0,23458022,2329,0,23327607,0.000000,0.096672,0.096780,215,0,4764.72,23457886,0,1566,2627,SUCCESS,130375,3,,3256448,9695616,0,6788992,,,,,109,149,used,,,,20260918-1922
2026-09-20 01:24:18,HAUSP-UB[noL2+nopool+noEUCS],FIFA,2,1,0.012000,0.000,0.200,21657235,12270,11,107160,107171,2,0,0,23893546,2515,0,23758561,0.000000,0.097110,0.097222,280,0,4300.22,23893283,0,1415,2811,SUCCESS,134941,3,,7383040,14372960,0,11515520,,,,,107,151,used,,,,20260918-1922
2026-09-20 01:26:44,HAUSP-UB[noL2+nopool+noEUCS],FIFA,3,1,0.012000,0.000,0.200,28870802,16360,11,144967,144979,2,0,0,23966676,2612,0,23830648,0.000000,0.095810,0.095917,346,0,8769.06,23966314,0,1322,2907,SUCCESS,135970,3,,9313408,19130880,0,13359616,,,,,105,163,used,,,,20260918-1922
2026-09-20 01:29:37,HAUSP-UB[noL2+nopool+noEUCS],FIFA,4,1,0.012000,0.000,0.200,35721991,20450,10,172758,172769,2,0,0,22652772,2701,0,22524015,0.000000,0.096915,0.097026,334,0,4593.05,22652401,0,1294,2990,SUCCESS,128691,3,,11252352,23714944,0,16070656,,,,,99,165,used,,,,20260918-1922
2026-09-20 01:30:19,HAUSP-UB[noL2+nopool+noEUCS],FIFA,0,2,0.012000,0.000,0.200,7402552,4090,13,41143,41156,2,0,0,25763977,2017,0,25612308,0.000000,0.095972,0.096070,231,0,9080.06,25765835,0,3642,2316,SUCCESS,151622,3,,2609280,4892320,0,3450624,,,,,112,159,used,,,,20260918-1922
2026-09-20 01:31:29,HAUSP-UB[noL2+nopool+noEUCS],FIFA,1,2,0.012000,0.000,0.200,14678365,8180,11,70008,70020,2,0,0,23458022,2329,0,23327607,0.000000,0.096672,0.096780,215,0,4822.42,23457886,0,1566,2627,SUCCESS,130375,3,,5430016,9695616,0,6788992,,,,,109,149,used,,,,20260918-1922
2026-09-20 01:33:17,HAUSP-UB[noL2+nopool+noEUCS],FIFA,2,2,0.012000,0.000,0.200,21657235,12270,11,107140,107152,2,0,0,23893546,2515,0,23758561,0.000000,0.097110,0.097222,280,0,4418.35,23893283,0,1415,2811,SUCCESS,134941,3,,6659200,14372960,0,11515520,,,,,107,151,used,,,,20260918-1922
2026-09-20 01:35:42,HAUSP-UB[noL2+nopool+noEUCS],FIFA,3,2,0.012000,0.000,0.200,28870802,16360,11,144799,144810,2,0,0,23966676,2612,0,23830648,0.000000,0.095810,0.095917,346,0,8387.25,23966314,0,1322,2907,SUCCESS,135970,3,,9322368,19130880,0,13359616,,,,,105,163,used,,,,20260918-1922
2026-09-20 01:38:34,HAUSP-UB[noL2+nopool+noEUCS],FIFA,4,2,0.012000,0.000,0.200,35721991,20450,11,172035,172047,2,0,0,22652772,2701,0,22524015,0.000000,0.096915,0.097026,334,0,4485.62,22652401,0,1294,2990,SUCCESS,128691,3,,14695424,23714944,0,16070656,,,,,99,165,used,,,,20260918-1922
2026-09-20 01:39:12,HAUSP-UB[noL2+noEUCS],FIFA,0,0,0.012000,0.000,0.200,7402552,4090,11,36705,36717,2,0,0,25763977,2017,0,25612308,0.000000,0.095972,0.096070,231,0,1627.77,25765835,25762193,3642,2316,SUCCESS,151622,4,,23011328,4892320,0,3450624,,,,,112,159,used,,,,20260918-1922
2026-09-20 01:40:16,HAUSP-UB[noL2+noEUCS],FIFA,1,0,0.012000,0.000,0.200,14678365,8180,11,64065,64077,2,0,0,23458022,2329,0,23327607,0.000000,0.096672,0.096780,215,0,1668.77,23457886,23457646,1566,2627,SUCCESS,130375,4,,47513600,9695616,0,12893184,,,,,109,149,used,,,,20260918-1922
2026-09-20 01:41:55,HAUSP-UB[noL2+noEUCS],FIFA,2,0,0.012000,0.000,0.200,21657235,12270,11,98316,98327,2,0,0,23893546,2515,0,23758561,0.000000,0.097110,0.097222,280,0,1722.23,23893283,23893123,1415,2811,SUCCESS,134941,4,,76677120,14372960,0,24936064,,,,,107,151,used,,,,20260918-1922
2026-09-20 01:44:07,HAUSP-UB[noL2+noEUCS],FIFA,3,0,0.012000,0.000,0.200,28870802,16360,11,131975,131986,2,0,0,23966676,2612,0,23830648,0.000000,0.095810,0.095917,346,0,1743.16,23966314,23966223,1322,2907,SUCCESS,135970,4,,96796672,19130880,0,33057408,,,,,105,163,used,,,,20260918-1922
2026-09-20 01:46:45,HAUSP-UB[noL2+noEUCS],FIFA,4,0,0.012000,0.000,0.200,35721991,20450,11,157570,157582,2,0,0,22652772,2701,0,22524015,0.000000,0.096915,0.097026,334,0,1807.44,22652401,22652333,1294,2990,SUCCESS,128691,4,,132513792,23714944,0,42239616,,,,,99,165,used,,,,20260918-1922
2026-09-20 01:47:23,HAUSP-UB[noL2+noEUCS],FIFA,0,1,0.012000,0.000,0.200,7402552,4090,12,36522,36535,2,0,0,25763977,2017,0,25612308,0.000000,0.095972,0.096070,231,0,1627.77,25765835,25762193,3642,2316,SUCCESS,151622,4,,23011328,4892320,0,3450624,,,,,112,159,used,,,,20260918-1922
2026-09-20 01:48:27,HAUSP-UB[noL2+noEUCS],FIFA,1,1,0.012000,0.000,0.200,14678365,8180,11,63962,63974,2,0,0,23458022,2329,0,23327607,0.000000,0.096672,0.096780,215,0,1668.76,23457886,23457646,1566,2627,SUCCESS,130375,4,,47513600,9695616,0,12893184,,,,,109,149,used,,,,20260918-1922
2026-09-20 01:50:06,HAUSP-UB[noL2+noEUCS],FIFA,2,1,0.012000,0.000,0.200,21657235,12270,11,98402,98413,2,0,0,23893546,2515,0,23758561,0.000000,0.097110,0.097222,280,0,1722.19,23893283,23893123,1415,2811,SUCCESS,134941,4,,76677120,14372960,0,24936064,,,,,107,151,used,,,,20260918-1922
2026-09-20 01:52:18,HAUSP-UB[noL2+noEUCS],FIFA,3,1,0.012000,0.000,0.200,28870802,16360,11,131836,131847,2,0,0,23966676,2612,0,23830648,0.000000,0.095810,0.095917,346,0,1743.01,23966314,23966223,1322,2907,SUCCESS,135970,4,,96468992,19130880,0,33057408,,,,,105,163,used,,,,20260918-1922
2026-09-20 01:54:56,HAUSP-UB[noL2+noEUCS],FIFA,4,1,0.012000,0.000,0.200,35721991,20450,11,158413,158425,2,0,0,22652772,2701,0,22524015,0.000000,0.096915,0.097026,334,0,1807.41,22652401,22652333,1294,2990,SUCCESS,128691,4,,132513792,23714944,0,42239616,,,,,99,165,used,,,,20260918-1922
2026-09-20 01:55:34,HAUSP-UB[noL2+noEUCS],FIFA,0,2,0.012000,0.000,0.200,7402552,4090,11,36585,36597,2,0,0,25763977,2017,0,25612308,0.000000,0.095972,0.096070,231,0,1627.77,25765835,25762193,3642,2316,SUCCESS,151622,4,,23011328,4892320,0,3450624,,,,,112,159,used,,,,20260918-1922
2026-09-20 01:56:38,HAUSP-UB[noL2+noEUCS],FIFA,1,2,0.012000,0.000,0.200,14678365,8180,11,64161,64173,2,0,0,23458022,2329,0,23327607,0.000000,0.096672,0.096780,215,0,1668.76,23457886,23457646,1566,2627,SUCCESS,130375,4,,47513600,9695616,0,12893184,,,,,109,149,used,,,,20260918-1922
2026-09-20 01:58:17,HAUSP-UB[noL2+noEUCS],FIFA,2,2,0.012000,0.000,0.200,21657235,12270,11,98305,98317,2,0,0,23893546,2515,0,23758561,0.000000,0.097110,0.097222,280,0,1722.19,23893283,23893123,1415,2811,SUCCESS,134941,4,,76677120,14372960,0,24936064,,,,,107,151,used,,,,20260918-1922
2026-09-20 02:00:29,HAUSP-UB[noL2+noEUCS],FIFA,3,2,0.012000,0.000,0.200,28870802,16360,11,131700,131712,2,0,0,23966676,2612,0,23830648,0.000000,0.095810,0.095917,346,0,1743.01,23966314,23966223,1322,2907,SUCCESS,135970,4,,96468992,19130880,0,33057408,,,,,105,163,used,,,,20260918-1922
2026-09-20 02:03:08,HAUSP-UB[noL2+noEUCS],FIFA,4,2,0.012000,0.000,0.200,35721991,20450,11,158423,158434,2,0,0,22652772,2701,0,22524015,0.000000,0.096915,0.097026,334,0,1807.41,22652401,22652333,1294,2990,SUCCESS,128691,4,,132513792,23714944,0,42239616,,,,,99,165,used,,,,20260918-1922
2026-09-20 02:03:45,HAUSP-UB[noEUCS],FIFA,0,0,0.012000,0.000,0.200,7402552,4090,5,36274,36280,1,0,0,25763977,2017,25611986,322,0.000000,0.095972,0.096070,231,0,1595.77,25765835,25763184,2651,2316,SUCCESS,151622,5,,6877184,4892320,0,3450624,,,,,112,159,used,,,,20260918-1922
2026-09-20 02:04:49,HAUSP-UB[noEUCS],FIFA,1,0,0.012000,0.000,0.200,14678365,8180,11,63423,63435,2,0,0,23458022,2329,23327309,298,0.000000,0.096672,0.096780,215,0,1628.98,23457886,23457568,653,2627,SUCCESS,130375,5,,15491072,9695616,0,14728192,,,,,109,149,used,,,,20260918-1922
2026-09-20 02:06:27,HAUSP-UB[noEUCS],FIFA,2,0,0.012000,0.000,0.200,21657235,12270,11,98327,98338,2,0,0,23893546,2515,23758249,312,0.000000,0.097110,0.097222,280,0,1653.54,23893283,23893102,523,2811,SUCCESS,134941,5,,21938176,14372960,0,28737152,,,,,107,151,used,,,,20260918-1922
2026-09-20 02:08:40,HAUSP-UB[noEUCS],FIFA,3,0,0.012000,0.000,0.200,28870802,16360,11,132176,132188,2,0,0,23966676,2612,23830349,299,0.000000,0.095810,0.095917,346,0,1676.78,23966314,23966223,430,2907,SUCCESS,135970,5,,33308672,19130880,0,36989568,,,,,105,163,used,,,,20260918-1922
2026-09-20 02:11:17,HAUSP-UB[noEUCS],FIFA,4,0,0.012000,0.000,0.200,35721991,20450,10,156656,156667,2,0,0,22652772,2701,22523748,267,0.000000,0.096915,0.097026,334,0,1701.68,22652401,22652321,414,2990,SUCCESS,128691,5,,42401792,23714944,0,48006784,,,,,99,165,used,,,,20260918-1922
2026-09-20 02:11:54,HAUSP-UB[noEUCS],FIFA,0,1,0.012000,0.000,0.200,7402552,4090,11,35991,36002,2,0,0,25763977,2017,25611986,322,0.000000,0.095972,0.096070,231,0,1595.77,25765835,25763184,2651,2316,SUCCESS,151622,5,,6877184,4892320,0,3450624,,,,,112,159,used,,,,20260918-1922
2026-09-20 02:12:58,HAUSP-UB[noEUCS],FIFA,1,1,0.012000,0.000,0.200,14678365,8180,11,63771,63783,2,0,0,23458022,2329,23327309,298,0.000000,0.096672,0.096780,215,0,1628.98,23457886,23457568,653,2627,SUCCESS,130375,5,,15491072,9695616,0,14728192,,,,,109,149,used,,,,20260918-1922
2026-09-20 02:14:37,HAUSP-UB[noEUCS],FIFA,2,1,0.012000,0.000,0.200,21657235,12270,11,98268,98279,2,0,0,23893546,2515,23758249,312,0.000000,0.097110,0.097222,280,0,1653.55,23893283,23893102,523,2811,SUCCESS,134941,5,,22970368,14372960,0,28737152,,,,,107,151,used,,,,20260918-1922
2026-09-20 02:16:49,HAUSP-UB[noEUCS],FIFA,3,1,0.012000,0.000,0.200,28870802,16360,11,132213,132224,2,0,0,23966676,2612,23830349,299,0.000000,0.095810,0.095917,346,0,1676.78,23966314,23966223,430,2907,SUCCESS,135970,5,,33308672,19130880,0,36989568,,,,,105,163,used,,,,20260918-1922
2026-09-20 02:19:26,HAUSP-UB[noEUCS],FIFA,4,1,0.012000,0.000,0.200,35721991,20450,11,156560,156571,2,0,0,22652772,2701,22523748,267,0.000000,0.096915,0.097026,334,0,1701.68,22652401,22652321,414,2990,SUCCESS,128691,5,,42401792,23714944,0,48006784,,,,,99,165,used,,,,20260918-1922
2026-09-20 02:20:03,HAUSP-UB[noEUCS],FIFA,0,2,0.012000,0.000,0.200,7402552,4090,11,36105,36116,2,0,0,25763977,2017,25611986,322,0.000000,0.095972,0.096070,231,0,1595.77,25765835,25763184,2651,2316,SUCCESS,151622,5,,6877184,4892320,0,3450624,,,,,112,159,used,,,,20260918-1922
2026-09-20 02:21:06,HAUSP-UB[noEUCS],FIFA,1,2,0.012000,0.000,0.200,14678365,8180,11,63187,63199,2,0,0,23458022,2329,23327309,298,0.000000,0.096672,0.096780,215,0,1628.98,23457886,23457568,653,2627,SUCCESS,130375,5,,15491072,9695616,0,14728192,,,,,109,149,used,,,,20260918-1922
2026-09-20 02:22:45,HAUSP-UB[noEUCS],FIFA,2,2,0.012000,0.000,0.200,21657235,12270,11,98523,98535,2,0,0,23893546,2515,23758249,312,0.000000,0.097110,0.097222,280,0,1653.54,23893283,23893102,523,2811,SUCCESS,134941,5,,21938176,14372960,0,28737152,,,,,107,151,used,,,,20260918-1922
2026-09-20 02:24:58,HAUSP-UB[noEUCS],FIFA,3,2,0.012000,0.000,0.200,28870802,16360,11,132468,132479,2,0,0,23966676,2612,23830349,299,0.000000,0.095810,0.095917,346,0,1676.78,23966314,23966223,430,2907,SUCCESS,135970,5,,33308672,19130880,0,36989568,,,,,105,163,used,,,,20260918-1922
2026-09-20 02:27:36,HAUSP-UB[noEUCS],FIFA,4,2,0.012000,0.000,0.200,35721991,20450,11,157185,157196,2,0,0,22652772,2701,22523748,267,0.000000,0.096915,0.097026,334,0,1701.68,22652401,22652321,414,2990,SUCCESS,128691,5,,42401792,23714944,0,48006784,,,,,99,165,used,,,,20260918-1922
2026-09-20 02:28:48,EHAUSM-I,KOSARAK,0,0,0.003000,0.000,0.200,79636688,198000,475,68975,69450,0,0,0,51567664,24187,51522856,0,0.068419,0.000000,0.000000,103,0,4894.77,0,0,0,0,SUCCESS,0,0,,,,,,,,,,,,used,,,,20260918-1922
2026-09-20 02:31:19,EHAUSM-I,KOSARAK,1,0,0.003000,0.000,0.200,161031299,396000,320,148982,149303,0,0,0,64030508,29347,63978058,0,0.057756,0.000000,0.000000,102,0,3549.49,0,0,0,0,SUCCESS,0,0,,,,,,,,,,,,used,,,,20260918-1922
2026-09-20 02:34:37,EHAUSM-I,KOSARAK,2,0,0.003000,0.000,0.200,240799749,594000,363,197299,197663,0,0,0,52591645,32449,52545415,0,0.062148,0.000000,0.000000,104,0,4850.53,0,0,0,0,SUCCESS,0,0,,,,,,,,,,,,used,,,,20260918-1922
2026-09-20 02:39:51,EHAUSM-I,KOSARAK,3,0,0.003000,0.000,0.200,321393622,792000,520,311414,311934,0,0,0,73002455,34809,72944906,0,0.050356,0.000000,0.000000,101,0,9453.35,0,0,0,0,SUCCESS,0,0,,,,,,,,,,,,used,,,,20260918-1922
2026-09-20 02:45:46,EHAUSM-I,KOSARAK,4,0,0.003000,0.000,0.200,400890653,990002,509,354027,354537,0,0,0,61568570,36629,61515411,0,0.054318,0.000000,0.000000,103,0,8201.89,0,0,0,0,SUCCESS,0,0,,,,,,,,,,,,used,,,,20260918-1922
2026-09-20 02:46:57,EHAUSM-I,KOSARAK,0,1,0.003000,0.000,0.200,79636688,198000,204,68723,68928,0,0,0,51567664,24187,51522856,0,0.068419,0.000000,0.000000,103,0,4807.32,0,0,0,0,SUCCESS,0,0,,,,,,,,,,,,used,,,,20260918-1922
2026-09-20 02:49:25,EHAUSM-I,KOSARAK,1,1,0.003000,0.000,0.200,161031299,396000,293,147103,147396,0,0,0,64030508,29347,63978058,0,0.057756,0.000000,0.000000,102,0,6306.37,0,0,0,0,SUCCESS,0,0,,,,,,,,,,,,used,,,,20260918-1922
2026-09-20 02:52:44,EHAUSM-I,KOSARAK,2,1,0.003000,0.000,0.200,240799749,594000,329,197314,197644,0,0,0,52591645,32449,52545415,0,0.062148,0.000000,0.000000,104,0,7002.35,0,0,0,0,SUCCESS,0,0,,,,,,,,,,,,used,,,,20260918-1922
2026-09-20 02:57:59,EHAUSM-I,KOSARAK,3,1,0.003000,0.000,0.200,321393622,792000,489,313231,313720,0,0,0,73002455,34809,72944906,0,0.050356,0.000000,0.000000,101,0,5917.74,0,0,0,0,SUCCESS,0,0,,,,,,,,,,,,used,,,,20260918-1922
2026-09-20 03:03:54,EHAUSM-I,KOSARAK,4,1,0.003000,0.000,0.200,400890653,990002,487,353506,353994,0,0,0,61568570,36629,61515411,0,0.054318,0.000000,0.000000,103,0,6542.73,0,0,0,0,SUCCESS,0,0,,,,,,,,,,,,used,,,,20260918-1922
2026-09-20 03:05:04,EHAUSM-I,KOSARAK,0,2,0.003000,0.000,0.200,79636688,198000,197,68129,68326,0,0,0,51567664,24187,51522856,0,0.068419,0.000000,0.000000,103,0,4373.13,0,0,0,0,SUCCESS,0,0,,,,,,,,,,,,used,,,,20260918-1922
2026-09-20 03:07:34,EHAUSM-I,KOSARAK,1,2,0.003000,0.000,0.200,161031299,396000,276,148447,148724,0,0,0,64030508,29347,63978058,0,0.057756,0.000000,0.000000,102,0,4778.47,0,0,0,0,SUCCESS,0,0,,,,,,,,,,,,used,,,,20260918-1922
2026-09-20 03:10:52,EHAUSM-I,KOSARAK,2,2,0.003000,0.000,0.200,240799749,594000,333,196719,197052,0,0,0,52591645,32449,52545415,0,0.062148,0.000000,0.000000,104,0,10898.19,0,0,0,0,SUCCESS,0,0,,,,,,,,,,,,used,,,,20260918-1922
2026-09-20 03:16:05,EHAUSM-I,KOSARAK,3,2,0.003000,0.000,0.200,321393622,792000,506,311451,311958,0,0,0,73002455,34809,72944906,0,0.050356,0.000000,0.000000,101,0,5290.21,0,0,0,0,SUCCESS,0,0,,,,,,,,,,,,used,,,,20260918-1922
2026-09-20 03:22:03,EHAUSM-I,KOSARAK,4,2,0.003000,0.000,0.200,400890653,990002,483,356081,356564,0,0,0,61568570,36629,61515411,0,0.054318,0.000000,0.000000,103,0,7024.62,0,0,0,0,SUCCESS,0,0,,,,,,,,,,,,used,,,,20260918-1922
2026-09-20 03:23:00,EHAUSM-R,KOSARAK,0,0,0.003000,0.000,0.200,79636688,198000,358,55440,55798,0,0,0,51567664,24187,51522856,0,0.027110,0.000000,0.000000,103,0,10366.24,0,0,0,0,SUCCESS,0,1,,,,,,,,,,,,used,,,,20260918-1922
2026-09-20 03:25:09,EHAUSM-R,KOSARAK,1,0,0.003000,0.000,0.200,161031299,396000,491,127479,127971,0,0,0,67909611,29347,67857161,0,0.023666,0.000000,0.000000,102,0,3884.76,0,0,0,0,SUCCESS,0,1,,,,,,,,,,,,used,,,,20260918-1922
2026-09-20 03:28:01,EHAUSM-R,KOSARAK,2,0,0.003000,0.000,0.200,240799749,594000,508,170496,171005,0,0,0,58594053,32449,58547823,0,0.027303,0.000000,0.000000,104,0,4801.83,0,0,0,0,SUCCESS,0,1,,,,,,,,,,,,used,,,,20260918-1922
2026-09-20 03:32:46,EHAUSM-R,KOSARAK,3,0,0.003000,0.000,0.200,321393622,792000,759,283567,284327,0,0,0,77736196,34809,77678647,0,0.023645,0.000000,0.000000,101,0,3678.85,0,0,0,0,SUCCESS,0,1,,,,,,,,,,,,used,,,,20260918-1922
2026-09-20 03:38:12,EHAUSM-R,KOSARAK,4,0,0.003000,0.000,0.200,400890653,990002,730,324529,325259,0,0,0,71686014,36629,71632855,0,0.024214,0.000000,0.000000,103,0,5439.00,0,0,0,0,SUCCESS,0,1,,,,,,,,,,,,used,,,,20260918-1922
2026-09-20 03:39:09,EHAUSM-R,KOSARAK,0,1,0.003000,0.000,0.200,79636688,198000,148,55227,55376,0,0,0,51567664,24187,51522856,0,0.027110,0.000000,0.000000,103,0,9476.95,0,0,0,0,SUCCESS,0,1,,,,,,,,,,,,used,,,,20260918-1922
2026-09-20 03:41:18,EHAUSM-R,KOSARAK,1,1,0.003000,0.000,0.200,161031299,396000,298,127904,128202,0,0,0,67909611,29347,67857161,0,0.023666,0.000000,0.000000,102,0,3756.30,0,0,0,0,SUCCESS,0,1,,,,,,,,,,,,used,,,,20260918-1922
2026-09-20 03:44:10,EHAUSM-R,KOSARAK,2,1,0.003000,0.000,0.200,240799749,594000,426,170514,170940,0,0,0,58594053,32449,58547823,0,0.027303,0.000000,0.000000,104,0,6280.01,0,0,0,0,SUCCESS,0,1,,,,,,,,,,,,used,,,,20260918-1922
2026-09-20 03:48:56,EHAUSM-R,KOSARAK,3,1,0.003000,0.000,0.200,321393622,792000,655,284461,285117,0,0,0,77736196,34809,77678647,0,0.023645,0.000000,0.000000,101,0,6903.53,0,0,0,0,SUCCESS,0,1,,,,,,,,,,,,used,,,,20260918-1922
2026-09-20 03:54:24,EHAUSM-R,KOSARAK,4,1,0.003000,0.000,0.200,400890653,990002,710,326656,327367,0,0,0,71686014,36629,71632855,0,0.024214,0.000000,0.000000,103,0,6265.94,0,0,0,0,SUCCESS,0,1,,,,,,,,,,,,used,,,,20260918-1922
2026-09-20 03:55:21,EHAUSM-R,KOSARAK,0,2,0.003000,0.000,0.200,79636688,198000,160,55505,55666,0,0,0,51567664,24187,51522856,0,0.027110,0.000000,0.000000,103,0,3154.33,0,0,0,0,SUCCESS,0,1,,,,,,,,,,,,used,,,,20260918-1922
2026-09-20 03:57:30,EHAUSM-R,KOSARAK,1,2,0.003000,0.000,0.200,161031299,396000,314,127570,127885,0,0,0,67909611,29347,67857161,0,0.023666,0.000000,0.000000,102,0,4048.19,0,0,0,0,SUCCESS,0,1,,,,,,,,,,,,used,,,,20260918-1922
2026-09-20 04:00:22,EHAUSM-R,KOSARAK,2,2,0.003000,0.000,0.200,240799749,594000,439,171000,171439,0,0,0,58594053,32449,58547823,0,0.027303,0.000000,0.000000,104,0,7301.13,0,0,0,0,SUCCESS,0,1,,,,,,,,,,,,used,,,,20260918-1922
2026-09-20 04:05:08,EHAUSM-R,KOSARAK,3,2,0.003000,0.000,0.200,321393622,792000,684,284713,285398,0,0,0,77736196,34809,77678647,0,0.023645,0.000000,0.000000,101,0,6332.47,0,0,0,0,SUCCESS,0,1,,,,,,,,,,,,used,,,,20260918-1922
2026-09-20 04:10:37,EHAUSM-R,KOSARAK,4,2,0.003000,0.000,0.200,400890653,990002,718,327453,328172,0,0,0,71686014,36629,71632855,0,0.024214,0.000000,0.000000,103,0,8291.91,0,0,0,0,SUCCESS,0,1,,,,,,,,,,,,used,,,,20260918-1922
2026-09-20 04:11:10,HAUSP-UB[noL2+L3@node+nopool+noEUCS],KOSARAK,0,0,0.003000,0.000,0.200,79636688,198000,778,30653,31431,154,0,0,51567664,25266,0,51521777,0.000000,0.053821,0.053823,103,0,7857.14,51591851,0,39135,28708,SUCCESS,51566585,2,,1271424,50955040,0,37820544,,,,,51521777,1079,used,,,,20260918-1922
2026-09-20 04:12:23,HAUSP-UB[noL2+L3@node+nopool+noEUCS],KOSARAK,1,0,0.003000,0.000,0.200,161031299,396000,111,71850,71961,19,0,0,67909611,30459,0,67856049,0.000000,0.046172,0.046173,102,0,7973.61,67910250,0,16658,33988,SUCCESS,67908499,2,,14684672,103047712,0,75286144,,,,,67856049,1112,used,,,,20260918-1922
2026-09-20 04:14:01,HAUSP-UB[noL2+L3@node+nopool+noEUCS],KOSARAK,2,0,0.003000,0.000,0.200,240799749,594000,83,97235,97319,16,0,0,58594053,33508,0,58546764,0.000000,0.048879,0.048880,104,0,7846.74,58592514,0,13979,36960,SUCCESS,58592994,2,,33618176,154076512,0,113165056,,,,,58546764,1059,used,,,,20260918-1922
2026-09-20 04:16:46,HAUSP-UB[noL2+L3@node+nopool+noEUCS],KOSARAK,3,0,0.003000,0.000,0.200,321393622,792000,88,164167,164256,15,0,0,77736196,35900,0,77677556,0.000000,0.041019,0.041019,101,0,7677.38,77734045,0,14323,39483,SUCCESS,77735105,2,,32678144,205662048,0,149296896,,,,,77677556,1091,used,,,,20260918-1922
2026-09-20 04:19:56,HAUSP-UB[noL2+L3@node+nopool+noEUCS],KOSARAK,4,0,0.003000,0.000,0.200,400890653,990002,100,189819,189919,13,0,0,71686014,37724,0,71631760,0.000000,0.041749,0.041750,103,0,6648.17,71683160,0,13512,41270,SUCCESS,71684919,2,,20213120,256608480,0,187468288,,,,,71631760,1095,used,,,,20260918-1922
2026-09-20 04:20:29,HAUSP-UB[noL2+L3@node+nopool+noEUCS],KOSARAK,0,1,0.003000,0.000,0.200,79636688,198000,100,30979,31080,13,0,0,51567664,25266,0,51521777,0.000000,0.053821,0.053823,103,0,10970.46,51591851,0,39135,28708,SUCCESS,51566585,2,,1741952,50955040,0,37820544,,,,,51521777,1079,used,,,,20260918-1922
2026-09-20 04:21:41,HAUSP-UB[noL2+L3@node+nopool+noEUCS],KOSARAK,1,1,0.003000,0.000,0.200,161031299,396000,108,71428,71536,18,0,0,67909611,30459,0,67856049,0.000000,0.046172,0.046173,102,0,8197.69,67910250,0,16658,33988,SUCCESS,67908499,2,,11725568,103047712,0,75286144,,,,,67856049,1112,used,,,,20260918-1922
2026-09-20 04:23:19,HAUSP-UB[noL2+L3@node+nopool+noEUCS],KOSARAK,2,1,0.003000,0.000,0.200,240799749,594000,97,96980,97077,11,0,0,58594053,33508,0,58546764,0.000000,0.048879,0.048880,104,0,7927.84,58592514,0,13979,36960,SUCCESS,58592994,2,,33716096,154076512,0,113165056,,,,,58546764,1059,used,,,,20260918-1922
2026-09-20 04:26:03,HAUSP-UB[noL2+L3@node+nopool+noEUCS],KOSARAK,3,1,0.003000,0.000,0.200,321393622,792000,88,163135,163224,9,0,0,77736196,35900,0,77677556,0.000000,0.041019,0.041019,101,0,11863.10,77734045,0,14323,39483,SUCCESS,77735105,2,,11568000,205662048,0,149296896,,,,,77677556,1091,used,,,,20260918-1922
2026-09-20 04:29:12,HAUSP-UB[noL2+L3@node+nopool+noEUCS],KOSARAK,4,1,0.003000,0.000,0.200,400890653,990002,95,188396,188491,10,0,0,71686014,37724,0,71631760,0.000000,0.041749,0.041750,103,0,8752.81,71683160,0,13512,41270,SUCCESS,71684919,2,,15739520,256608480,0,187468288,,,,,71631760,1095,used,,,,20260918-1922
2026-09-20 04:29:45,HAUSP-UB[noL2+L3@node+nopool+noEUCS],KOSARAK,0,2,0.003000,0.000,0.200,79636688,198000,106,30820,30926,23,0,0,51567664,25266,0,51521777,0.000000,0.053821,0.053823,103,0,11648.08,51591851,0,39135,28708,SUCCESS,51566585,2,,1603584,50955040,0,37820544,,,,,51521777,1079,used,,,,20260918-1922
2026-09-20 04:30:57,HAUSP-UB[noL2+L3@node+nopool+noEUCS],KOSARAK,1,2,0.003000,0.000,0.200,161031299,396000,105,71342,71448,18,0,0,67909611,30459,0,67856049,0.000000,0.046172,0.046173,102,0,8165.99,67910250,0,16658,33988,SUCCESS,67908499,2,,13016576,103047712,0,75286144,,,,,67856049,1112,used,,,,20260918-1922
2026-09-20 04:32:35,HAUSP-UB[noL2+L3@node+nopool+noEUCS],KOSARAK,2,2,0.003000,0.000,0.200,240799749,594000,95,97164,97260,17,0,0,58594053,33508,0,58546764,0.000000,0.048879,0.048880,104,0,8006.80,58592514,0,13979,36960,SUCCESS,58592994,2,,30039936,154076512,0,113165056,,,,,58546764,1059,used,,,,20260918-1922
2026-09-20 04:35:20,HAUSP-UB[noL2+L3@node+nopool+noEUCS],KOSARAK,3,2,0.003000,0.000,0.200,321393622,792000,92,163943,164036,12,0,0,77736196,35900,0,77677556,0.000000,0.041019,0.041019,101,0,7883.02,77734045,0,14323,39483,SUCCESS,77735105,2,,53768832,205662048,0,149296896,,,,,77677556,1091,used,,,,20260918-1922
2026-09-20 04:38:30,HAUSP-UB[noL2+L3@node+nopool+noEUCS],KOSARAK,4,2,0.003000,0.000,0.200,400890653,990002,98,189284,189383,12,0,0,71686014,37724,0,71631760,0.000000,0.041749,0.041750,103,0,6892.14,71683160,0,13512,41270,SUCCESS,71684919,2,,1905536,256608480,0,187468288,,,,,71631760,1095,used,,,,20260918-1922
2026-09-20 04:39:02,HAUSP-UB[noL2+nopool+noEUCS],KOSARAK,0,0,0.003000,0.000,0.200,79636688,198000,97,30203,30301,18,0,0,51567664,25266,0,51521777,0.000000,0.027989,0.029411,103,0,6739.75,51591851,0,39135,28708,SUCCESS,46393,3,,3871872,50955040,0,37820544,,,,,1585,1079,used,,,,20260918-1922
2026-09-20 04:40:14,HAUSP-UB[noL2+nopool+noEUCS],KOSARAK,1,0,0.003000,0.000,0.200,161031299,396000,111,71169,71281,18,0,0,67909611,30459,0,67856049,0.000000,0.026252,0.027432,102,0,6456.67,67910250,0,16658,33988,SUCCESS,53982,3,,2455040,103047712,0,75286144,,,,,1532,1112,used,,,,20260918-1922
2026-09-20 04:41:52,HAUSP-UB[noL2+nopool+noEUCS],KOSARAK,2,0,0.003000,0.000,0.200,240799749,594000,93,97335,97428,16,0,0,58594053,33508,0,58546764,0.000000,0.028380,0.029705,104,0,6198.30,58592514,0,13979,36960,SUCCESS,47751,3,,0,154076512,0,113165056,,,,,1521,1059,used,,,,20260918-1922
2026-09-20 04:44:34,HAUSP-UB[noL2+nopool+noEUCS],KOSARAK,3,0,0.003000,0.000,0.200,321393622,792000,89,161957,162047,13,0,0,77736196,35900,0,77677556,0.000000,0.027469,0.028528,101,0,11087.54,77734045,0,14323,39483,SUCCESS,59097,3,,17125760,205662048,0,149296896,,,,,1548,1091,used,,,,20260918-1922
2026-09-20 04:47:43,HAUSP-UB[noL2+nopool+noEUCS],KOSARAK,4,0,0.003000,0.000,0.200,400890653,990002,92,187922,188014,12,0,0,71686014,37724,0,71631760,0.000000,0.027545,0.028679,103,0,7049.15,71683160,0,13512,41270,SUCCESS,54696,3,,5770880,256608480,0,187468288,,,,,1537,1095,used,,,,20260918-1922
2026-09-20 04:48:15,HAUSP-UB[noL2+nopool+noEUCS],KOSARAK,0,1,0.003000,0.000,0.200,79636688,198000,101,29899,30001,13,0,0,51567664,25266,0,51521777,0.000000,0.027989,0.029411,103,0,7516.20,51591851,0,39135,28708,SUCCESS,46393,3,,1318400,50955040,0,37820544,,,,,1585,1079,used,,,,20260918-1922
2026-09-20 04:49:27,HAUSP-UB[noL2+nopool+noEUCS],KOSARAK,1,1,0.003000,0.000,0.200,161031299,396000,97,71070,71167,14,0,0,67909611,30459,0,67856049,0.000000,0.026252,0.027432,102,0,7573.73,67910250,0,16658,33988,SUCCESS,53982,3,,6899200,103047712,0,75286144,,,,,1532,1112,used,,,,20260918-1922
2026-09-20 04:51:04,HAUSP-UB[noL2+nopool+noEUCS],KOSARAK,2,1,0.003000,0.000,0.200,240799749,594000,91,96960,97051,10,0,0,58594053,33508,0,58546764,0.000000,0.028380,0.029705,104,0,7665.14,58592514,0,13979,36960,SUCCESS,47751,3,,10270976,154076512,0,113165056,,,,,1521,1059,used,,,,20260918-1922
2026-09-20 04:53:47,HAUSP-UB[noL2+nopool+noEUCS],KOSARAK,3,1,0.003000,0.000,0.200,321393622,792000,76,161921,161997,11,0,0,77736196,35900,0,77677556,0.000000,0.027469,0.028528,101,0,11012.83,77734045,0,14323,39483,SUCCESS,59097,3,,2885120,205662048,0,149296896,,,,,1548,1091,used,,,,20260918-1922
2026-09-20 04:56:55,HAUSP-UB[noL2+nopool+noEUCS],KOSARAK,4,1,0.003000,0.000,0.200,400890653,990002,95,186770,186866,14,0,0,71686014,37724,0,71631760,0.000000,0.027545,0.028679,103,0,8799.77,71683160,0,13512,41270,SUCCESS,54696,3,,5129472,256608480,0,187468288,,,,,1537,1095,used,,,,20260918-1922
2026-09-20 04:57:26,HAUSP-UB[noL2+nopool+noEUCS],KOSARAK,0,2,0.003000,0.000,0.200,79636688,198000,96,29988,30084,13,0,0,51567664,25266,0,51521777,0.000000,0.027989,0.029411,103,0,6809.25,51591851,0,39135,28708,SUCCESS,46393,3,,3847808,50955040,0,37820544,,,,,1585,1079,used,,,,20260918-1922
2026-09-20 04:58:38,HAUSP-UB[noL2+nopool+noEUCS],KOSARAK,1,2,0.003000,0.000,0.200,161031299,396000,105,70670,70776,18,0,0,67909611,30459,0,67856049,0.000000,0.026252,0.027432,102,0,7609.79,67910250,0,16658,33988,SUCCESS,53982,3,,834432,103047712,0,75286144,,,,,1532,1112,used,,,,20260918-1922
2026-09-20 05:00:15,HAUSP-UB[noL2+nopool+noEUCS],KOSARAK,2,2,0.003000,0.000,0.200,240799749,594000,94,96510,96604,16,0,0,58594053,33508,0,58546764,0.000000,0.028380,0.029705,104,0,7269.00,58592514,0,13979,36960,SUCCESS,47751,3,,11815424,154076512,0,113165056,,,,,1521,1059,used,,,,20260918-1922
2026-09-20 05:02:59,HAUSP-UB[noL2+nopool+noEUCS],KOSARAK,3,2,0.003000,0.000,0.200,321393622,792000,90,163275,163366,12,0,0,77736196,35900,0,77677556,0.000000,0.027469,0.028528,101,0,5862.65,77734045,0,14323,39483,SUCCESS,59097,3,,2885120,205662048,0,149296896,,,,,1548,1091,used,,,,20260918-1922
2026-09-20 05:06:07,HAUSP-UB[noL2+nopool+noEUCS],KOSARAK,4,2,0.003000,0.000,0.200,400890653,990002,95,187040,187136,14,0,0,71686014,37724,0,71631760,0.000000,0.027545,0.028679,103,0,9588.68,71683160,0,13512,41270,SUCCESS,54696,3,,114624640,256608480,0,187468288,,,,,1537,1095,used,,,,20260918-1922
2026-09-20 05:06:38,HAUSP-UB[noL2+noEUCS],KOSARAK,0,0,0.003000,0.000,0.200,79636688,198000,84,29052,29136,13,0,0,51567664,25266,0,51521777,0.000000,0.027989,0.029411,103,0,3049.70,51591851,51552716,39135,28708,SUCCESS,46393,4,,156078080,50955040,0,37820544,,,,,1585,1079,used,,,,20260918-1922
2026-09-20 05:07:47,HAUSP-UB[noL2+noEUCS],KOSARAK,1,0,0.003000,0.000,0.200,161031299,396000,113,68347,68461,18,0,0,67909611,30459,0,67856049,0.000000,0.026252,0.027432,102,0,3548.30,67910250,67904019,16658,33988,SUCCESS,53982,4,,328131584,103047712,0,156333440,,,,,1532,1112,used,,,,20260918-1922
2026-09-20 05:09:22,HAUSP-UB[noL2+noEUCS],KOSARAK,2,0,0.003000,0.000,0.200,240799749,594000,98,94567,94666,16,0,0,58594053,33508,0,58546764,0.000000,0.028380,0.029705,104,0,4001.25,58592514,58589913,13979,36960,SUCCESS,47751,4,,504016896,154076512,0,284515200,,,,,1521,1059,used,,,,20260918-1922
2026-09-20 05:12:01,HAUSP-UB[noL2+noEUCS],KOSARAK,3,0,0.003000,0.000,0.200,321393622,792000,92,158925,159017,9,0,0,77736196,35900,0,77677556,0.000000,0.027469,0.028528,101,0,4566.60,77734045,77730729,14323,39483,SUCCESS,59097,4,,712323072,205662048,0,438467328,,,,,1548,1091,used,,,,20260918-1922
2026-09-20 05:15:06,HAUSP-UB[noL2+noEUCS],KOSARAK,4,0,0.003000,0.000,0.200,400890653,990002,107,184000,184107,13,0,0,71686014,37724,0,71631760,0.000000,0.027545,0.028679,103,0,5116.59,71683160,71681448,13512,41270,SUCCESS,54696,4,,915095552,256608480,0,584714624,,,,,1537,1095,used,,,,20260918-1922
2026-09-20 05:15:37,HAUSP-UB[noL2+noEUCS],KOSARAK,0,1,0.003000,0.000,0.200,79636688,198000,102,28969,29071,13,0,0,51567664,25266,0,51521777,0.000000,0.027989,0.029411,103,0,3049.70,51591851,51552716,39135,28708,SUCCESS,46393,4,,156078080,50955040,0,37820544,,,,,1585,1079,used,,,,20260918-1922
2026-09-20 05:16:46,HAUSP-UB[noL2+noEUCS],KOSARAK,1,1,0.003000,0.000,0.200,161031299,396000,106,68327,68433,18,0,0,67909611,30459,0,67856049,0.000000,0.026252,0.027432,102,0,3547.46,67910250,67904019,16658,33988,SUCCESS,53982,4,,328131584,103047712,0,156333440,,,,,1532,1112,used,,,,20260918-1922
2026-09-20 05:18:20,HAUSP-UB[noL2+noEUCS],KOSARAK,2,1,0.003000,0.000,0.200,240799749,594000,83,93192,93276,11,0,0,58594053,33508,0,58546764,0.000000,0.028380,0.029705,104,0,4000.28,58592514,58589913,13979,36960,SUCCESS,47751,4,,504016896,154076512,0,284515200,,,,,1521,1059,used,,,,20260918-1922
2026-09-20 05:20:59,HAUSP-UB[noL2+noEUCS],KOSARAK,3,1,0.003000,0.000,0.200,321393622,792000,91,158255,158347,12,0,0,77736196,35900,0,77677556,0.000000,0.027469,0.028528,101,0,4566.15,77734045,77730729,14323,39483,SUCCESS,59097,4,,712323072,205662048,0,438467328,,,,,1548,1091,used,,,,20260918-1922
2026-09-20 05:24:04,HAUSP-UB[noL2+noEUCS],KOSARAK,4,1,0.003000,0.000,0.200,400890653,990002,90,184814,184904,14,0,0,71686014,37724,0,71631760,0.000000,0.027545,0.028679,103,0,5109.51,71683160,71681448,13512,41270,SUCCESS,54696,4,,915095552,256608480,0,584714624,,,,,1537,1095,used,,,,20260918-1922
2026-09-20 05:24:35,HAUSP-UB[noL2+noEUCS],KOSARAK,0,2,0.003000,0.000,0.200,79636688,198000,96,28883,28980,12,0,0,51567664,25266,0,51521777,0.000000,0.027989,0.029411,103,0,3049.70,51591851,51552716,39135,28708,SUCCESS,46393,4,,156078080,50955040,0,37820544,,,,,1585,1079,used,,,,20260918-1922
2026-09-20 05:25:44,HAUSP-UB[noL2+noEUCS],KOSARAK,1,2,0.003000,0.000,0.200,161031299,396000,108,68309,68417,18,0,0,67909611,30459,0,67856049,0.000000,0.026252,0.027432,102,0,3547.46,67910250,67904019,16658,33988,SUCCESS,53982,4,,328131584,103047712,0,156333440,,,,,1532,1112,used,,,,20260918-1922
2026-09-20 05:27:17,HAUSP-UB[noL2+noEUCS],KOSARAK,2,2,0.003000,0.000,0.200,240799749,594000,106,93107,93213,16,0,0,58594053,33508,0,58546764,0.000000,0.028380,0.029705,104,0,4000.28,58592514,58589913,13979,36960,SUCCESS,47751,4,,504016896,154076512,0,284515200,,,,,1521,1059,used,,,,20260918-1922
2026-09-20 05:29:57,HAUSP-UB[noL2+noEUCS],KOSARAK,3,2,0.003000,0.000,0.200,321393622,792000,96,158778,158875,12,0,0,77736196,35900,0,77677556,0.000000,0.027469,0.028528,101,0,4566.15,77734045,77730729,14323,39483,SUCCESS,59097,4,,712323072,205662048,0,438467328,,,,,1548,1091,used,,,,20260918-1922
2026-09-20 05:33:03,HAUSP-UB[noL2+noEUCS],KOSARAK,4,2,0.003000,0.000,0.200,400890653,990002,95,185375,185470,10,0,0,71686014,37724,0,71631760,0.000000,0.027545,0.028679,103,0,5113.36,71683160,71681448,13512,41270,SUCCESS,54696,4,,915095552,256608480,0,584714624,,,,,1537,1095,used,,,,20260918-1922
2026-09-20 05:33:32,HAUSP-UB[noEUCS],KOSARAK,0,0,0.003000,0.000,0.200,79636688,198000,103,27856,27959,18,0,0,51567664,25266,51520192,1585,0.000000,0.027989,0.029411,103,0,2905.70,51591851,51559704,32147,28708,SUCCESS,46393,5,,81338368,50955040,0,37820544,,,,,1585,1079,used,,,,20260918-1922
2026-09-20 05:34:41,HAUSP-UB[noEUCS],KOSARAK,1,0,0.003000,0.000,0.200,161031299,396000,106,67580,67687,18,0,0,67909611,30459,67854517,1532,0.000000,0.026252,0.027432,102,0,3294.55,67910250,67904881,8808,33988,SUCCESS,53982,5,,157409280,103047712,0,159067648,,,,,1532,1112,used,,,,20260918-1922
2026-09-20 05:36:13,HAUSP-UB[noEUCS],KOSARAK,2,0,0.003000,0.000,0.200,240799749,594000,101,91817,91918,16,0,0,58594053,33508,58545243,1521,0.000000,0.028380,0.029705,104,0,3704.44,58592514,58589619,6423,36960,SUCCESS,47751,5,,219889664,154076512,0,330810368,,,,,1521,1059,used,,,,20260918-1922
2026-09-20 05:38:49,HAUSP-UB[noEUCS],KOSARAK,3,0,0.003000,0.000,0.200,321393622,792000,92,155180,155272,9,0,0,77736196,35900,77676008,1548,0.000000,0.027469,0.028528,101,0,4164.34,77734045,77731391,6105,39483,SUCCESS,59097,5,,292110336,205662048,0,528886528,,,,,1548,1091,used,,,,20260918-1922
2026-09-20 05:41:51,HAUSP-UB[noEUCS],KOSARAK,4,0,0.003000,0.000,0.200,400890653,990002,99,181388,181488,14,0,0,71686014,37724,71630223,1537,0.000000,0.027545,0.028679,103,0,4596.51,71683160,71681410,5332,41270,SUCCESS,54696,5,,351305728,256608480,0,712001920,,,,,1537,1095,used,,,,20260918-1922
2026-09-20 05:42:21,HAUSP-UB[noEUCS],KOSARAK,0,1,0.003000,0.000,0.200,79636688,198000,89,27887,27976,18,0,0,51567664,25266,51520192,1585,0.000000,0.027989,0.029411,103,0,2905.70,51591851,51559704,32147,28708,SUCCESS,46393,5,,81338368,50955040,0,37820544,,,,,1585,1079,used,,,,20260918-1922
2026-09-20 05:43:28,HAUSP-UB[noEUCS],KOSARAK,1,1,0.003000,0.000,0.200,161031299,396000,98,67224,67323,18,0,0,67909611,30459,67854517,1532,0.000000,0.026252,0.027432,102,0,3294.54,67910250,67904881,8808,33988,SUCCESS,53982,5,,157409280,103047712,0,159067648,,,,,1532,1112,used,,,,20260918-1922
2026-09-20 05:45:02,HAUSP-UB[noEUCS],KOSARAK,2,1,0.003000,0.000,0.200,240799749,594000,94,92185,92280,16,0,0,58594053,33508,58545243,1521,0.000000,0.028380,0.029705,104,0,3704.45,58592514,58589619,6423,36960,SUCCESS,47751,5,,219889664,154076512,0,330810368,,,,,1521,1059,used,,,,20260918-1922
2026-09-20 05:47:37,HAUSP-UB[noEUCS],KOSARAK,3,1,0.003000,0.000,0.200,321393622,792000,94,154814,154908,9,0,0,77736196,35900,77676008,1548,0.000000,0.027469,0.028528,101,0,4164.33,77734045,77731391,6105,39483,SUCCESS,59097,5,,292110336,205662048,0,528886528,,,,,1548,1091,used,,,,20260918-1922
2026-09-20 05:50:39,HAUSP-UB[noEUCS],KOSARAK,4,1,0.003000,0.000,0.200,400890653,990002,92,180983,181076,10,0,0,71686014,37724,71630223,1537,0.000000,0.027545,0.028679,103,0,4596.47,71683160,71681410,5332,41270,SUCCESS,54696,5,,351305728,256608480,0,712001920,,,,,1537,1095,used,,,,20260918-1922
2026-09-20 05:51:08,HAUSP-UB[noEUCS],KOSARAK,0,2,0.003000,0.000,0.200,79636688,198000,104,28020,28125,13,0,0,51567664,25266,51520192,1585,0.000000,0.027989,0.029411,103,0,2905.70,51591851,51559704,32147,28708,SUCCESS,46393,5,,81338368,50955040,0,37820544,,,,,1585,1079,used,,,,20260918-1922
2026-09-20 05:52:16,HAUSP-UB[noEUCS],KOSARAK,1,2,0.003000,0.000,0.200,161031299,396000,104,67300,67404,14,0,0,67909611,30459,67854517,1532,0.000000,0.026252,0.027432,102,0,3294.53,67910250,67904881,8808,33988,SUCCESS,53982,5,,157409280,103047712,0,159067648,,,,,1532,1112,used,,,,20260918-1922
2026-09-20 05:53:49,HAUSP-UB[noEUCS],KOSARAK,2,2,0.003000,0.000,0.200,240799749,594000,98,91614,91712,13,0,0,58594053,33508,58545243,1521,0.000000,0.028380,0.029705,104,0,3704.49,58592514,58589619,6423,36960,SUCCESS,47751,5,,219889664,154076512,0,330810368,,,,,1521,1059,used,,,,20260918-1922
2026-09-20 05:56:24,HAUSP-UB[noEUCS],KOSARAK,3,2,0.003000,0.000,0.200,321393622,792000,100,155232,155332,9,0,0,77736196,35900,77676008,1548,0.000000,0.027469,0.028528,101,0,4164.35,77734045,77731391,6105,39483,SUCCESS,59097,5,,293371904,205662048,0,528886528,,,,,1548,1091,used,,,,20260918-1922
2026-09-20 05:59:26,HAUSP-UB[noEUCS],KOSARAK,4,2,0.003000,0.000,0.200,400890653,990002,108,181045,181154,16,0,0,71686014,37724,71630223,1537,0.000000,0.027545,0.028679,103,0,4596.43,71683160,71681410,5332,41270,SUCCESS,54696,5,,352059392,256608480,0,712001920,,,,,1537,1095,used,,,,20260918-1922
2026-09-20 05:59:29,EHAUSM-I,LEVIATHAN,0,0,0.003000,0.000,0.200,2833171,1166,30,1351,1381,0,0,0,2369635,2739,2352790,0,0.575573,0.000000,0.000000,4440,0,2051.84,0,0,0,0,SUCCESS,0,0,,,,,,,,,,,,used,,,,20260918-1922
2026-09-20 05:59:32,EHAUSM-I,LEVIATHAN,1,0,0.003000,0.000,0.200,5742029,2332,7,2927,2935,0,0,0,3424588,4516,3401531,0,0.545816,0.000000,0.000000,5965,0,1799.97,0,0,0,0,SUCCESS,0,0,,,,,,,,,,,,used,,,,20260918-1922
2026-09-20 05:59:37,EHAUSM-I,LEVIATHAN,2,0,0.003000,0.000,0.200,8655898,3498,8,4852,4860,0,0,0,3685862,5931,3660430,0,0.529942,0.000000,0.000000,6387,0,4729.33,0,0,0,0,SUCCESS,0,0,,,,,,,,,,,,used,,,,20260918-1922
2026-09-20 05:59:43,EHAUSM-I,LEVIATHAN,3,0,0.003000,0.000,0.200,11406844,4664,9,6051,6061,0,0,0,3369763,6893,3344634,0,0.517678,0.000000,0.000000,6281,0,2464.56,0,0,0,0,SUCCESS,0,0,,,,,,,,,,,,used,,,,20260918-1922
2026-09-20 05:59:52,EHAUSM-I,LEVIATHAN,4,0,0.003000,0.000,0.200,14156241,5834,10,7858,7869,0,0,0,3692419,7777,3666260,0,0.510458,0.000000,0.000000,6511,0,3222.46,0,0,0,0,SUCCESS,0,0,,,,,,,,,,,,used,,,,20260918-1922
2026-09-20 05:59:54,EHAUSM-I,LEVIATHAN,0,1,0.003000,0.000,0.200,2833171,1166,5,1153,1158,0,0,0,2369635,2739,2352790,0,0.575573,0.000000,0.000000,4440,0,3716.08,0,0,0,0,SUCCESS,0,0,,,,,,,,,,,,used,,,,20260918-1922
2026-09-20 05:59:57,EHAUSM-I,LEVIATHAN,1,1,0.003000,0.000,0.200,5742029,2332,6,2929,2936,0,0,0,3424588,4516,3401531,0,0.545816,0.000000,0.000000,5965,0,2883.58,0,0,0,0,SUCCESS,0,0,,,,,,,,,,,,used,,,,20260918-1922
2026-09-20 06:00:02,EHAUSM-I,LEVIATHAN,2,1,0.003000,0.000,0.200,8655898,3498,7,4832,4840,0,0,0,3685862,5931,3660430,0,0.529942,0.000000,0.000000,6387,0,4116.32,0,0,0,0,SUCCESS,0,0,,,,,,,,,,,,used,,,,20260918-1922
2026-09-20 06:00:08,EHAUSM-I,LEVIATHAN,3,1,0.003000,0.000,0.200,11406844,4664,8,6019,6028,0,0,0,3369763,6893,3344634,0,0.517678,0.000000,0.000000,6281,0,4470.52,0,0,0,0,SUCCESS,0,0,,,,,,,,,,,,used,,,,20260918-1922
2026-09-20 06:00:16,EHAUSM-I,LEVIATHAN,4,1,0.003000,0.000,0.200,14156241,5834,9,7770,7779,0,0,0,3692419,7777,3666260,0,0.510458,0.000000,0.000000,6511,0,2632.86,0,0,0,0,SUCCESS,0,0,,,,,,,,,,,,used,,,,20260918-1922
2026-09-20 06:00:18,EHAUSM-I,LEVIATHAN,0,2,0.003000,0.000,0.200,2833171,1166,4,1174,1178,0,0,0,2369635,2739,2352790,0,0.575573,0.000000,0.000000,4440,0,3716.08,0,0,0,0,SUCCESS,0,0,,,,,,,,,,,,used,,,,20260918-1922
2026-09-20 06:00:21,EHAUSM-I,LEVIATHAN,1,2,0.003000,0.000,0.200,5742029,2332,6,2917,2924,0,0,0,3424588,4516,3401531,0,0.545816,0.000000,0.000000,5965,0,2628.09,0,0,0,0,SUCCESS,0,0,,,,,,,,,,,,used,,,,20260918-1922
2026-09-20 06:00:26,EHAUSM-I,LEVIATHAN,2,2,0.003000,0.000,0.200,8655898,3498,7,4629,4636,0,0,0,3685862,5931,3660430,0,0.529942,0.000000,0.000000,6387,0,3902.71,0,0,0,0,SUCCESS,0,0,,,,,,,,,,,,used,,,,20260918-1922
2026-09-20 06:00:33,EHAUSM-I,LEVIATHAN,3,2,0.003000,0.000,0.200,11406844,4664,8,6207,6215,0,0,0,3369763,6893,3344634,0,0.517678,0.000000,0.000000,6281,0,4468.04,0,0,0,0,SUCCESS,0,0,,,,,,,,,,,,used,,,,20260918-1922
2026-09-20 06:00:41,EHAUSM-I,LEVIATHAN,4,2,0.003000,0.000,0.200,14156241,5834,10,7886,7896,0,0,0,3692419,7777,3666260,0,0.510458,0.000000,0.000000,6511,0,2275.78,0,0,0,0,SUCCESS,0,0,,,,,,,,,,,,used,,,,20260918-1922
2026-09-20 06:00:43,EHAUSM-R,LEVIATHAN,0,0,0.003000,0.000,0.200,2833171,1166,20,1412,1432,0,0,0,2369635,2739,2352790,0,0.451577,0.000000,0.000000,4440,0,2652.08,0,0,0,0,SUCCESS,0,1,,,,,,,,,,,,used,,,,20260918-1922
2026-09-20 06:00:46,EHAUSM-R,LEVIATHAN,1,0,0.003000,0.000,0.200,5742029,2332,12,2523,2535,0,0,0,4381765,4516,4358708,0,0.443280,0.000000,0.000000,5965,0,3941.67,0,0,0,0,SUCCESS,0,1,,,,,,,,,,,,used,,,,20260918-1922
2026-09-20 06:00:51,EHAUSM-R,LEVIATHAN,2,0,0.003000,0.000,0.200,8655898,3498,11,4312,4324,0,0,0,5564058,5931,5538626,0,0.442553,0.000000,0.000000,6387,0,1987.50,0,0,0,0,SUCCESS,0,1,,,,,,,,,,,,used,,,,20260918-1922
2026-09-20 06:00:57,EHAUSM-R,LEVIATHAN,3,0,0.003000,0.000,0.200,11406844,4664,13,5755,5769,0,0,0,6078888,6893,6053759,0,0.438996,0.000000,0.000000,6281,0,2739.10,0,0,0,0,SUCCESS,0,1,,,,,,,,,,,,used,,,,20260918-1922
2026-09-20 06:01:04,EHAUSM-R,LEVIATHAN,4,0,0.003000,0.000,0.200,14156241,5834,16,7423,7440,0,0,0,6599011,7777,6572852,0,0.439127,0.000000,0.000000,6511,0,3575.79,0,0,0,0,SUCCESS,0,1,,,,,,,,,,,,used,,,,20260918-1922
2026-09-20 06:01:06,EHAUSM-R,LEVIATHAN,0,1,0.003000,0.000,0.200,2833171,1166,4,943,948,0,0,0,2369635,2739,2352790,0,0.451577,0.000000,0.000000,4440,0,2636.08,0,0,0,0,SUCCESS,0,1,,,,,,,,,,,,used,,,,20260918-1922
2026-09-20 06:01:09,EHAUSM-R,LEVIATHAN,1,1,0.003000,0.000,0.200,5742029,2332,8,2547,2556,0,0,0,4381765,4516,4358708,0,0.443280,0.000000,0.000000,5965,0,3941.67,0,0,0,0,SUCCESS,0,1,,,,,,,,,,,,used,,,,20260918-1922
2026-09-20 06:01:13,EHAUSM-R,LEVIATHAN,2,1,0.003000,0.000,0.200,8655898,3498,11,4291,4302,0,0,0,5564058,5931,5538626,0,0.442553,0.000000,0.000000,6387,0,1955.50,0,0,0,0,SUCCESS,0,1,,,,,,,,,,,,used,,,,20260918-1922
2026-09-20 06:01:19,EHAUSM-R,LEVIATHAN,3,1,0.003000,0.000,0.200,11406844,4664,13,5628,5641,0,0,0,6078888,6893,6053759,0,0.438996,0.000000,0.000000,6281,0,2724.47,0,0,0,0,SUCCESS,0,1,,,,,,,,,,,,used,,,,20260918-1922
2026-09-20 06:01:27,EHAUSM-R,LEVIATHAN,4,1,0.003000,0.000,0.200,14156241,5834,15,7464,7479,0,0,0,6599011,7777,6572852,0,0.439127,0.000000,0.000000,6511,0,3631.61,0,0,0,0,SUCCESS,0,1,,,,,,,,,,,,used,,,,20260918-1922
2026-09-20 06:01:29,EHAUSM-R,LEVIATHAN,0,2,0.003000,0.000,0.200,2833171,1166,4,931,936,0,0,0,2369635,2739,2352790,0,0.451577,0.000000,0.000000,4440,0,2636.08,0,0,0,0,SUCCESS,0,1,,,,,,,,,,,,used,,,,20260918-1922
2026-09-20 06:01:32,EHAUSM-R,LEVIATHAN,1,2,0.003000,0.000,0.200,5742029,2332,8,2558,2567,0,0,0,4381765,4516,4358708,0,0.443280,0.000000,0.000000,5965,0,3941.67,0,0,0,0,SUCCESS,0,1,,,,,,,,,,,,used,,,,20260918-1922
2026-09-20 06:01:36,EHAUSM-R,LEVIATHAN,2,2,0.003000,0.000,0.200,8655898,3498,11,4284,4295,0,0,0,5564058,5931,5538626,0,0.442553,0.000000,0.000000,6387,0,1954.74,0,0,0,0,SUCCESS,0,1,,,,,,,,,,,,used,,,,20260918-1922
2026-09-20 06:01:42,EHAUSM-R,LEVIATHAN,3,2,0.003000,0.000,0.200,11406844,4664,13,5619,5633,0,0,0,6078888,6893,6053759,0,0.438996,0.000000,0.000000,6281,0,2724.64,0,0,0,0,SUCCESS,0,1,,,,,,,,,,,,used,,,,20260918-1922
2026-09-20 06:01:50,EHAUSM-R,LEVIATHAN,4,2,0.003000,0.000,0.200,14156241,5834,15,7345,7360,0,0,0,6599011,7777,6572852,0,0.439127,0.000000,0.000000,6511,0,3631.55,0,0,0,0,SUCCESS,0,1,,,,,,,,,,,,used,,,,20260918-1922
2026-09-20 06:01:51,HAUSP-UB[noL2+L3@node+nopool+noEUCS],LEVIATHAN,0,0,0.003000,0.000,0.200,2833171,1166,3,398,401,0,0,0,2369635,3333,0,2352196,0.000000,0.473647,0.475014,4440,0,2212.12,2372374,0,6605,4038,SUCCESS,2369041,2,,12544,1192704,0,1136384,,,,,2352196,594,used,,,,20260918-1922
2026-09-20 06:01:52,HAUSP-UB[noL2+L3@node+nopool+noEUCS],LEVIATHAN,1,0,0.003000,0.000,0.200,5742029,2332,3,1015,1018,0,0,0,4381765,5060,0,4358164,0.000000,0.461651,0.462962,5965,0,3095.33,4382243,0,4333,5731,SUCCESS,4381221,2,,13184,2485664,0,2204544,,,,,4358164,544,used,,,,20260918-1922
2026-09-20 06:01:54,HAUSP-UB[noL2+L3@node+nopool+noEUCS],LEVIATHAN,2,0,0.003000,0.000,0.200,8655898,3498,3,1711,1715,0,0,0,5564058,6468,0,5538089,0.000000,0.452510,0.453674,6387,0,3897.95,5564258,0,4097,7137,SUCCESS,5563521,2,,28032,3784224,0,3094528,,,,,5538089,537,used,,,,20260918-1922
2026-09-20 06:01:57,HAUSP-UB[noL2+L3@node+nopool+noEUCS],LEVIATHAN,3,0,0.003000,0.000,0.200,11406844,4664,3,2240,2243,0,0,0,6078888,7425,0,6053227,0.000000,0.446214,0.447374,6281,0,4468.38,6078644,0,3712,8110,SUCCESS,6078356,2,,12544,5049280,0,4160128,,,,,6053227,532,used,,,,20260918-1922
2026-09-20 06:02:00,HAUSP-UB[noL2+L3@node+nopool+noEUCS],LEVIATHAN,4,0,0.003000,0.000,0.200,14156241,5834,3,2928,2932,0,0,0,6599011,8336,0,6572293,0.000000,0.440224,0.441348,6511,0,4638.89,6598678,0,3782,9025,SUCCESS,6598452,2,,1154816,6312032,0,5128320,,,,,6572293,559,used,,,,20260918-1922
2026-09-20 06:02:01,HAUSP-UB[noL2+L3@node+nopool+noEUCS],LEVIATHAN,0,1,0.003000,0.000,0.200,2833171,1166,3,390,393,0,0,0,2369635,3333,0,2352196,0.000000,0.473647,0.475014,4440,0,2212.12,2372374,0,6605,4038,SUCCESS,2369041,2,,12544,1192704,0,1136384,,,,,2352196,594,used,,,,20260918-1922
2026-09-20 06:02:02,HAUSP-UB[noL2+L3@node+nopool+noEUCS],LEVIATHAN,1,1,0.003000,0.000,0.200,5742029,2332,3,1038,1042,0,0,0,4381765,5060,0,4358164,0.000000,0.461651,0.462962,5965,0,3095.33,4382243,0,4333,5731,SUCCESS,4381221,2,,13184,2485664,0,2204544,,,,,4358164,544,used,,,,20260918-1922
2026-09-20 06:02:04,HAUSP-UB[noL2+L3@node+nopool+noEUCS],LEVIATHAN,2,1,0.003000,0.000,0.200,8655898,3498,3,1756,1760,0,0,0,5564058,6468,0,5538089,0.000000,0.452510,0.453674,6387,0,3897.95,5564258,0,4097,7137,SUCCESS,5563521,2,,28032,3784224,0,3094528,,,,,5538089,537,used,,,,20260918-1922
2026-09-20 06:02:07,HAUSP-UB[noL2+L3@node+nopool+noEUCS],LEVIATHAN,3,1,0.003000,0.000,0.200,11406844,4664,3,2252,2255,0,0,0,6078888,7425,0,6053227,0.000000,0.446214,0.447374,6281,0,4468.38,6078644,0,3712,8110,SUCCESS,6078356,2,,12544,5049280,0,4160128,,,,,6053227,532,used,,,,20260918-1922
2026-09-20 06:02:10,HAUSP-UB[noL2+L3@node+nopool+noEUCS],LEVIATHAN,4,1,0.003000,0.000,0.200,14156241,5834,3,2899,2903,0,0,0,6599011,8336,0,6572293,0.000000,0.440224,0.441348,6511,0,4638.89,6598678,0,3782,9025,SUCCESS,6598452,2,,1154816,6312032,0,5128320,,,,,6572293,559,used,,,,20260918-1922
2026-09-20 06:02:11,HAUSP-UB[noL2+L3@node+nopool+noEUCS],LEVIATHAN,0,2,0.003000,0.000,0.200,2833171,1166,3,395,398,0,0,0,2369635,3333,0,2352196,0.000000,0.473647,0.475014,4440,0,2212.12,2372374,0,6605,4038,SUCCESS,2369041,2,,12544,1192704,0,1136384,,,,,2352196,594,used,,,,20260918-1922
2026-09-20 06:02:12,HAUSP-UB[noL2+L3@node+nopool+noEUCS],LEVIATHAN,1,2,0.003000,0.000,0.200,5742029,2332,3,1025,1029,0,0,0,4381765,5060,0,4358164,0.000000,0.461651,0.462962,5965,0,3095.33,4382243,0,4333,5731,SUCCESS,4381221,2,,13184,2485664,0,2204544,,,,,4358164,544,used,,,,20260918-1922
2026-09-20 06:02:14,HAUSP-UB[noL2+L3@node+nopool+noEUCS],LEVIATHAN,2,2,0.003000,0.000,0.200,8655898,3498,3,1713,1717,0,0,0,5564058,6468,0,5538089,0.000000,0.452510,0.453674,6387,0,3897.95,5564258,0,4097,7137,SUCCESS,5563521,2,,28032,3784224,0,3094528,,,,,5538089,537,used,,,,20260918-1922
2026-09-20 06:02:17,HAUSP-UB[noL2+L3@node+nopool+noEUCS],LEVIATHAN,3,2,0.003000,0.000,0.200,11406844,4664,3,2260,2264,0,0,0,6078888,7425,0,6053227,0.000000,0.446214,0.447374,6281,0,4468.38,6078644,0,3712,8110,SUCCESS,6078356,2,,12544,5049280,0,4160128,,,,,6053227,532,used,,,,20260918-1922
2026-09-20 06:02:20,HAUSP-UB[noL2+L3@node+nopool+noEUCS],LEVIATHAN,4,2,0.003000,0.000,0.200,14156241,5834,3,2874,2878,0,0,0,6599011,8336,0,6572293,0.000000,0.440224,0.441348,6511,0,4638.89,6598678,0,3782,9025,SUCCESS,6598452,2,,1154816,6312032,0,5128320,,,,,6572293,559,used,,,,20260918-1922
2026-09-20 06:02:21,HAUSP-UB[noL2+nopool+noEUCS],LEVIATHAN,0,0,0.003000,0.000,0.200,2833171,1166,3,370,373,0,0,0,2369635,3333,0,2352196,0.000000,0.363978,0.376474,4440,0,2196.12,2372374,0,6605,4038,SUCCESS,17202,3,,36864,1192704,0,1136384,,,,,357,594,used,,,,20260918-1922
2026-09-20 06:02:22,HAUSP-UB[noL2+nopool+noEUCS],LEVIATHAN,1,0,0.003000,0.000,0.200,5742029,2332,3,1001,1005,0,0,0,4381765,5060,0,4358164,0.000000,0.369428,0.382278,5965,0,2847.33,4382243,0,4333,5731,SUCCESS,23380,3,,244736,2485664,0,2204544,,,,,323,544,used,,,,20260918-1922
2026-09-20 06:02:24,HAUSP-UB[noL2+nopool+noEUCS],LEVIATHAN,2,0,0.003000,0.000,0.200,8655898,3498,3,1693,1697,0,0,0,5564058,6468,0,5538089,0.000000,0.371106,0.383258,6387,0,3857.95,5564258,0,4097,7137,SUCCESS,25753,3,,86528,3784224,0,3094528,,,,,321,537,used,,,,20260918-1922
2026-09-20 06:02:27,HAUSP-UB[noL2+nopool+noEUCS],LEVIATHAN,3,0,0.003000,0.000,0.200,11406844,4664,3,2183,2187,0,0,0,6078888,7425,0,6053227,0.000000,0.365936,0.378513,6281,0,4316.38,6078644,0,3712,8110,SUCCESS,25454,3,,231296,5049280,0,4160128,,,,,325,532,used,,,,20260918-1922
2026-09-20 06:02:30,HAUSP-UB[noL2+nopool+noEUCS],LEVIATHAN,4,0,0.003000,0.000,0.200,14156241,5834,3,2853,2857,0,0,0,6599011,8336,0,6572293,0.000000,0.366961,0.379732,6511,0,4150.89,6598678,0,3782,9025,SUCCESS,26495,3,,2200448,6312032,0,5128320,,,,,336,559,used,,,,20260918-1922
2026-09-20 06:02:31,HAUSP-UB[noL2+nopool+noEUCS],LEVIATHAN,0,1,0.003000,0.000,0.200,2833171,1166,3,381,384,0,0,0,2369635,3333,0,2352196,0.000000,0.363978,0.376474,4440,0,2196.12,2372374,0,6605,4038,SUCCESS,17202,3,,36864,1192704,0,1136384,,,,,357,594,used,,,,20260918-1922
2026-09-20 06:02:32,HAUSP-UB[noL2+nopool+noEUCS],LEVIATHAN,1,1,0.003000,0.000,0.200,5742029,2332,3,1017,1021,0,0,0,4381765,5060,0,4358164,0.000000,0.369428,0.382278,5965,0,2847.33,4382243,0,4333,5731,SUCCESS,23380,3,,244736,2485664,0,2204544,,,,,323,544,used,,,,20260918-1922
2026-09-20 06:02:34,HAUSP-UB[noL2+nopool+noEUCS],LEVIATHAN,2,1,0.003000,0.000,0.200,8655898,3498,3,1665,1669,0,0,0,5564058,6468,0,5538089,0.000000,0.371106,0.383258,6387,0,3857.95,5564258,0,4097,7137,SUCCESS,25753,3,,86528,3784224,0,3094528,,,,,321,537,used,,,,20260918-1922
2026-09-20 06:02:37,HAUSP-UB[noL2+nopool+noEUCS],LEVIATHAN,3,1,0.003000,0.000,0.200,11406844,4664,3,2192,2196,0,0,0,6078888,7425,0,6053227,0.000000,0.365936,0.378513,6281,0,4316.38,6078644,0,3712,8110,SUCCESS,25454,3,,231296,5049280,0,4160128,,,,,325,532,used,,,,20260918-1922
2026-09-20 06:02:40,HAUSP-UB[noL2+nopool+noEUCS],LEVIATHAN,4,1,0.003000,0.000,0.200,14156241,5834,3,2856,2859,0,0,0,6599011,8336,0,6572293,0.000000,0.366961,0.379732,6511,0,4150.89,6598678,0,3782,9025,SUCCESS,26495,3,,2200448,6312032,0,5128320,,,,,336,559,used,,,,20260918-1922
2026-09-20 06:02:41,HAUSP-UB[noL2+nopool+noEUCS],LEVIATHAN,0,2,0.003000,0.000,0.200,2833171,1166,3,393,397,0,0,0,2369635,3333,0,2352196,0.000000,0.363978,0.376474,4440,0,2196.12,2372374,0,6605,4038,SUCCESS,17202,3,,36864,1192704,0,1136384,,,,,357,594,used,,,,20260918-1922
2026-09-20 06:02:42,HAUSP-UB[noL2+nopool+noEUCS],LEVIATHAN,1,2,0.003000,0.000,0.200,5742029,2332,3,1004,1007,0,0,0,4381765,5060,0,4358164,0.000000,0.369428,0.382278,5965,0,2847.33,4382243,0,4333,5731,SUCCESS,23380,3,,244736,2485664,0,2204544,,,,,323,544,used,,,,20260918-1922
2026-09-20 06:02:44,HAUSP-UB[noL2+nopool+noEUCS],LEVIATHAN,2,2,0.003000,0.000,0.200,8655898,3498,3,1683,1686,0,0,0,5564058,6468,0,5538089,0.000000,0.371106,0.383258,6387,0,3857.95,5564258,0,4097,7137,SUCCESS,25753,3,,86528,3784224,0,3094528,,,,,321,537,used,,,,20260918-1922
2026-09-20 06:02:47,HAUSP-UB[noL2+nopool+noEUCS],LEVIATHAN,3,2,0.003000,0.000,0.200,11406844,4664,3,2191,2195,0,0,0,6078888,7425,0,6053227,0.000000,0.365936,0.378513,6281,0,4316.38,6078644,0,3712,8110,SUCCESS,25454,3,,231296,5049280,0,4160128,,,,,325,532,used,,,,20260918-1922
2026-09-20 06:02:50,HAUSP-UB[noL2+nopool+noEUCS],LEVIATHAN,4,2,0.003000,0.000,0.200,14156241,5834,3,2820,2823,0,0,0,6599011,8336,0,6572293,0.000000,0.366961,0.379732,6511,0,4150.89,6598678,0,3782,9025,SUCCESS,26495,3,,2200448,6312032,0,5128320,,,,,336,559,used,,,,20260918-1922
2026-09-20 06:02:51,HAUSP-UB[noL2+noEUCS],LEVIATHAN,0,0,0.003000,0.000,0.200,2833171,1166,3,336,339,0,0,0,2369635,3333,0,2352196,0.000000,0.363978,0.376474,4440,0,1516.12,2372374,2365769,6605,4038,SUCCESS,17202,4,,6987008,1192704,0,1136384,,,,,357,594,used,,,,20260918-1922
2026-09-20 06:02:52,HAUSP-UB[noL2+noEUCS],LEVIATHAN,1,0,0.003000,0.000,0.200,5742029,2332,3,940,944,0,0,0,4381765,5060,0,4358164,0.000000,0.369428,0.382278,5965,0,1542.94,4382243,4380477,4333,5731,SUCCESS,23380,4,,17603200,2485664,0,7455104,,,,,323,544,used,,,,20260918-1922
2026-09-20 06:02:54,HAUSP-UB[noL2+noEUCS],LEVIATHAN,2,0,0.003000,0.000,0.200,8655898,3498,3,1590,1594,0,0,0,5564058,6468,0,5538089,0.000000,0.371106,0.383258,6387,0,1568.52,5564258,5562801,4097,7137,SUCCESS,25753,4,,28432640,3784224,0,18573312,,,,,321,537,used,,,,20260918-1922
2026-09-20 06:02:56,HAUSP-UB[noL2+noEUCS],LEVIATHAN,3,0,0.003000,0.000,0.200,11406844,4664,3,2061,2064,0,0,0,6078888,7425,0,6053227,0.000000,0.365936,0.378513,6281,0,1601.39,6078644,6077623,3712,8110,SUCCESS,25454,4,,43289856,5049280,0,31409152,,,,,325,532,used,,,,20260918-1922
2026-09-20 06:02:59,HAUSP-UB[noL2+noEUCS],LEVIATHAN,4,0,0.003000,0.000,0.200,14156241,5834,3,2669,2673,0,0,0,6599011,8336,0,6572293,0.000000,0.366961,0.379732,6511,0,1636.31,6598678,6597635,3782,9025,SUCCESS,26495,4,,57370496,6312032,0,47747200,,,,,336,559,used,,,,20260918-1922
2026-09-20 06:03:00,HAUSP-UB[noL2+noEUCS],LEVIATHAN,0,1,0.003000,0.000,0.200,2833171,1166,3,349,352,0,0,0,2369635,3333,0,2352196,0.000000,0.363978,0.376474,4440,0,1516.12,2372374,2365769,6605,4038,SUCCESS,17202,4,,6987008,1192704,0,1136384,,,,,357,594,used,,,,20260918-1922
2026-09-20 06:03:01,HAUSP-UB[noL2+noEUCS],LEVIATHAN,1,1,0.003000,0.000,0.200,5742029,2332,3,962,966,0,0,0,4381765,5060,0,4358164,0.000000,0.369428,0.382278,5965,0,1542.94,4382243,4380477,4333,5731,SUCCESS,23380,4,,17603200,2485664,0,7455104,,,,,323,544,used,,,,20260918-1922
2026-09-20 06:03:03,HAUSP-UB[noL2+noEUCS],LEVIATHAN,2,1,0.003000,0.000,0.200,8655898,3498,3,1590,1594,0,0,0,5564058,6468,0,5538089,0.000000,0.371106,0.383258,6387,0,1568.52,5564258,5562801,4097,7137,SUCCESS,25753,4,,28432640,3784224,0,18573312,,,,,321,537,used,,,,20260918-1922
2026-09-20 06:03:06,HAUSP-UB[noL2+noEUCS],LEVIATHAN,3,1,0.003000,0.000,0.200,11406844,4664,3,2078,2082,0,0,0,6078888,7425,0,6053227,0.000000,0.365936,0.378513,6281,0,1601.39,6078644,6077623,3712,8110,SUCCESS,25454,4,,43289856,5049280,0,31409152,,,,,325,532,used,,,,20260918-1922
2026-09-20 06:03:09,HAUSP-UB[noL2+noEUCS],LEVIATHAN,4,1,0.003000,0.000,0.200,14156241,5834,3,2712,2716,0,0,0,6599011,8336,0,6572293,0.000000,0.366961,0.379732,6511,0,1636.31,6598678,6597635,3782,9025,SUCCESS,26495,4,,57370496,6312032,0,47747200,,,,,336,559,used,,,,20260918-1922
2026-09-20 06:03:10,HAUSP-UB[noL2+noEUCS],LEVIATHAN,0,2,0.003000,0.000,0.200,2833171,1166,3,342,346,0,0,0,2369635,3333,0,2352196,0.000000,0.363978,0.376474,4440,0,1516.12,2372374,2365769,6605,4038,SUCCESS,17202,4,,6987008,1192704,0,1136384,,,,,357,594,used,,,,20260918-1922
2026-09-20 06:03:11,HAUSP-UB[noL2+noEUCS],LEVIATHAN,1,2,0.003000,0.000,0.200,5742029,2332,3,954,958,0,0,0,4381765,5060,0,4358164,0.000000,0.369428,0.382278,5965,0,1542.94,4382243,4380477,4333,5731,SUCCESS,23380,4,,17603200,2485664,0,7455104,,,,,323,544,used,,,,20260918-1922
2026-09-20 06:03:13,HAUSP-UB[noL2+noEUCS],LEVIATHAN,2,2,0.003000,0.000,0.200,8655898,3498,3,1612,1616,0,0,0,5564058,6468,0,5538089,0.000000,0.371106,0.383258,6387,0,1568.52,5564258,5562801,4097,7137,SUCCESS,25753,4,,28432640,3784224,0,18573312,,,,,321,537,used,,,,20260918-1922
2026-09-20 06:03:15,HAUSP-UB[noL2+noEUCS],LEVIATHAN,3,2,0.003000,0.000,0.200,11406844,4664,3,2065,2068,0,0,0,6078888,7425,0,6053227,0.000000,0.365936,0.378513,6281,0,1601.39,6078644,6077623,3712,8110,SUCCESS,25454,4,,43289856,5049280,0,31409152,,,,,325,532,used,,,,20260918-1922
2026-09-20 06:03:18,HAUSP-UB[noL2+noEUCS],LEVIATHAN,4,2,0.003000,0.000,0.200,14156241,5834,3,2681,2685,0,0,0,6599011,8336,0,6572293,0.000000,0.366961,0.379732,6511,0,1636.31,6598678,6597635,3782,9025,SUCCESS,26495,4,,57370496,6312032,0,47747200,,,,,336,559,used,,,,20260918-1922
2026-09-20 06:03:19,HAUSP-UB[noEUCS],LEVIATHAN,0,0,0.003000,0.000,0.200,2833171,1166,3,315,318,0,0,0,2369635,3333,2350982,1214,0.000000,0.363978,0.376474,4440,0,1508.12,2372374,2367666,4708,4038,SUCCESS,17202,5,,2880768,1192704,0,1136384,,,,,357,594,used,,,,20260918-1922
2026-09-20 06:03:20,HAUSP-UB[noEUCS],LEVIATHAN,1,0,0.003000,0.000,0.200,5742029,2332,3,918,922,0,0,0,4381765,5060,4356527,1637,0.000000,0.369428,0.382278,5965,0,1522.84,4382243,4380552,2361,5731,SUCCESS,23380,5,,6725888,2485664,0,5703040,,,,,323,544,used,,,,20260918-1922
2026-09-20 06:03:22,HAUSP-UB[noEUCS],LEVIATHAN,2,0,0.003000,0.000,0.200,8655898,3498,3,1483,1487,0,0,0,5564058,6468,5536430,1659,0.000000,0.371106,0.383258,6387,0,1541.05,5564258,5562851,2075,7137,SUCCESS,25753,5,,12101376,3784224,0,14546944,,,,,321,537,used,,,,20260918-1922
2026-09-20 06:03:24,HAUSP-UB[noEUCS],LEVIATHAN,3,0,0.003000,0.000,0.200,11406844,4664,3,2003,2006,0,0,0,6078888,7425,6051489,1738,0.000000,0.365936,0.378513,6281,0,1563.78,6078644,6077656,1657,8110,SUCCESS,25454,5,,16404992,5049280,0,28472704,,,,,325,532,used,,,,20260918-1922
2026-09-20 06:03:27,HAUSP-UB[noEUCS],LEVIATHAN,4,0,0.003000,0.000,0.200,14156241,5834,3,2599,2603,0,0,0,6599011,8336,6570516,1777,0.000000,0.366961,0.379732,6511,0,1591.83,6598678,6597758,1604,9025,SUCCESS,26495,5,,20361216,6312032,0,47054080,,,,,336,559,used,,,,20260918-1922
2026-09-20 06:03:28,HAUSP-UB[noEUCS],LEVIATHAN,0,1,0.003000,0.000,0.200,2833171,1166,3,321,324,0,0,0,2369635,3333,2350982,1214,0.000000,0.363978,0.376474,4440,0,1508.12,2372374,2367666,4708,4038,SUCCESS,17202,5,,2880768,1192704,0,1136384,,,,,357,594,used,,,,20260918-1922
2026-09-20 06:03:29,HAUSP-UB[noEUCS],LEVIATHAN,1,1,0.003000,0.000,0.200,5742029,2332,3,903,907,0,0,0,4381765,5060,4356527,1637,0.000000,0.369428,0.382278,5965,0,1522.84,4382243,4380552,2361,5731,SUCCESS,23380,5,,6725888,2485664,0,5703040,,,,,323,544,used,,,,20260918-1922
2026-09-20 06:03:31,HAUSP-UB[noEUCS],LEVIATHAN,2,1,0.003000,0.000,0.200,8655898,3498,3,1531,1535,0,0,0,5564058,6468,5536430,1659,0.000000,0.371106,0.383258,6387,0,1541.05,5564258,5562851,2075,7137,SUCCESS,25753,5,,12101376,3784224,0,14546944,,,,,321,537,used,,,,20260918-1922
2026-09-20 06:03:33,HAUSP-UB[noEUCS],LEVIATHAN,3,1,0.003000,0.000,0.200,11406844,4664,3,2008,2012,0,0,0,6078888,7425,6051489,1738,0.000000,0.365936,0.378513,6281,0,1563.78,6078644,6077656,1657,8110,SUCCESS,25454,5,,16404992,5049280,0,28472704,,,,,325,532,used,,,,20260918-1922
2026-09-20 06:03:36,HAUSP-UB[noEUCS],LEVIATHAN,4,1,0.003000,0.000,0.200,14156241,5834,3,2572,2576,0,0,0,6599011,8336,6570516,1777,0.000000,0.366961,0.379732,6511,0,1591.83,6598678,6597758,1604,9025,SUCCESS,26495,5,,20361216,6312032,0,47054080,,,,,336,559,used,,,,20260918-1922
2026-09-20 06:03:37,HAUSP-UB[noEUCS],LEVIATHAN,0,2,0.003000,0.000,0.200,2833171,1166,3,321,324,0,0,0,2369635,3333,2350982,1214,0.000000,0.363978,0.376474,4440,0,1508.12,2372374,2367666,4708,4038,SUCCESS,17202,5,,2880768,1192704,0,1136384,,,,,357,594,used,,,,20260918-1922
2026-09-20 06:03:39,HAUSP-UB[noEUCS],LEVIATHAN,1,2,0.003000,0.000,0.200,5742029,2332,3,907,911,0,0,0,4381765,5060,4356527,1637,0.000000,0.369428,0.382278,5965,0,1522.84,4382243,4380552,2361,5731,SUCCESS,23380,5,,6725888,2485664,0,5703040,,,,,323,544,used,,,,20260918-1922
2026-09-20 06:03:40,HAUSP-UB[noEUCS],LEVIATHAN,2,2,0.003000,0.000,0.200,8655898,3498,3,1497,1500,0,0,0,5564058,6468,5536430,1659,0.000000,0.371106,0.383258,6387,0,1541.05,5564258,5562851,2075,7137,SUCCESS,25753,5,,12101376,3784224,0,14546944,,,,,321,537,used,,,,20260918-1922
2026-09-20 06:03:43,HAUSP-UB[noEUCS],LEVIATHAN,3,2,0.003000,0.000,0.200,11406844,4664,3,1989,1993,0,0,0,6078888,7425,6051489,1738,0.000000,0.365936,0.378513,6281,0,1563.78,6078644,6077656,1657,8110,SUCCESS,25454,5,,16404992,5049280,0,28472704,,,,,325,532,used,,,,20260918-1922
2026-09-20 06:03:45,HAUSP-UB[noEUCS],LEVIATHAN,4,2,0.003000,0.000,0.200,14156241,5834,3,2597,2601,0,0,0,6599011,8336,6570516,1777,0.000000,0.366961,0.379732,6511,0,1591.83,6598678,6597758,1604,9025,SUCCESS,26495,5,,20361216,6312032,0,47054080,,,,,336,559,used,,,,20260918-1922
2026-09-20 06:04:16,EHAUSM-I,SIGN,0,0,0.003000,0.000,0.200,319686,146,0,29631,29632,0,0,0,106349081,0,104965619,0,0.455007,0.000000,0.000000,23387,0,5816.83,0,0,0,0,SUCCESS,0,0,,,,,,,,,,,,used,,,,20260918-1922
2026-09-20 06:04:51,EHAUSM-I,SIGN,1,0,0.003000,0.000,0.200,642036,292,1,33384,33386,0,0,0,73317874,3,72378242,0,0.451535,0.000000,0.000000,17303,0,10470.47,0,0,0,0,SUCCESS,0,0,,,,,,,,,,,,used,,,,20260918-1922
2026-09-20 06:05:21,EHAUSM-I,SIGN,2,0,0.003000,0.000,0.200,955150,438,1,29707,29709,0,0,0,44231397,12,43544048,0,0.436332,0.000000,0.000000,14594,0,5762.84,0,0,0,0,SUCCESS,0,0,,,,,,,,,,,,used,,,,20260918-1922
2026-09-20 06:05:55,EHAUSM-I,SIGN,3,0,0.003000,0.000,0.200,1316615,584,1,32874,32876,0,0,0,43765007,14,43152839,0,0.434715,0.000000,0.000000,12887,0,10744.33,0,0,0,0,SUCCESS,0,0,,,,,,,,,,,,used,,,,20260918-1922
2026-09-20 06:06:34,EHAUSM-I,SIGN,4,0,0.003000,0.000,0.200,1668652,730,1,38186,38188,0,0,0,45117749,18,44523862,0,0.411298,0.000000,0.000000,12666,0,5692.61,0,0,0,0,SUCCESS,0,0,,,,,,,,,,,,used,,,,20260918-1922
2026-09-20 06:07:05,EHAUSM-I,SIGN,0,1,0.003000,0.000,0.200,319686,146,1,29641,29642,0,0,0,106349081,0,104965619,0,0.455007,0.000000,0.000000,23387,0,8791.52,0,0,0,0,SUCCESS,0,0,,,,,,,,,,,,used,,,,20260918-1922
2026-09-20 06:07:39,EHAUSM-I,SIGN,1,1,0.003000,0.000,0.200,642036,292,1,32892,32894,0,0,0,73317874,3,72378242,0,0.451535,0.000000,0.000000,17303,0,5221.27,0,0,0,0,SUCCESS,0,0,,,,,,,,,,,,used,,,,20260918-1922
2026-09-20 06:08:09,EHAUSM-I,SIGN,2,1,0.003000,0.000,0.200,955150,438,1,29605,29606,0,0,0,44231397,12,43544048,0,0.436332,0.000000,0.000000,14594,0,10790.80,0,0,0,0,SUCCESS,0,0,,,,,,,,,,,,used,,,,20260918-1922
2026-09-20 06:08:43,EHAUSM-I,SIGN,3,1,0.003000,0.000,0.200,1316615,584,1,32906,32907,0,0,0,43765007,14,43152839,0,0.434715,0.000000,0.000000,12887,0,6809.84,0,0,0,0,SUCCESS,0,0,,,,,,,,,,,,used,,,,20260918-1922
2026-09-20 06:09:22,EHAUSM-I,SIGN,4,1,0.003000,0.000,0.200,1668652,730,1,38212,38213,0,0,0,45117749,18,44523862,0,0.411298,0.000000,0.000000,12666,0,6584.16,0,0,0,0,SUCCESS,0,0,,,,,,,,,,,,used,,,,20260918-1922
2026-09-20 06:09:52,EHAUSM-I,SIGN,0,2,0.003000,0.000,0.200,319686,146,0,29574,29575,0,0,0,106349081,0,104965619,0,0.455007,0.000000,0.000000,23387,0,7002.95,0,0,0,0,SUCCESS,0,0,,,,,,,,,,,,used,,,,20260918-1922
2026-09-20 06:10:26,EHAUSM-I,SIGN,1,2,0.003000,0.000,0.200,642036,292,1,32928,32929,0,0,0,73317874,3,72378242,0,0.451535,0.000000,0.000000,17303,0,6810.29,0,0,0,0,SUCCESS,0,0,,,,,,,,,,,,used,,,,20260918-1922
2026-09-20 06:10:57,EHAUSM-I,SIGN,2,2,0.003000,0.000,0.200,955150,438,1,29571,29572,0,0,0,44231397,12,43544048,0,0.436332,0.000000,0.000000,14594,0,7656.63,0,0,0,0,SUCCESS,0,0,,,,,,,,,,,,used,,,,20260918-1922
2026-09-20 06:11:31,EHAUSM-I,SIGN,3,2,0.003000,0.000,0.200,1316615,584,1,32922,32924,0,0,0,43765007,14,43152839,0,0.434715,0.000000,0.000000,12887,0,10769.14,0,0,0,0,SUCCESS,0,0,,,,,,,,,,,,used,,,,20260918-1922
2026-09-20 06:12:09,EHAUSM-I,SIGN,4,2,0.003000,0.000,0.200,1668652,730,1,38011,38013,0,0,0,45117749,18,44523862,0,0.411298,0.000000,0.000000,12666,0,6481.85,0,0,0,0,SUCCESS,0,0,,,,,,,,,,,,used,,,,20260918-1922
2026-09-20 06:12:32,EHAUSM-R,SIGN,0,0,0.003000,0.000,0.200,319686,146,0,21434,21435,0,0,0,106349081,0,104965619,0,0.287385,0.000000,0.000000,23387,0,2192.26,0,0,0,0,SUCCESS,0,1,,,,,,,,,,,,used,,,,20260918-1922
2026-09-20 06:13:00,EHAUSM-R,SIGN,1,0,0.003000,0.000,0.200,642036,292,1,28153,28155,0,0,0,102988598,3,102048966,0,0.294609,0.000000,0.000000,17303,0,8120.56,0,0,0,0,SUCCESS,0,1,,,,,,,,,,,,used,,,,20260918-1922
2026-09-20 06:13:29,EHAUSM-R,SIGN,2,0,0.003000,0.000,0.200,955150,438,2,28164,28166,0,0,0,85023548,12,84336199,0,0.293927,0.000000,0.000000,14594,0,4097.04,0,0,0,0,SUCCESS,0,1,,,,,,,,,,,,used,,,,20260918-1922
2026-09-20 06:14:00,EHAUSM-R,SIGN,3,0,0.003000,0.000,0.200,1316615,584,3,31217,31221,0,0,0,84148511,14,83536343,0,0.284258,0.000000,0.000000,12887,0,2994.26,0,0,0,0,SUCCESS,0,1,,,,,,,,,,,,used,,,,20260918-1922
2026-09-20 06:14:36,EHAUSM-R,SIGN,4,0,0.003000,0.000,0.200,1668652,730,4,35997,36001,0,0,0,87193705,18,86599818,0,0.284660,0.000000,0.000000,12666,0,2497.46,0,0,0,0,SUCCESS,0,1,,,,,,,,,,,,used,,,,20260918-1922
2026-09-20 06:14:58,EHAUSM-R,SIGN,0,1,0.003000,0.000,0.200,319686,146,0,20990,20992,0,0,0,106349081,0,104965619,0,0.287385,0.000000,0.000000,23387,0,3760.63,0,0,0,0,SUCCESS,0,1,,,,,,,,,,,,used,,,,20260918-1922
2026-09-20 06:15:26,EHAUSM-R,SIGN,1,1,0.003000,0.000,0.200,642036,292,1,27810,27811,0,0,0,102988598,3,102048966,0,0.294609,0.000000,0.000000,17303,0,1865.33,0,0,0,0,SUCCESS,0,1,,,,,,,,,,,,used,,,,20260918-1922
2026-09-20 06:15:55,EHAUSM-R,SIGN,2,1,0.003000,0.000,0.200,955150,438,2,28235,28238,0,0,0,85023548,12,84336199,0,0.293927,0.000000,0.000000,14594,0,2049.15,0,0,0,0,SUCCESS,0,1,,,,,,,,,,,,used,,,,20260918-1922
2026-09-20 06:16:26,EHAUSM-R,SIGN,3,1,0.003000,0.000,0.200,1316615,584,3,31265,31268,0,0,0,84148511,14,83536343,0,0.284258,0.000000,0.000000,12887,0,3553.87,0,0,0,0,SUCCESS,0,1,,,,,,,,,,,,used,,,,20260918-1922
2026-09-20 06:17:03,EHAUSM-R,SIGN,4,1,0.003000,0.000,0.200,1668652,730,4,36110,36114,0,0,0,87193705,18,86599818,0,0.284660,0.000000,0.000000,12666,0,2050.41,0,0,0,0,SUCCESS,0,1,,,,,,,,,,,,used,,,,20260918-1922
2026-09-20 06:17:25,EHAUSM-R,SIGN,0,2,0.003000,0.000,0.200,319686,146,1,21495,21496,0,0,0,106349081,0,104965619,0,0.287385,0.000000,0.000000,23387,0,8128.66,0,0,0,0,SUCCESS,0,1,,,,,,,,,,,,used,,,,20260918-1922
2026-09-20 06:17:53,EHAUSM-R,SIGN,1,2,0.003000,0.000,0.200,642036,292,1,27713,27715,0,0,0,102988598,3,102048966,0,0.294609,0.000000,0.000000,17303,0,1880.82,0,0,0,0,SUCCESS,0,1,,,,,,,,,,,,used,,,,20260918-1922
2026-09-20 06:18:22,EHAUSM-R,SIGN,2,2,0.003000,0.000,0.200,955150,438,2,28199,28201,0,0,0,85023548,12,84336199,0,0.293927,0.000000,0.000000,14594,0,3473.37,0,0,0,0,SUCCESS,0,1,,,,,,,,,,,,used,,,,20260918-1922
2026-09-20 06:18:53,EHAUSM-R,SIGN,3,2,0.003000,0.000,0.200,1316615,584,3,31149,31153,0,0,0,84148511,14,83536343,0,0.284258,0.000000,0.000000,12887,0,3025.67,0,0,0,0,SUCCESS,0,1,,,,,,,,,,,,used,,,,20260918-1922
2026-09-20 06:19:29,EHAUSM-R,SIGN,4,2,0.003000,0.000,0.200,1668652,730,4,36039,36044,0,0,0,87193705,18,86599818,0,0.284660,0.000000,0.000000,12666,0,2673.81,0,0,0,0,SUCCESS,0,1,,,,,,,,,,,,used,,,,20260918-1922
2026-09-20 06:19:40,HAUSP-UB[noL2+L3@node+nopool+noEUCS],SIGN,0,0,0.003000,0.000,0.200,319686,146,0,9504,9504,0,0,0,106349081,2,0,104965617,0.000000,0.387339,0.387339,23387,0,8929.07,106349081,0,1872,217,SUCCESS,106349079,2,,125440,242848,0,179968,,,,,104965617,2,used,,,,20260918-1922
2026-09-20 06:19:52,HAUSP-UB[noL2+L3@node+nopool+noEUCS],SIGN,1,0,0.003000,0.000,0.200,642036,292,0,11692,11693,0,0,0,102988598,22,0,102048947,0.000000,0.390766,0.390766,17303,0,4544.65,102988384,0,1694,246,SUCCESS,102988579,2,,210432,486720,0,357504,,,,,102048947,19,used,,,,20260918-1922
2026-09-20 06:20:04,HAUSP-UB[noL2+L3@node+nopool+noEUCS],SIGN,2,0,0.003000,0.000,0.200,955150,438,0,11917,11917,0,0,0,85023548,33,0,84336178,0.000000,0.385091,0.385091,14594,0,4545.07,85023314,0,1660,255,SUCCESS,85023527,2,,335488,721888,0,513664,,,,,84336178,21,used,,,,20260918-1922
2026-09-20 06:20:17,HAUSP-UB[noL2+L3@node+nopool+noEUCS],SIGN,3,0,0.003000,0.000,0.200,1316615,584,0,13289,13290,0,0,0,84148511,30,0,83536327,0.000000,0.374181,0.374181,12887,0,4401.46,84148270,0,1624,267,SUCCESS,84148495,2,,500992,963200,0,705408,,,,,83536327,16,used,,,,20260918-1922
2026-09-20 06:20:33,HAUSP-UB[noL2+L3@node+nopool+noEUCS],SIGN,4,0,0.003000,0.000,0.200,1668652,730,0,15770,15771,0,0,0,87193705,32,0,86599804,0.000000,0.366409,0.366410,12666,0,4273.89,87193456,0,1635,267,SUCCESS,87193691,2,,570112,1214656,0,905472,,,,,86599804,14,used,,,,20260918-1922
2026-09-20 06:20:44,HAUSP-UB[noL2+L3@node+nopool+noEUCS],SIGN,0,1,0.003000,0.000,0.200,319686,146,0,9523,9523,0,0,0,106349081,2,0,104965617,0.000000,0.387339,0.387339,23387,0,8992.90,106349081,0,1872,217,SUCCESS,106349079,2,,134784,242848,0,179968,,,,,104965617,2,used,,,,20260918-1922
2026-09-20 06:20:56,HAUSP-UB[noL2+L3@node+nopool+noEUCS],SIGN,1,1,0.003000,0.000,0.200,642036,292,0,11721,11722,0,0,0,102988598,22,0,102048947,0.000000,0.390766,0.390766,17303,0,4512.65,102988384,0,1694,246,SUCCESS,102988579,2,,220416,486720,0,357504,,,,,102048947,19,used,,,,20260918-1922
2026-09-20 06:21:08,HAUSP-UB[noL2+L3@node+nopool+noEUCS],SIGN,2,1,0.003000,0.000,0.200,955150,438,0,12012,12013,0,0,0,85023548,33,0,84336178,0.000000,0.385091,0.385091,14594,0,4513.29,85023314,0,1660,255,SUCCESS,85023527,2,,368256,721888,0,513664,,,,,84336178,21,used,,,,20260918-1922
2026-09-20 06:21:22,HAUSP-UB[noL2+L3@node+nopool+noEUCS],SIGN,3,1,0.003000,0.000,0.200,1316615,584,0,13436,13437,0,0,0,84148511,30,0,83536327,0.000000,0.374181,0.374181,12887,0,4369.87,84148270,0,1624,267,SUCCESS,84148495,2,,564736,963200,0,705408,,,,,83536327,16,used,,,,20260918-1922
2026-09-20 06:21:38,HAUSP-UB[noL2+L3@node+nopool+noEUCS],SIGN,4,1,0.003000,0.000,0.200,1668652,730,0,15963,15964,0,0,0,87193705,32,0,86599804,0.000000,0.366409,0.366410,12666,0,4258.47,87193456,0,1635,267,SUCCESS,87193691,2,,392192,1214656,0,905472,,,,,86599804,14,used,,,,20260918-1922
2026-09-20 06:21:48,HAUSP-UB[noL2+L3@node+nopool+noEUCS],SIGN,0,2,0.003000,0.000,0.200,319686,146,0,9535,9535,0,0,0,106349081,2,0,104965617,0.000000,0.387339,0.387339,23387,0,8960.95,106349081,0,1872,217,SUCCESS,106349079,2,,56064,242848,0,179968,,,,,104965617,2,used,,,,20260918-1922
2026-09-20 06:22:00,HAUSP-UB[noL2+L3@node+nopool+noEUCS],SIGN,1,2,0.003000,0.000,0.200,642036,292,0,11651,11651,0,0,0,102988598,22,0,102048947,0.000000,0.390766,0.390766,17303,0,4512.65,102988384,0,1694,246,SUCCESS,102988579,2,,220416,486720,0,357504,,,,,102048947,19,used,,,,20260918-1922
2026-09-20 06:22:12,HAUSP-UB[noL2+L3@node+nopool+noEUCS],SIGN,2,2,0.003000,0.000,0.200,955150,438,0,11999,11999,0,0,0,85023548,33,0,84336178,0.000000,0.385091,0.385091,14594,0,4513.07,85023314,0,1660,255,SUCCESS,85023527,2,,368256,721888,0,513664,,,,,84336178,21,used,,,,20260918-1922
2026-09-20 06:22:26,HAUSP-UB[noL2+L3@node+nopool+noEUCS],SIGN,3,2,0.003000,0.000,0.200,1316615,584,0,13362,13363,0,0,0,84148511,30,0,83536327,0.000000,0.374181,0.374181,12887,0,4369.46,84148270,0,1624,267,SUCCESS,84148495,2,,564736,963200,0,705408,,,,,83536327,16,used,,,,20260918-1922
2026-09-20 06:22:42,HAUSP-UB[noL2+L3@node+nopool+noEUCS],SIGN,4,2,0.003000,0.000,0.200,1668652,730,0,15916,15916,0,0,0,87193705,32,0,86599804,0.000000,0.366409,0.366410,12666,0,4257.89,87193456,0,1635,267,SUCCESS,87193691,2,,392192,1214656,0,905472,,,,,86599804,14,used,,,,20260918-1922
2026-09-20 06:22:52,HAUSP-UB[noL2+nopool+noEUCS],SIGN,0,0,0.003000,0.000,0.200,319686,146,0,8638,8639,0,0,0,106349081,2,0,104965617,0.000000,0.178773,0.178783,23387,0,8912.97,106349081,0,1872,217,SUCCESS,1383605,3,,81920,242848,0,179968,,,,,143,2,used,,,,20260918-1922
2026-09-20 06:23:03,HAUSP-UB[noL2+nopool+noEUCS],SIGN,1,0,0.003000,0.000,0.200,642036,292,0,10945,10946,0,0,0,102988598,22,0,102048947,0.000000,0.181681,0.181697,17303,0,4481.70,102988384,0,1694,246,SUCCESS,939693,3,,229632,486720,0,357504,,,,,61,19,used,,,,20260918-1922
2026-09-20 06:23:14,HAUSP-UB[noL2+nopool+noEUCS],SIGN,2,0,0.003000,0.000,0.200,955150,438,0,11248,11249,0,0,0,85023548,33,0,84336178,0.000000,0.184860,0.184882,14594,0,4505.07,85023314,0,1660,255,SUCCESS,687402,3,,385024,721888,0,513664,,,,,53,21,used,,,,20260918-1922
2026-09-20 06:23:27,HAUSP-UB[noL2+nopool+noEUCS],SIGN,3,0,0.003000,0.000,0.200,1316615,584,0,12651,12652,0,0,0,84148511,30,0,83536327,0.000000,0.177132,0.177159,12887,0,4331.23,84148270,0,1624,267,SUCCESS,612233,3,,492672,963200,0,705408,,,,,65,16,used,,,,20260918-1922
2026-09-20 06:23:43,HAUSP-UB[noL2+nopool+noEUCS],SIGN,4,0,0.003000,0.000,0.200,1668652,730,0,15268,15269,0,0,0,87193705,32,0,86599804,0.000000,0.176058,0.176085,12666,0,4243.89,87193456,0,1635,267,SUCCESS,593947,3,,230400,1214656,0,905472,,,,,60,14,used,,,,20260918-1922
2026-09-20 06:23:52,HAUSP-UB[noL2+nopool+noEUCS],SIGN,0,1,0.003000,0.000,0.200,319686,146,0,8717,8717,0,0,0,106349081,2,0,104965617,0.000000,0.178773,0.178783,23387,0,8912.99,106349081,0,1872,217,SUCCESS,1383605,3,,81920,242848,0,179968,,,,,143,2,used,,,,20260918-1922
2026-09-20 06:24:03,HAUSP-UB[noL2+nopool+noEUCS],SIGN,1,1,0.003000,0.000,0.200,642036,292,0,10747,10748,0,0,0,102988598,22,0,102048947,0.000000,0.181681,0.181697,17303,0,4481.73,102988384,0,1694,246,SUCCESS,939693,3,,229632,486720,0,357504,,,,,61,19,used,,,,20260918-1922
2026-09-20 06:24:15,HAUSP-UB[noL2+nopool+noEUCS],SIGN,2,1,0.003000,0.000,0.200,955150,438,0,11257,11258,0,0,0,85023548,33,0,84336178,0.000000,0.184860,0.184882,14594,0,4505.07,85023314,0,1660,255,SUCCESS,687402,3,,385024,721888,0,513664,,,,,53,21,used,,,,20260918-1922
2026-09-20 06:24:28,HAUSP-UB[noL2+nopool+noEUCS],SIGN,3,1,0.003000,0.000,0.200,1316615,584,0,12727,12728,0,0,0,84148511,30,0,83536327,0.000000,0.177132,0.177159,12887,0,4331.18,84148270,0,1624,267,SUCCESS,612233,3,,492672,963200,0,705408,,,,,65,16,used,,,,20260918-1922
2026-09-20 06:24:43,HAUSP-UB[noL2+nopool+noEUCS],SIGN,4,1,0.003000,0.000,0.200,1668652,730,0,15246,15247,0,0,0,87193705,32,0,86599804,0.000000,0.176058,0.176085,12666,0,4243.85,87193456,0,1635,267,SUCCESS,593947,3,,230400,1214656,0,905472,,,,,60,14,used,,,,20260918-1922
2026-09-20 06:24:53,HAUSP-UB[noL2+nopool+noEUCS],SIGN,0,2,0.003000,0.000,0.200,319686,146,0,8631,8631,0,0,0,106349081,2,0,104965617,0.000000,0.178773,0.178783,23387,0,8912.97,106349081,0,1872,217,SUCCESS,1383605,3,,81920,242848,0,179968,,,,,143,2,used,,,,20260918-1922
2026-09-20 06:25:04,HAUSP-UB[noL2+nopool+noEUCS],SIGN,1,2,0.003000,0.000,0.200,642036,292,0,10888,10889,0,0,0,102988598,22,0,102048947,0.000000,0.181681,0.181697,17303,0,4481.73,102988384,0,1694,246,SUCCESS,939693,3,,229632,486720,0,357504,,,,,61,19,used,,,,20260918-1922
2026-09-20 06:25:15,HAUSP-UB[noL2+nopool+noEUCS],SIGN,2,2,0.003000,0.000,0.200,955150,438,0,11229,11230,0,0,0,85023548,33,0,84336178,0.000000,0.184860,0.184882,14594,0,4505.07,85023314,0,1660,255,SUCCESS,687402,3,,385024,721888,0,513664,,,,,53,21,used,,,,20260918-1922
2026-09-20 06:25:28,HAUSP-UB[noL2+nopool+noEUCS],SIGN,3,2,0.003000,0.000,0.200,1316615,584,0,12642,12643,0,0,0,84148511,30,0,83536327,0.000000,0.177132,0.177159,12887,0,4331.25,84148270,0,1624,267,SUCCESS,612233,3,,492672,963200,0,705408,,,,,65,16,used,,,,20260918-1922
2026-09-20 06:25:44,HAUSP-UB[noL2+nopool+noEUCS],SIGN,4,2,0.003000,0.000,0.200,1668652,730,0,15217,15218,0,0,0,87193705,32,0,86599804,0.000000,0.176058,0.176085,12666,0,4243.91,87193456,0,1635,267,SUCCESS,593947,3,,230400,1214656,0,905472,,,,,60,14,used,,,,20260918-1922
2026-09-20 06:25:51,HAUSP-UB[noL2+noEUCS],SIGN,0,0,0.003000,0.000,0.200,319686,146,0,6860,6861,0,0,0,106349081,2,0,104965617,0.000000,0.178773,0.178783,23387,0,1480.03,106349081,106347209,1872,217,SUCCESS,1383605,4,,0,242848,0,179968,,,,,143,2,used,,,,20260918-1922
2026-09-20 06:26:01,HAUSP-UB[noL2+noEUCS],SIGN,1,0,0.003000,0.000,0.200,642036,292,0,9218,9219,0,0,0,102988598,22,0,102048947,0.000000,0.181681,0.181697,17303,0,1482.87,102988384,102988345,1694,246,SUCCESS,939693,4,,2080768,486720,0,387456,,,,,61,19,used,,,,20260918-1922
2026-09-20 06:26:11,HAUSP-UB[noL2+noEUCS],SIGN,2,0,0.003000,0.000,0.200,955150,438,0,9634,9635,0,0,0,85023548,33,0,84336178,0.000000,0.184860,0.184882,14594,0,1485.92,85023314,85023314,1660,255,SUCCESS,687402,4,,4175104,721888,0,564224,,,,,53,21,used,,,,20260918-1922
2026-09-20 06:26:22,HAUSP-UB[noL2+noEUCS],SIGN,3,0,0.003000,0.000,0.200,1316615,584,0,10975,10976,0,0,0,84148511,30,0,83536327,0.000000,0.177132,0.177159,12887,0,1488.27,84148270,84148270,1624,267,SUCCESS,612233,4,,6371328,963200,0,805760,,,,,65,16,used,,,,20260918-1922
2026-09-20 06:26:35,HAUSP-UB[noL2+noEUCS],SIGN,4,0,0.003000,0.000,0.200,1668652,730,0,13030,13031,0,0,0,87193705,32,0,86599804,0.000000,0.176058,0.176085,12666,0,1490.99,87193456,87193456,1635,267,SUCCESS,593947,4,,8023040,1214656,0,1002496,,,,,60,14,used,,,,20260918-1922
2026-09-20 06:26:43,HAUSP-UB[noL2+noEUCS],SIGN,0,1,0.003000,0.000,0.200,319686,146,0,6770,6771,0,0,0,106349081,2,0,104965617,0.000000,0.178773,0.178783,23387,0,1480.03,106349081,106347209,1872,217,SUCCESS,1383605,4,,0,242848,0,179968,,,,,143,2,used,,,,20260918-1922
2026-09-20 06:26:52,HAUSP-UB[noL2+noEUCS],SIGN,1,1,0.003000,0.000,0.200,642036,292,0,9228,9229,0,0,0,102988598,22,0,102048947,0.000000,0.181681,0.181697,17303,0,1482.87,102988384,102988345,1694,246,SUCCESS,939693,4,,2080768,486720,0,387456,,,,,61,19,used,,,,20260918-1922
2026-09-20 06:27:02,HAUSP-UB[noL2+noEUCS],SIGN,2,1,0.003000,0.000,0.200,955150,438,0,9687,9687,0,0,0,85023548,33,0,84336178,0.000000,0.184860,0.184882,14594,0,1485.92,85023314,85023314,1660,255,SUCCESS,687402,4,,4175104,721888,0,564224,,,,,53,21,used,,,,20260918-1922
2026-09-20 06:27:14,HAUSP-UB[noL2+noEUCS],SIGN,3,1,0.003000,0.000,0.200,1316615,584,0,10973,10974,0,0,0,84148511,30,0,83536327,0.000000,0.177132,0.177159,12887,0,1488.27,84148270,84148270,1624,267,SUCCESS,612233,4,,6371328,963200,0,805760,,,,,65,16,used,,,,20260918-1922
2026-09-20 06:27:27,HAUSP-UB[noL2+noEUCS],SIGN,4,1,0.003000,0.000,0.200,1668652,730,0,12975,12976,0,0,0,87193705,32,0,86599804,0.000000,0.176058,0.176085,12666,0,1490.99,87193456,87193456,1635,267,SUCCESS,593947,4,,8023040,1214656,0,1002496,,,,,60,14,used,,,,20260918-1922
2026-09-20 06:27:34,HAUSP-UB[noL2+noEUCS],SIGN,0,2,0.003000,0.000,0.200,319686,146,0,6784,6784,0,0,0,106349081,2,0,104965617,0.000000,0.178773,0.178783,23387,0,1480.03,106349081,106347209,1872,217,SUCCESS,1383605,4,,0,242848,0,179968,,,,,143,2,used,,,,20260918-1922
2026-09-20 06:27:44,HAUSP-UB[noL2+noEUCS],SIGN,1,2,0.003000,0.000,0.200,642036,292,0,9147,9147,0,0,0,102988598,22,0,102048947,0.000000,0.181681,0.181697,17303,0,1482.87,102988384,102988345,1694,246,SUCCESS,939693,4,,2080768,486720,0,387456,,,,,61,19,used,,,,20260918-1922
2026-09-20 06:27:54,HAUSP-UB[noL2+noEUCS],SIGN,2,2,0.003000,0.000,0.200,955150,438,0,9585,9586,0,0,0,85023548,33,0,84336178,0.000000,0.184860,0.184882,14594,0,1485.92,85023314,85023314,1660,255,SUCCESS,687402,4,,4175104,721888,0,564224,,,,,53,21,used,,,,20260918-1922
2026-09-20 06:28:05,HAUSP-UB[noL2+noEUCS],SIGN,3,2,0.003000,0.000,0.200,1316615,584,0,10876,10877,0,0,0,84148511,30,0,83536327,0.000000,0.177132,0.177159,12887,0,1488.27,84148270,84148270,1624,267,SUCCESS,612233,4,,6371328,963200,0,805760,,,,,65,16,used,,,,20260918-1922
2026-09-20 06:28:18,HAUSP-UB[noL2+noEUCS],SIGN,4,2,0.003000,0.000,0.200,1668652,730,0,13076,13077,0,0,0,87193705,32,0,86599804,0.000000,0.176058,0.176085,12666,0,1490.99,87193456,87193456,1635,267,SUCCESS,593947,4,,8023040,1214656,0,1002496,,,,,60,14,used,,,,20260918-1922
2026-09-20 06:28:25,HAUSP-UB[noEUCS],SIGN,0,0,0.003000,0.000,0.200,319686,146,0,6182,6183,0,0,0,106349081,2,104965474,143,0.000000,0.178773,0.178783,23387,0,1480.03,106349081,106348144,937,217,SUCCESS,1383605,5,,0,242848,0,179968,,,,,143,2,used,,,,20260918-1922
2026-09-20 06:28:34,HAUSP-UB[noEUCS],SIGN,1,0,0.003000,0.000,0.200,642036,292,0,8538,8539,0,0,0,102988598,22,102048886,61,0.000000,0.181681,0.181697,17303,0,1481.81,102988384,102988316,788,246,SUCCESS,939693,5,,1075200,486720,0,400768,,,,,61,19,used,,,,20260918-1922
2026-09-20 06:28:43,HAUSP-UB[noEUCS],SIGN,2,0,0.003000,0.000,0.200,955150,438,0,9062,9063,0,0,0,85023548,33,84336125,53,0.000000,0.184860,0.184882,14594,0,1484.07,85023314,85023311,762,255,SUCCESS,687402,5,,2206208,721888,0,577536,,,,,53,21,used,,,,20260918-1922
2026-09-20 06:28:54,HAUSP-UB[noEUCS],SIGN,3,0,0.003000,0.000,0.200,1316615,584,0,10335,10336,0,0,0,84148511,30,83536262,65,0.000000,0.177132,0.177159,12887,0,1485.08,84148270,84148270,749,267,SUCCESS,612233,5,,3192832,963200,0,819072,,,,,65,16,used,,,,20260918-1922
2026-09-20 06:29:06,HAUSP-UB[noEUCS],SIGN,4,0,0.003000,0.000,0.200,1668652,730,0,12504,12505,0,0,0,87193705,32,86599744,60,0.000000,0.176058,0.176085,12666,0,1487.05,87193456,87193443,754,267,SUCCESS,593947,5,,4172800,1214656,0,1015808,,,,,60,14,used,,,,20260918-1922
2026-09-20 06:29:13,HAUSP-UB[noEUCS],SIGN,0,1,0.003000,0.000,0.200,319686,146,0,6192,6193,0,0,0,106349081,2,104965474,143,0.000000,0.178773,0.178783,23387,0,1480.03,106349081,106348144,937,217,SUCCESS,1383605,5,,0,242848,0,179968,,,,,143,2,used,,,,20260918-1922
2026-09-20 06:29:22,HAUSP-UB[noEUCS],SIGN,1,1,0.003000,0.000,0.200,642036,292,0,8583,8584,0,0,0,102988598,22,102048886,61,0.000000,0.181681,0.181697,17303,0,1481.81,102988384,102988316,788,246,SUCCESS,939693,5,,1075200,486720,0,400768,,,,,61,19,used,,,,20260918-1922
2026-09-20 06:29:32,HAUSP-UB[noEUCS],SIGN,2,1,0.003000,0.000,0.200,955150,438,0,9082,9082,0,0,0,85023548,33,84336125,53,0.000000,0.184860,0.184882,14594,0,1484.07,85023314,85023311,762,255,SUCCESS,687402,5,,2206208,721888,0,577536,,,,,53,21,used,,,,20260918-1922
2026-09-20 06:29:42,HAUSP-UB[noEUCS],SIGN,3,1,0.003000,0.000,0.200,1316615,584,0,10340,10341,0,0,0,84148511,30,83536262,65,0.000000,0.177132,0.177159,12887,0,1485.08,84148270,84148270,749,267,SUCCESS,612233,5,,3192832,963200,0,819072,,,,,65,16,used,,,,20260918-1922
2026-09-20 06:29:55,HAUSP-UB[noEUCS],SIGN,4,1,0.003000,0.000,0.200,1668652,730,0,12453,12454,0,0,0,87193705,32,86599744,60,0.000000,0.176058,0.176085,12666,0,1487.05,87193456,87193443,754,267,SUCCESS,593947,5,,4172800,1214656,0,1015808,,,,,60,14,used,,,,20260918-1922
2026-09-20 06:30:02,HAUSP-UB[noEUCS],SIGN,0,2,0.003000,0.000,0.200,319686,146,0,6117,6118,0,0,0,106349081,2,104965474,143,0.000000,0.178773,0.178783,23387,0,1480.03,106349081,106348144,937,217,SUCCESS,1383605,5,,0,242848,0,179968,,,,,143,2,used,,,,20260918-1922
2026-09-20 06:30:11,HAUSP-UB[noEUCS],SIGN,1,2,0.003000,0.000,0.200,642036,292,0,8523,8523,0,0,0,102988598,22,102048886,61,0.000000,0.181681,0.181697,17303,0,1481.81,102988384,102988316,788,246,SUCCESS,939693,5,,1075200,486720,0,400768,,,,,61,19,used,,,,20260918-1922
2026-09-20 06:30:20,HAUSP-UB[noEUCS],SIGN,2,2,0.003000,0.000,0.200,955150,438,0,9007,9008,0,0,0,85023548,33,84336125,53,0.000000,0.184860,0.184882,14594,0,1484.07,85023314,85023311,762,255,SUCCESS,687402,5,,2206208,721888,0,577536,,,,,53,21,used,,,,20260918-1922
2026-09-20 06:30:30,HAUSP-UB[noEUCS],SIGN,3,2,0.003000,0.000,0.200,1316615,584,0,10293,10294,0,0,0,84148511,30,83536262,65,0.000000,0.177132,0.177159,12887,0,1485.08,84148270,84148270,749,267,SUCCESS,612233,5,,3192832,963200,0,819072,,,,,65,16,used,,,,20260918-1922
2026-09-20 06:30:43,HAUSP-UB[noEUCS],SIGN,4,2,0.003000,0.000,0.200,1668652,730,0,12506,12506,0,0,0,87193705,32,86599744,60,0.000000,0.176058,0.176085,12666,0,1487.05,87193456,87193443,754,267,SUCCESS,593947,5,,4172800,1214656,0,1015808,,,,,60,14,used,,,,20260918-1922
2026-09-20 06:30:45,EHAUSM-I,C8T1S5I8N5K,0,0,0.000200,0.000,0.200,9488004,9426,54,1022,1077,0,0,0,4135232,15686,3992155,0,0.468141,0.000000,0.000000,6078,0,3202.19,0,0,0,0,SUCCESS,0,0,,,,,,,,,,,,used,,,,20260918-1922
2026-09-20 06:30:47,EHAUSM-I,C8T1S5I8N5K,1,0,0.000200,0.000,0.200,18951306,18852,39,1159,1199,0,0,0,2897595,23506,2799515,0,0.465351,0.000000,0.000000,4680,0,2742.41,0,0,0,0,SUCCESS,0,0,,,,,,,,,,,,used,,,,20260918-1922
2026-09-20 06:30:49,EHAUSM-I,C8T1S5I8N5K,2,0,0.000200,0.000,0.200,28544670,28278,47,1396,1443,0,0,0,2568198,27246,2479294,0,0.444687,0.000000,0.000000,3088,0,2752.57,0,0,0,0,SUCCESS,0,0,,,,,,,,,,,,used,,,,20260918-1922
2026-09-20 06:30:50,EHAUSM-I,C8T1S5I8N5K,3,0,0.000200,0.000,0.200,38016389,37704,54,1566,1620,0,0,0,1943701,29682,1862673,0,0.427942,0.000000,0.000000,2428,0,2525.71,0,0,0,0,SUCCESS,0,0,,,,,,,,,,,,used,,,,20260918-1922
2026-09-20 06:30:53,EHAUSM-I,C8T1S5I8N5K,4,0,0.000200,0.000,0.200,47416411,47132,66,1928,1994,0,0,0,2031333,30941,1952780,0,0.432510,0.000000,0.000000,2623,0,4540.43,0,0,0,0,SUCCESS,0,0,,,,,,,,,,,,used,,,,20260918-1922
2026-09-20 06:30:55,EHAUSM-I,C8T1S5I8N5K,0,1,0.000200,0.000,0.200,9488004,9426,54,1014,1069,0,0,0,4135232,15686,3992155,0,0.468141,0.000000,0.000000,6078,0,2897.62,0,0,0,0,SUCCESS,0,0,,,,,,,,,,,,used,,,,20260918-1922
2026-09-20 06:30:56,EHAUSM-I,C8T1S5I8N5K,1,1,0.000200,0.000,0.200,18951306,18852,34,1168,1202,0,0,0,2897595,23506,2799515,0,0.465351,0.000000,0.000000,4680,0,2389.15,0,0,0,0,SUCCESS,0,0,,,,,,,,,,,,used,,,,20260918-1922
2026-09-20 06:30:58,EHAUSM-I,C8T1S5I8N5K,2,1,0.000200,0.000,0.200,28544670,28278,38,1424,1462,0,0,0,2568198,27246,2479294,0,0.444687,0.000000,0.000000,3088,0,2334.55,0,0,0,0,SUCCESS,0,0,,,,,,,,,,,,used,,,,20260918-1922
2026-09-20 06:31:00,EHAUSM-I,C8T1S5I8N5K,3,1,0.000200,0.000,0.200,38016389,37704,55,1549,1605,0,0,0,1943701,29682,1862673,0,0.427942,0.000000,0.000000,2428,0,4221.97,0,0,0,0,SUCCESS,0,0,,,,,,,,,,,,used,,,,20260918-1922
2026-09-20 06:31:02,EHAUSM-I,C8T1S5I8N5K,4,1,0.000200,0.000,0.200,47416411,47132,61,1819,1881,0,0,0,2031333,30941,1952780,0,0.432510,0.000000,0.000000,2623,0,4540.43,0,0,0,0,SUCCESS,0,0,,,,,,,,,,,,used,,,,20260918-1922
2026-09-20 06:31:04,EHAUSM-I,C8T1S5I8N5K,0,2,0.000200,0.000,0.200,9488004,9426,55,995,1051,0,0,0,4135232,15686,3992155,0,0.468141,0.000000,0.000000,6078,0,2910.61,0,0,0,0,SUCCESS,0,0,,,,,,,,,,,,used,,,,20260918-1922
2026-09-20 06:31:05,EHAUSM-I,C8T1S5I8N5K,1,2,0.000200,0.000,0.200,18951306,18852,39,1137,1176,0,0,0,2897595,23506,2799515,0,0.465351,0.000000,0.000000,4680,0,2375.43,0,0,0,0,SUCCESS,0,0,,,,,,,,,,,,used,,,,20260918-1922
2026-09-20 06:31:07,EHAUSM-I,C8T1S5I8N5K,2,2,0.000200,0.000,0.200,28544670,28278,48,1392,1441,0,0,0,2568198,27246,2479294,0,0.444687,0.000000,0.000000,3088,0,2334.69,0,0,0,0,SUCCESS,0,0,,,,,,,,,,,,used,,,,20260918-1922
2026-09-20 06:31:09,EHAUSM-I,C8T1S5I8N5K,3,2,0.000200,0.000,0.200,38016389,37704,55,1550,1605,0,0,0,1943701,29682,1862673,0,0.427942,0.000000,0.000000,2428,0,4221.97,0,0,0,0,SUCCESS,0,0,,,,,,,,,,,,used,,,,20260918-1922
2026-09-20 06:31:11,EHAUSM-I,C8T1S5I8N5K,4,2,0.000200,0.000,0.200,47416411,47132,60,1833,1894,0,0,0,2031333,30941,1952780,0,0.432510,0.000000,0.000000,2623,0,2099.92,0,0,0,0,SUCCESS,0,0,,,,,,,,,,,,used,,,,20260918-1922
2026-09-20 06:31:13,EHAUSM-R,C8T1S5I8N5K,0,0,0.000200,0.000,0.200,9488004,9426,34,745,780,0,0,0,4135232,15686,3992155,0,0.308031,0.000000,0.000000,6078,0,3557.69,0,0,0,0,SUCCESS,0,1,,,,,,,,,,,,used,,,,20260918-1922
2026-09-20 06:31:14,EHAUSM-R,C8T1S5I8N5K,1,0,0.000200,0.000,0.200,18951306,18852,40,955,996,0,0,0,3362678,23506,3264598,0,0.318953,0.000000,0.000000,4680,0,3162.83,0,0,0,0,SUCCESS,0,1,,,,,,,,,,,,used,,,,20260918-1922
2026-09-20 06:31:16,EHAUSM-R,C8T1S5I8N5K,2,0,0.000200,0.000,0.200,28544670,28278,50,1245,1296,0,0,0,3274060,27246,3185156,0,0.304781,0.000000,0.000000,3088,0,3288.03,0,0,0,0,SUCCESS,0,1,,,,,,,,,,,,used,,,,20260918-1922
2026-09-20 06:31:17,EHAUSM-R,C8T1S5I8N5K,3,0,0.000200,0.000,0.200,38016389,37704,70,1397,1468,0,0,0,2977067,29682,2896039,0,0.296094,0.000000,0.000000,2428,0,3325.86,0,0,0,0,SUCCESS,0,1,,,,,,,,,,,,used,,,,20260918-1922
2026-09-20 06:31:19,EHAUSM-R,C8T1S5I8N5K,4,0,0.000200,0.000,0.200,47416411,47132,88,1702,1791,0,0,0,3020056,30941,2941503,0,0.297580,0.000000,0.000000,2623,0,3634.85,0,0,0,0,SUCCESS,0,1,,,,,,,,,,,,used,,,,20260918-1922
2026-09-20 06:31:21,EHAUSM-R,C8T1S5I8N5K,0,1,0.000200,0.000,0.200,9488004,9426,38,714,752,0,0,0,4135232,15686,3992155,0,0.308031,0.000000,0.000000,6078,0,3557.69,0,0,0,0,SUCCESS,0,1,,,,,,,,,,,,used,,,,20260918-1922
2026-09-20 06:31:22,EHAUSM-R,C8T1S5I8N5K,1,1,0.000200,0.000,0.200,18951306,18852,41,934,975,0,0,0,3362678,23506,3264598,0,0.318953,0.000000,0.000000,4680,0,3162.83,0,0,0,0,SUCCESS,0,1,,,,,,,,,,,,used,,,,20260918-1922
2026-09-20 06:31:24,EHAUSM-R,C8T1S5I8N5K,2,1,0.000200,0.000,0.200,28544670,28278,50,1251,1302,0,0,0,3274060,27246,3185156,0,0.304781,0.000000,0.000000,3088,0,3288.03,0,0,0,0,SUCCESS,0,1,,,,,,,,,,,,used,,,,20260918-1922
2026-09-20 06:31:25,EHAUSM-R,C8T1S5I8N5K,3,1,0.000200,0.000,0.200,38016389,37704,70,1421,1491,0,0,0,2977067,29682,2896039,0,0.296094,0.000000,0.000000,2428,0,3325.86,0,0,0,0,SUCCESS,0,1,,,,,,,,,,,,used,,,,20260918-1922
2026-09-20 06:31:28,EHAUSM-R,C8T1S5I8N5K,4,1,0.000200,0.000,0.200,47416411,47132,88,1683,1771,0,0,0,3020056,30941,2941503,0,0.297580,0.000000,0.000000,2623,0,3634.85,0,0,0,0,SUCCESS,0,1,,,,,,,,,,,,used,,,,20260918-1922
2026-09-20 06:31:29,EHAUSM-R,C8T1S5I8N5K,0,2,0.000200,0.000,0.200,9488004,9426,31,728,759,0,0,0,4135232,15686,3992155,0,0.308031,0.000000,0.000000,6078,0,3557.69,0,0,0,0,SUCCESS,0,1,,,,,,,,,,,,used,,,,20260918-1922
2026-09-20 06:31:30,EHAUSM-R,C8T1S5I8N5K,1,2,0.000200,0.000,0.200,18951306,18852,40,948,989,0,0,0,3362678,23506,3264598,0,0.318953,0.000000,0.000000,4680,0,3162.83,0,0,0,0,SUCCESS,0,1,,,,,,,,,,,,used,,,,20260918-1922
2026-09-20 06:31:32,EHAUSM-R,C8T1S5I8N5K,2,2,0.000200,0.000,0.200,28544670,28278,57,1247,1304,0,0,0,3274060,27246,3185156,0,0.304781,0.000000,0.000000,3088,0,3288.03,0,0,0,0,SUCCESS,0,1,,,,,,,,,,,,used,,,,20260918-1922
2026-09-20 06:31:34,EHAUSM-R,C8T1S5I8N5K,3,2,0.000200,0.000,0.200,38016389,37704,70,1408,1479,0,0,0,2977067,29682,2896039,0,0.296094,0.000000,0.000000,2428,0,3325.86,0,0,0,0,SUCCESS,0,1,,,,,,,,,,,,used,,,,20260918-1922
2026-09-20 06:31:36,EHAUSM-R,C8T1S5I8N5K,4,2,0.000200,0.000,0.200,47416411,47132,88,1684,1773,0,0,0,3020056,30941,2941503,0,0.297580,0.000000,0.000000,2623,0,3634.85,0,0,0,0,SUCCESS,0,1,,,,,,,,,,,,used,,,,20260918-1922
2026-09-20 06:31:37,HAUSP-UB[noL2+L3@node+nopool+noEUCS],C8T1S5I8N5K,0,0,0.000200,0.000,0.200,9488004,9426,20,586,607,9,0,0,4135232,29547,0,3978294,0.000000,0.380303,0.380607,6078,0,2741.72,4150918,0,52312,51042,SUCCESS,4121371,2,,1792,4438024,0,7045632,,,,,3978294,13861,used,,,,20260918-1922
2026-09-20 06:31:38,HAUSP-UB[noL2+L3@node+nopool+noEUCS],C8T1S5I8N5K,1,0,0.000200,0.000,0.200,18951306,18852,22,639,661,9,0,0,3362678,38503,0,3249601,0.000000,0.381544,0.381877,4680,0,2688.72,3335142,0,10934,60186,SUCCESS,3347681,2,,2688,8864368,0,10370944,,,,,3249601,14997,used,,,,20260918-1922
2026-09-20 06:31:39,HAUSP-UB[noL2+L3@node+nopool+noEUCS],C8T1S5I8N5K,2,0,0.000200,0.000,0.200,28544670,28278,22,814,837,9,0,0,3274060,42907,0,3169495,0.000000,0.370841,0.371160,3088,0,2875.19,3241120,0,6227,64372,SUCCESS,3258399,2,,0,13348488,0,13956864,,,,,3169495,15661,used,,,,20260918-1922
2026-09-20 06:31:40,HAUSP-UB[noL2+L3@node+nopool+noEUCS],C8T1S5I8N5K,3,0,0.000200,0.000,0.200,38016389,37704,22,923,946,9,0,0,2977067,45276,0,2880445,0.000000,0.364297,0.364644,2428,0,2948.56,2942377,0,4684,66784,SUCCESS,2961473,2,,0,17779144,0,17668736,,,,,2880445,15594,used,,,,20260918-1922
2026-09-20 06:31:42,HAUSP-UB[noL2+L3@node+nopool+noEUCS],C8T1S5I8N5K,4,0,0.000200,0.000,0.200,47416411,47132,23,1116,1140,9,0,0,3020056,46615,0,2925829,0.000000,0.364777,0.365118,2623,0,3158.25,2984213,0,3887,68240,SUCCESS,3004382,2,,0,22186560,0,21455616,,,,,2925829,15674,used,,,,20260918-1922
2026-09-20 06:31:43,HAUSP-UB[noL2+L3@node+nopool+noEUCS],C8T1S5I8N5K,0,1,0.000200,0.000,0.200,9488004,9426,21,501,523,9,0,0,4135232,29547,0,3978294,0.000000,0.380303,0.380607,6078,0,2741.72,4150918,0,52312,51042,SUCCESS,4121371,2,,1792,4438024,0,7045632,,,,,3978294,13861,used,,,,20260918-1922
2026-09-20 06:31:44,HAUSP-UB[noL2+L3@node+nopool+noEUCS],C8T1S5I8N5K,1,1,0.000200,0.000,0.200,18951306,18852,21,643,664,9,0,0,3362678,38503,0,3249601,0.000000,0.381544,0.381877,4680,0,2688.72,3335142,0,10934,60186,SUCCESS,3347681,2,,2688,8864368,0,10370944,,,,,3249601,14997,used,,,,20260918-1922
2026-09-20 06:31:45,HAUSP-UB[noL2+L3@node+nopool+noEUCS],C8T1S5I8N5K,2,1,0.000200,0.000,0.200,28544670,28278,22,844,866,9,0,0,3274060,42907,0,3169495,0.000000,0.370841,0.371160,3088,0,2875.19,3241120,0,6227,64372,SUCCESS,3258399,2,,0,13348488,0,13956864,,,,,3169495,15661,used,,,,20260918-1922
2026-09-20 06:31:46,HAUSP-UB[noL2+L3@node+nopool+noEUCS],C8T1S5I8N5K,3,1,0.000200,0.000,0.200,38016389,37704,22,938,960,9,0,0,2977067,45276,0,2880445,0.000000,0.364297,0.364644,2428,0,2948.56,2942377,0,4684,66784,SUCCESS,2961473,2,,0,17779144,0,17668736,,,,,2880445,15594,used,,,,20260918-1922
2026-09-20 06:31:48,HAUSP-UB[noL2+L3@node+nopool+noEUCS],C8T1S5I8N5K,4,1,0.000200,0.000,0.200,47416411,47132,23,1119,1143,9,0,0,3020056,46615,0,2925829,0.000000,0.364777,0.365118,2623,0,3158.25,2984213,0,3887,68240,SUCCESS,3004382,2,,0,22186560,0,21455616,,,,,2925829,15674,used,,,,20260918-1922
2026-09-20 06:31:49,HAUSP-UB[noL2+L3@node+nopool+noEUCS],C8T1S5I8N5K,0,2,0.000200,0.000,0.200,9488004,9426,21,496,518,9,0,0,4135232,29547,0,3978294,0.000000,0.380303,0.380607,6078,0,2741.72,4150918,0,52312,51042,SUCCESS,4121371,2,,1792,4438024,0,7045632,,,,,3978294,13861,used,,,,20260918-1922
2026-09-20 06:31:50,HAUSP-UB[noL2+L3@node+nopool+noEUCS],C8T1S5I8N5K,1,2,0.000200,0.000,0.200,18951306,18852,22,634,656,9,0,0,3362678,38503,0,3249601,0.000000,0.381544,0.381877,4680,0,2688.72,3335142,0,10934,60186,SUCCESS,3347681,2,,2688,8864368,0,10370944,,,,,3249601,14997,used,,,,20260918-1922
2026-09-20 06:31:51,HAUSP-UB[noL2+L3@node+nopool+noEUCS],C8T1S5I8N5K,2,2,0.000200,0.000,0.200,28544670,28278,23,839,862,9,0,0,3274060,42907,0,3169495,0.000000,0.370841,0.371160,3088,0,2875.19,3241120,0,6227,64372,SUCCESS,3258399,2,,0,13348488,0,13956864,,,,,3169495,15661,used,,,,20260918-1922
2026-09-20 06:31:52,HAUSP-UB[noL2+L3@node+nopool+noEUCS],C8T1S5I8N5K,3,2,0.000200,0.000,0.200,38016389,37704,22,926,948,9,0,0,2977067,45276,0,2880445,0.000000,0.364297,0.364644,2428,0,2948.56,2942377,0,4684,66784,SUCCESS,2961473,2,,0,17779144,0,17668736,,,,,2880445,15594,used,,,,20260918-1922
2026-09-20 06:31:54,HAUSP-UB[noL2+L3@node+nopool+noEUCS],C8T1S5I8N5K,4,2,0.000200,0.000,0.200,47416411,47132,23,1135,1159,9,0,0,3020056,46615,0,2925829,0.000000,0.364777,0.365118,2623,0,3158.25,2984213,0,3887,68240,SUCCESS,3004382,2,,0,22186560,0,21455616,,,,,2925829,15674,used,,,,20260918-1922
2026-09-20 06:31:55,HAUSP-UB[noL2+nopool+noEUCS],C8T1S5I8N5K,0,0,0.000200,0.000,0.200,9488004,9426,21,457,479,9,0,0,4135232,29547,0,3978294,0.000000,0.242173,0.250249,6078,0,2741.72,4150918,0,52312,51042,SUCCESS,154905,3,,0,4438024,0,7045632,,,,,11828,13861,used,,,,20260918-1922
2026-09-20 06:31:56,HAUSP-UB[noL2+nopool+noEUCS],C8T1S5I8N5K,1,0,0.000200,0.000,0.200,18951306,18852,21,608,630,9,0,0,3362678,38503,0,3249601,0.000000,0.225775,0.235845,4680,0,2688.72,3335142,0,10934,60186,SUCCESS,110576,3,,0,8864368,0,10370944,,,,,12496,14997,used,,,,20260918-1922
2026-09-20 06:31:57,HAUSP-UB[noL2+nopool+noEUCS],C8T1S5I8N5K,2,0,0.000200,0.000,0.200,28544670,28278,23,803,826,9,0,0,3274060,42907,0,3169495,0.000000,0.212608,0.222879,3088,0,2875.19,3241120,0,6227,64372,SUCCESS,101178,3,,0,13348488,0,13956864,,,,,12274,15661,used,,,,20260918-1922
2026-09-20 06:31:58,HAUSP-UB[noL2+nopool+noEUCS],C8T1S5I8N5K,3,0,0.000200,0.000,0.200,38016389,37704,23,882,905,9,0,0,2977067,45276,0,2880445,0.000000,0.210993,0.221967,2428,0,2948.56,2942377,0,4684,66784,SUCCESS,93432,3,,0,17779144,0,17668736,,,,,12404,15594,used,,,,20260918-1922
2026-09-20 06:32:00,HAUSP-UB[noL2+nopool+noEUCS],C8T1S5I8N5K,4,0,0.000200,0.000,0.200,47416411,47132,23,1106,1130,9,0,0,3020056,46615,0,2925829,0.000000,0.208598,0.219840,2623,0,3158.25,2984213,0,3887,68240,SUCCESS,91130,3,,0,22186560,0,21455616,,,,,12577,15674,used,,,,20260918-1922
2026-09-20 06:32:01,HAUSP-UB[noL2+nopool+noEUCS],C8T1S5I8N5K,0,1,0.000200,0.000,0.200,9488004,9426,21,463,485,9,0,0,4135232,29547,0,3978294,0.000000,0.242173,0.250249,6078,0,2741.72,4150918,0,52312,51042,SUCCESS,154905,3,,0,4438024,0,7045632,,,,,11828,13861,used,,,,20260918-1922
2026-09-20 06:32:02,HAUSP-UB[noL2+nopool+noEUCS],C8T1S5I8N5K,1,1,0.000200,0.000,0.200,18951306,18852,22,607,629,9,0,0,3362678,38503,0,3249601,0.000000,0.225775,0.235845,4680,0,2688.72,3335142,0,10934,60186,SUCCESS,110576,3,,0,8864368,0,10370944,,,,,12496,14997,used,,,,20260918-1922
2026-09-20 06:32:03,HAUSP-UB[noL2+nopool+noEUCS],C8T1S5I8N5K,2,1,0.000200,0.000,0.200,28544670,28278,21,785,807,9,0,0,3274060,42907,0,3169495,0.000000,0.212608,0.222879,3088,0,2875.19,3241120,0,6227,64372,SUCCESS,101178,3,,0,13348488,0,13956864,,,,,12274,15661,used,,,,20260918-1922
2026-09-20 06:32:04,HAUSP-UB[noL2+nopool+noEUCS],C8T1S5I8N5K,3,1,0.000200,0.000,0.200,38016389,37704,23,893,916,9,0,0,2977067,45276,0,2880445,0.000000,0.210993,0.221967,2428,0,2948.56,2942377,0,4684,66784,SUCCESS,93432,3,,0,17779144,0,17668736,,,,,12404,15594,used,,,,20260918-1922
2026-09-20 06:32:05,HAUSP-UB[noL2+nopool+noEUCS],C8T1S5I8N5K,4,1,0.000200,0.000,0.200,47416411,47132,23,1087,1110,9,0,0,3020056,46615,0,2925829,0.000000,0.208598,0.219840,2623,0,3158.25,2984213,0,3887,68240,SUCCESS,91130,3,,0,22186560,0,21455616,,,,,12577,15674,used,,,,20260918-1922
2026-09-20 06:32:07,HAUSP-UB[noL2+nopool+noEUCS],C8T1S5I8N5K,0,2,0.000200,0.000,0.200,9488004,9426,20,457,478,9,0,0,4135232,29547,0,3978294,0.000000,0.242173,0.250249,6078,0,2741.72,4150918,0,52312,51042,SUCCESS,154905,3,,0,4438024,0,7045632,,,,,11828,13861,used,,,,20260918-1922
2026-09-20 06:32:07,HAUSP-UB[noL2+nopool+noEUCS],C8T1S5I8N5K,1,2,0.000200,0.000,0.200,18951306,18852,21,610,631,9,0,0,3362678,38503,0,3249601,0.000000,0.225775,0.235845,4680,0,2688.72,3335142,0,10934,60186,SUCCESS,110576,3,,0,8864368,0,10370944,,,,,12496,14997,used,,,,20260918-1922
2026-09-20 06:32:09,HAUSP-UB[noL2+nopool+noEUCS],C8T1S5I8N5K,2,2,0.000200,0.000,0.200,28544670,28278,22,805,827,9,0,0,3274060,42907,0,3169495,0.000000,0.212608,0.222879,3088,0,2875.19,3241120,0,6227,64372,SUCCESS,101178,3,,0,13348488,0,13956864,,,,,12274,15661,used,,,,20260918-1922
2026-09-20 06:32:10,HAUSP-UB[noL2+nopool+noEUCS],C8T1S5I8N5K,3,2,0.000200,0.000,0.200,38016389,37704,23,900,924,9,0,0,2977067,45276,0,2880445,0.000000,0.210993,0.221967,2428,0,2948.56,2942377,0,4684,66784,SUCCESS,93432,3,,0,17779144,0,17668736,,,,,12404,15594,used,,,,20260918-1922
2026-09-20 06:32:11,HAUSP-UB[noL2+nopool+noEUCS],C8T1S5I8N5K,4,2,0.000200,0.000,0.200,47416411,47132,23,1057,1080,9,0,0,3020056,46615,0,2925829,0.000000,0.208598,0.219840,2623,0,3158.25,2984213,0,3887,68240,SUCCESS,91130,3,,0,22186560,0,21455616,,,,,12577,15674,used,,,,20260918-1922
2026-09-20 06:32:12,HAUSP-UB[noL2+noEUCS],C8T1S5I8N5K,0,0,0.000200,0.000,0.200,9488004,9426,27,426,454,10,0,0,4135232,29547,0,3978294,0.000000,0.242173,0.250249,6078,0,1685.72,4150918,4098606,52312,51042,SUCCESS,154905,4,,0,4438024,0,7045632,,,,,11828,13861,used,,,,20260918-1922
2026-09-20 06:32:13,HAUSP-UB[noL2+noEUCS],C8T1S5I8N5K,1,0,0.000200,0.000,0.200,18951306,18852,21,579,600,9,0,0,3362678,38503,0,3249601,0.000000,0.225775,0.235845,4680,0,1697.88,3335142,3325478,10934,60186,SUCCESS,110576,4,,677888,8864368,0,10561152,,,,,12496,14997,used,,,,20260918-1922
2026-09-20 06:32:14,HAUSP-UB[noL2+noEUCS],C8T1S5I8N5K,2,0,0.000200,0.000,0.200,28544670,28278,22,745,767,9,0,0,3274060,42907,0,3169495,0.000000,0.212608,0.222879,3088,0,1708.36,3241120,3236683,6227,64372,SUCCESS,101178,4,,839808,13348488,0,14722432,,,,,12274,15661,used,,,,20260918-1922
2026-09-20 06:32:15,HAUSP-UB[noL2+noEUCS],C8T1S5I8N5K,3,0,0.000200,0.000,0.200,38016389,37704,22,840,862,9,0,0,2977067,45276,0,2880445,0.000000,0.210993,0.221967,2428,0,1726.73,2942377,2939734,4684,66784,SUCCESS,93432,4,,1255040,17779144,0,19010432,,,,,12404,15594,used,,,,20260918-1922
2026-09-20 06:32:17,HAUSP-UB[noL2+noEUCS],C8T1S5I8N5K,4,0,0.000200,0.000,0.200,47416411,47132,23,1017,1041,9,0,0,3020056,46615,0,2925829,0.000000,0.208598,0.219840,2623,0,1737.10,2984213,2982598,3887,68240,SUCCESS,91130,4,,1051520,22186560,0,23815296,,,,,12577,15674,used,,,,20260918-1922
2026-09-20 06:32:18,HAUSP-UB[noL2+noEUCS],C8T1S5I8N5K,0,1,0.000200,0.000,0.200,9488004,9426,21,417,438,9,0,0,4135232,29547,0,3978294,0.000000,0.242173,0.250249,6078,0,1685.72,4150918,4098606,52312,51042,SUCCESS,154905,4,,0,4438024,0,7045632,,,,,11828,13861,used,,,,20260918-1922
2026-09-20 06:32:19,HAUSP-UB[noL2+noEUCS],C8T1S5I8N5K,1,1,0.000200,0.000,0.200,18951306,18852,22,582,604,9,0,0,3362678,38503,0,3249601,0.000000,0.225775,0.235845,4680,0,1697.88,3335142,3325478,10934,60186,SUCCESS,110576,4,,677888,8864368,0,10561152,,,,,12496,14997,used,,,,20260918-1922
2026-09-20 06:32:20,HAUSP-UB[noL2+noEUCS],C8T1S5I8N5K,2,1,0.000200,0.000,0.200,28544670,28278,23,746,770,9,0,0,3274060,42907,0,3169495,0.000000,0.212608,0.222879,3088,0,1708.36,3241120,3236683,6227,64372,SUCCESS,101178,4,,839808,13348488,0,14722432,,,,,12274,15661,used,,,,20260918-1922
2026-09-20 06:32:21,HAUSP-UB[noL2+noEUCS],C8T1S5I8N5K,3,1,0.000200,0.000,0.200,38016389,37704,23,819,842,9,0,0,2977067,45276,0,2880445,0.000000,0.210993,0.221967,2428,0,1726.73,2942377,2939734,4684,66784,SUCCESS,93432,4,,1255040,17779144,0,19010432,,,,,12404,15594,used,,,,20260918-1922
2026-09-20 06:32:22,HAUSP-UB[noL2+noEUCS],C8T1S5I8N5K,4,1,0.000200,0.000,0.200,47416411,47132,23,1012,1035,9,0,0,3020056,46615,0,2925829,0.000000,0.208598,0.219840,2623,0,1737.10,2984213,2982598,3887,68240,SUCCESS,91130,4,,1051520,22186560,0,23815296,,,,,12577,15674,used,,,,20260918-1922
2026-09-20 06:32:23,HAUSP-UB[noL2+noEUCS],C8T1S5I8N5K,0,2,0.000200,0.000,0.200,9488004,9426,20,420,440,9,0,0,4135232,29547,0,3978294,0.000000,0.242173,0.250249,6078,0,1685.72,4150918,4098606,52312,51042,SUCCESS,154905,4,,0,4438024,0,7045632,,,,,11828,13861,used,,,,20260918-1922
2026-09-20 06:32:24,HAUSP-UB[noL2+noEUCS],C8T1S5I8N5K,1,2,0.000200,0.000,0.200,18951306,18852,21,586,608,9,0,0,3362678,38503,0,3249601,0.000000,0.225775,0.235845,4680,0,1697.88,3335142,3325478,10934,60186,SUCCESS,110576,4,,677888,8864368,0,10561152,,,,,12496,14997,used,,,,20260918-1922
2026-09-20 06:32:25,HAUSP-UB[noL2+noEUCS],C8T1S5I8N5K,2,2,0.000200,0.000,0.200,28544670,28278,22,760,783,9,0,0,3274060,42907,0,3169495,0.000000,0.212608,0.222879,3088,0,1708.36,3241120,3236683,6227,64372,SUCCESS,101178,4,,839808,13348488,0,14722432,,,,,12274,15661,used,,,,20260918-1922
2026-09-20 06:32:27,HAUSP-UB[noL2+noEUCS],C8T1S5I8N5K,3,2,0.000200,0.000,0.200,38016389,37704,23,841,865,9,0,0,2977067,45276,0,2880445,0.000000,0.210993,0.221967,2428,0,1726.73,2942377,2939734,4684,66784,SUCCESS,93432,4,,1255040,17779144,0,19010432,,,,,12404,15594,used,,,,20260918-1922
2026-09-20 06:32:28,HAUSP-UB[noL2+noEUCS],C8T1S5I8N5K,4,2,0.000200,0.000,0.200,47416411,47132,23,1022,1045,9,0,0,3020056,46615,0,2925829,0.000000,0.208598,0.219840,2623,0,1737.10,2984213,2982598,3887,68240,SUCCESS,91130,4,,1051520,22186560,0,23815296,,,,,12577,15674,used,,,,20260918-1922
2026-09-20 06:32:29,HAUSP-UB[noEUCS],C8T1S5I8N5K,0,0,0.000200,0.000,0.200,9488004,9426,21,395,416,9,0,0,4135232,29547,3966466,11828,0.000000,0.242173,0.250249,6078,0,1685.72,4150918,4098606,52312,51042,SUCCESS,154905,5,,0,4438024,0,7045632,,,,,11828,13861,used,,,,20260918-1922
2026-09-20 06:32:30,HAUSP-UB[noEUCS],C8T1S5I8N5K,1,0,0.000200,0.000,0.200,18951306,18852,21,553,574,9,0,0,3362678,38503,3237105,12496,0.000000,0.225775,0.235845,4680,0,1697.16,3335142,3325478,10934,60186,SUCCESS,110576,5,,0,8864368,0,10426496,,,,,12496,14997,used,,,,20260918-1922
2026-09-20 06:32:31,HAUSP-UB[noEUCS],C8T1S5I8N5K,2,0,0.000200,0.000,0.200,28544670,28278,21,724,746,9,0,0,3274060,42907,3157221,12274,0.000000,0.212608,0.222879,3088,0,1707.26,3241120,3236683,6227,64372,SUCCESS,101178,5,,0,13348488,0,14157056,,,,,12274,15661,used,,,,20260918-1922
2026-09-20 06:32:32,HAUSP-UB[noEUCS],C8T1S5I8N5K,3,0,0.000200,0.000,0.200,38016389,37704,23,786,810,9,0,0,2977067,45276,2868039,12406,0.000000,0.210993,0.221967,2428,0,1717.59,2942377,2939734,4684,66784,SUCCESS,93432,5,,0,17779144,0,18058624,,,,,12404,15594,used,,,,20260918-1922
2026-09-20 06:32:33,HAUSP-UB[noEUCS],C8T1S5I8N5K,4,0,0.000200,0.000,0.200,47416411,47132,23,1017,1040,9,0,0,3020056,46615,2913251,12578,0.000000,0.208598,0.219840,2623,0,1727.98,2984213,2982598,3887,68240,SUCCESS,91130,5,,648320,22186560,0,22259328,,,,,12577,15674,used,,,,20260918-1922
2026-09-20 06:32:34,HAUSP-UB[noEUCS],C8T1S5I8N5K,0,1,0.000200,0.000,0.200,9488004,9426,21,400,421,9,0,0,4135232,29547,3966466,11828,0.000000,0.242173,0.250249,6078,0,1685.72,4150918,4098606,52312,51042,SUCCESS,154905,5,,0,4438024,0,7045632,,,,,11828,13861,used,,,,20260918-1922
2026-09-20 06:32:35,HAUSP-UB[noEUCS],C8T1S5I8N5K,1,1,0.000200,0.000,0.200,18951306,18852,22,548,570,9,0,0,3362678,38503,3237105,12496,0.000000,0.225775,0.235845,4680,0,1697.16,3335142,3325478,10934,60186,SUCCESS,110576,5,,0,8864368,0,10426496,,,,,12496,14997,used,,,,20260918-1922
2026-09-20 06:32:36,HAUSP-UB[noEUCS],C8T1S5I8N5K,2,1,0.000200,0.000,0.200,28544670,28278,22,705,728,9,0,0,3274060,42907,3157221,12274,0.000000,0.212608,0.222879,3088,0,1707.26,3241120,3236683,6227,64372,SUCCESS,101178,5,,0,13348488,0,14157056,,,,,12274,15661,used,,,,20260918-1922
2026-09-20 06:32:37,HAUSP-UB[noEUCS],C8T1S5I8N5K,3,1,0.000200,0.000,0.200,38016389,37704,23,822,845,9,0,0,2977067,45276,2868039,12406,0.000000,0.210993,0.221967,2428,0,1717.59,2942377,2939734,4684,66784,SUCCESS,93432,5,,0,17779144,0,18058624,,,,,12404,15594,used,,,,20260918-1922
2026-09-20 06:32:39,HAUSP-UB[noEUCS],C8T1S5I8N5K,4,1,0.000200,0.000,0.200,47416411,47132,23,1003,1027,9,0,0,3020056,46615,2913251,12578,0.000000,0.208598,0.219840,2623,0,1727.98,2984213,2982598,3887,68240,SUCCESS,91130,5,,648320,22186560,0,22259328,,,,,12577,15674,used,,,,20260918-1922
2026-09-20 06:32:40,HAUSP-UB[noEUCS],C8T1S5I8N5K,0,2,0.000200,0.000,0.200,9488004,9426,20,402,422,9,0,0,4135232,29547,3966466,11828,0.000000,0.242173,0.250249,6078,0,1685.72,4150918,4098606,52312,51042,SUCCESS,154905,5,,0,4438024,0,7045632,,,,,11828,13861,used,,,,20260918-1922
2026-09-20 06:32:41,HAUSP-UB[noEUCS],C8T1S5I8N5K,1,2,0.000200,0.000,0.200,18951306,18852,22,554,576,9,0,0,3362678,38503,3237105,12496,0.000000,0.225775,0.235845,4680,0,1697.16,3335142,3325478,10934,60186,SUCCESS,110576,5,,0,8864368,0,10426496,,,,,12496,14997,used,,,,20260918-1922
2026-09-20 06:32:42,HAUSP-UB[noEUCS],C8T1S5I8N5K,2,2,0.000200,0.000,0.200,28544670,28278,21,728,750,9,0,0,3274060,42907,3157221,12274,0.000000,0.212608,0.222879,3088,0,1707.26,3241120,3236683,6227,64372,SUCCESS,101178,5,,0,13348488,0,14157056,,,,,12274,15661,used,,,,20260918-1922
2026-09-20 06:32:43,HAUSP-UB[noEUCS],C8T1S5I8N5K,3,2,0.000200,0.000,0.200,38016389,37704,23,802,826,9,0,0,2977067,45276,2868039,12406,0.000000,0.210993,0.221967,2428,0,1717.59,2942377,2939734,4684,66784,SUCCESS,93432,5,,0,17779144,0,18058624,,,,,12404,15594,used,,,,20260918-1922
2026-09-20 06:32:44,HAUSP-UB[noEUCS],C8T1S5I8N5K,4,2,0.000200,0.000,0.200,47416411,47132,23,978,1002,9,0,0,3020056,46615,2913251,12578,0.000000,0.208598,0.219840,2623,0,1727.98,2984213,2982598,3887,68240,SUCCESS,91130,5,,648320,22186560,0,22259328,,,,,12577,15674,used,,,,20260918-1922
