# run_id=20260913-1510 git=7eb8353 jvm=26.0.1 heap=24g host=ThaiTMs-MacBook-Pro.local tree=clean cmd=--exp 11 --dataset sign,syn_c8t1s5i8n5k --k 100 --algo EHAUSM-I --repeats 3 --results-dir results-2026-09c --timeout 90 --resume
Timestamp,Algorithm,Dataset,BatchID,RunIndex,MinUtil,mu,DeltaRatio,TotalDBUtil,CumulativeDBSize,tScan(ms),tMining(ms),tTotal(ms),tLayer1(ms),tLayer2(ms),tLayer3(ms),Cand,PrunedL1(SWU),PrunedL2(IAUUB),PrunedL3(MFUUB),TightnessPEAU,TightnessIAUUB,TightnessMFUUB,HAUSP,SHAUS,MemPeak(MB),PoolBorrows,PoolReuses,PoolPeakLive,AudulActive,Status,Recursed,ArmOrder,Schedule,PoolBytes,FlatBytes,EucsBytes,AudulRootBytes,RescanTriggered,BufferUtil,BufferTested,SafetyBound,PrunedL3Node,PrunedL1Root,MemMode,MemLive(MB),MemRetained(MB),GcForced,RunID
2026-09-13 15:10:47,EHAUSM-I,SIGN,0,0,0.003000,0.000,0.200,319686,146,16,20161,20177,0,0,0,106349081,0,104965619,0,0.455007,0.000000,0.000000,23387,0,1456.98,0,0,0,0,SUCCESS,0,0,warm20,,,,,,,,,,,used,,,,20260913-1510
2026-09-13 15:10:52,EHAUSM-I,SIGN,1,0,0.003000,0.000,0.008,334092,152,0,4732,4733,0,0,0,10288822,0,8936539,0,0.435039,0.000000,0.000000,23347,0,3857.11,0,0,0,0,SUCCESS,0,0,warm20,,,,,,,,,,,used,,,,20260913-1510
2026-09-13 15:10:56,EHAUSM-I,SIGN,2,0,0.003000,0.000,0.008,345121,158,0,3379,3379,0,0,0,5443189,0,4141032,0,0.377264,0.000000,0.000000,23125,0,5121.21,0,0,0,0,SUCCESS,0,0,warm20,,,,,,,,,,,used,,,,20260913-1510
2026-09-13 15:11:01,EHAUSM-I,SIGN,3,0,0.003000,0.000,0.008,358047,164,0,5336,5336,0,0,0,9573676,0,8288212,0,0.413652,0.000000,0.000000,22486,0,7184.81,0,0,0,0,SUCCESS,0,0,warm20,,,,,,,,,,,used,,,,20260913-1510
2026-09-13 15:11:04,EHAUSM-I,SIGN,4,0,0.003000,0.000,0.008,369331,170,0,2551,2552,0,0,0,3569403,0,2356131,0,0.384754,0.000000,0.000000,21958,0,8016.01,0,0,0,0,SUCCESS,0,0,warm20,,,,,,,,,,,used,,,,20260913-1510
2026-09-13 15:11:09,EHAUSM-I,SIGN,5,0,0.003000,0.000,0.008,383289,176,0,5161,5162,0,0,0,8922941,0,7741615,0,0.391145,0.000000,0.000000,21751,0,4008.00,0,0,0,0,SUCCESS,0,0,warm20,,,,,,,,,,,used,,,,20260913-1510
2026-09-13 15:11:13,EHAUSM-I,SIGN,6,0,0.003000,0.000,0.008,393230,182,0,3228,3228,0,0,0,4240412,0,3105813,0,0.453021,0.000000,0.000000,21796,0,8258.20,0,0,0,0,SUCCESS,0,0,warm20,,,,,,,,,,,used,,,,20260913-1510
2026-09-13 15:11:16,EHAUSM-I,SIGN,7,0,0.003000,0.000,0.008,408594,188,0,3152,3153,0,0,0,5568099,0,4498255,0,0.415693,0.000000,0.000000,20533,0,7536.00,0,0,0,0,SUCCESS,0,0,warm20,,,,,,,,,,,used,,,,20260913-1510
2026-09-13 15:11:22,EHAUSM-I,SIGN,8,0,0.003000,0.000,0.008,428453,194,0,5768,5769,0,0,0,12107367,1,11011691,0,0.414736,0.000000,0.000000,20113,0,5680.00,0,0,0,0,SUCCESS,0,0,warm20,,,,,,,,,,,used,,,,20260913-1510
2026-09-13 15:11:29,EHAUSM-I,SIGN,9,0,0.003000,0.000,0.008,446004,200,0,6530,6530,0,0,0,17236631,1,16029097,0,0.457766,0.000000,0.000000,19376,0,9544.00,0,0,0,0,SUCCESS,0,0,warm20,,,,,,,,,,,used,,,,20260913-1510
2026-09-13 15:11:31,EHAUSM-I,SIGN,10,0,0.003000,0.000,0.008,456476,206,0,2017,2017,0,0,0,2949555,1,1801088,0,0.403057,0.000000,0.000000,18895,0,10038.23,0,0,0,0,SUCCESS,0,0,warm20,,,,,,,,,,,used,,,,20260913-1510
2026-09-13 15:11:33,EHAUSM-I,SIGN,11,0,0.003000,0.000,0.008,466138,212,0,1619,1619,0,0,0,2560673,1,1464958,0,0.362251,0.000000,0.000000,18242,0,8325.55,0,0,0,0,SUCCESS,0,0,warm20,,,,,,,,,,,used,,,,20260913-1510
2026-09-13 15:11:38,EHAUSM-I,SIGN,12,0,0.003000,0.000,0.008,480433,218,0,5321,5321,0,0,0,8161881,1,7088650,0,0.440303,0.000000,0.000000,18295,0,9120.00,0,0,0,0,SUCCESS,0,0,warm20,,,,,,,,,,,used,,,,20260913-1510
2026-09-13 15:11:45,EHAUSM-I,SIGN,13,0,0.003000,0.000,0.008,496413,224,0,6358,6358,0,0,0,9894296,2,8823550,0,0.441975,0.000000,0.000000,19145,0,8456.00,0,0,0,0,SUCCESS,0,0,warm20,,,,,,,,,,,used,,,,20260913-1510
2026-09-13 15:11:48,EHAUSM-I,SIGN,14,0,0.003000,0.000,0.008,507190,230,0,3374,3374,0,0,0,4360329,2,3317451,0,0.403596,0.000000,0.000000,18586,0,5056.00,0,0,0,0,SUCCESS,0,0,warm20,,,,,,,,,,,used,,,,20260913-1510
2026-09-13 15:11:56,EHAUSM-I,SIGN,15,0,0.003000,0.000,0.008,518654,236,0,7817,7817,0,0,0,11521523,2,10454205,0,0.433380,0.000000,0.000000,19660,0,9424.00,0,0,0,0,SUCCESS,0,0,warm20,,,,,,,,,,,used,,,,20260913-1510
2026-09-13 15:12:06,EHAUSM-I,SIGN,16,0,0.003000,0.000,0.008,536314,242,0,9067,9068,0,0,0,13875828,2,12775844,0,0.410167,0.000000,0.000000,20004,0,7696.00,0,0,0,0,SUCCESS,0,0,warm20,,,,,,,,,,,used,,,,20260913-1510
2026-09-13 15:12:07,EHAUSM-I,SIGN,17,0,0.003000,0.000,0.008,544548,248,0,1816,1816,0,0,0,2486702,2,1421976,0,0.378039,0.000000,0.000000,19532,0,12704.00,0,0,0,0,SUCCESS,0,0,warm20,,,,,,,,,,,used,,,,20260913-1510
2026-09-13 15:12:12,EHAUSM-I,SIGN,18,0,0.003000,0.000,0.008,556990,254,0,4268,4268,0,0,0,4978911,2,3945685,0,0.387466,0.000000,0.000000,18960,0,8821.68,0,0,0,0,SUCCESS,0,0,warm20,,,,,,,,,,,used,,,,20260913-1510
2026-09-13 15:12:18,EHAUSM-I,SIGN,19,0,0.003000,0.000,0.008,569490,260,0,5876,5876,0,0,0,6193410,2,5169635,0,0.379130,0.000000,0.000000,18933,0,8087.11,0,0,0,0,SUCCESS,0,0,warm20,,,,,,,,,,,used,,,,20260913-1510
2026-09-13 15:12:25,EHAUSM-I,SIGN,20,0,0.003000,0.000,0.008,587283,266,0,6665,6665,0,0,0,11526897,2,10466313,0,0.354344,0.000000,0.000000,18422,0,6816.00,0,0,0,0,SUCCESS,0,0,warm20,,,,,,,,,,,used,,,,20260913-1510
2026-09-13 15:12:30,EHAUSM-I,SIGN,21,0,0.003000,0.000,0.008,601918,272,0,5325,5326,0,0,0,6070721,1,5025904,0,0.386103,0.000000,0.000000,18161,0,6238.98,0,0,0,0,SUCCESS,0,0,warm20,,,,,,,,,,,used,,,,20260913-1510
2026-09-13 15:12:36,EHAUSM-I,SIGN,22,0,0.003000,0.000,0.008,613134,278,0,6039,6040,0,0,0,5767452,1,4737696,0,0.413097,0.000000,0.000000,18187,0,4394.55,0,0,0,0,SUCCESS,0,0,warm20,,,,,,,,,,,used,,,,20260913-1510
2026-09-13 15:12:38,EHAUSM-I,SIGN,23,0,0.003000,0.000,0.008,625156,284,0,1582,1583,0,0,0,1845814,2,862359,0,0.310437,0.000000,0.000000,17486,0,8506.55,0,0,0,0,SUCCESS,0,0,warm20,,,,,,,,,,,used,,,,20260913-1510
2026-09-13 15:12:41,EHAUSM-I,SIGN,24,0,0.003000,0.000,0.008,639272,290,0,3030,3030,0,0,0,3636397,2,2689447,0,0.369529,0.000000,0.000000,17307,0,8604.72,0,0,0,0,SUCCESS,0,0,warm20,,,,,,,,,,,used,,,,20260913-1510
2026-09-13 15:12:47,EHAUSM-I,SIGN,25,0,0.003000,0.000,0.008,650468,296,0,5413,5414,0,0,0,5171306,3,4238241,0,0.390664,0.000000,0.000000,17338,0,7526.90,0,0,0,0,SUCCESS,0,0,warm20,,,,,,,,,,,used,,,,20260913-1510
2026-09-13 15:12:51,EHAUSM-I,SIGN,26,0,0.003000,0.000,0.008,661807,302,0,4245,4246,0,0,0,4170307,5,3248276,0,0.362434,0.000000,0.000000,16997,0,11007.66,0,0,0,0,SUCCESS,0,0,warm20,,,,,,,,,,,used,,,,20260913-1510
2026-09-13 15:12:53,EHAUSM-I,SIGN,27,0,0.003000,0.000,0.008,671849,308,0,2060,2060,0,0,0,2100289,6,1205130,0,0.340752,0.000000,0.000000,16446,0,8791.66,0,0,0,0,SUCCESS,0,0,warm20,,,,,,,,,,,used,,,,20260913-1510
2026-09-13 15:12:58,EHAUSM-I,SIGN,28,0,0.003000,0.000,0.008,682126,314,0,4617,4617,0,0,0,3927330,6,3046100,0,0.412920,0.000000,0.000000,16420,0,5119.66,0,0,0,0,SUCCESS,0,0,warm20,,,,,,,,,,,used,,,,20260913-1510
2026-09-13 15:13:05,EHAUSM-I,SIGN,29,0,0.003000,0.000,0.008,695776,320,0,7488,7488,0,0,0,8917924,6,8023690,0,0.413240,0.000000,0.000000,16853,0,9007.66,0,0,0,0,SUCCESS,0,0,warm20,,,,,,,,,,,used,,,,20260913-1510
2026-09-13 15:13:09,EHAUSM-I,SIGN,30,0,0.003000,0.000,0.008,707653,326,0,3912,3912,0,0,0,3547772,6,2672099,0,0.372790,0.000000,0.000000,16464,0,9520.00,0,0,0,0,SUCCESS,0,0,warm20,,,,,,,,,,,used,,,,20260913-1510
2026-09-13 15:13:11,EHAUSM-I,SIGN,31,0,0.003000,0.000,0.008,720279,332,0,2061,2061,0,0,0,2472630,6,1624330,0,0.344999,0.000000,0.000000,15898,0,5873.71,0,0,0,0,SUCCESS,0,0,warm20,,,,,,,,,,,used,,,,20260913-1510
2026-09-13 15:13:17,EHAUSM-I,SIGN,32,0,0.003000,0.000,0.008,730705,338,0,5180,5180,0,0,0,3679603,6,2845020,0,0.383583,0.000000,0.000000,15828,0,9590.77,0,0,0,0,SUCCESS,0,0,warm20,,,,,,,,,,,used,,,,20260913-1510
2026-09-13 15:13:23,EHAUSM-I,SIGN,33,0,0.003000,0.000,0.008,744420,344,0,6018,6018,0,0,0,5401415,8,4577867,0,0.456428,0.000000,0.000000,16554,0,8695.52,0,0,0,0,SUCCESS,0,0,warm20,,,,,,,,,,,used,,,,20260913-1510
2026-09-13 15:13:30,EHAUSM-I,SIGN,34,0,0.003000,0.000,0.008,756980,350,0,7272,7272,0,0,0,6252693,8,5431078,0,0.405462,0.000000,0.000000,16743,0,10813.55,0,0,0,0,SUCCESS,0,0,warm20,,,,,,,,,,,used,,,,20260913-1510
2026-09-13 15:13:35,EHAUSM-I,SIGN,35,0,0.003000,0.000,0.008,768219,356,0,4599,4599,0,0,0,3587094,8,2780917,0,0.404282,0.000000,0.000000,16721,0,6558.98,0,0,0,0,SUCCESS,0,0,warm20,,,,,,,,,,,used,,,,20260913-1510
2026-09-13 15:13:40,EHAUSM-I,SIGN,36,0,0.003000,0.000,0.008,777786,362,0,5288,5288,0,0,0,3690865,10,2893055,0,0.421007,0.000000,0.000000,16692,0,10575.26,0,0,0,0,SUCCESS,0,0,warm20,,,,,,,,,,,used,,,,20260913-1510
2026-09-13 15:13:48,EHAUSM-I,SIGN,37,0,0.003000,0.000,0.008,790994,368,0,7415,7415,0,0,0,6756965,10,5955887,0,0.416154,0.000000,0.000000,16986,0,4388.95,0,0,0,0,SUCCESS,0,0,warm20,,,,,,,,,,,used,,,,20260913-1510
2026-09-13 15:13:53,EHAUSM-I,SIGN,38,0,0.003000,0.000,0.008,803248,374,0,4904,4904,0,0,0,3565935,9,2777969,0,0.408027,0.000000,0.000000,16821,0,5953.09,0,0,0,0,SUCCESS,0,0,warm20,,,,,,,,,,,used,,,,20260913-1510
2026-09-13 15:13:58,EHAUSM-I,SIGN,39,0,0.003000,0.000,0.008,817420,380,0,5491,5491,0,0,0,4331129,9,3552919,0,0.409584,0.000000,0.000000,16757,0,10037.98,0,0,0,0,SUCCESS,0,0,warm20,,,,,,,,,,,used,,,,20260913-1510
2026-09-13 15:14:04,EHAUSM-I,SIGN,40,0,0.003000,0.000,0.008,828605,386,0,5910,5910,0,0,0,4090810,10,3315675,0,0.395392,0.000000,0.000000,16796,0,8517.97,0,0,0,0,SUCCESS,0,0,warm20,,,,,,,,,,,used,,,,20260913-1510
2026-09-13 15:14:11,EHAUSM-I,SIGN,41,0,0.003000,0.000,0.008,840915,392,0,6476,6476,0,0,0,4938308,10,4169592,0,0.405874,0.000000,0.000000,16767,0,8211.30,0,0,0,0,SUCCESS,0,0,warm20,,,,,,,,,,,used,,,,20260913-1510
2026-09-13 15:14:17,EHAUSM-I,SIGN,42,0,0.003000,0.000,0.008,851890,398,0,6185,6185,0,0,0,4071843,10,3308202,0,0.418596,0.000000,0.000000,17093,0,7215.35,0,0,0,0,SUCCESS,0,0,warm20,,,,,,,,,,,used,,,,20260913-1510
2026-09-13 15:14:24,EHAUSM-I,SIGN,43,0,0.003000,0.000,0.008,867106,404,0,6176,6177,0,0,0,5170234,9,4411323,0,0.395902,0.000000,0.000000,16906,0,6623.35,0,0,0,0,SUCCESS,0,0,warm20,,,,,,,,,,,used,,,,20260913-1510
2026-09-13 15:14:29,EHAUSM-I,SIGN,44,0,0.003000,0.000,0.008,884460,410,0,5146,5147,0,0,0,4628915,12,3876980,0,0.383507,0.000000,0.000000,16490,0,10647.35,0,0,0,0,SUCCESS,0,0,warm20,,,,,,,,,,,used,,,,20260913-1510
2026-09-13 15:14:32,EHAUSM-I,SIGN,45,0,0.003000,0.000,0.008,901027,416,0,3509,3510,0,0,0,3269866,13,2535986,0,0.348284,0.000000,0.000000,15893,0,10799.35,0,0,0,0,SUCCESS,0,0,warm20,,,,,,,,,,,used,,,,20260913-1510
2026-09-13 15:14:37,EHAUSM-I,SIGN,46,0,0.003000,0.000,0.008,916886,422,0,4311,4312,0,0,0,4297782,13,3574823,0,0.395263,0.000000,0.000000,15488,0,2996.94,0,0,0,0,SUCCESS,0,0,warm20,,,,,,,,,,,used,,,,20260913-1510
2026-09-13 15:14:40,EHAUSM-I,SIGN,47,0,0.003000,0.000,0.008,933116,428,0,3403,3403,0,0,0,2952826,12,2243760,0,0.368645,0.000000,0.000000,15117,0,10468.94,0,0,0,0,SUCCESS,0,0,warm20,,,,,,,,,,,used,,,,20260913-1510
2026-09-13 15:14:44,EHAUSM-I,SIGN,48,0,0.003000,0.000,0.008,947537,434,0,3616,3616,0,0,0,3105594,12,2408192,0,0.375614,0.000000,0.000000,14733,0,3054.73,0,0,0,0,SUCCESS,0,0,warm20,,,,,,,,,,,used,,,,20260913-1510
2026-09-13 15:14:47,EHAUSM-I,SIGN,49,0,0.003000,0.000,0.008,957204,440,0,2912,2913,0,0,0,1688257,12,1003505,0,0.357825,0.000000,0.000000,14599,0,8702.73,0,0,0,0,SUCCESS,0,0,warm20,,,,,,,,,,,used,,,,20260913-1510
2026-09-13 15:14:51,EHAUSM-I,SIGN,50,0,0.003000,0.000,0.008,967022,446,0,3649,3649,0,0,0,2330194,11,1652784,0,0.390908,0.000000,0.000000,14609,0,8661.56,0,0,0,0,SUCCESS,0,0,warm20,,,,,,,,,,,used,,,,20260913-1510
2026-09-13 15:14:56,EHAUSM-I,SIGN,51,0,0.003000,0.000,0.008,979636,452,0,5791,5791,0,0,0,3988063,11,3308579,0,0.390625,0.000000,0.000000,14554,0,6229.71,0,0,0,0,SUCCESS,0,0,warm20,,,,,,,,,,,used,,,,20260913-1510
2026-09-13 15:15:00,EHAUSM-I,SIGN,52,0,0.003000,0.000,0.008,990505,458,0,3643,3644,0,0,0,2097785,11,1428630,0,0.371789,0.000000,0.000000,14363,0,6220.43,0,0,0,0,SUCCESS,0,0,warm20,,,,,,,,,,,used,,,,20260913-1510
2026-09-13 15:15:02,EHAUSM-I,SIGN,53,0,0.003000,0.000,0.008,1001386,464,0,1554,1554,0,0,0,1177616,11,523640,0,0.327033,0.000000,0.000000,14056,0,9340.43,0,0,0,0,SUCCESS,0,0,warm20,,,,,,,,,,,used,,,,20260913-1510
2026-09-13 15:15:08,EHAUSM-I,SIGN,54,0,0.003000,0.000,0.008,1016244,470,0,6277,6278,0,0,0,4283695,11,3633493,0,0.420723,0.000000,0.000000,13905,0,7796.43,0,0,0,0,SUCCESS,0,0,warm20,,,,,,,,,,,used,,,,20260913-1510
2026-09-13 15:15:13,EHAUSM-I,SIGN,55,0,0.003000,0.000,0.008,1027129,476,0,4633,4633,0,0,0,2472198,13,1827686,0,0.386123,0.000000,0.000000,13871,0,9835.37,0,0,0,0,SUCCESS,0,0,warm20,,,,,,,,,,,used,,,,20260913-1510
2026-09-13 15:15:18,EHAUSM-I,SIGN,56,0,0.003000,0.000,0.008,1047408,482,0,4868,4869,0,0,0,4266067,12,3628390,0,0.372336,0.000000,0.000000,13478,0,6203.37,0,0,0,0,SUCCESS,0,0,warm20,,,,,,,,,,,used,,,,20260913-1510
2026-09-13 15:15:23,EHAUSM-I,SIGN,57,0,0.003000,0.000,0.008,1060421,488,0,5452,5453,0,0,0,2834726,12,2203775,0,0.390365,0.000000,0.000000,13277,0,9467.37,0,0,0,0,SUCCESS,0,0,warm20,,,,,,,,,,,used,,,,20260913-1510
2026-09-13 15:15:28,EHAUSM-I,SIGN,58,0,0.003000,0.000,0.008,1079371,494,0,4934,4934,0,0,0,3773211,12,3149524,0,0.416606,0.000000,0.000000,13241,0,10899.76,0,0,0,0,SUCCESS,0,0,warm20,,,,,,,,,,,used,,,,20260913-1510
2026-09-13 15:15:32,EHAUSM-I,SIGN,59,0,0.003000,0.000,0.008,1096747,500,0,4062,4063,0,0,0,3301755,13,2680853,0,0.384372,0.000000,0.000000,13167,0,2956.34,0,0,0,0,SUCCESS,0,0,warm20,,,,,,,,,,,used,,,,20260913-1510
2026-09-13 15:15:37,EHAUSM-I,SIGN,60,0,0.003000,0.000,0.008,1110602,506,0,4417,4418,0,0,0,2726829,15,2113477,0,0.379886,0.000000,0.000000,13007,0,4646.37,0,0,0,0,SUCCESS,0,0,warm20,,,,,,,,,,,used,,,,20260913-1510
2026-09-13 15:15:41,EHAUSM-I,SIGN,61,0,0.003000,0.000,0.008,1124744,512,0,4081,4082,0,0,0,2784971,17,2179791,0,0.400047,0.000000,0.000000,12882,0,5709.64,0,0,0,0,SUCCESS,0,0,warm20,,,,,,,,,,,used,,,,20260913-1510
2026-09-13 15:15:46,EHAUSM-I,SIGN,62,0,0.003000,0.000,0.008,1139446,518,0,4809,4810,0,0,0,3975996,16,3374197,0,0.413489,0.000000,0.000000,12846,0,8704.00,0,0,0,0,SUCCESS,0,0,warm20,,,,,,,,,,,used,,,,20260913-1510
2026-09-13 15:15:52,EHAUSM-I,SIGN,63,0,0.003000,0.000,0.008,1156811,524,0,6378,6379,0,0,0,4378528,14,3783839,0,0.420085,0.000000,0.000000,12821,0,7167.96,0,0,0,0,SUCCESS,0,0,warm20,,,,,,,,,,,used,,,,20260913-1510
2026-09-13 15:15:57,EHAUSM-I,SIGN,64,0,0.003000,0.000,0.008,1169601,530,0,4589,4590,0,0,0,3138449,15,2548773,0,0.412193,0.000000,0.000000,12622,0,9391.80,0,0,0,0,SUCCESS,0,0,warm20,,,,,,,,,,,used,,,,20260913-1510
2026-09-13 15:16:02,EHAUSM-I,SIGN,65,0,0.003000,0.000,0.008,1183474,536,0,4713,4714,0,0,0,2783707,15,2199814,0,0.380521,0.000000,0.000000,12433,0,4477.89,0,0,0,0,SUCCESS,0,0,warm20,,,,,,,,,,,used,,,,20260913-1510
2026-09-13 15:16:05,EHAUSM-I,SIGN,66,0,0.003000,0.000,0.008,1194955,542,0,3064,3064,0,0,0,2092097,15,1515400,0,0.382346,0.000000,0.000000,12294,0,10573.89,0,0,0,0,SUCCESS,0,0,warm20,,,,,,,,,,,used,,,,20260913-1510
2026-09-13 15:16:08,EHAUSM-I,SIGN,67,0,0.003000,0.000,0.008,1209554,548,0,3495,3495,0,0,0,2316533,14,1748007,0,0.360568,0.000000,0.000000,12041,0,10285.89,0,0,0,0,SUCCESS,0,0,warm20,,,,,,,,,,,used,,,,20260913-1510
2026-09-13 15:16:14,EHAUSM-I,SIGN,68,0,0.003000,0.000,0.008,1225092,554,0,5662,5662,0,0,0,3739021,14,3169933,0,0.395518,0.000000,0.000000,12117,0,7276.12,0,0,0,0,SUCCESS,0,0,warm20,,,,,,,,,,,used,,,,20260913-1510
2026-09-13 15:16:22,EHAUSM-I,SIGN,69,0,0.003000,0.000,0.008,1246726,560,0,7343,7344,0,0,0,7871675,14,7284877,0,0.397207,0.000000,0.000000,12158,0,9919.79,0,0,0,0,SUCCESS,0,0,warm20,,,,,,,,,,,used,,,,20260913-1510
2026-09-13 15:16:29,EHAUSM-I,SIGN,70,0,0.003000,0.000,0.008,1265597,566,0,7448,7448,0,0,0,5457412,14,4862415,0,0.393662,0.000000,0.000000,12584,0,9674.72,0,0,0,0,SUCCESS,0,0,warm20,,,,,,,,,,,used,,,,20260913-1510
2026-09-13 15:16:36,EHAUSM-I,SIGN,71,0,0.003000,0.000,0.008,1283052,572,0,7020,7021,0,0,0,4170814,14,3574499,0,0.411081,0.000000,0.000000,12659,0,7135.94,0,0,0,0,SUCCESS,0,0,warm20,,,,,,,,,,,used,,,,20260913-1510
2026-09-13 15:16:45,EHAUSM-I,SIGN,72,0,0.003000,0.000,0.008,1300784,578,0,8179,8180,0,0,0,6139510,14,5530855,0,0.377803,0.000000,0.000000,12940,0,9990.49,0,0,0,0,SUCCESS,0,0,warm20,,,,,,,,,,,used,,,,20260913-1510
2026-09-13 15:16:52,EHAUSM-I,SIGN,73,0,0.003000,0.000,0.008,1316615,584,0,7432,7433,0,0,0,5526199,14,4914031,0,0.391536,0.000000,0.000000,12887,0,4432.00,0,0,0,0,SUCCESS,0,0,warm20,,,,,,,,,,,used,,,,20260913-1510
2026-09-13 15:16:56,EHAUSM-I,SIGN,74,0,0.003000,0.000,0.008,1330102,590,0,3771,3771,0,0,0,2538255,14,1933294,0,0.364843,0.000000,0.000000,12801,0,5005.78,0,0,0,0,SUCCESS,0,0,warm20,,,,,,,,,,,used,,,,20260913-1510
2026-09-13 15:16:59,EHAUSM-I,SIGN,75,0,0.003000,0.000,0.008,1342143,596,0,3274,3275,0,0,0,2006426,15,1409183,0,0.355933,0.000000,0.000000,12641,0,11501.78,0,0,0,0,SUCCESS,0,0,warm20,,,,,,,,,,,used,,,,20260913-1510
2026-09-13 15:17:02,EHAUSM-I,SIGN,76,0,0.003000,0.000,0.008,1352225,602,0,2854,2855,0,0,0,1408402,15,818945,0,0.308720,0.000000,0.000000,12469,0,9944.00,0,0,0,0,SUCCESS,0,0,warm20,,,,,,,,,,,used,,,,20260913-1510
2026-09-13 15:17:10,EHAUSM-I,SIGN,77,0,0.003000,0.000,0.008,1364919,608,0,7939,7940,0,0,0,3824402,15,3235311,0,0.378348,0.000000,0.000000,12515,0,10546.55,0,0,0,0,SUCCESS,0,0,warm20,,,,,,,,,,,used,,,,20260913-1510
2026-09-13 15:17:15,EHAUSM-I,SIGN,78,0,0.003000,0.000,0.008,1378844,614,0,5053,5053,0,0,0,3486788,15,2900026,0,0.397689,0.000000,0.000000,12541,0,6318.04,0,0,0,0,SUCCESS,0,0,warm20,,,,,,,,,,,used,,,,20260913-1510
2026-09-13 15:17:18,EHAUSM-I,SIGN,79,0,0.003000,0.000,0.008,1390075,620,0,2989,2990,0,0,0,1813605,15,1234164,0,0.353476,0.000000,0.000000,12364,0,11950.04,0,0,0,0,SUCCESS,0,0,warm20,,,,,,,,,,,used,,,,20260913-1510
2026-09-13 15:17:22,EHAUSM-I,SIGN,80,0,0.003000,0.000,0.008,1404925,626,0,3779,3780,0,0,0,3072004,15,2497863,0,0.373804,0.000000,0.000000,12159,0,11024.31,0,0,0,0,SUCCESS,0,0,warm20,,,,,,,,,,,used,,,,20260913-1510
2026-09-13 15:17:29,EHAUSM-I,SIGN,81,0,0.003000,0.000,0.008,1419540,632,0,6158,6159,0,0,0,3187333,15,2615072,0,0.387666,0.000000,0.000000,12230,0,5847.99,0,0,0,0,SUCCESS,0,0,warm20,,,,,,,,,,,used,,,,20260913-1510
2026-09-13 15:17:36,EHAUSM-I,SIGN,82,0,0.003000,0.000,0.008,1430972,638,0,7287,7288,0,0,0,3533426,15,2959645,0,0.369666,0.000000,0.000000,12165,0,4857.80,0,0,0,0,SUCCESS,0,0,warm20,,,,,,,,,,,used,,,,20260913-1510
2026-09-13 15:17:43,EHAUSM-I,SIGN,83,0,0.003000,0.000,0.008,1446547,644,0,7276,7276,0,0,0,3679073,15,3107365,0,0.368358,0.000000,0.000000,12128,0,4452.90,0,0,0,0,SUCCESS,0,0,warm20,,,,,,,,,,,used,,,,20260913-1510
2026-09-13 15:17:51,EHAUSM-I,SIGN,84,0,0.003000,0.000,0.008,1466019,650,0,7993,7993,0,0,0,5742603,16,5166264,0,0.362767,0.000000,0.000000,12206,0,6569.53,0,0,0,0,SUCCESS,0,0,warm20,,,,,,,,,,,used,,,,20260913-1510
2026-09-13 15:17:55,EHAUSM-I,SIGN,85,0,0.003000,0.000,0.008,1477721,656,0,3472,3473,0,0,0,2328380,16,1757855,0,0.372567,0.000000,0.000000,12122,0,6508.90,0,0,0,0,SUCCESS,0,0,warm20,,,,,,,,,,,used,,,,20260913-1510
2026-09-13 15:17:59,EHAUSM-I,SIGN,86,0,0.003000,0.000,0.008,1489446,662,0,4192,4193,0,0,0,2753953,16,2187771,0,0.386047,0.000000,0.000000,12092,0,7499.98,0,0,0,0,SUCCESS,0,0,warm20,,,,,,,,,,,used,,,,20260913-1510
2026-09-13 15:18:07,EHAUSM-I,SIGN,87,0,0.003000,0.000,0.008,1504545,668,0,7570,7571,0,0,0,5286351,16,4717665,0,0.395645,0.000000,0.000000,12261,0,8026.01,0,0,0,0,SUCCESS,0,0,warm20,,,,,,,,,,,used,,,,20260913-1510
2026-09-13 15:18:15,EHAUSM-I,SIGN,88,0,0.003000,0.000,0.008,1520720,674,0,8410,8411,0,0,0,5266965,17,4694715,0,0.401806,0.000000,0.000000,12357,0,7265.74,0,0,0,0,SUCCESS,0,0,warm20,,,,,,,,,,,used,,,,20260913-1510
2026-09-13 15:18:23,EHAUSM-I,SIGN,89,0,0.003000,0.000,0.008,1534926,680,0,7300,7300,0,0,0,3940487,17,3369620,0,0.389240,0.000000,0.000000,12454,0,5732.25,0,0,0,0,SUCCESS,0,0,warm20,,,,,,,,,,,used,,,,20260913-1510
2026-09-13 15:18:32,EHAUSM-I,SIGN,90,0,0.003000,0.000,0.008,1553182,686,0,9197,9197,0,0,0,6289826,17,5711617,0,0.400723,0.000000,0.000000,12724,0,9486.79,0,0,0,0,SUCCESS,0,0,warm20,,,,,,,,,,,used,,,,20260913-1510
2026-09-13 15:18:42,EHAUSM-I,SIGN,91,0,0.003000,0.000,0.008,1569089,692,0,9307,9308,0,0,0,5864758,17,5281613,0,0.395726,0.000000,0.000000,12856,0,6580.73,0,0,0,0,SUCCESS,0,0,warm20,,,,,,,,,,,used,,,,20260913-1510
2026-09-13 15:18:52,EHAUSM-I,SIGN,92,0,0.003000,0.000,0.008,1586819,698,0,10525,10526,0,0,0,6927324,18,6337755,0,0.410029,0.000000,0.000000,12860,0,7212.73,0,0,0,0,SUCCESS,0,0,warm20,,,,,,,,,,,used,,,,20260913-1510
2026-09-13 15:19:02,EHAUSM-I,SIGN,93,0,0.003000,0.000,0.008,1606504,704,0,10008,10009,0,0,0,7595912,18,6995222,0,0.372524,0.000000,0.000000,12872,0,3392.00,0,0,0,0,SUCCESS,0,0,warm20,,,,,,,,,,,used,,,,20260913-1510
2026-09-13 15:19:09,EHAUSM-I,SIGN,94,0,0.003000,0.000,0.008,1616945,710,0,6839,6839,0,0,0,2869002,18,2269324,0,0.390843,0.000000,0.000000,12890,0,7264.00,0,0,0,0,SUCCESS,0,0,warm20,,,,,,,,,,,used,,,,20260913-1510
2026-09-13 15:19:17,EHAUSM-I,SIGN,95,0,0.003000,0.000,0.008,1631610,716,0,7213,7214,0,0,0,4383974,18,3782574,0,0.352245,0.000000,0.000000,12886,0,6120.00,0,0,0,0,SUCCESS,0,0,warm20,,,,,,,,,,,used,,,,20260913-1510
2026-09-13 15:19:25,EHAUSM-I,SIGN,96,0,0.003000,0.000,0.008,1649145,722,0,8221,8221,0,0,0,4722811,18,4122500,0,0.397764,0.000000,0.000000,12904,0,6851.75,0,0,0,0,SUCCESS,0,0,warm20,,,,,,,,,,,used,,,,20260913-1510
2026-09-13 15:19:30,EHAUSM-I,SIGN,97,0,0.003000,0.000,0.008,1663324,728,0,5231,5231,0,0,0,3249597,18,2653184,0,0.369632,0.000000,0.000000,12728,0,9642.31,0,0,0,0,SUCCESS,0,0,warm20,,,,,,,,,,,used,,,,20260913-1510
2026-09-13 15:19:32,EHAUSM-I,SIGN,98,0,0.003000,0.000,0.008,1668652,730,0,1678,1678,0,0,0,1000548,18,406661,0,0.280130,0.000000,0.000000,12666,0,5693.37,0,0,0,0,SUCCESS,0,0,warm20,,,,,,,,,,,used,,,,20260913-1510
2026-09-13 15:19:32,EHAUSM-I,SIGN,99,0,0.003000,0.000,0.008,1668652,730,0,116,116,0,0,0,593898,18,11,0,0.217673,0.000000,0.000000,12666,0,6133.37,0,0,0,0,SUCCESS,0,0,warm20,,,,,,,,,,,used,,,,20260913-1510
2026-09-13 15:19:52,EHAUSM-I,SIGN,0,1,0.003000,0.000,0.200,319686,146,3,19058,19062,0,0,0,106349081,0,104965619,0,0.455007,0.000000,0.000000,23387,0,5091.97,0,0,0,0,SUCCESS,0,0,warm20,,,,,,,,,,,used,,,,20260913-1510
2026-09-13 15:19:57,EHAUSM-I,SIGN,1,1,0.003000,0.000,0.008,334092,152,0,4626,4626,0,0,0,10288822,0,8936539,0,0.435039,0.000000,0.000000,23347,0,4411.50,0,0,0,0,SUCCESS,0,0,warm20,,,,,,,,,,,used,,,,20260913-1510
2026-09-13 15:20:00,EHAUSM-I,SIGN,2,1,0.003000,0.000,0.008,345121,158,0,3298,3298,0,0,0,5443189,0,4141032,0,0.377264,0.000000,0.000000,23125,0,7081.89,0,0,0,0,SUCCESS,0,0,warm20,,,,,,,,,,,used,,,,20260913-1510
2026-09-13 15:20:06,EHAUSM-I,SIGN,3,1,0.003000,0.000,0.008,358047,164,0,5477,5478,0,0,0,9573676,0,8288212,0,0.413652,0.000000,0.000000,22486,0,6952.00,0,0,0,0,SUCCESS,0,0,warm20,,,,,,,,,,,used,,,,20260913-1510
2026-09-13 15:20:09,EHAUSM-I,SIGN,4,1,0.003000,0.000,0.008,369331,170,0,2588,2588,0,0,0,3569403,0,2356131,0,0.384754,0.000000,0.000000,21958,0,8024.00,0,0,0,0,SUCCESS,0,0,warm20,,,,,,,,,,,used,,,,20260913-1510
2026-09-13 15:20:14,EHAUSM-I,SIGN,5,1,0.003000,0.000,0.008,383289,176,0,5049,5049,0,0,0,8922941,0,7741615,0,0.391145,0.000000,0.000000,21751,0,6880.00,0,0,0,0,SUCCESS,0,0,warm20,,,,,,,,,,,used,,,,20260913-1510
2026-09-13 15:20:17,EHAUSM-I,SIGN,6,1,0.003000,0.000,0.008,393230,182,0,3232,3232,0,0,0,4240412,0,3105813,0,0.453021,0.000000,0.000000,21796,0,4880.00,0,0,0,0,SUCCESS,0,0,warm20,,,,,,,,,,,used,,,,20260913-1510
2026-09-13 15:20:21,EHAUSM-I,SIGN,7,1,0.003000,0.000,0.008,408594,188,0,3190,3191,0,0,0,5568099,0,4498255,0,0.415693,0.000000,0.000000,20533,0,9488.00,0,0,0,0,SUCCESS,0,0,warm20,,,,,,,,,,,used,,,,20260913-1510
2026-09-13 15:20:26,EHAUSM-I,SIGN,8,1,0.003000,0.000,0.008,428453,194,0,5749,5750,0,0,0,12107367,1,11011691,0,0.414736,0.000000,0.000000,20113,0,8670.08,0,0,0,0,SUCCESS,0,0,warm20,,,,,,,,,,,used,,,,20260913-1510
2026-09-13 15:20:33,EHAUSM-I,SIGN,9,1,0.003000,0.000,0.008,446004,200,0,6485,6486,0,0,0,17236631,1,16029097,0,0.457766,0.000000,0.000000,19376,0,9064.00,0,0,0,0,SUCCESS,0,0,warm20,,,,,,,,,,,used,,,,20260913-1510
2026-09-13 15:20:35,EHAUSM-I,SIGN,10,1,0.003000,0.000,0.008,456476,206,0,2034,2034,0,0,0,2949555,1,1801088,0,0.403057,0.000000,0.000000,18895,0,9104.00,0,0,0,0,SUCCESS,0,0,warm20,,,,,,,,,,,used,,,,20260913-1510
2026-09-13 15:20:37,EHAUSM-I,SIGN,11,1,0.003000,0.000,0.008,466138,212,0,1608,1609,0,0,0,2560673,1,1464958,0,0.362251,0.000000,0.000000,18242,0,7303.54,0,0,0,0,SUCCESS,0,0,warm20,,,,,,,,,,,used,,,,20260913-1510
2026-09-13 15:20:42,EHAUSM-I,SIGN,12,1,0.003000,0.000,0.008,480433,218,0,5302,5303,0,0,0,8161881,1,7088650,0,0.440303,0.000000,0.000000,18295,0,8822.95,0,0,0,0,SUCCESS,0,0,warm20,,,,,,,,,,,used,,,,20260913-1510
2026-09-13 15:20:49,EHAUSM-I,SIGN,13,1,0.003000,0.000,0.008,496413,224,0,6355,6355,0,0,0,9894296,2,8823550,0,0.441975,0.000000,0.000000,19145,0,4496.00,0,0,0,0,SUCCESS,0,0,warm20,,,,,,,,,,,used,,,,20260913-1510
2026-09-13 15:20:52,EHAUSM-I,SIGN,14,1,0.003000,0.000,0.008,507190,230,0,3386,3386,0,0,0,4360329,2,3317451,0,0.403596,0.000000,0.000000,18586,0,7952.00,0,0,0,0,SUCCESS,0,0,warm20,,,,,,,,,,,used,,,,20260913-1510
2026-09-13 15:21:00,EHAUSM-I,SIGN,15,1,0.003000,0.000,0.008,518654,236,0,7794,7794,0,0,0,11521523,2,10454205,0,0.433380,0.000000,0.000000,19660,0,3568.00,0,0,0,0,SUCCESS,0,0,warm20,,,,,,,,,,,used,,,,20260913-1510
2026-09-13 15:21:10,EHAUSM-I,SIGN,16,1,0.003000,0.000,0.008,536314,242,0,9018,9019,0,0,0,13875828,2,12775844,0,0.410167,0.000000,0.000000,20004,0,6448.00,0,0,0,0,SUCCESS,0,0,warm20,,,,,,,,,,,used,,,,20260913-1510
2026-09-13 15:21:12,EHAUSM-I,SIGN,17,1,0.003000,0.000,0.008,544548,248,0,1811,1812,0,0,0,2486702,2,1421976,0,0.378039,0.000000,0.000000,19532,0,4215.97,0,0,0,0,SUCCESS,0,0,warm20,,,,,,,,,,,used,,,,20260913-1510
2026-09-13 15:21:16,EHAUSM-I,SIGN,18,1,0.003000,0.000,0.008,556990,254,0,4244,4244,0,0,0,4978911,2,3945685,0,0.387466,0.000000,0.000000,18960,0,8528.00,0,0,0,0,SUCCESS,0,0,warm20,,,,,,,,,,,used,,,,20260913-1510
2026-09-13 15:21:22,EHAUSM-I,SIGN,19,1,0.003000,0.000,0.008,569490,260,0,5873,5873,0,0,0,6193410,2,5169635,0,0.379130,0.000000,0.000000,18933,0,5720.00,0,0,0,0,SUCCESS,0,0,warm20,,,,,,,,,,,used,,,,20260913-1510
2026-09-13 15:21:29,EHAUSM-I,SIGN,20,1,0.003000,0.000,0.008,587283,266,0,6679,6679,0,0,0,11526897,2,10466313,0,0.354344,0.000000,0.000000,18422,0,6344.54,0,0,0,0,SUCCESS,0,0,warm20,,,,,,,,,,,used,,,,20260913-1510
2026-09-13 15:21:34,EHAUSM-I,SIGN,21,1,0.003000,0.000,0.008,601918,272,0,5318,5319,0,0,0,6070721,1,5025904,0,0.386103,0.000000,0.000000,18161,0,7699.61,0,0,0,0,SUCCESS,0,0,warm20,,,,,,,,,,,used,,,,20260913-1510
2026-09-13 15:21:41,EHAUSM-I,SIGN,22,1,0.003000,0.000,0.008,613134,278,0,6041,6041,0,0,0,5767452,1,4737696,0,0.413097,0.000000,0.000000,18187,0,5803.57,0,0,0,0,SUCCESS,0,0,warm20,,,,,,,,,,,used,,,,20260913-1510
2026-09-13 15:21:42,EHAUSM-I,SIGN,23,1,0.003000,0.000,0.008,625156,284,0,1597,1597,0,0,0,1845814,2,862359,0,0.310437,0.000000,0.000000,17486,0,9915.57,0,0,0,0,SUCCESS,0,0,warm20,,,,,,,,,,,used,,,,20260913-1510
2026-09-13 15:21:45,EHAUSM-I,SIGN,24,1,0.003000,0.000,0.008,639272,290,0,3066,3066,0,0,0,3636397,2,2689447,0,0.369529,0.000000,0.000000,17307,0,5571.33,0,0,0,0,SUCCESS,0,0,warm20,,,,,,,,,,,used,,,,20260913-1510
2026-09-13 15:21:51,EHAUSM-I,SIGN,25,1,0.003000,0.000,0.008,650468,296,0,5429,5429,0,0,0,5171306,3,4238241,0,0.390664,0.000000,0.000000,17338,0,4624.00,0,0,0,0,SUCCESS,0,0,warm20,,,,,,,,,,,used,,,,20260913-1510
2026-09-13 15:21:55,EHAUSM-I,SIGN,26,1,0.003000,0.000,0.008,661807,302,0,4248,4249,0,0,0,4170307,5,3248276,0,0.362434,0.000000,0.000000,16997,0,3140.95,0,0,0,0,SUCCESS,0,0,warm20,,,,,,,,,,,used,,,,20260913-1510
2026-09-13 15:21:57,EHAUSM-I,SIGN,27,1,0.003000,0.000,0.008,671849,308,0,2069,2069,0,0,0,2100289,6,1205130,0,0.340752,0.000000,0.000000,16446,0,8268.95,0,0,0,0,SUCCESS,0,0,warm20,,,,,,,,,,,used,,,,20260913-1510
2026-09-13 15:22:02,EHAUSM-I,SIGN,28,1,0.003000,0.000,0.008,682126,314,0,4621,4621,0,0,0,3927330,6,3046100,0,0.412920,0.000000,0.000000,16420,0,7388.95,0,0,0,0,SUCCESS,0,0,warm20,,,,,,,,,,,used,,,,20260913-1510
2026-09-13 15:22:10,EHAUSM-I,SIGN,29,1,0.003000,0.000,0.008,695776,320,0,7490,7490,0,0,0,8917924,6,8023690,0,0.413240,0.000000,0.000000,16853,0,8290.30,0,0,0,0,SUCCESS,0,0,warm20,,,,,,,,,,,used,,,,20260913-1510
2026-09-13 15:22:14,EHAUSM-I,SIGN,30,1,0.003000,0.000,0.008,707653,326,0,3904,3904,0,0,0,3547772,6,2672099,0,0.372790,0.000000,0.000000,16464,0,3504.00,0,0,0,0,SUCCESS,0,0,warm20,,,,,,,,,,,used,,,,20260913-1510
2026-09-13 15:22:16,EHAUSM-I,SIGN,31,1,0.003000,0.000,0.008,720279,332,0,2062,2062,0,0,0,2472630,6,1624330,0,0.344999,0.000000,0.000000,15898,0,2680.00,0,0,0,0,SUCCESS,0,0,warm20,,,,,,,,,,,used,,,,20260913-1510
2026-09-13 15:22:21,EHAUSM-I,SIGN,32,1,0.003000,0.000,0.008,730705,338,0,5169,5169,0,0,0,3679603,6,2845020,0,0.383583,0.000000,0.000000,15828,0,8240.00,0,0,0,0,SUCCESS,0,0,warm20,,,,,,,,,,,used,,,,20260913-1510
2026-09-13 15:22:27,EHAUSM-I,SIGN,33,1,0.003000,0.000,0.008,744420,344,0,6025,6025,0,0,0,5401415,8,4577867,0,0.456428,0.000000,0.000000,16554,0,4295.43,0,0,0,0,SUCCESS,0,0,warm20,,,,,,,,,,,used,,,,20260913-1510
2026-09-13 15:22:35,EHAUSM-I,SIGN,34,1,0.003000,0.000,0.008,756980,350,0,7279,7279,0,0,0,6252693,8,5431078,0,0.405462,0.000000,0.000000,16743,0,9491.46,0,0,0,0,SUCCESS,0,0,warm20,,,,,,,,,,,used,,,,20260913-1510
2026-09-13 15:22:39,EHAUSM-I,SIGN,35,1,0.003000,0.000,0.008,768219,356,0,4587,4587,0,0,0,3587094,8,2780917,0,0.404282,0.000000,0.000000,16721,0,6416.00,0,0,0,0,SUCCESS,0,0,warm20,,,,,,,,,,,used,,,,20260913-1510
2026-09-13 15:22:45,EHAUSM-I,SIGN,36,1,0.003000,0.000,0.008,777786,362,0,5258,5258,0,0,0,3690865,10,2893055,0,0.421007,0.000000,0.000000,16692,0,3965.55,0,0,0,0,SUCCESS,0,0,warm20,,,,,,,,,,,used,,,,20260913-1510
2026-09-13 15:22:52,EHAUSM-I,SIGN,37,1,0.003000,0.000,0.008,790994,368,0,7404,7405,0,0,0,6756965,10,5955887,0,0.416154,0.000000,0.000000,16986,0,4061.85,0,0,0,0,SUCCESS,0,0,warm20,,,,,,,,,,,used,,,,20260913-1510
2026-09-13 15:22:57,EHAUSM-I,SIGN,38,1,0.003000,0.000,0.008,803248,374,0,4904,4904,0,0,0,3565935,9,2777969,0,0.408027,0.000000,0.000000,16821,0,8821.85,0,0,0,0,SUCCESS,0,0,warm20,,,,,,,,,,,used,,,,20260913-1510
2026-09-13 15:23:03,EHAUSM-I,SIGN,39,1,0.003000,0.000,0.008,817420,380,0,5509,5510,0,0,0,4331129,9,3552919,0,0.409584,0.000000,0.000000,16757,0,9157.85,0,0,0,0,SUCCESS,0,0,warm20,,,,,,,,,,,used,,,,20260913-1510
2026-09-13 15:23:09,EHAUSM-I,SIGN,40,1,0.003000,0.000,0.008,828605,386,0,5910,5911,0,0,0,4090810,10,3315675,0,0.395392,0.000000,0.000000,16796,0,8732.71,0,0,0,0,SUCCESS,0,0,warm20,,,,,,,,,,,used,,,,20260913-1510
2026-09-13 15:23:15,EHAUSM-I,SIGN,41,1,0.003000,0.000,0.008,840915,392,0,6445,6446,0,0,0,4938308,10,4169592,0,0.405874,0.000000,0.000000,16767,0,3851.85,0,0,0,0,SUCCESS,0,0,warm20,,,,,,,,,,,used,,,,20260913-1510
2026-09-13 15:23:22,EHAUSM-I,SIGN,42,1,0.003000,0.000,0.008,851890,398,0,6188,6188,0,0,0,4071843,10,3308202,0,0.418596,0.000000,0.000000,17093,0,5524.33,0,0,0,0,SUCCESS,0,0,warm20,,,,,,,,,,,used,,,,20260913-1510
2026-09-13 15:23:28,EHAUSM-I,SIGN,43,1,0.003000,0.000,0.008,867106,404,0,6162,6162,0,0,0,5170234,9,4411323,0,0.395902,0.000000,0.000000,16906,0,7699.62,0,0,0,0,SUCCESS,0,0,warm20,,,,,,,,,,,used,,,,20260913-1510
2026-09-13 15:23:33,EHAUSM-I,SIGN,44,1,0.003000,0.000,0.008,884460,410,0,5128,5129,0,0,0,4628915,12,3876980,0,0.383507,0.000000,0.000000,16490,0,7325.59,0,0,0,0,SUCCESS,0,0,warm20,,,,,,,,,,,used,,,,20260913-1510
2026-09-13 15:23:37,EHAUSM-I,SIGN,45,1,0.003000,0.000,0.008,901027,416,0,3508,3508,0,0,0,3269866,13,2535986,0,0.348284,0.000000,0.000000,15893,0,8930.36,0,0,0,0,SUCCESS,0,0,warm20,,,,,,,,,,,used,,,,20260913-1510
2026-09-13 15:23:41,EHAUSM-I,SIGN,46,1,0.003000,0.000,0.008,916886,422,0,4308,4308,0,0,0,4297782,13,3574823,0,0.395263,0.000000,0.000000,15488,0,4510.24,0,0,0,0,SUCCESS,0,0,warm20,,,,,,,,,,,used,,,,20260913-1510
2026-09-13 15:23:45,EHAUSM-I,SIGN,47,1,0.003000,0.000,0.008,933116,428,0,3393,3393,0,0,0,2952826,12,2243760,0,0.368645,0.000000,0.000000,15117,0,5536.00,0,0,0,0,SUCCESS,0,0,warm20,,,,,,,,,,,used,,,,20260913-1510
2026-09-13 15:23:48,EHAUSM-I,SIGN,48,1,0.003000,0.000,0.008,947537,434,0,3600,3600,0,0,0,3105594,12,2408192,0,0.375614,0.000000,0.000000,14733,0,7599.99,0,0,0,0,SUCCESS,0,0,warm20,,,,,,,,,,,used,,,,20260913-1510
2026-09-13 15:23:51,EHAUSM-I,SIGN,49,1,0.003000,0.000,0.008,957204,440,0,2916,2916,0,0,0,1688257,12,1003505,0,0.357825,0.000000,0.000000,14599,0,7359.99,0,0,0,0,SUCCESS,0,0,warm20,,,,,,,,,,,used,,,,20260913-1510
2026-09-13 15:23:55,EHAUSM-I,SIGN,50,1,0.003000,0.000,0.008,967022,446,0,3646,3646,0,0,0,2330194,11,1652784,0,0.390908,0.000000,0.000000,14609,0,8567.99,0,0,0,0,SUCCESS,0,0,warm20,,,,,,,,,,,used,,,,20260913-1510
2026-09-13 15:24:01,EHAUSM-I,SIGN,51,1,0.003000,0.000,0.008,979636,452,0,5789,5789,0,0,0,3988063,11,3308579,0,0.390625,0.000000,0.000000,14554,0,8959.22,0,0,0,0,SUCCESS,0,0,warm20,,,,,,,,,,,used,,,,20260913-1510
2026-09-13 15:24:05,EHAUSM-I,SIGN,52,1,0.003000,0.000,0.008,990505,458,0,3642,3643,0,0,0,2097785,11,1428630,0,0.371789,0.000000,0.000000,14363,0,4357.17,0,0,0,0,SUCCESS,0,0,warm20,,,,,,,,,,,used,,,,20260913-1510
2026-09-13 15:24:06,EHAUSM-I,SIGN,53,1,0.003000,0.000,0.008,1001386,464,0,1556,1556,0,0,0,1177616,11,523640,0,0.327033,0.000000,0.000000,14056,0,7477.17,0,0,0,0,SUCCESS,0,0,warm20,,,,,,,,,,,used,,,,20260913-1510
2026-09-13 15:24:12,EHAUSM-I,SIGN,54,1,0.003000,0.000,0.008,1016244,470,0,6277,6277,0,0,0,4283695,11,3633493,0,0.420723,0.000000,0.000000,13905,0,8382.01,0,0,0,0,SUCCESS,0,0,warm20,,,,,,,,,,,used,,,,20260913-1510
2026-09-13 15:24:17,EHAUSM-I,SIGN,55,1,0.003000,0.000,0.008,1027129,476,0,4594,4594,0,0,0,2472198,13,1827686,0,0.386123,0.000000,0.000000,13871,0,3219.86,0,0,0,0,SUCCESS,0,0,warm20,,,,,,,,,,,used,,,,20260913-1510
2026-09-13 15:24:22,EHAUSM-I,SIGN,56,1,0.003000,0.000,0.008,1047408,482,0,4847,4847,0,0,0,4266067,12,3628390,0,0.372336,0.000000,0.000000,13478,0,7590.41,0,0,0,0,SUCCESS,0,0,warm20,,,,,,,,,,,used,,,,20260913-1510
2026-09-13 15:24:28,EHAUSM-I,SIGN,57,1,0.003000,0.000,0.008,1060421,488,0,5438,5438,0,0,0,2834726,12,2203775,0,0.390365,0.000000,0.000000,13277,0,6889.08,0,0,0,0,SUCCESS,0,0,warm20,,,,,,,,,,,used,,,,20260913-1510
2026-09-13 15:24:33,EHAUSM-I,SIGN,58,1,0.003000,0.000,0.008,1079371,494,0,4934,4934,0,0,0,3773211,12,3149524,0,0.416606,0.000000,0.000000,13241,0,5313.09,0,0,0,0,SUCCESS,0,0,warm20,,,,,,,,,,,used,,,,20260913-1510
2026-09-13 15:24:37,EHAUSM-I,SIGN,59,1,0.003000,0.000,0.008,1096747,500,0,4071,4071,0,0,0,3301755,13,2680853,0,0.384372,0.000000,0.000000,13167,0,8379.70,0,0,0,0,SUCCESS,0,0,warm20,,,,,,,,,,,used,,,,20260913-1510
2026-09-13 15:24:41,EHAUSM-I,SIGN,60,1,0.003000,0.000,0.008,1110602,506,0,4438,4439,0,0,0,2726829,15,2113477,0,0.379886,0.000000,0.000000,13007,0,5859.86,0,0,0,0,SUCCESS,0,0,warm20,,,,,,,,,,,used,,,,20260913-1510
2026-09-13 15:24:45,EHAUSM-I,SIGN,61,1,0.003000,0.000,0.008,1124744,512,0,4105,4106,0,0,0,2784971,17,2179791,0,0.400047,0.000000,0.000000,12882,0,8351.66,0,0,0,0,SUCCESS,0,0,warm20,,,,,,,,,,,used,,,,20260913-1510
2026-09-13 15:24:50,EHAUSM-I,SIGN,62,1,0.003000,0.000,0.008,1139446,518,0,4820,4821,0,0,0,3975996,16,3374197,0,0.413489,0.000000,0.000000,12846,0,5444.14,0,0,0,0,SUCCESS,0,0,warm20,,,,,,,,,,,used,,,,20260913-1510
2026-09-13 15:24:57,EHAUSM-I,SIGN,63,1,0.003000,0.000,0.008,1156811,524,0,6347,6348,0,0,0,4378528,14,3783839,0,0.420085,0.000000,0.000000,12821,0,4660.76,0,0,0,0,SUCCESS,0,0,warm20,,,,,,,,,,,used,,,,20260913-1510
2026-09-13 15:25:01,EHAUSM-I,SIGN,64,1,0.003000,0.000,0.008,1169601,530,0,4579,4579,0,0,0,3138449,15,2548773,0,0.412193,0.000000,0.000000,12622,0,8079.10,0,0,0,0,SUCCESS,0,0,warm20,,,,,,,,,,,used,,,,20260913-1510
2026-09-13 15:25:06,EHAUSM-I,SIGN,65,1,0.003000,0.000,0.008,1183474,536,0,4711,4711,0,0,0,2783707,15,2199814,0,0.380521,0.000000,0.000000,12433,0,5772.94,0,0,0,0,SUCCESS,0,0,warm20,,,,,,,,,,,used,,,,20260913-1510
2026-09-13 15:25:09,EHAUSM-I,SIGN,66,1,0.003000,0.000,0.008,1194955,542,0,3072,3072,0,0,0,2092097,15,1515400,0,0.382346,0.000000,0.000000,12294,0,5973.34,0,0,0,0,SUCCESS,0,0,warm20,,,,,,,,,,,used,,,,20260913-1510
2026-09-13 15:25:13,EHAUSM-I,SIGN,67,1,0.003000,0.000,0.008,1209554,548,0,3497,3497,0,0,0,2316533,14,1748007,0,0.360568,0.000000,0.000000,12041,0,7005.34,0,0,0,0,SUCCESS,0,0,warm20,,,,,,,,,,,used,,,,20260913-1510
2026-09-13 15:25:19,EHAUSM-I,SIGN,68,1,0.003000,0.000,0.008,1225092,554,0,5657,5658,0,0,0,3739021,14,3169933,0,0.395518,0.000000,0.000000,12117,0,6665.52,0,0,0,0,SUCCESS,0,0,warm20,,,,,,,,,,,used,,,,20260913-1510
2026-09-13 15:25:26,EHAUSM-I,SIGN,69,1,0.003000,0.000,0.008,1246726,560,0,7314,7315,0,0,0,7871675,14,7284877,0,0.397207,0.000000,0.000000,12158,0,5813.34,0,0,0,0,SUCCESS,0,0,warm20,,,,,,,,,,,used,,,,20260913-1510
2026-09-13 15:25:34,EHAUSM-I,SIGN,70,1,0.003000,0.000,0.008,1265597,566,0,7442,7442,0,0,0,5457412,14,4862415,0,0.393662,0.000000,0.000000,12584,0,7868.51,0,0,0,0,SUCCESS,0,0,warm20,,,,,,,,,,,used,,,,20260913-1510
2026-09-13 15:25:41,EHAUSM-I,SIGN,71,1,0.003000,0.000,0.008,1283052,572,0,7025,7026,0,0,0,4170814,14,3574499,0,0.411081,0.000000,0.000000,12659,0,4536.00,0,0,0,0,SUCCESS,0,0,warm20,,,,,,,,,,,used,,,,20260913-1510
2026-09-13 15:25:49,EHAUSM-I,SIGN,72,1,0.003000,0.000,0.008,1300784,578,0,8186,8187,0,0,0,6139510,14,5530855,0,0.377803,0.000000,0.000000,12940,0,4811.18,0,0,0,0,SUCCESS,0,0,warm20,,,,,,,,,,,used,,,,20260913-1510
2026-09-13 15:25:57,EHAUSM-I,SIGN,73,1,0.003000,0.000,0.008,1316615,584,0,7450,7451,0,0,0,5526199,14,4914031,0,0.391536,0.000000,0.000000,12887,0,8936.00,0,0,0,0,SUCCESS,0,0,warm20,,,,,,,,,,,used,,,,20260913-1510
2026-09-13 15:26:01,EHAUSM-I,SIGN,74,1,0.003000,0.000,0.008,1330102,590,0,3760,3760,0,0,0,2538255,14,1933294,0,0.364843,0.000000,0.000000,12801,0,3096.00,0,0,0,0,SUCCESS,0,0,warm20,,,,,,,,,,,used,,,,20260913-1510
2026-09-13 15:26:04,EHAUSM-I,SIGN,75,1,0.003000,0.000,0.008,1342143,596,0,3272,3273,0,0,0,2006426,15,1409183,0,0.355933,0.000000,0.000000,12641,0,3455.12,0,0,0,0,SUCCESS,0,0,warm20,,,,,,,,,,,used,,,,20260913-1510
2026-09-13 15:26:07,EHAUSM-I,SIGN,76,1,0.003000,0.000,0.008,1352225,602,0,2848,2848,0,0,0,1408402,15,818945,0,0.308720,0.000000,0.000000,12469,0,3079.12,0,0,0,0,SUCCESS,0,0,warm20,,,,,,,,,,,used,,,,20260913-1510
2026-09-13 15:26:15,EHAUSM-I,SIGN,77,1,0.003000,0.000,0.008,1364919,608,0,7919,7920,0,0,0,3824402,15,3235311,0,0.378348,0.000000,0.000000,12515,0,6705.14,0,0,0,0,SUCCESS,0,0,warm20,,,,,,,,,,,used,,,,20260913-1510
2026-09-13 15:26:20,EHAUSM-I,SIGN,78,1,0.003000,0.000,0.008,1378844,614,0,5030,5030,0,0,0,3486788,15,2900026,0,0.397689,0.000000,0.000000,12541,0,5598.98,0,0,0,0,SUCCESS,0,0,warm20,,,,,,,,,,,used,,,,20260913-1510
2026-09-13 15:26:23,EHAUSM-I,SIGN,79,1,0.003000,0.000,0.008,1390075,620,0,2981,2982,0,0,0,1813605,15,1234164,0,0.353476,0.000000,0.000000,12364,0,5630.83,0,0,0,0,SUCCESS,0,0,warm20,,,,,,,,,,,used,,,,20260913-1510
2026-09-13 15:26:27,EHAUSM-I,SIGN,80,1,0.003000,0.000,0.008,1404925,626,0,3787,3787,0,0,0,3072004,15,2497863,0,0.373804,0.000000,0.000000,12159,0,7507.61,0,0,0,0,SUCCESS,0,0,warm20,,,,,,,,,,,used,,,,20260913-1510
2026-09-13 15:26:33,EHAUSM-I,SIGN,81,1,0.003000,0.000,0.008,1419540,632,0,6128,6128,0,0,0,3187333,15,2615072,0,0.387666,0.000000,0.000000,12230,0,5959.37,0,0,0,0,SUCCESS,0,0,warm20,,,,,,,,,,,used,,,,20260913-1510
2026-09-13 15:26:40,EHAUSM-I,SIGN,82,1,0.003000,0.000,0.008,1430972,638,0,7244,7244,0,0,0,3533426,15,2959645,0,0.369666,0.000000,0.000000,12165,0,5914.44,0,0,0,0,SUCCESS,0,0,warm20,,,,,,,,,,,used,,,,20260913-1510
2026-09-13 15:26:48,EHAUSM-I,SIGN,83,1,0.003000,0.000,0.008,1446547,644,0,7242,7242,0,0,0,3679073,15,3107365,0,0.368358,0.000000,0.000000,12128,0,7991.03,0,0,0,0,SUCCESS,0,0,warm20,,,,,,,,,,,used,,,,20260913-1510
2026-09-13 15:26:56,EHAUSM-I,SIGN,84,1,0.003000,0.000,0.008,1466019,650,0,8013,8014,0,0,0,5742603,16,5166264,0,0.362767,0.000000,0.000000,12206,0,7333.48,0,0,0,0,SUCCESS,0,0,warm20,,,,,,,,,,,used,,,,20260913-1510
2026-09-13 15:26:59,EHAUSM-I,SIGN,85,1,0.003000,0.000,0.008,1477721,656,0,3485,3486,0,0,0,2328380,16,1757855,0,0.372567,0.000000,0.000000,12122,0,8750.05,0,0,0,0,SUCCESS,0,0,warm20,,,,,,,,,,,used,,,,20260913-1510
2026-09-13 15:27:04,EHAUSM-I,SIGN,86,1,0.003000,0.000,0.008,1489446,662,0,4174,4175,0,0,0,2753953,16,2187771,0,0.386047,0.000000,0.000000,12092,0,5383.31,0,0,0,0,SUCCESS,0,0,warm20,,,,,,,,,,,used,,,,20260913-1510
2026-09-13 15:27:11,EHAUSM-I,SIGN,87,1,0.003000,0.000,0.008,1504545,668,0,7518,7518,0,0,0,5286351,16,4717665,0,0.395645,0.000000,0.000000,12261,0,6509.67,0,0,0,0,SUCCESS,0,0,warm20,,,,,,,,,,,used,,,,20260913-1510
2026-09-13 15:27:20,EHAUSM-I,SIGN,88,1,0.003000,0.000,0.008,1520720,674,0,8347,8347,0,0,0,5266965,17,4694715,0,0.401806,0.000000,0.000000,12357,0,5559.97,0,0,0,0,SUCCESS,0,0,warm20,,,,,,,,,,,used,,,,20260913-1510
2026-09-13 15:27:27,EHAUSM-I,SIGN,89,1,0.003000,0.000,0.008,1534926,680,0,7266,7267,0,0,0,3940487,17,3369620,0,0.389240,0.000000,0.000000,12454,0,8255.66,0,0,0,0,SUCCESS,0,0,warm20,,,,,,,,,,,used,,,,20260913-1510
2026-09-13 15:27:36,EHAUSM-I,SIGN,90,1,0.003000,0.000,0.008,1553182,686,0,9168,9168,0,0,0,6289826,17,5711617,0,0.400723,0.000000,0.000000,12724,0,9690.40,0,0,0,0,SUCCESS,0,0,warm20,,,,,,,,,,,used,,,,20260913-1510
2026-09-13 15:27:46,EHAUSM-I,SIGN,91,1,0.003000,0.000,0.008,1569089,692,0,9273,9274,0,0,0,5864758,17,5281613,0,0.395726,0.000000,0.000000,12856,0,3712.00,0,0,0,0,SUCCESS,0,0,warm20,,,,,,,,,,,used,,,,20260913-1510
2026-09-13 15:27:56,EHAUSM-I,SIGN,92,1,0.003000,0.000,0.008,1586819,698,0,10461,10462,0,0,0,6927324,18,6337755,0,0.410029,0.000000,0.000000,12860,0,8208.00,0,0,0,0,SUCCESS,0,0,warm20,,,,,,,,,,,used,,,,20260913-1510
2026-09-13 15:28:07,EHAUSM-I,SIGN,93,1,0.003000,0.000,0.008,1606504,704,0,9903,9903,0,0,0,7595912,18,6995222,0,0.372524,0.000000,0.000000,12872,0,4480.00,0,0,0,0,SUCCESS,0,0,warm20,,,,,,,,,,,used,,,,20260913-1510
2026-09-13 15:28:13,EHAUSM-I,SIGN,94,1,0.003000,0.000,0.008,1616945,710,0,6773,6773,0,0,0,2869002,18,2269324,0,0.390843,0.000000,0.000000,12890,0,5592.00,0,0,0,0,SUCCESS,0,0,warm20,,,,,,,,,,,used,,,,20260913-1510
2026-09-13 15:28:21,EHAUSM-I,SIGN,95,1,0.003000,0.000,0.008,1631610,716,0,7145,7145,0,0,0,4383974,18,3782574,0,0.352245,0.000000,0.000000,12886,0,8000.00,0,0,0,0,SUCCESS,0,0,warm20,,,,,,,,,,,used,,,,20260913-1510
2026-09-13 15:28:29,EHAUSM-I,SIGN,96,1,0.003000,0.000,0.008,1649145,722,0,8158,8158,0,0,0,4722811,18,4122500,0,0.397764,0.000000,0.000000,12904,0,4224.00,0,0,0,0,SUCCESS,0,0,warm20,,,,,,,,,,,used,,,,20260913-1510
2026-09-13 15:28:34,EHAUSM-I,SIGN,97,1,0.003000,0.000,0.008,1663324,728,0,5210,5211,0,0,0,3249597,18,2653184,0,0.369632,0.000000,0.000000,12728,0,2830.15,0,0,0,0,SUCCESS,0,0,warm20,,,,,,,,,,,used,,,,20260913-1510
2026-09-13 15:28:36,EHAUSM-I,SIGN,98,1,0.003000,0.000,0.008,1668652,730,0,1668,1668,0,0,0,1000548,18,406661,0,0.280130,0.000000,0.000000,12666,0,5814.15,0,0,0,0,SUCCESS,0,0,warm20,,,,,,,,,,,used,,,,20260913-1510
2026-09-13 15:28:36,EHAUSM-I,SIGN,99,1,0.003000,0.000,0.008,1668652,730,0,112,112,0,0,0,593898,18,11,0,0.217673,0.000000,0.000000,12666,0,6246.15,0,0,0,0,SUCCESS,0,0,warm20,,,,,,,,,,,used,,,,20260913-1510
2026-09-13 15:28:56,EHAUSM-I,SIGN,0,2,0.003000,0.000,0.200,319686,146,3,18999,19003,0,0,0,106349081,0,104965619,0,0.455007,0.000000,0.000000,23387,0,4410.96,0,0,0,0,SUCCESS,0,0,warm20,,,,,,,,,,,used,,,,20260913-1510
2026-09-13 15:29:01,EHAUSM-I,SIGN,1,2,0.003000,0.000,0.008,334092,152,0,4607,4607,0,0,0,10288822,0,8936539,0,0.435039,0.000000,0.000000,23347,0,2661.17,0,0,0,0,SUCCESS,0,0,warm20,,,,,,,,,,,used,,,,20260913-1510
2026-09-13 15:29:04,EHAUSM-I,SIGN,2,2,0.003000,0.000,0.008,345121,158,0,3345,3345,0,0,0,5443189,0,4141032,0,0.377264,0.000000,0.000000,23125,0,6120.72,0,0,0,0,SUCCESS,0,0,warm20,,,,,,,,,,,used,,,,20260913-1510
2026-09-13 15:29:10,EHAUSM-I,SIGN,3,2,0.003000,0.000,0.008,358047,164,0,5597,5597,0,0,0,9573676,0,8288212,0,0.413652,0.000000,0.000000,22486,0,3392.00,0,0,0,0,SUCCESS,0,0,warm20,,,,,,,,,,,used,,,,20260913-1510
2026-09-13 15:29:13,EHAUSM-I,SIGN,4,2,0.003000,0.000,0.008,369331,170,0,2561,2561,0,0,0,3569403,0,2356131,0,0.384754,0.000000,0.000000,21958,0,4344.00,0,0,0,0,SUCCESS,0,0,warm20,,,,,,,,,,,used,,,,20260913-1510
2026-09-13 15:29:18,EHAUSM-I,SIGN,5,2,0.003000,0.000,0.008,383289,176,0,5032,5033,0,0,0,8922941,0,7741615,0,0.391145,0.000000,0.000000,21751,0,7101.62,0,0,0,0,SUCCESS,0,0,warm20,,,,,,,,,,,used,,,,20260913-1510
2026-09-13 15:29:21,EHAUSM-I,SIGN,6,2,0.003000,0.000,0.008,393230,182,0,3223,3223,0,0,0,4240412,0,3105813,0,0.453021,0.000000,0.000000,21796,0,10128.00,0,0,0,0,SUCCESS,0,0,warm20,,,,,,,,,,,used,,,,20260913-1510
2026-09-13 15:29:24,EHAUSM-I,SIGN,7,2,0.003000,0.000,0.008,408594,188,0,3172,3172,0,0,0,5568099,0,4498255,0,0.415693,0.000000,0.000000,20533,0,6704.00,0,0,0,0,SUCCESS,0,0,warm20,,,,,,,,,,,used,,,,20260913-1510
2026-09-13 15:29:30,EHAUSM-I,SIGN,8,2,0.003000,0.000,0.008,428453,194,0,5721,5722,0,0,0,12107367,1,11011691,0,0.414736,0.000000,0.000000,20113,0,10616.00,0,0,0,0,SUCCESS,0,0,warm20,,,,,,,,,,,used,,,,20260913-1510
2026-09-13 15:29:37,EHAUSM-I,SIGN,9,2,0.003000,0.000,0.008,446004,200,0,6431,6431,0,0,0,17236631,1,16029097,0,0.457766,0.000000,0.000000,19376,0,5270.16,0,0,0,0,SUCCESS,0,0,warm20,,,,,,,,,,,used,,,,20260913-1510
2026-09-13 15:29:39,EHAUSM-I,SIGN,10,2,0.003000,0.000,0.008,456476,206,0,2001,2001,0,0,0,2949555,1,1801088,0,0.403057,0.000000,0.000000,18895,0,4328.00,0,0,0,0,SUCCESS,0,0,warm20,,,,,,,,,,,used,,,,20260913-1510
2026-09-13 15:29:41,EHAUSM-I,SIGN,11,2,0.003000,0.000,0.008,466138,212,0,1605,1605,0,0,0,2560673,1,1464958,0,0.362251,0.000000,0.000000,18242,0,9128.00,0,0,0,0,SUCCESS,0,0,warm20,,,,,,,,,,,used,,,,20260913-1510
2026-09-13 15:29:46,EHAUSM-I,SIGN,12,2,0.003000,0.000,0.008,480433,218,0,5329,5329,0,0,0,8161881,1,7088650,0,0.440303,0.000000,0.000000,18295,0,11608.00,0,0,0,0,SUCCESS,0,0,warm20,,,,,,,,,,,used,,,,20260913-1510
2026-09-13 15:29:53,EHAUSM-I,SIGN,13,2,0.003000,0.000,0.008,496413,224,0,6335,6336,0,0,0,9894296,2,8823550,0,0.441975,0.000000,0.000000,19145,0,6610.92,0,0,0,0,SUCCESS,0,0,warm20,,,,,,,,,,,used,,,,20260913-1510
2026-09-13 15:29:56,EHAUSM-I,SIGN,14,2,0.003000,0.000,0.008,507190,230,0,3347,3347,0,0,0,4360329,2,3317451,0,0.403596,0.000000,0.000000,18586,0,8872.00,0,0,0,0,SUCCESS,0,0,warm20,,,,,,,,,,,used,,,,20260913-1510
2026-09-13 15:30:04,EHAUSM-I,SIGN,15,2,0.003000,0.000,0.008,518654,236,0,7813,7813,0,0,0,11521523,2,10454205,0,0.433380,0.000000,0.000000,19660,0,11272.00,0,0,0,0,SUCCESS,0,0,warm20,,,,,,,,,,,used,,,,20260913-1510
2026-09-13 15:30:13,EHAUSM-I,SIGN,16,2,0.003000,0.000,0.008,536314,242,0,9024,9024,0,0,0,13875828,2,12775844,0,0.410167,0.000000,0.000000,20004,0,10296.00,0,0,0,0,SUCCESS,0,0,warm20,,,,,,,,,,,used,,,,20260913-1510
2026-09-13 15:30:15,EHAUSM-I,SIGN,17,2,0.003000,0.000,0.008,544548,248,0,1800,1800,0,0,0,2486702,2,1421976,0,0.378039,0.000000,0.000000,19532,0,6816.00,0,0,0,0,SUCCESS,0,0,warm20,,,,,,,,,,,used,,,,20260913-1510
2026-09-13 15:30:20,EHAUSM-I,SIGN,18,2,0.003000,0.000,0.008,556990,254,0,4239,4239,0,0,0,4978911,2,3945685,0,0.387466,0.000000,0.000000,18960,0,11032.00,0,0,0,0,SUCCESS,0,0,warm20,,,,,,,,,,,used,,,,20260913-1510
2026-09-13 15:30:26,EHAUSM-I,SIGN,19,2,0.003000,0.000,0.008,569490,260,0,5876,5877,0,0,0,6193410,2,5169635,0,0.379130,0.000000,0.000000,18933,0,12495.80,0,0,0,0,SUCCESS,0,0,warm20,,,,,,,,,,,used,,,,20260913-1510
2026-09-13 15:30:33,EHAUSM-I,SIGN,20,2,0.003000,0.000,0.008,587283,266,0,6670,6671,0,0,0,11526897,2,10466313,0,0.354344,0.000000,0.000000,18422,0,9893.47,0,0,0,0,SUCCESS,0,0,warm20,,,,,,,,,,,used,,,,20260913-1510
2026-09-13 15:30:38,EHAUSM-I,SIGN,21,2,0.003000,0.000,0.008,601918,272,0,5280,5281,0,0,0,6070721,1,5025904,0,0.386103,0.000000,0.000000,18161,0,7781.99,0,0,0,0,SUCCESS,0,0,warm20,,,,,,,,,,,used,,,,20260913-1510
2026-09-13 15:30:44,EHAUSM-I,SIGN,22,2,0.003000,0.000,0.008,613134,278,0,6050,6050,0,0,0,5767452,1,4737696,0,0.413097,0.000000,0.000000,18187,0,9455.36,0,0,0,0,SUCCESS,0,0,warm20,,,,,,,,,,,used,,,,20260913-1510
2026-09-13 15:30:46,EHAUSM-I,SIGN,23,2,0.003000,0.000,0.008,625156,284,0,1586,1586,0,0,0,1845814,2,862359,0,0.310437,0.000000,0.000000,17486,0,6351.36,0,0,0,0,SUCCESS,0,0,warm20,,,,,,,,,,,used,,,,20260913-1510
2026-09-13 15:30:49,EHAUSM-I,SIGN,24,2,0.003000,0.000,0.008,639272,290,0,3035,3035,0,0,0,3636397,2,2689447,0,0.369529,0.000000,0.000000,17307,0,7326.22,0,0,0,0,SUCCESS,0,0,warm20,,,,,,,,,,,used,,,,20260913-1510
2026-09-13 15:30:54,EHAUSM-I,SIGN,25,2,0.003000,0.000,0.008,650468,296,0,5426,5427,0,0,0,5171306,3,4238241,0,0.390664,0.000000,0.000000,17338,0,6621.72,0,0,0,0,SUCCESS,0,0,warm20,,,,,,,,,,,used,,,,20260913-1510
2026-09-13 15:30:59,EHAUSM-I,SIGN,26,2,0.003000,0.000,0.008,661807,302,0,4248,4249,0,0,0,4170307,5,3248276,0,0.362434,0.000000,0.000000,16997,0,9711.36,0,0,0,0,SUCCESS,0,0,warm20,,,,,,,,,,,used,,,,20260913-1510
2026-09-13 15:31:01,EHAUSM-I,SIGN,27,2,0.003000,0.000,0.008,671849,308,0,2064,2064,0,0,0,2100289,6,1205130,0,0.340752,0.000000,0.000000,16446,0,5938.42,0,0,0,0,SUCCESS,0,0,warm20,,,,,,,,,,,used,,,,20260913-1510
2026-09-13 15:31:06,EHAUSM-I,SIGN,28,2,0.003000,0.000,0.008,682126,314,0,4592,4592,0,0,0,3927330,6,3046100,0,0.412920,0.000000,0.000000,16420,0,8347.08,0,0,0,0,SUCCESS,0,0,warm20,,,,,,,,,,,used,,,,20260913-1510
2026-09-13 15:31:13,EHAUSM-I,SIGN,29,2,0.003000,0.000,0.008,695776,320,0,7444,7444,0,0,0,8917924,6,8023690,0,0.413240,0.000000,0.000000,16853,0,6007.46,0,0,0,0,SUCCESS,0,0,warm20,,,,,,,,,,,used,,,,20260913-1510
2026-09-13 15:31:17,EHAUSM-I,SIGN,30,2,0.003000,0.000,0.008,707653,326,0,3888,3889,0,0,0,3547772,6,2672099,0,0.372790,0.000000,0.000000,16464,0,8575.46,0,0,0,0,SUCCESS,0,0,warm20,,,,,,,,,,,used,,,,20260913-1510
2026-09-13 15:31:19,EHAUSM-I,SIGN,31,2,0.003000,0.000,0.008,720279,332,0,2065,2065,0,0,0,2472630,6,1624330,0,0.344999,0.000000,0.000000,15898,0,6918.76,0,0,0,0,SUCCESS,0,0,warm20,,,,,,,,,,,used,,,,20260913-1510
2026-09-13 15:31:24,EHAUSM-I,SIGN,32,2,0.003000,0.000,0.008,730705,338,0,5160,5160,0,0,0,3679603,6,2845020,0,0.383583,0.000000,0.000000,15828,0,11487.46,0,0,0,0,SUCCESS,0,0,warm20,,,,,,,,,,,used,,,,20260913-1510
2026-09-13 15:31:31,EHAUSM-I,SIGN,33,2,0.003000,0.000,0.008,744420,344,0,6026,6026,0,0,0,5401415,8,4577867,0,0.456428,0.000000,0.000000,16554,0,11101.70,0,0,0,0,SUCCESS,0,0,warm20,,,,,,,,,,,used,,,,20260913-1510
2026-09-13 15:31:38,EHAUSM-I,SIGN,34,2,0.003000,0.000,0.008,756980,350,0,7240,7240,0,0,0,6252693,8,5431078,0,0.405462,0.000000,0.000000,16743,0,3060.44,0,0,0,0,SUCCESS,0,0,warm20,,,,,,,,,,,used,,,,20260913-1510
2026-09-13 15:31:43,EHAUSM-I,SIGN,35,2,0.003000,0.000,0.008,768219,356,0,4555,4555,0,0,0,3587094,8,2780917,0,0.404282,0.000000,0.000000,16721,0,5588.40,0,0,0,0,SUCCESS,0,0,warm20,,,,,,,,,,,used,,,,20260913-1510
2026-09-13 15:31:48,EHAUSM-I,SIGN,36,2,0.003000,0.000,0.008,777786,362,0,5253,5253,0,0,0,3690865,10,2893055,0,0.421007,0.000000,0.000000,16692,0,9769.40,0,0,0,0,SUCCESS,0,0,warm20,,,,,,,,,,,used,,,,20260913-1510
2026-09-13 15:31:55,EHAUSM-I,SIGN,37,2,0.003000,0.000,0.008,790994,368,0,7351,7352,0,0,0,6756965,10,5955887,0,0.416154,0.000000,0.000000,16986,0,6640.35,0,0,0,0,SUCCESS,0,0,warm20,,,,,,,,,,,used,,,,20260913-1510
2026-09-13 15:32:00,EHAUSM-I,SIGN,38,2,0.003000,0.000,0.008,803248,374,0,4888,4888,0,0,0,3565935,9,2777969,0,0.408027,0.000000,0.000000,16821,0,10266.90,0,0,0,0,SUCCESS,0,0,warm20,,,,,,,,,,,used,,,,20260913-1510
2026-09-13 15:32:06,EHAUSM-I,SIGN,39,2,0.003000,0.000,0.008,817420,380,0,5486,5486,0,0,0,4331129,9,3552919,0,0.409584,0.000000,0.000000,16757,0,8371.70,0,0,0,0,SUCCESS,0,0,warm20,,,,,,,,,,,used,,,,20260913-1510
2026-09-13 15:32:12,EHAUSM-I,SIGN,40,2,0.003000,0.000,0.008,828605,386,0,5890,5890,0,0,0,4090810,10,3315675,0,0.395392,0.000000,0.000000,16796,0,5584.00,0,0,0,0,SUCCESS,0,0,warm20,,,,,,,,,,,used,,,,20260913-1510
2026-09-13 15:32:19,EHAUSM-I,SIGN,41,2,0.003000,0.000,0.008,840915,392,0,6431,6431,0,0,0,4938308,10,4169592,0,0.405874,0.000000,0.000000,16767,0,4203.90,0,0,0,0,SUCCESS,0,0,warm20,,,,,,,,,,,used,,,,20260913-1510
2026-09-13 15:32:25,EHAUSM-I,SIGN,42,2,0.003000,0.000,0.008,851890,398,0,6138,6138,0,0,0,4071843,10,3308202,0,0.418596,0.000000,0.000000,17093,0,3790.02,0,0,0,0,SUCCESS,0,0,warm20,,,,,,,,,,,used,,,,20260913-1510
2026-09-13 15:32:31,EHAUSM-I,SIGN,43,2,0.003000,0.000,0.008,867106,404,0,6137,6137,0,0,0,5170234,9,4411323,0,0.395902,0.000000,0.000000,16906,0,3885.57,0,0,0,0,SUCCESS,0,0,warm20,,,,,,,,,,,used,,,,20260913-1510
2026-09-13 15:32:36,EHAUSM-I,SIGN,44,2,0.003000,0.000,0.008,884460,410,0,5094,5095,0,0,0,4628915,12,3876980,0,0.383507,0.000000,0.000000,16490,0,8284.87,0,0,0,0,SUCCESS,0,0,warm20,,,,,,,,,,,used,,,,20260913-1510
2026-09-13 15:32:40,EHAUSM-I,SIGN,45,2,0.003000,0.000,0.008,901027,416,0,3493,3494,0,0,0,3269866,13,2535986,0,0.348284,0.000000,0.000000,15893,0,9303.36,0,0,0,0,SUCCESS,0,0,warm20,,,,,,,,,,,used,,,,20260913-1510
2026-09-13 15:32:44,EHAUSM-I,SIGN,46,2,0.003000,0.000,0.008,916886,422,0,4312,4312,0,0,0,4297782,13,3574823,0,0.395263,0.000000,0.000000,15488,0,5390.24,0,0,0,0,SUCCESS,0,0,warm20,,,,,,,,,,,used,,,,20260913-1510
2026-09-13 15:32:48,EHAUSM-I,SIGN,47,2,0.003000,0.000,0.008,933116,428,0,3392,3392,0,0,0,2952826,12,2243760,0,0.368645,0.000000,0.000000,15117,0,5511.36,0,0,0,0,SUCCESS,0,0,warm20,,,,,,,,,,,used,,,,20260913-1510
2026-09-13 15:32:51,EHAUSM-I,SIGN,48,2,0.003000,0.000,0.008,947537,434,0,3589,3590,0,0,0,3105594,12,2408192,0,0.375614,0.000000,0.000000,14733,0,5072.00,0,0,0,0,SUCCESS,0,0,warm20,,,,,,,,,,,used,,,,20260913-1510
2026-09-13 15:32:54,EHAUSM-I,SIGN,49,2,0.003000,0.000,0.008,957204,440,0,2914,2914,0,0,0,1688257,12,1003505,0,0.357825,0.000000,0.000000,14599,0,10720.00,0,0,0,0,SUCCESS,0,0,warm20,,,,,,,,,,,used,,,,20260913-1510
2026-09-13 15:32:58,EHAUSM-I,SIGN,50,2,0.003000,0.000,0.008,967022,446,0,3630,3630,0,0,0,2330194,11,1652784,0,0.390908,0.000000,0.000000,14609,0,9503.31,0,0,0,0,SUCCESS,0,0,warm20,,,,,,,,,,,used,,,,20260913-1510
2026-09-13 15:33:04,EHAUSM-I,SIGN,51,2,0.003000,0.000,0.008,979636,452,0,5758,5758,0,0,0,3988063,11,3308579,0,0.390625,0.000000,0.000000,14554,0,6864.00,0,0,0,0,SUCCESS,0,0,warm20,,,,,,,,,,,used,,,,20260913-1510
2026-09-13 15:33:07,EHAUSM-I,SIGN,52,2,0.003000,0.000,0.008,990505,458,0,3620,3621,0,0,0,2097785,11,1428630,0,0.371789,0.000000,0.000000,14363,0,7110.05,0,0,0,0,SUCCESS,0,0,warm20,,,,,,,,,,,used,,,,20260913-1510
2026-09-13 15:33:09,EHAUSM-I,SIGN,53,2,0.003000,0.000,0.008,1001386,464,0,1549,1549,0,0,0,1177616,11,523640,0,0.327033,0.000000,0.000000,14056,0,3144.00,0,0,0,0,SUCCESS,0,0,warm20,,,,,,,,,,,used,,,,20260913-1510
2026-09-13 15:33:15,EHAUSM-I,SIGN,54,2,0.003000,0.000,0.008,1016244,470,0,6251,6252,0,0,0,4283695,11,3633493,0,0.420723,0.000000,0.000000,13905,0,9176.00,0,0,0,0,SUCCESS,0,0,warm20,,,,,,,,,,,used,,,,20260913-1510
2026-09-13 15:33:20,EHAUSM-I,SIGN,55,2,0.003000,0.000,0.008,1027129,476,0,4579,4579,0,0,0,2472198,13,1827686,0,0.386123,0.000000,0.000000,13871,0,4797.02,0,0,0,0,SUCCESS,0,0,warm20,,,,,,,,,,,used,,,,20260913-1510
2026-09-13 15:33:25,EHAUSM-I,SIGN,56,2,0.003000,0.000,0.008,1047408,482,0,4829,4829,0,0,0,4266067,12,3628390,0,0.372336,0.000000,0.000000,13478,0,8478.35,0,0,0,0,SUCCESS,0,0,warm20,,,,,,,,,,,used,,,,20260913-1510
2026-09-13 15:33:30,EHAUSM-I,SIGN,57,2,0.003000,0.000,0.008,1060421,488,0,5434,5435,0,0,0,2834726,12,2203775,0,0.390365,0.000000,0.000000,13277,0,5606.07,0,0,0,0,SUCCESS,0,0,warm20,,,,,,,,,,,used,,,,20260913-1510
2026-09-13 15:33:35,EHAUSM-I,SIGN,58,2,0.003000,0.000,0.008,1079371,494,0,4932,4933,0,0,0,3773211,12,3149524,0,0.416606,0.000000,0.000000,13241,0,8534.35,0,0,0,0,SUCCESS,0,0,warm20,,,,,,,,,,,used,,,,20260913-1510
2026-09-13 15:33:40,EHAUSM-I,SIGN,59,2,0.003000,0.000,0.008,1096747,500,0,4087,4088,0,0,0,3301755,13,2680853,0,0.384372,0.000000,0.000000,13167,0,9066.27,0,0,0,0,SUCCESS,0,0,warm20,,,,,,,,,,,used,,,,20260913-1510
2026-09-13 15:33:44,EHAUSM-I,SIGN,60,2,0.003000,0.000,0.008,1110602,506,0,4422,4423,0,0,0,2726829,15,2113477,0,0.379886,0.000000,0.000000,13007,0,9712.00,0,0,0,0,SUCCESS,0,0,warm20,,,,,,,,,,,used,,,,20260913-1510
2026-09-13 15:33:48,EHAUSM-I,SIGN,61,2,0.003000,0.000,0.008,1124744,512,0,4074,4075,0,0,0,2784971,17,2179791,0,0.400047,0.000000,0.000000,12882,0,3450.39,0,0,0,0,SUCCESS,0,0,warm20,,,,,,,,,,,used,,,,20260913-1510
2026-09-13 15:33:53,EHAUSM-I,SIGN,62,2,0.003000,0.000,0.008,1139446,518,0,4797,4798,0,0,0,3975996,16,3374197,0,0.413489,0.000000,0.000000,12846,0,6720.00,0,0,0,0,SUCCESS,0,0,warm20,,,,,,,,,,,used,,,,20260913-1510
2026-09-13 15:33:59,EHAUSM-I,SIGN,63,2,0.003000,0.000,0.008,1156811,524,0,6320,6321,0,0,0,4378528,14,3783839,0,0.420085,0.000000,0.000000,12821,0,5792.00,0,0,0,0,SUCCESS,0,0,warm20,,,,,,,,,,,used,,,,20260913-1510
2026-09-13 15:34:04,EHAUSM-I,SIGN,64,2,0.003000,0.000,0.008,1169601,530,0,4557,4557,0,0,0,3138449,15,2548773,0,0.412193,0.000000,0.000000,12622,0,8288.00,0,0,0,0,SUCCESS,0,0,warm20,,,,,,,,,,,used,,,,20260913-1510
2026-09-13 15:34:09,EHAUSM-I,SIGN,65,2,0.003000,0.000,0.008,1183474,536,0,4695,4695,0,0,0,2783707,15,2199814,0,0.380521,0.000000,0.000000,12433,0,10851.73,0,0,0,0,SUCCESS,0,0,warm20,,,,,,,,,,,used,,,,20260913-1510
2026-09-13 15:34:12,EHAUSM-I,SIGN,66,2,0.003000,0.000,0.008,1194955,542,0,3058,3058,0,0,0,2092097,15,1515400,0,0.382346,0.000000,0.000000,12294,0,10064.00,0,0,0,0,SUCCESS,0,0,warm20,,,,,,,,,,,used,,,,20260913-1510
2026-09-13 15:34:15,EHAUSM-I,SIGN,67,2,0.003000,0.000,0.008,1209554,548,0,3481,3481,0,0,0,2316533,14,1748007,0,0.360568,0.000000,0.000000,12041,0,10040.00,0,0,0,0,SUCCESS,0,0,warm20,,,,,,,,,,,used,,,,20260913-1510
2026-09-13 15:34:21,EHAUSM-I,SIGN,68,2,0.003000,0.000,0.008,1225092,554,0,5636,5637,0,0,0,3739021,14,3169933,0,0.395518,0.000000,0.000000,12117,0,7612.14,0,0,0,0,SUCCESS,0,0,warm20,,,,,,,,,,,used,,,,20260913-1510
2026-09-13 15:34:29,EHAUSM-I,SIGN,69,2,0.003000,0.000,0.008,1246726,560,0,7280,7281,0,0,0,7871675,14,7284877,0,0.397207,0.000000,0.000000,12158,0,8778.46,0,0,0,0,SUCCESS,0,0,warm20,,,,,,,,,,,used,,,,20260913-1510
2026-09-13 15:34:36,EHAUSM-I,SIGN,70,2,0.003000,0.000,0.008,1265597,566,0,7418,7419,0,0,0,5457412,14,4862415,0,0.393662,0.000000,0.000000,12584,0,8724.14,0,0,0,0,SUCCESS,0,0,warm20,,,,,,,,,,,used,,,,20260913-1510
2026-09-13 15:34:43,EHAUSM-I,SIGN,71,2,0.003000,0.000,0.008,1283052,572,0,7011,7011,0,0,0,4170814,14,3574499,0,0.411081,0.000000,0.000000,12659,0,9236.14,0,0,0,0,SUCCESS,0,0,warm20,,,,,,,,,,,used,,,,20260913-1510
2026-09-13 15:34:51,EHAUSM-I,SIGN,72,2,0.003000,0.000,0.008,1300784,578,0,8145,8145,0,0,0,6139510,14,5530855,0,0.377803,0.000000,0.000000,12940,0,5892.14,0,0,0,0,SUCCESS,0,0,warm20,,,,,,,,,,,used,,,,20260913-1510
2026-09-13 15:34:59,EHAUSM-I,SIGN,73,2,0.003000,0.000,0.008,1316615,584,0,7417,7417,0,0,0,5526199,14,4914031,0,0.391536,0.000000,0.000000,12887,0,8220.14,0,0,0,0,SUCCESS,0,0,warm20,,,,,,,,,,,used,,,,20260913-1510
2026-09-13 15:35:03,EHAUSM-I,SIGN,74,2,0.003000,0.000,0.008,1330102,590,0,3749,3749,0,0,0,2538255,14,1933294,0,0.364843,0.000000,0.000000,12801,0,9211.08,0,0,0,0,SUCCESS,0,0,warm20,,,,,,,,,,,used,,,,20260913-1510
2026-09-13 15:35:06,EHAUSM-I,SIGN,75,2,0.003000,0.000,0.008,1342143,596,0,3271,3272,0,0,0,2006426,15,1409183,0,0.355933,0.000000,0.000000,12641,0,8988.14,0,0,0,0,SUCCESS,0,0,warm20,,,,,,,,,,,used,,,,20260913-1510
2026-09-13 15:35:09,EHAUSM-I,SIGN,76,2,0.003000,0.000,0.008,1352225,602,0,2860,2860,0,0,0,1408402,15,818945,0,0.308720,0.000000,0.000000,12469,0,7730.56,0,0,0,0,SUCCESS,0,0,warm20,,,,,,,,,,,used,,,,20260913-1510
2026-09-13 15:35:17,EHAUSM-I,SIGN,77,2,0.003000,0.000,0.008,1364919,608,0,7904,7904,0,0,0,3824402,15,3235311,0,0.378348,0.000000,0.000000,12515,0,7476.27,0,0,0,0,SUCCESS,0,0,warm20,,,,,,,,,,,used,,,,20260913-1510
2026-09-13 15:35:22,EHAUSM-I,SIGN,78,2,0.003000,0.000,0.008,1378844,614,0,5025,5026,0,0,0,3486788,15,2900026,0,0.397689,0.000000,0.000000,12541,0,9379.08,0,0,0,0,SUCCESS,0,0,warm20,,,,,,,,,,,used,,,,20260913-1510
2026-09-13 15:35:25,EHAUSM-I,SIGN,79,2,0.003000,0.000,0.008,1390075,620,0,2972,2972,0,0,0,1813605,15,1234164,0,0.353476,0.000000,0.000000,12364,0,7454.55,0,0,0,0,SUCCESS,0,0,warm20,,,,,,,,,,,used,,,,20260913-1510
2026-09-13 15:35:29,EHAUSM-I,SIGN,80,2,0.003000,0.000,0.008,1404925,626,0,3767,3767,0,0,0,3072004,15,2497863,0,0.373804,0.000000,0.000000,12159,0,8274.23,0,0,0,0,SUCCESS,0,0,warm20,,,,,,,,,,,used,,,,20260913-1510
2026-09-13 15:35:35,EHAUSM-I,SIGN,81,2,0.003000,0.000,0.008,1419540,632,0,6130,6131,0,0,0,3187333,15,2615072,0,0.387666,0.000000,0.000000,12230,0,6161.25,0,0,0,0,SUCCESS,0,0,warm20,,,,,,,,,,,used,,,,20260913-1510
2026-09-13 15:35:43,EHAUSM-I,SIGN,82,2,0.003000,0.000,0.008,1430972,638,0,7217,7217,0,0,0,3533426,15,2959645,0,0.369666,0.000000,0.000000,12165,0,6085.44,0,0,0,0,SUCCESS,0,0,warm20,,,,,,,,,,,used,,,,20260913-1510
2026-09-13 15:35:50,EHAUSM-I,SIGN,83,2,0.003000,0.000,0.008,1446547,644,0,7221,7221,0,0,0,3679073,15,3107365,0,0.368358,0.000000,0.000000,12128,0,6378.84,0,0,0,0,SUCCESS,0,0,warm20,,,,,,,,,,,used,,,,20260913-1510
2026-09-13 15:35:58,EHAUSM-I,SIGN,84,2,0.003000,0.000,0.008,1466019,650,0,7977,7978,0,0,0,5742603,16,5166264,0,0.362767,0.000000,0.000000,12206,0,9149.44,0,0,0,0,SUCCESS,0,0,warm20,,,,,,,,,,,used,,,,20260913-1510
2026-09-13 15:36:01,EHAUSM-I,SIGN,85,2,0.003000,0.000,0.008,1477721,656,0,3467,3468,0,0,0,2328380,16,1757855,0,0.372567,0.000000,0.000000,12122,0,8981.44,0,0,0,0,SUCCESS,0,0,warm20,,,,,,,,,,,used,,,,20260913-1510
2026-09-13 15:36:06,EHAUSM-I,SIGN,86,2,0.003000,0.000,0.008,1489446,662,0,4166,4166,0,0,0,2753953,16,2187771,0,0.386047,0.000000,0.000000,12092,0,8950.77,0,0,0,0,SUCCESS,0,0,warm20,,,,,,,,,,,used,,,,20260913-1510
2026-09-13 15:36:13,EHAUSM-I,SIGN,87,2,0.003000,0.000,0.008,1504545,668,0,7524,7524,0,0,0,5286351,16,4717665,0,0.395645,0.000000,0.000000,12261,0,8288.95,0,0,0,0,SUCCESS,0,0,warm20,,,,,,,,,,,used,,,,20260913-1510
2026-09-13 15:36:22,EHAUSM-I,SIGN,88,2,0.003000,0.000,0.008,1520720,674,0,8376,8376,0,0,0,5266965,17,4694715,0,0.401806,0.000000,0.000000,12357,0,4681.61,0,0,0,0,SUCCESS,0,0,warm20,,,,,,,,,,,used,,,,20260913-1510
2026-09-13 15:36:29,EHAUSM-I,SIGN,89,2,0.003000,0.000,0.008,1534926,680,0,7282,7282,0,0,0,3940487,17,3369620,0,0.389240,0.000000,0.000000,12454,0,5075.54,0,0,0,0,SUCCESS,0,0,warm20,,,,,,,,,,,used,,,,20260913-1510
2026-09-13 15:36:38,EHAUSM-I,SIGN,90,2,0.003000,0.000,0.008,1553182,686,0,9180,9181,0,0,0,6289826,17,5711617,0,0.400723,0.000000,0.000000,12724,0,9833.77,0,0,0,0,SUCCESS,0,0,warm20,,,,,,,,,,,used,,,,20260913-1510
2026-09-13 15:36:48,EHAUSM-I,SIGN,91,2,0.003000,0.000,0.008,1569089,692,0,9284,9285,0,0,0,5864758,17,5281613,0,0.395726,0.000000,0.000000,12856,0,6679.60,0,0,0,0,SUCCESS,0,0,warm20,,,,,,,,,,,used,,,,20260913-1510
2026-09-13 15:36:59,EHAUSM-I,SIGN,92,2,0.003000,0.000,0.008,1586819,698,0,10474,10474,0,0,0,6927324,18,6337755,0,0.410029,0.000000,0.000000,12860,0,6608.00,0,0,0,0,SUCCESS,0,0,warm20,,,,,,,,,,,used,,,,20260913-1510
2026-09-13 15:37:09,EHAUSM-I,SIGN,93,2,0.003000,0.000,0.008,1606504,704,0,9921,9922,0,0,0,7595912,18,6995222,0,0.372524,0.000000,0.000000,12872,0,7872.00,0,0,0,0,SUCCESS,0,0,warm20,,,,,,,,,,,used,,,,20260913-1510
2026-09-13 15:37:16,EHAUSM-I,SIGN,94,2,0.003000,0.000,0.008,1616945,710,0,6820,6820,0,0,0,2869002,18,2269324,0,0.390843,0.000000,0.000000,12890,0,6788.00,0,0,0,0,SUCCESS,0,0,warm20,,,,,,,,,,,used,,,,20260913-1510
2026-09-13 15:37:23,EHAUSM-I,SIGN,95,2,0.003000,0.000,0.008,1631610,716,0,7138,7138,0,0,0,4383974,18,3782574,0,0.352245,0.000000,0.000000,12886,0,4678.56,0,0,0,0,SUCCESS,0,0,warm20,,,,,,,,,,,used,,,,20260913-1510
2026-09-13 15:37:31,EHAUSM-I,SIGN,96,2,0.003000,0.000,0.008,1649145,722,0,8153,8153,0,0,0,4722811,18,4122500,0,0.397764,0.000000,0.000000,12904,0,5501.35,0,0,0,0,SUCCESS,0,0,warm20,,,,,,,,,,,used,,,,20260913-1510
2026-09-13 15:37:36,EHAUSM-I,SIGN,97,2,0.003000,0.000,0.008,1663324,728,0,5189,5190,0,0,0,3249597,18,2653184,0,0.369632,0.000000,0.000000,12728,0,8844.32,0,0,0,0,SUCCESS,0,0,warm20,,,,,,,,,,,used,,,,20260913-1510
2026-09-13 15:37:38,EHAUSM-I,SIGN,98,2,0.003000,0.000,0.008,1668652,730,0,1668,1669,0,0,0,1000548,18,406661,0,0.280130,0.000000,0.000000,12666,0,5573.65,0,0,0,0,SUCCESS,0,0,warm20,,,,,,,,,,,used,,,,20260913-1510
2026-09-13 15:37:38,EHAUSM-I,SIGN,99,2,0.003000,0.000,0.008,1668652,730,0,113,114,0,0,0,593898,18,11,0,0.217673,0.000000,0.000000,12666,0,6005.65,0,0,0,0,SUCCESS,0,0,warm20,,,,,,,,,,,used,,,,20260913-1510
2026-09-13 15:37:40,EHAUSM-I,C8T1S5I8N5K,0,0,0.000200,0.000,0.200,9488535,9427,75,772,848,0,0,0,4135735,15680,3992648,0,0.468087,0.000000,0.000000,6075,0,1461.42,0,0,0,0,SUCCESS,0,0,warm20,,,,,,,,,,,used,,,,20260913-1510
2026-09-13 15:37:40,EHAUSM-I,C8T1S5I8N5K,1,0,0.000200,0.000,0.008,9860531,9808,15,268,284,0,0,0,914526,16148,770549,0,0.456264,0.000000,0.000000,5885,0,726.25,0,0,0,0,SUCCESS,0,0,warm20,,,,,,,,,,,used,,,,20260913-1510
2026-09-13 15:37:40,EHAUSM-I,C8T1S5I8N5K,2,0,0.000200,0.000,0.008,10237847,10189,4,193,198,0,0,0,505379,16704,368120,0,0.422108,0.000000,0.000000,6216,0,1454.25,0,0,0,0,SUCCESS,0,0,warm20,,,,,,,,,,,used,,,,20260913-1510
2026-09-13 15:37:40,EHAUSM-I,C8T1S5I8N5K,3,0,0.000200,0.000,0.008,10612071,10570,4,177,182,0,0,0,524125,17032,396789,0,0.402472,0.000000,0.000000,5710,0,2126.25,0,0,0,0,SUCCESS,0,0,warm20,,,,,,,,,,,used,,,,20260913-1510
2026-09-13 15:37:41,EHAUSM-I,C8T1S5I8N5K,4,0,0.000200,0.000,0.008,10998812,10951,4,154,159,0,0,0,484569,17462,364315,0,0.437098,0.000000,0.000000,6197,0,921.80,0,0,0,0,SUCCESS,0,0,warm20,,,,,,,,,,,used,,,,20260913-1510
2026-09-13 15:37:41,EHAUSM-I,C8T1S5I8N5K,5,0,0.000200,0.000,0.008,11372679,11332,4,230,235,0,0,0,709998,17959,583617,0,0.392812,0.000000,0.000000,7077,0,1937.80,0,0,0,0,SUCCESS,0,0,warm20,,,,,,,,,,,used,,,,20260913-1510
2026-09-13 15:37:41,EHAUSM-I,C8T1S5I8N5K,6,0,0.000200,0.000,0.008,11751454,11713,4,185,190,0,0,0,510861,18554,385234,0,0.418454,0.000000,0.000000,7171,0,824.45,0,0,0,0,SUCCESS,0,0,warm20,,,,,,,,,,,used,,,,20260913-1510
2026-09-13 15:37:41,EHAUSM-I,C8T1S5I8N5K,7,0,0.000200,0.000,0.008,12140855,12094,5,279,284,0,0,0,718733,18893,596831,0,0.367641,0.000000,0.000000,7532,0,1744.45,0,0,0,0,SUCCESS,0,0,warm20,,,,,,,,,,,used,,,,20260913-1510
2026-09-13 15:37:42,EHAUSM-I,C8T1S5I8N5K,8,0,0.000200,0.000,0.008,12513750,12475,5,264,269,0,0,0,647791,19203,526884,0,0.392095,0.000000,0.000000,7536,0,837.50,0,0,0,0,SUCCESS,0,0,warm20,,,,,,,,,,,used,,,,20260913-1510
2026-09-13 15:37:42,EHAUSM-I,C8T1S5I8N5K,9,0,0.000200,0.000,0.008,12914821,12856,5,166,171,0,0,0,456077,19544,337540,0,0.465827,0.000000,0.000000,6698,0,1549.50,0,0,0,0,SUCCESS,0,0,warm20,,,,,,,,,,,used,,,,20260913-1510
2026-09-13 15:37:42,EHAUSM-I,C8T1S5I8N5K,10,0,0.000200,0.000,0.008,13305508,13237,5,143,148,0,0,0,385323,19867,269894,0,0.398122,0.000000,0.000000,6517,0,2077.50,0,0,0,0,SUCCESS,0,0,warm20,,,,,,,,,,,used,,,,20260913-1510
2026-09-13 15:37:42,EHAUSM-I,C8T1S5I8N5K,11,0,0.000200,0.000,0.008,13706693,13618,5,134,139,0,0,0,328919,20077,217691,0,0.390408,0.000000,0.000000,6096,0,2525.50,0,0,0,0,SUCCESS,0,0,warm20,,,,,,,,,,,used,,,,20260913-1510
2026-09-13 15:37:42,EHAUSM-I,C8T1S5I8N5K,12,0,0.000200,0.000,0.008,14085848,13999,5,176,182,0,0,0,385307,20493,273976,0,0.440606,0.000000,0.000000,5787,0,3045.50,0,0,0,0,SUCCESS,0,0,warm20,,,,,,,,,,,used,,,,20260913-1510
2026-09-13 15:37:42,EHAUSM-I,C8T1S5I8N5K,13,0,0.000200,0.000,0.008,14448564,14380,5,231,237,0,0,0,456632,20793,346328,0,0.420454,0.000000,0.000000,5569,0,3701.50,0,0,0,0,SUCCESS,0,0,warm20,,,,,,,,,,,used,,,,20260913-1510
2026-09-13 15:37:43,EHAUSM-I,C8T1S5I8N5K,14,0,0.000200,0.000,0.008,14856850,14761,5,335,341,0,0,0,733810,21036,625540,0,0.381148,0.000000,0.000000,5314,0,4621.50,0,0,0,0,SUCCESS,0,0,warm20,,,,,,,,,,,used,,,,20260913-1510
2026-09-13 15:37:43,EHAUSM-I,C8T1S5I8N5K,15,0,0.000200,0.000,0.008,15236031,15142,5,345,351,0,0,0,661429,21338,551111,0,0.418015,0.000000,0.000000,5751,0,5597.50,0,0,0,0,SUCCESS,0,0,warm20,,,,,,,,,,,used,,,,20260913-1510
2026-09-13 15:37:43,EHAUSM-I,C8T1S5I8N5K,16,0,0.000200,0.000,0.008,15637254,15523,5,160,166,0,0,0,351750,21546,244962,0,0.409582,0.000000,0.000000,5143,0,6053.50,0,0,0,0,SUCCESS,0,0,warm20,,,,,,,,,,,used,,,,20260913-1510
2026-09-13 15:37:43,EHAUSM-I,C8T1S5I8N5K,17,0,0.000200,0.000,0.008,16001183,15904,5,127,133,0,0,0,310539,21935,205662,0,0.363783,0.000000,0.000000,4765,0,668.78,0,0,0,0,SUCCESS,0,0,warm20,,,,,,,,,,,used,,,,20260913-1510
2026-09-13 15:37:44,EHAUSM-I,C8T1S5I8N5K,18,0,0.000200,0.000,0.008,16376279,16285,5,284,289,0,0,0,643006,22181,540869,0,0.481601,0.000000,0.000000,5394,0,1556.78,0,0,0,0,SUCCESS,0,0,warm20,,,,,,,,,,,used,,,,20260913-1510
2026-09-13 15:37:44,EHAUSM-I,C8T1S5I8N5K,19,0,0.000200,0.000,0.008,16736060,16666,5,293,299,0,0,0,342400,22473,242279,0,0.399642,0.000000,0.000000,5316,0,2356.78,0,0,0,0,SUCCESS,0,0,warm20,,,,,,,,,,,used,,,,20260913-1510
2026-09-13 15:37:44,EHAUSM-I,C8T1S5I8N5K,20,0,0.000200,0.000,0.008,17118756,17047,5,152,158,0,0,0,353844,22785,253754,0,0.361282,0.000000,0.000000,5733,0,2900.78,0,0,0,0,SUCCESS,0,0,warm20,,,,,,,,,,,used,,,,20260913-1510
2026-09-13 15:37:44,EHAUSM-I,C8T1S5I8N5K,21,0,0.000200,0.000,0.008,17469367,17428,5,145,151,0,0,0,309497,22920,210232,0,0.469779,0.000000,0.000000,5511,0,3348.78,0,0,0,0,SUCCESS,0,0,warm20,,,,,,,,,,,used,,,,20260913-1510
2026-09-13 15:37:45,EHAUSM-I,C8T1S5I8N5K,22,0,0.000200,0.000,0.008,17882077,17809,6,189,195,0,0,0,349352,23259,249193,0,0.422266,0.000000,0.000000,5460,0,3900.78,0,0,0,0,SUCCESS,0,0,warm20,,,,,,,,,,,used,,,,20260913-1510
2026-09-13 15:37:45,EHAUSM-I,C8T1S5I8N5K,23,0,0.000200,0.000,0.008,18263919,18190,6,150,156,0,0,0,314834,23313,215325,0,0.367083,0.000000,0.000000,5224,0,4364.78,0,0,0,0,SUCCESS,0,0,warm20,,,,,,,,,,,used,,,,20260913-1510
2026-09-13 15:37:45,EHAUSM-I,C8T1S5I8N5K,24,0,0.000200,0.000,0.008,18657262,18571,6,138,145,0,0,0,243650,23390,145628,0,0.379691,0.000000,0.000000,4981,0,4772.78,0,0,0,0,SUCCESS,0,0,warm20,,,,,,,,,,,used,,,,20260913-1510
2026-09-13 15:37:45,EHAUSM-I,C8T1S5I8N5K,25,0,0.000200,0.000,0.008,19053088,18952,6,185,191,0,0,0,376608,23537,278496,0,0.406374,0.000000,0.000000,4603,0,5316.78,0,0,0,0,SUCCESS,0,0,warm20,,,,,,,,,,,used,,,,20260913-1510
2026-09-13 15:37:45,EHAUSM-I,C8T1S5I8N5K,26,0,0.000200,0.000,0.008,19437911,19333,6,109,115,0,0,0,240932,23703,145122,0,0.329377,0.000000,0.000000,4467,0,5660.78,0,0,0,0,SUCCESS,0,0,warm20,,,,,,,,,,,used,,,,20260913-1510
2026-09-13 15:37:45,EHAUSM-I,C8T1S5I8N5K,27,0,0.000200,0.000,0.008,19822113,19714,6,256,262,0,0,0,403429,23955,307385,0,0.415907,0.000000,0.000000,4548,0,549.50,0,0,0,0,SUCCESS,0,0,warm20,,,,,,,,,,,used,,,,20260913-1510
2026-09-13 15:37:46,EHAUSM-I,C8T1S5I8N5K,28,0,0.000200,0.000,0.008,20208654,20095,6,140,147,0,0,0,255184,24101,159965,0,0.380933,0.000000,0.000000,4279,0,973.50,0,0,0,0,SUCCESS,0,0,warm20,,,,,,,,,,,used,,,,20260913-1510
2026-09-13 15:37:46,EHAUSM-I,C8T1S5I8N5K,29,0,0.000200,0.000,0.008,20585609,20476,6,152,159,0,0,0,277632,24251,183722,0,0.377053,0.000000,0.000000,4122,0,1445.50,0,0,0,0,SUCCESS,0,0,warm20,,,,,,,,,,,used,,,,20260913-1510
2026-09-13 15:37:46,EHAUSM-I,C8T1S5I8N5K,30,0,0.000200,0.000,0.008,20988516,20857,6,154,161,0,0,0,305251,24454,210516,0,0.409550,0.000000,0.000000,3896,0,1885.50,0,0,0,0,SUCCESS,0,0,warm20,,,,,,,,,,,used,,,,20260913-1510
2026-09-13 15:37:46,EHAUSM-I,C8T1S5I8N5K,31,0,0.000200,0.000,0.008,21379871,21238,6,199,206,0,0,0,335610,24746,241941,0,0.405602,0.000000,0.000000,3722,0,2437.50,0,0,0,0,SUCCESS,0,0,warm20,,,,,,,,,,,used,,,,20260913-1510
2026-09-13 15:37:46,EHAUSM-I,C8T1S5I8N5K,32,0,0.000200,0.000,0.008,21758395,21619,6,340,347,0,0,0,586341,24831,492266,0,0.366514,0.000000,0.000000,3512,0,3349.50,0,0,0,0,SUCCESS,0,0,warm20,,,,,,,,,,,used,,,,20260913-1510
2026-09-13 15:37:47,EHAUSM-I,C8T1S5I8N5K,33,0,0.000200,0.000,0.008,22151372,22000,6,263,270,0,0,0,312384,24848,219695,0,0.467869,0.000000,0.000000,3756,0,3997.50,0,0,0,0,SUCCESS,0,0,warm20,,,,,,,,,,,used,,,,20260913-1510
2026-09-13 15:37:47,EHAUSM-I,C8T1S5I8N5K,34,0,0.000200,0.000,0.008,22537156,22381,6,182,189,0,0,0,266880,25080,174616,0,0.362531,0.000000,0.000000,3758,0,4509.50,0,0,0,0,SUCCESS,0,0,warm20,,,,,,,,,,,used,,,,20260913-1510
2026-09-13 15:37:47,EHAUSM-I,C8T1S5I8N5K,35,0,0.000200,0.000,0.008,22909920,22762,6,334,341,0,0,0,483695,25240,391075,0,0.419999,0.000000,0.000000,3731,0,5325.50,0,0,0,0,SUCCESS,0,0,warm20,,,,,,,,,,,used,,,,20260913-1510
2026-09-13 15:37:47,EHAUSM-I,C8T1S5I8N5K,36,0,0.000200,0.000,0.008,23320068,23143,7,199,207,0,0,0,293049,25328,200781,0,0.373407,0.000000,0.000000,3641,0,5869.50,0,0,0,0,SUCCESS,0,0,warm20,,,,,,,,,,,used,,,,20260913-1510
2026-09-13 15:37:48,EHAUSM-I,C8T1S5I8N5K,37,0,0.000200,0.000,0.008,23698370,23524,7,161,168,0,0,0,280061,25457,189087,0,0.375746,0.000000,0.000000,3515,0,479.60,0,0,0,0,SUCCESS,0,0,warm20,,,,,,,,,,,used,,,,20260913-1510
2026-09-13 15:37:48,EHAUSM-I,C8T1S5I8N5K,38,0,0.000200,0.000,0.008,24100790,23905,7,159,167,0,0,0,286452,25535,196660,0,0.391363,0.000000,0.000000,3291,0,943.60,0,0,0,0,SUCCESS,0,0,warm20,,,,,,,,,,,used,,,,20260913-1510
2026-09-13 15:37:48,EHAUSM-I,C8T1S5I8N5K,39,0,0.000200,0.000,0.008,24494244,24286,7,135,143,0,0,0,232782,25605,144364,0,0.356201,0.000000,0.000000,3104,0,1335.60,0,0,0,0,SUCCESS,0,0,warm20,,,,,,,,,,,used,,,,20260913-1510
2026-09-13 15:37:48,EHAUSM-I,C8T1S5I8N5K,40,0,0.000200,0.000,0.008,24862589,24667,8,165,173,0,0,0,296320,25823,208149,0,0.428745,0.000000,0.000000,2983,0,1799.60,0,0,0,0,SUCCESS,0,0,warm20,,,,,,,,,,,used,,,,20260913-1510
2026-09-13 15:37:48,EHAUSM-I,C8T1S5I8N5K,41,0,0.000200,0.000,0.008,25264734,25048,7,171,179,0,0,0,271886,25985,183845,0,0.369142,0.000000,0.000000,2906,0,2255.60,0,0,0,0,SUCCESS,0,0,warm20,,,,,,,,,,,used,,,,20260913-1510
2026-09-13 15:37:48,EHAUSM-I,C8T1S5I8N5K,42,0,0.000200,0.000,0.008,25654120,25429,7,169,177,0,0,0,243648,26164,155693,0,0.372987,0.000000,0.000000,2835,0,2711.60,0,0,0,0,SUCCESS,0,0,warm20,,,,,,,,,,,used,,,,20260913-1510
2026-09-13 15:37:49,EHAUSM-I,C8T1S5I8N5K,43,0,0.000200,0.000,0.008,26046150,25810,7,356,363,0,0,0,415478,26327,327316,0,0.355140,0.000000,0.000000,2897,0,3519.60,0,0,0,0,SUCCESS,0,0,warm20,,,,,,,,,,,used,,,,20260913-1510
2026-09-13 15:37:49,EHAUSM-I,C8T1S5I8N5K,44,0,0.000200,0.000,0.008,26432947,26191,7,221,229,0,0,0,311518,26489,222857,0,0.388503,0.000000,0.000000,2697,0,4087.60,0,0,0,0,SUCCESS,0,0,warm20,,,,,,,,,,,used,,,,20260913-1510
2026-09-13 15:37:49,EHAUSM-I,C8T1S5I8N5K,45,0,0.000200,0.000,0.008,26847057,26572,8,197,205,0,0,0,291981,26610,203355,0,0.355688,0.000000,0.000000,2736,0,4639.60,0,0,0,0,SUCCESS,0,0,warm20,,,,,,,,,,,used,,,,20260913-1510
2026-09-13 15:37:49,EHAUSM-I,C8T1S5I8N5K,46,0,0.000200,0.000,0.008,27199889,26953,7,208,215,0,0,0,301341,26764,212108,0,0.394408,0.000000,0.000000,2876,0,5199.60,0,0,0,0,SUCCESS,0,0,warm20,,,,,,,,,,,used,,,,20260913-1510
2026-09-13 15:37:50,EHAUSM-I,C8T1S5I8N5K,47,0,0.000200,0.000,0.008,27579163,27334,7,382,390,0,0,0,459968,26865,371005,0,0.394784,0.000000,0.000000,2901,0,6055.60,0,0,0,0,SUCCESS,0,0,warm20,,,,,,,,,,,used,,,,20260913-1510
2026-09-13 15:37:50,EHAUSM-I,C8T1S5I8N5K,48,0,0.000200,0.000,0.008,27972766,27715,8,242,251,0,0,0,352974,27042,263408,0,0.387473,0.000000,0.000000,2982,0,889.94,0,0,0,0,SUCCESS,0,0,warm20,,,,,,,,,,,used,,,,20260913-1510
2026-09-13 15:37:50,EHAUSM-I,C8T1S5I8N5K,49,0,0.000200,0.000,0.008,28365723,28096,8,312,320,0,0,0,358886,27173,269599,0,0.453802,0.000000,0.000000,3165,0,1617.94,0,0,0,0,SUCCESS,0,0,warm20,,,,,,,,,,,used,,,,20260913-1510
2026-09-13 15:37:51,EHAUSM-I,C8T1S5I8N5K,50,0,0.000200,0.000,0.008,28747973,28477,8,229,237,0,0,0,324127,27398,235223,0,0.359604,0.000000,0.000000,3190,0,2217.94,0,0,0,0,SUCCESS,0,0,warm20,,,,,,,,,,,used,,,,20260913-1510
2026-09-13 15:37:51,EHAUSM-I,C8T1S5I8N5K,51,0,0.000200,0.000,0.008,29148674,28858,8,239,247,0,0,0,295554,27518,206902,0,0.367741,0.000000,0.000000,3606,0,2849.94,0,0,0,0,SUCCESS,0,0,warm20,,,,,,,,,,,used,,,,20260913-1510
2026-09-13 15:37:51,EHAUSM-I,C8T1S5I8N5K,52,0,0.000200,0.000,0.008,29538239,29239,8,186,195,0,0,0,261077,27569,173262,0,0.395767,0.000000,0.000000,3511,0,3329.94,0,0,0,0,SUCCESS,0,0,warm20,,,,,,,,,,,used,,,,20260913-1510
2026-09-13 15:37:51,EHAUSM-I,C8T1S5I8N5K,53,0,0.000200,0.000,0.008,29906147,29620,8,207,215,0,0,0,294467,27683,206530,0,0.383637,0.000000,0.000000,3391,0,3857.94,0,0,0,0,SUCCESS,0,0,warm20,,,,,,,,,,,used,,,,20260913-1510
2026-09-13 15:37:52,EHAUSM-I,C8T1S5I8N5K,54,0,0.000200,0.000,0.008,30291495,30001,8,188,197,0,0,0,262925,27668,175792,0,0.387544,0.000000,0.000000,3264,0,4337.94,0,0,0,0,SUCCESS,0,0,warm20,,,,,,,,,,,used,,,,20260913-1510
2026-09-13 15:37:52,EHAUSM-I,C8T1S5I8N5K,55,0,0.000200,0.000,0.008,30683235,30382,8,239,247,0,0,0,306052,27749,219408,0,0.370960,0.000000,0.000000,3174,0,4921.94,0,0,0,0,SUCCESS,0,0,warm20,,,,,,,,,,,used,,,,20260913-1510
2026-09-13 15:37:52,EHAUSM-I,C8T1S5I8N5K,56,0,0.000200,0.000,0.008,31050500,30763,8,192,200,0,0,0,247471,27898,161578,0,0.340850,0.000000,0.000000,3135,0,5417.94,0,0,0,0,SUCCESS,0,0,warm20,,,,,,,,,,,used,,,,20260913-1510
2026-09-13 15:37:52,EHAUSM-I,C8T1S5I8N5K,57,0,0.000200,0.000,0.008,31397327,31144,8,155,164,0,0,0,192639,27964,107671,0,0.355693,0.000000,0.000000,3034,0,5801.94,0,0,0,0,SUCCESS,0,0,warm20,,,,,,,,,,,used,,,,20260913-1510
2026-09-13 15:37:52,EHAUSM-I,C8T1S5I8N5K,58,0,0.000200,0.000,0.008,31771532,31525,8,154,162,0,0,0,218006,28036,133805,0,0.382276,0.000000,0.000000,3040,0,375.60,0,0,0,0,SUCCESS,0,0,warm20,,,,,,,,,,,used,,,,20260913-1510
2026-09-13 15:37:53,EHAUSM-I,C8T1S5I8N5K,59,0,0.000200,0.000,0.008,32144335,31906,8,209,218,0,0,0,311879,28191,227542,0,0.379638,0.000000,0.000000,2918,0,895.60,0,0,0,0,SUCCESS,0,0,warm20,,,,,,,,,,,used,,,,20260913-1510
2026-09-13 15:37:53,EHAUSM-I,C8T1S5I8N5K,60,0,0.000200,0.000,0.008,32548859,32287,9,391,400,0,0,0,361423,28305,276338,0,0.371809,0.000000,0.000000,3066,0,1751.60,0,0,0,0,SUCCESS,0,0,warm20,,,,,,,,,,,used,,,,20260913-1510
2026-09-13 15:37:53,EHAUSM-I,C8T1S5I8N5K,61,0,0.000200,0.000,0.008,32946105,32668,8,207,216,0,0,0,276338,28383,190568,0,0.352663,0.000000,0.000000,3028,0,2263.60,0,0,0,0,SUCCESS,0,0,warm20,,,,,,,,,,,used,,,,20260913-1510
2026-09-13 15:37:53,EHAUSM-I,C8T1S5I8N5K,62,0,0.000200,0.000,0.008,33335321,33049,9,198,207,0,0,0,216939,28502,131529,0,0.354481,0.000000,0.000000,2938,0,2743.60,0,0,0,0,SUCCESS,0,0,warm20,,,,,,,,,,,used,,,,20260913-1510
2026-09-13 15:37:54,EHAUSM-I,C8T1S5I8N5K,63,0,0.000200,0.000,0.008,33722190,33430,9,247,256,0,0,0,316996,28525,231786,0,0.429587,0.000000,0.000000,2955,0,3367.60,0,0,0,0,SUCCESS,0,0,warm20,,,,,,,,,,,used,,,,20260913-1510
2026-09-13 15:37:54,EHAUSM-I,C8T1S5I8N5K,64,0,0.000200,0.000,0.008,34102757,33811,9,232,242,0,0,0,236273,28687,151719,0,0.346043,0.000000,0.000000,2871,0,3911.60,0,0,0,0,SUCCESS,0,0,warm20,,,,,,,,,,,used,,,,20260913-1510
2026-09-13 15:37:54,EHAUSM-I,C8T1S5I8N5K,65,0,0.000200,0.000,0.008,34480042,34192,9,192,202,0,0,0,223905,28815,139469,0,0.360205,0.000000,0.000000,2789,0,4391.60,0,0,0,0,SUCCESS,0,0,warm20,,,,,,,,,,,used,,,,20260913-1510
2026-09-13 15:37:54,EHAUSM-I,C8T1S5I8N5K,66,0,0.000200,0.000,0.008,34856177,34573,9,199,209,0,0,0,219106,28846,135400,0,0.375246,0.000000,0.000000,2698,0,4855.60,0,0,0,0,SUCCESS,0,0,warm20,,,,,,,,,,,used,,,,20260913-1510
2026-09-13 15:37:54,EHAUSM-I,C8T1S5I8N5K,67,0,0.000200,0.000,0.008,35248911,34954,9,198,208,0,0,0,234771,29022,151777,0,0.356399,0.000000,0.000000,2620,0,5319.60,0,0,0,0,SUCCESS,0,0,warm20,,,,,,,,,,,used,,,,20260913-1510
2026-09-13 15:37:55,EHAUSM-I,C8T1S5I8N5K,68,0,0.000200,0.000,0.008,35625465,35335,9,211,221,0,0,0,283265,29173,200569,0,0.390087,0.000000,0.000000,2554,0,5815.60,0,0,0,0,SUCCESS,0,0,warm20,,,,,,,,,,,used,,,,20260913-1510
2026-09-13 15:37:55,EHAUSM-I,C8T1S5I8N5K,69,0,0.000200,0.000,0.008,36012354,35716,9,189,199,0,0,0,224033,29231,142505,0,0.379743,0.000000,0.000000,2554,0,435.01,0,0,0,0,SUCCESS,0,0,warm20,,,,,,,,,,,used,,,,20260913-1510
2026-09-13 15:37:55,EHAUSM-I,C8T1S5I8N5K,70,0,0.000200,0.000,0.008,36402179,36097,10,211,221,0,0,0,282657,29306,201231,0,0.397854,0.000000,0.000000,2518,0,971.01,0,0,0,0,SUCCESS,0,0,warm20,,,,,,,,,,,used,,,,20260913-1510
2026-09-13 15:37:55,EHAUSM-I,C8T1S5I8N5K,71,0,0.000200,0.000,0.008,36796212,36478,10,208,219,0,0,0,214691,29380,133557,0,0.363902,0.000000,0.000000,2562,0,1475.01,0,0,0,0,SUCCESS,0,0,warm20,,,,,,,,,,,used,,,,20260913-1510
2026-09-13 15:37:56,EHAUSM-I,C8T1S5I8N5K,72,0,0.000200,0.000,0.008,37177330,36859,10,234,244,0,0,0,266978,29443,186198,0,0.374848,0.000000,0.000000,2519,0,2043.01,0,0,0,0,SUCCESS,0,0,warm20,,,,,,,,,,,used,,,,20260913-1510
2026-09-13 15:37:56,EHAUSM-I,C8T1S5I8N5K,73,0,0.000200,0.000,0.008,37549228,37240,9,408,418,0,0,0,312096,29524,231231,0,0.355413,0.000000,0.000000,2480,0,2803.01,0,0,0,0,SUCCESS,0,0,warm20,,,,,,,,,,,used,,,,20260913-1510
2026-09-13 15:37:56,EHAUSM-I,C8T1S5I8N5K,74,0,0.000200,0.000,0.008,37929817,37621,9,242,252,0,0,0,250750,29643,169791,0,0.371847,0.000000,0.000000,2451,0,3371.01,0,0,0,0,SUCCESS,0,0,warm20,,,,,,,,,,,used,,,,20260913-1510
2026-09-13 15:37:57,EHAUSM-I,C8T1S5I8N5K,75,0,0.000200,0.000,0.008,38317022,38002,9,454,464,0,0,0,316289,29692,234990,0,0.421284,0.000000,0.000000,2489,0,4219.01,0,0,0,0,SUCCESS,0,0,warm20,,,,,,,,,,,used,,,,20260913-1510
2026-09-13 15:37:57,EHAUSM-I,C8T1S5I8N5K,76,0,0.000200,0.000,0.008,38681308,38383,10,217,228,0,0,0,252361,29756,171269,0,0.368357,0.000000,0.000000,2455,0,4739.01,0,0,0,0,SUCCESS,0,0,warm20,,,,,,,,,,,used,,,,20260913-1510
2026-09-13 15:37:57,EHAUSM-I,C8T1S5I8N5K,77,0,0.000200,0.000,0.008,39054424,38764,10,198,208,0,0,0,212648,29827,131690,0,0.377472,0.000000,0.000000,2481,0,5195.01,0,0,0,0,SUCCESS,0,0,warm20,,,,,,,,,,,used,,,,20260913-1510
2026-09-13 15:37:57,EHAUSM-I,C8T1S5I8N5K,78,0,0.000200,0.000,0.008,39411343,39145,10,270,280,0,0,0,284011,29822,203174,0,0.382241,0.000000,0.000000,2527,0,5827.01,0,0,0,0,SUCCESS,0,0,warm20,,,,,,,,,,,used,,,,20260913-1510
2026-09-13 15:37:58,EHAUSM-I,C8T1S5I8N5K,79,0,0.000200,0.000,0.008,39780981,39526,10,460,471,0,0,0,355431,29890,273842,0,0.381771,0.000000,0.000000,2581,0,872.08,0,0,0,0,SUCCESS,0,0,warm20,,,,,,,,,,,used,,,,20260913-1510
2026-09-13 15:37:58,EHAUSM-I,C8T1S5I8N5K,80,0,0.000200,0.000,0.008,40169171,39907,10,251,261,0,0,0,273706,29920,192292,0,0.366971,0.000000,0.000000,2552,0,1464.08,0,0,0,0,SUCCESS,0,0,warm20,,,,,,,,,,,used,,,,20260913-1510
2026-09-13 15:37:58,EHAUSM-I,C8T1S5I8N5K,81,0,0.000200,0.000,0.008,40555772,40288,10,200,211,0,0,0,213606,30042,132032,0,0.381452,0.000000,0.000000,2574,0,1912.08,0,0,0,0,SUCCESS,0,0,warm20,,,,,,,,,,,used,,,,20260913-1510
2026-09-13 15:37:59,EHAUSM-I,C8T1S5I8N5K,82,0,0.000200,0.000,0.008,40937437,40669,10,256,266,0,0,0,208931,30034,127796,0,0.367395,0.000000,0.000000,2542,0,2424.08,0,0,0,0,SUCCESS,0,0,warm20,,,,,,,,,,,used,,,,20260913-1510
2026-09-13 15:37:59,EHAUSM-I,C8T1S5I8N5K,83,0,0.000200,0.000,0.008,41314466,41050,11,275,286,0,0,0,251617,30066,170338,0,0.366618,0.000000,0.000000,2516,0,3024.08,0,0,0,0,SUCCESS,0,0,warm20,,,,,,,,,,,used,,,,20260913-1510
2026-09-13 15:37:59,EHAUSM-I,C8T1S5I8N5K,84,0,0.000200,0.000,0.008,41724684,41431,11,213,224,0,0,0,267631,30177,186715,0,0.365919,0.000000,0.000000,2489,0,3544.08,0,0,0,0,SUCCESS,0,0,warm20,,,,,,,,,,,used,,,,20260913-1510
2026-09-13 15:38:00,EHAUSM-I,C8T1S5I8N5K,85,0,0.000200,0.000,0.008,42093147,41812,10,383,394,0,0,0,319856,30101,238756,0,0.353339,0.000000,0.000000,2440,0,4376.08,0,0,0,0,SUCCESS,0,0,warm20,,,,,,,,,,,used,,,,20260913-1510
2026-09-13 15:38:00,EHAUSM-I,C8T1S5I8N5K,86,0,0.000200,0.000,0.008,42494057,42193,11,437,448,0,0,0,327209,30090,245905,0,0.468156,0.000000,0.000000,2493,0,5224.08,0,0,0,0,SUCCESS,0,0,warm20,,,,,,,,,,,used,,,,20260913-1510
2026-09-13 15:38:00,EHAUSM-I,C8T1S5I8N5K,87,0,0.000200,0.000,0.008,42876090,42574,11,245,257,0,0,0,231243,30247,150514,0,0.367236,0.000000,0.000000,2433,0,5760.08,0,0,0,0,SUCCESS,0,0,warm20,,,,,,,,,,,used,,,,20260913-1510
2026-09-13 15:38:01,EHAUSM-I,C8T1S5I8N5K,88,0,0.000200,0.000,0.008,43249167,42955,11,262,274,0,0,0,262833,30374,182170,0,0.353412,0.000000,0.000000,2454,0,533.72,0,0,0,0,SUCCESS,0,0,warm20,,,,,,,,,,,used,,,,20260913-1510
2026-09-13 15:38:01,EHAUSM-I,C8T1S5I8N5K,89,0,0.000200,0.000,0.008,43639417,43336,11,272,283,0,0,0,245012,30465,164753,0,0.355121,0.000000,0.000000,2455,0,1181.72,0,0,0,0,SUCCESS,0,0,warm20,,,,,,,,,,,used,,,,20260913-1510
2026-09-13 15:38:01,EHAUSM-I,C8T1S5I8N5K,90,0,0.000200,0.000,0.008,44032208,43717,11,270,281,0,0,0,247864,30534,167798,0,0.360421,0.000000,0.000000,2451,0,1773.72,0,0,0,0,SUCCESS,0,0,warm20,,,,,,,,,,,used,,,,20260913-1510
2026-09-13 15:38:01,EHAUSM-I,C8T1S5I8N5K,91,0,0.000200,0.000,0.008,44399967,44098,11,330,342,0,0,0,252232,30664,172069,0,0.344459,0.000000,0.000000,2431,0,2493.72,0,0,0,0,SUCCESS,0,0,warm20,,,,,,,,,,,used,,,,20260913-1510
2026-09-13 15:38:02,EHAUSM-I,C8T1S5I8N5K,92,0,0.000200,0.000,0.008,44779784,44479,11,262,273,0,0,0,266118,30630,186637,0,0.363465,0.000000,0.000000,2415,0,3061.72,0,0,0,0,SUCCESS,0,0,warm20,,,,,,,,,,,used,,,,20260913-1510
2026-09-13 15:38:02,EHAUSM-I,C8T1S5I8N5K,93,0,0.000200,0.000,0.008,45163101,44860,11,239,250,0,0,0,224934,30774,145958,0,0.339174,0.000000,0.000000,2417,0,3613.72,0,0,0,0,SUCCESS,0,0,warm20,,,,,,,,,,,used,,,,20260913-1510
2026-09-13 15:38:03,EHAUSM-I,C8T1S5I8N5K,94,0,0.000200,0.000,0.008,45537311,45241,11,515,526,0,0,0,308933,30901,230054,0,0.419274,0.000000,0.000000,2509,0,4533.72,0,0,0,0,SUCCESS,0,0,warm20,,,,,,,,,,,used,,,,20260913-1510
2026-09-13 15:38:03,EHAUSM-I,C8T1S5I8N5K,95,0,0.000200,0.000,0.008,45914685,45622,11,234,246,0,0,0,191637,30916,113449,0,0.367499,0.000000,0.000000,2472,0,5053.72,0,0,0,0,SUCCESS,0,0,warm20,,,,,,,,,,,used,,,,20260913-1510
2026-09-13 15:38:03,EHAUSM-I,C8T1S5I8N5K,96,0,0.000200,0.000,0.008,46297846,46003,11,590,602,0,0,0,417266,30818,338020,0,0.401994,0.000000,0.000000,2565,0,355.74,0,0,0,0,SUCCESS,0,0,warm20,,,,,,,,,,,used,,,,20260913-1510
2026-09-13 15:38:04,EHAUSM-I,C8T1S5I8N5K,97,0,0.000200,0.000,0.008,46661169,46384,11,471,483,0,0,0,427602,30893,348340,0,0.380928,0.000000,0.000000,2642,0,1251.74,0,0,0,0,SUCCESS,0,0,warm20,,,,,,,,,,,used,,,,20260913-1510
2026-09-13 15:38:04,EHAUSM-I,C8T1S5I8N5K,98,0,0.000200,0.000,0.008,47042336,46765,12,500,512,0,0,0,267506,30912,188590,0,0.454728,0.000000,0.000000,2654,0,2147.74,0,0,0,0,SUCCESS,0,0,warm20,,,,,,,,,,,used,,,,20260913-1510
2026-09-13 15:38:05,EHAUSM-I,C8T1S5I8N5K,99,0,0.000200,0.000,0.008,47416411,47133,12,238,251,0,0,0,219956,30941,141403,0,0.353695,0.000000,0.000000,2623,0,2691.74,0,0,0,0,SUCCESS,0,0,warm20,,,,,,,,,,,used,,,,20260913-1510
2026-09-13 15:38:06,EHAUSM-I,C8T1S5I8N5K,0,1,0.000200,0.000,0.200,9488535,9427,62,703,765,0,0,0,4135735,15680,3992648,0,0.468087,0.000000,0.000000,6075,0,1154.44,0,0,0,0,SUCCESS,0,0,warm20,,,,,,,,,,,used,,,,20260913-1510
2026-09-13 15:38:06,EHAUSM-I,C8T1S5I8N5K,1,1,0.000200,0.000,0.008,9860531,9808,4,229,234,0,0,0,914526,16148,770549,0,0.456264,0.000000,0.000000,5885,0,1067.51,0,0,0,0,SUCCESS,0,0,warm20,,,,,,,,,,,used,,,,20260913-1510
2026-09-13 15:38:06,EHAUSM-I,C8T1S5I8N5K,2,1,0.000200,0.000,0.008,10237847,10189,4,186,190,0,0,0,505379,16704,368120,0,0.422108,0.000000,0.000000,6216,0,614.26,0,0,0,0,SUCCESS,0,0,warm20,,,,,,,,,,,used,,,,20260913-1510
2026-09-13 15:38:07,EHAUSM-I,C8T1S5I8N5K,3,1,0.000200,0.000,0.008,10612071,10570,4,171,175,0,0,0,524125,17032,396789,0,0.402472,0.000000,0.000000,5710,0,1286.26,0,0,0,0,SUCCESS,0,0,warm20,,,,,,,,,,,used,,,,20260913-1510
2026-09-13 15:38:07,EHAUSM-I,C8T1S5I8N5K,4,1,0.000200,0.000,0.008,10998812,10951,4,152,157,0,0,0,484569,17462,364315,0,0.437098,0.000000,0.000000,6197,0,734.69,0,0,0,0,SUCCESS,0,0,warm20,,,,,,,,,,,used,,,,20260913-1510
2026-09-13 15:38:07,EHAUSM-I,C8T1S5I8N5K,5,1,0.000200,0.000,0.008,11372679,11332,4,237,242,0,0,0,709998,17959,583617,0,0.392812,0.000000,0.000000,7077,0,1742.69,0,0,0,0,SUCCESS,0,0,warm20,,,,,,,,,,,used,,,,20260913-1510
2026-09-13 15:38:07,EHAUSM-I,C8T1S5I8N5K,6,1,0.000200,0.000,0.008,11751454,11713,4,230,235,0,0,0,510861,18554,385234,0,0.418454,0.000000,0.000000,7171,0,2470.69,0,0,0,0,SUCCESS,0,0,warm20,,,,,,,,,,,used,,,,20260913-1510
2026-09-13 15:38:07,EHAUSM-I,C8T1S5I8N5K,7,1,0.000200,0.000,0.008,12140855,12094,5,338,343,0,0,0,718733,18893,596831,0,0.367641,0.000000,0.000000,7532,0,3382.69,0,0,0,0,SUCCESS,0,0,warm20,,,,,,,,,,,used,,,,20260913-1510
2026-09-13 15:38:08,EHAUSM-I,C8T1S5I8N5K,8,1,0.000200,0.000,0.008,12513750,12475,5,294,299,0,0,0,647791,19203,526884,0,0.392095,0.000000,0.000000,7536,0,583.86,0,0,0,0,SUCCESS,0,0,warm20,,,,,,,,,,,used,,,,20260913-1510
2026-09-13 15:38:08,EHAUSM-I,C8T1S5I8N5K,9,1,0.000200,0.000,0.008,12914821,12856,5,167,172,0,0,0,456077,19544,337540,0,0.465827,0.000000,0.000000,6698,0,1287.86,0,0,0,0,SUCCESS,0,0,warm20,,,,,,,,,,,used,,,,20260913-1510
2026-09-13 15:38:08,EHAUSM-I,C8T1S5I8N5K,10,1,0.000200,0.000,0.008,13305508,13237,5,143,148,0,0,0,385323,19867,269894,0,0.398122,0.000000,0.000000,6517,0,1815.86,0,0,0,0,SUCCESS,0,0,warm20,,,,,,,,,,,used,,,,20260913-1510
2026-09-13 15:38:08,EHAUSM-I,C8T1S5I8N5K,11,1,0.000200,0.000,0.008,13706693,13618,5,125,130,0,0,0,328919,20077,217691,0,0.390408,0.000000,0.000000,6096,0,2263.86,0,0,0,0,SUCCESS,0,0,warm20,,,,,,,,,,,used,,,,20260913-1510
2026-09-13 15:38:08,EHAUSM-I,C8T1S5I8N5K,12,1,0.000200,0.000,0.008,14085848,13999,5,146,152,0,0,0,385307,20493,273976,0,0.440606,0.000000,0.000000,5787,0,2783.86,0,0,0,0,SUCCESS,0,0,warm20,,,,,,,,,,,used,,,,20260913-1510
2026-09-13 15:38:09,EHAUSM-I,C8T1S5I8N5K,13,1,0.000200,0.000,0.008,14448564,14380,5,196,202,0,0,0,456632,20793,346328,0,0.420454,0.000000,0.000000,5569,0,3439.86,0,0,0,0,SUCCESS,0,0,warm20,,,,,,,,,,,used,,,,20260913-1510
2026-09-13 15:38:09,EHAUSM-I,C8T1S5I8N5K,14,1,0.000200,0.000,0.008,14856850,14761,5,280,286,0,0,0,733810,21036,625540,0,0.381148,0.000000,0.000000,5314,0,606.95,0,0,0,0,SUCCESS,0,0,warm20,,,,,,,,,,,used,,,,20260913-1510
2026-09-13 15:38:09,EHAUSM-I,C8T1S5I8N5K,15,1,0.000200,0.000,0.008,15236031,15142,5,310,316,0,0,0,661429,21338,551111,0,0.418015,0.000000,0.000000,5751,0,1582.95,0,0,0,0,SUCCESS,0,0,warm20,,,,,,,,,,,used,,,,20260913-1510
2026-09-13 15:38:09,EHAUSM-I,C8T1S5I8N5K,16,1,0.000200,0.000,0.008,15637254,15523,5,134,140,0,0,0,351750,21546,244962,0,0.409582,0.000000,0.000000,5143,0,2046.95,0,0,0,0,SUCCESS,0,0,warm20,,,,,,,,,,,used,,,,20260913-1510
2026-09-13 15:38:09,EHAUSM-I,C8T1S5I8N5K,17,1,0.000200,0.000,0.008,16001183,15904,5,127,133,0,0,0,310539,21935,205662,0,0.363783,0.000000,0.000000,4765,0,2478.95,0,0,0,0,SUCCESS,0,0,warm20,,,,,,,,,,,used,,,,20260913-1510
2026-09-13 15:38:10,EHAUSM-I,C8T1S5I8N5K,18,1,0.000200,0.000,0.008,16376279,16285,5,295,300,0,0,0,643006,22181,540869,0,0.481601,0.000000,0.000000,5394,0,3366.95,0,0,0,0,SUCCESS,0,0,warm20,,,,,,,,,,,used,,,,20260913-1510
2026-09-13 15:38:10,EHAUSM-I,C8T1S5I8N5K,19,1,0.000200,0.000,0.008,16736060,16666,5,300,305,0,0,0,342400,22473,242279,0,0.399642,0.000000,0.000000,5316,0,395.50,0,0,0,0,SUCCESS,0,0,warm20,,,,,,,,,,,used,,,,20260913-1510
2026-09-13 15:38:10,EHAUSM-I,C8T1S5I8N5K,20,1,0.000200,0.000,0.008,17118756,17047,5,145,151,0,0,0,353844,22785,253754,0,0.361282,0.000000,0.000000,5733,0,939.50,0,0,0,0,SUCCESS,0,0,warm20,,,,,,,,,,,used,,,,20260913-1510
2026-09-13 15:38:10,EHAUSM-I,C8T1S5I8N5K,21,1,0.000200,0.000,0.008,17469367,17428,5,140,146,0,0,0,309497,22920,210232,0,0.469779,0.000000,0.000000,5511,0,1387.50,0,0,0,0,SUCCESS,0,0,warm20,,,,,,,,,,,used,,,,20260913-1510
2026-09-13 15:38:11,EHAUSM-I,C8T1S5I8N5K,22,1,0.000200,0.000,0.008,17882077,17809,5,186,191,0,0,0,349352,23259,249193,0,0.422266,0.000000,0.000000,5460,0,1939.50,0,0,0,0,SUCCESS,0,0,warm20,,,,,,,,,,,used,,,,20260913-1510
2026-09-13 15:38:11,EHAUSM-I,C8T1S5I8N5K,23,1,0.000200,0.000,0.008,18263919,18190,6,145,152,0,0,0,314834,23313,215325,0,0.367083,0.000000,0.000000,5224,0,2411.50,0,0,0,0,SUCCESS,0,0,warm20,,,,,,,,,,,used,,,,20260913-1510
2026-09-13 15:38:11,EHAUSM-I,C8T1S5I8N5K,24,1,0.000200,0.000,0.008,18657262,18571,6,136,142,0,0,0,243650,23390,145628,0,0.379691,0.000000,0.000000,4981,0,2811.50,0,0,0,0,SUCCESS,0,0,warm20,,,,,,,,,,,used,,,,20260913-1510
2026-09-13 15:38:11,EHAUSM-I,C8T1S5I8N5K,25,1,0.000200,0.000,0.008,19053088,18952,6,184,190,0,0,0,376608,23537,278496,0,0.406374,0.000000,0.000000,4603,0,3363.50,0,0,0,0,SUCCESS,0,0,warm20,,,,,,,,,,,used,,,,20260913-1510
2026-09-13 15:38:11,EHAUSM-I,C8T1S5I8N5K,26,1,0.000200,0.000,0.008,19437911,19333,6,109,115,0,0,0,240932,23703,145122,0,0.329377,0.000000,0.000000,4467,0,3699.50,0,0,0,0,SUCCESS,0,0,warm20,,,,,,,,,,,used,,,,20260913-1510
2026-09-13 15:38:11,EHAUSM-I,C8T1S5I8N5K,27,1,0.000200,0.000,0.008,19822113,19714,6,256,262,0,0,0,403429,23955,307385,0,0.415907,0.000000,0.000000,4548,0,696.88,0,0,0,0,SUCCESS,0,0,warm20,,,,,,,,,,,used,,,,20260913-1510
2026-09-13 15:38:12,EHAUSM-I,C8T1S5I8N5K,28,1,0.000200,0.000,0.008,20208654,20095,6,143,149,0,0,0,255184,24101,159965,0,0.380933,0.000000,0.000000,4279,0,1112.88,0,0,0,0,SUCCESS,0,0,warm20,,,,,,,,,,,used,,,,20260913-1510
2026-09-13 15:38:12,EHAUSM-I,C8T1S5I8N5K,29,1,0.000200,0.000,0.008,20585609,20476,6,155,161,0,0,0,277632,24251,183722,0,0.377053,0.000000,0.000000,4122,0,1584.88,0,0,0,0,SUCCESS,0,0,warm20,,,,,,,,,,,used,,,,20260913-1510
2026-09-13 15:38:12,EHAUSM-I,C8T1S5I8N5K,30,1,0.000200,0.000,0.008,20988516,20857,6,156,162,0,0,0,305251,24454,210516,0,0.409550,0.000000,0.000000,3896,0,2024.88,0,0,0,0,SUCCESS,0,0,warm20,,,,,,,,,,,used,,,,20260913-1510
2026-09-13 15:38:12,EHAUSM-I,C8T1S5I8N5K,31,1,0.000200,0.000,0.008,21379871,21238,6,200,207,0,0,0,335610,24746,241941,0,0.405602,0.000000,0.000000,3722,0,2576.88,0,0,0,0,SUCCESS,0,0,warm20,,,,,,,,,,,used,,,,20260913-1510
2026-09-13 15:38:13,EHAUSM-I,C8T1S5I8N5K,32,1,0.000200,0.000,0.008,21758395,21619,6,342,349,0,0,0,586341,24831,492266,0,0.366514,0.000000,0.000000,3512,0,3496.88,0,0,0,0,SUCCESS,0,0,warm20,,,,,,,,,,,used,,,,20260913-1510
2026-09-13 15:38:13,EHAUSM-I,C8T1S5I8N5K,33,1,0.000200,0.000,0.008,22151372,22000,6,264,271,0,0,0,312384,24848,219695,0,0.467869,0.000000,0.000000,3756,0,364.15,0,0,0,0,SUCCESS,0,0,warm20,,,,,,,,,,,used,,,,20260913-1510
2026-09-13 15:38:13,EHAUSM-I,C8T1S5I8N5K,34,1,0.000200,0.000,0.008,22537156,22381,6,172,179,0,0,0,266880,25080,174616,0,0.362531,0.000000,0.000000,3758,0,868.15,0,0,0,0,SUCCESS,0,0,warm20,,,,,,,,,,,used,,,,20260913-1510
2026-09-13 15:38:13,EHAUSM-I,C8T1S5I8N5K,35,1,0.000200,0.000,0.008,22909920,22762,6,328,335,0,0,0,483695,25240,391075,0,0.419999,0.000000,0.000000,3731,0,1692.15,0,0,0,0,SUCCESS,0,0,warm20,,,,,,,,,,,used,,,,20260913-1510
2026-09-13 15:38:14,EHAUSM-I,C8T1S5I8N5K,36,1,0.000200,0.000,0.008,23320068,23143,7,196,203,0,0,0,293049,25328,200781,0,0.373407,0.000000,0.000000,3641,0,2228.15,0,0,0,0,SUCCESS,0,0,warm20,,,,,,,,,,,used,,,,20260913-1510
2026-09-13 15:38:14,EHAUSM-I,C8T1S5I8N5K,37,1,0.000200,0.000,0.008,23698370,23524,7,163,171,0,0,0,280061,25457,189087,0,0.375746,0.000000,0.000000,3515,0,2692.15,0,0,0,0,SUCCESS,0,0,warm20,,,,,,,,,,,used,,,,20260913-1510
2026-09-13 15:38:14,EHAUSM-I,C8T1S5I8N5K,38,1,0.000200,0.000,0.008,24100790,23905,7,167,174,0,0,0,286452,25535,196660,0,0.391363,0.000000,0.000000,3291,0,3156.15,0,0,0,0,SUCCESS,0,0,warm20,,,,,,,,,,,used,,,,20260913-1510
2026-09-13 15:38:14,EHAUSM-I,C8T1S5I8N5K,39,1,0.000200,0.000,0.008,24494244,24286,7,142,149,0,0,0,232782,25605,144364,0,0.356201,0.000000,0.000000,3104,0,3548.15,0,0,0,0,SUCCESS,0,0,warm20,,,,,,,,,,,used,,,,20260913-1510
2026-09-13 15:38:14,EHAUSM-I,C8T1S5I8N5K,40,1,0.000200,0.000,0.008,24862589,24667,7,171,179,0,0,0,296320,25823,208149,0,0.428745,0.000000,0.000000,2983,0,4012.15,0,0,0,0,SUCCESS,0,0,warm20,,,,,,,,,,,used,,,,20260913-1510
2026-09-13 15:38:14,EHAUSM-I,C8T1S5I8N5K,41,1,0.000200,0.000,0.008,25264734,25048,7,169,177,0,0,0,271886,25985,183845,0,0.369142,0.000000,0.000000,2906,0,678.73,0,0,0,0,SUCCESS,0,0,warm20,,,,,,,,,,,used,,,,20260913-1510
2026-09-13 15:38:15,EHAUSM-I,C8T1S5I8N5K,42,1,0.000200,0.000,0.008,25654120,25429,7,165,173,0,0,0,243648,26164,155693,0,0.372987,0.000000,0.000000,2835,0,1134.73,0,0,0,0,SUCCESS,0,0,warm20,,,,,,,,,,,used,,,,20260913-1510
2026-09-13 15:38:15,EHAUSM-I,C8T1S5I8N5K,43,1,0.000200,0.000,0.008,26046150,25810,7,353,361,0,0,0,415478,26327,327316,0,0.355140,0.000000,0.000000,2897,0,1942.73,0,0,0,0,SUCCESS,0,0,warm20,,,,,,,,,,,used,,,,20260913-1510
2026-09-13 15:38:15,EHAUSM-I,C8T1S5I8N5K,44,1,0.000200,0.000,0.008,26432947,26191,7,219,227,0,0,0,311518,26489,222857,0,0.388503,0.000000,0.000000,2697,0,2510.73,0,0,0,0,SUCCESS,0,0,warm20,,,,,,,,,,,used,,,,20260913-1510
2026-09-13 15:38:15,EHAUSM-I,C8T1S5I8N5K,45,1,0.000200,0.000,0.008,26847057,26572,8,195,204,0,0,0,291981,26610,203355,0,0.355688,0.000000,0.000000,2736,0,3062.73,0,0,0,0,SUCCESS,0,0,warm20,,,,,,,,,,,used,,,,20260913-1510
2026-09-13 15:38:16,EHAUSM-I,C8T1S5I8N5K,46,1,0.000200,0.000,0.008,27199889,26953,7,206,214,0,0,0,301341,26764,212108,0,0.394408,0.000000,0.000000,2876,0,3622.73,0,0,0,0,SUCCESS,0,0,warm20,,,,,,,,,,,used,,,,20260913-1510
2026-09-13 15:38:16,EHAUSM-I,C8T1S5I8N5K,47,1,0.000200,0.000,0.008,27579163,27334,7,378,386,0,0,0,459968,26865,371005,0,0.394784,0.000000,0.000000,2901,0,705.95,0,0,0,0,SUCCESS,0,0,warm20,,,,,,,,,,,used,,,,20260913-1510
2026-09-13 15:38:16,EHAUSM-I,C8T1S5I8N5K,48,1,0.000200,0.000,0.008,27972766,27715,7,242,250,0,0,0,352974,27042,263408,0,0.387473,0.000000,0.000000,2982,0,1369.95,0,0,0,0,SUCCESS,0,0,warm20,,,,,,,,,,,used,,,,20260913-1510
2026-09-13 15:38:17,EHAUSM-I,C8T1S5I8N5K,49,1,0.000200,0.000,0.008,28365723,28096,7,314,322,0,0,0,358886,27173,269599,0,0.453802,0.000000,0.000000,3165,0,2089.95,0,0,0,0,SUCCESS,0,0,warm20,,,,,,,,,,,used,,,,20260913-1510
2026-09-13 15:38:17,EHAUSM-I,C8T1S5I8N5K,50,1,0.000200,0.000,0.008,28747973,28477,8,231,239,0,0,0,324127,27398,235223,0,0.359604,0.000000,0.000000,3190,0,2689.95,0,0,0,0,SUCCESS,0,0,warm20,,,,,,,,,,,used,,,,20260913-1510
2026-09-13 15:38:17,EHAUSM-I,C8T1S5I8N5K,51,1,0.000200,0.000,0.008,29148674,28858,8,241,249,0,0,0,295554,27518,206902,0,0.367741,0.000000,0.000000,3606,0,3329.95,0,0,0,0,SUCCESS,0,0,warm20,,,,,,,,,,,used,,,,20260913-1510
2026-09-13 15:38:17,EHAUSM-I,C8T1S5I8N5K,52,1,0.000200,0.000,0.008,29538239,29239,8,187,196,0,0,0,261077,27569,173262,0,0.395767,0.000000,0.000000,3511,0,3801.95,0,0,0,0,SUCCESS,0,0,warm20,,,,,,,,,,,used,,,,20260913-1510
2026-09-13 15:38:17,EHAUSM-I,C8T1S5I8N5K,53,1,0.000200,0.000,0.008,29906147,29620,8,205,213,0,0,0,294467,27683,206530,0,0.383637,0.000000,0.000000,3391,0,580.55,0,0,0,0,SUCCESS,0,0,warm20,,,,,,,,,,,used,,,,20260913-1510
2026-09-13 15:38:18,EHAUSM-I,C8T1S5I8N5K,54,1,0.000200,0.000,0.008,30291495,30001,8,182,190,0,0,0,262925,27668,175792,0,0.387544,0.000000,0.000000,3264,0,1052.55,0,0,0,0,SUCCESS,0,0,warm20,,,,,,,,,,,used,,,,20260913-1510
2026-09-13 15:38:18,EHAUSM-I,C8T1S5I8N5K,55,1,0.000200,0.000,0.008,30683235,30382,8,234,242,0,0,0,306052,27749,219408,0,0.370960,0.000000,0.000000,3174,0,1636.55,0,0,0,0,SUCCESS,0,0,warm20,,,,,,,,,,,used,,,,20260913-1510
2026-09-13 15:38:18,EHAUSM-I,C8T1S5I8N5K,56,1,0.000200,0.000,0.008,31050500,30763,8,188,196,0,0,0,247471,27898,161578,0,0.340850,0.000000,0.000000,3135,0,2132.55,0,0,0,0,SUCCESS,0,0,warm20,,,,,,,,,,,used,,,,20260913-1510
2026-09-13 15:38:18,EHAUSM-I,C8T1S5I8N5K,57,1,0.000200,0.000,0.008,31397327,31144,8,153,162,0,0,0,192639,27964,107671,0,0.355693,0.000000,0.000000,3034,0,2524.55,0,0,0,0,SUCCESS,0,0,warm20,,,,,,,,,,,used,,,,20260913-1510
2026-09-13 15:38:18,EHAUSM-I,C8T1S5I8N5K,58,1,0.000200,0.000,0.008,31771532,31525,8,151,160,0,0,0,218006,28036,133805,0,0.382276,0.000000,0.000000,3040,0,2908.55,0,0,0,0,SUCCESS,0,0,warm20,,,,,,,,,,,used,,,,20260913-1510
2026-09-13 15:38:19,EHAUSM-I,C8T1S5I8N5K,59,1,0.000200,0.000,0.008,32144335,31906,8,216,225,0,0,0,311879,28191,227542,0,0.379638,0.000000,0.000000,2918,0,3420.55,0,0,0,0,SUCCESS,0,0,warm20,,,,,,,,,,,used,,,,20260913-1510
2026-09-13 15:38:19,EHAUSM-I,C8T1S5I8N5K,60,1,0.000200,0.000,0.008,32548859,32287,8,397,406,0,0,0,361423,28305,276338,0,0.371809,0.000000,0.000000,3066,0,512.93,0,0,0,0,SUCCESS,0,0,warm20,,,,,,,,,,,used,,,,20260913-1510
2026-09-13 15:38:19,EHAUSM-I,C8T1S5I8N5K,61,1,0.000200,0.000,0.008,32946105,32668,9,202,212,0,0,0,276338,28383,190568,0,0.352663,0.000000,0.000000,3028,0,1024.93,0,0,0,0,SUCCESS,0,0,warm20,,,,,,,,,,,used,,,,20260913-1510
2026-09-13 15:38:19,EHAUSM-I,C8T1S5I8N5K,62,1,0.000200,0.000,0.008,33335321,33049,8,194,203,0,0,0,216939,28502,131529,0,0.354481,0.000000,0.000000,2938,0,1496.93,0,0,0,0,SUCCESS,0,0,warm20,,,,,,,,,,,used,,,,20260913-1510
2026-09-13 15:38:20,EHAUSM-I,C8T1S5I8N5K,63,1,0.000200,0.000,0.008,33722190,33430,9,244,253,0,0,0,316996,28525,231786,0,0.429587,0.000000,0.000000,2955,0,2120.93,0,0,0,0,SUCCESS,0,0,warm20,,,,,,,,,,,used,,,,20260913-1510
2026-09-13 15:38:20,EHAUSM-I,C8T1S5I8N5K,64,1,0.000200,0.000,0.008,34102757,33811,9,231,240,0,0,0,236273,28687,151719,0,0.346043,0.000000,0.000000,2871,0,2664.93,0,0,0,0,SUCCESS,0,0,warm20,,,,,,,,,,,used,,,,20260913-1510
2026-09-13 15:38:20,EHAUSM-I,C8T1S5I8N5K,65,1,0.000200,0.000,0.008,34480042,34192,9,191,201,0,0,0,223905,28815,139469,0,0.360205,0.000000,0.000000,2789,0,3152.93,0,0,0,0,SUCCESS,0,0,warm20,,,,,,,,,,,used,,,,20260913-1510
2026-09-13 15:38:20,EHAUSM-I,C8T1S5I8N5K,66,1,0.000200,0.000,0.008,34856177,34573,9,198,208,0,0,0,219106,28846,135400,0,0.375246,0.000000,0.000000,2698,0,3608.93,0,0,0,0,SUCCESS,0,0,warm20,,,,,,,,,,,used,,,,20260913-1510
2026-09-13 15:38:21,EHAUSM-I,C8T1S5I8N5K,67,1,0.000200,0.000,0.008,35248911,34954,9,202,212,0,0,0,234771,29022,151777,0,0.356399,0.000000,0.000000,2620,0,332.19,0,0,0,0,SUCCESS,0,0,warm20,,,,,,,,,,,used,,,,20260913-1510
2026-09-13 15:38:21,EHAUSM-I,C8T1S5I8N5K,68,1,0.000200,0.000,0.008,35625465,35335,9,205,214,0,0,0,283265,29173,200569,0,0.390087,0.000000,0.000000,2554,0,820.19,0,0,0,0,SUCCESS,0,0,warm20,,,,,,,,,,,used,,,,20260913-1510
2026-09-13 15:38:21,EHAUSM-I,C8T1S5I8N5K,69,1,0.000200,0.000,0.008,36012354,35716,9,185,194,0,0,0,224033,29231,142505,0,0.379743,0.000000,0.000000,2554,0,1268.19,0,0,0,0,SUCCESS,0,0,warm20,,,,,,,,,,,used,,,,20260913-1510
2026-09-13 15:38:21,EHAUSM-I,C8T1S5I8N5K,70,1,0.000200,0.000,0.008,36402179,36097,9,215,224,0,0,0,282657,29306,201231,0,0.397854,0.000000,0.000000,2518,0,1804.19,0,0,0,0,SUCCESS,0,0,warm20,,,,,,,,,,,used,,,,20260913-1510
2026-09-13 15:38:21,EHAUSM-I,C8T1S5I8N5K,71,1,0.000200,0.000,0.008,36796212,36478,9,212,221,0,0,0,214691,29380,133557,0,0.363902,0.000000,0.000000,2562,0,2308.19,0,0,0,0,SUCCESS,0,0,warm20,,,,,,,,,,,used,,,,20260913-1510
2026-09-13 15:38:22,EHAUSM-I,C8T1S5I8N5K,72,1,0.000200,0.000,0.008,37177330,36859,9,245,255,0,0,0,266978,29443,186198,0,0.374848,0.000000,0.000000,2519,0,2876.19,0,0,0,0,SUCCESS,0,0,warm20,,,,,,,,,,,used,,,,20260913-1510
2026-09-13 15:38:22,EHAUSM-I,C8T1S5I8N5K,73,1,0.000200,0.000,0.008,37549228,37240,10,432,442,0,0,0,312096,29524,231231,0,0.355413,0.000000,0.000000,2480,0,589.96,0,0,0,0,SUCCESS,0,0,warm20,,,,,,,,,,,used,,,,20260913-1510
2026-09-13 15:38:22,EHAUSM-I,C8T1S5I8N5K,74,1,0.000200,0.000,0.008,37929817,37621,10,238,248,0,0,0,250750,29643,169791,0,0.371847,0.000000,0.000000,2451,0,1157.96,0,0,0,0,SUCCESS,0,0,warm20,,,,,,,,,,,used,,,,20260913-1510
2026-09-13 15:38:23,EHAUSM-I,C8T1S5I8N5K,75,1,0.000200,0.000,0.008,38317022,38002,9,449,459,0,0,0,316289,29692,234990,0,0.421284,0.000000,0.000000,2489,0,2005.96,0,0,0,0,SUCCESS,0,0,warm20,,,,,,,,,,,used,,,,20260913-1510
2026-09-13 15:38:23,EHAUSM-I,C8T1S5I8N5K,76,1,0.000200,0.000,0.008,38681308,38383,10,216,226,0,0,0,252361,29756,171269,0,0.368357,0.000000,0.000000,2455,0,2525.96,0,0,0,0,SUCCESS,0,0,warm20,,,,,,,,,,,used,,,,20260913-1510
2026-09-13 15:38:23,EHAUSM-I,C8T1S5I8N5K,77,1,0.000200,0.000,0.008,39054424,38764,10,198,208,0,0,0,212648,29827,131690,0,0.377472,0.000000,0.000000,2481,0,2981.96,0,0,0,0,SUCCESS,0,0,warm20,,,,,,,,,,,used,,,,20260913-1510
2026-09-13 15:38:24,EHAUSM-I,C8T1S5I8N5K,78,1,0.000200,0.000,0.008,39411343,39145,10,269,279,0,0,0,284011,29822,203174,0,0.382241,0.000000,0.000000,2527,0,570.01,0,0,0,0,SUCCESS,0,0,warm20,,,,,,,,,,,used,,,,20260913-1510
2026-09-13 15:38:24,EHAUSM-I,C8T1S5I8N5K,79,1,0.000200,0.000,0.008,39780981,39526,10,456,467,0,0,0,355431,29890,273842,0,0.381771,0.000000,0.000000,2581,0,1434.01,0,0,0,0,SUCCESS,0,0,warm20,,,,,,,,,,,used,,,,20260913-1510
2026-09-13 15:38:24,EHAUSM-I,C8T1S5I8N5K,80,1,0.000200,0.000,0.008,40169171,39907,10,253,264,0,0,0,273706,29920,192292,0,0.366971,0.000000,0.000000,2552,0,2026.01,0,0,0,0,SUCCESS,0,0,warm20,,,,,,,,,,,used,,,,20260913-1510
2026-09-13 15:38:25,EHAUSM-I,C8T1S5I8N5K,81,1,0.000200,0.000,0.008,40555772,40288,10,201,212,0,0,0,213606,30042,132032,0,0.381452,0.000000,0.000000,2574,0,2474.01,0,0,0,0,SUCCESS,0,0,warm20,,,,,,,,,,,used,,,,20260913-1510
2026-09-13 15:38:25,EHAUSM-I,C8T1S5I8N5K,82,1,0.000200,0.000,0.008,40937437,40669,10,257,268,0,0,0,208931,30034,127796,0,0.367395,0.000000,0.000000,2542,0,2994.01,0,0,0,0,SUCCESS,0,0,warm20,,,,,,,,,,,used,,,,20260913-1510
2026-09-13 15:38:25,EHAUSM-I,C8T1S5I8N5K,83,1,0.000200,0.000,0.008,41314466,41050,10,277,288,0,0,0,251617,30066,170338,0,0.366618,0.000000,0.000000,2516,0,556.42,0,0,0,0,SUCCESS,0,0,warm20,,,,,,,,,,,used,,,,20260913-1510
2026-09-13 15:38:25,EHAUSM-I,C8T1S5I8N5K,84,1,0.000200,0.000,0.008,41724684,41431,11,208,219,0,0,0,267631,30177,186715,0,0.365919,0.000000,0.000000,2489,0,1076.42,0,0,0,0,SUCCESS,0,0,warm20,,,,,,,,,,,used,,,,20260913-1510
2026-09-13 15:38:26,EHAUSM-I,C8T1S5I8N5K,85,1,0.000200,0.000,0.008,42093147,41812,10,376,387,0,0,0,319856,30101,238756,0,0.353339,0.000000,0.000000,2440,0,1908.42,0,0,0,0,SUCCESS,0,0,warm20,,,,,,,,,,,used,,,,20260913-1510
2026-09-13 15:38:26,EHAUSM-I,C8T1S5I8N5K,86,1,0.000200,0.000,0.008,42494057,42193,11,434,445,0,0,0,327209,30090,245905,0,0.468156,0.000000,0.000000,2493,0,2756.42,0,0,0,0,SUCCESS,0,0,warm20,,,,,,,,,,,used,,,,20260913-1510
2026-09-13 15:38:26,EHAUSM-I,C8T1S5I8N5K,87,1,0.000200,0.000,0.008,42876090,42574,11,244,255,0,0,0,231243,30247,150514,0,0.367236,0.000000,0.000000,2433,0,3300.42,0,0,0,0,SUCCESS,0,0,warm20,,,,,,,,,,,used,,,,20260913-1510
2026-09-13 15:38:27,EHAUSM-I,C8T1S5I8N5K,88,1,0.000200,0.000,0.008,43249167,42955,11,257,268,0,0,0,262833,30374,182170,0,0.353412,0.000000,0.000000,2454,0,825.18,0,0,0,0,SUCCESS,0,0,warm20,,,,,,,,,,,used,,,,20260913-1510
2026-09-13 15:38:27,EHAUSM-I,C8T1S5I8N5K,89,1,0.000200,0.000,0.008,43639417,43336,11,273,284,0,0,0,245012,30465,164753,0,0.355121,0.000000,0.000000,2455,0,1473.18,0,0,0,0,SUCCESS,0,0,warm20,,,,,,,,,,,used,,,,20260913-1510
2026-09-13 15:38:27,EHAUSM-I,C8T1S5I8N5K,90,1,0.000200,0.000,0.008,44032208,43717,11,270,281,0,0,0,247864,30534,167798,0,0.360421,0.000000,0.000000,2451,0,2073.18,0,0,0,0,SUCCESS,0,0,warm20,,,,,,,,,,,used,,,,20260913-1510
2026-09-13 15:38:28,EHAUSM-I,C8T1S5I8N5K,91,1,0.000200,0.000,0.008,44399967,44098,11,329,340,0,0,0,252232,30664,172069,0,0.344459,0.000000,0.000000,2431,0,2785.18,0,0,0,0,SUCCESS,0,0,warm20,,,,,,,,,,,used,,,,20260913-1510
2026-09-13 15:38:28,EHAUSM-I,C8T1S5I8N5K,92,1,0.000200,0.000,0.008,44779784,44479,11,265,276,0,0,0,266118,30630,186637,0,0.363465,0.000000,0.000000,2415,0,322.11,0,0,0,0,SUCCESS,0,0,warm20,,,,,,,,,,,used,,,,20260913-1510
2026-09-13 15:38:28,EHAUSM-I,C8T1S5I8N5K,93,1,0.000200,0.000,0.008,45163101,44860,12,234,247,0,0,0,224934,30774,145958,0,0.339174,0.000000,0.000000,2417,0,866.11,0,0,0,0,SUCCESS,0,0,warm20,,,,,,,,,,,used,,,,20260913-1510
2026-09-13 15:38:29,EHAUSM-I,C8T1S5I8N5K,94,1,0.000200,0.000,0.008,45537311,45241,11,507,519,0,0,0,308933,30901,230054,0,0.419274,0.000000,0.000000,2509,0,1786.11,0,0,0,0,SUCCESS,0,0,warm20,,,,,,,,,,,used,,,,20260913-1510
2026-09-13 15:38:29,EHAUSM-I,C8T1S5I8N5K,95,1,0.000200,0.000,0.008,45914685,45622,11,231,242,0,0,0,191637,30916,113449,0,0.367499,0.000000,0.000000,2472,0,2306.11,0,0,0,0,SUCCESS,0,0,warm20,,,,,,,,,,,used,,,,20260913-1510
2026-09-13 15:38:29,EHAUSM-I,C8T1S5I8N5K,96,1,0.000200,0.000,0.008,46297846,46003,11,584,596,0,0,0,417266,30818,338020,0,0.401994,0.000000,0.000000,2565,0,365.84,0,0,0,0,SUCCESS,0,0,warm20,,,,,,,,,,,used,,,,20260913-1510
2026-09-13 15:38:30,EHAUSM-I,C8T1S5I8N5K,97,1,0.000200,0.000,0.008,46661169,46384,11,472,483,0,0,0,427602,30893,348340,0,0.380928,0.000000,0.000000,2642,0,1261.84,0,0,0,0,SUCCESS,0,0,warm20,,,,,,,,,,,used,,,,20260913-1510
2026-09-13 15:38:30,EHAUSM-I,C8T1S5I8N5K,98,1,0.000200,0.000,0.008,47042336,46765,12,498,510,0,0,0,267506,30912,188590,0,0.454728,0.000000,0.000000,2654,0,2165.84,0,0,0,0,SUCCESS,0,0,warm20,,,,,,,,,,,used,,,,20260913-1510
2026-09-13 15:38:31,EHAUSM-I,C8T1S5I8N5K,99,1,0.000200,0.000,0.008,47416411,47133,11,238,250,0,0,0,219956,30941,141403,0,0.353695,0.000000,0.000000,2623,0,2701.84,0,0,0,0,SUCCESS,0,0,warm20,,,,,,,,,,,used,,,,20260913-1510
2026-09-13 15:38:32,EHAUSM-I,C8T1S5I8N5K,0,2,0.000200,0.000,0.200,9488535,9427,59,688,748,0,0,0,4135735,15680,3992648,0,0.468087,0.000000,0.000000,6075,0,579.11,0,0,0,0,SUCCESS,0,0,warm20,,,,,,,,,,,used,,,,20260913-1510
2026-09-13 15:38:32,EHAUSM-I,C8T1S5I8N5K,1,2,0.000200,0.000,0.008,9860531,9808,4,271,275,0,0,0,914526,16148,770549,0,0.456264,0.000000,0.000000,5885,0,1667.11,0,0,0,0,SUCCESS,0,0,warm20,,,,,,,,,,,used,,,,20260913-1510
2026-09-13 15:38:32,EHAUSM-I,C8T1S5I8N5K,2,2,0.000200,0.000,0.008,10237847,10189,4,239,244,0,0,0,505379,16704,368120,0,0.422108,0.000000,0.000000,6216,0,2379.11,0,0,0,0,SUCCESS,0,0,warm20,,,,,,,,,,,used,,,,20260913-1510
2026-09-13 15:38:33,EHAUSM-I,C8T1S5I8N5K,3,2,0.000200,0.000,0.008,10612071,10570,4,182,186,0,0,0,524125,17032,396789,0,0.402472,0.000000,0.000000,5710,0,866.67,0,0,0,0,SUCCESS,0,0,warm20,,,,,,,,,,,used,,,,20260913-1510
2026-09-13 15:38:33,EHAUSM-I,C8T1S5I8N5K,4,2,0.000200,0.000,0.008,10998812,10951,4,157,162,0,0,0,484569,17462,364315,0,0.437098,0.000000,0.000000,6197,0,1506.67,0,0,0,0,SUCCESS,0,0,warm20,,,,,,,,,,,used,,,,20260913-1510
2026-09-13 15:38:33,EHAUSM-I,C8T1S5I8N5K,5,2,0.000200,0.000,0.008,11372679,11332,4,235,240,0,0,0,709998,17959,583617,0,0.392812,0.000000,0.000000,7077,0,365.66,0,0,0,0,SUCCESS,0,0,warm20,,,,,,,,,,,used,,,,20260913-1510
2026-09-13 15:38:33,EHAUSM-I,C8T1S5I8N5K,6,2,0.000200,0.000,0.008,11751454,11713,5,186,192,0,0,0,510861,18554,385234,0,0.418454,0.000000,0.000000,7171,0,1085.66,0,0,0,0,SUCCESS,0,0,warm20,,,,,,,,,,,used,,,,20260913-1510
2026-09-13 15:38:34,EHAUSM-I,C8T1S5I8N5K,7,2,0.000200,0.000,0.008,12140855,12094,5,282,287,0,0,0,718733,18893,596831,0,0.367641,0.000000,0.000000,7532,0,2005.66,0,0,0,0,SUCCESS,0,0,warm20,,,,,,,,,,,used,,,,20260913-1510
2026-09-13 15:38:34,EHAUSM-I,C8T1S5I8N5K,8,2,0.000200,0.000,0.008,12513750,12475,5,266,271,0,0,0,647791,19203,526884,0,0.392095,0.000000,0.000000,7536,0,755.73,0,0,0,0,SUCCESS,0,0,warm20,,,,,,,,,,,used,,,,20260913-1510
2026-09-13 15:38:34,EHAUSM-I,C8T1S5I8N5K,9,2,0.000200,0.000,0.008,12914821,12856,4,168,172,0,0,0,456077,19544,337540,0,0.465827,0.000000,0.000000,6698,0,1451.73,0,0,0,0,SUCCESS,0,0,warm20,,,,,,,,,,,used,,,,20260913-1510
2026-09-13 15:38:34,EHAUSM-I,C8T1S5I8N5K,10,2,0.000200,0.000,0.008,13305508,13237,5,144,149,0,0,0,385323,19867,269894,0,0.398122,0.000000,0.000000,6517,0,1979.73,0,0,0,0,SUCCESS,0,0,warm20,,,,,,,,,,,used,,,,20260913-1510
2026-09-13 15:38:34,EHAUSM-I,C8T1S5I8N5K,11,2,0.000200,0.000,0.008,13706693,13618,5,125,130,0,0,0,328919,20077,217691,0,0.390408,0.000000,0.000000,6096,0,2435.73,0,0,0,0,SUCCESS,0,0,warm20,,,,,,,,,,,used,,,,20260913-1510
2026-09-13 15:38:34,EHAUSM-I,C8T1S5I8N5K,12,2,0.000200,0.000,0.008,14085848,13999,5,137,142,0,0,0,385307,20493,273976,0,0.440606,0.000000,0.000000,5787,0,741.35,0,0,0,0,SUCCESS,0,0,warm20,,,,,,,,,,,used,,,,20260913-1510
2026-09-13 15:38:35,EHAUSM-I,C8T1S5I8N5K,13,2,0.000200,0.000,0.008,14448564,14380,5,185,191,0,0,0,456632,20793,346328,0,0.420454,0.000000,0.000000,5569,0,1405.35,0,0,0,0,SUCCESS,0,0,warm20,,,,,,,,,,,used,,,,20260913-1510
2026-09-13 15:38:35,EHAUSM-I,C8T1S5I8N5K,14,2,0.000200,0.000,0.008,14856850,14761,5,276,281,0,0,0,733810,21036,625540,0,0.381148,0.000000,0.000000,5314,0,2325.35,0,0,0,0,SUCCESS,0,0,warm20,,,,,,,,,,,used,,,,20260913-1510
2026-09-13 15:38:35,EHAUSM-I,C8T1S5I8N5K,15,2,0.000200,0.000,0.008,15236031,15142,5,312,317,0,0,0,661429,21338,551111,0,0.418015,0.000000,0.000000,5751,0,1116.31,0,0,0,0,SUCCESS,0,0,warm20,,,,,,,,,,,used,,,,20260913-1510
2026-09-13 15:38:35,EHAUSM-I,C8T1S5I8N5K,16,2,0.000200,0.000,0.008,15637254,15523,5,132,137,0,0,0,351750,21546,244962,0,0.409582,0.000000,0.000000,5143,0,1572.31,0,0,0,0,SUCCESS,0,0,warm20,,,,,,,,,,,used,,,,20260913-1510
2026-09-13 15:38:36,EHAUSM-I,C8T1S5I8N5K,17,2,0.000200,0.000,0.008,16001183,15904,5,126,131,0,0,0,310539,21935,205662,0,0.363783,0.000000,0.000000,4765,0,2012.31,0,0,0,0,SUCCESS,0,0,warm20,,,,,,,,,,,used,,,,20260913-1510
2026-09-13 15:38:36,EHAUSM-I,C8T1S5I8N5K,18,2,0.000200,0.000,0.008,16376279,16285,5,312,317,0,0,0,643006,22181,540869,0,0.481601,0.000000,0.000000,5394,0,684.63,0,0,0,0,SUCCESS,0,0,warm20,,,,,,,,,,,used,,,,20260913-1510
2026-09-13 15:38:36,EHAUSM-I,C8T1S5I8N5K,19,2,0.000200,0.000,0.008,16736060,16666,5,334,340,0,0,0,342400,22473,242279,0,0.399642,0.000000,0.000000,5316,0,1484.63,0,0,0,0,SUCCESS,0,0,warm20,,,,,,,,,,,used,,,,20260913-1510
2026-09-13 15:38:36,EHAUSM-I,C8T1S5I8N5K,20,2,0.000200,0.000,0.008,17118756,17047,6,182,188,0,0,0,353844,22785,253754,0,0.361282,0.000000,0.000000,5733,0,2020.63,0,0,0,0,SUCCESS,0,0,warm20,,,,,,,,,,,used,,,,20260913-1510
2026-09-13 15:38:37,EHAUSM-I,C8T1S5I8N5K,21,2,0.000200,0.000,0.008,17469367,17428,5,169,175,0,0,0,309497,22920,210232,0,0.469779,0.000000,0.000000,5511,0,2468.63,0,0,0,0,SUCCESS,0,0,warm20,,,,,,,,,,,used,,,,20260913-1510
2026-09-13 15:38:37,EHAUSM-I,C8T1S5I8N5K,22,2,0.000200,0.000,0.008,17882077,17809,6,218,225,0,0,0,349352,23259,249193,0,0.422266,0.000000,0.000000,5460,0,3028.63,0,0,0,0,SUCCESS,0,0,warm20,,,,,,,,,,,used,,,,20260913-1510
2026-09-13 15:38:37,EHAUSM-I,C8T1S5I8N5K,23,2,0.000200,0.000,0.008,18263919,18190,6,174,180,0,0,0,314834,23313,215325,0,0.367083,0.000000,0.000000,5224,0,3492.63,0,0,0,0,SUCCESS,0,0,warm20,,,,,,,,,,,used,,,,20260913-1510
2026-09-13 15:38:37,EHAUSM-I,C8T1S5I8N5K,24,2,0.000200,0.000,0.008,18657262,18571,6,159,166,0,0,0,243650,23390,145628,0,0.379691,0.000000,0.000000,4981,0,3900.63,0,0,0,0,SUCCESS,0,0,warm20,,,,,,,,,,,used,,,,20260913-1510
2026-09-13 15:38:37,EHAUSM-I,C8T1S5I8N5K,25,2,0.000200,0.000,0.008,19053088,18952,6,215,221,0,0,0,376608,23537,278496,0,0.406374,0.000000,0.000000,4603,0,4444.63,0,0,0,0,SUCCESS,0,0,warm20,,,,,,,,,,,used,,,,20260913-1510
2026-09-13 15:38:37,EHAUSM-I,C8T1S5I8N5K,26,2,0.000200,0.000,0.008,19437911,19333,6,130,136,0,0,0,240932,23703,145122,0,0.329377,0.000000,0.000000,4467,0,4780.63,0,0,0,0,SUCCESS,0,0,warm20,,,,,,,,,,,used,,,,20260913-1510
2026-09-13 15:38:38,EHAUSM-I,C8T1S5I8N5K,27,2,0.000200,0.000,0.008,19822113,19714,6,300,306,0,0,0,403429,23955,307385,0,0.415907,0.000000,0.000000,4548,0,5508.63,0,0,0,0,SUCCESS,0,0,warm20,,,,,,,,,,,used,,,,20260913-1510
2026-09-13 15:38:38,EHAUSM-I,C8T1S5I8N5K,28,2,0.000200,0.000,0.008,20208654,20095,6,176,183,0,0,0,255184,24101,159965,0,0.380933,0.000000,0.000000,4279,0,5932.63,0,0,0,0,SUCCESS,0,0,warm20,,,,,,,,,,,used,,,,20260913-1510
2026-09-13 15:38:38,EHAUSM-I,C8T1S5I8N5K,29,2,0.000200,0.000,0.008,20585609,20476,6,187,194,0,0,0,277632,24251,183722,0,0.377053,0.000000,0.000000,4122,0,6404.63,0,0,0,0,SUCCESS,0,0,warm20,,,,,,,,,,,used,,,,20260913-1510
2026-09-13 15:38:38,EHAUSM-I,C8T1S5I8N5K,30,2,0.000200,0.000,0.008,20988516,20857,6,187,194,0,0,0,305251,24454,210516,0,0.409550,0.000000,0.000000,3896,0,6844.63,0,0,0,0,SUCCESS,0,0,warm20,,,,,,,,,,,used,,,,20260913-1510
2026-09-13 15:38:39,EHAUSM-I,C8T1S5I8N5K,31,2,0.000200,0.000,0.008,21379871,21238,6,219,226,0,0,0,335610,24746,241941,0,0.405602,0.000000,0.000000,3722,0,510.05,0,0,0,0,SUCCESS,0,0,warm20,,,,,,,,,,,used,,,,20260913-1510
2026-09-13 15:38:39,EHAUSM-I,C8T1S5I8N5K,32,2,0.000200,0.000,0.008,21758395,21619,6,336,343,0,0,0,586341,24831,492266,0,0.366514,0.000000,0.000000,3512,0,1422.05,0,0,0,0,SUCCESS,0,0,warm20,,,,,,,,,,,used,,,,20260913-1510
2026-09-13 15:38:39,EHAUSM-I,C8T1S5I8N5K,33,2,0.000200,0.000,0.008,22151372,22000,6,262,269,0,0,0,312384,24848,219695,0,0.467869,0.000000,0.000000,3756,0,2070.05,0,0,0,0,SUCCESS,0,0,warm20,,,,,,,,,,,used,,,,20260913-1510
2026-09-13 15:38:39,EHAUSM-I,C8T1S5I8N5K,34,2,0.000200,0.000,0.008,22537156,22381,6,181,188,0,0,0,266880,25080,174616,0,0.362531,0.000000,0.000000,3758,0,2582.05,0,0,0,0,SUCCESS,0,0,warm20,,,,,,,,,,,used,,,,20260913-1510
2026-09-13 15:38:40,EHAUSM-I,C8T1S5I8N5K,35,2,0.000200,0.000,0.008,22909920,22762,7,336,343,0,0,0,483695,25240,391075,0,0.419999,0.000000,0.000000,3731,0,3398.05,0,0,0,0,SUCCESS,0,0,warm20,,,,,,,,,,,used,,,,20260913-1510
2026-09-13 15:38:40,EHAUSM-I,C8T1S5I8N5K,36,2,0.000200,0.000,0.008,23320068,23143,7,199,206,0,0,0,293049,25328,200781,0,0.373407,0.000000,0.000000,3641,0,3942.05,0,0,0,0,SUCCESS,0,0,warm20,,,,,,,,,,,used,,,,20260913-1510
2026-09-13 15:38:40,EHAUSM-I,C8T1S5I8N5K,37,2,0.000200,0.000,0.008,23698370,23524,7,165,172,0,0,0,280061,25457,189087,0,0.375746,0.000000,0.000000,3515,0,4406.05,0,0,0,0,SUCCESS,0,0,warm20,,,,,,,,,,,used,,,,20260913-1510
2026-09-13 15:38:40,EHAUSM-I,C8T1S5I8N5K,38,2,0.000200,0.000,0.008,24100790,23905,7,170,178,0,0,0,286452,25535,196660,0,0.391363,0.000000,0.000000,3291,0,4862.05,0,0,0,0,SUCCESS,0,0,warm20,,,,,,,,,,,used,,,,20260913-1510
2026-09-13 15:38:40,EHAUSM-I,C8T1S5I8N5K,39,2,0.000200,0.000,0.008,24494244,24286,7,144,151,0,0,0,232782,25605,144364,0,0.356201,0.000000,0.000000,3104,0,5262.05,0,0,0,0,SUCCESS,0,0,warm20,,,,,,,,,,,used,,,,20260913-1510
2026-09-13 15:38:41,EHAUSM-I,C8T1S5I8N5K,40,2,0.000200,0.000,0.008,24862589,24667,8,174,182,0,0,0,296320,25823,208149,0,0.428745,0.000000,0.000000,2983,0,5718.05,0,0,0,0,SUCCESS,0,0,warm20,,,,,,,,,,,used,,,,20260913-1510
2026-09-13 15:38:41,EHAUSM-I,C8T1S5I8N5K,41,2,0.000200,0.000,0.008,25264734,25048,7,179,187,0,0,0,271886,25985,183845,0,0.369142,0.000000,0.000000,2906,0,6182.05,0,0,0,0,SUCCESS,0,0,warm20,,,,,,,,,,,used,,,,20260913-1510
2026-09-13 15:38:41,EHAUSM-I,C8T1S5I8N5K,42,2,0.000200,0.000,0.008,25654120,25429,7,176,184,0,0,0,243648,26164,155693,0,0.372987,0.000000,0.000000,2835,0,6630.05,0,0,0,0,SUCCESS,0,0,warm20,,,,,,,,,,,used,,,,20260913-1510
2026-09-13 15:38:41,EHAUSM-I,C8T1S5I8N5K,43,2,0.000200,0.000,0.008,26046150,25810,7,361,369,0,0,0,415478,26327,327316,0,0.355140,0.000000,0.000000,2897,0,569.84,0,0,0,0,SUCCESS,0,0,warm20,,,,,,,,,,,used,,,,20260913-1510
2026-09-13 15:38:42,EHAUSM-I,C8T1S5I8N5K,44,2,0.000200,0.000,0.008,26432947,26191,7,215,223,0,0,0,311518,26489,222857,0,0.388503,0.000000,0.000000,2697,0,1145.84,0,0,0,0,SUCCESS,0,0,warm20,,,,,,,,,,,used,,,,20260913-1510
2026-09-13 15:38:42,EHAUSM-I,C8T1S5I8N5K,45,2,0.000200,0.000,0.008,26847057,26572,8,190,198,0,0,0,291981,26610,203355,0,0.355688,0.000000,0.000000,2736,0,1689.84,0,0,0,0,SUCCESS,0,0,warm20,,,,,,,,,,,used,,,,20260913-1510
2026-09-13 15:38:42,EHAUSM-I,C8T1S5I8N5K,46,2,0.000200,0.000,0.008,27199889,26953,7,204,212,0,0,0,301341,26764,212108,0,0.394408,0.000000,0.000000,2876,0,2257.84,0,0,0,0,SUCCESS,0,0,warm20,,,,,,,,,,,used,,,,20260913-1510
2026-09-13 15:38:42,EHAUSM-I,C8T1S5I8N5K,47,2,0.000200,0.000,0.008,27579163,27334,8,378,386,0,0,0,459968,26865,371005,0,0.394784,0.000000,0.000000,2901,0,3105.84,0,0,0,0,SUCCESS,0,0,warm20,,,,,,,,,,,used,,,,20260913-1510
2026-09-13 15:38:43,EHAUSM-I,C8T1S5I8N5K,48,2,0.000200,0.000,0.008,27972766,27715,8,249,257,0,0,0,352974,27042,263408,0,0.387473,0.000000,0.000000,2982,0,3769.84,0,0,0,0,SUCCESS,0,0,warm20,,,,,,,,,,,used,,,,20260913-1510
2026-09-13 15:38:43,EHAUSM-I,C8T1S5I8N5K,49,2,0.000200,0.000,0.008,28365723,28096,7,318,326,0,0,0,358886,27173,269599,0,0.453802,0.000000,0.000000,3165,0,4489.84,0,0,0,0,SUCCESS,0,0,warm20,,,,,,,,,,,used,,,,20260913-1510
2026-09-13 15:38:43,EHAUSM-I,C8T1S5I8N5K,50,2,0.000200,0.000,0.008,28747973,28477,8,234,242,0,0,0,324127,27398,235223,0,0.359604,0.000000,0.000000,3190,0,5089.84,0,0,0,0,SUCCESS,0,0,warm20,,,,,,,,,,,used,,,,20260913-1510
2026-09-13 15:38:43,EHAUSM-I,C8T1S5I8N5K,51,2,0.000200,0.000,0.008,29148674,28858,8,243,251,0,0,0,295554,27518,206902,0,0.367741,0.000000,0.000000,3606,0,5721.84,0,0,0,0,SUCCESS,0,0,warm20,,,,,,,,,,,used,,,,20260913-1510
2026-09-13 15:38:44,EHAUSM-I,C8T1S5I8N5K,52,2,0.000200,0.000,0.008,29538239,29239,8,189,197,0,0,0,261077,27569,173262,0,0.395767,0.000000,0.000000,3511,0,6201.84,0,0,0,0,SUCCESS,0,0,warm20,,,,,,,,,,,used,,,,20260913-1510
2026-09-13 15:38:44,EHAUSM-I,C8T1S5I8N5K,53,2,0.000200,0.000,0.008,29906147,29620,8,209,217,0,0,0,294467,27683,206530,0,0.383637,0.000000,0.000000,3391,0,6729.84,0,0,0,0,SUCCESS,0,0,warm20,,,,,,,,,,,used,,,,20260913-1510
2026-09-13 15:38:44,EHAUSM-I,C8T1S5I8N5K,54,2,0.000200,0.000,0.008,30291495,30001,8,191,199,0,0,0,262925,27668,175792,0,0.387544,0.000000,0.000000,3264,0,352.95,0,0,0,0,SUCCESS,0,0,warm20,,,,,,,,,,,used,,,,20260913-1510
2026-09-13 15:38:44,EHAUSM-I,C8T1S5I8N5K,55,2,0.000200,0.000,0.008,30683235,30382,8,230,239,0,0,0,306052,27749,219408,0,0.370960,0.000000,0.000000,3174,0,936.95,0,0,0,0,SUCCESS,0,0,warm20,,,,,,,,,,,used,,,,20260913-1510
2026-09-13 15:38:45,EHAUSM-I,C8T1S5I8N5K,56,2,0.000200,0.000,0.008,31050500,30763,8,186,194,0,0,0,247471,27898,161578,0,0.340850,0.000000,0.000000,3135,0,1432.95,0,0,0,0,SUCCESS,0,0,warm20,,,,,,,,,,,used,,,,20260913-1510
2026-09-13 15:38:45,EHAUSM-I,C8T1S5I8N5K,57,2,0.000200,0.000,0.008,31397327,31144,8,152,160,0,0,0,192639,27964,107671,0,0.355693,0.000000,0.000000,3034,0,1816.95,0,0,0,0,SUCCESS,0,0,warm20,,,,,,,,,,,used,,,,20260913-1510
2026-09-13 15:38:45,EHAUSM-I,C8T1S5I8N5K,58,2,0.000200,0.000,0.008,31771532,31525,8,150,159,0,0,0,218006,28036,133805,0,0.382276,0.000000,0.000000,3040,0,2200.95,0,0,0,0,SUCCESS,0,0,warm20,,,,,,,,,,,used,,,,20260913-1510
2026-09-13 15:38:45,EHAUSM-I,C8T1S5I8N5K,59,2,0.000200,0.000,0.008,32144335,31906,8,215,224,0,0,0,311879,28191,227542,0,0.379638,0.000000,0.000000,2918,0,2720.95,0,0,0,0,SUCCESS,0,0,warm20,,,,,,,,,,,used,,,,20260913-1510
2026-09-13 15:38:46,EHAUSM-I,C8T1S5I8N5K,60,2,0.000200,0.000,0.008,32548859,32287,8,398,407,0,0,0,361423,28305,276338,0,0.371809,0.000000,0.000000,3066,0,3576.95,0,0,0,0,SUCCESS,0,0,warm20,,,,,,,,,,,used,,,,20260913-1510
2026-09-13 15:38:46,EHAUSM-I,C8T1S5I8N5K,61,2,0.000200,0.000,0.008,32946105,32668,8,210,219,0,0,0,276338,28383,190568,0,0.352663,0.000000,0.000000,3028,0,4088.95,0,0,0,0,SUCCESS,0,0,warm20,,,,,,,,,,,used,,,,20260913-1510
2026-09-13 15:38:46,EHAUSM-I,C8T1S5I8N5K,62,2,0.000200,0.000,0.008,33335321,33049,9,201,210,0,0,0,216939,28502,131529,0,0.354481,0.000000,0.000000,2938,0,4568.95,0,0,0,0,SUCCESS,0,0,warm20,,,,,,,,,,,used,,,,20260913-1510
2026-09-13 15:38:46,EHAUSM-I,C8T1S5I8N5K,63,2,0.000200,0.000,0.008,33722190,33430,9,250,259,0,0,0,316996,28525,231786,0,0.429587,0.000000,0.000000,2955,0,5192.95,0,0,0,0,SUCCESS,0,0,warm20,,,,,,,,,,,used,,,,20260913-1510
2026-09-13 15:38:46,EHAUSM-I,C8T1S5I8N5K,64,2,0.000200,0.000,0.008,34102757,33811,8,235,243,0,0,0,236273,28687,151719,0,0.346043,0.000000,0.000000,2871,0,5736.95,0,0,0,0,SUCCESS,0,0,warm20,,,,,,,,,,,used,,,,20260913-1510
2026-09-13 15:38:47,EHAUSM-I,C8T1S5I8N5K,65,2,0.000200,0.000,0.008,34480042,34192,9,195,204,0,0,0,223905,28815,139469,0,0.360205,0.000000,0.000000,2789,0,6216.95,0,0,0,0,SUCCESS,0,0,warm20,,,,,,,,,,,used,,,,20260913-1510
2026-09-13 15:38:47,EHAUSM-I,C8T1S5I8N5K,66,2,0.000200,0.000,0.008,34856177,34573,9,201,211,0,0,0,219106,28846,135400,0,0.375246,0.000000,0.000000,2698,0,6672.95,0,0,0,0,SUCCESS,0,0,warm20,,,,,,,,,,,used,,,,20260913-1510
2026-09-13 15:38:47,EHAUSM-I,C8T1S5I8N5K,67,2,0.000200,0.000,0.008,35248911,34954,9,201,211,0,0,0,234771,29022,151777,0,0.356399,0.000000,0.000000,2620,0,310.32,0,0,0,0,SUCCESS,0,0,warm20,,,,,,,,,,,used,,,,20260913-1510
2026-09-13 15:38:47,EHAUSM-I,C8T1S5I8N5K,68,2,0.000200,0.000,0.008,35625465,35335,9,205,215,0,0,0,283265,29173,200569,0,0.390087,0.000000,0.000000,2554,0,806.32,0,0,0,0,SUCCESS,0,0,warm20,,,,,,,,,,,used,,,,20260913-1510
2026-09-13 15:38:47,EHAUSM-I,C8T1S5I8N5K,69,2,0.000200,0.000,0.008,36012354,35716,9,185,195,0,0,0,224033,29231,142505,0,0.379743,0.000000,0.000000,2554,0,1254.32,0,0,0,0,SUCCESS,0,0,warm20,,,,,,,,,,,used,,,,20260913-1510
2026-09-13 15:38:48,EHAUSM-I,C8T1S5I8N5K,70,2,0.000200,0.000,0.008,36402179,36097,9,215,225,0,0,0,282657,29306,201231,0,0.397854,0.000000,0.000000,2518,0,1782.32,0,0,0,0,SUCCESS,0,0,warm20,,,,,,,,,,,used,,,,20260913-1510
2026-09-13 15:38:48,EHAUSM-I,C8T1S5I8N5K,71,2,0.000200,0.000,0.008,36796212,36478,9,212,222,0,0,0,214691,29380,133557,0,0.363902,0.000000,0.000000,2562,0,2294.32,0,0,0,0,SUCCESS,0,0,warm20,,,,,,,,,,,used,,,,20260913-1510
2026-09-13 15:38:48,EHAUSM-I,C8T1S5I8N5K,72,2,0.000200,0.000,0.008,37177330,36859,10,237,247,0,0,0,266978,29443,186198,0,0.374848,0.000000,0.000000,2519,0,2854.32,0,0,0,0,SUCCESS,0,0,warm20,,,,,,,,,,,used,,,,20260913-1510
2026-09-13 15:38:49,EHAUSM-I,C8T1S5I8N5K,73,2,0.000200,0.000,0.008,37549228,37240,10,411,421,0,0,0,312096,29524,231231,0,0.355413,0.000000,0.000000,2480,0,3622.32,0,0,0,0,SUCCESS,0,0,warm20,,,,,,,,,,,used,,,,20260913-1510
2026-09-13 15:38:49,EHAUSM-I,C8T1S5I8N5K,74,2,0.000200,0.000,0.008,37929817,37621,10,244,254,0,0,0,250750,29643,169791,0,0.371847,0.000000,0.000000,2451,0,4182.32,0,0,0,0,SUCCESS,0,0,warm20,,,,,,,,,,,used,,,,20260913-1510
2026-09-13 15:38:49,EHAUSM-I,C8T1S5I8N5K,75,2,0.000200,0.000,0.008,38317022,38002,10,456,466,0,0,0,316289,29692,234990,0,0.421284,0.000000,0.000000,2489,0,5038.32,0,0,0,0,SUCCESS,0,0,warm20,,,,,,,,,,,used,,,,20260913-1510
2026-09-13 15:38:50,EHAUSM-I,C8T1S5I8N5K,76,2,0.000200,0.000,0.008,38681308,38383,9,219,229,0,0,0,252361,29756,171269,0,0.368357,0.000000,0.000000,2455,0,5550.32,0,0,0,0,SUCCESS,0,0,warm20,,,,,,,,,,,used,,,,20260913-1510
2026-09-13 15:38:50,EHAUSM-I,C8T1S5I8N5K,77,2,0.000200,0.000,0.008,39054424,38764,10,200,210,0,0,0,212648,29827,131690,0,0.377472,0.000000,0.000000,2481,0,6006.32,0,0,0,0,SUCCESS,0,0,warm20,,,,,,,,,,,used,,,,20260913-1510
2026-09-13 15:38:50,EHAUSM-I,C8T1S5I8N5K,78,2,0.000200,0.000,0.008,39411343,39145,10,272,282,0,0,0,284011,29822,203174,0,0.382241,0.000000,0.000000,2527,0,6638.32,0,0,0,0,SUCCESS,0,0,warm20,,,,,,,,,,,used,,,,20260913-1510
2026-09-13 15:38:51,EHAUSM-I,C8T1S5I8N5K,79,2,0.000200,0.000,0.008,39780981,39526,10,464,475,0,0,0,355431,29890,273842,0,0.381771,0.000000,0.000000,2581,0,660.06,0,0,0,0,SUCCESS,0,0,warm20,,,,,,,,,,,used,,,,20260913-1510
2026-09-13 15:38:51,EHAUSM-I,C8T1S5I8N5K,80,2,0.000200,0.000,0.008,40169171,39907,10,251,262,0,0,0,273706,29920,192292,0,0.366971,0.000000,0.000000,2552,0,1252.06,0,0,0,0,SUCCESS,0,0,warm20,,,,,,,,,,,used,,,,20260913-1510
2026-09-13 15:38:51,EHAUSM-I,C8T1S5I8N5K,81,2,0.000200,0.000,0.008,40555772,40288,10,201,211,0,0,0,213606,30042,132032,0,0.381452,0.000000,0.000000,2574,0,1700.06,0,0,0,0,SUCCESS,0,0,warm20,,,,,,,,,,,used,,,,20260913-1510
2026-09-13 15:38:51,EHAUSM-I,C8T1S5I8N5K,82,2,0.000200,0.000,0.008,40937437,40669,10,256,267,0,0,0,208931,30034,127796,0,0.367395,0.000000,0.000000,2542,0,2212.06,0,0,0,0,SUCCESS,0,0,warm20,,,,,,,,,,,used,,,,20260913-1510
2026-09-13 15:38:52,EHAUSM-I,C8T1S5I8N5K,83,2,0.000200,0.000,0.008,41314466,41050,10,276,286,0,0,0,251617,30066,170338,0,0.366618,0.000000,0.000000,2516,0,2804.06,0,0,0,0,SUCCESS,0,0,warm20,,,,,,,,,,,used,,,,20260913-1510
2026-09-13 15:38:52,EHAUSM-I,C8T1S5I8N5K,84,2,0.000200,0.000,0.008,41724684,41431,11,213,225,0,0,0,267631,30177,186715,0,0.365919,0.000000,0.000000,2489,0,3332.06,0,0,0,0,SUCCESS,0,0,warm20,,,,,,,,,,,used,,,,20260913-1510
2026-09-13 15:38:52,EHAUSM-I,C8T1S5I8N5K,85,2,0.000200,0.000,0.008,42093147,41812,10,382,393,0,0,0,319856,30101,238756,0,0.353339,0.000000,0.000000,2440,0,4164.06,0,0,0,0,SUCCESS,0,0,warm20,,,,,,,,,,,used,,,,20260913-1510
2026-09-13 15:38:53,EHAUSM-I,C8T1S5I8N5K,86,2,0.000200,0.000,0.008,42494057,42193,11,438,449,0,0,0,327209,30090,245905,0,0.468156,0.000000,0.000000,2493,0,5012.06,0,0,0,0,SUCCESS,0,0,warm20,,,,,,,,,,,used,,,,20260913-1510
2026-09-13 15:38:53,EHAUSM-I,C8T1S5I8N5K,87,2,0.000200,0.000,0.008,42876090,42574,10,247,258,0,0,0,231243,30247,150514,0,0.367236,0.000000,0.000000,2433,0,5548.06,0,0,0,0,SUCCESS,0,0,warm20,,,,,,,,,,,used,,,,20260913-1510
2026-09-13 15:38:53,EHAUSM-I,C8T1S5I8N5K,88,2,0.000200,0.000,0.008,43249167,42955,11,264,275,0,0,0,262833,30374,182170,0,0.353412,0.000000,0.000000,2454,0,6124.06,0,0,0,0,SUCCESS,0,0,warm20,,,,,,,,,,,used,,,,20260913-1510
2026-09-13 15:38:53,EHAUSM-I,C8T1S5I8N5K,89,2,0.000200,0.000,0.008,43639417,43336,11,282,293,0,0,0,245012,30465,164753,0,0.355121,0.000000,0.000000,2455,0,6764.06,0,0,0,0,SUCCESS,0,0,warm20,,,,,,,,,,,used,,,,20260913-1510
2026-09-13 15:38:54,EHAUSM-I,C8T1S5I8N5K,90,2,0.000200,0.000,0.008,44032208,43717,11,275,286,0,0,0,247864,30534,167798,0,0.360421,0.000000,0.000000,2451,0,541.34,0,0,0,0,SUCCESS,0,0,warm20,,,,,,,,,,,used,,,,20260913-1510
2026-09-13 15:38:54,EHAUSM-I,C8T1S5I8N5K,91,2,0.000200,0.000,0.008,44399967,44098,11,326,338,0,0,0,252232,30664,172069,0,0.344459,0.000000,0.000000,2431,0,1253.34,0,0,0,0,SUCCESS,0,0,warm20,,,,,,,,,,,used,,,,20260913-1510
2026-09-13 15:38:54,EHAUSM-I,C8T1S5I8N5K,92,2,0.000200,0.000,0.008,44779784,44479,11,260,272,0,0,0,266118,30630,186637,0,0.363465,0.000000,0.000000,2415,0,1829.34,0,0,0,0,SUCCESS,0,0,warm20,,,,,,,,,,,used,,,,20260913-1510
2026-09-13 15:38:55,EHAUSM-I,C8T1S5I8N5K,93,2,0.000200,0.000,0.008,45163101,44860,11,239,250,0,0,0,224934,30774,145958,0,0.339174,0.000000,0.000000,2417,0,2373.34,0,0,0,0,SUCCESS,0,0,warm20,,,,,,,,,,,used,,,,20260913-1510
2026-09-13 15:38:55,EHAUSM-I,C8T1S5I8N5K,94,2,0.000200,0.000,0.008,45537311,45241,11,514,526,0,0,0,308933,30901,230054,0,0.419274,0.000000,0.000000,2509,0,3301.34,0,0,0,0,SUCCESS,0,0,warm20,,,,,,,,,,,used,,,,20260913-1510
2026-09-13 15:38:55,EHAUSM-I,C8T1S5I8N5K,95,2,0.000200,0.000,0.008,45914685,45622,11,235,246,0,0,0,191637,30916,113449,0,0.367499,0.000000,0.000000,2472,0,3821.34,0,0,0,0,SUCCESS,0,0,warm20,,,,,,,,,,,used,,,,20260913-1510
2026-09-13 15:38:56,EHAUSM-I,C8T1S5I8N5K,96,2,0.000200,0.000,0.008,46297846,46003,11,586,598,0,0,0,417266,30818,338020,0,0.401994,0.000000,0.000000,2565,0,4917.34,0,0,0,0,SUCCESS,0,0,warm20,,,,,,,,,,,used,,,,20260913-1510
2026-09-13 15:38:56,EHAUSM-I,C8T1S5I8N5K,97,2,0.000200,0.000,0.008,46661169,46384,11,481,493,0,0,0,427602,30893,348340,0,0.380928,0.000000,0.000000,2642,0,5813.34,0,0,0,0,SUCCESS,0,0,warm20,,,,,,,,,,,used,,,,20260913-1510
2026-09-13 15:38:57,EHAUSM-I,C8T1S5I8N5K,98,2,0.000200,0.000,0.008,47042336,46765,11,505,517,0,0,0,267506,30912,188590,0,0.454728,0.000000,0.000000,2654,0,6709.34,0,0,0,0,SUCCESS,0,0,warm20,,,,,,,,,,,used,,,,20260913-1510
2026-09-13 15:38:57,EHAUSM-I,C8T1S5I8N5K,99,2,0.000200,0.000,0.008,47416411,47133,11,244,256,0,0,0,219956,30941,141403,0,0.353695,0.000000,0.000000,2623,0,425.10,0,0,0,0,SUCCESS,0,0,warm20,,,,,,,,,,,used,,,,20260913-1510
# run_id=20260913-1538 git=7eb8353 jvm=26.0.1 heap=24g host=ThaiTMs-MacBook-Pro.local tree=clean cmd=--exp 11 --dataset sign,syn_c8t1s5i8n5k --k 100 --algo Pre-HAUSPM --repeats 3 --results-dir results-2026-09c --timeout 90 --resume
2026-09-13 15:39:20,Pre-HAUSPM,SIGN,0,0,0.003000,0.200,0.200,319686,146,2,22233,22235,0,0,0,192985412,0,190160260,0,0.000000,0.000000,0.000000,23387,58493,187.04,0,0,0,0,SUCCESS,0,0,warm20,,,,,1,0,319686,0,,,used,,,,20260913-1538
2026-09-13 15:39:43,Pre-HAUSPM,SIGN,1,0,0.003000,0.200,0.008,334092,152,0,22513,22514,0,0,0,191310527,0,188603074,0,0.000000,0.000000,0.000000,23347,57191,754.10,0,0,0,0,SUCCESS,0,0,warm20,,,,,1,0,14406,192,,,used,,,,20260913-1538
2026-09-13 15:40:05,Pre-HAUSPM,SIGN,2,0,0.003000,0.200,0.008,345121,158,0,22015,22015,0,0,0,185430875,0,182854764,0,0.000000,0.000000,0.000000,23125,56725,317.31,0,0,0,0,SUCCESS,0,0,warm20,,,,,1,0,11029,201,,,used,,,,20260913-1538
2026-09-13 15:40:28,Pre-HAUSPM,SIGN,3,0,0.003000,0.200,0.008,358047,164,0,22422,22422,0,0,0,185305928,0,182789449,0,0.000000,0.000000,0.000000,22486,54850,487.38,0,0,0,0,SUCCESS,0,0,warm20,,,,,1,0,12926,208,,,used,,,,20260913-1538
2026-09-13 15:40:49,Pre-HAUSPM,SIGN,4,0,0.003000,0.200,0.008,369331,170,0,21585,21585,0,0,0,176218472,0,173862062,0,0.000000,0.000000,0.000000,21958,52348,552.77,0,0,0,0,SUCCESS,0,0,warm20,,,,,1,0,11284,215,,,used,,,,20260913-1538
2026-09-13 15:41:11,Pre-HAUSPM,SIGN,5,0,0.003000,0.200,0.008,383289,176,0,21759,21759,0,0,0,174965030,0,172692226,0,0.000000,0.000000,0.000000,21751,50861,440.94,0,0,0,0,SUCCESS,0,0,warm20,,,,,1,0,13958,222,,,used,,,,20260913-1538
2026-09-13 15:41:33,Pre-HAUSPM,SIGN,6,0,0.003000,0.200,0.008,393230,182,0,21320,21321,0,0,0,169314751,0,167146636,0,0.000000,0.000000,0.000000,21796,50485,209.67,0,0,0,0,SUCCESS,0,0,warm20,,,,,1,0,9941,231,,,used,,,,20260913-1538
2026-09-13 15:41:54,Pre-HAUSPM,SIGN,7,0,0.003000,0.200,0.008,408594,188,0,20706,20706,0,0,0,162461409,0,160430787,0,0.000000,0.000000,0.000000,20533,47503,840.55,0,0,0,0,SUCCESS,0,0,warm20,,,,,1,0,15364,237,,,used,,,,20260913-1538
2026-09-13 15:42:16,Pre-HAUSPM,SIGN,8,0,0.003000,0.200,0.008,428453,194,0,21884,21884,0,0,0,170832772,0,168749391,0,0.000000,0.000000,0.000000,20113,47452,327.75,0,0,0,0,SUCCESS,0,0,warm20,,,,,1,0,19859,246,,,used,,,,20260913-1538
2026-09-13 15:42:41,Pre-HAUSPM,SIGN,9,0,0.003000,0.200,0.008,446004,200,0,24922,24922,0,0,0,195511272,0,193152591,0,0.000000,0.000000,0.000000,19376,45388,462.06,0,0,0,0,SUCCESS,0,0,warm20,,,,,1,0,17551,258,,,used,,,,20260913-1538
2026-09-13 15:43:05,Pre-HAUSPM,SIGN,10,0,0.003000,0.200,0.008,456476,206,0,24091,24091,0,0,0,187143471,0,184912832,0,0.000000,0.000000,0.000000,18895,43856,332.02,0,0,0,0,SUCCESS,0,0,warm20,,,,,1,0,10472,268,,,used,,,,20260913-1538
2026-09-13 15:43:29,Pre-HAUSPM,SIGN,11,0,0.003000,0.200,0.008,466138,212,0,23334,23334,0,0,0,179750698,0,177633188,0,0.000000,0.000000,0.000000,18242,41996,752.54,0,0,0,0,SUCCESS,0,0,warm20,,,,,1,0,9662,275,,,used,,,,20260913-1538
2026-09-13 15:43:52,Pre-HAUSPM,SIGN,12,0,0.003000,0.200,0.008,480433,218,0,23396,23396,0,0,0,178479034,0,176421826,0,0.000000,0.000000,0.000000,18295,41804,490.80,0,0,0,0,SUCCESS,0,0,warm20,,,,,1,0,14295,281,,,used,,,,20260913-1538
2026-09-13 15:44:16,Pre-HAUSPM,SIGN,13,0,0.003000,0.200,0.008,496413,224,0,23780,23780,0,0,0,181639504,0,179602054,0,0.000000,0.000000,0.000000,19145,43866,184.75,0,0,0,0,SUCCESS,0,0,warm20,,,,,1,0,15980,289,,,used,,,,20260913-1538
2026-09-13 15:44:40,Pre-HAUSPM,SIGN,14,0,0.003000,0.200,0.008,507190,230,0,23516,23516,0,0,0,177807932,0,175834119,0,0.000000,0.000000,0.000000,18586,42577,373.95,0,0,0,0,SUCCESS,0,0,warm20,,,,,1,0,10777,299,,,used,,,,20260913-1538
2026-09-13 15:45:05,Pre-HAUSPM,SIGN,15,0,0.003000,0.200,0.008,518654,236,0,24823,24823,0,0,0,184510125,0,182494752,0,0.000000,0.000000,0.000000,19660,44940,196.80,0,0,0,0,SUCCESS,0,0,warm20,,,,,1,0,11464,305,,,used,,,,20260913-1538
2026-09-13 15:45:31,Pre-HAUSPM,SIGN,16,0,0.003000,0.200,0.008,536314,242,0,26517,26517,0,0,0,193174738,0,191106733,0,0.000000,0.000000,0.000000,20004,45870,563.58,0,0,0,0,SUCCESS,0,0,warm20,,,,,1,0,17660,312,,,used,,,,20260913-1538
2026-09-13 15:45:57,Pre-HAUSPM,SIGN,17,0,0.003000,0.200,0.008,544548,248,0,25977,25978,0,0,0,188229059,0,186231270,0,0.000000,0.000000,0.000000,19532,44618,625.98,0,0,0,0,SUCCESS,0,0,warm20,,,,,1,0,8234,323,,,used,,,,20260913-1538
2026-09-13 15:46:23,Pre-HAUSPM,SIGN,18,0,0.003000,0.200,0.008,556990,254,0,25714,25715,0,0,0,184787353,0,182855941,0,0.000000,0.000000,0.000000,18960,43382,415.87,0,0,0,0,SUCCESS,0,0,warm20,,,,,1,0,12442,328,,,used,,,,20260913-1538
2026-09-13 15:46:49,Pre-HAUSPM,SIGN,19,0,0.003000,0.200,0.008,569490,260,0,25883,25883,0,0,0,183860310,0,181955340,0,0.000000,0.000000,0.000000,18933,43343,253.58,0,0,0,0,SUCCESS,0,0,warm20,,,,,1,0,12500,335,,,used,,,,20260913-1538
2026-09-13 15:47:17,Pre-HAUSPM,SIGN,20,0,0.003000,0.200,0.008,587283,266,0,27483,27483,0,0,0,195235168,0,193267539,0,0.000000,0.000000,0.000000,18422,42182,651.03,0,0,0,0,SUCCESS,0,0,warm20,,,,,1,0,17793,343,,,used,,,,20260913-1538
2026-09-13 15:47:45,Pre-HAUSPM,SIGN,21,0,0.003000,0.200,0.008,601918,272,0,27481,27481,0,0,0,193787685,0,191856339,0,0.000000,0.000000,0.000000,18161,41443,368.23,0,0,0,0,SUCCESS,0,0,warm20,,,,,1,0,14635,353,,,used,,,,20260913-1538
2026-09-13 15:48:12,Pre-HAUSPM,SIGN,22,0,0.003000,0.200,0.008,613134,278,0,27519,27519,0,0,0,192310379,0,190412716,0,0.000000,0.000000,0.000000,18187,41362,653.24,0,0,0,0,SUCCESS,0,0,warm20,,,,,1,0,11216,362,,,used,,,,20260913-1538
2026-09-13 15:48:39,Pre-HAUSPM,SIGN,23,0,0.003000,0.200,0.008,625156,284,0,26649,26649,0,0,0,185075905,0,183265900,0,0.000000,0.000000,0.000000,17486,39616,714.19,0,0,0,0,SUCCESS,0,0,warm20,,,,,1,0,12022,369,,,used,,,,20260913-1538
2026-09-13 15:49:05,Pre-HAUSPM,SIGN,24,0,0.003000,0.200,0.008,639272,290,0,25932,25932,0,0,0,179745467,0,178009236,0,0.000000,0.000000,0.000000,17307,38871,902.84,0,0,0,0,SUCCESS,0,0,warm20,,,,,1,0,14116,376,,,used,,,,20260913-1538
2026-09-13 15:49:31,Pre-HAUSPM,SIGN,25,0,0.003000,0.200,0.008,650468,296,0,25792,25792,0,0,0,178388315,0,176681829,0,0.000000,0.000000,0.000000,17338,38779,122.52,0,0,0,0,SUCCESS,0,0,warm20,,,,,1,0,11196,385,,,used,,,,20260913-1538
2026-09-13 15:49:57,Pre-HAUSPM,SIGN,26,0,0.003000,0.200,0.008,661807,302,0,25750,25750,0,0,0,176929800,0,175246893,0,0.000000,0.000000,0.000000,16997,37896,165.44,0,0,0,0,SUCCESS,0,0,warm20,,,,,1,0,11339,391,,,used,,,,20260913-1538
2026-09-13 15:50:22,Pre-HAUSPM,SIGN,27,0,0.003000,0.200,0.008,671849,308,0,25249,25249,0,0,0,172480210,0,170849325,0,0.000000,0.000000,0.000000,16446,36682,391.59,0,0,0,0,SUCCESS,0,0,warm20,,,,,1,0,10042,398,,,used,,,,20260913-1538
2026-09-13 15:50:48,Pre-HAUSPM,SIGN,28,0,0.003000,0.200,0.008,682126,314,0,25140,25140,0,0,0,170563672,0,168961584,0,0.000000,0.000000,0.000000,16420,36556,161.68,0,0,0,0,SUCCESS,0,0,warm20,,,,,1,0,10277,404,,,used,,,,20260913-1538
2026-09-13 15:51:14,Pre-HAUSPM,SIGN,29,0,0.003000,0.200,0.008,695776,320,0,26022,26022,0,0,0,174106918,0,172484477,0,0.000000,0.000000,0.000000,16853,37702,972.43,0,0,0,0,SUCCESS,0,0,warm20,,,,,1,0,13650,411,,,used,,,,20260913-1538
2026-09-13 15:51:40,Pre-HAUSPM,SIGN,30,0,0.003000,0.200,0.008,707653,326,0,25777,25777,0,0,0,171235839,0,169649762,0,0.000000,0.000000,0.000000,16464,36776,302.63,0,0,0,0,SUCCESS,0,0,warm20,,,,,1,0,11877,419,,,used,,,,20260913-1538
2026-09-13 15:52:05,Pre-HAUSPM,SIGN,31,0,0.003000,0.200,0.008,720279,332,0,25236,25236,0,0,0,166667451,0,165133644,0,0.000000,0.000000,0.000000,15898,35360,559.84,0,0,0,0,SUCCESS,0,0,warm20,,,,,1,0,12626,426,,,used,,,,20260913-1538
2026-09-13 15:52:30,Pre-HAUSPM,SIGN,32,0,0.003000,0.200,0.008,730705,338,0,25139,25139,0,0,0,164766132,0,163259521,0,0.000000,0.000000,0.000000,15828,35283,753.37,0,0,0,0,SUCCESS,0,0,warm20,,,,,1,0,10426,433,,,used,,,,20260913-1538
2026-09-13 15:52:56,Pre-HAUSPM,SIGN,33,0,0.003000,0.200,0.008,744420,344,0,25245,25246,0,0,0,163636209,0,162153212,0,0.000000,0.000000,0.000000,16554,36879,731.53,0,0,0,0,SUCCESS,0,0,warm20,,,,,1,0,13715,440,,,used,,,,20260913-1538
2026-09-13 15:53:22,Pre-HAUSPM,SIGN,34,0,0.003000,0.200,0.008,756980,350,0,25605,25605,0,0,0,164073201,0,162594948,0,0.000000,0.000000,0.000000,16743,37423,278.10,0,0,0,0,SUCCESS,0,0,warm20,,,,,1,0,12560,448,,,used,,,,20260913-1538
2026-09-13 15:53:47,Pre-HAUSPM,SIGN,35,0,0.003000,0.200,0.008,768219,356,0,25414,25414,0,0,0,161606579,0,160158810,0,0.000000,0.000000,0.000000,16721,37249,896.45,0,0,0,0,SUCCESS,0,0,warm20,,,,,1,0,11239,456,,,used,,,,20260913-1538
2026-09-13 15:54:13,Pre-HAUSPM,SIGN,36,0,0.003000,0.200,0.008,777786,362,0,25425,25425,0,0,0,160438957,0,159008151,0,0.000000,0.000000,0.000000,16692,37287,562.78,0,0,0,0,SUCCESS,0,0,warm20,,,,,1,0,9567,462,,,used,,,,20260913-1538
2026-09-13 15:54:39,Pre-HAUSPM,SIGN,37,0,0.003000,0.200,0.008,790994,368,0,25975,25976,0,0,0,162476627,0,161042062,0,0.000000,0.000000,0.000000,16986,37956,837.82,0,0,0,0,SUCCESS,0,0,warm20,,,,,1,0,13208,468,,,used,,,,20260913-1538
2026-09-13 15:55:05,Pre-HAUSPM,SIGN,38,0,0.003000,0.200,0.008,803248,374,0,25842,25842,0,0,0,160357570,0,158949074,0,0.000000,0.000000,0.000000,16821,37555,176.00,0,0,0,0,SUCCESS,0,0,warm20,,,,,1,0,12254,476,,,used,,,,20260913-1538
2026-09-13 15:55:31,Pre-HAUSPM,SIGN,39,0,0.003000,0.200,0.008,817420,380,0,25849,25850,0,0,0,159236421,0,157847499,0,0.000000,0.000000,0.000000,16757,37525,483.45,0,0,0,0,SUCCESS,0,0,warm20,,,,,1,0,14172,483,,,used,,,,20260913-1538
2026-09-13 15:55:57,Pre-HAUSPM,SIGN,40,0,0.003000,0.200,0.008,828605,386,0,25931,25931,0,0,0,158922308,0,157540184,0,0.000000,0.000000,0.000000,16796,37699,167.45,0,0,0,0,SUCCESS,0,0,warm20,,,,,1,0,11185,492,,,used,,,,20260913-1538
2026-09-13 15:56:23,Pre-HAUSPM,SIGN,41,0,0.003000,0.200,0.008,840915,392,0,26040,26040,0,0,0,158591644,0,157223971,0,0.000000,0.000000,0.000000,16767,37558,274.66,0,0,0,0,SUCCESS,0,0,warm20,,,,,1,0,12310,499,,,used,,,,20260913-1538
2026-09-13 15:56:49,Pre-HAUSPM,SIGN,42,0,0.003000,0.200,0.008,851890,398,0,26145,26146,0,0,0,158095627,0,156737995,0,0.000000,0.000000,0.000000,17093,38284,718.68,0,0,0,0,SUCCESS,0,0,warm20,,,,,1,0,10975,506,,,used,,,,20260913-1538
2026-09-13 15:57:16,Pre-HAUSPM,SIGN,43,0,0.003000,0.200,0.008,867106,404,0,26300,26300,0,0,0,158319979,0,156972502,0,0.000000,0.000000,0.000000,16906,37788,186.09,0,0,0,0,SUCCESS,0,0,warm20,,,,,1,0,15216,513,,,used,,,,20260913-1538
2026-09-13 15:57:42,Pre-HAUSPM,SIGN,44,0,0.003000,0.200,0.008,884460,410,0,26335,26335,0,0,0,157385557,0,156052136,0,0.000000,0.000000,0.000000,16490,36978,284.77,0,0,0,0,SUCCESS,0,0,warm20,,,,,1,0,17354,522,,,used,,,,20260913-1538
2026-09-13 15:58:08,Pre-HAUSPM,SIGN,45,0,0.003000,0.200,0.008,901027,416,0,25697,25697,0,0,0,154388008,0,153088039,0,0.000000,0.000000,0.000000,15893,35711,112.54,0,0,0,0,SUCCESS,0,0,warm20,,,,,1,0,16567,532,,,used,,,,20260913-1538
2026-09-13 15:58:34,Pre-HAUSPM,SIGN,46,0,0.003000,0.200,0.008,916886,422,0,25599,25599,0,0,0,152787167,0,151508695,0,0.000000,0.000000,0.000000,15488,34847,419.10,0,0,0,0,SUCCESS,0,0,warm20,,,,,1,0,15859,542,,,used,,,,20260913-1538
2026-09-13 15:58:59,Pre-HAUSPM,SIGN,47,0,0.003000,0.200,0.008,933116,428,0,25357,25357,0,0,0,150607623,0,149354455,0,0.000000,0.000000,0.000000,15117,34004,565.13,0,0,0,0,SUCCESS,0,0,warm20,,,,,1,0,16230,552,,,used,,,,20260913-1538
2026-09-13 15:59:25,Pre-HAUSPM,SIGN,48,0,0.003000,0.200,0.008,947537,434,0,25479,25479,0,0,0,148750779,0,147519206,0,0.000000,0.000000,0.000000,14733,33154,343.15,0,0,0,0,SUCCESS,0,0,warm20,,,,,1,0,14421,562,,,used,,,,20260913-1538
2026-09-13 15:59:50,Pre-HAUSPM,SIGN,49,0,0.003000,0.200,0.008,957204,440,0,25454,25454,0,0,0,146408699,0,145200316,0,0.000000,0.000000,0.000000,14599,32698,320.70,0,0,0,0,SUCCESS,0,0,warm20,,,,,1,0,9667,570,,,used,,,,20260913-1538
2026-09-13 16:00:16,Pre-HAUSPM,SIGN,50,0,0.003000,0.200,0.008,967022,446,0,25373,25373,0,0,0,145183073,0,143989438,0,0.000000,0.000000,0.000000,14609,32624,385.90,0,0,0,0,SUCCESS,0,0,warm20,,,,,1,0,9818,576,,,used,,,,20260913-1538
2026-09-13 16:00:42,Pre-HAUSPM,SIGN,51,0,0.003000,0.200,0.008,979636,452,0,25686,25686,0,0,0,146282487,0,145085695,0,0.000000,0.000000,0.000000,14554,32458,523.38,0,0,0,0,SUCCESS,0,0,warm20,,,,,1,0,12614,582,,,used,,,,20260913-1538
2026-09-13 16:01:07,Pre-HAUSPM,SIGN,52,0,0.003000,0.200,0.008,990505,458,0,25461,25461,0,0,0,144428401,0,143250838,0,0.000000,0.000000,0.000000,14363,32026,384.04,0,0,0,0,SUCCESS,0,0,warm20,,,,,1,0,10869,590,,,used,,,,20260913-1538
2026-09-13 16:01:32,Pre-HAUSPM,SIGN,53,0,0.003000,0.200,0.008,1001386,464,0,25037,25037,0,0,0,141530822,0,140380899,0,0.000000,0.000000,0.000000,14056,31274,209.21,0,0,0,0,SUCCESS,0,0,warm20,,,,,1,0,10881,596,,,used,,,,20260913-1538
2026-09-13 16:01:58,Pre-HAUSPM,SIGN,54,0,0.003000,0.200,0.008,1016244,470,0,25167,25167,0,0,0,141524229,0,140381544,0,0.000000,0.000000,0.000000,13905,30965,514.21,0,0,0,0,SUCCESS,0,0,warm20,,,,,1,0,14858,603,,,used,,,,20260913-1538
2026-09-13 16:02:23,Pre-HAUSPM,SIGN,55,0,0.003000,0.200,0.008,1027129,476,0,25145,25145,0,0,0,140772970,0,139640415,0,0.000000,0.000000,0.000000,13871,30839,322.96,0,0,0,0,SUCCESS,0,0,warm20,,,,,1,0,10885,612,,,used,,,,20260913-1538
2026-09-13 16:02:48,Pre-HAUSPM,SIGN,56,0,0.003000,0.200,0.008,1047408,482,0,25181,25181,0,0,0,140359358,0,139239449,0,0.000000,0.000000,0.000000,13478,29927,259.84,0,0,0,0,SUCCESS,0,0,warm20,,,,,1,0,20279,618,,,used,,,,20260913-1538
2026-09-13 16:03:14,Pre-HAUSPM,SIGN,57,0,0.003000,0.200,0.008,1060421,488,0,25105,25105,0,0,0,139139438,0,138032339,0,0.000000,0.000000,0.000000,13277,29502,220.22,0,0,0,0,SUCCESS,0,0,warm20,,,,,1,0,13013,630,,,used,,,,20260913-1538
2026-09-13 16:03:39,Pre-HAUSPM,SIGN,58,0,0.003000,0.200,0.008,1079371,494,0,25009,25009,0,0,0,138164884,0,137071456,0,0.000000,0.000000,0.000000,13241,29610,364.45,0,0,0,0,SUCCESS,0,0,warm20,,,,,1,0,18950,638,,,used,,,,20260913-1538
2026-09-13 16:04:04,Pre-HAUSPM,SIGN,59,0,0.003000,0.200,0.008,1096747,500,0,24903,24903,0,0,0,137898195,0,136810521,0,0.000000,0.000000,0.000000,13167,29545,331.37,0,0,0,0,SUCCESS,0,0,warm20,,,,,1,0,17376,650,,,used,,,,20260913-1538
2026-09-13 16:04:28,Pre-HAUSPM,SIGN,60,0,0.003000,0.200,0.008,1110602,506,0,24460,24460,0,0,0,136605777,0,135532593,0,0.000000,0.000000,0.000000,13007,29076,274.74,0,0,0,0,SUCCESS,0,0,warm20,,,,,1,0,13855,660,,,used,,,,20260913-1538
2026-09-13 16:04:53,Pre-HAUSPM,SIGN,61,0,0.003000,0.200,0.008,1124744,512,0,24350,24350,0,0,0,135495873,0,134437554,0,0.000000,0.000000,0.000000,12882,28793,163.34,0,0,0,0,SUCCESS,0,0,warm20,,,,,1,0,14142,668,,,used,,,,20260913-1538
2026-09-13 16:05:17,Pre-HAUSPM,SIGN,62,0,0.003000,0.200,0.008,1139446,518,0,24454,24454,0,0,0,135648178,0,134596099,0,0.000000,0.000000,0.000000,12846,28682,195.22,0,0,0,0,SUCCESS,0,0,warm20,,,,,1,0,14702,677,,,used,,,,20260913-1538
2026-09-13 16:05:42,Pre-HAUSPM,SIGN,63,0,0.003000,0.200,0.008,1156811,524,0,24501,24502,0,0,0,135140781,0,134101872,0,0.000000,0.000000,0.000000,12821,28608,282.67,0,0,0,0,SUCCESS,0,0,warm20,,,,,1,0,17365,686,,,used,,,,20260913-1538
2026-09-13 16:06:07,Pre-HAUSPM,SIGN,64,0,0.003000,0.200,0.008,1169601,530,0,24513,24513,0,0,0,134595691,0,133565833,0,0.000000,0.000000,0.000000,12622,28248,364.33,0,0,0,0,SUCCESS,0,0,warm20,,,,,1,0,12790,696,,,used,,,,20260913-1538
2026-09-13 16:06:32,Pre-HAUSPM,SIGN,65,0,0.003000,0.200,0.008,1183474,536,0,24707,24707,0,0,0,133662857,0,132643748,0,0.000000,0.000000,0.000000,12433,27838,186.52,0,0,0,0,SUCCESS,0,0,warm20,,,,,1,0,13873,704,,,used,,,,20260913-1538
2026-09-13 16:06:56,Pre-HAUSPM,SIGN,66,0,0.003000,0.200,0.008,1194955,542,0,24567,24568,0,0,0,132361068,0,131354867,0,0.000000,0.000000,0.000000,12294,27511,506.16,0,0,0,0,SUCCESS,0,0,warm20,,,,,1,0,11481,712,,,used,,,,20260913-1538
2026-09-13 16:07:21,Pre-HAUSPM,SIGN,67,0,0.003000,0.200,0.008,1209554,548,0,24407,24407,0,0,0,130970872,0,129979928,0,0.000000,0.000000,0.000000,12041,26918,360.79,0,0,0,0,SUCCESS,0,0,warm20,,,,,1,0,14599,719,,,used,,,,20260913-1538
2026-09-13 16:07:46,Pre-HAUSPM,SIGN,68,0,0.003000,0.200,0.008,1225092,554,0,24595,24595,0,0,0,131589149,0,130598018,0,0.000000,0.000000,0.000000,12117,27150,77.24,0,0,0,0,SUCCESS,0,0,warm20,,,,,1,0,15538,728,,,used,,,,20260913-1538
2026-09-13 16:08:11,Pre-HAUSPM,SIGN,69,0,0.003000,0.200,0.008,1246726,560,0,25430,25430,0,0,0,137913641,0,136891857,0,0.000000,0.000000,0.000000,12158,27294,195.50,0,0,0,0,SUCCESS,0,0,warm20,,,,,1,0,21634,737,,,used,,,,20260913-1538
2026-09-13 16:08:37,Pre-HAUSPM,SIGN,70,0,0.003000,0.200,0.008,1265597,566,0,25950,25950,0,0,0,140243450,0,139207881,0,0.000000,0.000000,0.000000,12584,28378,260.46,0,0,0,0,SUCCESS,0,0,warm20,,,,,1,0,18871,750,,,used,,,,20260913-1538
2026-09-13 16:09:04,Pre-HAUSPM,SIGN,71,0,0.003000,0.200,0.008,1283052,572,0,26214,26215,0,0,0,140826464,0,139788920,0,0.000000,0.000000,0.000000,12659,28441,261.15,0,0,0,0,SUCCESS,0,0,warm20,,,,,1,0,17455,762,,,used,,,,20260913-1538
2026-09-13 16:09:31,Pre-HAUSPM,SIGN,72,0,0.003000,0.200,0.008,1300784,578,0,26954,26954,0,0,0,144533017,0,143473202,0,0.000000,0.000000,0.000000,12940,29007,288.10,0,0,0,0,SUCCESS,0,0,warm20,,,,,1,0,17732,772,,,used,,,,20260913-1538
2026-09-13 16:09:58,Pre-HAUSPM,SIGN,73,0,0.003000,0.200,0.008,1316615,584,0,27370,27370,0,0,0,146118210,0,145052421,0,0.000000,0.000000,0.000000,12887,28983,353.33,0,0,0,0,SUCCESS,0,0,warm20,,,,,1,0,15831,783,,,used,,,,20260913-1538
2026-09-13 16:10:26,Pre-HAUSPM,SIGN,74,0,0.003000,0.200,0.008,1330102,590,0,27234,27235,0,0,0,144757249,0,143704650,0,0.000000,0.000000,0.000000,12801,28723,399.36,0,0,0,0,SUCCESS,0,0,warm20,,,,,1,0,13487,792,,,used,,,,20260913-1538
2026-09-13 16:10:53,Pre-HAUSPM,SIGN,75,0,0.003000,0.200,0.008,1342143,596,0,27056,27056,0,0,0,143254355,0,142215573,0,0.000000,0.000000,0.000000,12641,28316,287.36,0,0,0,0,SUCCESS,0,0,warm20,,,,,1,0,12041,800,,,used,,,,20260913-1538
2026-09-13 16:11:20,Pre-HAUSPM,SIGN,76,0,0.003000,0.200,0.008,1352225,602,0,26834,26834,0,0,0,141639923,0,140615109,0,0.000000,0.000000,0.000000,12469,27972,186.45,0,0,0,0,SUCCESS,0,0,warm20,,,,,1,0,10082,808,,,used,,,,20260913-1538
2026-09-13 16:11:47,Pre-HAUSPM,SIGN,77,0,0.003000,0.200,0.008,1364919,608,0,27006,27007,0,0,0,141749308,0,140725714,0,0.000000,0.000000,0.000000,12515,28067,262.44,0,0,0,0,SUCCESS,0,0,warm20,,,,,1,0,12694,814,,,used,,,,20260913-1538
2026-09-13 16:12:14,Pre-HAUSPM,SIGN,78,0,0.003000,0.200,0.008,1378844,614,0,27122,27122,0,0,0,141639414,0,140620092,0,0.000000,0.000000,0.000000,12541,28068,333.60,0,0,0,0,SUCCESS,0,0,warm20,,,,,1,0,13925,821,,,used,,,,20260913-1538
2026-09-13 16:12:42,Pre-HAUSPM,SIGN,79,0,0.003000,0.200,0.008,1390075,620,0,26937,26937,0,0,0,140158075,0,139152029,0,0.000000,0.000000,0.000000,12364,27636,175.40,0,0,0,0,SUCCESS,0,0,warm20,,,,,1,0,11231,830,,,used,,,,20260913-1538
2026-09-13 16:13:09,Pre-HAUSPM,SIGN,80,0,0.003000,0.200,0.008,1404925,626,0,26878,26878,0,0,0,139542030,0,138545957,0,0.000000,0.000000,0.000000,12159,27255,160.70,0,0,0,0,SUCCESS,0,0,warm20,,,,,1,0,14850,837,,,used,,,,20260913-1538
2026-09-13 16:13:36,Pre-HAUSPM,SIGN,81,0,0.003000,0.200,0.008,1419540,632,0,26973,26973,0,0,0,139178909,0,138187066,0,0.000000,0.000000,0.000000,12230,27410,246.91,0,0,0,0,SUCCESS,0,0,warm20,,,,,1,0,14615,845,,,used,,,,20260913-1538
2026-09-13 16:14:03,Pre-HAUSPM,SIGN,82,0,0.003000,0.200,0.008,1430972,638,0,27250,27250,0,0,0,139699716,0,138705051,0,0.000000,0.000000,0.000000,12165,27327,285.08,0,0,0,0,SUCCESS,0,0,warm20,,,,,1,0,11432,854,,,used,,,,20260913-1538
2026-09-13 16:14:31,Pre-HAUSPM,SIGN,83,0,0.003000,0.200,0.008,1446547,644,0,27401,27401,0,0,0,139364770,0,138374288,0,0.000000,0.000000,0.000000,12128,27189,163.27,0,0,0,0,SUCCESS,0,0,warm20,,,,,1,0,15575,861,,,used,,,,20260913-1538
2026-09-13 16:14:59,Pre-HAUSPM,SIGN,84,0,0.003000,0.200,0.008,1466019,650,0,27856,27856,0,0,0,140995861,0,139996989,0,0.000000,0.000000,0.000000,12206,27385,192.08,0,0,0,0,SUCCESS,0,0,warm20,,,,,1,0,19472,871,,,used,,,,20260913-1538
2026-09-13 16:15:27,Pre-HAUSPM,SIGN,85,0,0.003000,0.200,0.008,1477721,656,0,27716,27716,0,0,0,140000489,0,139011383,0,0.000000,0.000000,0.000000,12122,27123,177.69,0,0,0,0,SUCCESS,0,0,warm20,,,,,1,0,11702,882,,,used,,,,20260913-1538
2026-09-13 16:15:55,Pre-HAUSPM,SIGN,86,0,0.003000,0.200,0.008,1489446,662,0,27677,27677,0,0,0,139253336,0,138272051,0,0.000000,0.000000,0.000000,12092,27034,232.65,0,0,0,0,SUCCESS,0,0,warm20,,,,,1,0,11725,889,,,used,,,,20260913-1538
2026-09-13 16:16:23,Pre-HAUSPM,SIGN,87,0,0.003000,0.200,0.008,1504545,668,0,28045,28045,0,0,0,140308464,0,139324018,0,0.000000,0.000000,0.000000,12261,27325,100.44,0,0,0,0,SUCCESS,0,0,warm20,,,,,1,0,15099,896,,,used,,,,20260913-1538
2026-09-13 16:16:51,Pre-HAUSPM,SIGN,88,0,0.003000,0.200,0.008,1520720,674,0,28507,28507,0,0,0,141768005,0,140777235,0,0.000000,0.000000,0.000000,12357,27546,374.28,0,0,0,0,SUCCESS,0,0,warm20,,,,,1,0,16175,905,,,used,,,,20260913-1538
2026-09-13 16:17:20,Pre-HAUSPM,SIGN,89,0,0.003000,0.200,0.008,1534926,680,0,28658,28658,0,0,0,141664588,0,140677293,0,0.000000,0.000000,0.000000,12454,27713,157.50,0,0,0,0,SUCCESS,0,0,warm20,,,,,1,0,14206,915,,,used,,,,20260913-1538
2026-09-13 16:17:50,Pre-HAUSPM,SIGN,90,0,0.003000,0.200,0.008,1553182,686,0,29275,29275,0,0,0,144026977,0,143026814,0,0.000000,0.000000,0.000000,12724,28371,265.99,0,0,0,0,SUCCESS,0,0,warm20,,,,,1,0,18256,924,,,used,,,,20260913-1538
2026-09-13 16:18:20,Pre-HAUSPM,SIGN,91,0,0.003000,0.200,0.008,1569089,692,0,29933,29933,0,0,0,145802741,0,144793713,0,0.000000,0.000000,0.000000,12856,28658,53.78,0,0,0,0,SUCCESS,0,0,warm20,,,,,1,0,15907,935,,,used,,,,20260913-1538
2026-09-13 16:18:51,Pre-HAUSPM,SIGN,92,0,0.003000,0.200,0.008,1586819,698,0,30719,30719,0,0,0,148282579,0,147262089,0,0.000000,0.000000,0.000000,12860,28708,264.72,0,0,0,0,SUCCESS,0,0,warm20,,,,,1,0,17730,944,,,used,,,,20260913-1538
2026-09-13 16:19:22,Pre-HAUSPM,SIGN,93,0,0.003000,0.200,0.008,1606504,704,0,31511,31511,0,0,0,151825814,0,150785814,0,0.000000,0.000000,0.000000,12872,28946,199.05,0,0,0,0,SUCCESS,0,0,warm20,,,,,1,0,19685,955,,,used,,,,20260913-1538
2026-09-13 16:19:54,Pre-HAUSPM,SIGN,94,0,0.003000,0.200,0.008,1616945,710,0,31680,31680,0,0,0,151812047,0,150774293,0,0.000000,0.000000,0.000000,12890,29038,260.43,0,0,0,0,SUCCESS,0,0,warm20,,,,,1,0,10441,967,,,used,,,,20260913-1538
2026-09-13 16:20:26,Pre-HAUSPM,SIGN,95,0,0.003000,0.200,0.008,1631610,716,0,31953,31953,0,0,0,153151246,0,152110391,0,0.000000,0.000000,0.000000,12886,28991,258.39,0,0,0,0,SUCCESS,0,0,warm20,,,,,1,0,14665,973,,,used,,,,20260913-1538
2026-09-13 16:20:59,Pre-HAUSPM,SIGN,96,0,0.003000,0.200,0.008,1649145,722,0,32160,32160,0,0,0,153385586,0,152346864,0,0.000000,0.000000,0.000000,12904,29021,251.40,0,0,0,0,SUCCESS,0,0,warm20,,,,,1,0,17535,982,,,used,,,,20260913-1538
2026-09-13 16:21:31,Pre-HAUSPM,SIGN,97,0,0.003000,0.200,0.008,1663324,728,0,32147,32147,0,0,0,152660495,0,151629501,0,0.000000,0.000000,0.000000,12728,28571,162.30,0,0,0,0,SUCCESS,0,0,warm20,,,,,1,0,14179,992,,,used,,,,20260913-1538
2026-09-13 16:22:04,Pre-HAUSPM,SIGN,98,0,0.003000,0.200,0.008,1668652,730,0,32167,32167,0,0,0,152049944,0,151023735,0,0.000000,0.000000,0.000000,12666,28413,204.72,0,0,0,0,SUCCESS,0,0,warm20,,,,,1,0,5328,1001,,,used,,,,20260913-1538
2026-09-13 16:22:04,Pre-HAUSPM,SIGN,99,0,0.003000,0.200,0.008,1668652,730,0,3,3,0,0,0,0,0,0,0,0.000000,0.000000,0.000000,12666,28413,209.25,0,0,0,0,SUCCESS,0,0,warm20,,,,,0,0,0,1004,,,used,,,,20260913-1538
2026-09-13 16:22:26,Pre-HAUSPM,SIGN,0,1,0.003000,0.200,0.200,319686,146,1,21554,21556,0,0,0,192985412,0,190160260,0,0.000000,0.000000,0.000000,23387,58493,47.26,0,0,0,0,SUCCESS,0,0,warm20,,,,,1,0,319686,0,,,used,,,,20260913-1538
2026-09-13 16:22:47,Pre-HAUSPM,SIGN,1,1,0.003000,0.200,0.008,334092,152,0,21499,21499,0,0,0,191310527,0,188603074,0,0.000000,0.000000,0.000000,23347,57191,321.97,0,0,0,0,SUCCESS,0,0,warm20,,,,,1,0,14406,192,,,used,,,,20260913-1538
2026-09-13 16:23:09,Pre-HAUSPM,SIGN,2,1,0.003000,0.200,0.008,345121,158,0,21055,21055,0,0,0,185430875,0,182854764,0,0.000000,0.000000,0.000000,23125,56725,205.48,0,0,0,0,SUCCESS,0,0,warm20,,,,,1,0,11029,201,,,used,,,,20260913-1538
2026-09-13 16:23:30,Pre-HAUSPM,SIGN,3,1,0.003000,0.200,0.008,358047,164,0,21436,21436,0,0,0,185305928,0,182789449,0,0.000000,0.000000,0.000000,22486,54850,607.70,0,0,0,0,SUCCESS,0,0,warm20,,,,,1,0,12926,208,,,used,,,,20260913-1538
2026-09-13 16:23:51,Pre-HAUSPM,SIGN,4,1,0.003000,0.200,0.008,369331,170,0,20626,20626,0,0,0,176218472,0,173862062,0,0.000000,0.000000,0.000000,21958,52348,480.90,0,0,0,0,SUCCESS,0,0,warm20,,,,,1,0,11284,215,,,used,,,,20260913-1538
2026-09-13 16:24:12,Pre-HAUSPM,SIGN,5,1,0.003000,0.200,0.008,383289,176,0,20787,20788,0,0,0,174965030,0,172692226,0,0.000000,0.000000,0.000000,21751,50861,649.42,0,0,0,0,SUCCESS,0,0,warm20,,,,,1,0,13958,222,,,used,,,,20260913-1538
2026-09-13 16:24:32,Pre-HAUSPM,SIGN,6,1,0.003000,0.200,0.008,393230,182,0,20361,20361,0,0,0,169314751,0,167146636,0,0.000000,0.000000,0.000000,21796,50485,394.15,0,0,0,0,SUCCESS,0,0,warm20,,,,,1,0,9941,231,,,used,,,,20260913-1538
2026-09-13 16:24:52,Pre-HAUSPM,SIGN,7,1,0.003000,0.200,0.008,408594,188,0,19768,19768,0,0,0,162461409,0,160430787,0,0.000000,0.000000,0.000000,20533,47503,713.36,0,0,0,0,SUCCESS,0,0,warm20,,,,,1,0,15364,237,,,used,,,,20260913-1538
2026-09-13 16:25:13,Pre-HAUSPM,SIGN,8,1,0.003000,0.200,0.008,428453,194,0,20911,20911,0,0,0,170832772,0,168749391,0,0.000000,0.000000,0.000000,20113,47452,214.39,0,0,0,0,SUCCESS,0,0,warm20,,,,,1,0,19859,246,,,used,,,,20260913-1538
2026-09-13 16:25:37,Pre-HAUSPM,SIGN,9,1,0.003000,0.200,0.008,446004,200,0,23783,23783,0,0,0,195511272,0,193152591,0,0.000000,0.000000,0.000000,19376,45388,525.22,0,0,0,0,SUCCESS,0,0,warm20,,,,,1,0,17551,258,,,used,,,,20260913-1538
2026-09-13 16:26:00,Pre-HAUSPM,SIGN,10,1,0.003000,0.200,0.008,456476,206,0,22980,22980,0,0,0,187143471,0,184912832,0,0.000000,0.000000,0.000000,18895,43856,203.40,0,0,0,0,SUCCESS,0,0,warm20,,,,,1,0,10472,268,,,used,,,,20260913-1538
2026-09-13 16:26:23,Pre-HAUSPM,SIGN,11,1,0.003000,0.200,0.008,466138,212,0,22257,22257,0,0,0,179750698,0,177633188,0,0.000000,0.000000,0.000000,18242,41996,464.45,0,0,0,0,SUCCESS,0,0,warm20,,,,,1,0,9662,275,,,used,,,,20260913-1538
2026-09-13 16:26:45,Pre-HAUSPM,SIGN,12,1,0.003000,0.200,0.008,480433,218,0,22422,22422,0,0,0,178479034,0,176421826,0,0.000000,0.000000,0.000000,18295,41804,429.29,0,0,0,0,SUCCESS,0,0,warm20,,,,,1,0,14295,281,,,used,,,,20260913-1538
2026-09-13 16:27:09,Pre-HAUSPM,SIGN,13,1,0.003000,0.200,0.008,496413,224,0,23225,23225,0,0,0,181639504,0,179602054,0,0.000000,0.000000,0.000000,19145,43866,651.26,0,0,0,0,SUCCESS,0,0,warm20,,,,,1,0,15980,289,,,used,,,,20260913-1538
2026-09-13 16:27:32,Pre-HAUSPM,SIGN,14,1,0.003000,0.200,0.008,507190,230,0,22980,22980,0,0,0,177807932,0,175834119,0,0.000000,0.000000,0.000000,18586,42577,312.95,0,0,0,0,SUCCESS,0,0,warm20,,,,,1,0,10777,299,,,used,,,,20260913-1538
2026-09-13 16:27:56,Pre-HAUSPM,SIGN,15,1,0.003000,0.200,0.008,518654,236,0,24242,24242,0,0,0,184510125,0,182494752,0,0.000000,0.000000,0.000000,19660,44940,743.30,0,0,0,0,SUCCESS,0,0,warm20,,,,,1,0,11464,305,,,used,,,,20260913-1538
2026-09-13 16:28:22,Pre-HAUSPM,SIGN,16,1,0.003000,0.200,0.008,536314,242,0,25916,25916,0,0,0,193174738,0,191106733,0,0.000000,0.000000,0.000000,20004,45870,268.15,0,0,0,0,SUCCESS,0,0,warm20,,,,,1,0,17660,312,,,used,,,,20260913-1538
2026-09-13 16:28:48,Pre-HAUSPM,SIGN,17,1,0.003000,0.200,0.008,544548,248,0,25378,25378,0,0,0,188229059,0,186231270,0,0.000000,0.000000,0.000000,19532,44618,186.87,0,0,0,0,SUCCESS,0,0,warm20,,,,,1,0,8234,323,,,used,,,,20260913-1538
2026-09-13 16:29:13,Pre-HAUSPM,SIGN,18,1,0.003000,0.200,0.008,556990,254,0,25105,25106,0,0,0,184787353,0,182855941,0,0.000000,0.000000,0.000000,18960,43382,312.90,0,0,0,0,SUCCESS,0,0,warm20,,,,,1,0,12442,328,,,used,,,,20260913-1538
2026-09-13 16:29:39,Pre-HAUSPM,SIGN,19,1,0.003000,0.200,0.008,569490,260,0,25285,25285,0,0,0,183860310,0,181955340,0,0.000000,0.000000,0.000000,18933,43343,310.94,0,0,0,0,SUCCESS,0,0,warm20,,,,,1,0,12500,335,,,used,,,,20260913-1538
2026-09-13 16:30:06,Pre-HAUSPM,SIGN,20,1,0.003000,0.200,0.008,587283,266,0,26825,26825,0,0,0,195235168,0,193267539,0,0.000000,0.000000,0.000000,18422,42182,308.67,0,0,0,0,SUCCESS,0,0,warm20,,,,,1,0,17793,343,,,used,,,,20260913-1538
2026-09-13 16:30:33,Pre-HAUSPM,SIGN,21,1,0.003000,0.200,0.008,601918,272,0,26841,26842,0,0,0,193787685,0,191856339,0,0.000000,0.000000,0.000000,18161,41443,218.28,0,0,0,0,SUCCESS,0,0,warm20,,,,,1,0,14635,353,,,used,,,,20260913-1538
2026-09-13 16:31:00,Pre-HAUSPM,SIGN,22,1,0.003000,0.200,0.008,613134,278,0,26886,26886,0,0,0,192310379,0,190412716,0,0.000000,0.000000,0.000000,18187,41362,471.20,0,0,0,0,SUCCESS,0,0,warm20,,,,,1,0,11216,362,,,used,,,,20260913-1538
2026-09-13 16:31:26,Pre-HAUSPM,SIGN,23,1,0.003000,0.200,0.008,625156,284,0,26031,26032,0,0,0,185075905,0,183265900,0,0.000000,0.000000,0.000000,17486,39616,451.80,0,0,0,0,SUCCESS,0,0,warm20,,,,,1,0,12022,369,,,used,,,,20260913-1538
2026-09-13 16:31:52,Pre-HAUSPM,SIGN,24,1,0.003000,0.200,0.008,639272,290,0,25462,25462,0,0,0,179745467,0,178009236,0,0.000000,0.000000,0.000000,17307,38871,334.55,0,0,0,0,SUCCESS,0,0,warm20,,,,,1,0,14116,376,,,used,,,,20260913-1538
2026-09-13 16:32:17,Pre-HAUSPM,SIGN,25,1,0.003000,0.200,0.008,650468,296,0,25500,25500,0,0,0,178388315,0,176681829,0,0.000000,0.000000,0.000000,17338,38779,266.80,0,0,0,0,SUCCESS,0,0,warm20,,,,,1,0,11196,385,,,used,,,,20260913-1538
2026-09-13 16:32:43,Pre-HAUSPM,SIGN,26,1,0.003000,0.200,0.008,661807,302,0,25454,25454,0,0,0,176929800,0,175246893,0,0.000000,0.000000,0.000000,16997,37896,414.14,0,0,0,0,SUCCESS,0,0,warm20,,,,,1,0,11339,391,,,used,,,,20260913-1538
2026-09-13 16:33:08,Pre-HAUSPM,SIGN,27,1,0.003000,0.200,0.008,671849,308,0,24952,24952,0,0,0,172480210,0,170849325,0,0.000000,0.000000,0.000000,16446,36682,225.32,0,0,0,0,SUCCESS,0,0,warm20,,,,,1,0,10042,398,,,used,,,,20260913-1538
2026-09-13 16:33:33,Pre-HAUSPM,SIGN,28,1,0.003000,0.200,0.008,682126,314,0,24863,24863,0,0,0,170563672,0,168961584,0,0.000000,0.000000,0.000000,16420,36556,332.69,0,0,0,0,SUCCESS,0,0,warm20,,,,,1,0,10277,404,,,used,,,,20260913-1538
2026-09-13 16:33:59,Pre-HAUSPM,SIGN,29,1,0.003000,0.200,0.008,695776,320,0,25722,25722,0,0,0,174106918,0,172484477,0,0.000000,0.000000,0.000000,16853,37702,352.27,0,0,0,0,SUCCESS,0,0,warm20,,,,,1,0,13650,411,,,used,,,,20260913-1538
2026-09-13 16:34:25,Pre-HAUSPM,SIGN,30,1,0.003000,0.200,0.008,707653,326,0,25482,25482,0,0,0,171235839,0,169649762,0,0.000000,0.000000,0.000000,16464,36776,379.73,0,0,0,0,SUCCESS,0,0,warm20,,,,,1,0,11877,419,,,used,,,,20260913-1538
2026-09-13 16:34:50,Pre-HAUSPM,SIGN,31,1,0.003000,0.200,0.008,720279,332,0,24957,24957,0,0,0,166667451,0,165133644,0,0.000000,0.000000,0.000000,15898,35360,310.12,0,0,0,0,SUCCESS,0,0,warm20,,,,,1,0,12626,426,,,used,,,,20260913-1538
2026-09-13 16:35:15,Pre-HAUSPM,SIGN,32,1,0.003000,0.200,0.008,730705,338,0,24927,24927,0,0,0,164766132,0,163259521,0,0.000000,0.000000,0.000000,15828,35283,383.35,0,0,0,0,SUCCESS,0,0,warm20,,,,,1,0,10426,433,,,used,,,,20260913-1538
2026-09-13 16:35:40,Pre-HAUSPM,SIGN,33,1,0.003000,0.200,0.008,744420,344,0,25052,25052,0,0,0,163636209,0,162153212,0,0.000000,0.000000,0.000000,16554,36879,308.07,0,0,0,0,SUCCESS,0,0,warm20,,,,,1,0,13715,440,,,used,,,,20260913-1538
2026-09-13 16:36:06,Pre-HAUSPM,SIGN,34,1,0.003000,0.200,0.008,756980,350,0,25416,25416,0,0,0,164073201,0,162594948,0,0.000000,0.000000,0.000000,16743,37423,326.96,0,0,0,0,SUCCESS,0,0,warm20,,,,,1,0,12560,448,,,used,,,,20260913-1538
2026-09-13 16:36:31,Pre-HAUSPM,SIGN,35,1,0.003000,0.200,0.008,768219,356,0,25225,25226,0,0,0,161606579,0,160158810,0,0.000000,0.000000,0.000000,16721,37249,474.65,0,0,0,0,SUCCESS,0,0,warm20,,,,,1,0,11239,456,,,used,,,,20260913-1538
2026-09-13 16:36:56,Pre-HAUSPM,SIGN,36,1,0.003000,0.200,0.008,777786,362,0,25230,25230,0,0,0,160438957,0,159008151,0,0.000000,0.000000,0.000000,16692,37287,223.83,0,0,0,0,SUCCESS,0,0,warm20,,,,,1,0,9567,462,,,used,,,,20260913-1538
2026-09-13 16:37:22,Pre-HAUSPM,SIGN,37,1,0.003000,0.200,0.008,790994,368,0,25787,25787,0,0,0,162476627,0,161042062,0,0.000000,0.000000,0.000000,16986,37956,466.57,0,0,0,0,SUCCESS,0,0,warm20,,,,,1,0,13208,468,,,used,,,,20260913-1538
2026-09-13 16:37:48,Pre-HAUSPM,SIGN,38,1,0.003000,0.200,0.008,803248,374,0,25657,25657,0,0,0,160357570,0,158949074,0,0.000000,0.000000,0.000000,16821,37555,367.24,0,0,0,0,SUCCESS,0,0,warm20,,,,,1,0,12254,476,,,used,,,,20260913-1538
2026-09-13 16:38:14,Pre-HAUSPM,SIGN,39,1,0.003000,0.200,0.008,817420,380,0,25716,25716,0,0,0,159236421,0,157847499,0,0.000000,0.000000,0.000000,16757,37525,282.37,0,0,0,0,SUCCESS,0,0,warm20,,,,,1,0,14172,483,,,used,,,,20260913-1538
2026-09-13 16:38:40,Pre-HAUSPM,SIGN,40,1,0.003000,0.200,0.008,828605,386,0,25743,25743,0,0,0,158922308,0,157540184,0,0.000000,0.000000,0.000000,16796,37699,182.21,0,0,0,0,SUCCESS,0,0,warm20,,,,,1,0,11185,492,,,used,,,,20260913-1538
2026-09-13 16:39:06,Pre-HAUSPM,SIGN,41,1,0.003000,0.200,0.008,840915,392,0,25866,25866,0,0,0,158591644,0,157223971,0,0.000000,0.000000,0.000000,16767,37558,225.14,0,0,0,0,SUCCESS,0,0,warm20,,,,,1,0,12310,499,,,used,,,,20260913-1538
2026-09-13 16:39:32,Pre-HAUSPM,SIGN,42,1,0.003000,0.200,0.008,851890,398,0,25982,25982,0,0,0,158095627,0,156737995,0,0.000000,0.000000,0.000000,17093,38284,319.31,0,0,0,0,SUCCESS,0,0,warm20,,,,,1,0,10975,506,,,used,,,,20260913-1538
2026-09-13 16:39:58,Pre-HAUSPM,SIGN,43,1,0.003000,0.200,0.008,867106,404,0,26123,26123,0,0,0,158319979,0,156972502,0,0.000000,0.000000,0.000000,16906,37788,308.52,0,0,0,0,SUCCESS,0,0,warm20,,,,,1,0,15216,513,,,used,,,,20260913-1538
2026-09-13 16:40:25,Pre-HAUSPM,SIGN,44,1,0.003000,0.200,0.008,884460,410,0,26158,26159,0,0,0,157385557,0,156052136,0,0.000000,0.000000,0.000000,16490,36978,325.59,0,0,0,0,SUCCESS,0,0,warm20,,,,,1,0,17354,522,,,used,,,,20260913-1538
2026-09-13 16:40:51,Pre-HAUSPM,SIGN,45,1,0.003000,0.200,0.008,901027,416,0,25815,25815,0,0,0,154388008,0,153088039,0,0.000000,0.000000,0.000000,15893,35711,460.27,0,0,0,0,SUCCESS,0,0,warm20,,,,,1,0,16567,532,,,used,,,,20260913-1538
2026-09-13 16:41:17,Pre-HAUSPM,SIGN,46,1,0.003000,0.200,0.008,916886,422,0,25718,25718,0,0,0,152787167,0,151508695,0,0.000000,0.000000,0.000000,15488,34847,325.90,0,0,0,0,SUCCESS,0,0,warm20,,,,,1,0,15859,542,,,used,,,,20260913-1538
2026-09-13 16:41:42,Pre-HAUSPM,SIGN,47,1,0.003000,0.200,0.008,933116,428,0,25469,25469,0,0,0,150607623,0,149354455,0,0.000000,0.000000,0.000000,15117,34004,149.90,0,0,0,0,SUCCESS,0,0,warm20,,,,,1,0,16230,552,,,used,,,,20260913-1538
2026-09-13 16:42:08,Pre-HAUSPM,SIGN,48,1,0.003000,0.200,0.008,947537,434,0,25244,25244,0,0,0,148750779,0,147519206,0,0.000000,0.000000,0.000000,14733,33154,174.54,0,0,0,0,SUCCESS,0,0,warm20,,,,,1,0,14421,562,,,used,,,,20260913-1538
2026-09-13 16:42:33,Pre-HAUSPM,SIGN,49,1,0.003000,0.200,0.008,957204,440,0,24962,24962,0,0,0,146408699,0,145200316,0,0.000000,0.000000,0.000000,14599,32698,171.82,0,0,0,0,SUCCESS,0,0,warm20,,,,,1,0,9667,570,,,used,,,,20260913-1538
2026-09-13 16:42:58,Pre-HAUSPM,SIGN,50,1,0.003000,0.200,0.008,967022,446,0,24868,24868,0,0,0,145183073,0,143989438,0,0.000000,0.000000,0.000000,14609,32624,153.79,0,0,0,0,SUCCESS,0,0,warm20,,,,,1,0,9818,576,,,used,,,,20260913-1538
2026-09-13 16:43:23,Pre-HAUSPM,SIGN,51,1,0.003000,0.200,0.008,979636,452,0,25184,25184,0,0,0,146282487,0,145085695,0,0.000000,0.000000,0.000000,14554,32458,188.51,0,0,0,0,SUCCESS,0,0,warm20,,,,,1,0,12614,582,,,used,,,,20260913-1538
2026-09-13 16:43:48,Pre-HAUSPM,SIGN,52,1,0.003000,0.200,0.008,990505,458,0,24986,24986,0,0,0,144428401,0,143250838,0,0.000000,0.000000,0.000000,14363,32026,287.39,0,0,0,0,SUCCESS,0,0,warm20,,,,,1,0,10869,590,,,used,,,,20260913-1538
2026-09-13 16:44:13,Pre-HAUSPM,SIGN,53,1,0.003000,0.200,0.008,1001386,464,0,24581,24581,0,0,0,141530822,0,140380899,0,0.000000,0.000000,0.000000,14056,31274,341.66,0,0,0,0,SUCCESS,0,0,warm20,,,,,1,0,10881,596,,,used,,,,20260913-1538
2026-09-13 16:44:38,Pre-HAUSPM,SIGN,54,1,0.003000,0.200,0.008,1016244,470,0,24751,24751,0,0,0,141524229,0,140381544,0,0.000000,0.000000,0.000000,13905,30965,402.13,0,0,0,0,SUCCESS,0,0,warm20,,,,,1,0,14858,603,,,used,,,,20260913-1538
2026-09-13 16:45:03,Pre-HAUSPM,SIGN,55,1,0.003000,0.200,0.008,1027129,476,0,24682,24682,0,0,0,140772970,0,139640415,0,0.000000,0.000000,0.000000,13871,30839,407.30,0,0,0,0,SUCCESS,0,0,warm20,,,,,1,0,10885,612,,,used,,,,20260913-1538
2026-09-13 16:45:28,Pre-HAUSPM,SIGN,56,1,0.003000,0.200,0.008,1047408,482,0,24654,24655,0,0,0,140359358,0,139239449,0,0.000000,0.000000,0.000000,13478,29927,273.17,0,0,0,0,SUCCESS,0,0,warm20,,,,,1,0,20279,618,,,used,,,,20260913-1538
2026-09-13 16:45:52,Pre-HAUSPM,SIGN,57,1,0.003000,0.200,0.008,1060421,488,0,24596,24596,0,0,0,139139438,0,138032339,0,0.000000,0.000000,0.000000,13277,29502,318.86,0,0,0,0,SUCCESS,0,0,warm20,,,,,1,0,13013,630,,,used,,,,20260913-1538
2026-09-13 16:46:17,Pre-HAUSPM,SIGN,58,1,0.003000,0.200,0.008,1079371,494,0,24540,24540,0,0,0,138164884,0,137071456,0,0.000000,0.000000,0.000000,13241,29610,213.88,0,0,0,0,SUCCESS,0,0,warm20,,,,,1,0,18950,638,,,used,,,,20260913-1538
2026-09-13 16:46:42,Pre-HAUSPM,SIGN,59,1,0.003000,0.200,0.008,1096747,500,0,24562,24562,0,0,0,137898195,0,136810521,0,0.000000,0.000000,0.000000,13167,29545,272.41,0,0,0,0,SUCCESS,0,0,warm20,,,,,1,0,17376,650,,,used,,,,20260913-1538
2026-09-13 16:47:06,Pre-HAUSPM,SIGN,60,1,0.003000,0.200,0.008,1110602,506,0,24458,24458,0,0,0,136605777,0,135532593,0,0.000000,0.000000,0.000000,13007,29076,407.16,0,0,0,0,SUCCESS,0,0,warm20,,,,,1,0,13855,660,,,used,,,,20260913-1538
2026-09-13 16:47:31,Pre-HAUSPM,SIGN,61,1,0.003000,0.200,0.008,1124744,512,0,24347,24347,0,0,0,135495873,0,134437554,0,0.000000,0.000000,0.000000,12882,28793,417.37,0,0,0,0,SUCCESS,0,0,warm20,,,,,1,0,14142,668,,,used,,,,20260913-1538
2026-09-13 16:47:56,Pre-HAUSPM,SIGN,62,1,0.003000,0.200,0.008,1139446,518,0,24456,24456,0,0,0,135648178,0,134596099,0,0.000000,0.000000,0.000000,12846,28682,257.41,0,0,0,0,SUCCESS,0,0,warm20,,,,,1,0,14702,677,,,used,,,,20260913-1538
2026-09-13 16:48:20,Pre-HAUSPM,SIGN,63,1,0.003000,0.200,0.008,1156811,524,0,24512,24512,0,0,0,135140781,0,134101872,0,0.000000,0.000000,0.000000,12821,28608,440.17,0,0,0,0,SUCCESS,0,0,warm20,,,,,1,0,17365,686,,,used,,,,20260913-1538
2026-09-13 16:48:45,Pre-HAUSPM,SIGN,64,1,0.003000,0.200,0.008,1169601,530,0,24509,24509,0,0,0,134595691,0,133565833,0,0.000000,0.000000,0.000000,12622,28248,267.66,0,0,0,0,SUCCESS,0,0,warm20,,,,,1,0,12790,696,,,used,,,,20260913-1538
2026-09-13 16:49:09,Pre-HAUSPM,SIGN,65,1,0.003000,0.200,0.008,1183474,536,0,24458,24458,0,0,0,133662857,0,132643748,0,0.000000,0.000000,0.000000,12433,27838,263.62,0,0,0,0,SUCCESS,0,0,warm20,,,,,1,0,13873,704,,,used,,,,20260913-1538
2026-09-13 16:49:34,Pre-HAUSPM,SIGN,66,1,0.003000,0.200,0.008,1194955,542,0,24336,24336,0,0,0,132361068,0,131354867,0,0.000000,0.000000,0.000000,12294,27511,105.44,0,0,0,0,SUCCESS,0,0,warm20,,,,,1,0,11481,712,,,used,,,,20260913-1538
2026-09-13 16:49:58,Pre-HAUSPM,SIGN,67,1,0.003000,0.200,0.008,1209554,548,0,24171,24171,0,0,0,130970872,0,129979928,0,0.000000,0.000000,0.000000,12041,26918,185.33,0,0,0,0,SUCCESS,0,0,warm20,,,,,1,0,14599,719,,,used,,,,20260913-1538
2026-09-13 16:50:23,Pre-HAUSPM,SIGN,68,1,0.003000,0.200,0.008,1225092,554,0,24374,24374,0,0,0,131589149,0,130598018,0,0.000000,0.000000,0.000000,12117,27150,201.49,0,0,0,0,SUCCESS,0,0,warm20,,,,,1,0,15538,728,,,used,,,,20260913-1538
2026-09-13 16:50:48,Pre-HAUSPM,SIGN,69,1,0.003000,0.200,0.008,1246726,560,0,25413,25413,0,0,0,137913641,0,136891857,0,0.000000,0.000000,0.000000,12158,27294,207.60,0,0,0,0,SUCCESS,0,0,warm20,,,,,1,0,21634,737,,,used,,,,20260913-1538
2026-09-13 16:51:14,Pre-HAUSPM,SIGN,70,1,0.003000,0.200,0.008,1265597,566,0,25940,25940,0,0,0,140243450,0,139207881,0,0.000000,0.000000,0.000000,12584,28378,256.84,0,0,0,0,SUCCESS,0,0,warm20,,,,,1,0,18871,750,,,used,,,,20260913-1538
2026-09-13 16:51:41,Pre-HAUSPM,SIGN,71,1,0.003000,0.200,0.008,1283052,572,0,26214,26214,0,0,0,140826464,0,139788920,0,0.000000,0.000000,0.000000,12659,28441,273.97,0,0,0,0,SUCCESS,0,0,warm20,,,,,1,0,17455,762,,,used,,,,20260913-1538
2026-09-13 16:52:08,Pre-HAUSPM,SIGN,72,1,0.003000,0.200,0.008,1300784,578,0,26944,26944,0,0,0,144533017,0,143473202,0,0.000000,0.000000,0.000000,12940,29007,173.77,0,0,0,0,SUCCESS,0,0,warm20,,,,,1,0,17732,772,,,used,,,,20260913-1538
2026-09-13 16:52:36,Pre-HAUSPM,SIGN,73,1,0.003000,0.200,0.008,1316615,584,0,27380,27380,0,0,0,146118210,0,145052421,0,0.000000,0.000000,0.000000,12887,28983,399.45,0,0,0,0,SUCCESS,0,0,warm20,,,,,1,0,15831,783,,,used,,,,20260913-1538
2026-09-13 16:53:03,Pre-HAUSPM,SIGN,74,1,0.003000,0.200,0.008,1330102,590,0,27262,27262,0,0,0,144757249,0,143704650,0,0.000000,0.000000,0.000000,12801,28723,173.15,0,0,0,0,SUCCESS,0,0,warm20,,,,,1,0,13487,792,,,used,,,,20260913-1538
2026-09-13 16:53:30,Pre-HAUSPM,SIGN,75,1,0.003000,0.200,0.008,1342143,596,0,27066,27066,0,0,0,143254355,0,142215573,0,0.000000,0.000000,0.000000,12641,28316,126.88,0,0,0,0,SUCCESS,0,0,warm20,,,,,1,0,12041,800,,,used,,,,20260913-1538
2026-09-13 16:53:57,Pre-HAUSPM,SIGN,76,1,0.003000,0.200,0.008,1352225,602,0,26845,26845,0,0,0,141639923,0,140615109,0,0.000000,0.000000,0.000000,12469,27972,299.24,0,0,0,0,SUCCESS,0,0,warm20,,,,,1,0,10082,808,,,used,,,,20260913-1538
2026-09-13 16:54:24,Pre-HAUSPM,SIGN,77,1,0.003000,0.200,0.008,1364919,608,0,27038,27038,0,0,0,141749308,0,140725714,0,0.000000,0.000000,0.000000,12515,28067,370.06,0,0,0,0,SUCCESS,0,0,warm20,,,,,1,0,12694,814,,,used,,,,20260913-1538
2026-09-13 16:54:52,Pre-HAUSPM,SIGN,78,1,0.003000,0.200,0.008,1378844,614,0,27147,27147,0,0,0,141639414,0,140620092,0,0.000000,0.000000,0.000000,12541,28068,169.32,0,0,0,0,SUCCESS,0,0,warm20,,,,,1,0,13925,821,,,used,,,,20260913-1538
2026-09-13 16:55:19,Pre-HAUSPM,SIGN,79,1,0.003000,0.200,0.008,1390075,620,0,26956,26956,0,0,0,140158075,0,139152029,0,0.000000,0.000000,0.000000,12364,27636,288.01,0,0,0,0,SUCCESS,0,0,warm20,,,,,1,0,11231,830,,,used,,,,20260913-1538
2026-09-13 16:55:46,Pre-HAUSPM,SIGN,80,1,0.003000,0.200,0.008,1404925,626,0,26910,26910,0,0,0,139542030,0,138545957,0,0.000000,0.000000,0.000000,12159,27255,273.14,0,0,0,0,SUCCESS,0,0,warm20,,,,,1,0,14850,837,,,used,,,,20260913-1538
2026-09-13 16:56:13,Pre-HAUSPM,SIGN,81,1,0.003000,0.200,0.008,1419540,632,0,27023,27023,0,0,0,139178909,0,138187066,0,0.000000,0.000000,0.000000,12230,27410,102.34,0,0,0,0,SUCCESS,0,0,warm20,,,,,1,0,14615,845,,,used,,,,20260913-1538
2026-09-13 16:56:41,Pre-HAUSPM,SIGN,82,1,0.003000,0.200,0.008,1430972,638,0,27289,27289,0,0,0,139699716,0,138705051,0,0.000000,0.000000,0.000000,12165,27327,135.42,0,0,0,0,SUCCESS,0,0,warm20,,,,,1,0,11432,854,,,used,,,,20260913-1538
2026-09-13 16:57:08,Pre-HAUSPM,SIGN,83,1,0.003000,0.200,0.008,1446547,644,0,27402,27402,0,0,0,139364770,0,138374288,0,0.000000,0.000000,0.000000,12128,27189,285.80,0,0,0,0,SUCCESS,0,0,warm20,,,,,1,0,15575,861,,,used,,,,20260913-1538
2026-09-13 16:57:36,Pre-HAUSPM,SIGN,84,1,0.003000,0.200,0.008,1466019,650,0,27876,27877,0,0,0,140995861,0,139996989,0,0.000000,0.000000,0.000000,12206,27385,202.49,0,0,0,0,SUCCESS,0,0,warm20,,,,,1,0,19472,871,,,used,,,,20260913-1538
2026-09-13 16:58:04,Pre-HAUSPM,SIGN,85,1,0.003000,0.200,0.008,1477721,656,0,27762,27763,0,0,0,140000489,0,139011383,0,0.000000,0.000000,0.000000,12122,27123,209.20,0,0,0,0,SUCCESS,0,0,warm20,,,,,1,0,11702,882,,,used,,,,20260913-1538
2026-09-13 16:58:32,Pre-HAUSPM,SIGN,86,1,0.003000,0.200,0.008,1489446,662,0,27738,27738,0,0,0,139253336,0,138272051,0,0.000000,0.000000,0.000000,12092,27034,258.93,0,0,0,0,SUCCESS,0,0,warm20,,,,,1,0,11725,889,,,used,,,,20260913-1538
2026-09-13 16:59:00,Pre-HAUSPM,SIGN,87,1,0.003000,0.200,0.008,1504545,668,0,28099,28100,0,0,0,140308464,0,139324018,0,0.000000,0.000000,0.000000,12261,27325,207.23,0,0,0,0,SUCCESS,0,0,warm20,,,,,1,0,15099,896,,,used,,,,20260913-1538
2026-09-13 16:59:30,Pre-HAUSPM,SIGN,88,1,0.003000,0.200,0.008,1520720,674,0,29109,29109,0,0,0,141768005,0,140777235,0,0.000000,0.000000,0.000000,12357,27546,76.45,0,0,0,0,SUCCESS,0,0,warm20,,,,,1,0,16175,905,,,used,,,,20260913-1538
2026-09-13 16:59:59,Pre-HAUSPM,SIGN,89,1,0.003000,0.200,0.008,1534926,680,0,29288,29288,0,0,0,141664588,0,140677293,0,0.000000,0.000000,0.000000,12454,27713,168.20,0,0,0,0,SUCCESS,0,0,warm20,,,,,1,0,14206,915,,,used,,,,20260913-1538
2026-09-13 17:00:29,Pre-HAUSPM,SIGN,90,1,0.003000,0.200,0.008,1553182,686,0,29929,29929,0,0,0,144026977,0,143026814,0,0.000000,0.000000,0.000000,12724,28371,240.60,0,0,0,0,SUCCESS,0,0,warm20,,,,,1,0,18256,924,,,used,,,,20260913-1538
2026-09-13 17:01:00,Pre-HAUSPM,SIGN,91,1,0.003000,0.200,0.008,1569089,692,0,30449,30449,0,0,0,145802741,0,144793713,0,0.000000,0.000000,0.000000,12856,28658,325.36,0,0,0,0,SUCCESS,0,0,warm20,,,,,1,0,15907,935,,,used,,,,20260913-1538
2026-09-13 17:01:31,Pre-HAUSPM,SIGN,92,1,0.003000,0.200,0.008,1586819,698,0,31109,31109,0,0,0,148282579,0,147262089,0,0.000000,0.000000,0.000000,12860,28708,226.35,0,0,0,0,SUCCESS,0,0,warm20,,,,,1,0,17730,944,,,used,,,,20260913-1538
2026-09-13 17:02:03,Pre-HAUSPM,SIGN,93,1,0.003000,0.200,0.008,1606504,704,0,31917,31917,0,0,0,151825814,0,150785814,0,0.000000,0.000000,0.000000,12872,28946,203.03,0,0,0,0,SUCCESS,0,0,warm20,,,,,1,0,19685,955,,,used,,,,20260913-1538
2026-09-13 17:02:36,Pre-HAUSPM,SIGN,94,1,0.003000,0.200,0.008,1616945,710,0,32028,32028,0,0,0,151812047,0,150774293,0,0.000000,0.000000,0.000000,12890,29038,236.50,0,0,0,0,SUCCESS,0,0,warm20,,,,,1,0,10441,967,,,used,,,,20260913-1538
2026-09-13 17:03:08,Pre-HAUSPM,SIGN,95,1,0.003000,0.200,0.008,1631610,716,0,32118,32119,0,0,0,153151246,0,152110391,0,0.000000,0.000000,0.000000,12886,28991,256.30,0,0,0,0,SUCCESS,0,0,warm20,,,,,1,0,14665,973,,,used,,,,20260913-1538
2026-09-13 17:03:41,Pre-HAUSPM,SIGN,96,1,0.003000,0.200,0.008,1649145,722,0,32328,32328,0,0,0,153385586,0,152346864,0,0.000000,0.000000,0.000000,12904,29021,95.99,0,0,0,0,SUCCESS,0,0,warm20,,,,,1,0,17535,982,,,used,,,,20260913-1538
2026-09-13 17:04:13,Pre-HAUSPM,SIGN,97,1,0.003000,0.200,0.008,1663324,728,0,32299,32299,0,0,0,152660495,0,151629501,0,0.000000,0.000000,0.000000,12728,28571,127.17,0,0,0,0,SUCCESS,0,0,warm20,,,,,1,0,14179,992,,,used,,,,20260913-1538
2026-09-13 17:04:46,Pre-HAUSPM,SIGN,98,1,0.003000,0.200,0.008,1668652,730,0,32200,32200,0,0,0,152049944,0,151023735,0,0.000000,0.000000,0.000000,12666,28413,302.74,0,0,0,0,SUCCESS,0,0,warm20,,,,,1,0,5328,1001,,,used,,,,20260913-1538
2026-09-13 17:04:46,Pre-HAUSPM,SIGN,99,1,0.003000,0.200,0.008,1668652,730,0,5,5,0,0,0,0,0,0,0,0.000000,0.000000,0.000000,12666,28413,306.95,0,0,0,0,SUCCESS,0,0,warm20,,,,,0,0,0,1004,,,used,,,,20260913-1538
2026-09-13 17:05:08,Pre-HAUSPM,SIGN,0,2,0.003000,0.200,0.200,319686,146,0,21897,21898,0,0,0,192985412,0,190160260,0,0.000000,0.000000,0.000000,23387,58493,78.89,0,0,0,0,SUCCESS,0,0,warm20,,,,,1,0,319686,0,,,used,,,,20260913-1538
2026-09-13 17:05:30,Pre-HAUSPM,SIGN,1,2,0.003000,0.200,0.008,334092,152,0,22071,22071,0,0,0,191310527,0,188603074,0,0.000000,0.000000,0.000000,23347,57191,81.48,0,0,0,0,SUCCESS,0,0,warm20,,,,,1,0,14406,192,,,used,,,,20260913-1538
2026-09-13 17:05:52,Pre-HAUSPM,SIGN,2,2,0.003000,0.200,0.008,345121,158,0,21550,21550,0,0,0,185430875,0,182854764,0,0.000000,0.000000,0.000000,23125,56725,124.27,0,0,0,0,SUCCESS,0,0,warm20,,,,,1,0,11029,201,,,used,,,,20260913-1538
2026-09-13 17:06:14,Pre-HAUSPM,SIGN,3,2,0.003000,0.200,0.008,358047,164,0,21943,21943,0,0,0,185305928,0,182789449,0,0.000000,0.000000,0.000000,22486,54850,622.39,0,0,0,0,SUCCESS,0,0,warm20,,,,,1,0,12926,208,,,used,,,,20260913-1538
2026-09-13 17:06:35,Pre-HAUSPM,SIGN,4,2,0.003000,0.200,0.008,369331,170,0,21118,21118,0,0,0,176218472,0,173862062,0,0.000000,0.000000,0.000000,21958,52348,815.41,0,0,0,0,SUCCESS,0,0,warm20,,,,,1,0,11284,215,,,used,,,,20260913-1538
2026-09-13 17:06:57,Pre-HAUSPM,SIGN,5,2,0.003000,0.200,0.008,383289,176,0,21281,21282,0,0,0,174965030,0,172692226,0,0.000000,0.000000,0.000000,21751,50861,887.71,0,0,0,0,SUCCESS,0,0,warm20,,,,,1,0,13958,222,,,used,,,,20260913-1538
2026-09-13 17:07:18,Pre-HAUSPM,SIGN,6,2,0.003000,0.200,0.008,393230,182,0,20849,20849,0,0,0,169314751,0,167146636,0,0.000000,0.000000,0.000000,21796,50485,567.96,0,0,0,0,SUCCESS,0,0,warm20,,,,,1,0,9941,231,,,used,,,,20260913-1538
2026-09-13 17:07:38,Pre-HAUSPM,SIGN,7,2,0.003000,0.200,0.008,408594,188,0,20087,20087,0,0,0,162461409,0,160430787,0,0.000000,0.000000,0.000000,20533,47503,215.49,0,0,0,0,SUCCESS,0,0,warm20,,,,,1,0,15364,237,,,used,,,,20260913-1538
2026-09-13 17:07:59,Pre-HAUSPM,SIGN,8,2,0.003000,0.200,0.008,428453,194,0,21132,21132,0,0,0,170832772,0,168749391,0,0.000000,0.000000,0.000000,20113,47452,166.54,0,0,0,0,SUCCESS,0,0,warm20,,,,,1,0,19859,246,,,used,,,,20260913-1538
2026-09-13 17:08:23,Pre-HAUSPM,SIGN,9,2,0.003000,0.200,0.008,446004,200,0,24077,24077,0,0,0,195511272,0,193152591,0,0.000000,0.000000,0.000000,19376,45388,188.87,0,0,0,0,SUCCESS,0,0,warm20,,,,,1,0,17551,258,,,used,,,,20260913-1538
2026-09-13 17:08:47,Pre-HAUSPM,SIGN,10,2,0.003000,0.200,0.008,456476,206,0,23265,23265,0,0,0,187143471,0,184912832,0,0.000000,0.000000,0.000000,18895,43856,538.31,0,0,0,0,SUCCESS,0,0,warm20,,,,,1,0,10472,268,,,used,,,,20260913-1538
2026-09-13 17:09:09,Pre-HAUSPM,SIGN,11,2,0.003000,0.200,0.008,466138,212,0,22527,22527,0,0,0,179750698,0,177633188,0,0.000000,0.000000,0.000000,18242,41996,655.14,0,0,0,0,SUCCESS,0,0,warm20,,,,,1,0,9662,275,,,used,,,,20260913-1538
2026-09-13 17:09:32,Pre-HAUSPM,SIGN,12,2,0.003000,0.200,0.008,480433,218,0,22710,22710,0,0,0,178479034,0,176421826,0,0.000000,0.000000,0.000000,18295,41804,571.82,0,0,0,0,SUCCESS,0,0,warm20,,,,,1,0,14295,281,,,used,,,,20260913-1538
2026-09-13 17:09:56,Pre-HAUSPM,SIGN,13,2,0.003000,0.200,0.008,496413,224,0,23528,23528,0,0,0,181639504,0,179602054,0,0.000000,0.000000,0.000000,19145,43866,361.27,0,0,0,0,SUCCESS,0,0,warm20,,,,,1,0,15980,289,,,used,,,,20260913-1538
2026-09-13 17:10:19,Pre-HAUSPM,SIGN,14,2,0.003000,0.200,0.008,507190,230,0,23273,23274,0,0,0,177807932,0,175834119,0,0.000000,0.000000,0.000000,18586,42577,372.51,0,0,0,0,SUCCESS,0,0,warm20,,,,,1,0,10777,299,,,used,,,,20260913-1538
2026-09-13 17:10:44,Pre-HAUSPM,SIGN,15,2,0.003000,0.200,0.008,518654,236,0,24562,24562,0,0,0,184510125,0,182494752,0,0.000000,0.000000,0.000000,19660,44940,451.31,0,0,0,0,SUCCESS,0,0,warm20,,,,,1,0,11464,305,,,used,,,,20260913-1538
2026-09-13 17:11:10,Pre-HAUSPM,SIGN,16,2,0.003000,0.200,0.008,536314,242,0,26230,26231,0,0,0,193174738,0,191106733,0,0.000000,0.000000,0.000000,20004,45870,386.31,0,0,0,0,SUCCESS,0,0,warm20,,,,,1,0,17660,312,,,used,,,,20260913-1538
2026-09-13 17:11:36,Pre-HAUSPM,SIGN,17,2,0.003000,0.200,0.008,544548,248,0,25706,25706,0,0,0,188229059,0,186231270,0,0.000000,0.000000,0.000000,19532,44618,209.18,0,0,0,0,SUCCESS,0,0,warm20,,,,,1,0,8234,323,,,used,,,,20260913-1538
2026-09-13 17:12:02,Pre-HAUSPM,SIGN,18,2,0.003000,0.200,0.008,556990,254,0,25426,25426,0,0,0,184787353,0,182855941,0,0.000000,0.000000,0.000000,18960,43382,526.87,0,0,0,0,SUCCESS,0,0,warm20,,,,,1,0,12442,328,,,used,,,,20260913-1538
2026-09-13 17:12:28,Pre-HAUSPM,SIGN,19,2,0.003000,0.200,0.008,569490,260,0,25606,25606,0,0,0,183860310,0,181955340,0,0.000000,0.000000,0.000000,18933,43343,284.78,0,0,0,0,SUCCESS,0,0,warm20,,,,,1,0,12500,335,,,used,,,,20260913-1538
2026-09-13 17:12:55,Pre-HAUSPM,SIGN,20,2,0.003000,0.200,0.008,587283,266,0,27163,27163,0,0,0,195235168,0,193267539,0,0.000000,0.000000,0.000000,18422,42182,569.86,0,0,0,0,SUCCESS,0,0,warm20,,,,,1,0,17793,343,,,used,,,,20260913-1538
2026-09-13 17:13:22,Pre-HAUSPM,SIGN,21,2,0.003000,0.200,0.008,601918,272,0,27184,27184,0,0,0,193787685,0,191856339,0,0.000000,0.000000,0.000000,18161,41443,351.05,0,0,0,0,SUCCESS,0,0,warm20,,,,,1,0,14635,353,,,used,,,,20260913-1538
2026-09-13 17:13:50,Pre-HAUSPM,SIGN,22,2,0.003000,0.200,0.008,613134,278,0,27189,27189,0,0,0,192310379,0,190412716,0,0.000000,0.000000,0.000000,18187,41362,101.33,0,0,0,0,SUCCESS,0,0,warm20,,,,,1,0,11216,362,,,used,,,,20260913-1538
2026-09-13 17:14:16,Pre-HAUSPM,SIGN,23,2,0.003000,0.200,0.008,625156,284,0,26077,26077,0,0,0,185075905,0,183265900,0,0.000000,0.000000,0.000000,17486,39616,249.89,0,0,0,0,SUCCESS,0,0,warm20,,,,,1,0,12022,369,,,used,,,,20260913-1538
2026-09-13 17:14:42,Pre-HAUSPM,SIGN,24,2,0.003000,0.200,0.008,639272,290,0,25511,25511,0,0,0,179745467,0,178009236,0,0.000000,0.000000,0.000000,17307,38871,261.95,0,0,0,0,SUCCESS,0,0,warm20,,,,,1,0,14116,376,,,used,,,,20260913-1538
2026-09-13 17:15:07,Pre-HAUSPM,SIGN,25,2,0.003000,0.200,0.008,650468,296,0,25541,25541,0,0,0,178388315,0,176681829,0,0.000000,0.000000,0.000000,17338,38779,186.17,0,0,0,0,SUCCESS,0,0,warm20,,,,,1,0,11196,385,,,used,,,,20260913-1538
2026-09-13 17:15:33,Pre-HAUSPM,SIGN,26,2,0.003000,0.200,0.008,661807,302,0,25499,25499,0,0,0,176929800,0,175246893,0,0.000000,0.000000,0.000000,16997,37896,333.77,0,0,0,0,SUCCESS,0,0,warm20,,,,,1,0,11339,391,,,used,,,,20260913-1538
2026-09-13 17:15:58,Pre-HAUSPM,SIGN,27,2,0.003000,0.200,0.008,671849,308,0,24996,24996,0,0,0,172480210,0,170849325,0,0.000000,0.000000,0.000000,16446,36682,544.75,0,0,0,0,SUCCESS,0,0,warm20,,,,,1,0,10042,398,,,used,,,,20260913-1538
2026-09-13 17:16:23,Pre-HAUSPM,SIGN,28,2,0.003000,0.200,0.008,682126,314,0,24900,24900,0,0,0,170563672,0,168961584,0,0.000000,0.000000,0.000000,16420,36556,251.87,0,0,0,0,SUCCESS,0,0,warm20,,,,,1,0,10277,404,,,used,,,,20260913-1538
2026-09-13 17:16:49,Pre-HAUSPM,SIGN,29,2,0.003000,0.200,0.008,695776,320,0,25776,25776,0,0,0,174106918,0,172484477,0,0.000000,0.000000,0.000000,16853,37702,271.70,0,0,0,0,SUCCESS,0,0,warm20,,,,,1,0,13650,411,,,used,,,,20260913-1538
2026-09-13 17:17:15,Pre-HAUSPM,SIGN,30,2,0.003000,0.200,0.008,707653,326,0,25547,25548,0,0,0,171235839,0,169649762,0,0.000000,0.000000,0.000000,16464,36776,234.53,0,0,0,0,SUCCESS,0,0,warm20,,,,,1,0,11877,419,,,used,,,,20260913-1538
2026-09-13 17:17:40,Pre-HAUSPM,SIGN,31,2,0.003000,0.200,0.008,720279,332,0,25051,25051,0,0,0,166667451,0,165133644,0,0.000000,0.000000,0.000000,15898,35360,312.56,0,0,0,0,SUCCESS,0,0,warm20,,,,,1,0,12626,426,,,used,,,,20260913-1538
2026-09-13 17:18:05,Pre-HAUSPM,SIGN,32,2,0.003000,0.200,0.008,730705,338,0,24981,24981,0,0,0,164766132,0,163259521,0,0.000000,0.000000,0.000000,15828,35283,100.77,0,0,0,0,SUCCESS,0,0,warm20,,,,,1,0,10426,433,,,used,,,,20260913-1538
2026-09-13 17:18:31,Pre-HAUSPM,SIGN,33,2,0.003000,0.200,0.008,744420,344,0,25101,25101,0,0,0,163636209,0,162153212,0,0.000000,0.000000,0.000000,16554,36879,255.53,0,0,0,0,SUCCESS,0,0,warm20,,,,,1,0,13715,440,,,used,,,,20260913-1538
2026-09-13 17:18:56,Pre-HAUSPM,SIGN,34,2,0.003000,0.200,0.008,756980,350,0,25676,25676,0,0,0,164073201,0,162594948,0,0.000000,0.000000,0.000000,16743,37423,156.26,0,0,0,0,SUCCESS,0,0,warm20,,,,,1,0,12560,448,,,used,,,,20260913-1538
2026-09-13 17:19:22,Pre-HAUSPM,SIGN,35,2,0.003000,0.200,0.008,768219,356,0,25803,25803,0,0,0,161606579,0,160158810,0,0.000000,0.000000,0.000000,16721,37249,464.01,0,0,0,0,SUCCESS,0,0,warm20,,,,,1,0,11239,456,,,used,,,,20260913-1538
2026-09-13 17:19:48,Pre-HAUSPM,SIGN,36,2,0.003000,0.200,0.008,777786,362,0,25879,25879,0,0,0,160438957,0,159008151,0,0.000000,0.000000,0.000000,16692,37287,362.83,0,0,0,0,SUCCESS,0,0,warm20,,,,,1,0,9567,462,,,used,,,,20260913-1538
2026-09-13 17:20:15,Pre-HAUSPM,SIGN,37,2,0.003000,0.200,0.008,790994,368,0,26661,26661,0,0,0,162476627,0,161042062,0,0.000000,0.000000,0.000000,16986,37956,439.67,0,0,0,0,SUCCESS,0,0,warm20,,,,,1,0,13208,468,,,used,,,,20260913-1538
2026-09-13 17:20:42,Pre-HAUSPM,SIGN,38,2,0.003000,0.200,0.008,803248,374,0,26512,26512,0,0,0,160357570,0,158949074,0,0.000000,0.000000,0.000000,16821,37555,484.79,0,0,0,0,SUCCESS,0,0,warm20,,,,,1,0,12254,476,,,used,,,,20260913-1538
2026-09-13 17:21:09,Pre-HAUSPM,SIGN,39,2,0.003000,0.200,0.008,817420,380,0,26500,26501,0,0,0,159236421,0,157847499,0,0.000000,0.000000,0.000000,16757,37525,312.61,0,0,0,0,SUCCESS,0,0,warm20,,,,,1,0,14172,483,,,used,,,,20260913-1538
2026-09-13 17:21:35,Pre-HAUSPM,SIGN,40,2,0.003000,0.200,0.008,828605,386,0,26268,26268,0,0,0,158922308,0,157540184,0,0.000000,0.000000,0.000000,16796,37699,211.54,0,0,0,0,SUCCESS,0,0,warm20,,,,,1,0,11185,492,,,used,,,,20260913-1538
2026-09-13 17:22:02,Pre-HAUSPM,SIGN,41,2,0.003000,0.200,0.008,840915,392,0,26381,26381,0,0,0,158591644,0,157223971,0,0.000000,0.000000,0.000000,16767,37558,248.51,0,0,0,0,SUCCESS,0,0,warm20,,,,,1,0,12310,499,,,used,,,,20260913-1538
2026-09-13 17:22:28,Pre-HAUSPM,SIGN,42,2,0.003000,0.200,0.008,851890,398,0,26490,26490,0,0,0,158095627,0,156737995,0,0.000000,0.000000,0.000000,17093,38284,327.44,0,0,0,0,SUCCESS,0,0,warm20,,,,,1,0,10975,506,,,used,,,,20260913-1538
2026-09-13 17:22:55,Pre-HAUSPM,SIGN,43,2,0.003000,0.200,0.008,867106,404,0,26627,26627,0,0,0,158319979,0,156972502,0,0.000000,0.000000,0.000000,16906,37788,316.52,0,0,0,0,SUCCESS,0,0,warm20,,,,,1,0,15216,513,,,used,,,,20260913-1538
2026-09-13 17:23:22,Pre-HAUSPM,SIGN,44,2,0.003000,0.200,0.008,884460,410,0,26680,26680,0,0,0,157385557,0,156052136,0,0.000000,0.000000,0.000000,16490,36978,305.14,0,0,0,0,SUCCESS,0,0,warm20,,,,,1,0,17354,522,,,used,,,,20260913-1538
2026-09-13 17:23:48,Pre-HAUSPM,SIGN,45,2,0.003000,0.200,0.008,901027,416,0,26326,26327,0,0,0,154388008,0,153088039,0,0.000000,0.000000,0.000000,15893,35711,426.61,0,0,0,0,SUCCESS,0,0,warm20,,,,,1,0,16567,532,,,used,,,,20260913-1538
2026-09-13 17:24:15,Pre-HAUSPM,SIGN,46,2,0.003000,0.200,0.008,916886,422,0,25860,25860,0,0,0,152787167,0,151508695,0,0.000000,0.000000,0.000000,15488,34847,77.82,0,0,0,0,SUCCESS,0,0,warm20,,,,,1,0,15859,542,,,used,,,,20260913-1538
2026-09-13 17:24:40,Pre-HAUSPM,SIGN,47,2,0.003000,0.200,0.008,933116,428,0,25459,25460,0,0,0,150607623,0,149354455,0,0.000000,0.000000,0.000000,15117,34004,154.72,0,0,0,0,SUCCESS,0,0,warm20,,,,,1,0,16230,552,,,used,,,,20260913-1538
2026-09-13 17:25:06,Pre-HAUSPM,SIGN,48,2,0.003000,0.200,0.008,947537,434,0,25260,25260,0,0,0,148750779,0,147519206,0,0.000000,0.000000,0.000000,14733,33154,147.59,0,0,0,0,SUCCESS,0,0,warm20,,,,,1,0,14421,562,,,used,,,,20260913-1538
2026-09-13 17:25:31,Pre-HAUSPM,SIGN,49,2,0.003000,0.200,0.008,957204,440,0,24983,24983,0,0,0,146408699,0,145200316,0,0.000000,0.000000,0.000000,14599,32698,303.99,0,0,0,0,SUCCESS,0,0,warm20,,,,,1,0,9667,570,,,used,,,,20260913-1538
2026-09-13 17:25:56,Pre-HAUSPM,SIGN,50,2,0.003000,0.200,0.008,967022,446,0,24888,24888,0,0,0,145183073,0,143989438,0,0.000000,0.000000,0.000000,14609,32624,242.24,0,0,0,0,SUCCESS,0,0,warm20,,,,,1,0,9818,576,,,used,,,,20260913-1538
2026-09-13 17:26:21,Pre-HAUSPM,SIGN,51,2,0.003000,0.200,0.008,979636,452,0,25201,25201,0,0,0,146282487,0,145085695,0,0.000000,0.000000,0.000000,14554,32458,436.64,0,0,0,0,SUCCESS,0,0,warm20,,,,,1,0,12614,582,,,used,,,,20260913-1538
2026-09-13 17:26:46,Pre-HAUSPM,SIGN,52,2,0.003000,0.200,0.008,990505,458,0,24996,24996,0,0,0,144428401,0,143250838,0,0.000000,0.000000,0.000000,14363,32026,246.79,0,0,0,0,SUCCESS,0,0,warm20,,,,,1,0,10869,590,,,used,,,,20260913-1538
2026-09-13 17:27:11,Pre-HAUSPM,SIGN,53,2,0.003000,0.200,0.008,1001386,464,0,24598,24598,0,0,0,141530822,0,140380899,0,0.000000,0.000000,0.000000,14056,31274,376.59,0,0,0,0,SUCCESS,0,0,warm20,,,,,1,0,10881,596,,,used,,,,20260913-1538
2026-09-13 17:27:36,Pre-HAUSPM,SIGN,54,2,0.003000,0.200,0.008,1016244,470,0,24729,24729,0,0,0,141524229,0,140381544,0,0.000000,0.000000,0.000000,13905,30965,463.43,0,0,0,0,SUCCESS,0,0,warm20,,,,,1,0,14858,603,,,used,,,,20260913-1538
2026-09-13 17:28:01,Pre-HAUSPM,SIGN,55,2,0.003000,0.200,0.008,1027129,476,0,24706,24706,0,0,0,140772970,0,139640415,0,0.000000,0.000000,0.000000,13871,30839,322.56,0,0,0,0,SUCCESS,0,0,warm20,,,,,1,0,10885,612,,,used,,,,20260913-1538
2026-09-13 17:28:26,Pre-HAUSPM,SIGN,56,2,0.003000,0.200,0.008,1047408,482,0,24720,24720,0,0,0,140359358,0,139239449,0,0.000000,0.000000,0.000000,13478,29927,77.70,0,0,0,0,SUCCESS,0,0,warm20,,,,,1,0,20279,618,,,used,,,,20260913-1538
2026-09-13 17:28:50,Pre-HAUSPM,SIGN,57,2,0.003000,0.200,0.008,1060421,488,0,24631,24631,0,0,0,139139438,0,138032339,0,0.000000,0.000000,0.000000,13277,29502,239.17,0,0,0,0,SUCCESS,0,0,warm20,,,,,1,0,13013,630,,,used,,,,20260913-1538
2026-09-13 17:29:15,Pre-HAUSPM,SIGN,58,2,0.003000,0.200,0.008,1079371,494,0,24580,24580,0,0,0,138164884,0,137071456,0,0.000000,0.000000,0.000000,13241,29610,358.21,0,0,0,0,SUCCESS,0,0,warm20,,,,,1,0,18950,638,,,used,,,,20260913-1538
2026-09-13 17:29:40,Pre-HAUSPM,SIGN,59,2,0.003000,0.200,0.008,1096747,500,0,24599,24599,0,0,0,137898195,0,136810521,0,0.000000,0.000000,0.000000,13167,29545,321.68,0,0,0,0,SUCCESS,0,0,warm20,,,,,1,0,17376,650,,,used,,,,20260913-1538
2026-09-13 17:30:05,Pre-HAUSPM,SIGN,60,2,0.003000,0.200,0.008,1110602,506,0,24486,24486,0,0,0,136605777,0,135532593,0,0.000000,0.000000,0.000000,13007,29076,312.72,0,0,0,0,SUCCESS,0,0,warm20,,,,,1,0,13855,660,,,used,,,,20260913-1538
2026-09-13 17:30:29,Pre-HAUSPM,SIGN,61,2,0.003000,0.200,0.008,1124744,512,0,24387,24387,0,0,0,135495873,0,134437554,0,0.000000,0.000000,0.000000,12882,28793,457.24,0,0,0,0,SUCCESS,0,0,warm20,,,,,1,0,14142,668,,,used,,,,20260913-1538
2026-09-13 17:30:54,Pre-HAUSPM,SIGN,62,2,0.003000,0.200,0.008,1139446,518,0,24482,24483,0,0,0,135648178,0,134596099,0,0.000000,0.000000,0.000000,12846,28682,441.94,0,0,0,0,SUCCESS,0,0,warm20,,,,,1,0,14702,677,,,used,,,,20260913-1538
2026-09-13 17:31:19,Pre-HAUSPM,SIGN,63,2,0.003000,0.200,0.008,1156811,524,0,24543,24543,0,0,0,135140781,0,134101872,0,0.000000,0.000000,0.000000,12821,28608,462.64,0,0,0,0,SUCCESS,0,0,warm20,,,,,1,0,17365,686,,,used,,,,20260913-1538
2026-09-13 17:31:43,Pre-HAUSPM,SIGN,64,2,0.003000,0.200,0.008,1169601,530,0,24525,24525,0,0,0,134595691,0,133565833,0,0.000000,0.000000,0.000000,12622,28248,261.77,0,0,0,0,SUCCESS,0,0,warm20,,,,,1,0,12790,696,,,used,,,,20260913-1538
2026-09-13 17:32:08,Pre-HAUSPM,SIGN,65,2,0.003000,0.200,0.008,1183474,536,0,24468,24468,0,0,0,133662857,0,132643748,0,0.000000,0.000000,0.000000,12433,27838,203.94,0,0,0,0,SUCCESS,0,0,warm20,,,,,1,0,13873,704,,,used,,,,20260913-1538
2026-09-13 17:32:32,Pre-HAUSPM,SIGN,66,2,0.003000,0.200,0.008,1194955,542,0,24334,24334,0,0,0,132361068,0,131354867,0,0.000000,0.000000,0.000000,12294,27511,113.04,0,0,0,0,SUCCESS,0,0,warm20,,,,,1,0,11481,712,,,used,,,,20260913-1538
2026-09-13 17:32:57,Pre-HAUSPM,SIGN,67,2,0.003000,0.200,0.008,1209554,548,0,24164,24164,0,0,0,130970872,0,129979928,0,0.000000,0.000000,0.000000,12041,26918,192.69,0,0,0,0,SUCCESS,0,0,warm20,,,,,1,0,14599,719,,,used,,,,20260913-1538
2026-09-13 17:33:21,Pre-HAUSPM,SIGN,68,2,0.003000,0.200,0.008,1225092,554,0,24380,24380,0,0,0,131589149,0,130598018,0,0.000000,0.000000,0.000000,12117,27150,214.56,0,0,0,0,SUCCESS,0,0,warm20,,,,,1,0,15538,728,,,used,,,,20260913-1538
2026-09-13 17:33:47,Pre-HAUSPM,SIGN,69,2,0.003000,0.200,0.008,1246726,560,0,25417,25417,0,0,0,137913641,0,136891857,0,0.000000,0.000000,0.000000,12158,27294,214.96,0,0,0,0,SUCCESS,0,0,warm20,,,,,1,0,21634,737,,,used,,,,20260913-1538
2026-09-13 17:34:13,Pre-HAUSPM,SIGN,70,2,0.003000,0.200,0.008,1265597,566,0,25931,25931,0,0,0,140243450,0,139207881,0,0.000000,0.000000,0.000000,12584,28378,269.54,0,0,0,0,SUCCESS,0,0,warm20,,,,,1,0,18871,750,,,used,,,,20260913-1538
2026-09-13 17:34:39,Pre-HAUSPM,SIGN,71,2,0.003000,0.200,0.008,1283052,572,0,26213,26214,0,0,0,140826464,0,139788920,0,0.000000,0.000000,0.000000,12659,28441,280.81,0,0,0,0,SUCCESS,0,0,warm20,,,,,1,0,17455,762,,,used,,,,20260913-1538
2026-09-13 17:35:06,Pre-HAUSPM,SIGN,72,2,0.003000,0.200,0.008,1300784,578,0,26952,26952,0,0,0,144533017,0,143473202,0,0.000000,0.000000,0.000000,12940,29007,410.28,0,0,0,0,SUCCESS,0,0,warm20,,,,,1,0,17732,772,,,used,,,,20260913-1538
2026-09-13 17:35:34,Pre-HAUSPM,SIGN,73,2,0.003000,0.200,0.008,1316615,584,0,27427,27427,0,0,0,146118210,0,145052421,0,0.000000,0.000000,0.000000,12887,28983,60.74,0,0,0,0,SUCCESS,0,0,warm20,,,,,1,0,15831,783,,,used,,,,20260913-1538
2026-09-13 17:36:01,Pre-HAUSPM,SIGN,74,2,0.003000,0.200,0.008,1330102,590,0,27244,27244,0,0,0,144757249,0,143704650,0,0.000000,0.000000,0.000000,12801,28723,280.30,0,0,0,0,SUCCESS,0,0,warm20,,,,,1,0,13487,792,,,used,,,,20260913-1538
2026-09-13 17:36:29,Pre-HAUSPM,SIGN,75,2,0.003000,0.200,0.008,1342143,596,0,27042,27042,0,0,0,143254355,0,142215573,0,0.000000,0.000000,0.000000,12641,28316,313.89,0,0,0,0,SUCCESS,0,0,warm20,,,,,1,0,12041,800,,,used,,,,20260913-1538
2026-09-13 17:36:56,Pre-HAUSPM,SIGN,76,2,0.003000,0.200,0.008,1352225,602,0,26824,26824,0,0,0,141639923,0,140615109,0,0.000000,0.000000,0.000000,12469,27972,352.94,0,0,0,0,SUCCESS,0,0,warm20,,,,,1,0,10082,808,,,used,,,,20260913-1538
2026-09-13 17:37:23,Pre-HAUSPM,SIGN,77,2,0.003000,0.200,0.008,1364919,608,0,27011,27011,0,0,0,141749308,0,140725714,0,0.000000,0.000000,0.000000,12515,28067,284.81,0,0,0,0,SUCCESS,0,0,warm20,,,,,1,0,12694,814,,,used,,,,20260913-1538
2026-09-13 17:37:50,Pre-HAUSPM,SIGN,78,2,0.003000,0.200,0.008,1378844,614,0,27124,27124,0,0,0,141639414,0,140620092,0,0.000000,0.000000,0.000000,12541,28068,211.94,0,0,0,0,SUCCESS,0,0,warm20,,,,,1,0,13925,821,,,used,,,,20260913-1538
2026-09-13 17:38:17,Pre-HAUSPM,SIGN,79,2,0.003000,0.200,0.008,1390075,620,0,26931,26931,0,0,0,140158075,0,139152029,0,0.000000,0.000000,0.000000,12364,27636,202.29,0,0,0,0,SUCCESS,0,0,warm20,,,,,1,0,11231,830,,,used,,,,20260913-1538
2026-09-13 17:38:44,Pre-HAUSPM,SIGN,80,2,0.003000,0.200,0.008,1404925,626,0,26891,26891,0,0,0,139542030,0,138545957,0,0.000000,0.000000,0.000000,12159,27255,314.49,0,0,0,0,SUCCESS,0,0,warm20,,,,,1,0,14850,837,,,used,,,,20260913-1538
2026-09-13 17:39:11,Pre-HAUSPM,SIGN,81,2,0.003000,0.200,0.008,1419540,632,0,26918,26918,0,0,0,139178909,0,138187066,0,0.000000,0.000000,0.000000,12230,27410,441.94,0,0,0,0,SUCCESS,0,0,warm20,,,,,1,0,14615,845,,,used,,,,20260913-1538
2026-09-13 17:39:38,Pre-HAUSPM,SIGN,82,2,0.003000,0.200,0.008,1430972,638,0,27122,27122,0,0,0,139699716,0,138705051,0,0.000000,0.000000,0.000000,12165,27327,193.50,0,0,0,0,SUCCESS,0,0,warm20,,,,,1,0,11432,854,,,used,,,,20260913-1538
2026-09-13 17:40:06,Pre-HAUSPM,SIGN,83,2,0.003000,0.200,0.008,1446547,644,0,27246,27246,0,0,0,139364770,0,138374288,0,0.000000,0.000000,0.000000,12128,27189,337.09,0,0,0,0,SUCCESS,0,0,warm20,,,,,1,0,15575,861,,,used,,,,20260913-1538
2026-09-13 17:40:34,Pre-HAUSPM,SIGN,84,2,0.003000,0.200,0.008,1466019,650,0,27707,27707,0,0,0,140995861,0,139996989,0,0.000000,0.000000,0.000000,12206,27385,240.96,0,0,0,0,SUCCESS,0,0,warm20,,,,,1,0,19472,871,,,used,,,,20260913-1538
2026-09-13 17:41:01,Pre-HAUSPM,SIGN,85,2,0.003000,0.200,0.008,1477721,656,0,27589,27589,0,0,0,140000489,0,139011383,0,0.000000,0.000000,0.000000,12122,27123,489.32,0,0,0,0,SUCCESS,0,0,warm20,,,,,1,0,11702,882,,,used,,,,20260913-1538
2026-09-13 17:41:29,Pre-HAUSPM,SIGN,86,2,0.003000,0.200,0.008,1489446,662,0,27581,27581,0,0,0,139253336,0,138272051,0,0.000000,0.000000,0.000000,12092,27034,257.07,0,0,0,0,SUCCESS,0,0,warm20,,,,,1,0,11725,889,,,used,,,,20260913-1538
2026-09-13 17:41:57,Pre-HAUSPM,SIGN,87,2,0.003000,0.200,0.008,1504545,668,0,27925,27925,0,0,0,140308464,0,139324018,0,0.000000,0.000000,0.000000,12261,27325,344.71,0,0,0,0,SUCCESS,0,0,warm20,,,,,1,0,15099,896,,,used,,,,20260913-1538
2026-09-13 17:42:26,Pre-HAUSPM,SIGN,88,2,0.003000,0.200,0.008,1520720,674,0,28406,28406,0,0,0,141768005,0,140777235,0,0.000000,0.000000,0.000000,12357,27546,389.82,0,0,0,0,SUCCESS,0,0,warm20,,,,,1,0,16175,905,,,used,,,,20260913-1538
2026-09-13 17:42:55,Pre-HAUSPM,SIGN,89,2,0.003000,0.200,0.008,1534926,680,0,28635,28635,0,0,0,141664588,0,140677293,0,0.000000,0.000000,0.000000,12454,27713,142.04,0,0,0,0,SUCCESS,0,0,warm20,,,,,1,0,14206,915,,,used,,,,20260913-1538
2026-09-13 17:43:24,Pre-HAUSPM,SIGN,90,2,0.003000,0.200,0.008,1553182,686,0,29169,29169,0,0,0,144026977,0,143026814,0,0.000000,0.000000,0.000000,12724,28371,278.42,0,0,0,0,SUCCESS,0,0,warm20,,,,,1,0,18256,924,,,used,,,,20260913-1538
2026-09-13 17:43:54,Pre-HAUSPM,SIGN,91,2,0.003000,0.200,0.008,1569089,692,0,29684,29684,0,0,0,145802741,0,144793713,0,0.000000,0.000000,0.000000,12856,28658,207.52,0,0,0,0,SUCCESS,0,0,warm20,,,,,1,0,15907,935,,,used,,,,20260913-1538
2026-09-13 17:44:24,Pre-HAUSPM,SIGN,92,2,0.003000,0.200,0.008,1586819,698,0,30328,30328,0,0,0,148282579,0,147262089,0,0.000000,0.000000,0.000000,12860,28708,440.61,0,0,0,0,SUCCESS,0,0,warm20,,,,,1,0,17730,944,,,used,,,,20260913-1538
2026-09-13 17:44:55,Pre-HAUSPM,SIGN,93,2,0.003000,0.200,0.008,1606504,704,0,31114,31114,0,0,0,151825814,0,150785814,0,0.000000,0.000000,0.000000,12872,28946,481.87,0,0,0,0,SUCCESS,0,0,warm20,,,,,1,0,19685,955,,,used,,,,20260913-1538
2026-09-13 17:45:27,Pre-HAUSPM,SIGN,94,2,0.003000,0.200,0.008,1616945,710,0,31284,31284,0,0,0,151812047,0,150774293,0,0.000000,0.000000,0.000000,12890,29038,227.04,0,0,0,0,SUCCESS,0,0,warm20,,,,,1,0,10441,967,,,used,,,,20260913-1538
2026-09-13 17:45:59,Pre-HAUSPM,SIGN,95,2,0.003000,0.200,0.008,1631610,716,0,31556,31556,0,0,0,153151246,0,152110391,0,0.000000,0.000000,0.000000,12886,28991,355.86,0,0,0,0,SUCCESS,0,0,warm20,,,,,1,0,14665,973,,,used,,,,20260913-1538
2026-09-13 17:46:31,Pre-HAUSPM,SIGN,96,2,0.003000,0.200,0.008,1649145,722,0,31826,31826,0,0,0,153385586,0,152346864,0,0.000000,0.000000,0.000000,12904,29021,336.70,0,0,0,0,SUCCESS,0,0,warm20,,,,,1,0,17535,982,,,used,,,,20260913-1538
2026-09-13 17:47:03,Pre-HAUSPM,SIGN,97,2,0.003000,0.200,0.008,1663324,728,0,31894,31894,0,0,0,152660495,0,151629501,0,0.000000,0.000000,0.000000,12728,28571,169.44,0,0,0,0,SUCCESS,0,0,warm20,,,,,1,0,14179,992,,,used,,,,20260913-1538
2026-09-13 17:47:35,Pre-HAUSPM,SIGN,98,2,0.003000,0.200,0.008,1668652,730,0,31888,31888,0,0,0,152049944,0,151023735,0,0.000000,0.000000,0.000000,12666,28413,298.71,0,0,0,0,SUCCESS,0,0,warm20,,,,,1,0,5328,1001,,,used,,,,20260913-1538
2026-09-13 17:47:35,Pre-HAUSPM,SIGN,99,2,0.003000,0.200,0.008,1668652,730,0,4,4,0,0,0,0,0,0,0,0.000000,0.000000,0.000000,12666,28413,298.76,0,0,0,0,SUCCESS,0,0,warm20,,,,,0,0,0,1004,,,used,,,,20260913-1538
2026-09-13 17:47:37,Pre-HAUSPM,C8T1S5I8N5K,0,0,0.000200,0.200,0.200,9488535,9427,8,2040,2049,0,0,0,21111635,0,20752774,0,0.000000,0.000000,0.000000,6075,62726,869.30,0,0,0,0,SUCCESS,0,0,warm20,,,,,1,0,9488535,0,,,used,,,,20260913-1538
2026-09-13 17:47:39,Pre-HAUSPM,C8T1S5I8N5K,1,0,0.000200,0.200,0.008,9860531,9808,0,1801,1801,0,0,0,22116927,0,21735325,0,0.000000,0.000000,0.000000,5885,63072,1229.67,0,0,0,0,SUCCESS,0,0,warm20,,,,,1,0,371996,380,,,used,,,,20260913-1538
2026-09-13 17:47:41,Pre-HAUSPM,C8T1S5I8N5K,2,0,0.000200,0.200,0.008,10237847,10189,0,1734,1734,0,0,0,20951580,0,20595635,0,0.000000,0.000000,0.000000,6216,63973,692.14,0,0,0,0,SUCCESS,0,0,warm20,,,,,1,0,377316,395,,,used,,,,20260913-1538
2026-09-13 17:47:43,Pre-HAUSPM,C8T1S5I8N5K,3,0,0.000200,0.200,0.008,10612071,10570,0,1626,1626,0,0,0,19448677,0,19134347,0,0.000000,0.000000,0.000000,5710,61981,897.86,0,0,0,0,SUCCESS,0,0,warm20,,,,,1,0,374224,410,,,used,,,,20260913-1538
2026-09-13 17:47:44,Pre-HAUSPM,C8T1S5I8N5K,4,0,0.000200,0.200,0.008,10998812,10951,0,1536,1536,0,0,0,18071328,0,17789057,0,0.000000,0.000000,0.000000,6197,63171,354.32,0,0,0,0,SUCCESS,0,0,warm20,,,,,1,0,386741,425,,,used,,,,20260913-1538
2026-09-13 17:47:46,Pre-HAUSPM,C8T1S5I8N5K,5,0,0.000200,0.200,0.008,11372679,11332,0,1787,1787,0,0,0,21269718,0,20954298,0,0.000000,0.000000,0.000000,7077,64518,404.07,0,0,0,0,SUCCESS,0,0,warm20,,,,,1,0,373867,440,,,used,,,,20260913-1538
2026-09-13 17:47:48,Pre-HAUSPM,C8T1S5I8N5K,6,0,0.000200,0.200,0.008,11751454,11713,0,1767,1767,0,0,0,20563576,0,20264564,0,0.000000,0.000000,0.000000,7171,64792,1995.17,0,0,0,0,SUCCESS,0,0,warm20,,,,,1,0,378775,455,,,used,,,,20260913-1538
2026-09-13 17:47:49,Pre-HAUSPM,C8T1S5I8N5K,7,0,0.000200,0.200,0.008,12140855,12094,0,1734,1734,0,0,0,19848714,0,19570847,0,0.000000,0.000000,0.000000,7532,65246,1380.20,0,0,0,0,SUCCESS,0,0,warm20,,,,,1,0,389401,470,,,used,,,,20260913-1538
2026-09-13 17:47:51,Pre-HAUSPM,C8T1S5I8N5K,8,0,0.000200,0.200,0.008,12513750,12475,0,1729,1729,0,0,0,19577012,0,19303704,0,0.000000,0.000000,0.000000,7536,64977,882.62,0,0,0,0,SUCCESS,0,0,warm20,,,,,1,0,372895,486,,,used,,,,20260913-1538
2026-09-13 17:47:53,Pre-HAUSPM,C8T1S5I8N5K,9,0,0.000200,0.200,0.008,12914821,12856,0,1755,1755,0,0,0,19844611,0,19575542,0,0.000000,0.000000,0.000000,6698,63969,699.73,0,0,0,0,SUCCESS,0,0,warm20,,,,,1,0,401071,501,,,used,,,,20260913-1538
2026-09-13 17:47:55,Pre-HAUSPM,C8T1S5I8N5K,10,0,0.000200,0.200,0.008,13305508,13237,0,1722,1722,0,0,0,19135865,0,18877206,0,0.000000,0.000000,0.000000,6517,64328,1901.53,0,0,0,0,SUCCESS,0,0,warm20,,,,,1,0,390687,517,,,used,,,,20260913-1538
2026-09-13 17:47:56,Pre-HAUSPM,C8T1S5I8N5K,11,0,0.000200,0.200,0.008,13706693,13618,0,1657,1657,0,0,0,18227733,0,17985350,0,0.000000,0.000000,0.000000,6096,63161,866.85,0,0,0,0,SUCCESS,0,0,warm20,,,,,1,0,401185,532,,,used,,,,20260913-1538
2026-09-13 17:47:58,Pre-HAUSPM,C8T1S5I8N5K,12,0,0.000200,0.200,0.008,14085848,13999,0,1667,1667,0,0,0,18243150,0,18003893,0,0.000000,0.000000,0.000000,5787,62935,1788.29,0,0,0,0,SUCCESS,0,0,warm20,,,,,1,0,379155,548,,,used,,,,20260913-1538
2026-09-13 17:48:00,Pre-HAUSPM,C8T1S5I8N5K,13,0,0.000200,0.200,0.008,14448564,14380,0,1669,1669,0,0,0,17966024,0,17733145,0,0.000000,0.000000,0.000000,5569,62344,975.64,0,0,0,0,SUCCESS,0,0,warm20,,,,,1,0,362716,564,,,used,,,,20260913-1538
2026-09-13 17:48:01,Pre-HAUSPM,C8T1S5I8N5K,14,0,0.000200,0.200,0.008,14856850,14761,0,1634,1634,0,0,0,17395333,0,17172280,0,0.000000,0.000000,0.000000,5314,61640,1643.39,0,0,0,0,SUCCESS,0,0,warm20,,,,,1,0,408286,578,,,used,,,,20260913-1538
2026-09-13 17:48:03,Pre-HAUSPM,C8T1S5I8N5K,15,0,0.000200,0.200,0.008,15236031,15142,0,1712,1712,0,0,0,17876392,0,17643874,0,0.000000,0.000000,0.000000,5751,62651,1150.24,0,0,0,0,SUCCESS,0,0,warm20,,,,,1,0,379181,594,,,used,,,,20260913-1538
2026-09-13 17:48:05,Pre-HAUSPM,C8T1S5I8N5K,16,0,0.000200,0.200,0.008,15637254,15523,0,1677,1677,0,0,0,17297378,0,17075306,0,0.000000,0.000000,0.000000,5143,60843,372.85,0,0,0,0,SUCCESS,0,0,warm20,,,,,1,0,401223,610,,,used,,,,20260913-1538
2026-09-13 17:48:06,Pre-HAUSPM,C8T1S5I8N5K,17,0,0.000200,0.200,0.008,16001183,15904,0,1691,1691,0,0,0,17273007,0,17054460,0,0.000000,0.000000,0.000000,4765,59741,1475.59,0,0,0,0,SUCCESS,0,0,warm20,,,,,1,0,363929,626,,,used,,,,20260913-1538
2026-09-13 17:48:08,Pre-HAUSPM,C8T1S5I8N5K,18,0,0.000200,0.200,0.008,16376279,16285,0,1698,1698,0,0,0,17116683,0,16903037,0,0.000000,0.000000,0.000000,5394,60603,918.59,0,0,0,0,SUCCESS,0,0,warm20,,,,,1,0,375096,640,,,used,,,,20260913-1538
2026-09-13 17:48:10,Pre-HAUSPM,C8T1S5I8N5K,19,0,0.000200,0.200,0.008,16736060,16666,0,1670,1671,0,0,0,16719614,0,16513152,0,0.000000,0.000000,0.000000,5316,60342,246.43,0,0,0,0,SUCCESS,0,0,warm20,,,,,1,0,359781,655,,,used,,,,20260913-1538
2026-09-13 17:48:12,Pre-HAUSPM,C8T1S5I8N5K,20,0,0.000200,0.200,0.008,17118756,17047,0,1724,1724,0,0,0,17235367,0,17024896,0,0.000000,0.000000,0.000000,5733,61348,1589.43,0,0,0,0,SUCCESS,0,0,warm20,,,,,1,0,382696,670,,,used,,,,20260913-1538
2026-09-13 17:48:13,Pre-HAUSPM,C8T1S5I8N5K,21,0,0.000200,0.200,0.008,17469367,17428,0,1709,1709,0,0,0,16941374,0,16737491,0,0.000000,0.000000,0.000000,5511,61566,1238.38,0,0,0,0,SUCCESS,0,0,warm20,,,,,1,0,350611,685,,,used,,,,20260913-1538
2026-09-13 17:48:15,Pre-HAUSPM,C8T1S5I8N5K,22,0,0.000200,0.200,0.008,17882077,17809,0,1729,1729,0,0,0,16961194,0,16757666,0,0.000000,0.000000,0.000000,5460,61728,1032.33,0,0,0,0,SUCCESS,0,0,warm20,,,,,1,0,412710,699,,,used,,,,20260913-1538
2026-09-13 17:48:17,Pre-HAUSPM,C8T1S5I8N5K,23,0,0.000200,0.200,0.008,18263919,18190,0,1731,1731,0,0,0,16901016,0,16698995,0,0.000000,0.000000,0.000000,5224,61383,993.02,0,0,0,0,SUCCESS,0,0,warm20,,,,,1,0,381842,715,,,used,,,,20260913-1538
2026-09-13 17:48:19,Pre-HAUSPM,C8T1S5I8N5K,24,0,0.000200,0.200,0.008,18657262,18571,0,1725,1726,0,0,0,16732501,0,16535211,0,0.000000,0.000000,0.000000,4981,60574,985.11,0,0,0,0,SUCCESS,0,0,warm20,,,,,1,0,393343,731,,,used,,,,20260913-1538
2026-09-13 17:48:20,Pre-HAUSPM,C8T1S5I8N5K,25,0,0.000200,0.200,0.008,19053088,18952,0,1747,1747,0,0,0,16830163,0,16634278,0,0.000000,0.000000,0.000000,4603,59643,1150.46,0,0,0,0,SUCCESS,0,0,warm20,,,,,1,0,395826,746,,,used,,,,20260913-1538
2026-09-13 17:48:22,Pre-HAUSPM,C8T1S5I8N5K,26,0,0.000200,0.200,0.008,19437911,19333,0,1726,1726,0,0,0,16553174,0,16362099,0,0.000000,0.000000,0.000000,4467,58953,1198.25,0,0,0,0,SUCCESS,0,0,warm20,,,,,1,0,384823,762,,,used,,,,20260913-1538
2026-09-13 17:48:24,Pre-HAUSPM,C8T1S5I8N5K,27,0,0.000200,0.200,0.008,19822113,19714,0,1734,1734,0,0,0,16430787,0,16242987,0,0.000000,0.000000,0.000000,4548,59283,1294.34,0,0,0,0,SUCCESS,0,0,warm20,,,,,1,0,384202,778,,,used,,,,20260913-1538
2026-09-13 17:48:26,Pre-HAUSPM,C8T1S5I8N5K,28,0,0.000200,0.200,0.008,20208654,20095,0,1741,1741,0,0,0,16433946,0,16248653,0,0.000000,0.000000,0.000000,4279,58679,1493.75,0,0,0,0,SUCCESS,0,0,warm20,,,,,1,0,386541,793,,,used,,,,20260913-1538
2026-09-13 17:48:27,Pre-HAUSPM,C8T1S5I8N5K,29,0,0.000200,0.200,0.008,20585609,20476,0,1750,1750,0,0,0,16423116,0,16240472,0,0.000000,0.000000,0.000000,4122,57939,341.18,0,0,0,0,SUCCESS,0,0,warm20,,,,,1,0,376955,809,,,used,,,,20260913-1538
2026-09-13 17:48:29,Pre-HAUSPM,C8T1S5I8N5K,30,0,0.000200,0.200,0.008,20988516,20857,0,1780,1780,0,0,0,16616114,0,16432836,0,0.000000,0.000000,0.000000,3896,56937,919.46,0,0,0,0,SUCCESS,0,0,warm20,,,,,1,0,402907,824,,,used,,,,20260913-1538
2026-09-13 17:48:31,Pre-HAUSPM,C8T1S5I8N5K,31,0,0.000200,0.200,0.008,21379871,21238,0,1781,1781,0,0,0,16549697,0,16368881,0,0.000000,0.000000,0.000000,3722,56213,1517.84,0,0,0,0,SUCCESS,0,0,warm20,,,,,1,0,391355,840,,,used,,,,20260913-1538
2026-09-13 17:48:33,Pre-HAUSPM,C8T1S5I8N5K,32,0,0.000200,0.200,0.008,21758395,21619,0,1847,1847,0,0,0,17013670,0,16829089,0,0.000000,0.000000,0.000000,3512,55460,1046.90,0,0,0,0,SUCCESS,0,0,warm20,,,,,1,0,378524,855,,,used,,,,20260913-1538
2026-09-13 17:48:35,Pre-HAUSPM,C8T1S5I8N5K,33,0,0.000200,0.200,0.008,22151372,22000,0,1850,1850,0,0,0,16886307,0,16704415,0,0.000000,0.000000,0.000000,3756,56422,642.28,0,0,0,0,SUCCESS,0,0,warm20,,,,,1,0,392977,871,,,used,,,,20260913-1538
2026-09-13 17:48:37,Pre-HAUSPM,C8T1S5I8N5K,34,0,0.000200,0.200,0.008,22537156,22381,0,1869,1869,0,0,0,16946449,0,16766321,0,0.000000,0.000000,0.000000,3758,56185,319.07,0,0,0,0,SUCCESS,0,0,warm20,,,,,1,0,385784,886,,,used,,,,20260913-1538
2026-09-13 17:48:38,Pre-HAUSPM,C8T1S5I8N5K,35,0,0.000200,0.200,0.008,22909920,22762,0,1906,1906,0,0,0,17125283,0,16942398,0,0.000000,0.000000,0.000000,3731,56087,246.69,0,0,0,0,SUCCESS,0,0,warm20,,,,,1,0,372764,902,,,used,,,,20260913-1538
2026-09-13 17:48:40,Pre-HAUSPM,C8T1S5I8N5K,36,0,0.000200,0.200,0.008,23320068,23143,0,1938,1938,0,0,0,17329801,0,17147176,0,0.000000,0.000000,0.000000,3641,55864,453.56,0,0,0,0,SUCCESS,0,0,warm20,,,,,1,0,410148,917,,,used,,,,20260913-1538
2026-09-13 17:48:42,Pre-HAUSPM,C8T1S5I8N5K,37,0,0.000200,0.200,0.008,23698370,23524,0,1945,1945,0,0,0,17267372,0,17086193,0,0.000000,0.000000,0.000000,3515,55356,666.19,0,0,0,0,SUCCESS,0,0,warm20,,,,,1,0,378302,933,,,used,,,,20260913-1538
2026-09-13 17:48:44,Pre-HAUSPM,C8T1S5I8N5K,38,0,0.000200,0.200,0.008,24100790,23905,0,1940,1940,0,0,0,17137332,0,16959372,0,0.000000,0.000000,0.000000,3291,54563,848.62,0,0,0,0,SUCCESS,0,0,warm20,,,,,1,0,402420,948,,,used,,,,20260913-1538
2026-09-13 17:48:46,Pre-HAUSPM,C8T1S5I8N5K,39,0,0.000200,0.200,0.008,24494244,24286,0,1940,1940,0,0,0,17037415,0,16861821,0,0.000000,0.000000,0.000000,3104,53869,1032.40,0,0,0,0,SUCCESS,0,0,warm20,,,,,1,0,393454,964,,,used,,,,20260913-1538
2026-09-13 17:48:48,Pre-HAUSPM,C8T1S5I8N5K,40,0,0.000200,0.200,0.008,24862589,24667,0,1951,1952,0,0,0,17077305,0,16902855,0,0.000000,0.000000,0.000000,2983,53478,1304.87,0,0,0,0,SUCCESS,0,0,warm20,,,,,1,0,368345,980,,,used,,,,20260913-1538
2026-09-13 17:48:50,Pre-HAUSPM,C8T1S5I8N5K,41,0,0.000200,0.200,0.008,25264734,25048,0,1966,1966,0,0,0,17045999,0,16871629,0,0.000000,0.000000,0.000000,2906,52993,366.93,0,0,0,0,SUCCESS,0,0,warm20,,,,,1,0,402145,995,,,used,,,,20260913-1538
2026-09-13 17:48:52,Pre-HAUSPM,C8T1S5I8N5K,42,0,0.000200,0.200,0.008,25654120,25429,0,1990,1990,0,0,0,17277965,0,17103835,0,0.000000,0.000000,0.000000,2835,52527,827.11,0,0,0,0,SUCCESS,0,0,warm20,,,,,1,0,389386,1011,,,used,,,,20260913-1538
2026-09-13 17:48:54,Pre-HAUSPM,C8T1S5I8N5K,43,0,0.000200,0.200,0.008,26046150,25810,0,2034,2034,0,0,0,17472318,0,17298910,0,0.000000,0.000000,0.000000,2897,53555,970.86,0,0,0,0,SUCCESS,0,0,warm20,,,,,1,0,392030,1026,,,used,,,,20260913-1538
2026-09-13 17:48:56,Pre-HAUSPM,C8T1S5I8N5K,44,0,0.000200,0.200,0.008,26432947,26191,0,2059,2059,0,0,0,17601180,0,17427132,0,0.000000,0.000000,0.000000,2697,52912,1090.55,0,0,0,0,SUCCESS,0,0,warm20,,,,,1,0,386797,1042,,,used,,,,20260913-1538
2026-09-13 17:48:58,Pre-HAUSPM,C8T1S5I8N5K,45,0,0.000200,0.200,0.008,26847057,26572,0,2096,2096,0,0,0,17743951,0,17569013,0,0.000000,0.000000,0.000000,2736,52743,1202.61,0,0,0,0,SUCCESS,0,0,warm20,,,,,1,0,414110,1058,,,used,,,,20260913-1538
2026-09-13 17:49:01,Pre-HAUSPM,C8T1S5I8N5K,46,0,0.000200,0.200,0.008,27199889,26953,0,2135,2135,0,0,0,17947670,0,17771232,0,0.000000,0.000000,0.000000,2876,53280,1370.35,0,0,0,0,SUCCESS,0,0,warm20,,,,,1,0,352832,1074,,,used,,,,20260913-1538
2026-09-13 17:49:03,Pre-HAUSPM,C8T1S5I8N5K,47,0,0.000200,0.200,0.008,27579163,27334,0,2154,2154,0,0,0,17982600,0,17807215,0,0.000000,0.000000,0.000000,2901,53178,1410.99,0,0,0,0,SUCCESS,0,0,warm20,,,,,1,0,379274,1088,,,used,,,,20260913-1538
2026-09-13 17:49:05,Pre-HAUSPM,C8T1S5I8N5K,48,0,0.000200,0.200,0.008,27972766,27715,0,2178,2179,0,0,0,18007390,0,17831928,0,0.000000,0.000000,0.000000,2982,53622,1442.08,0,0,0,0,SUCCESS,0,0,warm20,,,,,1,0,393603,1103,,,used,,,,20260913-1538
2026-09-13 17:49:07,Pre-HAUSPM,C8T1S5I8N5K,49,0,0.000200,0.200,0.008,28365723,28096,0,2186,2186,0,0,0,17939980,0,17764377,0,0.000000,0.000000,0.000000,3165,54257,1405.09,0,0,0,0,SUCCESS,0,0,warm20,,,,,1,0,392957,1119,,,used,,,,20260913-1538
2026-09-13 17:49:09,Pre-HAUSPM,C8T1S5I8N5K,50,0,0.000200,0.200,0.008,28747973,28477,0,2194,2194,0,0,0,17852921,0,17678592,0,0.000000,0.000000,0.000000,3190,54169,1355.75,0,0,0,0,SUCCESS,0,0,warm20,,,,,1,0,382250,1135,,,used,,,,20260913-1538
2026-09-13 17:49:12,Pre-HAUSPM,C8T1S5I8N5K,51,0,0.000200,0.200,0.008,29148674,28858,0,2224,2224,0,0,0,17975659,0,17801420,0,0.000000,0.000000,0.000000,3606,55686,1460.21,0,0,0,0,SUCCESS,0,0,warm20,,,,,1,0,400701,1150,,,used,,,,20260913-1538
2026-09-13 17:49:14,Pre-HAUSPM,C8T1S5I8N5K,52,0,0.000200,0.200,0.008,29538239,29239,0,2229,2229,0,0,0,17897180,0,17724494,0,0.000000,0.000000,0.000000,3511,55439,1420.33,0,0,0,0,SUCCESS,0,0,warm20,,,,,1,0,389565,1166,,,used,,,,20260913-1538
2026-09-13 17:49:16,Pre-HAUSPM,C8T1S5I8N5K,53,0,0.000200,0.200,0.008,29906147,29620,0,2251,2251,0,0,0,18059989,0,17887194,0,0.000000,0.000000,0.000000,3391,55150,238.36,0,0,0,0,SUCCESS,0,0,warm20,,,,,1,0,367908,1182,,,used,,,,20260913-1538
2026-09-13 17:49:18,Pre-HAUSPM,C8T1S5I8N5K,54,0,0.000200,0.200,0.008,30291495,30001,0,2258,2259,0,0,0,18048897,0,17877162,0,0.000000,0.000000,0.000000,3264,54647,229.83,0,0,0,0,SUCCESS,0,0,warm20,,,,,1,0,385348,1196,,,used,,,,20260913-1538
2026-09-13 17:49:21,Pre-HAUSPM,C8T1S5I8N5K,55,0,0.000200,0.200,0.008,30683235,30382,0,2278,2278,0,0,0,18063034,0,17892244,0,0.000000,0.000000,0.000000,3174,54221,590.30,0,0,0,0,SUCCESS,0,0,warm20,,,,,1,0,391740,1212,,,used,,,,20260913-1538
2026-09-13 17:49:23,Pre-HAUSPM,C8T1S5I8N5K,56,0,0.000200,0.200,0.008,31050500,30763,0,2295,2295,0,0,0,18144154,0,17973835,0,0.000000,0.000000,0.000000,3135,54227,462.54,0,0,0,0,SUCCESS,0,0,warm20,,,,,1,0,367265,1228,,,used,,,,20260913-1538
2026-09-13 17:49:25,Pre-HAUSPM,C8T1S5I8N5K,57,0,0.000200,0.200,0.008,31397327,31144,0,2304,2304,0,0,0,18193111,0,18023848,0,0.000000,0.000000,0.000000,3034,53896,501.41,0,0,0,0,SUCCESS,0,0,warm20,,,,,1,0,346827,1242,,,used,,,,20260913-1538
2026-09-13 17:49:28,Pre-HAUSPM,C8T1S5I8N5K,58,0,0.000200,0.200,0.008,31771532,31525,0,2308,2308,0,0,0,18195422,0,18027144,0,0.000000,0.000000,0.000000,3040,53766,694.08,0,0,0,0,SUCCESS,0,0,warm20,,,,,1,0,374205,1256,,,used,,,,20260913-1538
2026-09-13 17:49:30,Pre-HAUSPM,C8T1S5I8N5K,59,0,0.000200,0.200,0.008,32144335,31906,0,2316,2316,0,0,0,18191321,0,18024122,0,0.000000,0.000000,0.000000,2918,53314,1106.52,0,0,0,0,SUCCESS,0,0,warm20,,,,,1,0,372803,1271,,,used,,,,20260913-1538
2026-09-13 17:49:32,Pre-HAUSPM,C8T1S5I8N5K,60,0,0.000200,0.200,0.008,32548859,32287,0,2366,2366,0,0,0,18475800,0,18307264,0,0.000000,0.000000,0.000000,3066,53526,757.31,0,0,0,0,SUCCESS,0,0,warm20,,,,,1,0,404524,1286,,,used,,,,20260913-1538
2026-09-13 17:49:35,Pre-HAUSPM,C8T1S5I8N5K,61,0,0.000200,0.200,0.008,32946105,32668,0,2431,2431,0,0,0,18966483,0,18794733,0,0.000000,0.000000,0.000000,3028,53402,905.76,0,0,0,0,SUCCESS,0,0,warm20,,,,,1,0,397246,1302,,,used,,,,20260913-1538
2026-09-13 17:49:37,Pre-HAUSPM,C8T1S5I8N5K,62,0,0.000200,0.200,0.008,33335321,33049,0,2439,2439,0,0,0,18948610,0,18777600,0,0.000000,0.000000,0.000000,2938,53087,1106.48,0,0,0,0,SUCCESS,0,0,warm20,,,,,1,0,389216,1318,,,used,,,,20260913-1538
2026-09-13 17:49:40,Pre-HAUSPM,C8T1S5I8N5K,63,0,0.000200,0.200,0.008,33722190,33430,0,2459,2459,0,0,0,18937633,0,18767094,0,0.000000,0.000000,0.000000,2955,53536,431.80,0,0,0,0,SUCCESS,0,0,warm20,,,,,1,0,386869,1334,,,used,,,,20260913-1538
2026-09-13 17:49:42,Pre-HAUSPM,C8T1S5I8N5K,64,0,0.000200,0.200,0.008,34102757,33811,0,2461,2461,0,0,0,18847451,0,18678458,0,0.000000,0.000000,0.000000,2871,53127,822.45,0,0,0,0,SUCCESS,0,0,warm20,,,,,1,0,380567,1349,,,used,,,,20260913-1538
2026-09-13 17:49:45,Pre-HAUSPM,C8T1S5I8N5K,65,0,0.000200,0.200,0.008,34480042,34192,0,2505,2505,0,0,0,19158181,0,18988278,0,0.000000,0.000000,0.000000,2789,52965,534.03,0,0,0,0,SUCCESS,0,0,warm20,,,,,1,0,377285,1364,,,used,,,,20260913-1538
2026-09-13 17:49:47,Pre-HAUSPM,C8T1S5I8N5K,66,0,0.000200,0.200,0.008,34856177,34573,0,2494,2494,0,0,0,18984037,0,18816012,0,0.000000,0.000000,0.000000,2698,52604,1154.35,0,0,0,0,SUCCESS,0,0,warm20,,,,,1,0,376135,1379,,,used,,,,20260913-1538
2026-09-13 17:49:50,Pre-HAUSPM,C8T1S5I8N5K,67,0,0.000200,0.200,0.008,35248911,34954,0,2489,2489,0,0,0,18830943,0,18664711,0,0.000000,0.000000,0.000000,2620,52266,621.61,0,0,0,0,SUCCESS,0,0,warm20,,,,,1,0,392734,1395,,,used,,,,20260913-1538
2026-09-13 17:49:52,Pre-HAUSPM,C8T1S5I8N5K,68,0,0.000200,0.200,0.008,35625465,35335,0,2496,2496,0,0,0,18785697,0,18620056,0,0.000000,0.000000,0.000000,2554,51857,219.00,0,0,0,0,SUCCESS,0,0,warm20,,,,,1,0,376554,1410,,,used,,,,20260913-1538
2026-09-13 17:49:55,Pre-HAUSPM,C8T1S5I8N5K,69,0,0.000200,0.200,0.008,36012354,35716,0,2478,2479,0,0,0,18561263,0,18398234,0,0.000000,0.000000,0.000000,2554,51662,782.43,0,0,0,0,SUCCESS,0,0,warm20,,,,,1,0,386889,1425,,,used,,,,20260913-1538
2026-09-13 17:49:57,Pre-HAUSPM,C8T1S5I8N5K,70,0,0.000200,0.200,0.008,36402179,36097,0,2501,2501,0,0,0,18672455,0,18509089,0,0.000000,0.000000,0.000000,2518,51615,434.52,0,0,0,0,SUCCESS,0,0,warm20,,,,,1,0,389825,1441,,,used,,,,20260913-1538
2026-09-13 17:50:00,Pre-HAUSPM,C8T1S5I8N5K,71,0,0.000200,0.200,0.008,36796212,36478,0,2511,2511,0,0,0,18683735,0,18520741,0,0.000000,0.000000,0.000000,2562,51872,173.57,0,0,0,0,SUCCESS,0,0,warm20,,,,,1,0,394033,1456,,,used,,,,20260913-1538
2026-09-13 17:50:02,Pre-HAUSPM,C8T1S5I8N5K,72,0,0.000200,0.200,0.008,37177330,36859,0,2525,2525,0,0,0,18668054,0,18505167,0,0.000000,0.000000,0.000000,2519,51626,1052.32,0,0,0,0,SUCCESS,0,0,warm20,,,,,1,0,381118,1472,,,used,,,,20260913-1538
2026-09-13 17:50:05,Pre-HAUSPM,C8T1S5I8N5K,73,0,0.000200,0.200,0.008,37549228,37240,0,2567,2567,0,0,0,18893367,0,18729919,0,0.000000,0.000000,0.000000,2480,51643,1108.43,0,0,0,0,SUCCESS,0,0,warm20,,,,,1,0,371898,1487,,,used,,,,20260913-1538
2026-09-13 17:50:08,Pre-HAUSPM,C8T1S5I8N5K,74,0,0.000200,0.200,0.008,37929817,37621,0,2602,2602,0,0,0,19131046,0,18966790,0,0.000000,0.000000,0.000000,2451,51343,353.88,0,0,0,0,SUCCESS,0,0,warm20,,,,,1,0,380589,1502,,,used,,,,20260913-1538
2026-09-13 17:50:10,Pre-HAUSPM,C8T1S5I8N5K,75,0,0.000200,0.200,0.008,38317022,38002,0,2620,2620,0,0,0,19258621,0,19095472,0,0.000000,0.000000,0.000000,2489,51590,696.56,0,0,0,0,SUCCESS,0,0,warm20,,,,,1,0,387205,1517,,,used,,,,20260913-1538
2026-09-13 17:50:13,Pre-HAUSPM,C8T1S5I8N5K,76,0,0.000200,0.200,0.008,38681308,38383,0,2628,2628,0,0,0,19259561,0,19097020,0,0.000000,0.000000,0.000000,2455,51281,1030.73,0,0,0,0,SUCCESS,0,0,warm20,,,,,1,0,364286,1533,,,used,,,,20260913-1538
2026-09-13 17:50:16,Pre-HAUSPM,C8T1S5I8N5K,77,0,0.000200,0.200,0.008,39054424,38764,0,2643,2643,0,0,0,19308530,0,19145993,0,0.000000,0.000000,0.000000,2481,51041,419.51,0,0,0,0,SUCCESS,0,0,warm20,,,,,1,0,373116,1548,,,used,,,,20260913-1538
2026-09-13 17:50:18,Pre-HAUSPM,C8T1S5I8N5K,78,0,0.000200,0.200,0.008,39411343,39145,0,2663,2663,0,0,0,19330772,0,19168150,0,0.000000,0.000000,0.000000,2527,51167,855.01,0,0,0,0,SUCCESS,0,0,warm20,,,,,1,0,356919,1562,,,used,,,,20260913-1538
2026-09-13 17:50:21,Pre-HAUSPM,C8T1S5I8N5K,79,0,0.000200,0.200,0.008,39780981,39526,0,2707,2707,0,0,0,19483171,0,19319772,0,0.000000,0.000000,0.000000,2581,51539,458.51,0,0,0,0,SUCCESS,0,0,warm20,,,,,1,0,369638,1577,,,used,,,,20260913-1538
2026-09-13 17:50:24,Pre-HAUSPM,C8T1S5I8N5K,80,0,0.000200,0.200,0.008,40169171,39907,0,2727,2727,0,0,0,19529873,0,19366304,0,0.000000,0.000000,0.000000,2552,51398,1117.94,0,0,0,0,SUCCESS,0,0,warm20,,,,,1,0,388190,1592,,,used,,,,20260913-1538
2026-09-13 17:50:27,Pre-HAUSPM,C8T1S5I8N5K,81,0,0.000200,0.200,0.008,40555772,40288,0,2750,2750,0,0,0,19577210,0,19413586,0,0.000000,0.000000,0.000000,2574,51274,840.69,0,0,0,0,SUCCESS,0,0,warm20,,,,,1,0,386601,1607,,,used,,,,20260913-1538
2026-09-13 17:50:29,Pre-HAUSPM,C8T1S5I8N5K,82,0,0.000200,0.200,0.008,40937437,40669,0,2754,2754,0,0,0,19565094,0,19402056,0,0.000000,0.000000,0.000000,2542,51088,624.89,0,0,0,0,SUCCESS,0,0,warm20,,,,,1,0,381665,1623,,,used,,,,20260913-1538
2026-09-13 17:50:32,Pre-HAUSPM,C8T1S5I8N5K,83,0,0.000200,0.200,0.008,41314466,41050,0,2818,2818,0,0,0,19879129,0,19714660,0,0.000000,0.000000,0.000000,2516,50969,905.57,0,0,0,0,SUCCESS,0,0,warm20,,,,,1,0,377029,1638,,,used,,,,20260913-1538
2026-09-13 17:50:35,Pre-HAUSPM,C8T1S5I8N5K,84,0,0.000200,0.200,0.008,41724684,41431,0,2810,2810,0,0,0,19749185,0,19585805,0,0.000000,0.000000,0.000000,2489,50715,1103.09,0,0,0,0,SUCCESS,0,0,warm20,,,,,1,0,410218,1653,,,used,,,,20260913-1538
2026-09-13 17:50:38,Pre-HAUSPM,C8T1S5I8N5K,85,0,0.000200,0.200,0.008,42093147,41812,0,2851,2852,0,0,0,19902203,0,19738078,0,0.000000,0.000000,0.000000,2440,50770,459.84,0,0,0,0,SUCCESS,0,0,warm20,,,,,1,0,368463,1669,,,used,,,,20260913-1538
2026-09-13 17:50:41,Pre-HAUSPM,C8T1S5I8N5K,86,0,0.000200,0.200,0.008,42494057,42193,0,2891,2891,0,0,0,19862303,0,19698783,0,0.000000,0.000000,0.000000,2493,51154,562.60,0,0,0,0,SUCCESS,0,0,warm20,,,,,1,0,400910,1684,,,used,,,,20260913-1538
2026-09-13 17:50:44,Pre-HAUSPM,C8T1S5I8N5K,87,0,0.000200,0.200,0.008,42876090,42574,0,2861,2861,0,0,0,19793007,0,19630463,0,0.000000,0.000000,0.000000,2433,50910,966.25,0,0,0,0,SUCCESS,0,0,warm20,,,,,1,0,382033,1700,,,used,,,,20260913-1538
2026-09-13 17:50:47,Pre-HAUSPM,C8T1S5I8N5K,88,0,0.000200,0.200,0.008,43249167,42955,0,2867,2867,0,0,0,19722095,0,19560417,0,0.000000,0.000000,0.000000,2454,50681,299.32,0,0,0,0,SUCCESS,0,0,warm20,,,,,1,0,373077,1715,,,used,,,,20260913-1538
2026-09-13 17:50:50,Pre-HAUSPM,C8T1S5I8N5K,89,0,0.000200,0.200,0.008,43639417,43336,0,2872,2872,0,0,0,19666977,0,19506056,0,0.000000,0.000000,0.000000,2455,50650,927.86,0,0,0,0,SUCCESS,0,0,warm20,,,,,1,0,390250,1730,,,used,,,,20260913-1538
2026-09-13 17:50:52,Pre-HAUSPM,C8T1S5I8N5K,90,0,0.000200,0.200,0.008,44032208,43717,0,2876,2876,0,0,0,19599655,0,19439781,0,0.000000,0.000000,0.000000,2451,50800,592.13,0,0,0,0,SUCCESS,0,0,warm20,,,,,1,0,392791,1746,,,used,,,,20260913-1538
2026-09-13 17:50:55,Pre-HAUSPM,C8T1S5I8N5K,91,0,0.000200,0.200,0.008,44399967,44098,0,2898,2898,0,0,0,19593820,0,19433863,0,0.000000,0.000000,0.000000,2431,50881,413.10,0,0,0,0,SUCCESS,0,0,warm20,,,,,1,0,367759,1762,,,used,,,,20260913-1538
2026-09-13 17:50:58,Pre-HAUSPM,C8T1S5I8N5K,92,0,0.000200,0.200,0.008,44779784,44479,0,2878,2878,0,0,0,19381209,0,19222963,0,0.000000,0.000000,0.000000,2415,50818,207.56,0,0,0,0,SUCCESS,0,0,warm20,,,,,1,0,379817,1776,,,used,,,,20260913-1538
2026-09-13 17:51:01,Pre-HAUSPM,C8T1S5I8N5K,93,0,0.000200,0.200,0.008,45163101,44860,0,2880,2880,0,0,0,19320600,0,19163167,0,0.000000,0.000000,0.000000,2417,50549,1111.70,0,0,0,0,SUCCESS,0,0,warm20,,,,,1,0,383317,1792,,,used,,,,20260913-1538
2026-09-13 17:51:04,Pre-HAUSPM,C8T1S5I8N5K,94,0,0.000200,0.200,0.008,45537311,45241,0,2896,2896,0,0,0,19326014,0,19169461,0,0.000000,0.000000,0.000000,2509,50921,881.90,0,0,0,0,SUCCESS,0,0,warm20,,,,,1,0,374210,1807,,,used,,,,20260913-1538
2026-09-13 17:51:07,Pre-HAUSPM,C8T1S5I8N5K,95,0,0.000200,0.200,0.008,45914685,45622,0,2886,2886,0,0,0,19191631,0,19036659,0,0.000000,0.000000,0.000000,2472,50847,580.24,0,0,0,0,SUCCESS,0,0,warm20,,,,,1,0,377374,1822,,,used,,,,20260913-1538
2026-09-13 17:51:10,Pre-HAUSPM,C8T1S5I8N5K,96,0,0.000200,0.200,0.008,46297846,46003,0,2955,2956,0,0,0,19511744,0,19355022,0,0.000000,0.000000,0.000000,2565,51291,532.46,0,0,0,0,SUCCESS,0,0,warm20,,,,,1,0,383161,1837,,,used,,,,20260913-1538
2026-09-13 17:51:13,Pre-HAUSPM,C8T1S5I8N5K,97,0,0.000200,0.200,0.008,46661169,46384,0,2957,2957,0,0,0,19374519,0,19219353,0,0.000000,0.000000,0.000000,2642,51628,404.81,0,0,0,0,SUCCESS,0,0,warm20,,,,,1,0,363323,1852,,,used,,,,20260913-1538
2026-09-13 17:51:16,Pre-HAUSPM,C8T1S5I8N5K,98,0,0.000200,0.200,0.008,47042336,46765,0,2966,2967,0,0,0,19327834,0,19173528,0,0.000000,0.000000,0.000000,2654,51802,287.88,0,0,0,0,SUCCESS,0,0,warm20,,,,,1,0,381167,1867,,,used,,,,20260913-1538
2026-09-13 17:51:19,Pre-HAUSPM,C8T1S5I8N5K,99,0,0.000200,0.200,0.008,47416411,47133,0,2977,2977,0,0,0,19323837,0,19169868,0,0.000000,0.000000,0.000000,2623,51786,1329.26,0,0,0,0,SUCCESS,0,0,warm20,,,,,1,0,374075,1882,,,used,,,,20260913-1538
2026-09-13 17:51:22,Pre-HAUSPM,C8T1S5I8N5K,0,1,0.000200,0.200,0.200,9488535,9427,19,2085,2105,0,0,0,21111635,0,20752774,0,0.000000,0.000000,0.000000,6075,62726,1004.65,0,0,0,0,SUCCESS,0,0,warm20,,,,,1,0,9488535,0,,,used,,,,20260913-1538
2026-09-13 17:51:23,Pre-HAUSPM,C8T1S5I8N5K,1,1,0.000200,0.200,0.008,9860531,9808,0,1841,1841,0,0,0,22116927,0,21735325,0,0.000000,0.000000,0.000000,5885,63072,1615.23,0,0,0,0,SUCCESS,0,0,warm20,,,,,1,0,371996,380,,,used,,,,20260913-1538
2026-09-13 17:51:25,Pre-HAUSPM,C8T1S5I8N5K,2,1,0.000200,0.200,0.008,10237847,10189,0,1774,1774,0,0,0,20951580,0,20595635,0,0.000000,0.000000,0.000000,6216,63973,1318.44,0,0,0,0,SUCCESS,0,0,warm20,,,,,1,0,377316,395,,,used,,,,20260913-1538
2026-09-13 17:51:27,Pre-HAUSPM,C8T1S5I8N5K,3,1,0.000200,0.200,0.008,10612071,10570,0,1660,1660,0,0,0,19448677,0,19134347,0,0.000000,0.000000,0.000000,5710,61981,2042.47,0,0,0,0,SUCCESS,0,0,warm20,,,,,1,0,374224,410,,,used,,,,20260913-1538
2026-09-13 17:51:28,Pre-HAUSPM,C8T1S5I8N5K,4,1,0.000200,0.200,0.008,10998812,10951,0,1569,1569,0,0,0,18071328,0,17789057,0,0.000000,0.000000,0.000000,6197,63171,1884.32,0,0,0,0,SUCCESS,0,0,warm20,,,,,1,0,386741,425,,,used,,,,20260913-1538
2026-09-13 17:51:30,Pre-HAUSPM,C8T1S5I8N5K,5,1,0.000200,0.200,0.008,11372679,11332,0,1833,1833,0,0,0,21269718,0,20954298,0,0.000000,0.000000,0.000000,7077,64518,2116.78,0,0,0,0,SUCCESS,0,0,warm20,,,,,1,0,373867,440,,,used,,,,20260913-1538
2026-09-13 17:51:32,Pre-HAUSPM,C8T1S5I8N5K,6,1,0.000200,0.200,0.008,11751454,11713,0,1799,1799,0,0,0,20563576,0,20264564,0,0.000000,0.000000,0.000000,7171,64792,2188.82,0,0,0,0,SUCCESS,0,0,warm20,,,,,1,0,378775,455,,,used,,,,20260913-1538
2026-09-13 17:51:34,Pre-HAUSPM,C8T1S5I8N5K,7,1,0.000200,0.200,0.008,12140855,12094,0,1767,1768,0,0,0,19848714,0,19570847,0,0.000000,0.000000,0.000000,7532,65246,2084.87,0,0,0,0,SUCCESS,0,0,warm20,,,,,1,0,389401,470,,,used,,,,20260913-1538
2026-09-13 17:51:36,Pre-HAUSPM,C8T1S5I8N5K,8,1,0.000200,0.200,0.008,12513750,12475,0,1770,1771,0,0,0,19577012,0,19303704,0,0.000000,0.000000,0.000000,7536,64977,2086.84,0,0,0,0,SUCCESS,0,0,warm20,,,,,1,0,372895,486,,,used,,,,20260913-1538
2026-09-13 17:51:37,Pre-HAUSPM,C8T1S5I8N5K,9,1,0.000200,0.200,0.008,12914821,12856,0,1788,1788,0,0,0,19844611,0,19575542,0,0.000000,0.000000,0.000000,6698,63969,566.48,0,0,0,0,SUCCESS,0,0,warm20,,,,,1,0,401071,501,,,used,,,,20260913-1538
2026-09-13 17:51:39,Pre-HAUSPM,C8T1S5I8N5K,10,1,0.000200,0.200,0.008,13305508,13237,0,1758,1759,0,0,0,19135865,0,18877206,0,0.000000,0.000000,0.000000,6517,64328,758.06,0,0,0,0,SUCCESS,0,0,warm20,,,,,1,0,390687,517,,,used,,,,20260913-1538
2026-09-13 17:51:41,Pre-HAUSPM,C8T1S5I8N5K,11,1,0.000200,0.200,0.008,13706693,13618,0,1689,1690,0,0,0,18227733,0,17985350,0,0.000000,0.000000,0.000000,6096,63161,508.92,0,0,0,0,SUCCESS,0,0,warm20,,,,,1,0,401185,532,,,used,,,,20260913-1538
2026-09-13 17:51:43,Pre-HAUSPM,C8T1S5I8N5K,12,1,0.000200,0.200,0.008,14085848,13999,0,1700,1701,0,0,0,18243150,0,18003893,0,0.000000,0.000000,0.000000,5787,62935,454.79,0,0,0,0,SUCCESS,0,0,warm20,,,,,1,0,379155,548,,,used,,,,20260913-1538
2026-09-13 17:51:44,Pre-HAUSPM,C8T1S5I8N5K,13,1,0.000200,0.200,0.008,14448564,14380,0,1701,1701,0,0,0,17966024,0,17733145,0,0.000000,0.000000,0.000000,5569,62344,400.12,0,0,0,0,SUCCESS,0,0,warm20,,,,,1,0,362716,564,,,used,,,,20260913-1538
2026-09-13 17:51:46,Pre-HAUSPM,C8T1S5I8N5K,14,1,0.000200,0.200,0.008,14856850,14761,0,1672,1672,0,0,0,17395333,0,17172280,0,0.000000,0.000000,0.000000,5314,61640,1909.44,0,0,0,0,SUCCESS,0,0,warm20,,,,,1,0,408286,578,,,used,,,,20260913-1538
2026-09-13 17:51:48,Pre-HAUSPM,C8T1S5I8N5K,15,1,0.000200,0.200,0.008,15236031,15142,0,1754,1755,0,0,0,17876392,0,17643874,0,0.000000,0.000000,0.000000,5751,62651,281.09,0,0,0,0,SUCCESS,0,0,warm20,,,,,1,0,379181,594,,,used,,,,20260913-1538
2026-09-13 17:51:50,Pre-HAUSPM,C8T1S5I8N5K,16,1,0.000200,0.200,0.008,15637254,15523,0,1710,1710,0,0,0,17297378,0,17075306,0,0.000000,0.000000,0.000000,5143,60843,199.32,0,0,0,0,SUCCESS,0,0,warm20,,,,,1,0,401223,610,,,used,,,,20260913-1538
2026-09-13 17:51:51,Pre-HAUSPM,C8T1S5I8N5K,17,1,0.000200,0.200,0.008,16001183,15904,0,1720,1721,0,0,0,17273007,0,17054460,0,0.000000,0.000000,0.000000,4765,59741,302.63,0,0,0,0,SUCCESS,0,0,warm20,,,,,1,0,363929,626,,,used,,,,20260913-1538
2026-09-13 17:51:53,Pre-HAUSPM,C8T1S5I8N5K,18,1,0.000200,0.200,0.008,16376279,16285,0,1728,1728,0,0,0,17116683,0,16903037,0,0.000000,0.000000,0.000000,5394,60603,477.71,0,0,0,0,SUCCESS,0,0,warm20,,,,,1,0,375096,640,,,used,,,,20260913-1538
2026-09-13 17:51:55,Pre-HAUSPM,C8T1S5I8N5K,19,1,0.000200,0.200,0.008,16736060,16666,0,1713,1713,0,0,0,16719614,0,16513152,0,0.000000,0.000000,0.000000,5316,60342,524.10,0,0,0,0,SUCCESS,0,0,warm20,,,,,1,0,359781,655,,,used,,,,20260913-1538
2026-09-13 17:51:56,Pre-HAUSPM,C8T1S5I8N5K,20,1,0.000200,0.200,0.008,17118756,17047,0,1761,1762,0,0,0,17235367,0,17024896,0,0.000000,0.000000,0.000000,5733,61348,1089.33,0,0,0,0,SUCCESS,0,0,warm20,,,,,1,0,382696,670,,,used,,,,20260913-1538
2026-09-13 17:51:58,Pre-HAUSPM,C8T1S5I8N5K,21,1,0.000200,0.200,0.008,17469367,17428,0,1740,1741,0,0,0,16941374,0,16737491,0,0.000000,0.000000,0.000000,5511,61566,1663.51,0,0,0,0,SUCCESS,0,0,warm20,,,,,1,0,350611,685,,,used,,,,20260913-1538
2026-09-13 17:52:00,Pre-HAUSPM,C8T1S5I8N5K,22,1,0.000200,0.200,0.008,17882077,17809,0,1763,1763,0,0,0,16961194,0,16757666,0,0.000000,0.000000,0.000000,5460,61728,675.39,0,0,0,0,SUCCESS,0,0,warm20,,,,,1,0,412710,699,,,used,,,,20260913-1538
2026-09-13 17:52:02,Pre-HAUSPM,C8T1S5I8N5K,23,1,0.000200,0.200,0.008,18263919,18190,0,1767,1767,0,0,0,16901016,0,16698995,0,0.000000,0.000000,0.000000,5224,61383,1392.01,0,0,0,0,SUCCESS,0,0,warm20,,,,,1,0,381842,715,,,used,,,,20260913-1538
2026-09-13 17:52:04,Pre-HAUSPM,C8T1S5I8N5K,24,1,0.000200,0.200,0.008,18657262,18571,0,1763,1764,0,0,0,16732501,0,16535211,0,0.000000,0.000000,0.000000,4981,60574,476.77,0,0,0,0,SUCCESS,0,0,warm20,,,,,1,0,393343,731,,,used,,,,20260913-1538
2026-09-13 17:52:05,Pre-HAUSPM,C8T1S5I8N5K,25,1,0.000200,0.200,0.008,19053088,18952,0,1781,1781,0,0,0,16830163,0,16634278,0,0.000000,0.000000,0.000000,4603,59643,1335.67,0,0,0,0,SUCCESS,0,0,warm20,,,,,1,0,395826,746,,,used,,,,20260913-1538
2026-09-13 17:52:07,Pre-HAUSPM,C8T1S5I8N5K,26,1,0.000200,0.200,0.008,19437911,19333,0,1760,1760,0,0,0,16553174,0,16362099,0,0.000000,0.000000,0.000000,4467,58953,509.50,0,0,0,0,SUCCESS,0,0,warm20,,,,,1,0,384823,762,,,used,,,,20260913-1538
2026-09-13 17:52:09,Pre-HAUSPM,C8T1S5I8N5K,27,1,0.000200,0.200,0.008,19822113,19714,0,1770,1770,0,0,0,16430787,0,16242987,0,0.000000,0.000000,0.000000,4548,59283,1367.47,0,0,0,0,SUCCESS,0,0,warm20,,,,,1,0,384202,778,,,used,,,,20260913-1538
2026-09-13 17:52:11,Pre-HAUSPM,C8T1S5I8N5K,28,1,0.000200,0.200,0.008,20208654,20095,0,1777,1777,0,0,0,16433946,0,16248653,0,0.000000,0.000000,0.000000,4279,58679,770.30,0,0,0,0,SUCCESS,0,0,warm20,,,,,1,0,386541,793,,,used,,,,20260913-1538
2026-09-13 17:52:13,Pre-HAUSPM,C8T1S5I8N5K,29,1,0.000200,0.200,0.008,20585609,20476,0,1785,1785,0,0,0,16423116,0,16240472,0,0.000000,0.000000,0.000000,4122,57939,319.13,0,0,0,0,SUCCESS,0,0,warm20,,,,,1,0,376955,809,,,used,,,,20260913-1538
2026-09-13 17:52:14,Pre-HAUSPM,C8T1S5I8N5K,30,1,0.000200,0.200,0.008,20988516,20857,0,1816,1816,0,0,0,16616114,0,16432836,0,0.000000,0.000000,0.000000,3896,56937,1606.39,0,0,0,0,SUCCESS,0,0,warm20,,,,,1,0,402907,824,,,used,,,,20260913-1538
2026-09-13 17:52:16,Pre-HAUSPM,C8T1S5I8N5K,31,1,0.000200,0.200,0.008,21379871,21238,0,1816,1816,0,0,0,16549697,0,16368881,0,0.000000,0.000000,0.000000,3722,56213,1423.69,0,0,0,0,SUCCESS,0,0,warm20,,,,,1,0,391355,840,,,used,,,,20260913-1538
2026-09-13 17:52:18,Pre-HAUSPM,C8T1S5I8N5K,32,1,0.000200,0.200,0.008,21758395,21619,0,1880,1880,0,0,0,17013670,0,16829089,0,0.000000,0.000000,0.000000,3512,55460,208.73,0,0,0,0,SUCCESS,0,0,warm20,,,,,1,0,378524,855,,,used,,,,20260913-1538
2026-09-13 17:52:20,Pre-HAUSPM,C8T1S5I8N5K,33,1,0.000200,0.200,0.008,22151372,22000,0,1885,1885,0,0,0,16886307,0,16704415,0,0.000000,0.000000,0.000000,3756,56422,524.29,0,0,0,0,SUCCESS,0,0,warm20,,,,,1,0,392977,871,,,used,,,,20260913-1538
2026-09-13 17:52:22,Pre-HAUSPM,C8T1S5I8N5K,34,1,0.000200,0.200,0.008,22537156,22381,0,1905,1905,0,0,0,16946449,0,16766321,0,0.000000,0.000000,0.000000,3758,56185,1011.23,0,0,0,0,SUCCESS,0,0,warm20,,,,,1,0,385784,886,,,used,,,,20260913-1538
2026-09-13 17:52:24,Pre-HAUSPM,C8T1S5I8N5K,35,1,0.000200,0.200,0.008,22909920,22762,0,1941,1941,0,0,0,17125283,0,16942398,0,0.000000,0.000000,0.000000,3731,56087,257.23,0,0,0,0,SUCCESS,0,0,warm20,,,,,1,0,372764,902,,,used,,,,20260913-1538
2026-09-13 17:52:26,Pre-HAUSPM,C8T1S5I8N5K,36,1,0.000200,0.200,0.008,23320068,23143,0,1973,1973,0,0,0,17329801,0,17147176,0,0.000000,0.000000,0.000000,3641,55864,1121.83,0,0,0,0,SUCCESS,0,0,warm20,,,,,1,0,410148,917,,,used,,,,20260913-1538
2026-09-13 17:52:28,Pre-HAUSPM,C8T1S5I8N5K,37,1,0.000200,0.200,0.008,23698370,23524,0,1979,1979,0,0,0,17267372,0,17086193,0,0.000000,0.000000,0.000000,3515,55356,604.21,0,0,0,0,SUCCESS,0,0,warm20,,,,,1,0,378302,933,,,used,,,,20260913-1538
2026-09-13 17:52:30,Pre-HAUSPM,C8T1S5I8N5K,38,1,0.000200,0.200,0.008,24100790,23905,0,1973,1973,0,0,0,17137332,0,16959372,0,0.000000,0.000000,0.000000,3291,54563,1456.18,0,0,0,0,SUCCESS,0,0,warm20,,,,,1,0,402420,948,,,used,,,,20260913-1538
2026-09-13 17:52:32,Pre-HAUSPM,C8T1S5I8N5K,39,1,0.000200,0.200,0.008,24494244,24286,0,1972,1972,0,0,0,17037415,0,16861821,0,0.000000,0.000000,0.000000,3104,53869,906.19,0,0,0,0,SUCCESS,0,0,warm20,,,,,1,0,393454,964,,,used,,,,20260913-1538
2026-09-13 17:52:34,Pre-HAUSPM,C8T1S5I8N5K,40,1,0.000200,0.200,0.008,24862589,24667,0,1982,1983,0,0,0,17077305,0,16902855,0,0.000000,0.000000,0.000000,2983,53478,560.25,0,0,0,0,SUCCESS,0,0,warm20,,,,,1,0,368345,980,,,used,,,,20260913-1538
2026-09-13 17:52:36,Pre-HAUSPM,C8T1S5I8N5K,41,1,0.000200,0.200,0.008,25264734,25048,0,1999,1999,0,0,0,17045999,0,16871629,0,0.000000,0.000000,0.000000,2906,52993,203.89,0,0,0,0,SUCCESS,0,0,warm20,,,,,1,0,402145,995,,,used,,,,20260913-1538
2026-09-13 17:52:38,Pre-HAUSPM,C8T1S5I8N5K,42,1,0.000200,0.200,0.008,25654120,25429,0,2028,2029,0,0,0,17277965,0,17103835,0,0.000000,0.000000,0.000000,2835,52527,1538.48,0,0,0,0,SUCCESS,0,0,warm20,,,,,1,0,389386,1011,,,used,,,,20260913-1538
2026-09-13 17:52:40,Pre-HAUSPM,C8T1S5I8N5K,43,1,0.000200,0.200,0.008,26046150,25810,0,2072,2072,0,0,0,17472318,0,17298910,0,0.000000,0.000000,0.000000,2897,53555,227.04,0,0,0,0,SUCCESS,0,0,warm20,,,,,1,0,392030,1026,,,used,,,,20260913-1538
2026-09-13 17:52:42,Pre-HAUSPM,C8T1S5I8N5K,44,1,0.000200,0.200,0.008,26432947,26191,0,2102,2102,0,0,0,17601180,0,17427132,0,0.000000,0.000000,0.000000,2697,52912,551.60,0,0,0,0,SUCCESS,0,0,warm20,,,,,1,0,386797,1042,,,used,,,,20260913-1538
2026-09-13 17:52:44,Pre-HAUSPM,C8T1S5I8N5K,45,1,0.000200,0.200,0.008,26847057,26572,0,2137,2137,0,0,0,17743951,0,17569013,0,0.000000,0.000000,0.000000,2736,52743,631.71,0,0,0,0,SUCCESS,0,0,warm20,,,,,1,0,414110,1058,,,used,,,,20260913-1538
2026-09-13 17:52:46,Pre-HAUSPM,C8T1S5I8N5K,46,1,0.000200,0.200,0.008,27199889,26953,0,2177,2177,0,0,0,17947670,0,17771232,0,0.000000,0.000000,0.000000,2876,53280,799.28,0,0,0,0,SUCCESS,0,0,warm20,,,,,1,0,352832,1074,,,used,,,,20260913-1538
2026-09-13 17:52:49,Pre-HAUSPM,C8T1S5I8N5K,47,1,0.000200,0.200,0.008,27579163,27334,0,2196,2196,0,0,0,17982600,0,17807215,0,0.000000,0.000000,0.000000,2901,53178,838.28,0,0,0,0,SUCCESS,0,0,warm20,,,,,1,0,379274,1088,,,used,,,,20260913-1538
2026-09-13 17:52:51,Pre-HAUSPM,C8T1S5I8N5K,48,1,0.000200,0.200,0.008,27972766,27715,0,2220,2220,0,0,0,18007390,0,17831928,0,0.000000,0.000000,0.000000,2982,53622,869.85,0,0,0,0,SUCCESS,0,0,warm20,,,,,1,0,393603,1103,,,used,,,,20260913-1538
2026-09-13 17:52:53,Pre-HAUSPM,C8T1S5I8N5K,49,1,0.000200,0.200,0.008,28365723,28096,0,2229,2230,0,0,0,17939980,0,17764377,0,0.000000,0.000000,0.000000,3165,54257,830.55,0,0,0,0,SUCCESS,0,0,warm20,,,,,1,0,392957,1119,,,used,,,,20260913-1538
2026-09-13 17:52:55,Pre-HAUSPM,C8T1S5I8N5K,50,1,0.000200,0.200,0.008,28747973,28477,0,2234,2234,0,0,0,17852921,0,17678592,0,0.000000,0.000000,0.000000,3190,54169,784.99,0,0,0,0,SUCCESS,0,0,warm20,,,,,1,0,382250,1135,,,used,,,,20260913-1538
2026-09-13 17:52:58,Pre-HAUSPM,C8T1S5I8N5K,51,1,0.000200,0.200,0.008,29148674,28858,0,2260,2260,0,0,0,17975659,0,17801420,0,0.000000,0.000000,0.000000,3606,55686,888.62,0,0,0,0,SUCCESS,0,0,warm20,,,,,1,0,400701,1150,,,used,,,,20260913-1538
2026-09-13 17:53:00,Pre-HAUSPM,C8T1S5I8N5K,52,1,0.000200,0.200,0.008,29538239,29239,0,2264,2264,0,0,0,17897180,0,17724494,0,0.000000,0.000000,0.000000,3511,55439,959.54,0,0,0,0,SUCCESS,0,0,warm20,,,,,1,0,389565,1166,,,used,,,,20260913-1538
2026-09-13 17:53:02,Pre-HAUSPM,C8T1S5I8N5K,53,1,0.000200,0.200,0.008,29906147,29620,0,2291,2291,0,0,0,18059989,0,17887194,0,0.000000,0.000000,0.000000,3391,55150,1111.66,0,0,0,0,SUCCESS,0,0,warm20,,,,,1,0,367908,1182,,,used,,,,20260913-1538
2026-09-13 17:53:05,Pre-HAUSPM,C8T1S5I8N5K,54,1,0.000200,0.200,0.008,30291495,30001,0,2299,2299,0,0,0,18048897,0,17877162,0,0.000000,0.000000,0.000000,3264,54647,1120.91,0,0,0,0,SUCCESS,0,0,warm20,,,,,1,0,385348,1196,,,used,,,,20260913-1538
2026-09-13 17:53:07,Pre-HAUSPM,C8T1S5I8N5K,55,1,0.000200,0.200,0.008,30683235,30382,0,2309,2309,0,0,0,18063034,0,17892244,0,0.000000,0.000000,0.000000,3174,54221,1134.71,0,0,0,0,SUCCESS,0,0,warm20,,,,,1,0,391740,1212,,,used,,,,20260913-1538
2026-09-13 17:53:09,Pre-HAUSPM,C8T1S5I8N5K,56,1,0.000200,0.200,0.008,31050500,30763,0,2323,2323,0,0,0,18144154,0,17973835,0,0.000000,0.000000,0.000000,3135,54227,1198.26,0,0,0,0,SUCCESS,0,0,warm20,,,,,1,0,367265,1228,,,used,,,,20260913-1538
2026-09-13 17:53:12,Pre-HAUSPM,C8T1S5I8N5K,57,1,0.000200,0.200,0.008,31397327,31144,0,2332,2333,0,0,0,18193111,0,18023848,0,0.000000,0.000000,0.000000,3034,53896,1238.95,0,0,0,0,SUCCESS,0,0,warm20,,,,,1,0,346827,1242,,,used,,,,20260913-1538
2026-09-13 17:53:14,Pre-HAUSPM,C8T1S5I8N5K,58,1,0.000200,0.200,0.008,31771532,31525,0,2337,2337,0,0,0,18195422,0,18027144,0,0.000000,0.000000,0.000000,3040,53766,1262.03,0,0,0,0,SUCCESS,0,0,warm20,,,,,1,0,374205,1256,,,used,,,,20260913-1538
2026-09-13 17:53:16,Pre-HAUSPM,C8T1S5I8N5K,59,1,0.000200,0.200,0.008,32144335,31906,0,2345,2345,0,0,0,18191321,0,18024122,0,0.000000,0.000000,0.000000,2918,53314,1262.61,0,0,0,0,SUCCESS,0,0,warm20,,,,,1,0,372803,1271,,,used,,,,20260913-1538
2026-09-13 17:53:19,Pre-HAUSPM,C8T1S5I8N5K,60,1,0.000200,0.200,0.008,32548859,32287,0,2395,2395,0,0,0,18475800,0,18307264,0,0.000000,0.000000,0.000000,3066,53526,1478.42,0,0,0,0,SUCCESS,0,0,warm20,,,,,1,0,404524,1286,,,used,,,,20260913-1538
2026-09-13 17:53:21,Pre-HAUSPM,C8T1S5I8N5K,61,1,0.000200,0.200,0.008,32946105,32668,0,2462,2462,0,0,0,18966483,0,18794733,0,0.000000,0.000000,0.000000,3028,53402,476.51,0,0,0,0,SUCCESS,0,0,warm20,,,,,1,0,397246,1302,,,used,,,,20260913-1538
2026-09-13 17:53:24,Pre-HAUSPM,C8T1S5I8N5K,62,1,0.000200,0.200,0.008,33335321,33049,0,2469,2469,0,0,0,18948610,0,18777600,0,0.000000,0.000000,0.000000,2938,53087,468.05,0,0,0,0,SUCCESS,0,0,warm20,,,,,1,0,389216,1318,,,used,,,,20260913-1538
2026-09-13 17:53:26,Pre-HAUSPM,C8T1S5I8N5K,63,1,0.000200,0.200,0.008,33722190,33430,0,2486,2487,0,0,0,18937633,0,18767094,0,0.000000,0.000000,0.000000,2955,53536,476.84,0,0,0,0,SUCCESS,0,0,warm20,,,,,1,0,386869,1334,,,used,,,,20260913-1538
2026-09-13 17:53:29,Pre-HAUSPM,C8T1S5I8N5K,64,1,0.000200,0.200,0.008,34102757,33811,0,2487,2487,0,0,0,18847451,0,18678458,0,0.000000,0.000000,0.000000,2871,53127,956.26,0,0,0,0,SUCCESS,0,0,warm20,,,,,1,0,380567,1349,,,used,,,,20260913-1538
2026-09-13 17:53:31,Pre-HAUSPM,C8T1S5I8N5K,65,1,0.000200,0.200,0.008,34480042,34192,0,2530,2530,0,0,0,19158181,0,18988278,0,0.000000,0.000000,0.000000,2789,52965,866.60,0,0,0,0,SUCCESS,0,0,warm20,,,,,1,0,377285,1364,,,used,,,,20260913-1538
2026-09-13 17:53:34,Pre-HAUSPM,C8T1S5I8N5K,66,1,0.000200,0.200,0.008,34856177,34573,0,2518,2518,0,0,0,18984037,0,18816012,0,0.000000,0.000000,0.000000,2698,52604,876.51,0,0,0,0,SUCCESS,0,0,warm20,,,,,1,0,376135,1379,,,used,,,,20260913-1538
2026-09-13 17:53:36,Pre-HAUSPM,C8T1S5I8N5K,67,1,0.000200,0.200,0.008,35248911,34954,0,2510,2510,0,0,0,18830943,0,18664711,0,0.000000,0.000000,0.000000,2620,52266,1107.41,0,0,0,0,SUCCESS,0,0,warm20,,,,,1,0,392734,1395,,,used,,,,20260913-1538
2026-09-13 17:53:39,Pre-HAUSPM,C8T1S5I8N5K,68,1,0.000200,0.200,0.008,35625465,35335,0,2521,2521,0,0,0,18785697,0,18620056,0,0.000000,0.000000,0.000000,2554,51857,463.96,0,0,0,0,SUCCESS,0,0,warm20,,,,,1,0,376554,1410,,,used,,,,20260913-1538
2026-09-13 17:53:41,Pre-HAUSPM,C8T1S5I8N5K,69,1,0.000200,0.200,0.008,36012354,35716,0,2503,2503,0,0,0,18561263,0,18398234,0,0.000000,0.000000,0.000000,2554,51662,1115.07,0,0,0,0,SUCCESS,0,0,warm20,,,,,1,0,386889,1425,,,used,,,,20260913-1538
2026-09-13 17:53:44,Pre-HAUSPM,C8T1S5I8N5K,70,1,0.000200,0.200,0.008,36402179,36097,0,2526,2526,0,0,0,18672455,0,18509089,0,0.000000,0.000000,0.000000,2518,51615,956.44,0,0,0,0,SUCCESS,0,0,warm20,,,,,1,0,389825,1441,,,used,,,,20260913-1538
2026-09-13 17:53:46,Pre-HAUSPM,C8T1S5I8N5K,71,1,0.000200,0.200,0.008,36796212,36478,0,2538,2538,0,0,0,18683735,0,18520741,0,0.000000,0.000000,0.000000,2562,51872,1043.33,0,0,0,0,SUCCESS,0,0,warm20,,,,,1,0,394033,1456,,,used,,,,20260913-1538
2026-09-13 17:53:49,Pre-HAUSPM,C8T1S5I8N5K,72,1,0.000200,0.200,0.008,37177330,36859,0,2550,2550,0,0,0,18668054,0,18505167,0,0.000000,0.000000,0.000000,2519,51626,280.05,0,0,0,0,SUCCESS,0,0,warm20,,,,,1,0,381118,1472,,,used,,,,20260913-1538
2026-09-13 17:53:52,Pre-HAUSPM,C8T1S5I8N5K,73,1,0.000200,0.200,0.008,37549228,37240,0,2591,2591,0,0,0,18893367,0,18729919,0,0.000000,0.000000,0.000000,2480,51643,926.70,0,0,0,0,SUCCESS,0,0,warm20,,,,,1,0,371898,1487,,,used,,,,20260913-1538
2026-09-13 17:53:54,Pre-HAUSPM,C8T1S5I8N5K,74,1,0.000200,0.200,0.008,37929817,37621,0,2628,2628,0,0,0,19131046,0,18966790,0,0.000000,0.000000,0.000000,2451,51343,761.40,0,0,0,0,SUCCESS,0,0,warm20,,,,,1,0,380589,1502,,,used,,,,20260913-1538
2026-09-13 17:53:57,Pre-HAUSPM,C8T1S5I8N5K,75,1,0.000200,0.200,0.008,38317022,38002,0,2648,2648,0,0,0,19258621,0,19095472,0,0.000000,0.000000,0.000000,2489,51590,957.11,0,0,0,0,SUCCESS,0,0,warm20,,,,,1,0,387205,1517,,,used,,,,20260913-1538
2026-09-13 17:54:00,Pre-HAUSPM,C8T1S5I8N5K,76,1,0.000200,0.200,0.008,38681308,38383,0,2659,2659,0,0,0,19259561,0,19097020,0,0.000000,0.000000,0.000000,2455,51281,235.97,0,0,0,0,SUCCESS,0,0,warm20,,,,,1,0,364286,1533,,,used,,,,20260913-1538
2026-09-13 17:54:02,Pre-HAUSPM,C8T1S5I8N5K,77,1,0.000200,0.200,0.008,39054424,38764,0,2671,2671,0,0,0,19308530,0,19145993,0,0.000000,0.000000,0.000000,2481,51041,809.17,0,0,0,0,SUCCESS,0,0,warm20,,,,,1,0,373116,1548,,,used,,,,20260913-1538
2026-09-13 17:54:05,Pre-HAUSPM,C8T1S5I8N5K,78,1,0.000200,0.200,0.008,39411343,39145,0,2691,2691,0,0,0,19330772,0,19168150,0,0.000000,0.000000,0.000000,2527,51167,538.12,0,0,0,0,SUCCESS,0,0,warm20,,,,,1,0,356919,1562,,,used,,,,20260913-1538
2026-09-13 17:54:08,Pre-HAUSPM,C8T1S5I8N5K,79,1,0.000200,0.200,0.008,39780981,39526,0,2735,2735,0,0,0,19483171,0,19319772,0,0.000000,0.000000,0.000000,2581,51539,696.88,0,0,0,0,SUCCESS,0,0,warm20,,,,,1,0,369638,1577,,,used,,,,20260913-1538
2026-09-13 17:54:11,Pre-HAUSPM,C8T1S5I8N5K,80,1,0.000200,0.200,0.008,40169171,39907,0,2756,2756,0,0,0,19529873,0,19366304,0,0.000000,0.000000,0.000000,2552,51398,903.01,0,0,0,0,SUCCESS,0,0,warm20,,,,,1,0,388190,1592,,,used,,,,20260913-1538
2026-09-13 17:54:13,Pre-HAUSPM,C8T1S5I8N5K,81,1,0.000200,0.200,0.008,40555772,40288,0,2776,2776,0,0,0,19577210,0,19413586,0,0.000000,0.000000,0.000000,2574,51274,1165.84,0,0,0,0,SUCCESS,0,0,warm20,,,,,1,0,386601,1607,,,used,,,,20260913-1538
2026-09-13 17:54:16,Pre-HAUSPM,C8T1S5I8N5K,82,1,0.000200,0.200,0.008,40937437,40669,0,2787,2787,0,0,0,19565094,0,19402056,0,0.000000,0.000000,0.000000,2542,51088,426.69,0,0,0,0,SUCCESS,0,0,warm20,,,,,1,0,381665,1623,,,used,,,,20260913-1538
2026-09-13 17:54:19,Pre-HAUSPM,C8T1S5I8N5K,83,1,0.000200,0.200,0.008,41314466,41050,0,2845,2845,0,0,0,19879129,0,19714660,0,0.000000,0.000000,0.000000,2516,50969,1007.36,0,0,0,0,SUCCESS,0,0,warm20,,,,,1,0,377029,1638,,,used,,,,20260913-1538
2026-09-13 17:54:22,Pre-HAUSPM,C8T1S5I8N5K,84,1,0.000200,0.200,0.008,41724684,41431,0,2840,2840,0,0,0,19749185,0,19585805,0,0.000000,0.000000,0.000000,2489,50715,490.96,0,0,0,0,SUCCESS,0,0,warm20,,,,,1,0,410218,1653,,,used,,,,20260913-1538
2026-09-13 17:54:25,Pre-HAUSPM,C8T1S5I8N5K,85,1,0.000200,0.200,0.008,42093147,41812,0,2875,2875,0,0,0,19902203,0,19738078,0,0.000000,0.000000,0.000000,2440,50770,1126.35,0,0,0,0,SUCCESS,0,0,warm20,,,,,1,0,368463,1669,,,used,,,,20260913-1538
2026-09-13 17:54:28,Pre-HAUSPM,C8T1S5I8N5K,86,1,0.000200,0.200,0.008,42494057,42193,0,2895,2895,0,0,0,19862303,0,19698783,0,0.000000,0.000000,0.000000,2493,51154,737.89,0,0,0,0,SUCCESS,0,0,warm20,,,,,1,0,400910,1684,,,used,,,,20260913-1538
2026-09-13 17:54:31,Pre-HAUSPM,C8T1S5I8N5K,87,1,0.000200,0.200,0.008,42876090,42574,0,2894,2894,0,0,0,19793007,0,19630463,0,0.000000,0.000000,0.000000,2433,50910,317.58,0,0,0,0,SUCCESS,0,0,warm20,,,,,1,0,382033,1700,,,used,,,,20260913-1538
2026-09-13 17:54:34,Pre-HAUSPM,C8T1S5I8N5K,88,1,0.000200,0.200,0.008,43249167,42955,0,2901,2901,0,0,0,19722095,0,19560417,0,0.000000,0.000000,0.000000,2454,50681,888.08,0,0,0,0,SUCCESS,0,0,warm20,,,,,1,0,373077,1715,,,used,,,,20260913-1538
2026-09-13 17:54:37,Pre-HAUSPM,C8T1S5I8N5K,89,1,0.000200,0.200,0.008,43639417,43336,0,2904,2904,0,0,0,19666977,0,19506056,0,0.000000,0.000000,0.000000,2455,50650,405.11,0,0,0,0,SUCCESS,0,0,warm20,,,,,1,0,390250,1730,,,used,,,,20260913-1538
2026-09-13 17:54:39,Pre-HAUSPM,C8T1S5I8N5K,90,1,0.000200,0.200,0.008,44032208,43717,0,2908,2908,0,0,0,19599655,0,19439781,0,0.000000,0.000000,0.000000,2451,50800,905.01,0,0,0,0,SUCCESS,0,0,warm20,,,,,1,0,392791,1746,,,used,,,,20260913-1538
2026-09-13 17:54:42,Pre-HAUSPM,C8T1S5I8N5K,91,1,0.000200,0.200,0.008,44399967,44098,0,2926,2926,0,0,0,19593820,0,19433863,0,0.000000,0.000000,0.000000,2431,50881,421.41,0,0,0,0,SUCCESS,0,0,warm20,,,,,1,0,367759,1762,,,used,,,,20260913-1538
2026-09-13 17:54:45,Pre-HAUSPM,C8T1S5I8N5K,92,1,0.000200,0.200,0.008,44779784,44479,0,2909,2910,0,0,0,19381209,0,19222963,0,0.000000,0.000000,0.000000,2415,50818,817.35,0,0,0,0,SUCCESS,0,0,warm20,,,,,1,0,379817,1776,,,used,,,,20260913-1538
2026-09-13 17:54:48,Pre-HAUSPM,C8T1S5I8N5K,93,1,0.000200,0.200,0.008,45163101,44860,0,2909,2909,0,0,0,19320600,0,19163167,0,0.000000,0.000000,0.000000,2417,50549,183.28,0,0,0,0,SUCCESS,0,0,warm20,,,,,1,0,383317,1792,,,used,,,,20260913-1538
2026-09-13 17:54:51,Pre-HAUSPM,C8T1S5I8N5K,94,1,0.000200,0.200,0.008,45537311,45241,0,2927,2927,0,0,0,19326014,0,19169461,0,0.000000,0.000000,0.000000,2509,50921,580.44,0,0,0,0,SUCCESS,0,0,warm20,,,,,1,0,374210,1807,,,used,,,,20260913-1538
2026-09-13 17:54:54,Pre-HAUSPM,C8T1S5I8N5K,95,1,0.000200,0.200,0.008,45914685,45622,0,2915,2915,0,0,0,19191631,0,19036659,0,0.000000,0.000000,0.000000,2472,50847,899.72,0,0,0,0,SUCCESS,0,0,warm20,,,,,1,0,377374,1822,,,used,,,,20260913-1538
2026-09-13 17:54:57,Pre-HAUSPM,C8T1S5I8N5K,96,1,0.000200,0.200,0.008,46297846,46003,0,2984,2984,0,0,0,19511744,0,19355022,0,0.000000,0.000000,0.000000,2565,51291,430.26,0,0,0,0,SUCCESS,0,0,warm20,,,,,1,0,383161,1837,,,used,,,,20260913-1538
2026-09-13 17:55:00,Pre-HAUSPM,C8T1S5I8N5K,97,1,0.000200,0.200,0.008,46661169,46384,0,2988,2988,0,0,0,19374519,0,19219353,0,0.000000,0.000000,0.000000,2642,51628,938.01,0,0,0,0,SUCCESS,0,0,warm20,,,,,1,0,363323,1852,,,used,,,,20260913-1538
2026-09-13 17:55:03,Pre-HAUSPM,C8T1S5I8N5K,98,1,0.000200,0.200,0.008,47042336,46765,0,2997,2997,0,0,0,19327834,0,19173528,0,0.000000,0.000000,0.000000,2654,51802,405.93,0,0,0,0,SUCCESS,0,0,warm20,,,,,1,0,381167,1867,,,used,,,,20260913-1538
2026-09-13 17:55:06,Pre-HAUSPM,C8T1S5I8N5K,99,1,0.000200,0.200,0.008,47416411,47133,0,3010,3010,0,0,0,19323837,0,19169868,0,0.000000,0.000000,0.000000,2623,51786,923.67,0,0,0,0,SUCCESS,0,0,warm20,,,,,1,0,374075,1882,,,used,,,,20260913-1538
2026-09-13 17:55:09,Pre-HAUSPM,C8T1S5I8N5K,0,2,0.000200,0.200,0.200,9488535,9427,3,1853,1857,0,0,0,21111635,0,20752774,0,0.000000,0.000000,0.000000,6075,62726,727.75,0,0,0,0,SUCCESS,0,0,warm20,,,,,1,0,9488535,0,,,used,,,,20260913-1538
2026-09-13 17:55:11,Pre-HAUSPM,C8T1S5I8N5K,1,2,0.000200,0.200,0.008,9860531,9808,0,1958,1958,0,0,0,22116927,0,21735325,0,0.000000,0.000000,0.000000,5885,63072,1964.39,0,0,0,0,SUCCESS,0,0,warm20,,,,,1,0,371996,380,,,used,,,,20260913-1538
2026-09-13 17:55:12,Pre-HAUSPM,C8T1S5I8N5K,2,2,0.000200,0.200,0.008,10237847,10189,0,1768,1768,0,0,0,20951580,0,20595635,0,0.000000,0.000000,0.000000,6216,63973,1667.52,0,0,0,0,SUCCESS,0,0,warm20,,,,,1,0,377316,395,,,used,,,,20260913-1538
2026-09-13 17:55:14,Pre-HAUSPM,C8T1S5I8N5K,3,2,0.000200,0.200,0.008,10612071,10570,0,1658,1658,0,0,0,19448677,0,19134347,0,0.000000,0.000000,0.000000,5710,61981,322.30,0,0,0,0,SUCCESS,0,0,warm20,,,,,1,0,374224,410,,,used,,,,20260913-1538
2026-09-13 17:55:16,Pre-HAUSPM,C8T1S5I8N5K,4,2,0.000200,0.200,0.008,10998812,10951,0,1566,1566,0,0,0,18071328,0,17789057,0,0.000000,0.000000,0.000000,6197,63171,220.85,0,0,0,0,SUCCESS,0,0,warm20,,,,,1,0,386741,425,,,used,,,,20260913-1538
2026-09-13 17:55:17,Pre-HAUSPM,C8T1S5I8N5K,5,2,0.000200,0.200,0.008,11372679,11332,0,1828,1828,0,0,0,21269718,0,20954298,0,0.000000,0.000000,0.000000,7077,64518,604.02,0,0,0,0,SUCCESS,0,0,warm20,,,,,1,0,373867,440,,,used,,,,20260913-1538
2026-09-13 17:55:19,Pre-HAUSPM,C8T1S5I8N5K,6,2,0.000200,0.200,0.008,11751454,11713,0,1797,1797,0,0,0,20563576,0,20264564,0,0.000000,0.000000,0.000000,7171,64792,674.30,0,0,0,0,SUCCESS,0,0,warm20,,,,,1,0,378775,455,,,used,,,,20260913-1538
2026-09-13 17:55:21,Pre-HAUSPM,C8T1S5I8N5K,7,2,0.000200,0.200,0.008,12140855,12094,0,1765,1765,0,0,0,19848714,0,19570847,0,0.000000,0.000000,0.000000,7532,65246,430.88,0,0,0,0,SUCCESS,0,0,warm20,,,,,1,0,389401,470,,,used,,,,20260913-1538
2026-09-13 17:55:23,Pre-HAUSPM,C8T1S5I8N5K,8,2,0.000200,0.200,0.008,12513750,12475,0,1763,1763,0,0,0,19577012,0,19303704,0,0.000000,0.000000,0.000000,7536,64977,214.74,0,0,0,0,SUCCESS,0,0,warm20,,,,,1,0,372895,486,,,used,,,,20260913-1538
2026-09-13 17:55:25,Pre-HAUSPM,C8T1S5I8N5K,9,2,0.000200,0.200,0.008,12914821,12856,0,1794,1794,0,0,0,19844611,0,19575542,0,0.000000,0.000000,0.000000,6698,63969,437.20,0,0,0,0,SUCCESS,0,0,warm20,,,,,1,0,401071,501,,,used,,,,20260913-1538
2026-09-13 17:55:26,Pre-HAUSPM,C8T1S5I8N5K,10,2,0.000200,0.200,0.008,13305508,13237,0,1748,1748,0,0,0,19135865,0,18877206,0,0.000000,0.000000,0.000000,6517,64328,191.64,0,0,0,0,SUCCESS,0,0,warm20,,,,,1,0,390687,517,,,used,,,,20260913-1538
2026-09-13 17:55:28,Pre-HAUSPM,C8T1S5I8N5K,11,2,0.000200,0.200,0.008,13706693,13618,0,1686,1686,0,0,0,18227733,0,17985350,0,0.000000,0.000000,0.000000,6096,63161,1232.55,0,0,0,0,SUCCESS,0,0,warm20,,,,,1,0,401185,532,,,used,,,,20260913-1538
2026-09-13 17:55:30,Pre-HAUSPM,C8T1S5I8N5K,12,2,0.000200,0.200,0.008,14085848,13999,0,1701,1701,0,0,0,18243150,0,18003893,0,0.000000,0.000000,0.000000,5787,62935,660.83,0,0,0,0,SUCCESS,0,0,warm20,,,,,1,0,379155,548,,,used,,,,20260913-1538
2026-09-13 17:55:31,Pre-HAUSPM,C8T1S5I8N5K,13,2,0.000200,0.200,0.008,14448564,14380,0,1691,1691,0,0,0,17966024,0,17733145,0,0.000000,0.000000,0.000000,5569,62344,1733.96,0,0,0,0,SUCCESS,0,0,warm20,,,,,1,0,362716,564,,,used,,,,20260913-1538
2026-09-13 17:55:33,Pre-HAUSPM,C8T1S5I8N5K,14,2,0.000200,0.200,0.008,14856850,14761,0,1664,1664,0,0,0,17395333,0,17172280,0,0.000000,0.000000,0.000000,5314,61640,922.02,0,0,0,0,SUCCESS,0,0,warm20,,,,,1,0,408286,578,,,used,,,,20260913-1538
2026-09-13 17:55:35,Pre-HAUSPM,C8T1S5I8N5K,15,2,0.000200,0.200,0.008,15236031,15142,0,1741,1741,0,0,0,17876392,0,17643874,0,0.000000,0.000000,0.000000,5751,62651,684.77,0,0,0,0,SUCCESS,0,0,warm20,,,,,1,0,379181,594,,,used,,,,20260913-1538
2026-09-13 17:55:37,Pre-HAUSPM,C8T1S5I8N5K,16,2,0.000200,0.200,0.008,15637254,15523,0,1710,1710,0,0,0,17297378,0,17075306,0,0.000000,0.000000,0.000000,5143,60843,191.36,0,0,0,0,SUCCESS,0,0,warm20,,,,,1,0,401223,610,,,used,,,,20260913-1538
2026-09-13 17:55:38,Pre-HAUSPM,C8T1S5I8N5K,17,2,0.000200,0.200,0.008,16001183,15904,0,1716,1716,0,0,0,17273007,0,17054460,0,0.000000,0.000000,0.000000,4765,59741,1364.79,0,0,0,0,SUCCESS,0,0,warm20,,,,,1,0,363929,626,,,used,,,,20260913-1538
2026-09-13 17:55:40,Pre-HAUSPM,C8T1S5I8N5K,18,2,0.000200,0.200,0.008,16376279,16285,0,1723,1723,0,0,0,17116683,0,16903037,0,0.000000,0.000000,0.000000,5394,60603,983.74,0,0,0,0,SUCCESS,0,0,warm20,,,,,1,0,375096,640,,,used,,,,20260913-1538
2026-09-13 17:55:42,Pre-HAUSPM,C8T1S5I8N5K,19,2,0.000200,0.200,0.008,16736060,16666,0,1701,1701,0,0,0,16719614,0,16513152,0,0.000000,0.000000,0.000000,5316,60342,516.02,0,0,0,0,SUCCESS,0,0,warm20,,,,,1,0,359781,655,,,used,,,,20260913-1538
2026-09-13 17:55:44,Pre-HAUSPM,C8T1S5I8N5K,20,2,0.000200,0.200,0.008,17118756,17047,0,1754,1754,0,0,0,17235367,0,17024896,0,0.000000,0.000000,0.000000,5733,61348,501.43,0,0,0,0,SUCCESS,0,0,warm20,,,,,1,0,382696,670,,,used,,,,20260913-1538
2026-09-13 17:55:45,Pre-HAUSPM,C8T1S5I8N5K,21,2,0.000200,0.200,0.008,17469367,17428,0,1740,1740,0,0,0,16941374,0,16737491,0,0.000000,0.000000,0.000000,5511,61566,437.63,0,0,0,0,SUCCESS,0,0,warm20,,,,,1,0,350611,685,,,used,,,,20260913-1538
2026-09-13 17:55:47,Pre-HAUSPM,C8T1S5I8N5K,22,2,0.000200,0.200,0.008,17882077,17809,0,1755,1755,0,0,0,16961194,0,16757666,0,0.000000,0.000000,0.000000,5460,61728,502.33,0,0,0,0,SUCCESS,0,0,warm20,,,,,1,0,412710,699,,,used,,,,20260913-1538
2026-09-13 17:55:49,Pre-HAUSPM,C8T1S5I8N5K,23,2,0.000200,0.200,0.008,18263919,18190,0,1761,1761,0,0,0,16901016,0,16698995,0,0.000000,0.000000,0.000000,5224,61383,620.01,0,0,0,0,SUCCESS,0,0,warm20,,,,,1,0,381842,715,,,used,,,,20260913-1538
2026-09-13 17:55:51,Pre-HAUSPM,C8T1S5I8N5K,24,2,0.000200,0.200,0.008,18657262,18571,0,1755,1755,0,0,0,16732501,0,16535211,0,0.000000,0.000000,0.000000,4981,60574,754.89,0,0,0,0,SUCCESS,0,0,warm20,,,,,1,0,393343,731,,,used,,,,20260913-1538
2026-09-13 17:55:52,Pre-HAUSPM,C8T1S5I8N5K,25,2,0.000200,0.200,0.008,19053088,18952,0,1779,1779,0,0,0,16830163,0,16634278,0,0.000000,0.000000,0.000000,4603,59643,1151.57,0,0,0,0,SUCCESS,0,0,warm20,,,,,1,0,395826,746,,,used,,,,20260913-1538
2026-09-13 17:55:54,Pre-HAUSPM,C8T1S5I8N5K,26,2,0.000200,0.200,0.008,19437911,19333,0,1755,1755,0,0,0,16553174,0,16362099,0,0.000000,0.000000,0.000000,4467,58953,1469.60,0,0,0,0,SUCCESS,0,0,warm20,,,,,1,0,384823,762,,,used,,,,20260913-1538
2026-09-13 17:55:56,Pre-HAUSPM,C8T1S5I8N5K,27,2,0.000200,0.200,0.008,19822113,19714,0,1764,1764,0,0,0,16430787,0,16242987,0,0.000000,0.000000,0.000000,4548,59283,357.62,0,0,0,0,SUCCESS,0,0,warm20,,,,,1,0,384202,778,,,used,,,,20260913-1538
2026-09-13 17:55:58,Pre-HAUSPM,C8T1S5I8N5K,28,2,0.000200,0.200,0.008,20208654,20095,0,1772,1773,0,0,0,16433946,0,16248653,0,0.000000,0.000000,0.000000,4279,58679,815.93,0,0,0,0,SUCCESS,0,0,warm20,,,,,1,0,386541,793,,,used,,,,20260913-1538
2026-09-13 17:56:00,Pre-HAUSPM,C8T1S5I8N5K,29,2,0.000200,0.200,0.008,20585609,20476,0,1780,1780,0,0,0,16423116,0,16240472,0,0.000000,0.000000,0.000000,4122,57939,1319.80,0,0,0,0,SUCCESS,0,0,warm20,,,,,1,0,376955,809,,,used,,,,20260913-1538
2026-09-13 17:56:01,Pre-HAUSPM,C8T1S5I8N5K,30,2,0.000200,0.200,0.008,20988516,20857,0,1810,1810,0,0,0,16616114,0,16432836,0,0.000000,0.000000,0.000000,3896,56937,593.86,0,0,0,0,SUCCESS,0,0,warm20,,,,,1,0,402907,824,,,used,,,,20260913-1538
2026-09-13 17:56:03,Pre-HAUSPM,C8T1S5I8N5K,31,2,0.000200,0.200,0.008,21379871,21238,0,1810,1810,0,0,0,16549697,0,16368881,0,0.000000,0.000000,0.000000,3722,56213,1327.20,0,0,0,0,SUCCESS,0,0,warm20,,,,,1,0,391355,840,,,used,,,,20260913-1538
2026-09-13 17:56:05,Pre-HAUSPM,C8T1S5I8N5K,32,2,0.000200,0.200,0.008,21758395,21619,0,1875,1876,0,0,0,17013670,0,16829089,0,0.000000,0.000000,0.000000,3512,55460,999.71,0,0,0,0,SUCCESS,0,0,warm20,,,,,1,0,378524,855,,,used,,,,20260913-1538
2026-09-13 17:56:07,Pre-HAUSPM,C8T1S5I8N5K,33,2,0.000200,0.200,0.008,22151372,22000,0,1877,1877,0,0,0,16886307,0,16704415,0,0.000000,0.000000,0.000000,3756,56422,738.32,0,0,0,0,SUCCESS,0,0,warm20,,,,,1,0,392977,871,,,used,,,,20260913-1538
2026-09-13 17:56:09,Pre-HAUSPM,C8T1S5I8N5K,34,2,0.000200,0.200,0.008,22537156,22381,0,1904,1904,0,0,0,16946449,0,16766321,0,0.000000,0.000000,0.000000,3758,56185,683.58,0,0,0,0,SUCCESS,0,0,warm20,,,,,1,0,385784,886,,,used,,,,20260913-1538
2026-09-13 17:56:11,Pre-HAUSPM,C8T1S5I8N5K,35,2,0.000200,0.200,0.008,22909920,22762,0,1938,1938,0,0,0,17125283,0,16942398,0,0.000000,0.000000,0.000000,3731,56087,778.56,0,0,0,0,SUCCESS,0,0,warm20,,,,,1,0,372764,902,,,used,,,,20260913-1538
2026-09-13 17:56:13,Pre-HAUSPM,C8T1S5I8N5K,36,2,0.000200,0.200,0.008,23320068,23143,0,1971,1971,0,0,0,17329801,0,17147176,0,0.000000,0.000000,0.000000,3641,55864,1121.01,0,0,0,0,SUCCESS,0,0,warm20,,,,,1,0,410148,917,,,used,,,,20260913-1538
2026-09-13 17:56:15,Pre-HAUSPM,C8T1S5I8N5K,37,2,0.000200,0.200,0.008,23698370,23524,0,1976,1976,0,0,0,17267372,0,17086193,0,0.000000,0.000000,0.000000,3515,55356,1464.71,0,0,0,0,SUCCESS,0,0,warm20,,,,,1,0,378302,933,,,used,,,,20260913-1538
2026-09-13 17:56:17,Pre-HAUSPM,C8T1S5I8N5K,38,2,0.000200,0.200,0.008,24100790,23905,0,1967,1968,0,0,0,17137332,0,16959372,0,0.000000,0.000000,0.000000,3291,54563,461.23,0,0,0,0,SUCCESS,0,0,warm20,,,,,1,0,402420,948,,,used,,,,20260913-1538
2026-09-13 17:56:19,Pre-HAUSPM,C8T1S5I8N5K,39,2,0.000200,0.200,0.008,24494244,24286,0,1966,1966,0,0,0,17037415,0,16861821,0,0.000000,0.000000,0.000000,3104,53869,880.67,0,0,0,0,SUCCESS,0,0,warm20,,,,,1,0,393454,964,,,used,,,,20260913-1538
2026-09-13 17:56:21,Pre-HAUSPM,C8T1S5I8N5K,40,2,0.000200,0.200,0.008,24862589,24667,0,1984,1985,0,0,0,17077305,0,16902855,0,0.000000,0.000000,0.000000,2983,53478,1386.04,0,0,0,0,SUCCESS,0,0,warm20,,,,,1,0,368345,980,,,used,,,,20260913-1538
2026-09-13 17:56:23,Pre-HAUSPM,C8T1S5I8N5K,41,2,0.000200,0.200,0.008,25264734,25048,0,2001,2001,0,0,0,17045999,0,16871629,0,0.000000,0.000000,0.000000,2906,52993,643.61,0,0,0,0,SUCCESS,0,0,warm20,,,,,1,0,402145,995,,,used,,,,20260913-1538
2026-09-13 17:56:25,Pre-HAUSPM,C8T1S5I8N5K,42,2,0.000200,0.200,0.008,25654120,25429,0,2030,2031,0,0,0,17277965,0,17103835,0,0.000000,0.000000,0.000000,2835,52527,827.66,0,0,0,0,SUCCESS,0,0,warm20,,,,,1,0,389386,1011,,,used,,,,20260913-1538
2026-09-13 17:56:27,Pre-HAUSPM,C8T1S5I8N5K,43,2,0.000200,0.200,0.008,26046150,25810,0,2073,2073,0,0,0,17472318,0,17298910,0,0.000000,0.000000,0.000000,2897,53555,972.41,0,0,0,0,SUCCESS,0,0,warm20,,,,,1,0,392030,1026,,,used,,,,20260913-1538
2026-09-13 17:56:29,Pre-HAUSPM,C8T1S5I8N5K,44,2,0.000200,0.200,0.008,26432947,26191,0,2098,2098,0,0,0,17601180,0,17427132,0,0.000000,0.000000,0.000000,2697,52912,1091.29,0,0,0,0,SUCCESS,0,0,warm20,,,,,1,0,386797,1042,,,used,,,,20260913-1538
2026-09-13 17:56:31,Pre-HAUSPM,C8T1S5I8N5K,45,2,0.000200,0.200,0.008,26847057,26572,0,2135,2135,0,0,0,17743951,0,17569013,0,0.000000,0.000000,0.000000,2736,52743,1202.15,0,0,0,0,SUCCESS,0,0,warm20,,,,,1,0,414110,1058,,,used,,,,20260913-1538
2026-09-13 17:56:33,Pre-HAUSPM,C8T1S5I8N5K,46,2,0.000200,0.200,0.008,27199889,26953,0,2173,2174,0,0,0,17947670,0,17771232,0,0.000000,0.000000,0.000000,2876,53280,1371.51,0,0,0,0,SUCCESS,0,0,warm20,,,,,1,0,352832,1074,,,used,,,,20260913-1538
2026-09-13 17:56:36,Pre-HAUSPM,C8T1S5I8N5K,47,2,0.000200,0.200,0.008,27579163,27334,0,2192,2192,0,0,0,17982600,0,17807215,0,0.000000,0.000000,0.000000,2901,53178,1474.93,0,0,0,0,SUCCESS,0,0,warm20,,,,,1,0,379274,1088,,,used,,,,20260913-1538
2026-09-13 17:56:38,Pre-HAUSPM,C8T1S5I8N5K,48,2,0.000200,0.200,0.008,27972766,27715,0,2220,2220,0,0,0,18007390,0,17831928,0,0.000000,0.000000,0.000000,2982,53622,284.23,0,0,0,0,SUCCESS,0,0,warm20,,,,,1,0,393603,1103,,,used,,,,20260913-1538
2026-09-13 17:56:40,Pre-HAUSPM,C8T1S5I8N5K,49,2,0.000200,0.200,0.008,28365723,28096,0,2227,2227,0,0,0,17939980,0,17764377,0,0.000000,0.000000,0.000000,3165,54257,243.85,0,0,0,0,SUCCESS,0,0,warm20,,,,,1,0,392957,1119,,,used,,,,20260913-1538
2026-09-13 17:56:42,Pre-HAUSPM,C8T1S5I8N5K,50,2,0.000200,0.200,0.008,28747973,28477,0,2246,2246,0,0,0,17852921,0,17678592,0,0.000000,0.000000,0.000000,3190,54169,538.57,0,0,0,0,SUCCESS,0,0,warm20,,,,,1,0,382250,1135,,,used,,,,20260913-1538
2026-09-13 17:56:45,Pre-HAUSPM,C8T1S5I8N5K,51,2,0.000200,0.200,0.008,29148674,28858,0,2261,2261,0,0,0,17975659,0,17801420,0,0.000000,0.000000,0.000000,3606,55686,438.55,0,0,0,0,SUCCESS,0,0,warm20,,,,,1,0,400701,1150,,,used,,,,20260913-1538
2026-09-13 17:56:47,Pre-HAUSPM,C8T1S5I8N5K,52,2,0.000200,0.200,0.008,29538239,29239,0,2263,2263,0,0,0,17897180,0,17724494,0,0.000000,0.000000,0.000000,3511,55439,413.40,0,0,0,0,SUCCESS,0,0,warm20,,,,,1,0,389565,1166,,,used,,,,20260913-1538
2026-09-13 17:56:49,Pre-HAUSPM,C8T1S5I8N5K,53,2,0.000200,0.200,0.008,29906147,29620,0,2290,2290,0,0,0,18059989,0,17887194,0,0.000000,0.000000,0.000000,3391,55150,644.23,0,0,0,0,SUCCESS,0,0,warm20,,,,,1,0,367908,1182,,,used,,,,20260913-1538
2026-09-13 17:56:52,Pre-HAUSPM,C8T1S5I8N5K,54,2,0.000200,0.200,0.008,30291495,30001,0,2297,2297,0,0,0,18048897,0,17877162,0,0.000000,0.000000,0.000000,3264,54647,945.84,0,0,0,0,SUCCESS,0,0,warm20,,,,,1,0,385348,1196,,,used,,,,20260913-1538
2026-09-13 17:56:54,Pre-HAUSPM,C8T1S5I8N5K,55,2,0.000200,0.200,0.008,30683235,30382,0,2307,2307,0,0,0,18063034,0,17892244,0,0.000000,0.000000,0.000000,3174,54221,295.71,0,0,0,0,SUCCESS,0,0,warm20,,,,,1,0,391740,1212,,,used,,,,20260913-1538
2026-09-13 17:56:56,Pre-HAUSPM,C8T1S5I8N5K,56,2,0.000200,0.200,0.008,31050500,30763,0,2325,2325,0,0,0,18144154,0,17973835,0,0.000000,0.000000,0.000000,3135,54227,866.10,0,0,0,0,SUCCESS,0,0,warm20,,,,,1,0,367265,1228,,,used,,,,20260913-1538
2026-09-13 17:56:59,Pre-HAUSPM,C8T1S5I8N5K,57,2,0.000200,0.200,0.008,31397327,31144,0,2332,2332,0,0,0,18193111,0,18023848,0,0.000000,0.000000,0.000000,3034,53896,422.63,0,0,0,0,SUCCESS,0,0,warm20,,,,,1,0,346827,1242,,,used,,,,20260913-1538
2026-09-13 17:57:01,Pre-HAUSPM,C8T1S5I8N5K,58,2,0.000200,0.200,0.008,31771532,31525,0,2337,2337,0,0,0,18195422,0,18027144,0,0.000000,0.000000,0.000000,3040,53766,1104.51,0,0,0,0,SUCCESS,0,0,warm20,,,,,1,0,374205,1256,,,used,,,,20260913-1538
2026-09-13 17:57:03,Pre-HAUSPM,C8T1S5I8N5K,59,2,0.000200,0.200,0.008,32144335,31906,0,2346,2346,0,0,0,18191321,0,18024122,0,0.000000,0.000000,0.000000,2918,53314,866.49,0,0,0,0,SUCCESS,0,0,warm20,,,,,1,0,372803,1271,,,used,,,,20260913-1538
2026-09-13 17:57:06,Pre-HAUSPM,C8T1S5I8N5K,60,2,0.000200,0.200,0.008,32548859,32287,0,2395,2395,0,0,0,18475800,0,18307264,0,0.000000,0.000000,0.000000,3066,53526,1002.76,0,0,0,0,SUCCESS,0,0,warm20,,,,,1,0,404524,1286,,,used,,,,20260913-1538
2026-09-13 17:57:08,Pre-HAUSPM,C8T1S5I8N5K,61,2,0.000200,0.200,0.008,32946105,32668,0,2466,2466,0,0,0,18966483,0,18794733,0,0.000000,0.000000,0.000000,3028,53402,533.47,0,0,0,0,SUCCESS,0,0,warm20,,,,,1,0,397246,1302,,,used,,,,20260913-1538
2026-09-13 17:57:11,Pre-HAUSPM,C8T1S5I8N5K,62,2,0.000200,0.200,0.008,33335321,33049,0,2471,2471,0,0,0,18948610,0,18777600,0,0.000000,0.000000,0.000000,2938,53087,1090.40,0,0,0,0,SUCCESS,0,0,warm20,,,,,1,0,389216,1318,,,used,,,,20260913-1538
2026-09-13 17:57:13,Pre-HAUSPM,C8T1S5I8N5K,63,2,0.000200,0.200,0.008,33722190,33430,0,2487,2487,0,0,0,18937633,0,18767094,0,0.000000,0.000000,0.000000,2955,53536,724.42,0,0,0,0,SUCCESS,0,0,warm20,,,,,1,0,386869,1334,,,used,,,,20260913-1538
2026-09-13 17:57:16,Pre-HAUSPM,C8T1S5I8N5K,64,2,0.000200,0.200,0.008,34102757,33811,0,2490,2490,0,0,0,18847451,0,18678458,0,0.000000,0.000000,0.000000,2871,53127,423.80,0,0,0,0,SUCCESS,0,0,warm20,,,,,1,0,380567,1349,,,used,,,,20260913-1538
2026-09-13 17:57:18,Pre-HAUSPM,C8T1S5I8N5K,65,2,0.000200,0.200,0.008,34480042,34192,0,2534,2534,0,0,0,19158181,0,18988278,0,0.000000,0.000000,0.000000,2789,52965,343.95,0,0,0,0,SUCCESS,0,0,warm20,,,,,1,0,377285,1364,,,used,,,,20260913-1538
2026-09-13 17:57:21,Pre-HAUSPM,C8T1S5I8N5K,66,2,0.000200,0.200,0.008,34856177,34573,0,2519,2519,0,0,0,18984037,0,18816012,0,0.000000,0.000000,0.000000,2698,52604,235.34,0,0,0,0,SUCCESS,0,0,warm20,,,,,1,0,376135,1379,,,used,,,,20260913-1538
2026-09-13 17:57:23,Pre-HAUSPM,C8T1S5I8N5K,67,2,0.000200,0.200,0.008,35248911,34954,0,2513,2513,0,0,0,18830943,0,18664711,0,0.000000,0.000000,0.000000,2620,52266,171.63,0,0,0,0,SUCCESS,0,0,warm20,,,,,1,0,392734,1395,,,used,,,,20260913-1538
2026-09-13 17:57:26,Pre-HAUSPM,C8T1S5I8N5K,68,2,0.000200,0.200,0.008,35625465,35335,0,2522,2522,0,0,0,18785697,0,18620056,0,0.000000,0.000000,0.000000,2554,51857,1082.51,0,0,0,0,SUCCESS,0,0,warm20,,,,,1,0,376554,1410,,,used,,,,20260913-1538
2026-09-13 17:57:28,Pre-HAUSPM,C8T1S5I8N5K,69,2,0.000200,0.200,0.008,36012354,35716,0,2506,2506,0,0,0,18561263,0,18398234,0,0.000000,0.000000,0.000000,2554,51662,932.46,0,0,0,0,SUCCESS,0,0,warm20,,,,,1,0,386889,1425,,,used,,,,20260913-1538
2026-09-13 17:57:31,Pre-HAUSPM,C8T1S5I8N5K,70,2,0.000200,0.200,0.008,36402179,36097,0,2528,2528,0,0,0,18672455,0,18509089,0,0.000000,0.000000,0.000000,2518,51615,1005.20,0,0,0,0,SUCCESS,0,0,warm20,,,,,1,0,389825,1441,,,used,,,,20260913-1538
2026-09-13 17:57:34,Pre-HAUSPM,C8T1S5I8N5K,71,2,0.000200,0.200,0.008,36796212,36478,0,2540,2540,0,0,0,18683735,0,18520741,0,0.000000,0.000000,0.000000,2562,51872,1100.73,0,0,0,0,SUCCESS,0,0,warm20,,,,,1,0,394033,1456,,,used,,,,20260913-1538
2026-09-13 17:57:36,Pre-HAUSPM,C8T1S5I8N5K,72,2,0.000200,0.200,0.008,37177330,36859,0,2556,2556,0,0,0,18668054,0,18505167,0,0.000000,0.000000,0.000000,2519,51626,227.57,0,0,0,0,SUCCESS,0,0,warm20,,,,,1,0,381118,1472,,,used,,,,20260913-1538
2026-09-13 17:57:39,Pre-HAUSPM,C8T1S5I8N5K,73,2,0.000200,0.200,0.008,37549228,37240,0,2594,2594,0,0,0,18893367,0,18729919,0,0.000000,0.000000,0.000000,2480,51643,519.71,0,0,0,0,SUCCESS,0,0,warm20,,,,,1,0,371898,1487,,,used,,,,20260913-1538
2026-09-13 17:57:41,Pre-HAUSPM,C8T1S5I8N5K,74,2,0.000200,0.200,0.008,37929817,37621,0,2631,2631,0,0,0,19131046,0,18966790,0,0.000000,0.000000,0.000000,2451,51343,973.73,0,0,0,0,SUCCESS,0,0,warm20,,,,,1,0,380589,1502,,,used,,,,20260913-1538
2026-09-13 17:57:44,Pre-HAUSPM,C8T1S5I8N5K,75,2,0.000200,0.200,0.008,38317022,38002,0,2651,2651,0,0,0,19258621,0,19095472,0,0.000000,0.000000,0.000000,2489,51590,545.24,0,0,0,0,SUCCESS,0,0,warm20,,,,,1,0,387205,1517,,,used,,,,20260913-1538
2026-09-13 17:57:47,Pre-HAUSPM,C8T1S5I8N5K,76,2,0.000200,0.200,0.008,38681308,38383,0,2659,2659,0,0,0,19259561,0,19097020,0,0.000000,0.000000,0.000000,2455,51281,1100.72,0,0,0,0,SUCCESS,0,0,warm20,,,,,1,0,364286,1533,,,used,,,,20260913-1538
2026-09-13 17:57:49,Pre-HAUSPM,C8T1S5I8N5K,77,2,0.000200,0.200,0.008,39054424,38764,0,2676,2676,0,0,0,19308530,0,19145993,0,0.000000,0.000000,0.000000,2481,51041,712.71,0,0,0,0,SUCCESS,0,0,warm20,,,,,1,0,373116,1548,,,used,,,,20260913-1538
2026-09-13 17:57:52,Pre-HAUSPM,C8T1S5I8N5K,78,2,0.000200,0.200,0.008,39411343,39145,0,2692,2692,0,0,0,19330772,0,19168150,0,0.000000,0.000000,0.000000,2527,51167,387.66,0,0,0,0,SUCCESS,0,0,warm20,,,,,1,0,356919,1562,,,used,,,,20260913-1538
2026-09-13 17:57:55,Pre-HAUSPM,C8T1S5I8N5K,79,2,0.000200,0.200,0.008,39780981,39526,0,2736,2736,0,0,0,19483171,0,19319772,0,0.000000,0.000000,0.000000,2581,51539,221.97,0,0,0,0,SUCCESS,0,0,warm20,,,,,1,0,369638,1577,,,used,,,,20260913-1538
2026-09-13 17:57:58,Pre-HAUSPM,C8T1S5I8N5K,80,2,0.000200,0.200,0.008,40169171,39907,0,2757,2757,0,0,0,19529873,0,19366304,0,0.000000,0.000000,0.000000,2552,51398,1103.13,0,0,0,0,SUCCESS,0,0,warm20,,,,,1,0,388190,1592,,,used,,,,20260913-1538
2026-09-13 17:58:01,Pre-HAUSPM,C8T1S5I8N5K,81,2,0.000200,0.200,0.008,40555772,40288,0,2783,2783,0,0,0,19577210,0,19413586,0,0.000000,0.000000,0.000000,2574,51274,1030.62,0,0,0,0,SUCCESS,0,0,warm20,,,,,1,0,386601,1607,,,used,,,,20260913-1538
2026-09-13 17:58:03,Pre-HAUSPM,C8T1S5I8N5K,82,2,0.000200,0.200,0.008,40937437,40669,0,2787,2787,0,0,0,19565094,0,19402056,0,0.000000,0.000000,0.000000,2542,51088,990.77,0,0,0,0,SUCCESS,0,0,warm20,,,,,1,0,381665,1623,,,used,,,,20260913-1538
2026-09-13 17:58:06,Pre-HAUSPM,C8T1S5I8N5K,83,2,0.000200,0.200,0.008,41314466,41050,0,2848,2848,0,0,0,19879129,0,19714660,0,0.000000,0.000000,0.000000,2516,50969,282.78,0,0,0,0,SUCCESS,0,0,warm20,,,,,1,0,377029,1638,,,used,,,,20260913-1538
2026-09-13 17:58:09,Pre-HAUSPM,C8T1S5I8N5K,84,2,0.000200,0.200,0.008,41724684,41431,0,2873,2873,0,0,0,19749185,0,19585805,0,0.000000,0.000000,0.000000,2489,50715,1316.55,0,0,0,0,SUCCESS,0,0,warm20,,,,,1,0,410218,1653,,,used,,,,20260913-1538
2026-09-13 17:58:12,Pre-HAUSPM,C8T1S5I8N5K,85,2,0.000200,0.200,0.008,42093147,41812,0,2876,2876,0,0,0,19902203,0,19738078,0,0.000000,0.000000,0.000000,2440,50770,752.39,0,0,0,0,SUCCESS,0,0,warm20,,,,,1,0,368463,1669,,,used,,,,20260913-1538
2026-09-13 17:58:15,Pre-HAUSPM,C8T1S5I8N5K,86,2,0.000200,0.200,0.008,42494057,42193,0,2896,2896,0,0,0,19862303,0,19698783,0,0.000000,0.000000,0.000000,2493,51154,252.14,0,0,0,0,SUCCESS,0,0,warm20,,,,,1,0,400910,1684,,,used,,,,20260913-1538
2026-09-13 17:58:18,Pre-HAUSPM,C8T1S5I8N5K,87,2,0.000200,0.200,0.008,42876090,42574,0,2895,2895,0,0,0,19793007,0,19630463,0,0.000000,0.000000,0.000000,2433,50910,1119.31,0,0,0,0,SUCCESS,0,0,warm20,,,,,1,0,382033,1700,,,used,,,,20260913-1538
2026-09-13 17:58:21,Pre-HAUSPM,C8T1S5I8N5K,88,2,0.000200,0.200,0.008,43249167,42955,0,2900,2901,0,0,0,19722095,0,19560417,0,0.000000,0.000000,0.000000,2454,50681,920.77,0,0,0,0,SUCCESS,0,0,warm20,,,,,1,0,373077,1715,,,used,,,,20260913-1538
2026-09-13 17:58:24,Pre-HAUSPM,C8T1S5I8N5K,89,2,0.000200,0.200,0.008,43639417,43336,0,2906,2906,0,0,0,19666977,0,19506056,0,0.000000,0.000000,0.000000,2455,50650,832.28,0,0,0,0,SUCCESS,0,0,warm20,,,,,1,0,390250,1730,,,used,,,,20260913-1538
2026-09-13 17:58:27,Pre-HAUSPM,C8T1S5I8N5K,90,2,0.000200,0.200,0.008,44032208,43717,0,2908,2908,0,0,0,19599655,0,19439781,0,0.000000,0.000000,0.000000,2451,50800,1205.75,0,0,0,0,SUCCESS,0,0,warm20,,,,,1,0,392791,1746,,,used,,,,20260913-1538
2026-09-13 17:58:30,Pre-HAUSPM,C8T1S5I8N5K,91,2,0.000200,0.200,0.008,44399967,44098,0,2927,2927,0,0,0,19593820,0,19433863,0,0.000000,0.000000,0.000000,2431,50881,1248.49,0,0,0,0,SUCCESS,0,0,warm20,,,,,1,0,367759,1762,,,used,,,,20260913-1538
2026-09-13 17:58:33,Pre-HAUSPM,C8T1S5I8N5K,92,2,0.000200,0.200,0.008,44779784,44479,0,2911,2911,0,0,0,19381209,0,19222963,0,0.000000,0.000000,0.000000,2415,50818,1120.70,0,0,0,0,SUCCESS,0,0,warm20,,,,,1,0,379817,1776,,,used,,,,20260913-1538
2026-09-13 17:58:35,Pre-HAUSPM,C8T1S5I8N5K,93,2,0.000200,0.200,0.008,45163101,44860,0,2913,2913,0,0,0,19320600,0,19163167,0,0.000000,0.000000,0.000000,2417,50549,1072.14,0,0,0,0,SUCCESS,0,0,warm20,,,,,1,0,383317,1792,,,used,,,,20260913-1538
2026-09-13 17:58:38,Pre-HAUSPM,C8T1S5I8N5K,94,2,0.000200,0.200,0.008,45537311,45241,0,2924,2924,0,0,0,19326014,0,19169461,0,0.000000,0.000000,0.000000,2509,50921,1089.61,0,0,0,0,SUCCESS,0,0,warm20,,,,,1,0,374210,1807,,,used,,,,20260913-1538
2026-09-13 17:58:41,Pre-HAUSPM,C8T1S5I8N5K,95,2,0.000200,0.200,0.008,45914685,45622,0,2917,2917,0,0,0,19191631,0,19036659,0,0.000000,0.000000,0.000000,2472,50847,1024.48,0,0,0,0,SUCCESS,0,0,warm20,,,,,1,0,377374,1822,,,used,,,,20260913-1538
2026-09-13 17:58:44,Pre-HAUSPM,C8T1S5I8N5K,96,2,0.000200,0.200,0.008,46297846,46003,0,2983,2983,0,0,0,19511744,0,19355022,0,0.000000,0.000000,0.000000,2565,51291,1280.55,0,0,0,0,SUCCESS,0,0,warm20,,,,,1,0,383161,1837,,,used,,,,20260913-1538
2026-09-13 17:58:47,Pre-HAUSPM,C8T1S5I8N5K,97,2,0.000200,0.200,0.008,46661169,46384,0,2987,2987,0,0,0,19374519,0,19219353,0,0.000000,0.000000,0.000000,2642,51628,1216.71,0,0,0,0,SUCCESS,0,0,warm20,,,,,1,0,363323,1852,,,used,,,,20260913-1538
2026-09-13 17:58:50,Pre-HAUSPM,C8T1S5I8N5K,98,2,0.000200,0.200,0.008,47042336,46765,0,2996,2996,0,0,0,19327834,0,19173528,0,0.000000,0.000000,0.000000,2654,51802,1194.86,0,0,0,0,SUCCESS,0,0,warm20,,,,,1,0,381167,1867,,,used,,,,20260913-1538
2026-09-13 17:58:53,Pre-HAUSPM,C8T1S5I8N5K,99,2,0.000200,0.200,0.008,47416411,47133,0,3010,3010,0,0,0,19323837,0,19169868,0,0.000000,0.000000,0.000000,2623,51786,1210.36,0,0,0,0,SUCCESS,0,0,warm20,,,,,1,0,374075,1882,,,used,,,,20260913-1538
# run_id=20260913-1758 git=7eb8353 jvm=26.0.1 heap=24g host=ThaiTMs-MacBook-Pro.local tree=clean cmd=--exp 11 --dataset sign,syn_c8t1s5i8n5k --k 100 --algo HAUSP-UB[noEUCS] --repeats 3 --results-dir results-2026-09c --timeout 90 --resume
2026-09-13 17:58:57,HAUSP-UB[noEUCS],SIGN,0,0,0.003000,0.000,0.200,319686,146,10,3073,3084,6,0,0,106349081,2,104965474,143,0.000000,0.178773,0.178783,23387,0,14.73,106349081,106348144,937,217,SUCCESS,1383605,0,warm20,1064960,242848,0,179968,,,,,143,2,used,,,,20260913-1758
2026-09-13 17:59:00,HAUSP-UB[noEUCS],SIGN,1,0,0.003000,0.000,0.008,334092,152,0,3094,3095,0,0,0,107046451,6,105693981,181,0.000000,0.178764,0.178773,23347,0,15.37,107046234,107046233,721,218,SUCCESS,1352464,0,warm20,1285632,253504,0,191360,,,,,181,6,used,,,,20260913-1758
2026-09-13 17:59:03,HAUSP-UB[noEUCS],SIGN,2,0,0.003000,0.000,0.008,345121,158,0,3080,3080,0,0,0,104450506,7,103148010,332,0.000000,0.179987,0.179998,23125,0,15.69,104450288,104450288,720,222,SUCCESS,1302489,0,warm20,1423360,261888,0,202240,,,,,332,7,used,,,,20260913-1758
2026-09-13 17:59:06,HAUSP-UB[noEUCS],SIGN,3,0,0.003000,0.000,0.008,358047,164,0,3179,3179,0,0,0,105095072,8,103809348,252,0.000000,0.181684,0.181694,22486,0,15.85,105094850,105094844,722,223,SUCCESS,1285716,0,warm20,1483776,272192,0,211456,,,,,252,8,used,,,,20260913-1758
2026-09-13 17:59:10,HAUSP-UB[noEUCS],SIGN,4,0,0.003000,0.000,0.008,369331,170,0,3093,3094,0,0,0,100527745,7,99314342,124,0.000000,0.182239,0.182250,21958,0,16.17,100527522,100527522,720,224,SUCCESS,1213396,0,warm20,1543424,280416,0,221184,,,,,124,7,used,,,,20260913-1758
2026-09-13 17:59:13,HAUSP-UB[noEUCS],SIGN,5,0,0.003000,0.000,0.008,383289,176,0,3152,3153,0,0,0,100371827,7,99190447,47,0.000000,0.182254,0.182265,21751,0,16.33,100371603,100371598,725,224,SUCCESS,1181373,0,warm20,1605632,291584,0,225792,,,,,47,7,used,,,,20260913-1758
2026-09-13 17:59:16,HAUSP-UB[noEUCS],SIGN,6,0,0.003000,0.000,0.008,393230,182,0,3123,3124,0,0,0,97612223,10,96477573,41,0.000000,0.183995,0.184006,21796,0,16.49,97611999,97611999,719,225,SUCCESS,1134640,0,warm20,1674240,299488,0,229632,,,,,41,10,used,,,,20260913-1758
2026-09-13 17:59:19,HAUSP-UB[noEUCS],SIGN,7,0,0.003000,0.000,0.008,408594,188,0,3063,3063,0,0,0,94018829,10,92948927,48,0.000000,0.183682,0.183695,20533,0,16.80,94018604,94018602,726,226,SUCCESS,1069892,0,warm20,1732608,310304,0,242304,,,,,48,10,used,,,,20260913-1758
2026-09-13 17:59:22,HAUSP-UB[noEUCS],SIGN,8,0,0.003000,0.000,0.008,428453,194,0,3262,3262,0,0,0,98714907,10,97619084,138,0.000000,0.183816,0.183828,20113,0,16.97,98714682,98714679,728,227,SUCCESS,1095814,0,warm20,1789952,323296,0,251520,,,,,138,9,used,,,,20260913-1758
2026-09-13 17:59:26,HAUSP-UB[noEUCS],SIGN,9,0,0.003000,0.000,0.008,446004,200,0,3668,3668,0,0,0,109908170,10,108700461,166,0.000000,0.183474,0.183485,19376,0,17.29,109907944,109907940,731,227,SUCCESS,1207700,0,warm20,1931776,334784,0,259072,,,,,166,9,used,,,,20260913-1758
2026-09-13 17:59:29,HAUSP-UB[noEUCS],SIGN,10,0,0.003000,0.000,0.008,456476,206,0,3671,3671,0,0,0,105690461,10,104541796,189,0.000000,0.183692,0.183704,18895,0,17.46,105690235,105690235,729,227,SUCCESS,1148656,0,warm20,1996800,342944,0,264064,,,,,189,9,used,,,,20260913-1758
2026-09-13 17:59:33,HAUSP-UB[noEUCS],SIGN,11,0,0.003000,0.000,0.008,466138,212,0,3486,3487,0,0,0,101867255,10,100771369,162,0.000000,0.183122,0.183135,18242,0,17.76,101867029,101867029,729,228,SUCCESS,1095877,0,warm20,2060288,351264,0,273792,,,,,162,9,used,,,,20260913-1758
2026-09-13 17:59:37,HAUSP-UB[noEUCS],SIGN,12,0,0.003000,0.000,0.008,480433,218,0,3548,3548,0,0,0,101542469,12,100469113,114,0.000000,0.183421,0.183433,18295,0,18.09,101542242,101542242,729,230,SUCCESS,1073345,0,warm20,2199552,362304,0,283136,,,,,114,11,used,,,,20260913-1758
2026-09-13 17:59:40,HAUSP-UB[noEUCS],SIGN,13,0,0.003000,0.000,0.008,496413,224,0,3692,3692,0,0,0,103912803,13,102841976,70,0.000000,0.185180,0.185193,19145,0,18.43,103912575,103912561,742,230,SUCCESS,1070816,0,warm20,2348544,374144,0,288640,,,,,70,11,used,,,,20260913-1758
2026-09-13 17:59:44,HAUSP-UB[noEUCS],SIGN,14,0,0.003000,0.000,0.008,507190,230,0,3684,3684,0,0,0,102005291,13,100962339,63,0.000000,0.184851,0.184864,18586,0,18.76,102005063,102005063,741,230,SUCCESS,1042941,0,warm20,2416640,382752,0,289920,,,,,63,11,used,,,,20260913-1758
2026-09-13 17:59:48,HAUSP-UB[noEUCS],SIGN,15,0,0.003000,0.000,0.008,518654,236,0,3906,3906,0,0,0,105801717,13,104734326,62,0.000000,0.187631,0.187644,19660,0,19.09,105801489,105801484,747,231,SUCCESS,1067380,0,warm20,2557952,393568,0,297088,,,,,62,11,used,,,,20260913-1758
2026-09-13 17:59:52,HAUSP-UB[noEUCS],SIGN,16,0,0.003000,0.000,0.008,536314,242,0,4194,4194,0,0,0,110903870,13,109803820,55,0.000000,0.187710,0.187723,20004,0,19.41,110903641,110903635,752,231,SUCCESS,1100039,0,warm20,2699008,406048,0,306048,,,,,55,11,used,,,,20260913-1758
2026-09-13 17:59:56,HAUSP-UB[noEUCS],SIGN,17,0,0.003000,0.000,0.008,544548,248,0,4122,4122,0,0,0,108072255,12,107007462,57,0.000000,0.187585,0.187598,19532,0,19.72,108072026,108072026,747,231,SUCCESS,1064783,0,warm20,2764288,412832,0,312448,,,,,57,10,used,,,,20260913-1758
2026-09-13 18:00:00,HAUSP-UB[noEUCS],SIGN,18,0,0.003000,0.000,0.008,556990,254,0,4103,4103,0,0,0,106340937,17,105307647,49,0.000000,0.186752,0.186766,18960,0,19.88,106340708,106340708,747,234,SUCCESS,1033275,0,warm20,2814976,423136,0,332928,,,,,49,15,used,,,,20260913-1758
2026-09-13 18:00:04,HAUSP-UB[noEUCS],SIGN,19,0,0.003000,0.000,0.008,569490,260,0,4158,4158,0,0,0,106054153,19,105030318,43,0.000000,0.186644,0.186657,18933,0,20.04,106053921,106053921,746,235,SUCCESS,1023818,0,warm20,2871296,433536,0,344192,,,,,43,17,used,,,,20260913-1758
2026-09-13 18:00:09,HAUSP-UB[noEUCS],SIGN,20,0,0.003000,0.000,0.008,587283,266,0,4433,4433,0,0,0,112027322,20,110966667,53,0.000000,0.181947,0.181961,18422,0,20.36,112027089,112027073,764,241,SUCCESS,1060637,0,warm20,2906112,445568,0,380032,,,,,53,18,used,,,,20260913-1758
2026-09-13 18:00:13,HAUSP-UB[noEUCS],SIGN,21,0,0.003000,0.000,0.008,601918,272,0,4469,4469,0,0,0,111123670,22,110078775,57,0.000000,0.181782,0.181797,18161,0,20.52,111123430,111123423,765,246,SUCCESS,1044874,0,warm20,2951936,455808,0,408192,,,,,57,21,used,,,,20260913-1758
2026-09-13 18:00:18,HAUSP-UB[noEUCS],SIGN,22,0,0.003000,0.000,0.008,613134,278,0,4510,4510,0,0,0,110441739,22,109411906,56,0.000000,0.182594,0.182609,18187,0,20.68,110441494,110441494,758,246,SUCCESS,1029812,0,warm20,3015168,465792,0,414080,,,,,56,21,used,,,,20260913-1758
2026-09-13 18:00:22,HAUSP-UB[noEUCS],SIGN,23,0,0.003000,0.000,0.008,625156,284,0,4385,4385,0,0,0,106258475,20,105274942,60,0.000000,0.181910,0.181926,17486,0,20.86,106258231,106258231,757,246,SUCCESS,983515,0,warm20,3070976,473920,0,423040,,,,,60,18,used,,,,20260913-1758
2026-09-13 18:00:27,HAUSP-UB[noEUCS],SIGN,24,0,0.003000,0.000,0.008,639272,290,0,4325,4325,0,0,0,103673264,22,102726235,59,0.000000,0.181624,0.181641,17307,0,20.99,103673020,103673020,760,246,SUCCESS,947009,0,warm20,3075072,484064,0,430976,,,,,59,20,used,,,,20260913-1758
2026-09-13 18:00:31,HAUSP-UB[noEUCS],SIGN,25,0,0.003000,0.000,0.008,650468,296,0,4349,4349,0,0,0,103005832,23,102072686,61,0.000000,0.181756,0.181772,17338,0,21.16,103005589,103005589,756,246,SUCCESS,933126,0,warm20,3108864,493856,0,440960,,,,,61,20,used,,,,20260913-1758
2026-09-13 18:00:35,HAUSP-UB[noEUCS],SIGN,26,0,0.003000,0.000,0.008,661807,302,0,4360,4360,0,0,0,102278280,22,101356166,66,0.000000,0.180799,0.180817,16997,0,21.17,102278039,102278039,756,246,SUCCESS,922097,0,warm20,3112960,502720,0,450432,,,,,66,17,used,,,,20260913-1758
2026-09-13 18:00:40,HAUSP-UB[noEUCS],SIGN,27,0,0.003000,0.000,0.008,671849,308,0,4290,4290,0,0,0,99724640,24,98829400,63,0.000000,0.180223,0.180241,16446,0,21.35,99724400,99724400,753,246,SUCCESS,895222,0,warm20,3129344,511008,0,456576,,,,,63,18,used,,,,20260913-1758
2026-09-13 18:00:44,HAUSP-UB[noEUCS],SIGN,28,0,0.003000,0.000,0.008,682126,314,0,4293,4293,0,0,0,98664500,24,97783193,59,0.000000,0.180669,0.180687,16420,0,21.52,98664260,98664260,754,246,SUCCESS,881289,0,warm20,3139584,519168,0,465792,,,,,59,18,used,,,,20260913-1758
2026-09-13 18:00:48,HAUSP-UB[noEUCS],SIGN,29,0,0.003000,0.000,0.008,695776,320,0,4472,4472,0,0,0,100691676,25,99797371,52,0.000000,0.181944,0.181962,16853,0,21.52,100691436,100691436,758,247,SUCCESS,894286,0,warm20,3145728,530240,0,481408,,,,,52,19,used,,,,20260913-1758
2026-09-13 18:00:53,HAUSP-UB[noEUCS],SIGN,30,0,0.003000,0.000,0.008,707653,326,0,4447,4447,0,0,0,99017923,25,98142179,52,0.000000,0.181542,0.181561,16464,0,21.67,99017682,99017682,752,247,SUCCESS,875725,0,warm20,3158016,539136,0,483456,,,,,52,19,used,,,,20260913-1758
2026-09-13 18:00:57,HAUSP-UB[noEUCS],SIGN,31,0,0.003000,0.000,0.008,720279,332,0,4375,4375,0,0,0,96439389,26,95591014,55,0.000000,0.180791,0.180809,15898,0,21.83,96439148,96439148,752,247,SUCCESS,848355,0,warm20,3170304,548128,0,491392,,,,,55,20,used,,,,20260913-1758
2026-09-13 18:01:02,HAUSP-UB[noEUCS],SIGN,32,0,0.003000,0.000,0.008,730705,338,0,4374,4375,0,0,0,95316430,28,94481770,55,0.000000,0.181316,0.181334,15828,0,21.83,95316189,95316189,753,249,SUCCESS,834638,0,warm20,3174400,556992,0,501120,,,,,55,22,used,,,,20260913-1758
2026-09-13 18:01:06,HAUSP-UB[noEUCS],SIGN,33,0,0.003000,0.000,0.008,744420,344,0,4407,4407,0,0,0,94575230,27,93751606,57,0.000000,0.183838,0.183857,16554,0,22.14,94574989,94574989,753,250,SUCCESS,823605,0,warm20,3190784,566592,0,513408,,,,,57,19,used,,,,20260913-1758
2026-09-13 18:01:10,HAUSP-UB[noEUCS],SIGN,34,0,0.003000,0.000,0.008,756980,350,0,4478,4478,0,0,0,94589953,26,93768264,56,0.000000,0.185007,0.185026,16743,0,22.30,94589711,94589711,752,250,SUCCESS,821671,0,warm20,3256320,576928,0,521216,,,,,56,18,used,,,,20260913-1758
2026-09-13 18:01:15,HAUSP-UB[noEUCS],SIGN,35,0,0.003000,0.000,0.008,768219,356,0,4462,4463,0,0,0,93218110,26,92411858,57,0.000000,0.185391,0.185410,16721,0,22.31,93217868,93217868,751,250,SUCCESS,806234,0,warm20,3317760,586656,0,523264,,,,,57,18,used,,,,20260913-1758
2026-09-13 18:01:19,HAUSP-UB[noEUCS],SIGN,36,0,0.003000,0.000,0.008,777786,362,0,4478,4478,0,0,0,92381711,27,91583827,57,0.000000,0.185781,0.185801,16692,0,22.48,92381471,92381471,750,251,SUCCESS,797867,0,warm20,3313664,594336,0,531456,,,,,57,17,used,,,,20260913-1758
2026-09-13 18:01:24,HAUSP-UB[noEUCS],SIGN,37,0,0.003000,0.000,0.008,790994,368,0,4585,4585,0,0,0,93541281,30,92740130,53,0.000000,0.187070,0.187089,16986,0,22.78,93541040,93541040,748,252,SUCCESS,801131,0,warm20,3358720,605088,0,553600,,,,,53,20,used,,,,20260913-1758
2026-09-13 18:01:29,HAUSP-UB[noEUCS],SIGN,38,0,0.003000,0.000,0.008,803248,374,0,4583,4583,0,0,0,92359913,33,91571875,48,0.000000,0.187268,0.187288,16821,0,22.94,92359670,92359670,744,252,SUCCESS,788014,0,warm20,3428352,614496,0,559744,,,,,48,24,used,,,,20260913-1758
2026-09-13 18:01:33,HAUSP-UB[noEUCS],SIGN,39,0,0.003000,0.000,0.008,817420,380,0,4602,4602,0,0,0,91757519,34,90979238,46,0.000000,0.187376,0.187397,16757,0,23.12,91757276,91757276,740,252,SUCCESS,778256,0,warm20,3502080,624736,0,562304,,,,,46,25,used,,,,20260913-1758
2026-09-13 18:01:38,HAUSP-UB[noEUCS],SIGN,40,0,0.003000,0.000,0.008,828605,386,0,4649,4649,0,0,0,91574496,34,90799288,49,0.000000,0.187829,0.187850,16796,0,23.59,91574254,91574254,739,252,SUCCESS,775184,0,warm20,3653632,633088,0,563328,,,,,49,24,used,,,,20260913-1758
2026-09-13 18:01:42,HAUSP-UB[noEUCS],SIGN,41,0,0.003000,0.000,0.008,840915,392,0,4687,4688,0,0,0,91250481,34,90481692,49,0.000000,0.187972,0.187992,16767,0,23.75,91250239,91250239,738,253,SUCCESS,768765,0,warm20,3715072,643584,0,575104,,,,,49,24,used,,,,20260913-1758
2026-09-13 18:01:47,HAUSP-UB[noEUCS],SIGN,42,0,0.003000,0.000,0.008,851890,398,0,4722,4722,0,0,0,90859133,33,90095416,53,0.000000,0.189470,0.189491,17093,0,23.99,90858890,90858890,734,253,SUCCESS,763694,0,warm20,3833856,653152,0,582272,,,,,53,23,used,,,,20260913-1758
2026-09-13 18:01:52,HAUSP-UB[noEUCS],SIGN,43,0,0.003000,0.000,0.008,867106,404,0,4765,4765,0,0,0,91145545,34,90386554,55,0.000000,0.188551,0.188572,16906,0,24.31,91145301,91145301,736,254,SUCCESS,758966,0,warm20,3911680,663840,0,587392,,,,,55,25,used,,,,20260913-1758
2026-09-13 18:01:57,HAUSP-UB[noEUCS],SIGN,44,0,0.003000,0.000,0.008,884460,410,0,4788,4788,0,0,0,90560831,30,89808821,57,0.000000,0.188086,0.188107,16490,0,24.64,90560589,90560589,748,254,SUCCESS,751992,0,warm20,4063232,674592,0,590720,,,,,57,18,used,,,,20260913-1758
2026-09-13 18:02:01,HAUSP-UB[noEUCS],SIGN,45,0,0.003000,0.000,0.008,901027,416,0,4744,4744,0,0,0,88711859,30,87977905,57,0.000000,0.187128,0.187150,15893,0,25.12,88711618,88711617,753,254,SUCCESS,733937,0,warm20,4214784,684960,0,595584,,,,,57,17,used,,,,20260913-1758
2026-09-13 18:02:06,HAUSP-UB[noEUCS],SIGN,46,0,0.003000,0.000,0.008,916886,422,0,4747,4747,0,0,0,87982799,32,87259765,56,0.000000,0.186182,0.186203,15488,0,25.32,87982558,87982558,753,255,SUCCESS,723015,0,warm20,4300800,696640,0,608256,,,,,56,19,used,,,,20260913-1758
2026-09-13 18:02:11,HAUSP-UB[noEUCS],SIGN,47,0,0.003000,0.000,0.008,933116,428,0,4705,4705,0,0,0,86901399,32,86192255,58,0.000000,0.185469,0.185491,15117,0,25.44,86901156,86901153,755,255,SUCCESS,709124,0,warm20,4366336,706624,0,620544,,,,,58,20,used,,,,20260913-1758
2026-09-13 18:02:16,HAUSP-UB[noEUCS],SIGN,48,0,0.003000,0.000,0.008,947537,434,0,4681,4681,0,0,0,86039616,33,85342140,53,0.000000,0.184956,0.184976,14733,0,17.22,86039373,86039373,753,255,SUCCESS,697455,0,warm20,4599808,716352,0,621568,,,,,53,21,used,,,,20260913-1758
2026-09-13 18:02:20,HAUSP-UB[noEUCS],SIGN,49,0,0.003000,0.000,0.008,957204,440,0,4642,4642,0,0,0,84747143,33,84062317,53,0.000000,0.184981,0.185003,14599,0,17.53,84746900,84746900,753,255,SUCCESS,684805,0,warm20,4710400,724224,0,631808,,,,,53,21,used,,,,20260913-1758
2026-09-13 18:02:25,HAUSP-UB[noEUCS],SIGN,50,0,0.003000,0.000,0.008,967022,446,0,4642,4642,0,0,0,84051940,33,83374456,52,0.000000,0.185266,0.185288,14609,0,17.89,84051696,84051696,753,255,SUCCESS,677462,0,warm20,4849664,732384,0,640000,,,,,52,22,used,,,,20260913-1758
2026-09-13 18:02:30,HAUSP-UB[noEUCS],SIGN,51,0,0.003000,0.000,0.008,979636,452,0,4712,4712,0,0,0,84516415,31,83836857,54,0.000000,0.185286,0.185309,14554,0,18.22,84516171,84516171,751,255,SUCCESS,679538,0,warm20,4980736,741728,0,641408,,,,,54,20,used,,,,20260913-1758
2026-09-13 18:02:34,HAUSP-UB[noEUCS],SIGN,52,0,0.003000,0.000,0.008,990505,458,0,4692,4692,0,0,0,83473077,31,82803848,54,0.000000,0.185190,0.185214,14363,0,18.53,83472833,83472833,749,255,SUCCESS,669209,0,warm20,5087232,750560,0,651648,,,,,54,20,used,,,,20260913-1758
2026-09-13 18:02:39,HAUSP-UB[noEUCS],SIGN,53,0,0.003000,0.000,0.008,1001386,464,0,4626,4626,0,0,0,81675208,31,81021157,55,0.000000,0.184680,0.184703,14056,0,18.79,81674964,81674964,748,255,SUCCESS,654031,0,warm20,5185536,757664,0,654208,,,,,55,20,used,,,,20260913-1758
2026-09-13 18:02:44,HAUSP-UB[noEUCS],SIGN,54,0,0.003000,0.000,0.008,1016244,470,0,4664,4664,0,0,0,81562343,30,80912061,61,0.000000,0.184275,0.184300,13905,0,19.09,81562099,81562099,747,255,SUCCESS,650263,0,warm20,5300224,767424,0,656256,,,,,61,19,used,,,,20260913-1758
2026-09-13 18:02:48,HAUSP-UB[noEUCS],SIGN,55,0,0.003000,0.000,0.008,1027129,476,0,4669,4669,0,0,0,81091130,30,80446540,61,0.000000,0.184180,0.184205,13871,0,19.39,81090888,81090888,747,256,SUCCESS,644573,0,warm20,5406720,776064,0,666496,,,,,61,17,used,,,,20260913-1758
2026-09-13 18:02:53,HAUSP-UB[noEUCS],SIGN,56,0,0.003000,0.000,0.008,1047408,482,0,4687,4688,0,0,0,80919576,26,80281821,64,0.000000,0.182475,0.182502,13478,0,19.71,80919332,80919332,751,260,SUCCESS,637741,0,warm20,5500928,787776,0,695680,,,,,64,14,used,,,,20260913-1758
2026-09-13 18:02:58,HAUSP-UB[noEUCS],SIGN,57,0,0.003000,0.000,0.008,1060421,488,0,4694,4694,0,0,0,80249837,26,79618811,61,0.000000,0.182345,0.182371,13277,0,20.03,80249589,80249589,745,260,SUCCESS,631012,0,warm20,5615616,796864,0,708992,,,,,61,14,used,,,,20260913-1758
2026-09-13 18:03:02,HAUSP-UB[noEUCS],SIGN,58,0,0.003000,0.000,0.008,1079371,494,0,4702,4702,0,0,0,79700384,27,79076611,71,0.000000,0.181677,0.181704,13241,0,20.25,79700136,79700136,740,261,SUCCESS,623758,0,warm20,5672960,807232,0,721280,,,,,71,15,used,,,,20260913-1758
2026-09-13 18:03:07,HAUSP-UB[noEUCS],SIGN,59,0,0.003000,0.000,0.008,1096747,500,0,4728,4728,0,0,0,79508039,28,78887045,77,0.000000,0.180738,0.180766,13167,0,20.56,79507791,79507791,737,263,SUCCESS,620979,0,warm20,5771264,817088,0,743296,,,,,77,15,used,,,,20260913-1758
2026-09-13 18:03:12,HAUSP-UB[noEUCS],SIGN,60,0,0.003000,0.000,0.008,1110602,506,0,4725,4725,0,0,0,78848977,29,78235534,77,0.000000,0.180587,0.180615,13007,0,20.71,78848729,78848729,732,263,SUCCESS,613429,0,warm20,5804032,826272,0,745728,,,,,77,14,used,,,,20260913-1758
2026-09-13 18:03:17,HAUSP-UB[noEUCS],SIGN,61,0,0.003000,0.000,0.008,1124744,512,0,4725,4725,0,0,0,78177936,31,77572669,73,0.000000,0.180538,0.180567,12882,0,20.91,78177690,78177690,736,265,SUCCESS,605253,0,warm20,5849088,835776,0,766720,,,,,73,14,used,,,,20260913-1758
2026-09-13 18:03:21,HAUSP-UB[noEUCS],SIGN,62,0,0.003000,0.000,0.008,1139446,518,0,4761,4761,0,0,0,78222313,30,77620427,73,0.000000,0.180452,0.180481,12846,0,21.10,78222064,78222064,737,265,SUCCESS,601872,0,warm20,5902336,845920,0,767616,,,,,73,14,used,,,,20260913-1758
2026-09-13 18:03:26,HAUSP-UB[noEUCS],SIGN,63,0,0.003000,0.000,0.008,1156811,524,0,4785,4785,0,0,0,77990356,26,77395579,76,0.000000,0.180528,0.180560,12821,0,21.21,77990105,77990105,744,266,SUCCESS,594765,0,warm20,5910528,857024,0,779392,,,,,76,12,used,,,,20260913-1758
2026-09-13 18:03:31,HAUSP-UB[noEUCS],SIGN,64,0,0.003000,0.000,0.008,1169601,530,0,4802,4802,0,0,0,77707116,26,77117355,74,0.000000,0.180281,0.180313,12622,0,21.38,77706865,77706865,740,266,SUCCESS,589750,0,warm20,5943296,866144,0,793216,,,,,74,11,used,,,,20260913-1758
2026-09-13 18:03:36,HAUSP-UB[noEUCS],SIGN,65,0,0.003000,0.000,0.008,1183474,536,0,4809,4809,0,0,0,77230229,25,76646251,75,0.000000,0.180008,0.180040,12433,0,21.52,77229978,77229978,739,266,SUCCESS,583968,0,warm20,5971968,875744,0,795520,,,,,75,10,used,,,,20260913-1758
2026-09-13 18:03:41,HAUSP-UB[noEUCS],SIGN,66,0,0.003000,0.000,0.008,1194955,542,0,4798,4798,0,0,0,76383493,24,75806716,71,0.000000,0.179947,0.179980,12294,0,21.68,76383242,76383242,738,266,SUCCESS,576768,0,warm20,6000640,884320,0,806272,,,,,71,9,used,,,,20260913-1758
2026-09-13 18:03:45,HAUSP-UB[noEUCS],SIGN,67,0,0.003000,0.000,0.008,1209554,548,0,4785,4785,0,0,0,75630824,26,75062214,72,0.000000,0.179381,0.179413,12041,0,21.80,75630572,75630572,740,266,SUCCESS,568598,0,warm20,6025216,893888,0,807552,,,,,72,12,used,,,,20260913-1758
2026-09-13 18:03:50,HAUSP-UB[noEUCS],SIGN,68,0,0.003000,0.000,0.008,1225092,554,0,4839,4839,0,0,0,75886310,27,75317138,71,0.000000,0.179369,0.179400,12117,0,21.93,75886058,75886058,737,266,SUCCESS,569159,0,warm20,6033408,904512,0,824192,,,,,71,13,used,,,,20260913-1758
2026-09-13 18:03:55,HAUSP-UB[noEUCS],SIGN,69,0,0.003000,0.000,0.008,1246726,560,0,5056,5057,0,0,0,79450609,26,78863730,69,0.000000,0.177314,0.177344,12158,0,22.07,79450357,79450357,740,267,SUCCESS,586867,0,warm20,6045696,918208,0,841856,,,,,69,12,used,,,,20260913-1758
2026-09-13 18:04:00,HAUSP-UB[noEUCS],SIGN,70,0,0.003000,0.000,0.008,1265597,566,0,5175,5175,0,0,0,80838528,27,80243454,64,0.000000,0.177587,0.177615,12584,0,22.22,80838275,80838275,738,267,SUCCESS,595061,0,warm20,6049792,929472,0,873344,,,,,64,13,used,,,,20260913-1758
2026-09-13 18:04:06,HAUSP-UB[noEUCS],SIGN,71,0,0.003000,0.000,0.008,1283052,572,0,5233,5234,0,0,0,81194835,32,80598441,61,0.000000,0.177750,0.177778,12659,0,22.34,81194582,81194582,738,267,SUCCESS,596376,0,warm20,6053888,939584,0,885888,,,,,61,18,used,,,,20260913-1758
2026-09-13 18:04:11,HAUSP-UB[noEUCS],SIGN,72,0,0.003000,0.000,0.008,1300784,578,0,5384,5384,0,0,0,83171681,31,82562944,65,0.000000,0.177249,0.177276,12940,0,22.46,83171428,83171428,736,267,SUCCESS,608720,0,warm20,6066176,951104,0,894848,,,,,65,17,used,,,,20260913-1758
2026-09-13 18:04:17,HAUSP-UB[noEUCS],SIGN,73,0,0.003000,0.000,0.008,1316615,584,0,5481,5481,0,0,0,84148511,30,83536262,65,0.000000,0.177132,0.177159,12887,0,22.55,84148258,84148258,737,267,SUCCESS,612233,0,warm20,6066176,963200,0,899968,,,,,65,16,used,,,,20260913-1758
2026-09-13 18:04:22,HAUSP-UB[noEUCS],SIGN,74,0,0.003000,0.000,0.008,1330102,590,0,5455,5455,0,0,0,83351687,30,82746645,65,0.000000,0.177117,0.177144,12801,0,22.70,83351434,83351434,738,267,SUCCESS,605026,0,warm20,6074368,972416,0,928000,,,,,65,16,used,,,,20260913-1758
2026-09-13 18:04:27,HAUSP-UB[noEUCS],SIGN,75,0,0.003000,0.000,0.008,1342143,596,0,5421,5421,0,0,0,82418671,30,81821349,64,0.000000,0.176878,0.176905,12641,0,22.81,82418419,82418419,737,267,SUCCESS,597307,0,warm20,6078464,981184,0,941312,,,,,64,15,used,,,,20260913-1758
2026-09-13 18:04:33,HAUSP-UB[noEUCS],SIGN,76,0,0.003000,0.000,0.008,1352225,602,0,5387,5387,0,0,0,81466552,30,80877018,62,0.000000,0.176708,0.176736,12469,0,22.89,81466300,81466300,736,267,SUCCESS,589519,0,warm20,6078464,989184,0,945408,,,,,62,15,used,,,,20260913-1758
2026-09-13 18:04:38,HAUSP-UB[noEUCS],SIGN,77,0,0.003000,0.000,0.008,1364919,608,0,5446,5446,0,0,0,81502794,30,80913624,64,0.000000,0.177017,0.177045,12515,0,22.99,81502542,81502542,736,267,SUCCESS,589155,0,warm20,6086656,999168,0,946432,,,,,64,15,used,,,,20260913-1758
2026-09-13 18:04:44,HAUSP-UB[noEUCS],SIGN,78,0,0.003000,0.000,0.008,1378844,614,0,5484,5484,0,0,0,81488994,30,80902153,64,0.000000,0.177266,0.177294,12541,0,23.12,81488742,81488742,736,267,SUCCESS,586826,0,warm20,6098944,1009024,0,964096,,,,,64,15,used,,,,20260913-1758
2026-09-13 18:04:49,HAUSP-UB[noEUCS],SIGN,79,0,0.003000,0.000,0.008,1390075,620,0,5457,5457,0,0,0,80747716,29,80168197,64,0.000000,0.177037,0.177065,12364,0,23.22,80747464,80747464,736,267,SUCCESS,579505,0,warm20,6107136,1017312,0,964096,,,,,64,14,used,,,,20260913-1758
2026-09-13 18:04:55,HAUSP-UB[noEUCS],SIGN,80,0,0.003000,0.000,0.008,1404925,626,0,5462,5462,0,0,0,80576224,29,80002004,65,0.000000,0.176620,0.176649,12159,0,23.33,80575972,80575972,736,267,SUCCESS,574206,0,warm20,6115328,1027168,0,972416,,,,,65,14,used,,,,20260913-1758
2026-09-13 18:05:00,HAUSP-UB[noEUCS],SIGN,81,0,0.003000,0.000,0.008,1419540,632,0,5493,5493,0,0,0,80442823,29,79870482,66,0.000000,0.176665,0.176694,12230,0,23.44,80442571,80442571,735,267,SUCCESS,572327,0,warm20,6123520,1037088,0,977536,,,,,66,14,used,,,,20260913-1758
2026-09-13 18:05:06,HAUSP-UB[noEUCS],SIGN,82,0,0.003000,0.000,0.008,1430972,638,0,5553,5553,0,0,0,80609918,29,80036057,66,0.000000,0.176688,0.176717,12165,0,23.55,80609666,80609666,739,267,SUCCESS,573847,0,warm20,6131712,1046080,0,987776,,,,,66,14,used,,,,20260913-1758
2026-09-13 18:05:11,HAUSP-UB[noEUCS],SIGN,83,0,0.003000,0.000,0.008,1446547,644,0,5593,5593,0,0,0,80344277,30,79772488,66,0.000000,0.176675,0.176703,12128,0,23.68,80344025,80344025,735,267,SUCCESS,571774,0,warm20,6148096,1057088,0,999552,,,,,66,15,used,,,,20260913-1758
2026-09-13 18:05:17,HAUSP-UB[noEUCS],SIGN,84,0,0.003000,0.000,0.008,1466019,650,0,5701,5701,0,0,0,81182667,30,80606246,68,0.000000,0.176547,0.176576,12206,0,23.82,81182416,81182416,740,267,SUCCESS,576407,0,warm20,6172672,1069536,0,1005440,,,,,68,14,used,,,,20260913-1758
2026-09-13 18:05:23,HAUSP-UB[noEUCS],SIGN,85,0,0.003000,0.000,0.008,1477721,656,0,5691,5691,0,0,0,80509456,31,79938846,70,0.000000,0.176535,0.176563,12122,0,23.95,80509205,80509205,737,267,SUCCESS,570595,0,warm20,6197248,1078816,0,1005440,,,,,70,15,used,,,,20260913-1758
2026-09-13 18:05:28,HAUSP-UB[noEUCS],SIGN,86,0,0.003000,0.000,0.008,1489446,662,0,5695,5695,0,0,0,80029808,31,79463543,68,0.000000,0.176775,0.176803,12092,0,24.10,80029557,80029557,739,267,SUCCESS,566250,0,warm20,6230016,1088704,0,1011712,,,,,68,15,used,,,,20260913-1758
2026-09-13 18:05:34,HAUSP-UB[noEUCS],SIGN,87,0,0.003000,0.000,0.008,1504545,668,0,5784,5784,0,0,0,80675128,33,80106364,61,0.000000,0.176814,0.176842,12261,0,24.29,80674877,80674877,741,267,SUCCESS,568747,0,warm20,6270976,1099744,0,1025536,,,,,61,17,used,,,,20260913-1758
2026-09-13 18:05:40,HAUSP-UB[noEUCS],SIGN,88,0,0.003000,0.000,0.008,1520720,674,0,5889,5889,0,0,0,81479098,33,80906771,61,0.000000,0.177065,0.177093,12357,0,24.51,81478848,81478844,747,267,SUCCESS,572311,0,warm20,6340608,1111488,0,1026432,,,,,61,16,used,,,,20260913-1758
2026-09-13 18:05:46,HAUSP-UB[noEUCS],SIGN,89,0,0.003000,0.000,0.008,1534926,680,0,5930,5930,0,0,0,81485448,33,80914503,62,0.000000,0.177483,0.177511,12454,0,24.69,81485198,81485198,747,267,SUCCESS,570929,0,warm20,6381568,1122208,0,1037952,,,,,62,16,used,,,,20260913-1758
2026-09-13 18:05:52,HAUSP-UB[noEUCS],SIGN,90,0,0.003000,0.000,0.008,1553182,686,0,6080,6080,0,0,0,82645188,33,82066893,70,0.000000,0.177822,0.177849,12724,0,24.90,82644938,82644934,751,267,SUCCESS,578279,0,warm20,6438912,1133856,0,1046144,,,,,70,16,used,,,,20260913-1758
2026-09-13 18:05:58,HAUSP-UB[noEUCS],SIGN,91,0,0.003000,0.000,0.008,1569089,692,0,6196,6196,0,0,0,83514353,33,82931126,66,0.000000,0.178026,0.178053,12856,0,25.10,83514103,83514102,752,267,SUCCESS,583211,0,warm20,6500352,1145408,0,1047296,,,,,66,16,used,,,,20260913-1758
2026-09-13 18:06:05,HAUSP-UB[noEUCS],SIGN,92,0,0.003000,0.000,0.008,1586819,698,0,6351,6351,0,0,0,85096331,33,84506685,62,0.000000,0.178120,0.178147,12860,0,25.34,85096082,85096081,753,267,SUCCESS,589631,0,warm20,6569984,1157856,0,1056256,,,,,62,15,used,,,,20260913-1758
2026-09-13 18:06:11,HAUSP-UB[noEUCS],SIGN,93,0,0.003000,0.000,0.008,1606504,704,0,6519,6519,0,0,0,87230010,33,86629241,64,0.000000,0.177087,0.177113,12872,0,25.59,87229761,87229760,754,267,SUCCESS,600754,0,warm20,6641664,1170784,0,1076992,,,,,64,15,used,,,,20260913-1758
2026-09-13 18:06:18,HAUSP-UB[noEUCS],SIGN,94,0,0.003000,0.000,0.008,1616945,710,0,6574,6574,0,0,0,87119701,32,86519945,64,0.000000,0.177510,0.177536,12890,0,25.83,87119452,87119452,754,267,SUCCESS,599742,0,warm20,6721536,1179744,0,1077504,,,,,64,14,used,,,,20260913-1758
2026-09-13 18:06:24,HAUSP-UB[noEUCS],SIGN,95,0,0.003000,0.000,0.008,1631610,716,0,6634,6634,0,0,0,87979974,32,87378495,65,0.000000,0.176734,0.176761,12886,0,26.08,87979725,87979725,753,267,SUCCESS,601465,0,warm20,6807552,1189984,0,1083136,,,,,65,14,used,,,,20260913-1758
2026-09-13 18:06:31,HAUSP-UB[noEUCS],SIGN,96,0,0.003000,0.000,0.008,1649145,722,0,6690,6690,0,0,0,87885998,32,87285610,63,0.000000,0.176659,0.176686,12904,0,26.37,87885749,87885749,752,267,SUCCESS,600374,0,warm20,6914048,1201088,0,1084160,,,,,63,14,used,,,,20260913-1758
2026-09-13 18:06:38,HAUSP-UB[noEUCS],SIGN,97,0,0.003000,0.000,0.008,1663324,728,0,6699,6699,0,0,0,87551109,32,86954621,61,0.000000,0.176163,0.176190,12728,0,26.69,87550860,87550858,756,267,SUCCESS,596474,0,warm20,7038976,1211648,0,1087488,,,,,61,14,used,,,,20260913-1758
2026-09-13 18:06:44,HAUSP-UB[noEUCS],SIGN,98,0,0.003000,0.000,0.008,1668652,730,0,6686,6686,0,0,0,87193705,32,86599744,60,0.000000,0.176058,0.176085,12666,0,26.98,87193456,87193456,754,267,SUCCESS,593947,0,warm20,7143424,1214656,0,1095680,,,,,60,14,used,,,,20260913-1758
2026-09-13 18:06:51,HAUSP-UB[noEUCS],SIGN,99,0,0.003000,0.000,0.008,1668652,730,0,6683,6683,0,0,0,87193705,32,86599744,60,0.000000,0.176058,0.176085,12666,0,27.23,87193456,87193456,754,267,SUCCESS,593947,0,warm20,7241728,1214656,0,1095680,,,,,60,14,used,,,,20260913-1758
2026-09-13 18:06:55,HAUSP-UB[noEUCS],SIGN,0,1,0.003000,0.000,0.200,319686,146,4,3020,3025,0,0,0,106349081,2,104965474,143,0.000000,0.178773,0.178783,23387,0,13.84,106349081,106348144,937,217,SUCCESS,1383605,0,warm20,1057792,242848,0,179968,,,,,143,2,used,,,,20260913-1758
2026-09-13 18:06:58,HAUSP-UB[noEUCS],SIGN,1,1,0.003000,0.000,0.008,334092,152,0,3097,3098,0,0,0,107046451,6,105693981,181,0.000000,0.178764,0.178773,23347,0,14.19,107046234,107046233,721,218,SUCCESS,1352464,0,warm20,1195008,253504,0,191360,,,,,181,6,used,,,,20260913-1758
2026-09-13 18:07:01,HAUSP-UB[noEUCS],SIGN,2,1,0.003000,0.000,0.008,345121,158,0,3083,3083,0,0,0,104450506,7,103148010,332,0.000000,0.179987,0.179998,23125,0,14.58,104450288,104450288,720,222,SUCCESS,1302489,0,warm20,1347072,261888,0,202240,,,,,332,7,used,,,,20260913-1758
2026-09-13 18:07:04,HAUSP-UB[noEUCS],SIGN,3,1,0.003000,0.000,0.008,358047,164,0,3181,3181,0,0,0,105095072,8,103809348,252,0.000000,0.181684,0.181694,22486,0,14.93,105094850,105094844,722,223,SUCCESS,1285716,0,warm20,1478656,272192,0,211456,,,,,252,8,used,,,,20260913-1758
2026-09-13 18:07:07,HAUSP-UB[noEUCS],SIGN,4,1,0.003000,0.000,0.008,369331,170,0,3096,3096,0,0,0,100527745,7,99314342,124,0.000000,0.182239,0.182250,21958,0,14.99,100527522,100527522,720,224,SUCCESS,1213396,0,warm20,1514752,280416,0,221184,,,,,124,7,used,,,,20260913-1758
2026-09-13 18:07:10,HAUSP-UB[noEUCS],SIGN,5,1,0.003000,0.000,0.008,383289,176,0,3154,3154,0,0,0,100371827,7,99190447,47,0.000000,0.182254,0.182265,21751,0,15.36,100371603,100371598,725,224,SUCCESS,1181373,0,warm20,1602560,291584,0,225792,,,,,47,7,used,,,,20260913-1758
2026-09-13 18:07:13,HAUSP-UB[noEUCS],SIGN,6,1,0.003000,0.000,0.008,393230,182,0,3131,3131,0,0,0,97612223,10,96477573,41,0.000000,0.183995,0.184006,21796,0,15.41,97611999,97611999,719,225,SUCCESS,1134640,0,warm20,1628160,299488,0,229632,,,,,41,10,used,,,,20260913-1758
2026-09-13 18:07:16,HAUSP-UB[noEUCS],SIGN,7,1,0.003000,0.000,0.008,408594,188,0,3072,3072,0,0,0,94018829,10,92948927,48,0.000000,0.183682,0.183695,20533,0,15.78,94018604,94018602,726,226,SUCCESS,1069892,0,warm20,1726464,310304,0,242304,,,,,48,10,used,,,,20260913-1758
2026-09-13 18:07:20,HAUSP-UB[noEUCS],SIGN,8,1,0.003000,0.000,0.008,428453,194,0,3273,3274,0,0,0,98714907,10,97619084,138,0.000000,0.183816,0.183828,20113,0,15.83,98714682,98714679,728,227,SUCCESS,1095814,0,warm20,1760256,323296,0,251520,,,,,138,9,used,,,,20260913-1758
2026-09-13 18:07:23,HAUSP-UB[noEUCS],SIGN,9,1,0.003000,0.000,0.008,446004,200,0,3682,3682,0,0,0,109908170,10,108700461,166,0.000000,0.183474,0.183485,19376,0,16.20,109907944,109907940,731,227,SUCCESS,1207700,0,warm20,1844224,334784,0,259072,,,,,166,9,used,,,,20260913-1758
2026-09-13 18:07:27,HAUSP-UB[noEUCS],SIGN,10,1,0.003000,0.000,0.008,456476,206,0,3589,3589,0,0,0,105690461,10,104541796,189,0.000000,0.183692,0.183704,18895,0,16.57,105690235,105690235,729,227,SUCCESS,1148656,0,warm20,1994752,342944,0,264064,,,,,189,9,used,,,,20260913-1758
2026-09-13 18:07:30,HAUSP-UB[noEUCS],SIGN,11,1,0.003000,0.000,0.008,466138,212,0,3501,3501,0,0,0,101867255,10,100771369,162,0.000000,0.183122,0.183135,18242,0,16.63,101867029,101867029,729,228,SUCCESS,1095877,0,warm20,2041856,351264,0,273792,,,,,162,9,used,,,,20260913-1758
2026-09-13 18:07:34,HAUSP-UB[noEUCS],SIGN,12,1,0.003000,0.000,0.008,480433,218,0,3562,3562,0,0,0,101542469,12,100469113,114,0.000000,0.183421,0.183433,18295,0,17.00,101542242,101542242,729,230,SUCCESS,1073345,0,warm20,2113536,362304,0,283136,,,,,114,11,used,,,,20260913-1758
2026-09-13 18:07:38,HAUSP-UB[noEUCS],SIGN,13,1,0.003000,0.000,0.008,496413,224,0,3707,3707,0,0,0,103912803,13,102841976,70,0.000000,0.185180,0.185193,19145,0,17.37,103912575,103912561,742,230,SUCCESS,1070816,0,warm20,2260992,374144,0,288640,,,,,70,11,used,,,,20260913-1758
2026-09-13 18:07:41,HAUSP-UB[noEUCS],SIGN,14,1,0.003000,0.000,0.008,507190,230,0,3690,3690,0,0,0,102005291,13,100962339,63,0.000000,0.184851,0.184864,18586,0,17.74,102005063,102005063,741,230,SUCCESS,1042941,0,warm20,2416640,382752,0,289920,,,,,63,11,used,,,,20260913-1758
2026-09-13 18:07:45,HAUSP-UB[noEUCS],SIGN,15,1,0.003000,0.000,0.008,518654,236,0,3917,3917,0,0,0,105801717,13,104734326,62,0.000000,0.187631,0.187644,19660,0,18.11,105801489,105801484,747,231,SUCCESS,1067380,0,warm20,2564096,393568,0,297088,,,,,62,11,used,,,,20260913-1758
2026-09-13 18:07:50,HAUSP-UB[noEUCS],SIGN,16,1,0.003000,0.000,0.008,536314,242,0,4195,4195,0,0,0,110903870,13,109803820,55,0.000000,0.187710,0.187723,20004,0,18.49,110903641,110903635,752,231,SUCCESS,1100039,0,warm20,2711296,406048,0,306048,,,,,55,11,used,,,,20260913-1758
2026-09-13 18:07:54,HAUSP-UB[noEUCS],SIGN,17,1,0.003000,0.000,0.008,544548,248,0,4127,4127,0,0,0,108072255,12,107007462,57,0.000000,0.187585,0.187598,19532,0,18.54,108072026,108072026,747,231,SUCCESS,1064783,0,warm20,2732800,412832,0,312448,,,,,57,10,used,,,,20260913-1758
2026-09-13 18:07:58,HAUSP-UB[noEUCS],SIGN,18,1,0.003000,0.000,0.008,556990,254,0,4106,4106,0,0,0,106340937,17,105307647,49,0.000000,0.186752,0.186766,18960,0,18.91,106340708,106340708,747,234,SUCCESS,1033275,0,warm20,2842624,423136,0,332928,,,,,49,15,used,,,,20260913-1758
2026-09-13 18:08:02,HAUSP-UB[noEUCS],SIGN,19,1,0.003000,0.000,0.008,569490,260,0,4162,4162,0,0,0,106054153,19,105030318,43,0.000000,0.186644,0.186657,18933,0,18.96,106053921,106053921,746,235,SUCCESS,1023818,0,warm20,2854912,433536,0,344192,,,,,43,17,used,,,,20260913-1758
2026-09-13 18:08:06,HAUSP-UB[noEUCS],SIGN,20,1,0.003000,0.000,0.008,587283,266,0,4434,4434,0,0,0,112027322,20,110966667,53,0.000000,0.181947,0.181961,18422,0,19.33,112027089,112027073,764,241,SUCCESS,1060637,0,warm20,2939648,445568,0,380032,,,,,53,18,used,,,,20260913-1758
2026-09-13 18:08:11,HAUSP-UB[noEUCS],SIGN,21,1,0.003000,0.000,0.008,601918,272,0,4468,4468,0,0,0,111123670,22,110078775,57,0.000000,0.181782,0.181797,18161,0,19.38,111123430,111123423,765,246,SUCCESS,1044874,0,warm20,2951936,455808,0,408192,,,,,57,21,used,,,,20260913-1758
2026-09-13 18:08:15,HAUSP-UB[noEUCS],SIGN,22,1,0.003000,0.000,0.008,613134,278,0,4516,4516,0,0,0,110441739,22,109411906,56,0.000000,0.182594,0.182609,18187,0,19.75,110441494,110441494,758,246,SUCCESS,1029812,0,warm20,3048448,465792,0,414080,,,,,56,21,used,,,,20260913-1758
2026-09-13 18:08:20,HAUSP-UB[noEUCS],SIGN,23,1,0.003000,0.000,0.008,625156,284,0,4391,4391,0,0,0,106258475,20,105274942,60,0.000000,0.181910,0.181926,17486,0,19.80,106258231,106258231,757,246,SUCCESS,983515,0,warm20,3056640,473920,0,423040,,,,,60,18,used,,,,20260913-1758
2026-09-13 18:08:24,HAUSP-UB[noEUCS],SIGN,24,1,0.003000,0.000,0.008,639272,290,0,4327,4327,0,0,0,103673264,22,102726235,59,0.000000,0.181624,0.181641,17307,0,19.85,103673020,103673020,760,246,SUCCESS,947009,0,warm20,3075072,484064,0,430976,,,,,59,20,used,,,,20260913-1758
2026-09-13 18:08:28,HAUSP-UB[noEUCS],SIGN,25,1,0.003000,0.000,0.008,650468,296,0,4349,4349,0,0,0,103005832,23,102072686,61,0.000000,0.181756,0.181772,17338,0,19.91,103005589,103005589,756,246,SUCCESS,933126,0,warm20,3096576,493856,0,440960,,,,,61,20,used,,,,20260913-1758
2026-09-13 18:08:33,HAUSP-UB[noEUCS],SIGN,26,1,0.003000,0.000,0.008,661807,302,0,4381,4381,0,0,0,102278280,22,101356166,66,0.000000,0.180799,0.180817,16997,0,19.96,102278039,102278039,756,246,SUCCESS,922097,0,warm20,3112960,502720,0,450432,,,,,66,17,used,,,,20260913-1758
2026-09-13 18:08:37,HAUSP-UB[noEUCS],SIGN,27,1,0.003000,0.000,0.008,671849,308,0,4281,4281,0,0,0,99724640,24,98829400,63,0.000000,0.180223,0.180241,16446,0,20.33,99724400,99724400,753,246,SUCCESS,895222,0,warm20,3137536,511008,0,456576,,,,,63,18,used,,,,20260913-1758
2026-09-13 18:08:41,HAUSP-UB[noEUCS],SIGN,28,1,0.003000,0.000,0.008,682126,314,0,4282,4282,0,0,0,98664500,24,97783193,59,0.000000,0.180669,0.180687,16420,0,20.38,98664260,98664260,754,246,SUCCESS,881289,0,warm20,3139584,519168,0,465792,,,,,59,18,used,,,,20260913-1758
2026-09-13 18:08:46,HAUSP-UB[noEUCS],SIGN,29,1,0.003000,0.000,0.008,695776,320,0,4459,4459,0,0,0,100691676,25,99797371,52,0.000000,0.181944,0.181962,16853,0,20.43,100691436,100691436,758,247,SUCCESS,894286,0,warm20,3145728,530240,0,481408,,,,,52,19,used,,,,20260913-1758
2026-09-13 18:08:50,HAUSP-UB[noEUCS],SIGN,30,1,0.003000,0.000,0.008,707653,326,0,4434,4434,0,0,0,99017923,25,98142179,52,0.000000,0.181542,0.181561,16464,0,20.48,99017682,99017682,752,247,SUCCESS,875725,0,warm20,3158016,539136,0,483456,,,,,52,19,used,,,,20260913-1758
2026-09-13 18:08:55,HAUSP-UB[noEUCS],SIGN,31,1,0.003000,0.000,0.008,720279,332,0,4365,4365,0,0,0,96439389,26,95591014,55,0.000000,0.180791,0.180809,15898,0,20.53,96439148,96439148,752,247,SUCCESS,848355,0,warm20,3170304,548128,0,491392,,,,,55,20,used,,,,20260913-1758
2026-09-13 18:08:59,HAUSP-UB[noEUCS],SIGN,32,1,0.003000,0.000,0.008,730705,338,0,4361,4361,0,0,0,95316430,28,94481770,55,0.000000,0.181316,0.181334,15828,0,20.58,95316189,95316189,753,249,SUCCESS,834638,0,warm20,3174400,556992,0,501120,,,,,55,22,used,,,,20260913-1758
2026-09-13 18:09:03,HAUSP-UB[noEUCS],SIGN,33,1,0.003000,0.000,0.008,744420,344,0,4396,4396,0,0,0,94575230,27,93751606,57,0.000000,0.183838,0.183857,16554,0,20.96,94574989,94574989,753,250,SUCCESS,823605,0,warm20,3203072,566592,0,513408,,,,,57,19,used,,,,20260913-1758
2026-09-13 18:09:08,HAUSP-UB[noEUCS],SIGN,34,1,0.003000,0.000,0.008,756980,350,0,4468,4468,0,0,0,94589953,26,93768264,56,0.000000,0.185007,0.185026,16743,0,21.01,94589711,94589711,752,250,SUCCESS,821671,0,warm20,3219456,576928,0,521216,,,,,56,18,used,,,,20260913-1758
2026-09-13 18:09:12,HAUSP-UB[noEUCS],SIGN,35,1,0.003000,0.000,0.008,768219,356,0,4450,4450,0,0,0,93218110,26,92411858,57,0.000000,0.185391,0.185410,16721,0,21.06,93217868,93217868,751,250,SUCCESS,806234,0,warm20,3264512,586656,0,523264,,,,,57,18,used,,,,20260913-1758
2026-09-13 18:09:17,HAUSP-UB[noEUCS],SIGN,36,1,0.003000,0.000,0.008,777786,362,0,4469,4469,0,0,0,92381711,27,91583827,57,0.000000,0.185781,0.185801,16692,0,21.43,92381471,92381471,750,251,SUCCESS,797867,0,warm20,3325952,594336,0,531456,,,,,57,17,used,,,,20260913-1758
2026-09-13 18:09:21,HAUSP-UB[noEUCS],SIGN,37,1,0.003000,0.000,0.008,790994,368,0,4579,4579,0,0,0,93541281,30,92740130,53,0.000000,0.187070,0.187089,16986,0,21.48,93541040,93541040,748,252,SUCCESS,801131,0,warm20,3358720,605088,0,553600,,,,,53,20,used,,,,20260913-1758
2026-09-13 18:09:26,HAUSP-UB[noEUCS],SIGN,38,1,0.003000,0.000,0.008,803248,374,0,4575,4575,0,0,0,92359913,33,91571875,48,0.000000,0.187268,0.187288,16821,0,21.86,92359670,92359670,744,252,SUCCESS,788014,0,warm20,3440640,614496,0,559744,,,,,48,24,used,,,,20260913-1758
2026-09-13 18:09:31,HAUSP-UB[noEUCS],SIGN,39,1,0.003000,0.000,0.008,817420,380,0,4598,4598,0,0,0,91757519,34,90979238,46,0.000000,0.187376,0.187397,16757,0,21.91,91757276,91757276,740,252,SUCCESS,778256,0,warm20,3502080,624736,0,562304,,,,,46,25,used,,,,20260913-1758
2026-09-13 18:09:35,HAUSP-UB[noEUCS],SIGN,40,1,0.003000,0.000,0.008,828605,386,0,4640,4641,0,0,0,91574496,34,90799288,49,0.000000,0.187829,0.187850,16796,0,22.28,91574254,91574254,739,252,SUCCESS,775184,0,warm20,3592192,633088,0,563328,,,,,49,24,used,,,,20260913-1758
2026-09-13 18:09:40,HAUSP-UB[noEUCS],SIGN,41,1,0.003000,0.000,0.008,840915,392,0,4679,4679,0,0,0,91250481,34,90481692,49,0.000000,0.187972,0.187992,16767,0,22.34,91250239,91250239,738,253,SUCCESS,768765,0,warm20,3645440,643584,0,575104,,,,,49,24,used,,,,20260913-1758
2026-09-13 18:09:45,HAUSP-UB[noEUCS],SIGN,42,1,0.003000,0.000,0.008,851890,398,0,4716,4716,0,0,0,90859133,33,90095416,53,0.000000,0.189470,0.189491,17093,0,22.71,90858890,90858890,734,253,SUCCESS,763694,0,warm20,3727360,653152,0,582272,,,,,53,23,used,,,,20260913-1758
2026-09-13 18:09:49,HAUSP-UB[noEUCS],SIGN,43,1,0.003000,0.000,0.008,867106,404,0,4766,4766,0,0,0,91145545,34,90386554,55,0.000000,0.188551,0.188572,16906,0,23.08,91145301,91145301,736,254,SUCCESS,758966,0,warm20,3874816,663840,0,587392,,,,,55,25,used,,,,20260913-1758
2026-09-13 18:09:54,HAUSP-UB[noEUCS],SIGN,44,1,0.003000,0.000,0.008,884460,410,0,4785,4785,0,0,0,90560831,30,89808821,57,0.000000,0.188086,0.188107,16490,0,23.46,90560589,90560589,748,254,SUCCESS,751992,0,warm20,4030464,674592,0,590720,,,,,57,18,used,,,,20260913-1758
2026-09-13 18:09:59,HAUSP-UB[noEUCS],SIGN,45,1,0.003000,0.000,0.008,901027,416,0,4746,4746,0,0,0,88711859,30,87977905,57,0.000000,0.187128,0.187150,15893,0,23.83,88711618,88711617,753,254,SUCCESS,733937,0,warm20,4182016,684960,0,595584,,,,,57,17,used,,,,20260913-1758
2026-09-13 18:10:04,HAUSP-UB[noEUCS],SIGN,46,1,0.003000,0.000,0.008,916886,422,0,4749,4749,0,0,0,87982799,32,87259765,56,0.000000,0.186182,0.186203,15488,0,24.21,87982558,87982558,753,255,SUCCESS,723015,0,warm20,4329472,696640,0,608256,,,,,56,19,used,,,,20260913-1758
2026-09-13 18:10:08,HAUSP-UB[noEUCS],SIGN,47,1,0.003000,0.000,0.008,933116,428,0,4717,4717,0,0,0,86901399,32,86192255,58,0.000000,0.185469,0.185491,15117,0,24.26,86901156,86901153,755,255,SUCCESS,709124,0,warm20,4329472,706624,0,620544,,,,,58,20,used,,,,20260913-1758
2026-09-13 18:10:13,HAUSP-UB[noEUCS],SIGN,48,1,0.003000,0.000,0.008,947537,434,0,4699,4699,0,0,0,86039616,33,85342140,53,0.000000,0.184956,0.184976,14733,0,24.63,86039373,86039373,753,255,SUCCESS,697455,0,warm20,4472832,716352,0,621568,,,,,53,21,used,,,,20260913-1758
2026-09-13 18:10:18,HAUSP-UB[noEUCS],SIGN,49,1,0.003000,0.000,0.008,957204,440,0,4660,4660,0,0,0,84747143,33,84062317,53,0.000000,0.184981,0.185003,14599,0,25.00,84746900,84746900,753,255,SUCCESS,684805,0,warm20,4616192,724224,0,631808,,,,,53,21,used,,,,20260913-1758
2026-09-13 18:10:22,HAUSP-UB[noEUCS],SIGN,50,1,0.003000,0.000,0.008,967022,446,0,4657,4657,0,0,0,84051940,33,83374456,52,0.000000,0.185266,0.185288,14609,0,25.38,84051696,84051696,753,255,SUCCESS,677462,0,warm20,4775936,732384,0,640000,,,,,52,22,used,,,,20260913-1758
2026-09-13 18:10:27,HAUSP-UB[noEUCS],SIGN,51,1,0.003000,0.000,0.008,979636,452,0,4710,4710,0,0,0,84516415,31,83836857,54,0.000000,0.185286,0.185309,14554,0,25.48,84516171,84516171,751,255,SUCCESS,679538,0,warm20,4923392,741728,0,641408,,,,,54,20,used,,,,20260913-1758
2026-09-13 18:10:32,HAUSP-UB[noEUCS],SIGN,52,1,0.003000,0.000,0.008,990505,458,0,4683,4683,0,0,0,83473077,31,82803848,54,0.000000,0.185190,0.185214,14363,0,17.84,83472833,83472833,749,255,SUCCESS,669209,0,warm20,5087232,750560,0,651648,,,,,54,20,used,,,,20260913-1758
2026-09-13 18:10:36,HAUSP-UB[noEUCS],SIGN,53,1,0.003000,0.000,0.008,1001386,464,0,4623,4623,0,0,0,81675208,31,81021157,55,0.000000,0.184680,0.184703,14056,0,18.11,81674964,81674964,748,255,SUCCESS,654031,0,warm20,5185536,757664,0,654208,,,,,55,20,used,,,,20260913-1758
2026-09-13 18:10:41,HAUSP-UB[noEUCS],SIGN,54,1,0.003000,0.000,0.008,1016244,470,0,4660,4660,0,0,0,81562343,30,80912061,61,0.000000,0.184275,0.184300,13905,0,18.41,81562099,81562099,747,255,SUCCESS,650263,0,warm20,5300224,767424,0,656256,,,,,61,19,used,,,,20260913-1758
2026-09-13 18:10:46,HAUSP-UB[noEUCS],SIGN,55,1,0.003000,0.000,0.008,1027129,476,0,4667,4667,0,0,0,81091130,30,80446540,61,0.000000,0.184180,0.184205,13871,0,18.71,81090888,81090888,747,256,SUCCESS,644573,0,warm20,5406720,776064,0,666496,,,,,61,17,used,,,,20260913-1758
2026-09-13 18:10:50,HAUSP-UB[noEUCS],SIGN,56,1,0.003000,0.000,0.008,1047408,482,0,4685,4685,0,0,0,80919576,26,80281821,64,0.000000,0.182475,0.182502,13478,0,19.03,80919332,80919332,751,260,SUCCESS,637741,0,warm20,5500928,787776,0,695680,,,,,64,14,used,,,,20260913-1758
2026-09-13 18:10:55,HAUSP-UB[noEUCS],SIGN,57,1,0.003000,0.000,0.008,1060421,488,0,4689,4689,0,0,0,80249837,26,79618811,61,0.000000,0.182345,0.182371,13277,0,19.35,80249589,80249589,745,260,SUCCESS,631012,0,warm20,5615616,796864,0,708992,,,,,61,14,used,,,,20260913-1758
2026-09-13 18:11:00,HAUSP-UB[noEUCS],SIGN,58,1,0.003000,0.000,0.008,1079371,494,0,4697,4697,0,0,0,79700384,27,79076611,71,0.000000,0.181677,0.181704,13241,0,19.56,79700136,79700136,740,261,SUCCESS,623758,0,warm20,5672960,807232,0,721280,,,,,71,15,used,,,,20260913-1758
2026-09-13 18:11:05,HAUSP-UB[noEUCS],SIGN,59,1,0.003000,0.000,0.008,1096747,500,0,4720,4720,0,0,0,79508039,28,78887045,77,0.000000,0.180738,0.180766,13167,0,19.87,79507791,79507791,737,263,SUCCESS,620979,0,warm20,5771264,817088,0,743296,,,,,77,15,used,,,,20260913-1758
2026-09-13 18:11:09,HAUSP-UB[noEUCS],SIGN,60,1,0.003000,0.000,0.008,1110602,506,0,4716,4716,0,0,0,78848977,29,78235534,77,0.000000,0.180587,0.180615,13007,0,20.02,78848729,78848729,732,263,SUCCESS,613429,0,warm20,5804032,826272,0,745728,,,,,77,14,used,,,,20260913-1758
2026-09-13 18:11:14,HAUSP-UB[noEUCS],SIGN,61,1,0.003000,0.000,0.008,1124744,512,0,4714,4714,0,0,0,78177936,31,77572669,73,0.000000,0.180538,0.180567,12882,0,20.23,78177690,78177690,736,265,SUCCESS,605253,0,warm20,5849088,835776,0,766720,,,,,73,14,used,,,,20260913-1758
2026-09-13 18:11:19,HAUSP-UB[noEUCS],SIGN,62,1,0.003000,0.000,0.008,1139446,518,0,4748,4748,0,0,0,78222313,30,77620427,73,0.000000,0.180452,0.180481,12846,0,20.41,78222064,78222064,737,265,SUCCESS,601872,0,warm20,5902336,845920,0,767616,,,,,73,14,used,,,,20260913-1758
2026-09-13 18:11:24,HAUSP-UB[noEUCS],SIGN,63,1,0.003000,0.000,0.008,1156811,524,0,4777,4777,0,0,0,77990356,26,77395579,76,0.000000,0.180528,0.180560,12821,0,20.53,77990105,77990105,744,266,SUCCESS,594765,0,warm20,5910528,857024,0,779392,,,,,76,12,used,,,,20260913-1758
2026-09-13 18:11:28,HAUSP-UB[noEUCS],SIGN,64,1,0.003000,0.000,0.008,1169601,530,0,4790,4790,0,0,0,77707116,26,77117355,74,0.000000,0.180281,0.180313,12622,0,20.70,77706865,77706865,740,266,SUCCESS,589750,0,warm20,5943296,866144,0,793216,,,,,74,11,used,,,,20260913-1758
2026-09-13 18:11:33,HAUSP-UB[noEUCS],SIGN,65,1,0.003000,0.000,0.008,1183474,536,0,4798,4798,0,0,0,77230229,25,76646251,75,0.000000,0.180008,0.180040,12433,0,20.84,77229978,77229978,739,266,SUCCESS,583968,0,warm20,5971968,875744,0,795520,,,,,75,10,used,,,,20260913-1758
2026-09-13 18:11:38,HAUSP-UB[noEUCS],SIGN,66,1,0.003000,0.000,0.008,1194955,542,0,4785,4785,0,0,0,76383493,24,75806716,71,0.000000,0.179947,0.179980,12294,0,20.99,76383242,76383242,738,266,SUCCESS,576768,0,warm20,6000640,884320,0,806272,,,,,71,9,used,,,,20260913-1758
2026-09-13 18:11:43,HAUSP-UB[noEUCS],SIGN,67,1,0.003000,0.000,0.008,1209554,548,0,4769,4770,0,0,0,75630824,26,75062214,72,0.000000,0.179381,0.179413,12041,0,21.12,75630572,75630572,740,266,SUCCESS,568598,0,warm20,6025216,893888,0,807552,,,,,72,12,used,,,,20260913-1758
2026-09-13 18:11:48,HAUSP-UB[noEUCS],SIGN,68,1,0.003000,0.000,0.008,1225092,554,0,4824,4824,0,0,0,75886310,27,75317138,71,0.000000,0.179369,0.179400,12117,0,21.24,75886058,75886058,737,266,SUCCESS,569159,0,warm20,6033408,904512,0,824192,,,,,71,13,used,,,,20260913-1758
2026-09-13 18:11:53,HAUSP-UB[noEUCS],SIGN,69,1,0.003000,0.000,0.008,1246726,560,0,5042,5042,0,0,0,79450609,26,78863730,69,0.000000,0.177314,0.177344,12158,0,21.39,79450357,79450357,740,267,SUCCESS,586867,0,warm20,6045696,918208,0,841856,,,,,69,12,used,,,,20260913-1758
2026-09-13 18:11:58,HAUSP-UB[noEUCS],SIGN,70,1,0.003000,0.000,0.008,1265597,566,0,5160,5160,0,0,0,80838528,27,80243454,64,0.000000,0.177587,0.177615,12584,0,21.54,80838275,80838275,738,267,SUCCESS,595061,0,warm20,6049792,929472,0,873344,,,,,64,13,used,,,,20260913-1758
2026-09-13 18:12:03,HAUSP-UB[noEUCS],SIGN,71,1,0.003000,0.000,0.008,1283052,572,0,5221,5221,0,0,0,81194835,32,80598441,61,0.000000,0.177750,0.177778,12659,0,21.65,81194582,81194582,738,267,SUCCESS,596376,0,warm20,6053888,939584,0,885888,,,,,61,18,used,,,,20260913-1758
2026-09-13 18:12:08,HAUSP-UB[noEUCS],SIGN,72,1,0.003000,0.000,0.008,1300784,578,0,5371,5371,0,0,0,83171681,31,82562944,65,0.000000,0.177249,0.177276,12940,0,21.77,83171428,83171428,736,267,SUCCESS,608720,0,warm20,6066176,951104,0,894848,,,,,65,17,used,,,,20260913-1758
2026-09-13 18:12:14,HAUSP-UB[noEUCS],SIGN,73,1,0.003000,0.000,0.008,1316615,584,0,5469,5469,0,0,0,84148511,30,83536262,65,0.000000,0.177132,0.177159,12887,0,21.86,84148258,84148258,737,267,SUCCESS,612233,0,warm20,6066176,963200,0,899968,,,,,65,16,used,,,,20260913-1758
2026-09-13 18:12:19,HAUSP-UB[noEUCS],SIGN,74,1,0.003000,0.000,0.008,1330102,590,0,5448,5448,0,0,0,83351687,30,82746645,65,0.000000,0.177117,0.177144,12801,0,22.01,83351434,83351434,738,267,SUCCESS,605026,0,warm20,6074368,972416,0,928000,,,,,65,16,used,,,,20260913-1758
2026-09-13 18:12:25,HAUSP-UB[noEUCS],SIGN,75,1,0.003000,0.000,0.008,1342143,596,0,5413,5413,0,0,0,82418671,30,81821349,64,0.000000,0.176878,0.176905,12641,0,22.12,82418419,82418419,737,267,SUCCESS,597307,0,warm20,6078464,981184,0,941312,,,,,64,15,used,,,,20260913-1758
2026-09-13 18:12:30,HAUSP-UB[noEUCS],SIGN,76,1,0.003000,0.000,0.008,1352225,602,0,5378,5378,0,0,0,81466552,30,80877018,62,0.000000,0.176708,0.176736,12469,0,22.21,81466300,81466300,736,267,SUCCESS,589519,0,warm20,6078464,989184,0,945408,,,,,62,15,used,,,,20260913-1758
2026-09-13 18:12:36,HAUSP-UB[noEUCS],SIGN,77,1,0.003000,0.000,0.008,1364919,608,0,5433,5433,0,0,0,81502794,30,80913624,64,0.000000,0.177017,0.177045,12515,0,22.30,81502542,81502542,736,267,SUCCESS,589155,0,warm20,6086656,999168,0,946432,,,,,64,15,used,,,,20260913-1758
2026-09-13 18:12:41,HAUSP-UB[noEUCS],SIGN,78,1,0.003000,0.000,0.008,1378844,614,0,5469,5469,0,0,0,81488994,30,80902153,64,0.000000,0.177266,0.177294,12541,0,22.44,81488742,81488742,736,267,SUCCESS,586826,0,warm20,6098944,1009024,0,964096,,,,,64,15,used,,,,20260913-1758
2026-09-13 18:12:46,HAUSP-UB[noEUCS],SIGN,79,1,0.003000,0.000,0.008,1390075,620,0,5445,5445,0,0,0,80747716,29,80168197,64,0.000000,0.177037,0.177065,12364,0,22.53,80747464,80747464,736,267,SUCCESS,579505,0,warm20,6107136,1017312,0,964096,,,,,64,14,used,,,,20260913-1758
2026-09-13 18:12:52,HAUSP-UB[noEUCS],SIGN,80,1,0.003000,0.000,0.008,1404925,626,0,5453,5453,0,0,0,80576224,29,80002004,65,0.000000,0.176620,0.176649,12159,0,22.64,80575972,80575972,736,267,SUCCESS,574206,0,warm20,6115328,1027168,0,972416,,,,,65,14,used,,,,20260913-1758
2026-09-13 18:12:57,HAUSP-UB[noEUCS],SIGN,81,1,0.003000,0.000,0.008,1419540,632,0,5481,5481,0,0,0,80442823,29,79870482,66,0.000000,0.176665,0.176694,12230,0,22.75,80442571,80442571,735,267,SUCCESS,572327,0,warm20,6123520,1037088,0,977536,,,,,66,14,used,,,,20260913-1758
2026-09-13 18:13:03,HAUSP-UB[noEUCS],SIGN,82,1,0.003000,0.000,0.008,1430972,638,0,5544,5544,0,0,0,80609918,29,80036057,66,0.000000,0.176688,0.176717,12165,0,22.86,80609666,80609666,739,267,SUCCESS,573847,0,warm20,6131712,1046080,0,987776,,,,,66,14,used,,,,20260913-1758
2026-09-13 18:13:08,HAUSP-UB[noEUCS],SIGN,83,1,0.003000,0.000,0.008,1446547,644,0,5579,5579,0,0,0,80344277,30,79772488,66,0.000000,0.176675,0.176703,12128,0,22.99,80344025,80344025,735,267,SUCCESS,571774,0,warm20,6148096,1057088,0,999552,,,,,66,15,used,,,,20260913-1758
2026-09-13 18:13:14,HAUSP-UB[noEUCS],SIGN,84,1,0.003000,0.000,0.008,1466019,650,0,5687,5687,0,0,0,81182667,30,80606246,68,0.000000,0.176547,0.176576,12206,0,23.13,81182416,81182416,740,267,SUCCESS,576407,0,warm20,6172672,1069536,0,1005440,,,,,68,14,used,,,,20260913-1758
2026-09-13 18:13:20,HAUSP-UB[noEUCS],SIGN,85,1,0.003000,0.000,0.008,1477721,656,0,5673,5673,0,0,0,80509456,31,79938846,70,0.000000,0.176535,0.176563,12122,0,23.26,80509205,80509205,737,267,SUCCESS,570595,0,warm20,6197248,1078816,0,1005440,,,,,70,15,used,,,,20260913-1758
2026-09-13 18:13:26,HAUSP-UB[noEUCS],SIGN,86,1,0.003000,0.000,0.008,1489446,662,0,5683,5683,0,0,0,80029808,31,79463543,68,0.000000,0.176775,0.176803,12092,0,23.41,80029557,80029557,739,267,SUCCESS,566250,0,warm20,6230016,1088704,0,1011712,,,,,68,15,used,,,,20260913-1758
2026-09-13 18:13:31,HAUSP-UB[noEUCS],SIGN,87,1,0.003000,0.000,0.008,1504545,668,0,5770,5770,0,0,0,80675128,33,80106364,61,0.000000,0.176814,0.176842,12261,0,23.60,80674877,80674877,741,267,SUCCESS,568747,0,warm20,6270976,1099744,0,1025536,,,,,61,17,used,,,,20260913-1758
2026-09-13 18:13:37,HAUSP-UB[noEUCS],SIGN,88,1,0.003000,0.000,0.008,1520720,674,0,5878,5878,0,0,0,81479098,33,80906771,61,0.000000,0.177065,0.177093,12357,0,23.82,81478848,81478844,747,267,SUCCESS,572311,0,warm20,6340608,1111488,0,1026432,,,,,61,16,used,,,,20260913-1758
2026-09-13 18:13:43,HAUSP-UB[noEUCS],SIGN,89,1,0.003000,0.000,0.008,1534926,680,0,5916,5916,0,0,0,81485448,33,80914503,62,0.000000,0.177483,0.177511,12454,0,24.00,81485198,81485198,747,267,SUCCESS,570929,0,warm20,6381568,1122208,0,1037952,,,,,62,16,used,,,,20260913-1758
2026-09-13 18:13:49,HAUSP-UB[noEUCS],SIGN,90,1,0.003000,0.000,0.008,1553182,686,0,6067,6067,0,0,0,82645188,33,82066893,70,0.000000,0.177822,0.177849,12724,0,24.21,82644938,82644934,751,267,SUCCESS,578279,0,warm20,6438912,1133856,0,1046144,,,,,70,16,used,,,,20260913-1758
2026-09-13 18:13:55,HAUSP-UB[noEUCS],SIGN,91,1,0.003000,0.000,0.008,1569089,692,0,6182,6182,0,0,0,83514353,33,82931126,66,0.000000,0.178026,0.178053,12856,0,24.41,83514103,83514102,752,267,SUCCESS,583211,0,warm20,6500352,1145408,0,1047296,,,,,66,16,used,,,,20260913-1758
2026-09-13 18:14:02,HAUSP-UB[noEUCS],SIGN,92,1,0.003000,0.000,0.008,1586819,698,0,6339,6339,0,0,0,85096331,33,84506685,62,0.000000,0.178120,0.178147,12860,0,24.65,85096082,85096081,753,267,SUCCESS,589631,0,warm20,6569984,1157856,0,1056256,,,,,62,15,used,,,,20260913-1758
2026-09-13 18:14:08,HAUSP-UB[noEUCS],SIGN,93,1,0.003000,0.000,0.008,1606504,704,0,6507,6508,0,0,0,87230010,33,86629241,64,0.000000,0.177087,0.177113,12872,0,24.90,87229761,87229760,754,267,SUCCESS,600754,0,warm20,6641664,1170784,0,1076992,,,,,64,15,used,,,,20260913-1758
2026-09-13 18:14:15,HAUSP-UB[noEUCS],SIGN,94,1,0.003000,0.000,0.008,1616945,710,0,6561,6561,0,0,0,87119701,32,86519945,64,0.000000,0.177510,0.177536,12890,0,25.14,87119452,87119452,754,267,SUCCESS,599742,0,warm20,6721536,1179744,0,1077504,,,,,64,14,used,,,,20260913-1758
2026-09-13 18:14:21,HAUSP-UB[noEUCS],SIGN,95,1,0.003000,0.000,0.008,1631610,716,0,6621,6621,0,0,0,87979974,32,87378495,65,0.000000,0.176734,0.176761,12886,0,25.39,87979725,87979725,753,267,SUCCESS,601465,0,warm20,6807552,1189984,0,1083136,,,,,65,14,used,,,,20260913-1758
2026-09-13 18:14:28,HAUSP-UB[noEUCS],SIGN,96,1,0.003000,0.000,0.008,1649145,722,0,6678,6678,0,0,0,87885998,32,87285610,63,0.000000,0.176659,0.176686,12904,0,25.68,87885749,87885749,752,267,SUCCESS,600374,0,warm20,6914048,1201088,0,1084160,,,,,63,14,used,,,,20260913-1758
2026-09-13 18:14:35,HAUSP-UB[noEUCS],SIGN,97,1,0.003000,0.000,0.008,1663324,728,0,6683,6683,0,0,0,87551109,32,86954621,61,0.000000,0.176163,0.176190,12728,0,26.00,87550860,87550858,756,267,SUCCESS,596474,0,warm20,7038976,1211648,0,1087488,,,,,61,14,used,,,,20260913-1758
2026-09-13 18:14:41,HAUSP-UB[noEUCS],SIGN,98,1,0.003000,0.000,0.008,1668652,730,0,6671,6671,0,0,0,87193705,32,86599744,60,0.000000,0.176058,0.176085,12666,0,26.28,87193456,87193456,754,267,SUCCESS,593947,0,warm20,7143424,1214656,0,1095680,,,,,60,14,used,,,,20260913-1758
2026-09-13 18:14:48,HAUSP-UB[noEUCS],SIGN,99,1,0.003000,0.000,0.008,1668652,730,0,6677,6677,0,0,0,87193705,32,86599744,60,0.000000,0.176058,0.176085,12666,0,26.54,87193456,87193456,754,267,SUCCESS,593947,0,warm20,7241728,1214656,0,1095680,,,,,60,14,used,,,,20260913-1758
2026-09-13 18:14:52,HAUSP-UB[noEUCS],SIGN,0,2,0.003000,0.000,0.200,319686,146,2,3032,3034,0,0,0,106349081,2,104965474,143,0.000000,0.178773,0.178783,23387,0,13.83,106349081,106348144,937,217,SUCCESS,1383605,0,warm20,1044480,242848,0,179968,,,,,143,2,used,,,,20260913-1758
2026-09-13 18:14:55,HAUSP-UB[noEUCS],SIGN,1,2,0.003000,0.000,0.008,334092,152,0,3094,3095,0,0,0,107046451,6,105693981,181,0.000000,0.178764,0.178773,23347,0,14.52,107046234,107046233,721,218,SUCCESS,1352464,0,warm20,1350144,253504,0,191360,,,,,181,6,used,,,,20260913-1758
2026-09-13 18:14:58,HAUSP-UB[noEUCS],SIGN,2,2,0.003000,0.000,0.008,345121,158,0,3081,3081,0,0,0,104450506,7,103148010,332,0.000000,0.179987,0.179998,23125,0,14.56,104450288,104450288,720,222,SUCCESS,1302489,0,warm20,1347072,261888,0,202240,,,,,332,7,used,,,,20260913-1758
2026-09-13 18:15:01,HAUSP-UB[noEUCS],SIGN,3,2,0.003000,0.000,0.008,358047,164,0,3175,3176,0,0,0,105095072,8,103809348,252,0.000000,0.181684,0.181694,22486,0,14.94,105094850,105094844,722,223,SUCCESS,1285716,0,warm20,1467392,272192,0,211456,,,,,252,8,used,,,,20260913-1758
2026-09-13 18:15:04,HAUSP-UB[noEUCS],SIGN,4,2,0.003000,0.000,0.008,369331,170,0,3094,3094,0,0,0,100527745,7,99314342,124,0.000000,0.182239,0.182250,21958,0,14.99,100527522,100527522,720,224,SUCCESS,1213396,0,warm20,1514752,280416,0,221184,,,,,124,7,used,,,,20260913-1758
2026-09-13 18:15:07,HAUSP-UB[noEUCS],SIGN,5,2,0.003000,0.000,0.008,383289,176,0,3152,3152,0,0,0,100371827,7,99190447,47,0.000000,0.182254,0.182265,21751,0,15.36,100371603,100371598,725,224,SUCCESS,1181373,0,warm20,1591296,291584,0,225792,,,,,47,7,used,,,,20260913-1758
2026-09-13 18:15:10,HAUSP-UB[noEUCS],SIGN,6,2,0.003000,0.000,0.008,393230,182,0,3124,3124,0,0,0,97612223,10,96477573,41,0.000000,0.183995,0.184006,21796,0,15.41,97611999,97611999,719,225,SUCCESS,1134640,0,warm20,1628160,299488,0,229632,,,,,41,10,used,,,,20260913-1758
2026-09-13 18:15:13,HAUSP-UB[noEUCS],SIGN,7,2,0.003000,0.000,0.008,408594,188,0,3067,3067,0,0,0,94018829,10,92948927,48,0.000000,0.183682,0.183695,20533,0,15.78,94018604,94018602,726,226,SUCCESS,1069892,0,warm20,1718272,310304,0,242304,,,,,48,10,used,,,,20260913-1758
2026-09-13 18:15:17,HAUSP-UB[noEUCS],SIGN,8,2,0.003000,0.000,0.008,428453,194,0,3272,3272,0,0,0,98714907,10,97619084,138,0.000000,0.183816,0.183828,20113,0,15.83,98714682,98714679,728,227,SUCCESS,1095814,0,warm20,1760256,323296,0,251520,,,,,138,9,used,,,,20260913-1758
2026-09-13 18:15:20,HAUSP-UB[noEUCS],SIGN,9,2,0.003000,0.000,0.008,446004,200,0,3677,3677,0,0,0,109908170,10,108700461,166,0.000000,0.183474,0.183485,19376,0,16.20,109907944,109907940,731,227,SUCCESS,1207700,0,warm20,1844224,334784,0,259072,,,,,166,9,used,,,,20260913-1758
2026-09-13 18:15:24,HAUSP-UB[noEUCS],SIGN,10,2,0.003000,0.000,0.008,456476,206,0,3585,3585,0,0,0,105690461,10,104541796,189,0.000000,0.183692,0.183704,18895,0,16.57,105690235,105690235,729,227,SUCCESS,1148656,0,warm20,1996800,342944,0,264064,,,,,189,9,used,,,,20260913-1758
2026-09-13 18:15:27,HAUSP-UB[noEUCS],SIGN,11,2,0.003000,0.000,0.008,466138,212,0,3496,3496,0,0,0,101867255,10,100771369,162,0.000000,0.183122,0.183135,18242,0,16.62,101867029,101867029,729,228,SUCCESS,1095877,0,warm20,2041856,351264,0,273792,,,,,162,9,used,,,,20260913-1758
2026-09-13 18:15:31,HAUSP-UB[noEUCS],SIGN,12,2,0.003000,0.000,0.008,480433,218,0,3559,3559,0,0,0,101542469,12,100469113,114,0.000000,0.183421,0.183433,18295,0,17.00,101542242,101542242,729,230,SUCCESS,1073345,0,warm20,2127872,362304,0,283136,,,,,114,11,used,,,,20260913-1758
2026-09-13 18:15:35,HAUSP-UB[noEUCS],SIGN,13,2,0.003000,0.000,0.008,496413,224,0,3703,3703,0,0,0,103912803,13,102841976,70,0.000000,0.185180,0.185193,19145,0,17.37,103912575,103912561,742,230,SUCCESS,1070816,0,warm20,2279424,374144,0,288640,,,,,70,11,used,,,,20260913-1758
2026-09-13 18:15:38,HAUSP-UB[noEUCS],SIGN,14,2,0.003000,0.000,0.008,507190,230,0,3688,3688,0,0,0,102005291,13,100962339,63,0.000000,0.184851,0.184864,18586,0,17.74,102005063,102005063,741,230,SUCCESS,1042941,0,warm20,2435072,382752,0,289920,,,,,63,11,used,,,,20260913-1758
2026-09-13 18:15:42,HAUSP-UB[noEUCS],SIGN,15,2,0.003000,0.000,0.008,518654,236,0,3917,3917,0,0,0,105801717,13,104734326,62,0.000000,0.187631,0.187644,19660,0,18.11,105801489,105801484,747,231,SUCCESS,1067380,0,warm20,2585856,393568,0,297088,,,,,62,11,used,,,,20260913-1758
2026-09-13 18:15:46,HAUSP-UB[noEUCS],SIGN,16,2,0.003000,0.000,0.008,536314,242,0,4197,4197,0,0,0,110903870,13,109803820,55,0.000000,0.187710,0.187723,20004,0,18.48,110903641,110903635,752,231,SUCCESS,1100039,0,warm20,2732800,406048,0,306048,,,,,55,11,used,,,,20260913-1758
2026-09-13 18:15:51,HAUSP-UB[noEUCS],SIGN,17,2,0.003000,0.000,0.008,544548,248,0,4128,4128,0,0,0,108072255,12,107007462,57,0.000000,0.187585,0.187598,19532,0,18.54,108072026,108072026,747,231,SUCCESS,1064783,0,warm20,2732800,412832,0,312448,,,,,57,10,used,,,,20260913-1758
2026-09-13 18:15:55,HAUSP-UB[noEUCS],SIGN,18,2,0.003000,0.000,0.008,556990,254,0,4106,4106,0,0,0,106340937,17,105307647,49,0.000000,0.186752,0.186766,18960,0,18.90,106340708,106340708,747,234,SUCCESS,1033275,0,warm20,2856960,423136,0,332928,,,,,49,15,used,,,,20260913-1758
2026-09-13 18:15:59,HAUSP-UB[noEUCS],SIGN,19,2,0.003000,0.000,0.008,569490,260,0,4164,4164,0,0,0,106054153,19,105030318,43,0.000000,0.186644,0.186657,18933,0,18.95,106053921,106053921,746,235,SUCCESS,1023818,0,warm20,2854912,433536,0,344192,,,,,43,17,used,,,,20260913-1758
2026-09-13 18:16:03,HAUSP-UB[noEUCS],SIGN,20,2,0.003000,0.000,0.008,587283,266,0,4434,4434,0,0,0,112027322,20,110966667,53,0.000000,0.181947,0.181961,18422,0,19.33,112027089,112027073,764,241,SUCCESS,1060637,0,warm20,2958080,445568,0,380032,,,,,53,18,used,,,,20260913-1758
2026-09-13 18:16:08,HAUSP-UB[noEUCS],SIGN,21,2,0.003000,0.000,0.008,601918,272,0,4467,4467,0,0,0,111123670,22,110078775,57,0.000000,0.181782,0.181797,18161,0,19.38,111123430,111123423,765,246,SUCCESS,1044874,0,warm20,2951936,455808,0,408192,,,,,57,21,used,,,,20260913-1758
2026-09-13 18:16:12,HAUSP-UB[noEUCS],SIGN,22,2,0.003000,0.000,0.008,613134,278,0,4512,4512,0,0,0,110441739,22,109411906,56,0.000000,0.182594,0.182609,18187,0,19.43,110441494,110441494,758,246,SUCCESS,1029812,0,warm20,3015168,465792,0,414080,,,,,56,21,used,,,,20260913-1758
2026-09-13 18:16:17,HAUSP-UB[noEUCS],SIGN,23,2,0.003000,0.000,0.008,625156,284,0,4395,4395,0,0,0,106258475,20,105274942,60,0.000000,0.181910,0.181926,17486,0,19.81,106258231,106258231,757,246,SUCCESS,983515,0,warm20,3056640,473920,0,423040,,,,,60,18,used,,,,20260913-1758
2026-09-13 18:16:21,HAUSP-UB[noEUCS],SIGN,24,2,0.003000,0.000,0.008,639272,290,0,4327,4327,0,0,0,103673264,22,102726235,59,0.000000,0.181624,0.181641,17307,0,19.85,103673020,103673020,760,246,SUCCESS,947009,0,warm20,3075072,484064,0,430976,,,,,59,20,used,,,,20260913-1758
2026-09-13 18:16:25,HAUSP-UB[noEUCS],SIGN,25,2,0.003000,0.000,0.008,650468,296,0,4351,4351,0,0,0,103005832,23,102072686,61,0.000000,0.181756,0.181772,17338,0,19.90,103005589,103005589,756,246,SUCCESS,933126,0,warm20,3096576,493856,0,440960,,,,,61,20,used,,,,20260913-1758
2026-09-13 18:16:30,HAUSP-UB[noEUCS],SIGN,26,2,0.003000,0.000,0.008,661807,302,0,4364,4364,0,0,0,102278280,22,101356166,66,0.000000,0.180799,0.180817,16997,0,19.95,102278039,102278039,756,246,SUCCESS,922097,0,warm20,3112960,502720,0,450432,,,,,66,17,used,,,,20260913-1758
2026-09-13 18:16:34,HAUSP-UB[noEUCS],SIGN,27,2,0.003000,0.000,0.008,671849,308,0,4299,4299,0,0,0,99724640,24,98829400,63,0.000000,0.180223,0.180241,16446,0,20.01,99724400,99724400,753,246,SUCCESS,895222,0,warm20,3129344,511008,0,456576,,,,,63,18,used,,,,20260913-1758
2026-09-13 18:16:38,HAUSP-UB[noEUCS],SIGN,28,2,0.003000,0.000,0.008,682126,314,0,4300,4300,0,0,0,98664500,24,97783193,59,0.000000,0.180669,0.180687,16420,0,20.37,98664260,98664260,754,246,SUCCESS,881289,0,warm20,3139584,519168,0,465792,,,,,59,18,used,,,,20260913-1758
2026-09-13 18:16:43,HAUSP-UB[noEUCS],SIGN,29,2,0.003000,0.000,0.008,695776,320,0,4479,4480,0,0,0,100691676,25,99797371,52,0.000000,0.181944,0.181962,16853,0,20.43,100691436,100691436,758,247,SUCCESS,894286,0,warm20,3145728,530240,0,481408,,,,,52,19,used,,,,20260913-1758
2026-09-13 18:16:47,HAUSP-UB[noEUCS],SIGN,30,2,0.003000,0.000,0.008,707653,326,0,4454,4454,0,0,0,99017923,25,98142179,52,0.000000,0.181542,0.181561,16464,0,20.48,99017682,99017682,752,247,SUCCESS,875725,0,warm20,3158016,539136,0,483456,,,,,52,19,used,,,,20260913-1758
2026-09-13 18:16:52,HAUSP-UB[noEUCS],SIGN,31,2,0.003000,0.000,0.008,720279,332,0,4382,4382,0,0,0,96439389,26,95591014,55,0.000000,0.180791,0.180809,15898,0,20.53,96439148,96439148,752,247,SUCCESS,848355,0,warm20,3170304,548128,0,491392,,,,,55,20,used,,,,20260913-1758
2026-09-13 18:16:56,HAUSP-UB[noEUCS],SIGN,32,2,0.003000,0.000,0.008,730705,338,0,4378,4378,0,0,0,95316430,28,94481770,55,0.000000,0.181316,0.181334,15828,0,20.57,95316189,95316189,753,249,SUCCESS,834638,0,warm20,3174400,556992,0,501120,,,,,55,22,used,,,,20260913-1758
2026-09-13 18:17:00,HAUSP-UB[noEUCS],SIGN,33,2,0.003000,0.000,0.008,744420,344,0,4415,4415,0,0,0,94575230,27,93751606,57,0.000000,0.183838,0.183857,16554,0,20.95,94574989,94574989,753,250,SUCCESS,823605,0,warm20,3215360,566592,0,513408,,,,,57,19,used,,,,20260913-1758
2026-09-13 18:17:05,HAUSP-UB[noEUCS],SIGN,34,2,0.003000,0.000,0.008,756980,350,0,4484,4484,0,0,0,94589953,26,93768264,56,0.000000,0.185007,0.185026,16743,0,21.00,94589711,94589711,752,250,SUCCESS,821671,0,warm20,3219456,576928,0,521216,,,,,56,18,used,,,,20260913-1758
2026-09-13 18:17:09,HAUSP-UB[noEUCS],SIGN,35,2,0.003000,0.000,0.008,768219,356,0,4466,4466,0,0,0,93218110,26,92411858,57,0.000000,0.185391,0.185410,16721,0,21.05,93217868,93217868,751,250,SUCCESS,806234,0,warm20,3264512,586656,0,523264,,,,,57,18,used,,,,20260913-1758
2026-09-13 18:17:14,HAUSP-UB[noEUCS],SIGN,36,2,0.003000,0.000,0.008,777786,362,0,4492,4492,0,0,0,92381711,27,91583827,57,0.000000,0.185781,0.185801,16692,0,21.43,92381471,92381471,750,251,SUCCESS,797867,0,warm20,3354624,594336,0,531456,,,,,57,17,used,,,,20260913-1758
2026-09-13 18:17:19,HAUSP-UB[noEUCS],SIGN,37,2,0.003000,0.000,0.008,790994,368,0,4596,4596,0,0,0,93541281,30,92740130,53,0.000000,0.187070,0.187089,16986,0,21.47,93541040,93541040,748,252,SUCCESS,801131,0,warm20,3358720,605088,0,553600,,,,,53,20,used,,,,20260913-1758
2026-09-13 18:17:23,HAUSP-UB[noEUCS],SIGN,38,2,0.003000,0.000,0.008,803248,374,0,4593,4593,0,0,0,92359913,33,91571875,48,0.000000,0.187268,0.187288,16821,0,21.85,92359670,92359670,744,252,SUCCESS,788014,0,warm20,3469312,614496,0,559744,,,,,48,24,used,,,,20260913-1758
2026-09-13 18:17:28,HAUSP-UB[noEUCS],SIGN,39,2,0.003000,0.000,0.008,817420,380,0,4612,4612,0,0,0,91757519,34,90979238,46,0.000000,0.187376,0.187397,16757,0,21.90,91757276,91757276,740,252,SUCCESS,778256,0,warm20,3502080,624736,0,562304,,,,,46,25,used,,,,20260913-1758
2026-09-13 18:17:32,HAUSP-UB[noEUCS],SIGN,40,2,0.003000,0.000,0.008,828605,386,0,4659,4659,0,0,0,91574496,34,90799288,49,0.000000,0.187829,0.187850,16796,0,22.27,91574254,91574254,739,252,SUCCESS,775184,0,warm20,3608576,633088,0,563328,,,,,49,24,used,,,,20260913-1758
2026-09-13 18:17:37,HAUSP-UB[noEUCS],SIGN,41,2,0.003000,0.000,0.008,840915,392,0,4696,4696,0,0,0,91250481,34,90481692,49,0.000000,0.187972,0.187992,16767,0,22.32,91250239,91250239,738,253,SUCCESS,768765,0,warm20,3645440,643584,0,575104,,,,,49,24,used,,,,20260913-1758
2026-09-13 18:17:42,HAUSP-UB[noEUCS],SIGN,42,2,0.003000,0.000,0.008,851890,398,0,4733,4734,0,0,0,90859133,33,90095416,53,0.000000,0.189470,0.189491,17093,0,22.70,90858890,90858890,734,253,SUCCESS,763694,0,warm20,3751936,653152,0,582272,,,,,53,23,used,,,,20260913-1758
2026-09-13 18:17:47,HAUSP-UB[noEUCS],SIGN,43,2,0.003000,0.000,0.008,867106,404,0,4778,4778,0,0,0,91145545,34,90386554,55,0.000000,0.188551,0.188572,16906,0,23.08,91145301,91145301,736,254,SUCCESS,758966,0,warm20,3895296,663840,0,587392,,,,,55,25,used,,,,20260913-1758
2026-09-13 18:17:51,HAUSP-UB[noEUCS],SIGN,44,2,0.003000,0.000,0.008,884460,410,0,4803,4803,0,0,0,90560831,30,89808821,57,0.000000,0.188086,0.188107,16490,0,23.44,90560589,90560589,748,254,SUCCESS,751992,0,warm20,4063232,674592,0,590720,,,,,57,18,used,,,,20260913-1758
2026-09-13 18:17:56,HAUSP-UB[noEUCS],SIGN,45,2,0.003000,0.000,0.008,901027,416,0,4761,4761,0,0,0,88711859,30,87977905,57,0.000000,0.187128,0.187150,15893,0,23.82,88711618,88711617,753,254,SUCCESS,733937,0,warm20,4202496,684960,0,595584,,,,,57,17,used,,,,20260913-1758
2026-09-13 18:18:01,HAUSP-UB[noEUCS],SIGN,46,2,0.003000,0.000,0.008,916886,422,0,4763,4763,0,0,0,87982799,32,87259765,56,0.000000,0.186182,0.186203,15488,0,23.87,87982558,87982558,753,255,SUCCESS,723015,0,warm20,4214784,696640,0,608256,,,,,56,19,used,,,,20260913-1758
2026-09-13 18:18:06,HAUSP-UB[noEUCS],SIGN,47,2,0.003000,0.000,0.008,933116,428,0,4729,4729,0,0,0,86901399,32,86192255,58,0.000000,0.185469,0.185491,15117,0,24.24,86901156,86901153,755,255,SUCCESS,709124,0,warm20,4329472,706624,0,620544,,,,,58,20,used,,,,20260913-1758
2026-09-13 18:18:10,HAUSP-UB[noEUCS],SIGN,48,2,0.003000,0.000,0.008,947537,434,0,4711,4711,0,0,0,86039616,33,85342140,53,0.000000,0.184956,0.184976,14733,0,24.61,86039373,86039373,753,255,SUCCESS,697455,0,warm20,4499456,716352,0,621568,,,,,53,21,used,,,,20260913-1758
2026-09-13 18:18:15,HAUSP-UB[noEUCS],SIGN,49,2,0.003000,0.000,0.008,957204,440,0,4676,4676,0,0,0,84747143,33,84062317,53,0.000000,0.184981,0.185003,14599,0,24.99,84746900,84746900,753,255,SUCCESS,684805,0,warm20,4644864,724224,0,631808,,,,,53,21,used,,,,20260913-1758
2026-09-13 18:18:20,HAUSP-UB[noEUCS],SIGN,50,2,0.003000,0.000,0.008,967022,446,0,4666,4666,0,0,0,84051940,33,83374456,52,0.000000,0.185266,0.185288,14609,0,25.36,84051696,84051696,753,255,SUCCESS,677462,0,warm20,4792320,732384,0,640000,,,,,52,22,used,,,,20260913-1758
2026-09-13 18:18:24,HAUSP-UB[noEUCS],SIGN,51,2,0.003000,0.000,0.008,979636,452,0,4720,4720,0,0,0,84516415,31,83836857,54,0.000000,0.185286,0.185309,14554,0,25.48,84516171,84516171,751,255,SUCCESS,679538,0,warm20,4943872,741728,0,641408,,,,,54,20,used,,,,20260913-1758
2026-09-13 18:18:29,HAUSP-UB[noEUCS],SIGN,52,2,0.003000,0.000,0.008,990505,458,0,4683,4683,0,0,0,83473077,31,82803848,54,0.000000,0.185190,0.185214,14363,0,18.12,83472833,83472833,749,255,SUCCESS,669209,0,warm20,5087232,750560,0,651648,,,,,54,20,used,,,,20260913-1758
2026-09-13 18:18:34,HAUSP-UB[noEUCS],SIGN,53,2,0.003000,0.000,0.008,1001386,464,0,4622,4622,0,0,0,81675208,31,81021157,55,0.000000,0.184680,0.184703,14056,0,18.38,81674964,81674964,748,255,SUCCESS,654031,0,warm20,5185536,757664,0,654208,,,,,55,20,used,,,,20260913-1758
2026-09-13 18:18:38,HAUSP-UB[noEUCS],SIGN,54,2,0.003000,0.000,0.008,1016244,470,0,4661,4661,0,0,0,81562343,30,80912061,61,0.000000,0.184275,0.184300,13905,0,18.68,81562099,81562099,747,255,SUCCESS,650263,0,warm20,5300224,767424,0,656256,,,,,61,19,used,,,,20260913-1758
2026-09-13 18:18:43,HAUSP-UB[noEUCS],SIGN,55,2,0.003000,0.000,0.008,1027129,476,0,4669,4669,0,0,0,81091130,30,80446540,61,0.000000,0.184180,0.184205,13871,0,18.98,81090888,81090888,747,256,SUCCESS,644573,0,warm20,5406720,776064,0,666496,,,,,61,17,used,,,,20260913-1758
2026-09-13 18:18:48,HAUSP-UB[noEUCS],SIGN,56,2,0.003000,0.000,0.008,1047408,482,0,4685,4685,0,0,0,80919576,26,80281821,64,0.000000,0.182475,0.182502,13478,0,19.30,80919332,80919332,751,260,SUCCESS,637741,0,warm20,5500928,787776,0,695680,,,,,64,14,used,,,,20260913-1758
2026-09-13 18:18:52,HAUSP-UB[noEUCS],SIGN,57,2,0.003000,0.000,0.008,1060421,488,0,4688,4688,0,0,0,80249837,26,79618811,61,0.000000,0.182345,0.182371,13277,0,19.62,80249589,80249589,745,260,SUCCESS,631012,0,warm20,5615616,796864,0,708992,,,,,61,14,used,,,,20260913-1758
2026-09-13 18:18:57,HAUSP-UB[noEUCS],SIGN,58,2,0.003000,0.000,0.008,1079371,494,0,4695,4695,0,0,0,79700384,27,79076611,71,0.000000,0.181677,0.181704,13241,0,19.84,79700136,79700136,740,261,SUCCESS,623758,0,warm20,5672960,807232,0,721280,,,,,71,15,used,,,,20260913-1758
2026-09-13 18:19:02,HAUSP-UB[noEUCS],SIGN,59,2,0.003000,0.000,0.008,1096747,500,0,4716,4716,0,0,0,79508039,28,78887045,77,0.000000,0.180738,0.180766,13167,0,20.15,79507791,79507791,737,263,SUCCESS,620979,0,warm20,5771264,817088,0,743296,,,,,77,15,used,,,,20260913-1758
2026-09-13 18:19:07,HAUSP-UB[noEUCS],SIGN,60,2,0.003000,0.000,0.008,1110602,506,0,4714,4714,0,0,0,78848977,29,78235534,77,0.000000,0.180587,0.180615,13007,0,20.29,78848729,78848729,732,263,SUCCESS,613429,0,warm20,5804032,826272,0,745728,,,,,77,14,used,,,,20260913-1758
2026-09-13 18:19:11,HAUSP-UB[noEUCS],SIGN,61,2,0.003000,0.000,0.008,1124744,512,0,4707,4707,0,0,0,78177936,31,77572669,73,0.000000,0.180538,0.180567,12882,0,20.50,78177690,78177690,736,265,SUCCESS,605253,0,warm20,5849088,835776,0,766720,,,,,73,14,used,,,,20260913-1758
2026-09-13 18:19:16,HAUSP-UB[noEUCS],SIGN,62,2,0.003000,0.000,0.008,1139446,518,0,4751,4751,0,0,0,78222313,30,77620427,73,0.000000,0.180452,0.180481,12846,0,20.68,78222064,78222064,737,265,SUCCESS,601872,0,warm20,5902336,845920,0,767616,,,,,73,14,used,,,,20260913-1758
2026-09-13 18:19:21,HAUSP-UB[noEUCS],SIGN,63,2,0.003000,0.000,0.008,1156811,524,0,4771,4771,0,0,0,77990356,26,77395579,76,0.000000,0.180528,0.180560,12821,0,20.80,77990105,77990105,744,266,SUCCESS,594765,0,warm20,5910528,857024,0,779392,,,,,76,12,used,,,,20260913-1758
2026-09-13 18:19:26,HAUSP-UB[noEUCS],SIGN,64,2,0.003000,0.000,0.008,1169601,530,0,4784,4784,0,0,0,77707116,26,77117355,74,0.000000,0.180281,0.180313,12622,0,20.97,77706865,77706865,740,266,SUCCESS,589750,0,warm20,5943296,866144,0,793216,,,,,74,11,used,,,,20260913-1758
2026-09-13 18:19:30,HAUSP-UB[noEUCS],SIGN,65,2,0.003000,0.000,0.008,1183474,536,0,4789,4789,0,0,0,77230229,25,76646251,75,0.000000,0.180008,0.180040,12433,0,21.11,77229978,77229978,739,266,SUCCESS,583968,0,warm20,5971968,875744,0,795520,,,,,75,10,used,,,,20260913-1758
2026-09-13 18:19:35,HAUSP-UB[noEUCS],SIGN,66,2,0.003000,0.000,0.008,1194955,542,0,4773,4773,0,0,0,76383493,24,75806716,71,0.000000,0.179947,0.179980,12294,0,21.26,76383242,76383242,738,266,SUCCESS,576768,0,warm20,6000640,884320,0,806272,,,,,71,9,used,,,,20260913-1758
2026-09-13 18:19:40,HAUSP-UB[noEUCS],SIGN,67,2,0.003000,0.000,0.008,1209554,548,0,4759,4759,0,0,0,75630824,26,75062214,72,0.000000,0.179381,0.179413,12041,0,21.39,75630572,75630572,740,266,SUCCESS,568598,0,warm20,6025216,893888,0,807552,,,,,72,12,used,,,,20260913-1758
2026-09-13 18:19:45,HAUSP-UB[noEUCS],SIGN,68,2,0.003000,0.000,0.008,1225092,554,0,4812,4812,0,0,0,75886310,27,75317138,71,0.000000,0.179369,0.179400,12117,0,21.51,75886058,75886058,737,266,SUCCESS,569159,0,warm20,6033408,904512,0,824192,,,,,71,13,used,,,,20260913-1758
2026-09-13 18:19:50,HAUSP-UB[noEUCS],SIGN,69,2,0.003000,0.000,0.008,1246726,560,0,5029,5029,0,0,0,79450609,26,78863730,69,0.000000,0.177314,0.177344,12158,0,21.65,79450357,79450357,740,267,SUCCESS,586867,0,warm20,6045696,918208,0,841856,,,,,69,12,used,,,,20260913-1758
2026-09-13 18:19:55,HAUSP-UB[noEUCS],SIGN,70,2,0.003000,0.000,0.008,1265597,566,0,5144,5144,0,0,0,80838528,27,80243454,64,0.000000,0.177587,0.177615,12584,0,21.81,80838275,80838275,738,267,SUCCESS,595061,0,warm20,6049792,929472,0,873344,,,,,64,13,used,,,,20260913-1758
2026-09-13 18:20:00,HAUSP-UB[noEUCS],SIGN,71,2,0.003000,0.000,0.008,1283052,572,0,5200,5200,0,0,0,81194835,32,80598441,61,0.000000,0.177750,0.177778,12659,0,21.92,81194582,81194582,738,267,SUCCESS,596376,0,warm20,6053888,939584,0,885888,,,,,61,18,used,,,,20260913-1758
2026-09-13 18:20:06,HAUSP-UB[noEUCS],SIGN,72,2,0.003000,0.000,0.008,1300784,578,0,5356,5356,0,0,0,83171681,31,82562944,65,0.000000,0.177249,0.177276,12940,0,22.04,83171428,83171428,736,267,SUCCESS,608720,0,warm20,6066176,951104,0,894848,,,,,65,17,used,,,,20260913-1758
2026-09-13 18:20:11,HAUSP-UB[noEUCS],SIGN,73,2,0.003000,0.000,0.008,1316615,584,0,5449,5449,0,0,0,84148511,30,83536262,65,0.000000,0.177132,0.177159,12887,0,22.13,84148258,84148258,737,267,SUCCESS,612233,0,warm20,6066176,963200,0,899968,,,,,65,16,used,,,,20260913-1758
2026-09-13 18:20:16,HAUSP-UB[noEUCS],SIGN,74,2,0.003000,0.000,0.008,1330102,590,0,5430,5430,0,0,0,83351687,30,82746645,65,0.000000,0.177117,0.177144,12801,0,22.28,83351434,83351434,738,267,SUCCESS,605026,0,warm20,6074368,972416,0,928000,,,,,65,16,used,,,,20260913-1758
2026-09-13 18:20:22,HAUSP-UB[noEUCS],SIGN,75,2,0.003000,0.000,0.008,1342143,596,0,5396,5396,0,0,0,82418671,30,81821349,64,0.000000,0.176878,0.176905,12641,0,22.39,82418419,82418419,737,267,SUCCESS,597307,0,warm20,6078464,981184,0,941312,,,,,64,15,used,,,,20260913-1758
2026-09-13 18:20:27,HAUSP-UB[noEUCS],SIGN,76,2,0.003000,0.000,0.008,1352225,602,0,5361,5361,0,0,0,81466552,30,80877018,62,0.000000,0.176708,0.176736,12469,0,22.47,81466300,81466300,736,267,SUCCESS,589519,0,warm20,6078464,989184,0,945408,,,,,62,15,used,,,,20260913-1758
2026-09-13 18:20:33,HAUSP-UB[noEUCS],SIGN,77,2,0.003000,0.000,0.008,1364919,608,0,5426,5426,0,0,0,81502794,30,80913624,64,0.000000,0.177017,0.177045,12515,0,22.56,81502542,81502542,736,267,SUCCESS,589155,0,warm20,6086656,999168,0,946432,,,,,64,15,used,,,,20260913-1758
2026-09-13 18:20:38,HAUSP-UB[noEUCS],SIGN,78,2,0.003000,0.000,0.008,1378844,614,0,5458,5459,0,0,0,81488994,30,80902153,64,0.000000,0.177266,0.177294,12541,0,22.70,81488742,81488742,736,267,SUCCESS,586826,0,warm20,6098944,1009024,0,964096,,,,,64,15,used,,,,20260913-1758
2026-09-13 18:20:43,HAUSP-UB[noEUCS],SIGN,79,2,0.003000,0.000,0.008,1390075,620,0,5429,5429,0,0,0,80747716,29,80168197,64,0.000000,0.177037,0.177065,12364,0,22.79,80747464,80747464,736,267,SUCCESS,579505,0,warm20,6107136,1017312,0,964096,,,,,64,14,used,,,,20260913-1758
2026-09-13 18:20:49,HAUSP-UB[noEUCS],SIGN,80,2,0.003000,0.000,0.008,1404925,626,0,5435,5436,0,0,0,80576224,29,80002004,65,0.000000,0.176620,0.176649,12159,0,22.91,80575972,80575972,736,267,SUCCESS,574206,0,warm20,6115328,1027168,0,972416,,,,,65,14,used,,,,20260913-1758
2026-09-13 18:20:54,HAUSP-UB[noEUCS],SIGN,81,2,0.003000,0.000,0.008,1419540,632,0,5462,5462,0,0,0,80442823,29,79870482,66,0.000000,0.176665,0.176694,12230,0,23.01,80442571,80442571,735,267,SUCCESS,572327,0,warm20,6123520,1037088,0,977536,,,,,66,14,used,,,,20260913-1758
2026-09-13 18:21:00,HAUSP-UB[noEUCS],SIGN,82,2,0.003000,0.000,0.008,1430972,638,0,5521,5521,0,0,0,80609918,29,80036057,66,0.000000,0.176688,0.176717,12165,0,23.12,80609666,80609666,739,267,SUCCESS,573847,0,warm20,6131712,1046080,0,987776,,,,,66,14,used,,,,20260913-1758
2026-09-13 18:21:05,HAUSP-UB[noEUCS],SIGN,83,2,0.003000,0.000,0.008,1446547,644,0,5563,5563,0,0,0,80344277,30,79772488,66,0.000000,0.176675,0.176703,12128,0,23.25,80344025,80344025,735,267,SUCCESS,571774,0,warm20,6148096,1057088,0,999552,,,,,66,15,used,,,,20260913-1758
2026-09-13 18:21:11,HAUSP-UB[noEUCS],SIGN,84,2,0.003000,0.000,0.008,1466019,650,0,5670,5670,0,0,0,81182667,30,80606246,68,0.000000,0.176547,0.176576,12206,0,23.40,81182416,81182416,740,267,SUCCESS,576407,0,warm20,6172672,1069536,0,1005440,,,,,68,14,used,,,,20260913-1758
2026-09-13 18:21:17,HAUSP-UB[noEUCS],SIGN,85,2,0.003000,0.000,0.008,1477721,656,0,5662,5662,0,0,0,80509456,31,79938846,70,0.000000,0.176535,0.176563,12122,0,23.52,80509205,80509205,737,267,SUCCESS,570595,0,warm20,6197248,1078816,0,1005440,,,,,70,15,used,,,,20260913-1758
2026-09-13 18:21:22,HAUSP-UB[noEUCS],SIGN,86,2,0.003000,0.000,0.008,1489446,662,0,5666,5666,0,0,0,80029808,31,79463543,68,0.000000,0.176775,0.176803,12092,0,23.67,80029557,80029557,739,267,SUCCESS,566250,0,warm20,6230016,1088704,0,1011712,,,,,68,15,used,,,,20260913-1758
2026-09-13 18:21:28,HAUSP-UB[noEUCS],SIGN,87,2,0.003000,0.000,0.008,1504545,668,0,5753,5753,0,0,0,80675128,33,80106364,61,0.000000,0.176814,0.176842,12261,0,23.86,80674877,80674877,741,267,SUCCESS,568747,0,warm20,6270976,1099744,0,1025536,,,,,61,17,used,,,,20260913-1758
2026-09-13 18:21:34,HAUSP-UB[noEUCS],SIGN,88,2,0.003000,0.000,0.008,1520720,674,0,5861,5861,0,0,0,81479098,33,80906771,61,0.000000,0.177065,0.177093,12357,0,24.08,81478848,81478844,747,267,SUCCESS,572311,0,warm20,6340608,1111488,0,1026432,,,,,61,16,used,,,,20260913-1758
2026-09-13 18:21:40,HAUSP-UB[noEUCS],SIGN,89,2,0.003000,0.000,0.008,1534926,680,0,5901,5901,0,0,0,81485448,33,80914503,62,0.000000,0.177483,0.177511,12454,0,24.26,81485198,81485198,747,267,SUCCESS,570929,0,warm20,6381568,1122208,0,1037952,,,,,62,16,used,,,,20260913-1758
2026-09-13 18:21:46,HAUSP-UB[noEUCS],SIGN,90,2,0.003000,0.000,0.008,1553182,686,0,6050,6051,0,0,0,82645188,33,82066893,70,0.000000,0.177822,0.177849,12724,0,24.47,82644938,82644934,751,267,SUCCESS,578279,0,warm20,6438912,1133856,0,1046144,,,,,70,16,used,,,,20260913-1758
2026-09-13 18:21:52,HAUSP-UB[noEUCS],SIGN,91,2,0.003000,0.000,0.008,1569089,692,0,6165,6165,0,0,0,83514353,33,82931126,66,0.000000,0.178026,0.178053,12856,0,24.67,83514103,83514102,752,267,SUCCESS,583211,0,warm20,6500352,1145408,0,1047296,,,,,66,16,used,,,,20260913-1758
2026-09-13 18:21:59,HAUSP-UB[noEUCS],SIGN,92,2,0.003000,0.000,0.008,1586819,698,0,6320,6320,0,0,0,85096331,33,84506685,62,0.000000,0.178120,0.178147,12860,0,24.91,85096082,85096081,753,267,SUCCESS,589631,0,warm20,6569984,1157856,0,1056256,,,,,62,15,used,,,,20260913-1758
2026-09-13 18:22:05,HAUSP-UB[noEUCS],SIGN,93,2,0.003000,0.000,0.008,1606504,704,0,6490,6490,0,0,0,87230010,33,86629241,64,0.000000,0.177087,0.177113,12872,0,25.17,87229761,87229760,754,267,SUCCESS,600754,0,warm20,6641664,1170784,0,1076992,,,,,64,15,used,,,,20260913-1758
2026-09-13 18:22:12,HAUSP-UB[noEUCS],SIGN,94,2,0.003000,0.000,0.008,1616945,710,0,6541,6541,0,0,0,87119701,32,86519945,64,0.000000,0.177510,0.177536,12890,0,25.40,87119452,87119452,754,267,SUCCESS,599742,0,warm20,6721536,1179744,0,1077504,,,,,64,14,used,,,,20260913-1758
2026-09-13 18:22:18,HAUSP-UB[noEUCS],SIGN,95,2,0.003000,0.000,0.008,1631610,716,0,6607,6607,0,0,0,87979974,32,87378495,65,0.000000,0.176734,0.176761,12886,0,25.65,87979725,87979725,753,267,SUCCESS,601465,0,warm20,6807552,1189984,0,1083136,,,,,65,14,used,,,,20260913-1758
2026-09-13 18:22:25,HAUSP-UB[noEUCS],SIGN,96,2,0.003000,0.000,0.008,1649145,722,0,6663,6663,0,0,0,87885998,32,87285610,63,0.000000,0.176659,0.176686,12904,0,25.94,87885749,87885749,752,267,SUCCESS,600374,0,warm20,6914048,1201088,0,1084160,,,,,63,14,used,,,,20260913-1758
2026-09-13 18:22:32,HAUSP-UB[noEUCS],SIGN,97,2,0.003000,0.000,0.008,1663324,728,0,6671,6671,0,0,0,87551109,32,86954621,61,0.000000,0.176163,0.176190,12728,0,26.26,87550860,87550858,756,267,SUCCESS,596474,0,warm20,7038976,1211648,0,1087488,,,,,61,14,used,,,,20260913-1758
2026-09-13 18:22:38,HAUSP-UB[noEUCS],SIGN,98,2,0.003000,0.000,0.008,1668652,730,0,6659,6659,0,0,0,87193705,32,86599744,60,0.000000,0.176058,0.176085,12666,0,26.55,87193456,87193456,754,267,SUCCESS,593947,0,warm20,7143424,1214656,0,1095680,,,,,60,14,used,,,,20260913-1758
2026-09-13 18:22:45,HAUSP-UB[noEUCS],SIGN,99,2,0.003000,0.000,0.008,1668652,730,0,6658,6658,0,0,0,87193705,32,86599744,60,0.000000,0.176058,0.176085,12666,0,26.80,87193456,87193456,754,267,SUCCESS,593947,0,warm20,7241728,1214656,0,1095680,,,,,60,14,used,,,,20260913-1758
2026-09-13 18:22:46,HAUSP-UB[noEUCS],C8T1S5I8N5K,0,0,0.000200,0.000,0.200,9488535,9427,118,495,614,60,0,0,4135735,29541,3966954,11833,0.000000,0.242125,0.250202,6075,0,484.56,4151415,4099103,52312,51042,SUCCESS,154920,0,warm20,200576,4438664,0,7045632,,,,,11833,13861,used,,,,20260913-1758
2026-09-13 18:22:46,HAUSP-UB[noEUCS],C8T1S5I8N5K,1,0,0.000200,0.000,0.008,9860531,9808,49,305,355,46,0,0,4238409,30066,4068514,12000,0.000000,0.237696,0.245698,5885,0,518.11,4203515,4202719,2066,51737,SUCCESS,155976,0,warm20,235648,4617128,0,7250816,,,,,11999,13918,used,,,,20260913-1758
2026-09-13 18:22:47,HAUSP-UB[noEUCS],C8T1S5I8N5K,2,0,0.000200,0.000,0.008,10237847,10189,7,246,253,4,0,0,4029071,30542,3865780,12194,0.000000,0.234296,0.242583,6216,0,519.37,3994038,3993454,1955,52280,SUCCESS,149453,0,warm20,215936,4791456,0,7437056,,,,,12194,13838,used,,,,20260913-1758
2026-09-13 18:22:47,HAUSP-UB[noEUCS],C8T1S5I8N5K,3,0,0.000200,0.000,0.008,10612071,10570,7,248,255,4,0,0,3863098,31048,3709561,12185,0.000000,0.228170,0.236997,5710,0,537.59,3827850,3827242,2020,52849,SUCCESS,139521,0,warm20,242560,4970664,0,7630336,,,,,12185,14016,used,,,,20260913-1758
2026-09-13 18:22:47,HAUSP-UB[noEUCS],C8T1S5I8N5K,4,0,0.000200,0.000,0.008,10998812,10951,6,242,248,3,0,0,3690408,31726,3543781,12109,0.000000,0.226342,0.235631,6197,0,571.30,3655021,3654406,2066,53454,SUCCESS,132363,0,warm20,233216,5152944,0,7843200,,,,,12109,14264,used,,,,20260913-1758
2026-09-13 18:22:48,HAUSP-UB[noEUCS],C8T1S5I8N5K,5,0,0.000200,0.000,0.008,11372679,11332,6,258,265,4,0,0,4031320,32155,3878587,12156,0.000000,0.226990,0.235812,7077,0,572.94,3995825,3995408,1878,53903,SUCCESS,138537,0,warm20,227328,5331472,0,8037760,,,,,12156,14196,used,,,,20260913-1758
2026-09-13 18:22:48,HAUSP-UB[noEUCS],C8T1S5I8N5K,6,0,0.000200,0.000,0.008,11751454,11713,6,271,278,4,0,0,3930089,32735,3778128,12153,0.000000,0.230918,0.239665,7171,0,574.69,3894740,3894207,1962,54412,SUCCESS,137779,0,warm20,234752,5510936,0,8258560,,,,,12152,14181,used,,,,20260913-1758
2026-09-13 18:22:48,HAUSP-UB[noEUCS],C8T1S5I8N5K,7,0,0.000200,0.000,0.008,12140855,12094,6,270,276,3,0,0,3868169,33178,3719918,12064,0.000000,0.228017,0.236853,7532,0,576.06,3832650,3832255,1848,54782,SUCCESS,133964,0,warm20,243840,5695640,0,8442240,,,,,12062,14285,used,,,,20260913-1758
2026-09-13 18:22:48,HAUSP-UB[noEUCS],C8T1S5I8N5K,8,0,0.000200,0.000,0.008,12513750,12475,6,290,296,3,0,0,4066264,33476,3918994,12090,0.000000,0.227410,0.236284,7536,0,577.33,4030685,4030253,1910,55144,SUCCESS,132994,0,warm20,236032,5871568,0,8609536,,,,,12087,14273,used,,,,20260913-1758
2026-09-13 18:22:49,HAUSP-UB[noEUCS],C8T1S5I8N5K,9,0,0.000200,0.000,0.008,12914821,12856,6,290,296,3,0,0,3981933,33876,3836791,12273,0.000000,0.226828,0.235741,6698,0,579.08,3946333,3945886,1995,55607,SUCCESS,130810,0,warm20,251008,6057256,0,8819968,,,,,12273,14332,used,,,,20260913-1758
2026-09-13 18:22:49,HAUSP-UB[noEUCS],C8T1S5I8N5K,10,0,0.000200,0.000,0.008,13305508,13237,6,288,294,3,0,0,3809438,34219,3667540,12117,0.000000,0.229812,0.238973,6517,0,580.43,3773698,3773313,1917,55958,SUCCESS,127546,0,warm20,287488,6243312,0,9014784,,,,,12117,14352,used,,,,20260913-1758
2026-09-13 18:22:49,HAUSP-UB[noEUCS],C8T1S5I8N5K,11,0,0.000200,0.000,0.008,13706693,13618,6,292,298,3,0,0,3706465,34549,3568713,12052,0.000000,0.227637,0.237020,6096,0,614.90,3670584,3670227,1923,56307,SUCCESS,123280,0,warm20,309760,6431616,0,9272192,,,,,12052,14472,used,,,,20260913-1758
2026-09-13 18:22:50,HAUSP-UB[noEUCS],C8T1S5I8N5K,12,0,0.000200,0.000,0.008,14085848,13999,6,287,293,3,0,0,3679038,35042,3541176,11982,0.000000,0.228250,0.237569,5787,0,616.78,3643224,3642790,2008,56710,SUCCESS,123312,0,warm20,294912,6610496,0,9532416,,,,,11981,14549,used,,,,20260913-1758
2026-09-13 18:22:50,HAUSP-UB[noEUCS],C8T1S5I8N5K,13,0,0.000200,0.000,0.008,14448564,14380,6,295,301,3,0,0,3685169,35392,3548208,12058,0.000000,0.227435,0.236863,5569,0,618.37,3649252,3648916,1941,57036,SUCCESS,122362,0,warm20,288128,6780176,0,9795968,,,,,12058,14599,used,,,,20260913-1758
2026-09-13 18:22:50,HAUSP-UB[noEUCS],C8T1S5I8N5K,14,0,0.000200,0.000,0.008,14856850,14761,6,307,313,3,0,0,3695825,35647,3560891,12053,0.000000,0.224811,0.234281,5314,0,620.00,3659825,3659547,1893,57288,SUCCESS,120323,0,warm20,346624,6962912,0,10048000,,,,,12053,14611,used,,,,20260913-1758
2026-09-13 18:22:51,HAUSP-UB[noEUCS],C8T1S5I8N5K,15,0,0.000200,0.000,0.008,15236031,15142,6,318,324,3,0,0,3736811,36097,3599709,12025,0.000000,0.228268,0.237569,5751,0,621.70,3700861,3700468,2034,57648,SUCCESS,122343,0,warm20,304256,7143944,0,10321792,,,,,12025,14759,used,,,,20260913-1758
2026-09-13 18:22:51,HAUSP-UB[noEUCS],C8T1S5I8N5K,16,0,0.000200,0.000,0.008,15637254,15523,6,325,332,3,0,0,3653004,36330,3519310,12122,0.000000,0.224966,0.234524,5143,0,656.31,3616902,3616564,2012,57975,SUCCESS,118910,0,warm20,338944,7330432,0,10595072,,,,,12122,14784,used,,,,20260913-1758
2026-09-13 18:22:51,HAUSP-UB[noEUCS],C8T1S5I8N5K,17,0,0.000200,0.000,0.008,16001183,15904,6,314,320,3,0,0,3584674,36591,3452999,12142,0.000000,0.222118,0.231765,4765,0,657.95,3548634,3548316,2003,58297,SUCCESS,117019,0,warm20,334464,7502376,0,10865280,,,,,12142,14656,used,,,,20260913-1758
2026-09-13 18:22:51,HAUSP-UB[noEUCS],C8T1S5I8N5K,18,0,0.000200,0.000,0.008,16376279,16285,6,319,326,3,0,0,3554274,36998,3425114,12206,0.000000,0.219953,0.229830,5394,0,659.88,3518158,3517779,2060,58646,SUCCESS,114343,0,warm20,334336,7678848,0,11153024,,,,,12206,14817,used,,,,20260913-1758
2026-09-13 18:22:52,HAUSP-UB[noEUCS],C8T1S5I8N5K,19,0,0.000200,0.000,0.008,16736060,16666,6,322,329,3,0,0,3519467,37220,3392345,12254,0.000000,0.218374,0.228370,5316,0,661.44,3483294,3483013,1992,58906,SUCCESS,112375,0,warm20,352640,7852504,0,11413888,,,,,12254,14747,used,,,,20260913-1758
2026-09-13 18:22:52,HAUSP-UB[noEUCS],C8T1S5I8N5K,20,0,0.000200,0.000,0.008,17118756,17047,6,324,330,3,0,0,3509776,37451,3382498,12522,0.000000,0.220278,0.230268,5733,0,662.91,3473655,3473371,2016,59174,SUCCESS,112611,0,warm20,332928,8034672,0,11680000,,,,,12521,14666,used,,,,20260913-1758
2026-09-13 18:22:52,HAUSP-UB[noEUCS],C8T1S5I8N5K,21,0,0.000200,0.000,0.008,17469367,17428,6,327,333,3,0,0,3454869,37715,3328396,12413,0.000000,0.222887,0.232929,5511,0,664.83,3418615,3418318,2045,59428,SUCCESS,111678,0,warm20,358272,8202512,0,11938048,,,,,12413,14795,used,,,,20260913-1758
2026-09-13 18:22:53,HAUSP-UB[noEUCS],C8T1S5I8N5K,22,0,0.000200,0.000,0.008,17882077,17809,6,334,341,3,0,0,3460044,37908,3332727,12509,0.000000,0.228367,0.238388,5460,0,666.33,3423875,3423574,2092,59702,SUCCESS,112668,0,warm20,365952,8385152,0,12226688,,,,,12509,14649,used,,,,20260913-1758
2026-09-13 18:22:53,HAUSP-UB[noEUCS],C8T1S5I8N5K,23,0,0.000200,0.000,0.008,18263919,18190,6,335,341,3,0,0,3402420,38130,3275700,12394,0.000000,0.229087,0.239104,5224,0,668.02,3366031,3365910,1939,59827,SUCCESS,111903,0,warm20,403584,8557848,0,12460288,,,,,12394,14817,used,,,,20260913-1758
2026-09-13 18:22:54,HAUSP-UB[noEUCS],C8T1S5I8N5K,24,0,0.000200,0.000,0.008,18657262,18571,6,335,342,3,0,0,3373818,38368,3248386,12432,0.000000,0.227734,0.237792,4981,0,703.63,3337381,3337198,1997,60028,SUCCESS,110454,0,warm20,419968,8733584,0,12736128,,,,,12432,14978,used,,,,20260913-1758
2026-09-13 18:22:54,HAUSP-UB[noEUCS],C8T1S5I8N5K,25,0,0.000200,0.000,0.008,19053088,18952,6,335,342,3,0,0,3327525,38559,3201895,12496,0.000000,0.225591,0.235706,4603,0,704.84,3291034,3290843,1987,60238,SUCCESS,110608,0,warm20,385536,8910952,0,13007104,,,,,12496,15022,used,,,,20260913-1758
2026-09-13 18:22:54,HAUSP-UB[noEUCS],C8T1S5I8N5K,26,0,0.000200,0.000,0.008,19437911,19333,6,335,342,3,0,0,3256685,38748,3133247,12583,0.000000,0.223253,0.233469,4467,0,739.98,3220150,3219880,2047,60491,SUCCESS,108392,0,warm20,385152,9094976,0,13320704,,,,,12582,15045,used,,,,20260913-1758
2026-09-13 18:22:55,HAUSP-UB[noEUCS],C8T1S5I8N5K,27,0,0.000200,0.000,0.008,19822113,19714,6,340,347,3,0,0,3314915,39076,3191201,12549,0.000000,0.224955,0.235073,4548,0,742.29,3278379,3278077,2096,60769,SUCCESS,108593,0,warm20,412416,9274248,0,13613952,,,,,12549,15121,used,,,,20260913-1758
2026-09-13 18:22:55,HAUSP-UB[noEUCS],C8T1S5I8N5K,28,0,0.000200,0.000,0.008,20208654,20095,6,346,352,3,0,0,3243778,39402,3120720,12538,0.000000,0.224785,0.234919,4279,0,777.46,3207110,3206864,2064,61018,SUCCESS,107757,0,warm20,411264,9458160,0,13920256,,,,,12538,15301,used,,,,20260913-1758
2026-09-13 18:22:55,HAUSP-UB[noEUCS],C8T1S5I8N5K,29,0,0.000200,0.000,0.008,20585609,20476,6,340,347,3,0,0,3234399,39513,3112640,12587,0.000000,0.224005,0.234200,4122,0,778.82,3197632,3197453,1994,61192,SUCCESS,106496,0,warm20,393472,9636608,0,14199552,,,,,12586,15262,used,,,,20260913-1758
2026-09-13 18:22:56,HAUSP-UB[noEUCS],C8T1S5I8N5K,30,0,0.000200,0.000,0.008,20988516,20857,6,344,351,3,0,0,3198475,39644,3075810,12740,0.000000,0.221895,0.232057,3896,0,780.88,3161737,3161505,2052,61432,SUCCESS,107475,0,warm20,381184,9820600,0,14485632,,,,,12740,15190,used,,,,20260913-1758
2026-09-13 18:22:56,HAUSP-UB[noEUCS],C8T1S5I8N5K,31,0,0.000200,0.000,0.008,21379871,21238,6,348,354,3,0,0,3209268,39803,3087841,12701,0.000000,0.220593,0.230843,3722,0,782.66,3172582,3172396,1998,61610,SUCCESS,106369,0,warm20,413440,10003416,0,14787840,,,,,12700,15057,used,,,,20260913-1758
2026-09-13 18:22:56,HAUSP-UB[noEUCS],C8T1S5I8N5K,32,0,0.000200,0.000,0.008,21758395,21619,6,359,365,3,0,0,3260579,39943,3138701,12691,0.000000,0.218774,0.228937,3512,0,783.98,3223800,3223649,1971,61749,SUCCESS,106766,0,warm20,411264,10180208,0,15039104,,,,,12691,15112,used,,,,20260913-1758
2026-09-13 18:22:57,HAUSP-UB[noEUCS],C8T1S5I8N5K,33,0,0.000200,0.000,0.008,22151372,22000,6,374,381,3,0,0,3235624,40143,3115077,12563,0.000000,0.218520,0.228787,3756,0,819.93,3198723,3198533,2022,61916,SUCCESS,105252,0,warm20,438144,10365864,0,15339904,,,,,12563,15295,used,,,,20260913-1758
2026-09-13 18:22:57,HAUSP-UB[noEUCS],C8T1S5I8N5K,34,0,0.000200,0.000,0.008,22537156,22381,6,372,379,3,0,0,3203569,40324,3083502,12559,0.000000,0.219333,0.229724,3758,0,821.49,3166733,3166602,1986,62067,SUCCESS,104823,0,warm20,440320,10544520,0,15614592,,,,,12559,15244,used,,,,20260913-1758
2026-09-13 18:22:57,HAUSP-UB[noEUCS],C8T1S5I8N5K,35,0,0.000200,0.000,0.008,22909920,22762,6,382,389,3,0,0,3219613,40414,3099159,12660,0.000000,0.222019,0.232317,3731,0,823.03,3182786,3182621,2000,62225,SUCCESS,105280,0,warm20,458368,10721192,0,15883520,,,,,12660,15174,used,,,,20260913-1758
2026-09-13 18:22:58,HAUSP-UB[noEUCS],C8T1S5I8N5K,36,0,0.000200,0.000,0.008,23320068,23143,6,378,385,3,0,0,3180782,40715,3060605,12522,0.000000,0.220600,0.230807,3641,0,825.24,3143885,3143726,2001,62410,SUCCESS,104788,0,warm20,431488,10905520,0,16189568,,,,,12520,15387,used,,,,20260913-1758
2026-09-13 18:22:58,HAUSP-UB[noEUCS],C8T1S5I8N5K,37,0,0.000200,0.000,0.008,23698370,23524,6,375,381,3,0,0,3160315,40903,3041404,12491,0.000000,0.219310,0.229596,3515,0,826.99,3123362,3123183,1995,62569,SUCCESS,103461,0,warm20,498432,11082248,0,16484480,,,,,12487,15446,used,,,,20260913-1758
2026-09-13 18:22:59,HAUSP-UB[noEUCS],C8T1S5I8N5K,38,0,0.000200,0.000,0.008,24100790,23905,6,383,390,3,0,0,3154813,41080,3036941,12535,0.000000,0.217467,0.227800,3291,0,862.36,3117779,3117523,2092,62797,SUCCESS,102326,0,warm20,466816,11268248,0,16805120,,,,,12534,15545,used,,,,20260913-1758
2026-09-13 18:22:59,HAUSP-UB[noEUCS],C8T1S5I8N5K,39,0,0.000200,0.000,0.008,24494244,24286,6,379,386,3,0,0,3129912,41284,3013295,12520,0.000000,0.214483,0.224958,3104,0,898.68,3092720,3092546,2038,62974,SUCCESS,100937,0,warm20,486144,11458160,0,17115648,,,,,12519,15679,used,,,,20260913-1758
2026-09-13 18:22:59,HAUSP-UB[noEUCS],C8T1S5I8N5K,40,0,0.000200,0.000,0.008,24862589,24667,6,380,386,3,0,0,3140346,41495,3023989,12514,0.000000,0.214408,0.224859,2983,0,900.46,3103195,3102981,2075,63177,SUCCESS,100684,0,warm20,499968,11634336,0,17433216,,,,,12513,15672,used,,,,20260913-1758
2026-09-13 18:23:00,HAUSP-UB[noEUCS],C8T1S5I8N5K,41,0,0.000200,0.000,0.008,25264734,25048,6,386,392,3,0,0,3131159,41648,3014910,12545,0.000000,0.214067,0.224497,2906,0,901.81,3093967,3093809,2030,63275,SUCCESS,100584,0,warm20,519424,11818840,0,17648768,,,,,12543,15663,used,,,,20260913-1758
2026-09-13 18:23:00,HAUSP-UB[noEUCS],C8T1S5I8N5K,42,0,0.000200,0.000,0.008,25654120,25429,6,389,396,3,0,0,3145122,41796,3028987,12548,0.000000,0.213467,0.223934,2835,0,904.08,3108011,3107852,2091,63431,SUCCESS,100499,0,warm20,560256,12004304,0,17956352,,,,,12544,15632,used,,,,20260913-1758
2026-09-13 18:23:01,HAUSP-UB[noEUCS],C8T1S5I8N5K,43,0,0.000200,0.000,0.008,26046150,25810,6,407,414,3,0,0,3189390,41872,3073101,12582,0.000000,0.212566,0.223110,2897,0,905.77,3152286,3152105,2116,63605,SUCCESS,100742,0,warm20,478848,12185704,0,18269184,,,,,12580,15545,used,,,,20260913-1758
2026-09-13 18:23:01,HAUSP-UB[noEUCS],C8T1S5I8N5K,44,0,0.000200,0.000,0.008,26432947,26191,6,409,415,3,0,0,3207492,42011,3090666,12643,0.000000,0.213256,0.223705,2697,0,907.64,3170376,3170197,2121,63728,SUCCESS,101303,0,warm20,699776,12366504,0,18550272,,,,,12642,15522,used,,,,20260913-1758
2026-09-13 18:23:01,HAUSP-UB[noEUCS],C8T1S5I8N5K,45,0,0.000200,0.000,0.008,26847057,26572,6,422,428,3,0,0,3217238,42143,3100434,12645,0.000000,0.212103,0.222663,2736,0,910.04,3180120,3179962,2156,63890,SUCCESS,101271,0,warm20,713856,12559136,0,18834304,,,,,12645,15533,used,,,,20260913-1758
2026-09-13 18:23:02,HAUSP-UB[noEUCS],C8T1S5I8N5K,46,0,0.000200,0.000,0.008,27199889,26953,6,426,433,3,0,0,3248264,42374,3130912,12509,0.000000,0.212747,0.223209,2876,0,911.28,3211138,3210966,2166,64016,SUCCESS,101741,0,warm20,729600,12727040,0,19084928,,,,,12508,15610,used,,,,20260913-1758
2026-09-13 18:23:02,HAUSP-UB[noEUCS],C8T1S5I8N5K,47,0,0.000200,0.000,0.008,27579163,27334,6,433,440,3,0,0,3235063,42552,3117991,12422,0.000000,0.212044,0.222432,2901,0,912.84,3197912,3197819,2133,64116,SUCCESS,101384,0,warm20,759552,12903296,0,19304960,,,,,12421,15687,used,,,,20260913-1758
2026-09-13 18:23:03,HAUSP-UB[noEUCS],C8T1S5I8N5K,48,0,0.000200,0.000,0.008,27972766,27715,6,441,448,3,0,0,3251196,42713,3133537,12422,0.000000,0.212883,0.223201,2982,0,915.15,3214122,3214025,2130,64227,SUCCESS,101987,0,warm20,770176,13086704,0,19561728,,,,,12421,15671,used,,,,20260913-1758
2026-09-13 18:23:03,HAUSP-UB[noEUCS],C8T1S5I8N5K,49,0,0.000200,0.000,0.008,28365723,28096,6,450,457,3,0,0,3295566,42855,3178308,12289,0.000000,0.213413,0.223660,3165,0,916.47,3258512,3258395,2136,64339,SUCCESS,101576,0,warm20,798976,13267080,0,19825280,,,,,12289,15682,used,,,,20260913-1758
2026-09-13 18:23:04,HAUSP-UB[noEUCS],C8T1S5I8N5K,50,0,0.000200,0.000,0.008,28747973,28477,6,451,458,3,0,0,3269457,42932,3152721,12298,0.000000,0.212932,0.223195,3190,0,917.97,3232516,3232374,2166,64450,SUCCESS,101201,0,warm20,829952,13443056,0,20066304,,,,,12297,15534,used,,,,20260913-1758
2026-09-13 18:23:04,HAUSP-UB[noEUCS],C8T1S5I8N5K,51,0,0.000200,0.000,0.008,29148674,28858,6,456,463,3,0,0,3276097,43118,3159602,12243,0.000000,0.213432,0.223667,3606,0,920.41,3239165,3239047,2173,64555,SUCCESS,100894,0,warm20,865408,13626880,0,20320000,,,,,12242,15600,used,,,,20260913-1758
2026-09-13 18:23:05,HAUSP-UB[noEUCS],C8T1S5I8N5K,52,0,0.000200,0.000,0.008,29538239,29239,6,454,461,3,0,0,3217502,43208,3101756,12292,0.000000,0.213133,0.223470,3511,0,921.89,3180516,3180391,2193,64675,SUCCESS,100107,0,warm20,879104,13810048,0,20578432,,,,,12292,15639,used,,,,20260913-1758
2026-09-13 18:23:05,HAUSP-UB[noEUCS],C8T1S5I8N5K,53,0,0.000200,0.000,0.008,29906147,29620,6,458,464,3,0,0,3205179,43291,3089338,12296,0.000000,0.212974,0.223325,3391,0,923.34,3168187,3168088,2172,64767,SUCCESS,100233,0,warm20,897536,13984888,0,20815744,,,,,12296,15608,used,,,,20260913-1758
2026-09-13 18:23:06,HAUSP-UB[noEUCS],C8T1S5I8N5K,54,0,0.000200,0.000,0.008,30291495,30001,6,457,464,3,0,0,3165000,43343,3049827,12365,0.000000,0.212301,0.222748,3264,0,925.68,3127901,3127821,2160,64847,SUCCESS,99498,0,warm20,899072,14163112,0,21028992,,,,,12365,15675,used,,,,20260913-1758
2026-09-13 18:23:06,HAUSP-UB[noEUCS],C8T1S5I8N5K,55,0,0.000200,0.000,0.008,30683235,30382,6,461,467,3,0,0,3162725,43457,3048061,12312,0.000000,0.211595,0.222085,3174,0,927.20,3125627,3125535,2172,64932,SUCCESS,98955,0,warm20,918528,14345792,0,21280640,,,,,12311,15708,used,,,,20260913-1758
2026-09-13 18:23:07,HAUSP-UB[noEUCS],C8T1S5I8N5K,56,0,0.000200,0.000,0.008,31050500,30763,6,462,469,3,0,0,3149171,43445,3035338,12393,0.000000,0.211427,0.222059,3135,0,928.70,3112137,3112090,2134,64986,SUCCESS,98283,0,warm20,939008,14522416,0,21491584,,,,,12390,15547,used,,,,20260913-1758
2026-09-13 18:23:07,HAUSP-UB[noEUCS],C8T1S5I8N5K,57,0,0.000200,0.000,0.008,31397327,31144,6,460,467,3,0,0,3112336,43545,2999377,12410,0.000000,0.211145,0.221871,3034,0,930.91,3075314,3075225,2169,65101,SUCCESS,97375,0,warm20,904832,14690744,0,21776000,,,,,12407,15581,used,,,,20260913-1758
2026-09-13 18:23:07,HAUSP-UB[noEUCS],C8T1S5I8N5K,58,0,0.000200,0.000,0.008,31771532,31525,6,456,462,3,0,0,3070626,43605,2958413,12443,0.000000,0.211496,0.222327,3040,0,932.84,3033561,3033424,2191,65215,SUCCESS,96641,0,warm20,1040384,14869360,0,22065408,,,,,12440,15569,used,,,,20260913-1758
2026-09-13 18:23:08,HAUSP-UB[noEUCS],C8T1S5I8N5K,59,0,0.000200,0.000,0.008,32144335,31906,6,460,466,3,0,0,3079660,43782,2967321,12411,0.000000,0.211165,0.221901,2918,0,934.39,3042636,3042503,2210,65347,SUCCESS,96748,0,warm20,1067136,15042672,0,22418560,,,,,12411,15591,used,,,,20260913-1758
2026-09-13 18:23:08,HAUSP-UB[noEUCS],C8T1S5I8N5K,60,0,0.000200,0.000,0.008,32548859,32287,6,473,480,3,0,0,3106366,43917,2993290,12379,0.000000,0.211540,0.222233,3066,0,937.12,3069324,3069182,2220,65446,SUCCESS,97464,0,warm20,1138048,15228392,0,22734336,,,,,12379,15612,used,,,,20260913-1758
2026-09-13 18:23:09,HAUSP-UB[noEUCS],C8T1S5I8N5K,61,0,0.000200,0.000,0.008,32946105,32668,6,475,481,3,0,0,3083896,44023,2970087,12399,0.000000,0.212110,0.222752,3028,0,938.81,3046833,3046736,2218,65531,SUCCESS,98168,0,warm20,1262464,15410552,0,23026304,,,,,12398,15640,used,,,,20260913-1758
2026-09-13 18:23:09,HAUSP-UB[noEUCS],C8T1S5I8N5K,62,0,0.000200,0.000,0.008,33335321,33049,6,483,490,3,0,0,3067050,44197,2953564,12381,0.000000,0.212629,0.223201,2938,0,940.57,3030021,3029883,2271,65674,SUCCESS,97791,0,warm20,1253120,15588880,0,23430528,,,,,12381,15695,used,,,,20260913-1758
2026-09-13 18:23:10,HAUSP-UB[noEUCS],C8T1S5I8N5K,63,0,0.000200,0.000,0.008,33722190,33430,6,483,489,3,0,0,3076035,44261,2962670,12419,0.000000,0.213888,0.224489,2955,0,943.18,3038886,3038743,2271,65779,SUCCESS,97628,0,warm20,1295488,15770696,0,23750784,,,,,12418,15736,used,,,,20260913-1758
2026-09-13 18:23:10,HAUSP-UB[noEUCS],C8T1S5I8N5K,64,0,0.000200,0.000,0.008,34102757,33811,6,485,492,3,0,0,3045452,44338,2932790,12457,0.000000,0.213898,0.224623,2871,0,945.02,3008360,3008238,2288,65908,SUCCESS,97009,0,warm20,1375744,15945592,0,24113792,,,,,12455,15651,used,,,,20260913-1758
2026-09-13 18:23:11,HAUSP-UB[noEUCS],C8T1S5I8N5K,65,0,0.000200,0.000,0.008,34480042,34192,6,486,493,3,0,0,3020261,44403,2907701,12536,0.000000,0.213480,0.224156,2789,0,946.65,2983168,2983057,2270,66026,SUCCESS,96971,0,warm20,1347072,16120688,0,24486528,,,,,12535,15588,used,,,,20260913-1758
2026-09-13 18:23:11,HAUSP-UB[noEUCS],C8T1S5I8N5K,66,0,0.000200,0.000,0.008,34856177,34573,6,485,492,3,0,0,2984712,44545,2872828,12479,0.000000,0.213336,0.224117,2698,0,949.36,2947532,2947398,2286,66152,SUCCESS,96184,0,warm20,1383040,16294448,0,24858240,,,,,12478,15699,used,,,,20260913-1758
2026-09-13 18:23:12,HAUSP-UB[noEUCS],C8T1S5I8N5K,67,0,0.000200,0.000,0.008,35248911,34954,6,487,493,3,0,0,2987301,44587,2876195,12547,0.000000,0.212368,0.223206,2620,0,951.19,2950171,2950054,2277,66264,SUCCESS,95541,0,warm20,1436160,16481344,0,25242880,,,,,12547,15565,used,,,,20260913-1758
2026-09-13 18:23:12,HAUSP-UB[noEUCS],C8T1S5I8N5K,68,0,0.000200,0.000,0.008,35625465,35335,6,487,494,3,0,0,2960247,44764,2849497,12463,0.000000,0.212246,0.223025,2554,0,952.65,2923156,2923049,2272,66366,SUCCESS,95159,0,warm20,1363072,16657608,0,25582848,,,,,12463,15591,used,,,,20260913-1758
2026-09-13 18:23:13,HAUSP-UB[noEUCS],C8T1S5I8N5K,69,0,0.000200,0.000,0.008,36012354,35716,6,485,491,3,0,0,2931204,44781,2821608,12518,0.000000,0.211519,0.222519,2554,0,955.55,2894069,2893978,2261,66424,SUCCESS,94046,0,warm20,1556224,16835688,0,25851776,,,,,12518,15550,used,,,,20260913-1758
2026-09-13 18:23:13,HAUSP-UB[noEUCS],C8T1S5I8N5K,70,0,0.000200,0.000,0.008,36402179,36097,6,492,499,3,0,0,2988010,44877,2878502,12511,0.000000,0.211474,0.222410,2518,0,957.23,2950892,2950789,2306,66504,SUCCESS,93936,0,warm20,1617920,17022200,0,26119040,,,,,12510,15571,used,,,,20260913-1758
2026-09-13 18:23:14,HAUSP-UB[noEUCS],C8T1S5I8N5K,71,0,0.000200,0.000,0.008,36796212,36478,6,494,501,3,0,0,2968682,44971,2859422,12535,0.000000,0.212026,0.222974,2562,0,958.79,2931558,2931476,2308,66586,SUCCESS,93668,0,warm20,1611520,17202968,0,26446976,,,,,12534,15591,used,,,,20260913-1758
2026-09-13 18:23:14,HAUSP-UB[noEUCS],C8T1S5I8N5K,72,0,0.000200,0.000,0.008,37177330,36859,6,510,517,3,0,0,2975203,45091,2866299,12476,0.000000,0.211687,0.222630,2519,0,627.90,2938060,2937964,2322,66669,SUCCESS,93247,0,warm20,1454848,17383608,0,26765952,,,,,12467,15648,used,,,,20260913-1758
2026-09-13 18:23:15,HAUSP-UB[noEUCS],C8T1S5I8N5K,73,0,0.000200,0.000,0.008,37549228,37240,6,517,524,3,0,0,3000004,45147,2891029,12487,0.000000,0.211191,0.222119,2480,0,629.11,2962859,2962809,2289,66711,SUCCESS,93345,0,warm20,1571840,17558472,0,26993536,,,,,12480,15623,used,,,,20260913-1758
2026-09-13 18:23:15,HAUSP-UB[noEUCS],C8T1S5I8N5K,74,0,0.000200,0.000,0.008,37929817,37621,6,518,524,3,0,0,2974123,45144,2865133,12530,0.000000,0.210855,0.221896,2451,0,629.11,2937055,2936972,2330,66770,SUCCESS,93489,0,warm20,1579136,17738584,0,27284736,,,,,12530,15501,used,,,,20260913-1758
2026-09-13 18:23:16,HAUSP-UB[noEUCS],C8T1S5I8N5K,75,0,0.000200,0.000,0.008,38317022,38002,6,530,536,3,0,0,3000233,45217,2890856,12553,0.000000,0.211156,0.222124,2489,0,629.11,2963155,2963065,2361,66853,SUCCESS,93850,0,warm20,1589632,17918928,0,27603584,,,,,12551,15525,used,,,,20260913-1758
2026-09-13 18:23:17,HAUSP-UB[noEUCS],C8T1S5I8N5K,76,0,0.000200,0.000,0.008,38681308,38383,6,531,537,3,0,0,3017024,45268,2907893,12527,0.000000,0.210600,0.221573,2455,0,636.62,2979927,2979886,2319,66900,SUCCESS,93615,0,warm20,1683200,18092920,0,27845888,,,,,12523,15512,used,,,,20260913-1758
2026-09-13 18:23:17,HAUSP-UB[noEUCS],C8T1S5I8N5K,77,0,0.000200,0.000,0.008,39054424,38764,6,532,538,3,0,0,2992386,45493,2883372,12390,0.000000,0.210584,0.221565,2481,0,636.62,2955313,2955241,2344,67000,SUCCESS,93343,0,warm20,1576576,18267208,0,28227200,,,,,12385,15666,used,,,,20260913-1758
2026-09-13 18:23:18,HAUSP-UB[noEUCS],C8T1S5I8N5K,78,0,0.000200,0.000,0.008,39411343,39145,6,540,546,3,0,0,2997085,45462,2888086,12522,0.000000,0.211543,0.222635,2527,0,636.62,2959907,2959866,2285,67045,SUCCESS,93356,0,warm20,1638016,18437224,0,28466176,,,,,12519,15640,used,,,,20260913-1758
2026-09-13 18:23:18,HAUSP-UB[noEUCS],C8T1S5I8N5K,79,0,0.000200,0.000,0.008,39780981,39526,6,549,556,3,0,0,3019115,45485,2909417,12514,0.000000,0.211343,0.222289,2581,0,636.62,2981960,2981912,2288,67071,SUCCESS,94101,0,warm20,1681664,18611288,0,28641152,,,,,12512,15595,used,,,,20260913-1758
2026-09-13 18:23:19,HAUSP-UB[noEUCS],C8T1S5I8N5K,80,0,0.000200,0.000,0.008,40169171,39907,6,560,567,3,0,0,3023846,45554,2914282,12516,0.000000,0.211643,0.222577,2552,0,643.90,2986695,2986648,2309,67109,SUCCESS,93929,0,warm20,1818880,18788752,0,28837888,,,,,12515,15634,used,,,,20260913-1758
2026-09-13 18:23:19,HAUSP-UB[noEUCS],C8T1S5I8N5K,81,0,0.000200,0.000,0.008,40555772,40288,6,553,560,3,0,0,3000226,45671,2890553,12470,0.000000,0.211267,0.222214,2574,0,643.90,2963159,2963034,2396,67220,SUCCESS,94043,0,warm20,1591552,18972952,0,29209728,,,,,12469,15629,used,,,,20260913-1758
2026-09-13 18:23:20,HAUSP-UB[noEUCS],C8T1S5I8N5K,82,0,0.000200,0.000,0.008,40937437,40669,6,562,569,3,0,0,2989773,45670,2880510,12492,0.000000,0.211200,0.222190,2542,0,643.90,2952587,2952555,2317,67255,SUCCESS,93627,0,warm20,1784576,19144488,0,29395584,,,,,12492,15636,used,,,,20260913-1758
2026-09-13 18:23:20,HAUSP-UB[noEUCS],C8T1S5I8N5K,83,0,0.000200,0.000,0.008,41314466,41050,6,559,566,3,0,0,2982716,45751,2873278,12474,0.000000,0.211025,0.222031,2516,0,643.90,2945527,2945440,2369,67320,SUCCESS,93753,0,warm20,1726208,19324552,0,29699328,,,,,12474,15685,used,,,,20260913-1758
2026-09-13 18:23:21,HAUSP-UB[noEUCS],C8T1S5I8N5K,84,0,0.000200,0.000,0.008,41724684,41431,6,562,569,3,0,0,2969560,45802,2860547,12472,0.000000,0.210757,0.221740,2489,0,651.03,2932417,2932331,2390,67395,SUCCESS,93388,0,warm20,1763840,19514248,0,29990272,,,,,12472,15625,used,,,,20260913-1758
2026-09-13 18:23:22,HAUSP-UB[noEUCS],C8T1S5I8N5K,85,0,0.000200,0.000,0.008,42093147,41812,6,572,579,3,0,0,2999620,45860,2890292,12469,0.000000,0.210801,0.221765,2440,0,651.03,2962326,2962295,2346,67434,SUCCESS,93569,0,warm20,1867776,19689608,0,30207360,,,,,12469,15759,used,,,,20260913-1758
2026-09-13 18:23:22,HAUSP-UB[noEUCS],C8T1S5I8N5K,86,0,0.000200,0.000,0.008,42494057,42193,6,576,583,3,0,0,3005483,45889,2895855,12525,0.000000,0.210856,0.221841,2493,0,651.03,2968139,2968024,2422,67521,SUCCESS,93827,0,warm20,1768064,19872936,0,30521728,,,,,12523,15799,used,,,,20260913-1758
2026-09-13 18:23:23,HAUSP-UB[noEUCS],C8T1S5I8N5K,87,0,0.000200,0.000,0.008,42876090,42574,6,581,588,3,0,0,2994743,45944,2885787,12530,0.000000,0.210168,0.221243,2433,0,652.98,2957469,2957392,2412,67597,SUCCESS,93258,0,warm20,2014464,20052296,0,30824960,,,,,12529,15697,used,,,,20260913-1758
2026-09-13 18:23:23,HAUSP-UB[noEUCS],C8T1S5I8N5K,88,0,0.000200,0.000,0.008,43249167,42955,6,580,586,3,0,0,2985938,45970,2877079,12600,0.000000,0.210380,0.221475,2454,0,652.98,2948715,2948627,2424,67682,SUCCESS,93263,0,warm20,1855232,20227840,0,31151744,,,,,12600,15596,used,,,,20260913-1758
2026-09-13 18:23:24,HAUSP-UB[noEUCS],C8T1S5I8N5K,89,0,0.000200,0.000,0.008,43639417,43336,6,587,593,3,0,0,2983326,45961,2874934,12637,0.000000,0.209871,0.221014,2455,0,659.98,2946109,2946057,2391,67702,SUCCESS,92895,0,warm20,2005888,20409200,0,31353728,,,,,12636,15496,used,,,,20260913-1758
2026-09-13 18:23:25,HAUSP-UB[noEUCS],C8T1S5I8N5K,90,0,0.000200,0.000,0.008,44032208,43717,6,585,591,3,0,0,2969383,46068,2861199,12584,0.000000,0.210232,0.221352,2451,0,659.98,2932215,2932148,2438,67767,SUCCESS,92649,0,warm20,1986944,20593424,0,31652736,,,,,12583,15534,used,,,,20260913-1758
2026-09-13 18:23:25,HAUSP-UB[noEUCS],C8T1S5I8N5K,91,0,0.000200,0.000,0.008,44399967,44098,6,593,600,3,0,0,2968667,46110,2860460,12598,0.000000,0.210198,0.221256,2431,0,659.98,2931564,2931541,2396,67788,SUCCESS,92760,0,warm20,2093824,20767320,0,31852800,,,,,12597,15446,used,,,,20260913-1758
2026-09-13 18:23:26,HAUSP-UB[noEUCS],C8T1S5I8N5K,92,0,0.000200,0.000,0.008,44779784,44479,6,593,599,3,0,0,2978948,46189,2871364,12544,0.000000,0.209645,0.220793,2415,0,659.98,2941790,2941741,2424,67819,SUCCESS,92025,0,warm20,2082560,20943960,0,32042880,,,,,12544,15559,used,,,,20260913-1758
2026-09-13 18:23:26,HAUSP-UB[noEUCS],C8T1S5I8N5K,93,0,0.000200,0.000,0.008,45163101,44860,6,595,602,3,0,0,2984915,46282,2877885,12546,0.000000,0.208900,0.220095,2417,0,668.00,2947870,2947769,2494,67932,SUCCESS,91522,0,warm20,1962752,21125472,0,32403584,,,,,12546,15508,used,,,,20260913-1758
2026-09-13 18:23:27,HAUSP-UB[noEUCS],C8T1S5I8N5K,94,0,0.000200,0.000,0.008,45537311,45241,6,598,604,3,0,0,2970732,46450,2863814,12490,0.000000,0.209324,0.220521,2509,0,668.00,2933701,2933607,2475,68026,SUCCESS,91369,0,warm20,1984896,21298872,0,32715904,,,,,12490,15549,used,,,,20260913-1758
2026-09-13 18:23:28,HAUSP-UB[noEUCS],C8T1S5I8N5K,95,0,0.000200,0.000,0.008,45914685,45622,6,603,609,3,0,0,2953804,46519,2847561,12452,0.000000,0.209073,0.220344,2472,0,668.00,2916694,2916677,2398,68068,SUCCESS,90640,0,warm20,2100096,21474952,0,32936192,,,,,12452,15603,used,,,,20260913-1758
2026-09-13 18:23:28,HAUSP-UB[noEUCS],C8T1S5I8N5K,96,0,0.000200,0.000,0.008,46297846,46003,6,618,625,3,0,0,2992114,46605,2884645,12436,0.000000,0.209667,0.220797,2565,0,675.90,2954864,2954793,2427,68126,SUCCESS,91681,0,warm20,2169472,21655168,0,33221632,,,,,12435,15787,used,,,,20260913-1758
2026-09-13 18:23:29,HAUSP-UB[noEUCS],C8T1S5I8N5K,97,0,0.000200,0.000,0.008,46661169,46384,6,630,636,3,0,0,3017834,46710,2910373,12382,0.000000,0.209211,0.220245,2642,0,675.90,2980601,2980556,2414,68169,SUCCESS,91643,0,warm20,2083200,21831016,0,33478400,,,,,12381,15817,used,,,,20260913-1758
2026-09-13 18:23:29,HAUSP-UB[noEUCS],C8T1S5I8N5K,98,0,0.000200,0.000,0.008,47042336,46765,6,632,639,3,0,0,3016952,46670,2909814,12464,0.000000,0.209268,0.220384,2654,0,675.90,2979695,2979623,2443,68191,SUCCESS,91379,0,warm20,2133760,22011424,0,33656832,,,,,12463,15758,used,,,,20260913-1758
2026-09-13 18:23:30,HAUSP-UB[noEUCS],C8T1S5I8N5K,99,0,0.000200,0.000,0.008,47416411,47133,6,635,642,3,0,0,3020056,46615,2913251,12578,0.000000,0.208598,0.219840,2623,0,675.90,2982806,2982747,2480,68240,SUCCESS,91130,0,warm20,2189696,22186560,0,33899264,,,,,12577,15674,used,,,,20260913-1758
2026-09-13 18:23:31,HAUSP-UB[noEUCS],C8T1S5I8N5K,0,1,0.000200,0.000,0.200,9488535,9427,158,420,578,56,0,0,4135735,29541,3966954,11833,0.000000,0.242125,0.250202,6075,0,477.84,4151415,4099103,52312,51042,SUCCESS,154920,0,warm20,200576,4438664,0,7045632,,,,,11833,13861,used,,,,20260913-1758
2026-09-13 18:23:31,HAUSP-UB[noEUCS],C8T1S5I8N5K,1,1,0.000200,0.000,0.008,9860531,9808,6,262,269,3,0,0,4238409,30066,4068514,12000,0.000000,0.237696,0.245698,5885,0,511.66,4203515,4202719,2066,51737,SUCCESS,155976,0,warm20,236160,4617128,0,7250816,,,,,11999,13918,used,,,,20260913-1758
2026-09-13 18:23:32,HAUSP-UB[noEUCS],C8T1S5I8N5K,2,1,0.000200,0.000,0.008,10237847,10189,6,238,245,3,0,0,4029071,30542,3865780,12194,0.000000,0.234296,0.242583,6216,0,513.04,3994038,3993454,1955,52280,SUCCESS,149453,0,warm20,215936,4791456,0,7437056,,,,,12194,13838,used,,,,20260913-1758
2026-09-13 18:23:32,HAUSP-UB[noEUCS],C8T1S5I8N5K,3,1,0.000200,0.000,0.008,10612071,10570,6,244,250,3,0,0,3863098,31048,3709561,12185,0.000000,0.228170,0.236997,5710,0,547.47,3827850,3827242,2020,52849,SUCCESS,139521,0,warm20,242560,4970664,0,7630336,,,,,12185,14016,used,,,,20260913-1758
2026-09-13 18:23:32,HAUSP-UB[noEUCS],C8T1S5I8N5K,4,1,0.000200,0.000,0.008,10998812,10951,6,240,246,3,0,0,3690408,31726,3543781,12109,0.000000,0.226342,0.235631,6197,0,581.55,3655021,3654406,2066,53454,SUCCESS,132363,0,warm20,243584,5152944,0,7843200,,,,,12109,14264,used,,,,20260913-1758
2026-09-13 18:23:32,HAUSP-UB[noEUCS],C8T1S5I8N5K,5,1,0.000200,0.000,0.008,11372679,11332,6,256,262,3,0,0,4031320,32155,3878587,12156,0.000000,0.226990,0.235812,7077,0,583.02,3995825,3995408,1878,53903,SUCCESS,138537,0,warm20,227328,5331472,0,8037760,,,,,12156,14196,used,,,,20260913-1758
2026-09-13 18:23:33,HAUSP-UB[noEUCS],C8T1S5I8N5K,6,1,0.000200,0.000,0.008,11751454,11713,6,260,266,3,0,0,3930089,32735,3778128,12153,0.000000,0.230918,0.239665,7171,0,584.74,3894740,3894207,1962,54412,SUCCESS,137779,0,warm20,234752,5510936,0,8258560,,,,,12152,14181,used,,,,20260913-1758
2026-09-13 18:23:33,HAUSP-UB[noEUCS],C8T1S5I8N5K,7,1,0.000200,0.000,0.008,12140855,12094,6,271,277,3,0,0,3868169,33178,3719918,12064,0.000000,0.228017,0.236853,7532,0,586.19,3832650,3832255,1848,54782,SUCCESS,133964,0,warm20,243840,5695640,0,8442240,,,,,12062,14285,used,,,,20260913-1758
2026-09-13 18:23:33,HAUSP-UB[noEUCS],C8T1S5I8N5K,8,1,0.000200,0.000,0.008,12513750,12475,6,285,291,3,0,0,4066264,33476,3918994,12090,0.000000,0.227410,0.236284,7536,0,587.36,4030685,4030253,1910,55144,SUCCESS,132994,0,warm20,236032,5871568,0,8609536,,,,,12087,14273,used,,,,20260913-1758
2026-09-13 18:23:34,HAUSP-UB[noEUCS],C8T1S5I8N5K,9,1,0.000200,0.000,0.008,12914821,12856,6,285,291,3,0,0,3981933,33876,3836791,12273,0.000000,0.226828,0.235741,6698,0,589.20,3946333,3945886,1995,55607,SUCCESS,130810,0,warm20,251008,6057256,0,8819968,,,,,12273,14332,used,,,,20260913-1758
2026-09-13 18:23:34,HAUSP-UB[noEUCS],C8T1S5I8N5K,10,1,0.000200,0.000,0.008,13305508,13237,6,283,289,3,0,0,3809438,34219,3667540,12117,0.000000,0.229812,0.238973,6517,0,590.60,3773698,3773313,1917,55958,SUCCESS,127546,0,warm20,287488,6243312,0,9014784,,,,,12117,14352,used,,,,20260913-1758
2026-09-13 18:23:34,HAUSP-UB[noEUCS],C8T1S5I8N5K,11,1,0.000200,0.000,0.008,13706693,13618,6,283,289,3,0,0,3706465,34549,3568713,12052,0.000000,0.227637,0.237020,6096,0,625.00,3670584,3670227,1923,56307,SUCCESS,123280,0,warm20,309760,6431616,0,9272192,,,,,12052,14472,used,,,,20260913-1758
2026-09-13 18:23:34,HAUSP-UB[noEUCS],C8T1S5I8N5K,12,1,0.000200,0.000,0.008,14085848,13999,6,284,291,3,0,0,3679038,35042,3541176,11982,0.000000,0.228250,0.237569,5787,0,626.92,3643224,3642790,2008,56710,SUCCESS,123312,0,warm20,294912,6610496,0,9532416,,,,,11981,14549,used,,,,20260913-1758
2026-09-13 18:23:35,HAUSP-UB[noEUCS],C8T1S5I8N5K,13,1,0.000200,0.000,0.008,14448564,14380,6,291,297,3,0,0,3685169,35392,3548208,12058,0.000000,0.227435,0.236863,5569,0,628.50,3649252,3648916,1941,57036,SUCCESS,122362,0,warm20,288128,6780176,0,9795968,,,,,12058,14599,used,,,,20260913-1758
2026-09-13 18:23:35,HAUSP-UB[noEUCS],C8T1S5I8N5K,14,1,0.000200,0.000,0.008,14856850,14761,6,301,307,3,0,0,3695825,35647,3560891,12053,0.000000,0.224811,0.234281,5314,0,629.99,3659825,3659547,1893,57288,SUCCESS,120323,0,warm20,325248,6962912,0,10048000,,,,,12053,14611,used,,,,20260913-1758
2026-09-13 18:23:35,HAUSP-UB[noEUCS],C8T1S5I8N5K,15,1,0.000200,0.000,0.008,15236031,15142,6,314,321,3,0,0,3736811,36097,3599709,12025,0.000000,0.228268,0.237569,5751,0,631.87,3700861,3700468,2034,57648,SUCCESS,122343,0,warm20,304256,7143944,0,10321792,,,,,12025,14759,used,,,,20260913-1758
2026-09-13 18:23:36,HAUSP-UB[noEUCS],C8T1S5I8N5K,16,1,0.000200,0.000,0.008,15637254,15523,6,315,322,3,0,0,3653004,36330,3519310,12122,0.000000,0.224966,0.234524,5143,0,666.57,3616902,3616564,2012,57975,SUCCESS,118910,0,warm20,338944,7330432,0,10595072,,,,,12122,14784,used,,,,20260913-1758
2026-09-13 18:23:36,HAUSP-UB[noEUCS],C8T1S5I8N5K,17,1,0.000200,0.000,0.008,16001183,15904,6,309,315,3,0,0,3584674,36591,3452999,12142,0.000000,0.222118,0.231765,4765,0,668.04,3548634,3548316,2003,58297,SUCCESS,117019,0,warm20,334464,7502376,0,10865280,,,,,12142,14656,used,,,,20260913-1758
2026-09-13 18:23:36,HAUSP-UB[noEUCS],C8T1S5I8N5K,18,1,0.000200,0.000,0.008,16376279,16285,6,315,322,3,0,0,3554274,36998,3425114,12206,0.000000,0.219953,0.229830,5394,0,669.98,3518158,3517779,2060,58646,SUCCESS,114343,0,warm20,334336,7678848,0,11153024,,,,,12206,14817,used,,,,20260913-1758
2026-09-13 18:23:37,HAUSP-UB[noEUCS],C8T1S5I8N5K,19,1,0.000200,0.000,0.008,16736060,16666,6,319,326,3,0,0,3519467,37220,3392345,12254,0.000000,0.218374,0.228370,5316,0,671.48,3483294,3483013,1992,58906,SUCCESS,112375,0,warm20,352640,7852504,0,11413888,,,,,12254,14747,used,,,,20260913-1758
2026-09-13 18:23:37,HAUSP-UB[noEUCS],C8T1S5I8N5K,20,1,0.000200,0.000,0.008,17118756,17047,6,324,330,3,0,0,3509776,37451,3382498,12522,0.000000,0.220278,0.230268,5733,0,673.03,3473655,3473371,2016,59174,SUCCESS,112611,0,warm20,332928,8034672,0,11680000,,,,,12521,14666,used,,,,20260913-1758
2026-09-13 18:23:37,HAUSP-UB[noEUCS],C8T1S5I8N5K,21,1,0.000200,0.000,0.008,17469367,17428,6,322,328,3,0,0,3454869,37715,3328396,12413,0.000000,0.222887,0.232929,5511,0,675.04,3418615,3418318,2045,59428,SUCCESS,111678,0,warm20,358272,8202512,0,11938048,,,,,12413,14795,used,,,,20260913-1758
2026-09-13 18:23:38,HAUSP-UB[noEUCS],C8T1S5I8N5K,22,1,0.000200,0.000,0.008,17882077,17809,6,330,336,3,0,0,3460044,37908,3332727,12509,0.000000,0.228367,0.238388,5460,0,676.47,3423875,3423574,2092,59702,SUCCESS,112668,0,warm20,365952,8385152,0,12226688,,,,,12509,14649,used,,,,20260913-1758
2026-09-13 18:23:38,HAUSP-UB[noEUCS],C8T1S5I8N5K,23,1,0.000200,0.000,0.008,18263919,18190,6,331,337,3,0,0,3402420,38130,3275700,12394,0.000000,0.229087,0.239104,5224,0,678.12,3366031,3365910,1939,59827,SUCCESS,111903,0,warm20,403584,8557848,0,12460288,,,,,12394,14817,used,,,,20260913-1758
2026-09-13 18:23:38,HAUSP-UB[noEUCS],C8T1S5I8N5K,24,1,0.000200,0.000,0.008,18657262,18571,6,334,341,3,0,0,3373818,38368,3248386,12432,0.000000,0.227734,0.237792,4981,0,713.80,3337381,3337198,1997,60028,SUCCESS,110454,0,warm20,419968,8733584,0,12736128,,,,,12432,14978,used,,,,20260913-1758
2026-09-13 18:23:39,HAUSP-UB[noEUCS],C8T1S5I8N5K,25,1,0.000200,0.000,0.008,19053088,18952,6,333,340,3,0,0,3327525,38559,3201895,12496,0.000000,0.225591,0.235706,4603,0,715.26,3291034,3290843,1987,60238,SUCCESS,110608,0,warm20,401536,8910952,0,13007104,,,,,12496,15022,used,,,,20260913-1758
2026-09-13 18:23:39,HAUSP-UB[noEUCS],C8T1S5I8N5K,26,1,0.000200,0.000,0.008,19437911,19333,6,333,340,3,0,0,3256685,38748,3133247,12583,0.000000,0.223253,0.233469,4467,0,750.02,3220150,3219880,2047,60491,SUCCESS,108392,0,warm20,385152,9094976,0,13320704,,,,,12582,15045,used,,,,20260913-1758
2026-09-13 18:23:39,HAUSP-UB[noEUCS],C8T1S5I8N5K,27,1,0.000200,0.000,0.008,19822113,19714,6,342,349,3,0,0,3314915,39076,3191201,12549,0.000000,0.224955,0.235073,4548,0,752.41,3278379,3278077,2096,60769,SUCCESS,108593,0,warm20,412416,9274248,0,13613952,,,,,12549,15121,used,,,,20260913-1758
2026-09-13 18:23:40,HAUSP-UB[noEUCS],C8T1S5I8N5K,28,1,0.000200,0.000,0.008,20208654,20095,6,342,349,3,0,0,3243778,39402,3120720,12538,0.000000,0.224785,0.234919,4279,0,787.44,3207110,3206864,2064,61018,SUCCESS,107757,0,warm20,404736,9458160,0,13920256,,,,,12538,15301,used,,,,20260913-1758
2026-09-13 18:23:40,HAUSP-UB[noEUCS],C8T1S5I8N5K,29,1,0.000200,0.000,0.008,20585609,20476,6,336,342,3,0,0,3234399,39513,3112640,12587,0.000000,0.224005,0.234200,4122,0,788.93,3197632,3197453,1994,61192,SUCCESS,106496,0,warm20,393472,9636608,0,14199552,,,,,12586,15262,used,,,,20260913-1758
2026-09-13 18:23:40,HAUSP-UB[noEUCS],C8T1S5I8N5K,30,1,0.000200,0.000,0.008,20988516,20857,6,343,350,3,0,0,3198475,39644,3075810,12740,0.000000,0.221895,0.232057,3896,0,791.04,3161737,3161505,2052,61432,SUCCESS,107475,0,warm20,381184,9820600,0,14485632,,,,,12740,15190,used,,,,20260913-1758
2026-09-13 18:23:41,HAUSP-UB[noEUCS],C8T1S5I8N5K,31,1,0.000200,0.000,0.008,21379871,21238,6,347,354,3,0,0,3209268,39803,3087841,12701,0.000000,0.220593,0.230843,3722,0,792.84,3172582,3172396,1998,61610,SUCCESS,106369,0,warm20,413440,10003416,0,14787840,,,,,12700,15057,used,,,,20260913-1758
2026-09-13 18:23:41,HAUSP-UB[noEUCS],C8T1S5I8N5K,32,1,0.000200,0.000,0.008,21758395,21619,6,358,364,3,0,0,3260579,39943,3138701,12691,0.000000,0.218774,0.228937,3512,0,794.16,3223800,3223649,1971,61749,SUCCESS,106766,0,warm20,411264,10180208,0,15039104,,,,,12691,15112,used,,,,20260913-1758
2026-09-13 18:23:42,HAUSP-UB[noEUCS],C8T1S5I8N5K,33,1,0.000200,0.000,0.008,22151372,22000,6,372,379,3,0,0,3235624,40143,3115077,12563,0.000000,0.218520,0.228787,3756,0,795.97,3198723,3198533,2022,61916,SUCCESS,105252,0,warm20,283136,10365864,0,15339904,,,,,12563,15295,used,,,,20260913-1758
2026-09-13 18:23:42,HAUSP-UB[noEUCS],C8T1S5I8N5K,34,1,0.000200,0.000,0.008,22537156,22381,6,378,385,3,0,0,3203569,40324,3083502,12559,0.000000,0.219333,0.229724,3758,0,520.65,3166733,3166602,1986,62067,SUCCESS,104823,0,warm20,303360,10544520,0,15614592,,,,,12559,15244,used,,,,20260913-1758
2026-09-13 18:23:42,HAUSP-UB[noEUCS],C8T1S5I8N5K,35,1,0.000200,0.000,0.008,22909920,22762,6,384,390,3,0,0,3219613,40414,3099159,12660,0.000000,0.222019,0.232317,3731,0,520.65,3182786,3182621,2000,62225,SUCCESS,105280,0,warm20,313856,10721192,0,15883520,,,,,12660,15174,used,,,,20260913-1758
2026-09-13 18:23:43,HAUSP-UB[noEUCS],C8T1S5I8N5K,36,1,0.000200,0.000,0.008,23320068,23143,6,379,386,3,0,0,3180782,40715,3060605,12522,0.000000,0.220600,0.230807,3641,0,520.65,3143885,3143726,2001,62410,SUCCESS,104788,0,warm20,302848,10905520,0,16189568,,,,,12520,15387,used,,,,20260913-1758
2026-09-13 18:23:43,HAUSP-UB[noEUCS],C8T1S5I8N5K,37,1,0.000200,0.000,0.008,23698370,23524,6,379,386,3,0,0,3160315,40903,3041404,12491,0.000000,0.219310,0.229596,3515,0,520.65,3123362,3123183,1995,62569,SUCCESS,103461,0,warm20,311808,11082248,0,16484480,,,,,12487,15446,used,,,,20260913-1758
2026-09-13 18:23:43,HAUSP-UB[noEUCS],C8T1S5I8N5K,38,1,0.000200,0.000,0.008,24100790,23905,6,383,390,3,0,0,3154813,41080,3036941,12535,0.000000,0.217467,0.227800,3291,0,561.75,3117779,3117523,2092,62797,SUCCESS,102326,0,warm20,453632,11268248,0,16805120,,,,,12534,15545,used,,,,20260913-1758
2026-09-13 18:23:44,HAUSP-UB[noEUCS],C8T1S5I8N5K,39,1,0.000200,0.000,0.008,24494244,24286,6,379,386,3,0,0,3129912,41284,3013295,12520,0.000000,0.214483,0.224958,3104,0,591.77,3092720,3092546,2038,62974,SUCCESS,100937,0,warm20,468736,11458160,0,17115648,,,,,12519,15679,used,,,,20260913-1758
2026-09-13 18:23:44,HAUSP-UB[noEUCS],C8T1S5I8N5K,40,1,0.000200,0.000,0.008,24862589,24667,6,378,385,3,0,0,3140346,41495,3023989,12514,0.000000,0.214408,0.224859,2983,0,593.94,3103195,3102981,2075,63177,SUCCESS,100684,0,warm20,304768,11634336,0,17433216,,,,,12513,15672,used,,,,20260913-1758
2026-09-13 18:23:45,HAUSP-UB[noEUCS],C8T1S5I8N5K,41,1,0.000200,0.000,0.008,25264734,25048,6,386,392,3,0,0,3131159,41648,3014910,12545,0.000000,0.214067,0.224497,2906,0,600.65,3093967,3093809,2030,63275,SUCCESS,100584,0,warm20,400128,11818840,0,17648768,,,,,12543,15663,used,,,,20260913-1758
2026-09-13 18:23:45,HAUSP-UB[noEUCS],C8T1S5I8N5K,42,1,0.000200,0.000,0.008,25654120,25429,6,392,399,3,0,0,3145122,41796,3028987,12548,0.000000,0.213467,0.223934,2835,0,600.65,3108011,3107852,2091,63431,SUCCESS,100499,0,warm20,429696,12004304,0,17956352,,,,,12544,15632,used,,,,20260913-1758
2026-09-13 18:23:45,HAUSP-UB[noEUCS],C8T1S5I8N5K,43,1,0.000200,0.000,0.008,26046150,25810,6,407,414,3,0,0,3189390,41872,3073101,12582,0.000000,0.212566,0.223110,2897,0,600.65,3152286,3152105,2116,63605,SUCCESS,100742,0,warm20,427648,12185704,0,18269184,,,,,12580,15545,used,,,,20260913-1758
2026-09-13 18:23:46,HAUSP-UB[noEUCS],C8T1S5I8N5K,44,1,0.000200,0.000,0.008,26432947,26191,6,413,420,3,0,0,3207492,42011,3090666,12643,0.000000,0.213256,0.223705,2697,0,600.65,3170376,3170197,2121,63728,SUCCESS,101303,0,warm20,500992,12366504,0,18550272,,,,,12642,15522,used,,,,20260913-1758
2026-09-13 18:23:46,HAUSP-UB[noEUCS],C8T1S5I8N5K,45,1,0.000200,0.000,0.008,26847057,26572,6,416,423,3,0,0,3217238,42143,3100434,12645,0.000000,0.212103,0.222663,2736,0,607.46,3180120,3179962,2156,63890,SUCCESS,101271,0,warm20,530560,12559136,0,18834304,,,,,12645,15533,used,,,,20260913-1758
2026-09-13 18:23:47,HAUSP-UB[noEUCS],C8T1S5I8N5K,46,1,0.000200,0.000,0.008,27199889,26953,6,423,429,3,0,0,3248264,42374,3130912,12509,0.000000,0.212747,0.223209,2876,0,607.46,3211138,3210966,2166,64016,SUCCESS,101741,0,warm20,579200,12727040,0,19084928,,,,,12508,15610,used,,,,20260913-1758
2026-09-13 18:23:47,HAUSP-UB[noEUCS],C8T1S5I8N5K,47,1,0.000200,0.000,0.008,27579163,27334,6,432,438,3,0,0,3235063,42552,3117991,12422,0.000000,0.212044,0.222432,2901,0,607.46,3197912,3197819,2133,64116,SUCCESS,101384,0,warm20,675200,12903296,0,19304960,,,,,12421,15687,used,,,,20260913-1758
2026-09-13 18:23:48,HAUSP-UB[noEUCS],C8T1S5I8N5K,48,1,0.000200,0.000,0.008,27972766,27715,6,440,446,3,0,0,3251196,42713,3133537,12422,0.000000,0.212883,0.223201,2982,0,609.94,3214122,3214025,2130,64227,SUCCESS,101987,0,warm20,770176,13086704,0,19561728,,,,,12421,15671,used,,,,20260913-1758
2026-09-13 18:23:48,HAUSP-UB[noEUCS],C8T1S5I8N5K,49,1,0.000200,0.000,0.008,28365723,28096,6,446,452,3,0,0,3295566,42855,3178308,12289,0.000000,0.213413,0.223660,3165,0,609.94,3258512,3258395,2136,64339,SUCCESS,101576,0,warm20,669056,13267080,0,19825280,,,,,12289,15682,used,,,,20260913-1758
2026-09-13 18:23:49,HAUSP-UB[noEUCS],C8T1S5I8N5K,50,1,0.000200,0.000,0.008,28747973,28477,6,447,454,3,0,0,3269457,42932,3152721,12298,0.000000,0.212932,0.223195,3190,0,616.67,3232516,3232374,2166,64450,SUCCESS,101201,0,warm20,683264,13443056,0,20066304,,,,,12297,15534,used,,,,20260913-1758
2026-09-13 18:23:49,HAUSP-UB[noEUCS],C8T1S5I8N5K,51,1,0.000200,0.000,0.008,29148674,28858,6,456,462,3,0,0,3276097,43118,3159602,12243,0.000000,0.213432,0.223667,3606,0,616.67,3239165,3239047,2173,64555,SUCCESS,100894,0,warm20,736384,13626880,0,20320000,,,,,12242,15600,used,,,,20260913-1758
2026-09-13 18:23:49,HAUSP-UB[noEUCS],C8T1S5I8N5K,52,1,0.000200,0.000,0.008,29538239,29239,6,454,461,3,0,0,3217502,43208,3101756,12292,0.000000,0.213133,0.223470,3511,0,616.67,3180516,3180391,2193,64675,SUCCESS,100107,0,warm20,746368,13810048,0,20578432,,,,,12292,15639,used,,,,20260913-1758
2026-09-13 18:23:50,HAUSP-UB[noEUCS],C8T1S5I8N5K,53,1,0.000200,0.000,0.008,29906147,29620,6,457,463,3,0,0,3205179,43291,3089338,12296,0.000000,0.212974,0.223325,3391,0,616.67,3168187,3168088,2172,64767,SUCCESS,100233,0,warm20,789760,13984888,0,20815744,,,,,12296,15608,used,,,,20260913-1758
2026-09-13 18:23:50,HAUSP-UB[noEUCS],C8T1S5I8N5K,54,1,0.000200,0.000,0.008,30291495,30001,6,455,462,3,0,0,3165000,43343,3049827,12365,0.000000,0.212301,0.222748,3264,0,623.50,3127901,3127821,2160,64847,SUCCESS,99498,0,warm20,822784,14163112,0,21028992,,,,,12365,15675,used,,,,20260913-1758
2026-09-13 18:23:51,HAUSP-UB[noEUCS],C8T1S5I8N5K,55,1,0.000200,0.000,0.008,30683235,30382,6,460,467,3,0,0,3162725,43457,3048061,12312,0.000000,0.211595,0.222085,3174,0,623.50,3125627,3125535,2172,64932,SUCCESS,98955,0,warm20,825728,14345792,0,21280640,,,,,12311,15708,used,,,,20260913-1758
2026-09-13 18:23:51,HAUSP-UB[noEUCS],C8T1S5I8N5K,56,1,0.000200,0.000,0.008,31050500,30763,6,461,467,3,0,0,3149171,43445,3035338,12393,0.000000,0.211427,0.222059,3135,0,623.50,3112137,3112090,2134,64986,SUCCESS,98283,0,warm20,876032,14522416,0,21491584,,,,,12390,15547,used,,,,20260913-1758
2026-09-13 18:23:52,HAUSP-UB[noEUCS],C8T1S5I8N5K,57,1,0.000200,0.000,0.008,31397327,31144,6,459,465,3,0,0,3112336,43545,2999377,12410,0.000000,0.211145,0.221871,3034,0,625.94,3075314,3075225,2169,65101,SUCCESS,97375,0,warm20,812032,14690744,0,21776000,,,,,12407,15581,used,,,,20260913-1758
2026-09-13 18:23:52,HAUSP-UB[noEUCS],C8T1S5I8N5K,58,1,0.000200,0.000,0.008,31771532,31525,6,454,460,3,0,0,3070626,43605,2958413,12443,0.000000,0.211496,0.222327,3040,0,625.94,3033561,3033424,2191,65215,SUCCESS,96641,0,warm20,810112,14869360,0,22065408,,,,,12440,15569,used,,,,20260913-1758
2026-09-13 18:23:53,HAUSP-UB[noEUCS],C8T1S5I8N5K,59,1,0.000200,0.000,0.008,32144335,31906,6,460,466,3,0,0,3079660,43782,2967321,12411,0.000000,0.211165,0.221901,2918,0,632.83,3042636,3042503,2210,65347,SUCCESS,96748,0,warm20,838656,15042672,0,22418560,,,,,12411,15591,used,,,,20260913-1758
2026-09-13 18:23:53,HAUSP-UB[noEUCS],C8T1S5I8N5K,60,1,0.000200,0.000,0.008,32548859,32287,6,470,476,3,0,0,3106366,43917,2993290,12379,0.000000,0.211540,0.222233,3066,0,632.83,3069324,3069182,2220,65446,SUCCESS,97464,0,warm20,925824,15228392,0,22734336,,,,,12379,15612,used,,,,20260913-1758
2026-09-13 18:23:54,HAUSP-UB[noEUCS],C8T1S5I8N5K,61,1,0.000200,0.000,0.008,32946105,32668,6,475,482,3,0,0,3083896,44023,2970087,12399,0.000000,0.212110,0.222752,3028,0,632.83,3046833,3046736,2218,65531,SUCCESS,98168,0,warm20,1067392,15410552,0,23026304,,,,,12398,15640,used,,,,20260913-1758
2026-09-13 18:23:54,HAUSP-UB[noEUCS],C8T1S5I8N5K,62,1,0.000200,0.000,0.008,33335321,33049,6,476,482,3,0,0,3067050,44197,2953564,12381,0.000000,0.212629,0.223201,2938,0,639.54,3030021,3029883,2271,65674,SUCCESS,97791,0,warm20,1112448,15588880,0,23430528,,,,,12381,15695,used,,,,20260913-1758
2026-09-13 18:23:55,HAUSP-UB[noEUCS],C8T1S5I8N5K,63,1,0.000200,0.000,0.008,33722190,33430,6,483,490,3,0,0,3076035,44261,2962670,12419,0.000000,0.213888,0.224489,2955,0,640.30,3038886,3038743,2271,65779,SUCCESS,97628,0,warm20,1085696,15770696,0,23750784,,,,,12418,15736,used,,,,20260913-1758
2026-09-13 18:23:55,HAUSP-UB[noEUCS],C8T1S5I8N5K,64,1,0.000200,0.000,0.008,34102757,33811,6,483,490,3,0,0,3045452,44338,2932790,12457,0.000000,0.213898,0.224623,2871,0,640.30,3008360,3008238,2288,65908,SUCCESS,97009,0,warm20,1129344,15945592,0,24113792,,,,,12455,15651,used,,,,20260913-1758
2026-09-13 18:23:56,HAUSP-UB[noEUCS],C8T1S5I8N5K,65,1,0.000200,0.000,0.008,34480042,34192,6,485,491,3,0,0,3020261,44403,2907701,12536,0.000000,0.213480,0.224156,2789,0,640.30,2983168,2983057,2270,66026,SUCCESS,96971,0,warm20,1153536,16120688,0,24486528,,,,,12535,15588,used,,,,20260913-1758
2026-09-13 18:23:56,HAUSP-UB[noEUCS],C8T1S5I8N5K,66,1,0.000200,0.000,0.008,34856177,34573,6,484,490,3,0,0,2984712,44545,2872828,12479,0.000000,0.213336,0.224117,2698,0,648.65,2947532,2947398,2286,66152,SUCCESS,96184,0,warm20,1145344,16294448,0,24858240,,,,,12478,15699,used,,,,20260913-1758
2026-09-13 18:23:57,HAUSP-UB[noEUCS],C8T1S5I8N5K,67,1,0.000200,0.000,0.008,35248911,34954,6,485,492,3,0,0,2987301,44587,2876195,12547,0.000000,0.212368,0.223206,2620,0,648.65,2950171,2950054,2277,66264,SUCCESS,95541,0,warm20,1197568,16481344,0,25242880,,,,,12547,15565,used,,,,20260913-1758
2026-09-13 18:23:57,HAUSP-UB[noEUCS],C8T1S5I8N5K,68,1,0.000200,0.000,0.008,35625465,35335,6,487,493,3,0,0,2960247,44764,2849497,12463,0.000000,0.212246,0.223025,2554,0,648.65,2923156,2923049,2272,66366,SUCCESS,95159,0,warm20,1239552,16657608,0,25582848,,,,,12463,15591,used,,,,20260913-1758
2026-09-13 18:23:58,HAUSP-UB[noEUCS],C8T1S5I8N5K,69,1,0.000200,0.000,0.008,36012354,35716,6,483,490,3,0,0,2931204,44781,2821608,12518,0.000000,0.211519,0.222519,2554,0,648.65,2894069,2893978,2261,66424,SUCCESS,94046,0,warm20,1348224,16835688,0,25851776,,,,,12518,15550,used,,,,20260913-1758
2026-09-13 18:23:58,HAUSP-UB[noEUCS],C8T1S5I8N5K,70,1,0.000200,0.000,0.008,36402179,36097,6,491,498,3,0,0,2988010,44877,2878502,12511,0.000000,0.211474,0.222410,2518,0,655.38,2950892,2950789,2306,66504,SUCCESS,93936,0,warm20,1396480,17022200,0,26119040,,,,,12510,15571,used,,,,20260913-1758
2026-09-13 18:23:59,HAUSP-UB[noEUCS],C8T1S5I8N5K,71,1,0.000200,0.000,0.008,36796212,36478,6,491,498,3,0,0,2968682,44971,2859422,12535,0.000000,0.212026,0.222974,2562,0,655.38,2931558,2931476,2308,66586,SUCCESS,93668,0,warm20,1449984,17202968,0,26446976,,,,,12534,15591,used,,,,20260913-1758
2026-09-13 18:23:59,HAUSP-UB[noEUCS],C8T1S5I8N5K,72,1,0.000200,0.000,0.008,37177330,36859,6,496,503,3,0,0,2975203,45091,2866299,12476,0.000000,0.211687,0.222630,2519,0,655.38,2938060,2937964,2322,66669,SUCCESS,93247,0,warm20,1454848,17383608,0,26765952,,,,,12467,15648,used,,,,20260913-1758
2026-09-13 18:24:00,HAUSP-UB[noEUCS],C8T1S5I8N5K,73,1,0.000200,0.000,0.008,37549228,37240,6,503,510,3,0,0,3000004,45147,2891029,12487,0.000000,0.211191,0.222119,2480,0,657.94,2962859,2962809,2289,66711,SUCCESS,93345,0,warm20,1571840,17558472,0,26993536,,,,,12480,15623,used,,,,20260913-1758
2026-09-13 18:24:00,HAUSP-UB[noEUCS],C8T1S5I8N5K,74,1,0.000200,0.000,0.008,37929817,37621,6,506,513,3,0,0,2974123,45144,2865133,12530,0.000000,0.210855,0.221896,2451,0,657.94,2937055,2936972,2330,66770,SUCCESS,93489,0,warm20,1579136,17738584,0,27284736,,,,,12530,15501,used,,,,20260913-1758
2026-09-13 18:24:01,HAUSP-UB[noEUCS],C8T1S5I8N5K,75,1,0.000200,0.000,0.008,38317022,38002,6,523,530,3,0,0,3000233,45217,2890856,12553,0.000000,0.211156,0.222124,2489,0,665.30,2963155,2963065,2361,66853,SUCCESS,93850,0,warm20,1589632,17918928,0,27603584,,,,,12551,15525,used,,,,20260913-1758
2026-09-13 18:24:01,HAUSP-UB[noEUCS],C8T1S5I8N5K,76,1,0.000200,0.000,0.008,38681308,38383,6,528,534,3,0,0,3017024,45268,2907893,12527,0.000000,0.210600,0.221573,2455,0,665.30,2979927,2979886,2319,66900,SUCCESS,93615,0,warm20,1683200,18092920,0,27845888,,,,,12523,15512,used,,,,20260913-1758
2026-09-13 18:24:02,HAUSP-UB[noEUCS],C8T1S5I8N5K,77,1,0.000200,0.000,0.008,39054424,38764,6,525,532,3,0,0,2992386,45493,2883372,12390,0.000000,0.210584,0.221565,2481,0,665.30,2955313,2955241,2344,67000,SUCCESS,93343,0,warm20,1576576,18267208,0,28227200,,,,,12385,15666,used,,,,20260913-1758
2026-09-13 18:24:02,HAUSP-UB[noEUCS],C8T1S5I8N5K,78,1,0.000200,0.000,0.008,39411343,39145,6,526,533,3,0,0,2997085,45462,2888086,12522,0.000000,0.211543,0.222635,2527,0,672.77,2959907,2959866,2285,67045,SUCCESS,93356,0,warm20,1728768,18437224,0,28466176,,,,,12519,15640,used,,,,20260913-1758
2026-09-13 18:24:03,HAUSP-UB[noEUCS],C8T1S5I8N5K,79,1,0.000200,0.000,0.008,39780981,39526,6,536,542,3,0,0,3019115,45485,2909417,12514,0.000000,0.211343,0.222289,2581,0,672.77,2981960,2981912,2288,67071,SUCCESS,94101,0,warm20,1681664,18611288,0,28641152,,,,,12512,15595,used,,,,20260913-1758
2026-09-13 18:24:03,HAUSP-UB[noEUCS],C8T1S5I8N5K,80,1,0.000200,0.000,0.008,40169171,39907,6,542,549,3,0,0,3023846,45554,2914282,12516,0.000000,0.211643,0.222577,2552,0,672.77,2986695,2986648,2309,67109,SUCCESS,93929,0,warm20,1708928,18788752,0,28837888,,,,,12515,15634,used,,,,20260913-1758
2026-09-13 18:24:04,HAUSP-UB[noEUCS],C8T1S5I8N5K,81,1,0.000200,0.000,0.008,40555772,40288,6,540,547,3,0,0,3000226,45671,2890553,12470,0.000000,0.211267,0.222214,2574,0,672.77,2963159,2963034,2396,67220,SUCCESS,94043,0,warm20,1591552,18972952,0,29209728,,,,,12469,15629,used,,,,20260913-1758
2026-09-13 18:24:04,HAUSP-UB[noEUCS],C8T1S5I8N5K,82,1,0.000200,0.000,0.008,40937437,40669,6,548,555,3,0,0,2989773,45670,2880510,12492,0.000000,0.211200,0.222190,2542,0,673.94,2952587,2952555,2317,67255,SUCCESS,93627,0,warm20,1858304,19144488,0,29395584,,,,,12492,15636,used,,,,20260913-1758
2026-09-13 18:24:05,HAUSP-UB[noEUCS],C8T1S5I8N5K,83,1,0.000200,0.000,0.008,41314466,41050,6,545,552,3,0,0,2982716,45751,2873278,12474,0.000000,0.211025,0.222031,2516,0,680.65,2945527,2945440,2369,67320,SUCCESS,93753,0,warm20,1726208,19324552,0,29699328,,,,,12474,15685,used,,,,20260913-1758
2026-09-13 18:24:06,HAUSP-UB[noEUCS],C8T1S5I8N5K,84,1,0.000200,0.000,0.008,41724684,41431,6,553,560,3,0,0,2969560,45802,2860547,12472,0.000000,0.210757,0.221740,2489,0,680.65,2932417,2932331,2390,67395,SUCCESS,93388,0,warm20,1763840,19514248,0,29990272,,,,,12472,15625,used,,,,20260913-1758
2026-09-13 18:24:06,HAUSP-UB[noEUCS],C8T1S5I8N5K,85,1,0.000200,0.000,0.008,42093147,41812,6,560,566,3,0,0,2999620,45860,2890292,12469,0.000000,0.210801,0.221765,2440,0,680.65,2962326,2962295,2346,67434,SUCCESS,93569,0,warm20,1867776,19689608,0,30207360,,,,,12469,15759,used,,,,20260913-1758
2026-09-13 18:24:07,HAUSP-UB[noEUCS],C8T1S5I8N5K,86,1,0.000200,0.000,0.008,42494057,42193,6,566,572,3,0,0,3005483,45889,2895855,12525,0.000000,0.210856,0.221841,2493,0,680.65,2968139,2968024,2422,67521,SUCCESS,93827,0,warm20,1768064,19872936,0,30521728,,,,,12523,15799,used,,,,20260913-1758
2026-09-13 18:24:07,HAUSP-UB[noEUCS],C8T1S5I8N5K,87,1,0.000200,0.000,0.008,42876090,42574,6,570,577,3,0,0,2994743,45944,2885787,12530,0.000000,0.210168,0.221243,2433,0,687.52,2957469,2957392,2412,67597,SUCCESS,93258,0,warm20,1863936,20052296,0,30824960,,,,,12529,15697,used,,,,20260913-1758
2026-09-13 18:24:08,HAUSP-UB[noEUCS],C8T1S5I8N5K,88,1,0.000200,0.000,0.008,43249167,42955,6,572,579,3,0,0,2985938,45970,2877079,12600,0.000000,0.210380,0.221475,2454,0,687.52,2948715,2948627,2424,67682,SUCCESS,93263,0,warm20,1855232,20227840,0,31151744,,,,,12600,15596,used,,,,20260913-1758
2026-09-13 18:24:08,HAUSP-UB[noEUCS],C8T1S5I8N5K,89,1,0.000200,0.000,0.008,43639417,43336,6,575,582,3,0,0,2983326,45961,2874934,12637,0.000000,0.209871,0.221014,2455,0,687.52,2946109,2946057,2391,67702,SUCCESS,92895,0,warm20,2005888,20409200,0,31353728,,,,,12636,15496,used,,,,20260913-1758
2026-09-13 18:24:09,HAUSP-UB[noEUCS],C8T1S5I8N5K,90,1,0.000200,0.000,0.008,44032208,43717,6,575,582,3,0,0,2969383,46068,2861199,12584,0.000000,0.210232,0.221352,2451,0,689.94,2932215,2932148,2438,67767,SUCCESS,92649,0,warm20,1986944,20593424,0,31652736,,,,,12583,15534,used,,,,20260913-1758
2026-09-13 18:24:10,HAUSP-UB[noEUCS],C8T1S5I8N5K,91,1,0.000200,0.000,0.008,44399967,44098,6,583,590,3,0,0,2968667,46110,2860460,12598,0.000000,0.210198,0.221256,2431,0,696.79,2931564,2931541,2396,67788,SUCCESS,92760,0,warm20,2093824,20767320,0,31852800,,,,,12597,15446,used,,,,20260913-1758
2026-09-13 18:24:10,HAUSP-UB[noEUCS],C8T1S5I8N5K,92,1,0.000200,0.000,0.008,44779784,44479,6,586,593,3,0,0,2978948,46189,2871364,12544,0.000000,0.209645,0.220793,2415,0,696.79,2941790,2941741,2424,67819,SUCCESS,92025,0,warm20,2082560,20943960,0,32042880,,,,,12544,15559,used,,,,20260913-1758
2026-09-13 18:24:11,HAUSP-UB[noEUCS],C8T1S5I8N5K,93,1,0.000200,0.000,0.008,45163101,44860,6,590,597,3,0,0,2984915,46282,2877885,12546,0.000000,0.208900,0.220095,2417,0,697.57,2947870,2947769,2494,67932,SUCCESS,91522,0,warm20,1962752,21125472,0,32403584,,,,,12546,15508,used,,,,20260913-1758
2026-09-13 18:24:11,HAUSP-UB[noEUCS],C8T1S5I8N5K,94,1,0.000200,0.000,0.008,45537311,45241,6,588,594,3,0,0,2970732,46450,2863814,12490,0.000000,0.209324,0.220521,2509,0,697.57,2933701,2933607,2475,68026,SUCCESS,91369,0,warm20,1984896,21298872,0,32715904,,,,,12490,15549,used,,,,20260913-1758
2026-09-13 18:24:12,HAUSP-UB[noEUCS],C8T1S5I8N5K,95,1,0.000200,0.000,0.008,45914685,45622,6,593,600,3,0,0,2953804,46519,2847561,12452,0.000000,0.209073,0.220344,2472,0,704.28,2916694,2916677,2398,68068,SUCCESS,90640,0,warm20,2100096,21474952,0,32936192,,,,,12452,15603,used,,,,20260913-1758
2026-09-13 18:24:13,HAUSP-UB[noEUCS],C8T1S5I8N5K,96,1,0.000200,0.000,0.008,46297846,46003,6,607,613,3,0,0,2992114,46605,2884645,12436,0.000000,0.209667,0.220797,2565,0,704.28,2954864,2954793,2427,68126,SUCCESS,91681,0,warm20,2016896,21655168,0,33221632,,,,,12435,15787,used,,,,20260913-1758
2026-09-13 18:24:13,HAUSP-UB[noEUCS],C8T1S5I8N5K,97,1,0.000200,0.000,0.008,46661169,46384,6,622,628,3,0,0,3017834,46710,2910373,12382,0.000000,0.209211,0.220245,2642,0,704.28,2980601,2980556,2414,68169,SUCCESS,91643,0,warm20,2083200,21831016,0,33478400,,,,,12381,15817,used,,,,20260913-1758
2026-09-13 18:24:14,HAUSP-UB[noEUCS],C8T1S5I8N5K,98,1,0.000200,0.000,0.008,47042336,46765,6,624,630,3,0,0,3016952,46670,2909814,12464,0.000000,0.209268,0.220384,2654,0,704.28,2979695,2979623,2443,68191,SUCCESS,91379,0,warm20,2133760,22011424,0,33656832,,,,,12463,15758,used,,,,20260913-1758
2026-09-13 18:24:15,HAUSP-UB[noEUCS],C8T1S5I8N5K,99,1,0.000200,0.000,0.008,47416411,47133,6,628,635,3,0,0,3020056,46615,2913251,12578,0.000000,0.208598,0.219840,2623,0,712.79,2982806,2982747,2480,68240,SUCCESS,91130,0,warm20,2189696,22186560,0,33899264,,,,,12577,15674,used,,,,20260913-1758
2026-09-13 18:24:16,HAUSP-UB[noEUCS],C8T1S5I8N5K,0,2,0.000200,0.000,0.200,9488535,9427,160,489,649,57,0,0,4135735,29541,3966954,11833,0.000000,0.242125,0.250202,6075,0,478.79,4151415,4099103,52312,51042,SUCCESS,154920,0,warm20,200576,4438664,0,7045632,,,,,11833,13861,used,,,,20260913-1758
2026-09-13 18:24:16,HAUSP-UB[noEUCS],C8T1S5I8N5K,1,2,0.000200,0.000,0.008,9860531,9808,6,257,264,3,0,0,4238409,30066,4068514,12000,0.000000,0.237696,0.245698,5885,0,512.69,4203515,4202719,2066,51737,SUCCESS,155976,0,warm20,213248,4617128,0,7250816,,,,,11999,13918,used,,,,20260913-1758
2026-09-13 18:24:16,HAUSP-UB[noEUCS],C8T1S5I8N5K,2,2,0.000200,0.000,0.008,10237847,10189,6,244,250,3,0,0,4029071,30542,3865780,12194,0.000000,0.234296,0.242583,6216,0,514.06,3994038,3993454,1955,52280,SUCCESS,149453,0,warm20,215936,4791456,0,7437056,,,,,12194,13838,used,,,,20260913-1758
2026-09-13 18:24:16,HAUSP-UB[noEUCS],C8T1S5I8N5K,3,2,0.000200,0.000,0.008,10612071,10570,6,248,254,3,0,0,3863098,31048,3709561,12185,0.000000,0.228170,0.236997,5710,0,548.33,3827850,3827242,2020,52849,SUCCESS,139521,0,warm20,242560,4970664,0,7630336,,,,,12185,14016,used,,,,20260913-1758
2026-09-13 18:24:17,HAUSP-UB[noEUCS],C8T1S5I8N5K,4,2,0.000200,0.000,0.008,10998812,10951,6,246,252,3,0,0,3690408,31726,3543781,12109,0.000000,0.226342,0.235631,6197,0,582.43,3655021,3654406,2066,53454,SUCCESS,132363,0,warm20,233216,5152944,0,7843200,,,,,12109,14264,used,,,,20260913-1758
2026-09-13 18:24:17,HAUSP-UB[noEUCS],C8T1S5I8N5K,5,2,0.000200,0.000,0.008,11372679,11332,6,260,266,3,0,0,4031320,32155,3878587,12156,0.000000,0.226990,0.235812,7077,0,584.00,3995825,3995408,1878,53903,SUCCESS,138537,0,warm20,227328,5331472,0,8037760,,,,,12156,14196,used,,,,20260913-1758
2026-09-13 18:24:17,HAUSP-UB[noEUCS],C8T1S5I8N5K,6,2,0.000200,0.000,0.008,11751454,11713,6,265,272,3,0,0,3930089,32735,3778128,12153,0.000000,0.230918,0.239665,7171,0,585.64,3894740,3894207,1962,54412,SUCCESS,137779,0,warm20,234752,5510936,0,8258560,,,,,12152,14181,used,,,,20260913-1758
2026-09-13 18:24:18,HAUSP-UB[noEUCS],C8T1S5I8N5K,7,2,0.000200,0.000,0.008,12140855,12094,6,274,281,3,0,0,3868169,33178,3719918,12064,0.000000,0.228017,0.236853,7532,0,587.10,3832650,3832255,1848,54782,SUCCESS,133964,0,warm20,243840,5695640,0,8442240,,,,,12062,14285,used,,,,20260913-1758
2026-09-13 18:24:18,HAUSP-UB[noEUCS],C8T1S5I8N5K,8,2,0.000200,0.000,0.008,12513750,12475,6,295,301,3,0,0,4066264,33476,3918994,12090,0.000000,0.227410,0.236284,7536,0,588.23,4030685,4030253,1910,55144,SUCCESS,132994,0,warm20,143744,5871568,0,8609536,,,,,12087,14273,used,,,,20260913-1758
2026-09-13 18:24:18,HAUSP-UB[noEUCS],C8T1S5I8N5K,9,2,0.000200,0.000,0.008,12914821,12856,6,291,297,3,0,0,3981933,33876,3836791,12273,0.000000,0.226828,0.235741,6698,0,590.06,3946333,3945886,1995,55607,SUCCESS,130810,0,warm20,251008,6057256,0,8819968,,,,,12273,14332,used,,,,20260913-1758
2026-09-13 18:24:18,HAUSP-UB[noEUCS],C8T1S5I8N5K,10,2,0.000200,0.000,0.008,13305508,13237,6,290,296,3,0,0,3809438,34219,3667540,12117,0.000000,0.229812,0.238973,6517,0,591.47,3773698,3773313,1917,55958,SUCCESS,127546,0,warm20,287488,6243312,0,9014784,,,,,12117,14352,used,,,,20260913-1758
2026-09-13 18:24:19,HAUSP-UB[noEUCS],C8T1S5I8N5K,11,2,0.000200,0.000,0.008,13706693,13618,6,288,294,3,0,0,3706465,34549,3568713,12052,0.000000,0.227637,0.237020,6096,0,625.86,3670584,3670227,1923,56307,SUCCESS,123280,0,warm20,309760,6431616,0,9272192,,,,,12052,14472,used,,,,20260913-1758
2026-09-13 18:24:19,HAUSP-UB[noEUCS],C8T1S5I8N5K,12,2,0.000200,0.000,0.008,14085848,13999,6,289,295,3,0,0,3679038,35042,3541176,11982,0.000000,0.228250,0.237569,5787,0,628.03,3643224,3642790,2008,56710,SUCCESS,123312,0,warm20,332416,6610496,0,9532416,,,,,11981,14549,used,,,,20260913-1758
2026-09-13 18:24:19,HAUSP-UB[noEUCS],C8T1S5I8N5K,13,2,0.000200,0.000,0.008,14448564,14380,6,295,301,3,0,0,3685169,35392,3548208,12058,0.000000,0.227435,0.236863,5569,0,629.34,3649252,3648916,1941,57036,SUCCESS,122362,0,warm20,288128,6780176,0,9795968,,,,,12058,14599,used,,,,20260913-1758
2026-09-13 18:24:20,HAUSP-UB[noEUCS],C8T1S5I8N5K,14,2,0.000200,0.000,0.008,14856850,14761,6,304,311,3,0,0,3695825,35647,3560891,12053,0.000000,0.224811,0.234281,5314,0,630.78,3659825,3659547,1893,57288,SUCCESS,120323,0,warm20,325248,6962912,0,10048000,,,,,12053,14611,used,,,,20260913-1758
2026-09-13 18:24:20,HAUSP-UB[noEUCS],C8T1S5I8N5K,15,2,0.000200,0.000,0.008,15236031,15142,6,321,327,3,0,0,3736811,36097,3599709,12025,0.000000,0.228268,0.237569,5751,0,632.68,3700861,3700468,2034,57648,SUCCESS,122343,0,warm20,304256,7143944,0,10321792,,,,,12025,14759,used,,,,20260913-1758
2026-09-13 18:24:20,HAUSP-UB[noEUCS],C8T1S5I8N5K,16,2,0.000200,0.000,0.008,15637254,15523,6,322,328,3,0,0,3653004,36330,3519310,12122,0.000000,0.224966,0.234524,5143,0,667.36,3616902,3616564,2012,57975,SUCCESS,118910,0,warm20,350976,7330432,0,10595072,,,,,12122,14784,used,,,,20260913-1758
2026-09-13 18:24:21,HAUSP-UB[noEUCS],C8T1S5I8N5K,17,2,0.000200,0.000,0.008,16001183,15904,6,318,324,3,0,0,3584674,36591,3452999,12142,0.000000,0.222118,0.231765,4765,0,669.11,3548634,3548316,2003,58297,SUCCESS,117019,0,warm20,352384,7502376,0,10865280,,,,,12142,14656,used,,,,20260913-1758
2026-09-13 18:24:21,HAUSP-UB[noEUCS],C8T1S5I8N5K,18,2,0.000200,0.000,0.008,16376279,16285,6,324,331,3,0,0,3554274,36998,3425114,12206,0.000000,0.219953,0.229830,5394,0,670.83,3518158,3517779,2060,58646,SUCCESS,114343,0,warm20,334336,7678848,0,11153024,,,,,12206,14817,used,,,,20260913-1758
2026-09-13 18:24:21,HAUSP-UB[noEUCS],C8T1S5I8N5K,19,2,0.000200,0.000,0.008,16736060,16666,6,327,334,3,0,0,3519467,37220,3392345,12254,0.000000,0.218374,0.228370,5316,0,672.37,3483294,3483013,1992,58906,SUCCESS,112375,0,warm20,352640,7852504,0,11413888,,,,,12254,14747,used,,,,20260913-1758
2026-09-13 18:24:22,HAUSP-UB[noEUCS],C8T1S5I8N5K,20,2,0.000200,0.000,0.008,17118756,17047,6,331,337,3,0,0,3509776,37451,3382498,12522,0.000000,0.220278,0.230268,5733,0,673.88,3473655,3473371,2016,59174,SUCCESS,112611,0,warm20,332928,8034672,0,11680000,,,,,12521,14666,used,,,,20260913-1758
2026-09-13 18:24:22,HAUSP-UB[noEUCS],C8T1S5I8N5K,21,2,0.000200,0.000,0.008,17469367,17428,6,329,335,3,0,0,3454869,37715,3328396,12413,0.000000,0.222887,0.232929,5511,0,676.08,3418615,3418318,2045,59428,SUCCESS,111678,0,warm20,368768,8202512,0,11938048,,,,,12413,14795,used,,,,20260913-1758
2026-09-13 18:24:22,HAUSP-UB[noEUCS],C8T1S5I8N5K,22,2,0.000200,0.000,0.008,17882077,17809,6,340,346,3,0,0,3460044,37908,3332727,12509,0.000000,0.228367,0.238388,5460,0,677.37,3423875,3423574,2092,59702,SUCCESS,112668,0,warm20,365952,8385152,0,12226688,,,,,12509,14649,used,,,,20260913-1758
2026-09-13 18:24:23,HAUSP-UB[noEUCS],C8T1S5I8N5K,23,2,0.000200,0.000,0.008,18263919,18190,6,335,341,3,0,0,3402420,38130,3275700,12394,0.000000,0.229087,0.239104,5224,0,678.92,3366031,3365910,1939,59827,SUCCESS,111903,0,warm20,403584,8557848,0,12460288,,,,,12394,14817,used,,,,20260913-1758
2026-09-13 18:24:23,HAUSP-UB[noEUCS],C8T1S5I8N5K,24,2,0.000200,0.000,0.008,18657262,18571,6,339,346,3,0,0,3373818,38368,3248386,12432,0.000000,0.227734,0.237792,4981,0,714.52,3337381,3337198,1997,60028,SUCCESS,110454,0,warm20,419968,8733584,0,12736128,,,,,12432,14978,used,,,,20260913-1758
2026-09-13 18:24:23,HAUSP-UB[noEUCS],C8T1S5I8N5K,25,2,0.000200,0.000,0.008,19053088,18952,6,340,346,3,0,0,3327525,38559,3201895,12496,0.000000,0.225591,0.235706,4603,0,715.84,3291034,3290843,1987,60238,SUCCESS,110608,0,warm20,385536,8910952,0,13007104,,,,,12496,15022,used,,,,20260913-1758
2026-09-13 18:24:24,HAUSP-UB[noEUCS],C8T1S5I8N5K,26,2,0.000200,0.000,0.008,19437911,19333,6,338,344,3,0,0,3256685,38748,3133247,12583,0.000000,0.223253,0.233469,4467,0,751.20,3220150,3219880,2047,60491,SUCCESS,108392,0,warm20,403072,9094976,0,13320704,,,,,12582,15045,used,,,,20260913-1758
2026-09-13 18:24:24,HAUSP-UB[noEUCS],C8T1S5I8N5K,27,2,0.000200,0.000,0.008,19822113,19714,6,343,349,3,0,0,3314915,39076,3191201,12549,0.000000,0.224955,0.235073,4548,0,753.27,3278379,3278077,2096,60769,SUCCESS,108593,0,warm20,412416,9274248,0,13613952,,,,,12549,15121,used,,,,20260913-1758
2026-09-13 18:24:24,HAUSP-UB[noEUCS],C8T1S5I8N5K,28,2,0.000200,0.000,0.008,20208654,20095,6,348,354,3,0,0,3243778,39402,3120720,12538,0.000000,0.224785,0.234919,4279,0,788.48,3207110,3206864,2064,61018,SUCCESS,107757,0,warm20,407296,9458160,0,13920256,,,,,12538,15301,used,,,,20260913-1758
2026-09-13 18:24:25,HAUSP-UB[noEUCS],C8T1S5I8N5K,29,2,0.000200,0.000,0.008,20585609,20476,6,343,350,3,0,0,3234399,39513,3112640,12587,0.000000,0.224005,0.234200,4122,0,789.79,3197632,3197453,1994,61192,SUCCESS,106496,0,warm20,393472,9636608,0,14199552,,,,,12586,15262,used,,,,20260913-1758
2026-09-13 18:24:25,HAUSP-UB[noEUCS],C8T1S5I8N5K,30,2,0.000200,0.000,0.008,20988516,20857,6,347,353,3,0,0,3198475,39644,3075810,12740,0.000000,0.221895,0.232057,3896,0,791.88,3161737,3161505,2052,61432,SUCCESS,107475,0,warm20,381184,9820600,0,14485632,,,,,12740,15190,used,,,,20260913-1758
2026-09-13 18:24:26,HAUSP-UB[noEUCS],C8T1S5I8N5K,31,2,0.000200,0.000,0.008,21379871,21238,6,352,358,3,0,0,3209268,39803,3087841,12701,0.000000,0.220593,0.230843,3722,0,793.72,3172582,3172396,1998,61610,SUCCESS,106369,0,warm20,413440,10003416,0,14787840,,,,,12700,15057,used,,,,20260913-1758
2026-09-13 18:24:26,HAUSP-UB[noEUCS],C8T1S5I8N5K,32,2,0.000200,0.000,0.008,21758395,21619,6,361,367,3,0,0,3260579,39943,3138701,12691,0.000000,0.218774,0.228937,3512,0,795.01,3223800,3223649,1971,61749,SUCCESS,106766,0,warm20,411264,10180208,0,15039104,,,,,12691,15112,used,,,,20260913-1758
2026-09-13 18:24:26,HAUSP-UB[noEUCS],C8T1S5I8N5K,33,2,0.000200,0.000,0.008,22151372,22000,6,381,388,3,0,0,3235624,40143,3115077,12563,0.000000,0.218520,0.228787,3756,0,796.87,3198723,3198533,2022,61916,SUCCESS,105252,0,warm20,283136,10365864,0,15339904,,,,,12563,15295,used,,,,20260913-1758
2026-09-13 18:24:27,HAUSP-UB[noEUCS],C8T1S5I8N5K,34,2,0.000200,0.000,0.008,22537156,22381,6,371,377,3,0,0,3203569,40324,3083502,12559,0.000000,0.219333,0.229724,3758,0,526.07,3166733,3166602,1986,62067,SUCCESS,104823,0,warm20,440320,10544520,0,15614592,,,,,12559,15244,used,,,,20260913-1758
2026-09-13 18:24:27,HAUSP-UB[noEUCS],C8T1S5I8N5K,35,2,0.000200,0.000,0.008,22909920,22762,6,383,390,3,0,0,3219613,40414,3099159,12660,0.000000,0.222019,0.232317,3731,0,526.07,3182786,3182621,2000,62225,SUCCESS,105280,0,warm20,313856,10721192,0,15883520,,,,,12660,15174,used,,,,20260913-1758
2026-09-13 18:24:27,HAUSP-UB[noEUCS],C8T1S5I8N5K,36,2,0.000200,0.000,0.008,23320068,23143,6,383,389,3,0,0,3180782,40715,3060605,12522,0.000000,0.220600,0.230807,3641,0,526.07,3143885,3143726,2001,62410,SUCCESS,104788,0,warm20,302848,10905520,0,16189568,,,,,12520,15387,used,,,,20260913-1758
2026-09-13 18:24:28,HAUSP-UB[noEUCS],C8T1S5I8N5K,37,2,0.000200,0.000,0.008,23698370,23524,6,380,387,3,0,0,3160315,40903,3041404,12491,0.000000,0.219310,0.229596,3515,0,526.07,3123362,3123183,1995,62569,SUCCESS,103461,0,warm20,311808,11082248,0,16484480,,,,,12487,15446,used,,,,20260913-1758
2026-09-13 18:24:28,HAUSP-UB[noEUCS],C8T1S5I8N5K,38,2,0.000200,0.000,0.008,24100790,23905,6,388,395,3,0,0,3154813,41080,3036941,12535,0.000000,0.217467,0.227800,3291,0,560.78,3117779,3117523,2092,62797,SUCCESS,102326,0,warm20,453632,11268248,0,16805120,,,,,12534,15545,used,,,,20260913-1758
2026-09-13 18:24:29,HAUSP-UB[noEUCS],C8T1S5I8N5K,39,2,0.000200,0.000,0.008,24494244,24286,6,389,396,3,0,0,3129912,41284,3013295,12520,0.000000,0.214483,0.224958,3104,0,597.22,3092720,3092546,2038,62974,SUCCESS,100937,0,warm20,468736,11458160,0,17115648,,,,,12519,15679,used,,,,20260913-1758
2026-09-13 18:24:29,HAUSP-UB[noEUCS],C8T1S5I8N5K,40,2,0.000200,0.000,0.008,24862589,24667,6,385,392,3,0,0,3140346,41495,3023989,12514,0.000000,0.214408,0.224859,2983,0,599.57,3103195,3102981,2075,63177,SUCCESS,100684,0,warm20,304768,11634336,0,17433216,,,,,12513,15672,used,,,,20260913-1758
2026-09-13 18:24:29,HAUSP-UB[noEUCS],C8T1S5I8N5K,41,2,0.000200,0.000,0.008,25264734,25048,6,390,396,3,0,0,3131159,41648,3014910,12545,0.000000,0.214067,0.224497,2906,0,606.11,3093967,3093809,2030,63275,SUCCESS,100584,0,warm20,400128,11818840,0,17648768,,,,,12543,15663,used,,,,20260913-1758
2026-09-13 18:24:30,HAUSP-UB[noEUCS],C8T1S5I8N5K,42,2,0.000200,0.000,0.008,25654120,25429,6,397,403,3,0,0,3145122,41796,3028987,12548,0.000000,0.213467,0.223934,2835,0,606.11,3108011,3107852,2091,63431,SUCCESS,100499,0,warm20,429696,12004304,0,17956352,,,,,12544,15632,used,,,,20260913-1758
2026-09-13 18:24:30,HAUSP-UB[noEUCS],C8T1S5I8N5K,43,2,0.000200,0.000,0.008,26046150,25810,6,412,418,3,0,0,3189390,41872,3073101,12582,0.000000,0.212566,0.223110,2897,0,606.11,3152286,3152105,2116,63605,SUCCESS,100742,0,warm20,427648,12185704,0,18269184,,,,,12580,15545,used,,,,20260913-1758
2026-09-13 18:24:31,HAUSP-UB[noEUCS],C8T1S5I8N5K,44,2,0.000200,0.000,0.008,26432947,26191,6,415,421,3,0,0,3207492,42011,3090666,12643,0.000000,0.213256,0.223705,2697,0,606.11,3170376,3170197,2121,63728,SUCCESS,101303,0,warm20,500992,12366504,0,18550272,,,,,12642,15522,used,,,,20260913-1758
2026-09-13 18:24:31,HAUSP-UB[noEUCS],C8T1S5I8N5K,45,2,0.000200,0.000,0.008,26847057,26572,6,424,430,3,0,0,3217238,42143,3100434,12645,0.000000,0.212103,0.222663,2736,0,612.58,3180120,3179962,2156,63890,SUCCESS,101271,0,warm20,530560,12559136,0,18834304,,,,,12645,15533,used,,,,20260913-1758
2026-09-13 18:24:32,HAUSP-UB[noEUCS],C8T1S5I8N5K,46,2,0.000200,0.000,0.008,27199889,26953,6,430,437,3,0,0,3248264,42374,3130912,12509,0.000000,0.212747,0.223209,2876,0,612.58,3211138,3210966,2166,64016,SUCCESS,101741,0,warm20,579200,12727040,0,19084928,,,,,12508,15610,used,,,,20260913-1758
2026-09-13 18:24:32,HAUSP-UB[noEUCS],C8T1S5I8N5K,47,2,0.000200,0.000,0.008,27579163,27334,6,441,447,3,0,0,3235063,42552,3117991,12422,0.000000,0.212044,0.222432,2901,0,612.93,3197912,3197819,2133,64116,SUCCESS,101384,0,warm20,675200,12903296,0,19304960,,,,,12421,15687,used,,,,20260913-1758
2026-09-13 18:24:32,HAUSP-UB[noEUCS],C8T1S5I8N5K,48,2,0.000200,0.000,0.008,27972766,27715,6,448,455,3,0,0,3251196,42713,3133537,12422,0.000000,0.212883,0.223201,2982,0,615.57,3214122,3214025,2130,64227,SUCCESS,101987,0,warm20,671232,13086704,0,19561728,,,,,12421,15671,used,,,,20260913-1758
2026-09-13 18:24:33,HAUSP-UB[noEUCS],C8T1S5I8N5K,49,2,0.000200,0.000,0.008,28365723,28096,6,456,463,3,0,0,3295566,42855,3178308,12289,0.000000,0.213413,0.223660,3165,0,615.57,3258512,3258395,2136,64339,SUCCESS,101576,0,warm20,669056,13267080,0,19825280,,,,,12289,15682,used,,,,20260913-1758
2026-09-13 18:24:33,HAUSP-UB[noEUCS],C8T1S5I8N5K,50,2,0.000200,0.000,0.008,28747973,28477,6,459,465,3,0,0,3269457,42932,3152721,12298,0.000000,0.212932,0.223195,3190,0,622.05,3232516,3232374,2166,64450,SUCCESS,101201,0,warm20,683264,13443056,0,20066304,,,,,12297,15534,used,,,,20260913-1758
2026-09-13 18:24:34,HAUSP-UB[noEUCS],C8T1S5I8N5K,51,2,0.000200,0.000,0.008,29148674,28858,6,464,471,3,0,0,3276097,43118,3159602,12243,0.000000,0.213432,0.223667,3606,0,622.05,3239165,3239047,2173,64555,SUCCESS,100894,0,warm20,736384,13626880,0,20320000,,,,,12242,15600,used,,,,20260913-1758
2026-09-13 18:24:34,HAUSP-UB[noEUCS],C8T1S5I8N5K,52,2,0.000200,0.000,0.008,29538239,29239,6,460,466,3,0,0,3217502,43208,3101756,12292,0.000000,0.213133,0.223470,3511,0,622.05,3180516,3180391,2193,64675,SUCCESS,100107,0,warm20,746368,13810048,0,20578432,,,,,12292,15639,used,,,,20260913-1758
2026-09-13 18:24:35,HAUSP-UB[noEUCS],C8T1S5I8N5K,53,2,0.000200,0.000,0.008,29906147,29620,6,463,470,3,0,0,3205179,43291,3089338,12296,0.000000,0.212974,0.223325,3391,0,622.05,3168187,3168088,2172,64767,SUCCESS,100233,0,warm20,789760,13984888,0,20815744,,,,,12296,15608,used,,,,20260913-1758
2026-09-13 18:24:35,HAUSP-UB[noEUCS],C8T1S5I8N5K,54,2,0.000200,0.000,0.008,30291495,30001,6,464,470,3,0,0,3165000,43343,3049827,12365,0.000000,0.212301,0.222748,3264,0,628.56,3127901,3127821,2160,64847,SUCCESS,99498,0,warm20,822784,14163112,0,21028992,,,,,12365,15675,used,,,,20260913-1758
2026-09-13 18:24:36,HAUSP-UB[noEUCS],C8T1S5I8N5K,55,2,0.000200,0.000,0.008,30683235,30382,6,465,471,3,0,0,3162725,43457,3048061,12312,0.000000,0.211595,0.222085,3174,0,628.91,3125627,3125535,2172,64932,SUCCESS,98955,0,warm20,825728,14345792,0,21280640,,,,,12311,15708,used,,,,20260913-1758
2026-09-13 18:24:36,HAUSP-UB[noEUCS],C8T1S5I8N5K,56,2,0.000200,0.000,0.008,31050500,30763,6,468,475,3,0,0,3149171,43445,3035338,12393,0.000000,0.211427,0.222059,3135,0,628.91,3112137,3112090,2134,64986,SUCCESS,98283,0,warm20,876032,14522416,0,21491584,,,,,12390,15547,used,,,,20260913-1758
2026-09-13 18:24:37,HAUSP-UB[noEUCS],C8T1S5I8N5K,57,2,0.000200,0.000,0.008,31397327,31144,6,466,473,3,0,0,3112336,43545,2999377,12410,0.000000,0.211145,0.221871,3034,0,631.57,3075314,3075225,2169,65101,SUCCESS,97375,0,warm20,812032,14690744,0,21776000,,,,,12407,15581,used,,,,20260913-1758
2026-09-13 18:24:37,HAUSP-UB[noEUCS],C8T1S5I8N5K,58,2,0.000200,0.000,0.008,31771532,31525,6,463,470,3,0,0,3070626,43605,2958413,12443,0.000000,0.211496,0.222327,3040,0,631.57,3033561,3033424,2191,65215,SUCCESS,96641,0,warm20,810112,14869360,0,22065408,,,,,12440,15569,used,,,,20260913-1758
2026-09-13 18:24:38,HAUSP-UB[noEUCS],C8T1S5I8N5K,59,2,0.000200,0.000,0.008,32144335,31906,6,468,474,3,0,0,3079660,43782,2967321,12411,0.000000,0.211165,0.221901,2918,0,638.05,3042636,3042503,2210,65347,SUCCESS,96748,0,warm20,838656,15042672,0,22418560,,,,,12411,15591,used,,,,20260913-1758
2026-09-13 18:24:38,HAUSP-UB[noEUCS],C8T1S5I8N5K,60,2,0.000200,0.000,0.008,32548859,32287,6,480,486,3,0,0,3106366,43917,2993290,12379,0.000000,0.211540,0.222233,3066,0,638.05,3069324,3069182,2220,65446,SUCCESS,97464,0,warm20,925824,15228392,0,22734336,,,,,12379,15612,used,,,,20260913-1758
2026-09-13 18:24:39,HAUSP-UB[noEUCS],C8T1S5I8N5K,61,2,0.000200,0.000,0.008,32946105,32668,6,483,489,3,0,0,3083896,44023,2970087,12399,0.000000,0.212110,0.222752,3028,0,638.07,3046833,3046736,2218,65531,SUCCESS,98168,0,warm20,1067392,15410552,0,23026304,,,,,12398,15640,used,,,,20260913-1758
2026-09-13 18:24:39,HAUSP-UB[noEUCS],C8T1S5I8N5K,62,2,0.000200,0.000,0.008,33335321,33049,6,485,491,3,0,0,3067050,44197,2953564,12381,0.000000,0.212629,0.223201,2938,0,644.77,3030021,3029883,2271,65674,SUCCESS,97791,0,warm20,1001344,15588880,0,23430528,,,,,12381,15695,used,,,,20260913-1758
2026-09-13 18:24:40,HAUSP-UB[noEUCS],C8T1S5I8N5K,63,2,0.000200,0.000,0.008,33722190,33430,6,490,497,3,0,0,3076035,44261,2962670,12419,0.000000,0.213888,0.224489,2955,0,644.77,3038886,3038743,2271,65779,SUCCESS,97628,0,warm20,1085696,15770696,0,23750784,,,,,12418,15736,used,,,,20260913-1758
2026-09-13 18:24:40,HAUSP-UB[noEUCS],C8T1S5I8N5K,64,2,0.000200,0.000,0.008,34102757,33811,6,492,498,3,0,0,3045452,44338,2932790,12457,0.000000,0.213898,0.224623,2871,0,644.77,3008360,3008238,2288,65908,SUCCESS,97009,0,warm20,1129344,15945592,0,24113792,,,,,12455,15651,used,,,,20260913-1758
2026-09-13 18:24:41,HAUSP-UB[noEUCS],C8T1S5I8N5K,65,2,0.000200,0.000,0.008,34480042,34192,6,494,501,3,0,0,3020261,44403,2907701,12536,0.000000,0.213480,0.224156,2789,0,647.57,2983168,2983057,2270,66026,SUCCESS,96971,0,warm20,1347072,16120688,0,24486528,,,,,12535,15588,used,,,,20260913-1758
2026-09-13 18:24:41,HAUSP-UB[noEUCS],C8T1S5I8N5K,66,2,0.000200,0.000,0.008,34856177,34573,6,492,499,3,0,0,2984712,44545,2872828,12479,0.000000,0.213336,0.224117,2698,0,653.93,2947532,2947398,2286,66152,SUCCESS,96184,0,warm20,1310720,16294448,0,24858240,,,,,12478,15699,used,,,,20260913-1758
2026-09-13 18:24:42,HAUSP-UB[noEUCS],C8T1S5I8N5K,67,2,0.000200,0.000,0.008,35248911,34954,6,494,501,3,0,0,2987301,44587,2876195,12547,0.000000,0.212368,0.223206,2620,0,653.93,2950171,2950054,2277,66264,SUCCESS,95541,0,warm20,1197568,16481344,0,25242880,,,,,12547,15565,used,,,,20260913-1758
2026-09-13 18:24:42,HAUSP-UB[noEUCS],C8T1S5I8N5K,68,2,0.000200,0.000,0.008,35625465,35335,6,493,500,3,0,0,2960247,44764,2849497,12463,0.000000,0.212246,0.223025,2554,0,654.27,2923156,2923049,2272,66366,SUCCESS,95159,0,warm20,1239552,16657608,0,25582848,,,,,12463,15591,used,,,,20260913-1758
2026-09-13 18:24:43,HAUSP-UB[noEUCS],C8T1S5I8N5K,69,2,0.000200,0.000,0.008,36012354,35716,6,495,501,3,0,0,2931204,44781,2821608,12518,0.000000,0.211519,0.222519,2554,0,654.27,2894069,2893978,2261,66424,SUCCESS,94046,0,warm20,1348224,16835688,0,25851776,,,,,12518,15550,used,,,,20260913-1758
2026-09-13 18:24:43,HAUSP-UB[noEUCS],C8T1S5I8N5K,70,2,0.000200,0.000,0.008,36402179,36097,6,500,506,3,0,0,2988010,44877,2878502,12511,0.000000,0.211474,0.222410,2518,0,660.65,2950892,2950789,2306,66504,SUCCESS,93936,0,warm20,1396480,17022200,0,26119040,,,,,12510,15571,used,,,,20260913-1758
2026-09-13 18:24:44,HAUSP-UB[noEUCS],C8T1S5I8N5K,71,2,0.000200,0.000,0.008,36796212,36478,6,500,507,3,0,0,2968682,44971,2859422,12535,0.000000,0.212026,0.222974,2562,0,660.65,2931558,2931476,2308,66586,SUCCESS,93668,0,warm20,1449984,17202968,0,26446976,,,,,12534,15591,used,,,,20260913-1758
2026-09-13 18:24:44,HAUSP-UB[noEUCS],C8T1S5I8N5K,72,2,0.000200,0.000,0.008,37177330,36859,6,504,510,3,0,0,2975203,45091,2866299,12476,0.000000,0.211687,0.222630,2519,0,660.65,2938060,2937964,2322,66669,SUCCESS,93247,0,warm20,1454848,17383608,0,26765952,,,,,12467,15648,used,,,,20260913-1758
2026-09-13 18:24:45,HAUSP-UB[noEUCS],C8T1S5I8N5K,73,2,0.000200,0.000,0.008,37549228,37240,6,514,520,3,0,0,3000004,45147,2891029,12487,0.000000,0.211191,0.222119,2480,0,663.57,2962859,2962809,2289,66711,SUCCESS,93345,0,warm20,1571840,17558472,0,26993536,,,,,12480,15623,used,,,,20260913-1758
2026-09-13 18:24:45,HAUSP-UB[noEUCS],C8T1S5I8N5K,74,2,0.000200,0.000,0.008,37929817,37621,6,513,520,3,0,0,2974123,45144,2865133,12530,0.000000,0.210855,0.221896,2451,0,663.57,2937055,2936972,2330,66770,SUCCESS,93489,0,warm20,1579136,17738584,0,27284736,,,,,12530,15501,used,,,,20260913-1758
2026-09-13 18:24:46,HAUSP-UB[noEUCS],C8T1S5I8N5K,75,2,0.000200,0.000,0.008,38317022,38002,6,528,534,3,0,0,3000233,45217,2890856,12553,0.000000,0.211156,0.222124,2489,0,670.61,2963155,2963065,2361,66853,SUCCESS,93850,0,warm20,1589632,17918928,0,27603584,,,,,12551,15525,used,,,,20260913-1758
2026-09-13 18:24:46,HAUSP-UB[noEUCS],C8T1S5I8N5K,76,2,0.000200,0.000,0.008,38681308,38383,6,529,536,3,0,0,3017024,45268,2907893,12527,0.000000,0.210600,0.221573,2455,0,670.96,2979927,2979886,2319,66900,SUCCESS,93615,0,warm20,1683200,18092920,0,27845888,,,,,12523,15512,used,,,,20260913-1758
2026-09-13 18:24:47,HAUSP-UB[noEUCS],C8T1S5I8N5K,77,2,0.000200,0.000,0.008,39054424,38764,6,530,536,3,0,0,2992386,45493,2883372,12390,0.000000,0.210584,0.221565,2481,0,670.96,2955313,2955241,2344,67000,SUCCESS,93343,0,warm20,1576576,18267208,0,28227200,,,,,12385,15666,used,,,,20260913-1758
2026-09-13 18:24:47,HAUSP-UB[noEUCS],C8T1S5I8N5K,78,2,0.000200,0.000,0.008,39411343,39145,6,535,541,3,0,0,2997085,45462,2888086,12522,0.000000,0.211543,0.222635,2527,0,677.32,2959907,2959866,2285,67045,SUCCESS,93356,0,warm20,1638016,18437224,0,28466176,,,,,12519,15640,used,,,,20260913-1758
2026-09-13 18:24:48,HAUSP-UB[noEUCS],C8T1S5I8N5K,79,2,0.000200,0.000,0.008,39780981,39526,6,546,553,3,0,0,3019115,45485,2909417,12514,0.000000,0.211343,0.222289,2581,0,677.32,2981960,2981912,2288,67071,SUCCESS,94101,0,warm20,1681664,18611288,0,28641152,,,,,12512,15595,used,,,,20260913-1758
2026-09-13 18:24:48,HAUSP-UB[noEUCS],C8T1S5I8N5K,80,2,0.000200,0.000,0.008,40169171,39907,6,553,560,3,0,0,3023846,45554,2914282,12516,0.000000,0.211643,0.222577,2552,0,677.32,2986695,2986648,2309,67109,SUCCESS,93929,0,warm20,1708928,18788752,0,28837888,,,,,12515,15634,used,,,,20260913-1758
2026-09-13 18:24:49,HAUSP-UB[noEUCS],C8T1S5I8N5K,81,2,0.000200,0.000,0.008,40555772,40288,6,551,558,3,0,0,3000226,45671,2890553,12470,0.000000,0.211267,0.222214,2574,0,677.32,2963159,2963034,2396,67220,SUCCESS,94043,0,warm20,1591552,18972952,0,29209728,,,,,12469,15629,used,,,,20260913-1758
2026-09-13 18:24:50,HAUSP-UB[noEUCS],C8T1S5I8N5K,82,2,0.000200,0.000,0.008,40937437,40669,6,558,565,3,0,0,2989773,45670,2880510,12492,0.000000,0.211200,0.222190,2542,0,679.57,2952587,2952555,2317,67255,SUCCESS,93627,0,warm20,1784576,19144488,0,29395584,,,,,12492,15636,used,,,,20260913-1758
2026-09-13 18:24:50,HAUSP-UB[noEUCS],C8T1S5I8N5K,83,2,0.000200,0.000,0.008,41314466,41050,6,557,564,3,0,0,2982716,45751,2873278,12474,0.000000,0.211025,0.222031,2516,0,686.28,2945527,2945440,2369,67320,SUCCESS,93753,0,warm20,1917440,19324552,0,29699328,,,,,12474,15685,used,,,,20260913-1758
2026-09-13 18:24:51,HAUSP-UB[noEUCS],C8T1S5I8N5K,84,2,0.000200,0.000,0.008,41724684,41431,6,560,566,3,0,0,2969560,45802,2860547,12472,0.000000,0.210757,0.221740,2489,0,686.28,2932417,2932331,2390,67395,SUCCESS,93388,0,warm20,1763840,19514248,0,29990272,,,,,12472,15625,used,,,,20260913-1758
2026-09-13 18:24:51,HAUSP-UB[noEUCS],C8T1S5I8N5K,85,2,0.000200,0.000,0.008,42093147,41812,6,571,578,3,0,0,2999620,45860,2890292,12469,0.000000,0.210801,0.221765,2440,0,686.28,2962326,2962295,2346,67434,SUCCESS,93569,0,warm20,1867776,19689608,0,30207360,,,,,12469,15759,used,,,,20260913-1758
2026-09-13 18:24:52,HAUSP-UB[noEUCS],C8T1S5I8N5K,86,2,0.000200,0.000,0.008,42494057,42193,6,573,580,3,0,0,3005483,45889,2895855,12525,0.000000,0.210856,0.221841,2493,0,686.28,2968139,2968024,2422,67521,SUCCESS,93827,0,warm20,1768064,19872936,0,30521728,,,,,12523,15799,used,,,,20260913-1758
2026-09-13 18:24:52,HAUSP-UB[noEUCS],C8T1S5I8N5K,87,2,0.000200,0.000,0.008,42876090,42574,6,580,586,3,0,0,2994743,45944,2885787,12530,0.000000,0.210168,0.221243,2433,0,692.80,2957469,2957392,2412,67597,SUCCESS,93258,0,warm20,1863936,20052296,0,30824960,,,,,12529,15697,used,,,,20260913-1758
2026-09-13 18:24:53,HAUSP-UB[noEUCS],C8T1S5I8N5K,88,2,0.000200,0.000,0.008,43249167,42955,6,580,586,3,0,0,2985938,45970,2877079,12600,0.000000,0.210380,0.221475,2454,0,692.80,2948715,2948627,2424,67682,SUCCESS,93263,0,warm20,1855232,20227840,0,31151744,,,,,12600,15596,used,,,,20260913-1758
2026-09-13 18:24:54,HAUSP-UB[noEUCS],C8T1S5I8N5K,89,2,0.000200,0.000,0.008,43639417,43336,6,584,591,3,0,0,2983326,45961,2874934,12637,0.000000,0.209871,0.221014,2455,0,693.15,2946109,2946057,2391,67702,SUCCESS,92895,0,warm20,2005888,20409200,0,31353728,,,,,12636,15496,used,,,,20260913-1758
2026-09-13 18:24:54,HAUSP-UB[noEUCS],C8T1S5I8N5K,90,2,0.000200,0.000,0.008,44032208,43717,6,585,592,3,0,0,2969383,46068,2861199,12584,0.000000,0.210232,0.221352,2451,0,695.57,2932215,2932148,2438,67767,SUCCESS,92649,0,warm20,1986944,20593424,0,31652736,,,,,12583,15534,used,,,,20260913-1758
2026-09-13 18:24:55,HAUSP-UB[noEUCS],C8T1S5I8N5K,91,2,0.000200,0.000,0.008,44399967,44098,6,593,599,3,0,0,2968667,46110,2860460,12598,0.000000,0.210198,0.221256,2431,0,701.93,2931564,2931541,2396,67788,SUCCESS,92760,0,warm20,2093824,20767320,0,31852800,,,,,12597,15446,used,,,,20260913-1758
2026-09-13 18:24:55,HAUSP-UB[noEUCS],C8T1S5I8N5K,92,2,0.000200,0.000,0.008,44779784,44479,6,593,600,3,0,0,2978948,46189,2871364,12544,0.000000,0.209645,0.220793,2415,0,701.93,2941790,2941741,2424,67819,SUCCESS,92025,0,warm20,2082560,20943960,0,32042880,,,,,12544,15559,used,,,,20260913-1758
2026-09-13 18:24:56,HAUSP-UB[noEUCS],C8T1S5I8N5K,93,2,0.000200,0.000,0.008,45163101,44860,6,595,601,3,0,0,2984915,46282,2877885,12546,0.000000,0.208900,0.220095,2417,0,701.93,2947870,2947769,2494,67932,SUCCESS,91522,0,warm20,1962752,21125472,0,32403584,,,,,12546,15508,used,,,,20260913-1758
2026-09-13 18:24:57,HAUSP-UB[noEUCS],C8T1S5I8N5K,94,2,0.000200,0.000,0.008,45537311,45241,6,598,604,3,0,0,2970732,46450,2863814,12490,0.000000,0.209324,0.220521,2509,0,701.93,2933701,2933607,2475,68026,SUCCESS,91369,0,warm20,1984896,21298872,0,32715904,,,,,12490,15549,used,,,,20260913-1758
2026-09-13 18:24:57,HAUSP-UB[noEUCS],C8T1S5I8N5K,95,2,0.000200,0.000,0.008,45914685,45622,6,602,608,3,0,0,2953804,46519,2847561,12452,0.000000,0.209073,0.220344,2472,0,708.37,2916694,2916677,2398,68068,SUCCESS,90640,0,warm20,2100096,21474952,0,32936192,,,,,12452,15603,used,,,,20260913-1758
2026-09-13 18:24:58,HAUSP-UB[noEUCS],C8T1S5I8N5K,96,2,0.000200,0.000,0.008,46297846,46003,6,616,622,3,0,0,2992114,46605,2884645,12436,0.000000,0.209667,0.220797,2565,0,708.40,2954864,2954793,2427,68126,SUCCESS,91681,0,warm20,2016896,21655168,0,33221632,,,,,12435,15787,used,,,,20260913-1758
2026-09-13 18:24:59,HAUSP-UB[noEUCS],C8T1S5I8N5K,97,2,0.000200,0.000,0.008,46661169,46384,6,630,637,3,0,0,3017834,46710,2910373,12382,0.000000,0.209211,0.220245,2642,0,708.75,2980601,2980556,2414,68169,SUCCESS,91643,0,warm20,2083200,21831016,0,33478400,,,,,12381,15817,used,,,,20260913-1758
2026-09-13 18:24:59,HAUSP-UB[noEUCS],C8T1S5I8N5K,98,2,0.000200,0.000,0.008,47042336,46765,6,631,638,3,0,0,3016952,46670,2909814,12464,0.000000,0.209268,0.220384,2654,0,711.57,2979695,2979623,2443,68191,SUCCESS,91379,0,warm20,2286976,22011424,0,33656832,,,,,12463,15758,used,,,,20260913-1758
2026-09-13 18:25:00,HAUSP-UB[noEUCS],C8T1S5I8N5K,99,2,0.000200,0.000,0.008,47416411,47133,6,640,647,3,0,0,3020056,46615,2913251,12578,0.000000,0.208598,0.219840,2623,0,717.93,2982806,2982747,2480,68240,SUCCESS,91130,0,warm20,2310528,22186560,0,33899264,,,,,12577,15674,used,,,,20260913-1758
