# run_id=20260905-0336 git=de94c3a jvm=26.0.1 heap=24g host=ThaiTMs-MacBook-Pro.local tree=clean cmd=--exp 7 --dataset syn_c8t1s5i8n5k,leviathan --k 10 --repeats 3 --repeats-min-seconds 10 --results-dir results-2026-09 --timeout 90 --resume
Timestamp,Algorithm,Dataset,BatchID,RunIndex,MinUtil,mu,DeltaRatio,TotalDBUtil,CumulativeDBSize,tScan(ms),tMining(ms),tTotal(ms),tLayer1(ms),tLayer2(ms),tLayer3(ms),Cand,PrunedL1(SWU),PrunedL2(IAUUB),PrunedL3(MFUUB),TightnessPEAU,TightnessIAUUB,TightnessMFUUB,HAUSP,SHAUS,MemPeak(MB),PoolBorrows,PoolReuses,PoolPeakLive,AudulActive,Status,Recursed,ArmOrder,Schedule,PoolBytes,FlatBytes,EucsBytes,AudulRootBytes,RescanTriggered,BufferUtil,BufferTested,SafetyBound,PrunedL3Node,PrunedL1Root,MemMode,MemLive(MB),MemRetained(MB),GcForced,RunID
2026-09-05 03:36:20,HAUSP-UB,LEVIATHAN,0,0,0.003000,0.000,0.100,1405752,583,41,172,214,7,15,6,1545747,1782,1528200,1225,0.000000,0.340966,0.352914,3596,0,359.05,1546960,1543830,3130,2510,SUCCESS,16113,0,equal,1673728,599424,295015684,603648,,,,,360,569,used,,,,20260905-0336
2026-09-05 03:36:21,HAUSP-UB,LEVIATHAN,1,0,0.003000,0.000,0.100,2833171,1166,4,230,234,0,11,6,2192133,3333,2173480,1214,0.000000,0.363978,0.376474,4440,0,368.65,2192362,2190826,2156,4038,SUCCESS,17202,0,equal,3305728,1192704,295015684,2772352,,,,,357,594,used,,,,20260905-0336
2026-09-05 03:36:21,HAUSP-UB,LEVIATHAN,2,0,0.003000,0.000,0.100,4269015,1749,194,620,815,1,23,8,3127387,4297,3105605,1393,0.000000,0.358347,0.370489,4970,0,565.66,3127046,3126144,1530,4961,SUCCESS,20095,0,equal,5161472,1834880,8520496,6537216,,,,,306,600,used,,,,20260905-0336
2026-09-05 03:36:22,HAUSP-UB,LEVIATHAN,3,0,0.003000,0.000,0.100,5742029,2332,19,624,644,0,18,9,4030364,5060,4005126,1637,0.000000,0.369428,0.382278,5965,0,567.83,4029919,4029131,1395,5731,SUCCESS,23380,0,equal,0,2485664,16909104,12238208,,,,,323,544,used,,,,20260905-0336
2026-09-05 03:36:23,HAUSP-UB,LEVIATHAN,4,0,0.003000,0.000,0.100,7187071,2915,5,842,848,0,21,9,4726157,5754,4698659,1726,0.000000,0.370008,0.382503,6373,0,275.87,4725638,4724961,1302,6413,SUCCESS,25535,0,equal,9662336,3129504,16909104,19980288,,,,,305,542,used,,,,20260905-0336
2026-09-05 03:36:24,HAUSP-UB,LEVIATHAN,5,0,0.003000,0.000,0.100,8655898,3498,8,1022,1031,1,22,10,5067872,6468,5040244,1659,0.000000,0.371106,0.383258,6387,0,301.70,5067390,5066651,1359,7137,SUCCESS,25753,0,equal,12196096,3784224,16945488,30082816,,,,,321,537,used,,,,20260905-0336
2026-09-05 03:36:25,HAUSP-UB,LEVIATHAN,6,0,0.003000,0.000,0.100,10094142,4081,6,1196,1202,0,23,10,5340196,7007,5312569,1711,0.000000,0.368765,0.381408,6384,0,330.25,5339509,5338955,1189,7683,SUCCESS,25679,0,equal,14200832,4438656,16945488,42040448,,,,,320,557,used,,,,20260905-0336
2026-09-05 03:36:26,HAUSP-UB,LEVIATHAN,7,0,0.003000,0.000,0.100,11406844,4664,6,1341,1347,0,24,10,5503713,7425,5476314,1738,0.000000,0.365936,0.378513,6281,0,359.45,5502923,5502487,1079,8110,SUCCESS,25454,0,equal,17928192,5049280,16945488,52693504,,,,,325,532,used,,,,20260905-0336
2026-09-05 03:36:28,HAUSP-UB,LEVIATHAN,8,0,0.003000,0.000,0.100,12722726,5247,6,1528,1535,0,25,10,5813226,7806,5785152,1782,0.000000,0.364166,0.376967,6322,0,389.11,5812378,5811995,1035,8491,SUCCESS,26073,0,equal,21225472,5670080,33722704,64259968,,,,,325,544,used,,,,20260905-0336
2026-09-05 03:36:30,HAUSP-UB,LEVIATHAN,9,0,0.003000,0.000,0.100,14156241,5834,6,1823,1829,0,47,10,5958464,8336,5929969,1777,0.000000,0.366961,0.379732,6511,0,427.87,5957750,5957216,1188,9025,SUCCESS,26495,0,equal,21857280,6312032,33754736,83074560,,,,,336,559,used,,,,20260905-0336
2026-09-05 03:36:30,HAUSP-UB,LEVIATHAN,0,1,0.003000,0.000,0.100,1405752,583,33,137,170,0,10,6,1545747,1782,1528200,1225,0.000000,0.340966,0.352914,3596,0,358.58,1546960,1543830,3130,2510,SUCCESS,16113,0,equal,1673728,599424,295015684,603648,,,,,360,569,used,,,,20260905-0336
2026-09-05 03:36:31,HAUSP-UB,LEVIATHAN,1,1,0.003000,0.000,0.100,2833171,1166,1,230,232,0,11,6,2192133,3333,2173480,1214,0.000000,0.363978,0.376474,4440,0,367.90,2192362,2190826,2156,4038,SUCCESS,17202,0,equal,3305728,1192704,295015684,2772352,,,,,357,594,used,,,,20260905-0336
2026-09-05 03:36:31,HAUSP-UB,LEVIATHAN,2,1,0.003000,0.000,0.100,4269015,1749,24,430,455,0,27,7,3127387,4297,3105605,1393,0.000000,0.358347,0.370489,4970,0,565.85,3127046,3126144,1530,4961,SUCCESS,20095,0,equal,5267968,1834880,8520496,6537216,,,,,306,600,used,,,,20260905-0336
2026-09-05 03:36:32,HAUSP-UB,LEVIATHAN,3,1,0.003000,0.000,0.100,5742029,2332,6,642,648,0,34,9,4030364,5060,4005126,1637,0.000000,0.369428,0.382278,5965,0,568.15,4029919,4029131,1395,5731,SUCCESS,23380,0,equal,0,2485664,16909104,12238208,,,,,323,544,used,,,,20260905-0336
2026-09-05 03:36:33,HAUSP-UB,LEVIATHAN,4,1,0.003000,0.000,0.100,7187071,2915,7,876,883,1,39,9,4726157,5754,4698659,1726,0.000000,0.370008,0.382503,6373,0,275.56,4725638,4724961,1302,6413,SUCCESS,25535,0,equal,9662336,3129504,16909104,19980288,,,,,305,542,used,,,,20260905-0336
2026-09-05 03:36:34,HAUSP-UB,LEVIATHAN,5,1,0.003000,0.000,0.100,8655898,3498,6,1064,1071,0,42,10,5067872,6468,5040244,1659,0.000000,0.371106,0.383258,6387,0,301.20,5067390,5066651,1359,7137,SUCCESS,25753,0,equal,12196096,3784224,16945488,30082816,,,,,321,537,used,,,,20260905-0336
2026-09-05 03:36:35,HAUSP-UB,LEVIATHAN,6,1,0.003000,0.000,0.100,10094142,4081,6,1224,1230,0,43,10,5340196,7007,5312569,1711,0.000000,0.368765,0.381408,6384,0,329.09,5339509,5338955,1189,7683,SUCCESS,25679,0,equal,14200832,4438656,16945488,42040448,,,,,320,557,used,,,,20260905-0336
2026-09-05 03:36:36,HAUSP-UB,LEVIATHAN,7,1,0.003000,0.000,0.100,11406844,4664,6,1367,1373,0,44,9,5503713,7425,5476314,1738,0.000000,0.365936,0.378513,6281,0,357.74,5502923,5502487,1079,8110,SUCCESS,25454,0,equal,17928192,5049280,16945488,52693504,,,,,325,532,used,,,,20260905-0336
2026-09-05 03:36:38,HAUSP-UB,LEVIATHAN,8,1,0.003000,0.000,0.100,12722726,5247,6,1568,1575,0,46,10,5813226,7806,5785152,1782,0.000000,0.364166,0.376967,6322,0,387.24,5812378,5811995,1035,8491,SUCCESS,26073,0,equal,21225472,5670080,33722704,64259968,,,,,325,544,used,,,,20260905-0336
2026-09-05 03:36:40,HAUSP-UB,LEVIATHAN,9,1,0.003000,0.000,0.100,14156241,5834,6,1762,1768,0,48,10,5958464,8336,5929969,1777,0.000000,0.366961,0.379732,6511,0,388.91,5957750,5957216,1188,9025,SUCCESS,26495,0,equal,2768896,6312032,33754736,83074560,,,,,336,559,used,,,,20260905-0336
2026-09-05 03:36:40,HAUSP-UB,LEVIATHAN,0,2,0.003000,0.000,0.100,1405752,583,32,137,169,0,10,6,1545747,1782,1528200,1225,0.000000,0.340966,0.352914,3596,0,358.62,1546960,1543830,3130,2510,SUCCESS,16113,0,equal,1673728,599424,295015684,603648,,,,,360,569,used,,,,20260905-0336
2026-09-05 03:36:41,HAUSP-UB,LEVIATHAN,1,2,0.003000,0.000,0.100,2833171,1166,1,229,230,0,11,6,2192133,3333,2173480,1214,0.000000,0.363978,0.376474,4440,0,366.92,2192362,2190826,2156,4038,SUCCESS,17202,0,equal,3305728,1192704,295015684,2772352,,,,,357,594,used,,,,20260905-0336
2026-09-05 03:36:41,HAUSP-UB,LEVIATHAN,2,2,0.003000,0.000,0.100,4269015,1749,25,423,449,0,26,7,3127387,4297,3105605,1393,0.000000,0.358347,0.370489,4970,0,565.97,3127046,3126144,1530,4961,SUCCESS,20095,0,equal,3952128,1834880,8520496,6537216,,,,,306,600,used,,,,20260905-0336
2026-09-05 03:36:42,HAUSP-UB,LEVIATHAN,3,2,0.003000,0.000,0.100,5742029,2332,6,640,646,0,33,9,4030364,5060,4005126,1637,0.000000,0.369428,0.382278,5965,0,581.92,4029919,4029131,1395,5731,SUCCESS,23380,0,equal,6415488,2485664,16909104,12238208,,,,,323,544,used,,,,20260905-0336
2026-09-05 03:36:43,HAUSP-UB,LEVIATHAN,4,2,0.003000,0.000,0.100,7187071,2915,6,871,878,0,39,10,4726157,5754,4698659,1726,0.000000,0.370008,0.382503,6373,0,603.11,4725638,4724961,1302,6413,SUCCESS,25535,0,equal,9662336,3129504,16909104,19980288,,,,,305,542,used,,,,20260905-0336
2026-09-05 03:36:44,HAUSP-UB,LEVIATHAN,5,2,0.003000,0.000,0.100,8655898,3498,6,1057,1063,0,42,10,5067872,6468,5040244,1659,0.000000,0.371106,0.383258,6387,0,629.94,5067390,5066651,1359,7137,SUCCESS,25753,0,equal,12196096,3784224,16945488,30082816,,,,,321,537,used,,,,20260905-0336
2026-09-05 03:36:45,HAUSP-UB,LEVIATHAN,6,2,0.003000,0.000,0.100,10094142,4081,6,1225,1232,0,43,10,5340196,7007,5312569,1711,0.000000,0.368765,0.381408,6384,0,654.71,5339509,5338955,1189,7683,SUCCESS,25679,0,equal,13205504,4438656,16945488,42040448,,,,,320,557,used,,,,20260905-0336
2026-09-05 03:36:46,HAUSP-UB,LEVIATHAN,7,2,0.003000,0.000,0.100,11406844,4664,6,1371,1378,0,44,10,5503713,7425,5476314,1738,0.000000,0.365936,0.378513,6281,0,683.11,5502923,5502487,1079,8110,SUCCESS,25454,0,equal,17625088,5049280,16945488,52693504,,,,,325,532,used,,,,20260905-0336
2026-09-05 03:36:48,HAUSP-UB,LEVIATHAN,8,2,0.003000,0.000,0.100,12722726,5247,6,1568,1574,0,47,10,5813226,7806,5785152,1782,0.000000,0.364166,0.376967,6322,0,713.62,5812378,5811995,1035,8491,SUCCESS,26073,0,equal,20324352,5670080,33722704,64259968,,,,,325,544,used,,,,20260905-0336
2026-09-05 03:36:50,HAUSP-UB,LEVIATHAN,9,2,0.003000,0.000,0.100,14156241,5834,6,1753,1759,0,48,10,5958464,8336,5929969,1777,0.000000,0.366961,0.379732,6511,0,754.35,5957750,5957216,1188,9025,SUCCESS,26495,0,equal,21857280,6312032,33754736,83074560,,,,,336,559,used,,,,20260905-0336
2026-09-05 03:36:50,HAUSP-UB,LEVIATHAN,0,3,0.003000,0.000,0.100,1405752,583,28,137,166,0,10,6,1545747,1782,1528200,1225,0.000000,0.340966,0.352914,3596,0,358.28,1546960,1543830,3130,2510,SUCCESS,16113,0,equal,1673728,599424,295015684,603648,,,,,360,569,used,,,,20260905-0336
2026-09-05 03:36:50,HAUSP-UB,LEVIATHAN,1,3,0.003000,0.000,0.100,2833171,1166,1,229,231,0,11,6,2192133,3333,2173480,1214,0.000000,0.363978,0.376474,4440,0,366.41,2192362,2190826,2156,4038,SUCCESS,17202,0,equal,3184896,1192704,295015684,2772352,,,,,357,594,used,,,,20260905-0336
2026-09-05 03:36:51,HAUSP-UB,LEVIATHAN,2,3,0.003000,0.000,0.100,4269015,1749,24,427,451,0,27,7,3127387,4297,3105605,1393,0.000000,0.358347,0.370489,4970,0,569.16,3127046,3126144,1530,4961,SUCCESS,20095,0,equal,3952128,1834880,8520496,6537216,,,,,306,600,used,,,,20260905-0336
2026-09-05 03:36:52,HAUSP-UB,LEVIATHAN,3,3,0.003000,0.000,0.100,5742029,2332,6,644,650,0,34,9,4030364,5060,4005126,1637,0.000000,0.369428,0.382278,5965,0,585.11,4029919,4029131,1395,5731,SUCCESS,23380,0,equal,6415488,2485664,16909104,12238208,,,,,323,544,used,,,,20260905-0336
2026-09-05 03:36:52,HAUSP-UB,LEVIATHAN,4,3,0.003000,0.000,0.100,7187071,2915,6,876,882,0,39,10,4726157,5754,4698659,1726,0.000000,0.370008,0.382503,6373,0,601.11,4725638,4724961,1302,6413,SUCCESS,25535,0,equal,7395200,3129504,16909104,19980288,,,,,305,542,used,,,,20260905-0336
2026-09-05 03:36:53,HAUSP-UB,LEVIATHAN,5,3,0.003000,0.000,0.100,8655898,3498,6,1063,1069,0,42,10,5067872,6468,5040244,1659,0.000000,0.371106,0.383258,6387,0,633.11,5067390,5066651,1359,7137,SUCCESS,25753,0,equal,12196096,3784224,16945488,30082816,,,,,321,537,used,,,,20260905-0336
2026-09-05 03:36:55,HAUSP-UB,LEVIATHAN,6,3,0.003000,0.000,0.100,10094142,4081,6,1233,1240,0,43,10,5340196,7007,5312569,1711,0.000000,0.368765,0.381408,6384,0,657.89,5339509,5338955,1189,7683,SUCCESS,25679,0,equal,13205504,4438656,16945488,42040448,,,,,320,557,used,,,,20260905-0336
2026-09-05 03:36:56,HAUSP-UB,LEVIATHAN,7,3,0.003000,0.000,0.100,11406844,4664,6,1379,1385,0,45,10,5503713,7425,5476314,1738,0.000000,0.365936,0.378513,6281,0,682.66,5502923,5502487,1079,8110,SUCCESS,25454,0,equal,17625088,5049280,16945488,52693504,,,,,325,532,used,,,,20260905-0336
2026-09-05 03:36:58,HAUSP-UB,LEVIATHAN,8,3,0.003000,0.000,0.100,12722726,5247,6,1577,1583,0,47,10,5813226,7806,5785152,1782,0.000000,0.364166,0.376967,6322,0,713.15,5812378,5811995,1035,8491,SUCCESS,26073,0,equal,18956288,5670080,33722704,64259968,,,,,325,544,used,,,,20260905-0336
2026-09-05 03:36:59,HAUSP-UB,LEVIATHAN,9,3,0.003000,0.000,0.100,14156241,5834,6,1772,1779,0,48,10,5958464,8336,5929969,1777,0.000000,0.366961,0.379732,6511,0,753.89,5957750,5957216,1188,9025,SUCCESS,26495,0,equal,20448256,6312032,33754736,83074560,,,,,336,559,used,,,,20260905-0336
2026-09-05 03:37:00,HAUSP-UB,LEVIATHAN,0,4,0.003000,0.000,0.100,1405752,583,32,137,170,0,10,6,1545747,1782,1528200,1225,0.000000,0.340966,0.352914,3596,0,358.54,1546960,1543830,3130,2510,SUCCESS,16113,0,equal,1673728,599424,295015684,603648,,,,,360,569,used,,,,20260905-0336
2026-09-05 03:37:00,HAUSP-UB,LEVIATHAN,1,4,0.003000,0.000,0.100,2833171,1166,1,230,232,0,11,6,2192133,3333,2173480,1214,0.000000,0.363978,0.376474,4440,0,366.96,2192362,2190826,2156,4038,SUCCESS,17202,0,equal,3305728,1192704,295015684,2772352,,,,,357,594,used,,,,20260905-0336
2026-09-05 03:37:01,HAUSP-UB,LEVIATHAN,2,4,0.003000,0.000,0.100,4269015,1749,24,424,449,0,27,7,3127387,4297,3105605,1393,0.000000,0.358347,0.370489,4970,0,565.21,3127046,3126144,1530,4961,SUCCESS,20095,0,equal,5267968,1834880,8520496,6537216,,,,,306,600,used,,,,20260905-0336
2026-09-05 03:37:01,HAUSP-UB,LEVIATHAN,3,4,0.003000,0.000,0.100,5742029,2332,6,642,648,0,34,9,4030364,5060,4005126,1637,0.000000,0.369428,0.382278,5965,0,566.89,4029919,4029131,1395,5731,SUCCESS,23380,0,equal,0,2485664,16909104,12238208,,,,,323,544,used,,,,20260905-0336
2026-09-05 03:37:02,HAUSP-UB,LEVIATHAN,4,4,0.003000,0.000,0.100,7187071,2915,6,868,875,0,39,10,4726157,5754,4698659,1726,0.000000,0.370008,0.382503,6373,0,274.86,4725638,4724961,1302,6413,SUCCESS,25535,0,equal,9662336,3129504,16909104,19980288,,,,,305,542,used,,,,20260905-0336
2026-09-05 03:37:03,HAUSP-UB,LEVIATHAN,5,4,0.003000,0.000,0.100,8655898,3498,6,1053,1060,0,41,10,5067872,6468,5040244,1659,0.000000,0.371106,0.383258,6387,0,300.37,5067390,5066651,1359,7137,SUCCESS,25753,0,equal,12196096,3784224,16945488,30082816,,,,,321,537,used,,,,20260905-0336
2026-09-05 03:37:05,HAUSP-UB,LEVIATHAN,6,4,0.003000,0.000,0.100,10094142,4081,6,1222,1228,0,43,10,5340196,7007,5312569,1711,0.000000,0.368765,0.381408,6384,0,328.36,5339509,5338955,1189,7683,SUCCESS,25679,0,equal,14200832,4438656,16945488,42040448,,,,,320,557,used,,,,20260905-0336
2026-09-05 03:37:06,HAUSP-UB,LEVIATHAN,7,4,0.003000,0.000,0.100,11406844,4664,5,1367,1374,0,44,9,5503713,7425,5476314,1738,0.000000,0.365936,0.378513,6281,0,356.79,5502923,5502487,1079,8110,SUCCESS,25454,0,equal,17928192,5049280,16945488,52693504,,,,,325,532,used,,,,20260905-0336
2026-09-05 03:37:08,HAUSP-UB,LEVIATHAN,8,4,0.003000,0.000,0.100,12722726,5247,6,1566,1572,0,47,10,5813226,7806,5785152,1782,0.000000,0.364166,0.376967,6322,0,386.34,5812378,5811995,1035,8491,SUCCESS,26073,0,equal,21225472,5670080,33722704,64259968,,,,,325,544,used,,,,20260905-0336
2026-09-05 03:37:09,HAUSP-UB,LEVIATHAN,9,4,0.003000,0.000,0.100,14156241,5834,6,1771,1777,0,52,10,5958464,8336,5929969,1777,0.000000,0.366961,0.379732,6511,0,387.94,5957750,5957216,1188,9025,SUCCESS,26495,0,equal,2768896,6312032,33754736,83074560,,,,,336,559,used,,,,20260905-0336
2026-09-05 03:37:10,HAUSP-UB,LEVIATHAN,0,5,0.003000,0.000,0.100,1405752,583,32,137,170,0,10,7,1545747,1782,1528200,1225,0.000000,0.340966,0.352914,3596,0,358.73,1546960,1543830,3130,2510,SUCCESS,16113,0,equal,1673728,599424,295015684,603648,,,,,360,569,used,,,,20260905-0336
2026-09-05 03:37:10,HAUSP-UB,LEVIATHAN,1,5,0.003000,0.000,0.100,2833171,1166,1,230,231,0,11,6,2192133,3333,2173480,1214,0.000000,0.363978,0.376474,4440,0,366.86,2192362,2190826,2156,4038,SUCCESS,17202,0,equal,3184896,1192704,295015684,2772352,,,,,357,594,used,,,,20260905-0336
2026-09-05 03:37:11,HAUSP-UB,LEVIATHAN,2,5,0.003000,0.000,0.100,4269015,1749,24,421,446,0,26,7,3127387,4297,3105605,1393,0.000000,0.358347,0.370489,4970,0,570.06,3127046,3126144,1530,4961,SUCCESS,20095,0,equal,4782592,1834880,8520496,6537216,,,,,306,600,used,,,,20260905-0336
2026-09-05 03:37:11,HAUSP-UB,LEVIATHAN,3,5,0.003000,0.000,0.100,5742029,2332,5,638,644,0,34,9,4030364,5060,4005126,1637,0.000000,0.369428,0.382278,5965,0,586.00,4029919,4029131,1395,5731,SUCCESS,23380,0,equal,6415488,2485664,16909104,12238208,,,,,323,544,used,,,,20260905-0336
2026-09-05 03:37:12,HAUSP-UB,LEVIATHAN,4,5,0.003000,0.000,0.100,7187071,2915,6,870,876,0,39,9,4726157,5754,4698659,1726,0.000000,0.370008,0.382503,6373,0,602.00,4725638,4724961,1302,6413,SUCCESS,25535,0,equal,7395200,3129504,16909104,19980288,,,,,305,542,used,,,,20260905-0336
2026-09-05 03:37:13,HAUSP-UB,LEVIATHAN,5,5,0.003000,0.000,0.100,8655898,3498,6,1053,1060,0,41,10,5067872,6468,5040244,1659,0.000000,0.371106,0.383258,6387,0,626.33,5067390,5066651,1359,7137,SUCCESS,25753,0,equal,8901888,3784224,16945488,30082816,,,,,321,537,used,,,,20260905-0336
2026-09-05 03:37:14,HAUSP-UB,LEVIATHAN,6,5,0.003000,0.000,0.100,10094142,4081,6,1219,1226,0,43,10,5340196,7007,5312569,1711,0.000000,0.368765,0.381408,6384,0,658.32,5339509,5338955,1189,7683,SUCCESS,25679,0,equal,13205504,4438656,16945488,42040448,,,,,320,557,used,,,,20260905-0336
2026-09-05 03:37:16,HAUSP-UB,LEVIATHAN,7,5,0.003000,0.000,0.100,11406844,4664,6,1370,1376,0,45,10,5503713,7425,5476314,1738,0.000000,0.365936,0.378513,6281,0,682.63,5502923,5502487,1079,8110,SUCCESS,25454,0,equal,17928192,5049280,16945488,52693504,,,,,325,532,used,,,,20260905-0336
2026-09-05 03:37:17,HAUSP-UB,LEVIATHAN,8,5,0.003000,0.000,0.100,12722726,5247,6,1569,1575,0,47,10,5813226,7806,5785152,1782,0.000000,0.364166,0.376967,6322,0,714.03,5812378,5811995,1035,8491,SUCCESS,26073,0,equal,18956288,5670080,33722704,64259968,,,,,325,544,used,,,,20260905-0336
2026-09-05 03:37:19,HAUSP-UB,LEVIATHAN,9,5,0.003000,0.000,0.100,14156241,5834,6,1751,1758,0,48,10,5958464,8336,5929969,1777,0.000000,0.366961,0.379732,6511,0,754.33,5957750,5957216,1188,9025,SUCCESS,26495,0,equal,20448256,6312032,33754736,83074560,,,,,336,559,used,,,,20260905-0336
2026-09-05 03:37:20,HAUSP-UB,LEVIATHAN,0,6,0.003000,0.000,0.100,1405752,583,30,134,165,0,10,6,1545747,1782,1528200,1225,0.000000,0.340966,0.352914,3596,0,358.37,1546960,1543830,3130,2510,SUCCESS,16113,0,equal,1673728,599424,295015684,603648,,,,,360,569,used,,,,20260905-0336
2026-09-05 03:37:20,HAUSP-UB,LEVIATHAN,1,6,0.003000,0.000,0.100,2833171,1166,1,230,231,0,11,6,2192133,3333,2173480,1214,0.000000,0.363978,0.376474,4440,0,366.50,2192362,2190826,2156,4038,SUCCESS,17202,0,equal,3184896,1192704,295015684,2772352,,,,,357,594,used,,,,20260905-0336
2026-09-05 03:37:20,HAUSP-UB,LEVIATHAN,2,6,0.003000,0.000,0.100,4269015,1749,24,423,448,0,26,7,3127387,4297,3105605,1393,0.000000,0.358347,0.370489,4970,0,570.28,3127046,3126144,1530,4961,SUCCESS,20095,0,equal,3952128,1834880,8520496,6537216,,,,,306,600,used,,,,20260905-0336
2026-09-05 03:37:21,HAUSP-UB,LEVIATHAN,3,6,0.003000,0.000,0.100,5742029,2332,6,641,648,0,34,9,4030364,5060,4005126,1637,0.000000,0.369428,0.382278,5965,0,586.22,4029919,4029131,1395,5731,SUCCESS,23380,0,equal,6415488,2485664,16909104,12238208,,,,,323,544,used,,,,20260905-0336
2026-09-05 03:37:22,HAUSP-UB,LEVIATHAN,4,6,0.003000,0.000,0.100,7187071,2915,6,869,876,0,39,10,4726157,5754,4698659,1726,0.000000,0.370008,0.382503,6373,0,603.78,4725638,4724961,1302,6413,SUCCESS,25535,0,equal,9367424,3129504,16909104,19980288,,,,,305,542,used,,,,20260905-0336
2026-09-05 03:37:23,HAUSP-UB,LEVIATHAN,5,6,0.003000,0.000,0.100,8655898,3498,6,1055,1061,0,41,10,5067872,6468,5040244,1659,0.000000,0.371106,0.383258,6387,0,634.22,5067390,5066651,1359,7137,SUCCESS,25753,0,equal,11501824,3784224,16945488,30082816,,,,,321,537,used,,,,20260905-0336
2026-09-05 03:37:24,HAUSP-UB,LEVIATHAN,6,6,0.003000,0.000,0.100,10094142,4081,6,1219,1226,0,43,10,5340196,7007,5312569,1711,0.000000,0.368765,0.381408,6384,0,659.00,5339509,5338955,1189,7683,SUCCESS,25679,0,equal,11915264,4438656,16945488,42040448,,,,,320,557,used,,,,20260905-0336
2026-09-05 03:37:26,HAUSP-UB,LEVIATHAN,7,6,0.003000,0.000,0.100,11406844,4664,6,1366,1372,0,44,10,5503713,7425,5476314,1738,0.000000,0.365936,0.378513,6281,0,691.03,5502923,5502487,1079,8110,SUCCESS,25454,0,equal,17625088,5049280,16945488,52693504,,,,,325,532,used,,,,20260905-0336
2026-09-05 03:37:27,HAUSP-UB,LEVIATHAN,8,6,0.003000,0.000,0.100,12722726,5247,6,1568,1574,0,47,10,5813226,7806,5785152,1782,0.000000,0.364166,0.376967,6322,0,715.78,5812378,5811995,1035,8491,SUCCESS,26073,0,equal,21225472,5670080,33722704,64259968,,,,,325,544,used,,,,20260905-0336
2026-09-05 03:37:29,HAUSP-UB,LEVIATHAN,9,6,0.003000,0.000,0.100,14156241,5834,6,1753,1760,0,48,10,5958464,8336,5929969,1777,0.000000,0.366961,0.379732,6511,0,755.01,5957750,5957216,1188,9025,SUCCESS,26495,0,equal,20448256,6312032,33754736,83074560,,,,,336,559,used,,,,20260905-0336
2026-09-05 03:37:30,HAUSP-UB,LEVIATHAN,0,7,0.003000,0.000,0.100,1405752,583,29,137,167,0,10,6,1545747,1782,1528200,1225,0.000000,0.340966,0.352914,3596,0,358.64,1546960,1543830,3130,2510,SUCCESS,16113,0,equal,1673728,599424,295015684,603648,,,,,360,569,used,,,,20260905-0336
2026-09-05 03:37:30,HAUSP-UB,LEVIATHAN,1,7,0.003000,0.000,0.100,2833171,1166,1,229,231,0,11,6,2192133,3333,2173480,1214,0.000000,0.363978,0.376474,4440,0,367.05,2192362,2190826,2156,4038,SUCCESS,17202,0,equal,3305728,1192704,295015684,2772352,,,,,357,594,used,,,,20260905-0336
2026-09-05 03:37:30,HAUSP-UB,LEVIATHAN,2,7,0.003000,0.000,0.100,4269015,1749,24,427,452,0,27,7,3127387,4297,3105605,1393,0.000000,0.358347,0.370489,4970,0,565.29,3127046,3126144,1530,4961,SUCCESS,20095,0,equal,5267968,1834880,8520496,6537216,,,,,306,600,used,,,,20260905-0336
2026-09-05 03:37:31,HAUSP-UB,LEVIATHAN,3,7,0.003000,0.000,0.100,5742029,2332,6,640,646,0,34,9,4030364,5060,4005126,1637,0.000000,0.369428,0.382278,5965,0,566.99,4029919,4029131,1395,5731,SUCCESS,23380,0,equal,0,2485664,16909104,12238208,,,,,323,544,used,,,,20260905-0336
2026-09-05 03:37:32,HAUSP-UB,LEVIATHAN,4,7,0.003000,0.000,0.100,7187071,2915,6,868,874,0,39,10,4726157,5754,4698659,1726,0.000000,0.370008,0.382503,6373,0,274.63,4725638,4724961,1302,6413,SUCCESS,25535,0,equal,9662336,3129504,16909104,19980288,,,,,305,542,used,,,,20260905-0336
2026-09-05 03:37:33,HAUSP-UB,LEVIATHAN,5,7,0.003000,0.000,0.100,8655898,3498,6,1055,1061,0,41,10,5067872,6468,5040244,1659,0.000000,0.371106,0.383258,6387,0,300.14,5067390,5066651,1359,7137,SUCCESS,25753,0,equal,12196096,3784224,16945488,30082816,,,,,321,537,used,,,,20260905-0336
2026-09-05 03:37:34,HAUSP-UB,LEVIATHAN,6,7,0.003000,0.000,0.100,10094142,4081,6,1221,1227,0,43,10,5340196,7007,5312569,1711,0.000000,0.368765,0.381408,6384,0,327.97,5339509,5338955,1189,7683,SUCCESS,25679,0,equal,14200832,4438656,16945488,42040448,,,,,320,557,used,,,,20260905-0336
2026-09-05 03:37:35,HAUSP-UB,LEVIATHAN,7,7,0.003000,0.000,0.100,11406844,4664,6,1368,1374,0,44,9,5503713,7425,5476314,1738,0.000000,0.365936,0.378513,6281,0,356.60,5502923,5502487,1079,8110,SUCCESS,25454,0,equal,17928192,5049280,16945488,52693504,,,,,325,532,used,,,,20260905-0336
2026-09-05 03:37:37,HAUSP-UB,LEVIATHAN,8,7,0.003000,0.000,0.100,12722726,5247,6,1571,1577,0,47,10,5813226,7806,5785152,1782,0.000000,0.364166,0.376967,6322,0,386.01,5812378,5811995,1035,8491,SUCCESS,26073,0,equal,21225472,5670080,33722704,64259968,,,,,325,544,used,,,,20260905-0336
2026-09-05 03:37:39,HAUSP-UB,LEVIATHAN,9,7,0.003000,0.000,0.100,14156241,5834,6,1759,1766,0,48,10,5958464,8336,5929969,1777,0.000000,0.366961,0.379732,6511,0,387.61,5957750,5957216,1188,9025,SUCCESS,26495,0,equal,2768896,6312032,33754736,83074560,,,,,336,559,used,,,,20260905-0336
2026-09-05 03:37:39,HAUSP-UB,LEVIATHAN,0,8,0.003000,0.000,0.100,1405752,583,31,137,169,0,10,6,1545747,1782,1528200,1225,0.000000,0.340966,0.352914,3596,0,358.74,1546960,1543830,3130,2510,SUCCESS,16113,0,equal,1673728,599424,295015684,603648,,,,,360,569,used,,,,20260905-0336
2026-09-05 03:37:40,HAUSP-UB,LEVIATHAN,1,8,0.003000,0.000,0.100,2833171,1166,1,230,232,0,11,6,2192133,3333,2173480,1214,0.000000,0.363978,0.376474,4440,0,366.86,2192362,2190826,2156,4038,SUCCESS,17202,0,equal,3184896,1192704,295015684,2772352,,,,,357,594,used,,,,20260905-0336
2026-09-05 03:37:40,HAUSP-UB,LEVIATHAN,2,8,0.003000,0.000,0.100,4269015,1749,24,424,449,0,27,7,3127387,4297,3105605,1393,0.000000,0.358347,0.370489,4970,0,570.39,3127046,3126144,1530,4961,SUCCESS,20095,0,equal,4782592,1834880,8520496,6537216,,,,,306,600,used,,,,20260905-0336
2026-09-05 03:37:41,HAUSP-UB,LEVIATHAN,3,8,0.003000,0.000,0.100,5742029,2332,5,639,645,0,34,9,4030364,5060,4005126,1637,0.000000,0.369428,0.382278,5965,0,586.33,4029919,4029131,1395,5731,SUCCESS,23380,0,equal,6415488,2485664,16909104,12238208,,,,,323,544,used,,,,20260905-0336
2026-09-05 03:37:42,HAUSP-UB,LEVIATHAN,4,8,0.003000,0.000,0.100,7187071,2915,6,869,876,0,39,10,4726157,5754,4698659,1726,0.000000,0.370008,0.382503,6373,0,602.33,4725638,4724961,1302,6413,SUCCESS,25535,0,equal,7395200,3129504,16909104,19980288,,,,,305,542,used,,,,20260905-0336
2026-09-05 03:37:43,HAUSP-UB,LEVIATHAN,5,8,0.003000,0.000,0.100,8655898,3498,6,1055,1061,0,42,10,5067872,6468,5040244,1659,0.000000,0.371106,0.383258,6387,0,626.66,5067390,5066651,1359,7137,SUCCESS,25753,0,equal,8901888,3784224,16945488,30082816,,,,,321,537,used,,,,20260905-0336
2026-09-05 03:37:44,HAUSP-UB,LEVIATHAN,6,8,0.003000,0.000,0.100,10094142,4081,6,1221,1227,0,43,10,5340196,7007,5312569,1711,0.000000,0.368765,0.381408,6384,0,658.66,5339509,5338955,1189,7683,SUCCESS,25679,0,equal,13205504,4438656,16945488,42040448,,,,,320,557,used,,,,20260905-0336
2026-09-05 03:37:45,HAUSP-UB,LEVIATHAN,7,8,0.003000,0.000,0.100,11406844,4664,6,1369,1375,0,45,10,5503713,7425,5476314,1738,0.000000,0.365936,0.378513,6281,0,682.96,5502923,5502487,1079,8110,SUCCESS,25454,0,equal,17928192,5049280,16945488,52693504,,,,,325,532,used,,,,20260905-0336
2026-09-05 03:37:47,HAUSP-UB,LEVIATHAN,8,8,0.003000,0.000,0.100,12722726,5247,6,1571,1577,0,47,10,5813226,7806,5785152,1782,0.000000,0.364166,0.376967,6322,0,714.35,5812378,5811995,1035,8491,SUCCESS,26073,0,equal,18956288,5670080,33722704,64259968,,,,,325,544,used,,,,20260905-0336
2026-09-05 03:37:49,HAUSP-UB,LEVIATHAN,9,8,0.003000,0.000,0.100,14156241,5834,6,1758,1764,0,48,10,5958464,8336,5929969,1777,0.000000,0.366961,0.379732,6511,0,754.66,5957750,5957216,1188,9025,SUCCESS,26495,0,equal,20448256,6312032,33754736,83074560,,,,,336,559,used,,,,20260905-0336
2026-09-05 03:37:49,HAUSP-UB,LEVIATHAN,0,9,0.003000,0.000,0.100,1405752,583,31,137,169,0,10,6,1545747,1782,1528200,1225,0.000000,0.340966,0.352914,3596,0,358.28,1546960,1543830,3130,2510,SUCCESS,16113,0,equal,1673728,599424,295015684,603648,,,,,360,569,used,,,,20260905-0336
2026-09-05 03:37:49,HAUSP-UB,LEVIATHAN,1,9,0.003000,0.000,0.100,2833171,1166,1,229,231,0,11,6,2192133,3333,2173480,1214,0.000000,0.363978,0.376474,4440,0,366.41,2192362,2190826,2156,4038,SUCCESS,17202,0,equal,3184896,1192704,295015684,2772352,,,,,357,594,used,,,,20260905-0336
2026-09-05 03:37:50,HAUSP-UB,LEVIATHAN,2,9,0.003000,0.000,0.100,4269015,1749,24,422,447,0,27,7,3127387,4297,3105605,1393,0.000000,0.358347,0.370489,4970,0,569.73,3127046,3126144,1530,4961,SUCCESS,20095,0,equal,3952128,1834880,8520496,6537216,,,,,306,600,used,,,,20260905-0336
2026-09-05 03:37:51,HAUSP-UB,LEVIATHAN,3,9,0.003000,0.000,0.100,5742029,2332,6,639,645,0,34,9,4030364,5060,4005126,1637,0.000000,0.369428,0.382278,5965,0,585.67,4029919,4029131,1395,5731,SUCCESS,23380,0,equal,6415488,2485664,16909104,12238208,,,,,323,544,used,,,,20260905-0336
2026-09-05 03:37:51,HAUSP-UB,LEVIATHAN,4,9,0.003000,0.000,0.100,7187071,2915,6,866,873,0,39,10,4726157,5754,4698659,1726,0.000000,0.370008,0.382503,6373,0,601.67,4725638,4724961,1302,6413,SUCCESS,25535,0,equal,7395200,3129504,16909104,19980288,,,,,305,542,used,,,,20260905-0336
2026-09-05 03:37:52,HAUSP-UB,LEVIATHAN,5,9,0.003000,0.000,0.100,8655898,3498,6,1054,1060,0,41,10,5067872,6468,5040244,1659,0.000000,0.371106,0.383258,6387,0,633.69,5067390,5066651,1359,7137,SUCCESS,25753,0,equal,12196096,3784224,16945488,30082816,,,,,321,537,used,,,,20260905-0336
2026-09-05 03:37:54,HAUSP-UB,LEVIATHAN,6,9,0.003000,0.000,0.100,10094142,4081,6,1219,1226,0,43,10,5340196,7007,5312569,1711,0.000000,0.368765,0.381408,6384,0,658.47,5339509,5338955,1189,7683,SUCCESS,25679,0,equal,13205504,4438656,16945488,42040448,,,,,320,557,used,,,,20260905-0336
2026-09-05 03:37:55,HAUSP-UB,LEVIATHAN,7,9,0.003000,0.000,0.100,11406844,4664,6,1363,1369,0,44,10,5503713,7425,5476314,1738,0.000000,0.365936,0.378513,6281,0,683.24,5502923,5502487,1079,8110,SUCCESS,25454,0,equal,17625088,5049280,16945488,52693504,,,,,325,532,used,,,,20260905-0336
2026-09-05 03:37:57,HAUSP-UB,LEVIATHAN,8,9,0.003000,0.000,0.100,12722726,5247,6,1565,1571,0,47,10,5813226,7806,5785152,1782,0.000000,0.364166,0.376967,6322,0,713.73,5812378,5811995,1035,8491,SUCCESS,26073,0,equal,18956288,5670080,33722704,64259968,,,,,325,544,used,,,,20260905-0336
2026-09-05 03:37:58,HAUSP-UB,LEVIATHAN,9,9,0.003000,0.000,0.100,14156241,5834,6,1749,1756,0,48,10,5958464,8336,5929969,1777,0.000000,0.366961,0.379732,6511,0,754.47,5957750,5957216,1188,9025,SUCCESS,26495,0,equal,20448256,6312032,33754736,83074560,,,,,336,559,used,,,,20260905-0336
2026-09-05 03:37:59,EHAUSM-I,LEVIATHAN,0,0,0.003000,0.000,0.100,1405752,583,29,504,534,0,0,0,1623119,1213,1607366,0,0.572836,0.000000,0.000000,3596,0,344.40,0,0,0,0,SUCCESS,0,1,equal,,,,,,,,,,,used,,,,20260905-0336
2026-09-05 03:38:00,EHAUSM-I,LEVIATHAN,1,0,0.003000,0.000,0.100,2833171,1166,3,808,812,0,0,0,1606515,2739,1589670,0,0.562678,0.000000,0.000000,4440,0,442.89,0,0,0,0,SUCCESS,0,1,equal,,,,,,,,,,,used,,,,20260905-0336
2026-09-05 03:38:02,EHAUSM-I,LEVIATHAN,2,0,0.003000,0.000,0.100,4269015,1749,6,1276,1283,0,0,0,2078764,3697,2058975,0,0.541150,0.000000,0.000000,4970,0,293.92,0,0,0,0,SUCCESS,0,1,equal,,,,,,,,,,,used,,,,20260905-0336
2026-09-05 03:38:03,EHAUSM-I,LEVIATHAN,3,0,0.003000,0.000,0.100,5742029,2332,6,1899,1905,0,0,0,2442666,4516,2419609,0,0.535305,0.000000,0.000000,5965,0,572.42,0,0,0,0,SUCCESS,0,1,equal,,,,,,,,,,,used,,,,20260905-0336
2026-09-05 03:38:06,EHAUSM-I,LEVIATHAN,4,0,0.003000,0.000,0.100,7187071,2915,2,2550,2552,0,0,0,2629542,5212,2604312,0,0.523848,0.000000,0.000000,6373,0,731.61,0,0,0,0,SUCCESS,0,1,equal,,,,,,,,,,,used,,,,20260905-0336
2026-09-05 03:38:09,EHAUSM-I,LEVIATHAN,5,0,0.003000,0.000,0.100,8655898,3498,2,3020,3022,0,0,0,2350192,5931,2324760,0,0.524440,0.000000,0.000000,6387,0,1456.25,0,0,0,0,SUCCESS,0,1,equal,,,,,,,,,,,used,,,,20260905-0336
2026-09-05 03:38:13,EHAUSM-I,LEVIATHAN,6,0,0.003000,0.000,0.100,10094142,4081,2,3494,3497,0,0,0,2290400,6450,2265041,0,0.512303,0.000000,0.000000,6384,0,1898.52,0,0,0,0,SUCCESS,0,1,equal,,,,,,,,,,,used,,,,20260905-0336
2026-09-05 03:38:16,EHAUSM-I,LEVIATHAN,7,0,0.003000,0.000,0.100,11406844,4664,2,3807,3810,0,0,0,2232316,6893,2207187,0,0.511504,0.000000,0.000000,6281,0,1208.22,0,0,0,0,SUCCESS,0,1,equal,,,,,,,,,,,used,,,,20260905-0336
2026-09-05 03:38:21,EHAUSM-I,LEVIATHAN,8,0,0.003000,0.000,0.100,12722726,5247,2,4416,4418,0,0,0,2533789,7262,2508041,0,0.503887,0.000000,0.000000,6322,0,1227.30,0,0,0,0,SUCCESS,0,1,equal,,,,,,,,,,,used,,,,20260905-0336
2026-09-05 03:38:26,EHAUSM-I,LEVIATHAN,9,0,0.003000,0.000,0.100,14156241,5834,2,4975,4978,0,0,0,2452329,7777,2426170,0,0.507241,0.000000,0.000000,6511,0,2362.24,0,0,0,0,SUCCESS,0,1,equal,,,,,,,,,,,used,,,,20260905-0336
2026-09-05 03:38:27,EHAUSM-I,LEVIATHAN,0,1,0.003000,0.000,0.100,1405752,583,4,449,454,0,0,0,1623119,1213,1607366,0,0.572836,0.000000,0.000000,3596,0,221.08,0,0,0,0,SUCCESS,0,1,equal,,,,,,,,,,,used,,,,20260905-0336
2026-09-05 03:38:28,EHAUSM-I,LEVIATHAN,1,1,0.003000,0.000,0.100,2833171,1166,2,780,782,0,0,0,1606515,2739,1589670,0,0.562678,0.000000,0.000000,4440,0,323.73,0,0,0,0,SUCCESS,0,1,equal,,,,,,,,,,,used,,,,20260905-0336
2026-09-05 03:38:29,EHAUSM-I,LEVIATHAN,2,1,0.003000,0.000,0.100,4269015,1749,1,1265,1267,0,0,0,2078764,3697,2058975,0,0.541150,0.000000,0.000000,4970,0,314.90,0,0,0,0,SUCCESS,0,1,equal,,,,,,,,,,,used,,,,20260905-0336
2026-09-05 03:38:31,EHAUSM-I,LEVIATHAN,3,1,0.003000,0.000,0.100,5742029,2332,2,1924,1926,0,0,0,2442666,4516,2419609,0,0.535305,0.000000,0.000000,5965,0,1112.69,0,0,0,0,SUCCESS,0,1,equal,,,,,,,,,,,used,,,,20260905-0336
2026-09-05 03:38:33,EHAUSM-I,LEVIATHAN,4,1,0.003000,0.000,0.100,7187071,2915,2,2536,2539,0,0,0,2629542,5212,2604312,0,0.523848,0.000000,0.000000,6373,0,1087.93,0,0,0,0,SUCCESS,0,1,equal,,,,,,,,,,,used,,,,20260905-0336
2026-09-05 03:38:36,EHAUSM-I,LEVIATHAN,5,1,0.003000,0.000,0.100,8655898,3498,2,2998,3000,0,0,0,2350192,5931,2324760,0,0.524440,0.000000,0.000000,6387,0,1150.14,0,0,0,0,SUCCESS,0,1,equal,,,,,,,,,,,used,,,,20260905-0336
2026-09-05 03:38:40,EHAUSM-I,LEVIATHAN,6,1,0.003000,0.000,0.100,10094142,4081,2,3441,3444,0,0,0,2290400,6450,2265041,0,0.512303,0.000000,0.000000,6384,0,1713.98,0,0,0,0,SUCCESS,0,1,equal,,,,,,,,,,,used,,,,20260905-0336
2026-09-05 03:38:44,EHAUSM-I,LEVIATHAN,7,1,0.003000,0.000,0.100,11406844,4664,2,3813,3815,0,0,0,2232316,6893,2207187,0,0.511504,0.000000,0.000000,6281,0,2282.91,0,0,0,0,SUCCESS,0,1,equal,,,,,,,,,,,used,,,,20260905-0336
2026-09-05 03:38:48,EHAUSM-I,LEVIATHAN,8,1,0.003000,0.000,0.100,12722726,5247,2,4398,4401,0,0,0,2533789,7262,2508041,0,0.503887,0.000000,0.000000,6322,0,1797.88,0,0,0,0,SUCCESS,0,1,equal,,,,,,,,,,,used,,,,20260905-0336
2026-09-05 03:38:53,EHAUSM-I,LEVIATHAN,9,1,0.003000,0.000,0.100,14156241,5834,3,4947,4950,0,0,0,2452329,7777,2426170,0,0.507241,0.000000,0.000000,6511,0,2379.83,0,0,0,0,SUCCESS,0,1,equal,,,,,,,,,,,used,,,,20260905-0336
2026-09-05 03:38:54,EHAUSM-I,LEVIATHAN,0,2,0.003000,0.000,0.100,1405752,583,3,450,454,0,0,0,1623119,1213,1607366,0,0.572836,0.000000,0.000000,3596,0,262.17,0,0,0,0,SUCCESS,0,1,equal,,,,,,,,,,,used,,,,20260905-0336
2026-09-05 03:38:55,EHAUSM-I,LEVIATHAN,1,2,0.003000,0.000,0.100,2833171,1166,1,788,789,0,0,0,1606515,2739,1589670,0,0.562678,0.000000,0.000000,4440,0,538.74,0,0,0,0,SUCCESS,0,1,equal,,,,,,,,,,,used,,,,20260905-0336
2026-09-05 03:38:56,EHAUSM-I,LEVIATHAN,2,2,0.003000,0.000,0.100,4269015,1749,1,1213,1214,0,0,0,2078764,3697,2058975,0,0.541150,0.000000,0.000000,4970,0,557.47,0,0,0,0,SUCCESS,0,1,equal,,,,,,,,,,,used,,,,20260905-0336
2026-09-05 03:38:58,EHAUSM-I,LEVIATHAN,3,2,0.003000,0.000,0.100,5742029,2332,1,1862,1864,0,0,0,2442666,4516,2419609,0,0.535305,0.000000,0.000000,5965,0,267.92,0,0,0,0,SUCCESS,0,1,equal,,,,,,,,,,,used,,,,20260905-0336
2026-09-05 03:39:01,EHAUSM-I,LEVIATHAN,4,2,0.003000,0.000,0.100,7187071,2915,2,2513,2515,0,0,0,2629542,5212,2604312,0,0.523848,0.000000,0.000000,6373,0,433.66,0,0,0,0,SUCCESS,0,1,equal,,,,,,,,,,,used,,,,20260905-0336
2026-09-05 03:39:04,EHAUSM-I,LEVIATHAN,5,2,0.003000,0.000,0.100,8655898,3498,2,2948,2950,0,0,0,2350192,5931,2324760,0,0.524440,0.000000,0.000000,6387,0,1144.00,0,0,0,0,SUCCESS,0,1,equal,,,,,,,,,,,used,,,,20260905-0336
2026-09-05 03:39:07,EHAUSM-I,LEVIATHAN,6,2,0.003000,0.000,0.100,10094142,4081,2,3526,3528,0,0,0,2290400,6450,2265041,0,0.512303,0.000000,0.000000,6384,0,1261.15,0,0,0,0,SUCCESS,0,1,equal,,,,,,,,,,,used,,,,20260905-0336
2026-09-05 03:39:11,EHAUSM-I,LEVIATHAN,7,2,0.003000,0.000,0.100,11406844,4664,2,3799,3802,0,0,0,2232316,6893,2207187,0,0.511504,0.000000,0.000000,6281,0,2178.69,0,0,0,0,SUCCESS,0,1,equal,,,,,,,,,,,used,,,,20260905-0336
2026-09-05 03:39:15,EHAUSM-I,LEVIATHAN,8,2,0.003000,0.000,0.100,12722726,5247,2,4380,4383,0,0,0,2533789,7262,2508041,0,0.503887,0.000000,0.000000,6322,0,1470.58,0,0,0,0,SUCCESS,0,1,equal,,,,,,,,,,,used,,,,20260905-0336
2026-09-05 03:39:20,EHAUSM-I,LEVIATHAN,9,2,0.003000,0.000,0.100,14156241,5834,3,4958,4961,0,0,0,2452329,7777,2426170,0,0.507241,0.000000,0.000000,6511,0,1583.39,0,0,0,0,SUCCESS,0,1,equal,,,,,,,,,,,used,,,,20260905-0336
2026-09-05 03:39:21,Pre-HAUSPM,LEVIATHAN,0,0,0.003000,0.200,0.100,1405752,583,4,641,646,0,0,0,3821982,0,3795798,0,0.000000,0.000000,0.000000,3596,8079,379.30,0,0,0,0,SUCCESS,0,2,equal,,,,,1,0,1405752,0,,,used,,,,20260905-0336
2026-09-05 03:39:22,Pre-HAUSPM,LEVIATHAN,1,0,0.003000,0.200,0.100,2833171,1166,0,972,973,0,0,0,6955860,0,6928715,0,0.000000,0.000000,0.000000,4440,9305,88.50,0,0,0,0,SUCCESS,0,2,equal,,,,,1,0,1427419,846,,,used,,,,20260905-0336
2026-09-05 03:39:24,Pre-HAUSPM,LEVIATHAN,2,0,0.003000,0.200,0.100,4269015,1749,0,1784,1785,0,0,0,10925605,0,10894024,0,0.000000,0.000000,0.000000,4970,10060,2035.36,0,0,0,0,SUCCESS,0,2,equal,,,,,1,0,1435844,1705,,,used,,,,20260905-0336
2026-09-05 03:39:27,Pre-HAUSPM,LEVIATHAN,3,0,0.003000,0.200,0.100,5742029,2332,1,2525,2527,0,0,0,15831737,0,15794775,0,0.000000,0.000000,0.000000,5965,11932,1605.45,0,0,0,0,SUCCESS,0,2,equal,,,,,1,0,1473014,2569,,,used,,,,20260905-0336
2026-09-05 03:39:30,Pre-HAUSPM,LEVIATHAN,4,0,0.003000,0.200,0.100,7187071,2915,0,3480,3480,0,0,0,20620825,0,20580386,0,0.000000,0.000000,0.000000,6373,12698,1500.71,0,0,0,0,SUCCESS,0,2,equal,,,,,1,0,1445042,3456,,,used,,,,20260905-0336
2026-09-05 03:39:34,Pre-HAUSPM,LEVIATHAN,5,0,0.003000,0.200,0.100,8655898,3498,0,4209,4209,0,0,0,24273190,0,24232801,0,0.000000,0.000000,0.000000,6387,12725,165.62,0,0,0,0,SUCCESS,0,2,equal,,,,,1,0,1468827,4325,,,used,,,,20260905-0336
2026-09-05 03:39:39,Pre-HAUSPM,LEVIATHAN,6,0,0.003000,0.200,0.100,10094142,4081,0,4838,4838,0,0,0,27099357,0,27059143,0,0.000000,0.000000,0.000000,6384,12725,992.22,0,0,0,0,SUCCESS,0,2,equal,,,,,1,0,1438244,5209,,,used,,,,20260905-0336
2026-09-05 03:39:45,Pre-HAUSPM,LEVIATHAN,7,0,0.003000,0.200,0.100,11406844,4664,0,5410,5411,0,0,0,29430526,0,29390526,0,0.000000,0.000000,0.000000,6281,12467,943.60,0,0,0,0,SUCCESS,0,2,equal,,,,,1,0,1312702,6075,,,used,,,,20260905-0336
2026-09-05 03:39:51,Pre-HAUSPM,LEVIATHAN,8,0,0.003000,0.200,0.100,12722726,5247,0,6212,6213,0,0,0,32894667,0,32853546,0,0.000000,0.000000,0.000000,6322,12613,399.45,0,0,0,0,SUCCESS,0,2,equal,,,,,1,0,1315882,6865,,,used,,,,20260905-0336
2026-09-05 03:39:58,Pre-HAUSPM,LEVIATHAN,9,0,0.003000,0.200,0.100,14156241,5834,0,7014,7014,0,0,0,36239222,0,36197393,0,0.000000,0.000000,0.000000,6511,12869,545.13,0,0,0,0,SUCCESS,0,2,equal,,,,,1,0,1433515,7657,,,used,,,,20260905-0336
2026-09-05 03:39:59,Pre-HAUSPM,LEVIATHAN,0,1,0.003000,0.200,0.100,1405752,583,2,557,560,0,0,0,3821982,0,3795798,0,0.000000,0.000000,0.000000,3596,8079,154.86,0,0,0,0,SUCCESS,0,2,equal,,,,,1,0,1405752,0,,,used,,,,20260905-0336
2026-09-05 03:40:00,Pre-HAUSPM,LEVIATHAN,1,1,0.003000,0.200,0.100,2833171,1166,0,971,971,0,0,0,6955860,0,6928715,0,0.000000,0.000000,0.000000,4440,9305,43.70,0,0,0,0,SUCCESS,0,2,equal,,,,,1,0,1427419,846,,,used,,,,20260905-0336
2026-09-05 03:40:02,Pre-HAUSPM,LEVIATHAN,2,1,0.003000,0.200,0.100,4269015,1749,0,1639,1639,0,0,0,10925605,0,10894024,0,0.000000,0.000000,0.000000,4970,10060,197.22,0,0,0,0,SUCCESS,0,2,equal,,,,,1,0,1435844,1705,,,used,,,,20260905-0336
2026-09-05 03:40:04,Pre-HAUSPM,LEVIATHAN,3,1,0.003000,0.200,0.100,5742029,2332,0,2539,2539,0,0,0,15831737,0,15794775,0,0.000000,0.000000,0.000000,5965,11932,55.11,0,0,0,0,SUCCESS,0,2,equal,,,,,1,0,1473014,2569,,,used,,,,20260905-0336
2026-09-05 03:40:08,Pre-HAUSPM,LEVIATHAN,4,1,0.003000,0.200,0.100,7187071,2915,0,3476,3476,0,0,0,20620825,0,20580386,0,0.000000,0.000000,0.000000,6373,12698,424.55,0,0,0,0,SUCCESS,0,2,equal,,,,,1,0,1445042,3456,,,used,,,,20260905-0336
2026-09-05 03:40:12,Pre-HAUSPM,LEVIATHAN,5,1,0.003000,0.200,0.100,8655898,3498,0,4199,4199,0,0,0,24273190,0,24232801,0,0.000000,0.000000,0.000000,6387,12725,64.58,0,0,0,0,SUCCESS,0,2,equal,,,,,1,0,1468827,4325,,,used,,,,20260905-0336
2026-09-05 03:40:17,Pre-HAUSPM,LEVIATHAN,6,1,0.003000,0.200,0.100,10094142,4081,0,4850,4850,0,0,0,27099357,0,27059143,0,0.000000,0.000000,0.000000,6384,12725,496.67,0,0,0,0,SUCCESS,0,2,equal,,,,,1,0,1438244,5209,,,used,,,,20260905-0336
2026-09-05 03:40:22,Pre-HAUSPM,LEVIATHAN,7,1,0.003000,0.200,0.100,11406844,4664,0,5421,5421,0,0,0,29430526,0,29390526,0,0.000000,0.000000,0.000000,6281,12467,307.70,0,0,0,0,SUCCESS,0,2,equal,,,,,1,0,1312702,6075,,,used,,,,20260905-0336
2026-09-05 03:40:29,Pre-HAUSPM,LEVIATHAN,8,1,0.003000,0.200,0.100,12722726,5247,0,6224,6224,0,0,0,32894667,0,32853546,0,0.000000,0.000000,0.000000,6322,12613,468.17,0,0,0,0,SUCCESS,0,2,equal,,,,,1,0,1315882,6865,,,used,,,,20260905-0336
2026-09-05 03:40:36,Pre-HAUSPM,LEVIATHAN,9,1,0.003000,0.200,0.100,14156241,5834,0,7026,7026,0,0,0,36239222,0,36197393,0,0.000000,0.000000,0.000000,6511,12869,302.20,0,0,0,0,SUCCESS,0,2,equal,,,,,1,0,1433515,7657,,,used,,,,20260905-0336
2026-09-05 03:40:37,Pre-HAUSPM,LEVIATHAN,0,2,0.003000,0.200,0.100,1405752,583,0,562,563,0,0,0,3821982,0,3795798,0,0.000000,0.000000,0.000000,3596,8079,154.68,0,0,0,0,SUCCESS,0,2,equal,,,,,1,0,1405752,0,,,used,,,,20260905-0336
2026-09-05 03:40:38,Pre-HAUSPM,LEVIATHAN,1,2,0.003000,0.200,0.100,2833171,1166,0,972,972,0,0,0,6955860,0,6928715,0,0.000000,0.000000,0.000000,4440,9305,43.83,0,0,0,0,SUCCESS,0,2,equal,,,,,1,0,1427419,846,,,used,,,,20260905-0336
2026-09-05 03:40:39,Pre-HAUSPM,LEVIATHAN,2,2,0.003000,0.200,0.100,4269015,1749,0,1643,1643,0,0,0,10925605,0,10894024,0,0.000000,0.000000,0.000000,4970,10060,181.33,0,0,0,0,SUCCESS,0,2,equal,,,,,1,0,1435844,1705,,,used,,,,20260905-0336
2026-09-05 03:40:42,Pre-HAUSPM,LEVIATHAN,3,2,0.003000,0.200,0.100,5742029,2332,0,2539,2539,0,0,0,15831737,0,15794775,0,0.000000,0.000000,0.000000,5965,11932,535.02,0,0,0,0,SUCCESS,0,2,equal,,,,,1,0,1473014,2569,,,used,,,,20260905-0336
2026-09-05 03:40:45,Pre-HAUSPM,LEVIATHAN,4,2,0.003000,0.200,0.100,7187071,2915,0,3476,3477,0,0,0,20620825,0,20580386,0,0.000000,0.000000,0.000000,6373,12698,343.55,0,0,0,0,SUCCESS,0,2,equal,,,,,1,0,1445042,3456,,,used,,,,20260905-0336
2026-09-05 03:40:50,Pre-HAUSPM,LEVIATHAN,5,2,0.003000,0.200,0.100,8655898,3498,0,4202,4203,0,0,0,24273190,0,24232801,0,0.000000,0.000000,0.000000,6387,12725,496.47,0,0,0,0,SUCCESS,0,2,equal,,,,,1,0,1468827,4325,,,used,,,,20260905-0336
2026-09-05 03:40:54,Pre-HAUSPM,LEVIATHAN,6,2,0.003000,0.200,0.100,10094142,4081,0,4850,4850,0,0,0,27099357,0,27059143,0,0.000000,0.000000,0.000000,6384,12725,401.29,0,0,0,0,SUCCESS,0,2,equal,,,,,1,0,1438244,5209,,,used,,,,20260905-0336
2026-09-05 03:41:00,Pre-HAUSPM,LEVIATHAN,7,2,0.003000,0.200,0.100,11406844,4664,0,5421,5422,0,0,0,29430526,0,29390526,0,0.000000,0.000000,0.000000,6281,12467,241.60,0,0,0,0,SUCCESS,0,2,equal,,,,,1,0,1312702,6075,,,used,,,,20260905-0336
2026-09-05 03:41:06,Pre-HAUSPM,LEVIATHAN,8,2,0.003000,0.200,0.100,12722726,5247,0,6231,6232,0,0,0,32894667,0,32853546,0,0.000000,0.000000,0.000000,6322,12613,419.56,0,0,0,0,SUCCESS,0,2,equal,,,,,1,0,1315882,6865,,,used,,,,20260905-0336
2026-09-05 03:41:13,Pre-HAUSPM,LEVIATHAN,9,2,0.003000,0.200,0.100,14156241,5834,0,7024,7024,0,0,0,36239222,0,36197393,0,0.000000,0.000000,0.000000,6511,12869,237.46,0,0,0,0,SUCCESS,0,2,equal,,,,,1,0,1433515,7657,,,used,,,,20260905-0336
2026-09-05 03:41:17,HAUSP-UB,C8T1S5I8N5K,0,0,0.000200,0.000,0.100,4733978,4713,263,2783,3046,48,514,323,27175462,17637,26337295,16658,0.000000,0.260381,0.262406,23593,0,712.15,27182492,27142214,40278,39444,SUCCESS,827558,0,equal,117120,2212136,101019936,5106176,,,,,16656,10607,used,,,,20260905-0336
2026-09-05 03:41:18,HAUSP-UB,C8T1S5I8N5K,1,0,0.000200,0.000,0.100,9488004,9426,110,556,667,6,75,60,3612306,29547,3443540,11828,0.000000,0.242173,0.250249,6078,0,815.83,3588548,3576923,12459,51042,SUCCESS,154905,0,equal,145920,4438024,121991456,7065344,,,,,11828,13861,used,,,,20260905-0336
2026-09-05 03:41:18,HAUSP-UB,C8T1S5I8N5K,2,0,0.000200,0.000,0.100,14222171,14139,41,558,599,4,59,47,2945236,35085,2807634,12094,0.000000,0.227010,0.236426,5572,0,857.80,2914798,2909084,6575,56808,SUCCESS,123120,0,equal,206464,6674016,121991456,8806784,,,,,12093,14481,used,,,,20260905-0336
2026-09-05 03:41:19,HAUSP-UB,C8T1S5I8N5K,3,0,0.000200,0.000,0.100,18951306,18852,41,590,632,4,53,42,2604870,38503,2479297,12496,0.000000,0.225775,0.235845,4680,0,896.54,2571568,2568257,4120,60186,SUCCESS,110576,0,equal,204544,8864368,121991456,10550784,,,,,12496,14997,used,,,,20260905-0336
2026-09-05 03:41:20,HAUSP-UB,C8T1S5I8N5K,4,0,0.000200,0.000,0.100,23738030,23565,55,626,682,4,48,40,2297225,40909,2178520,12503,0.000000,0.219130,0.229435,3498,0,899.54,2262461,2260153,3050,62581,SUCCESS,103214,0,equal,190080,11101184,155545888,12454656,,,,,12499,15487,used,,,,20260905-0336
2026-09-05 03:41:20,HAUSP-UB,C8T1S5I8N5K,5,0,0.000200,0.000,0.100,28544670,28278,39,692,731,4,48,39,2330879,42907,2214040,12274,0.000000,0.212608,0.222879,3088,0,912.44,2295544,2293779,2420,64372,SUCCESS,101178,0,equal,0,13348488,155545888,14358144,,,,,12274,15661,used,,,,20260905-0336
2026-09-05 03:41:21,HAUSP-UB,C8T1S5I8N5K,6,0,0.000200,0.000,0.100,33272585,32991,38,718,757,4,45,38,2048207,44152,1934897,12401,0.000000,0.212564,0.223154,2965,0,922.58,2012339,2011068,1900,65654,SUCCESS,97662,0,equal,173952,15562120,155545888,16354688,,,,,12401,15648,used,,,,20260905-0336
2026-09-05 03:41:22,HAUSP-UB,C8T1S5I8N5K,7,0,0.000200,0.000,0.100,38016389,37704,40,744,784,4,43,36,1916245,45276,1807217,12406,0.000000,0.210993,0.221967,2428,0,927.38,1880273,1879078,1813,66784,SUCCESS,93432,0,equal,0,17779144,155545888,18417536,,,,,12404,15594,used,,,,20260905-0336
2026-09-05 03:41:23,HAUSP-UB,C8T1S5I8N5K,8,0,0.000200,0.000,0.100,42745729,42417,39,812,851,4,43,36,1862976,45917,1753944,12527,0.000000,0.210217,0.221289,2449,0,964.84,1826373,1825628,1428,67568,SUCCESS,93295,0,equal,327296,19985936,155545888,20510592,,,,,12526,15736,used,,,,20260905-0336
2026-09-05 03:41:24,HAUSP-UB,C8T1S5I8N5K,9,0,0.000200,0.000,0.100,47416411,47133,39,873,913,4,42,35,1906734,46615,1799929,12578,0.000000,0.208598,0.219840,2623,0,974.63,1870107,1869417,1334,68240,SUCCESS,91130,0,equal,0,22186560,155545888,22716416,,,,,12577,15674,used,,,,20260905-0336
2026-09-05 03:41:27,HAUSP-UB,C8T1S5I8N5K,0,1,0.000200,0.000,0.100,4733978,4713,76,2355,2431,6,460,320,27175462,17637,26337295,16658,0.000000,0.260381,0.262406,23593,0,713.31,27182492,27142214,40278,39444,SUCCESS,827558,0,equal,120704,2212136,101019936,5106176,,,,,16656,10607,used,,,,20260905-0336
2026-09-05 03:41:27,HAUSP-UB,C8T1S5I8N5K,1,1,0.000200,0.000,0.100,9488004,9426,44,553,598,3,76,60,3612306,29547,3443540,11828,0.000000,0.242173,0.250249,6078,0,825.31,3588548,3576923,12459,51042,SUCCESS,154905,0,equal,145920,4438024,121991456,7065344,,,,,11828,13861,used,,,,20260905-0336
2026-09-05 03:41:28,HAUSP-UB,C8T1S5I8N5K,2,1,0.000200,0.000,0.100,14222171,14139,39,554,593,3,59,47,2945236,35085,2807634,12094,0.000000,0.227010,0.236426,5572,0,865.64,2914798,2909084,6575,56808,SUCCESS,123120,0,equal,206464,6674016,121991456,8806784,,,,,12093,14481,used,,,,20260905-0336
2026-09-05 03:41:28,HAUSP-UB,C8T1S5I8N5K,3,1,0.000200,0.000,0.100,18951306,18852,40,588,628,3,52,43,2604870,38503,2479297,12496,0.000000,0.225775,0.235845,4680,0,906.36,2571568,2568257,4120,60186,SUCCESS,110576,0,equal,204544,8864368,121991456,10550784,,,,,12496,14997,used,,,,20260905-0336
2026-09-05 03:41:29,HAUSP-UB,C8T1S5I8N5K,4,1,0.000200,0.000,0.100,23738030,23565,51,614,666,3,48,40,2297225,40909,2178520,12503,0.000000,0.219130,0.229435,3498,0,1044.03,2262461,2260153,3050,62581,SUCCESS,103214,0,equal,190080,11101184,155545888,12454656,,,,,12499,15487,used,,,,20260905-0336
2026-09-05 03:41:30,HAUSP-UB,C8T1S5I8N5K,5,1,0.000200,0.000,0.100,28544670,28278,38,685,724,3,48,39,2330879,42907,2214040,12274,0.000000,0.212608,0.222879,3088,0,1052.19,2295544,2293779,2420,64372,SUCCESS,101178,0,equal,0,13348488,155545888,14358144,,,,,12274,15661,used,,,,20260905-0336
2026-09-05 03:41:31,HAUSP-UB,C8T1S5I8N5K,6,1,0.000200,0.000,0.100,33272585,32991,38,713,752,3,45,38,2048207,44152,1934897,12401,0.000000,0.212564,0.223154,2965,0,1060.48,2012339,2011068,1900,65654,SUCCESS,97662,0,equal,173952,15562120,155545888,16354688,,,,,12401,15648,used,,,,20260905-0336
2026-09-05 03:41:31,HAUSP-UB,C8T1S5I8N5K,7,1,0.000200,0.000,0.100,38016389,37704,38,739,778,3,42,36,1916245,45276,1807217,12406,0.000000,0.210993,0.221967,2428,0,1069.28,1880273,1879078,1813,66784,SUCCESS,93432,0,equal,310016,17779144,155545888,18417536,,,,,12404,15594,used,,,,20260905-0336
2026-09-05 03:41:32,HAUSP-UB,C8T1S5I8N5K,8,1,0.000200,0.000,0.100,42745729,42417,38,803,842,3,42,36,1862976,45917,1753944,12527,0.000000,0.210217,0.221289,2449,0,1107.43,1826373,1825628,1428,67568,SUCCESS,93295,0,equal,348160,19985936,155545888,20510592,,,,,12526,15736,used,,,,20260905-0336
2026-09-05 03:41:33,HAUSP-UB,C8T1S5I8N5K,9,1,0.000200,0.000,0.100,47416411,47133,39,859,899,3,42,35,1906734,46615,1799929,12578,0.000000,0.208598,0.219840,2623,0,1116.19,1870107,1869417,1334,68240,SUCCESS,91130,0,equal,350464,22186560,155545888,22716416,,,,,12577,15674,used,,,,20260905-0336
2026-09-05 03:41:36,HAUSP-UB,C8T1S5I8N5K,0,2,0.000200,0.000,0.100,4733978,4713,73,2355,2428,6,462,322,27175462,17637,26337295,16658,0.000000,0.260381,0.262406,23593,0,713.31,27182492,27142214,40278,39444,SUCCESS,827558,0,equal,120704,2212136,101019936,5106176,,,,,16656,10607,used,,,,20260905-0336
2026-09-05 03:41:37,HAUSP-UB,C8T1S5I8N5K,1,2,0.000200,0.000,0.100,9488004,9426,45,554,599,3,76,60,3612306,29547,3443540,11828,0.000000,0.242173,0.250249,6078,0,825.31,3588548,3576923,12459,51042,SUCCESS,154905,0,equal,145920,4438024,121991456,7065344,,,,,11828,13861,used,,,,20260905-0336
2026-09-05 03:41:37,HAUSP-UB,C8T1S5I8N5K,2,2,0.000200,0.000,0.100,14222171,14139,39,555,595,3,59,47,2945236,35085,2807634,12094,0.000000,0.227010,0.236426,5572,0,865.64,2914798,2909084,6575,56808,SUCCESS,123120,0,equal,206464,6674016,121991456,8806784,,,,,12093,14481,used,,,,20260905-0336
2026-09-05 03:41:38,HAUSP-UB,C8T1S5I8N5K,3,2,0.000200,0.000,0.100,18951306,18852,40,587,628,3,52,42,2604870,38503,2479297,12496,0.000000,0.225775,0.235845,4680,0,906.36,2571568,2568257,4120,60186,SUCCESS,110576,0,equal,204544,8864368,121991456,10550784,,,,,12496,14997,used,,,,20260905-0336
2026-09-05 03:41:38,HAUSP-UB,C8T1S5I8N5K,4,2,0.000200,0.000,0.100,23738030,23565,52,614,666,3,48,40,2297225,40909,2178520,12503,0.000000,0.219130,0.229435,3498,0,1044.03,2262461,2260153,3050,62581,SUCCESS,103214,0,equal,190080,11101184,155545888,12454656,,,,,12499,15487,used,,,,20260905-0336
2026-09-05 03:41:39,HAUSP-UB,C8T1S5I8N5K,5,2,0.000200,0.000,0.100,28544670,28278,38,686,725,3,47,39,2330879,42907,2214040,12274,0.000000,0.212608,0.222879,3088,0,1052.19,2295544,2293779,2420,64372,SUCCESS,101178,0,equal,0,13348488,155545888,14358144,,,,,12274,15661,used,,,,20260905-0336
2026-09-05 03:41:40,HAUSP-UB,C8T1S5I8N5K,6,2,0.000200,0.000,0.100,33272585,32991,38,711,749,3,45,37,2048207,44152,1934897,12401,0.000000,0.212564,0.223154,2965,0,1060.48,2012339,2011068,1900,65654,SUCCESS,97662,0,equal,173952,15562120,155545888,16354688,,,,,12401,15648,used,,,,20260905-0336
2026-09-05 03:41:41,HAUSP-UB,C8T1S5I8N5K,7,2,0.000200,0.000,0.100,38016389,37704,38,740,779,3,43,36,1916245,45276,1807217,12406,0.000000,0.210993,0.221967,2428,0,1069.28,1880273,1879078,1813,66784,SUCCESS,93432,0,equal,310016,17779144,155545888,18417536,,,,,12404,15594,used,,,,20260905-0336
2026-09-05 03:41:42,HAUSP-UB,C8T1S5I8N5K,8,2,0.000200,0.000,0.100,42745729,42417,38,804,843,3,42,36,1862976,45917,1753944,12527,0.000000,0.210217,0.221289,2449,0,1107.43,1826373,1825628,1428,67568,SUCCESS,93295,0,equal,348160,19985936,155545888,20510592,,,,,12526,15736,used,,,,20260905-0336
2026-09-05 03:41:42,HAUSP-UB,C8T1S5I8N5K,9,2,0.000200,0.000,0.100,47416411,47133,39,860,900,3,42,35,1906734,46615,1799929,12578,0.000000,0.208598,0.219840,2623,0,1116.19,1870107,1869417,1334,68240,SUCCESS,91130,0,equal,350464,22186560,155545888,22716416,,,,,12577,15674,used,,,,20260905-0336
2026-09-05 03:41:45,HAUSP-UB,C8T1S5I8N5K,0,3,0.000200,0.000,0.100,4733978,4713,74,2362,2436,6,464,323,27175462,17637,26337295,16658,0.000000,0.260381,0.262406,23593,0,713.31,27182492,27142214,40278,39444,SUCCESS,827558,0,equal,120704,2212136,101019936,5106176,,,,,16656,10607,used,,,,20260905-0336
2026-09-05 03:41:46,HAUSP-UB,C8T1S5I8N5K,1,3,0.000200,0.000,0.100,9488004,9426,45,554,600,3,76,60,3612306,29547,3443540,11828,0.000000,0.242173,0.250249,6078,0,825.31,3588548,3576923,12459,51042,SUCCESS,154905,0,equal,145920,4438024,121991456,7065344,,,,,11828,13861,used,,,,20260905-0336
2026-09-05 03:41:47,HAUSP-UB,C8T1S5I8N5K,2,3,0.000200,0.000,0.100,14222171,14139,39,556,595,3,59,48,2945236,35085,2807634,12094,0.000000,0.227010,0.236426,5572,0,865.64,2914798,2909084,6575,56808,SUCCESS,123120,0,equal,206464,6674016,121991456,8806784,,,,,12093,14481,used,,,,20260905-0336
2026-09-05 03:41:47,HAUSP-UB,C8T1S5I8N5K,3,3,0.000200,0.000,0.100,18951306,18852,40,588,629,3,53,43,2604870,38503,2479297,12496,0.000000,0.225775,0.235845,4680,0,906.36,2571568,2568257,4120,60186,SUCCESS,110576,0,equal,204544,8864368,121991456,10550784,,,,,12496,14997,used,,,,20260905-0336
2026-09-05 03:41:48,HAUSP-UB,C8T1S5I8N5K,4,3,0.000200,0.000,0.100,23738030,23565,52,614,666,3,48,40,2297225,40909,2178520,12503,0.000000,0.219130,0.229435,3498,0,1044.03,2262461,2260153,3050,62581,SUCCESS,103214,0,equal,190080,11101184,155545888,12454656,,,,,12499,15487,used,,,,20260905-0336
2026-09-05 03:41:49,HAUSP-UB,C8T1S5I8N5K,5,3,0.000200,0.000,0.100,28544670,28278,38,685,723,3,48,39,2330879,42907,2214040,12274,0.000000,0.212608,0.222879,3088,0,1052.19,2295544,2293779,2420,64372,SUCCESS,101178,0,equal,0,13348488,155545888,14358144,,,,,12274,15661,used,,,,20260905-0336
2026-09-05 03:41:49,HAUSP-UB,C8T1S5I8N5K,6,3,0.000200,0.000,0.100,33272585,32991,38,713,751,3,45,37,2048207,44152,1934897,12401,0.000000,0.212564,0.223154,2965,0,1060.48,2012339,2011068,1900,65654,SUCCESS,97662,0,equal,173952,15562120,155545888,16354688,,,,,12401,15648,used,,,,20260905-0336
2026-09-05 03:41:50,HAUSP-UB,C8T1S5I8N5K,7,3,0.000200,0.000,0.100,38016389,37704,38,740,779,3,43,36,1916245,45276,1807217,12406,0.000000,0.210993,0.221967,2428,0,1069.28,1880273,1879078,1813,66784,SUCCESS,93432,0,equal,310016,17779144,155545888,18417536,,,,,12404,15594,used,,,,20260905-0336
2026-09-05 03:41:51,HAUSP-UB,C8T1S5I8N5K,8,3,0.000200,0.000,0.100,42745729,42417,39,805,844,3,42,36,1862976,45917,1753944,12527,0.000000,0.210217,0.221289,2449,0,1107.43,1826373,1825628,1428,67568,SUCCESS,93295,0,equal,348160,19985936,155545888,20510592,,,,,12526,15736,used,,,,20260905-0336
2026-09-05 03:41:52,HAUSP-UB,C8T1S5I8N5K,9,3,0.000200,0.000,0.100,47416411,47133,39,861,900,3,42,35,1906734,46615,1799929,12578,0.000000,0.208598,0.219840,2623,0,1116.19,1870107,1869417,1334,68240,SUCCESS,91130,0,equal,350464,22186560,155545888,22716416,,,,,12577,15674,used,,,,20260905-0336
2026-09-05 03:41:55,HAUSP-UB,C8T1S5I8N5K,0,4,0.000200,0.000,0.100,4733978,4713,73,2354,2428,6,461,319,27175462,17637,26337295,16658,0.000000,0.260381,0.262406,23593,0,713.31,27182492,27142214,40278,39444,SUCCESS,827558,0,equal,120704,2212136,101019936,5106176,,,,,16656,10607,used,,,,20260905-0336
2026-09-05 03:41:55,HAUSP-UB,C8T1S5I8N5K,1,4,0.000200,0.000,0.100,9488004,9426,44,553,598,3,75,59,3612306,29547,3443540,11828,0.000000,0.242173,0.250249,6078,0,825.31,3588548,3576923,12459,51042,SUCCESS,154905,0,equal,145920,4438024,121991456,7065344,,,,,11828,13861,used,,,,20260905-0336
2026-09-05 03:41:56,HAUSP-UB,C8T1S5I8N5K,2,4,0.000200,0.000,0.100,14222171,14139,39,555,595,3,59,47,2945236,35085,2807634,12094,0.000000,0.227010,0.236426,5572,0,865.64,2914798,2909084,6575,56808,SUCCESS,123120,0,equal,206464,6674016,121991456,8806784,,,,,12093,14481,used,,,,20260905-0336
2026-09-05 03:41:57,HAUSP-UB,C8T1S5I8N5K,3,4,0.000200,0.000,0.100,18951306,18852,40,588,629,3,52,43,2604870,38503,2479297,12496,0.000000,0.225775,0.235845,4680,0,906.36,2571568,2568257,4120,60186,SUCCESS,110576,0,equal,204544,8864368,121991456,10550784,,,,,12496,14997,used,,,,20260905-0336
2026-09-05 03:41:57,HAUSP-UB,C8T1S5I8N5K,4,4,0.000200,0.000,0.100,23738030,23565,52,615,667,3,48,39,2297225,40909,2178520,12503,0.000000,0.219130,0.229435,3498,0,1044.03,2262461,2260153,3050,62581,SUCCESS,103214,0,equal,190080,11101184,155545888,12454656,,,,,12499,15487,used,,,,20260905-0336
2026-09-05 03:41:58,HAUSP-UB,C8T1S5I8N5K,5,4,0.000200,0.000,0.100,28544670,28278,38,686,725,3,47,39,2330879,42907,2214040,12274,0.000000,0.212608,0.222879,3088,0,1052.19,2295544,2293779,2420,64372,SUCCESS,101178,0,equal,0,13348488,155545888,14358144,,,,,12274,15661,used,,,,20260905-0336
2026-09-05 03:41:59,HAUSP-UB,C8T1S5I8N5K,6,4,0.000200,0.000,0.100,33272585,32991,37,713,751,3,45,38,2048207,44152,1934897,12401,0.000000,0.212564,0.223154,2965,0,1060.48,2012339,2011068,1900,65654,SUCCESS,97662,0,equal,173952,15562120,155545888,16354688,,,,,12401,15648,used,,,,20260905-0336
2026-09-05 03:42:00,HAUSP-UB,C8T1S5I8N5K,7,4,0.000200,0.000,0.100,38016389,37704,38,741,780,3,42,36,1916245,45276,1807217,12406,0.000000,0.210993,0.221967,2428,0,1069.28,1880273,1879078,1813,66784,SUCCESS,93432,0,equal,310016,17779144,155545888,18417536,,,,,12404,15594,used,,,,20260905-0336
2026-09-05 03:42:00,HAUSP-UB,C8T1S5I8N5K,8,4,0.000200,0.000,0.100,42745729,42417,38,805,844,3,42,36,1862976,45917,1753944,12527,0.000000,0.210217,0.221289,2449,0,1107.43,1826373,1825628,1428,67568,SUCCESS,93295,0,equal,348160,19985936,155545888,20510592,,,,,12526,15736,used,,,,20260905-0336
2026-09-05 03:42:01,HAUSP-UB,C8T1S5I8N5K,9,4,0.000200,0.000,0.100,47416411,47133,39,860,900,3,42,35,1906734,46615,1799929,12578,0.000000,0.208598,0.219840,2623,0,1116.19,1870107,1869417,1334,68240,SUCCESS,91130,0,equal,350464,22186560,155545888,22716416,,,,,12577,15674,used,,,,20260905-0336
2026-09-05 03:42:04,HAUSP-UB,C8T1S5I8N5K,0,5,0.000200,0.000,0.100,4733978,4713,74,2350,2424,6,460,321,27175462,17637,26337295,16658,0.000000,0.260381,0.262406,23593,0,713.31,27182492,27142214,40278,39444,SUCCESS,827558,0,equal,120704,2212136,101019936,5106176,,,,,16656,10607,used,,,,20260905-0336
2026-09-05 03:42:05,HAUSP-UB,C8T1S5I8N5K,1,5,0.000200,0.000,0.100,9488004,9426,45,553,599,3,76,60,3612306,29547,3443540,11828,0.000000,0.242173,0.250249,6078,0,825.31,3588548,3576923,12459,51042,SUCCESS,154905,0,equal,145920,4438024,121991456,7065344,,,,,11828,13861,used,,,,20260905-0336
2026-09-05 03:42:05,HAUSP-UB,C8T1S5I8N5K,2,5,0.000200,0.000,0.100,14222171,14139,39,553,592,3,59,47,2945236,35085,2807634,12094,0.000000,0.227010,0.236426,5572,0,865.64,2914798,2909084,6575,56808,SUCCESS,123120,0,equal,206464,6674016,121991456,8806784,,,,,12093,14481,used,,,,20260905-0336
2026-09-05 03:42:06,HAUSP-UB,C8T1S5I8N5K,3,5,0.000200,0.000,0.100,18951306,18852,41,588,629,3,52,43,2604870,38503,2479297,12496,0.000000,0.225775,0.235845,4680,0,906.36,2571568,2568257,4120,60186,SUCCESS,110576,0,equal,204544,8864368,121991456,10550784,,,,,12496,14997,used,,,,20260905-0336
2026-09-05 03:42:07,HAUSP-UB,C8T1S5I8N5K,4,5,0.000200,0.000,0.100,23738030,23565,52,613,666,3,48,39,2297225,40909,2178520,12503,0.000000,0.219130,0.229435,3498,0,1044.03,2262461,2260153,3050,62581,SUCCESS,103214,0,equal,190080,11101184,155545888,12454656,,,,,12499,15487,used,,,,20260905-0336
2026-09-05 03:42:07,HAUSP-UB,C8T1S5I8N5K,5,5,0.000200,0.000,0.100,28544670,28278,38,686,725,3,48,39,2330879,42907,2214040,12274,0.000000,0.212608,0.222879,3088,0,1052.19,2295544,2293779,2420,64372,SUCCESS,101178,0,equal,0,13348488,155545888,14358144,,,,,12274,15661,used,,,,20260905-0336
2026-09-05 03:42:08,HAUSP-UB,C8T1S5I8N5K,6,5,0.000200,0.000,0.100,33272585,32991,38,713,751,3,44,38,2048207,44152,1934897,12401,0.000000,0.212564,0.223154,2965,0,1060.48,2012339,2011068,1900,65654,SUCCESS,97662,0,equal,173952,15562120,155545888,16354688,,,,,12401,15648,used,,,,20260905-0336
2026-09-05 03:42:09,HAUSP-UB,C8T1S5I8N5K,7,5,0.000200,0.000,0.100,38016389,37704,38,740,779,3,43,36,1916245,45276,1807217,12406,0.000000,0.210993,0.221967,2428,0,1069.28,1880273,1879078,1813,66784,SUCCESS,93432,0,equal,310016,17779144,155545888,18417536,,,,,12404,15594,used,,,,20260905-0336
2026-09-05 03:42:10,HAUSP-UB,C8T1S5I8N5K,8,5,0.000200,0.000,0.100,42745729,42417,38,805,843,3,42,36,1862976,45917,1753944,12527,0.000000,0.210217,0.221289,2449,0,1107.43,1826373,1825628,1428,67568,SUCCESS,93295,0,equal,348160,19985936,155545888,20510592,,,,,12526,15736,used,,,,20260905-0336
2026-09-05 03:42:11,HAUSP-UB,C8T1S5I8N5K,9,5,0.000200,0.000,0.100,47416411,47133,39,860,899,3,42,35,1906734,46615,1799929,12578,0.000000,0.208598,0.219840,2623,0,1116.19,1870107,1869417,1334,68240,SUCCESS,91130,0,equal,350464,22186560,155545888,22716416,,,,,12577,15674,used,,,,20260905-0336
2026-09-05 03:42:14,HAUSP-UB,C8T1S5I8N5K,0,6,0.000200,0.000,0.100,4733978,4713,73,2345,2419,6,459,320,27175462,17637,26337295,16658,0.000000,0.260381,0.262406,23593,0,717.31,27182492,27142214,40278,39444,SUCCESS,827558,0,equal,120704,2212136,101019936,5106176,,,,,16656,10607,used,,,,20260905-0336
2026-09-05 03:42:14,HAUSP-UB,C8T1S5I8N5K,1,6,0.000200,0.000,0.100,9488004,9426,45,554,599,3,76,60,3612306,29547,3443540,11828,0.000000,0.242173,0.250249,6078,0,829.31,3588548,3576923,12459,51042,SUCCESS,154905,0,equal,145920,4438024,121991456,7065344,,,,,11828,13861,used,,,,20260905-0336
2026-09-05 03:42:15,HAUSP-UB,C8T1S5I8N5K,2,6,0.000200,0.000,0.100,14222171,14139,39,555,594,3,59,47,2945236,35085,2807634,12094,0.000000,0.227010,0.236426,5572,0,869.64,2914798,2909084,6575,56808,SUCCESS,123120,0,equal,206464,6674016,121991456,8806784,,,,,12093,14481,used,,,,20260905-0336
2026-09-05 03:42:15,HAUSP-UB,C8T1S5I8N5K,3,6,0.000200,0.000,0.100,18951306,18852,40,588,628,3,52,42,2604870,38503,2479297,12496,0.000000,0.225775,0.235845,4680,0,910.36,2571568,2568257,4120,60186,SUCCESS,110576,0,equal,204544,8864368,121991456,10550784,,,,,12496,14997,used,,,,20260905-0336
2026-09-05 03:42:16,HAUSP-UB,C8T1S5I8N5K,4,6,0.000200,0.000,0.100,23738030,23565,52,611,663,3,48,40,2297225,40909,2178520,12503,0.000000,0.219130,0.229435,3498,0,1048.03,2262461,2260153,3050,62581,SUCCESS,103214,0,equal,190080,11101184,155545888,12454656,,,,,12499,15487,used,,,,20260905-0336
2026-09-05 03:42:17,HAUSP-UB,C8T1S5I8N5K,5,6,0.000200,0.000,0.100,28544670,28278,38,685,724,3,48,39,2330879,42907,2214040,12274,0.000000,0.212608,0.222879,3088,0,1056.19,2295544,2293779,2420,64372,SUCCESS,101178,0,equal,0,13348488,155545888,14358144,,,,,12274,15661,used,,,,20260905-0336
2026-09-05 03:42:18,HAUSP-UB,C8T1S5I8N5K,6,6,0.000200,0.000,0.100,33272585,32991,38,713,752,3,45,37,2048207,44152,1934897,12401,0.000000,0.212564,0.223154,2965,0,1064.48,2012339,2011068,1900,65654,SUCCESS,97662,0,equal,173952,15562120,155545888,16354688,,,,,12401,15648,used,,,,20260905-0336
2026-09-05 03:42:18,HAUSP-UB,C8T1S5I8N5K,7,6,0.000200,0.000,0.100,38016389,37704,38,740,779,3,42,36,1916245,45276,1807217,12406,0.000000,0.210993,0.221967,2428,0,1073.28,1880273,1879078,1813,66784,SUCCESS,93432,0,equal,310016,17779144,155545888,18417536,,,,,12404,15594,used,,,,20260905-0336
2026-09-05 03:42:19,HAUSP-UB,C8T1S5I8N5K,8,6,0.000200,0.000,0.100,42745729,42417,39,805,844,3,42,36,1862976,45917,1753944,12527,0.000000,0.210217,0.221289,2449,0,1111.43,1826373,1825628,1428,67568,SUCCESS,93295,0,equal,348160,19985936,155545888,20510592,,,,,12526,15736,used,,,,20260905-0336
2026-09-05 03:42:20,HAUSP-UB,C8T1S5I8N5K,9,6,0.000200,0.000,0.100,47416411,47133,39,862,901,3,42,35,1906734,46615,1799929,12578,0.000000,0.208598,0.219840,2623,0,1120.19,1870107,1869417,1334,68240,SUCCESS,91130,0,equal,350464,22186560,155545888,22716416,,,,,12577,15674,used,,,,20260905-0336
2026-09-05 03:42:23,HAUSP-UB,C8T1S5I8N5K,0,7,0.000200,0.000,0.100,4733978,4713,72,2347,2419,5,461,319,27175462,17637,26337295,16658,0.000000,0.260381,0.262406,23593,0,713.31,27182492,27142214,40278,39444,SUCCESS,827558,0,equal,120704,2212136,101019936,5106176,,,,,16656,10607,used,,,,20260905-0336
2026-09-05 03:42:24,HAUSP-UB,C8T1S5I8N5K,1,7,0.000200,0.000,0.100,9488004,9426,44,552,597,3,75,59,3612306,29547,3443540,11828,0.000000,0.242173,0.250249,6078,0,825.31,3588548,3576923,12459,51042,SUCCESS,154905,0,equal,145920,4438024,121991456,7065344,,,,,11828,13861,used,,,,20260905-0336
2026-09-05 03:42:24,HAUSP-UB,C8T1S5I8N5K,2,7,0.000200,0.000,0.100,14222171,14139,39,554,594,3,59,47,2945236,35085,2807634,12094,0.000000,0.227010,0.236426,5572,0,865.64,2914798,2909084,6575,56808,SUCCESS,123120,0,equal,206464,6674016,121991456,8806784,,,,,12093,14481,used,,,,20260905-0336
2026-09-05 03:42:25,HAUSP-UB,C8T1S5I8N5K,3,7,0.000200,0.000,0.100,18951306,18852,40,588,628,3,53,42,2604870,38503,2479297,12496,0.000000,0.225775,0.235845,4680,0,906.36,2571568,2568257,4120,60186,SUCCESS,110576,0,equal,204544,8864368,121991456,10550784,,,,,12496,14997,used,,,,20260905-0336
2026-09-05 03:42:25,HAUSP-UB,C8T1S5I8N5K,4,7,0.000200,0.000,0.100,23738030,23565,51,614,666,3,48,40,2297225,40909,2178520,12503,0.000000,0.219130,0.229435,3498,0,1044.03,2262461,2260153,3050,62581,SUCCESS,103214,0,equal,190080,11101184,155545888,12454656,,,,,12499,15487,used,,,,20260905-0336
2026-09-05 03:42:26,HAUSP-UB,C8T1S5I8N5K,5,7,0.000200,0.000,0.100,28544670,28278,38,686,724,3,47,39,2330879,42907,2214040,12274,0.000000,0.212608,0.222879,3088,0,1052.19,2295544,2293779,2420,64372,SUCCESS,101178,0,equal,0,13348488,155545888,14358144,,,,,12274,15661,used,,,,20260905-0336
2026-09-05 03:42:27,HAUSP-UB,C8T1S5I8N5K,6,7,0.000200,0.000,0.100,33272585,32991,38,711,750,3,45,37,2048207,44152,1934897,12401,0.000000,0.212564,0.223154,2965,0,1060.48,2012339,2011068,1900,65654,SUCCESS,97662,0,equal,173952,15562120,155545888,16354688,,,,,12401,15648,used,,,,20260905-0336
2026-09-05 03:42:28,HAUSP-UB,C8T1S5I8N5K,7,7,0.000200,0.000,0.100,38016389,37704,38,740,779,3,43,36,1916245,45276,1807217,12406,0.000000,0.210993,0.221967,2428,0,1069.28,1880273,1879078,1813,66784,SUCCESS,93432,0,equal,310016,17779144,155545888,18417536,,,,,12404,15594,used,,,,20260905-0336
2026-09-05 03:42:29,HAUSP-UB,C8T1S5I8N5K,8,7,0.000200,0.000,0.100,42745729,42417,38,804,843,3,42,36,1862976,45917,1753944,12527,0.000000,0.210217,0.221289,2449,0,1107.43,1826373,1825628,1428,67568,SUCCESS,93295,0,equal,348160,19985936,155545888,20510592,,,,,12526,15736,used,,,,20260905-0336
2026-09-05 03:42:29,HAUSP-UB,C8T1S5I8N5K,9,7,0.000200,0.000,0.100,47416411,47133,39,861,900,3,42,35,1906734,46615,1799929,12578,0.000000,0.208598,0.219840,2623,0,1116.19,1870107,1869417,1334,68240,SUCCESS,91130,0,equal,350464,22186560,155545888,22716416,,,,,12577,15674,used,,,,20260905-0336
2026-09-05 03:42:32,HAUSP-UB,C8T1S5I8N5K,0,8,0.000200,0.000,0.100,4733978,4713,75,2348,2423,6,460,320,27175462,17637,26337295,16658,0.000000,0.260381,0.262406,23593,0,713.31,27182492,27142214,40278,39444,SUCCESS,827558,0,equal,120704,2212136,101019936,5106176,,,,,16656,10607,used,,,,20260905-0336
2026-09-05 03:42:33,HAUSP-UB,C8T1S5I8N5K,1,8,0.000200,0.000,0.100,9488004,9426,45,552,598,3,75,59,3612306,29547,3443540,11828,0.000000,0.242173,0.250249,6078,0,825.31,3588548,3576923,12459,51042,SUCCESS,154905,0,equal,145920,4438024,121991456,7065344,,,,,11828,13861,used,,,,20260905-0336
2026-09-05 03:42:34,HAUSP-UB,C8T1S5I8N5K,2,8,0.000200,0.000,0.100,14222171,14139,39,556,595,3,60,48,2945236,35085,2807634,12094,0.000000,0.227010,0.236426,5572,0,865.64,2914798,2909084,6575,56808,SUCCESS,123120,0,equal,206464,6674016,121991456,8806784,,,,,12093,14481,used,,,,20260905-0336
2026-09-05 03:42:34,HAUSP-UB,C8T1S5I8N5K,3,8,0.000200,0.000,0.100,18951306,18852,40,588,629,3,53,43,2604870,38503,2479297,12496,0.000000,0.225775,0.235845,4680,0,906.36,2571568,2568257,4120,60186,SUCCESS,110576,0,equal,204544,8864368,121991456,10550784,,,,,12496,14997,used,,,,20260905-0336
2026-09-05 03:42:35,HAUSP-UB,C8T1S5I8N5K,4,8,0.000200,0.000,0.100,23738030,23565,52,614,666,3,48,39,2297225,40909,2178520,12503,0.000000,0.219130,0.229435,3498,0,1044.03,2262461,2260153,3050,62581,SUCCESS,103214,0,equal,190080,11101184,155545888,12454656,,,,,12499,15487,used,,,,20260905-0336
2026-09-05 03:42:36,HAUSP-UB,C8T1S5I8N5K,5,8,0.000200,0.000,0.100,28544670,28278,38,686,724,3,48,39,2330879,42907,2214040,12274,0.000000,0.212608,0.222879,3088,0,1052.19,2295544,2293779,2420,64372,SUCCESS,101178,0,equal,0,13348488,155545888,14358144,,,,,12274,15661,used,,,,20260905-0336
2026-09-05 03:42:36,HAUSP-UB,C8T1S5I8N5K,6,8,0.000200,0.000,0.100,33272585,32991,38,714,752,3,45,38,2048207,44152,1934897,12401,0.000000,0.212564,0.223154,2965,0,1060.48,2012339,2011068,1900,65654,SUCCESS,97662,0,equal,173952,15562120,155545888,16354688,,,,,12401,15648,used,,,,20260905-0336
2026-09-05 03:42:37,HAUSP-UB,C8T1S5I8N5K,7,8,0.000200,0.000,0.100,38016389,37704,38,740,778,3,42,36,1916245,45276,1807217,12406,0.000000,0.210993,0.221967,2428,0,1069.28,1880273,1879078,1813,66784,SUCCESS,93432,0,equal,310016,17779144,155545888,18417536,,,,,12404,15594,used,,,,20260905-0336
2026-09-05 03:42:38,HAUSP-UB,C8T1S5I8N5K,8,8,0.000200,0.000,0.100,42745729,42417,38,804,843,3,42,36,1862976,45917,1753944,12527,0.000000,0.210217,0.221289,2449,0,1107.43,1826373,1825628,1428,67568,SUCCESS,93295,0,equal,348160,19985936,155545888,20510592,,,,,12526,15736,used,,,,20260905-0336
2026-09-05 03:42:39,HAUSP-UB,C8T1S5I8N5K,9,8,0.000200,0.000,0.100,47416411,47133,39,860,899,3,42,35,1906734,46615,1799929,12578,0.000000,0.208598,0.219840,2623,0,1116.19,1870107,1869417,1334,68240,SUCCESS,91130,0,equal,350464,22186560,155545888,22716416,,,,,12577,15674,used,,,,20260905-0336
2026-09-05 03:42:42,HAUSP-UB,C8T1S5I8N5K,0,9,0.000200,0.000,0.100,4733978,4713,75,2351,2426,6,460,321,27175462,17637,26337295,16658,0.000000,0.260381,0.262406,23593,0,713.31,27182492,27142214,40278,39444,SUCCESS,827558,0,equal,120704,2212136,101019936,5106176,,,,,16656,10607,used,,,,20260905-0336
2026-09-05 03:42:42,HAUSP-UB,C8T1S5I8N5K,1,9,0.000200,0.000,0.100,9488004,9426,45,553,598,4,75,60,3612306,29547,3443540,11828,0.000000,0.242173,0.250249,6078,0,825.31,3588548,3576923,12459,51042,SUCCESS,154905,0,equal,145920,4438024,121991456,7065344,,,,,11828,13861,used,,,,20260905-0336
2026-09-05 03:42:43,HAUSP-UB,C8T1S5I8N5K,2,9,0.000200,0.000,0.100,14222171,14139,39,554,593,3,59,47,2945236,35085,2807634,12094,0.000000,0.227010,0.236426,5572,0,865.64,2914798,2909084,6575,56808,SUCCESS,123120,0,equal,206464,6674016,121991456,8806784,,,,,12093,14481,used,,,,20260905-0336
2026-09-05 03:42:44,HAUSP-UB,C8T1S5I8N5K,3,9,0.000200,0.000,0.100,18951306,18852,40,587,628,3,52,43,2604870,38503,2479297,12496,0.000000,0.225775,0.235845,4680,0,906.36,2571568,2568257,4120,60186,SUCCESS,110576,0,equal,204544,8864368,121991456,10550784,,,,,12496,14997,used,,,,20260905-0336
2026-09-05 03:42:44,HAUSP-UB,C8T1S5I8N5K,4,9,0.000200,0.000,0.100,23738030,23565,52,614,666,4,48,40,2297225,40909,2178520,12503,0.000000,0.219130,0.229435,3498,0,1044.03,2262461,2260153,3050,62581,SUCCESS,103214,0,equal,190080,11101184,155545888,12454656,,,,,12499,15487,used,,,,20260905-0336
2026-09-05 03:42:45,HAUSP-UB,C8T1S5I8N5K,5,9,0.000200,0.000,0.100,28544670,28278,38,684,723,4,48,39,2330879,42907,2214040,12274,0.000000,0.212608,0.222879,3088,0,1052.19,2295544,2293779,2420,64372,SUCCESS,101178,0,equal,0,13348488,155545888,14358144,,,,,12274,15661,used,,,,20260905-0336
2026-09-05 03:42:46,HAUSP-UB,C8T1S5I8N5K,6,9,0.000200,0.000,0.100,33272585,32991,38,715,754,4,45,37,2048207,44152,1934897,12401,0.000000,0.212564,0.223154,2965,0,1060.48,2012339,2011068,1900,65654,SUCCESS,97662,0,equal,173952,15562120,155545888,16354688,,,,,12401,15648,used,,,,20260905-0336
2026-09-05 03:42:47,HAUSP-UB,C8T1S5I8N5K,7,9,0.000200,0.000,0.100,38016389,37704,38,742,781,4,43,36,1916245,45276,1807217,12406,0.000000,0.210993,0.221967,2428,0,1069.28,1880273,1879078,1813,66784,SUCCESS,93432,0,equal,310016,17779144,155545888,18417536,,,,,12404,15594,used,,,,20260905-0336
2026-09-05 03:42:47,HAUSP-UB,C8T1S5I8N5K,8,9,0.000200,0.000,0.100,42745729,42417,38,805,844,4,42,36,1862976,45917,1753944,12527,0.000000,0.210217,0.221289,2449,0,1107.43,1826373,1825628,1428,67568,SUCCESS,93295,0,equal,348160,19985936,155545888,20510592,,,,,12526,15736,used,,,,20260905-0336
2026-09-05 03:42:48,HAUSP-UB,C8T1S5I8N5K,9,9,0.000200,0.000,0.100,47416411,47133,39,861,901,4,42,35,1906734,46615,1799929,12578,0.000000,0.208598,0.219840,2623,0,1116.19,1870107,1869417,1334,68240,SUCCESS,91130,0,equal,350464,22186560,155545888,22716416,,,,,12577,15674,used,,,,20260905-0336
2026-09-05 03:42:52,EHAUSM-I,C8T1S5I8N5K,0,0,0.000200,0.000,0.100,4733978,4713,92,3342,3435,0,0,0,27230265,7030,26419363,0,0.464705,0.000000,0.000000,23593,0,6520.89,0,0,0,0,SUCCESS,0,1,equal,,,,,,,,,,,used,,,,20260905-0336
2026-09-05 03:42:53,EHAUSM-I,C8T1S5I8N5K,1,0,0.000200,0.000,0.100,9488004,9426,15,680,696,0,0,0,2895653,15686,2752576,0,0.446567,0.000000,0.000000,6078,0,3418.19,0,0,0,0,SUCCESS,0,1,equal,,,,,,,,,,,used,,,,20260905-0336
2026-09-05 03:42:54,EHAUSM-I,C8T1S5I8N5K,2,0,0.000200,0.000,0.100,14222171,14139,16,702,719,0,0,0,2627063,20604,2516036,0,0.452685,0.000000,0.000000,5572,0,6026.19,0,0,0,0,SUCCESS,0,1,equal,,,,,,,,,,,used,,,,20260905-0336
2026-09-05 03:42:55,EHAUSM-I,C8T1S5I8N5K,3,0,0.000200,0.000,0.100,18951306,18852,18,745,764,0,0,0,2156671,23506,2058591,0,0.461323,0.000000,0.000000,4680,0,2214.73,0,0,0,0,SUCCESS,0,1,equal,,,,,,,,,,,used,,,,20260905-0336
2026-09-05 03:42:55,EHAUSM-I,C8T1S5I8N5K,4,0,0.000200,0.000,0.100,23738030,23565,21,810,831,0,0,0,1822470,25422,1731755,0,0.427930,0.000000,0.000000,3498,0,4438.73,0,0,0,0,SUCCESS,0,1,equal,,,,,,,,,,,used,,,,20260905-0336
2026-09-05 03:42:56,EHAUSM-I,C8T1S5I8N5K,5,0,0.000200,0.000,0.100,28544670,28278,22,914,936,0,0,0,1793059,27246,1704155,0,0.435359,0.000000,0.000000,3088,0,6718.73,0,0,0,0,SUCCESS,0,1,equal,,,,,,,,,,,used,,,,20260905-0336
2026-09-05 03:42:57,EHAUSM-I,C8T1S5I8N5K,6,0,0.000200,0.000,0.100,33272585,32991,25,1115,1140,0,0,0,1449005,28504,1363744,0,0.409643,0.000000,0.000000,2965,0,2548.97,0,0,0,0,SUCCESS,0,1,equal,,,,,,,,,,,used,,,,20260905-0336
2026-09-05 03:42:59,EHAUSM-I,C8T1S5I8N5K,7,0,0.000200,0.000,0.100,38016389,37704,33,1234,1267,0,0,0,1394016,29682,1312988,0,0.418329,0.000000,0.000000,2428,0,4748.97,0,0,0,0,SUCCESS,0,1,equal,,,,,,,,,,,used,,,,20260905-0336
2026-09-05 03:43:00,EHAUSM-I,C8T1S5I8N5K,8,0,0.000200,0.000,0.100,42745729,42417,31,1240,1272,0,0,0,1456733,30181,1375964,0,0.428625,0.000000,0.000000,2449,0,7124.97,0,0,0,0,SUCCESS,0,1,equal,,,,,,,,,,,used,,,,20260905-0336
2026-09-05 03:43:01,EHAUSM-I,C8T1S5I8N5K,9,0,0.000200,0.000,0.100,47416411,47133,31,1248,1280,0,0,0,1539192,30941,1460639,0,0.410048,0.000000,0.000000,2623,0,9676.97,0,0,0,0,SUCCESS,0,1,equal,,,,,,,,,,,used,,,,20260905-0336
2026-09-05 03:43:05,EHAUSM-I,C8T1S5I8N5K,0,1,0.000200,0.000,0.100,4733978,4713,34,2902,2936,0,0,0,27230265,7030,26419363,0,0.464705,0.000000,0.000000,23593,0,5207.32,0,0,0,0,SUCCESS,0,1,equal,,,,,,,,,,,used,,,,20260905-0336
2026-09-05 03:43:05,EHAUSM-I,C8T1S5I8N5K,1,1,0.000200,0.000,0.100,9488004,9426,15,617,632,0,0,0,2895653,15686,2752576,0,0.446567,0.000000,0.000000,6078,0,1457.87,0,0,0,0,SUCCESS,0,1,equal,,,,,,,,,,,used,,,,20260905-0336
2026-09-05 03:43:06,EHAUSM-I,C8T1S5I8N5K,2,1,0.000200,0.000,0.100,14222171,14139,16,687,704,0,0,0,2627063,20604,2516036,0,0.452685,0.000000,0.000000,5572,0,4065.87,0,0,0,0,SUCCESS,0,1,equal,,,,,,,,,,,used,,,,20260905-0336
2026-09-05 03:43:07,EHAUSM-I,C8T1S5I8N5K,3,1,0.000200,0.000,0.100,18951306,18852,18,756,774,0,0,0,2156671,23506,2058591,0,0.461323,0.000000,0.000000,4680,0,6409.87,0,0,0,0,SUCCESS,0,1,equal,,,,,,,,,,,used,,,,20260905-0336
2026-09-05 03:43:08,EHAUSM-I,C8T1S5I8N5K,4,1,0.000200,0.000,0.100,23738030,23565,21,808,829,0,0,0,1822470,25422,1731755,0,0.427930,0.000000,0.000000,3498,0,1842.83,0,0,0,0,SUCCESS,0,1,equal,,,,,,,,,,,used,,,,20260905-0336
2026-09-05 03:43:09,EHAUSM-I,C8T1S5I8N5K,5,1,0.000200,0.000,0.100,28544670,28278,22,904,927,0,0,0,1793059,27246,1704155,0,0.435359,0.000000,0.000000,3088,0,4130.83,0,0,0,0,SUCCESS,0,1,equal,,,,,,,,,,,used,,,,20260905-0336
2026-09-05 03:43:10,EHAUSM-I,C8T1S5I8N5K,6,1,0.000200,0.000,0.100,33272585,32991,24,914,938,0,0,0,1449005,28504,1363744,0,0.409643,0.000000,0.000000,2965,0,6274.83,0,0,0,0,SUCCESS,0,1,equal,,,,,,,,,,,used,,,,20260905-0336
2026-09-05 03:43:11,EHAUSM-I,C8T1S5I8N5K,7,1,0.000200,0.000,0.100,38016389,37704,26,1012,1039,0,0,0,1394016,29682,1312988,0,0.418329,0.000000,0.000000,2428,0,1682.81,0,0,0,0,SUCCESS,0,1,equal,,,,,,,,,,,used,,,,20260905-0336
2026-09-05 03:43:12,EHAUSM-I,C8T1S5I8N5K,8,1,0.000200,0.000,0.100,42745729,42417,28,1116,1144,0,0,0,1456733,30181,1375964,0,0.428625,0.000000,0.000000,2449,0,4058.81,0,0,0,0,SUCCESS,0,1,equal,,,,,,,,,,,used,,,,20260905-0336
2026-09-05 03:43:13,EHAUSM-I,C8T1S5I8N5K,9,1,0.000200,0.000,0.100,47416411,47133,30,1250,1281,0,0,0,1539192,30941,1460639,0,0.410048,0.000000,0.000000,2623,0,6618.81,0,0,0,0,SUCCESS,0,1,equal,,,,,,,,,,,used,,,,20260905-0336
2026-09-05 03:43:17,EHAUSM-I,C8T1S5I8N5K,0,2,0.000200,0.000,0.100,4733978,4713,36,2929,2966,0,0,0,27230265,7030,26419363,0,0.464705,0.000000,0.000000,23593,0,4822.89,0,0,0,0,SUCCESS,0,1,equal,,,,,,,,,,,used,,,,20260905-0336
2026-09-05 03:43:17,EHAUSM-I,C8T1S5I8N5K,1,2,0.000200,0.000,0.100,9488004,9426,15,621,637,0,0,0,2895653,15686,2752576,0,0.446567,0.000000,0.000000,6078,0,976.18,0,0,0,0,SUCCESS,0,1,equal,,,,,,,,,,,used,,,,20260905-0336
2026-09-05 03:43:18,EHAUSM-I,C8T1S5I8N5K,2,2,0.000200,0.000,0.100,14222171,14139,16,683,700,0,0,0,2627063,20604,2516036,0,0.452685,0.000000,0.000000,5572,0,3576.18,0,0,0,0,SUCCESS,0,1,equal,,,,,,,,,,,used,,,,20260905-0336
2026-09-05 03:43:19,EHAUSM-I,C8T1S5I8N5K,3,2,0.000200,0.000,0.100,18951306,18852,17,754,772,0,0,0,2156671,23506,2058591,0,0.461323,0.000000,0.000000,4680,0,5920.18,0,0,0,0,SUCCESS,0,1,equal,,,,,,,,,,,used,,,,20260905-0336
2026-09-05 03:43:20,EHAUSM-I,C8T1S5I8N5K,4,2,0.000200,0.000,0.100,23738030,23565,21,817,838,0,0,0,1822470,25422,1731755,0,0.427930,0.000000,0.000000,3498,0,1353.30,0,0,0,0,SUCCESS,0,1,equal,,,,,,,,,,,used,,,,20260905-0336
2026-09-05 03:43:21,EHAUSM-I,C8T1S5I8N5K,5,2,0.000200,0.000,0.100,28544670,28278,22,901,924,0,0,0,1793059,27246,1704155,0,0.435359,0.000000,0.000000,3088,0,3633.30,0,0,0,0,SUCCESS,0,1,equal,,,,,,,,,,,used,,,,20260905-0336
2026-09-05 03:43:22,EHAUSM-I,C8T1S5I8N5K,6,2,0.000200,0.000,0.100,33272585,32991,24,913,937,0,0,0,1449005,28504,1363744,0,0.409643,0.000000,0.000000,2965,0,5777.30,0,0,0,0,SUCCESS,0,1,equal,,,,,,,,,,,used,,,,20260905-0336
2026-09-05 03:43:23,EHAUSM-I,C8T1S5I8N5K,7,2,0.000200,0.000,0.100,38016389,37704,26,1015,1042,0,0,0,1394016,29682,1312988,0,0.418329,0.000000,0.000000,2428,0,1180.35,0,0,0,0,SUCCESS,0,1,equal,,,,,,,,,,,used,,,,20260905-0336
2026-09-05 03:43:24,EHAUSM-I,C8T1S5I8N5K,8,2,0.000200,0.000,0.100,42745729,42417,28,1109,1138,0,0,0,1456733,30181,1375964,0,0.428625,0.000000,0.000000,2449,0,3556.35,0,0,0,0,SUCCESS,0,1,equal,,,,,,,,,,,used,,,,20260905-0336
2026-09-05 03:43:25,EHAUSM-I,C8T1S5I8N5K,9,2,0.000200,0.000,0.100,47416411,47133,30,1246,1277,0,0,0,1539192,30941,1460639,0,0.410048,0.000000,0.000000,2623,0,6108.35,0,0,0,0,SUCCESS,0,1,equal,,,,,,,,,,,used,,,,20260905-0336
2026-09-05 03:43:34,Pre-HAUSPM,C8T1S5I8N5K,0,0,0.000200,0.200,0.100,4733978,4713,2,8264,8266,0,0,0,126477208,0,122858975,0,0.000000,0.000000,0.000000,23593,215616,6816.15,0,0,0,0,SUCCESS,0,2,equal,,,,,1,0,4733978,0,,,used,,,,20260905-0336
2026-09-05 03:43:36,Pre-HAUSPM,C8T1S5I8N5K,1,0,0.000200,0.200,0.100,9488004,9426,1,1688,1690,0,0,0,21109469,0,20750611,0,0.000000,0.000000,0.000000,6078,62730,1595.99,0,0,0,0,SUCCESS,0,2,equal,,,,,1,0,4754026,189,,,used,,,,20260905-0336
2026-09-05 03:43:37,Pre-HAUSPM,C8T1S5I8N5K,2,0,0.000200,0.200,0.100,14222171,14139,1,1662,1664,0,0,0,18224447,0,17987134,0,0.000000,0.000000,0.000000,5572,62409,1104.34,0,0,0,0,SUCCESS,0,2,equal,,,,,1,0,4734167,380,,,used,,,,20260905-0336
2026-09-05 03:43:39,Pre-HAUSPM,C8T1S5I8N5K,3,0,0.000200,0.200,0.100,18951306,18852,1,1732,1733,0,0,0,16792668,0,16596308,0,0.000000,0.000000,0.000000,4680,59955,6473.57,0,0,0,0,SUCCESS,0,2,equal,,,,,1,0,4729135,569,,,used,,,,20260905-0336
2026-09-05 03:43:41,Pre-HAUSPM,C8T1S5I8N5K,4,0,0.000200,0.200,0.100,23738030,23565,1,1936,1937,0,0,0,17264995,0,17084052,0,0.000000,0.000000,0.000000,3498,55327,5537.42,0,0,0,0,SUCCESS,0,2,equal,,,,,1,0,4786724,758,,,used,,,,20260905-0336
2026-09-05 03:43:43,Pre-HAUSPM,C8T1S5I8N5K,5,0,0.000200,0.200,0.100,28544670,28278,1,2213,2215,0,0,0,17890707,0,17715854,0,0.000000,0.000000,0.000000,3088,53952,6002.99,0,0,0,0,SUCCESS,0,2,equal,,,,,1,0,4806640,950,,,used,,,,20260905-0336
2026-09-05 03:43:46,Pre-HAUSPM,C8T1S5I8N5K,6,0,0.000200,0.200,0.100,33272585,32991,1,2406,2408,0,0,0,18851660,0,18681373,0,0.000000,0.000000,0.000000,2965,53169,960.21,0,0,0,0,SUCCESS,0,2,equal,,,,,1,0,4727915,1142,,,used,,,,20260905-0336
2026-09-05 03:43:48,Pre-HAUSPM,C8T1S5I8N5K,7,0,0.000200,0.200,0.100,38016389,37704,1,2587,2588,0,0,0,19131261,0,18967121,0,0.000000,0.000000,0.000000,2428,51304,2551.22,0,0,0,0,SUCCESS,0,2,equal,,,,,1,0,4743804,1331,,,used,,,,20260905-0336
2026-09-05 03:43:51,Pre-HAUSPM,C8T1S5I8N5K,8,0,0.000200,0.200,0.100,42745729,42417,1,2834,2835,0,0,0,19792544,0,19629891,0,0.000000,0.000000,0.000000,2449,50984,5322.74,0,0,0,0,SUCCESS,0,2,equal,,,,,1,0,4729340,1521,,,used,,,,20260905-0336
2026-09-05 03:43:54,Pre-HAUSPM,C8T1S5I8N5K,9,0,0.000200,0.200,0.100,47416411,47133,1,2961,2962,0,0,0,19323837,0,19169868,0,0.000000,0.000000,0.000000,2623,51786,2435.59,0,0,0,0,SUCCESS,0,2,equal,,,,,1,0,4670682,1710,,,used,,,,20260905-0336
2026-09-05 03:44:03,Pre-HAUSPM,C8T1S5I8N5K,0,1,0.000200,0.200,0.100,4733978,4713,1,8145,8147,0,0,0,126477208,0,122858975,0,0.000000,0.000000,0.000000,23593,215616,377.46,0,0,0,0,SUCCESS,0,2,equal,,,,,1,0,4733978,0,,,used,,,,20260905-0336
2026-09-05 03:44:04,Pre-HAUSPM,C8T1S5I8N5K,1,1,0.000200,0.200,0.100,9488004,9426,1,1694,1696,0,0,0,21109469,0,20750611,0,0.000000,0.000000,0.000000,6078,62730,3132.80,0,0,0,0,SUCCESS,0,2,equal,,,,,1,0,4754026,189,,,used,,,,20260905-0336
2026-09-05 03:44:06,Pre-HAUSPM,C8T1S5I8N5K,2,1,0.000200,0.200,0.100,14222171,14139,1,1665,1666,0,0,0,18224447,0,17987134,0,0.000000,0.000000,0.000000,5572,62409,3829.56,0,0,0,0,SUCCESS,0,2,equal,,,,,1,0,4734167,380,,,used,,,,20260905-0336
2026-09-05 03:44:08,Pre-HAUSPM,C8T1S5I8N5K,3,1,0.000200,0.200,0.100,18951306,18852,0,1745,1746,0,0,0,16792668,0,16596308,0,0.000000,0.000000,0.000000,4680,59955,4411.49,0,0,0,0,SUCCESS,0,2,equal,,,,,1,0,4729135,569,,,used,,,,20260905-0336
2026-09-05 03:44:10,Pre-HAUSPM,C8T1S5I8N5K,4,1,0.000200,0.200,0.100,23738030,23565,1,1935,1936,0,0,0,17264995,0,17084052,0,0.000000,0.000000,0.000000,3498,55327,5447.27,0,0,0,0,SUCCESS,0,2,equal,,,,,1,0,4786724,758,,,used,,,,20260905-0336
2026-09-05 03:44:12,Pre-HAUSPM,C8T1S5I8N5K,5,1,0.000200,0.200,0.100,28544670,28278,1,2184,2185,0,0,0,17890707,0,17715854,0,0.000000,0.000000,0.000000,3088,53952,1291.60,0,0,0,0,SUCCESS,0,2,equal,,,,,1,0,4806640,950,,,used,,,,20260905-0336
2026-09-05 03:44:14,Pre-HAUSPM,C8T1S5I8N5K,6,1,0.000200,0.200,0.100,33272585,32991,0,2408,2409,0,0,0,18851660,0,18681373,0,0.000000,0.000000,0.000000,2965,53169,4056.20,0,0,0,0,SUCCESS,0,2,equal,,,,,1,0,4727915,1142,,,used,,,,20260905-0336
2026-09-05 03:44:17,Pre-HAUSPM,C8T1S5I8N5K,7,1,0.000200,0.200,0.100,38016389,37704,1,2584,2585,0,0,0,19131261,0,18967121,0,0.000000,0.000000,0.000000,2428,51304,1962.54,0,0,0,0,SUCCESS,0,2,equal,,,,,1,0,4743804,1331,,,used,,,,20260905-0336
2026-09-05 03:44:20,Pre-HAUSPM,C8T1S5I8N5K,8,1,0.000200,0.200,0.100,42745729,42417,1,2840,2841,0,0,0,19792544,0,19629891,0,0.000000,0.000000,0.000000,2449,50984,626.41,0,0,0,0,SUCCESS,0,2,equal,,,,,1,0,4729340,1521,,,used,,,,20260905-0336
2026-09-05 03:44:23,Pre-HAUSPM,C8T1S5I8N5K,9,1,0.000200,0.200,0.100,47416411,47133,1,2979,2981,0,0,0,19323837,0,19169868,0,0.000000,0.000000,0.000000,2623,51786,5046.21,0,0,0,0,SUCCESS,0,2,equal,,,,,1,0,4670682,1710,,,used,,,,20260905-0336
2026-09-05 03:44:31,Pre-HAUSPM,C8T1S5I8N5K,0,2,0.000200,0.200,0.100,4733978,4713,1,7861,7863,0,0,0,126477208,0,122858975,0,0.000000,0.000000,0.000000,23593,215616,1315.30,0,0,0,0,SUCCESS,0,2,equal,,,,,1,0,4733978,0,,,used,,,,20260905-0336
2026-09-05 03:44:33,Pre-HAUSPM,C8T1S5I8N5K,1,2,0.000200,0.200,0.100,9488004,9426,1,1735,1736,0,0,0,21109469,0,20750611,0,0.000000,0.000000,0.000000,6078,62730,567.98,0,0,0,0,SUCCESS,0,2,equal,,,,,1,0,4754026,189,,,used,,,,20260905-0336
2026-09-05 03:44:35,Pre-HAUSPM,C8T1S5I8N5K,2,2,0.000200,0.200,0.100,14222171,14139,1,1743,1745,0,0,0,18224447,0,17987134,0,0.000000,0.000000,0.000000,5572,62409,990.08,0,0,0,0,SUCCESS,0,2,equal,,,,,1,0,4734167,380,,,used,,,,20260905-0336
2026-09-05 03:44:37,Pre-HAUSPM,C8T1S5I8N5K,3,2,0.000200,0.200,0.100,18951306,18852,0,1736,1737,0,0,0,16792668,0,16596308,0,0.000000,0.000000,0.000000,4680,59955,473.37,0,0,0,0,SUCCESS,0,2,equal,,,,,1,0,4729135,569,,,used,,,,20260905-0336
2026-09-05 03:44:38,Pre-HAUSPM,C8T1S5I8N5K,4,2,0.000200,0.200,0.100,23738030,23565,0,1944,1945,0,0,0,17264995,0,17084052,0,0.000000,0.000000,0.000000,3498,55327,543.75,0,0,0,0,SUCCESS,0,2,equal,,,,,1,0,4786724,758,,,used,,,,20260905-0336
2026-09-05 03:44:41,Pre-HAUSPM,C8T1S5I8N5K,5,2,0.000200,0.200,0.100,28544670,28278,1,2194,2196,0,0,0,17890707,0,17715854,0,0.000000,0.000000,0.000000,3088,53952,1253.15,0,0,0,0,SUCCESS,0,2,equal,,,,,1,0,4806640,950,,,used,,,,20260905-0336
2026-09-05 03:44:43,Pre-HAUSPM,C8T1S5I8N5K,6,2,0.000200,0.200,0.100,33272585,32991,0,2437,2437,0,0,0,18851660,0,18681373,0,0.000000,0.000000,0.000000,2965,53169,3127.10,0,0,0,0,SUCCESS,0,2,equal,,,,,1,0,4727915,1142,,,used,,,,20260905-0336
2026-09-05 03:44:46,Pre-HAUSPM,C8T1S5I8N5K,7,2,0.000200,0.200,0.100,38016389,37704,0,2593,2594,0,0,0,19131261,0,18967121,0,0.000000,0.000000,0.000000,2428,51304,2458.54,0,0,0,0,SUCCESS,0,2,equal,,,,,1,0,4743804,1331,,,used,,,,20260905-0336
2026-09-05 03:44:49,Pre-HAUSPM,C8T1S5I8N5K,8,2,0.000200,0.200,0.100,42745729,42417,1,2842,2844,0,0,0,19792544,0,19629891,0,0.000000,0.000000,0.000000,2449,50984,434.42,0,0,0,0,SUCCESS,0,2,equal,,,,,1,0,4729340,1521,,,used,,,,20260905-0336
2026-09-05 03:44:52,Pre-HAUSPM,C8T1S5I8N5K,9,2,0.000200,0.200,0.100,47416411,47133,0,2980,2981,0,0,0,19323837,0,19169868,0,0.000000,0.000000,0.000000,2623,51786,1609.25,0,0,0,0,SUCCESS,0,2,equal,,,,,1,0,4670682,1710,,,used,,,,20260905-0336
# run_id=20260910-0005 git=7a63c47 jvm=26.0.1 heap=24g host=ThaiTMs-MacBook-Pro.local tree=MODIFIED(2) cmd=--exp 7 --algo HAUSP-UB[noEUCS] --repeats 3 --repeats-min-seconds 10 --results-dir results-2026-09 --timeout 90 --resume
2026-09-10 00:05:28,HAUSP-UB[noEUCS],BIBLE,0,0,0.001000,0.000,0.100,3645762,3637,36,689,725,10,49,19,7573328,3717,7519962,2215,0.000000,0.245375,0.251498,6249,0,150.10,7576185,7570070,6115,4911,SUCCESS,50793,0,equal,11726336,2617056,0,2218112,,,,,502,860,used,,,,20260910-0005
2026-09-10 00:05:31,HAUSP-UB[noEUCS],BIBLE,1,0,0.001000,0.000,0.100,7618336,7274,17,2683,2700,0,176,45,25209543,5061,25087295,5328,0.000000,0.240217,0.246175,9961,0,219.50,25209032,25207558,2678,6209,SUCCESS,116697,0,equal,31438976,5507104,0,16046336,,,,,438,661,used,,,,20260910-0005
2026-09-10 00:05:34,HAUSP-UB[noEUCS],BIBLE,2,0,0.001000,0.000,0.100,11275336,10911,14,3012,3026,0,170,33,22510808,6485,22421628,4191,0.000000,0.251681,0.258440,8942,0,281.73,22510437,22509118,2699,7587,SUCCESS,84778,0,equal,26587136,8054528,0,49743744,,,,,436,647,used,,,,20260910-0005
2026-09-10 00:05:38,HAUSP-UB[noEUCS],BIBLE,3,0,0.001000,0.000,0.100,15285217,14548,3,4084,4088,0,188,34,25412914,7802,25321691,4707,0.000000,0.271203,0.279214,10462,0,320.48,25412414,25411088,2647,8894,SUCCESS,86226,0,equal,57810176,10771520,0,94194560,,,,,425,715,used,,,,20260910-0005
2026-09-10 00:05:42,HAUSP-UB[noEUCS],BIBLE,4,0,0.001000,0.000,0.100,18462780,18185,2,4498,4500,0,168,31,24680224,9000,24596098,4262,0.000000,0.275549,0.283641,9860,0,389.97,24679593,24678436,2497,10103,SUCCESS,79564,0,equal,68648960,12981216,0,152211968,,,,,437,737,used,,,,20260910-0005
2026-09-10 00:05:46,HAUSP-UB[noEUCS],BIBLE,5,0,0.001000,0.000,0.100,21273471,21822,2,4257,4260,0,144,25,21228020,9874,21158409,3565,0.000000,0.273114,0.281161,8282,0,449.53,21227051,21226235,2104,10949,SUCCESS,65728,0,equal,75657216,15003680,0,200666368,,,,,422,740,used,,,,20260910-0005
2026-09-10 00:05:52,HAUSP-UB[noEUCS],BIBLE,6,0,0.001000,0.000,0.100,25099415,25459,3,5596,5599,0,171,29,25411433,10456,25333671,4026,0.000000,0.270850,0.278838,8708,0,516.02,25410204,25409609,1853,11543,SUCCESS,73431,0,equal,92786688,17721728,0,238985984,,,,,431,736,used,,,,20260910-0005
2026-09-10 00:05:58,HAUSP-UB[noEUCS],BIBLE,7,0,0.001000,0.000,0.100,28638230,29096,2,6070,6073,0,168,27,25136119,11156,25062571,3751,0.000000,0.269621,0.277548,8225,0,596.34,25134979,25134281,1957,12233,SUCCESS,69458,0,equal,96354304,20257248,0,293135232,,,,,414,753,used,,,,20260910-0005
2026-09-10 00:06:04,HAUSP-UB[noEUCS],BIBLE,8,0,0.001000,0.000,0.100,31850163,32733,2,5930,5933,0,153,24,22734167,11775,22669892,3089,0.000000,0.265305,0.273011,7238,0,669.51,22732959,22732353,1873,12848,SUCCESS,60853,0,equal,108396544,22591200,0,343376768,,,,,417,750,used,,,,20260910-0005
2026-09-10 00:06:10,HAUSP-UB[noEUCS],BIBLE,9,0,0.001000,0.000,0.100,35550162,36369,3,6108,6111,0,146,22,21936545,12820,21877203,2933,0.000000,0.261646,0.269156,6713,0,773.05,21935751,21934690,2319,13905,SUCCESS,56071,0,equal,93001728,25186112,0,440775296,,,,,428,766,used,,,,20260910-0005
2026-09-10 00:06:11,HAUSP-UB[noEUCS],BIBLE,0,1,0.001000,0.000,0.100,3645762,3637,19,638,657,2,59,19,7573328,3717,7519962,2215,0.000000,0.245375,0.251498,6249,0,144.68,7576185,7570070,6115,4911,SUCCESS,50793,0,equal,11507200,2617056,0,2218112,,,,,502,860,used,,,,20260910-0005
2026-09-10 00:06:14,HAUSP-UB[noEUCS],BIBLE,1,1,0.001000,0.000,0.100,7618336,7274,6,2660,2666,1,179,45,25209543,5061,25087295,5328,0.000000,0.240217,0.246175,9961,0,216.48,25209032,25207558,2678,6209,SUCCESS,116697,0,equal,31438976,5507104,0,16046336,,,,,438,661,used,,,,20260910-0005
2026-09-10 00:06:17,HAUSP-UB[noEUCS],BIBLE,2,1,0.001000,0.000,0.100,11275336,10911,2,3003,3006,0,169,33,22510808,6485,22421628,4191,0.000000,0.251681,0.258440,8942,0,254.04,22510437,22509118,2699,7587,SUCCESS,84778,0,equal,43053056,8054528,0,49743744,,,,,436,647,used,,,,20260910-0005
2026-09-10 00:06:21,HAUSP-UB[noEUCS],BIBLE,3,1,0.001000,0.000,0.100,15285217,14548,2,4093,4096,0,191,33,25412914,7802,25321691,4707,0.000000,0.271203,0.279214,10462,0,316.36,25412414,25411088,2647,8894,SUCCESS,86226,0,equal,60382464,10771520,0,94194560,,,,,425,715,used,,,,20260910-0005
2026-09-10 00:06:26,HAUSP-UB[noEUCS],BIBLE,4,1,0.001000,0.000,0.100,18462780,18185,2,4484,4487,0,166,31,24680224,9000,24596098,4262,0.000000,0.275549,0.283641,9860,0,461.51,24679593,24678436,2497,10103,SUCCESS,79564,0,equal,68616192,12981216,0,152211968,,,,,437,737,used,,,,20260910-0005
2026-09-10 00:06:30,HAUSP-UB[noEUCS],BIBLE,5,1,0.001000,0.000,0.100,21273471,21822,2,4270,4273,0,143,25,21228020,9874,21158409,3565,0.000000,0.273114,0.281161,8282,0,592.29,21227051,21226235,2104,10949,SUCCESS,65728,0,equal,75608064,15003680,0,200666368,,,,,422,740,used,,,,20260910-0005
2026-09-10 00:06:36,HAUSP-UB[noEUCS],BIBLE,6,1,0.001000,0.000,0.100,25099415,25459,3,5602,5605,0,170,29,25411433,10456,25333671,4026,0.000000,0.270850,0.278838,8708,0,733.49,25410204,25409609,1853,11543,SUCCESS,73431,0,equal,92786688,17721728,0,238985984,,,,,431,736,used,,,,20260910-0005
2026-09-10 00:06:42,HAUSP-UB[noEUCS],BIBLE,7,1,0.001000,0.000,0.100,28638230,29096,2,6005,6008,0,165,27,25136119,11156,25062571,3751,0.000000,0.269621,0.277548,8225,0,659.24,25134979,25134281,1957,12233,SUCCESS,69458,0,equal,98877440,20257248,0,293135232,,,,,414,753,used,,,,20260910-0005
2026-09-10 00:06:47,HAUSP-UB[noEUCS],BIBLE,8,1,0.001000,0.000,0.100,31850163,32733,2,5899,5902,0,150,24,22734167,11775,22669892,3089,0.000000,0.265305,0.273011,7238,0,819.24,22732959,22732353,1873,12848,SUCCESS,60853,0,equal,107905024,22591200,0,343376768,,,,,417,750,used,,,,20260910-0005
2026-09-10 00:06:54,HAUSP-UB[noEUCS],BIBLE,9,1,0.001000,0.000,0.100,35550162,36369,2,6115,6118,0,145,22,21936545,12820,21877203,2933,0.000000,0.261646,0.269156,6713,0,860.33,21935751,21934690,2319,13905,SUCCESS,56071,0,equal,100825088,25186112,0,440775296,,,,,428,766,used,,,,20260910-0005
2026-09-10 00:06:55,HAUSP-UB[noEUCS],BIBLE,0,2,0.001000,0.000,0.100,3645762,3637,5,643,648,1,60,20,7573328,3717,7519962,2215,0.000000,0.245375,0.251498,6249,0,142.11,7576185,7570070,6115,4911,SUCCESS,50793,0,equal,11726336,2617056,0,2218112,,,,,502,860,used,,,,20260910-0005
2026-09-10 00:06:57,HAUSP-UB[noEUCS],BIBLE,1,2,0.001000,0.000,0.100,7618336,7274,2,2650,2653,0,179,45,25209543,5061,25087295,5328,0.000000,0.240217,0.246175,9961,0,211.30,25209032,25207558,2678,6209,SUCCESS,116697,0,equal,31660160,5507104,0,16046336,,,,,438,661,used,,,,20260910-0005
2026-09-10 00:07:00,HAUSP-UB[noEUCS],BIBLE,2,2,0.001000,0.000,0.100,11275336,10911,2,3010,3012,0,173,33,22510808,6485,22421628,4191,0.000000,0.251681,0.258440,8942,0,259.11,22510437,22509118,2699,7587,SUCCESS,84778,0,equal,42708992,8054528,0,49743744,,,,,436,647,used,,,,20260910-0005
2026-09-10 00:07:05,HAUSP-UB[noEUCS],BIBLE,3,2,0.001000,0.000,0.100,15285217,14548,2,4171,4174,0,201,33,25412914,7802,25321691,4707,0.000000,0.271203,0.279214,10462,0,319.24,25412414,25411088,2647,8894,SUCCESS,86226,0,equal,55930112,10771520,0,94194560,,,,,425,715,used,,,,20260910-0005
2026-09-10 00:07:09,HAUSP-UB[noEUCS],BIBLE,4,2,0.001000,0.000,0.100,18462780,18185,2,4525,4528,0,172,31,24680224,9000,24596098,4262,0.000000,0.275549,0.283641,9860,0,400.48,24679593,24678436,2497,10103,SUCCESS,79564,0,equal,68616192,12981216,0,152211968,,,,,437,737,used,,,,20260910-0005
2026-09-10 00:07:13,HAUSP-UB[noEUCS],BIBLE,5,2,0.001000,0.000,0.100,21273471,21822,2,4286,4288,0,146,25,21228020,9874,21158409,3565,0.000000,0.273114,0.281161,8282,0,455.94,21227051,21226235,2104,10949,SUCCESS,65728,0,equal,69668864,15003680,0,200666368,,,,,422,740,used,,,,20260910-0005
2026-09-10 00:07:19,HAUSP-UB[noEUCS],BIBLE,6,2,0.001000,0.000,0.100,25099415,25459,2,5608,5611,0,173,29,25411433,10456,25333671,4026,0.000000,0.270850,0.278838,8708,0,526.79,25410204,25409609,1853,11543,SUCCESS,73431,0,equal,92786688,17721728,0,238985984,,,,,431,736,used,,,,20260910-0005
2026-09-10 00:07:25,HAUSP-UB[noEUCS],BIBLE,7,2,0.001000,0.000,0.100,28638230,29096,2,6088,6091,0,170,27,25136119,11156,25062571,3751,0.000000,0.269621,0.277548,8225,0,607.52,25134979,25134281,1957,12233,SUCCESS,69458,0,equal,100417536,20257248,0,293135232,,,,,414,753,used,,,,20260910-0005
2026-09-10 00:07:31,HAUSP-UB[noEUCS],BIBLE,8,2,0.001000,0.000,0.100,31850163,32733,2,5921,5924,0,153,24,22734167,11775,22669892,3089,0.000000,0.265305,0.273011,7238,0,666.78,22732959,22732353,1873,12848,SUCCESS,60853,0,equal,106168320,22591200,0,343376768,,,,,417,750,used,,,,20260910-0005
2026-09-10 00:07:37,HAUSP-UB[noEUCS],BIBLE,9,2,0.001000,0.000,0.100,35550162,36369,2,6135,6138,0,147,22,21936545,12820,21877203,2933,0.000000,0.261646,0.269156,6713,0,759.78,21935751,21934690,2319,13905,SUCCESS,56071,0,equal,101136384,25186112,0,440775296,,,,,428,766,used,,,,20260910-0005
2026-09-10 00:07:38,HAUSP-UB[noEUCS],BIBLE,0,0,0.001000,0.000,0.050,1859109,1818,2,386,389,0,51,22,5789311,2406,5731696,2144,0.000000,0.223887,0.228519,5547,0,126.99,5790722,5785526,5196,3859,SUCCESS,55166,0,equal,4533376,1330464,0,1235840,,,,,690,995,used,,,,20260910-0005
2026-09-10 00:07:39,HAUSP-UB[noEUCS],BIBLE,1,0,0.001000,0.000,0.050,3645343,3636,1,661,662,0,68,19,7573415,3716,7520038,2215,0.000000,0.245350,0.251474,6249,0,151.67,7572413,7571494,2256,4911,SUCCESS,50805,0,equal,10986496,2616640,0,6485888,,,,,502,859,used,,,,20260910-0005
2026-09-10 00:07:41,HAUSP-UB[noEUCS],BIBLE,2,0,0.001000,0.000,0.050,5612263,5454,1,2111,2112,0,178,50,21404203,4409,21267076,6326,0.000000,0.230816,0.236292,9762,0,190.99,21403010,21402283,1931,5541,SUCCESS,130532,0,equal,23045760,4023072,0,13825920,,,,,422,691,used,,,,20260910-0005
2026-09-10 00:07:44,HAUSP-UB[noEUCS],BIBLE,3,0,0.001000,0.000,0.050,7614433,7272,1,2684,2685,0,186,45,25212816,5059,25090511,5346,0.000000,0.240245,0.246204,9966,0,241.89,25211674,25210926,2049,6208,SUCCESS,116738,0,equal,34506880,5505152,0,27677696,,,,,439,660,used,,,,20260910-0005
2026-09-10 00:07:47,HAUSP-UB[noEUCS],BIBLE,4,0,0.001000,0.000,0.050,9595961,9090,1,3196,3198,0,211,40,25786248,5909,25676567,5105,0.000000,0.251275,0.257990,10318,0,244.77,25785303,25784477,2208,7038,SUCCESS,104361,0,equal,13289600,6855904,0,50331264,,,,,431,646,used,,,,20260910-0005
2026-09-10 00:07:50,HAUSP-UB[noEUCS],BIBLE,5,0,0.001000,0.000,0.050,11272384,10908,1,3002,3004,0,175,33,22515951,6485,22426737,4196,0.000000,0.251693,0.258453,8946,0,301.26,22514751,22514259,1870,7587,SUCCESS,84807,0,equal,50331648,8052608,0,69848576,,,,,436,647,used,,,,20260910-0005
2026-09-10 00:07:53,HAUSP-UB[noEUCS],BIBLE,6,0,0.001000,0.000,0.050,13191530,12726,1,3306,3308,0,170,31,22750214,6971,22666016,3859,0.000000,0.258241,0.265155,9213,0,369.88,22748927,22748431,1817,8068,SUCCESS,80095,0,equal,62132736,9382880,0,90042880,,,,,427,671,used,,,,20260910-0005
2026-09-10 00:07:57,HAUSP-UB[noEUCS],BIBLE,7,0,0.001000,0.000,0.050,15282410,14544,1,4073,4075,0,179,33,25416949,7800,25325708,4710,0.000000,0.271241,0.279254,10473,0,472.75,25415969,25415139,2166,8894,SUCCESS,86246,0,equal,68058368,10769312,0,130844160,,,,,427,712,used,,,,20260910-0005
2026-09-10 00:08:02,HAUSP-UB[noEUCS],BIBLE,8,0,0.001000,0.000,0.050,17219333,16362,1,4788,4789,0,189,35,27621924,8549,27526183,4724,0.000000,0.278349,0.286476,11246,0,585.53,27620830,27620068,2102,9658,SUCCESS,90706,0,equal,77819904,12105984,0,170961280,,,,,438,749,used,,,,20260910-0005
2026-09-10 00:08:07,HAUSP-UB[noEUCS],BIBLE,9,0,0.001000,0.000,0.050,18457649,18180,1,4483,4484,0,168,31,24697090,8999,24612921,4259,0.000000,0.275576,0.283668,9864,0,667.43,24695694,24695300,1732,10102,SUCCESS,79610,0,equal,85872640,12978048,0,197369344,,,,,437,737,used,,,,20260910-0005
2026-09-10 00:08:11,HAUSP-UB[noEUCS],BIBLE,10,0,0.001000,0.000,0.050,19665021,19998,1,4270,4272,0,157,28,22419509,9366,22344031,3849,0.000000,0.273706,0.281765,8861,0,679.07,22418046,22417713,1621,10455,SUCCESS,71342,0,equal,64883712,13843552,0,223437184,,,,,440,727,used,,,,20260910-0005
2026-09-10 00:08:15,HAUSP-UB[noEUCS],BIBLE,11,0,0.001000,0.000,0.050,21267373,21816,1,4254,4255,0,145,25,21239946,9873,21170294,3560,0.000000,0.273140,0.281189,8286,0,586.52,21238625,21238142,1751,10948,SUCCESS,65775,0,equal,91078656,15000608,0,259010304,,,,,422,739,used,,,,20260910-0005
2026-09-10 00:08:20,HAUSP-UB[noEUCS],BIBLE,12,0,0.001000,0.000,0.050,23121248,23634,1,4888,4890,0,157,27,23223280,10178,23149682,3681,0.000000,0.272749,0.280855,8508,0,674.52,23221770,23221476,1552,11247,SUCCESS,69590,0,equal,100130816,16331904,0,282038784,,,,,413,740,used,,,,20260910-0005
2026-09-10 00:08:26,HAUSP-UB[noEUCS],BIBLE,13,0,0.001000,0.000,0.050,25092863,25452,1,5580,5582,0,171,28,25412439,10454,25334639,4030,0.000000,0.270859,0.278846,8713,0,771.02,25410910,25410610,1553,11541,SUCCESS,73465,0,equal,108052480,17716032,0,307577216,,,,,431,736,used,,,,20260910-0005
2026-09-10 00:08:31,HAUSP-UB[noEUCS],BIBLE,14,0,0.001000,0.000,0.050,26936948,27270,1,5820,5822,0,175,28,25294465,10711,25219011,3887,0.000000,0.271129,0.279082,8590,0,802.52,25292889,25292622,1526,11801,SUCCESS,71255,0,equal,93583360,19025952,0,332016768,,,,,434,746,used,,,,20260910-0005
2026-09-10 00:08:37,HAUSP-UB[noEUCS],BIBLE,15,0,0.001000,0.000,0.050,28631176,29088,1,6038,6039,0,172,27,25144766,11154,25071181,3766,0.000000,0.269636,0.277563,8228,0,780.08,25143366,25142935,1697,12231,SUCCESS,69480,0,equal,116965376,20251232,0,373426816,,,,,414,753,used,,,,20260910-0005
2026-09-10 00:08:43,HAUSP-UB[noEUCS],BIBLE,16,0,0.001000,0.000,0.050,30238418,30906,1,6001,6003,0,164,25,23981082,11426,23912149,3492,0.000000,0.267173,0.274970,7744,0,884.08,23979519,23979264,1522,12498,SUCCESS,65101,0,equal,122728448,21438240,0,398675584,,,,,418,758,used,,,,20260910-0005
2026-09-10 00:08:49,HAUSP-UB[noEUCS],BIBLE,17,0,0.001000,0.000,0.050,31844203,32724,1,5904,5905,0,154,24,22738701,11772,22674406,3088,0.000000,0.265289,0.272995,7238,0,885.81,22737224,22736872,1607,12844,SUCCESS,60872,0,equal,87928832,22585568,0,435710592,,,,,416,751,used,,,,20260910-0005
2026-09-10 00:08:55,HAUSP-UB[noEUCS],BIBLE,18,0,0.001000,0.000,0.050,33599529,34542,1,5868,5869,0,145,22,21758326,12348,21697636,3010,0.000000,0.263209,0.270820,6869,0,970.98,21757068,21756509,1820,13415,SUCCESS,57333,0,equal,116379648,23822464,0,494111360,,,,,415,762,used,,,,20260910-0005
2026-09-10 00:09:01,HAUSP-UB[noEUCS],BIBLE,19,0,0.001000,0.000,0.050,35550162,36369,1,6108,6110,0,147,22,21936545,12820,21877203,2933,0.000000,0.261646,0.269156,6713,0,987.61,21935184,21934681,1752,13905,SUCCESS,56071,0,equal,120453120,25186112,0,541913600,,,,,428,766,used,,,,20260910-0005
2026-09-10 00:09:02,HAUSP-UB[noEUCS],BIBLE,0,1,0.001000,0.000,0.050,1859109,1818,2,387,390,0,52,22,5789311,2406,5731696,2144,0.000000,0.223887,0.228519,5547,0,126.67,5790722,5785526,5196,3859,SUCCESS,55166,0,equal,4975232,1330464,0,1235840,,,,,690,995,used,,,,20260910-0005
2026-09-10 00:09:03,HAUSP-UB[noEUCS],BIBLE,1,1,0.001000,0.000,0.050,3645343,3636,1,660,661,0,68,19,7573415,3716,7520038,2215,0.000000,0.245350,0.251474,6249,0,150.37,7572413,7571494,2256,4911,SUCCESS,50805,0,equal,11328512,2616640,0,6485888,,,,,502,859,used,,,,20260910-0005
2026-09-10 00:09:05,HAUSP-UB[noEUCS],BIBLE,2,1,0.001000,0.000,0.050,5612263,5454,1,2109,2111,0,177,50,21404203,4409,21267076,6326,0.000000,0.230816,0.236292,9762,0,190.68,21403010,21402283,1931,5541,SUCCESS,130532,0,equal,23713408,4023072,0,13825920,,,,,422,691,used,,,,20260910-0005
2026-09-10 00:09:08,HAUSP-UB[noEUCS],BIBLE,3,1,0.001000,0.000,0.050,7614433,7272,1,2686,2687,0,186,45,25212816,5059,25090511,5346,0.000000,0.240245,0.246204,9966,0,236.11,25211674,25210926,2049,6208,SUCCESS,116738,0,equal,33314944,5505152,0,27677696,,,,,439,660,used,,,,20260910-0005
2026-09-10 00:09:11,HAUSP-UB[noEUCS],BIBLE,4,1,0.001000,0.000,0.050,9595961,9090,1,3112,3113,0,200,40,25786248,5909,25676567,5105,0.000000,0.251275,0.257990,10318,0,263.86,25785303,25784477,2208,7038,SUCCESS,104361,0,equal,44068096,6855904,0,50331264,,,,,431,646,used,,,,20260910-0005
2026-09-10 00:09:14,HAUSP-UB[noEUCS],BIBLE,5,1,0.001000,0.000,0.050,11272384,10908,1,2951,2952,0,163,33,22515951,6485,22426737,4196,0.000000,0.251693,0.258453,8946,0,291.87,22514751,22514259,1870,7587,SUCCESS,84807,0,equal,51204096,8052608,0,69848576,,,,,436,647,used,,,,20260910-0005
2026-09-10 00:09:17,HAUSP-UB[noEUCS],BIBLE,6,1,0.001000,0.000,0.050,13191530,12726,1,3265,3267,0,160,31,22750214,6971,22666016,3859,0.000000,0.258241,0.265155,9213,0,333.98,22748927,22748431,1817,8068,SUCCESS,80095,0,equal,61075968,9382880,0,90042880,,,,,427,671,used,,,,20260910-0005
2026-09-10 00:09:21,HAUSP-UB[noEUCS],BIBLE,7,1,0.001000,0.000,0.050,15282410,14544,1,4060,4062,0,174,33,25416949,7800,25325708,4710,0.000000,0.271241,0.279254,10473,0,369.71,25415969,25415139,2166,8894,SUCCESS,86246,0,equal,50229504,10769312,0,130844160,,,,,427,712,used,,,,20260910-0005
2026-09-10 00:09:26,HAUSP-UB[noEUCS],BIBLE,8,1,0.001000,0.000,0.050,17219333,16362,1,4787,4788,0,188,35,27621924,8549,27526183,4724,0.000000,0.278349,0.286476,11246,0,425.66,27620830,27620068,2102,9658,SUCCESS,90706,0,equal,73289728,12105984,0,170961280,,,,,438,749,used,,,,20260910-0005
2026-09-10 00:09:30,HAUSP-UB[noEUCS],BIBLE,9,1,0.001000,0.000,0.050,18457649,18180,1,4498,4500,0,168,31,24697090,8999,24612921,4259,0.000000,0.275576,0.283668,9864,0,458.71,24695694,24695300,1732,10102,SUCCESS,79610,0,equal,81801216,12978048,0,197369344,,,,,437,737,used,,,,20260910-0005
2026-09-10 00:09:35,HAUSP-UB[noEUCS],BIBLE,10,1,0.001000,0.000,0.050,19665021,19998,1,4303,4304,0,152,28,22419509,9366,22344031,3849,0.000000,0.273706,0.281765,8861,0,497.69,22418046,22417713,1621,10455,SUCCESS,71342,0,equal,86466560,13843552,0,223437184,,,,,440,727,used,,,,20260910-0005
2026-09-10 00:09:39,HAUSP-UB[noEUCS],BIBLE,11,1,0.001000,0.000,0.050,21267373,21816,1,4282,4284,0,143,26,21239946,9873,21170294,3560,0.000000,0.273140,0.281189,8286,0,546.12,21238625,21238142,1751,10948,SUCCESS,65775,0,equal,92356608,15000608,0,259010304,,,,,422,739,used,,,,20260910-0005
2026-09-10 00:09:44,HAUSP-UB[noEUCS],BIBLE,12,1,0.001000,0.000,0.050,23121248,23634,1,4919,4921,0,155,27,23223280,10178,23149682,3681,0.000000,0.272749,0.280855,8508,0,583.56,23221770,23221476,1552,11247,SUCCESS,69590,0,equal,100130816,16331904,0,282038784,,,,,413,740,used,,,,20260910-0005
2026-09-10 00:09:50,HAUSP-UB[noEUCS],BIBLE,13,1,0.001000,0.000,0.050,25092863,25452,1,5615,5616,0,170,29,25412439,10454,25334639,4030,0.000000,0.270859,0.278846,8713,0,632.75,25410910,25410610,1553,11541,SUCCESS,73465,0,equal,109756416,17716032,0,307577216,,,,,431,736,used,,,,20260910-0005
2026-09-10 00:09:56,HAUSP-UB[noEUCS],BIBLE,14,1,0.001000,0.000,0.050,26936948,27270,1,5885,5887,0,169,28,25294465,10711,25219011,3887,0.000000,0.271129,0.279082,8590,0,666.94,25292889,25292622,1526,11801,SUCCESS,71255,0,equal,109248512,19025952,0,332016768,,,,,434,746,used,,,,20260910-0005
2026-09-10 00:10:02,HAUSP-UB[noEUCS],BIBLE,15,1,0.001000,0.000,0.050,28631176,29088,1,6084,6085,0,168,27,25144766,11154,25071181,3766,0.000000,0.269636,0.277563,8228,0,703.17,25143366,25142935,1697,12231,SUCCESS,69480,0,equal,113754112,20251232,0,373426816,,,,,414,753,used,,,,20260910-0005
2026-09-10 00:10:08,HAUSP-UB[noEUCS],BIBLE,16,1,0.001000,0.000,0.050,30238418,30906,1,6052,6054,0,162,25,23981082,11426,23912149,3492,0.000000,0.267173,0.274970,7744,0,752.63,23979519,23979264,1522,12498,SUCCESS,65101,0,equal,122728448,21438240,0,398675584,,,,,418,758,used,,,,20260910-0005
2026-09-10 00:10:14,HAUSP-UB[noEUCS],BIBLE,17,1,0.001000,0.000,0.050,31844203,32724,1,5949,5951,0,153,24,22738701,11772,22674406,3088,0.000000,0.265289,0.272995,7238,0,787.80,22737224,22736872,1607,12844,SUCCESS,60872,0,equal,114190336,22585568,0,435710592,,,,,416,751,used,,,,20260910-0005
2026-09-10 00:10:20,HAUSP-UB[noEUCS],BIBLE,18,1,0.001000,0.000,0.050,33599529,34542,1,5907,5908,0,146,22,21758326,12348,21697636,3010,0.000000,0.263209,0.270820,6869,0,865.45,21757068,21756509,1820,13415,SUCCESS,57333,0,equal,116379648,23822464,0,494111360,,,,,415,762,used,,,,20260910-0005
2026-09-10 00:10:26,HAUSP-UB[noEUCS],BIBLE,19,1,0.001000,0.000,0.050,35550162,36369,1,6150,6152,0,147,22,21936545,12820,21877203,2933,0.000000,0.261646,0.269156,6713,0,922.59,21935184,21934681,1752,13905,SUCCESS,56071,0,equal,121010176,25186112,0,541913600,,,,,428,766,used,,,,20260910-0005
2026-09-10 00:10:27,HAUSP-UB[noEUCS],BIBLE,0,2,0.001000,0.000,0.050,1859109,1818,3,385,388,0,51,21,5789311,2406,5731696,2144,0.000000,0.223887,0.228519,5547,0,126.67,5790722,5785526,5196,3859,SUCCESS,55166,0,equal,4975232,1330464,0,1235840,,,,,690,995,used,,,,20260910-0005
2026-09-10 00:10:27,HAUSP-UB[noEUCS],BIBLE,1,2,0.001000,0.000,0.050,3645343,3636,1,658,659,0,68,19,7573415,3716,7520038,2215,0.000000,0.245350,0.251474,6249,0,150.37,7572413,7571494,2256,4911,SUCCESS,50805,0,equal,11328512,2616640,0,6485888,,,,,502,859,used,,,,20260910-0005
2026-09-10 00:10:29,HAUSP-UB[noEUCS],BIBLE,2,2,0.001000,0.000,0.050,5612263,5454,1,2101,2102,0,177,50,21404203,4409,21267076,6326,0.000000,0.230816,0.236292,9762,0,190.67,21403010,21402283,1931,5541,SUCCESS,130532,0,equal,23713408,4023072,0,13825920,,,,,422,691,used,,,,20260910-0005
2026-09-10 00:10:32,HAUSP-UB[noEUCS],BIBLE,3,2,0.001000,0.000,0.050,7614433,7272,1,2683,2684,0,187,45,25212816,5059,25090511,5346,0.000000,0.240245,0.246204,9966,0,236.11,25211674,25210926,2049,6208,SUCCESS,116738,0,equal,33314944,5505152,0,27677696,,,,,439,660,used,,,,20260910-0005
2026-09-10 00:10:35,HAUSP-UB[noEUCS],BIBLE,4,2,0.001000,0.000,0.050,9595961,9090,1,3143,3144,0,203,40,25786248,5909,25676567,5105,0.000000,0.251275,0.257990,10318,0,253.15,25785303,25784477,2208,7038,SUCCESS,104361,0,equal,44174592,6855904,0,50331264,,,,,431,646,used,,,,20260910-0005
2026-09-10 00:10:38,HAUSP-UB[noEUCS],BIBLE,5,2,0.001000,0.000,0.050,11272384,10908,1,2995,2997,0,171,33,22515951,6485,22426737,4196,0.000000,0.251693,0.258453,8946,0,308.06,22514751,22514259,1870,7587,SUCCESS,84807,0,equal,50331648,8052608,0,69848576,,,,,436,647,used,,,,20260910-0005
2026-09-10 00:10:41,HAUSP-UB[noEUCS],BIBLE,6,2,0.001000,0.000,0.050,13191530,12726,1,3292,3294,0,165,31,22750214,6971,22666016,3859,0.000000,0.258241,0.265155,9213,0,376.62,22748927,22748431,1817,8068,SUCCESS,80095,0,equal,62132736,9382880,0,90042880,,,,,427,671,used,,,,20260910-0005
2026-09-10 00:10:46,HAUSP-UB[noEUCS],BIBLE,7,2,0.001000,0.000,0.050,15282410,14544,1,4061,4063,0,175,33,25416949,7800,25325708,4710,0.000000,0.271241,0.279254,10473,0,479.47,25415969,25415139,2166,8894,SUCCESS,86246,0,equal,68058368,10769312,0,130844160,,,,,427,712,used,,,,20260910-0005
2026-09-10 00:10:50,HAUSP-UB[noEUCS],BIBLE,8,2,0.001000,0.000,0.050,17219333,16362,1,4788,4790,0,187,35,27621924,8549,27526183,4724,0.000000,0.278349,0.286476,11246,0,591.54,27620830,27620068,2102,9658,SUCCESS,90706,0,equal,77631488,12105984,0,170961280,,,,,438,749,used,,,,20260910-0005
2026-09-10 00:10:55,HAUSP-UB[noEUCS],BIBLE,9,2,0.001000,0.000,0.050,18457649,18180,1,4486,4487,0,169,31,24697090,8999,24612921,4259,0.000000,0.275576,0.283668,9864,0,646.38,24695694,24695300,1732,10102,SUCCESS,79610,0,equal,75347968,12978048,0,197369344,,,,,437,737,used,,,,20260910-0005
2026-09-10 00:10:59,HAUSP-UB[noEUCS],BIBLE,10,2,0.001000,0.000,0.050,19665021,19998,1,4277,4278,0,158,28,22419509,9366,22344031,3849,0.000000,0.273706,0.281765,8861,0,531.90,22418046,22417713,1621,10455,SUCCESS,71342,0,equal,90849280,13843552,0,223437184,,,,,440,727,used,,,,20260910-0005
2026-09-10 00:11:03,HAUSP-UB[noEUCS],BIBLE,11,2,0.001000,0.000,0.050,21267373,21816,1,4279,4280,0,147,25,21239946,9873,21170294,3560,0.000000,0.273140,0.281189,8286,0,619.90,21238625,21238142,1751,10948,SUCCESS,65775,0,equal,90963968,15000608,0,259010304,,,,,422,739,used,,,,20260910-0005
2026-09-10 00:11:08,HAUSP-UB[noEUCS],BIBLE,12,2,0.001000,0.000,0.050,23121248,23634,1,4905,4907,0,160,27,23223280,10178,23149682,3681,0.000000,0.272749,0.280855,8508,0,707.90,23221770,23221476,1552,11247,SUCCESS,69590,0,equal,99966976,16331904,0,282038784,,,,,413,740,used,,,,20260910-0005
2026-09-10 00:11:14,HAUSP-UB[noEUCS],BIBLE,13,2,0.001000,0.000,0.050,25092863,25452,1,5573,5575,0,173,28,25412439,10454,25334639,4030,0.000000,0.270859,0.278846,8713,0,787.90,25410910,25410610,1553,11541,SUCCESS,73465,0,equal,103538688,17716032,0,307577216,,,,,431,736,used,,,,20260910-0005
2026-09-10 00:11:20,HAUSP-UB[noEUCS],BIBLE,14,2,0.001000,0.000,0.050,26936948,27270,1,5830,5832,0,174,28,25294465,10711,25219011,3887,0.000000,0.271129,0.279082,8590,0,711.79,25292889,25292622,1526,11801,SUCCESS,71255,0,equal,117293056,19025952,0,332016768,,,,,434,746,used,,,,20260910-0005
2026-09-10 00:11:26,HAUSP-UB[noEUCS],BIBLE,15,2,0.001000,0.000,0.050,28631176,29088,1,6043,6044,0,169,27,25144766,11154,25071181,3766,0.000000,0.269636,0.277563,8228,0,832.44,25143366,25142935,1697,12231,SUCCESS,69480,0,equal,116965376,20251232,0,373426816,,,,,414,753,used,,,,20260910-0005
2026-09-10 00:11:32,HAUSP-UB[noEUCS],BIBLE,16,2,0.001000,0.000,0.050,30238418,30906,1,5986,5988,0,162,25,23981082,11426,23912149,3492,0.000000,0.267173,0.274970,7744,0,888.39,23979519,23979264,1522,12498,SUCCESS,65101,0,equal,111863808,21438240,0,398675584,,,,,418,758,used,,,,20260910-0005
2026-09-10 00:11:38,HAUSP-UB[noEUCS],BIBLE,17,2,0.001000,0.000,0.050,31844203,32724,1,5915,5916,0,153,24,22738701,11772,22674406,3088,0.000000,0.265289,0.272995,7238,0,879.62,22737224,22736872,1607,12844,SUCCESS,60872,0,equal,122683392,22585568,0,435710592,,,,,416,751,used,,,,20260910-0005
2026-09-10 00:11:44,HAUSP-UB[noEUCS],BIBLE,18,2,0.001000,0.000,0.050,33599529,34542,1,5859,5860,0,145,22,21758326,12348,21697636,3010,0.000000,0.263209,0.270820,6869,0,969.22,21757068,21756509,1820,13415,SUCCESS,57333,0,equal,100920320,23822464,0,494111360,,,,,415,762,used,,,,20260910-0005
2026-09-10 00:11:50,HAUSP-UB[noEUCS],BIBLE,19,2,0.001000,0.000,0.050,35550162,36369,1,6101,6103,0,146,22,21936545,12820,21877203,2933,0.000000,0.261646,0.269156,6713,0,1032.26,21935184,21934681,1752,13905,SUCCESS,56071,0,equal,118568960,25186112,0,541913600,,,,,428,766,used,,,,20260910-0005
2026-09-10 00:11:51,HAUSP-UB[noEUCS],BIBLE,0,0,0.001000,0.000,0.020,866497,727,1,726,728,0,144,84,12341888,1010,12114330,16933,0.000000,0.192115,0.195291,17296,0,122.70,12342233,12337707,4526,2922,SUCCESS,214137,0,equal,2964224,614784,0,653184,,,,,4177,665,used,,,,20260910-0005
2026-09-10 00:11:51,HAUSP-UB[noEUCS],BIBLE,1,0,0.001000,0.000,0.020,1524146,1454,0,362,363,0,53,24,5904579,1928,5839000,2713,0.000000,0.216569,0.221217,5700,0,126.91,5902699,5902251,2052,3537,SUCCESS,62847,0,equal,3421184,1090496,0,2356864,,,,,867,886,used,,,,20260910-0005
2026-09-10 00:11:52,HAUSP-UB[noEUCS],BIBLE,2,0,0.001000,0.000,0.020,2205873,2181,0,409,410,0,57,18,5581307,2765,5530849,1892,0.000000,0.225522,0.230437,5220,0,136.54,5579496,5579088,1845,4110,SUCCESS,48137,0,equal,5582080,1562816,0,4637824,,,,,610,1039,used,,,,20260910-0005
2026-09-10 00:11:52,HAUSP-UB[noEUCS],BIBLE,3,0,0.001000,0.000,0.020,2902256,2908,0,543,544,0,66,18,6664218,3354,6612725,1915,0.000000,0.233981,0.239012,5667,0,149.32,6662506,6662144,1634,4562,SUCCESS,49152,0,equal,9216000,2089664,0,7425024,,,,,530,956,used,,,,20260910-0005
2026-09-10 00:11:53,HAUSP-UB[noEUCS],BIBLE,4,0,0.001000,0.000,0.020,3644968,3635,0,673,673,0,71,19,7574557,3716,7521169,2215,0.000000,0.245346,0.251469,6253,0,165.34,7572851,7572481,1552,4911,SUCCESS,50815,0,equal,13803520,2616320,0,10621568,,,,,502,860,used,,,,20260910-0005
2026-09-10 00:11:54,HAUSP-UB[noEUCS],BIBLE,5,0,0.001000,0.000,0.020,4457022,4362,0,1268,1268,0,124,33,13750197,3999,13659015,4548,0.000000,0.242268,0.248716,8475,0,184.54,13748538,13748229,1512,5168,SUCCESS,86350,0,equal,20029440,3209184,0,14004352,,,,,463,747,used,,,,20260910-0005
2026-09-10 00:11:56,HAUSP-UB[noEUCS],BIBLE,6,0,0.001000,0.000,0.020,5234523,5089,0,1951,1952,0,175,49,19536791,4261,19401530,6726,0.000000,0.230412,0.236123,9839,0,206.92,19535190,19534898,1547,5408,SUCCESS,128278,0,equal,26898048,3756480,0,18345344,,,,,437,694,used,,,,20260910-0005
2026-09-10 00:11:58,HAUSP-UB[noEUCS],BIBLE,7,0,0.001000,0.000,0.020,6006434,5816,0,2249,2249,0,187,48,22134937,4537,22002772,6096,0.000000,0.236362,0.242179,9955,0,229.40,22133385,22133136,1556,5655,SUCCESS,125799,0,equal,32510208,4292480,0,23896960,,,,,411,681,used,,,,20260910-0005
2026-09-10 00:12:01,HAUSP-UB[noEUCS],BIBLE,8,0,0.001000,0.000,0.020,6806358,6543,0,2468,2468,0,190,46,23640051,4797,23514003,5706,0.000000,0.237756,0.243647,9868,0,258.16,23638510,23638188,1631,5943,SUCCESS,120079,0,equal,38608384,4907264,0,32051840,,,,,420,683,used,,,,20260910-0005
2026-09-10 00:12:04,HAUSP-UB[noEUCS],BIBLE,9,0,0.001000,0.000,0.020,7612608,7270,0,2777,2778,0,207,45,25220882,5059,25098493,5371,0.000000,0.240221,0.246179,9963,0,264.59,25219338,25219034,1647,6208,SUCCESS,116797,0,equal,33931264,5503616,0,40030080,,,,,439,660,used,,,,20260910-0005
2026-09-10 00:12:07,HAUSP-UB[noEUCS],BIBLE,10,0,0.001000,0.000,0.020,8492656,7997,0,3193,3193,0,221,46,27932972,5527,27806342,6046,0.000000,0.248479,0.254986,11005,0,259.94,27931628,27931153,1857,6660,SUCCESS,120338,0,equal,49088896,6094368,0,56031872,,,,,417,663,used,,,,20260910-0005
2026-09-10 00:12:10,HAUSP-UB[noEUCS],BIBLE,11,0,0.001000,0.000,0.020,9245983,8724,0,3140,3141,0,205,42,26438876,5792,26324268,5429,0.000000,0.250156,0.256835,10508,0,294.99,26437350,26437097,1658,6925,SUCCESS,108949,0,equal,55988736,6603936,0,66172544,,,,,428,658,used,,,,20260910-0005
2026-09-10 00:12:13,HAUSP-UB[noEUCS],BIBLE,12,0,0.001000,0.000,0.020,9904335,9451,0,3028,3029,0,181,38,24838541,6035,24734189,4927,0.000000,0.251228,0.257953,9966,0,287.74,24836997,24836800,1590,7149,SUCCESS,99193,0,equal,61335040,7080832,0,75453568,,,,,422,654,used,,,,20260910-0005
2026-09-10 00:12:16,HAUSP-UB[noEUCS],BIBLE,13,0,0.001000,0.000,0.020,10602542,10178,0,2983,2984,0,170,35,23496366,6271,23400643,4421,0.000000,0.250858,0.257590,9331,0,319.97,23494841,23494645,1562,7382,SUCCESS,91081,0,equal,64505856,7574432,0,86745856,,,,,426,647,used,,,,20260910-0005
2026-09-10 00:12:19,HAUSP-UB[noEUCS],BIBLE,14,0,0.001000,0.000,0.020,11268638,10905,0,2952,2953,0,161,33,22508685,6485,22419496,4192,0.000000,0.251716,0.258480,8947,0,354.26,22507140,22506942,1527,7587,SUCCESS,84785,0,equal,68872192,8049184,0,97741184,,,,,436,648,used,,,,20260910-0005
2026-09-10 00:12:22,HAUSP-UB[noEUCS],BIBLE,15,0,0.001000,0.000,0.020,12030436,11632,0,3165,3166,0,164,33,23258913,6717,23169756,4182,0.000000,0.254281,0.261102,9135,0,393.06,23257373,23257124,1571,7818,SUCCESS,84735,0,equal,73965568,8600736,0,109850880,,,,,430,670,used,,,,20260910-0005
2026-09-10 00:12:25,HAUSP-UB[noEUCS],BIBLE,16,0,0.001000,0.000,0.020,12770457,12359,0,3168,3169,0,158,31,22487300,6842,22403319,3789,0.000000,0.253892,0.260657,8852,0,427.34,22485669,22485551,1458,7945,SUCCESS,79972,0,equal,80563712,9097152,0,117504896,,,,,435,655,used,,,,20260910-0005
2026-09-10 00:12:29,HAUSP-UB[noEUCS],BIBLE,17,0,0.001000,0.000,0.020,13609906,13086,0,3534,3535,0,167,32,23958436,7299,23870189,4232,0.000000,0.263079,0.270345,9761,0,484.60,23957105,23956653,1783,8398,SUCCESS,83766,0,equal,77903360,9662912,0,145683840,,,,,436,685,used,,,,20260910-0005
2026-09-10 00:12:33,HAUSP-UB[noEUCS],BIBLE,18,0,0.001000,0.000,0.020,14413555,13813,0,3763,3764,0,168,32,24356402,7675,24267123,4566,0.000000,0.267849,0.275667,9993,0,543.97,24354986,24354620,1696,8775,SUCCESS,84464,0,equal,80933376,10179712,0,168918400,,,,,444,693,used,,,,20260910-0005
2026-09-10 00:12:37,HAUSP-UB[noEUCS],BIBLE,19,0,0.001000,0.000,0.020,15274599,14540,0,4069,4070,0,175,33,25377987,7801,25286910,4691,0.000000,0.270901,0.278897,10448,0,592.02,25376300,25376161,1458,8894,SUCCESS,86100,0,equal,91974912,10765504,0,177121408,,,,,427,713,used,,,,20260910-0005
2026-09-10 00:12:41,HAUSP-UB[noEUCS],BIBLE,20,0,0.001000,0.000,0.020,16173291,15267,0,4648,4649,0,191,36,27859443,8068,27760938,5045,0.000000,0.278077,0.286178,11562,0,655.91,27857908,27857604,1643,9180,SUCCESS,93196,0,equal,97853440,11382016,0,197280256,,,,,445,709,used,,,,20260910-0005
2026-09-10 00:12:46,HAUSP-UB[noEUCS],BIBLE,21,0,0.001000,0.000,0.020,16940988,15994,0,4862,4863,0,192,36,28387851,8390,28289102,4998,0.000000,0.278884,0.287027,11627,0,720.02,28386331,28386002,1686,9513,SUCCESS,93469,0,equal,98295808,11919264,0,223195648,,,,,448,730,used,,,,20260910-0005
2026-09-10 00:12:51,HAUSP-UB[noEUCS],BIBLE,22,0,0.001000,0.000,0.020,17473586,16721,0,4699,4700,0,182,34,26957253,8691,26864028,4773,0.000000,0.277596,0.285710,10931,0,555.15,26955676,26955417,1612,9794,SUCCESS,88131,0,equal,102039552,12285728,0,244509696,,,,,434,755,used,,,,20260910-0005
2026-09-10 00:12:56,HAUSP-UB[noEUCS],BIBLE,23,0,0.001000,0.000,0.020,17971609,17448,0,4595,4595,0,174,32,25815549,8855,25727055,4515,0.000000,0.276599,0.284711,10388,0,603.15,25813868,25813718,1481,9964,SUCCESS,83680,0,equal,105723904,12632832,0,259128192,,,,,443,742,used,,,,20260910-0005
2026-09-10 00:13:00,HAUSP-UB[noEUCS],BIBLE,24,0,0.001000,0.000,0.020,18454730,18175,0,4478,4478,0,166,31,24703100,8997,24618908,4257,0.000000,0.275584,0.283676,9866,0,651.15,24701396,24701283,1424,10100,SUCCESS,79635,0,equal,110424064,12975776,0,270830976,,,,,437,737,used,,,,20260910-0005
2026-09-10 00:13:04,HAUSP-UB[noEUCS],BIBLE,25,0,0.001000,0.000,0.020,18979655,18902,0,4392,4393,0,160,29,23717243,9109,23636950,4064,0.000000,0.274812,0.282885,9448,0,691.15,23715527,23715431,1384,10210,SUCCESS,75941,0,equal,114116608,13340864,0,280831232,,,,,437,725,used,,,,20260910-0005
2026-09-10 00:13:09,HAUSP-UB[noEUCS],BIBLE,26,0,0.001000,0.000,0.020,19444532,19629,0,4323,4323,0,155,28,22889707,9263,22812536,3879,0.000000,0.274171,0.282235,9067,0,739.15,22888028,22887892,1410,10354,SUCCESS,72999,0,equal,115748864,13693408,0,293952000,,,,,439,732,used,,,,20260910-0005
2026-09-10 00:13:13,HAUSP-UB[noEUCS],BIBLE,27,0,0.001000,0.000,0.020,19916631,20356,0,4227,4227,0,149,27,21998362,9456,21924625,3768,0.000000,0.273154,0.281210,8648,0,787.15,21996744,21996559,1451,10542,SUCCESS,69684,0,equal,115548160,14030016,0,311699328,,,,,435,720,used,,,,20260910-0005
2026-09-10 00:13:17,HAUSP-UB[noEUCS],BIBLE,28,0,0.001000,0.000,0.020,20589697,21083,0,4264,4265,0,147,26,21699666,9686,21627780,3686,0.000000,0.273245,0.281315,8467,0,843.15,21698076,21697854,1485,10762,SUCCESS,67888,0,equal,113856512,14509376,0,332012544,,,,,422,734,used,,,,20260910-0005
2026-09-10 00:13:22,HAUSP-UB[noEUCS],BIBLE,29,0,0.001000,0.000,0.020,21262796,21810,0,4245,4246,0,143,25,21246192,9873,21176515,3561,0.000000,0.273141,0.281189,8288,0,851.15,21244564,21244385,1444,10948,SUCCESS,65799,0,equal,100540416,14996960,0,348992128,,,,,422,739,used,,,,20260910-0005
2026-09-10 00:13:26,HAUSP-UB[noEUCS],BIBLE,30,0,0.001000,0.000,0.020,21898494,22537,0,4265,4266,0,140,25,20994953,10006,20927099,3336,0.000000,0.272746,0.280764,8094,0,754.43,20993267,20993146,1379,11080,SUCCESS,64191,0,equal,117202944,15467680,0,362042240,,,,,417,744,used,,,,20260910-0005
2026-09-10 00:13:30,HAUSP-UB[noEUCS],BIBLE,31,0,0.001000,0.000,0.020,22634028,23264,0,4438,4439,0,143,25,21347137,10112,21278991,3360,0.000000,0.272120,0.280104,8066,0,802.49,21345438,21345334,1351,11188,SUCCESS,64480,0,equal,120881152,15987424,0,373081344,,,,,425,731,used,,,,20260910-0005
2026-09-10 00:13:35,HAUSP-UB[noEUCS],BIBLE,32,0,0.001000,0.000,0.020,23550108,23991,0,5166,5167,0,162,28,24390496,10214,24313847,3906,0.000000,0.272279,0.280332,8718,0,866.40,24388795,24388666,1372,11299,SUCCESS,72445,0,equal,125837312,16627264,0,384189952,,,,,429,727,used,,,,20260910-0005
2026-09-10 00:13:41,HAUSP-UB[noEUCS],BIBLE,33,0,0.001000,0.000,0.020,24269313,24718,0,5328,5329,0,165,28,24684182,10323,24607469,4025,0.000000,0.273022,0.281155,8758,0,921.85,24682474,24682372,1363,11406,SUCCESS,72382,0,equal,129843200,17126112,0,395003904,,,,,426,732,used,,,,20260910-0005
2026-09-10 00:13:46,HAUSP-UB[noEUCS],BIBLE,34,0,0.001000,0.000,0.020,25088787,25445,0,5571,5571,0,169,29,25420364,10453,25342535,4030,0.000000,0.270864,0.278851,8715,0,937.97,25418674,25418537,1393,11540,SUCCESS,73493,0,equal,118816768,17712608,0,409169024,,,,,431,737,used,,,,20260910-0005
2026-09-10 00:13:52,HAUSP-UB[noEUCS],BIBLE,35,0,0.001000,0.000,0.020,25918277,26172,0,5772,5773,0,171,28,25744407,10551,25666669,4044,0.000000,0.271260,0.279250,8753,0,878.30,25742669,25742563,1365,11637,SUCCESS,73364,0,equal,136445952,18294496,0,419854720,,,,,419,749,used,,,,20260910-0005
2026-09-10 00:13:58,HAUSP-UB[noEUCS],BIBLE,36,0,0.001000,0.000,0.020,26586935,26899,0,5818,5819,0,170,28,25376632,10649,25300552,3884,0.000000,0.271201,0.279166,8636,0,948.45,25374887,25374789,1366,11734,SUCCESS,71867,0,equal,140050432,18771904,0,431094784,,,,,428,757,used,,,,20260910-0005
2026-09-10 00:14:04,HAUSP-UB[noEUCS],BIBLE,37,0,0.001000,0.000,0.020,27302124,27626,0,6101,6102,0,175,29,26288212,10782,26210471,3979,0.000000,0.271038,0.279038,8683,0,1006.30,26286517,26286371,1415,11871,SUCCESS,73443,0,equal,140009472,19291552,0,446494592,,,,,424,743,used,,,,20260910-0005
2026-09-10 00:14:10,HAUSP-UB[noEUCS],BIBLE,38,0,0.001000,0.000,0.020,27965996,28353,0,6082,6082,0,171,28,25698948,10987,25623216,3844,0.000000,0.270745,0.278730,8477,0,932.78,25697317,25697128,1467,12072,SUCCESS,71563,0,equal,136978432,19775264,0,468905728,,,,,422,747,used,,,,20260910-0005
2026-09-10 00:14:16,HAUSP-UB[noEUCS],BIBLE,39,0,0.001000,0.000,0.020,28625360,29080,0,6052,6052,0,167,27,25152181,11152,25078571,3767,0.000000,0.269654,0.277582,8232,0,1012.72,25150509,25150351,1424,12229,SUCCESS,69505,0,equal,138575872,20245952,0,486576512,,,,,414,752,used,,,,20260910-0005
2026-09-10 00:14:22,HAUSP-UB[noEUCS],BIBLE,40,0,0.001000,0.000,0.020,29264437,29807,0,6011,6012,0,165,26,24546346,11268,24475036,3586,0.000000,0.268657,0.276539,8016,0,1051.08,24544631,24544530,1368,12341,SUCCESS,67386,0,equal,136347648,20713472,0,499768576,,,,,416,754,used,,,,20260910-0005
2026-09-10 00:14:28,HAUSP-UB[noEUCS],BIBLE,41,0,0.001000,0.000,0.020,29936049,30534,0,6017,6018,0,162,26,24177652,11374,24107909,3535,0.000000,0.267670,0.275492,7840,0,1023.83,24175924,24175820,1360,12445,SUCCESS,65863,0,equal,141230080,21205952,0,511889920,,,,,416,761,used,,,,20260910-0005
2026-09-10 00:14:34,HAUSP-UB[noEUCS],BIBLE,42,0,0.001000,0.000,0.020,30549328,31261,0,5978,5979,0,158,25,23618122,11481,23550284,3369,0.000000,0.266635,0.274411,7618,0,1097.28,23616398,23616299,1355,12549,SUCCESS,64122,0,equal,143015936,21655840,0,524337664,,,,,413,760,used,,,,20260910-0005
2026-09-10 00:14:40,HAUSP-UB[noEUCS],BIBLE,43,0,0.001000,0.000,0.020,31108308,31988,0,5902,5903,0,154,24,23038528,11535,22972739,3168,0.000000,0.266011,0.273767,7372,0,1097.44,23036752,23036700,1303,12600,SUCCESS,62266,0,equal,137314304,22062080,0,530406656,,,,,407,762,used,,,,20260910-0005
2026-09-10 00:14:46,HAUSP-UB[noEUCS],BIBLE,44,0,0.001000,0.000,0.020,31834331,32715,0,5904,5905,0,152,24,22743564,11765,22679240,3095,0.000000,0.265316,0.273023,7242,0,1120.99,22741978,22741730,1500,12839,SUCCESS,60896,0,equal,137367552,22578400,0,558720256,,,,,418,751,used,,,,20260910-0005
2026-09-10 00:14:52,HAUSP-UB[noEUCS],BIBLE,45,0,0.001000,0.000,0.020,32531623,33442,0,5893,5894,0,150,23,22382550,12033,22319635,3121,0.000000,0.264378,0.272043,7090,0,1087.18,22380990,22380731,1520,13105,SUCCESS,59459,0,equal,135847936,23090624,0,590374016,,,,,419,754,used,,,,20260910-0005
2026-09-10 00:14:58,HAUSP-UB[noEUCS],BIBLE,46,0,0.001000,0.000,0.020,33198864,34169,0,5858,5859,0,146,22,21903276,12238,21841903,3056,0.000000,0.263414,0.271035,6925,0,1138.04,21901656,21901456,1454,13308,SUCCESS,57980,0,equal,128905216,23541984,0,613010944,,,,,416,753,used,,,,20260910-0005
2026-09-10 00:15:04,HAUSP-UB[noEUCS],BIBLE,47,0,0.001000,0.000,0.020,34004350,34896,0,5903,5904,0,146,22,21696732,12474,21636578,2937,0.000000,0.262377,0.269934,6793,0,1182.52,21695143,21694895,1499,13552,SUCCESS,56894,0,equal,136921088,24098240,0,640930688,,,,,432,755,used,,,,20260910-0005
2026-09-10 00:15:10,HAUSP-UB[noEUCS],BIBLE,48,0,0.001000,0.000,0.020,34789702,35623,0,5971,5972,0,146,22,21714632,12708,21655251,2909,0.000000,0.261353,0.268857,6690,0,1196.23,21713024,21712790,1489,13790,SUCCESS,56136,0,equal,135626752,24638336,0,667962752,,,,,428,764,used,,,,20260910-0005
2026-09-10 00:15:16,HAUSP-UB[noEUCS],BIBLE,49,0,0.001000,0.000,0.020,35550162,36369,0,6110,6110,0,146,22,21936545,12820,21877203,2933,0.000000,0.261646,0.269156,6713,0,1202.47,21934809,21934683,1377,13905,SUCCESS,56071,0,equal,136945664,25186112,0,681917696,,,,,428,766,used,,,,20260910-0005
2026-09-10 00:15:17,HAUSP-UB[noEUCS],BIBLE,0,1,0.001000,0.000,0.020,866497,727,1,726,728,0,143,83,12341888,1010,12114330,16933,0.000000,0.192115,0.195291,17296,0,121.37,12342233,12337707,4526,2922,SUCCESS,214137,0,equal,2964224,614784,0,653184,,,,,4177,665,used,,,,20260910-0005
2026-09-10 00:15:17,HAUSP-UB[noEUCS],BIBLE,1,1,0.001000,0.000,0.020,1524146,1454,0,361,361,0,53,24,5904579,1928,5839000,2713,0.000000,0.216569,0.221217,5700,0,126.91,5902699,5902251,2052,3537,SUCCESS,62847,0,equal,3924224,1090496,0,2356864,,,,,867,886,used,,,,20260910-0005
2026-09-10 00:15:18,HAUSP-UB[noEUCS],BIBLE,2,1,0.001000,0.000,0.020,2205873,2181,0,409,409,0,56,18,5581307,2765,5530849,1892,0.000000,0.225522,0.230437,5220,0,136.58,5579496,5579088,1845,4110,SUCCESS,48137,0,equal,6251264,1562816,0,4637824,,,,,610,1039,used,,,,20260910-0005
2026-09-10 00:15:18,HAUSP-UB[noEUCS],BIBLE,3,1,0.001000,0.000,0.020,2902256,2908,0,542,542,0,66,18,6664218,3354,6612725,1915,0.000000,0.233981,0.239012,5667,0,146.13,6662506,6662144,1634,4562,SUCCESS,49152,0,equal,8045568,2089664,0,7425024,,,,,530,956,used,,,,20260910-0005
2026-09-10 00:15:19,HAUSP-UB[noEUCS],BIBLE,4,1,0.001000,0.000,0.020,3644968,3635,0,672,673,0,71,19,7574557,3716,7521169,2215,0.000000,0.245346,0.251469,6253,0,162.17,7572851,7572481,1552,4911,SUCCESS,50815,0,equal,13194240,2616320,0,10621568,,,,,502,860,used,,,,20260910-0005
2026-09-10 00:15:20,HAUSP-UB[noEUCS],BIBLE,5,1,0.001000,0.000,0.020,4457022,4362,0,1265,1265,0,123,33,13750197,3999,13659015,4548,0.000000,0.242268,0.248716,8475,0,181.34,13748538,13748229,1512,5168,SUCCESS,86350,0,equal,19163136,3209184,0,14004352,,,,,463,747,used,,,,20260910-0005
2026-09-10 00:15:22,HAUSP-UB[noEUCS],BIBLE,6,1,0.001000,0.000,0.020,5234523,5089,0,1946,1947,0,174,49,19536791,4261,19401530,6726,0.000000,0.230412,0.236123,9839,0,206.92,19535190,19534898,1547,5408,SUCCESS,128278,0,equal,27434624,3756480,0,18345344,,,,,437,694,used,,,,20260910-0005
2026-09-10 00:15:24,HAUSP-UB[noEUCS],BIBLE,7,1,0.001000,0.000,0.020,6006434,5816,0,2243,2244,0,186,48,22134937,4537,22002772,6096,0.000000,0.236362,0.242179,9955,0,229.39,22133385,22133136,1556,5655,SUCCESS,125799,0,equal,33100032,4292480,0,23896960,,,,,411,681,used,,,,20260910-0005
2026-09-10 00:15:27,HAUSP-UB[noEUCS],BIBLE,8,1,0.001000,0.000,0.020,6806358,6543,0,2464,2464,0,190,46,23640051,4797,23514003,5706,0.000000,0.237756,0.243647,9868,0,254.94,23638510,23638188,1631,5943,SUCCESS,120079,0,equal,37838336,4907264,0,32051840,,,,,420,683,used,,,,20260910-0005
2026-09-10 00:15:30,HAUSP-UB[noEUCS],BIBLE,9,1,0.001000,0.000,0.020,7612608,7270,0,2767,2768,0,206,45,25220882,5059,25098493,5371,0.000000,0.240221,0.246179,9963,0,264.61,25219338,25219034,1647,6208,SUCCESS,116797,0,equal,33931264,5503616,0,40030080,,,,,439,660,used,,,,20260910-0005
2026-09-10 00:15:33,HAUSP-UB[noEUCS],BIBLE,10,1,0.001000,0.000,0.020,8492656,7997,0,3186,3187,0,220,46,27932972,5527,27806342,6046,0.000000,0.248479,0.254986,11005,0,264.58,27931628,27931153,1857,6660,SUCCESS,120338,0,equal,48900480,6094368,0,56031872,,,,,417,663,used,,,,20260910-0005
2026-09-10 00:15:36,HAUSP-UB[noEUCS],BIBLE,11,1,0.001000,0.000,0.020,9245983,8724,0,3124,3125,0,204,42,26438876,5792,26324268,5429,0.000000,0.250156,0.256835,10508,0,286.33,26437350,26437097,1658,6925,SUCCESS,108949,0,equal,50176512,6603936,0,66172544,,,,,428,658,used,,,,20260910-0005
2026-09-10 00:15:39,HAUSP-UB[noEUCS],BIBLE,12,1,0.001000,0.000,0.020,9904335,9451,0,3064,3064,0,192,38,24838541,6035,24734189,4927,0.000000,0.251228,0.257953,9966,0,305.11,24836997,24836800,1590,7149,SUCCESS,99193,0,equal,61474304,7080832,0,75453568,,,,,422,654,used,,,,20260910-0005
2026-09-10 00:15:42,HAUSP-UB[noEUCS],BIBLE,13,1,0.001000,0.000,0.020,10602542,10178,0,3005,3005,0,177,35,23496366,6271,23400643,4421,0.000000,0.250858,0.257590,9331,0,326.91,23494841,23494645,1562,7382,SUCCESS,91081,0,equal,64899072,7574432,0,86745856,,,,,426,647,used,,,,20260910-0005
2026-09-10 00:15:45,HAUSP-UB[noEUCS],BIBLE,14,1,0.001000,0.000,0.020,11268638,10905,0,2967,2968,0,168,33,22508685,6485,22419496,4192,0.000000,0.251716,0.258480,8947,0,351.93,22507140,22506942,1527,7587,SUCCESS,84785,0,equal,69126144,8049184,0,97741184,,,,,436,648,used,,,,20260910-0005
2026-09-10 00:15:48,HAUSP-UB[noEUCS],BIBLE,15,1,0.001000,0.000,0.020,12030436,11632,0,3172,3172,0,169,33,23258913,6717,23169756,4182,0.000000,0.254281,0.261102,9135,0,372.98,23257373,23257124,1571,7818,SUCCESS,84735,0,equal,71188480,8600736,0,109850880,,,,,430,670,used,,,,20260910-0005
2026-09-10 00:15:51,HAUSP-UB[noEUCS],BIBLE,16,1,0.001000,0.000,0.020,12770457,12359,0,3175,3175,0,164,31,22487300,6842,22403319,3789,0.000000,0.253892,0.260657,8852,0,374.54,22485669,22485551,1458,7945,SUCCESS,79972,0,equal,80465408,9097152,0,117504896,,,,,435,655,used,,,,20260910-0005
2026-09-10 00:15:55,HAUSP-UB[noEUCS],BIBLE,17,1,0.001000,0.000,0.020,13609906,13086,0,3541,3541,0,171,32,23958436,7299,23870189,4232,0.000000,0.263079,0.270345,9761,0,400.17,23957105,23956653,1783,8398,SUCCESS,83766,0,equal,77313536,9662912,0,145683840,,,,,436,685,used,,,,20260910-0005
2026-09-10 00:15:59,HAUSP-UB[noEUCS],BIBLE,18,1,0.001000,0.000,0.020,14413555,13813,0,3768,3769,0,172,33,24356402,7675,24267123,4566,0.000000,0.267849,0.275667,9993,0,420.59,24354986,24354620,1696,8775,SUCCESS,84464,0,equal,75047424,10179712,0,168918400,,,,,444,693,used,,,,20260910-0005
2026-09-10 00:16:03,HAUSP-UB[noEUCS],BIBLE,19,1,0.001000,0.000,0.020,15274599,14540,0,4075,4076,0,179,33,25377987,7801,25286910,4691,0.000000,0.270901,0.278897,10448,0,447.92,25376300,25376161,1458,8894,SUCCESS,86100,0,equal,92155136,10765504,0,177121408,,,,,427,713,used,,,,20260910-0005
2026-09-10 00:16:07,HAUSP-UB[noEUCS],BIBLE,20,1,0.001000,0.000,0.020,16173291,15267,0,4662,4663,0,194,36,27859443,8068,27760938,5045,0.000000,0.278077,0.286178,11562,0,475.45,27857908,27857604,1643,9180,SUCCESS,93196,0,equal,92250112,11382016,0,197280256,,,,,445,709,used,,,,20260910-0005
2026-09-10 00:16:12,HAUSP-UB[noEUCS],BIBLE,21,1,0.001000,0.000,0.020,16940988,15994,0,4889,4890,0,195,36,28387851,8390,28289102,4998,0.000000,0.278884,0.287027,11627,0,510.32,28386331,28386002,1686,9513,SUCCESS,93469,0,equal,98689024,11919264,0,223195648,,,,,448,730,used,,,,20260910-0005
2026-09-10 00:16:17,HAUSP-UB[noEUCS],BIBLE,22,1,0.001000,0.000,0.020,17473586,16721,0,4751,4751,0,187,34,26957253,8691,26864028,4773,0.000000,0.277596,0.285710,10931,0,541.99,26955676,26955417,1612,9794,SUCCESS,88131,0,equal,102039552,12285728,0,244509696,,,,,434,755,used,,,,20260910-0005
2026-09-10 00:16:22,HAUSP-UB[noEUCS],BIBLE,23,1,0.001000,0.000,0.020,17971609,17448,0,4630,4631,0,178,32,25815549,8855,25727055,4515,0.000000,0.276599,0.284711,10388,0,562.91,25813868,25813718,1481,9964,SUCCESS,83680,0,equal,105723904,12632832,0,259128192,,,,,443,742,used,,,,20260910-0005
2026-09-10 00:16:26,HAUSP-UB[noEUCS],BIBLE,24,1,0.001000,0.000,0.020,18454730,18175,0,4513,4513,0,168,31,24703100,8997,24618908,4257,0.000000,0.275584,0.283676,9866,0,576.36,24701396,24701283,1424,10100,SUCCESS,79635,0,equal,104738816,12975776,0,270830976,,,,,437,737,used,,,,20260910-0005
2026-09-10 00:16:31,HAUSP-UB[noEUCS],BIBLE,25,1,0.001000,0.000,0.020,18979655,18902,0,4428,4429,0,162,29,23717243,9109,23636950,4064,0.000000,0.274812,0.282885,9448,0,597.66,23715527,23715431,1384,10210,SUCCESS,75941,0,equal,110102528,13340864,0,280831232,,,,,437,725,used,,,,20260910-0005
2026-09-10 00:16:35,HAUSP-UB[noEUCS],BIBLE,26,1,0.001000,0.000,0.020,19444532,19629,0,4347,4347,0,155,28,22889707,9263,22812536,3879,0.000000,0.274171,0.282235,9067,0,619.11,22888028,22887892,1410,10354,SUCCESS,72999,0,equal,113815552,13693408,0,293952000,,,,,439,732,used,,,,20260910-0005
2026-09-10 00:16:39,HAUSP-UB[noEUCS],BIBLE,27,1,0.001000,0.000,0.020,19916631,20356,0,4247,4248,0,150,27,21998362,9456,21924625,3768,0.000000,0.273154,0.281210,8648,0,645.80,21996744,21996559,1451,10542,SUCCESS,69684,0,equal,115679232,14030016,0,311699328,,,,,435,720,used,,,,20260910-0005
2026-09-10 00:16:44,HAUSP-UB[noEUCS],BIBLE,28,1,0.001000,0.000,0.020,20589697,21083,0,4268,4269,0,146,26,21699666,9686,21627780,3686,0.000000,0.273245,0.281315,8467,0,659.00,21698076,21697854,1485,10762,SUCCESS,67888,0,equal,114511872,14509376,0,332012544,,,,,422,734,used,,,,20260910-0005
2026-09-10 00:16:48,HAUSP-UB[noEUCS],BIBLE,29,1,0.001000,0.000,0.020,21262796,21810,0,4281,4282,0,144,25,21246192,9873,21176515,3561,0.000000,0.273141,0.281189,8288,0,695.94,21244564,21244385,1444,10948,SUCCESS,65799,0,equal,115351552,14996960,0,348992128,,,,,422,739,used,,,,20260910-0005
2026-09-10 00:16:52,HAUSP-UB[noEUCS],BIBLE,30,1,0.001000,0.000,0.020,21898494,22537,0,4296,4297,0,141,25,20994953,10006,20927099,3336,0.000000,0.272746,0.280764,8094,0,707.42,20993267,20993146,1379,11080,SUCCESS,64191,0,equal,112844800,15467680,0,362042240,,,,,417,744,used,,,,20260910-0005
2026-09-10 00:16:57,HAUSP-UB[noEUCS],BIBLE,31,1,0.001000,0.000,0.020,22634028,23264,0,4464,4464,0,144,25,21347137,10112,21278991,3360,0.000000,0.272120,0.280104,8066,0,728.60,21345438,21345334,1351,11188,SUCCESS,64480,0,equal,119930880,15987424,0,373081344,,,,,425,731,used,,,,20260910-0005
2026-09-10 00:17:02,HAUSP-UB[noEUCS],BIBLE,32,1,0.001000,0.000,0.020,23550108,23991,0,5189,5190,0,164,28,24390496,10214,24313847,3906,0.000000,0.272279,0.280332,8718,0,723.15,24388795,24388666,1372,11299,SUCCESS,72445,0,equal,111673344,16627264,0,384189952,,,,,429,727,used,,,,20260910-0005
2026-09-10 00:17:07,HAUSP-UB[noEUCS],BIBLE,33,1,0.001000,0.000,0.020,24269313,24718,0,5358,5359,0,166,28,24684182,10323,24607469,4025,0.000000,0.273022,0.281155,8758,0,745.10,24682474,24682372,1363,11406,SUCCESS,72382,0,equal,130351104,17126112,0,395003904,,,,,426,732,used,,,,20260910-0005
2026-09-10 00:17:13,HAUSP-UB[noEUCS],BIBLE,34,1,0.001000,0.000,0.020,25088787,25445,0,5614,5615,0,172,28,25420364,10453,25342535,4030,0.000000,0.270864,0.278851,8715,0,785.41,25418674,25418537,1393,11540,SUCCESS,73493,0,equal,132055040,17712608,0,409169024,,,,,431,737,used,,,,20260910-0005
2026-09-10 00:17:19,HAUSP-UB[noEUCS],BIBLE,35,1,0.001000,0.000,0.020,25918277,26172,0,5799,5800,0,172,28,25744407,10551,25666669,4044,0.000000,0.271260,0.279250,8753,0,796.79,25742669,25742563,1365,11637,SUCCESS,73364,0,equal,136445952,18294496,0,419854720,,,,,419,749,used,,,,20260910-0005
2026-09-10 00:17:25,HAUSP-UB[noEUCS],BIBLE,36,1,0.001000,0.000,0.020,26586935,26899,0,5844,5845,0,170,28,25376632,10649,25300552,3884,0.000000,0.271201,0.279166,8636,0,811.93,25374887,25374789,1366,11734,SUCCESS,71867,0,equal,135163904,18771904,0,431094784,,,,,428,757,used,,,,20260910-0005
2026-09-10 00:17:31,HAUSP-UB[noEUCS],BIBLE,37,1,0.001000,0.000,0.020,27302124,27626,0,6122,6123,0,176,29,26288212,10782,26210471,3979,0.000000,0.271038,0.279038,8683,0,825.76,26286517,26286371,1415,11871,SUCCESS,73443,0,equal,140697600,19291552,0,446494592,,,,,424,743,used,,,,20260910-0005
2026-09-10 00:17:37,HAUSP-UB[noEUCS],BIBLE,38,1,0.001000,0.000,0.020,27965996,28353,0,6120,6121,0,171,28,25698948,10987,25623216,3844,0.000000,0.270745,0.278730,8477,0,862.68,25697317,25697128,1467,12072,SUCCESS,71563,0,equal,135094272,19775264,0,468905728,,,,,422,747,used,,,,20260910-0005
2026-09-10 00:17:43,HAUSP-UB[noEUCS],BIBLE,39,1,0.001000,0.000,0.020,28625360,29080,0,6084,6085,0,167,27,25152181,11152,25078571,3767,0.000000,0.269654,0.277582,8232,0,893.57,25150509,25150351,1424,12229,SUCCESS,69505,0,equal,133873664,20245952,0,486576512,,,,,414,752,used,,,,20260910-0005
2026-09-10 00:17:49,HAUSP-UB[noEUCS],BIBLE,40,1,0.001000,0.000,0.020,29264437,29807,0,6030,6031,0,164,26,24546346,11268,24475036,3586,0.000000,0.268657,0.276539,8016,0,909.56,24544631,24544530,1368,12341,SUCCESS,67386,0,equal,140787712,20713472,0,499768576,,,,,416,754,used,,,,20260910-0005
2026-09-10 00:17:55,HAUSP-UB[noEUCS],BIBLE,41,1,0.001000,0.000,0.020,29936049,30534,0,6034,6035,0,161,25,24177652,11374,24107909,3535,0.000000,0.267670,0.275492,7840,0,937.61,24175924,24175820,1360,12445,SUCCESS,65863,0,equal,140640256,21205952,0,511889920,,,,,416,761,used,,,,20260910-0005
2026-09-10 00:18:01,HAUSP-UB[noEUCS],BIBLE,42,1,0.001000,0.000,0.020,30549328,31261,0,5995,5996,0,157,25,23618122,11481,23550284,3369,0.000000,0.266635,0.274411,7618,0,944.78,23616398,23616299,1355,12549,SUCCESS,64122,0,equal,136826880,21655840,0,524337664,,,,,413,760,used,,,,20260910-0005
2026-09-10 00:18:07,HAUSP-UB[noEUCS],BIBLE,43,1,0.001000,0.000,0.020,31108308,31988,0,5943,5944,0,153,24,23038528,11535,22972739,3168,0.000000,0.266011,0.273767,7372,0,975.60,23036752,23036700,1303,12600,SUCCESS,62266,0,equal,146571264,22062080,0,530406656,,,,,407,762,used,,,,20260910-0005
2026-09-10 00:18:13,HAUSP-UB[noEUCS],BIBLE,44,1,0.001000,0.000,0.020,31834331,32715,0,5948,5949,0,152,24,22743564,11765,22679240,3095,0.000000,0.265316,0.273023,7242,0,1000.76,22741978,22741730,1500,12839,SUCCESS,60896,0,equal,140353536,22578400,0,558720256,,,,,418,751,used,,,,20260910-0005
2026-09-10 00:18:19,HAUSP-UB[noEUCS],BIBLE,45,1,0.001000,0.000,0.020,32531623,33442,0,5936,5937,0,149,23,22382550,12033,22319635,3121,0.000000,0.264378,0.272043,7090,0,1017.39,22380990,22380731,1520,13105,SUCCESS,59459,0,equal,131170304,23090624,0,590374016,,,,,419,754,used,,,,20260910-0005
2026-09-10 00:18:25,HAUSP-UB[noEUCS],BIBLE,46,1,0.001000,0.000,0.020,33198864,34169,0,5904,5904,0,146,23,21903276,12238,21841903,3056,0.000000,0.263414,0.271035,6925,0,1050.67,21901656,21901456,1454,13308,SUCCESS,57980,0,equal,133079040,23541984,0,613010944,,,,,416,753,used,,,,20260910-0005
2026-09-10 00:18:31,HAUSP-UB[noEUCS],BIBLE,47,1,0.001000,0.000,0.020,34004350,34896,0,5938,5938,0,145,22,21696732,12474,21636578,2937,0.000000,0.262377,0.269934,6793,0,1093.83,21695143,21694895,1499,13552,SUCCESS,56894,0,equal,137478144,24098240,0,640930688,,,,,432,755,used,,,,20260910-0005
2026-09-10 00:18:37,HAUSP-UB[noEUCS],BIBLE,48,1,0.001000,0.000,0.020,34789702,35623,0,6010,6011,0,145,22,21714632,12708,21655251,2909,0.000000,0.261353,0.268857,6690,0,1122.52,21713024,21712790,1489,13790,SUCCESS,56136,0,equal,135626752,24638336,0,667962752,,,,,428,764,used,,,,20260910-0005
2026-09-10 00:18:43,HAUSP-UB[noEUCS],BIBLE,49,1,0.001000,0.000,0.020,35550162,36369,0,6135,6136,0,147,22,21936545,12820,21877203,2933,0.000000,0.261646,0.269156,6713,0,1138.79,21934809,21934683,1377,13905,SUCCESS,56071,0,equal,142434304,25186112,0,681917696,,,,,428,766,used,,,,20260910-0005
2026-09-10 00:18:44,HAUSP-UB[noEUCS],BIBLE,0,2,0.001000,0.000,0.020,866497,727,1,734,736,0,146,84,12341888,1010,12114330,16933,0.000000,0.192115,0.195291,17296,0,120.06,12342233,12337707,4526,2922,SUCCESS,214137,0,equal,2552576,614784,0,653184,,,,,4177,665,used,,,,20260910-0005
2026-09-10 00:18:44,HAUSP-UB[noEUCS],BIBLE,1,2,0.001000,0.000,0.020,1524146,1454,0,362,363,0,53,24,5904579,1928,5839000,2713,0.000000,0.216569,0.221217,5700,0,126.59,5902699,5902251,2052,3537,SUCCESS,62847,0,equal,3924224,1090496,0,2356864,,,,,867,886,used,,,,20260910-0005
2026-09-10 00:18:45,HAUSP-UB[noEUCS],BIBLE,2,2,0.001000,0.000,0.020,2205873,2181,0,409,409,0,57,18,5581307,2765,5530849,1892,0.000000,0.225522,0.230437,5220,0,135.30,5579496,5579088,1845,4110,SUCCESS,48137,0,equal,5774592,1562816,0,4637824,,,,,610,1039,used,,,,20260910-0005
2026-09-10 00:18:45,HAUSP-UB[noEUCS],BIBLE,3,2,0.001000,0.000,0.020,2902256,2908,0,542,543,0,66,19,6664218,3354,6612725,1915,0.000000,0.233981,0.239012,5667,0,148.37,6662506,6662144,1634,4562,SUCCESS,49152,0,equal,9357312,2089664,0,7425024,,,,,530,956,used,,,,20260910-0005
2026-09-10 00:18:46,HAUSP-UB[noEUCS],BIBLE,4,2,0.001000,0.000,0.020,3644968,3635,0,672,672,0,71,19,7574557,3716,7521169,2215,0.000000,0.245346,0.251469,6253,0,161.51,7572851,7572481,1552,4911,SUCCESS,50815,0,equal,12529664,2616320,0,10621568,,,,,502,860,used,,,,20260910-0005
2026-09-10 00:18:47,HAUSP-UB[noEUCS],BIBLE,5,2,0.001000,0.000,0.020,4457022,4362,0,1265,1266,0,124,33,13750197,3999,13659015,4548,0.000000,0.242268,0.248716,8475,0,183.27,13748538,13748229,1512,5168,SUCCESS,86350,0,equal,20029440,3209184,0,14004352,,,,,463,747,used,,,,20260910-0005
2026-09-10 00:18:49,HAUSP-UB[noEUCS],BIBLE,6,2,0.001000,0.000,0.020,5234523,5089,0,1947,1948,0,175,50,19536791,4261,19401530,6726,0.000000,0.230412,0.236123,9839,0,206.60,19535190,19534898,1547,5408,SUCCESS,128278,0,equal,27434624,3756480,0,18345344,,,,,437,694,used,,,,20260910-0005
2026-09-10 00:18:51,HAUSP-UB[noEUCS],BIBLE,7,2,0.001000,0.000,0.020,6006434,5816,0,2244,2245,0,187,48,22134937,4537,22002772,6096,0.000000,0.236362,0.242179,9955,0,228.45,22133385,22133136,1556,5655,SUCCESS,125799,0,equal,32694528,4292480,0,23896960,,,,,411,681,used,,,,20260910-0005
2026-09-10 00:18:54,HAUSP-UB[noEUCS],BIBLE,8,2,0.001000,0.000,0.020,6806358,6543,0,2456,2457,0,189,46,23640051,4797,23514003,5706,0.000000,0.237756,0.243647,9868,0,251.71,23638510,23638188,1631,5943,SUCCESS,120079,0,equal,36761088,4907264,0,32051840,,,,,420,683,used,,,,20260910-0005
2026-09-10 00:18:57,HAUSP-UB[noEUCS],BIBLE,9,2,0.001000,0.000,0.020,7612608,7270,0,2773,2773,0,207,45,25220882,5059,25098493,5371,0.000000,0.240221,0.246179,9963,0,221.95,25219338,25219034,1647,6208,SUCCESS,116797,0,equal,45277312,5503616,0,40030080,,,,,439,660,used,,,,20260910-0005
2026-09-10 00:19:00,HAUSP-UB[noEUCS],BIBLE,10,2,0.001000,0.000,0.020,8492656,7997,0,3181,3182,0,219,46,27932972,5527,27806342,6046,0.000000,0.248479,0.254986,11005,0,260.99,27931628,27931153,1857,6660,SUCCESS,120338,0,equal,48261504,6094368,0,56031872,,,,,417,663,used,,,,20260910-0005
2026-09-10 00:19:03,HAUSP-UB[noEUCS],BIBLE,11,2,0.001000,0.000,0.020,9245983,8724,0,3141,3141,0,207,42,26438876,5792,26324268,5429,0.000000,0.250156,0.256835,10508,0,283.71,26437350,26437097,1658,6925,SUCCESS,108949,0,equal,50176512,6603936,0,66172544,,,,,428,658,used,,,,20260910-0005
2026-09-10 00:19:06,HAUSP-UB[noEUCS],BIBLE,12,2,0.001000,0.000,0.020,9904335,9451,0,3073,3074,0,195,38,24838541,6035,24734189,4927,0.000000,0.251228,0.257953,9966,0,290.66,24836997,24836800,1590,7149,SUCCESS,99193,0,equal,61335040,7080832,0,75453568,,,,,422,654,used,,,,20260910-0005
2026-09-10 00:19:09,HAUSP-UB[noEUCS],BIBLE,13,2,0.001000,0.000,0.020,10602542,10178,0,3012,3012,0,181,35,23496366,6271,23400643,4421,0.000000,0.250858,0.257590,9331,0,308.61,23494841,23494645,1562,7382,SUCCESS,91081,0,equal,58392576,7574432,0,86745856,,,,,426,647,used,,,,20260910-0005
2026-09-10 00:19:12,HAUSP-UB[noEUCS],BIBLE,14,2,0.001000,0.000,0.020,11268638,10905,0,2972,2973,0,169,33,22508685,6485,22419496,4192,0.000000,0.251716,0.258480,8947,0,335.60,22507140,22506942,1527,7587,SUCCESS,84785,0,equal,69126144,8049184,0,97741184,,,,,436,648,used,,,,20260910-0005
2026-09-10 00:19:15,HAUSP-UB[noEUCS],BIBLE,15,2,0.001000,0.000,0.020,12030436,11632,0,3187,3188,0,173,33,23258913,6717,23169756,4182,0.000000,0.254281,0.261102,9135,0,353.90,23257373,23257124,1571,7818,SUCCESS,84735,0,equal,71188480,8600736,0,109850880,,,,,430,670,used,,,,20260910-0005
2026-09-10 00:19:18,HAUSP-UB[noEUCS],BIBLE,16,2,0.001000,0.000,0.020,12770457,12359,0,3187,3188,0,165,31,22487300,6842,22403319,3789,0.000000,0.253892,0.260657,8852,0,367.35,22485669,22485551,1458,7945,SUCCESS,79972,0,equal,80563712,9097152,0,117504896,,,,,435,655,used,,,,20260910-0005
2026-09-10 00:19:22,HAUSP-UB[noEUCS],BIBLE,17,2,0.001000,0.000,0.020,13609906,13086,0,3552,3553,0,172,32,23958436,7299,23870189,4232,0.000000,0.263079,0.270345,9761,0,389.55,23957105,23956653,1783,8398,SUCCESS,83766,0,equal,69832192,9662912,0,145683840,,,,,436,685,used,,,,20260910-0005
2026-09-10 00:19:26,HAUSP-UB[noEUCS],BIBLE,18,2,0.001000,0.000,0.020,14413555,13813,0,3774,3775,0,172,33,24356402,7675,24267123,4566,0.000000,0.267849,0.275667,9993,0,417.20,24354986,24354620,1696,8775,SUCCESS,84464,0,equal,81048064,10179712,0,168918400,,,,,444,693,used,,,,20260910-0005
2026-09-10 00:19:30,HAUSP-UB[noEUCS],BIBLE,19,2,0.001000,0.000,0.020,15274599,14540,0,4077,4078,0,178,33,25377987,7801,25286910,4691,0.000000,0.270901,0.278897,10448,0,449.52,25376300,25376161,1458,8894,SUCCESS,86100,0,equal,92155136,10765504,0,177121408,,,,,427,713,used,,,,20260910-0005
2026-09-10 00:19:35,HAUSP-UB[noEUCS],BIBLE,20,2,0.001000,0.000,0.020,16173291,15267,0,4659,4660,0,195,36,27859443,8068,27760938,5045,0.000000,0.278077,0.286178,11562,0,476.22,27857908,27857604,1643,9180,SUCCESS,93196,0,equal,97656832,11382016,0,197280256,,,,,445,709,used,,,,20260910-0005
2026-09-10 00:19:39,HAUSP-UB[noEUCS],BIBLE,21,2,0.001000,0.000,0.020,16940988,15994,0,4900,4901,0,196,37,28387851,8390,28289102,4998,0.000000,0.278884,0.287027,11627,0,510.17,28386331,28386002,1686,9513,SUCCESS,93469,0,equal,99065856,11919264,0,223195648,,,,,448,730,used,,,,20260910-0005
2026-09-10 00:19:44,HAUSP-UB[noEUCS],BIBLE,22,2,0.001000,0.000,0.020,17473586,16721,0,4752,4753,0,187,34,26957253,8691,26864028,4773,0.000000,0.277596,0.285710,10931,0,540.37,26955676,26955417,1612,9794,SUCCESS,88131,0,equal,102039552,12285728,0,244509696,,,,,434,755,used,,,,20260910-0005
2026-09-10 00:19:49,HAUSP-UB[noEUCS],BIBLE,23,2,0.001000,0.000,0.020,17971609,17448,0,4639,4639,0,177,33,25815549,8855,25727055,4515,0.000000,0.276599,0.284711,10388,0,560.37,25813868,25813718,1481,9964,SUCCESS,83680,0,equal,105723904,12632832,0,259128192,,,,,443,742,used,,,,20260910-0005
2026-09-10 00:19:53,HAUSP-UB[noEUCS],BIBLE,24,2,0.001000,0.000,0.020,18454730,18175,0,4508,4508,0,168,31,24703100,8997,24618908,4257,0.000000,0.275584,0.283676,9866,0,575.24,24701396,24701283,1424,10100,SUCCESS,79635,0,equal,105754624,12975776,0,270830976,,,,,437,737,used,,,,20260910-0005
2026-09-10 00:19:58,HAUSP-UB[noEUCS],BIBLE,25,2,0.001000,0.000,0.020,18979655,18902,0,4416,4416,0,162,29,23717243,9109,23636950,4064,0.000000,0.274812,0.282885,9448,0,596.80,23715527,23715431,1384,10210,SUCCESS,75941,0,equal,111642624,13340864,0,280831232,,,,,437,725,used,,,,20260910-0005
2026-09-10 00:20:02,HAUSP-UB[noEUCS],BIBLE,26,2,0.001000,0.000,0.020,19444532,19629,0,4346,4346,0,157,28,22889707,9263,22812536,3879,0.000000,0.274171,0.282235,9067,0,617.61,22888028,22887892,1410,10354,SUCCESS,72999,0,equal,116076544,13693408,0,293952000,,,,,439,732,used,,,,20260910-0005
2026-09-10 00:20:06,HAUSP-UB[noEUCS],BIBLE,27,2,0.001000,0.000,0.020,19916631,20356,0,4244,4245,0,150,27,21998362,9456,21924625,3768,0.000000,0.273154,0.281210,8648,0,626.89,21996744,21996559,1451,10542,SUCCESS,69684,0,equal,108094464,14030016,0,311699328,,,,,435,720,used,,,,20260910-0005
2026-09-10 00:20:11,HAUSP-UB[noEUCS],BIBLE,28,2,0.001000,0.000,0.020,20589697,21083,0,4274,4275,0,148,26,21699666,9686,21627780,3686,0.000000,0.273245,0.281315,8467,0,658.08,21698076,21697854,1485,10762,SUCCESS,67888,0,equal,114479104,14509376,0,332012544,,,,,422,734,used,,,,20260910-0005
2026-09-10 00:20:15,HAUSP-UB[noEUCS],BIBLE,29,2,0.001000,0.000,0.020,21262796,21810,0,4276,4277,0,143,26,21246192,9873,21176515,3561,0.000000,0.273141,0.281189,8288,0,681.61,21244564,21244385,1444,10948,SUCCESS,65799,0,equal,115204096,14996960,0,348992128,,,,,422,739,used,,,,20260910-0005
2026-09-10 00:20:19,HAUSP-UB[noEUCS],BIBLE,30,2,0.001000,0.000,0.020,21898494,22537,0,4303,4303,0,143,25,20994953,10006,20927099,3336,0.000000,0.272746,0.280764,8094,0,699.58,20993267,20993146,1379,11080,SUCCESS,64191,0,equal,116695040,15467680,0,362042240,,,,,417,744,used,,,,20260910-0005
2026-09-10 00:20:24,HAUSP-UB[noEUCS],BIBLE,31,2,0.001000,0.000,0.020,22634028,23264,0,4465,4466,0,143,25,21347137,10112,21278991,3360,0.000000,0.272120,0.280104,8066,0,716.05,21345438,21345334,1351,11188,SUCCESS,64480,0,equal,119930880,15987424,0,373081344,,,,,425,731,used,,,,20260910-0005
2026-09-10 00:20:29,HAUSP-UB[noEUCS],BIBLE,32,2,0.001000,0.000,0.020,23550108,23991,0,5189,5190,0,165,28,24390496,10214,24313847,3906,0.000000,0.272279,0.280332,8718,0,739.51,24388795,24388666,1372,11299,SUCCESS,72445,0,equal,121184256,16627264,0,384189952,,,,,429,727,used,,,,20260910-0005
2026-09-10 00:20:34,HAUSP-UB[noEUCS],BIBLE,33,2,0.001000,0.000,0.020,24269313,24718,0,5353,5354,0,166,28,24684182,10323,24607469,4025,0.000000,0.273022,0.281155,8758,0,752.93,24682474,24682372,1363,11406,SUCCESS,72382,0,equal,124948480,17126112,0,395003904,,,,,426,732,used,,,,20260910-0005
2026-09-10 00:20:40,HAUSP-UB[noEUCS],BIBLE,34,2,0.001000,0.000,0.020,25088787,25445,0,5613,5613,0,171,29,25420364,10453,25342535,4030,0.000000,0.270864,0.278851,8715,0,780.12,25418674,25418537,1393,11540,SUCCESS,73493,0,equal,132055040,17712608,0,409169024,,,,,431,737,used,,,,20260910-0005
2026-09-10 00:20:46,HAUSP-UB[noEUCS],BIBLE,35,2,0.001000,0.000,0.020,25918277,26172,0,5810,5811,0,174,29,25744407,10551,25666669,4044,0.000000,0.271260,0.279250,8753,0,807.60,25742669,25742563,1365,11637,SUCCESS,73364,0,equal,136593408,18294496,0,419854720,,,,,419,749,used,,,,20260910-0005
2026-09-10 00:20:52,HAUSP-UB[noEUCS],BIBLE,36,2,0.001000,0.000,0.020,26586935,26899,0,5832,5833,0,170,28,25376632,10649,25300552,3884,0.000000,0.271201,0.279166,8636,0,828.55,25374887,25374789,1366,11734,SUCCESS,71867,0,equal,139657216,18771904,0,431094784,,,,,428,757,used,,,,20260910-0005
2026-09-10 00:20:58,HAUSP-UB[noEUCS],BIBLE,37,2,0.001000,0.000,0.020,27302124,27626,0,6132,6132,0,176,29,26288212,10782,26210471,3979,0.000000,0.271038,0.279038,8683,0,837.78,26286517,26286371,1415,11871,SUCCESS,73443,0,equal,140697600,19291552,0,446494592,,,,,424,743,used,,,,20260910-0005
2026-09-10 00:21:04,HAUSP-UB[noEUCS],BIBLE,38,2,0.001000,0.000,0.020,27965996,28353,0,6114,6115,0,172,28,25698948,10987,25623216,3844,0.000000,0.270745,0.278730,8477,0,869.90,25697317,25697128,1467,12072,SUCCESS,71563,0,equal,132636672,19775264,0,468905728,,,,,422,747,used,,,,20260910-0005
2026-09-10 00:21:10,HAUSP-UB[noEUCS],BIBLE,39,2,0.001000,0.000,0.020,28625360,29080,0,6076,6077,0,169,27,25152181,11152,25078571,3767,0.000000,0.269654,0.277582,8232,0,883.45,25150509,25150351,1424,12229,SUCCESS,69505,0,equal,138215424,20245952,0,486576512,,,,,414,752,used,,,,20260910-0005
2026-09-10 00:21:16,HAUSP-UB[noEUCS],BIBLE,40,2,0.001000,0.000,0.020,29264437,29807,0,6046,6047,0,165,27,24546346,11268,24475036,3586,0.000000,0.268657,0.276539,8016,0,920.89,24544631,24544530,1368,12341,SUCCESS,67386,0,equal,140787712,20713472,0,499768576,,,,,416,754,used,,,,20260910-0005
2026-09-10 00:21:22,HAUSP-UB[noEUCS],BIBLE,41,2,0.001000,0.000,0.020,29936049,30534,0,6040,6041,0,162,26,24177652,11374,24107909,3535,0.000000,0.267670,0.275492,7840,0,930.31,24175924,24175820,1360,12445,SUCCESS,65863,0,equal,141721600,21205952,0,511889920,,,,,416,761,used,,,,20260910-0005
2026-09-10 00:21:28,HAUSP-UB[noEUCS],BIBLE,42,2,0.001000,0.000,0.020,30549328,31261,0,5997,5998,0,159,25,23618122,11481,23550284,3369,0.000000,0.266635,0.274411,7618,0,953.74,23616398,23616299,1355,12549,SUCCESS,64122,0,equal,142786560,21655840,0,524337664,,,,,413,760,used,,,,20260910-0005
2026-09-10 00:21:34,HAUSP-UB[noEUCS],BIBLE,43,2,0.001000,0.000,0.020,31108308,31988,0,5935,5936,0,155,24,23038528,11535,22972739,3168,0.000000,0.266011,0.273767,7372,0,969.84,23036752,23036700,1303,12600,SUCCESS,62266,0,equal,145129472,22062080,0,530406656,,,,,407,762,used,,,,20260910-0005
2026-09-10 00:21:40,HAUSP-UB[noEUCS],BIBLE,44,2,0.001000,0.000,0.020,31834331,32715,0,5951,5952,0,154,24,22743564,11765,22679240,3095,0.000000,0.265316,0.273023,7242,0,993.56,22741978,22741730,1500,12839,SUCCESS,60896,0,equal,141893632,22578400,0,558720256,,,,,418,751,used,,,,20260910-0005
2026-09-10 00:21:46,HAUSP-UB[noEUCS],BIBLE,45,2,0.001000,0.000,0.020,32531623,33442,0,5929,5930,0,150,23,22382550,12033,22319635,3121,0.000000,0.264378,0.272043,7090,0,1027.25,22380990,22380731,1520,13105,SUCCESS,59459,0,equal,135847936,23090624,0,590374016,,,,,419,754,used,,,,20260910-0005
2026-09-10 00:21:52,HAUSP-UB[noEUCS],BIBLE,46,2,0.001000,0.000,0.020,33198864,34169,0,5901,5902,0,147,23,21903276,12238,21841903,3056,0.000000,0.263414,0.271035,6925,0,1043.24,21901656,21901456,1454,13308,SUCCESS,57980,0,equal,133079040,23541984,0,613010944,,,,,416,753,used,,,,20260910-0005
2026-09-10 00:21:58,HAUSP-UB[noEUCS],BIBLE,47,2,0.001000,0.000,0.020,34004350,34896,0,5950,5951,0,146,22,21696732,12474,21636578,2937,0.000000,0.262377,0.269934,6793,0,1072.89,21695143,21694895,1499,13552,SUCCESS,56894,0,equal,137478144,24098240,0,640930688,,,,,432,755,used,,,,20260910-0005
2026-09-10 00:22:04,HAUSP-UB[noEUCS],BIBLE,48,2,0.001000,0.000,0.020,34789702,35623,0,6022,6023,0,147,22,21714632,12708,21655251,2909,0.000000,0.261353,0.268857,6690,0,1106.80,21713024,21712790,1489,13790,SUCCESS,56136,0,equal,132546560,24638336,0,667962752,,,,,428,764,used,,,,20260910-0005
2026-09-10 00:22:10,HAUSP-UB[noEUCS],BIBLE,49,2,0.001000,0.000,0.020,35550162,36369,0,6149,6150,0,148,22,21936545,12820,21877203,2933,0.000000,0.261646,0.269156,6713,0,1127.49,21934809,21934683,1377,13905,SUCCESS,56071,0,equal,142532608,25186112,0,681917696,,,,,428,766,used,,,,20260910-0005
2026-09-10 00:23:06,HAUSP-UB[noEUCS],BIBLE,0,0,0.001000,0.000,0.010,521590,364,0,55808,55809,0,13099,9463,880003023,354,849653524,7371037,0.000000,0.193762,0.195039,2888527,0,118.36,880003127,879999016,4111,2363,SUCCESS,24654603,0,equal,1683328,369088,0,450688,,,,,1676391,250,used,,,,20260910-0005
2026-09-10 00:23:07,HAUSP-UB[noEUCS],BIBLE,1,0,0.001000,0.000,0.010,867091,728,0,712,713,0,142,82,12308495,1013,12081899,16734,0.000000,0.192301,0.195485,17246,0,123.05,12306480,12306062,2166,2925,SUCCESS,213335,0,equal,3052160,615520,0,1348608,,,,,4138,665,used,,,,20260910-0005
2026-09-10 00:23:08,HAUSP-UB[noEUCS],BIBLE,2,0,0.001000,0.000,0.010,1186430,1092,0,436,436,0,73,35,7449555,1474,7351806,4740,0.000000,0.213059,0.217547,7603,0,129.45,7447312,7446993,1923,3276,SUCCESS,93607,0,equal,4397184,859840,0,2357120,,,,,1390,792,used,,,,20260910-0005
2026-09-10 00:23:08,HAUSP-UB[noEUCS],BIBLE,3,0,0.001000,0.000,0.010,1526482,1456,0,375,375,0,57,24,5896294,1929,5830877,2744,0.000000,0.216442,0.221093,5676,0,132.65,5894060,5893935,1697,3537,SUCCESS,62650,0,equal,4892544,1092160,0,3318912,,,,,864,887,used,,,,20260910-0005
2026-09-10 00:23:08,HAUSP-UB[noEUCS],BIBLE,4,0,0.001000,0.000,0.010,1860904,1820,0,403,404,0,59,21,5783409,2408,5725888,2157,0.000000,0.223827,0.228459,5537,0,139.05,5781284,5781059,1661,3861,SUCCESS,55057,0,equal,6369408,1331520,0,4880128,,,,,689,996,used,,,,20260910-0005
2026-09-10 00:23:09,HAUSP-UB[noEUCS],BIBLE,5,0,0.001000,0.000,0.010,2208557,2184,0,411,411,0,57,18,5576979,2768,5526598,1907,0.000000,0.225550,0.230464,5211,0,145.46,5574848,5574663,1522,4112,SUCCESS,48046,0,equal,8026112,1564416,0,6369920,,,,,610,1038,used,,,,20260910-0005
2026-09-10 00:23:09,HAUSP-UB[noEUCS],BIBLE,6,0,0.001000,0.000,0.010,2563385,2548,0,485,486,0,62,19,6173350,3075,6121656,1880,0.000000,0.230288,0.235224,5505,0,151.89,6171318,6171173,1416,4319,SUCCESS,49353,0,equal,9585792,1831872,0,7984384,,,,,534,995,used,,,,20260910-0005
2026-09-10 00:23:10,HAUSP-UB[noEUCS],BIBLE,7,0,0.001000,0.000,0.010,2904647,2912,0,543,543,0,66,19,6659100,3355,6607686,1910,0.000000,0.233965,0.238998,5658,0,158.25,6657180,6656964,1425,4563,SUCCESS,49078,0,equal,10439680,2091872,0,10372352,,,,,530,956,used,,,,20260910-0005
2026-09-10 00:23:10,HAUSP-UB[noEUCS],BIBLE,8,0,0.001000,0.000,0.010,3271034,3276,0,590,590,0,66,19,6956121,3610,6904419,2064,0.000000,0.240674,0.246345,5928,0,167.87,6954253,6953985,1449,4820,SUCCESS,49232,0,equal,12710912,2354784,0,12774144,,,,,509,915,used,,,,20260910-0005
2026-09-10 00:23:11,HAUSP-UB[noEUCS],BIBLE,9,0,0.001000,0.000,0.010,3648000,3640,0,670,671,0,71,19,7570437,3718,7517107,2208,0.000000,0.245445,0.251569,6250,0,177.47,7568477,7568373,1296,4911,SUCCESS,50765,0,equal,16459776,2618752,0,14176640,,,,,501,858,used,,,,20260910-0005
2026-09-10 00:23:12,HAUSP-UB[noEUCS],BIBLE,10,0,0.001000,0.000,0.010,4069193,4004,0,917,917,0,91,24,10056987,3855,9989481,3083,0.000000,0.248011,0.254434,7422,0,190.26,10055125,10054952,1378,5042,SUCCESS,64090,0,equal,21055488,2928288,0,16240000,,,,,473,806,used,,,,20260910-0005
2026-09-10 00:23:13,HAUSP-UB[noEUCS],BIBLE,11,0,0.001000,0.000,0.010,4464163,4368,0,1264,1264,0,123,33,13736611,4002,13645647,4510,0.000000,0.242288,0.248735,8454,0,203.05,13734820,13734682,1385,5171,SUCCESS,86166,0,equal,24879104,3214112,0,18577024,,,,,463,751,used,,,,20260910-0005
2026-09-10 00:23:15,HAUSP-UB[noEUCS],BIBLE,12,0,0.001000,0.000,0.010,4882859,4732,0,1857,1857,0,171,51,18418195,4153,18275523,8076,0.000000,0.225535,0.231193,9861,0,219.05,18416451,18416267,1440,5307,SUCCESS,134308,0,equal,29677568,3511520,0,21680256,,,,,438,726,used,,,,20260910-0005
2026-09-10 00:23:17,HAUSP-UB[noEUCS],BIBLE,13,0,0.001000,0.000,0.010,5238511,5096,0,1942,1942,0,173,49,19493692,4274,19358703,6759,0.000000,0.230392,0.236103,9814,0,231.89,19491963,19491849,1418,5420,SUCCESS,127970,0,equal,33377664,3759232,0,24446080,,,,,436,696,used,,,,20260910-0005
2026-09-10 00:23:19,HAUSP-UB[noEUCS],BIBLE,14,0,0.001000,0.000,0.010,5618259,5460,0,2148,2149,0,185,50,21378456,4411,21241658,6246,0.000000,0.230976,0.236457,9777,0,244.69,21376756,21376636,1425,5544,SUCCESS,130284,0,equal,36227712,4027616,0,28381184,,,,,423,691,used,,,,20260910-0005
2026-09-10 00:23:21,HAUSP-UB[noEUCS],BIBLE,15,0,0.001000,0.000,0.010,6013842,5824,0,2248,2249,0,186,48,22094284,4541,21962464,6105,0.000000,0.236395,0.242213,9942,0,260.72,22092600,22092477,1424,5659,SUCCESS,125443,0,equal,40593664,4298688,0,31798400,,,,,409,681,used,,,,20260910-0005
2026-09-10 00:23:24,HAUSP-UB[noEUCS],BIBLE,16,0,0.001000,0.000,0.010,6414914,6188,0,2489,2490,0,203,49,23953496,4695,23818835,6072,0.000000,0.238326,0.244218,10168,0,267.05,23951858,23951662,1505,5836,SUCCESS,128335,0,equal,39408512,4592480,0,37245696,,,,,420,674,used,,,,20260910-0005
2026-09-10 00:23:26,HAUSP-UB[noEUCS],BIBLE,17,0,0.001000,0.000,0.010,6818247,6552,0,2493,2493,0,195,46,23580739,4799,23455136,5692,0.000000,0.237735,0.243627,9850,0,223.77,23579018,23578893,1453,5946,SUCCESS,119651,0,equal,48434432,4915168,0,41268224,,,,,424,684,used,,,,20260910-0005
2026-09-10 00:23:29,HAUSP-UB[noEUCS],BIBLE,18,0,0.001000,0.000,0.010,7220774,6916,0,2574,2575,0,194,44,23987233,4948,23865967,5159,0.000000,0.237013,0.242804,9671,0,242.20,23985560,23985401,1502,6091,SUCCESS,115861,0,equal,51970304,5227616,0,47169792,,,,,429,675,used,,,,20260910-0005
2026-09-10 00:23:32,HAUSP-UB[noEUCS],BIBLE,19,0,0.001000,0.000,0.010,7627235,7280,0,2763,2763,0,200,45,25266799,5063,25144347,5293,0.000000,0.240359,0.246322,10003,0,261.45,25265108,25264965,1500,6210,SUCCESS,116931,0,equal,56256640,5512416,0,51984768,,,,,435,663,used,,,,20260910-0005
2026-09-10 00:23:35,HAUSP-UB[noEUCS],BIBLE,20,0,0.001000,0.000,0.010,8100233,7644,0,3016,3016,0,208,46,27002018,5377,26875855,5850,0.000000,0.245932,0.252341,10743,0,290.85,27000523,27000194,1710,6520,SUCCESS,120081,0,equal,58812032,5824480,0,64861824,,,,,430,662,used,,,,20260910-0005
2026-09-10 00:23:38,HAUSP-UB[noEUCS],BIBLE,21,0,0.001000,0.000,0.010,8504000,8008,0,3127,3128,0,200,46,27893345,5536,27766954,6089,0.000000,0.248560,0.255073,11006,0,278.84,27891702,27891548,1554,6669,SUCCESS,120061,0,equal,63318400,6101952,0,71603072,,,,,418,659,used,,,,20260910-0005
2026-09-10 00:23:41,HAUSP-UB[noEUCS],BIBLE,22,0,0.001000,0.000,0.010,8890471,8372,0,3105,3105,0,193,44,27079830,5670,26960129,5677,0.000000,0.249380,0.256002,10751,0,303.44,27078165,27078033,1537,6801,SUCCESS,113777,0,equal,67580288,6356800,0,78699392,,,,,419,666,used,,,,20260910-0005
2026-09-10 00:23:44,HAUSP-UB[noEUCS],BIBLE,23,0,0.001000,0.000,0.010,9257187,8736,0,3092,3092,0,188,42,26388912,5796,26274565,5402,0.000000,0.250091,0.256767,10489,0,317.22,26387250,26387135,1520,6928,SUCCESS,108715,0,equal,68536320,6611392,0,84922624,,,,,427,657,used,,,,20260910-0005
2026-09-10 00:23:47,HAUSP-UB[noEUCS],BIBLE,24,0,0.001000,0.000,0.010,9602169,9100,0,3078,3078,0,183,40,25757885,5911,25648348,5110,0.000000,0.251255,0.257970,10304,0,326.27,25756222,25756125,1490,7040,SUCCESS,104212,0,equal,75427072,6860896,0,90352128,,,,,431,646,used,,,,20260910-0005
2026-09-10 00:23:50,HAUSP-UB[noEUCS],BIBLE,25,0,0.001000,0.000,0.010,9913053,9464,0,3025,3025,0,176,38,24806773,6039,24702595,4908,0.000000,0.251233,0.257958,9948,0,340.11,24805117,24805018,1477,7151,SUCCESS,99036,0,equal,78091776,7088096,0,96737920,,,,,421,655,used,,,,20260910-0005
2026-09-10 00:23:53,HAUSP-UB[noEUCS],BIBLE,26,0,0.001000,0.000,0.010,10248816,9828,0,2947,2947,0,168,36,23740563,6135,23642276,4566,0.000000,0.250232,0.256919,9464,0,352.80,23738893,23738826,1433,7243,SUCCESS,93496,0,equal,79725568,7323552,0,101977472,,,,,429,654,used,,,,20260910-0005
2026-09-10 00:23:56,HAUSP-UB[noEUCS],BIBLE,27,0,0.001000,0.000,0.010,10619345,10192,0,2981,2982,0,165,35,23489828,6277,23394236,4436,0.000000,0.250964,0.257710,9338,0,363.34,23488220,23488087,1474,7390,SUCCESS,90944,0,equal,83195904,7583808,0,111261952,,,,,430,642,used,,,,20260910-0005
2026-09-10 00:23:59,HAUSP-UB[noEUCS],BIBLE,28,0,0.001000,0.000,0.010,10967035,10556,0,2948,2948,0,161,34,22783979,6377,22692440,4232,0.000000,0.250464,0.257185,9032,0,374.30,22782326,22782238,1415,7483,SUCCESS,87096,0,equal,85575680,7822848,0,117696896,,,,,429,640,used,,,,20260910-0005
2026-09-10 00:24:02,HAUSP-UB[noEUCS],BIBLE,29,0,0.001000,0.000,0.010,11283328,10920,0,2949,2949,0,157,33,22484538,6487,22395443,4192,0.000000,0.251690,0.258450,8938,0,386.12,22482894,22482791,1425,7588,SUCCESS,84690,0,equal,84418560,8060608,0,124086400,,,,,435,648,used,,,,20260910-0005
2026-09-10 00:24:05,HAUSP-UB[noEUCS],BIBLE,30,0,0.001000,0.000,0.010,11646214,11284,0,3009,3010,0,157,32,22462620,6605,22374732,4125,0.000000,0.252733,0.259576,8913,0,391.80,22460975,22460856,1439,7705,SUCCESS,83527,0,equal,91073536,8321920,0,131858304,,,,,426,662,used,,,,20260910-0005
2026-09-10 00:24:08,HAUSP-UB[noEUCS],BIBLE,31,0,0.001000,0.000,0.010,12047689,11648,0,3164,3164,0,163,33,23263087,6717,23174008,4165,0.000000,0.254241,0.261058,9134,0,407.14,23261433,23261303,1452,7819,SUCCESS,84679,0,equal,94593024,8613120,0,139711232,,,,,431,666,used,,,,20260910-0005
2026-09-10 00:24:11,HAUSP-UB[noEUCS],BIBLE,32,0,0.001000,0.000,0.010,12427683,12012,0,3184,3184,0,159,31,22935262,6785,22848654,3971,0.000000,0.254484,0.261286,9052,0,419.89,22933563,22933496,1405,7887,SUCCESS,82408,0,equal,96933888,8867200,0,144202368,,,,,436,665,used,,,,20260910-0005
2026-09-10 00:24:15,HAUSP-UB[noEUCS],BIBLE,33,0,0.001000,0.000,0.010,12792422,12376,0,3185,3185,0,156,31,22518695,6848,22434673,3788,0.000000,0.254224,0.260992,8891,0,428.27,22517000,22516943,1394,7951,SUCCESS,80013,0,equal,102477312,9112256,0,149270784,,,,,435,656,used,,,,20260910-0005
2026-09-10 00:24:18,HAUSP-UB[noEUCS],BIBLE,34,0,0.001000,0.000,0.010,13204640,12740,0,3301,3302,0,158,31,22809400,6979,22725114,3827,0.000000,0.258157,0.265068,9220,0,447.11,22807756,22807625,1461,8076,SUCCESS,80215,0,equal,103556608,9393952,0,159384704,,,,,428,672,used,,,,20260910-0005
2026-09-10 00:24:21,HAUSP-UB[noEUCS],BIBLE,35,0,0.001000,0.000,0.010,13645685,13104,0,3553,3553,0,165,32,23964345,7323,23876076,4230,0.000000,0.263154,0.270461,9755,0,458.03,23962905,23962566,1675,8422,SUCCESS,83787,0,equal,85745152,9681568,0,187465856,,,,,435,687,used,,,,20260910-0005
2026-09-10 00:24:25,HAUSP-UB[noEUCS],BIBLE,36,0,0.001000,0.000,0.010,14067989,13468,0,3666,3666,0,167,32,24174532,7562,24085878,4326,0.000000,0.264556,0.272060,9799,0,485.50,24172984,24172741,1572,8666,SUCCESS,84090,0,equal,94519808,9949824,0,205435520,,,,,450,688,used,,,,20260910-0005
2026-09-10 00:24:29,HAUSP-UB[noEUCS],BIBLE,37,0,0.001000,0.000,0.010,14433294,13832,0,3773,3773,0,167,32,24304241,7675,24215164,4558,0.000000,0.267776,0.275594,9980,0,488.97,24302558,24302458,1428,8776,SUCCESS,84271,0,equal,100841984,10193760,0,212881408,,,,,444,692,used,,,,20260910-0005
2026-09-10 00:24:33,HAUSP-UB[noEUCS],BIBLE,38,0,0.001000,0.000,0.010,14881148,14196,0,3964,3964,0,172,33,24997664,7745,24907059,4657,0.000000,0.268339,0.276206,10157,0,511.79,24995945,24995862,1401,8844,SUCCESS,85699,0,equal,107633920,10501056,0,218443136,,,,,439,688,used,,,,20260910-0005
2026-09-10 00:24:37,HAUSP-UB[noEUCS],BIBLE,39,0,0.001000,0.000,0.010,15302054,14560,0,4095,4096,0,174,33,25399521,7805,25308350,4708,0.000000,0.271315,0.279328,10476,0,526.92,25397766,25397704,1395,8897,SUCCESS,86171,0,equal,112299264,10781728,0,222937344,,,,,424,716,used,,,,20260910-0005
2026-09-10 00:24:41,HAUSP-UB[noEUCS],BIBLE,40,0,0.001000,0.000,0.010,15751728,14924,0,4411,4412,0,183,35,26707175,7942,26611834,4777,0.000000,0.276363,0.284407,11216,0,542.10,26705492,26705339,1495,9036,SUCCESS,90265,0,equal,115746816,11091392,0,235906304,,,,,429,728,used,,,,20260910-0005
2026-09-10 00:24:46,HAUSP-UB[noEUCS],BIBLE,41,0,0.001000,0.000,0.010,16190013,15288,0,4672,4673,0,189,36,27925620,8073,27826832,5090,0.000000,0.277724,0.285796,11549,0,558.40,27923949,27923797,1508,9186,SUCCESS,93436,0,equal,117641216,11392448,0,249237376,,,,,446,708,used,,,,20260910-0005
2026-09-10 00:24:51,HAUSP-UB[noEUCS],BIBLE,42,0,0.001000,0.000,0.010,16636001,15652,0,4852,4853,0,193,36,28318052,8225,28218740,5089,0.000000,0.279464,0.287657,11771,0,583.87,28316372,28316210,1520,9349,SUCCESS,93959,0,equal,117526528,11700128,0,264318848,,,,,455,719,used,,,,20260910-0005
2026-09-10 00:24:56,HAUSP-UB[noEUCS],BIBLE,43,0,0.001000,0.000,0.010,16955485,16016,0,4901,4901,0,193,36,28338476,8399,28239897,4987,0.000000,0.278860,0.287002,11602,0,606.10,28336794,28336626,1525,9521,SUCCESS,93308,0,equal,119926784,11928256,0,279024256,,,,,448,732,used,,,,20260910-0005
2026-09-10 00:25:01,HAUSP-UB[noEUCS],BIBLE,44,0,0.001000,0.000,0.010,17230658,16380,0,4844,4844,0,188,35,27593748,8550,27498123,4741,0.000000,0.278309,0.286436,11232,0,633.03,27592031,27591907,1477,9660,SUCCESS,90577,0,equal,121044992,12114720,0,291811712,,,,,439,746,used,,,,20260910-0005
2026-09-10 00:25:05,HAUSP-UB[noEUCS],BIBLE,45,0,0.001000,0.000,0.010,17496475,16744,0,4768,4768,0,182,34,26917746,8694,26824726,4773,0.000000,0.277548,0.285660,10909,0,647.13,26916027,26915896,1469,9798,SUCCESS,87929,0,equal,119857152,12298752,0,304868864,,,,,435,753,used,,,,20260910-0005
2026-09-10 00:25:10,HAUSP-UB[noEUCS],BIBLE,46,0,0.001000,0.000,0.010,17748139,17108,0,4706,4706,0,178,33,26319563,8782,26228860,4713,0.000000,0.276999,0.285109,10627,0,655.34,26317804,26317728,1407,9893,SUCCESS,85690,0,equal,123551744,12474816,0,314083712,,,,,443,743,used,,,,20260910-0005
2026-09-10 00:25:15,HAUSP-UB[noEUCS],BIBLE,47,0,0.001000,0.000,0.010,17987469,17472,0,4647,4647,0,175,32,25768076,8862,25679734,4502,0.000000,0.276564,0.284676,10363,0,674.36,25766304,25766231,1385,9971,SUCCESS,83542,0,equal,126939136,12643712,0,322026496,,,,,443,741,used,,,,20260910-0005
2026-09-10 00:25:19,HAUSP-UB[noEUCS],BIBLE,48,0,0.001000,0.000,0.010,18231320,17836,0,4586,4586,0,171,31,25209539,8945,25123421,4294,0.000000,0.276096,0.284197,10097,0,693.38,25207771,25207706,1372,10050,SUCCESS,81520,0,equal,127602688,12814272,0,330364160,,,,,438,742,used,,,,20260910-0005
2026-09-10 00:25:24,HAUSP-UB[noEUCS],BIBLE,49,0,0.001000,0.000,0.010,18477063,18200,0,4507,4507,0,167,31,24661556,9003,24577545,4247,0.000000,0.275536,0.283627,9843,0,694.07,24659771,24659721,1343,10105,SUCCESS,79462,0,equal,121753600,12990048,0,336327168,,,,,436,738,used,,,,20260910-0005
2026-09-10 00:25:28,HAUSP-UB[noEUCS],BIBLE,50,0,0.001000,0.000,0.010,18719289,18564,0,4451,4452,0,163,30,24125025,9063,24042995,4200,0.000000,0.275045,0.283129,9610,0,713.03,24123258,24123204,1342,10162,SUCCESS,77538,0,equal,132225536,13167456,0,342604800,,,,,433,725,used,,,,20260910-0005
2026-09-10 00:25:33,HAUSP-UB[noEUCS],BIBLE,51,0,0.001000,0.000,0.010,18994192,18928,0,4423,4423,0,161,29,23680024,9111,23599847,4075,0.000000,0.274782,0.282854,9427,0,716.53,23678249,23678212,1322,10211,SUCCESS,75815,0,equal,128293376,13352064,0,348047104,,,,,437,724,used,,,,20260910-0005
2026-09-10 00:25:37,HAUSP-UB[noEUCS],BIBLE,52,0,0.001000,0.000,0.010,19208977,19292,0,4394,4394,0,159,29,23266393,9168,23187793,4003,0.000000,0.274349,0.282420,9225,0,716.53,23264624,23264577,1320,10265,SUCCESS,74310,0,equal,133517824,13521504,0,353882368,,,,,439,726,used,,,,20260910-0005
2026-09-10 00:25:42,HAUSP-UB[noEUCS],BIBLE,53,0,0.001000,0.000,0.010,19458211,19656,0,4346,4346,0,155,28,22863584,9270,22786530,3864,0.000000,0.274122,0.282183,9053,0,722.63,22861857,22861763,1360,10360,SUCCESS,72897,0,equal,125997568,13702976,0,364326272,,,,,439,732,used,,,,20260910-0005
2026-09-10 00:25:46,HAUSP-UB[noEUCS],BIBLE,54,0,0.001000,0.000,0.010,19679910,20020,0,4299,4299,0,152,28,22394145,9373,22318743,3857,0.000000,0.273657,0.281714,8856,0,748.93,22392426,22392323,1368,10460,SUCCESS,71250,0,equal,132616192,13855424,0,375508352,,,,,437,732,used,,,,20260910-0005
2026-09-10 00:25:50,HAUSP-UB[noEUCS],BIBLE,55,0,0.001000,0.000,0.010,19938378,20384,0,4241,4242,0,149,27,21974780,9463,21901159,3785,0.000000,0.273145,0.281198,8620,0,749.43,21973061,21972980,1349,10546,SUCCESS,69547,0,equal,123506688,14046912,0,384789504,,,,,433,722,used,,,,20260910-0005
2026-09-10 00:25:54,HAUSP-UB[noEUCS],BIBLE,56,0,0.001000,0.000,0.010,20248605,20748,0,4202,4203,0,146,26,21534653,9558,21462873,3693,0.000000,0.272539,0.280572,8415,0,762.72,21532940,21532847,1356,10639,SUCCESS,67793,0,equal,132349952,14262496,0,394712064,,,,,431,725,used,,,,20260910-0005
2026-09-10 00:25:59,HAUSP-UB[noEUCS],BIBLE,57,0,0.001000,0.000,0.010,20613345,21112,0,4282,4282,0,147,26,21684137,9700,21612403,3653,0.000000,0.273249,0.281320,8447,0,772.43,21682465,21682327,1401,10775,SUCCESS,67768,0,equal,125628416,14526240,0,409208064,,,,,420,733,used,,,,20260910-0005
2026-09-10 00:26:03,HAUSP-UB[noEUCS],BIBLE,58,0,0.001000,0.000,0.010,20971741,21476,0,4307,4308,0,146,26,21578128,9803,21507212,3640,0.000000,0.273262,0.281325,8412,0,802.23,21576418,21576318,1365,10883,SUCCESS,66964,0,equal,130105344,14787264,0,420665472,,,,,426,738,used,,,,20260910-0005
2026-09-10 00:26:07,HAUSP-UB[noEUCS],BIBLE,59,0,0.001000,0.000,0.010,21284409,21840,0,4290,4290,0,144,25,21209854,9873,21140314,3558,0.000000,0.273082,0.281129,8274,0,804.82,21208104,21208037,1324,10949,SUCCESS,65665,0,equal,131637248,15013472,0,427559552,,,,,423,740,used,,,,20260910-0005
2026-09-10 00:26:11,HAUSP-UB[noEUCS],BIBLE,60,0,0.001000,0.000,0.010,21600275,22204,0,4290,4290,0,143,25,21018111,9931,20949688,3449,0.000000,0.273006,0.281058,8149,0,832.00,21016356,21016298,1316,11012,SUCCESS,64662,0,equal,132415488,15244288,0,434290176,,,,,425,737,used,,,,20260910-0005
2026-09-10 00:26:16,HAUSP-UB[noEUCS],BIBLE,61,0,0.001000,0.000,0.010,21919229,22568,0,4305,4305,0,142,25,20972028,10013,20904305,3316,0.000000,0.272675,0.280691,8079,0,844.89,20970287,20970217,1323,11088,SUCCESS,64083,0,equal,133644288,15482272,0,442048384,,,,,418,742,used,,,,20260910-0005
2026-09-10 00:26:20,HAUSP-UB[noEUCS],BIBLE,62,0,0.001000,0.000,0.010,22268142,22932,0,4344,4344,0,141,25,20915630,10064,20848380,3251,0.000000,0.272090,0.280095,7995,0,854.36,20913876,20913823,1300,11142,SUCCESS,63692,0,equal,136093696,15729248,0,447945984,,,,,423,730,used,,,,20260910-0005
2026-09-10 00:26:25,HAUSP-UB[noEUCS],BIBLE,63,0,0.001000,0.000,0.010,22676793,23296,0,4485,4486,0,144,25,21405022,10118,21336696,3368,0.000000,0.272179,0.280168,8082,0,843.83,21403266,21403219,1293,11192,SUCCESS,64647,0,equal,138428416,16017984,0,453644288,,,,,421,732,used,,,,20260910-0005
2026-09-10 00:26:30,HAUSP-UB[noEUCS],BIBLE,64,0,0.001000,0.000,0.010,23156240,23660,0,4938,4938,0,157,27,23367606,10182,23293682,3679,0.000000,0.272325,0.280396,8513,0,861.27,23365857,23365790,1310,11251,SUCCESS,69919,0,equal,137209856,16353952,0,460336512,,,,,413,739,used,,,,20260910-0005
2026-09-10 00:26:35,HAUSP-UB[noEUCS],BIBLE,65,0,0.001000,0.000,0.010,23576819,24024,0,5206,5206,0,165,28,24375845,10216,24299321,3894,0.000000,0.272215,0.280266,8709,0,865.82,24374084,24374025,1310,11302,SUCCESS,72335,0,equal,140779520,16646112,0,466781952,,,,,431,726,used,,,,20260910-0005
2026-09-10 00:26:40,HAUSP-UB[noEUCS],BIBLE,66,0,0.001000,0.000,0.010,23903951,24388,0,5267,5267,0,163,28,24444043,10282,24367421,4012,0.000000,0.273008,0.281151,8733,0,890.32,24442292,24442229,1322,11369,SUCCESS,72311,0,equal,140779520,16870912,0,474829056,,,,,432,731,used,,,,20260910-0005
2026-09-10 00:26:45,HAUSP-UB[noEUCS],BIBLE,67,0,0.001000,0.000,0.010,24311530,24752,0,5394,5394,0,166,28,24795388,10324,24718496,3960,0.000000,0.272987,0.281103,8778,0,891.14,24793610,24793571,1294,11407,SUCCESS,72624,0,equal,139608064,17157920,0,479635712,,,,,425,733,used,,,,20260910-0005
2026-09-10 00:26:51,HAUSP-UB[noEUCS],BIBLE,68,0,0.001000,0.000,0.010,24707457,25116,0,5460,5460,0,167,28,24910424,10402,24833652,3991,0.000000,0.271687,0.279743,8652,0,905.83,24908682,24908604,1334,11486,SUCCESS,72470,0,equal,142614528,17441120,0,488669568,,,,,426,737,used,,,,20260910-0005
2026-09-10 00:26:57,HAUSP-UB[noEUCS],BIBLE,69,0,0.001000,0.000,0.010,25122444,25480,0,5621,5622,0,171,28,25423519,10461,25345794,4020,0.000000,0.270814,0.278798,8703,0,923.84,25421758,25421692,1321,11547,SUCCESS,73399,0,equal,146817024,17738560,0,496240640,,,,,430,736,used,,,,20260910-0005
2026-09-10 00:27:02,HAUSP-UB[noEUCS],BIBLE,70,0,0.001000,0.000,0.010,25540680,25844,0,5764,5765,0,173,29,25666094,10486,25587897,4123,0.000000,0.271084,0.279086,8765,0,935.40,25664290,25664262,1288,11571,SUCCESS,73755,0,equal,151257088,18034080,0,499169920,,,,,424,743,used,,,,20260910-0005
2026-09-10 00:27:08,HAUSP-UB[noEUCS],BIBLE,71,0,0.001000,0.000,0.010,25964486,26208,0,5827,5827,0,173,29,25756045,10554,25678401,4056,0.000000,0.271265,0.279260,8747,0,954.10,25754278,25754206,1336,11640,SUCCESS,73257,0,equal,150982656,18321312,0,507133184,,,,,419,750,used,,,,20260910-0005
2026-09-10 00:27:14,HAUSP-UB[noEUCS],BIBLE,72,0,0.001000,0.000,0.010,26305828,26572,0,5850,5851,0,172,28,25674461,10602,25597450,3949,0.000000,0.271212,0.279182,8702,0,940.18,25672674,25672622,1319,11689,SUCCESS,72735,0,equal,152813568,18568832,0,513359232,,,,,422,749,used,,,,20260910-0005
2026-09-10 00:27:20,HAUSP-UB[noEUCS],BIBLE,73,0,0.001000,0.000,0.010,26620611,26936,0,5864,5865,0,171,28,25451199,10659,25375001,3815,0.000000,0.271313,0.279277,8637,0,963.38,25449412,25449358,1324,11744,SUCCESS,72053,0,equal,152264704,18796928,0,520105600,,,,,427,757,used,,,,20260910-0005
2026-09-10 00:27:26,HAUSP-UB[noEUCS],BIBLE,74,0,0.001000,0.000,0.010,26963104,27300,0,5879,5880,0,170,28,25287535,10722,25212150,3855,0.000000,0.271283,0.279240,8589,0,967.41,25285766,25285702,1333,11811,SUCCESS,71216,0,equal,150429696,19045440,0,528431360,,,,,433,747,used,,,,20260910-0005
2026-09-10 00:27:32,HAUSP-UB[noEUCS],BIBLE,75,0,0.001000,0.000,0.010,27343832,27664,0,6143,6144,0,177,28,26233681,10782,26156072,3982,0.000000,0.271024,0.279022,8669,0,979.18,26231908,26231837,1337,11872,SUCCESS,73307,0,equal,151683072,19318144,0,535870976,,,,,424,744,used,,,,20260910-0005
2026-09-10 00:27:38,HAUSP-UB[noEUCS],BIBLE,76,0,0.001000,0.000,0.010,27679771,28028,0,6153,6153,0,175,28,26023378,10910,25946445,3937,0.000000,0.271016,0.279019,8597,0,991.36,26021675,26021551,1400,12004,SUCCESS,72684,0,equal,148512768,19568000,0,551864576,,,,,429,741,used,,,,20260910-0005
2026-09-10 00:27:44,HAUSP-UB[noEUCS],BIBLE,77,0,0.001000,0.000,0.010,27997869,28392,0,6109,6109,0,172,28,25663989,10995,25588390,3820,0.000000,0.270699,0.278680,8462,0,1014.34,25662228,25662158,1338,12077,SUCCESS,71444,0,equal,147079168,19798912,0,560248320,,,,,417,752,used,,,,20260910-0005
2026-09-10 00:27:50,HAUSP-UB[noEUCS],BIBLE,78,0,0.001000,0.000,0.010,28333566,28756,0,6102,6102,0,171,27,25362915,11096,25288335,3855,0.000000,0.270141,0.278098,8323,0,1029.17,25361181,25361079,1367,12175,SUCCESS,70389,0,equal,146231296,20036064,0,571912192,,,,,417,753,used,,,,20260910-0005
2026-09-10 00:27:56,HAUSP-UB[noEUCS],BIBLE,79,0,0.001000,0.000,0.010,28659686,29120,0,6084,6085,0,169,27,25110801,11158,25037357,3720,0.000000,0.269590,0.277515,8212,0,1048.04,25109030,25108974,1325,12234,SUCCESS,69382,0,equal,149061632,20273120,0,579193088,,,,,412,754,used,,,,20260910-0005
2026-09-10 00:28:02,HAUSP-UB[noEUCS],BIBLE,80,0,0.001000,0.000,0.010,28977326,29484,0,6054,6055,0,166,26,24779353,11216,24707047,3671,0.000000,0.269202,0.277106,8107,0,1058.53,24777572,24777521,1317,12288,SUCCESS,68287,0,equal,150470656,20506112,0,585696128,,,,,415,763,used,,,,20260910-0005
2026-09-10 00:28:09,HAUSP-UB[noEUCS],BIBLE,81,0,0.001000,0.000,0.010,29311202,29848,0,6059,6059,0,165,26,24642683,11275,24571231,3597,0.000000,0.268616,0.276487,8023,0,1059.13,24640918,24640862,1319,12349,SUCCESS,67520,0,equal,153067520,20749312,0,593279232,,,,,417,752,used,,,,20260910-0005
2026-09-10 00:28:15,HAUSP-UB[noEUCS],BIBLE,82,0,0.001000,0.000,0.010,29636801,30212,0,6068,6069,0,164,26,24429519,11323,24358830,3561,0.000000,0.268318,0.276169,7926,0,1085.38,24427739,24427692,1305,12400,SUCCESS,66796,0,equal,151027712,20987968,0,599537664,,,,,422,754,used,,,,20260910-0005
2026-09-10 00:28:21,HAUSP-UB[noEUCS],BIBLE,83,0,0.001000,0.000,0.010,29967679,30576,0,6047,6048,0,163,25,24137101,11381,24067478,3528,0.000000,0.267651,0.275472,7828,0,1101.64,24135323,24135269,1308,12453,SUCCESS,65753,0,equal,153223168,21230048,0,605752192,,,,,417,759,used,,,,20260910-0005
2026-09-10 00:28:27,HAUSP-UB[noEUCS],BIBLE,84,0,0.001000,0.000,0.010,30264305,30940,0,6048,6048,0,161,25,23950669,11432,23881818,3494,0.000000,0.267144,0.274938,7731,0,1115.27,23948888,23948839,1304,12503,SUCCESS,65014,0,equal,152650240,21460416,0,612801792,,,,,417,760,used,,,,20260910-0005
2026-09-10 00:28:33,HAUSP-UB[noEUCS],BIBLE,85,0,0.001000,0.000,0.010,30576653,31304,0,6014,6015,0,159,25,23602025,11484,23534316,3354,0.000000,0.266609,0.274384,7603,0,1135.41,23600245,23600200,1299,12550,SUCCESS,64005,0,equal,153616384,21676640,0,618677376,,,,,411,761,used,,,,20260910-0005
2026-09-10 00:28:39,HAUSP-UB[noEUCS],BIBLE,86,0,0.001000,0.000,0.010,30851874,31668,0,5987,5988,0,158,25,23311700,11512,23245006,3185,0.000000,0.266294,0.274056,7482,0,1099.45,23309896,23309873,1275,12574,SUCCESS,63150,0,equal,155926528,21876704,0,621835136,,,,,407,766,used,,,,20260910-0005
2026-09-10 00:28:45,HAUSP-UB[noEUCS],BIBLE,87,0,0.001000,0.000,0.010,31143479,32032,0,5954,5954,0,156,24,22994037,11544,22928375,3161,0.000000,0.265953,0.273707,7358,0,1119.29,22992243,22992210,1284,12607,SUCCESS,62142,0,equal,156008448,22086528,0,626049536,,,,,405,764,used,,,,20260910-0005
2026-09-10 00:28:51,HAUSP-UB[noEUCS],BIBLE,88,0,0.001000,0.000,0.010,31515109,32396,0,5961,5962,0,155,24,22933899,11650,22868842,3126,0.000000,0.265607,0.273333,7310,0,1124.56,22932184,22932070,1365,12717,SUCCESS,61582,0,equal,151216128,22350240,0,639677696,,,,,409,758,used,,,,20260910-0005
2026-09-10 00:28:57,HAUSP-UB[noEUCS],BIBLE,89,0,0.001000,0.000,0.010,31879000,32760,0,5956,5956,0,154,24,22706840,11789,22642651,3075,0.000000,0.265256,0.272960,7239,0,1125.29,22705164,22705015,1404,12863,SUCCESS,60784,0,equal,135815168,22611424,0,658129920,,,,,418,748,used,,,,20260910-0005
2026-09-10 00:29:03,HAUSP-UB[noEUCS],BIBLE,90,0,0.001000,0.000,0.010,32236574,33124,0,5943,5943,0,151,23,22543309,11934,22479825,3156,0.000000,0.264527,0.272200,7154,0,1173.68,22541639,22541493,1404,13012,SUCCESS,60010,0,equal,146948096,22881664,0,675622400,,,,,423,741,used,,,,20260910-0005
2026-09-10 00:29:08,HAUSP-UB[noEUCS],BIBLE,91,0,0.001000,0.000,0.010,32567349,33488,0,5921,5921,0,150,23,22336103,12060,22273288,3119,0.000000,0.264333,0.271996,7075,0,1173.51,22334393,22334276,1372,13130,SUCCESS,59357,0,equal,147693568,23115392,0,690083840,,,,,419,758,used,,,,20260910-0005
2026-09-10 00:29:14,HAUSP-UB[noEUCS],BIBLE,92,0,0.001000,0.000,0.010,32896609,33852,0,5917,5918,0,150,23,22149774,12161,22087645,3078,0.000000,0.263908,0.271542,7002,0,1196.88,22148048,22147953,1349,13226,SUCCESS,58704,0,equal,144302080,23337728,0,701679360,,,,,410,757,used,,,,20260910-0005
2026-09-10 00:29:20,HAUSP-UB[noEUCS],BIBLE,93,0,0.001000,0.000,0.010,33253438,34216,0,5901,5901,0,148,22,21894093,12261,21832824,3044,0.000000,0.263367,0.270988,6920,0,1202.40,21892374,21892270,1357,13331,SUCCESS,57887,0,equal,143777792,23581472,0,714297344,,,,,416,754,used,,,,20260910-0005
2026-09-10 00:29:26,HAUSP-UB[noEUCS],BIBLE,94,0,0.001000,0.000,0.010,33639562,34580,0,5923,5924,0,147,22,21762288,12369,21701611,3006,0.000000,0.263002,0.270604,6857,0,1220.36,21760565,21760460,1357,13436,SUCCESS,57325,0,equal,144891904,23851488,0,727432448,,,,,415,761,used,,,,20260910-0005
2026-09-10 00:29:32,HAUSP-UB[noEUCS],BIBLE,95,0,0.001000,0.000,0.010,34057900,34944,0,5940,5941,0,146,22,21678092,12497,21618043,2986,0.000000,0.262288,0.269841,6782,0,1265.33,21676396,21676254,1394,13575,SUCCESS,56738,0,equal,148017152,24134400,0,744599040,,,,,432,757,used,,,,20260910-0005
2026-09-10 00:29:38,HAUSP-UB[noEUCS],BIBLE,96,0,0.001000,0.000,0.010,34468996,35308,0,6003,6004,0,148,22,21776061,12625,21716207,2933,0.000000,0.261606,0.269122,6757,0,1266.68,21774351,21774223,1383,13705,SUCCESS,56593,0,equal,132190208,24421952,0,760604160,,,,,432,760,used,,,,20260910-0005
2026-09-10 00:29:44,HAUSP-UB[noEUCS],BIBLE,97,0,0.001000,0.000,0.010,34850960,35672,0,6020,6020,0,147,22,21749757,12719,21690320,2939,0.000000,0.261332,0.268824,6687,0,1288.31,21748008,21747912,1349,13803,SUCCESS,56162,0,equal,142893056,24683456,0,772643072,,,,,427,763,used,,,,20260910-0005
2026-09-10 00:29:50,HAUSP-UB[noEUCS],BIBLE,98,0,0.001000,0.000,0.010,35197819,36036,0,6054,6054,0,146,22,21743034,12774,21683972,2877,0.000000,0.261332,0.268827,6678,0,1312.00,21741236,21741175,1312,13858,SUCCESS,55841,0,equal,147251200,24937024,0,780208000,,,,,425,769,used,,,,20260910-0005
2026-09-10 00:29:56,HAUSP-UB[noEUCS],BIBLE,99,0,0.001000,0.000,0.010,35550162,36369,0,6157,6157,0,148,22,21936545,12820,21877203,2933,0.000000,0.261646,0.269156,6713,0,1325.75,21934741,21934689,1309,13905,SUCCESS,56071,0,equal,150552576,25186112,0,785861888,,,,,428,766,used,,,,20260910-0005
2026-09-10 00:30:53,HAUSP-UB[noEUCS],BIBLE,0,1,0.001000,0.000,0.010,521590,364,1,55928,55929,0,13121,9485,880003023,354,849653524,7371037,0.000000,0.193762,0.195039,2888527,0,117.48,880003127,879999016,4111,2363,SUCCESS,24654603,0,equal,1683328,369088,0,450688,,,,,1676391,250,used,,,,20260910-0005
2026-09-10 00:30:54,HAUSP-UB[noEUCS],BIBLE,1,1,0.001000,0.000,0.010,867091,728,0,711,711,0,141,82,12308495,1013,12081899,16734,0.000000,0.192301,0.195485,17246,0,123.05,12306480,12306062,2166,2925,SUCCESS,213335,0,equal,3052160,615520,0,1348608,,,,,4138,665,used,,,,20260910-0005
2026-09-10 00:30:54,HAUSP-UB[noEUCS],BIBLE,2,1,0.001000,0.000,0.010,1186430,1092,0,435,435,0,72,35,7449555,1474,7351806,4740,0.000000,0.213059,0.217547,7603,0,126.30,7447312,7446993,1923,3276,SUCCESS,93607,0,equal,3110272,859840,0,2357120,,,,,1390,792,used,,,,20260910-0005
2026-09-10 00:30:54,HAUSP-UB[noEUCS],BIBLE,3,1,0.001000,0.000,0.010,1526482,1456,0,373,374,0,57,23,5896294,1929,5830877,2744,0.000000,0.216442,0.221093,5676,0,132.77,5894060,5893935,1697,3537,SUCCESS,62650,0,equal,5235072,1092160,0,3318912,,,,,864,887,used,,,,20260910-0005
2026-09-10 00:30:55,HAUSP-UB[noEUCS],BIBLE,4,1,0.001000,0.000,0.010,1860904,1820,0,402,402,0,59,21,5783409,2408,5725888,2157,0.000000,0.223827,0.228459,5537,0,139.05,5781284,5781059,1661,3861,SUCCESS,55057,0,equal,6775424,1331520,0,4880128,,,,,689,996,used,,,,20260910-0005
2026-09-10 00:30:55,HAUSP-UB[noEUCS],BIBLE,5,1,0.001000,0.000,0.010,2208557,2184,0,409,410,0,57,18,5576979,2768,5526598,1907,0.000000,0.225550,0.230464,5211,0,142.31,5574848,5574663,1522,4112,SUCCESS,48046,0,equal,6999552,1564416,0,6369920,,,,,610,1038,used,,,,20260910-0005
2026-09-10 00:30:56,HAUSP-UB[noEUCS],BIBLE,6,1,0.001000,0.000,0.010,2563385,2548,0,484,484,0,63,18,6173350,3075,6121656,1880,0.000000,0.230288,0.235224,5505,0,148.80,6171318,6171173,1416,4319,SUCCESS,49353,0,equal,8436352,1831872,0,7984384,,,,,534,995,used,,,,20260910-0005
2026-09-10 00:30:56,HAUSP-UB[noEUCS],BIBLE,7,1,0.001000,0.000,0.010,2904647,2912,0,541,542,0,66,18,6659100,3355,6607686,1910,0.000000,0.233965,0.238998,5658,0,158.26,6657180,6656964,1425,4563,SUCCESS,49078,0,equal,10838016,2091872,0,10372352,,,,,530,956,used,,,,20260910-0005
2026-09-10 00:30:57,HAUSP-UB[noEUCS],BIBLE,8,1,0.001000,0.000,0.010,3271034,3276,0,589,589,0,66,19,6956121,3610,6904419,2064,0.000000,0.240674,0.246345,5928,0,167.93,6954253,6953985,1449,4820,SUCCESS,49232,0,equal,13217792,2354784,0,12774144,,,,,509,915,used,,,,20260910-0005
2026-09-10 00:30:58,HAUSP-UB[noEUCS],BIBLE,9,1,0.001000,0.000,0.010,3648000,3640,0,670,671,0,71,19,7570437,3718,7517107,2208,0.000000,0.245445,0.251569,6250,0,177.49,7568477,7568373,1296,4911,SUCCESS,50765,0,equal,16459776,2618752,0,14176640,,,,,501,858,used,,,,20260910-0005
2026-09-10 00:30:58,HAUSP-UB[noEUCS],BIBLE,10,1,0.001000,0.000,0.010,4069193,4004,0,916,916,0,92,24,10056987,3855,9989481,3083,0.000000,0.248011,0.254434,7422,0,190.28,10055125,10054952,1378,5042,SUCCESS,64090,0,equal,21055488,2928288,0,16240000,,,,,473,806,used,,,,20260910-0005
2026-09-10 00:31:00,HAUSP-UB[noEUCS],BIBLE,11,1,0.001000,0.000,0.010,4464163,4368,0,1262,1263,0,123,33,13736611,4002,13645647,4510,0.000000,0.242288,0.248735,8454,0,203.05,13734820,13734682,1385,5171,SUCCESS,86166,0,equal,24879104,3214112,0,18577024,,,,,463,751,used,,,,20260910-0005
2026-09-10 00:31:02,HAUSP-UB[noEUCS],BIBLE,12,1,0.001000,0.000,0.010,4882859,4732,0,1858,1859,0,171,51,18418195,4153,18275523,8076,0.000000,0.225535,0.231193,9861,0,219.05,18416451,18416267,1440,5307,SUCCESS,134308,0,equal,29804544,3511520,0,21680256,,,,,438,726,used,,,,20260910-0005
2026-09-10 00:31:03,HAUSP-UB[noEUCS],BIBLE,13,1,0.001000,0.000,0.010,5238511,5096,0,1941,1942,0,173,49,19493692,4274,19358703,6759,0.000000,0.230392,0.236103,9814,0,231.96,19491963,19491849,1418,5420,SUCCESS,127970,0,equal,33799552,3759232,0,24446080,,,,,436,696,used,,,,20260910-0005
2026-09-10 00:31:06,HAUSP-UB[noEUCS],BIBLE,14,1,0.001000,0.000,0.010,5618259,5460,0,2145,2145,0,185,50,21378456,4411,21241658,6246,0.000000,0.230976,0.236457,9777,0,244.69,21376756,21376636,1425,5544,SUCCESS,130284,0,equal,36227712,4027616,0,28381184,,,,,423,691,used,,,,20260910-0005
2026-09-10 00:31:08,HAUSP-UB[noEUCS],BIBLE,15,1,0.001000,0.000,0.010,6013842,5824,0,2247,2248,0,187,48,22094284,4541,21962464,6105,0.000000,0.236395,0.242213,9942,0,260.71,22092600,22092477,1424,5659,SUCCESS,125443,0,equal,40593664,4298688,0,31798400,,,,,409,681,used,,,,20260910-0005
2026-09-10 00:31:10,HAUSP-UB[noEUCS],BIBLE,16,1,0.001000,0.000,0.010,6414914,6188,0,2482,2483,0,201,49,23953496,4695,23818835,6072,0.000000,0.238326,0.244218,10168,0,267.05,23951858,23951662,1505,5836,SUCCESS,128335,0,equal,39408512,4592480,0,37245696,,,,,420,674,used,,,,20260910-0005
2026-09-10 00:31:13,HAUSP-UB[noEUCS],BIBLE,17,1,0.001000,0.000,0.010,6818247,6552,0,2482,2483,0,193,46,23580739,4799,23455136,5692,0.000000,0.237735,0.243627,9850,0,237.11,23579018,23578893,1453,5946,SUCCESS,119651,0,equal,48901376,4915168,0,41268224,,,,,424,684,used,,,,20260910-0005
2026-09-10 00:31:15,HAUSP-UB[noEUCS],BIBLE,18,1,0.001000,0.000,0.010,7220774,6916,0,2566,2566,0,191,44,23987233,4948,23865967,5159,0.000000,0.237013,0.242804,9671,0,255.70,23985560,23985401,1502,6091,SUCCESS,115861,0,equal,51970304,5227616,0,47169792,,,,,429,675,used,,,,20260910-0005
2026-09-10 00:31:18,HAUSP-UB[noEUCS],BIBLE,19,1,0.001000,0.000,0.010,7627235,7280,0,2756,2756,0,199,45,25266799,5063,25144347,5293,0.000000,0.240359,0.246322,10003,0,274.89,25265108,25264965,1500,6210,SUCCESS,116931,0,equal,56699008,5512416,0,51984768,,,,,435,663,used,,,,20260910-0005
2026-09-10 00:31:21,HAUSP-UB[noEUCS],BIBLE,20,1,0.001000,0.000,0.010,8100233,7644,0,3021,3021,0,211,46,27002018,5377,26875855,5850,0.000000,0.245932,0.252341,10743,0,285.24,27000523,27000194,1710,6520,SUCCESS,120081,0,equal,49024000,5824480,0,64861824,,,,,430,662,used,,,,20260910-0005
2026-09-10 00:31:24,HAUSP-UB[noEUCS],BIBLE,21,1,0.001000,0.000,0.010,8504000,8008,0,3173,3174,0,214,46,27893345,5536,27766954,6089,0.000000,0.248560,0.255073,11006,0,298.47,27891702,27891548,1554,6669,SUCCESS,120061,0,equal,63007104,6101952,0,71603072,,,,,418,659,used,,,,20260910-0005
2026-09-10 00:31:28,HAUSP-UB[noEUCS],BIBLE,22,1,0.001000,0.000,0.010,8890471,8372,0,3141,3142,0,204,44,27079830,5670,26960129,5677,0.000000,0.249380,0.256002,10751,0,310.88,27078165,27078033,1537,6801,SUCCESS,113777,0,equal,67555712,6356800,0,78699392,,,,,419,666,used,,,,20260910-0005
2026-09-10 00:31:31,HAUSP-UB[noEUCS],BIBLE,23,1,0.001000,0.000,0.010,9257187,8736,0,3125,3126,0,199,42,26388912,5796,26274565,5402,0.000000,0.250091,0.256767,10489,0,327.23,26387250,26387135,1520,6928,SUCCESS,108715,0,equal,69191680,6611392,0,84922624,,,,,427,657,used,,,,20260910-0005
2026-09-10 00:31:34,HAUSP-UB[noEUCS],BIBLE,24,1,0.001000,0.000,0.010,9602169,9100,0,3101,3102,0,190,40,25757885,5911,25648348,5110,0.000000,0.251255,0.257970,10304,0,347.51,25756222,25756125,1490,7040,SUCCESS,104212,0,equal,75427072,6860896,0,90352128,,,,,431,646,used,,,,20260910-0005
2026-09-10 00:31:37,HAUSP-UB[noEUCS],BIBLE,25,1,0.001000,0.000,0.010,9913053,9464,0,3052,3052,0,184,38,24806773,6039,24702595,4908,0.000000,0.251233,0.257958,9948,0,360.07,24805117,24805018,1477,7151,SUCCESS,99036,0,equal,78599680,7088096,0,96737920,,,,,421,655,used,,,,20260910-0005
2026-09-10 00:31:40,HAUSP-UB[noEUCS],BIBLE,26,1,0.001000,0.000,0.010,10248816,9828,0,2973,2973,0,174,36,23740563,6135,23642276,4566,0.000000,0.250232,0.256919,9464,0,354.68,23738893,23738826,1433,7243,SUCCESS,93496,0,equal,82633728,7323552,0,101977472,,,,,429,654,used,,,,20260910-0005
2026-09-10 00:31:43,HAUSP-UB[noEUCS],BIBLE,27,1,0.001000,0.000,0.010,10619345,10192,0,3007,3007,0,173,35,23489828,6277,23394236,4436,0.000000,0.250964,0.257710,9338,0,367.16,23488220,23488087,1474,7390,SUCCESS,90944,0,equal,82958336,7583808,0,111261952,,,,,430,642,used,,,,20260910-0005
2026-09-10 00:31:46,HAUSP-UB[noEUCS],BIBLE,28,1,0.001000,0.000,0.010,10967035,10556,0,2963,2964,0,165,33,22783979,6377,22692440,4232,0.000000,0.250464,0.257185,9032,0,386.54,22782326,22782238,1415,7483,SUCCESS,87096,0,equal,84912128,7822848,0,117696896,,,,,429,640,used,,,,20260910-0005
2026-09-10 00:31:49,HAUSP-UB[noEUCS],BIBLE,29,1,0.001000,0.000,0.010,11283328,10920,0,2969,2970,0,163,33,22484538,6487,22395443,4192,0.000000,0.251690,0.258450,8938,0,390.26,22482894,22482791,1425,7588,SUCCESS,84690,0,equal,84766720,8060608,0,124086400,,,,,435,648,used,,,,20260910-0005
2026-09-10 00:31:52,HAUSP-UB[noEUCS],BIBLE,30,1,0.001000,0.000,0.010,11646214,11284,0,3030,3031,0,163,32,22462620,6605,22374732,4125,0.000000,0.252733,0.259576,8913,0,394.30,22460975,22460856,1439,7705,SUCCESS,83527,0,equal,89861120,8321920,0,131858304,,,,,426,662,used,,,,20260910-0005
2026-09-10 00:31:55,HAUSP-UB[noEUCS],BIBLE,31,1,0.001000,0.000,0.010,12047689,11648,0,3179,3179,0,166,33,23263087,6717,23174008,4165,0.000000,0.254241,0.261058,9134,0,405.20,23261433,23261303,1452,7819,SUCCESS,84679,0,equal,89110528,8613120,0,139711232,,,,,431,666,used,,,,20260910-0005
2026-09-10 00:31:58,HAUSP-UB[noEUCS],BIBLE,32,1,0.001000,0.000,0.010,12427683,12012,0,3195,3196,0,164,32,22935262,6785,22848654,3971,0.000000,0.254484,0.261286,9052,0,418.99,22933563,22933496,1405,7887,SUCCESS,82408,0,equal,97409024,8867200,0,144202368,,,,,436,665,used,,,,20260910-0005
2026-09-10 00:32:01,HAUSP-UB[noEUCS],BIBLE,33,1,0.001000,0.000,0.010,12792422,12376,0,3190,3190,0,160,31,22518695,6848,22434673,3788,0.000000,0.254224,0.260992,8891,0,434.93,22517000,22516943,1394,7951,SUCCESS,80013,0,equal,102477312,9112256,0,149270784,,,,,435,656,used,,,,20260910-0005
2026-09-10 00:32:05,HAUSP-UB[noEUCS],BIBLE,34,1,0.001000,0.000,0.010,13204640,12740,0,3300,3301,0,161,31,22809400,6979,22725114,3827,0.000000,0.258157,0.265068,9220,0,443.39,22807756,22807625,1461,8076,SUCCESS,80215,0,equal,100525568,9393952,0,159384704,,,,,428,672,used,,,,20260910-0005
2026-09-10 00:32:08,HAUSP-UB[noEUCS],BIBLE,35,1,0.001000,0.000,0.010,13645685,13104,0,3560,3561,0,168,32,23964345,7323,23876076,4230,0.000000,0.263154,0.270461,9755,0,460.42,23962905,23962566,1675,8422,SUCCESS,83787,0,equal,93289984,9681568,0,187465856,,,,,435,687,used,,,,20260910-0005
2026-09-10 00:32:12,HAUSP-UB[noEUCS],BIBLE,36,1,0.001000,0.000,0.010,14067989,13468,0,3672,3672,0,170,33,24174532,7562,24085878,4326,0.000000,0.264556,0.272060,9799,0,483.10,24172984,24172741,1572,8666,SUCCESS,84090,0,equal,94798336,9949824,0,205435520,,,,,450,688,used,,,,20260910-0005
2026-09-10 00:32:16,HAUSP-UB[noEUCS],BIBLE,37,1,0.001000,0.000,0.010,14433294,13832,0,3771,3771,0,170,32,24304241,7675,24215164,4558,0.000000,0.267776,0.275594,9980,0,498.37,24302558,24302458,1428,8776,SUCCESS,84271,0,equal,100366848,10193760,0,212881408,,,,,444,692,used,,,,20260910-0005
2026-09-10 00:32:20,HAUSP-UB[noEUCS],BIBLE,38,1,0.001000,0.000,0.010,14881148,14196,0,3960,3961,0,175,33,24997664,7745,24907059,4657,0.000000,0.268339,0.276206,10157,0,506.92,24995945,24995862,1401,8844,SUCCESS,85699,0,equal,106028288,10501056,0,218443136,,,,,439,688,used,,,,20260910-0005
2026-09-10 00:32:24,HAUSP-UB[noEUCS],BIBLE,39,1,0.001000,0.000,0.010,15302054,14560,0,4091,4091,0,176,33,25399521,7805,25308350,4708,0.000000,0.271315,0.279328,10476,0,526.12,25397766,25397704,1395,8897,SUCCESS,86171,0,equal,112299264,10781728,0,222937344,,,,,424,716,used,,,,20260910-0005
2026-09-10 00:32:28,HAUSP-UB[noEUCS],BIBLE,40,1,0.001000,0.000,0.010,15751728,14924,0,4419,4419,0,186,35,26707175,7942,26611834,4777,0.000000,0.276363,0.284407,11216,0,542.61,26705492,26705339,1495,9036,SUCCESS,90265,0,equal,115746816,11091392,0,235906304,,,,,429,728,used,,,,20260910-0005
2026-09-10 00:32:33,HAUSP-UB[noEUCS],BIBLE,41,1,0.001000,0.000,0.010,16190013,15288,0,4682,4682,0,192,36,27925620,8073,27826832,5090,0.000000,0.277724,0.285796,11549,0,553.25,27923949,27923797,1508,9186,SUCCESS,93436,0,equal,117575680,11392448,0,249237376,,,,,446,708,used,,,,20260910-0005
2026-09-10 00:32:38,HAUSP-UB[noEUCS],BIBLE,42,1,0.001000,0.000,0.010,16636001,15652,0,4854,4855,0,196,36,28318052,8225,28218740,5089,0.000000,0.279464,0.287657,11771,0,580.81,28316372,28316210,1520,9349,SUCCESS,93959,0,equal,117526528,11700128,0,264318848,,,,,455,719,used,,,,20260910-0005
2026-09-10 00:32:43,HAUSP-UB[noEUCS],BIBLE,43,1,0.001000,0.000,0.010,16955485,16016,0,4911,4912,0,196,36,28338476,8399,28239897,4987,0.000000,0.278860,0.287002,11602,0,599.82,28336794,28336626,1525,9521,SUCCESS,93308,0,equal,119582720,11928256,0,279024256,,,,,448,732,used,,,,20260910-0005
2026-09-10 00:32:47,HAUSP-UB[noEUCS],BIBLE,44,1,0.001000,0.000,0.010,17230658,16380,0,4828,4828,0,190,35,27593748,8550,27498123,4741,0.000000,0.278309,0.286436,11232,0,614.66,27592031,27591907,1477,9660,SUCCESS,90577,0,equal,118407168,12114720,0,291811712,,,,,439,746,used,,,,20260910-0005
2026-09-10 00:32:52,HAUSP-UB[noEUCS],BIBLE,45,1,0.001000,0.000,0.010,17496475,16744,0,4750,4751,0,185,34,26917746,8694,26824726,4773,0.000000,0.277548,0.285660,10909,0,633.39,26916027,26915896,1469,9798,SUCCESS,87929,0,equal,121462784,12298752,0,304868864,,,,,435,753,used,,,,20260910-0005
2026-09-10 00:32:57,HAUSP-UB[noEUCS],BIBLE,46,1,0.001000,0.000,0.010,17748139,17108,0,4690,4690,0,180,33,26319563,8782,26228860,4713,0.000000,0.276999,0.285109,10627,0,656.47,26317804,26317728,1407,9893,SUCCESS,85690,0,equal,123551744,12474816,0,314083712,,,,,443,743,used,,,,20260910-0005
2026-09-10 00:33:02,HAUSP-UB[noEUCS],BIBLE,47,1,0.001000,0.000,0.010,17987469,17472,0,4629,4629,0,176,32,25768076,8862,25679734,4502,0.000000,0.276564,0.284676,10363,0,663.66,25766304,25766231,1385,9971,SUCCESS,83542,0,equal,117604352,12643712,0,322026496,,,,,443,741,used,,,,20260910-0005
2026-09-10 00:33:06,HAUSP-UB[noEUCS],BIBLE,48,1,0.001000,0.000,0.010,18231320,17836,0,4578,4579,0,173,32,25209539,8945,25123421,4294,0.000000,0.276096,0.284197,10097,0,677.30,25207771,25207706,1372,10050,SUCCESS,81520,0,equal,124293120,12814272,0,330364160,,,,,438,742,used,,,,20260910-0005
2026-09-10 00:33:11,HAUSP-UB[noEUCS],BIBLE,49,1,0.001000,0.000,0.010,18477063,18200,0,4520,4520,0,169,31,24661556,9003,24577545,4247,0.000000,0.275536,0.283627,9843,0,688.93,24659771,24659721,1343,10105,SUCCESS,79462,0,equal,127451136,12990048,0,336327168,,,,,436,738,used,,,,20260910-0005
2026-09-10 00:33:15,HAUSP-UB[noEUCS],BIBLE,50,1,0.001000,0.000,0.010,18719289,18564,0,4458,4458,0,164,30,24125025,9063,24042995,4200,0.000000,0.275045,0.283129,9610,0,689.89,24123258,24123204,1342,10162,SUCCESS,77538,0,equal,125452288,13167456,0,342604800,,,,,433,725,used,,,,20260910-0005
2026-09-10 00:33:20,HAUSP-UB[noEUCS],BIBLE,51,1,0.001000,0.000,0.010,18994192,18928,0,4423,4423,0,162,29,23680024,9111,23599847,4075,0.000000,0.274782,0.282854,9427,0,696.31,23678249,23678212,1322,10211,SUCCESS,75815,0,equal,134391808,13352064,0,348047104,,,,,437,724,used,,,,20260910-0005
2026-09-10 00:33:24,HAUSP-UB[noEUCS],BIBLE,52,1,0.001000,0.000,0.010,19208977,19292,0,4374,4375,0,158,29,23266393,9168,23187793,4003,0.000000,0.274349,0.282420,9225,0,709.92,23264624,23264577,1320,10265,SUCCESS,74310,0,equal,133517824,13521504,0,353882368,,,,,439,726,used,,,,20260910-0005
2026-09-10 00:33:28,HAUSP-UB[noEUCS],BIBLE,53,1,0.001000,0.000,0.010,19458211,19656,0,4336,4337,0,156,28,22863584,9270,22786530,3864,0.000000,0.274122,0.282183,9053,0,720.99,22861857,22861763,1360,10360,SUCCESS,72897,0,equal,133812224,13702976,0,364326272,,,,,439,732,used,,,,20260910-0005
2026-09-10 00:33:33,HAUSP-UB[noEUCS],BIBLE,54,1,0.001000,0.000,0.010,19679910,20020,0,4270,4271,0,153,28,22394145,9373,22318743,3857,0.000000,0.273657,0.281714,8856,0,727.84,22392426,22392323,1368,10460,SUCCESS,71250,0,equal,124145664,13855424,0,375508352,,,,,437,732,used,,,,20260910-0005
2026-09-10 00:33:37,HAUSP-UB[noEUCS],BIBLE,55,1,0.001000,0.000,0.010,19938378,20384,0,4228,4228,0,150,27,21974780,9463,21901159,3785,0.000000,0.273145,0.281198,8620,0,744.64,21973061,21972980,1349,10546,SUCCESS,69547,0,equal,128960512,14046912,0,384789504,,,,,433,722,used,,,,20260910-0005
2026-09-10 00:33:41,HAUSP-UB[noEUCS],BIBLE,56,1,0.001000,0.000,0.010,20248605,20748,0,4181,4182,0,147,26,21534653,9558,21462873,3693,0.000000,0.272539,0.280572,8415,0,752.96,21532940,21532847,1356,10639,SUCCESS,67793,0,equal,131301376,14262496,0,394712064,,,,,431,725,used,,,,20260910-0005
2026-09-10 00:33:45,HAUSP-UB[noEUCS],BIBLE,57,1,0.001000,0.000,0.010,20613345,21112,0,4258,4259,0,147,26,21684137,9700,21612403,3653,0.000000,0.273249,0.281320,8447,0,776.13,21682465,21682327,1401,10775,SUCCESS,67768,0,equal,130404352,14526240,0,409208064,,,,,420,733,used,,,,20260910-0005
2026-09-10 00:33:50,HAUSP-UB[noEUCS],BIBLE,58,1,0.001000,0.000,0.010,20971741,21476,0,4289,4290,0,147,26,21578128,9803,21507212,3640,0.000000,0.273262,0.281325,8412,0,783.80,21576418,21576318,1365,10883,SUCCESS,66964,0,equal,120197120,14787264,0,420665472,,,,,426,738,used,,,,20260910-0005
2026-09-10 00:33:54,HAUSP-UB[noEUCS],BIBLE,59,1,0.001000,0.000,0.010,21284409,21840,0,4272,4273,0,145,26,21209854,9873,21140314,3558,0.000000,0.273082,0.281129,8274,0,800.00,21208104,21208037,1324,10949,SUCCESS,65665,0,equal,128638976,15013472,0,427559552,,,,,423,740,used,,,,20260910-0005
2026-09-10 00:33:58,HAUSP-UB[noEUCS],BIBLE,60,1,0.001000,0.000,0.010,21600275,22204,0,4270,4270,0,142,25,21018111,9931,20949688,3449,0.000000,0.273006,0.281058,8149,0,810.63,21016356,21016298,1316,11012,SUCCESS,64662,0,equal,132415488,15244288,0,434290176,,,,,425,737,used,,,,20260910-0005
2026-09-10 00:34:02,HAUSP-UB[noEUCS],BIBLE,61,1,0.001000,0.000,0.010,21919229,22568,0,4286,4287,0,141,25,20972028,10013,20904305,3316,0.000000,0.272675,0.280691,8079,0,818.36,20970287,20970217,1323,11088,SUCCESS,64083,0,equal,134627328,15482272,0,442048384,,,,,418,742,used,,,,20260910-0005
2026-09-10 00:34:07,HAUSP-UB[noEUCS],BIBLE,62,1,0.001000,0.000,0.010,22268142,22932,0,4334,4335,0,141,25,20915630,10064,20848380,3251,0.000000,0.272090,0.280095,7995,0,832.75,20913876,20913823,1300,11142,SUCCESS,63692,0,equal,133439488,15729248,0,447945984,,,,,423,730,used,,,,20260910-0005
2026-09-10 00:34:11,HAUSP-UB[noEUCS],BIBLE,63,1,0.001000,0.000,0.010,22676793,23296,0,4487,4488,0,145,25,21405022,10118,21336696,3368,0.000000,0.272179,0.280168,8082,0,844.73,21403266,21403219,1293,11192,SUCCESS,64647,0,equal,136200192,16017984,0,453644288,,,,,421,732,used,,,,20260910-0005
2026-09-10 00:34:16,HAUSP-UB[noEUCS],BIBLE,64,1,0.001000,0.000,0.010,23156240,23660,0,4934,4935,0,157,27,23367606,10182,23293682,3679,0.000000,0.272325,0.280396,8513,0,859.71,23365857,23365790,1310,11251,SUCCESS,69919,0,equal,141037568,16353952,0,460336512,,,,,413,739,used,,,,20260910-0005
2026-09-10 00:34:21,HAUSP-UB[noEUCS],BIBLE,65,1,0.001000,0.000,0.010,23576819,24024,0,5189,5189,0,164,28,24375845,10216,24299321,3894,0.000000,0.272215,0.280266,8709,0,865.02,24374084,24374025,1310,11302,SUCCESS,72335,0,equal,136286208,16646112,0,466781952,,,,,431,726,used,,,,20260910-0005
2026-09-10 00:34:27,HAUSP-UB[noEUCS],BIBLE,66,1,0.001000,0.000,0.010,23903951,24388,0,5245,5245,0,164,28,24444043,10282,24367421,4012,0.000000,0.273008,0.281151,8733,0,877.24,24442292,24442229,1322,11369,SUCCESS,72311,0,equal,140779520,16870912,0,474829056,,,,,432,731,used,,,,20260910-0005
2026-09-10 00:34:32,HAUSP-UB[noEUCS],BIBLE,67,1,0.001000,0.000,0.010,24311530,24752,0,5371,5371,0,166,28,24795388,10324,24718496,3960,0.000000,0.272987,0.281103,8778,0,891.98,24793610,24793571,1294,11407,SUCCESS,72624,0,equal,144703488,17157920,0,479635712,,,,,425,733,used,,,,20260910-0005
2026-09-10 00:34:37,HAUSP-UB[noEUCS],BIBLE,68,1,0.001000,0.000,0.010,24707457,25116,0,5445,5446,0,168,28,24910424,10402,24833652,3991,0.000000,0.271687,0.279743,8652,0,905.42,24908682,24908604,1334,11486,SUCCESS,72470,0,equal,145055744,17441120,0,488669568,,,,,426,737,used,,,,20260910-0005
2026-09-10 00:34:43,HAUSP-UB[noEUCS],BIBLE,69,1,0.001000,0.000,0.010,25122444,25480,0,5599,5599,0,171,28,25423519,10461,25345794,4020,0.000000,0.270814,0.278798,8703,0,911.45,25421758,25421692,1321,11547,SUCCESS,73399,0,equal,144130048,17738560,0,496240640,,,,,430,736,used,,,,20260910-0005
2026-09-10 00:34:49,HAUSP-UB[noEUCS],BIBLE,70,1,0.001000,0.000,0.010,25540680,25844,0,5738,5739,0,173,29,25666094,10486,25587897,4123,0.000000,0.271084,0.279086,8765,0,918.06,25664290,25664262,1288,11571,SUCCESS,73755,0,equal,149110784,18034080,0,499169920,,,,,424,743,used,,,,20260910-0005
2026-09-10 00:34:55,HAUSP-UB[noEUCS],BIBLE,71,1,0.001000,0.000,0.010,25964486,26208,0,5804,5804,0,173,28,25756045,10554,25678401,4056,0.000000,0.271265,0.279260,8747,0,942.00,25754278,25754206,1336,11640,SUCCESS,73257,0,equal,150982656,18321312,0,507133184,,,,,419,750,used,,,,20260910-0005
2026-09-10 00:35:00,HAUSP-UB[noEUCS],BIBLE,72,1,0.001000,0.000,0.010,26305828,26572,0,5836,5837,0,173,28,25674461,10602,25597450,3949,0.000000,0.271212,0.279182,8702,0,961.73,25672674,25672622,1319,11689,SUCCESS,72735,0,equal,152911872,18568832,0,513359232,,,,,422,749,used,,,,20260910-0005
2026-09-10 00:35:06,HAUSP-UB[noEUCS],BIBLE,73,1,0.001000,0.000,0.010,26620611,26936,0,5853,5853,0,171,28,25451199,10659,25375001,3815,0.000000,0.271313,0.279277,8637,0,975.08,25449412,25449358,1324,11744,SUCCESS,72053,0,equal,153116672,18796928,0,520105600,,,,,427,757,used,,,,20260910-0005
2026-09-10 00:35:12,HAUSP-UB[noEUCS],BIBLE,74,1,0.001000,0.000,0.010,26963104,27300,0,5865,5866,0,169,28,25287535,10722,25212150,3855,0.000000,0.271283,0.279240,8589,0,979.46,25285766,25285702,1333,11811,SUCCESS,71216,0,equal,146366464,19045440,0,528431360,,,,,433,747,used,,,,20260910-0005
2026-09-10 00:35:18,HAUSP-UB[noEUCS],BIBLE,75,1,0.001000,0.000,0.010,27343832,27664,0,6121,6122,0,176,29,26233681,10782,26156072,3982,0.000000,0.271024,0.279022,8669,0,994.72,26231908,26231837,1337,11872,SUCCESS,73307,0,equal,151683072,19318144,0,535870976,,,,,424,744,used,,,,20260910-0005
2026-09-10 00:35:24,HAUSP-UB[noEUCS],BIBLE,76,1,0.001000,0.000,0.010,27679771,28028,0,6133,6134,0,174,28,26023378,10910,25946445,3937,0.000000,0.271016,0.279019,8597,0,1016.44,26021675,26021551,1400,12004,SUCCESS,72684,0,equal,148512768,19568000,0,551864576,,,,,429,741,used,,,,20260910-0005
2026-09-10 00:35:31,HAUSP-UB[noEUCS],BIBLE,77,1,0.001000,0.000,0.010,27997869,28392,0,6101,6102,0,173,28,25663989,10995,25588390,3820,0.000000,0.270699,0.278680,8462,0,1023.60,25662228,25662158,1338,12077,SUCCESS,71444,0,equal,141598720,19798912,0,560248320,,,,,417,752,used,,,,20260910-0005
2026-09-10 00:35:37,HAUSP-UB[noEUCS],BIBLE,78,1,0.001000,0.000,0.010,28333566,28756,0,6099,6100,0,171,27,25362915,11096,25288335,3855,0.000000,0.270141,0.278098,8323,0,1041.95,25361181,25361079,1367,12175,SUCCESS,70389,0,equal,148541440,20036064,0,571912192,,,,,417,753,used,,,,20260910-0005
2026-09-10 00:35:43,HAUSP-UB[noEUCS],BIBLE,79,1,0.001000,0.000,0.010,28659686,29120,0,6069,6070,0,168,27,25110801,11158,25037357,3720,0.000000,0.269590,0.277515,8212,0,1054.01,25109030,25108974,1325,12234,SUCCESS,69382,0,equal,142544896,20273120,0,579193088,,,,,412,754,used,,,,20260910-0005
2026-09-10 00:35:49,HAUSP-UB[noEUCS],BIBLE,80,1,0.001000,0.000,0.010,28977326,29484,0,6043,6044,0,166,26,24779353,11216,24707047,3671,0.000000,0.269202,0.277106,8107,0,1075.12,24777572,24777521,1317,12288,SUCCESS,68287,0,equal,151797760,20506112,0,585696128,,,,,415,763,used,,,,20260910-0005
2026-09-10 00:35:55,HAUSP-UB[noEUCS],BIBLE,81,1,0.001000,0.000,0.010,29311202,29848,0,6047,6048,0,165,26,24642683,11275,24571231,3597,0.000000,0.268616,0.276487,8023,0,1064.92,24640918,24640862,1319,12349,SUCCESS,67520,0,equal,153067520,20749312,0,593279232,,,,,417,752,used,,,,20260910-0005
2026-09-10 00:36:01,HAUSP-UB[noEUCS],BIBLE,82,1,0.001000,0.000,0.010,29636801,30212,0,6053,6053,0,164,26,24429519,11323,24358830,3561,0.000000,0.268318,0.276169,7926,0,1108.77,24427739,24427692,1305,12400,SUCCESS,66796,0,equal,153354240,20987968,0,599537664,,,,,422,754,used,,,,20260910-0005
2026-09-10 00:36:07,HAUSP-UB[noEUCS],BIBLE,83,1,0.001000,0.000,0.010,29967679,30576,0,6023,6023,0,161,25,24137101,11381,24067478,3528,0.000000,0.267651,0.275472,7828,0,1103.16,24135323,24135269,1308,12453,SUCCESS,65753,0,equal,153714688,21230048,0,605752192,,,,,417,759,used,,,,20260910-0005
2026-09-10 00:36:13,HAUSP-UB[noEUCS],BIBLE,84,1,0.001000,0.000,0.010,30264305,30940,0,6027,6027,0,161,25,23950669,11432,23881818,3494,0.000000,0.267144,0.274938,7731,0,1114.97,23948888,23948839,1304,12503,SUCCESS,65014,0,equal,152650240,21460416,0,612801792,,,,,417,760,used,,,,20260910-0005
2026-09-10 00:36:19,HAUSP-UB[noEUCS],BIBLE,85,1,0.001000,0.000,0.010,30576653,31304,0,5993,5993,0,158,25,23602025,11484,23534316,3354,0.000000,0.266609,0.274384,7603,0,1112.01,23600245,23600200,1299,12550,SUCCESS,64005,0,equal,147939328,21676640,0,618677376,,,,,411,761,used,,,,20260910-0005
2026-09-10 00:36:25,HAUSP-UB[noEUCS],BIBLE,86,1,0.001000,0.000,0.010,30851874,31668,0,5968,5968,0,156,24,23311700,11512,23245006,3185,0.000000,0.266294,0.274056,7482,0,1123.20,23309896,23309873,1275,12574,SUCCESS,63150,0,equal,155926528,21876704,0,621835136,,,,,407,766,used,,,,20260910-0005
2026-09-10 00:36:31,HAUSP-UB[noEUCS],BIBLE,87,1,0.001000,0.000,0.010,31143479,32032,0,5928,5928,0,154,24,22994037,11544,22928375,3161,0.000000,0.265953,0.273707,7358,0,1143.58,22992243,22992210,1284,12607,SUCCESS,62142,0,equal,156008448,22086528,0,626049536,,,,,405,764,used,,,,20260910-0005
2026-09-10 00:36:37,HAUSP-UB[noEUCS],BIBLE,88,1,0.001000,0.000,0.010,31515109,32396,0,5946,5946,0,154,24,22933899,11650,22868842,3126,0.000000,0.265607,0.273333,7310,0,1157.39,22932184,22932070,1365,12717,SUCCESS,61582,0,equal,153837568,22350240,0,639677696,,,,,409,758,used,,,,20260910-0005
2026-09-10 00:36:43,HAUSP-UB[noEUCS],BIBLE,89,1,0.001000,0.000,0.010,31879000,32760,0,5949,5950,0,154,23,22706840,11789,22642651,3075,0.000000,0.265256,0.272960,7239,0,1160.76,22705164,22705015,1404,12863,SUCCESS,60784,0,equal,149520384,22611424,0,658129920,,,,,418,748,used,,,,20260910-0005
2026-09-10 00:36:49,HAUSP-UB[noEUCS],BIBLE,90,1,0.001000,0.000,0.010,32236574,33124,0,5943,5943,0,153,23,22543309,11934,22479825,3156,0.000000,0.264527,0.272200,7154,0,1188.31,22541639,22541493,1404,13012,SUCCESS,60010,0,equal,148357120,22881664,0,675622400,,,,,423,741,used,,,,20260910-0005
2026-09-10 00:36:55,HAUSP-UB[noEUCS],BIBLE,91,1,0.001000,0.000,0.010,32567349,33488,0,5924,5924,0,150,23,22336103,12060,22273288,3119,0.000000,0.264333,0.271996,7075,0,1188.37,22334393,22334276,1372,13130,SUCCESS,59357,0,equal,133971968,23115392,0,690083840,,,,,419,758,used,,,,20260910-0005
2026-09-10 00:37:01,HAUSP-UB[noEUCS],BIBLE,92,1,0.001000,0.000,0.010,32896609,33852,0,5902,5903,0,149,23,22149774,12161,22087645,3078,0.000000,0.263908,0.271542,7002,0,1196.74,22148048,22147953,1349,13226,SUCCESS,58704,0,equal,144302080,23337728,0,701679360,,,,,410,757,used,,,,20260910-0005
2026-09-10 00:37:06,HAUSP-UB[noEUCS],BIBLE,93,1,0.001000,0.000,0.010,33253438,34216,0,5882,5883,0,146,22,21894093,12261,21832824,3044,0.000000,0.263367,0.270988,6920,0,1238.44,21892374,21892270,1357,13331,SUCCESS,57887,0,equal,149848064,23581472,0,714297344,,,,,416,754,used,,,,20260910-0005
2026-09-10 00:37:12,HAUSP-UB[noEUCS],BIBLE,94,1,0.001000,0.000,0.010,33639562,34580,0,5903,5904,0,147,22,21762288,12369,21701611,3006,0.000000,0.263002,0.270604,6857,0,1238.50,21760565,21760460,1357,13436,SUCCESS,57325,0,equal,136970240,23851488,0,727432448,,,,,415,761,used,,,,20260910-0005
2026-09-10 00:37:18,HAUSP-UB[noEUCS],BIBLE,95,1,0.001000,0.000,0.010,34057900,34944,0,5917,5917,0,146,22,21678092,12497,21618043,2986,0.000000,0.262288,0.269841,6782,0,1264.89,21676396,21676254,1394,13575,SUCCESS,56738,0,equal,141496320,24134400,0,744599040,,,,,432,757,used,,,,20260910-0005
2026-09-10 00:37:24,HAUSP-UB[noEUCS],BIBLE,96,1,0.001000,0.000,0.010,34468996,35308,0,5969,5970,0,146,22,21776061,12625,21716207,2933,0.000000,0.261606,0.269122,6757,0,1290.59,21774351,21774223,1383,13705,SUCCESS,56593,0,equal,141238272,24421952,0,760604160,,,,,432,760,used,,,,20260910-0005
2026-09-10 00:37:30,HAUSP-UB[noEUCS],BIBLE,97,1,0.001000,0.000,0.010,34850960,35672,0,5999,5999,0,146,22,21749757,12719,21690320,2939,0.000000,0.261332,0.268824,6687,0,1272.27,21748008,21747912,1349,13803,SUCCESS,56162,0,equal,143491072,24683456,0,772643072,,,,,427,763,used,,,,20260910-0005
2026-09-10 00:37:36,HAUSP-UB[noEUCS],BIBLE,98,1,0.001000,0.000,0.010,35197819,36036,0,6048,6049,0,147,22,21743034,12774,21683972,2877,0.000000,0.261332,0.268827,6678,0,1290.34,21741236,21741175,1312,13858,SUCCESS,55841,0,equal,150036480,24937024,0,780208000,,,,,425,769,used,,,,20260910-0005
2026-09-10 00:37:42,HAUSP-UB[noEUCS],BIBLE,99,1,0.001000,0.000,0.010,35550162,36369,0,6141,6141,0,147,22,21936545,12820,21877203,2933,0.000000,0.261646,0.269156,6713,0,1308.94,21934741,21934689,1309,13905,SUCCESS,56071,0,equal,152010752,25186112,0,785861888,,,,,428,766,used,,,,20260910-0005
2026-09-10 00:38:39,HAUSP-UB[noEUCS],BIBLE,0,2,0.001000,0.000,0.010,521590,364,1,55878,55879,0,13099,9505,880003023,354,849653524,7371037,0.000000,0.193762,0.195039,2888527,0,117.48,880003127,879999016,4111,2363,SUCCESS,24654603,0,equal,1683328,369088,0,450688,,,,,1676391,250,used,,,,20260910-0005
2026-09-10 00:38:40,HAUSP-UB[noEUCS],BIBLE,1,2,0.001000,0.000,0.010,867091,728,0,711,711,0,141,82,12308495,1013,12081899,16734,0.000000,0.192301,0.195485,17246,0,123.05,12306480,12306062,2166,2925,SUCCESS,213335,0,equal,3052160,615520,0,1348608,,,,,4138,665,used,,,,20260910-0005
2026-09-10 00:38:40,HAUSP-UB[noEUCS],BIBLE,2,2,0.001000,0.000,0.010,1186430,1092,0,435,435,0,72,36,7449555,1474,7351806,4740,0.000000,0.213059,0.217547,7603,0,126.30,7447312,7446993,1923,3276,SUCCESS,93607,0,equal,3110272,859840,0,2357120,,,,,1390,792,used,,,,20260910-0005
2026-09-10 00:38:40,HAUSP-UB[noEUCS],BIBLE,3,2,0.001000,0.000,0.010,1526482,1456,0,373,373,0,57,24,5896294,1929,5830877,2744,0.000000,0.216442,0.221093,5676,0,132.77,5894060,5893935,1697,3537,SUCCESS,62650,0,equal,5235072,1092160,0,3318912,,,,,864,887,used,,,,20260910-0005
2026-09-10 00:38:41,HAUSP-UB[noEUCS],BIBLE,4,2,0.001000,0.000,0.010,1860904,1820,0,402,402,0,59,21,5783409,2408,5725888,2157,0.000000,0.223827,0.228459,5537,0,139.05,5781284,5781059,1661,3861,SUCCESS,55057,0,equal,6775424,1331520,0,4880128,,,,,689,996,used,,,,20260910-0005
2026-09-10 00:38:41,HAUSP-UB[noEUCS],BIBLE,5,2,0.001000,0.000,0.010,2208557,2184,0,410,410,0,57,18,5576979,2768,5526598,1907,0.000000,0.225550,0.230464,5211,0,142.31,5574848,5574663,1522,4112,SUCCESS,48046,0,equal,6999552,1564416,0,6369920,,,,,610,1038,used,,,,20260910-0005
2026-09-10 00:38:42,HAUSP-UB[noEUCS],BIBLE,6,2,0.001000,0.000,0.010,2563385,2548,0,484,485,0,62,19,6173350,3075,6121656,1880,0.000000,0.230288,0.235224,5505,0,148.80,6171318,6171173,1416,4319,SUCCESS,49353,0,equal,8436352,1831872,0,7984384,,,,,534,995,used,,,,20260910-0005
2026-09-10 00:38:42,HAUSP-UB[noEUCS],BIBLE,7,2,0.001000,0.000,0.010,2904647,2912,0,542,542,0,66,18,6659100,3355,6607686,1910,0.000000,0.233965,0.238998,5658,0,158.26,6657180,6656964,1425,4563,SUCCESS,49078,0,equal,10838016,2091872,0,10372352,,,,,530,956,used,,,,20260910-0005
2026-09-10 00:38:43,HAUSP-UB[noEUCS],BIBLE,8,2,0.001000,0.000,0.010,3271034,3276,0,589,590,0,66,18,6956121,3610,6904419,2064,0.000000,0.240674,0.246345,5928,0,167.93,6954253,6953985,1449,4820,SUCCESS,49232,0,equal,13217792,2354784,0,12774144,,,,,509,915,used,,,,20260910-0005
2026-09-10 00:38:43,HAUSP-UB[noEUCS],BIBLE,9,2,0.001000,0.000,0.010,3648000,3640,0,670,670,0,71,19,7570437,3718,7517107,2208,0.000000,0.245445,0.251569,6250,0,177.49,7568477,7568373,1296,4911,SUCCESS,50765,0,equal,16459776,2618752,0,14176640,,,,,501,858,used,,,,20260910-0005
2026-09-10 00:38:44,HAUSP-UB[noEUCS],BIBLE,10,2,0.001000,0.000,0.010,4069193,4004,0,915,916,0,91,24,10056987,3855,9989481,3083,0.000000,0.248011,0.254434,7422,0,190.28,10055125,10054952,1378,5042,SUCCESS,64090,0,equal,21055488,2928288,0,16240000,,,,,473,806,used,,,,20260910-0005
2026-09-10 00:38:46,HAUSP-UB[noEUCS],BIBLE,11,2,0.001000,0.000,0.010,4464163,4368,0,1261,1261,0,123,33,13736611,4002,13645647,4510,0.000000,0.242288,0.248735,8454,0,203.05,13734820,13734682,1385,5171,SUCCESS,86166,0,equal,24879104,3214112,0,18577024,,,,,463,751,used,,,,20260910-0005
2026-09-10 00:38:47,HAUSP-UB[noEUCS],BIBLE,12,2,0.001000,0.000,0.010,4882859,4732,0,1857,1858,0,171,52,18418195,4153,18275523,8076,0.000000,0.225535,0.231193,9861,0,219.05,18416451,18416267,1440,5307,SUCCESS,134308,0,equal,29804544,3511520,0,21680256,,,,,438,726,used,,,,20260910-0005
2026-09-10 00:38:49,HAUSP-UB[noEUCS],BIBLE,13,2,0.001000,0.000,0.010,5238511,5096,0,1942,1942,0,172,49,19493692,4274,19358703,6759,0.000000,0.230392,0.236103,9814,0,231.96,19491963,19491849,1418,5420,SUCCESS,127970,0,equal,33799552,3759232,0,24446080,,,,,436,696,used,,,,20260910-0005
2026-09-10 00:38:52,HAUSP-UB[noEUCS],BIBLE,14,2,0.001000,0.000,0.010,5618259,5460,0,2143,2143,0,185,50,21378456,4411,21241658,6246,0.000000,0.230976,0.236457,9777,0,244.69,21376756,21376636,1425,5544,SUCCESS,130284,0,equal,36227712,4027616,0,28381184,,,,,423,691,used,,,,20260910-0005
2026-09-10 00:38:54,HAUSP-UB[noEUCS],BIBLE,15,2,0.001000,0.000,0.010,6013842,5824,0,2245,2246,0,186,48,22094284,4541,21962464,6105,0.000000,0.236395,0.242213,9942,0,260.71,22092600,22092477,1424,5659,SUCCESS,125443,0,equal,40593664,4298688,0,31798400,,,,,409,681,used,,,,20260910-0005
2026-09-10 00:38:56,HAUSP-UB[noEUCS],BIBLE,16,2,0.001000,0.000,0.010,6414914,6188,0,2492,2492,0,202,49,23953496,4695,23818835,6072,0.000000,0.238326,0.244218,10168,0,267.05,23951858,23951662,1505,5836,SUCCESS,128335,0,equal,39408512,4592480,0,37245696,,,,,420,674,used,,,,20260910-0005
2026-09-10 00:38:59,HAUSP-UB[noEUCS],BIBLE,17,2,0.001000,0.000,0.010,6818247,6552,0,2495,2496,0,195,46,23580739,4799,23455136,5692,0.000000,0.237735,0.243627,9850,0,221.78,23579018,23578893,1453,5946,SUCCESS,119651,0,equal,48901376,4915168,0,41268224,,,,,424,684,used,,,,20260910-0005
2026-09-10 00:39:01,HAUSP-UB[noEUCS],BIBLE,18,2,0.001000,0.000,0.010,7220774,6916,0,2575,2575,0,193,45,23987233,4948,23865967,5159,0.000000,0.237013,0.242804,9671,0,240.37,23985560,23985401,1502,6091,SUCCESS,115861,0,equal,51970304,5227616,0,47169792,,,,,429,675,used,,,,20260910-0005
2026-09-10 00:39:04,HAUSP-UB[noEUCS],BIBLE,19,2,0.001000,0.000,0.010,7627235,7280,0,2764,2764,0,201,45,25266799,5063,25144347,5293,0.000000,0.240359,0.246322,10003,0,259.57,25265108,25264965,1500,6210,SUCCESS,116931,0,equal,56699008,5512416,0,51984768,,,,,435,663,used,,,,20260910-0005
2026-09-10 00:39:07,HAUSP-UB[noEUCS],BIBLE,20,2,0.001000,0.000,0.010,8100233,7644,0,3021,3022,0,210,46,27002018,5377,26875855,5850,0.000000,0.245932,0.252341,10743,0,288.35,27000523,27000194,1710,6520,SUCCESS,120081,0,equal,58099328,5824480,0,64861824,,,,,430,662,used,,,,20260910-0005
2026-09-10 00:39:10,HAUSP-UB[noEUCS],BIBLE,21,2,0.001000,0.000,0.010,8504000,8008,0,3188,3189,0,211,46,27893345,5536,27766954,6089,0.000000,0.248560,0.255073,11006,0,288.99,27891702,27891548,1554,6669,SUCCESS,120061,0,equal,52192896,6101952,0,71603072,,,,,418,659,used,,,,20260910-0005
2026-09-10 00:39:14,HAUSP-UB[noEUCS],BIBLE,22,2,0.001000,0.000,0.010,8890471,8372,0,3166,3167,0,202,44,27079830,5670,26960129,5677,0.000000,0.249380,0.256002,10751,0,301.02,27078165,27078033,1537,6801,SUCCESS,113777,0,equal,67219840,6356800,0,78699392,,,,,419,666,used,,,,20260910-0005
2026-09-10 00:39:17,HAUSP-UB[noEUCS],BIBLE,23,2,0.001000,0.000,0.010,9257187,8736,0,3138,3139,0,195,42,26388912,5796,26274565,5402,0.000000,0.250091,0.256767,10489,0,316.87,26387250,26387135,1520,6928,SUCCESS,108715,0,equal,68519936,6611392,0,84922624,,,,,427,657,used,,,,20260910-0005
2026-09-10 00:39:20,HAUSP-UB[noEUCS],BIBLE,24,2,0.001000,0.000,0.010,9602169,9100,0,3117,3118,0,191,40,25757885,5911,25648348,5110,0.000000,0.251255,0.257970,10304,0,325.39,25756222,25756125,1490,7040,SUCCESS,104212,0,equal,75599104,6860896,0,90352128,,,,,431,646,used,,,,20260910-0005
2026-09-10 00:39:23,HAUSP-UB[noEUCS],BIBLE,25,2,0.001000,0.000,0.010,9913053,9464,0,3063,3063,0,182,38,24806773,6039,24702595,4908,0.000000,0.251233,0.257958,9948,0,342.35,24805117,24805018,1477,7151,SUCCESS,99036,0,equal,79246848,7088096,0,96737920,,,,,421,655,used,,,,20260910-0005
2026-09-10 00:39:26,HAUSP-UB[noEUCS],BIBLE,26,2,0.001000,0.000,0.010,10248816,9828,0,2988,2988,0,175,36,23740563,6135,23642276,4566,0.000000,0.250232,0.256919,9464,0,357.02,23738893,23738826,1433,7243,SUCCESS,93496,0,equal,80331776,7323552,0,101977472,,,,,429,654,used,,,,20260910-0005
2026-09-10 00:39:29,HAUSP-UB[noEUCS],BIBLE,27,2,0.001000,0.000,0.010,10619345,10192,0,3023,3023,0,170,35,23489828,6277,23394236,4436,0.000000,0.250964,0.257710,9338,0,371.74,23488220,23488087,1474,7390,SUCCESS,90944,0,equal,83195904,7583808,0,111261952,,,,,430,642,used,,,,20260910-0005
2026-09-10 00:39:32,HAUSP-UB[noEUCS],BIBLE,28,2,0.001000,0.000,0.010,10967035,10556,0,2976,2977,0,165,34,22783979,6377,22692440,4232,0.000000,0.250464,0.257185,9032,0,374.54,22782326,22782238,1415,7483,SUCCESS,87096,0,equal,77780992,7822848,0,117696896,,,,,429,640,used,,,,20260910-0005
2026-09-10 00:39:35,HAUSP-UB[noEUCS],BIBLE,29,2,0.001000,0.000,0.010,11283328,10920,0,2979,2979,0,161,33,22484538,6487,22395443,4192,0.000000,0.251690,0.258450,8938,0,381.19,22482894,22482791,1425,7588,SUCCESS,84690,0,equal,88952832,8060608,0,124086400,,,,,435,648,used,,,,20260910-0005
2026-09-10 00:39:38,HAUSP-UB[noEUCS],BIBLE,30,2,0.001000,0.000,0.010,11646214,11284,0,3032,3032,0,160,32,22462620,6605,22374732,4125,0.000000,0.252733,0.259576,8913,0,385.92,22460975,22460856,1439,7705,SUCCESS,83527,0,equal,91106304,8321920,0,131858304,,,,,426,662,used,,,,20260910-0005
2026-09-10 00:39:41,HAUSP-UB[noEUCS],BIBLE,31,2,0.001000,0.000,0.010,12047689,11648,0,3184,3184,0,166,33,23263087,6717,23174008,4165,0.000000,0.254241,0.261058,9134,0,402.33,23261433,23261303,1452,7819,SUCCESS,84679,0,equal,94593024,8613120,0,139711232,,,,,431,666,used,,,,20260910-0005
2026-09-10 00:39:44,HAUSP-UB[noEUCS],BIBLE,32,2,0.001000,0.000,0.010,12427683,12012,0,3193,3193,0,161,32,22935262,6785,22848654,3971,0.000000,0.254484,0.261286,9052,0,421.32,22933563,22933496,1405,7887,SUCCESS,82408,0,equal,97409024,8867200,0,144202368,,,,,436,665,used,,,,20260910-0005
2026-09-10 00:39:47,HAUSP-UB[noEUCS],BIBLE,33,2,0.001000,0.000,0.010,12792422,12376,0,3167,3168,0,158,31,22518695,6848,22434673,3788,0.000000,0.254224,0.260992,8891,0,423.87,22517000,22516943,1394,7951,SUCCESS,80013,0,equal,98299392,9112256,0,149270784,,,,,435,656,used,,,,20260910-0005
2026-09-10 00:39:51,HAUSP-UB[noEUCS],BIBLE,34,2,0.001000,0.000,0.010,13204640,12740,0,3270,3270,0,160,31,22809400,6979,22725114,3827,0.000000,0.258157,0.265068,9220,0,436.65,22807756,22807625,1461,8076,SUCCESS,80215,0,equal,100935168,9393952,0,159384704,,,,,428,672,used,,,,20260910-0005
2026-09-10 00:39:54,HAUSP-UB[noEUCS],BIBLE,35,2,0.001000,0.000,0.010,13645685,13104,0,3528,3528,0,165,32,23964345,7323,23876076,4230,0.000000,0.263154,0.270461,9755,0,466.13,23962905,23962566,1675,8422,SUCCESS,83787,0,equal,95239680,9681568,0,187465856,,,,,435,687,used,,,,20260910-0005
2026-09-10 00:39:58,HAUSP-UB[noEUCS],BIBLE,36,2,0.001000,0.000,0.010,14067989,13468,0,3647,3648,0,167,33,24174532,7562,24085878,4326,0.000000,0.264556,0.272060,9799,0,477.38,24172984,24172741,1572,8666,SUCCESS,84090,0,equal,95191552,9949824,0,205435520,,,,,450,688,used,,,,20260910-0005
2026-09-10 00:40:02,HAUSP-UB[noEUCS],BIBLE,37,2,0.001000,0.000,0.010,14433294,13832,0,3747,3747,0,167,32,24304241,7675,24215164,4558,0.000000,0.267776,0.275594,9980,0,496.75,24302558,24302458,1428,8776,SUCCESS,84271,0,equal,100366848,10193760,0,212881408,,,,,444,692,used,,,,20260910-0005
2026-09-10 00:40:06,HAUSP-UB[noEUCS],BIBLE,38,2,0.001000,0.000,0.010,14881148,14196,0,3938,3939,0,173,33,24997664,7745,24907059,4657,0.000000,0.268339,0.276206,10157,0,509.24,24995945,24995862,1401,8844,SUCCESS,85699,0,equal,106519808,10501056,0,218443136,,,,,439,688,used,,,,20260910-0005
2026-09-10 00:40:10,HAUSP-UB[noEUCS],BIBLE,39,2,0.001000,0.000,0.010,15302054,14560,0,4067,4067,0,175,33,25399521,7805,25308350,4708,0.000000,0.271315,0.279328,10476,0,527.13,25397766,25397704,1395,8897,SUCCESS,86171,0,equal,112299264,10781728,0,222937344,,,,,424,716,used,,,,20260910-0005
2026-09-10 00:40:14,HAUSP-UB[noEUCS],BIBLE,40,2,0.001000,0.000,0.010,15751728,14924,0,4390,4390,0,183,35,26707175,7942,26611834,4777,0.000000,0.276363,0.284407,11216,0,543.01,26705492,26705339,1495,9036,SUCCESS,90265,0,equal,115746816,11091392,0,235906304,,,,,429,728,used,,,,20260910-0005
2026-09-10 00:40:19,HAUSP-UB[noEUCS],BIBLE,41,2,0.001000,0.000,0.010,16190013,15288,0,4653,4654,0,191,36,27925620,8073,27826832,5090,0.000000,0.277724,0.285796,11549,0,558.37,27923949,27923797,1508,9186,SUCCESS,93436,0,equal,115724288,11392448,0,249237376,,,,,446,708,used,,,,20260910-0005
2026-09-10 00:40:24,HAUSP-UB[noEUCS],BIBLE,42,2,0.001000,0.000,0.010,16636001,15652,0,4820,4821,0,193,36,28318052,8225,28218740,5089,0.000000,0.279464,0.287657,11771,0,580.97,28316372,28316210,1520,9349,SUCCESS,93959,0,equal,117526528,11700128,0,264318848,,,,,455,719,used,,,,20260910-0005
2026-09-10 00:40:28,HAUSP-UB[noEUCS],BIBLE,43,2,0.001000,0.000,0.010,16955485,16016,0,4872,4873,0,192,36,28338476,8399,28239897,4987,0.000000,0.278860,0.287002,11602,0,599.85,28336794,28336626,1525,9521,SUCCESS,93308,0,equal,120107008,11928256,0,279024256,,,,,448,732,used,,,,20260910-0005
2026-09-10 00:40:33,HAUSP-UB[noEUCS],BIBLE,44,2,0.001000,0.000,0.010,17230658,16380,0,4796,4797,0,187,35,27593748,8550,27498123,4741,0.000000,0.278309,0.286436,11232,0,613.41,27592031,27591907,1477,9660,SUCCESS,90577,0,equal,121094144,12114720,0,291811712,,,,,439,746,used,,,,20260910-0005
2026-09-10 00:40:38,HAUSP-UB[noEUCS],BIBLE,45,2,0.001000,0.000,0.010,17496475,16744,0,4731,4732,0,183,34,26917746,8694,26824726,4773,0.000000,0.277548,0.285660,10909,0,633.25,26916027,26915896,1469,9798,SUCCESS,87929,0,equal,121462784,12298752,0,304868864,,,,,435,753,used,,,,20260910-0005
2026-09-10 00:40:43,HAUSP-UB[noEUCS],BIBLE,46,2,0.001000,0.000,0.010,17748139,17108,0,4665,4665,0,179,33,26319563,8782,26228860,4713,0.000000,0.276999,0.285109,10627,0,649.79,26317804,26317728,1407,9893,SUCCESS,85690,0,equal,123453440,12474816,0,314083712,,,,,443,743,used,,,,20260910-0005
2026-09-10 00:40:47,HAUSP-UB[noEUCS],BIBLE,47,2,0.001000,0.000,0.010,17987469,17472,0,4604,4605,0,175,33,25768076,8862,25679734,4502,0.000000,0.276564,0.284676,10363,0,658.77,25766304,25766231,1385,9971,SUCCESS,83542,0,equal,126857216,12643712,0,322026496,,,,,443,741,used,,,,20260910-0005
2026-09-10 00:40:52,HAUSP-UB[noEUCS],BIBLE,48,2,0.001000,0.000,0.010,18231320,17836,0,4548,4548,0,171,31,25209539,8945,25123421,4294,0.000000,0.276096,0.284197,10097,0,679.76,25207771,25207706,1372,10050,SUCCESS,81520,0,equal,124850176,12814272,0,330364160,,,,,438,742,used,,,,20260910-0005
2026-09-10 00:40:56,HAUSP-UB[noEUCS],BIBLE,49,2,0.001000,0.000,0.010,18477063,18200,0,4491,4491,0,167,31,24661556,9003,24577545,4247,0.000000,0.275536,0.283627,9843,0,690.84,24659771,24659721,1343,10105,SUCCESS,79462,0,equal,127451136,12990048,0,336327168,,,,,436,738,used,,,,20260910-0005
2026-09-10 00:41:01,HAUSP-UB[noEUCS],BIBLE,50,2,0.001000,0.000,0.010,18719289,18564,0,4430,4430,0,163,30,24125025,9063,24042995,4200,0.000000,0.275045,0.283129,9610,0,693.59,24123258,24123204,1342,10162,SUCCESS,77538,0,equal,125714432,13167456,0,342604800,,,,,433,725,used,,,,20260910-0005
2026-09-10 00:41:05,HAUSP-UB[noEUCS],BIBLE,51,2,0.001000,0.000,0.010,18994192,18928,0,4396,4396,0,160,29,23680024,9111,23599847,4075,0.000000,0.274782,0.282854,9427,0,710.73,23678249,23678212,1322,10211,SUCCESS,75815,0,equal,133048320,13352064,0,348047104,,,,,437,724,used,,,,20260910-0005
2026-09-10 00:41:09,HAUSP-UB[noEUCS],BIBLE,52,2,0.001000,0.000,0.010,19208977,19292,0,4351,4351,0,157,29,23266393,9168,23187793,4003,0.000000,0.274349,0.282420,9225,0,717.83,23264624,23264577,1320,10265,SUCCESS,74310,0,equal,135057920,13521504,0,353882368,,,,,439,726,used,,,,20260910-0005
2026-09-10 00:41:14,HAUSP-UB[noEUCS],BIBLE,53,2,0.001000,0.000,0.010,19458211,19656,0,4324,4325,0,155,28,22863584,9270,22786530,3864,0.000000,0.274122,0.282183,9053,0,727.77,22861857,22861763,1360,10360,SUCCESS,72897,0,equal,133779456,13702976,0,364326272,,,,,439,732,used,,,,20260910-0005
2026-09-10 00:41:18,HAUSP-UB[noEUCS],BIBLE,54,2,0.001000,0.000,0.010,19679910,20020,0,4275,4276,0,151,27,22394145,9373,22318743,3857,0.000000,0.273657,0.281714,8856,0,734.92,22392426,22392323,1368,10460,SUCCESS,71250,0,equal,129273856,13855424,0,375508352,,,,,437,732,used,,,,20260910-0005
2026-09-10 00:41:22,HAUSP-UB[noEUCS],BIBLE,55,2,0.001000,0.000,0.010,19938378,20384,0,4226,4226,0,148,27,21974780,9463,21901159,3785,0.000000,0.273145,0.281198,8620,0,747.98,21973061,21972980,1349,10546,SUCCESS,69547,0,equal,133431296,14046912,0,384789504,,,,,433,722,used,,,,20260910-0005
2026-09-10 00:41:26,HAUSP-UB[noEUCS],BIBLE,56,2,0.001000,0.000,0.010,20248605,20748,0,4175,4175,0,145,26,21534653,9558,21462873,3693,0.000000,0.272539,0.280572,8415,0,760.48,21532940,21532847,1356,10639,SUCCESS,67793,0,equal,128221184,14262496,0,394712064,,,,,431,725,used,,,,20260910-0005
2026-09-10 00:41:31,HAUSP-UB[noEUCS],BIBLE,57,2,0.001000,0.000,0.010,20613345,21112,0,4256,4256,0,147,26,21684137,9700,21612403,3653,0.000000,0.273249,0.281320,8447,0,773.20,21682465,21682327,1401,10775,SUCCESS,67768,0,equal,126750720,14526240,0,409208064,,,,,420,733,used,,,,20260910-0005
2026-09-10 00:41:35,HAUSP-UB[noEUCS],BIBLE,58,2,0.001000,0.000,0.010,20971741,21476,0,4280,4280,0,145,26,21578128,9803,21507212,3640,0.000000,0.273262,0.281325,8412,0,799.11,21576418,21576318,1365,10883,SUCCESS,66964,0,equal,127320064,14787264,0,420665472,,,,,426,738,used,,,,20260910-0005
2026-09-10 00:41:39,HAUSP-UB[noEUCS],BIBLE,59,2,0.001000,0.000,0.010,21284409,21840,0,4263,4264,0,142,25,21209854,9873,21140314,3558,0.000000,0.273082,0.281129,8274,0,804.66,21208104,21208037,1324,10949,SUCCESS,65665,0,equal,128638976,15013472,0,427559552,,,,,423,740,used,,,,20260910-0005
2026-09-10 00:41:44,HAUSP-UB[noEUCS],BIBLE,60,2,0.001000,0.000,0.010,21600275,22204,0,4263,4264,0,141,25,21018111,9931,20949688,3449,0.000000,0.273006,0.281058,8149,0,820.26,21016356,21016298,1316,11012,SUCCESS,64662,0,equal,134381568,15244288,0,434290176,,,,,425,737,used,,,,20260910-0005
2026-09-10 00:41:48,HAUSP-UB[noEUCS],BIBLE,61,2,0.001000,0.000,0.010,21919229,22568,0,4280,4280,0,140,25,20972028,10013,20904305,3316,0.000000,0.272675,0.280691,8079,0,823.20,20970287,20970217,1323,11088,SUCCESS,64083,0,equal,127991808,15482272,0,442048384,,,,,418,742,used,,,,20260910-0005
2026-09-10 00:41:52,HAUSP-UB[noEUCS],BIBLE,62,2,0.001000,0.000,0.010,22268142,22932,0,4316,4317,0,141,24,20915630,10064,20848380,3251,0.000000,0.272090,0.280095,7995,0,833.20,20913876,20913823,1300,11142,SUCCESS,63692,0,equal,136912896,15729248,0,447945984,,,,,423,730,used,,,,20260910-0005
2026-09-10 00:41:57,HAUSP-UB[noEUCS],BIBLE,63,2,0.001000,0.000,0.010,22676793,23296,0,4463,4464,0,143,25,21405022,10118,21336696,3368,0.000000,0.272179,0.280168,8082,0,859.23,21403266,21403219,1293,11192,SUCCESS,64647,0,equal,137494528,16017984,0,453644288,,,,,421,732,used,,,,20260910-0005
2026-09-10 00:42:02,HAUSP-UB[noEUCS],BIBLE,64,2,0.001000,0.000,0.010,23156240,23660,0,4914,4914,0,156,27,23367606,10182,23293682,3679,0.000000,0.272325,0.280396,8513,0,863.35,23365857,23365790,1310,11251,SUCCESS,69919,0,equal,137209856,16353952,0,460336512,,,,,413,739,used,,,,20260910-0005
2026-09-10 00:42:07,HAUSP-UB[noEUCS],BIBLE,65,2,0.001000,0.000,0.010,23576819,24024,0,5174,5174,0,163,28,24375845,10216,24299321,3894,0.000000,0.272215,0.280266,8709,0,879.82,24374084,24374025,1310,11302,SUCCESS,72335,0,equal,141574144,16646112,0,466781952,,,,,431,726,used,,,,20260910-0005
2026-09-10 00:42:12,HAUSP-UB[noEUCS],BIBLE,66,2,0.001000,0.000,0.010,23903951,24388,0,5230,5231,0,164,28,24444043,10282,24367421,4012,0.000000,0.273008,0.281151,8733,0,879.80,24442292,24442229,1322,11369,SUCCESS,72311,0,equal,142639104,16870912,0,474829056,,,,,432,731,used,,,,20260910-0005
2026-09-10 00:42:17,HAUSP-UB[noEUCS],BIBLE,67,2,0.001000,0.000,0.010,24311530,24752,0,5358,5359,0,165,28,24795388,10324,24718496,3960,0.000000,0.272987,0.281103,8778,0,897.60,24793610,24793571,1294,11407,SUCCESS,72624,0,equal,144703488,17157920,0,479635712,,,,,425,733,used,,,,20260910-0005
2026-09-10 00:42:23,HAUSP-UB[noEUCS],BIBLE,68,2,0.001000,0.000,0.010,24707457,25116,0,5431,5432,0,166,28,24910424,10402,24833652,3991,0.000000,0.271687,0.279743,8652,0,907.89,24908682,24908604,1334,11486,SUCCESS,72470,0,equal,143384576,17441120,0,488669568,,,,,426,737,used,,,,20260910-0005
2026-09-10 00:42:28,HAUSP-UB[noEUCS],BIBLE,69,2,0.001000,0.000,0.010,25122444,25480,0,5587,5587,0,169,28,25423519,10461,25345794,4020,0.000000,0.270814,0.278798,8703,0,921.27,25421758,25421692,1321,11547,SUCCESS,73399,0,equal,147128320,17738560,0,496240640,,,,,430,736,used,,,,20260910-0005
2026-09-10 00:42:34,HAUSP-UB[noEUCS],BIBLE,70,2,0.001000,0.000,0.010,25540680,25844,0,5724,5725,0,171,29,25666094,10486,25587897,4123,0.000000,0.271084,0.279086,8765,0,931.29,25664290,25664262,1288,11571,SUCCESS,73755,0,equal,145981440,18034080,0,499169920,,,,,424,743,used,,,,20260910-0005
2026-09-10 00:42:40,HAUSP-UB[noEUCS],BIBLE,71,2,0.001000,0.000,0.010,25964486,26208,0,5799,5800,0,173,28,25756045,10554,25678401,4056,0.000000,0.271265,0.279260,8747,0,944.33,25754278,25754206,1336,11640,SUCCESS,73257,0,equal,150679552,18321312,0,507133184,,,,,419,750,used,,,,20260910-0005
2026-09-10 00:42:46,HAUSP-UB[noEUCS],BIBLE,72,2,0.001000,0.000,0.010,26305828,26572,0,5825,5826,0,172,28,25674461,10602,25597450,3949,0.000000,0.271212,0.279182,8702,0,975.54,25672674,25672622,1319,11689,SUCCESS,72735,0,equal,152387584,18568832,0,513359232,,,,,422,749,used,,,,20260910-0005
2026-09-10 00:42:52,HAUSP-UB[noEUCS],BIBLE,73,2,0.001000,0.000,0.010,26620611,26936,0,5846,5846,0,169,28,25451199,10659,25375001,3815,0.000000,0.271313,0.279277,8637,0,982.87,25449412,25449358,1324,11744,SUCCESS,72053,0,equal,151937024,18796928,0,520105600,,,,,427,757,used,,,,20260910-0005
2026-09-10 00:42:57,HAUSP-UB[noEUCS],BIBLE,74,2,0.001000,0.000,0.010,26963104,27300,0,5862,5862,0,168,27,25287535,10722,25212150,3855,0.000000,0.271283,0.279240,8589,0,986.17,25285766,25285702,1333,11811,SUCCESS,71216,0,equal,152035328,19045440,0,528431360,,,,,433,747,used,,,,20260910-0005
2026-09-10 00:43:04,HAUSP-UB[noEUCS],BIBLE,75,2,0.001000,0.000,0.010,27343832,27664,0,6118,6118,0,175,28,26233681,10782,26156072,3982,0.000000,0.271024,0.279022,8669,0,997.80,26231908,26231837,1337,11872,SUCCESS,73307,0,equal,145825792,19318144,0,535870976,,,,,424,744,used,,,,20260910-0005
2026-09-10 00:43:10,HAUSP-UB[noEUCS],BIBLE,76,2,0.001000,0.000,0.010,27679771,28028,0,6135,6136,0,174,28,26023378,10910,25946445,3937,0.000000,0.271016,0.279019,8597,0,1031.77,26021675,26021551,1400,12004,SUCCESS,72684,0,equal,148299776,19568000,0,551864576,,,,,429,741,used,,,,20260910-0005
2026-09-10 00:43:16,HAUSP-UB[noEUCS],BIBLE,77,2,0.001000,0.000,0.010,27997869,28392,0,6094,6095,0,171,28,25663989,10995,25588390,3820,0.000000,0.270699,0.278680,8462,0,1040.03,25662228,25662158,1338,12077,SUCCESS,71444,0,equal,150028288,19798912,0,560248320,,,,,417,752,used,,,,20260910-0005
2026-09-10 00:43:22,HAUSP-UB[noEUCS],BIBLE,78,2,0.001000,0.000,0.010,28333566,28756,0,6079,6080,0,169,27,25362915,11096,25288335,3855,0.000000,0.270141,0.278098,8323,0,1051.21,25361181,25361079,1367,12175,SUCCESS,70389,0,equal,148377600,20036064,0,571912192,,,,,417,753,used,,,,20260910-0005
2026-09-10 00:43:28,HAUSP-UB[noEUCS],BIBLE,79,2,0.001000,0.000,0.010,28659686,29120,0,6062,6062,0,168,27,25110801,11158,25037357,3720,0.000000,0.269590,0.277515,8212,0,1036.14,25109030,25108974,1325,12234,SUCCESS,69382,0,equal,150765568,20273120,0,579193088,,,,,412,754,used,,,,20260910-0005
2026-09-10 00:43:34,HAUSP-UB[noEUCS],BIBLE,80,2,0.001000,0.000,0.010,28977326,29484,0,6042,6043,0,165,26,24779353,11216,24707047,3671,0.000000,0.269202,0.277106,8107,0,1047.15,24777572,24777521,1317,12288,SUCCESS,68287,0,equal,145489920,20506112,0,585696128,,,,,415,763,used,,,,20260910-0005
2026-09-10 00:43:40,HAUSP-UB[noEUCS],BIBLE,81,2,0.001000,0.000,0.010,29311202,29848,0,6059,6059,0,165,26,24642683,11275,24571231,3597,0.000000,0.268616,0.276487,8023,0,1080.13,24640918,24640862,1319,12349,SUCCESS,67520,0,equal,152936448,20749312,0,593279232,,,,,417,752,used,,,,20260910-0005
2026-09-10 00:43:46,HAUSP-UB[noEUCS],BIBLE,82,2,0.001000,0.000,0.010,29636801,30212,0,6053,6054,0,164,26,24429519,11323,24358830,3561,0.000000,0.268318,0.276169,7926,0,1075.70,24427739,24427692,1305,12400,SUCCESS,66796,0,equal,153288704,20987968,0,599537664,,,,,422,754,used,,,,20260910-0005
2026-09-10 00:43:52,HAUSP-UB[noEUCS],BIBLE,83,2,0.001000,0.000,0.010,29967679,30576,0,6024,6024,0,161,25,24137101,11381,24067478,3528,0.000000,0.267651,0.275472,7828,0,1097.15,24135323,24135269,1308,12453,SUCCESS,65753,0,equal,152272896,21230048,0,605752192,,,,,417,759,used,,,,20260910-0005
2026-09-10 00:43:58,HAUSP-UB[noEUCS],BIBLE,84,2,0.001000,0.000,0.010,30264305,30940,0,6014,6014,0,160,25,23950669,11432,23881818,3494,0.000000,0.267144,0.274938,7731,0,1110.91,23948888,23948839,1304,12503,SUCCESS,65014,0,equal,152166400,21460416,0,612801792,,,,,417,760,used,,,,20260910-0005
2026-09-10 00:44:04,HAUSP-UB[noEUCS],BIBLE,85,2,0.001000,0.000,0.010,30576653,31304,0,5975,5976,0,158,25,23602025,11484,23534316,3354,0.000000,0.266609,0.274384,7603,0,1097.59,23600245,23600200,1299,12550,SUCCESS,64005,0,equal,153862144,21676640,0,618677376,,,,,411,761,used,,,,20260910-0005
2026-09-10 00:44:10,HAUSP-UB[noEUCS],BIBLE,86,2,0.001000,0.000,0.010,30851874,31668,0,5954,5954,0,157,25,23311700,11512,23245006,3185,0.000000,0.266294,0.274056,7482,0,1151.16,23309896,23309873,1275,12574,SUCCESS,63150,0,equal,155828224,21876704,0,621835136,,,,,407,766,used,,,,20260910-0005
2026-09-10 00:44:16,HAUSP-UB[noEUCS],BIBLE,87,2,0.001000,0.000,0.010,31143479,32032,0,5925,5925,0,153,24,22994037,11544,22928375,3161,0.000000,0.265953,0.273707,7358,0,1152.61,22992243,22992210,1284,12607,SUCCESS,62142,0,equal,151797760,22086528,0,626049536,,,,,405,764,used,,,,20260910-0005
2026-09-10 00:44:22,HAUSP-UB[noEUCS],BIBLE,88,2,0.001000,0.000,0.010,31515109,32396,0,5940,5941,0,153,24,22933899,11650,22868842,3126,0.000000,0.265607,0.273333,7310,0,1178.05,22932184,22932070,1365,12717,SUCCESS,61582,0,equal,154263552,22350240,0,639677696,,,,,409,758,used,,,,20260910-0005
2026-09-10 00:44:28,HAUSP-UB[noEUCS],BIBLE,89,2,0.001000,0.000,0.010,31879000,32760,0,5930,5930,0,152,24,22706840,11789,22642651,3075,0.000000,0.265256,0.272960,7239,0,1179.63,22705164,22705015,1404,12863,SUCCESS,60784,0,equal,149520384,22611424,0,658129920,,,,,418,748,used,,,,20260910-0005
2026-09-10 00:44:34,HAUSP-UB[noEUCS],BIBLE,90,2,0.001000,0.000,0.010,32236574,33124,0,5933,5933,0,152,23,22543309,11934,22479825,3156,0.000000,0.264527,0.272200,7154,0,1199.37,22541639,22541493,1404,13012,SUCCESS,60010,0,equal,148127744,22881664,0,675622400,,,,,423,741,used,,,,20260910-0005
2026-09-10 00:44:40,HAUSP-UB[noEUCS],BIBLE,91,2,0.001000,0.000,0.010,32567349,33488,0,5930,5930,0,150,23,22336103,12060,22273288,3119,0.000000,0.264333,0.271996,7075,0,1216.24,22334393,22334276,1372,13130,SUCCESS,59357,0,equal,146448384,23115392,0,690083840,,,,,419,758,used,,,,20260910-0005
2026-09-10 00:44:46,HAUSP-UB[noEUCS],BIBLE,92,2,0.001000,0.000,0.010,32896609,33852,0,5913,5914,0,148,23,22149774,12161,22087645,3078,0.000000,0.263908,0.271542,7002,0,1186.83,22148048,22147953,1349,13226,SUCCESS,58704,0,equal,147816448,23337728,0,701679360,,,,,410,757,used,,,,20260910-0005
2026-09-10 00:44:52,HAUSP-UB[noEUCS],BIBLE,93,2,0.001000,0.000,0.010,33253438,34216,0,5893,5893,0,146,22,21894093,12261,21832824,3044,0.000000,0.263367,0.270988,6920,0,1200.98,21892374,21892270,1357,13331,SUCCESS,57887,0,equal,149880832,23581472,0,714297344,,,,,416,754,used,,,,20260910-0005
2026-09-10 00:44:58,HAUSP-UB[noEUCS],BIBLE,94,2,0.001000,0.000,0.010,33639562,34580,0,5900,5901,0,145,22,21762288,12369,21701611,3006,0.000000,0.263002,0.270604,6857,0,1224.95,21760565,21760460,1357,13436,SUCCESS,57325,0,equal,144199680,23851488,0,727432448,,,,,415,761,used,,,,20260910-0005
2026-09-10 00:45:03,HAUSP-UB[noEUCS],BIBLE,95,2,0.001000,0.000,0.010,34057900,34944,0,5922,5923,0,146,22,21678092,12497,21618043,2986,0.000000,0.262288,0.269841,6782,0,1257.84,21676396,21676254,1394,13575,SUCCESS,56738,0,equal,144183296,24134400,0,744599040,,,,,432,757,used,,,,20260910-0005
2026-09-10 00:45:09,HAUSP-UB[noEUCS],BIBLE,96,2,0.001000,0.000,0.010,34468996,35308,0,5973,5974,0,146,22,21776061,12625,21716207,2933,0.000000,0.261606,0.269122,6757,0,1281.90,21774351,21774223,1383,13705,SUCCESS,56593,0,equal,142639104,24421952,0,760604160,,,,,432,760,used,,,,20260910-0005
2026-09-10 00:45:15,HAUSP-UB[noEUCS],BIBLE,97,2,0.001000,0.000,0.010,34850960,35672,0,5999,5999,0,145,22,21749757,12719,21690320,2939,0.000000,0.261332,0.268824,6687,0,1293.58,21748008,21747912,1349,13803,SUCCESS,56162,0,equal,142893056,24683456,0,772643072,,,,,427,763,used,,,,20260910-0005
2026-09-10 00:45:22,HAUSP-UB[noEUCS],BIBLE,98,2,0.001000,0.000,0.010,35197819,36036,0,6040,6041,0,145,22,21743034,12774,21683972,2877,0.000000,0.261332,0.268827,6678,0,1295.49,21741236,21741175,1312,13858,SUCCESS,55841,0,equal,151019520,24937024,0,780208000,,,,,425,769,used,,,,20260910-0005
2026-09-10 00:45:28,HAUSP-UB[noEUCS],BIBLE,99,2,0.001000,0.000,0.010,35550162,36369,0,6135,6136,0,147,22,21936545,12820,21877203,2933,0.000000,0.261646,0.269156,6713,0,1318.77,21934741,21934689,1309,13905,SUCCESS,56071,0,equal,150552576,25186112,0,785861888,,,,,428,766,used,,,,20260910-0005
2026-09-10 00:45:28,HAUSP-UB[noEUCS],BMS1_SPMF,0,0,0.003500,0.000,0.100,785659,5960,1,27,29,0,4,2,305151,58,301627,93,0.000000,0.084757,0.093462,116,0,35.45,305182,304614,568,314,SUCCESS,3497,0,equal,0,499136,0,355840,,,,,93,27,used,,,,20260910-0005
2026-09-10 00:45:32,HAUSP-UB[noEUCS],BMS1_SPMF,1,0,0.003500,0.000,0.100,1577987,11920,0,4312,4313,0,647,179,100789904,19,100321836,67,0.000000,0.043005,0.043066,100,0,39.40,100789608,100789198,664,335,SUCCESS,468067,0,equal,546944,1012928,0,742912,,,,,67,1,used,,,,20260910-0005
2026-09-10 00:45:33,HAUSP-UB[noEUCS],BMS1_SPMF,2,0,0.003500,0.000,0.100,2218851,17880,0,362,363,0,48,13,7484744,22,7450413,88,0.000000,0.042010,0.042919,98,0,42.11,7484429,7484429,511,337,SUCCESS,34329,0,equal,876416,1449952,0,1068672,,,,,88,2,used,,,,20260910-0005
2026-09-10 00:45:33,HAUSP-UB[noEUCS],BMS1_SPMF,3,0,0.003500,0.000,0.100,2805280,23840,0,172,172,0,19,5,3046411,24,3032202,98,0.000000,0.042039,0.044379,97,0,44.31,3046096,3046096,456,338,SUCCESS,14207,0,equal,921472,1844768,0,1316096,,,,,98,2,used,,,,20260910-0005
2026-09-10 00:45:33,HAUSP-UB[noEUCS],BMS1_SPMF,4,0,0.003500,0.000,0.100,3383968,29800,0,86,86,0,8,2,1265163,34,1259012,109,0.000000,0.051838,0.057406,94,0,48.31,1264857,1264857,427,348,SUCCESS,6149,0,equal,1437568,2255168,0,1657984,,,,,109,2,used,,,,20260910-0005
2026-09-10 00:45:33,HAUSP-UB[noEUCS],BMS1_SPMF,5,0,0.003500,0.000,0.100,4090185,35760,0,52,52,0,4,1,611388,74,608187,117,0.000000,0.064957,0.075240,94,0,51.45,611101,611101,408,387,SUCCESS,3188,0,equal,1608576,2728384,0,2094976,,,,,117,13,used,,,,20260910-0005
2026-09-10 00:45:33,HAUSP-UB[noEUCS],BMS1_SPMF,6,0,0.003500,0.000,0.100,4877213,41720,0,53,54,0,3,1,491632,75,488907,121,0.000000,0.069905,0.082380,100,0,54.44,491296,491296,350,388,SUCCESS,2701,0,equal,1606528,3241344,0,2493824,,,,,121,24,used,,,,20260910-0005
2026-09-10 00:45:33,HAUSP-UB[noEUCS],BMS1_SPMF,7,0,0.003500,0.000,0.100,5578380,47680,0,81,81,0,4,1,671378,72,667788,112,0.000000,0.057647,0.067303,93,0,58.31,671035,671035,345,389,SUCCESS,3563,0,equal,1927040,3699328,0,2735360,,,,,112,27,used,,,,20260910-0005
2026-09-10 00:45:55,HAUSP-UB[noEUCS],BMS1_SPMF,8,0,0.003500,0.000,0.100,6439841,53640,0,21781,21782,0,794,267,108863400,95,108164910,87,0.000000,0.040923,0.040970,92,0,66.83,108863078,108863078,489,418,SUCCESS,698462,0,equal,2433408,4254464,0,3249536,,,,,87,28,used,,,,20260910-0005
2026-09-10 00:46:19,HAUSP-UB[noEUCS],BMS1_SPMF,9,0,0.003500,0.000,0.100,7229030,59601,0,23605,23606,0,762,259,103110382,170,102437014,87,0.000000,0.039763,0.039814,93,0,74.84,103110097,103110097,533,497,SUCCESS,673331,0,equal,2538368,4788416,0,3952256,,,,,87,37,used,,,,20260910-0005
2026-09-10 00:46:19,HAUSP-UB[noEUCS],BMS1_SPMF,0,1,0.003500,0.000,0.100,785659,5960,1,31,33,0,5,2,305151,58,301627,93,0.000000,0.084757,0.093462,116,0,35.22,305182,304614,568,314,SUCCESS,3497,0,equal,0,499136,0,355840,,,,,93,27,used,,,,20260910-0005
2026-09-10 00:46:23,HAUSP-UB[noEUCS],BMS1_SPMF,1,1,0.003500,0.000,0.100,1577987,11920,0,4307,4308,0,644,178,100789904,19,100321836,67,0.000000,0.043005,0.043066,100,0,39.29,100789608,100789198,664,335,SUCCESS,468067,0,equal,546944,1012928,0,742912,,,,,67,1,used,,,,20260910-0005
2026-09-10 00:46:24,HAUSP-UB[noEUCS],BMS1_SPMF,2,1,0.003500,0.000,0.100,2218851,17880,0,361,362,0,48,13,7484744,22,7450413,88,0.000000,0.042010,0.042919,98,0,42.09,7484429,7484429,511,337,SUCCESS,34329,0,equal,876416,1449952,0,1068672,,,,,88,2,used,,,,20260910-0005
2026-09-10 00:46:24,HAUSP-UB[noEUCS],BMS1_SPMF,3,1,0.003500,0.000,0.100,2805280,23840,0,171,172,0,19,5,3046411,24,3032202,98,0.000000,0.042039,0.044379,97,0,44.30,3046096,3046096,456,338,SUCCESS,14207,0,equal,921472,1844768,0,1316096,,,,,98,2,used,,,,20260910-0005
2026-09-10 00:46:24,HAUSP-UB[noEUCS],BMS1_SPMF,4,1,0.003500,0.000,0.100,3383968,29800,0,85,86,0,8,2,1265163,34,1259012,109,0.000000,0.051838,0.057406,94,0,48.17,1264857,1264857,427,348,SUCCESS,6149,0,equal,1437568,2255168,0,1657984,,,,,109,2,used,,,,20260910-0005
2026-09-10 00:46:24,HAUSP-UB[noEUCS],BMS1_SPMF,5,1,0.003500,0.000,0.100,4090185,35760,0,51,52,0,4,1,611388,74,608187,117,0.000000,0.064957,0.075240,94,0,51.40,611101,611101,408,387,SUCCESS,3188,0,equal,1608576,2728384,0,2094976,,,,,117,13,used,,,,20260910-0005
2026-09-10 00:46:24,HAUSP-UB[noEUCS],BMS1_SPMF,6,1,0.003500,0.000,0.100,4877213,41720,0,53,54,0,3,1,491632,75,488907,121,0.000000,0.069905,0.082380,100,0,54.42,491296,491296,350,388,SUCCESS,2701,0,equal,1606528,3241344,0,2493824,,,,,121,24,used,,,,20260910-0005
2026-09-10 00:46:24,HAUSP-UB[noEUCS],BMS1_SPMF,7,1,0.003500,0.000,0.100,5578380,47680,0,81,81,0,4,1,671378,72,667788,112,0.000000,0.057647,0.067303,93,0,58.36,671035,671035,345,389,SUCCESS,3563,0,equal,1927040,3699328,0,2735360,,,,,112,27,used,,,,20260910-0005
2026-09-10 00:46:46,HAUSP-UB[noEUCS],BMS1_SPMF,8,1,0.003500,0.000,0.100,6439841,53640,0,21778,21779,0,788,267,108863400,95,108164910,87,0.000000,0.040923,0.040970,92,0,53.89,108863078,108863078,489,418,SUCCESS,698462,0,equal,2438528,4254464,0,3249536,,,,,87,28,used,,,,20260910-0005
2026-09-10 00:47:10,HAUSP-UB[noEUCS],BMS1_SPMF,9,1,0.003500,0.000,0.100,7229030,59601,0,23580,23581,0,758,256,103110382,170,102437014,87,0.000000,0.039763,0.039814,93,0,61.95,103110097,103110097,533,497,SUCCESS,673331,0,equal,2575744,4788416,0,3952256,,,,,87,37,used,,,,20260910-0005
2026-09-10 00:47:10,HAUSP-UB[noEUCS],BMS1_SPMF,0,2,0.003500,0.000,0.100,785659,5960,1,34,36,0,5,2,305151,58,301627,93,0.000000,0.084757,0.093462,116,0,35.22,305182,304614,568,314,SUCCESS,3497,0,equal,0,499136,0,355840,,,,,93,27,used,,,,20260910-0005
2026-09-10 00:47:14,HAUSP-UB[noEUCS],BMS1_SPMF,1,2,0.003500,0.000,0.100,1577987,11920,0,4325,4326,0,645,180,100789904,19,100321836,67,0.000000,0.043005,0.043066,100,0,39.25,100789608,100789198,664,335,SUCCESS,468067,0,equal,546944,1012928,0,742912,,,,,67,1,used,,,,20260910-0005
2026-09-10 00:47:15,HAUSP-UB[noEUCS],BMS1_SPMF,2,2,0.003500,0.000,0.100,2218851,17880,0,363,364,0,48,13,7484744,22,7450413,88,0.000000,0.042010,0.042919,98,0,42.03,7484429,7484429,511,337,SUCCESS,34329,0,equal,876416,1449952,0,1068672,,,,,88,2,used,,,,20260910-0005
2026-09-10 00:47:15,HAUSP-UB[noEUCS],BMS1_SPMF,3,2,0.003500,0.000,0.100,2805280,23840,0,172,173,0,19,5,3046411,24,3032202,98,0.000000,0.042039,0.044379,97,0,44.31,3046096,3046096,456,338,SUCCESS,14207,0,equal,921472,1844768,0,1316096,,,,,98,2,used,,,,20260910-0005
2026-09-10 00:47:15,HAUSP-UB[noEUCS],BMS1_SPMF,4,2,0.003500,0.000,0.100,3383968,29800,0,85,86,0,8,2,1265163,34,1259012,109,0.000000,0.051838,0.057406,94,0,48.17,1264857,1264857,427,348,SUCCESS,6149,0,equal,1437568,2255168,0,1657984,,,,,109,2,used,,,,20260910-0005
2026-09-10 00:47:15,HAUSP-UB[noEUCS],BMS1_SPMF,5,2,0.003500,0.000,0.100,4090185,35760,0,52,52,0,4,1,611388,74,608187,117,0.000000,0.064957,0.075240,94,0,51.38,611101,611101,408,387,SUCCESS,3188,0,equal,1608576,2728384,0,2094976,,,,,117,13,used,,,,20260910-0005
2026-09-10 00:47:15,HAUSP-UB[noEUCS],BMS1_SPMF,6,2,0.003500,0.000,0.100,4877213,41720,0,53,54,0,3,1,491632,75,488907,121,0.000000,0.069905,0.082380,100,0,54.38,491296,491296,350,388,SUCCESS,2701,0,equal,1606528,3241344,0,2493824,,,,,121,24,used,,,,20260910-0005
2026-09-10 00:47:15,HAUSP-UB[noEUCS],BMS1_SPMF,7,2,0.003500,0.000,0.100,5578380,47680,0,80,81,0,4,1,671378,72,667788,112,0.000000,0.057647,0.067303,93,0,58.32,671035,671035,345,389,SUCCESS,3563,0,equal,1927040,3699328,0,2735360,,,,,112,27,used,,,,20260910-0005
2026-09-10 00:47:37,HAUSP-UB[noEUCS],BMS1_SPMF,8,2,0.003500,0.000,0.100,6439841,53640,0,21745,21746,0,793,267,108863400,95,108164910,87,0.000000,0.040923,0.040970,92,0,53.47,108863078,108863078,489,418,SUCCESS,698462,0,equal,2438528,4254464,0,3249536,,,,,87,28,used,,,,20260910-0005
2026-09-10 00:48:01,HAUSP-UB[noEUCS],BMS1_SPMF,9,2,0.003500,0.000,0.100,7229030,59601,0,23528,23529,0,760,257,103110382,170,102437014,87,0.000000,0.039763,0.039814,93,0,61.55,103110097,103110097,533,497,SUCCESS,673331,0,equal,2575744,4788416,0,3952256,,,,,87,37,used,,,,20260910-0005
2026-09-10 00:48:01,HAUSP-UB[noEUCS],BMS1_SPMF,0,0,0.003500,0.000,0.050,404311,2980,0,239,240,0,56,26,5705564,19,5641541,66,0.000000,0.056077,0.056512,126,0,34.03,5705573,5705000,573,264,SUCCESS,64013,0,equal,51840,256608,0,186880,,,,,66,10,used,,,,20260910-0005
2026-09-10 00:48:01,HAUSP-UB[noEUCS],BMS1_SPMF,1,0,0.003500,0.000,0.050,785659,5960,0,16,17,0,2,1,305151,58,301627,93,0.000000,0.084757,0.093462,116,0,38.86,304918,304918,304,314,SUCCESS,3497,0,equal,211968,499136,0,366848,,,,,93,27,used,,,,20260910-0005
2026-09-10 00:48:33,HAUSP-UB[noEUCS],BMS1_SPMF,2,0,0.003500,0.000,0.050,1240785,8940,0,31382,31383,0,4986,1396,775548332,15,771901315,58,0.000000,0.046370,0.046377,112,0,40.78,775548033,775547499,793,332,SUCCESS,3647017,0,equal,533248,787360,0,574720,,,,,58,0,used,,,,20260910-0005
2026-09-10 00:48:37,HAUSP-UB[noEUCS],BMS1_SPMF,3,0,0.003500,0.000,0.050,1577987,11920,0,4335,4335,0,649,178,100789904,19,100321836,67,0.000000,0.043005,0.043066,100,0,42.06,100789590,100789590,646,335,SUCCESS,468067,0,equal,646528,1012928,0,744832,,,,,67,1,used,,,,20260910-0005
2026-09-10 00:48:38,HAUSP-UB[noEUCS],BMS1_SPMF,4,0,0.003500,0.000,0.050,1898066,14900,0,1052,1053,0,149,40,23249121,21,23142834,80,0.000000,0.041002,0.041285,105,0,43.77,23248805,23248805,559,336,SUCCESS,106285,0,equal,860544,1234048,0,912384,,,,,80,2,used,,,,20260910-0005
2026-09-10 00:48:39,HAUSP-UB[noEUCS],BMS1_SPMF,5,0,0.003500,0.000,0.050,2218851,17880,0,364,365,0,48,13,7484744,22,7450413,88,0.000000,0.042010,0.042919,98,0,45.42,7484428,7484428,510,337,SUCCESS,34329,0,equal,1030016,1449952,0,1070080,,,,,88,2,used,,,,20260910-0005
2026-09-10 00:48:39,HAUSP-UB[noEUCS],BMS1_SPMF,6,0,0.003500,0.000,0.050,2511121,20860,0,308,309,0,38,10,5867031,24,5840039,91,0.000000,0.038618,0.039810,94,0,47.28,5866715,5866715,490,338,SUCCESS,26989,0,equal,1240960,1642944,0,1182592,,,,,91,3,used,,,,20260910-0005
2026-09-10 00:48:39,HAUSP-UB[noEUCS],BMS1_SPMF,7,0,0.003500,0.000,0.050,2805280,23840,0,172,172,0,19,5,3046411,24,3032202,98,0.000000,0.042039,0.044379,97,0,48.84,3046095,3046095,455,338,SUCCESS,14207,0,equal,1343360,1844768,0,1317248,,,,,98,2,used,,,,20260910-0005
2026-09-10 00:48:39,HAUSP-UB[noEUCS],BMS1_SPMF,8,0,0.003500,0.000,0.050,3083839,26820,0,114,115,0,12,3,1883774,34,1874869,102,0.000000,0.046230,0.050032,94,0,50.93,1883468,1883468,450,348,SUCCESS,8903,0,equal,1492864,2035616,0,1519232,,,,,102,2,used,,,,20260910-0005
2026-09-10 00:48:39,HAUSP-UB[noEUCS],BMS1_SPMF,9,0,0.003500,0.000,0.050,3383968,29800,0,85,86,0,8,2,1265163,34,1259012,109,0.000000,0.051838,0.057406,94,0,52.91,1264847,1264847,417,348,SUCCESS,6149,0,equal,1681280,2255168,0,1665280,,,,,109,2,used,,,,20260910-0005
2026-09-10 00:48:39,HAUSP-UB[noEUCS],BMS1_SPMF,10,0,0.003500,0.000,0.050,3702982,32780,0,63,64,0,5,1,849642,71,845403,114,0.000000,0.058675,0.066733,94,0,55.59,849361,849361,425,385,SUCCESS,4235,0,equal,1694592,2476416,0,1974528,,,,,114,4,used,,,,20260910-0005
2026-09-10 00:48:39,HAUSP-UB[noEUCS],BMS1_SPMF,11,0,0.003500,0.000,0.050,4090185,35760,0,51,52,0,4,1,611388,74,608187,117,0.000000,0.064957,0.075240,94,0,57.85,611064,611064,371,387,SUCCESS,3188,0,equal,1894272,2728384,0,2132992,,,,,117,13,used,,,,20260910-0005
2026-09-10 00:48:39,HAUSP-UB[noEUCS],BMS1_SPMF,12,0,0.003500,0.000,0.050,4513322,38740,0,50,51,0,3,1,519955,72,517149,121,0.000000,0.070145,0.082336,98,0,60.39,519621,519621,361,388,SUCCESS,2787,0,equal,2107264,3005664,0,2336256,,,,,121,19,used,,,,20260910-0005
2026-09-10 00:48:39,HAUSP-UB[noEUCS],BMS1_SPMF,13,0,0.003500,0.000,0.050,4877213,41720,0,54,55,0,3,1,491632,75,488907,121,0.000000,0.069905,0.082380,100,0,47.78,491295,491295,349,388,SUCCESS,2701,0,equal,2548608,3241344,0,2529792,,,,,121,24,used,,,,20260910-0005
2026-09-10 00:48:39,HAUSP-UB[noEUCS],BMS1_SPMF,14,0,0.003500,0.000,0.050,5249916,44700,0,77,77,0,4,1,681415,74,677754,112,0.000000,0.059525,0.068683,97,0,50.26,681075,681075,351,389,SUCCESS,3635,0,equal,2767744,3486304,0,2663296,,,,,112,26,used,,,,20260910-0005
2026-09-10 00:48:40,HAUSP-UB[noEUCS],BMS1_SPMF,15,0,0.003500,0.000,0.050,5578380,47680,0,80,81,0,4,1,671378,72,667788,112,0.000000,0.057647,0.067303,93,0,52.81,671034,671034,344,389,SUCCESS,3563,0,equal,2997120,3699328,0,2774400,,,,,112,27,used,,,,20260910-0005
2026-09-10 00:48:41,HAUSP-UB[noEUCS],BMS1_SPMF,16,0,0.003500,0.000,0.050,6016431,50660,0,1141,1142,0,53,16,7663087,85,7619940,95,0.000000,0.037006,0.037798,94,0,58.52,7662757,7662757,393,407,SUCCESS,43121,0,equal,3044224,3979232,0,3036032,,,,,95,26,used,,,,20260910-0005
2026-09-10 00:49:03,HAUSP-UB[noEUCS],BMS1_SPMF,17,0,0.003500,0.000,0.050,6439841,53640,0,22294,22295,0,799,268,108863400,95,108164910,87,0.000000,0.040923,0.040970,92,0,61.90,108863060,108863060,471,418,SUCCESS,698462,0,equal,3192704,4254464,0,3293696,,,,,87,28,used,,,,20260910-0005
2026-09-10 00:49:21,HAUSP-UB[noEUCS],BMS1_SPMF,18,0,0.003500,0.000,0.050,6820246,56620,0,18384,18385,0,636,212,86886902,94,86332299,90,0.000000,0.039878,0.039940,93,0,57.25,86886544,86886544,450,419,SUCCESS,554569,0,equal,3626880,4514464,0,3440128,,,,,90,34,used,,,,20260910-0005
2026-09-10 00:49:45,HAUSP-UB[noEUCS],BMS1_SPMF,19,0,0.003500,0.000,0.050,7229030,59601,0,23798,23798,0,761,258,103110382,170,102437014,87,0.000000,0.039763,0.039814,93,0,63.94,103110096,103110096,532,497,SUCCESS,673331,0,equal,3363712,4788416,0,4151040,,,,,87,37,used,,,,20260910-0005
2026-09-10 00:49:46,HAUSP-UB[noEUCS],BMS1_SPMF,0,1,0.003500,0.000,0.050,404311,2980,1,239,240,0,55,26,5705564,19,5641541,66,0.000000,0.056077,0.056512,126,0,34.17,5705573,5705000,573,264,SUCCESS,64013,0,equal,51840,256608,0,186880,,,,,66,10,used,,,,20260910-0005
2026-09-10 00:49:46,HAUSP-UB[noEUCS],BMS1_SPMF,1,1,0.003500,0.000,0.050,785659,5960,0,16,17,0,2,1,305151,58,301627,93,0.000000,0.084757,0.093462,116,0,38.42,304918,304918,304,314,SUCCESS,3497,0,equal,211968,499136,0,366848,,,,,93,27,used,,,,20260910-0005
2026-09-10 00:50:17,HAUSP-UB[noEUCS],BMS1_SPMF,2,1,0.003500,0.000,0.050,1240785,8940,0,31354,31354,0,4966,1394,775548332,15,771901315,58,0.000000,0.046370,0.046377,112,0,40.34,775548033,775547499,793,332,SUCCESS,3647017,0,equal,533248,787360,0,574720,,,,,58,0,used,,,,20260910-0005
2026-09-10 00:50:22,HAUSP-UB[noEUCS],BMS1_SPMF,3,1,0.003500,0.000,0.050,1577987,11920,0,4337,4337,0,646,179,100789904,19,100321836,67,0.000000,0.043005,0.043066,100,0,41.66,100789590,100789590,646,335,SUCCESS,468067,0,equal,646528,1012928,0,744832,,,,,67,1,used,,,,20260910-0005
2026-09-10 00:50:23,HAUSP-UB[noEUCS],BMS1_SPMF,4,1,0.003500,0.000,0.050,1898066,14900,0,1054,1055,0,149,40,23249121,21,23142834,80,0.000000,0.041002,0.041285,105,0,43.58,23248805,23248805,559,336,SUCCESS,106285,0,equal,860544,1234048,0,912384,,,,,80,2,used,,,,20260910-0005
2026-09-10 00:50:23,HAUSP-UB[noEUCS],BMS1_SPMF,5,1,0.003500,0.000,0.050,2218851,17880,0,365,365,0,48,13,7484744,22,7450413,88,0.000000,0.042010,0.042919,98,0,45.22,7484428,7484428,510,337,SUCCESS,34329,0,equal,1030016,1449952,0,1070080,,,,,88,2,used,,,,20260910-0005
2026-09-10 00:50:23,HAUSP-UB[noEUCS],BMS1_SPMF,6,1,0.003500,0.000,0.050,2511121,20860,0,309,309,0,38,10,5867031,24,5840039,91,0.000000,0.038618,0.039810,94,0,47.03,5866715,5866715,490,338,SUCCESS,26989,0,equal,1240960,1642944,0,1182592,,,,,91,3,used,,,,20260910-0005
2026-09-10 00:50:24,HAUSP-UB[noEUCS],BMS1_SPMF,7,1,0.003500,0.000,0.050,2805280,23840,0,173,173,0,19,5,3046411,24,3032202,98,0.000000,0.042039,0.044379,97,0,48.73,3046095,3046095,455,338,SUCCESS,14207,0,equal,1343360,1844768,0,1317248,,,,,98,2,used,,,,20260910-0005
2026-09-10 00:50:24,HAUSP-UB[noEUCS],BMS1_SPMF,8,1,0.003500,0.000,0.050,3083839,26820,0,115,115,0,12,3,1883774,34,1874869,102,0.000000,0.046230,0.050032,94,0,50.97,1883468,1883468,450,348,SUCCESS,8903,0,equal,1492864,2035616,0,1519232,,,,,102,2,used,,,,20260910-0005
2026-09-10 00:50:24,HAUSP-UB[noEUCS],BMS1_SPMF,9,1,0.003500,0.000,0.050,3383968,29800,0,86,86,0,8,2,1265163,34,1259012,109,0.000000,0.051838,0.057406,94,0,53.01,1264847,1264847,417,348,SUCCESS,6149,0,equal,1681280,2255168,0,1665280,,,,,109,2,used,,,,20260910-0005
2026-09-10 00:50:24,HAUSP-UB[noEUCS],BMS1_SPMF,10,1,0.003500,0.000,0.050,3702982,32780,0,63,64,0,5,1,849642,71,845403,114,0.000000,0.058675,0.066733,94,0,55.11,849361,849361,425,385,SUCCESS,4235,0,equal,1694592,2476416,0,1974528,,,,,114,4,used,,,,20260910-0005
2026-09-10 00:50:24,HAUSP-UB[noEUCS],BMS1_SPMF,11,1,0.003500,0.000,0.050,4090185,35760,0,52,52,0,4,1,611388,74,608187,117,0.000000,0.064957,0.075240,94,0,57.41,611064,611064,371,387,SUCCESS,3188,0,equal,1894272,2728384,0,2132992,,,,,117,13,used,,,,20260910-0005
2026-09-10 00:50:24,HAUSP-UB[noEUCS],BMS1_SPMF,12,1,0.003500,0.000,0.050,4513322,38740,0,51,51,0,3,1,519955,72,517149,121,0.000000,0.070145,0.082336,98,0,59.95,519621,519621,361,388,SUCCESS,2787,0,equal,2107264,3005664,0,2336256,,,,,121,19,used,,,,20260910-0005
2026-09-10 00:50:24,HAUSP-UB[noEUCS],BMS1_SPMF,13,1,0.003500,0.000,0.050,4877213,41720,0,53,54,0,3,1,491632,75,488907,121,0.000000,0.069905,0.082380,100,0,47.98,491295,491295,349,388,SUCCESS,2701,0,equal,2548608,3241344,0,2529792,,,,,121,24,used,,,,20260910-0005
2026-09-10 00:50:24,HAUSP-UB[noEUCS],BMS1_SPMF,14,1,0.003500,0.000,0.050,5249916,44700,0,76,77,0,4,1,681415,74,677754,112,0.000000,0.059525,0.068683,97,0,50.36,681075,681075,351,389,SUCCESS,3635,0,equal,2767744,3486304,0,2663296,,,,,112,26,used,,,,20260910-0005
2026-09-10 00:50:24,HAUSP-UB[noEUCS],BMS1_SPMF,15,1,0.003500,0.000,0.050,5578380,47680,0,80,80,0,4,1,671378,72,667788,112,0.000000,0.057647,0.067303,93,0,53.01,671034,671034,344,389,SUCCESS,3563,0,equal,2997120,3699328,0,2774400,,,,,112,27,used,,,,20260910-0005
2026-09-10 00:50:25,HAUSP-UB[noEUCS],BMS1_SPMF,16,1,0.003500,0.000,0.050,6016431,50660,0,1139,1140,0,53,16,7663087,85,7619940,95,0.000000,0.037006,0.037798,94,0,58.79,7662757,7662757,393,407,SUCCESS,43121,0,equal,3044224,3979232,0,3036032,,,,,95,26,used,,,,20260910-0005
2026-09-10 00:50:47,HAUSP-UB[noEUCS],BMS1_SPMF,17,1,0.003500,0.000,0.050,6439841,53640,0,22190,22190,0,800,268,108863400,95,108164910,87,0.000000,0.040923,0.040970,92,0,62.08,108863060,108863060,471,418,SUCCESS,698462,0,equal,3215232,4254464,0,3293696,,,,,87,28,used,,,,20260910-0005
2026-09-10 00:51:06,HAUSP-UB[noEUCS],BMS1_SPMF,18,1,0.003500,0.000,0.050,6820246,56620,0,18473,18474,0,638,212,86886902,94,86332299,90,0.000000,0.039878,0.039940,93,0,57.04,86886544,86886544,450,419,SUCCESS,554569,0,equal,3644288,4514464,0,3440128,,,,,90,34,used,,,,20260910-0005
2026-09-10 00:51:30,HAUSP-UB[noEUCS],BMS1_SPMF,19,1,0.003500,0.000,0.050,7229030,59601,0,23831,23832,0,765,258,103110382,170,102437014,87,0.000000,0.039763,0.039814,93,0,63.81,103110096,103110096,532,497,SUCCESS,673331,0,equal,3390336,4788416,0,4151040,,,,,87,37,used,,,,20260910-0005
2026-09-10 00:51:30,HAUSP-UB[noEUCS],BMS1_SPMF,0,2,0.003500,0.000,0.050,404311,2980,1,239,240,0,55,26,5705564,19,5641541,66,0.000000,0.056077,0.056512,126,0,34.08,5705573,5705000,573,264,SUCCESS,64013,0,equal,51840,256608,0,186880,,,,,66,10,used,,,,20260910-0005
2026-09-10 00:51:30,HAUSP-UB[noEUCS],BMS1_SPMF,1,2,0.003500,0.000,0.050,785659,5960,0,16,17,0,2,1,305151,58,301627,93,0.000000,0.084757,0.093462,116,0,38.34,304918,304918,304,314,SUCCESS,3497,0,equal,211968,499136,0,366848,,,,,93,27,used,,,,20260910-0005
2026-09-10 00:52:02,HAUSP-UB[noEUCS],BMS1_SPMF,2,2,0.003500,0.000,0.050,1240785,8940,0,31448,31448,0,4990,1398,775548332,15,771901315,58,0.000000,0.046370,0.046377,112,0,40.38,775548033,775547499,793,332,SUCCESS,3647017,0,equal,533248,787360,0,574720,,,,,58,0,used,,,,20260910-0005
2026-09-10 00:52:06,HAUSP-UB[noEUCS],BMS1_SPMF,3,2,0.003500,0.000,0.050,1577987,11920,0,4340,4341,0,648,179,100789904,19,100321836,67,0.000000,0.043005,0.043066,100,0,41.74,100789590,100789590,646,335,SUCCESS,468067,0,equal,646528,1012928,0,744832,,,,,67,1,used,,,,20260910-0005
2026-09-10 00:52:07,HAUSP-UB[noEUCS],BMS1_SPMF,4,2,0.003500,0.000,0.050,1898066,14900,0,1052,1052,0,149,40,23249121,21,23142834,80,0.000000,0.041002,0.041285,105,0,43.45,23248805,23248805,559,336,SUCCESS,106285,0,equal,860544,1234048,0,912384,,,,,80,2,used,,,,20260910-0005
2026-09-10 00:52:08,HAUSP-UB[noEUCS],BMS1_SPMF,5,2,0.003500,0.000,0.050,2218851,17880,0,363,364,0,48,13,7484744,22,7450413,88,0.000000,0.042010,0.042919,98,0,45.22,7484428,7484428,510,337,SUCCESS,34329,0,equal,1030016,1449952,0,1070080,,,,,88,2,used,,,,20260910-0005
2026-09-10 00:52:08,HAUSP-UB[noEUCS],BMS1_SPMF,6,2,0.003500,0.000,0.050,2511121,20860,0,308,308,0,37,10,5867031,24,5840039,91,0.000000,0.038618,0.039810,94,0,47.03,5866715,5866715,490,338,SUCCESS,26989,0,equal,1240960,1642944,0,1182592,,,,,91,3,used,,,,20260910-0005
2026-09-10 00:52:08,HAUSP-UB[noEUCS],BMS1_SPMF,7,2,0.003500,0.000,0.050,2805280,23840,0,172,172,0,19,5,3046411,24,3032202,98,0.000000,0.042039,0.044379,97,0,49.17,3046095,3046095,455,338,SUCCESS,14207,0,equal,1516416,1844768,0,1317248,,,,,98,2,used,,,,20260910-0005
2026-09-10 00:52:08,HAUSP-UB[noEUCS],BMS1_SPMF,8,2,0.003500,0.000,0.050,3083839,26820,0,114,115,0,12,3,1883774,34,1874869,102,0.000000,0.046230,0.050032,94,0,50.85,1883468,1883468,450,348,SUCCESS,8903,0,equal,1492864,2035616,0,1519232,,,,,102,2,used,,,,20260910-0005
2026-09-10 00:52:08,HAUSP-UB[noEUCS],BMS1_SPMF,9,2,0.003500,0.000,0.050,3383968,29800,0,85,86,0,8,2,1265163,34,1259012,109,0.000000,0.051838,0.057406,94,0,52.96,1264847,1264847,417,348,SUCCESS,6149,0,equal,1681280,2255168,0,1665280,,,,,109,2,used,,,,20260910-0005
2026-09-10 00:52:08,HAUSP-UB[noEUCS],BMS1_SPMF,10,2,0.003500,0.000,0.050,3702982,32780,0,63,64,0,5,1,849642,71,845403,114,0.000000,0.058675,0.066733,94,0,55.04,849361,849361,425,385,SUCCESS,4235,0,equal,1694592,2476416,0,1974528,,,,,114,4,used,,,,20260910-0005
2026-09-10 00:52:09,HAUSP-UB[noEUCS],BMS1_SPMF,11,2,0.003500,0.000,0.050,4090185,35760,0,51,52,0,4,1,611388,74,608187,117,0.000000,0.064957,0.075240,94,0,57.43,611064,611064,371,387,SUCCESS,3188,0,equal,1894272,2728384,0,2132992,,,,,117,13,used,,,,20260910-0005
2026-09-10 00:52:09,HAUSP-UB[noEUCS],BMS1_SPMF,12,2,0.003500,0.000,0.050,4513322,38740,0,50,51,0,3,1,519955,72,517149,121,0.000000,0.070145,0.082336,98,0,59.97,519621,519621,361,388,SUCCESS,2787,0,equal,2107264,3005664,0,2336256,,,,,121,19,used,,,,20260910-0005
2026-09-10 00:52:09,HAUSP-UB[noEUCS],BMS1_SPMF,13,2,0.003500,0.000,0.050,4877213,41720,0,53,54,0,3,1,491632,75,488907,121,0.000000,0.069905,0.082380,100,0,47.59,491295,491295,349,388,SUCCESS,2701,0,equal,2548608,3241344,0,2529792,,,,,121,24,used,,,,20260910-0005
2026-09-10 00:52:09,HAUSP-UB[noEUCS],BMS1_SPMF,14,2,0.003500,0.000,0.050,5249916,44700,0,76,77,0,4,1,681415,74,677754,112,0.000000,0.059525,0.068683,97,0,50.15,681075,681075,351,389,SUCCESS,3635,0,equal,2767744,3486304,0,2663296,,,,,112,26,used,,,,20260910-0005
2026-09-10 00:52:09,HAUSP-UB[noEUCS],BMS1_SPMF,15,2,0.003500,0.000,0.050,5578380,47680,0,80,80,0,4,1,671378,72,667788,112,0.000000,0.057647,0.067303,93,0,52.58,671034,671034,344,389,SUCCESS,3563,0,equal,2997120,3699328,0,2774400,,,,,112,27,used,,,,20260910-0005
2026-09-10 00:52:10,HAUSP-UB[noEUCS],BMS1_SPMF,16,2,0.003500,0.000,0.050,6016431,50660,0,1137,1138,0,53,16,7663087,85,7619940,95,0.000000,0.037006,0.037798,94,0,58.41,7662757,7662757,393,407,SUCCESS,43121,0,equal,3044224,3979232,0,3036032,,,,,95,26,used,,,,20260910-0005
2026-09-10 00:52:32,HAUSP-UB[noEUCS],BMS1_SPMF,17,2,0.003500,0.000,0.050,6439841,53640,0,22215,22216,0,799,268,108863400,95,108164910,87,0.000000,0.040923,0.040970,92,0,61.79,108863060,108863060,471,418,SUCCESS,698462,0,equal,3215232,4254464,0,3293696,,,,,87,28,used,,,,20260910-0005
2026-09-10 00:52:51,HAUSP-UB[noEUCS],BMS1_SPMF,18,2,0.003500,0.000,0.050,6820246,56620,0,18422,18423,0,638,212,86886902,94,86332299,90,0.000000,0.039878,0.039940,93,0,55.56,86886544,86886544,450,419,SUCCESS,554569,0,equal,3650432,4514464,0,3440128,,,,,90,34,used,,,,20260910-0005
2026-09-10 00:53:14,HAUSP-UB[noEUCS],BMS1_SPMF,19,2,0.003500,0.000,0.050,7229030,59601,0,23801,23802,0,766,259,103110382,170,102437014,87,0.000000,0.039763,0.039814,93,0,62.32,103110096,103110096,532,497,SUCCESS,673331,0,equal,3390336,4788416,0,4151040,,,,,87,37,used,,,,20260910-0005
2026-09-10 00:53:52,HAUSP-UB[noEUCS],BMS1_SPMF,0,0,0.003500,0.000,0.020,203583,1192,0,37160,37161,0,9015,4672,929476331,11,917294223,213,0.000000,0.106458,0.106460,1416,0,33.92,929476337,929475494,843,263,SUCCESS,12182103,0,equal,55424,125824,0,91520,,,,,213,5,used,,,,20260910-0005
2026-09-10 00:53:53,HAUSP-UB[noEUCS],BMS1_SPMF,1,0,0.003500,0.000,0.020,345970,2384,0,730,731,0,174,84,19461804,17,19242083,51,0.000000,0.061704,0.061826,153,0,34.56,19461547,19461547,357,263,SUCCESS,219710,0,equal,88576,217056,0,153856,,,,,51,11,used,,,,20260910-0005
2026-09-10 00:53:53,HAUSP-UB[noEUCS],BMS1_SPMF,2,0,0.003500,0.000,0.020,472794,3576,0,70,70,0,15,7,1776256,25,1756373,64,0.000000,0.056175,0.057599,115,0,35.20,1776004,1776004,316,264,SUCCESS,19869,0,equal,134016,298656,0,216064,,,,,64,14,used,,,,20260910-0005
2026-09-10 00:53:53,HAUSP-UB[noEUCS],BMS1_SPMF,3,0,0.003500,0.000,0.020,621784,4768,0,27,27,0,5,2,601797,25,594733,69,0.000000,0.069202,0.073251,112,0,35.84,601548,601548,274,264,SUCCESS,7054,0,equal,183936,394496,0,286976,,,,,69,10,used,,,,20260910-0005
2026-09-10 00:53:53,HAUSP-UB[noEUCS],BMS1_SPMF,4,0,0.003500,0.000,0.020,785659,5960,0,16,16,0,2,1,305151,58,301627,93,0.000000,0.084757,0.093462,116,0,39.45,304918,304918,304,314,SUCCESS,3497,0,equal,295552,499136,0,383488,,,,,93,27,used,,,,20260910-0005
2026-09-10 00:53:53,HAUSP-UB[noEUCS],BMS1_SPMF,5,0,0.003500,0.000,0.020,961710,7152,0,18,18,0,2,1,340712,59,337363,89,0.000000,0.092705,0.103098,109,0,40.09,340423,340423,300,325,SUCCESS,3315,0,equal,390912,610848,0,459392,,,,,89,34,used,,,,20260910-0005
2026-09-10 00:54:48,HAUSP-UB[noEUCS],BMS1_SPMF,6,0,0.003500,0.000,0.020,1170587,8344,0,55512,55513,0,8916,2482,1387787831,14,1381270834,55,0.000000,0.049310,0.049314,117,0,41.37,1387787520,1387787219,819,331,SUCCESS,6516997,0,equal,584832,740960,0,556416,,,,,55,0,used,,,,20260910-0005
2026-09-10 00:55:09,HAUSP-UB[noEUCS],BMS1_SPMF,7,0,0.003500,0.000,0.020,1298090,9536,0,20158,20158,0,3178,881,493826832,17,491521814,60,0.000000,0.045122,0.045134,111,0,42.05,493826517,493826517,748,333,SUCCESS,2305017,0,equal,761216,830016,0,629632,,,,,60,1,used,,,,20260910-0005
2026-09-10 00:55:17,HAUSP-UB[noEUCS],BMS1_SPMF,8,0,0.003500,0.000,0.020,1424086,10728,0,8258,8258,0,1280,350,199187972,18,198269495,66,0.000000,0.042588,0.042619,104,0,43.01,199187656,199187656,695,334,SUCCESS,918476,0,equal,900736,913792,0,698240,,,,,66,1,used,,,,20260910-0005
2026-09-10 00:55:21,HAUSP-UB[noEUCS],BMS1_SPMF,9,0,0.003500,0.000,0.020,1577987,11920,0,4342,4342,0,650,178,100789904,19,100321836,67,0.000000,0.043005,0.043066,100,0,43.89,100789588,100789588,644,335,SUCCESS,468067,0,equal,1012352,1012928,0,756992,,,,,67,1,used,,,,20260910-0005
2026-09-10 00:55:23,HAUSP-UB[noEUCS],BMS1_SPMF,10,0,0.003500,0.000,0.020,1721903,13112,0,2133,2133,0,310,85,48169069,20,47946919,74,0.000000,0.042313,0.042444,99,0,44.86,48168752,48168752,599,335,SUCCESS,222148,0,equal,1143424,1104512,0,807296,,,,,74,2,used,,,,20260910-0005
2026-09-10 00:55:25,HAUSP-UB[noEUCS],BMS1_SPMF,11,0,0.003500,0.000,0.020,1836989,14304,0,1330,1330,0,190,51,29663036,21,29527391,75,0.000000,0.041031,0.041251,102,0,46.05,29662720,29662720,576,336,SUCCESS,135643,0,equal,1235584,1190080,0,897664,,,,,75,2,used,,,,20260910-0005
2026-09-10 00:55:26,HAUSP-UB[noEUCS],BMS1_SPMF,12,0,0.003500,0.000,0.020,1966121,15496,0,821,822,0,114,31,17805097,21,17723721,81,0.000000,0.041127,0.041499,103,0,46.82,17804780,17804780,552,336,SUCCESS,81374,0,equal,1339008,1279744,0,946304,,,,,81,2,used,,,,20260910-0005
2026-09-10 00:55:26,HAUSP-UB[noEUCS],BMS1_SPMF,13,0,0.003500,0.000,0.020,2084129,16688,0,563,563,0,76,20,11912967,22,11858509,82,0.000000,0.041133,0.041700,101,0,48.47,11912651,11912651,530,337,SUCCESS,54456,0,equal,1434752,1364288,0,996224,,,,,82,2,used,,,,20260910-0005
2026-09-10 00:55:26,HAUSP-UB[noEUCS],BMS1_SPMF,14,0,0.003500,0.000,0.020,2218851,17880,0,366,366,0,48,13,7484744,22,7450413,88,0.000000,0.042010,0.042919,98,0,49.47,7484427,7484427,509,337,SUCCESS,34329,0,equal,1540224,1449952,0,1080960,,,,,88,2,used,,,,20260910-0005
2026-09-10 00:55:27,HAUSP-UB[noEUCS],BMS1_SPMF,15,0,0.003500,0.000,0.020,2327502,19072,0,281,281,0,36,10,5614276,22,5588423,91,0.000000,0.042401,0.043627,94,0,50.57,5613959,5613959,488,337,SUCCESS,25851,0,equal,1640576,1517408,0,1108992,,,,,91,2,used,,,,20260910-0005
2026-09-10 00:55:27,HAUSP-UB[noEUCS],BMS1_SPMF,16,0,0.003500,0.000,0.020,2450953,20264,0,357,357,0,44,12,6857738,23,6826185,91,0.000000,0.038102,0.039114,96,0,51.54,6857421,6857421,498,337,SUCCESS,31550,0,equal,1727616,1602144,0,1182720,,,,,91,3,used,,,,20260910-0005
2026-09-10 00:55:27,HAUSP-UB[noEUCS],BMS1_SPMF,17,0,0.003500,0.000,0.020,2575831,21456,0,266,266,0,32,8,4968540,23,4945633,94,0.000000,0.039320,0.040734,96,0,52.69,4968225,4968225,481,338,SUCCESS,22906,0,equal,1815680,1687776,0,1223680,,,,,94,1,used,,,,20260910-0005
2026-09-10 00:55:28,HAUSP-UB[noEUCS],BMS1_SPMF,18,0,0.003500,0.000,0.020,2702565,22648,0,208,208,0,24,6,3763022,23,3745599,97,0.000000,0.040989,0.042875,97,0,53.78,3762706,3762706,465,338,SUCCESS,17422,0,equal,1905792,1778048,0,1266944,,,,,97,1,used,,,,20260910-0005
2026-09-10 00:55:28,HAUSP-UB[noEUCS],BMS1_SPMF,19,0,0.003500,0.000,0.020,2805280,23840,0,173,173,0,19,5,3046411,24,3032202,98,0.000000,0.042039,0.044379,97,0,54.89,3046095,3046095,455,338,SUCCESS,14207,0,equal,1997952,1844768,0,1327616,,,,,98,2,used,,,,20260910-0005
2026-09-10 00:55:28,HAUSP-UB[noEUCS],BMS1_SPMF,20,0,0.003500,0.000,0.020,2875934,25032,0,154,154,0,17,4,2674069,24,2661588,99,0.000000,0.042390,0.045073,96,0,56.13,2673753,2673753,451,338,SUCCESS,12479,0,equal,2097280,1891904,0,1372672,,,,,99,2,used,,,,20260910-0005
2026-09-10 00:55:28,HAUSP-UB[noEUCS],BMS1_SPMF,21,0,0.003500,0.000,0.020,3012443,26224,0,126,126,0,13,3,2111770,34,2101821,101,0.000000,0.044543,0.047932,93,0,57.48,2111464,2111464,452,348,SUCCESS,9947,0,equal,2140288,1986560,0,1527040,,,,,101,2,used,,,,20260910-0005
2026-09-10 00:55:28,HAUSP-UB[noEUCS],BMS1_SPMF,22,0,0.003500,0.000,0.020,3144497,27416,0,105,105,0,11,3,1693795,34,1685724,102,0.000000,0.047426,0.051646,94,0,58.88,1693479,1693479,435,348,SUCCESS,8069,0,equal,2231424,2078976,0,1570560,,,,,102,2,used,,,,20260910-0005
2026-09-10 00:55:28,HAUSP-UB[noEUCS],BMS1_SPMF,23,0,0.003500,0.000,0.020,3250455,28608,0,91,91,0,9,2,1409354,34,1402579,106,0.000000,0.050177,0.055227,91,0,60.19,1409038,1409038,428,348,SUCCESS,6773,0,equal,2346112,2157216,0,1608448,,,,,106,2,used,,,,20260910-0005
2026-09-10 00:55:28,HAUSP-UB[noEUCS],BMS1_SPMF,24,0,0.003500,0.000,0.020,3383968,29800,0,86,86,0,8,2,1265163,34,1259012,109,0.000000,0.051838,0.057406,94,0,61.41,1264847,1264847,417,348,SUCCESS,6149,0,equal,2453632,2255168,0,1689472,,,,,109,2,used,,,,20260910-0005
2026-09-10 00:55:28,HAUSP-UB[noEUCS],BMS1_SPMF,25,0,0.003500,0.000,0.020,3504606,30992,0,76,76,0,7,2,1059417,34,1054180,108,0.000000,0.054860,0.061448,94,0,46.05,1059100,1059100,406,348,SUCCESS,5234,0,equal,2663552,2343040,0,1789312,,,,,108,3,used,,,,20260910-0005
2026-09-10 00:55:28,HAUSP-UB[noEUCS],BMS1_SPMF,26,0,0.003500,0.000,0.020,3639555,32184,0,66,66,0,6,1,909419,69,904899,112,0.000000,0.057443,0.065007,94,0,47.43,909136,909136,426,383,SUCCESS,4516,0,equal,2621568,2435360,0,2000768,,,,,112,4,used,,,,20260910-0005
2026-09-10 00:55:29,HAUSP-UB[noEUCS],BMS1_SPMF,27,0,0.003500,0.000,0.020,3770245,33376,0,59,60,0,5,1,789988,72,786027,113,0.000000,0.059437,0.068054,93,0,49.00,789671,789671,386,385,SUCCESS,3955,0,equal,2695296,2520064,0,2052480,,,,,113,6,used,,,,20260910-0005
2026-09-10 00:55:29,HAUSP-UB[noEUCS],BMS1_SPMF,28,0,0.003500,0.000,0.020,3932244,34568,0,56,56,0,4,1,701147,74,697557,115,0.000000,0.062003,0.071169,94,0,50.61,700826,700826,380,387,SUCCESS,3580,0,equal,2791552,2626656,0,2124928,,,,,115,10,used,,,,20260910-0005
2026-09-10 00:55:29,HAUSP-UB[noEUCS],BMS1_SPMF,29,0,0.003500,0.000,0.020,4090185,35760,0,52,52,0,4,1,611388,74,608187,117,0.000000,0.064957,0.075240,94,0,52.07,611062,611062,369,387,SUCCESS,3188,0,equal,2910336,2728384,0,2187904,,,,,117,13,used,,,,20260910-0005
2026-09-10 00:55:29,HAUSP-UB[noEUCS],BMS1_SPMF,30,0,0.003500,0.000,0.020,4254726,36952,0,48,49,0,3,1,541750,73,538874,121,0.000000,0.068222,0.080006,96,0,53.91,541423,541423,365,388,SUCCESS,2863,0,equal,2906240,2838016,0,2278784,,,,,121,13,used,,,,20260910-0005
2026-09-10 00:55:29,HAUSP-UB[noEUCS],BMS1_SPMF,31,0,0.003500,0.000,0.020,4420375,38144,0,48,48,0,3,1,508169,72,505411,122,0.000000,0.069953,0.082515,98,0,55.74,507835,507835,359,388,SUCCESS,2740,0,equal,3027072,2946944,0,2355328,,,,,122,18,used,,,,20260910-0005
2026-09-10 00:55:29,HAUSP-UB[noEUCS],BMS1_SPMF,32,0,0.003500,0.000,0.020,4593176,39336,0,52,52,0,3,1,522978,72,520151,117,0.000000,0.069637,0.081560,98,0,57.74,522643,522643,358,388,SUCCESS,2808,0,equal,3295360,3058080,0,2454144,,,,,117,19,used,,,,20260910-0005
2026-09-10 00:55:29,HAUSP-UB[noEUCS],BMS1_SPMF,33,0,0.003500,0.000,0.020,4726459,40528,0,52,52,0,3,1,499285,74,496554,121,0.000000,0.070144,0.082551,99,0,59.02,498951,498951,355,388,SUCCESS,2711,0,equal,3295360,3141504,0,2524288,,,,,121,20,used,,,,20260910-0005
2026-09-10 00:55:29,HAUSP-UB[noEUCS],BMS1_SPMF,34,0,0.003500,0.000,0.020,4877213,41720,0,53,53,0,3,1,491632,75,488907,121,0.000000,0.069905,0.082380,100,0,49.20,491295,491295,349,388,SUCCESS,2701,0,equal,3412096,3241344,0,2581632,,,,,121,24,used,,,,20260910-0005
2026-09-10 00:55:29,HAUSP-UB[noEUCS],BMS1_SPMF,35,0,0.003500,0.000,0.020,5030391,42912,0,54,54,0,3,1,486437,77,483745,120,0.000000,0.069996,0.082598,98,0,51.09,486099,486099,349,389,SUCCESS,2665,0,equal,3627136,3343104,0,2634880,,,,,120,27,used,,,,20260910-0005
2026-09-10 00:55:29,HAUSP-UB[noEUCS],BMS1_SPMF,36,0,0.003500,0.000,0.020,5183945,44104,0,60,61,0,3,1,535675,74,532746,115,0.000000,0.066620,0.078233,97,0,52.71,535334,535334,348,389,SUCCESS,2903,0,equal,3627136,3440608,0,2682240,,,,,115,26,used,,,,20260910-0005
2026-09-10 00:55:29,HAUSP-UB[noEUCS],BMS1_SPMF,37,0,0.003500,0.000,0.020,5299490,45296,0,73,74,0,4,1,647363,74,643877,113,0.000000,0.060522,0.070177,97,0,54.72,647022,647022,348,389,SUCCESS,3460,0,equal,3801216,3518176,0,2720128,,,,,113,26,used,,,,20260910-0005
2026-09-10 00:55:29,HAUSP-UB[noEUCS],BMS1_SPMF,38,0,0.003500,0.000,0.020,5444535,46488,0,88,88,0,5,1,752915,71,748890,113,0.000000,0.056066,0.064637,96,0,56.44,752571,752571,347,389,SUCCESS,3999,0,equal,3987584,3615648,0,2758016,,,,,113,26,used,,,,20260910-0005
2026-09-10 00:55:29,HAUSP-UB[noEUCS],BMS1_SPMF,39,0,0.003500,0.000,0.020,5578380,47680,0,80,80,0,4,1,671378,72,667788,112,0.000000,0.057647,0.067303,93,0,58.49,671034,671034,344,389,SUCCESS,3563,0,equal,4089984,3699328,0,2815872,,,,,112,27,used,,,,20260910-0005
2026-09-10 00:55:29,HAUSP-UB[noEUCS],BMS1_SPMF,40,0,0.003500,0.000,0.020,5761596,48872,0,222,222,0,12,3,1742268,88,1732957,102,0.000000,0.041015,0.044659,93,0,63.55,1741938,1741938,359,407,SUCCESS,9282,0,equal,4049024,3813216,0,3018624,,,,,102,29,used,,,,20260910-0005
2026-09-10 00:55:30,HAUSP-UB[noEUCS],BMS1_SPMF,41,0,0.003500,0.000,0.020,5931483,50064,0,695,695,0,33,10,4838926,85,4812369,97,0.000000,0.038045,0.039338,94,0,57.48,4838577,4838577,367,407,SUCCESS,26530,0,equal,4118656,3927008,0,3082624,,,,,97,27,used,,,,20260910-0005
2026-09-10 00:55:35,HAUSP-UB[noEUCS],BMS1_SPMF,42,0,0.003500,0.000,0.020,6115884,51256,0,4446,4446,0,184,59,25984698,84,25830493,94,0.000000,0.038742,0.038959,94,0,59.58,25984348,25984348,417,407,SUCCESS,154178,0,equal,4274304,4042432,0,3141120,,,,,94,27,used,,,,20260910-0005
2026-09-10 00:56:04,HAUSP-UB[noEUCS],BMS1_SPMF,43,0,0.003500,0.000,0.020,6279327,52448,0,29085,29085,0,1036,353,140390395,85,139477317,88,0.000000,0.041618,0.041654,93,0,61.73,140390045,140390045,473,408,SUCCESS,913050,0,equal,4396160,4152032,0,3244544,,,,,88,28,used,,,,20260910-0005
2026-09-10 00:56:26,HAUSP-UB[noEUCS],BMS1_SPMF,44,0,0.003500,0.000,0.020,6439841,53640,0,22474,22474,0,797,269,108863400,95,108164910,87,0.000000,0.040923,0.040970,92,0,64.39,108863059,108863059,470,418,SUCCESS,698462,0,equal,4553856,4254464,0,3421184,,,,,87,28,used,,,,20260910-0005
2026-09-10 00:56:53,HAUSP-UB[noEUCS],BMS1_SPMF,45,0,0.003500,0.000,0.020,6593646,54832,0,27006,27006,0,921,313,125134660,98,124325434,85,0.000000,0.040673,0.040714,92,0,66.95,125134305,125134305,466,419,SUCCESS,809191,0,equal,4820096,4363904,0,3491584,,,,,85,35,used,,,,20260910-0005
2026-09-10 00:57:14,HAUSP-UB[noEUCS],BMS1_SPMF,46,0,0.003500,0.000,0.020,6751104,56024,0,21089,21089,0,714,240,97258777,93,96635123,90,0.000000,0.040227,0.040282,92,0,69.19,97258418,97258418,452,419,SUCCESS,623621,0,equal,4937856,4466048,0,3550208,,,,,90,33,used,,,,20260910-0005
2026-09-10 00:57:31,HAUSP-UB[noEUCS],BMS1_SPMF,47,0,0.003500,0.000,0.020,6894538,57216,0,16667,16667,0,562,187,76666613,94,76178999,89,0.000000,0.039617,0.039688,93,0,71.48,76666253,76666253,447,419,SUCCESS,487579,0,equal,5087360,4564224,0,3584000,,,,,89,35,used,,,,20260910-0005
2026-09-10 00:57:44,HAUSP-UB[noEUCS],BMS1_SPMF,48,0,0.003500,0.000,0.020,7043908,58408,0,12995,12996,0,435,144,59412776,165,59037961,93,0.000000,0.038840,0.038934,93,0,67.18,59412486,59412486,509,492,SUCCESS,374779,0,equal,4454528,4667712,0,4388864,,,,,93,36,used,,,,20260910-0005
2026-09-10 00:58:08,HAUSP-UB[noEUCS],BMS1_SPMF,49,0,0.003500,0.000,0.020,7229030,59601,0,24481,24481,0,765,259,103110382,170,102437014,87,0.000000,0.039763,0.039814,93,0,69.86,103110023,103110023,459,497,SUCCESS,673331,0,equal,4707456,4788416,0,4506624,,,,,87,37,used,,,,20260910-0005
2026-09-10 00:58:46,HAUSP-UB[noEUCS],BMS1_SPMF,0,1,0.003500,0.000,0.020,203583,1192,0,37054,37055,0,8979,4644,929476331,11,917294223,213,0.000000,0.106458,0.106460,1416,0,33.26,929476337,929475494,843,263,SUCCESS,12182103,0,equal,55424,125824,0,91520,,,,,213,5,used,,,,20260910-0005
2026-09-10 00:58:47,HAUSP-UB[noEUCS],BMS1_SPMF,1,1,0.003500,0.000,0.020,345970,2384,0,729,729,0,173,83,19461804,17,19242083,51,0.000000,0.061704,0.061826,153,0,34.00,19461547,19461547,357,263,SUCCESS,219710,0,equal,88576,217056,0,153856,,,,,51,11,used,,,,20260910-0005
2026-09-10 00:58:47,HAUSP-UB[noEUCS],BMS1_SPMF,2,1,0.003500,0.000,0.020,472794,3576,0,70,70,0,15,7,1776256,25,1756373,64,0.000000,0.056175,0.057599,115,0,34.70,1776004,1776004,316,264,SUCCESS,19869,0,equal,134016,298656,0,216064,,,,,64,14,used,,,,20260910-0005
2026-09-10 00:58:47,HAUSP-UB[noEUCS],BMS1_SPMF,3,1,0.003500,0.000,0.020,621784,4768,0,27,28,0,5,2,601797,25,594733,69,0.000000,0.069202,0.073251,112,0,35.34,601548,601548,274,264,SUCCESS,7054,0,equal,183936,394496,0,286976,,,,,69,10,used,,,,20260910-0005
2026-09-10 00:58:47,HAUSP-UB[noEUCS],BMS1_SPMF,4,1,0.003500,0.000,0.020,785659,5960,0,16,16,0,2,1,305151,58,301627,93,0.000000,0.084757,0.093462,116,0,39.06,304918,304918,304,314,SUCCESS,3497,0,equal,295552,499136,0,383488,,,,,93,27,used,,,,20260910-0005
2026-09-10 00:58:47,HAUSP-UB[noEUCS],BMS1_SPMF,5,1,0.003500,0.000,0.020,961710,7152,0,18,18,0,2,1,340712,59,337363,89,0.000000,0.092705,0.103098,109,0,39.76,340423,340423,300,325,SUCCESS,3315,0,equal,390912,610848,0,459392,,,,,89,34,used,,,,20260910-0005
2026-09-10 00:59:42,HAUSP-UB[noEUCS],BMS1_SPMF,6,1,0.003500,0.000,0.020,1170587,8344,0,55616,55617,0,8922,2492,1387787831,14,1381270834,55,0.000000,0.049310,0.049314,117,0,41.05,1387787520,1387787219,819,331,SUCCESS,6516997,0,equal,584832,740960,0,556416,,,,,55,0,used,,,,20260910-0005
2026-09-10 01:00:03,HAUSP-UB[noEUCS],BMS1_SPMF,7,1,0.003500,0.000,0.020,1298090,9536,0,20224,20224,0,3185,880,493826832,17,491521814,60,0.000000,0.045122,0.045134,111,0,41.83,493826517,493826517,748,333,SUCCESS,2305017,0,equal,761216,830016,0,629632,,,,,60,1,used,,,,20260910-0005
2026-09-10 01:00:11,HAUSP-UB[noEUCS],BMS1_SPMF,8,1,0.003500,0.000,0.020,1424086,10728,0,8287,8287,0,1280,352,199187972,18,198269495,66,0.000000,0.042588,0.042619,104,0,42.79,199187656,199187656,695,334,SUCCESS,918476,0,equal,900736,913792,0,698240,,,,,66,1,used,,,,20260910-0005
2026-09-10 01:00:15,HAUSP-UB[noEUCS],BMS1_SPMF,9,1,0.003500,0.000,0.020,1577987,11920,0,4358,4359,0,650,178,100789904,19,100321836,67,0.000000,0.043005,0.043066,100,0,43.74,100789588,100789588,644,335,SUCCESS,468067,0,equal,1012352,1012928,0,756992,,,,,67,1,used,,,,20260910-0005
2026-09-10 01:00:18,HAUSP-UB[noEUCS],BMS1_SPMF,10,1,0.003500,0.000,0.020,1721903,13112,0,2141,2142,0,310,85,48169069,20,47946919,74,0.000000,0.042313,0.042444,99,0,44.80,48168752,48168752,599,335,SUCCESS,222148,0,equal,1143424,1104512,0,807296,,,,,74,2,used,,,,20260910-0005
2026-09-10 01:00:19,HAUSP-UB[noEUCS],BMS1_SPMF,11,1,0.003500,0.000,0.020,1836989,14304,0,1336,1337,0,191,51,29663036,21,29527391,75,0.000000,0.041031,0.041251,102,0,46.05,29662720,29662720,576,336,SUCCESS,135643,0,equal,1235584,1190080,0,897664,,,,,75,2,used,,,,20260910-0005
2026-09-10 01:00:20,HAUSP-UB[noEUCS],BMS1_SPMF,12,1,0.003500,0.000,0.020,1966121,15496,0,824,825,0,114,31,17805097,21,17723721,81,0.000000,0.041127,0.041499,103,0,46.83,17804780,17804780,552,336,SUCCESS,81374,0,equal,1339008,1279744,0,946304,,,,,81,2,used,,,,20260910-0005
2026-09-10 01:00:20,HAUSP-UB[noEUCS],BMS1_SPMF,13,1,0.003500,0.000,0.020,2084129,16688,0,566,566,0,76,20,11912967,22,11858509,82,0.000000,0.041133,0.041700,101,0,47.90,11912651,11912651,530,337,SUCCESS,54456,0,equal,1434752,1364288,0,996224,,,,,82,2,used,,,,20260910-0005
2026-09-10 01:00:21,HAUSP-UB[noEUCS],BMS1_SPMF,14,1,0.003500,0.000,0.020,2218851,17880,0,367,367,0,48,13,7484744,22,7450413,88,0.000000,0.042010,0.042919,98,0,48.90,7484427,7484427,509,337,SUCCESS,34329,0,equal,1540224,1449952,0,1080960,,,,,88,2,used,,,,20260910-0005
2026-09-10 01:00:21,HAUSP-UB[noEUCS],BMS1_SPMF,15,1,0.003500,0.000,0.020,2327502,19072,0,282,282,0,36,9,5614276,22,5588423,91,0.000000,0.042401,0.043627,94,0,50.11,5613959,5613959,488,337,SUCCESS,25851,0,equal,1640576,1517408,0,1108992,,,,,91,2,used,,,,20260910-0005
2026-09-10 01:00:21,HAUSP-UB[noEUCS],BMS1_SPMF,16,1,0.003500,0.000,0.020,2450953,20264,0,358,359,0,44,12,6857738,23,6826185,91,0.000000,0.038102,0.039114,96,0,51.07,6857421,6857421,498,337,SUCCESS,31550,0,equal,1727616,1602144,0,1182720,,,,,91,3,used,,,,20260910-0005
2026-09-10 01:00:22,HAUSP-UB[noEUCS],BMS1_SPMF,17,1,0.003500,0.000,0.020,2575831,21456,0,266,267,0,32,8,4968540,23,4945633,94,0.000000,0.039320,0.040734,96,0,52.29,4968225,4968225,481,338,SUCCESS,22906,0,equal,1815680,1687776,0,1223680,,,,,94,1,used,,,,20260910-0005
2026-09-10 01:00:22,HAUSP-UB[noEUCS],BMS1_SPMF,18,1,0.003500,0.000,0.020,2702565,22648,0,209,209,0,24,6,3763022,23,3745599,97,0.000000,0.040989,0.042875,97,0,53.48,3762706,3762706,465,338,SUCCESS,17422,0,equal,1905792,1778048,0,1266944,,,,,97,1,used,,,,20260910-0005
2026-09-10 01:00:22,HAUSP-UB[noEUCS],BMS1_SPMF,19,1,0.003500,0.000,0.020,2805280,23840,0,174,174,0,19,5,3046411,24,3032202,98,0.000000,0.042039,0.044379,97,0,54.60,3046095,3046095,455,338,SUCCESS,14207,0,equal,1997952,1844768,0,1327616,,,,,98,2,used,,,,20260910-0005
2026-09-10 01:00:22,HAUSP-UB[noEUCS],BMS1_SPMF,20,1,0.003500,0.000,0.020,2875934,25032,0,155,155,0,17,4,2674069,24,2661588,99,0.000000,0.042390,0.045073,96,0,55.92,2673753,2673753,451,338,SUCCESS,12479,0,equal,2097280,1891904,0,1372672,,,,,99,2,used,,,,20260910-0005
2026-09-10 01:00:22,HAUSP-UB[noEUCS],BMS1_SPMF,21,1,0.003500,0.000,0.020,3012443,26224,0,126,127,0,13,3,2111770,34,2101821,101,0.000000,0.044543,0.047932,93,0,57.35,2111464,2111464,452,348,SUCCESS,9947,0,equal,2140288,1986560,0,1527040,,,,,101,2,used,,,,20260910-0005
2026-09-10 01:00:22,HAUSP-UB[noEUCS],BMS1_SPMF,22,1,0.003500,0.000,0.020,3144497,27416,0,105,106,0,11,3,1693795,34,1685724,102,0.000000,0.047426,0.051646,94,0,58.75,1693479,1693479,435,348,SUCCESS,8069,0,equal,2231424,2078976,0,1570560,,,,,102,2,used,,,,20260910-0005
2026-09-10 01:00:22,HAUSP-UB[noEUCS],BMS1_SPMF,23,1,0.003500,0.000,0.020,3250455,28608,0,91,91,0,9,2,1409354,34,1402579,106,0.000000,0.050177,0.055227,91,0,60.17,1409038,1409038,428,348,SUCCESS,6773,0,equal,2346112,2157216,0,1608448,,,,,106,2,used,,,,20260910-0005
2026-09-10 01:00:22,HAUSP-UB[noEUCS],BMS1_SPMF,24,1,0.003500,0.000,0.020,3383968,29800,0,86,86,0,8,2,1265163,34,1259012,109,0.000000,0.051838,0.057406,94,0,61.41,1264847,1264847,417,348,SUCCESS,6149,0,equal,2453632,2255168,0,1689472,,,,,109,2,used,,,,20260910-0005
2026-09-10 01:00:23,HAUSP-UB[noEUCS],BMS1_SPMF,25,1,0.003500,0.000,0.020,3504606,30992,0,76,76,0,7,2,1059417,34,1054180,108,0.000000,0.054860,0.061448,94,0,46.34,1059100,1059100,406,348,SUCCESS,5234,0,equal,2663552,2343040,0,1789312,,,,,108,3,used,,,,20260910-0005
2026-09-10 01:00:23,HAUSP-UB[noEUCS],BMS1_SPMF,26,1,0.003500,0.000,0.020,3639555,32184,0,66,66,0,6,1,909419,69,904899,112,0.000000,0.057443,0.065007,94,0,47.80,909136,909136,426,383,SUCCESS,4516,0,equal,2621568,2435360,0,2000768,,,,,112,4,used,,,,20260910-0005
2026-09-10 01:00:23,HAUSP-UB[noEUCS],BMS1_SPMF,27,1,0.003500,0.000,0.020,3770245,33376,0,59,60,0,5,1,789988,72,786027,113,0.000000,0.059437,0.068054,93,0,49.43,789671,789671,386,385,SUCCESS,3955,0,equal,2695296,2520064,0,2052480,,,,,113,6,used,,,,20260910-0005
2026-09-10 01:00:23,HAUSP-UB[noEUCS],BMS1_SPMF,28,1,0.003500,0.000,0.020,3932244,34568,0,56,56,0,4,1,701147,74,697557,115,0.000000,0.062003,0.071169,94,0,50.93,700826,700826,380,387,SUCCESS,3580,0,equal,2791552,2626656,0,2124928,,,,,115,10,used,,,,20260910-0005
2026-09-10 01:00:23,HAUSP-UB[noEUCS],BMS1_SPMF,29,1,0.003500,0.000,0.020,4090185,35760,0,52,52,0,4,1,611388,74,608187,117,0.000000,0.064957,0.075240,94,0,52.43,611062,611062,369,387,SUCCESS,3188,0,equal,2910336,2728384,0,2187904,,,,,117,13,used,,,,20260910-0005
2026-09-10 01:00:23,HAUSP-UB[noEUCS],BMS1_SPMF,30,1,0.003500,0.000,0.020,4254726,36952,0,48,49,0,3,1,541750,73,538874,121,0.000000,0.068222,0.080006,96,0,54.33,541423,541423,365,388,SUCCESS,2863,0,equal,2906240,2838016,0,2278784,,,,,121,13,used,,,,20260910-0005
2026-09-10 01:00:23,HAUSP-UB[noEUCS],BMS1_SPMF,31,1,0.003500,0.000,0.020,4420375,38144,0,48,48,0,3,1,508169,72,505411,122,0.000000,0.069953,0.082515,98,0,56.02,507835,507835,359,388,SUCCESS,2740,0,equal,3027072,2946944,0,2355328,,,,,122,18,used,,,,20260910-0005
2026-09-10 01:00:23,HAUSP-UB[noEUCS],BMS1_SPMF,32,1,0.003500,0.000,0.020,4593176,39336,0,52,52,0,3,1,522978,72,520151,117,0.000000,0.069637,0.081560,98,0,58.10,522643,522643,358,388,SUCCESS,2808,0,equal,3295360,3058080,0,2454144,,,,,117,19,used,,,,20260910-0005
2026-09-10 01:00:23,HAUSP-UB[noEUCS],BMS1_SPMF,33,1,0.003500,0.000,0.020,4726459,40528,0,52,52,0,3,1,499285,74,496554,121,0.000000,0.070144,0.082551,99,0,59.44,498951,498951,355,388,SUCCESS,2711,0,equal,3295360,3141504,0,2524288,,,,,121,20,used,,,,20260910-0005
2026-09-10 01:00:23,HAUSP-UB[noEUCS],BMS1_SPMF,34,1,0.003500,0.000,0.020,4877213,41720,0,53,53,0,3,1,491632,75,488907,121,0.000000,0.069905,0.082380,100,0,49.11,491295,491295,349,388,SUCCESS,2701,0,equal,3412096,3241344,0,2581632,,,,,121,24,used,,,,20260910-0005
2026-09-10 01:00:23,HAUSP-UB[noEUCS],BMS1_SPMF,35,1,0.003500,0.000,0.020,5030391,42912,0,54,54,0,3,0,486437,77,483745,120,0.000000,0.069996,0.082598,98,0,50.96,486099,486099,349,389,SUCCESS,2665,0,equal,3627136,3343104,0,2634880,,,,,120,27,used,,,,20260910-0005
2026-09-10 01:00:23,HAUSP-UB[noEUCS],BMS1_SPMF,36,1,0.003500,0.000,0.020,5183945,44104,0,60,60,0,3,1,535675,74,532746,115,0.000000,0.066620,0.078233,97,0,52.52,535334,535334,348,389,SUCCESS,2903,0,equal,3627136,3440608,0,2682240,,,,,115,26,used,,,,20260910-0005
2026-09-10 01:00:23,HAUSP-UB[noEUCS],BMS1_SPMF,37,1,0.003500,0.000,0.020,5299490,45296,0,73,73,0,4,1,647363,74,643877,113,0.000000,0.060522,0.070177,97,0,54.59,647022,647022,348,389,SUCCESS,3460,0,equal,3801216,3518176,0,2720128,,,,,113,26,used,,,,20260910-0005
2026-09-10 01:00:23,HAUSP-UB[noEUCS],BMS1_SPMF,38,1,0.003500,0.000,0.020,5444535,46488,0,88,88,0,5,1,752915,71,748890,113,0.000000,0.056066,0.064637,96,0,56.36,752571,752571,347,389,SUCCESS,3999,0,equal,3987584,3615648,0,2758016,,,,,113,26,used,,,,20260910-0005
2026-09-10 01:00:23,HAUSP-UB[noEUCS],BMS1_SPMF,39,1,0.003500,0.000,0.020,5578380,47680,0,80,80,0,4,1,671378,72,667788,112,0.000000,0.057647,0.067303,93,0,58.37,671034,671034,344,389,SUCCESS,3563,0,equal,4089984,3699328,0,2815872,,,,,112,27,used,,,,20260910-0005
2026-09-10 01:00:24,HAUSP-UB[noEUCS],BMS1_SPMF,40,1,0.003500,0.000,0.020,5761596,48872,0,221,221,0,11,3,1742268,88,1732957,102,0.000000,0.041015,0.044659,93,0,63.38,1741938,1741938,359,407,SUCCESS,9282,0,equal,4049024,3813216,0,3018624,,,,,102,29,used,,,,20260910-0005
2026-09-10 01:00:24,HAUSP-UB[noEUCS],BMS1_SPMF,41,1,0.003500,0.000,0.020,5931483,50064,0,696,696,0,33,10,4838926,85,4812369,97,0.000000,0.038045,0.039338,94,0,57.41,4838577,4838577,367,407,SUCCESS,26530,0,equal,4118656,3927008,0,3082624,,,,,97,27,used,,,,20260910-0005
2026-09-10 01:00:29,HAUSP-UB[noEUCS],BMS1_SPMF,42,1,0.003500,0.000,0.020,6115884,51256,0,4445,4445,0,184,59,25984698,84,25830493,94,0.000000,0.038742,0.038959,94,0,59.51,25984348,25984348,417,407,SUCCESS,154178,0,equal,4274304,4042432,0,3141120,,,,,94,27,used,,,,20260910-0005
2026-09-10 01:00:58,HAUSP-UB[noEUCS],BMS1_SPMF,43,1,0.003500,0.000,0.020,6279327,52448,0,28980,28981,0,1032,350,140390395,85,139477317,88,0.000000,0.041618,0.041654,93,0,61.61,140390045,140390045,473,408,SUCCESS,913050,0,equal,4396160,4152032,0,3244544,,,,,88,28,used,,,,20260910-0005
2026-09-10 01:01:20,HAUSP-UB[noEUCS],BMS1_SPMF,44,1,0.003500,0.000,0.020,6439841,53640,0,22542,22543,0,799,269,108863400,95,108164910,87,0.000000,0.040923,0.040970,92,0,64.32,108863059,108863059,470,418,SUCCESS,698462,0,equal,4553856,4254464,0,3421184,,,,,87,28,used,,,,20260910-0005
2026-09-10 01:01:47,HAUSP-UB[noEUCS],BMS1_SPMF,45,1,0.003500,0.000,0.020,6593646,54832,0,27059,27059,0,922,310,125134660,98,124325434,85,0.000000,0.040673,0.040714,92,0,66.83,125134305,125134305,466,419,SUCCESS,809191,0,equal,4820096,4363904,0,3491584,,,,,85,35,used,,,,20260910-0005
2026-09-10 01:02:09,HAUSP-UB[noEUCS],BMS1_SPMF,46,1,0.003500,0.000,0.020,6751104,56024,0,21116,21116,0,715,240,97258777,93,96635123,90,0.000000,0.040227,0.040282,92,0,69.12,97258418,97258418,452,419,SUCCESS,623621,0,equal,4937856,4466048,0,3550208,,,,,90,33,used,,,,20260910-0005
2026-09-10 01:02:25,HAUSP-UB[noEUCS],BMS1_SPMF,47,1,0.003500,0.000,0.020,6894538,57216,0,16690,16690,0,564,186,76666613,94,76178999,89,0.000000,0.039617,0.039688,93,0,71.37,76666253,76666253,447,419,SUCCESS,487579,0,equal,5087360,4564224,0,3584000,,,,,89,35,used,,,,20260910-0005
2026-09-10 01:02:38,HAUSP-UB[noEUCS],BMS1_SPMF,48,1,0.003500,0.000,0.020,7043908,58408,0,12934,12935,0,434,143,59412776,165,59037961,93,0.000000,0.038840,0.038934,93,0,66.54,59412486,59412486,509,492,SUCCESS,374779,0,equal,4454528,4667712,0,4388864,,,,,93,36,used,,,,20260910-0005
2026-09-10 01:03:03,HAUSP-UB[noEUCS],BMS1_SPMF,49,1,0.003500,0.000,0.020,7229030,59601,0,24374,24374,0,764,258,103110382,170,102437014,87,0.000000,0.039763,0.039814,93,0,69.17,103110023,103110023,459,497,SUCCESS,673331,0,equal,4707456,4788416,0,4506624,,,,,87,37,used,,,,20260910-0005
2026-09-10 01:03:40,HAUSP-UB[noEUCS],BMS1_SPMF,0,2,0.003500,0.000,0.020,203583,1192,0,37061,37062,0,8986,4662,929476331,11,917294223,213,0.000000,0.106458,0.106460,1416,0,33.27,929476337,929475494,843,263,SUCCESS,12182103,0,equal,55424,125824,0,91520,,,,,213,5,used,,,,20260910-0005
2026-09-10 01:03:41,HAUSP-UB[noEUCS],BMS1_SPMF,1,2,0.003500,0.000,0.020,345970,2384,0,730,730,0,174,84,19461804,17,19242083,51,0.000000,0.061704,0.061826,153,0,33.96,19461547,19461547,357,263,SUCCESS,219710,0,equal,88576,217056,0,153856,,,,,51,11,used,,,,20260910-0005
2026-09-10 01:03:41,HAUSP-UB[noEUCS],BMS1_SPMF,2,2,0.003500,0.000,0.020,472794,3576,0,69,70,0,15,7,1776256,25,1756373,64,0.000000,0.056175,0.057599,115,0,34.66,1776004,1776004,316,264,SUCCESS,19869,0,equal,134016,298656,0,216064,,,,,64,14,used,,,,20260910-0005
2026-09-10 01:03:41,HAUSP-UB[noEUCS],BMS1_SPMF,3,2,0.003500,0.000,0.020,621784,4768,0,27,27,0,5,2,601797,25,594733,69,0.000000,0.069202,0.073251,112,0,35.35,601548,601548,274,264,SUCCESS,7054,0,equal,183936,394496,0,286976,,,,,69,10,used,,,,20260910-0005
2026-09-10 01:03:41,HAUSP-UB[noEUCS],BMS1_SPMF,4,2,0.003500,0.000,0.020,785659,5960,0,16,16,0,2,1,305151,58,301627,93,0.000000,0.084757,0.093462,116,0,39.03,304918,304918,304,314,SUCCESS,3497,0,equal,295552,499136,0,383488,,,,,93,27,used,,,,20260910-0005
2026-09-10 01:03:41,HAUSP-UB[noEUCS],BMS1_SPMF,5,2,0.003500,0.000,0.020,961710,7152,0,18,18,0,2,1,340712,59,337363,89,0.000000,0.092705,0.103098,109,0,39.72,340423,340423,300,325,SUCCESS,3315,0,equal,390912,610848,0,459392,,,,,89,34,used,,,,20260910-0005
2026-09-10 01:04:37,HAUSP-UB[noEUCS],BMS1_SPMF,6,2,0.003500,0.000,0.020,1170587,8344,0,55591,55591,0,8908,2486,1387787831,14,1381270834,55,0.000000,0.049310,0.049314,117,0,41.06,1387787520,1387787219,819,331,SUCCESS,6516997,0,equal,584832,740960,0,556416,,,,,55,0,used,,,,20260910-0005
2026-09-10 01:04:57,HAUSP-UB[noEUCS],BMS1_SPMF,7,2,0.003500,0.000,0.020,1298090,9536,0,20192,20192,0,3171,880,493826832,17,491521814,60,0.000000,0.045122,0.045134,111,0,41.79,493826517,493826517,748,333,SUCCESS,2305017,0,equal,761216,830016,0,629632,,,,,60,1,used,,,,20260910-0005
2026-09-10 01:05:05,HAUSP-UB[noEUCS],BMS1_SPMF,8,2,0.003500,0.000,0.020,1424086,10728,0,8288,8288,0,1277,350,199187972,18,198269495,66,0.000000,0.042588,0.042619,104,0,42.80,199187656,199187656,695,334,SUCCESS,918476,0,equal,900736,913792,0,698240,,,,,66,1,used,,,,20260910-0005
2026-09-10 01:05:09,HAUSP-UB[noEUCS],BMS1_SPMF,9,2,0.003500,0.000,0.020,1577987,11920,0,4360,4360,0,648,179,100789904,19,100321836,67,0.000000,0.043005,0.043066,100,0,43.74,100789588,100789588,644,335,SUCCESS,468067,0,equal,1012352,1012928,0,756992,,,,,67,1,used,,,,20260910-0005
2026-09-10 01:05:12,HAUSP-UB[noEUCS],BMS1_SPMF,10,2,0.003500,0.000,0.020,1721903,13112,0,2138,2139,0,309,85,48169069,20,47946919,74,0.000000,0.042313,0.042444,99,0,44.76,48168752,48168752,599,335,SUCCESS,222148,0,equal,1143424,1104512,0,807296,,,,,74,2,used,,,,20260910-0005
2026-09-10 01:05:13,HAUSP-UB[noEUCS],BMS1_SPMF,11,2,0.003500,0.000,0.020,1836989,14304,0,1335,1335,0,190,51,29663036,21,29527391,75,0.000000,0.041031,0.041251,102,0,46.06,29662720,29662720,576,336,SUCCESS,135643,0,equal,1235584,1190080,0,897664,,,,,75,2,used,,,,20260910-0005
2026-09-10 01:05:14,HAUSP-UB[noEUCS],BMS1_SPMF,12,2,0.003500,0.000,0.020,1966121,15496,0,823,823,0,114,31,17805097,21,17723721,81,0.000000,0.041127,0.041499,103,0,46.82,17804780,17804780,552,336,SUCCESS,81374,0,equal,1339008,1279744,0,946304,,,,,81,2,used,,,,20260910-0005
2026-09-10 01:05:14,HAUSP-UB[noEUCS],BMS1_SPMF,13,2,0.003500,0.000,0.020,2084129,16688,0,565,565,0,76,20,11912967,22,11858509,82,0.000000,0.041133,0.041700,101,0,47.85,11912651,11912651,530,337,SUCCESS,54456,0,equal,1434752,1364288,0,996224,,,,,82,2,used,,,,20260910-0005
2026-09-10 01:05:15,HAUSP-UB[noEUCS],BMS1_SPMF,14,2,0.003500,0.000,0.020,2218851,17880,0,367,367,0,48,13,7484744,22,7450413,88,0.000000,0.042010,0.042919,98,0,48.91,7484427,7484427,509,337,SUCCESS,34329,0,equal,1540224,1449952,0,1080960,,,,,88,2,used,,,,20260910-0005
2026-09-10 01:05:15,HAUSP-UB[noEUCS],BMS1_SPMF,15,2,0.003500,0.000,0.020,2327502,19072,0,282,282,0,36,9,5614276,22,5588423,91,0.000000,0.042401,0.043627,94,0,50.06,5613959,5613959,488,337,SUCCESS,25851,0,equal,1640576,1517408,0,1108992,,,,,91,2,used,,,,20260910-0005
2026-09-10 01:05:15,HAUSP-UB[noEUCS],BMS1_SPMF,16,2,0.003500,0.000,0.020,2450953,20264,0,358,358,0,44,12,6857738,23,6826185,91,0.000000,0.038102,0.039114,96,0,51.48,6857421,6857421,498,337,SUCCESS,31550,0,equal,1769600,1602144,0,1182720,,,,,91,3,used,,,,20260910-0005
2026-09-10 01:05:16,HAUSP-UB[noEUCS],BMS1_SPMF,17,2,0.003500,0.000,0.020,2575831,21456,0,266,267,0,32,8,4968540,23,4945633,94,0.000000,0.039320,0.040734,96,0,52.35,4968225,4968225,481,338,SUCCESS,22906,0,equal,1815680,1687776,0,1223680,,,,,94,1,used,,,,20260910-0005
2026-09-10 01:05:16,HAUSP-UB[noEUCS],BMS1_SPMF,18,2,0.003500,0.000,0.020,2702565,22648,0,209,209,0,24,6,3763022,23,3745599,97,0.000000,0.040989,0.042875,97,0,53.50,3762706,3762706,465,338,SUCCESS,17422,0,equal,1905792,1778048,0,1266944,,,,,97,1,used,,,,20260910-0005
2026-09-10 01:05:16,HAUSP-UB[noEUCS],BMS1_SPMF,19,2,0.003500,0.000,0.020,2805280,23840,0,173,173,0,19,5,3046411,24,3032202,98,0.000000,0.042039,0.044379,97,0,54.66,3046095,3046095,455,338,SUCCESS,14207,0,equal,1997952,1844768,0,1327616,,,,,98,2,used,,,,20260910-0005
2026-09-10 01:05:16,HAUSP-UB[noEUCS],BMS1_SPMF,20,2,0.003500,0.000,0.020,2875934,25032,0,154,155,0,17,4,2674069,24,2661588,99,0.000000,0.042390,0.045073,96,0,55.96,2673753,2673753,451,338,SUCCESS,12479,0,equal,2097280,1891904,0,1372672,,,,,99,2,used,,,,20260910-0005
2026-09-10 01:05:16,HAUSP-UB[noEUCS],BMS1_SPMF,21,2,0.003500,0.000,0.020,3012443,26224,0,126,126,0,13,3,2111770,34,2101821,101,0.000000,0.044543,0.047932,93,0,57.36,2111464,2111464,452,348,SUCCESS,9947,0,equal,2140288,1986560,0,1527040,,,,,101,2,used,,,,20260910-0005
2026-09-10 01:05:16,HAUSP-UB[noEUCS],BMS1_SPMF,22,2,0.003500,0.000,0.020,3144497,27416,0,105,105,0,11,3,1693795,34,1685724,102,0.000000,0.047426,0.051646,94,0,58.82,1693479,1693479,435,348,SUCCESS,8069,0,equal,2231424,2078976,0,1570560,,,,,102,2,used,,,,20260910-0005
2026-09-10 01:05:16,HAUSP-UB[noEUCS],BMS1_SPMF,23,2,0.003500,0.000,0.020,3250455,28608,0,90,91,0,9,2,1409354,34,1402579,106,0.000000,0.050177,0.055227,91,0,60.19,1409038,1409038,428,348,SUCCESS,6773,0,equal,2346112,2157216,0,1608448,,,,,106,2,used,,,,20260910-0005
2026-09-10 01:05:17,HAUSP-UB[noEUCS],BMS1_SPMF,24,2,0.003500,0.000,0.020,3383968,29800,0,86,86,0,8,2,1265163,34,1259012,109,0.000000,0.051838,0.057406,94,0,61.41,1264847,1264847,417,348,SUCCESS,6149,0,equal,2453632,2255168,0,1689472,,,,,109,2,used,,,,20260910-0005
2026-09-10 01:05:17,HAUSP-UB[noEUCS],BMS1_SPMF,25,2,0.003500,0.000,0.020,3504606,30992,0,76,76,0,7,2,1059417,34,1054180,108,0.000000,0.054860,0.061448,94,0,46.14,1059100,1059100,406,348,SUCCESS,5234,0,equal,2663552,2343040,0,1789312,,,,,108,3,used,,,,20260910-0005
2026-09-10 01:05:17,HAUSP-UB[noEUCS],BMS1_SPMF,26,2,0.003500,0.000,0.020,3639555,32184,0,66,66,0,6,1,909419,69,904899,112,0.000000,0.057443,0.065007,94,0,47.57,909136,909136,426,383,SUCCESS,4516,0,equal,2621568,2435360,0,2000768,,,,,112,4,used,,,,20260910-0005
2026-09-10 01:05:17,HAUSP-UB[noEUCS],BMS1_SPMF,27,2,0.003500,0.000,0.020,3770245,33376,0,59,59,0,5,1,789988,72,786027,113,0.000000,0.059437,0.068054,93,0,49.20,789671,789671,386,385,SUCCESS,3955,0,equal,2695296,2520064,0,2052480,,,,,113,6,used,,,,20260910-0005
2026-09-10 01:05:17,HAUSP-UB[noEUCS],BMS1_SPMF,28,2,0.003500,0.000,0.020,3932244,34568,0,56,56,0,4,1,701147,74,697557,115,0.000000,0.062003,0.071169,94,0,50.69,700826,700826,380,387,SUCCESS,3580,0,equal,2791552,2626656,0,2124928,,,,,115,10,used,,,,20260910-0005
2026-09-10 01:05:17,HAUSP-UB[noEUCS],BMS1_SPMF,29,2,0.003500,0.000,0.020,4090185,35760,0,51,52,0,4,1,611388,74,608187,117,0.000000,0.064957,0.075240,94,0,52.21,611062,611062,369,387,SUCCESS,3188,0,equal,2910336,2728384,0,2187904,,,,,117,13,used,,,,20260910-0005
2026-09-10 01:05:17,HAUSP-UB[noEUCS],BMS1_SPMF,30,2,0.003500,0.000,0.020,4254726,36952,0,48,49,0,3,1,541750,73,538874,121,0.000000,0.068222,0.080006,96,0,54.10,541423,541423,365,388,SUCCESS,2863,0,equal,2906240,2838016,0,2278784,,,,,121,13,used,,,,20260910-0005
2026-09-10 01:05:17,HAUSP-UB[noEUCS],BMS1_SPMF,31,2,0.003500,0.000,0.020,4420375,38144,0,48,48,0,3,1,508169,72,505411,122,0.000000,0.069953,0.082515,98,0,55.82,507835,507835,359,388,SUCCESS,2740,0,equal,3027072,2946944,0,2355328,,,,,122,18,used,,,,20260910-0005
2026-09-10 01:05:17,HAUSP-UB[noEUCS],BMS1_SPMF,32,2,0.003500,0.000,0.020,4593176,39336,0,52,52,0,3,1,522978,72,520151,117,0.000000,0.069637,0.081560,98,0,57.88,522643,522643,358,388,SUCCESS,2808,0,equal,3295360,3058080,0,2454144,,,,,117,19,used,,,,20260910-0005
2026-09-10 01:05:17,HAUSP-UB[noEUCS],BMS1_SPMF,33,2,0.003500,0.000,0.020,4726459,40528,0,51,52,0,3,1,499285,74,496554,121,0.000000,0.070144,0.082551,99,0,59.21,498951,498951,355,388,SUCCESS,2711,0,equal,3295360,3141504,0,2524288,,,,,121,20,used,,,,20260910-0005
2026-09-10 01:05:17,HAUSP-UB[noEUCS],BMS1_SPMF,34,2,0.003500,0.000,0.020,4877213,41720,0,53,53,0,3,1,491632,75,488907,121,0.000000,0.069905,0.082380,100,0,61.26,491295,491295,349,388,SUCCESS,2701,0,equal,3459200,3241344,0,2581632,,,,,121,24,used,,,,20260910-0005
2026-09-10 01:05:17,HAUSP-UB[noEUCS],BMS1_SPMF,35,2,0.003500,0.000,0.020,5030391,42912,0,54,55,0,3,1,486437,77,483745,120,0.000000,0.069996,0.082598,98,0,63.14,486099,486099,349,389,SUCCESS,2665,0,equal,3627136,3343104,0,2634880,,,,,120,27,used,,,,20260910-0005
2026-09-10 01:05:17,HAUSP-UB[noEUCS],BMS1_SPMF,36,2,0.003500,0.000,0.020,5183945,44104,0,61,61,0,3,1,535675,74,532746,115,0.000000,0.066620,0.078233,97,0,64.54,535334,535334,348,389,SUCCESS,2903,0,equal,3627136,3440608,0,2682240,,,,,115,26,used,,,,20260910-0005
2026-09-10 01:05:17,HAUSP-UB[noEUCS],BMS1_SPMF,37,2,0.003500,0.000,0.020,5299490,45296,0,74,75,0,4,1,647363,74,643877,113,0.000000,0.060522,0.070177,97,0,66.64,647022,647022,348,389,SUCCESS,3460,0,equal,3801216,3518176,0,2720128,,,,,113,26,used,,,,20260910-0005
2026-09-10 01:05:17,HAUSP-UB[noEUCS],BMS1_SPMF,38,2,0.003500,0.000,0.020,5444535,46488,0,89,90,0,5,1,752915,71,748890,113,0.000000,0.056066,0.064637,96,0,68.40,752571,752571,347,389,SUCCESS,3999,0,equal,3987584,3615648,0,2758016,,,,,113,26,used,,,,20260910-0005
2026-09-10 01:05:17,HAUSP-UB[noEUCS],BMS1_SPMF,39,2,0.003500,0.000,0.020,5578380,47680,0,81,81,0,4,1,671378,72,667788,112,0.000000,0.057647,0.067303,93,0,70.39,671034,671034,344,389,SUCCESS,3563,0,equal,4089984,3699328,0,2815872,,,,,112,27,used,,,,20260910-0005
2026-09-10 01:05:18,HAUSP-UB[noEUCS],BMS1_SPMF,40,2,0.003500,0.000,0.020,5761596,48872,0,226,227,0,12,3,1742268,88,1732957,102,0.000000,0.041015,0.044659,93,0,75.40,1741938,1741938,359,407,SUCCESS,9282,0,equal,4049024,3813216,0,3018624,,,,,102,29,used,,,,20260910-0005
2026-09-10 01:05:18,HAUSP-UB[noEUCS],BMS1_SPMF,41,2,0.003500,0.000,0.020,5931483,50064,0,690,690,0,33,10,4838926,85,4812369,97,0.000000,0.038045,0.039338,94,0,53.25,4838577,4838577,367,407,SUCCESS,26530,0,equal,4049024,3927008,0,3082624,,,,,97,27,used,,,,20260910-0005
2026-09-10 01:05:23,HAUSP-UB[noEUCS],BMS1_SPMF,42,2,0.003500,0.000,0.020,6115884,51256,0,4411,4411,0,186,58,25984698,84,25830493,94,0.000000,0.038742,0.038959,94,0,55.32,25984348,25984348,417,407,SUCCESS,154178,0,equal,4167808,4042432,0,3141120,,,,,94,27,used,,,,20260910-0005
2026-09-10 01:05:52,HAUSP-UB[noEUCS],BMS1_SPMF,43,2,0.003500,0.000,0.020,6279327,52448,0,28791,28791,0,1034,349,140390395,85,139477317,88,0.000000,0.041618,0.041654,93,0,58.04,140390045,140390045,473,408,SUCCESS,913050,0,equal,4425856,4152032,0,3244544,,,,,88,28,used,,,,20260910-0005
2026-09-10 01:06:14,HAUSP-UB[noEUCS],BMS1_SPMF,44,2,0.003500,0.000,0.020,6439841,53640,0,22377,22378,0,800,268,108863400,95,108164910,87,0.000000,0.040923,0.040970,92,0,60.61,108863059,108863059,470,418,SUCCESS,698462,0,equal,4553856,4254464,0,3421184,,,,,87,28,used,,,,20260910-0005
2026-09-10 01:06:41,HAUSP-UB[noEUCS],BMS1_SPMF,45,2,0.003500,0.000,0.020,6593646,54832,0,26890,26890,0,926,311,125134660,98,124325434,85,0.000000,0.040673,0.040714,92,0,62.98,125134305,125134305,466,419,SUCCESS,809191,0,equal,4761728,4363904,0,3491584,,,,,85,35,used,,,,20260910-0005
2026-09-10 01:07:02,HAUSP-UB[noEUCS],BMS1_SPMF,46,2,0.003500,0.000,0.020,6751104,56024,0,20924,20925,0,717,238,97258777,93,96635123,90,0.000000,0.040227,0.040282,92,0,65.34,97258418,97258418,452,419,SUCCESS,623621,0,equal,4937856,4466048,0,3550208,,,,,90,33,used,,,,20260910-0005
2026-09-10 01:07:18,HAUSP-UB[noEUCS],BMS1_SPMF,47,2,0.003500,0.000,0.020,6894538,57216,0,16564,16564,0,564,187,76666613,94,76178999,89,0.000000,0.039617,0.039688,93,0,67.13,76666253,76666253,447,419,SUCCESS,487579,0,equal,4964480,4564224,0,3584000,,,,,89,35,used,,,,20260910-0005
2026-09-10 01:07:31,HAUSP-UB[noEUCS],BMS1_SPMF,48,2,0.003500,0.000,0.020,7043908,58408,0,12894,12894,0,437,143,59412776,165,59037961,93,0.000000,0.038840,0.038934,93,0,63.27,59412486,59412486,509,492,SUCCESS,374779,0,equal,4454528,4667712,0,4388864,,,,,93,36,used,,,,20260910-0005
2026-09-10 01:07:56,HAUSP-UB[noEUCS],BMS1_SPMF,49,2,0.003500,0.000,0.020,7229030,59601,0,24318,24318,0,768,259,103110382,170,102437014,87,0.000000,0.039763,0.039814,93,0,65.92,103110023,103110023,459,497,SUCCESS,673331,0,equal,4707456,4788416,0,4506624,,,,,87,37,used,,,,20260910-0005
2026-09-10 01:40:29,HAUSP-UB[noEUCS],BMS1_SPMF,0,0,0.003500,0.000,0.010,126563,596,0,1951864,1951865,0,486052,312741,36744702979,10,35928981580,41188,0.000000,0.170891,0.170891,756517,0,33.79,36744702985,36744701968,1017,262,SUCCESS,815721395,0,equal,33920,73920,0,57344,,,,,41188,4,used,,,,20260910-0005
2026-09-10 01:41:06,HAUSP-UB[noEUCS],BMS1_SPMF,1,0,0.003500,0.000,0.010,203583,1192,0,37108,37108,0,8987,4670,929476331,11,917294223,213,0.000000,0.106458,0.106460,1416,0,33.79,929476075,929476075,581,263,SUCCESS,12182103,0,equal,99456,125824,0,91520,,,,,213,5,used,,,,20260910-0005
2026-09-10 01:41:10,HAUSP-UB[noEUCS],BMS1_SPMF,2,0,0.003500,0.000,0.010,280938,1788,0,3952,3953,0,951,464,105245522,15,104033402,59,0.000000,0.075162,0.075184,233,0,34.44,105245264,105245264,438,263,SUCCESS,1212110,0,equal,113536,173696,0,125440,,,,,59,10,used,,,,20260910-0005
2026-09-10 01:41:11,HAUSP-UB[noEUCS],BMS1_SPMF,3,0,0.003500,0.000,0.010,345970,2384,0,730,731,0,173,84,19461804,17,19242083,51,0.000000,0.061704,0.061826,153,0,34.44,19461547,19461547,357,263,SUCCESS,219710,0,equal,142080,217056,0,153856,,,,,51,11,used,,,,20260910-0005
2026-09-10 01:41:11,HAUSP-UB[noEUCS],BMS1_SPMF,4,0,0.003500,0.000,0.010,404311,2980,0,217,217,0,50,24,5705564,19,5641541,66,0.000000,0.056077,0.056512,126,0,35.09,5705310,5705310,310,264,SUCCESS,64013,0,equal,176640,256608,0,187264,,,,,66,10,used,,,,20260910-0005
2026-09-10 01:41:11,HAUSP-UB[noEUCS],BMS1_SPMF,5,0,0.003500,0.000,0.010,472794,3576,0,70,70,0,15,7,1776256,25,1756373,64,0.000000,0.056175,0.057599,115,0,35.09,1776003,1776003,315,264,SUCCESS,19869,0,equal,205184,298656,0,216320,,,,,64,14,used,,,,20260910-0005
2026-09-10 01:41:11,HAUSP-UB[noEUCS],BMS1_SPMF,6,0,0.003500,0.000,0.010,543172,4172,0,32,32,0,6,3,778220,27,769620,71,0.000000,0.062082,0.065410,116,0,35.73,777970,777970,278,264,SUCCESS,8587,0,equal,239232,344192,0,245632,,,,,71,13,used,,,,20260910-0005
2026-09-10 01:41:11,HAUSP-UB[noEUCS],BMS1_SPMF,7,0,0.003500,0.000,0.010,621784,4768,0,27,28,0,5,2,601797,25,594733,69,0.000000,0.069202,0.073251,112,0,35.73,601548,601548,274,264,SUCCESS,7054,0,equal,283776,394496,0,287232,,,,,69,10,used,,,,20260910-0005
2026-09-10 01:41:11,HAUSP-UB[noEUCS],BMS1_SPMF,8,0,0.003500,0.000,0.010,687408,5364,0,19,20,0,3,1,403425,21,398781,72,0.000000,0.077224,0.083551,113,0,36.39,403173,403173,261,264,SUCCESS,4635,0,equal,330368,439584,0,313216,,,,,72,9,used,,,,20260910-0005
2026-09-10 01:41:11,HAUSP-UB[noEUCS],BMS1_SPMF,9,0,0.003500,0.000,0.010,785659,5960,0,16,16,0,2,1,305151,58,301627,93,0.000000,0.084757,0.093462,116,0,39.38,304918,304918,304,314,SUCCESS,3497,0,equal,320384,499136,0,392448,,,,,93,27,used,,,,20260910-0005
2026-09-10 01:41:11,HAUSP-UB[noEUCS],BMS1_SPMF,10,0,0.003500,0.000,0.010,874499,6556,0,23,23,0,3,1,448036,54,443483,94,0.000000,0.087313,0.094663,117,0,40.49,447753,447753,303,320,SUCCESS,4530,0,equal,362112,554976,0,436608,,,,,94,23,used,,,,20260910-0005
2026-09-10 01:41:11,HAUSP-UB[noEUCS],BMS1_SPMF,11,0,0.003500,0.000,0.010,961710,7152,0,18,18,0,2,1,340712,59,337363,89,0.000000,0.092705,0.103098,109,0,40.49,340417,340417,294,325,SUCCESS,3315,0,equal,423552,610848,0,469632,,,,,89,34,used,,,,20260910-0005
2026-09-10 01:41:11,HAUSP-UB[noEUCS],BMS1_SPMF,12,0,0.003500,0.000,0.010,1041125,7748,0,14,15,0,2,0,265871,67,263258,91,0.000000,0.097791,0.111193,114,0,41.30,265572,265572,282,328,SUCCESS,2572,0,equal,489088,659200,0,506112,,,,,91,41,used,,,,20260910-0005
2026-09-10 01:42:07,HAUSP-UB[noEUCS],BMS1_SPMF,13,0,0.003500,0.000,0.010,1170587,8344,0,56143,56143,0,8950,2488,1387787831,14,1381270834,55,0.000000,0.049310,0.049314,117,0,41.94,1387787517,1387787390,816,331,SUCCESS,6516997,0,equal,598272,740960,0,562816,,,,,55,0,used,,,,20260910-0005
2026-09-10 01:42:39,HAUSP-UB[noEUCS],BMS1_SPMF,14,0,0.003500,0.000,0.010,1240785,8940,0,31821,31822,0,5019,1391,775548332,15,771901315,58,0.000000,0.046370,0.046377,112,0,42.80,775548016,775548016,776,332,SUCCESS,3647017,0,equal,884608,787360,0,593024,,,,,58,0,used,,,,20260910-0005
2026-09-10 01:42:59,HAUSP-UB[noEUCS],BMS1_SPMF,15,0,0.003500,0.000,0.010,1298090,9536,0,20464,20464,0,3197,879,493826832,17,491521814,60,0.000000,0.045122,0.045134,111,0,43.45,493826516,493826516,747,333,SUCCESS,2305017,0,equal,1036672,830016,0,640128,,,,,60,1,used,,,,20260910-0005
2026-09-10 01:43:13,HAUSP-UB[noEUCS],BMS1_SPMF,16,0,0.003500,0.000,0.010,1356584,10132,0,13267,13267,0,2057,561,317851719,17,316378351,63,0.000000,0.044356,0.044375,108,0,44.09,317851402,317851402,721,333,SUCCESS,1473367,0,equal,1132928,872224,0,667776,,,,,63,1,used,,,,20260910-0005
2026-09-10 01:43:21,HAUSP-UB[noEUCS],BMS1_SPMF,17,0,0.003500,0.000,0.010,1424086,10728,0,8392,8392,0,1286,350,199187972,18,198269495,66,0.000000,0.042588,0.042619,104,0,44.09,199187656,199187656,695,334,SUCCESS,918476,0,equal,1195904,913792,0,706688,,,,,66,1,used,,,,20260910-0005
2026-09-10 01:43:27,HAUSP-UB[noEUCS],BMS1_SPMF,18,0,0.003500,0.000,0.010,1513062,11324,0,6274,6274,0,938,256,144720988,19,144048313,67,0.000000,0.043566,0.043608,104,0,44.92,144720672,144720672,659,335,SUCCESS,672674,0,equal,1273728,971328,0,748544,,,,,67,1,used,,,,20260910-0005
2026-09-10 01:43:32,HAUSP-UB[noEUCS],BMS1_SPMF,19,0,0.003500,0.000,0.010,1577987,11920,0,4420,4420,0,654,178,100789904,19,100321836,67,0.000000,0.043005,0.043066,100,0,45.38,100789587,100789587,643,335,SUCCESS,468067,0,equal,1359232,1012928,0,764416,,,,,67,1,used,,,,20260910-0005
2026-09-10 01:43:35,HAUSP-UB[noEUCS],BMS1_SPMF,20,0,0.003500,0.000,0.010,1653495,12516,0,2867,2867,0,423,117,66255167,20,65948185,70,0.000000,0.042755,0.042851,98,0,40.01,66254850,66254850,618,335,SUCCESS,306980,0,equal,1510784,1059328,0,785792,,,,,70,2,used,,,,20260910-0005
2026-09-10 01:43:37,HAUSP-UB[noEUCS],BMS1_SPMF,21,0,0.003500,0.000,0.010,1721903,13112,0,2108,2108,0,307,84,48169069,20,47946919,74,0.000000,0.042313,0.042444,99,0,40.42,48168752,48168752,599,335,SUCCESS,222148,0,equal,1575296,1104512,0,813696,,,,,74,2,used,,,,20260910-0005
2026-09-10 01:43:38,HAUSP-UB[noEUCS],BMS1_SPMF,22,0,0.003500,0.000,0.010,1783278,13708,0,1630,1630,0,235,64,36962222,21,36792362,74,0.000000,0.041543,0.041717,102,0,41.27,36961906,36961906,586,336,SUCCESS,169858,0,equal,1633152,1148192,0,874624,,,,,74,2,used,,,,20260910-0005
2026-09-10 01:43:40,HAUSP-UB[noEUCS],BMS1_SPMF,23,0,0.003500,0.000,0.010,1836989,14304,0,1315,1315,0,188,51,29663036,21,29527391,75,0.000000,0.041031,0.041251,102,0,41.64,29662719,29662719,575,336,SUCCESS,135643,0,equal,1682816,1190080,0,904064,,,,,75,2,used,,,,20260910-0005
2026-09-10 01:43:41,HAUSP-UB[noEUCS],BMS1_SPMF,24,0,0.003500,0.000,0.010,1898066,14900,0,1045,1045,0,148,40,23249121,21,23142834,80,0.000000,0.041002,0.041285,105,0,42.47,23248804,23248804,558,336,SUCCESS,106285,0,equal,1749376,1234048,0,929664,,,,,80,2,used,,,,20260910-0005
2026-09-10 01:43:42,HAUSP-UB[noEUCS],BMS1_SPMF,25,0,0.003500,0.000,0.010,1966121,15496,0,814,814,0,113,30,17805097,21,17723721,81,0.000000,0.041127,0.041499,103,0,42.86,17804780,17804780,552,336,SUCCESS,81374,0,equal,1811840,1279744,0,952704,,,,,81,2,used,,,,20260910-0005
2026-09-10 01:43:42,HAUSP-UB[noEUCS],BMS1_SPMF,26,0,0.003500,0.000,0.010,2026775,16092,0,659,659,0,91,24,14186899,21,14121861,81,0.000000,0.041317,0.041787,102,0,43.71,14186582,14186582,540,336,SUCCESS,65036,0,equal,1870208,1323072,0,980224,,,,,81,2,used,,,,20260910-0005
2026-09-10 01:43:43,HAUSP-UB[noEUCS],BMS1_SPMF,27,0,0.003500,0.000,0.010,2084129,16688,0,559,560,0,76,20,11912967,22,11858509,82,0.000000,0.041133,0.041700,101,0,44.09,11912651,11912651,530,337,SUCCESS,54456,0,equal,1929600,1364288,0,1003136,,,,,82,2,used,,,,20260910-0005
2026-09-10 01:43:43,HAUSP-UB[noEUCS],BMS1_SPMF,28,0,0.003500,0.000,0.010,2155787,17284,0,443,443,0,59,16,9256894,22,9214511,88,0.000000,0.041684,0.042418,99,0,45.02,9256577,9256577,518,337,SUCCESS,42381,0,equal,1991040,1409600,0,1053056,,,,,88,2,used,,,,20260910-0005
2026-09-10 01:43:44,HAUSP-UB[noEUCS],BMS1_SPMF,29,0,0.003500,0.000,0.010,2218851,17880,0,364,365,0,48,13,7484744,22,7450413,88,0.000000,0.042010,0.042919,98,0,45.43,7484427,7484427,509,337,SUCCESS,34329,0,equal,2058624,1449952,0,1086848,,,,,88,2,used,,,,20260910-0005
2026-09-10 01:43:44,HAUSP-UB[noEUCS],BMS1_SPMF,30,0,0.003500,0.000,0.010,2269108,18476,0,322,322,0,41,11,6503455,22,6473530,91,0.000000,0.042143,0.043194,95,0,46.31,6503138,6503138,501,337,SUCCESS,29923,0,equal,2121088,1481312,0,1098752,,,,,91,2,used,,,,20260910-0005
2026-09-10 01:43:44,HAUSP-UB[noEUCS],BMS1_SPMF,31,0,0.003500,0.000,0.010,2327502,19072,0,281,281,0,36,9,5614276,22,5588423,91,0.000000,0.042401,0.043627,94,0,46.64,5613959,5613959,488,337,SUCCESS,25851,0,equal,2167168,1517408,0,1114368,,,,,91,2,used,,,,20260910-0005
2026-09-10 01:43:44,HAUSP-UB[noEUCS],BMS1_SPMF,32,0,0.003500,0.000,0.010,2396082,19668,0,241,241,0,30,8,4761484,22,4739664,92,0.000000,0.042702,0.044166,94,0,47.56,4761167,4761167,478,337,SUCCESS,21818,0,equal,2219392,1563744,0,1135360,,,,,92,2,used,,,,20260910-0005
2026-09-10 01:43:45,HAUSP-UB[noEUCS],BMS1_SPMF,33,0,0.003500,0.000,0.010,2450953,20264,0,358,358,0,44,12,6857738,23,6826185,91,0.000000,0.038102,0.039114,96,0,47.97,6857421,6857421,498,337,SUCCESS,31550,0,equal,2269568,1602144,0,1187072,,,,,91,3,used,,,,20260910-0005
2026-09-10 01:43:45,HAUSP-UB[noEUCS],BMS1_SPMF,34,0,0.003500,0.000,0.010,2511121,20860,0,311,311,0,38,10,5867031,24,5840039,91,0.000000,0.038618,0.039810,94,0,48.89,5866715,5866715,490,338,SUCCESS,26989,0,equal,2322816,1642944,0,1198336,,,,,91,3,used,,,,20260910-0005
2026-09-10 01:43:45,HAUSP-UB[noEUCS],BMS1_SPMF,35,0,0.003500,0.000,0.010,2575831,21456,0,267,268,0,32,8,4968540,23,4945633,94,0.000000,0.039320,0.040734,96,0,49.29,4968224,4968224,480,338,SUCCESS,22906,0,equal,2379136,1687776,0,1228032,,,,,94,1,used,,,,20260910-0005
2026-09-10 01:43:46,HAUSP-UB[noEUCS],BMS1_SPMF,36,0,0.003500,0.000,0.010,2639503,22052,0,236,236,0,27,7,4293382,24,4273536,96,0.000000,0.040341,0.041986,98,0,50.29,4293066,4293066,470,338,SUCCESS,19844,0,equal,2434432,1732512,0,1261056,,,,,96,2,used,,,,20260910-0005
2026-09-10 01:43:46,HAUSP-UB[noEUCS],BMS1_SPMF,37,0,0.003500,0.000,0.010,2702565,22648,0,210,210,0,24,6,3763022,23,3745599,97,0.000000,0.040989,0.042875,97,0,50.68,3762706,3762706,465,338,SUCCESS,17422,0,equal,2508160,1778048,0,1272320,,,,,97,1,used,,,,20260910-0005
2026-09-10 01:43:46,HAUSP-UB[noEUCS],BMS1_SPMF,38,0,0.003500,0.000,0.010,2755834,23244,0,190,190,0,21,6,3350343,24,3334748,98,0.000000,0.041648,0.043769,98,0,51.71,3350027,3350027,459,338,SUCCESS,15593,0,equal,2565504,1817024,0,1305088,,,,,98,2,used,,,,20260910-0005
2026-09-10 01:43:46,HAUSP-UB[noEUCS],BMS1_SPMF,39,0,0.003500,0.000,0.010,2805280,23840,0,175,175,0,19,5,3046411,24,3032202,98,0.000000,0.042039,0.044379,97,0,52.11,3046095,3046095,455,338,SUCCESS,14207,0,equal,2637184,1844768,0,1332992,,,,,98,2,used,,,,20260910-0005
2026-09-10 01:43:46,HAUSP-UB[noEUCS],BMS1_SPMF,40,0,0.003500,0.000,0.010,2841639,24436,0,166,166,0,18,5,2857707,24,2844391,99,0.000000,0.042224,0.044728,96,0,53.14,2857391,2857391,453,338,SUCCESS,13314,0,equal,2688384,1867200,0,1363712,,,,,99,2,used,,,,20260910-0005
2026-09-10 01:43:47,HAUSP-UB[noEUCS],BMS1_SPMF,41,0,0.003500,0.000,0.010,2875934,25032,0,156,156,0,17,4,2674069,24,2661588,99,0.000000,0.042390,0.045073,96,0,53.50,2673753,2673753,451,338,SUCCESS,12479,0,equal,2756992,1891904,0,1378048,,,,,99,2,used,,,,20260910-0005
2026-09-10 01:43:47,HAUSP-UB[noEUCS],BMS1_SPMF,42,0,0.003500,0.000,0.010,2954137,25628,0,140,140,0,15,4,2346278,32,2335290,100,0.000000,0.043762,0.046819,93,0,54.84,2345971,2345971,455,347,SUCCESS,10987,0,equal,2777472,1943776,0,1442816,,,,,100,1,used,,,,20260910-0005
2026-09-10 01:43:47,HAUSP-UB[noEUCS],BMS1_SPMF,43,0,0.003500,0.000,0.010,3012443,26224,0,128,128,0,13,3,2111770,34,2101821,101,0.000000,0.044543,0.047932,93,0,55.38,2111455,2111455,443,348,SUCCESS,9947,0,equal,2832768,1986560,0,1552896,,,,,101,2,used,,,,20260910-0005
2026-09-10 01:43:47,HAUSP-UB[noEUCS],BMS1_SPMF,44,0,0.003500,0.000,0.010,3083839,26820,0,116,117,0,12,3,1883774,34,1874869,102,0.000000,0.046230,0.050032,94,0,56.48,1883458,1883458,440,348,SUCCESS,8903,0,equal,2883968,2035616,0,1569792,,,,,102,2,used,,,,20260910-0005
2026-09-10 01:43:47,HAUSP-UB[noEUCS],BMS1_SPMF,45,0,0.003500,0.000,0.010,3144497,27416,0,107,107,0,11,3,1693795,34,1685724,102,0.000000,0.047426,0.051646,94,0,56.85,1693479,1693479,435,348,SUCCESS,8069,0,equal,2935168,2078976,0,1596928,,,,,102,2,used,,,,20260910-0005
2026-09-10 01:43:47,HAUSP-UB[noEUCS],BMS1_SPMF,46,0,0.003500,0.000,0.010,3191272,28012,0,100,100,0,10,2,1559567,34,1552127,102,0.000000,0.048491,0.053078,91,0,57.98,1559251,1559251,434,348,SUCCESS,7438,0,equal,3008896,2114912,0,1598976,,,,,102,2,used,,,,20260910-0005
2026-09-10 01:43:47,HAUSP-UB[noEUCS],BMS1_SPMF,47,0,0.003500,0.000,0.010,3250455,28608,0,92,92,0,9,2,1409354,34,1402579,106,0.000000,0.050177,0.055227,91,0,58.44,1409038,1409038,428,348,SUCCESS,6773,0,equal,3096960,2157216,0,1634816,,,,,106,2,used,,,,20260910-0005
2026-09-10 01:43:47,HAUSP-UB[noEUCS],BMS1_SPMF,48,0,0.003500,0.000,0.010,3309969,29204,0,84,85,0,8,2,1262212,34,1256103,108,0.000000,0.051898,0.057515,95,0,59.65,1261897,1261897,420,348,SUCCESS,6108,0,equal,3148160,2201568,0,1677312,,,,,108,1,used,,,,20260910-0005
2026-09-10 01:43:47,HAUSP-UB[noEUCS],BMS1_SPMF,49,0,0.003500,0.000,0.010,3383968,29800,0,87,87,0,8,2,1265163,34,1259012,109,0.000000,0.051838,0.057406,94,0,60.04,1264847,1264847,417,348,SUCCESS,6149,0,equal,3191168,2255168,0,1715840,,,,,109,2,used,,,,20260910-0005
2026-09-10 01:43:48,HAUSP-UB[noEUCS],BMS1_SPMF,50,0,0.003500,0.000,0.010,3449412,30396,0,81,81,0,7,2,1143864,34,1138255,111,0.000000,0.053455,0.059590,94,0,61.32,1143548,1143548,409,348,SUCCESS,5607,0,equal,3223936,2300320,0,1794688,,,,,111,2,used,,,,20260910-0005
2026-09-10 01:43:48,HAUSP-UB[noEUCS],BMS1_SPMF,51,0,0.003500,0.000,0.010,3504606,30992,0,76,76,0,7,2,1059417,34,1054180,108,0.000000,0.054860,0.061448,94,0,61.77,1059100,1059100,406,348,SUCCESS,5234,0,equal,3326336,2343040,0,1815424,,,,,108,3,used,,,,20260910-0005
2026-09-10 01:43:48,HAUSP-UB[noEUCS],BMS1_SPMF,52,0,0.003500,0.000,0.010,3569386,31588,0,72,72,0,6,1,983369,35,978493,111,0.000000,0.056096,0.063124,95,0,63.03,983052,983052,399,348,SUCCESS,4872,0,equal,3398016,2385952,0,1829760,,,,,111,4,used,,,,20260910-0005
2026-09-10 01:43:48,HAUSP-UB[noEUCS],BMS1_SPMF,53,0,0.003500,0.000,0.010,3639555,32184,0,68,68,0,6,1,909419,69,904899,112,0.000000,0.057443,0.065007,94,0,63.49,909136,909136,426,383,SUCCESS,4516,0,equal,3244416,2435360,0,2102656,,,,,112,4,used,,,,20260910-0005
2026-09-10 01:43:48,HAUSP-UB[noEUCS],BMS1_SPMF,54,0,0.003500,0.000,0.010,3702982,32780,0,65,65,0,5,1,849642,71,845403,114,0.000000,0.058675,0.066733,94,0,64.75,849326,849326,390,385,SUCCESS,4235,0,equal,3295616,2476416,0,2123136,,,,,114,4,used,,,,20260910-0005
2026-09-10 01:43:48,HAUSP-UB[noEUCS],BMS1_SPMF,55,0,0.003500,0.000,0.010,3770245,33376,0,61,61,0,5,1,789988,72,786027,113,0.000000,0.059437,0.068054,93,0,65.16,789669,789669,384,385,SUCCESS,3955,0,equal,3373440,2520064,0,2148224,,,,,113,6,used,,,,20260910-0005
2026-09-10 01:43:48,HAUSP-UB[noEUCS],BMS1_SPMF,56,0,0.003500,0.000,0.010,3846930,33972,0,61,61,0,5,1,758143,72,754280,114,0.000000,0.060492,0.069125,93,0,66.54,757824,757824,386,385,SUCCESS,3857,0,equal,3453312,2572992,0,2178944,,,,,114,6,used,,,,20260910-0005
2026-09-10 01:43:48,HAUSP-UB[noEUCS],BMS1_SPMF,57,0,0.003500,0.000,0.010,3932244,34568,0,57,57,0,4,1,701147,74,697557,115,0.000000,0.062003,0.071169,94,0,67.00,700826,700826,380,387,SUCCESS,3580,0,equal,3527040,2626656,0,2223744,,,,,115,10,used,,,,20260910-0005
2026-09-10 01:43:48,HAUSP-UB[noEUCS],BMS1_SPMF,58,0,0.003500,0.000,0.010,4007082,35164,0,56,56,0,4,1,663009,74,659549,117,0.000000,0.063715,0.073173,93,0,68.40,662684,662684,376,387,SUCCESS,3448,0,equal,3602816,2679808,0,2253184,,,,,117,12,used,,,,20260910-0005
2026-09-10 01:43:48,HAUSP-UB[noEUCS],BMS1_SPMF,59,0,0.003500,0.000,0.010,4090185,35760,0,53,53,0,4,1,611388,74,608187,117,0.000000,0.064957,0.075240,94,0,68.69,611062,611062,369,387,SUCCESS,3188,0,equal,3602816,2728384,0,2286208,,,,,117,13,used,,,,20260910-0005
2026-09-10 01:43:48,HAUSP-UB[noEUCS],BMS1_SPMF,60,0,0.003500,0.000,0.010,4175952,36356,0,51,51,0,3,1,569972,76,566967,117,0.000000,0.066748,0.077701,94,0,70.42,569646,569646,368,388,SUCCESS,2990,0,equal,3680640,2782560,0,2337152,,,,,117,15,used,,,,20260910-0005
2026-09-10 01:43:48,HAUSP-UB[noEUCS],BMS1_SPMF,61,0,0.003500,0.000,0.010,4254726,36952,0,49,49,0,3,1,541750,73,538874,121,0.000000,0.068222,0.080006,96,0,70.99,541422,541422,364,388,SUCCESS,2863,0,equal,3809664,2838016,0,2376064,,,,,121,13,used,,,,20260910-0005
2026-09-10 01:43:48,HAUSP-UB[noEUCS],BMS1_SPMF,62,0,0.003500,0.000,0.010,4344297,37548,0,48,48,0,3,1,523423,72,520622,122,0.000000,0.069439,0.081742,98,0,49.30,523090,523090,361,388,SUCCESS,2784,0,equal,3817856,2895232,0,2445952,,,,,122,17,used,,,,20260910-0005
2026-09-10 01:43:48,HAUSP-UB[noEUCS],BMS1_SPMF,63,0,0.003500,0.000,0.010,4420375,38144,0,47,48,0,3,1,508169,72,505411,122,0.000000,0.069953,0.082515,98,0,49.52,507835,507835,359,388,SUCCESS,2740,0,equal,3910016,2946944,0,2452096,,,,,122,18,used,,,,20260910-0005
2026-09-10 01:43:48,HAUSP-UB[noEUCS],BMS1_SPMF,64,0,0.003500,0.000,0.010,4513322,38740,0,50,50,0,3,1,519955,72,517149,121,0.000000,0.070145,0.082336,98,0,51.29,519620,519620,360,388,SUCCESS,2787,0,equal,4000128,3005664,0,2486912,,,,,121,19,used,,,,20260910-0005
2026-09-10 01:43:48,HAUSP-UB[noEUCS],BMS1_SPMF,65,0,0.003500,0.000,0.010,4593176,39336,0,51,51,0,3,1,522978,72,520151,117,0.000000,0.069637,0.081560,98,0,51.90,522643,522643,358,388,SUCCESS,2808,0,equal,4151680,3058080,0,2550912,,,,,117,19,used,,,,20260910-0005
2026-09-10 01:43:48,HAUSP-UB[noEUCS],BMS1_SPMF,66,0,0.003500,0.000,0.010,4643200,39932,0,50,50,0,3,1,501806,72,499079,117,0.000000,0.070559,0.083042,98,0,53.11,501472,501472,358,388,SUCCESS,2709,0,equal,4151680,3086144,0,2557568,,,,,117,18,used,,,,20260910-0005
2026-09-10 01:43:48,HAUSP-UB[noEUCS],BMS1_SPMF,67,0,0.003500,0.000,0.010,4726459,40528,0,51,51,0,3,1,499285,74,496554,121,0.000000,0.070144,0.082551,99,0,53.14,498951,498951,355,388,SUCCESS,2711,0,equal,4249984,3141504,0,2621056,,,,,121,20,used,,,,20260910-0005
2026-09-10 01:43:49,HAUSP-UB[noEUCS],BMS1_SPMF,68,0,0.003500,0.000,0.010,4812108,41124,0,53,54,0,3,1,515620,75,512785,121,0.000000,0.068975,0.080896,99,0,55.16,515284,515284,352,388,SUCCESS,2812,0,equal,4319616,3195776,0,2660992,,,,,121,23,used,,,,20260910-0005
2026-09-10 01:43:49,HAUSP-UB[noEUCS],BMS1_SPMF,69,0,0.003500,0.000,0.010,4877213,41720,0,52,52,0,3,1,491632,75,488907,121,0.000000,0.069905,0.082380,100,0,55.16,491295,491295,349,388,SUCCESS,2701,0,equal,4409728,3241344,0,2676352,,,,,121,24,used,,,,20260910-0005
2026-09-10 01:43:49,HAUSP-UB[noEUCS],BMS1_SPMF,70,0,0.003500,0.000,0.010,4952255,42316,0,56,56,0,3,1,511851,76,509017,120,0.000000,0.069009,0.080947,101,0,56.89,511513,511513,350,388,SUCCESS,2808,0,equal,4483456,3294112,0,2696320,,,,,120,26,used,,,,20260910-0005
2026-09-10 01:43:49,HAUSP-UB[noEUCS],BMS1_SPMF,71,0,0.003500,0.000,0.010,5030391,42912,0,53,53,0,3,1,486437,77,483745,120,0.000000,0.069996,0.082598,98,0,57.48,486099,486099,349,389,SUCCESS,2665,0,equal,4630912,3343104,0,2727552,,,,,120,27,used,,,,20260910-0005
2026-09-10 01:43:49,HAUSP-UB[noEUCS],BMS1_SPMF,72,0,0.003500,0.000,0.010,5109064,43508,0,51,51,0,3,0,457293,75,454748,121,0.000000,0.071614,0.085126,97,0,58.77,456953,456953,346,389,SUCCESS,2519,0,equal,4630912,3393344,0,2768256,,,,,121,26,used,,,,20260910-0005
2026-09-10 01:43:49,HAUSP-UB[noEUCS],BMS1_SPMF,73,0,0.003500,0.000,0.010,5183945,44104,0,60,60,0,3,1,535675,74,532746,115,0.000000,0.066620,0.078233,97,0,58.99,535334,535334,348,389,SUCCESS,2903,0,equal,4688256,3440608,0,2774912,,,,,115,26,used,,,,20260910-0005
2026-09-10 01:43:49,HAUSP-UB[noEUCS],BMS1_SPMF,74,0,0.003500,0.000,0.010,5249916,44700,0,76,76,0,4,1,681415,74,677754,112,0.000000,0.059525,0.068683,97,0,60.79,681074,681074,350,389,SUCCESS,3635,0,equal,4749696,3486304,0,2801536,,,,,112,26,used,,,,20260910-0005
2026-09-10 01:43:49,HAUSP-UB[noEUCS],BMS1_SPMF,75,0,0.003500,0.000,0.010,5299490,45296,0,73,73,0,4,1,647363,74,643877,113,0.000000,0.060522,0.070177,97,0,60.79,647022,647022,348,389,SUCCESS,3460,0,equal,4823424,3518176,0,2810752,,,,,113,26,used,,,,20260910-0005
2026-09-10 01:43:49,HAUSP-UB[noEUCS],BMS1_SPMF,76,0,0.003500,0.000,0.010,5363477,45892,0,70,70,0,4,1,612533,72,609217,115,0.000000,0.061361,0.071926,95,0,62.62,612189,612189,345,389,SUCCESS,3289,0,equal,4917632,3561824,0,2832256,,,,,115,27,used,,,,20260910-0005
2026-09-10 01:43:49,HAUSP-UB[noEUCS],BMS1_SPMF,77,0,0.003500,0.000,0.010,5444535,46488,0,87,87,0,5,1,752915,71,748890,113,0.000000,0.056066,0.064637,96,0,62.65,752571,752571,347,389,SUCCESS,3999,0,equal,4995456,3615648,0,2844544,,,,,113,26,used,,,,20260910-0005
2026-09-10 01:43:49,HAUSP-UB[noEUCS],BMS1_SPMF,78,0,0.003500,0.000,0.010,5519830,47084,0,83,83,0,4,1,705417,71,701641,114,0.000000,0.056837,0.066004,94,0,64.79,705072,705072,345,389,SUCCESS,3749,0,equal,5052800,3663968,0,2880896,,,,,114,27,used,,,,20260910-0005
2026-09-10 01:43:49,HAUSP-UB[noEUCS],BMS1_SPMF,79,0,0.003500,0.000,0.010,5578380,47680,0,79,79,0,4,1,671378,72,667788,112,0.000000,0.057647,0.067303,93,0,64.79,671034,671034,344,389,SUCCESS,3563,0,equal,5122432,3699328,0,2902400,,,,,112,27,used,,,,20260910-0005
2026-09-10 01:43:49,HAUSP-UB[noEUCS],BMS1_SPMF,80,0,0.003500,0.000,0.010,5670506,48276,0,106,106,0,5,1,867593,87,862947,107,0.000000,0.050999,0.058390,93,0,69.60,867264,867264,358,405,SUCCESS,4619,0,equal,4983168,3753568,0,3136384,,,,,107,27,used,,,,20260910-0005
2026-09-10 01:43:50,HAUSP-UB[noEUCS],BMS1_SPMF,81,0,0.003500,0.000,0.010,5761596,48872,0,220,220,0,11,3,1742268,88,1732957,102,0.000000,0.041015,0.044659,93,0,70.17,1741922,1741922,343,407,SUCCESS,9282,0,equal,4999552,3813216,0,3186048,,,,,102,29,used,,,,20260910-0005
2026-09-10 01:43:50,HAUSP-UB[noEUCS],BMS1_SPMF,82,0,0.003500,0.000,0.010,5847417,49468,0,449,450,0,22,6,3280576,87,3262697,96,0.000000,0.038006,0.039893,94,0,71.75,3280228,3280228,356,407,SUCCESS,17851,0,equal,5069184,3871552,0,3192704,,,,,96,28,used,,,,20260910-0005
2026-09-10 01:43:51,HAUSP-UB[noEUCS],BMS1_SPMF,83,0,0.003500,0.000,0.010,5931483,50064,0,690,690,0,33,10,4838926,85,4812369,97,0.000000,0.038045,0.039338,94,0,72.56,4838577,4838577,367,407,SUCCESS,26530,0,equal,5224832,3927008,0,3250048,,,,,97,27,used,,,,20260910-0005
2026-09-10 01:43:52,HAUSP-UB[noEUCS],BMS1_SPMF,84,0,0.003500,0.000,0.010,6016431,50660,0,1142,1142,0,53,16,7663087,85,7619940,95,0.000000,0.037006,0.037798,94,0,74.15,7662739,7662739,375,407,SUCCESS,43121,0,equal,5224832,3979232,0,3296128,,,,,95,26,used,,,,20260910-0005
2026-09-10 01:43:56,HAUSP-UB[noEUCS],BMS1_SPMF,85,0,0.003500,0.000,0.010,6115884,51256,0,4408,4408,0,184,58,25984698,84,25830493,94,0.000000,0.038742,0.038959,94,0,74.15,25984348,25984348,417,407,SUCCESS,154178,0,equal,5302656,4042432,0,3305472,,,,,94,27,used,,,,20260910-0005
2026-09-10 01:44:17,HAUSP-UB[noEUCS],BMS1_SPMF,86,0,0.003500,0.000,0.010,6209225,51852,0,20853,20853,0,776,261,106585503,85,105903106,88,0.000000,0.041297,0.041346,92,0,76.14,106585153,106585153,461,408,SUCCESS,682369,0,equal,5347712,4103392,0,3354624,,,,,88,28,used,,,,20260910-0005
2026-09-10 01:44:46,HAUSP-UB[noEUCS],BMS1_SPMF,87,0,0.003500,0.000,0.010,6279327,52448,0,28739,28739,0,1031,349,140390395,85,139477317,88,0.000000,0.041618,0.041654,93,0,76.76,140390044,140390044,472,408,SUCCESS,913050,0,equal,5551488,4152032,0,3400704,,,,,88,28,used,,,,20260910-0005
2026-09-10 01:45:11,HAUSP-UB[noEUCS],BMS1_SPMF,88,0,0.003500,0.000,0.010,6355924,53044,0,25489,25490,0,913,308,124934801,95,124129179,88,0.000000,0.041210,0.041251,93,0,78.86,124934460,124934460,475,418,SUCCESS,805594,0,equal,5510528,4201568,0,3542528,,,,,88,28,used,,,,20260910-0005
2026-09-10 01:45:34,HAUSP-UB[noEUCS],BMS1_SPMF,89,0,0.003500,0.000,0.010,6439841,53640,0,22220,22220,0,794,267,108863400,95,108164910,87,0.000000,0.040923,0.040970,92,0,79.44,108863049,108863049,460,418,SUCCESS,698462,0,equal,5653888,4254464,0,3563008,,,,,87,28,used,,,,20260910-0005
2026-09-10 01:46:03,HAUSP-UB[noEUCS],BMS1_SPMF,90,0,0.003500,0.000,0.010,6521109,54236,0,29645,29645,0,1022,348,139039311,95,138132937,87,0.000000,0.041056,0.041093,92,0,81.73,139038958,139038958,471,418,SUCCESS,906344,0,equal,5913984,4313184,0,3617536,,,,,87,30,used,,,,20260910-0005
2026-09-10 01:46:30,HAUSP-UB[noEUCS],BMS1_SPMF,91,0,0.003500,0.000,0.010,6593646,54832,0,26622,26622,0,916,312,125134660,98,124325434,85,0.000000,0.040673,0.040714,92,0,82.34,125134305,125134305,466,419,SUCCESS,809191,0,equal,6067584,4363904,0,3633408,,,,,85,35,used,,,,20260910-0005
2026-09-10 01:46:53,HAUSP-UB[noEUCS],BMS1_SPMF,92,0,0.003500,0.000,0.010,6680680,55428,0,23252,23253,0,797,270,109107772,93,108405624,89,0.000000,0.040379,0.040427,92,0,84.26,109107414,109107414,460,419,SUCCESS,702116,0,equal,6088064,4420160,0,3678464,,,,,89,32,used,,,,20260910-0005
2026-09-10 01:47:14,HAUSP-UB[noEUCS],BMS1_SPMF,93,0,0.003500,0.000,0.010,6751104,56024,0,20762,20763,0,708,239,97258777,93,96635123,90,0.000000,0.040227,0.040282,92,0,84.84,97258418,97258418,452,419,SUCCESS,623621,0,equal,6282624,4466048,0,3691776,,,,,90,33,used,,,,20260910-0005
2026-09-10 01:47:33,HAUSP-UB[noEUCS],BMS1_SPMF,94,0,0.003500,0.000,0.010,6820246,56620,0,18541,18541,0,634,212,86886902,94,86332299,90,0.000000,0.039878,0.039940,93,0,86.74,86886543,86886543,449,419,SUCCESS,554569,0,equal,6380928,4514464,0,3713280,,,,,90,34,used,,,,20260910-0005
2026-09-10 01:47:49,HAUSP-UB[noEUCS],BMS1_SPMF,95,0,0.003500,0.000,0.010,6894538,57216,0,16402,16402,0,559,186,76666613,94,76178999,89,0.000000,0.039617,0.039688,93,0,86.74,76666253,76666253,447,419,SUCCESS,487579,0,equal,6413696,4564224,0,3721472,,,,,89,35,used,,,,20260910-0005
2026-09-10 01:48:04,HAUSP-UB[noEUCS],BMS1_SPMF,96,0,0.003500,0.000,0.010,6963424,57812,0,14596,14597,0,495,165,68186110,94,67754228,89,0.000000,0.039271,0.039351,93,0,88.89,68185748,68185748,441,419,SUCCESS,431845,0,equal,6507904,4612448,0,3763968,,,,,89,37,used,,,,20260910-0005
2026-09-10 01:48:16,HAUSP-UB[noEUCS],BMS1_SPMF,97,0,0.003500,0.000,0.010,7043908,58408,0,12678,12678,0,431,143,59412776,165,59037961,93,0.000000,0.038840,0.038934,93,0,92.57,59412486,59412486,509,492,SUCCESS,374779,0,equal,5567872,4667712,0,4804352,,,,,93,36,used,,,,20260910-0005
2026-09-10 01:48:43,HAUSP-UB[noEUCS],BMS1_SPMF,98,0,0.003500,0.000,0.010,7144788,59004,0,27099,27100,0,863,293,117179922,168,116411918,86,0.000000,0.039996,0.040041,93,0,94.98,117179561,117179561,463,494,SUCCESS,767967,0,equal,5619072,4733056,0,4853504,,,,,86,37,used,,,,20260910-0005
2026-09-10 01:49:07,HAUSP-UB[noEUCS],BMS1_SPMF,99,0,0.003500,0.000,0.010,7229030,59601,0,23908,23908,0,758,258,103110382,170,102437014,87,0.000000,0.039763,0.039814,93,0,95.62,103110021,103110021,457,497,SUCCESS,673331,0,equal,5759360,4788416,0,4931328,,,,,87,37,used,,,,20260910-0005
2026-09-10 02:21:43,HAUSP-UB[noEUCS],BMS1_SPMF,0,1,0.003500,0.000,0.010,126563,596,0,1954377,1954378,0,486942,313740,36744702979,10,35928981580,41188,0.000000,0.170891,0.170891,756517,0,33.55,36744702985,36744701968,1017,262,SUCCESS,815721395,0,equal,33920,73920,0,57344,,,,,41188,4,used,,,,20260910-0005
2026-09-10 02:22:20,HAUSP-UB[noEUCS],BMS1_SPMF,1,1,0.003500,0.000,0.010,203583,1192,0,37154,37154,0,9008,4690,929476331,11,917294223,213,0.000000,0.106458,0.106460,1416,0,33.55,929476075,929476075,581,263,SUCCESS,12182103,0,equal,99456,125824,0,91520,,,,,213,5,used,,,,20260910-0005
2026-09-10 02:22:24,HAUSP-UB[noEUCS],BMS1_SPMF,2,1,0.003500,0.000,0.010,280938,1788,0,3959,3959,0,952,467,105245522,15,104033402,59,0.000000,0.075162,0.075184,233,0,34.20,105245264,105245264,438,263,SUCCESS,1212110,0,equal,113536,173696,0,125440,,,,,59,10,used,,,,20260910-0005
2026-09-10 02:22:25,HAUSP-UB[noEUCS],BMS1_SPMF,3,1,0.003500,0.000,0.010,345970,2384,0,732,732,0,174,84,19461804,17,19242083,51,0.000000,0.061704,0.061826,153,0,34.20,19461547,19461547,357,263,SUCCESS,219710,0,equal,142080,217056,0,153856,,,,,51,11,used,,,,20260910-0005
2026-09-10 02:22:25,HAUSP-UB[noEUCS],BMS1_SPMF,4,1,0.003500,0.000,0.010,404311,2980,0,217,217,0,50,24,5705564,19,5641541,66,0.000000,0.056077,0.056512,126,0,34.85,5705310,5705310,310,264,SUCCESS,64013,0,equal,176640,256608,0,187264,,,,,66,10,used,,,,20260910-0005
2026-09-10 02:22:25,HAUSP-UB[noEUCS],BMS1_SPMF,5,1,0.003500,0.000,0.010,472794,3576,0,70,70,0,16,7,1776256,25,1756373,64,0.000000,0.056175,0.057599,115,0,35.09,1776003,1776003,315,264,SUCCESS,19869,0,equal,205184,298656,0,216320,,,,,64,14,used,,,,20260910-0005
2026-09-10 02:22:25,HAUSP-UB[noEUCS],BMS1_SPMF,6,1,0.003500,0.000,0.010,543172,4172,0,32,32,0,6,3,778220,27,769620,71,0.000000,0.062082,0.065410,116,0,35.73,777970,777970,278,264,SUCCESS,8587,0,equal,239232,344192,0,245632,,,,,71,13,used,,,,20260910-0005
2026-09-10 02:22:25,HAUSP-UB[noEUCS],BMS1_SPMF,7,1,0.003500,0.000,0.010,621784,4768,0,27,28,0,5,2,601797,25,594733,69,0.000000,0.069202,0.073251,112,0,35.73,601548,601548,274,264,SUCCESS,7054,0,equal,283776,394496,0,287232,,,,,69,10,used,,,,20260910-0005
2026-09-10 02:22:25,HAUSP-UB[noEUCS],BMS1_SPMF,8,1,0.003500,0.000,0.010,687408,5364,0,19,20,0,3,1,403425,21,398781,72,0.000000,0.077224,0.083551,113,0,36.39,403173,403173,261,264,SUCCESS,4635,0,equal,330368,439584,0,313216,,,,,72,9,used,,,,20260910-0005
2026-09-10 02:22:25,HAUSP-UB[noEUCS],BMS1_SPMF,9,1,0.003500,0.000,0.010,785659,5960,0,16,16,0,2,1,305151,58,301627,93,0.000000,0.084757,0.093462,116,0,39.59,304918,304918,304,314,SUCCESS,3497,0,equal,320384,499136,0,392448,,,,,93,27,used,,,,20260910-0005
2026-09-10 02:22:25,HAUSP-UB[noEUCS],BMS1_SPMF,10,1,0.003500,0.000,0.010,874499,6556,0,22,23,0,3,1,448036,54,443483,94,0.000000,0.087313,0.094663,117,0,40.23,447753,447753,303,320,SUCCESS,4530,0,equal,362112,554976,0,436608,,,,,94,23,used,,,,20260910-0005
2026-09-10 02:22:25,HAUSP-UB[noEUCS],BMS1_SPMF,11,1,0.003500,0.000,0.010,961710,7152,0,18,18,0,2,1,340712,59,337363,89,0.000000,0.092705,0.103098,109,0,40.23,340417,340417,294,325,SUCCESS,3315,0,equal,423552,610848,0,469632,,,,,89,34,used,,,,20260910-0005
2026-09-10 02:22:25,HAUSP-UB[noEUCS],BMS1_SPMF,12,1,0.003500,0.000,0.010,1041125,7748,0,14,15,0,2,1,265871,67,263258,91,0.000000,0.097791,0.111193,114,0,41.04,265572,265572,282,328,SUCCESS,2572,0,equal,489088,659200,0,506112,,,,,91,41,used,,,,20260910-0005
2026-09-10 02:23:21,HAUSP-UB[noEUCS],BMS1_SPMF,13,1,0.003500,0.000,0.010,1170587,8344,0,56042,56042,0,8978,2511,1387787831,14,1381270834,55,0.000000,0.049310,0.049314,117,0,41.68,1387787517,1387787390,816,331,SUCCESS,6516997,0,equal,598272,740960,0,562816,,,,,55,0,used,,,,20260910-0005
2026-09-10 02:23:53,HAUSP-UB[noEUCS],BMS1_SPMF,14,1,0.003500,0.000,0.010,1240785,8940,0,31661,31662,0,5019,1405,775548332,15,771901315,58,0.000000,0.046370,0.046377,112,0,42.81,775548016,775548016,776,332,SUCCESS,3647017,0,equal,884608,787360,0,593024,,,,,58,0,used,,,,20260910-0005
2026-09-10 02:24:13,HAUSP-UB[noEUCS],BMS1_SPMF,15,1,0.003500,0.000,0.010,1298090,9536,0,20301,20301,0,3192,887,493826832,17,491521814,60,0.000000,0.045122,0.045134,111,0,43.45,493826516,493826516,747,333,SUCCESS,2305017,0,equal,1036672,830016,0,640128,,,,,60,1,used,,,,20260910-0005
2026-09-10 02:24:26,HAUSP-UB[noEUCS],BMS1_SPMF,16,1,0.003500,0.000,0.010,1356584,10132,0,13165,13165,0,2054,567,317851719,17,316378351,63,0.000000,0.044356,0.044375,108,0,44.09,317851402,317851402,721,333,SUCCESS,1473367,0,equal,1132928,872224,0,667776,,,,,63,1,used,,,,20260910-0005
2026-09-10 02:24:35,HAUSP-UB[noEUCS],BMS1_SPMF,17,1,0.003500,0.000,0.010,1424086,10728,0,8336,8336,0,1288,355,199187972,18,198269495,66,0.000000,0.042588,0.042619,104,0,44.09,199187656,199187656,695,334,SUCCESS,918476,0,equal,1195904,913792,0,706688,,,,,66,1,used,,,,20260910-0005
2026-09-10 02:24:41,HAUSP-UB[noEUCS],BMS1_SPMF,18,1,0.003500,0.000,0.010,1513062,11324,0,6227,6227,0,937,258,144720988,19,144048313,67,0.000000,0.043566,0.043608,104,0,44.92,144720672,144720672,659,335,SUCCESS,672674,0,equal,1273728,971328,0,748544,,,,,67,1,used,,,,20260910-0005
2026-09-10 02:24:45,HAUSP-UB[noEUCS],BMS1_SPMF,19,1,0.003500,0.000,0.010,1577987,11920,0,4381,4381,0,652,180,100789904,19,100321836,67,0.000000,0.043005,0.043066,100,0,45.16,100789587,100789587,643,335,SUCCESS,468067,0,equal,1359232,1012928,0,764416,,,,,67,1,used,,,,20260910-0005
2026-09-10 02:24:48,HAUSP-UB[noEUCS],BMS1_SPMF,20,1,0.003500,0.000,0.010,1653495,12516,0,2885,2885,0,422,118,66255167,20,65948185,70,0.000000,0.042755,0.042851,98,0,39.69,66254850,66254850,618,335,SUCCESS,306980,0,equal,1510784,1059328,0,785792,,,,,70,2,used,,,,20260910-0005
2026-09-10 02:24:50,HAUSP-UB[noEUCS],BMS1_SPMF,21,1,0.003500,0.000,0.010,1721903,13112,0,2122,2122,0,307,85,48169069,20,47946919,74,0.000000,0.042313,0.042444,99,0,40.10,48168752,48168752,599,335,SUCCESS,222148,0,equal,1575296,1104512,0,813696,,,,,74,2,used,,,,20260910-0005
2026-09-10 02:24:52,HAUSP-UB[noEUCS],BMS1_SPMF,22,1,0.003500,0.000,0.010,1783278,13708,0,1640,1641,0,235,65,36962222,21,36792362,74,0.000000,0.041543,0.041717,102,0,40.95,36961906,36961906,586,336,SUCCESS,169858,0,equal,1633152,1148192,0,874624,,,,,74,2,used,,,,20260910-0005
2026-09-10 02:24:53,HAUSP-UB[noEUCS],BMS1_SPMF,23,1,0.003500,0.000,0.010,1836989,14304,0,1324,1324,0,188,51,29663036,21,29527391,75,0.000000,0.041031,0.041251,102,0,41.32,29662719,29662719,575,336,SUCCESS,135643,0,equal,1682816,1190080,0,904064,,,,,75,2,used,,,,20260910-0005
2026-09-10 02:24:54,HAUSP-UB[noEUCS],BMS1_SPMF,24,1,0.003500,0.000,0.010,1898066,14900,0,1052,1052,0,148,40,23249121,21,23142834,80,0.000000,0.041002,0.041285,105,0,42.15,23248804,23248804,558,336,SUCCESS,106285,0,equal,1749376,1234048,0,929664,,,,,80,2,used,,,,20260910-0005
2026-09-10 02:24:55,HAUSP-UB[noEUCS],BMS1_SPMF,25,1,0.003500,0.000,0.010,1966121,15496,0,819,820,0,113,30,17805097,21,17723721,81,0.000000,0.041127,0.041499,103,0,42.54,17804780,17804780,552,336,SUCCESS,81374,0,equal,1811840,1279744,0,952704,,,,,81,2,used,,,,20260910-0005
2026-09-10 02:24:56,HAUSP-UB[noEUCS],BMS1_SPMF,26,1,0.003500,0.000,0.010,2026775,16092,0,663,664,0,91,24,14186899,21,14121861,81,0.000000,0.041317,0.041787,102,0,43.39,14186582,14186582,540,336,SUCCESS,65036,0,equal,1870208,1323072,0,980224,,,,,81,2,used,,,,20260910-0005
2026-09-10 02:24:56,HAUSP-UB[noEUCS],BMS1_SPMF,27,1,0.003500,0.000,0.010,2084129,16688,0,564,564,0,76,20,11912967,22,11858509,82,0.000000,0.041133,0.041700,101,0,43.77,11912651,11912651,530,337,SUCCESS,54456,0,equal,1929600,1364288,0,1003136,,,,,82,2,used,,,,20260910-0005
2026-09-10 02:24:57,HAUSP-UB[noEUCS],BMS1_SPMF,28,1,0.003500,0.000,0.010,2155787,17284,0,446,446,0,59,16,9256894,22,9214511,88,0.000000,0.041684,0.042418,99,0,44.70,9256577,9256577,518,337,SUCCESS,42381,0,equal,1991040,1409600,0,1053056,,,,,88,2,used,,,,20260910-0005
2026-09-10 02:24:57,HAUSP-UB[noEUCS],BMS1_SPMF,29,1,0.003500,0.000,0.010,2218851,17880,0,367,367,0,48,13,7484744,22,7450413,88,0.000000,0.042010,0.042919,98,0,45.11,7484427,7484427,509,337,SUCCESS,34329,0,equal,2058624,1449952,0,1086848,,,,,88,2,used,,,,20260910-0005
2026-09-10 02:24:58,HAUSP-UB[noEUCS],BMS1_SPMF,30,1,0.003500,0.000,0.010,2269108,18476,0,324,324,0,41,11,6503455,22,6473530,91,0.000000,0.042143,0.043194,95,0,45.99,6503138,6503138,501,337,SUCCESS,29923,0,equal,2121088,1481312,0,1098752,,,,,91,2,used,,,,20260910-0005
2026-09-10 02:24:58,HAUSP-UB[noEUCS],BMS1_SPMF,31,1,0.003500,0.000,0.010,2327502,19072,0,283,283,0,36,10,5614276,22,5588423,91,0.000000,0.042401,0.043627,94,0,46.32,5613959,5613959,488,337,SUCCESS,25851,0,equal,2167168,1517408,0,1114368,,,,,91,2,used,,,,20260910-0005
2026-09-10 02:24:58,HAUSP-UB[noEUCS],BMS1_SPMF,32,1,0.003500,0.000,0.010,2396082,19668,0,243,243,0,30,8,4761484,22,4739664,92,0.000000,0.042702,0.044166,94,0,47.24,4761167,4761167,478,337,SUCCESS,21818,0,equal,2219392,1563744,0,1135360,,,,,92,2,used,,,,20260910-0005
2026-09-10 02:24:58,HAUSP-UB[noEUCS],BMS1_SPMF,33,1,0.003500,0.000,0.010,2450953,20264,0,361,361,0,44,12,6857738,23,6826185,91,0.000000,0.038102,0.039114,96,0,47.65,6857421,6857421,498,337,SUCCESS,31550,0,equal,2269568,1602144,0,1187072,,,,,91,3,used,,,,20260910-0005
2026-09-10 02:24:59,HAUSP-UB[noEUCS],BMS1_SPMF,34,1,0.003500,0.000,0.010,2511121,20860,0,312,313,0,38,10,5867031,24,5840039,91,0.000000,0.038618,0.039810,94,0,48.58,5866715,5866715,490,338,SUCCESS,26989,0,equal,2322816,1642944,0,1198336,,,,,91,3,used,,,,20260910-0005
2026-09-10 02:24:59,HAUSP-UB[noEUCS],BMS1_SPMF,35,1,0.003500,0.000,0.010,2575831,21456,0,269,269,0,32,8,4968540,23,4945633,94,0.000000,0.039320,0.040734,96,0,48.97,4968224,4968224,480,338,SUCCESS,22906,0,equal,2379136,1687776,0,1228032,,,,,94,1,used,,,,20260910-0005
2026-09-10 02:24:59,HAUSP-UB[noEUCS],BMS1_SPMF,36,1,0.003500,0.000,0.010,2639503,22052,0,237,237,0,27,7,4293382,24,4273536,96,0.000000,0.040341,0.041986,98,0,49.98,4293066,4293066,470,338,SUCCESS,19844,0,equal,2434432,1732512,0,1261056,,,,,96,2,used,,,,20260910-0005
2026-09-10 02:24:59,HAUSP-UB[noEUCS],BMS1_SPMF,37,1,0.003500,0.000,0.010,2702565,22648,0,211,211,0,24,6,3763022,23,3745599,97,0.000000,0.040989,0.042875,97,0,50.36,3762706,3762706,465,338,SUCCESS,17422,0,equal,2508160,1778048,0,1272320,,,,,97,1,used,,,,20260910-0005
2026-09-10 02:25:00,HAUSP-UB[noEUCS],BMS1_SPMF,38,1,0.003500,0.000,0.010,2755834,23244,0,191,191,0,21,5,3350343,24,3334748,98,0.000000,0.041648,0.043769,98,0,51.40,3350027,3350027,459,338,SUCCESS,15593,0,equal,2565504,1817024,0,1305088,,,,,98,2,used,,,,20260910-0005
2026-09-10 02:25:00,HAUSP-UB[noEUCS],BMS1_SPMF,39,1,0.003500,0.000,0.010,2805280,23840,0,176,176,0,19,5,3046411,24,3032202,98,0.000000,0.042039,0.044379,97,0,51.79,3046095,3046095,455,338,SUCCESS,14207,0,equal,2637184,1844768,0,1332992,,,,,98,2,used,,,,20260910-0005
2026-09-10 02:25:00,HAUSP-UB[noEUCS],BMS1_SPMF,40,1,0.003500,0.000,0.010,2841639,24436,0,167,167,0,18,5,2857707,24,2844391,99,0.000000,0.042224,0.044728,96,0,52.83,2857391,2857391,453,338,SUCCESS,13314,0,equal,2688384,1867200,0,1363712,,,,,99,2,used,,,,20260910-0005
2026-09-10 02:25:00,HAUSP-UB[noEUCS],BMS1_SPMF,41,1,0.003500,0.000,0.010,2875934,25032,0,157,157,0,17,4,2674069,24,2661588,99,0.000000,0.042390,0.045073,96,0,53.18,2673753,2673753,451,338,SUCCESS,12479,0,equal,2756992,1891904,0,1378048,,,,,99,2,used,,,,20260910-0005
2026-09-10 02:25:00,HAUSP-UB[noEUCS],BMS1_SPMF,42,1,0.003500,0.000,0.010,2954137,25628,0,140,140,0,15,4,2346278,32,2335290,100,0.000000,0.043762,0.046819,93,0,54.52,2345971,2345971,455,347,SUCCESS,10987,0,equal,2777472,1943776,0,1442816,,,,,100,1,used,,,,20260910-0005
2026-09-10 02:25:00,HAUSP-UB[noEUCS],BMS1_SPMF,43,1,0.003500,0.000,0.010,3012443,26224,0,128,129,0,13,3,2111770,34,2101821,101,0.000000,0.044543,0.047932,93,0,55.06,2111455,2111455,443,348,SUCCESS,9947,0,equal,2832768,1986560,0,1552896,,,,,101,2,used,,,,20260910-0005
2026-09-10 02:25:01,HAUSP-UB[noEUCS],BMS1_SPMF,44,1,0.003500,0.000,0.010,3083839,26820,0,113,113,0,12,3,1883774,34,1874869,102,0.000000,0.046230,0.050032,94,0,45.54,1883458,1883458,440,348,SUCCESS,8903,0,equal,2832768,2035616,0,1569792,,,,,102,2,used,,,,20260910-0005
2026-09-10 02:25:01,HAUSP-UB[noEUCS],BMS1_SPMF,45,1,0.003500,0.000,0.010,3144497,27416,0,104,104,0,11,3,1693795,34,1685724,102,0.000000,0.047426,0.051646,94,0,45.90,1693479,1693479,435,348,SUCCESS,8069,0,equal,2883968,2078976,0,1596928,,,,,102,2,used,,,,20260910-0005
2026-09-10 02:25:01,HAUSP-UB[noEUCS],BMS1_SPMF,46,1,0.003500,0.000,0.010,3191272,28012,0,97,97,0,10,2,1559567,34,1552127,102,0.000000,0.048491,0.053078,91,0,46.95,1559251,1559251,434,348,SUCCESS,7438,0,equal,2935168,2114912,0,1598976,,,,,102,2,used,,,,20260910-0005
2026-09-10 02:25:01,HAUSP-UB[noEUCS],BMS1_SPMF,47,1,0.003500,0.000,0.010,3250455,28608,0,90,90,0,9,2,1409354,34,1402579,106,0.000000,0.050177,0.055227,91,0,47.23,1409038,1409038,428,348,SUCCESS,6773,0,equal,3027328,2157216,0,1634816,,,,,106,2,used,,,,20260910-0005
2026-09-10 02:25:01,HAUSP-UB[noEUCS],BMS1_SPMF,48,1,0.003500,0.000,0.010,3309969,29204,0,82,82,0,8,2,1262212,34,1256103,108,0.000000,0.051898,0.057515,95,0,48.43,1261897,1261897,420,348,SUCCESS,6108,0,equal,3096960,2201568,0,1677312,,,,,108,1,used,,,,20260910-0005
2026-09-10 02:25:01,HAUSP-UB[noEUCS],BMS1_SPMF,49,1,0.003500,0.000,0.010,3383968,29800,0,85,85,0,8,2,1265163,34,1259012,109,0.000000,0.051838,0.057406,94,0,48.72,1264847,1264847,417,348,SUCCESS,6149,0,equal,3148160,2255168,0,1715840,,,,,109,2,used,,,,20260910-0005
2026-09-10 02:25:01,HAUSP-UB[noEUCS],BMS1_SPMF,50,1,0.003500,0.000,0.010,3449412,30396,0,79,79,0,7,2,1143864,34,1138255,111,0.000000,0.053455,0.059590,94,0,50.24,1143548,1143548,409,348,SUCCESS,5607,0,equal,3223936,2300320,0,1794688,,,,,111,2,used,,,,20260910-0005
2026-09-10 02:25:01,HAUSP-UB[noEUCS],BMS1_SPMF,51,1,0.003500,0.000,0.010,3504606,30992,0,74,74,0,7,2,1059417,34,1054180,108,0.000000,0.054860,0.061448,94,0,50.54,1059100,1059100,406,348,SUCCESS,5234,0,equal,3326336,2343040,0,1815424,,,,,108,3,used,,,,20260910-0005
2026-09-10 02:25:01,HAUSP-UB[noEUCS],BMS1_SPMF,52,1,0.003500,0.000,0.010,3569386,31588,0,70,70,0,6,1,983369,35,978493,111,0.000000,0.056096,0.063124,95,0,51.67,983052,983052,399,348,SUCCESS,4872,0,equal,3326336,2385952,0,1829760,,,,,111,4,used,,,,20260910-0005
2026-09-10 02:25:01,HAUSP-UB[noEUCS],BMS1_SPMF,53,1,0.003500,0.000,0.010,3639555,32184,0,66,66,0,6,1,909419,69,904899,112,0.000000,0.057443,0.065007,94,0,51.96,909136,909136,426,383,SUCCESS,4516,0,equal,3162496,2435360,0,2102656,,,,,112,4,used,,,,20260910-0005
2026-09-10 02:25:01,HAUSP-UB[noEUCS],BMS1_SPMF,54,1,0.003500,0.000,0.010,3702982,32780,0,63,63,0,5,1,849642,71,845403,114,0.000000,0.058675,0.066733,94,0,53.26,849326,849326,390,385,SUCCESS,4235,0,equal,3238272,2476416,0,2123136,,,,,114,4,used,,,,20260910-0005
2026-09-10 02:25:01,HAUSP-UB[noEUCS],BMS1_SPMF,55,1,0.003500,0.000,0.010,3770245,33376,0,59,59,0,5,1,789988,72,786027,113,0.000000,0.059437,0.068054,93,0,53.55,789669,789669,384,385,SUCCESS,3955,0,equal,3307904,2520064,0,2148224,,,,,113,6,used,,,,20260910-0005
2026-09-10 02:25:01,HAUSP-UB[noEUCS],BMS1_SPMF,56,1,0.003500,0.000,0.010,3846930,33972,0,59,59,0,5,1,758143,72,754280,114,0.000000,0.060492,0.069125,93,0,54.87,757824,757824,386,385,SUCCESS,3857,0,equal,3383680,2572992,0,2178944,,,,,114,6,used,,,,20260910-0005
2026-09-10 02:25:02,HAUSP-UB[noEUCS],BMS1_SPMF,57,1,0.003500,0.000,0.010,3932244,34568,0,56,56,0,4,1,701147,74,697557,115,0.000000,0.062003,0.071169,94,0,55.48,700826,700826,380,387,SUCCESS,3580,0,equal,3527040,2626656,0,2223744,,,,,115,10,used,,,,20260910-0005
2026-09-10 02:25:02,HAUSP-UB[noEUCS],BMS1_SPMF,58,1,0.003500,0.000,0.010,4007082,35164,0,55,55,0,4,1,663009,74,659549,117,0.000000,0.063715,0.073173,93,0,56.73,662684,662684,376,387,SUCCESS,3448,0,equal,3527040,2679808,0,2253184,,,,,117,12,used,,,,20260910-0005
2026-09-10 02:25:02,HAUSP-UB[noEUCS],BMS1_SPMF,59,1,0.003500,0.000,0.010,4090185,35760,0,52,52,0,4,1,611388,74,608187,117,0.000000,0.064957,0.075240,94,0,57.02,611062,611062,369,387,SUCCESS,3188,0,equal,3602816,2728384,0,2286208,,,,,117,13,used,,,,20260910-0005
2026-09-10 02:25:02,HAUSP-UB[noEUCS],BMS1_SPMF,60,1,0.003500,0.000,0.010,4175952,36356,0,50,50,0,3,1,569972,76,566967,117,0.000000,0.066748,0.077701,94,0,58.62,569646,569646,368,388,SUCCESS,2990,0,equal,3676544,2782560,0,2337152,,,,,117,15,used,,,,20260910-0005
2026-09-10 02:25:02,HAUSP-UB[noEUCS],BMS1_SPMF,61,1,0.003500,0.000,0.010,4254726,36952,0,48,48,0,3,1,541750,73,538874,121,0.000000,0.068222,0.080006,96,0,58.94,541422,541422,364,388,SUCCESS,2863,0,equal,3809664,2838016,0,2376064,,,,,121,13,used,,,,20260910-0005
2026-09-10 02:25:02,HAUSP-UB[noEUCS],BMS1_SPMF,62,1,0.003500,0.000,0.010,4344297,37548,0,48,48,0,3,1,523423,72,520622,122,0.000000,0.069439,0.081742,98,0,60.54,523090,523090,361,388,SUCCESS,2784,0,equal,3910016,2895232,0,2445952,,,,,122,17,used,,,,20260910-0005
2026-09-10 02:25:02,HAUSP-UB[noEUCS],BMS1_SPMF,63,1,0.003500,0.000,0.010,4420375,38144,0,49,49,0,3,1,508169,72,505411,122,0.000000,0.069953,0.082515,98,0,49.65,507835,507835,359,388,SUCCESS,2740,0,equal,3910016,2946944,0,2452096,,,,,122,18,used,,,,20260910-0005
2026-09-10 02:25:02,HAUSP-UB[noEUCS],BMS1_SPMF,64,1,0.003500,0.000,0.010,4513322,38740,0,50,50,0,3,1,519955,72,517149,121,0.000000,0.070145,0.082336,98,0,51.26,519620,519620,360,388,SUCCESS,2787,0,equal,4000128,3005664,0,2486912,,,,,121,19,used,,,,20260910-0005
2026-09-10 02:25:02,HAUSP-UB[noEUCS],BMS1_SPMF,65,1,0.003500,0.000,0.010,4593176,39336,0,52,52,0,3,1,522978,72,520151,117,0.000000,0.069637,0.081560,98,0,51.60,522643,522643,358,388,SUCCESS,2808,0,equal,4069760,3058080,0,2550912,,,,,117,19,used,,,,20260910-0005
2026-09-10 02:25:02,HAUSP-UB[noEUCS],BMS1_SPMF,66,1,0.003500,0.000,0.010,4643200,39932,0,50,50,0,3,1,501806,72,499079,117,0.000000,0.070559,0.083042,98,0,53.03,501472,501472,358,388,SUCCESS,2709,0,equal,4151680,3086144,0,2557568,,,,,117,18,used,,,,20260910-0005
2026-09-10 02:25:02,HAUSP-UB[noEUCS],BMS1_SPMF,67,1,0.003500,0.000,0.010,4726459,40528,0,51,52,0,3,1,499285,74,496554,121,0.000000,0.070144,0.082551,99,0,53.64,498951,498951,355,388,SUCCESS,2711,0,equal,4319616,3141504,0,2621056,,,,,121,20,used,,,,20260910-0005
2026-09-10 02:25:02,HAUSP-UB[noEUCS],BMS1_SPMF,68,1,0.003500,0.000,0.010,4812108,41124,0,54,54,0,3,1,515620,75,512785,121,0.000000,0.068975,0.080896,99,0,55.28,515284,515284,352,388,SUCCESS,2812,0,equal,4409728,3195776,0,2660992,,,,,121,23,used,,,,20260910-0005
2026-09-10 02:25:02,HAUSP-UB[noEUCS],BMS1_SPMF,69,1,0.003500,0.000,0.010,4877213,41720,0,52,53,0,3,1,491632,75,488907,121,0.000000,0.069905,0.082380,100,0,55.29,491295,491295,349,388,SUCCESS,2701,0,equal,4409728,3241344,0,2676352,,,,,121,24,used,,,,20260910-0005
2026-09-10 02:25:02,HAUSP-UB[noEUCS],BMS1_SPMF,70,1,0.003500,0.000,0.010,4952255,42316,0,56,57,0,3,1,511851,76,509017,120,0.000000,0.069009,0.080947,101,0,56.96,511513,511513,350,388,SUCCESS,2808,0,equal,4483456,3294112,0,2696320,,,,,120,26,used,,,,20260910-0005
2026-09-10 02:25:02,HAUSP-UB[noEUCS],BMS1_SPMF,71,1,0.003500,0.000,0.010,5030391,42912,0,54,54,0,3,1,486437,77,483745,120,0.000000,0.069996,0.082598,98,0,57.27,486099,486099,349,389,SUCCESS,2665,0,equal,4561280,3343104,0,2727552,,,,,120,27,used,,,,20260910-0005
2026-09-10 02:25:02,HAUSP-UB[noEUCS],BMS1_SPMF,72,1,0.003500,0.000,0.010,5109064,43508,0,52,52,0,3,0,457293,75,454748,121,0.000000,0.071614,0.085126,97,0,58.80,456953,456953,346,389,SUCCESS,2519,0,equal,4630912,3393344,0,2768256,,,,,121,26,used,,,,20260910-0005
2026-09-10 02:25:02,HAUSP-UB[noEUCS],BMS1_SPMF,73,1,0.003500,0.000,0.010,5183945,44104,0,60,61,0,3,1,535675,74,532746,115,0.000000,0.066620,0.078233,97,0,59.18,535334,535334,348,389,SUCCESS,2903,0,equal,4688256,3440608,0,2774912,,,,,115,26,used,,,,20260910-0005
2026-09-10 02:25:02,HAUSP-UB[noEUCS],BMS1_SPMF,74,1,0.003500,0.000,0.010,5249916,44700,0,77,77,0,4,1,681415,74,677754,112,0.000000,0.059525,0.068683,97,0,60.71,681074,681074,350,389,SUCCESS,3635,0,equal,4749696,3486304,0,2801536,,,,,112,26,used,,,,20260910-0005
2026-09-10 02:25:03,HAUSP-UB[noEUCS],BMS1_SPMF,75,1,0.003500,0.000,0.010,5299490,45296,0,74,74,0,4,1,647363,74,643877,113,0.000000,0.060522,0.070177,97,0,61.09,647022,647022,348,389,SUCCESS,3460,0,equal,4823424,3518176,0,2810752,,,,,113,26,used,,,,20260910-0005
2026-09-10 02:25:03,HAUSP-UB[noEUCS],BMS1_SPMF,76,1,0.003500,0.000,0.010,5363477,45892,0,71,71,0,4,1,612533,72,609217,115,0.000000,0.061361,0.071926,95,0,62.69,612189,612189,345,389,SUCCESS,3289,0,equal,4917632,3561824,0,2832256,,,,,115,27,used,,,,20260910-0005
2026-09-10 02:25:03,HAUSP-UB[noEUCS],BMS1_SPMF,77,1,0.003500,0.000,0.010,5444535,46488,0,88,88,0,5,1,752915,71,748890,113,0.000000,0.056066,0.064637,96,0,63.00,752571,752571,347,389,SUCCESS,3999,0,equal,4995456,3615648,0,2844544,,,,,113,26,used,,,,20260910-0005
2026-09-10 02:25:03,HAUSP-UB[noEUCS],BMS1_SPMF,78,1,0.003500,0.000,0.010,5519830,47084,0,84,84,0,4,1,705417,71,701641,114,0.000000,0.056837,0.066004,94,0,64.66,705072,705072,345,389,SUCCESS,3749,0,equal,5052800,3663968,0,2880896,,,,,114,27,used,,,,20260910-0005
2026-09-10 02:25:03,HAUSP-UB[noEUCS],BMS1_SPMF,79,1,0.003500,0.000,0.010,5578380,47680,0,80,80,0,4,1,671378,72,667788,112,0.000000,0.057647,0.067303,93,0,64.99,671034,671034,344,389,SUCCESS,3563,0,equal,5122432,3699328,0,2902400,,,,,112,27,used,,,,20260910-0005
2026-09-10 02:25:03,HAUSP-UB[noEUCS],BMS1_SPMF,80,1,0.003500,0.000,0.010,5670506,48276,0,108,109,0,6,1,867593,87,862947,107,0.000000,0.050999,0.058390,93,0,59.40,867264,867264,358,405,SUCCESS,4619,0,equal,4983168,3753568,0,3136384,,,,,107,27,used,,,,20260910-0005
2026-09-10 02:25:03,HAUSP-UB[noEUCS],BMS1_SPMF,81,1,0.003500,0.000,0.010,5761596,48872,0,221,221,0,12,3,1742268,88,1732957,102,0.000000,0.041015,0.044659,93,0,59.75,1741922,1741922,343,407,SUCCESS,9282,0,equal,4999552,3813216,0,3186048,,,,,102,29,used,,,,20260910-0005
2026-09-10 02:25:04,HAUSP-UB[noEUCS],BMS1_SPMF,82,1,0.003500,0.000,0.010,5847417,49468,0,451,451,0,22,6,3280576,87,3262697,96,0.000000,0.038006,0.039893,94,0,61.47,3280228,3280228,356,407,SUCCESS,17851,0,equal,5069184,3871552,0,3192704,,,,,96,28,used,,,,20260910-0005
2026-09-10 02:25:04,HAUSP-UB[noEUCS],BMS1_SPMF,83,1,0.003500,0.000,0.010,5931483,50064,0,693,693,0,33,10,4838926,85,4812369,97,0.000000,0.038045,0.039338,94,0,61.82,4838577,4838577,367,407,SUCCESS,26530,0,equal,5142912,3927008,0,3250048,,,,,97,27,used,,,,20260910-0005
2026-09-10 02:25:05,HAUSP-UB[noEUCS],BMS1_SPMF,84,1,0.003500,0.000,0.010,6016431,50660,0,1147,1147,0,53,16,7663087,85,7619940,95,0.000000,0.037006,0.037798,94,0,63.86,7662739,7662739,375,407,SUCCESS,43121,0,equal,5302656,3979232,0,3296128,,,,,95,26,used,,,,20260910-0005
2026-09-10 02:25:10,HAUSP-UB[noEUCS],BMS1_SPMF,85,1,0.003500,0.000,0.010,6115884,51256,0,4427,4428,0,185,59,25984698,84,25830493,94,0.000000,0.038742,0.038959,94,0,63.87,25984348,25984348,417,407,SUCCESS,154178,0,equal,5302656,4042432,0,3305472,,,,,94,27,used,,,,20260910-0005
2026-09-10 02:25:31,HAUSP-UB[noEUCS],BMS1_SPMF,86,1,0.003500,0.000,0.010,6209225,51852,0,20976,20977,0,779,261,106585503,85,105903106,88,0.000000,0.041297,0.041346,92,0,65.76,106585153,106585153,461,408,SUCCESS,682369,0,equal,5347712,4103392,0,3354624,,,,,88,28,used,,,,20260910-0005
2026-09-10 02:26:00,HAUSP-UB[noEUCS],BMS1_SPMF,87,1,0.003500,0.000,0.010,6279327,52448,0,28931,28931,0,1033,350,140390395,85,139477317,88,0.000000,0.041618,0.041654,93,0,66.42,140390044,140390044,472,408,SUCCESS,913050,0,equal,5551488,4152032,0,3400704,,,,,88,28,used,,,,20260910-0005
2026-09-10 02:26:26,HAUSP-UB[noEUCS],BMS1_SPMF,88,1,0.003500,0.000,0.010,6355924,53044,0,25690,25690,0,918,310,124934801,95,124129179,88,0.000000,0.041210,0.041251,93,0,68.72,124934460,124934460,475,418,SUCCESS,805594,0,equal,5619072,4201568,0,3542528,,,,,88,28,used,,,,20260910-0005
2026-09-10 02:26:48,HAUSP-UB[noEUCS],BMS1_SPMF,89,1,0.003500,0.000,0.010,6439841,53640,0,22389,22389,0,799,268,108863400,95,108164910,87,0.000000,0.040923,0.040970,92,0,69.33,108863049,108863049,460,418,SUCCESS,698462,0,equal,5799296,4254464,0,3563008,,,,,87,28,used,,,,20260910-0005
2026-09-10 02:27:18,HAUSP-UB[noEUCS],BMS1_SPMF,90,1,0.003500,0.000,0.010,6521109,54236,0,30337,30337,0,1027,347,139039311,95,138132937,87,0.000000,0.041056,0.041093,92,0,62.20,139038958,139038958,471,418,SUCCESS,906344,0,equal,5940608,4313184,0,3617536,,,,,87,30,used,,,,20260910-0005
2026-09-10 02:27:45,HAUSP-UB[noEUCS],BMS1_SPMF,91,1,0.003500,0.000,0.010,6593646,54832,0,27085,27085,0,923,309,125134660,98,124325434,85,0.000000,0.040673,0.040714,92,0,62.88,125134305,125134305,466,419,SUCCESS,809191,0,equal,6077824,4363904,0,3633408,,,,,85,35,used,,,,20260910-0005
2026-09-10 02:28:09,HAUSP-UB[noEUCS],BMS1_SPMF,92,1,0.003500,0.000,0.010,6680680,55428,0,23673,23673,0,803,269,109107772,93,108405624,89,0.000000,0.040379,0.040427,92,0,64.81,109107414,109107414,460,419,SUCCESS,702116,0,equal,6186368,4420160,0,3678464,,,,,89,32,used,,,,20260910-0005
2026-09-10 02:28:30,HAUSP-UB[noEUCS],BMS1_SPMF,93,1,0.003500,0.000,0.010,6751104,56024,0,21125,21125,0,715,239,97258777,93,96635123,90,0.000000,0.040227,0.040282,92,0,65.18,97258418,97258418,452,419,SUCCESS,623621,0,equal,6282624,4466048,0,3691776,,,,,90,33,used,,,,20260910-0005
2026-09-10 02:28:49,HAUSP-UB[noEUCS],BMS1_SPMF,94,1,0.003500,0.000,0.010,6820246,56620,0,18841,18841,0,637,212,86886902,94,86332299,90,0.000000,0.039878,0.039940,93,0,67.09,86886543,86886543,449,419,SUCCESS,554569,0,equal,6333824,4514464,0,3713280,,,,,90,34,used,,,,20260910-0005
2026-09-10 02:29:06,HAUSP-UB[noEUCS],BMS1_SPMF,95,1,0.003500,0.000,0.010,6894538,57216,0,16669,16669,0,562,186,76666613,94,76178999,89,0.000000,0.039617,0.039688,93,0,67.43,76666253,76666253,447,419,SUCCESS,487579,0,equal,6413696,4564224,0,3721472,,,,,89,35,used,,,,20260910-0005
2026-09-10 02:29:21,HAUSP-UB[noEUCS],BMS1_SPMF,96,1,0.003500,0.000,0.010,6963424,57812,0,14857,14857,0,499,165,68186110,94,67754228,89,0.000000,0.039271,0.039351,93,0,69.40,68185748,68185748,441,419,SUCCESS,431845,0,equal,6507904,4612448,0,3763968,,,,,89,37,used,,,,20260910-0005
2026-09-10 02:29:33,HAUSP-UB[noEUCS],BMS1_SPMF,97,1,0.003500,0.000,0.010,7043908,58408,0,12863,12864,0,434,144,59412776,165,59037961,93,0.000000,0.038840,0.038934,93,0,73.30,59412486,59412486,509,492,SUCCESS,374779,0,equal,5567872,4667712,0,4804352,,,,,93,36,used,,,,20260910-0005
2026-09-10 02:30:01,HAUSP-UB[noEUCS],BMS1_SPMF,98,1,0.003500,0.000,0.010,7144788,59004,0,27515,27515,0,868,293,117179922,168,116411918,86,0.000000,0.039996,0.040041,93,0,75.56,117179561,117179561,463,494,SUCCESS,767967,0,equal,5721472,4733056,0,4853504,,,,,86,37,used,,,,20260910-0005
2026-09-10 02:30:25,HAUSP-UB[noEUCS],BMS1_SPMF,99,1,0.003500,0.000,0.010,7229030,59601,0,24254,24255,0,765,257,103110382,170,102437014,87,0.000000,0.039763,0.039814,93,0,76.26,103110021,103110021,457,497,SUCCESS,673331,0,equal,5888384,4788416,0,4931328,,,,,87,37,used,,,,20260910-0005
2026-09-10 03:03:04,HAUSP-UB[noEUCS],BMS1_SPMF,0,2,0.003500,0.000,0.010,126563,596,0,1957135,1957136,0,486831,315190,36744702979,10,35928981580,41188,0.000000,0.170891,0.170891,756517,0,33.35,36744702985,36744701968,1017,262,SUCCESS,815721395,0,equal,33920,73920,0,57344,,,,,41188,4,used,,,,20260910-0005
2026-09-10 03:03:41,HAUSP-UB[noEUCS],BMS1_SPMF,1,2,0.003500,0.000,0.010,203583,1192,0,37255,37255,0,9023,4722,929476331,11,917294223,213,0.000000,0.106458,0.106460,1416,0,33.42,929476075,929476075,581,263,SUCCESS,12182103,0,equal,99456,125824,0,91520,,,,,213,5,used,,,,20260910-0005
2026-09-10 03:03:45,HAUSP-UB[noEUCS],BMS1_SPMF,2,2,0.003500,0.000,0.010,280938,1788,0,3960,3960,0,952,468,105245522,15,104033402,59,0.000000,0.075162,0.075184,233,0,34.09,105245264,105245264,438,263,SUCCESS,1212110,0,equal,113536,173696,0,125440,,,,,59,10,used,,,,20260910-0005
2026-09-10 03:03:46,HAUSP-UB[noEUCS],BMS1_SPMF,3,2,0.003500,0.000,0.010,345970,2384,0,732,732,0,174,84,19461804,17,19242083,51,0.000000,0.061704,0.061826,153,0,34.14,19461547,19461547,357,263,SUCCESS,219710,0,equal,142080,217056,0,153856,,,,,51,11,used,,,,20260910-0005
2026-09-10 03:03:46,HAUSP-UB[noEUCS],BMS1_SPMF,4,2,0.003500,0.000,0.010,404311,2980,0,217,217,0,50,24,5705564,19,5641541,66,0.000000,0.056077,0.056512,126,0,34.87,5705310,5705310,310,264,SUCCESS,64013,0,equal,176640,256608,0,187264,,,,,66,10,used,,,,20260910-0005
2026-09-10 03:03:46,HAUSP-UB[noEUCS],BMS1_SPMF,5,2,0.003500,0.000,0.010,472794,3576,0,70,70,0,15,7,1776256,25,1756373,64,0.000000,0.056175,0.057599,115,0,34.89,1776003,1776003,315,264,SUCCESS,19869,0,equal,205184,298656,0,216320,,,,,64,14,used,,,,20260910-0005
2026-09-10 03:03:46,HAUSP-UB[noEUCS],BMS1_SPMF,6,2,0.003500,0.000,0.010,543172,4172,0,32,32,0,6,3,778220,27,769620,71,0.000000,0.062082,0.065410,116,0,35.62,777970,777970,278,264,SUCCESS,8587,0,equal,239232,344192,0,245632,,,,,71,13,used,,,,20260910-0005
2026-09-10 03:03:46,HAUSP-UB[noEUCS],BMS1_SPMF,7,2,0.003500,0.000,0.010,621784,4768,0,27,27,0,5,2,601797,25,594733,69,0.000000,0.069202,0.073251,112,0,35.64,601548,601548,274,264,SUCCESS,7054,0,equal,283776,394496,0,287232,,,,,69,10,used,,,,20260910-0005
2026-09-10 03:03:46,HAUSP-UB[noEUCS],BMS1_SPMF,8,2,0.003500,0.000,0.010,687408,5364,0,19,19,0,3,1,403425,21,398781,72,0.000000,0.077224,0.083551,113,0,36.35,403173,403173,261,264,SUCCESS,4635,0,equal,330368,439584,0,313216,,,,,72,9,used,,,,20260910-0005
2026-09-10 03:03:46,HAUSP-UB[noEUCS],BMS1_SPMF,9,2,0.003500,0.000,0.010,785659,5960,0,16,16,0,2,1,305151,58,301627,93,0.000000,0.084757,0.093462,116,0,39.41,304918,304918,304,314,SUCCESS,3497,0,equal,320384,499136,0,392448,,,,,93,27,used,,,,20260910-0005
2026-09-10 03:03:46,HAUSP-UB[noEUCS],BMS1_SPMF,10,2,0.003500,0.000,0.010,874499,6556,0,23,23,0,3,1,448036,54,443483,94,0.000000,0.087313,0.094663,117,0,40.07,447753,447753,303,320,SUCCESS,4530,0,equal,362112,554976,0,436608,,,,,94,23,used,,,,20260910-0005
2026-09-10 03:03:46,HAUSP-UB[noEUCS],BMS1_SPMF,11,2,0.003500,0.000,0.010,961710,7152,0,18,18,0,2,1,340712,59,337363,89,0.000000,0.092705,0.103098,109,0,40.16,340417,340417,294,325,SUCCESS,3315,0,equal,423552,610848,0,469632,,,,,89,34,used,,,,20260910-0005
2026-09-10 03:03:46,HAUSP-UB[noEUCS],BMS1_SPMF,12,2,0.003500,0.000,0.010,1041125,7748,0,15,15,0,2,1,265871,67,263258,91,0.000000,0.097791,0.111193,114,0,41.03,265572,265572,282,328,SUCCESS,2572,0,equal,489088,659200,0,506112,,,,,91,41,used,,,,20260910-0005
2026-09-10 03:04:42,HAUSP-UB[noEUCS],BMS1_SPMF,13,2,0.003500,0.000,0.010,1170587,8344,0,56067,56067,0,8971,2515,1387787831,14,1381270834,55,0.000000,0.049310,0.049314,117,0,41.71,1387787517,1387787390,816,331,SUCCESS,6516997,0,equal,598272,740960,0,562816,,,,,55,0,used,,,,20260910-0005
2026-09-10 03:05:14,HAUSP-UB[noEUCS],BMS1_SPMF,14,2,0.003500,0.000,0.010,1240785,8940,0,31719,31720,0,5021,1408,775548332,15,771901315,58,0.000000,0.046370,0.046377,112,0,42.60,775548016,775548016,776,332,SUCCESS,3647017,0,equal,884608,787360,0,593024,,,,,58,0,used,,,,20260910-0005
2026-09-10 03:05:34,HAUSP-UB[noEUCS],BMS1_SPMF,15,2,0.003500,0.000,0.010,1298090,9536,0,20359,20359,0,3195,891,493826832,17,491521814,60,0.000000,0.045122,0.045134,111,0,43.29,493826516,493826516,747,333,SUCCESS,2305017,0,equal,1036672,830016,0,640128,,,,,60,1,used,,,,20260910-0005
2026-09-10 03:05:47,HAUSP-UB[noEUCS],BMS1_SPMF,16,2,0.003500,0.000,0.010,1356584,10132,0,13188,13188,0,2057,570,317851719,17,316378351,63,0.000000,0.044356,0.044375,108,0,44.02,317851402,317851402,721,333,SUCCESS,1473367,0,equal,1132928,872224,0,667776,,,,,63,1,used,,,,20260910-0005
2026-09-10 03:05:56,HAUSP-UB[noEUCS],BMS1_SPMF,17,2,0.003500,0.000,0.010,1424086,10728,0,8335,8335,0,1287,354,199187972,18,198269495,66,0.000000,0.042588,0.042619,104,0,44.04,199187656,199187656,695,334,SUCCESS,918476,0,equal,1195904,913792,0,706688,,,,,66,1,used,,,,20260910-0005
2026-09-10 03:06:02,HAUSP-UB[noEUCS],BMS1_SPMF,18,2,0.003500,0.000,0.010,1513062,11324,0,6236,6236,0,939,259,144720988,19,144048313,67,0.000000,0.043566,0.043608,104,0,44.95,144720672,144720672,659,335,SUCCESS,672674,0,equal,1273728,971328,0,748544,,,,,67,1,used,,,,20260910-0005
2026-09-10 03:06:06,HAUSP-UB[noEUCS],BMS1_SPMF,19,2,0.003500,0.000,0.010,1577987,11920,0,4386,4387,0,653,180,100789904,19,100321836,67,0.000000,0.043005,0.043066,100,0,44.97,100789587,100789587,643,335,SUCCESS,468067,0,equal,1359232,1012928,0,764416,,,,,67,1,used,,,,20260910-0005
2026-09-10 03:06:09,HAUSP-UB[noEUCS],BMS1_SPMF,20,2,0.003500,0.000,0.010,1653495,12516,0,2931,2931,0,429,118,66255167,20,65948185,70,0.000000,0.042755,0.042851,98,0,46.14,66254850,66254850,618,335,SUCCESS,306980,0,equal,1438080,1059328,0,785792,,,,,70,2,used,,,,20260910-0005
2026-09-10 03:06:11,HAUSP-UB[noEUCS],BMS1_SPMF,21,2,0.003500,0.000,0.010,1721903,13112,0,2152,2152,0,312,85,48169069,20,47946919,74,0.000000,0.042313,0.042444,99,0,46.23,48168752,48168752,599,335,SUCCESS,222148,0,equal,1510784,1104512,0,813696,,,,,74,2,used,,,,20260910-0005
2026-09-10 03:06:13,HAUSP-UB[noEUCS],BMS1_SPMF,22,2,0.003500,0.000,0.010,1783278,13708,0,1663,1663,0,239,65,36962222,21,36792362,74,0.000000,0.041543,0.041717,102,0,47.16,36961906,36961906,586,336,SUCCESS,169858,0,equal,1573248,1148192,0,874624,,,,,74,2,used,,,,20260910-0005
2026-09-10 03:06:14,HAUSP-UB[noEUCS],BMS1_SPMF,23,2,0.003500,0.000,0.010,1836989,14304,0,1341,1342,0,191,52,29663036,21,29527391,75,0.000000,0.041031,0.041251,102,0,47.25,29662719,29662719,575,336,SUCCESS,135643,0,equal,1633152,1190080,0,904064,,,,,75,2,used,,,,20260910-0005
2026-09-10 03:06:16,HAUSP-UB[noEUCS],BMS1_SPMF,24,2,0.003500,0.000,0.010,1898066,14900,0,1063,1063,0,150,40,23249121,21,23142834,80,0.000000,0.041002,0.041285,105,0,48.28,23248804,23248804,558,336,SUCCESS,106285,0,equal,1682816,1234048,0,929664,,,,,80,2,used,,,,20260910-0005
2026-09-10 03:06:16,HAUSP-UB[noEUCS],BMS1_SPMF,25,2,0.003500,0.000,0.010,1966121,15496,0,827,827,0,115,31,17805097,21,17723721,81,0.000000,0.041127,0.041499,103,0,48.33,17804780,17804780,552,336,SUCCESS,81374,0,equal,1749376,1279744,0,952704,,,,,81,2,used,,,,20260910-0005
2026-09-10 03:06:17,HAUSP-UB[noEUCS],BMS1_SPMF,26,2,0.003500,0.000,0.010,2026775,16092,0,669,669,0,92,24,14186899,21,14121861,81,0.000000,0.041317,0.041787,102,0,49.45,14186582,14186582,540,336,SUCCESS,65036,0,equal,1811840,1323072,0,980224,,,,,81,2,used,,,,20260910-0005
2026-09-10 03:06:18,HAUSP-UB[noEUCS],BMS1_SPMF,27,2,0.003500,0.000,0.010,2084129,16688,0,567,567,0,77,21,11912967,22,11858509,82,0.000000,0.041133,0.041700,101,0,49.47,11912651,11912651,530,337,SUCCESS,54456,0,equal,1868160,1364288,0,1003136,,,,,82,2,used,,,,20260910-0005
2026-09-10 03:06:18,HAUSP-UB[noEUCS],BMS1_SPMF,28,2,0.003500,0.000,0.010,2155787,17284,0,448,448,0,60,16,9256894,22,9214511,88,0.000000,0.041684,0.042418,99,0,50.27,9256577,9256577,518,337,SUCCESS,42381,0,equal,1929600,1409600,0,1053056,,,,,88,2,used,,,,20260910-0005
2026-09-10 03:06:18,HAUSP-UB[noEUCS],BMS1_SPMF,29,2,0.003500,0.000,0.010,2218851,17880,0,368,368,0,48,13,7484744,22,7450413,88,0.000000,0.042010,0.042919,98,0,50.93,7484427,7484427,509,337,SUCCESS,34329,0,equal,1991040,1449952,0,1086848,,,,,88,2,used,,,,20260910-0005
2026-09-10 03:06:19,HAUSP-UB[noEUCS],BMS1_SPMF,30,2,0.003500,0.000,0.010,2269108,18476,0,324,324,0,42,11,6503455,22,6473530,91,0.000000,0.042143,0.043194,95,0,51.70,6503138,6503138,501,337,SUCCESS,29923,0,equal,2058624,1481312,0,1098752,,,,,91,2,used,,,,20260910-0005
2026-09-10 03:06:19,HAUSP-UB[noEUCS],BMS1_SPMF,31,2,0.003500,0.000,0.010,2327502,19072,0,282,282,0,36,9,5614276,22,5588423,91,0.000000,0.042401,0.043627,94,0,51.78,5613959,5613959,488,337,SUCCESS,25851,0,equal,2121088,1517408,0,1114368,,,,,91,2,used,,,,20260910-0005
2026-09-10 03:06:19,HAUSP-UB[noEUCS],BMS1_SPMF,32,2,0.003500,0.000,0.010,2396082,19668,0,242,242,0,31,8,4761484,22,4739664,92,0.000000,0.042702,0.044166,94,0,52.91,4761167,4761167,478,337,SUCCESS,21818,0,equal,2167168,1563744,0,1135360,,,,,92,2,used,,,,20260910-0005
2026-09-10 03:06:20,HAUSP-UB[noEUCS],BMS1_SPMF,33,2,0.003500,0.000,0.010,2450953,20264,0,360,360,0,44,12,6857738,23,6826185,91,0.000000,0.038102,0.039114,96,0,53.00,6857421,6857421,498,337,SUCCESS,31550,0,equal,2219392,1602144,0,1187072,,,,,91,3,used,,,,20260910-0005
2026-09-10 03:06:20,HAUSP-UB[noEUCS],BMS1_SPMF,34,2,0.003500,0.000,0.010,2511121,20860,0,312,312,0,38,10,5867031,24,5840039,91,0.000000,0.038618,0.039810,94,0,54.16,5866715,5866715,490,338,SUCCESS,26989,0,equal,2267520,1642944,0,1198336,,,,,91,3,used,,,,20260910-0005
2026-09-10 03:06:20,HAUSP-UB[noEUCS],BMS1_SPMF,35,2,0.003500,0.000,0.010,2575831,21456,0,268,268,0,32,8,4968540,23,4945633,94,0.000000,0.039320,0.040734,96,0,54.23,4968224,4968224,480,338,SUCCESS,22906,0,equal,2322816,1687776,0,1228032,,,,,94,1,used,,,,20260910-0005
2026-09-10 03:06:20,HAUSP-UB[noEUCS],BMS1_SPMF,36,2,0.003500,0.000,0.010,2639503,22052,0,236,236,0,27,7,4293382,24,4273536,96,0.000000,0.040341,0.041986,98,0,55.48,4293066,4293066,470,338,SUCCESS,19844,0,equal,2379136,1732512,0,1261056,,,,,96,2,used,,,,20260910-0005
2026-09-10 03:06:21,HAUSP-UB[noEUCS],BMS1_SPMF,37,2,0.003500,0.000,0.010,2702565,22648,0,210,210,0,24,6,3763022,23,3745599,97,0.000000,0.040989,0.042875,97,0,55.52,3762706,3762706,465,338,SUCCESS,17422,0,equal,2434432,1778048,0,1272320,,,,,97,1,used,,,,20260910-0005
2026-09-10 03:06:21,HAUSP-UB[noEUCS],BMS1_SPMF,38,2,0.003500,0.000,0.010,2755834,23244,0,190,190,0,21,6,3350343,24,3334748,98,0.000000,0.041648,0.043769,98,0,56.73,3350027,3350027,459,338,SUCCESS,15593,0,equal,2508160,1817024,0,1305088,,,,,98,2,used,,,,20260910-0005
2026-09-10 03:06:21,HAUSP-UB[noEUCS],BMS1_SPMF,39,2,0.003500,0.000,0.010,2805280,23840,0,174,174,0,20,5,3046411,24,3032202,98,0.000000,0.042039,0.044379,97,0,56.78,3046095,3046095,455,338,SUCCESS,14207,0,equal,2565504,1844768,0,1332992,,,,,98,2,used,,,,20260910-0005
2026-09-10 03:06:21,HAUSP-UB[noEUCS],BMS1_SPMF,40,2,0.003500,0.000,0.010,2841639,24436,0,165,165,0,18,5,2857707,24,2844391,99,0.000000,0.042224,0.044728,96,0,58.09,2857391,2857391,453,338,SUCCESS,13314,0,equal,2637184,1867200,0,1363712,,,,,99,2,used,,,,20260910-0005
2026-09-10 03:06:21,HAUSP-UB[noEUCS],BMS1_SPMF,41,2,0.003500,0.000,0.010,2875934,25032,0,155,155,0,17,4,2674069,24,2661588,99,0.000000,0.042390,0.045073,96,0,58.16,2673753,2673753,451,338,SUCCESS,12479,0,equal,2688384,1891904,0,1378048,,,,,99,2,used,,,,20260910-0005
2026-09-10 03:06:21,HAUSP-UB[noEUCS],BMS1_SPMF,42,2,0.003500,0.000,0.010,2954137,25628,0,139,139,0,15,4,2346278,32,2335290,100,0.000000,0.043762,0.046819,93,0,59.64,2345971,2345971,455,347,SUCCESS,10987,0,equal,2705792,1943776,0,1442816,,,,,100,1,used,,,,20260910-0005
2026-09-10 03:06:22,HAUSP-UB[noEUCS],BMS1_SPMF,43,2,0.003500,0.000,0.010,3012443,26224,0,127,127,0,13,3,2111770,34,2101821,101,0.000000,0.044543,0.047932,93,0,60.30,2111455,2111455,443,348,SUCCESS,9947,0,equal,2826624,1986560,0,1552896,,,,,101,2,used,,,,20260910-0005
2026-09-10 03:06:22,HAUSP-UB[noEUCS],BMS1_SPMF,44,2,0.003500,0.000,0.010,3083839,26820,0,115,115,0,12,3,1883774,34,1874869,102,0.000000,0.046230,0.050032,94,0,61.20,1883458,1883458,440,348,SUCCESS,8903,0,equal,2832768,2035616,0,1569792,,,,,102,2,used,,,,20260910-0005
2026-09-10 03:06:22,HAUSP-UB[noEUCS],BMS1_SPMF,45,2,0.003500,0.000,0.010,3144497,27416,0,106,106,0,11,3,1693795,34,1685724,102,0.000000,0.047426,0.051646,94,0,61.29,1693479,1693479,435,348,SUCCESS,8069,0,equal,2883968,2078976,0,1596928,,,,,102,2,used,,,,20260910-0005
2026-09-10 03:06:22,HAUSP-UB[noEUCS],BMS1_SPMF,46,2,0.003500,0.000,0.010,3191272,28012,0,99,99,0,10,2,1559567,34,1552127,102,0.000000,0.048491,0.053078,91,0,45.68,1559251,1559251,434,348,SUCCESS,7438,0,equal,2935168,2114912,0,1598976,,,,,102,2,used,,,,20260910-0005
2026-09-10 03:06:22,HAUSP-UB[noEUCS],BMS1_SPMF,47,2,0.003500,0.000,0.010,3250455,28608,0,90,90,0,9,2,1409354,34,1402579,106,0.000000,0.050177,0.055227,91,0,46.04,1409038,1409038,428,348,SUCCESS,6773,0,equal,3027328,2157216,0,1634816,,,,,106,2,used,,,,20260910-0005
2026-09-10 03:06:22,HAUSP-UB[noEUCS],BMS1_SPMF,48,2,0.003500,0.000,0.010,3309969,29204,0,83,83,0,8,2,1262212,34,1256103,108,0.000000,0.051898,0.057515,95,0,47.23,1261897,1261897,420,348,SUCCESS,6108,0,equal,3096960,2201568,0,1677312,,,,,108,1,used,,,,20260910-0005
2026-09-10 03:06:22,HAUSP-UB[noEUCS],BMS1_SPMF,49,2,0.003500,0.000,0.010,3383968,29800,0,86,86,0,8,2,1265163,34,1259012,109,0.000000,0.051838,0.057406,94,0,47.60,1264847,1264847,417,348,SUCCESS,6149,0,equal,3148160,2255168,0,1715840,,,,,109,2,used,,,,20260910-0005
2026-09-10 03:06:22,HAUSP-UB[noEUCS],BMS1_SPMF,50,2,0.003500,0.000,0.010,3449412,30396,0,79,79,0,7,2,1143864,34,1138255,111,0.000000,0.053455,0.059590,94,0,48.65,1143548,1143548,409,348,SUCCESS,5607,0,equal,3191168,2300320,0,1794688,,,,,111,2,used,,,,20260910-0005
2026-09-10 03:06:22,HAUSP-UB[noEUCS],BMS1_SPMF,51,2,0.003500,0.000,0.010,3504606,30992,0,75,75,0,7,2,1059417,34,1054180,108,0.000000,0.054860,0.061448,94,0,49.33,1059100,1059100,406,348,SUCCESS,5234,0,equal,3326336,2343040,0,1815424,,,,,108,3,used,,,,20260910-0005
2026-09-10 03:06:22,HAUSP-UB[noEUCS],BMS1_SPMF,52,2,0.003500,0.000,0.010,3569386,31588,0,71,71,0,6,1,983369,35,978493,111,0.000000,0.056096,0.063124,95,0,50.31,983052,983052,399,348,SUCCESS,4872,0,equal,3326336,2385952,0,1829760,,,,,111,4,used,,,,20260910-0005
2026-09-10 03:06:22,HAUSP-UB[noEUCS],BMS1_SPMF,53,2,0.003500,0.000,0.010,3639555,32184,0,67,67,0,6,1,909419,69,904899,112,0.000000,0.057443,0.065007,94,0,50.67,909136,909136,426,383,SUCCESS,4516,0,equal,3162496,2435360,0,2102656,,,,,112,4,used,,,,20260910-0005
2026-09-10 03:06:23,HAUSP-UB[noEUCS],BMS1_SPMF,54,2,0.003500,0.000,0.010,3702982,32780,0,63,63,0,5,1,849642,71,845403,114,0.000000,0.058675,0.066733,94,0,51.97,849326,849326,390,385,SUCCESS,4235,0,equal,3238272,2476416,0,2123136,,,,,114,4,used,,,,20260910-0005
2026-09-10 03:06:23,HAUSP-UB[noEUCS],BMS1_SPMF,55,2,0.003500,0.000,0.010,3770245,33376,0,60,60,0,5,1,789988,72,786027,113,0.000000,0.059437,0.068054,93,0,52.33,789669,789669,384,385,SUCCESS,3955,0,equal,3307904,2520064,0,2148224,,,,,113,6,used,,,,20260910-0005
2026-09-10 03:06:23,HAUSP-UB[noEUCS],BMS1_SPMF,56,2,0.003500,0.000,0.010,3846930,33972,0,60,60,0,5,1,758143,72,754280,114,0.000000,0.060492,0.069125,93,0,53.63,757824,757824,386,385,SUCCESS,3857,0,equal,3383680,2572992,0,2178944,,,,,114,6,used,,,,20260910-0005
2026-09-10 03:06:23,HAUSP-UB[noEUCS],BMS1_SPMF,57,2,0.003500,0.000,0.010,3932244,34568,0,56,57,0,4,1,701147,74,697557,115,0.000000,0.062003,0.071169,94,0,53.98,700826,700826,380,387,SUCCESS,3580,0,equal,3445120,2626656,0,2223744,,,,,115,10,used,,,,20260910-0005
2026-09-10 03:06:23,HAUSP-UB[noEUCS],BMS1_SPMF,58,2,0.003500,0.000,0.010,4007082,35164,0,56,56,0,4,1,663009,74,659549,117,0.000000,0.063715,0.073173,93,0,55.31,662684,662684,376,387,SUCCESS,3448,0,equal,3527040,2679808,0,2253184,,,,,117,12,used,,,,20260910-0005
2026-09-10 03:06:23,HAUSP-UB[noEUCS],BMS1_SPMF,59,2,0.003500,0.000,0.010,4090185,35760,0,52,52,0,4,1,611388,74,608187,117,0.000000,0.064957,0.075240,94,0,55.67,611062,611062,369,387,SUCCESS,3188,0,equal,3602816,2728384,0,2286208,,,,,117,13,used,,,,20260910-0005
2026-09-10 03:06:23,HAUSP-UB[noEUCS],BMS1_SPMF,60,2,0.003500,0.000,0.010,4175952,36356,0,50,50,0,3,1,569972,76,566967,117,0.000000,0.066748,0.077701,94,0,57.32,569646,569646,368,388,SUCCESS,2990,0,equal,3676544,2782560,0,2337152,,,,,117,15,used,,,,20260910-0005
2026-09-10 03:06:23,HAUSP-UB[noEUCS],BMS1_SPMF,61,2,0.003500,0.000,0.010,4254726,36952,0,49,49,0,3,1,541750,73,538874,121,0.000000,0.068222,0.080006,96,0,57.97,541422,541422,364,388,SUCCESS,2863,0,equal,3809664,2838016,0,2376064,,,,,121,13,used,,,,20260910-0005
2026-09-10 03:06:23,HAUSP-UB[noEUCS],BMS1_SPMF,62,2,0.003500,0.000,0.010,4344297,37548,0,49,49,0,3,1,523423,72,520622,122,0.000000,0.069439,0.081742,98,0,59.53,523090,523090,361,388,SUCCESS,2784,0,equal,3910016,2895232,0,2445952,,,,,122,17,used,,,,20260910-0005
2026-09-10 03:06:23,HAUSP-UB[noEUCS],BMS1_SPMF,63,2,0.003500,0.000,0.010,4420375,38144,0,49,49,0,3,1,508169,72,505411,122,0.000000,0.069953,0.082515,98,0,59.58,507835,507835,359,388,SUCCESS,2740,0,equal,3910016,2946944,0,2452096,,,,,122,18,used,,,,20260910-0005
2026-09-10 03:06:23,HAUSP-UB[noEUCS],BMS1_SPMF,64,2,0.003500,0.000,0.010,4513322,38740,0,51,51,0,3,1,519955,72,517149,121,0.000000,0.070145,0.082336,98,0,49.43,519620,519620,360,388,SUCCESS,2787,0,equal,4061568,3005664,0,2486912,,,,,121,19,used,,,,20260910-0005
2026-09-10 03:06:23,HAUSP-UB[noEUCS],BMS1_SPMF,65,2,0.003500,0.000,0.010,4593176,39336,0,51,51,0,3,1,522978,72,520151,117,0.000000,0.069637,0.081560,98,0,49.81,522643,522643,358,388,SUCCESS,2808,0,equal,4151680,3058080,0,2550912,,,,,117,19,used,,,,20260910-0005
2026-09-10 03:06:23,HAUSP-UB[noEUCS],BMS1_SPMF,66,2,0.003500,0.000,0.010,4643200,39932,0,50,50,0,3,1,501806,72,499079,117,0.000000,0.070559,0.083042,98,0,51.09,501472,501472,358,388,SUCCESS,2709,0,equal,4151680,3086144,0,2557568,,,,,117,18,used,,,,20260910-0005
2026-09-10 03:06:23,HAUSP-UB[noEUCS],BMS1_SPMF,67,2,0.003500,0.000,0.010,4726459,40528,0,51,52,0,3,1,499285,74,496554,121,0.000000,0.070144,0.082551,99,0,51.78,498951,498951,355,388,SUCCESS,2711,0,equal,4319616,3141504,0,2621056,,,,,121,20,used,,,,20260910-0005
2026-09-10 03:06:23,HAUSP-UB[noEUCS],BMS1_SPMF,68,2,0.003500,0.000,0.010,4812108,41124,0,54,54,0,3,1,515620,75,512785,121,0.000000,0.068975,0.080896,99,0,53.10,515284,515284,352,388,SUCCESS,2812,0,equal,4319616,3195776,0,2660992,,,,,121,23,used,,,,20260910-0005
2026-09-10 03:06:23,HAUSP-UB[noEUCS],BMS1_SPMF,69,2,0.003500,0.000,0.010,4877213,41720,0,53,53,0,3,1,491632,75,488907,121,0.000000,0.069905,0.082380,100,0,53.45,491295,491295,349,388,SUCCESS,2701,0,equal,4409728,3241344,0,2676352,,,,,121,24,used,,,,20260910-0005
2026-09-10 03:06:23,HAUSP-UB[noEUCS],BMS1_SPMF,70,2,0.003500,0.000,0.010,4952255,42316,0,57,57,0,3,1,511851,76,509017,120,0.000000,0.069009,0.080947,101,0,54.98,511513,511513,350,388,SUCCESS,2808,0,equal,4483456,3294112,0,2696320,,,,,120,26,used,,,,20260910-0005
2026-09-10 03:06:23,HAUSP-UB[noEUCS],BMS1_SPMF,71,2,0.003500,0.000,0.010,5030391,42912,0,54,54,0,3,1,486437,77,483745,120,0.000000,0.069996,0.082598,98,0,55.32,486099,486099,349,389,SUCCESS,2665,0,equal,4561280,3343104,0,2727552,,,,,120,27,used,,,,20260910-0005
2026-09-10 03:06:24,HAUSP-UB[noEUCS],BMS1_SPMF,72,2,0.003500,0.000,0.010,5109064,43508,0,52,52,0,3,0,457293,75,454748,121,0.000000,0.071614,0.085126,97,0,56.86,456953,456953,346,389,SUCCESS,2519,0,equal,4630912,3393344,0,2768256,,,,,121,26,used,,,,20260910-0005
2026-09-10 03:06:24,HAUSP-UB[noEUCS],BMS1_SPMF,73,2,0.003500,0.000,0.010,5183945,44104,0,61,61,0,3,1,535675,74,532746,115,0.000000,0.066620,0.078233,97,0,57.21,535334,535334,348,389,SUCCESS,2903,0,equal,4688256,3440608,0,2774912,,,,,115,26,used,,,,20260910-0005
2026-09-10 03:06:24,HAUSP-UB[noEUCS],BMS1_SPMF,74,2,0.003500,0.000,0.010,5249916,44700,0,77,77,0,4,1,681415,74,677754,112,0.000000,0.059525,0.068683,97,0,58.79,681074,681074,350,389,SUCCESS,3635,0,equal,4749696,3486304,0,2801536,,,,,112,26,used,,,,20260910-0005
2026-09-10 03:06:24,HAUSP-UB[noEUCS],BMS1_SPMF,75,2,0.003500,0.000,0.010,5299490,45296,0,74,74,0,4,1,647363,74,643877,113,0.000000,0.060522,0.070177,97,0,59.15,647022,647022,348,389,SUCCESS,3460,0,equal,4917632,3518176,0,2810752,,,,,113,26,used,,,,20260910-0005
2026-09-10 03:06:24,HAUSP-UB[noEUCS],BMS1_SPMF,76,2,0.003500,0.000,0.010,5363477,45892,0,71,72,0,4,1,612533,72,609217,115,0.000000,0.061361,0.071926,95,0,60.76,612189,612189,345,389,SUCCESS,3289,0,equal,4917632,3561824,0,2832256,,,,,115,27,used,,,,20260910-0005
2026-09-10 03:06:24,HAUSP-UB[noEUCS],BMS1_SPMF,77,2,0.003500,0.000,0.010,5444535,46488,0,89,89,0,5,1,752915,71,748890,113,0.000000,0.056066,0.064637,96,0,61.11,752571,752571,347,389,SUCCESS,3999,0,equal,4995456,3615648,0,2844544,,,,,113,26,used,,,,20260910-0005
2026-09-10 03:06:24,HAUSP-UB[noEUCS],BMS1_SPMF,78,2,0.003500,0.000,0.010,5519830,47084,0,84,85,0,4,1,705417,71,701641,114,0.000000,0.056837,0.066004,94,0,62.74,705072,705072,345,389,SUCCESS,3749,0,equal,5052800,3663968,0,2880896,,,,,114,27,used,,,,20260910-0005
2026-09-10 03:06:24,HAUSP-UB[noEUCS],BMS1_SPMF,79,2,0.003500,0.000,0.010,5578380,47680,0,81,81,0,4,1,671378,72,667788,112,0.000000,0.057647,0.067303,93,0,63.10,671034,671034,344,389,SUCCESS,3563,0,equal,5163392,3699328,0,2902400,,,,,112,27,used,,,,20260910-0005
2026-09-10 03:06:24,HAUSP-UB[noEUCS],BMS1_SPMF,80,2,0.003500,0.000,0.010,5670506,48276,0,109,109,0,6,1,867593,87,862947,107,0.000000,0.050999,0.058390,93,0,57.91,867264,867264,358,405,SUCCESS,4619,0,equal,4983168,3753568,0,3136384,,,,,107,27,used,,,,20260910-0005
2026-09-10 03:06:24,HAUSP-UB[noEUCS],BMS1_SPMF,81,2,0.003500,0.000,0.010,5761596,48872,0,225,225,0,12,3,1742268,88,1732957,102,0.000000,0.041015,0.044659,93,0,58.28,1741922,1741922,343,407,SUCCESS,9282,0,equal,4999552,3813216,0,3186048,,,,,102,29,used,,,,20260910-0005
2026-09-10 03:06:25,HAUSP-UB[noEUCS],BMS1_SPMF,82,2,0.003500,0.000,0.010,5847417,49468,0,460,460,0,22,7,3280576,87,3262697,96,0.000000,0.038006,0.039893,94,0,59.96,3280228,3280228,356,407,SUCCESS,17851,0,equal,5069184,3871552,0,3192704,,,,,96,28,used,,,,20260910-0005
2026-09-10 03:06:26,HAUSP-UB[noEUCS],BMS1_SPMF,83,2,0.003500,0.000,0.010,5931483,50064,0,706,706,0,33,10,4838926,85,4812369,97,0.000000,0.038045,0.039338,94,0,60.36,4838577,4838577,367,407,SUCCESS,26530,0,equal,5142912,3927008,0,3250048,,,,,97,27,used,,,,20260910-0005
2026-09-10 03:06:27,HAUSP-UB[noEUCS],BMS1_SPMF,84,2,0.003500,0.000,0.010,6016431,50660,0,1172,1172,0,53,16,7663087,85,7619940,95,0.000000,0.037006,0.037798,94,0,62.40,7662739,7662739,375,407,SUCCESS,43121,0,equal,5302656,3979232,0,3296128,,,,,95,26,used,,,,20260910-0005
2026-09-10 03:06:31,HAUSP-UB[noEUCS],BMS1_SPMF,85,2,0.003500,0.000,0.010,6115884,51256,0,4525,4525,0,185,59,25984698,84,25830493,94,0.000000,0.038742,0.038959,94,0,62.45,25984348,25984348,417,407,SUCCESS,154178,0,equal,5302656,4042432,0,3305472,,,,,94,27,used,,,,20260910-0005
2026-09-10 03:06:53,HAUSP-UB[noEUCS],BMS1_SPMF,86,2,0.003500,0.000,0.010,6209225,51852,0,21415,21416,0,782,261,106585503,85,105903106,88,0.000000,0.041297,0.041346,92,0,64.55,106585153,106585153,461,408,SUCCESS,682369,0,equal,5430656,4103392,0,3354624,,,,,88,28,used,,,,20260910-0005
2026-09-10 03:07:22,HAUSP-UB[noEUCS],BMS1_SPMF,87,2,0.003500,0.000,0.010,6279327,52448,0,29541,29541,0,1035,350,140390395,85,139477317,88,0.000000,0.041618,0.041654,93,0,64.90,140390044,140390044,472,408,SUCCESS,913050,0,equal,5551488,4152032,0,3400704,,,,,88,28,used,,,,20260910-0005
2026-09-10 03:07:49,HAUSP-UB[noEUCS],BMS1_SPMF,88,2,0.003500,0.000,0.010,6355924,53044,0,26287,26287,0,921,309,124934801,95,124129179,88,0.000000,0.041210,0.041251,93,0,67.22,124934460,124934460,475,418,SUCCESS,805594,0,equal,5619072,4201568,0,3542528,,,,,88,28,used,,,,20260910-0005
2026-09-10 03:08:12,HAUSP-UB[noEUCS],BMS1_SPMF,89,2,0.003500,0.000,0.010,6439841,53640,0,22953,22953,0,801,268,108863400,95,108164910,87,0.000000,0.040923,0.040970,92,0,67.87,108863049,108863049,460,418,SUCCESS,698462,0,equal,5793152,4254464,0,3563008,,,,,87,28,used,,,,20260910-0005
2026-09-10 03:08:42,HAUSP-UB[noEUCS],BMS1_SPMF,90,2,0.003500,0.000,0.010,6521109,54236,0,30727,30728,0,1031,348,139039311,95,138132937,87,0.000000,0.041056,0.041093,92,0,69.80,139038958,139038958,471,418,SUCCESS,906344,0,equal,5913984,4313184,0,3617536,,,,,87,30,used,,,,20260910-0005
2026-09-10 03:09:10,HAUSP-UB[noEUCS],BMS1_SPMF,91,2,0.003500,0.000,0.010,6593646,54832,0,27683,27683,0,926,310,125134660,98,124325434,85,0.000000,0.040673,0.040714,92,0,70.40,125134305,125134305,466,419,SUCCESS,809191,0,equal,6051200,4363904,0,3633408,,,,,85,35,used,,,,20260910-0005
2026-09-10 03:09:34,HAUSP-UB[noEUCS],BMS1_SPMF,92,2,0.003500,0.000,0.010,6680680,55428,0,24163,24163,0,806,269,109107772,93,108405624,89,0.000000,0.040379,0.040427,92,0,64.65,109107414,109107414,460,419,SUCCESS,702116,0,equal,6215040,4420160,0,3678464,,,,,89,32,used,,,,20260910-0005
2026-09-10 03:09:56,HAUSP-UB[noEUCS],BMS1_SPMF,93,2,0.003500,0.000,0.010,6751104,56024,0,21616,21616,0,718,238,97258777,93,96635123,90,0.000000,0.040227,0.040282,92,0,65.01,97258418,97258418,452,419,SUCCESS,623621,0,equal,6303104,4466048,0,3691776,,,,,90,33,used,,,,20260910-0005
2026-09-10 03:10:15,HAUSP-UB[noEUCS],BMS1_SPMF,94,2,0.003500,0.000,0.010,6820246,56620,0,19348,19348,0,641,214,86886902,94,86332299,90,0.000000,0.039878,0.039940,93,0,66.68,86886543,86886543,449,419,SUCCESS,554569,0,equal,6333824,4514464,0,3713280,,,,,90,34,used,,,,20260910-0005
2026-09-10 03:10:32,HAUSP-UB[noEUCS],BMS1_SPMF,95,2,0.003500,0.000,0.010,6894538,57216,0,17064,17064,0,565,187,76666613,94,76178999,89,0.000000,0.039617,0.039688,93,0,67.04,76666253,76666253,447,419,SUCCESS,487579,0,equal,6413696,4564224,0,3721472,,,,,89,35,used,,,,20260910-0005
2026-09-10 03:10:47,HAUSP-UB[noEUCS],BMS1_SPMF,96,2,0.003500,0.000,0.010,6963424,57812,0,15208,15208,0,501,166,68186110,94,67754228,89,0.000000,0.039271,0.039351,93,0,69.06,68185748,68185748,441,419,SUCCESS,431845,0,equal,6507904,4612448,0,3763968,,,,,89,37,used,,,,20260910-0005
2026-09-10 03:11:01,HAUSP-UB[noEUCS],BMS1_SPMF,97,2,0.003500,0.000,0.010,7043908,58408,0,13214,13214,0,437,144,59412776,165,59037961,93,0.000000,0.038840,0.038934,93,0,73.04,59412486,59412486,509,492,SUCCESS,374779,0,equal,5567872,4667712,0,4804352,,,,,93,36,used,,,,20260910-0005
2026-09-10 03:11:29,HAUSP-UB[noEUCS],BMS1_SPMF,98,2,0.003500,0.000,0.010,7144788,59004,0,28250,28250,0,875,295,117179922,168,116411918,86,0.000000,0.039996,0.040041,93,0,75.31,117179561,117179561,463,494,SUCCESS,767967,0,equal,5721472,4733056,0,4853504,,,,,86,37,used,,,,20260910-0005
2026-09-10 03:11:54,HAUSP-UB[noEUCS],BMS1_SPMF,99,2,0.003500,0.000,0.010,7229030,59601,0,24947,24947,0,769,258,103110382,170,102437014,87,0.000000,0.039763,0.039814,93,0,76.03,103110021,103110021,457,497,SUCCESS,673331,0,equal,5918080,4788416,0,4931328,,,,,87,37,used,,,,20260910-0005
2026-09-10 03:12:02,HAUSP-UB[noEUCS],FIFA,0,0,0.012000,0.000,0.100,3756344,2045,3,7515,7519,0,147,45,19649479,1713,19533073,258,0.000000,0.094858,0.094965,277,0,118.67,19650999,19648623,2376,2027,SUCCESS,116084,0,equal,4065280,2450624,0,1826816,,,,,129,193,used,,,,20260910-0005
2026-09-10 03:12:22,HAUSP-UB[noEUCS],FIFA,1,0,0.012000,0.000,0.100,7402552,4090,1,19677,19679,0,215,59,25763977,2017,25611986,322,0.000000,0.095972,0.096070,231,0,138.54,25763808,25763533,624,2316,SUCCESS,151622,0,equal,8212480,4892320,0,6966912,,,,,112,159,used,,,,20260910-0005
2026-09-10 03:12:49,HAUSP-UB[noEUCS],FIFA,2,0,0.012000,0.000,0.100,11019641,6135,2,26967,26969,0,210,54,24613958,2168,24476734,292,0.000000,0.095572,0.095676,198,0,160.35,24613648,24613477,506,2471,SUCCESS,136882,0,equal,11517952,7266624,0,13195776,,,,,112,162,used,,,,20260910-0005
2026-09-10 03:13:23,HAUSP-UB[noEUCS],FIFA,3,0,0.012000,0.000,0.100,14678365,8180,2,34729,34731,0,202,51,23458022,2329,23327309,298,0.000000,0.096672,0.096780,215,0,186.58,23457731,23457584,498,2627,SUCCESS,130375,0,equal,17465344,9695616,0,19412224,,,,,109,149,used,,,,20260910-0005
2026-09-10 03:14:09,HAUSP-UB[noEUCS],FIFA,4,0,0.012000,0.000,0.100,18151189,10225,1,45756,45758,0,225,54,24282169,2436,24144432,292,0.000000,0.096911,0.097018,255,0,192.42,24281824,24281727,439,2730,SUCCESS,137397,0,equal,12615680,12007808,0,25950592,,,,,106,154,used,,,,20260910-0005
2026-09-10 03:15:03,HAUSP-UB[noEUCS],FIFA,5,0,0.012000,0.000,0.100,21657235,12270,1,53939,53941,0,237,54,23893546,2515,23758249,312,0.000000,0.097110,0.097222,280,0,192.92,23893180,23893096,420,2811,SUCCESS,134941,0,equal,22413312,14372960,0,34524160,,,,,107,151,used,,,,20260910-0005
2026-09-10 03:16:06,HAUSP-UB[noEUCS],FIFA,6,0,0.012000,0.000,0.100,25389899,14315,1,62516,62518,0,242,54,23628184,2564,23493963,291,0.000000,0.096515,0.096624,313,0,205.69,23627775,23627729,385,2859,SUCCESS,133875,0,equal,29491200,16826752,0,38904704,,,,,107,162,used,,,,20260910-0005
2026-09-10 03:17:18,HAUSP-UB[noEUCS],FIFA,7,0,0.012000,0.000,0.100,28870802,16360,1,72681,72682,0,252,55,23966676,2612,23830349,299,0.000000,0.095810,0.095917,346,0,228.37,23966266,23966221,382,2907,SUCCESS,135970,0,equal,37421056,19130880,0,43622144,,,,,105,163,used,,,,20260910-0005
2026-09-10 03:18:40,HAUSP-UB[noEUCS],FIFA,8,0,0.012000,0.000,0.100,32371418,18405,1,81338,81340,0,260,55,23784267,2653,23649824,299,0.000000,0.096367,0.096474,371,0,249.67,23783848,23783813,369,2943,SUCCESS,134079,0,equal,41943040,21438144,0,48786816,,,,,100,165,used,,,,20260910-0005
2026-09-10 03:20:07,HAUSP-UB[noEUCS],FIFA,9,0,0.012000,0.000,0.100,35721991,20450,1,87168,87169,0,261,53,22652772,2701,22523748,267,0.000000,0.096915,0.097026,334,0,267.65,22652365,22652320,378,2990,SUCCESS,128691,0,equal,42860544,23714944,0,56467712,,,,,99,165,used,,,,20260910-0005
2026-09-10 03:20:15,HAUSP-UB[noEUCS],FIFA,0,1,0.012000,0.000,0.100,3756344,2045,3,7489,7493,0,144,45,19649479,1713,19533073,258,0.000000,0.094858,0.094965,277,0,116.74,19650999,19648623,2376,2027,SUCCESS,116084,0,equal,4173824,2450624,0,1826816,,,,,129,193,used,,,,20260910-0005
2026-09-10 03:20:35,HAUSP-UB[noEUCS],FIFA,1,1,0.012000,0.000,0.100,7402552,4090,1,19673,19675,0,220,59,25763977,2017,25611986,322,0.000000,0.095972,0.096070,231,0,137.61,25763808,25763533,624,2316,SUCCESS,151622,0,equal,8425472,4892320,0,6966912,,,,,112,159,used,,,,20260910-0005
2026-09-10 03:21:02,HAUSP-UB[noEUCS],FIFA,2,1,0.012000,0.000,0.100,11019641,6135,1,27391,27393,0,202,54,24613958,2168,24476734,292,0.000000,0.095572,0.095676,198,0,145.51,24613648,24613477,506,2471,SUCCESS,136882,0,equal,4702208,7266624,0,13195776,,,,,112,162,used,,,,20260910-0005
2026-09-10 03:21:37,HAUSP-UB[noEUCS],FIFA,3,1,0.012000,0.000,0.100,14678365,8180,1,35184,35186,0,216,51,23458022,2329,23327309,298,0.000000,0.096672,0.096780,215,0,166.46,23457731,23457584,498,2627,SUCCESS,130375,0,equal,17727488,9695616,0,19412224,,,,,109,149,used,,,,20260910-0005
2026-09-10 03:22:23,HAUSP-UB[noEUCS],FIFA,4,1,0.012000,0.000,0.100,18151189,10225,1,45745,45747,0,234,55,24282169,2436,24144432,292,0.000000,0.096911,0.097018,255,0,172.36,24281824,24281727,439,2730,SUCCESS,137397,0,equal,12615680,12007808,0,25950592,,,,,106,154,used,,,,20260910-0005
2026-09-10 03:23:17,HAUSP-UB[noEUCS],FIFA,5,1,0.012000,0.000,0.100,21657235,12270,2,53894,53896,0,232,54,23893546,2515,23758249,312,0.000000,0.097110,0.097222,280,0,192.78,23893180,23893096,420,2811,SUCCESS,134941,0,equal,22691840,14372960,0,34524160,,,,,107,151,used,,,,20260910-0005
2026-09-10 03:24:20,HAUSP-UB[noEUCS],FIFA,6,1,0.012000,0.000,0.100,25389899,14315,2,62705,62707,0,237,54,23628184,2564,23493963,291,0.000000,0.096515,0.096624,313,0,216.90,23627775,23627729,385,2859,SUCCESS,133875,0,equal,29327360,16826752,0,38904704,,,,,107,162,used,,,,20260910-0005
2026-09-10 03:25:32,HAUSP-UB[noEUCS],FIFA,7,1,0.012000,0.000,0.100,28870802,16360,1,72566,72568,0,259,56,23966676,2612,23830349,299,0.000000,0.095810,0.095917,346,0,243.85,23966266,23966221,382,2907,SUCCESS,135970,0,equal,37421056,19130880,0,43622144,,,,,105,163,used,,,,20260910-0005
2026-09-10 03:26:53,HAUSP-UB[noEUCS],FIFA,8,1,0.012000,0.000,0.100,32371418,18405,1,80848,80850,0,260,55,23784267,2653,23649824,299,0.000000,0.096367,0.096474,371,0,265.41,23783848,23783813,369,2943,SUCCESS,134079,0,equal,41713664,21438144,0,48786816,,,,,100,165,used,,,,20260910-0005
2026-09-10 03:28:20,HAUSP-UB[noEUCS],FIFA,9,1,0.012000,0.000,0.100,35721991,20450,1,86354,86356,0,256,54,22652772,2701,22523748,267,0.000000,0.096915,0.097026,334,0,285.10,22652365,22652320,378,2990,SUCCESS,128691,0,equal,42532864,23714944,0,56467712,,,,,99,165,used,,,,20260910-0005
2026-09-10 03:28:28,HAUSP-UB[noEUCS],FIFA,0,2,0.012000,0.000,0.100,3756344,2045,4,7502,7507,0,145,45,19649479,1713,19533073,258,0.000000,0.094858,0.094965,277,0,116.74,19650999,19648623,2376,2027,SUCCESS,116084,0,equal,3698688,2450624,0,1826816,,,,,129,193,used,,,,20260910-0005
2026-09-10 03:28:48,HAUSP-UB[noEUCS],FIFA,1,2,0.012000,0.000,0.100,7402552,4090,2,19758,19760,0,223,59,25763977,2017,25611986,322,0.000000,0.095972,0.096070,231,0,138.55,25763808,25763533,624,2316,SUCCESS,151622,0,equal,8425472,4892320,0,6966912,,,,,112,159,used,,,,20260910-0005
2026-09-10 03:29:15,HAUSP-UB[noEUCS],FIFA,2,2,0.012000,0.000,0.100,11019641,6135,2,26997,27000,0,214,53,24613958,2168,24476734,292,0.000000,0.095572,0.095676,198,0,158.43,24613648,24613477,506,2471,SUCCESS,136882,0,equal,11132928,7266624,0,13195776,,,,,112,162,used,,,,20260910-0005
2026-09-10 03:29:49,HAUSP-UB[noEUCS],FIFA,3,2,0.012000,0.000,0.100,14678365,8180,2,34682,34684,0,206,51,23458022,2329,23327309,298,0.000000,0.096672,0.096780,215,0,184.65,23457731,23457584,498,2627,SUCCESS,130375,0,equal,17252352,9695616,0,19412224,,,,,109,149,used,,,,20260910-0005
2026-09-10 03:30:35,HAUSP-UB[noEUCS],FIFA,4,2,0.012000,0.000,0.100,18151189,10225,2,45691,45694,0,237,55,24282169,2436,24144432,292,0.000000,0.096911,0.097018,255,0,190.46,24281824,24281727,439,2730,SUCCESS,137397,0,equal,12615680,12007808,0,25950592,,,,,106,154,used,,,,20260910-0005
2026-09-10 03:31:29,HAUSP-UB[noEUCS],FIFA,5,2,0.012000,0.000,0.100,21657235,12270,1,53838,53840,0,242,54,23893546,2515,23758249,312,0.000000,0.097110,0.097222,280,0,194.06,23893180,23893096,420,2811,SUCCESS,134941,0,equal,22691840,14372960,0,34524160,,,,,107,151,used,,,,20260910-0005
2026-09-10 03:32:32,HAUSP-UB[noEUCS],FIFA,6,2,0.012000,0.000,0.100,25389899,14315,1,62782,62784,0,248,54,23628184,2564,23493963,291,0.000000,0.096515,0.096624,313,0,218.30,23627775,23627729,385,2859,SUCCESS,133875,0,equal,29327360,16826752,0,38904704,,,,,107,162,used,,,,20260910-0005
2026-09-10 03:33:43,HAUSP-UB[noEUCS],FIFA,7,2,0.012000,0.000,0.100,28870802,16360,1,71109,71111,0,251,56,23966676,2612,23830349,299,0.000000,0.095810,0.095917,346,0,239.10,23966266,23966221,382,2907,SUCCESS,135970,0,equal,34095104,19130880,0,43622144,,,,,105,163,used,,,,20260910-0005
2026-09-10 03:35:03,HAUSP-UB[noEUCS],FIFA,8,2,0.012000,0.000,0.100,32371418,18405,1,80062,80064,0,254,55,23784267,2653,23649824,299,0.000000,0.096367,0.096474,371,0,241.32,23783848,23783813,369,2943,SUCCESS,134079,0,equal,41713664,21438144,0,48786816,,,,,100,165,used,,,,20260910-0005
2026-09-10 03:36:29,HAUSP-UB[noEUCS],FIFA,9,2,0.012000,0.000,0.100,35721991,20450,1,85849,85850,0,247,53,22652772,2701,22523748,267,0.000000,0.096915,0.097026,334,0,261.74,22652365,22652320,378,2990,SUCCESS,128691,0,equal,42795008,23714944,0,56467712,,,,,99,165,used,,,,20260910-0005
2026-09-10 03:36:33,HAUSP-UB[noEUCS],FIFA,0,0,0.012000,0.000,0.050,1858240,1023,1,3292,3294,0,122,38,17070254,1348,16970770,245,0.000000,0.095740,0.095856,313,0,110.59,17071393,17069404,1989,1654,SUCCESS,99146,0,equal,1721344,1210560,0,946688,,,,,116,209,used,,,,20260910-0005
2026-09-10 03:36:40,HAUSP-UB[noEUCS],FIFA,1,0,0.012000,0.000,0.050,3758740,2046,1,7490,7491,0,148,45,19586735,1713,19470514,247,0.000000,0.094852,0.094958,277,0,120.45,19586601,19586214,722,2027,SUCCESS,115910,0,equal,3399680,2451872,0,3862400,,,,,129,193,used,,,,20260910-0005
2026-09-10 03:36:54,HAUSP-UB[noEUCS],FIFA,2,0,0.012000,0.000,0.050,5613780,3069,0,13886,13887,0,204,56,24305758,1888,24162146,272,0.000000,0.093823,0.093922,217,0,131.68,24305431,24305276,504,2187,SUCCESS,143260,0,equal,5455872,3705056,0,6909056,,,,,108,188,used,,,,20260910-0005
2026-09-10 03:37:14,HAUSP-UB[noEUCS],FIFA,3,0,0.012000,0.000,0.050,7404288,4092,0,19783,19784,0,222,59,25749436,2017,25597546,313,0.000000,0.095984,0.096082,231,0,143.20,25749107,25748987,464,2316,SUCCESS,151530,0,equal,8105984,4893696,0,9599104,,,,,112,159,used,,,,20260910-0005
2026-09-10 03:37:36,HAUSP-UB[noEUCS],FIFA,4,0,0.012000,0.000,0.050,9224583,5115,0,22318,22319,0,206,54,23227148,2075,23089262,298,0.000000,0.095014,0.095116,269,0,154.73,23226749,23226684,400,2379,SUCCESS,137550,0,equal,10706944,6071520,0,12099200,,,,,120,158,used,,,,20260910-0005
2026-09-10 03:38:03,HAUSP-UB[noEUCS],FIFA,5,0,0.012000,0.000,0.050,11025395,6138,1,26956,26957,0,221,54,24577142,2168,24440141,287,0.000000,0.095558,0.095662,198,0,166.22,24576769,24576663,443,2471,SUCCESS,136664,0,equal,11272192,7269696,0,16673920,,,,,112,162,used,,,,20260910-0005
2026-09-10 03:38:34,HAUSP-UB[noEUCS],FIFA,6,0,0.012000,0.000,0.050,12848017,7161,0,30786,30787,0,218,52,24017189,2223,23883848,306,0.000000,0.096581,0.096690,194,0,177.51,24016785,24016733,403,2526,SUCCESS,132994,0,equal,13926400,8476416,0,19203200,,,,,115,156,used,,,,20260910-0005
2026-09-10 03:39:09,HAUSP-UB[noEUCS],FIFA,7,0,0.012000,0.000,0.050,14682592,8184,0,34682,34683,0,214,51,23480329,2332,23349480,299,0.000000,0.096688,0.096796,215,0,195.84,23479986,23479888,446,2630,SUCCESS,130510,0,equal,18120704,9698592,0,23805696,,,,,109,149,used,,,,20260910-0005
2026-09-10 03:39:49,HAUSP-UB[noEUCS],FIFA,8,0,0.012000,0.000,0.050,16440240,9207,0,40313,40314,0,223,53,23955582,2396,23820414,291,0.000000,0.096895,0.097001,254,0,209.59,23955201,23955141,402,2693,SUCCESS,134840,0,equal,20488192,10864032,0,27878656,,,,,110,147,used,,,,20260910-0005
2026-09-10 03:40:34,HAUSP-UB[noEUCS],FIFA,9,0,0.012000,0.000,0.050,18165170,10230,1,45141,45142,0,235,55,24330676,2437,24192632,303,0.000000,0.096911,0.097017,256,0,172.74,24330266,24330232,373,2730,SUCCESS,137692,0,equal,21790720,12016128,0,30954880,,,,,105,154,used,,,,20260910-0005
2026-09-10 03:41:23,HAUSP-UB[noEUCS],FIFA,10,0,0.012000,0.000,0.050,19938117,11253,0,48947,48948,0,236,54,23995548,2486,23859841,342,0.000000,0.096862,0.096973,250,0,182.93,23995149,23995095,390,2781,SUCCESS,135317,0,equal,21471232,13202464,0,35370496,,,,,107,155,used,,,,20260910-0005
2026-09-10 03:42:16,HAUSP-UB[noEUCS],FIFA,11,0,0.012000,0.000,0.050,21663253,12276,0,53100,53101,0,241,54,23860449,2515,23725245,305,0.000000,0.097103,0.097215,279,0,194.85,23860032,23860002,369,2811,SUCCESS,134855,0,equal,22790144,14377952,0,39491200,,,,,107,151,used,,,,20260910-0005
2026-09-10 03:43:13,HAUSP-UB[noEUCS],FIFA,12,0,0.012000,0.000,0.050,23551702,13299,0,56372,56373,0,238,53,23518865,2537,23386823,286,0.000000,0.096714,0.096826,308,0,202.80,23518431,23518410,360,2832,SUCCESS,131702,0,equal,23986176,15619104,0,41614336,,,,,106,160,used,,,,20260910-0005
2026-09-10 03:44:15,HAUSP-UB[noEUCS],FIFA,13,0,0.012000,0.000,0.050,25403667,14322,0,62407,62408,0,246,55,23624946,2564,23490744,293,0.000000,0.096482,0.096592,316,0,220.09,23624516,23624491,364,2859,SUCCESS,133854,0,equal,29982720,16834944,0,43856384,,,,,107,162,used,,,,20260910-0005
2026-09-10 03:45:21,HAUSP-UB[noEUCS],FIFA,14,0,0.012000,0.000,0.050,27117005,15345,0,65806,65807,0,240,54,23199540,2598,23067615,322,0.000000,0.096179,0.096292,321,0,240.02,23199121,23199089,369,2894,SUCCESS,131553,0,equal,35848192,17971424,0,47321088,,,,,108,158,used,,,,20260910-0005
2026-09-10 03:46:32,HAUSP-UB[noEUCS],FIFA,15,0,0.012000,0.000,0.050,28879914,16368,0,71374,71375,0,259,55,23946712,2612,23810509,296,0.000000,0.095816,0.095924,345,0,244.99,23946267,23946254,347,2907,SUCCESS,135849,0,equal,36864000,19138016,0,48892800,,,,,105,163,used,,,,20260910-0005
2026-09-10 03:47:49,HAUSP-UB[noEUCS],FIFA,16,0,0.012000,0.000,0.050,30622327,17391,0,76750,76751,0,266,56,24201522,2644,24064962,292,0.000000,0.096174,0.096281,334,0,240.90,24201091,24201062,363,2935,SUCCESS,136201,0,equal,41648128,20295232,0,52812160,,,,,101,168,used,,,,20260910-0005
2026-09-10 03:49:10,HAUSP-UB[noEUCS],FIFA,17,0,0.012000,0.000,0.050,32384269,18414,0,80508,80508,0,263,56,23838534,2653,23703765,301,0.000000,0.096357,0.096463,373,0,247.68,23838087,23838081,341,2943,SUCCESS,134403,0,equal,42336256,21447872,0,54512512,,,,,100,165,used,,,,20260910-0005
2026-09-10 03:50:32,HAUSP-UB[noEUCS],FIFA,18,0,0.012000,0.000,0.050,34114290,19437,0,82756,82757,0,266,54,23174282,2671,23043617,271,0.000000,0.096451,0.096561,350,0,256.34,23173846,23173828,351,2961,SUCCESS,130330,0,equal,43057152,22595552,0,57712896,,,,,100,164,used,,,,20260910-0005
2026-09-10 03:51:58,HAUSP-UB[noEUCS],FIFA,19,0,0.012000,0.000,0.050,35721991,20450,0,85783,85784,0,264,54,22652772,2701,22523748,267,0.000000,0.096915,0.097026,334,0,266.57,22652347,22652320,360,2990,SUCCESS,128691,0,equal,42795008,23714944,0,62244480,,,,,99,165,used,,,,20260910-0005
2026-09-10 03:52:02,HAUSP-UB[noEUCS],FIFA,0,1,0.012000,0.000,0.050,1858240,1023,1,3297,3299,0,121,38,17070254,1348,16970770,245,0.000000,0.095740,0.095856,313,0,109.82,17071393,17069404,1989,1654,SUCCESS,99146,0,equal,1721344,1210560,0,946688,,,,,116,209,used,,,,20260910-0005
2026-09-10 03:52:10,HAUSP-UB[noEUCS],FIFA,1,1,0.012000,0.000,0.050,3758740,2046,1,7495,7496,0,148,45,19586735,1713,19470514,247,0.000000,0.094852,0.094958,277,0,120.45,19586601,19586214,722,2027,SUCCESS,115910,0,equal,3584000,2451872,0,3862400,,,,,129,193,used,,,,20260910-0005
2026-09-10 03:52:24,HAUSP-UB[noEUCS],FIFA,2,1,0.012000,0.000,0.050,5613780,3069,1,13906,13907,0,205,56,24305758,1888,24162146,272,0.000000,0.093823,0.093922,217,0,131.96,24305431,24305276,504,2187,SUCCESS,143260,0,equal,5636096,3705056,0,6909056,,,,,108,188,used,,,,20260910-0005
2026-09-10 03:52:43,HAUSP-UB[noEUCS],FIFA,3,1,0.012000,0.000,0.050,7404288,4092,0,19757,19758,0,224,59,25749436,2017,25597546,313,0.000000,0.095984,0.096082,231,0,143.23,25749107,25748987,464,2316,SUCCESS,151530,0,equal,8105984,4893696,0,9599104,,,,,112,159,used,,,,20260910-0005
2026-09-10 03:53:06,HAUSP-UB[noEUCS],FIFA,4,1,0.012000,0.000,0.050,9224583,5115,0,22357,22358,0,208,54,23227148,2075,23089262,298,0.000000,0.095014,0.095116,269,0,154.73,23226749,23226684,400,2379,SUCCESS,137550,0,equal,10805248,6071520,0,12099200,,,,,120,158,used,,,,20260910-0005
2026-09-10 03:53:33,HAUSP-UB[noEUCS],FIFA,5,1,0.012000,0.000,0.050,11025395,6138,0,26988,26989,0,221,54,24577142,2168,24440141,287,0.000000,0.095558,0.095662,198,0,166.20,24576769,24576663,443,2471,SUCCESS,136664,0,equal,11468800,7269696,0,16673920,,,,,112,162,used,,,,20260910-0005
2026-09-10 03:54:03,HAUSP-UB[noEUCS],FIFA,6,1,0.012000,0.000,0.050,12848017,7161,0,30807,30808,0,218,52,24017189,2223,23883848,306,0.000000,0.096581,0.096690,194,0,177.49,24016785,24016733,403,2526,SUCCESS,132994,0,equal,14123008,8476416,0,19203200,,,,,115,156,used,,,,20260910-0005
2026-09-10 03:54:38,HAUSP-UB[noEUCS],FIFA,7,1,0.012000,0.000,0.050,14682592,8184,0,34784,34785,0,215,51,23480329,2332,23349480,299,0.000000,0.096688,0.096796,215,0,195.79,23479986,23479888,446,2630,SUCCESS,130510,0,equal,18120704,9698592,0,23805696,,,,,109,149,used,,,,20260910-0005
2026-09-10 03:55:19,HAUSP-UB[noEUCS],FIFA,8,1,0.012000,0.000,0.050,16440240,9207,0,40340,40340,0,219,53,23955582,2396,23820414,291,0.000000,0.096895,0.097001,254,0,209.53,23955201,23955141,402,2693,SUCCESS,134840,0,equal,20488192,10864032,0,27878656,,,,,110,147,used,,,,20260910-0005
2026-09-10 03:56:04,HAUSP-UB[noEUCS],FIFA,9,1,0.012000,0.000,0.050,18165170,10230,1,45136,45137,0,236,55,24330676,2437,24192632,303,0.000000,0.096911,0.097017,256,0,175.82,24330266,24330232,373,2730,SUCCESS,137692,0,equal,21790720,12016128,0,30954880,,,,,105,154,used,,,,20260910-0005
2026-09-10 03:56:53,HAUSP-UB[noEUCS],FIFA,10,1,0.012000,0.000,0.050,19938117,11253,0,49007,49008,0,226,54,23995548,2486,23859841,342,0.000000,0.096862,0.096973,250,0,186.02,23995149,23995095,390,2781,SUCCESS,135317,0,equal,21790720,13202464,0,35370496,,,,,107,155,used,,,,20260910-0005
2026-09-10 03:57:46,HAUSP-UB[noEUCS],FIFA,11,1,0.012000,0.000,0.050,21663253,12276,0,53171,53172,0,234,54,23860449,2515,23725245,305,0.000000,0.097103,0.097215,279,0,197.63,23860032,23860002,369,2811,SUCCESS,134855,0,equal,22839296,14377952,0,39491200,,,,,107,151,used,,,,20260910-0005
2026-09-10 03:58:42,HAUSP-UB[noEUCS],FIFA,12,1,0.012000,0.000,0.050,23551702,13299,0,56412,56413,0,235,53,23518865,2537,23386823,286,0.000000,0.096714,0.096826,308,0,205.04,23518431,23518410,360,2832,SUCCESS,131702,0,equal,23756800,15619104,0,41614336,,,,,106,160,used,,,,20260910-0005
2026-09-10 03:59:45,HAUSP-UB[noEUCS],FIFA,13,1,0.012000,0.000,0.050,25403667,14322,0,62412,62413,0,239,54,23624946,2564,23490744,293,0.000000,0.096482,0.096592,316,0,222.00,23624516,23624491,364,2859,SUCCESS,133854,0,equal,29360128,16834944,0,43856384,,,,,107,162,used,,,,20260910-0005
2026-09-10 04:00:50,HAUSP-UB[noEUCS],FIFA,14,1,0.012000,0.000,0.050,27117005,15345,0,64908,64909,0,242,53,23199540,2598,23067615,322,0.000000,0.096179,0.096292,321,0,232.10,23199121,23199089,369,2894,SUCCESS,131553,0,equal,30539776,17971424,0,47321088,,,,,108,158,used,,,,20260910-0005
2026-09-10 04:02:02,HAUSP-UB[noEUCS],FIFA,15,1,0.012000,0.000,0.050,28879914,16368,1,72277,72278,0,252,56,23946712,2612,23810509,296,0.000000,0.095816,0.095924,345,0,237.13,23946267,23946254,347,2907,SUCCESS,135849,0,equal,40599552,19138016,0,48892800,,,,,105,163,used,,,,20260910-0005
2026-09-10 04:03:20,HAUSP-UB[noEUCS],FIFA,16,1,0.012000,0.000,0.050,30622327,17391,1,77717,77718,0,264,56,24201522,2644,24064962,292,0.000000,0.096174,0.096281,334,0,247.89,24201091,24201062,363,2935,SUCCESS,136201,0,equal,41648128,20295232,0,52812160,,,,,101,168,used,,,,20260910-0005
2026-09-10 04:04:41,HAUSP-UB[noEUCS],FIFA,17,1,0.012000,0.000,0.050,32384269,18414,1,81497,81498,0,265,56,23838534,2653,23703765,301,0.000000,0.096357,0.096463,373,0,255.33,23838087,23838081,341,2943,SUCCESS,134403,0,equal,42762240,21447872,0,54512512,,,,,100,165,used,,,,20260910-0005
2026-09-10 04:06:05,HAUSP-UB[noEUCS],FIFA,18,1,0.012000,0.000,0.050,34114290,19437,1,83717,83718,0,258,55,23174282,2671,23043617,271,0.000000,0.096451,0.096561,350,0,263.58,23173846,23173828,351,2961,SUCCESS,130330,0,equal,43057152,22595552,0,57712896,,,,,100,164,used,,,,20260910-0005
2026-09-10 04:07:32,HAUSP-UB[noEUCS],FIFA,19,1,0.012000,0.000,0.050,35721991,20450,1,86586,86587,0,256,54,22652772,2701,22523748,267,0.000000,0.096915,0.097026,334,0,274.71,22652347,22652320,360,2990,SUCCESS,128691,0,equal,43057152,23714944,0,62244480,,,,,99,165,used,,,,20260910-0005
2026-09-10 04:07:36,HAUSP-UB[noEUCS],FIFA,0,2,0.012000,0.000,0.050,1858240,1023,2,3303,3306,0,121,38,17070254,1348,16970770,245,0.000000,0.095740,0.095856,313,0,108.46,17071393,17069404,1989,1654,SUCCESS,99146,0,equal,1506304,1210560,0,946688,,,,,116,209,used,,,,20260910-0005
2026-09-10 04:07:43,HAUSP-UB[noEUCS],FIFA,1,2,0.012000,0.000,0.050,3758740,2046,1,7507,7509,0,147,45,19586735,1713,19470514,247,0.000000,0.094852,0.094958,277,0,121.09,19586601,19586214,722,2027,SUCCESS,115910,0,equal,3686400,2451872,0,3862400,,,,,129,193,used,,,,20260910-0005
2026-09-10 04:07:57,HAUSP-UB[noEUCS],FIFA,2,2,0.012000,0.000,0.050,5613780,3069,1,13961,13962,0,204,56,24305758,1888,24162146,272,0.000000,0.093823,0.093922,217,0,131.35,24305431,24305276,504,2187,SUCCESS,143260,0,equal,5455872,3705056,0,6909056,,,,,108,188,used,,,,20260910-0005
2026-09-10 04:08:17,HAUSP-UB[noEUCS],FIFA,3,2,0.012000,0.000,0.050,7404288,4092,1,19774,19775,0,220,59,25749436,2017,25597546,313,0.000000,0.095984,0.096082,231,0,142.23,25749107,25748987,464,2316,SUCCESS,151530,0,equal,7696384,4893696,0,9599104,,,,,112,159,used,,,,20260910-0005
2026-09-10 04:08:39,HAUSP-UB[noEUCS],FIFA,4,2,0.012000,0.000,0.050,9224583,5115,1,22419,22420,0,203,54,23227148,2075,23089262,298,0.000000,0.095014,0.095116,269,0,153.11,23226749,23226684,400,2379,SUCCESS,137550,0,equal,10084352,6071520,0,12099200,,,,,120,158,used,,,,20260910-0005
2026-09-10 04:09:06,HAUSP-UB[noEUCS],FIFA,5,2,0.012000,0.000,0.050,11025395,6138,1,27089,27090,0,213,54,24577142,2168,24440141,287,0.000000,0.095558,0.095662,198,0,166.53,24576769,24576663,443,2471,SUCCESS,136664,0,equal,11468800,7269696,0,16673920,,,,,112,162,used,,,,20260910-0005
2026-09-10 04:09:37,HAUSP-UB[noEUCS],FIFA,6,2,0.012000,0.000,0.050,12848017,7161,0,30951,30952,0,211,52,24017189,2223,23883848,306,0.000000,0.096581,0.096690,194,0,176.86,24016785,24016733,403,2526,SUCCESS,132994,0,equal,13926400,8476416,0,19203200,,,,,115,156,used,,,,20260910-0005
2026-09-10 04:10:12,HAUSP-UB[noEUCS],FIFA,7,2,0.012000,0.000,0.050,14682592,8184,0,34785,34786,0,208,52,23480329,2332,23349480,299,0.000000,0.096688,0.096796,215,0,195.46,23479986,23479888,446,2630,SUCCESS,130510,0,equal,17793024,9698592,0,23805696,,,,,109,149,used,,,,20260910-0005
2026-09-10 04:10:53,HAUSP-UB[noEUCS],FIFA,8,2,0.012000,0.000,0.050,16440240,9207,0,40364,40365,0,216,54,23955582,2396,23820414,291,0.000000,0.096895,0.097001,254,0,211.43,23955201,23955141,402,2693,SUCCESS,134840,0,equal,21168128,10864032,0,27878656,,,,,110,147,used,,,,20260910-0005
2026-09-10 04:11:38,HAUSP-UB[noEUCS],FIFA,9,2,0.012000,0.000,0.050,18165170,10230,0,45875,45876,0,225,55,24330676,2437,24192632,303,0.000000,0.096911,0.097017,256,0,219.70,24330266,24330232,373,2730,SUCCESS,137692,0,equal,21626880,12016128,0,30954880,,,,,105,154,used,,,,20260910-0005
2026-09-10 04:12:28,HAUSP-UB[noEUCS],FIFA,10,2,0.012000,0.000,0.050,19938117,11253,1,49029,49030,0,232,54,23995548,2486,23859841,342,0.000000,0.096862,0.096973,250,0,227.96,23995149,23995095,390,2781,SUCCESS,135317,0,equal,21790720,13202464,0,35370496,,,,,107,155,used,,,,20260910-0005
2026-09-10 04:13:21,HAUSP-UB[noEUCS],FIFA,11,2,0.012000,0.000,0.050,21663253,12276,0,53011,53012,0,239,54,23860449,2515,23725245,305,0.000000,0.097103,0.097215,279,0,189.97,23860032,23860002,369,2811,SUCCESS,134855,0,equal,23035904,14377952,0,39491200,,,,,107,151,used,,,,20260910-0005
2026-09-10 04:14:17,HAUSP-UB[noEUCS],FIFA,12,2,0.012000,0.000,0.050,23551702,13299,0,56369,56370,0,239,53,23518865,2537,23386823,286,0.000000,0.096714,0.096826,308,0,196.61,23518431,23518410,360,2832,SUCCESS,131702,0,equal,23592960,15619104,0,41614336,,,,,106,160,used,,,,20260910-0005
2026-09-10 04:15:20,HAUSP-UB[noEUCS],FIFA,13,2,0.012000,0.000,0.050,25403667,14322,0,62516,62517,0,244,55,23624946,2564,23490744,293,0.000000,0.096482,0.096592,316,0,214.94,23624516,23624491,364,2859,SUCCESS,133854,0,equal,29982720,16834944,0,43856384,,,,,107,162,used,,,,20260910-0005
2026-09-10 04:16:26,HAUSP-UB[noEUCS],FIFA,14,2,0.012000,0.000,0.050,27117005,15345,0,66102,66102,0,244,54,23199540,2598,23067615,322,0.000000,0.096179,0.096292,321,0,235.47,23199121,23199089,369,2894,SUCCESS,131553,0,equal,36175872,17971424,0,47321088,,,,,108,158,used,,,,20260910-0005
2026-09-10 04:17:39,HAUSP-UB[noEUCS],FIFA,15,2,0.012000,0.000,0.050,28879914,16368,0,73302,73303,0,260,56,23946712,2612,23810509,296,0.000000,0.095816,0.095924,345,0,249.27,23946267,23946254,347,2907,SUCCESS,135849,0,equal,40828928,19138016,0,48892800,,,,,105,163,used,,,,20260910-0005
2026-09-10 04:18:55,HAUSP-UB[noEUCS],FIFA,16,2,0.012000,0.000,0.050,30622327,17391,0,76132,76133,0,255,56,24201522,2644,24064962,292,0.000000,0.096174,0.096281,334,0,256.07,24201091,24201062,363,2935,SUCCESS,136201,0,equal,39714816,20295232,0,52812160,,,,,101,168,used,,,,20260910-0005
2026-09-10 04:20:15,HAUSP-UB[noEUCS],FIFA,17,2,0.012000,0.000,0.050,32384269,18414,0,79762,79763,0,248,55,23838534,2653,23703765,301,0.000000,0.096357,0.096463,373,0,246.30,23838087,23838081,341,2943,SUCCESS,134403,0,equal,42762240,21447872,0,54512512,,,,,100,165,used,,,,20260910-0005
2026-09-10 04:21:37,HAUSP-UB[noEUCS],FIFA,18,2,0.012000,0.000,0.050,34114290,19437,0,82117,82118,0,251,55,23174282,2671,23043617,271,0.000000,0.096451,0.096561,350,0,254.48,23173846,23173828,351,2961,SUCCESS,130330,0,equal,43057152,22595552,0,57712896,,,,,100,164,used,,,,20260910-0005
2026-09-10 04:23:02,HAUSP-UB[noEUCS],FIFA,19,2,0.012000,0.000,0.050,35721991,20450,0,85126,85127,0,254,54,22652772,2701,22523748,267,0.000000,0.096915,0.097026,334,0,264.34,22652347,22652320,360,2990,SUCCESS,128691,0,equal,42401792,23714944,0,62244480,,,,,99,165,used,,,,20260910-0005
2026-09-10 04:23:04,HAUSP-UB[noEUCS],FIFA,0,0,0.012000,0.000,0.020,758793,409,0,1022,1023,0,83,28,11500109,901,11426984,323,0.000000,0.095230,0.095373,821,0,106.65,11500783,11499235,1548,1223,SUCCESS,72827,0,equal,575488,473248,0,408704,,,,,252,227,used,,,,20260910-0005
2026-09-10 04:23:06,HAUSP-UB[noEUCS],FIFA,1,0,0.012000,0.000,0.020,1482563,818,0,2545,2545,0,116,36,16504868,1237,16409557,220,0.000000,0.096809,0.096927,311,0,111.14,16504668,16504331,662,1553,SUCCESS,95013,0,equal,1312768,968160,0,1440768,,,,,136,214,used,,,,20260910-0005
2026-09-10 04:23:10,HAUSP-UB[noEUCS],FIFA,2,0,0.012000,0.000,0.020,2212254,1227,0,3861,3861,0,119,37,16640628,1432,16542460,211,0.000000,0.099267,0.099380,277,0,115.62,16640292,16640115,509,1736,SUCCESS,97858,0,equal,2428928,1450208,0,2441344,,,,,116,215,used,,,,20260910-0005
2026-09-10 04:23:17,HAUSP-UB[noEUCS],FIFA,3,0,0.012000,0.000,0.020,2983978,1636,0,6650,6651,0,157,49,21578876,1591,21450483,245,0.000000,0.095415,0.095511,387,0,118.34,21578524,21578359,491,1885,SUCCESS,128045,0,equal,1938432,1950528,0,4094592,,,,,104,207,used,,,,20260910-0005
2026-09-10 04:23:25,HAUSP-UB[noEUCS],FIFA,4,0,0.012000,0.000,0.020,3756344,2045,0,7630,7631,0,160,45,19649479,1713,19533073,258,0.000000,0.094858,0.094965,277,0,125.07,19649114,19648965,491,2027,SUCCESS,116084,0,equal,3608576,2450624,0,5517440,,,,,129,193,used,,,,20260910-0005
2026-09-10 04:23:34,HAUSP-UB[noEUCS],FIFA,5,0,0.012000,0.000,0.020,4518211,2454,0,9212,9212,0,164,46,19708967,1769,19591394,269,0.000000,0.095120,0.095231,207,0,129.56,19708528,19708472,405,2093,SUCCESS,117254,0,equal,4816896,2959872,0,6557696,,,,,131,181,used,,,,20260910-0005
2026-09-10 04:23:46,HAUSP-UB[noEUCS],FIFA,6,0,0.012000,0.000,0.020,5230767,2863,0,11924,11925,0,186,51,22175652,1858,22044382,290,0.000000,0.094950,0.095057,190,0,134.34,22175237,22175161,415,2166,SUCCESS,130917,0,equal,5242880,3447520,0,8134784,,,,,117,180,used,,,,20260910-0005
2026-09-10 04:24:01,HAUSP-UB[noEUCS],FIFA,7,0,0.012000,0.000,0.020,5992719,3272,0,15268,15269,0,214,57,24958687,1902,24810953,324,0.000000,0.094411,0.094508,245,0,136.58,24958243,24958209,376,2202,SUCCESS,147340,0,equal,5013504,3951776,0,9307648,,,,,110,180,used,,,,20260910-0005
2026-09-10 04:24:18,HAUSP-UB[noEUCS],FIFA,8,0,0.012000,0.000,0.020,6715363,3681,0,17001,17001,0,213,56,24661809,1961,24516798,307,0.000000,0.095257,0.095360,251,0,143.34,24661399,24661339,400,2261,SUCCESS,144645,0,equal,6946816,4434048,0,10585344,,,,,110,169,used,,,,20260910-0005
2026-09-10 04:24:38,HAUSP-UB[noEUCS],FIFA,9,0,0.012000,0.000,0.020,7402552,4090,0,20026,20027,0,226,59,25763977,2017,25611986,322,0.000000,0.095972,0.096070,231,0,150.35,25763574,25763525,390,2316,SUCCESS,151622,0,equal,8937472,4892320,0,11883264,,,,,112,159,used,,,,20260910-0005
2026-09-10 04:24:58,HAUSP-UB[noEUCS],FIFA,10,0,0.012000,0.000,0.020,8153455,4499,0,20220,20220,0,208,54,23652164,2052,23512089,304,0.000000,0.096198,0.096299,271,0,154.85,23651738,23651698,375,2351,SUCCESS,139722,0,equal,9863168,5366304,0,13170944,,,,,113,162,used,,,,20260910-0005
2026-09-10 04:25:20,HAUSP-UB[noEUCS],FIFA,11,0,0.012000,0.000,0.020,8877711,4908,0,22089,22090,0,212,55,23544456,2071,23404382,280,0.000000,0.095488,0.095587,282,0,159.34,23544016,23544001,355,2370,SUCCESS,139750,0,equal,10928128,5842048,0,14009856,,,,,116,160,used,,,,20260910-0005
2026-09-10 04:25:44,HAUSP-UB[noEUCS],FIFA,12,0,0.012000,0.000,0.020,9572933,5317,0,23735,23736,0,213,54,23531402,2085,23392499,283,0.000000,0.095187,0.095287,238,0,161.60,23530957,23530940,353,2386,SUCCESS,138573,0,equal,10944512,6305024,0,14835328,,,,,113,160,used,,,,20260910-0005
2026-09-10 04:26:10,HAUSP-UB[noEUCS],FIFA,13,0,0.012000,0.000,0.020,10329719,5726,0,26018,26019,0,213,55,23658130,2129,23517649,303,0.000000,0.094387,0.094487,222,0,166.35,23657717,23657657,397,2433,SUCCESS,140135,0,equal,11001856,6805824,0,16956672,,,,,113,156,used,,,,20260910-0005
2026-09-10 04:26:38,HAUSP-UB[noEUCS],FIFA,14,0,0.012000,0.000,0.020,11019641,6135,0,27295,27295,0,214,53,24613958,2168,24476734,292,0.000000,0.095572,0.095676,198,0,170.89,24613531,24613492,389,2471,SUCCESS,136882,0,equal,11042816,7266624,0,19055616,,,,,112,162,used,,,,20260910-0005
2026-09-10 04:27:07,HAUSP-UB[noEUCS],FIFA,15,0,0.012000,0.000,0.020,11800433,6544,0,29036,29037,0,215,53,24417817,2189,24281592,292,0.000000,0.095705,0.095810,206,0,175.40,24417372,24417355,368,2491,SUCCESS,135882,0,equal,11993088,7774144,0,20091520,,,,,112,163,used,,,,20260910-0005
2026-09-10 04:27:37,HAUSP-UB[noEUCS],FIFA,16,0,0.012000,0.000,0.020,12511133,6953,0,30807,30808,0,217,53,24434311,2202,24298634,291,0.000000,0.096288,0.096393,208,0,179.95,24433866,24433852,362,2505,SUCCESS,135345,0,equal,13697024,8251840,0,20805888,,,,,115,156,used,,,,20260910-0005
2026-09-10 04:28:09,HAUSP-UB[noEUCS],FIFA,17,0,0.012000,0.000,0.020,13177324,7362,0,31540,31540,0,212,52,23716387,2236,23584955,304,0.000000,0.097227,0.097337,177,0,189.18,23715957,23715926,379,2536,SUCCESS,131078,0,equal,16449536,8710560,0,22207360,,,,,111,161,used,,,,20260910-0005
2026-09-10 04:28:43,HAUSP-UB[noEUCS],FIFA,18,0,0.012000,0.000,0.020,13951636,7771,0,34452,34453,0,211,53,24272330,2301,24137038,307,0.000000,0.096620,0.096725,217,0,200.64,24271939,24271879,408,2599,SUCCESS,134938,0,equal,18546688,9216800,0,25673600,,,,,109,156,used,,,,20260910-0005
2026-09-10 04:29:18,HAUSP-UB[noEUCS],FIFA,19,0,0.012000,0.000,0.020,14678365,8180,0,34967,34968,0,204,51,23458022,2329,23327309,298,0.000000,0.096672,0.096780,215,0,207.45,23457603,23457578,370,2627,SUCCESS,130375,0,equal,20250624,9695616,0,27324288,,,,,109,149,used,,,,20260910-0005
2026-09-10 04:29:55,HAUSP-UB[noEUCS],FIFA,20,0,0.012000,0.000,0.020,15359698,8589,0,36170,36170,0,213,51,23273259,2365,23142644,264,0.000000,0.097233,0.097344,217,0,211.97,23272851,23272816,377,2664,SUCCESS,130316,0,equal,20283392,10151008,0,29611264,,,,,111,146,used,,,,20260910-0005
2026-09-10 04:30:33,HAUSP-UB[noEUCS],FIFA,21,0,0.012000,0.000,0.020,16061201,8998,0,38341,38341,0,222,53,23483599,2381,23351117,316,0.000000,0.097127,0.097238,254,0,173.03,23483167,23483154,353,2679,SUCCESS,132126,0,equal,21463040,10614720,0,30926720,,,,,109,149,used,,,,20260910-0005
2026-09-10 04:31:14,HAUSP-UB[noEUCS],FIFA,22,0,0.012000,0.000,0.020,16761826,9407,0,41477,41477,0,232,54,24136229,2400,24000136,309,0.000000,0.097022,0.097128,242,0,176.86,24135798,24135781,355,2695,SUCCESS,135739,0,equal,22020096,11088928,0,32169472,,,,,107,152,used,,,,20260910-0005
2026-09-10 04:31:57,HAUSP-UB[noEUCS],FIFA,23,0,0.012000,0.000,0.020,17458007,9816,0,42648,42649,0,232,53,23833735,2413,23699484,314,0.000000,0.096922,0.097028,239,0,178.79,23833301,23833289,351,2709,SUCCESS,133893,0,equal,21594112,11553760,0,33349120,,,,,108,152,used,,,,20260910-0005
2026-09-10 04:32:43,HAUSP-UB[noEUCS],FIFA,24,0,0.012000,0.000,0.020,18151189,10225,0,45434,45435,0,238,55,24282169,2436,24144432,292,0.000000,0.096911,0.097018,255,0,182.53,24281742,24281722,357,2730,SUCCESS,137397,0,equal,21364736,12007808,0,35120896,,,,,106,154,used,,,,20260910-0005
2026-09-10 04:33:30,HAUSP-UB[noEUCS],FIFA,25,0,0.012000,0.000,0.020,18850137,10634,0,47344,47344,0,237,55,24317432,2449,24179547,354,0.000000,0.097144,0.097256,255,0,186.42,24316997,24316982,351,2745,SUCCESS,137484,0,equal,21823488,12484608,0,36326784,,,,,107,154,used,,,,20260910-0005
2026-09-10 04:34:19,HAUSP-UB[noEUCS],FIFA,26,0,0.012000,0.000,0.020,19610159,11043,0,49171,49171,0,236,55,24266860,2476,24129204,317,0.000000,0.096860,0.096971,248,0,190.25,24266439,24266411,364,2772,SUCCESS,137295,0,equal,21299200,12989280,0,38665472,,,,,108,152,used,,,,20260910-0005
2026-09-10 04:35:09,HAUSP-UB[noEUCS],FIFA,27,0,0.012000,0.000,0.020,20285110,11452,0,49664,49665,0,231,54,23594975,2491,23459932,326,0.000000,0.096879,0.096991,266,0,194.21,23594541,23594527,351,2787,SUCCESS,134672,0,equal,21397504,13433088,0,40420224,,,,,108,153,used,,,,20260910-0005
2026-09-10 04:36:01,HAUSP-UB[noEUCS],FIFA,28,0,0.012000,0.000,0.020,20963242,11861,0,51713,51713,0,237,54,23820885,2500,23685737,333,0.000000,0.097235,0.097346,283,0,200.46,23820445,23820436,345,2796,SUCCESS,134770,0,equal,22249472,13898912,0,42247040,,,,,108,153,used,,,,20260910-0005
2026-09-10 04:36:54,HAUSP-UB[noEUCS],FIFA,29,0,0.012000,0.000,0.020,21657235,12270,0,53598,53598,0,240,54,23893546,2515,23758249,312,0.000000,0.097110,0.097222,280,0,204.32,23893114,23893096,354,2811,SUCCESS,134941,0,equal,22675456,14372960,0,43630976,,,,,107,151,used,,,,20260910-0005
2026-09-10 04:37:50,HAUSP-UB[noEUCS],FIFA,30,0,0.012000,0.000,0.020,22447526,12679,0,55322,55323,0,239,54,23918735,2527,23783812,314,0.000000,0.096914,0.097025,307,0,209.63,23918296,23918287,348,2822,SUCCESS,134562,0,equal,23887872,14882624,0,44654464,,,,,108,155,used,,,,20260910-0005
2026-09-10 04:38:46,HAUSP-UB[noEUCS],FIFA,31,0,0.012000,0.000,0.020,23151502,13088,0,56264,56265,0,234,53,23514490,2531,23381755,330,0.000000,0.096648,0.096759,306,0,213.49,23514040,23514037,340,2826,SUCCESS,132354,0,equal,25100288,15361504,0,45256320,,,,,108,159,used,,,,20260910-0005
2026-09-10 04:39:45,HAUSP-UB[noEUCS],FIFA,32,0,0.012000,0.000,0.020,23922556,13497,0,58997,58997,0,241,54,23795150,2544,23661100,308,0.000000,0.096374,0.096483,308,0,220.38,23794707,23794692,351,2839,SUCCESS,133687,0,equal,27164672,15855808,0,46479744,,,,,106,161,used,,,,20260910-0005
2026-09-10 04:40:46,HAUSP-UB[noEUCS],FIFA,33,0,0.012000,0.000,0.020,24666698,13906,0,61038,61038,0,246,54,23619401,2556,23486006,299,0.000000,0.096324,0.096435,317,0,229.99,23618956,23618944,350,2851,SUCCESS,133040,0,equal,30605312,16351328,0,47637376,,,,,106,162,used,,,,20260910-0005
2026-09-10 04:41:49,HAUSP-UB[noEUCS],FIFA,34,0,0.012000,0.000,0.020,25389899,14315,0,63517,63517,0,253,55,23628184,2564,23493963,291,0.000000,0.096515,0.096624,313,0,240.39,23627735,23627728,345,2859,SUCCESS,133875,0,equal,34734080,16826752,0,48633216,,,,,107,162,used,,,,20260910-0005
2026-09-10 04:42:54,HAUSP-UB[noEUCS],FIFA,35,0,0.012000,0.000,0.020,26057706,14724,0,64217,64217,0,253,54,23632256,2572,23498929,292,0.000000,0.096562,0.096673,312,0,246.49,23631808,23631800,345,2867,SUCCESS,132980,0,equal,37093376,17274304,0,49684608,,,,,106,161,used,,,,20260910-0005
2026-09-10 04:43:59,HAUSP-UB[noEUCS],FIFA,36,0,0.012000,0.000,0.020,26750998,15133,0,64910,64911,0,248,53,23199014,2596,23067812,315,0.000000,0.096423,0.096536,313,0,238.61,23198584,23198561,360,2892,SUCCESS,130835,0,equal,40271872,17727168,0,52390528,,,,,107,159,used,,,,20260910-0005
2026-09-10 04:45:06,HAUSP-UB[noEUCS],FIFA,37,0,0.012000,0.000,0.020,27450019,15542,0,67166,67167,0,250,54,23120422,2604,22988688,275,0.000000,0.096017,0.096127,323,0,244.00,23119975,23119969,341,2899,SUCCESS,131407,0,equal,41615360,18183552,0,53481344,,,,,107,159,used,,,,20260910-0005
2026-09-10 04:46:17,HAUSP-UB[noEUCS],FIFA,38,0,0.012000,0.000,0.020,28167751,15951,0,71037,71038,0,257,55,23828707,2608,23693175,304,0.000000,0.095919,0.096027,359,0,247.27,23828254,23828250,338,2903,SUCCESS,135171,0,equal,42532864,18655008,0,54068224,,,,,105,162,used,,,,20260910-0005
2026-09-10 04:47:31,HAUSP-UB[noEUCS],FIFA,39,0,0.012000,0.000,0.020,28870802,16360,0,73585,73586,0,264,56,23966676,2612,23830349,299,0.000000,0.095810,0.095917,346,0,250.56,23966222,23966218,338,2907,SUCCESS,135970,0,equal,43024384,19130880,0,54698752,,,,,105,163,used,,,,20260910-0005
2026-09-10 04:48:46,HAUSP-UB[noEUCS],FIFA,40,0,0.012000,0.000,0.020,29582125,16769,0,75097,75098,0,267,56,23845970,2638,23710021,294,0.000000,0.095769,0.095875,351,0,256.73,23845534,23845509,359,2929,SUCCESS,135590,0,equal,43155456,19601696,0,57662720,,,,,102,167,used,,,,20260910-0005
2026-09-10 04:50:03,HAUSP-UB[noEUCS],FIFA,41,0,0.012000,0.000,0.020,30278341,17178,0,77449,77449,0,265,56,24081757,2644,23945541,289,0.000000,0.095985,0.096091,343,0,258.30,24081304,24081299,342,2935,SUCCESS,135860,0,equal,42729472,20063840,0,58513280,,,,,101,168,used,,,,20260910-0005
2026-09-10 04:51:23,HAUSP-UB[noEUCS],FIFA,42,0,0.012000,0.000,0.020,30933586,17587,0,79389,79389,0,276,56,24139265,2646,24003095,285,0.000000,0.096136,0.096242,336,0,260.29,24138807,24138807,336,2936,SUCCESS,135816,0,equal,43712512,20497344,0,58850688,,,,,100,169,used,,,,20260910-0005
2026-09-10 04:52:42,HAUSP-UB[noEUCS],FIFA,43,0,0.012000,0.000,0.020,31634155,17996,0,79785,79786,0,268,55,23789306,2649,23655317,301,0.000000,0.096433,0.096541,360,0,261.87,23788851,23788848,338,2939,SUCCESS,133620,0,equal,43319296,20952640,0,59409280,,,,,100,168,used,,,,20260910-0005
2026-09-10 04:54:04,HAUSP-UB[noEUCS],FIFA,44,0,0.012000,0.000,0.020,32371418,18405,0,81899,81899,0,273,56,23784267,2653,23649824,299,0.000000,0.096367,0.096474,371,0,265.47,23783816,23783814,337,2943,SUCCESS,134079,0,equal,43384832,21438144,0,60359552,,,,,100,165,used,,,,20260910-0005
2026-09-10 04:55:27,HAUSP-UB[noEUCS],FIFA,45,0,0.012000,0.000,0.020,33052107,18814,0,82620,82620,0,272,55,23450923,2661,23318186,293,0.000000,0.096419,0.096525,374,0,268.68,23450475,23450468,340,2950,SUCCESS,132377,0,equal,43286528,21888704,0,61574272,,,,,99,166,used,,,,20260910-0005
2026-09-10 04:56:51,HAUSP-UB[noEUCS],FIFA,46,0,0.012000,0.000,0.020,33784080,19223,0,83876,83877,0,266,54,23343688,2670,23212001,279,0.000000,0.096292,0.096401,355,0,271.83,23343244,23343234,343,2960,SUCCESS,131344,0,equal,43220992,22371392,0,63312512,,,,,100,164,used,,,,20260910-0005
2026-09-10 04:58:14,HAUSP-UB[noEUCS],FIFA,47,0,0.012000,0.000,0.020,34456934,19632,0,83430,83430,0,259,53,22988525,2677,22858572,268,0.000000,0.096564,0.096675,341,0,272.52,22988078,22988072,339,2967,SUCCESS,129622,0,equal,42729472,22825664,0,64425472,,,,,101,164,used,,,,20260910-0005
2026-09-10 04:59:38,HAUSP-UB[noEUCS],FIFA,48,0,0.012000,0.000,0.020,35091756,20041,0,83783,83783,0,255,52,22781932,2686,22653580,294,0.000000,0.096707,0.096818,331,0,266.40,22781484,22781477,339,2975,SUCCESS,127990,0,equal,43188224,23272480,0,65820416,,,,,99,167,used,,,,20260910-0005
2026-09-10 05:01:04,HAUSP-UB[noEUCS],FIFA,49,0,0.012000,0.000,0.020,35721991,20450,0,86023,86023,0,257,53,22652772,2701,22523748,267,0.000000,0.096915,0.097026,334,0,271.31,22652333,22652318,346,2990,SUCCESS,128691,0,equal,42762240,23714944,0,68142592,,,,,99,165,used,,,,20260910-0005
2026-09-10 05:01:06,HAUSP-UB[noEUCS],FIFA,0,1,0.012000,0.000,0.020,758793,409,0,1026,1027,0,84,28,11500109,901,11426984,323,0.000000,0.095230,0.095373,821,0,105.06,11500783,11499235,1548,1223,SUCCESS,72827,0,equal,575488,473248,0,408704,,,,,252,227,used,,,,20260910-0005
2026-09-10 05:01:08,HAUSP-UB[noEUCS],FIFA,1,1,0.012000,0.000,0.020,1482563,818,0,2536,2537,0,116,36,16504868,1237,16409557,220,0.000000,0.096809,0.096927,311,0,108.90,16504668,16504331,662,1553,SUCCESS,95013,0,equal,855552,968160,0,1440768,,,,,136,214,used,,,,20260910-0005
2026-09-10 05:01:12,HAUSP-UB[noEUCS],FIFA,2,1,0.012000,0.000,0.020,2212254,1227,0,3850,3850,0,119,37,16640628,1432,16542460,211,0.000000,0.099267,0.099380,277,0,112.75,16640292,16640115,509,1736,SUCCESS,97858,0,equal,1710080,1450208,0,2441344,,,,,116,215,used,,,,20260910-0005
2026-09-10 05:01:19,HAUSP-UB[noEUCS],FIFA,3,1,0.012000,0.000,0.020,2983978,1636,0,6620,6620,0,156,49,21578876,1591,21450483,245,0.000000,0.095415,0.095511,387,0,118.02,21578524,21578359,491,1885,SUCCESS,128045,0,equal,2633728,1950528,0,4094592,,,,,104,207,used,,,,20260910-0005
2026-09-10 05:01:26,HAUSP-UB[noEUCS],FIFA,4,1,0.012000,0.000,0.020,3756344,2045,0,7621,7621,0,160,45,19649479,1713,19533073,258,0.000000,0.094858,0.094965,277,0,123.79,19649114,19648965,491,2027,SUCCESS,116084,0,equal,3608576,2450624,0,5517440,,,,,129,193,used,,,,20260910-0005
2026-09-10 05:01:36,HAUSP-UB[noEUCS],FIFA,5,1,0.012000,0.000,0.020,4518211,2454,0,9206,9206,0,163,46,19708967,1769,19591394,269,0.000000,0.095120,0.095231,207,0,129.57,19708528,19708472,405,2093,SUCCESS,117254,0,equal,5292032,2959872,0,6557696,,,,,131,181,used,,,,20260910-0005
2026-09-10 05:01:48,HAUSP-UB[noEUCS],FIFA,6,1,0.012000,0.000,0.020,5230767,2863,0,11935,11935,0,185,51,22175652,1858,22044382,290,0.000000,0.094950,0.095057,190,0,132.09,22175237,22175161,415,2166,SUCCESS,130917,0,equal,5398528,3447520,0,8134784,,,,,117,180,used,,,,20260910-0005
2026-09-10 05:02:03,HAUSP-UB[noEUCS],FIFA,7,1,0.012000,0.000,0.020,5992719,3272,0,15257,15258,0,212,57,24958687,1902,24810953,324,0.000000,0.094411,0.094508,245,0,136.28,24958243,24958209,376,2202,SUCCESS,147340,0,equal,5619712,3951776,0,9307648,,,,,110,180,used,,,,20260910-0005
2026-09-10 05:02:20,HAUSP-UB[noEUCS],FIFA,8,1,0.012000,0.000,0.020,6715363,3681,0,16966,16966,0,212,56,24661809,1961,24516798,307,0.000000,0.095257,0.095360,251,0,144.00,24661399,24661339,400,2261,SUCCESS,144645,0,equal,7716864,4434048,0,10585344,,,,,110,169,used,,,,20260910-0005
2026-09-10 05:02:40,HAUSP-UB[noEUCS],FIFA,9,1,0.012000,0.000,0.020,7402552,4090,0,19942,19942,0,224,59,25763977,2017,25611986,322,0.000000,0.095972,0.096070,231,0,150.03,25763574,25763525,390,2316,SUCCESS,151622,0,equal,9396224,4892320,0,11883264,,,,,112,159,used,,,,20260910-0005
2026-09-10 05:03:00,HAUSP-UB[noEUCS],FIFA,10,1,0.012000,0.000,0.020,8153455,4499,0,20131,20131,0,209,55,23652164,2052,23512089,304,0.000000,0.096198,0.096299,271,0,155.82,23651738,23651698,375,2351,SUCCESS,139722,0,equal,10706944,5366304,0,13170944,,,,,113,162,used,,,,20260910-0005
2026-09-10 05:03:22,HAUSP-UB[noEUCS],FIFA,11,1,0.012000,0.000,0.020,8877711,4908,0,22014,22015,0,209,55,23544456,2071,23404382,280,0.000000,0.095488,0.095587,282,0,157.76,23544016,23544001,355,2370,SUCCESS,139750,0,equal,10600448,5842048,0,14009856,,,,,116,160,used,,,,20260910-0005
2026-09-10 05:03:46,HAUSP-UB[noEUCS],FIFA,12,1,0.012000,0.000,0.020,9572933,5317,0,23664,23665,0,211,54,23531402,2085,23392499,283,0.000000,0.095187,0.095287,238,0,159.69,23530957,23530940,353,2386,SUCCESS,138573,0,equal,10436608,6305024,0,14835328,,,,,113,160,used,,,,20260910-0005
2026-09-10 05:04:12,HAUSP-UB[noEUCS],FIFA,13,1,0.012000,0.000,0.020,10329719,5726,0,25942,25943,0,214,55,23658130,2129,23517649,303,0.000000,0.094387,0.094487,222,0,166.02,23657717,23657657,397,2433,SUCCESS,140135,0,equal,11214848,6805824,0,16956672,,,,,113,156,used,,,,20260910-0005
2026-09-10 05:04:39,HAUSP-UB[noEUCS],FIFA,14,1,0.012000,0.000,0.020,11019641,6135,0,27187,27188,0,218,54,24613958,2168,24476734,292,0.000000,0.095572,0.095676,198,0,169.90,24613531,24613492,389,2471,SUCCESS,136882,0,equal,11042816,7266624,0,19055616,,,,,112,162,used,,,,20260910-0005
2026-09-10 05:05:08,HAUSP-UB[noEUCS],FIFA,15,1,0.012000,0.000,0.020,11800433,6544,0,28896,28897,0,218,54,24417817,2189,24281592,292,0.000000,0.095705,0.095810,206,0,173.79,24417372,24417355,368,2491,SUCCESS,135882,0,equal,11501568,7774144,0,20091520,,,,,112,163,used,,,,20260910-0005
2026-09-10 05:05:38,HAUSP-UB[noEUCS],FIFA,16,1,0.012000,0.000,0.020,12511133,6953,0,30682,30683,0,219,53,24434311,2202,24298634,291,0.000000,0.096288,0.096393,208,0,179.61,24433866,24433852,362,2505,SUCCESS,135345,0,equal,13697024,8251840,0,20805888,,,,,115,156,used,,,,20260910-0005
2026-09-10 05:06:10,HAUSP-UB[noEUCS],FIFA,17,1,0.012000,0.000,0.020,13177324,7362,0,31551,31552,0,211,52,23716387,2236,23584955,304,0.000000,0.097227,0.097337,177,0,187.87,23715957,23715926,379,2536,SUCCESS,131078,0,equal,16449536,8710560,0,22207360,,,,,111,161,used,,,,20260910-0005
2026-09-10 05:06:44,HAUSP-UB[noEUCS],FIFA,18,1,0.012000,0.000,0.020,13951636,7771,0,33824,33825,0,220,53,24272330,2301,24137038,307,0.000000,0.096620,0.096725,217,0,195.72,24271939,24271879,408,2599,SUCCESS,134938,0,equal,16728064,9216800,0,25673600,,,,,109,156,used,,,,20260910-0005
2026-09-10 05:07:19,HAUSP-UB[noEUCS],FIFA,19,1,0.012000,0.000,0.020,14678365,8180,0,34725,34726,0,215,51,23458022,2329,23327309,298,0.000000,0.096672,0.096780,215,0,167.41,23457603,23457578,370,2627,SUCCESS,130375,0,equal,20676608,9695616,0,27324288,,,,,109,149,used,,,,20260910-0005
2026-09-10 05:07:55,HAUSP-UB[noEUCS],FIFA,20,1,0.012000,0.000,0.020,15359698,8589,0,36625,36626,0,214,52,23273259,2365,23142644,264,0.000000,0.097233,0.097344,217,0,173.52,23272851,23272816,377,2664,SUCCESS,130316,0,equal,21381120,10151008,0,29611264,,,,,111,146,used,,,,20260910-0005
2026-09-10 05:08:34,HAUSP-UB[noEUCS],FIFA,21,1,0.012000,0.000,0.020,16061201,8998,0,38908,38909,0,221,53,23483599,2381,23351117,316,0.000000,0.097127,0.097238,254,0,176.72,23483167,23483154,353,2679,SUCCESS,132126,0,equal,21266432,10614720,0,30926720,,,,,109,149,used,,,,20260910-0005
2026-09-10 05:09:16,HAUSP-UB[noEUCS],FIFA,22,1,0.012000,0.000,0.020,16761826,9407,0,42022,42022,0,227,54,24136229,2400,24000136,309,0.000000,0.097022,0.097128,242,0,180.12,24135798,24135781,355,2695,SUCCESS,135739,0,equal,21430272,11088928,0,32169472,,,,,107,152,used,,,,20260910-0005
2026-09-10 05:09:59,HAUSP-UB[noEUCS],FIFA,23,1,0.012000,0.000,0.020,17458007,9816,0,43212,43213,0,229,53,23833735,2413,23699484,314,0.000000,0.096922,0.097028,239,0,183.33,23833301,23833289,351,2709,SUCCESS,133893,0,equal,21626880,11553760,0,33349120,,,,,108,152,used,,,,20260910-0005
2026-09-10 05:10:45,HAUSP-UB[noEUCS],FIFA,24,1,0.012000,0.000,0.020,18151189,10225,0,46000,46001,0,238,54,24282169,2436,24144432,292,0.000000,0.096911,0.097018,255,0,187.94,24281742,24281722,357,2730,SUCCESS,137397,0,equal,21921792,12007808,0,35120896,,,,,106,154,used,,,,20260910-0005
2026-09-10 05:11:33,HAUSP-UB[noEUCS],FIFA,25,1,0.012000,0.000,0.020,18850137,10634,0,47968,47968,0,239,55,24317432,2449,24179547,354,0.000000,0.097144,0.097256,255,0,189.53,24316997,24316982,351,2745,SUCCESS,137484,0,equal,21315584,12484608,0,36326784,,,,,107,154,used,,,,20260910-0005
2026-09-10 05:12:23,HAUSP-UB[noEUCS],FIFA,26,1,0.012000,0.000,0.020,19610159,11043,0,49789,49789,0,241,55,24266860,2476,24129204,317,0.000000,0.096860,0.096971,248,0,196.13,24266439,24266411,364,2772,SUCCESS,137295,0,equal,21921792,12989280,0,38665472,,,,,108,152,used,,,,20260910-0005
2026-09-10 05:13:14,HAUSP-UB[noEUCS],FIFA,27,1,0.012000,0.000,0.020,20285110,11452,0,50327,50328,0,234,54,23594975,2491,23459932,326,0.000000,0.096879,0.096991,266,0,199.31,23594541,23594527,351,2787,SUCCESS,134672,0,equal,21397504,13433088,0,40420224,,,,,108,153,used,,,,20260910-0005
2026-09-10 05:14:06,HAUSP-UB[noEUCS],FIFA,28,1,0.012000,0.000,0.020,20963242,11861,0,52298,52298,0,238,54,23820885,2500,23685737,333,0.000000,0.097235,0.097346,283,0,203.94,23820445,23820436,345,2796,SUCCESS,134770,0,equal,21954560,13898912,0,42247040,,,,,108,153,used,,,,20260910-0005
2026-09-10 05:15:00,HAUSP-UB[noEUCS],FIFA,29,1,0.012000,0.000,0.020,21657235,12270,0,54120,54120,0,239,54,23893546,2515,23758249,312,0.000000,0.097110,0.097222,280,0,208.81,23893114,23893096,354,2811,SUCCESS,134941,0,equal,22577152,14372960,0,43630976,,,,,107,151,used,,,,20260910-0005
2026-09-10 05:15:56,HAUSP-UB[noEUCS],FIFA,30,1,0.012000,0.000,0.020,22447526,12679,0,55830,55831,0,239,54,23918735,2527,23783812,314,0.000000,0.096914,0.097025,307,0,214.40,23918296,23918287,348,2822,SUCCESS,134562,0,equal,23887872,14882624,0,44654464,,,,,108,155,used,,,,20260910-0005
2026-09-10 05:16:53,HAUSP-UB[noEUCS],FIFA,31,1,0.012000,0.000,0.020,23151502,13088,0,56684,56685,0,238,53,23514490,2531,23381755,330,0.000000,0.096648,0.096759,306,0,217.64,23514040,23514037,340,2826,SUCCESS,132354,0,equal,24772608,15361504,0,45256320,,,,,108,159,used,,,,20260910-0005
2026-09-10 05:17:50,HAUSP-UB[noEUCS],FIFA,32,1,0.012000,0.000,0.020,23922556,13497,0,57718,57718,0,238,54,23795150,2544,23661100,308,0.000000,0.096374,0.096483,308,0,219.94,23794707,23794692,351,2839,SUCCESS,133687,0,equal,24969216,15855808,0,46479744,,,,,106,161,used,,,,20260910-0005
2026-09-10 05:18:50,HAUSP-UB[noEUCS],FIFA,33,1,0.012000,0.000,0.020,24666698,13906,0,59898,59899,0,238,54,23619401,2556,23486006,299,0.000000,0.096324,0.096435,317,0,219.14,23618956,23618944,350,2851,SUCCESS,133040,0,equal,30605312,16351328,0,47637376,,,,,106,162,used,,,,20260910-0005
2026-09-10 05:19:53,HAUSP-UB[noEUCS],FIFA,34,1,0.012000,0.000,0.020,25389899,14315,0,62631,62631,0,244,54,23628184,2564,23493963,291,0.000000,0.096515,0.096624,313,0,229.60,23627735,23627728,345,2859,SUCCESS,133875,0,equal,34897920,16826752,0,48633216,,,,,107,162,used,,,,20260910-0005
2026-09-10 05:20:57,HAUSP-UB[noEUCS],FIFA,35,1,0.012000,0.000,0.020,26057706,14724,0,64429,64429,0,245,53,23632256,2572,23498929,292,0.000000,0.096562,0.096673,312,0,237.68,23631808,23631800,345,2867,SUCCESS,132980,0,equal,37650432,17274304,0,49684608,,,,,106,161,used,,,,20260910-0005
2026-09-10 05:22:03,HAUSP-UB[noEUCS],FIFA,36,1,0.012000,0.000,0.020,26750998,15133,0,65270,65271,0,245,53,23199014,2596,23067812,315,0.000000,0.096423,0.096536,313,0,248.67,23198584,23198561,360,2892,SUCCESS,130835,0,equal,40271872,17727168,0,52390528,,,,,107,159,used,,,,20260910-0005
2026-09-10 05:23:09,HAUSP-UB[noEUCS],FIFA,37,1,0.012000,0.000,0.020,27450019,15542,0,66691,66692,0,244,54,23120422,2604,22988688,275,0.000000,0.096017,0.096127,323,0,252.29,23119975,23119969,341,2899,SUCCESS,131407,0,equal,41287680,18183552,0,53481344,,,,,107,159,used,,,,20260910-0005
2026-09-10 05:24:20,HAUSP-UB[noEUCS],FIFA,38,1,0.012000,0.000,0.020,28167751,15951,0,70556,70557,0,255,55,23828707,2608,23693175,304,0.000000,0.095919,0.096027,359,0,253.59,23828254,23828250,338,2903,SUCCESS,135171,0,equal,42663936,18655008,0,54068224,,,,,105,162,used,,,,20260910-0005
2026-09-10 05:25:33,HAUSP-UB[noEUCS],FIFA,39,1,0.012000,0.000,0.020,28870802,16360,0,73091,73091,0,257,56,23966676,2612,23830349,299,0.000000,0.095810,0.095917,346,0,256.56,23966222,23966218,338,2907,SUCCESS,135970,0,equal,43024384,19130880,0,54698752,,,,,105,163,used,,,,20260910-0005
2026-09-10 05:26:48,HAUSP-UB[noEUCS],FIFA,40,1,0.012000,0.000,0.020,29582125,16769,0,74675,74676,0,257,56,23845970,2638,23710021,294,0.000000,0.095769,0.095875,351,0,262.79,23845534,23845509,359,2929,SUCCESS,135590,0,equal,43450368,19601696,0,57662720,,,,,102,167,used,,,,20260910-0005
2026-09-10 05:28:05,HAUSP-UB[noEUCS],FIFA,41,1,0.012000,0.000,0.020,30278341,17178,0,77036,77037,0,258,55,24081757,2644,23945541,289,0.000000,0.095985,0.096091,343,0,265.44,24081304,24081299,342,2935,SUCCESS,135860,0,equal,43253760,20063840,0,58513280,,,,,101,168,used,,,,20260910-0005
2026-09-10 05:29:24,HAUSP-UB[noEUCS],FIFA,42,1,0.012000,0.000,0.020,30933586,17587,0,78932,78932,0,264,55,24139265,2646,24003095,285,0.000000,0.096136,0.096242,336,0,267.45,24138807,24138807,336,2936,SUCCESS,135816,0,equal,43515904,20497344,0,58850688,,,,,100,169,used,,,,20260910-0005
2026-09-10 05:30:44,HAUSP-UB[noEUCS],FIFA,43,1,0.012000,0.000,0.020,31634155,17996,0,79650,79650,0,257,55,23789306,2649,23655317,301,0.000000,0.096433,0.096541,360,0,269.47,23788851,23788848,338,2939,SUCCESS,133620,0,equal,43679744,20952640,0,59409280,,,,,100,168,used,,,,20260910-0005
2026-09-10 05:32:05,HAUSP-UB[noEUCS],FIFA,44,1,0.012000,0.000,0.020,32371418,18405,0,81729,81729,0,256,55,23784267,2653,23649824,299,0.000000,0.096367,0.096474,371,0,270.72,23783816,23783814,337,2943,SUCCESS,134079,0,equal,43515904,21438144,0,60359552,,,,,100,165,used,,,,20260910-0005
2026-09-10 05:33:28,HAUSP-UB[noEUCS],FIFA,45,1,0.012000,0.000,0.020,33052107,18814,0,82539,82540,0,255,55,23450923,2661,23318186,293,0.000000,0.096419,0.096525,374,0,274.14,23450475,23450468,340,2950,SUCCESS,132377,0,equal,43155456,21888704,0,61574272,,,,,99,166,used,,,,20260910-0005
2026-09-10 05:34:52,HAUSP-UB[noEUCS],FIFA,46,1,0.012000,0.000,0.020,33784080,19223,0,83813,83814,0,257,54,23343688,2670,23212001,279,0.000000,0.096292,0.096401,355,0,278.08,23343244,23343234,343,2960,SUCCESS,131344,0,equal,43220992,22371392,0,63312512,,,,,100,164,used,,,,20260910-0005
2026-09-10 05:36:16,HAUSP-UB[noEUCS],FIFA,47,1,0.012000,0.000,0.020,34456934,19632,0,84465,84465,0,254,53,22988525,2677,22858572,268,0.000000,0.096564,0.096675,341,0,280.10,22988078,22988072,339,2967,SUCCESS,129622,0,equal,42729472,22825664,0,64425472,,,,,101,164,used,,,,20260910-0005
2026-09-10 05:37:41,HAUSP-UB[noEUCS],FIFA,48,1,0.012000,0.000,0.020,35091756,20041,0,84427,84427,0,252,53,22781932,2686,22653580,294,0.000000,0.096707,0.096818,331,0,277.41,22781484,22781477,339,2975,SUCCESS,127990,0,equal,43188224,23272480,0,65820416,,,,,99,167,used,,,,20260910-0005
2026-09-10 05:39:08,HAUSP-UB[noEUCS],FIFA,49,1,0.012000,0.000,0.020,35721991,20450,0,86637,86638,0,257,54,22652772,2701,22523748,267,0.000000,0.096915,0.097026,334,0,282.32,22652333,22652318,346,2990,SUCCESS,128691,0,equal,42991616,23714944,0,68142592,,,,,99,165,used,,,,20260910-0005
2026-09-10 05:39:09,HAUSP-UB[noEUCS],FIFA,0,2,0.012000,0.000,0.020,758793,409,0,1023,1024,0,84,28,11500109,901,11426984,323,0.000000,0.095230,0.095373,821,0,104.76,11500783,11499235,1548,1223,SUCCESS,72827,0,equal,575488,473248,0,408704,,,,,252,227,used,,,,20260910-0005
2026-09-10 05:39:12,HAUSP-UB[noEUCS],FIFA,1,2,0.012000,0.000,0.020,1482563,818,0,2552,2553,0,116,36,16504868,1237,16409557,220,0.000000,0.096809,0.096927,311,0,108.71,16504668,16504331,662,1553,SUCCESS,95013,0,equal,855552,968160,0,1440768,,,,,136,214,used,,,,20260910-0005
2026-09-10 05:39:16,HAUSP-UB[noEUCS],FIFA,2,2,0.012000,0.000,0.020,2212254,1227,0,3871,3871,0,119,37,16640628,1432,16542460,211,0.000000,0.099267,0.099380,277,0,112.56,16640292,16640115,509,1736,SUCCESS,97858,0,equal,1710080,1450208,0,2441344,,,,,116,215,used,,,,20260910-0005
2026-09-10 05:39:22,HAUSP-UB[noEUCS],FIFA,3,2,0.012000,0.000,0.020,2983978,1636,0,6649,6649,0,157,49,21578876,1591,21450483,245,0.000000,0.095415,0.095511,387,0,118.02,21578524,21578359,491,1885,SUCCESS,128045,0,equal,2633728,1950528,0,4094592,,,,,104,207,used,,,,20260910-0005
2026-09-10 05:39:30,HAUSP-UB[noEUCS],FIFA,4,2,0.012000,0.000,0.020,3756344,2045,0,7657,7657,0,158,45,19649479,1713,19533073,258,0.000000,0.094858,0.094965,277,0,123.79,19649114,19648965,491,2027,SUCCESS,116084,0,equal,3756032,2450624,0,5517440,,,,,129,193,used,,,,20260910-0005
2026-09-10 05:39:39,HAUSP-UB[noEUCS],FIFA,5,2,0.012000,0.000,0.020,4518211,2454,0,9287,9287,0,162,45,19708967,1769,19591394,269,0.000000,0.095120,0.095231,207,0,129.65,19708528,19708472,405,2093,SUCCESS,117254,0,equal,5341184,2959872,0,6557696,,,,,131,181,used,,,,20260910-0005
2026-09-10 05:39:51,HAUSP-UB[noEUCS],FIFA,6,2,0.012000,0.000,0.020,5230767,2863,0,11972,11973,0,185,51,22175652,1858,22044382,290,0.000000,0.094950,0.095057,190,0,132.09,22175237,22175161,415,2166,SUCCESS,130917,0,equal,5480448,3447520,0,8134784,,,,,117,180,used,,,,20260910-0005
2026-09-10 05:40:06,HAUSP-UB[noEUCS],FIFA,7,2,0.012000,0.000,0.020,5992719,3272,0,15354,15355,0,208,57,24958687,1902,24810953,324,0.000000,0.094411,0.094508,245,0,136.02,24958243,24958209,376,2202,SUCCESS,147340,0,equal,5619712,3951776,0,9307648,,,,,110,180,used,,,,20260910-0005
2026-09-10 05:40:24,HAUSP-UB[noEUCS],FIFA,8,2,0.012000,0.000,0.020,6715363,3681,0,17123,17124,0,208,56,24661809,1961,24516798,307,0.000000,0.095257,0.095360,251,0,143.83,24661399,24661339,400,2261,SUCCESS,144645,0,equal,7716864,4434048,0,10585344,,,,,110,169,used,,,,20260910-0005
2026-09-10 05:40:44,HAUSP-UB[noEUCS],FIFA,9,2,0.012000,0.000,0.020,7402552,4090,0,20118,20118,0,219,59,25763977,2017,25611986,322,0.000000,0.095972,0.096070,231,0,150.03,25763574,25763525,390,2316,SUCCESS,151622,0,equal,9396224,4892320,0,11883264,,,,,112,159,used,,,,20260910-0005
2026-09-10 05:41:04,HAUSP-UB[noEUCS],FIFA,10,2,0.012000,0.000,0.020,8153455,4499,0,20357,20358,0,203,55,23652164,2052,23512089,304,0.000000,0.096198,0.096299,271,0,155.85,23651738,23651698,375,2351,SUCCESS,139722,0,equal,10780672,5366304,0,13170944,,,,,113,162,used,,,,20260910-0005
2026-09-10 05:41:26,HAUSP-UB[noEUCS],FIFA,11,2,0.012000,0.000,0.020,8877711,4908,0,22238,22239,0,206,55,23544456,2071,23404382,280,0.000000,0.095488,0.095587,282,0,157.87,23544016,23544001,355,2370,SUCCESS,139750,0,equal,10682368,5842048,0,14009856,,,,,116,160,used,,,,20260910-0005
2026-09-10 05:41:50,HAUSP-UB[noEUCS],FIFA,12,2,0.012000,0.000,0.020,9572933,5317,0,23885,23885,0,206,54,23531402,2085,23392499,283,0.000000,0.095187,0.095287,238,0,159.89,23530957,23530940,353,2386,SUCCESS,138573,0,equal,10690560,6305024,0,14835328,,,,,113,160,used,,,,20260910-0005
2026-09-10 05:42:16,HAUSP-UB[noEUCS],FIFA,13,2,0.012000,0.000,0.020,10329719,5726,0,26159,26159,0,208,55,23658130,2129,23517649,303,0.000000,0.094387,0.094487,222,0,166.03,23657717,23657657,397,2433,SUCCESS,140135,0,equal,11304960,6805824,0,16956672,,,,,113,156,used,,,,20260910-0005
2026-09-10 05:42:44,HAUSP-UB[noEUCS],FIFA,14,2,0.012000,0.000,0.020,11019641,6135,0,27489,27490,0,212,54,24613958,2168,24476734,292,0.000000,0.095572,0.095676,198,0,169.93,24613531,24613492,389,2471,SUCCESS,136882,0,equal,11042816,7266624,0,19055616,,,,,112,162,used,,,,20260910-0005
2026-09-10 05:43:13,HAUSP-UB[noEUCS],FIFA,15,2,0.012000,0.000,0.020,11800433,6544,0,29217,29218,0,210,53,24417817,2189,24281592,292,0.000000,0.095705,0.095810,206,0,173.89,24417372,24417355,368,2491,SUCCESS,135882,0,equal,11730944,7774144,0,20091520,,,,,112,163,used,,,,20260910-0005
2026-09-10 05:43:44,HAUSP-UB[noEUCS],FIFA,16,2,0.012000,0.000,0.020,12511133,6953,0,31046,31047,0,215,53,24434311,2202,24298634,291,0.000000,0.096288,0.096393,208,0,179.81,24433866,24433852,362,2505,SUCCESS,135345,0,equal,13697024,8251840,0,20805888,,,,,115,156,used,,,,20260910-0005
2026-09-10 05:44:16,HAUSP-UB[noEUCS],FIFA,17,2,0.012000,0.000,0.020,13177324,7362,0,31952,31953,0,208,51,23716387,2236,23584955,304,0.000000,0.097227,0.097337,177,0,187.87,23715957,23715926,379,2536,SUCCESS,131078,0,equal,16449536,8710560,0,22207360,,,,,111,161,used,,,,20260910-0005
2026-09-10 05:44:50,HAUSP-UB[noEUCS],FIFA,18,2,0.012000,0.000,0.020,13951636,7771,0,33990,33990,0,221,53,24272330,2301,24137038,307,0.000000,0.096620,0.096725,217,0,195.71,24271939,24271879,408,2599,SUCCESS,134938,0,equal,16728064,9216800,0,25673600,,,,,109,156,used,,,,20260910-0005
2026-09-10 05:45:25,HAUSP-UB[noEUCS],FIFA,19,2,0.012000,0.000,0.020,14678365,8180,0,34848,34849,0,215,52,23458022,2329,23327309,298,0.000000,0.096672,0.096780,215,0,168.58,23457603,23457578,370,2627,SUCCESS,130375,0,equal,20611072,9695616,0,27324288,,,,,109,149,used,,,,20260910-0005
2026-09-10 05:46:02,HAUSP-UB[noEUCS],FIFA,20,2,0.012000,0.000,0.020,15359698,8589,0,36801,36801,0,216,52,23273259,2365,23142644,264,0.000000,0.097233,0.097344,217,0,174.85,23272851,23272816,377,2664,SUCCESS,130316,0,equal,21381120,10151008,0,29611264,,,,,111,146,used,,,,20260910-0005
2026-09-10 05:46:41,HAUSP-UB[noEUCS],FIFA,21,2,0.012000,0.000,0.020,16061201,8998,0,39207,39208,0,218,52,23483599,2381,23351117,316,0.000000,0.097127,0.097238,254,0,178.15,23483167,23483154,353,2679,SUCCESS,132126,0,equal,21266432,10614720,0,30926720,,,,,109,149,used,,,,20260910-0005
2026-09-10 05:47:23,HAUSP-UB[noEUCS],FIFA,22,2,0.012000,0.000,0.020,16761826,9407,0,42336,42336,0,224,54,24136229,2400,24000136,309,0.000000,0.097022,0.097128,242,0,182.00,24135798,24135781,355,2695,SUCCESS,135739,0,equal,21725184,11088928,0,32169472,,,,,107,152,used,,,,20260910-0005
2026-09-10 05:48:07,HAUSP-UB[noEUCS],FIFA,23,2,0.012000,0.000,0.020,17458007,9816,0,43530,43531,0,224,53,23833735,2413,23699484,314,0.000000,0.096922,0.097028,239,0,185.19,23833301,23833289,351,2709,SUCCESS,133893,0,equal,21954560,11553760,0,33349120,,,,,108,152,used,,,,20260910-0005
2026-09-10 05:48:53,HAUSP-UB[noEUCS],FIFA,24,2,0.012000,0.000,0.020,18151189,10225,0,46279,46279,0,232,55,24282169,2436,24144432,292,0.000000,0.096911,0.097018,255,0,188.44,24281742,24281722,357,2730,SUCCESS,137397,0,equal,21463040,12007808,0,35120896,,,,,106,154,used,,,,20260910-0005
2026-09-10 05:49:42,HAUSP-UB[noEUCS],FIFA,25,2,0.012000,0.000,0.020,18850137,10634,0,48314,48315,0,234,54,24317432,2449,24179547,354,0.000000,0.097144,0.097256,255,0,190.86,24316997,24316982,351,2745,SUCCESS,137484,0,equal,21315584,12484608,0,36326784,,,,,107,154,used,,,,20260910-0005
2026-09-10 05:50:32,HAUSP-UB[noEUCS],FIFA,26,2,0.012000,0.000,0.020,19610159,11043,0,50064,50064,0,237,54,24266860,2476,24129204,317,0.000000,0.096860,0.096971,248,0,197.29,24266439,24266411,364,2772,SUCCESS,137295,0,equal,21921792,12989280,0,38665472,,,,,108,152,used,,,,20260910-0005
2026-09-10 05:51:22,HAUSP-UB[noEUCS],FIFA,27,2,0.012000,0.000,0.020,20285110,11452,0,50551,50552,0,233,54,23594975,2491,23459932,326,0.000000,0.096879,0.096991,266,0,200.60,23594541,23594527,351,2787,SUCCESS,134672,0,equal,21397504,13433088,0,40420224,,,,,108,153,used,,,,20260910-0005
2026-09-10 05:52:15,HAUSP-UB[noEUCS],FIFA,28,2,0.012000,0.000,0.020,20963242,11861,0,52556,52556,0,236,54,23820885,2500,23685737,333,0.000000,0.097235,0.097346,283,0,205.27,23820445,23820436,345,2796,SUCCESS,134770,0,equal,22118400,13898912,0,42247040,,,,,108,153,used,,,,20260910-0005
2026-09-10 05:53:09,HAUSP-UB[noEUCS],FIFA,29,2,0.012000,0.000,0.020,21657235,12270,0,54341,54342,0,239,54,23893546,2515,23758249,312,0.000000,0.097110,0.097222,280,0,211.74,23893114,23893096,354,2811,SUCCESS,134941,0,equal,23396352,14372960,0,43630976,,,,,107,151,used,,,,20260910-0005
2026-09-10 05:54:05,HAUSP-UB[noEUCS],FIFA,30,2,0.012000,0.000,0.020,22447526,12679,0,56021,56021,0,238,54,23918735,2527,23783812,314,0.000000,0.096914,0.097025,307,0,215.10,23918296,23918287,348,2822,SUCCESS,134562,0,equal,23658496,14882624,0,44654464,,,,,108,155,used,,,,20260910-0005
2026-09-10 05:55:02,HAUSP-UB[noEUCS],FIFA,31,2,0.012000,0.000,0.020,23151502,13088,0,56971,56972,0,234,53,23514490,2531,23381755,330,0.000000,0.096648,0.096759,306,0,220.02,23514040,23514037,340,2826,SUCCESS,132354,0,equal,25296896,15361504,0,45256320,,,,,108,159,used,,,,20260910-0005
2026-09-10 05:56:00,HAUSP-UB[noEUCS],FIFA,32,2,0.012000,0.000,0.020,23922556,13497,0,58067,58067,0,236,54,23795150,2544,23661100,308,0.000000,0.096374,0.096483,308,0,221.27,23794707,23794692,351,2839,SUCCESS,133687,0,equal,24969216,15855808,0,46479744,,,,,106,161,used,,,,20260910-0005
2026-09-10 05:57:01,HAUSP-UB[noEUCS],FIFA,33,2,0.012000,0.000,0.020,24666698,13906,0,60257,60257,0,239,55,23619401,2556,23486006,299,0.000000,0.096324,0.096435,317,0,218.85,23618956,23618944,350,2851,SUCCESS,133040,0,equal,30867456,16351328,0,47637376,,,,,106,162,used,,,,20260910-0005
2026-09-10 05:58:04,HAUSP-UB[noEUCS],FIFA,34,2,0.012000,0.000,0.020,25389899,14315,0,62889,62889,0,240,55,23628184,2564,23493963,291,0.000000,0.096515,0.096624,313,0,228.88,23627735,23627728,345,2859,SUCCESS,133875,0,equal,34897920,16826752,0,48633216,,,,,107,162,used,,,,20260910-0005
2026-09-10 05:59:08,HAUSP-UB[noEUCS],FIFA,35,2,0.012000,0.000,0.020,26057706,14724,0,64559,64559,0,244,55,23632256,2572,23498929,292,0.000000,0.096562,0.096673,312,0,236.97,23631808,23631800,345,2867,SUCCESS,132980,0,equal,37650432,17274304,0,49684608,,,,,106,161,used,,,,20260910-0005
2026-09-10 06:00:14,HAUSP-UB[noEUCS],FIFA,36,2,0.012000,0.000,0.020,26750998,15133,0,65365,65366,0,243,54,23199014,2596,23067812,315,0.000000,0.096423,0.096536,313,0,247.93,23198584,23198561,360,2892,SUCCESS,130835,0,equal,40271872,17727168,0,52390528,,,,,107,159,used,,,,20260910-0005
2026-09-10 06:01:21,HAUSP-UB[noEUCS],FIFA,37,2,0.012000,0.000,0.020,27450019,15542,0,66917,66917,0,242,54,23120422,2604,22988688,275,0.000000,0.096017,0.096127,323,0,251.58,23119975,23119969,341,2899,SUCCESS,131407,0,equal,41287680,18183552,0,53481344,,,,,107,159,used,,,,20260910-0005
2026-09-10 06:02:31,HAUSP-UB[noEUCS],FIFA,38,2,0.012000,0.000,0.020,28167751,15951,0,70890,70890,0,258,55,23828707,2608,23693175,304,0.000000,0.095919,0.096027,359,0,250.11,23828254,23828250,338,2903,SUCCESS,135171,0,equal,42663936,18655008,0,54068224,,,,,105,162,used,,,,20260910-0005
2026-09-10 06:03:45,HAUSP-UB[noEUCS],FIFA,39,2,0.012000,0.000,0.020,28870802,16360,0,73469,73469,0,260,56,23966676,2612,23830349,299,0.000000,0.095810,0.095917,346,0,253.08,23966222,23966218,338,2907,SUCCESS,135970,0,equal,43024384,19130880,0,54698752,,,,,105,163,used,,,,20260910-0005
2026-09-10 06:05:00,HAUSP-UB[noEUCS],FIFA,40,2,0.012000,0.000,0.020,29582125,16769,0,74977,74977,0,262,57,23845970,2638,23710021,294,0.000000,0.095769,0.095875,351,0,259.23,23845534,23845509,359,2929,SUCCESS,135590,0,equal,43450368,19601696,0,57662720,,,,,102,167,used,,,,20260910-0005
2026-09-10 06:06:17,HAUSP-UB[noEUCS],FIFA,41,2,0.012000,0.000,0.020,30278341,17178,0,76922,76922,0,255,56,24081757,2644,23945541,289,0.000000,0.095985,0.096091,343,0,262.05,24081304,24081299,342,2935,SUCCESS,135860,0,equal,43450368,20063840,0,58513280,,,,,101,168,used,,,,20260910-0005
2026-09-10 06:07:36,HAUSP-UB[noEUCS],FIFA,42,2,0.012000,0.000,0.020,30933586,17587,0,78793,78793,0,265,56,24139265,2646,24003095,285,0.000000,0.096136,0.096242,336,0,264.17,24138807,24138807,336,2936,SUCCESS,135816,0,equal,43712512,20497344,0,58850688,,,,,100,169,used,,,,20260910-0005
2026-09-10 06:08:55,HAUSP-UB[noEUCS],FIFA,43,2,0.012000,0.000,0.020,31634155,17996,0,79353,79354,0,267,56,23789306,2649,23655317,301,0.000000,0.096433,0.096541,360,0,265.55,23788851,23788848,338,2939,SUCCESS,133620,0,equal,43712512,20952640,0,59409280,,,,,100,168,used,,,,20260910-0005
2026-09-10 06:10:17,HAUSP-UB[noEUCS],FIFA,44,2,0.012000,0.000,0.020,32371418,18405,0,81513,81513,0,269,56,23784267,2653,23649824,299,0.000000,0.096367,0.096474,371,0,267.79,23783816,23783814,337,2943,SUCCESS,134079,0,equal,43515904,21438144,0,60359552,,,,,100,165,used,,,,20260910-0005
2026-09-10 06:11:39,HAUSP-UB[noEUCS],FIFA,45,2,0.012000,0.000,0.020,33052107,18814,0,82265,82266,0,260,56,23450923,2661,23318186,293,0.000000,0.096419,0.096525,374,0,270.70,23450475,23450468,340,2950,SUCCESS,132377,0,equal,43286528,21888704,0,61574272,,,,,99,166,used,,,,20260910-0005
2026-09-10 06:13:03,HAUSP-UB[noEUCS],FIFA,46,2,0.012000,0.000,0.020,33784080,19223,0,83690,83691,0,255,55,23343688,2670,23212001,279,0.000000,0.096292,0.096401,355,0,274.53,23343244,23343234,343,2960,SUCCESS,131344,0,equal,43220992,22371392,0,63312512,,,,,100,164,used,,,,20260910-0005
2026-09-10 06:14:27,HAUSP-UB[noEUCS],FIFA,47,2,0.012000,0.000,0.020,34456934,19632,0,84434,84434,0,255,55,22988525,2677,22858572,268,0.000000,0.096564,0.096675,341,0,276.90,22988078,22988072,339,2967,SUCCESS,129622,0,equal,43188224,22825664,0,64425472,,,,,101,164,used,,,,20260910-0005
2026-09-10 06:15:52,HAUSP-UB[noEUCS],FIFA,48,2,0.012000,0.000,0.020,35091756,20041,0,84568,84568,0,265,54,22781932,2686,22653580,294,0.000000,0.096707,0.096818,331,0,277.74,22781484,22781477,339,2975,SUCCESS,127990,0,equal,43188224,23272480,0,65820416,,,,,99,167,used,,,,20260910-0005
2026-09-10 06:17:19,HAUSP-UB[noEUCS],FIFA,49,2,0.012000,0.000,0.020,35721991,20450,0,86687,86687,0,256,54,22652772,2701,22523748,267,0.000000,0.096915,0.097026,334,0,282.59,22652333,22652318,346,2990,SUCCESS,128691,0,equal,43122688,23714944,0,68142592,,,,,99,165,used,,,,20260910-0005
2026-09-10 06:17:20,HAUSP-UB[noEUCS],FIFA,0,0,0.012000,0.000,0.010,383134,205,5,410,415,0,42,14,4220778,620,4184345,1273,0.000000,0.136320,0.136634,2890,0,103.37,4221206,4219878,1328,999,SUCCESS,36176,0,equal,0,234592,0,224896,,,,,1208,192,used,,,,20260910-0005
2026-09-10 06:17:21,HAUSP-UB[noEUCS],FIFA,1,0,0.012000,0.000,0.010,762304,410,0,1038,1038,0,80,27,11350221,900,11278248,316,0.000000,0.095044,0.095190,809,0,105.29,11349887,11349665,551,1225,SUCCESS,71678,0,equal,92032,475776,0,590080,,,,,256,235,used,,,,20260910-0005
2026-09-10 06:17:23,HAUSP-UB[noEUCS],FIFA,2,0,0.012000,0.000,0.010,1109551,615,0,1864,1864,0,99,32,14200031,1066,14114908,233,0.000000,0.097001,0.097127,329,0,109.14,14199655,14199500,480,1377,SUCCESS,84828,0,equal,1197056,721312,0,1038976,,,,,155,217,used,,,,20260910-0005
2026-09-10 06:17:25,HAUSP-UB[noEUCS],FIFA,3,0,0.012000,0.000,0.010,1487361,820,0,2732,2733,0,117,37,16771801,1238,16675500,222,0.000000,0.096753,0.096868,305,0,111.06,16771448,16771268,508,1553,SUCCESS,95996,0,equal,1255424,970720,0,1934464,,,,,131,214,used,,,,20260910-0005
2026-09-10 06:17:29,HAUSP-UB[noEUCS],FIFA,4,0,0.012000,0.000,0.010,1861597,1025,0,3459,3459,0,120,38,16983599,1348,16884645,222,0.000000,0.095702,0.095818,315,0,112.98,16983185,16983082,435,1654,SUCCESS,98643,0,equal,1468416,1212960,0,2472576,,,,,120,209,used,,,,20260910-0005
2026-09-10 06:17:33,HAUSP-UB[noEUCS],FIFA,5,0,0.012000,0.000,0.010,2216506,1230,0,4149,4150,0,120,38,16831873,1433,16732452,215,0.000000,0.099483,0.099594,273,0,115.98,16831436,16831362,408,1736,SUCCESS,99105,0,equal,2541568,1454112,0,3111424,,,,,115,216,used,,,,20260910-0005
2026-09-10 06:17:39,HAUSP-UB[noEUCS],FIFA,6,0,0.012000,0.000,0.010,2599922,1435,0,5597,5597,0,145,44,19369776,1525,19254838,205,0.000000,0.098622,0.098716,428,0,117.90,19369359,19369265,420,1823,SUCCESS,114634,0,equal,2357248,1701280,0,3939328,,,,,107,206,used,,,,20260910-0005
2026-09-10 06:17:46,HAUSP-UB[noEUCS],FIFA,7,0,0.012000,0.000,0.010,2995001,1640,0,7164,7165,0,169,50,21580011,1590,21451610,231,0.000000,0.095442,0.095538,380,0,119.83,21579574,21579503,404,1886,SUCCESS,128073,0,equal,2207744,1957312,0,4795520,,,,,107,204,used,,,,20260910-0005
2026-09-10 06:17:53,HAUSP-UB[noEUCS],FIFA,8,0,0.012000,0.000,0.010,3383967,1845,0,7677,7677,0,165,47,20746131,1672,20623942,204,0.000000,0.095190,0.095287,313,0,123.68,20745720,20745619,442,1977,SUCCESS,121901,0,equal,3141632,2210304,0,5658624,,,,,113,197,used,,,,20260910-0005
2026-09-10 06:18:02,HAUSP-UB[noEUCS],FIFA,9,0,0.012000,0.000,0.010,3763910,2050,0,8207,8207,0,159,45,19897075,1716,19779544,229,0.000000,0.094800,0.094906,274,0,127.53,19896622,19896570,403,2030,SUCCESS,117239,0,equal,4300800,2456544,0,6325376,,,,,129,192,used,,,,20260910-0005
2026-09-10 06:18:10,HAUSP-UB[noEUCS],FIFA,10,0,0.012000,0.000,0.010,4129011,2255,0,8832,8833,0,158,45,19493686,1716,19377657,270,0.000000,0.095906,0.096015,216,0,129.46,19493190,19493188,352,2044,SUCCESS,115713,0,equal,4835328,2709472,0,6648704,,,,,136,182,used,,,,20260910-0005
2026-09-10 06:18:20,HAUSP-UB[noEUCS],FIFA,11,0,0.012000,0.000,0.010,4527573,2460,0,9825,9826,0,160,46,19771044,1770,19653081,271,0.000000,0.095115,0.095227,202,0,131.38,19770588,19770537,389,2094,SUCCESS,117641,0,equal,4915200,2967232,0,7545216,,,,,131,182,used,,,,20260910-0005
2026-09-10 06:18:31,HAUSP-UB[noEUCS],FIFA,12,0,0.012000,0.000,0.010,4895113,2665,0,10996,10996,0,170,48,20791935,1813,20669091,277,0.000000,0.094890,0.095003,211,0,133.91,20791470,20791430,379,2131,SUCCESS,122509,0,equal,5332992,3215552,0,8318208,,,,,126,184,used,,,,20260910-0005
2026-09-10 06:18:44,HAUSP-UB[noEUCS],FIFA,13,0,0.012000,0.000,0.010,5242259,2870,0,12621,12621,0,183,51,22196335,1858,22065401,304,0.000000,0.094910,0.095018,187,0,135.83,22195882,22195847,377,2166,SUCCESS,130566,0,equal,5406720,3457504,0,9178496,,,,,116,180,used,,,,20260910-0005
2026-09-10 06:18:59,HAUSP-UB[noEUCS],FIFA,14,0,0.012000,0.000,0.010,5623846,3075,0,14959,14959,0,201,56,24514772,1888,24369937,275,0.000000,0.093799,0.093897,214,0,139.24,24514306,24514284,364,2187,SUCCESS,144480,0,equal,5603328,3712736,0,9870976,,,,,108,188,used,,,,20260910-0005
2026-09-10 06:19:15,HAUSP-UB[noEUCS],FIFA,15,0,0.012000,0.000,0.010,6014788,3280,0,16282,16282,0,206,57,25048995,1902,24901134,288,0.000000,0.094482,0.094579,246,0,141.16,25048531,25048519,355,2203,SUCCESS,147505,0,equal,5726208,3967360,0,10349696,,,,,111,179,used,,,,20260910-0005
2026-09-10 06:19:32,HAUSP-UB[noEUCS],FIFA,16,0,0.012000,0.000,0.010,6347894,3485,0,17108,17108,0,205,57,24899474,1935,24753104,300,0.000000,0.095119,0.095217,232,0,145.03,24899031,24899000,370,2236,SUCCESS,146006,0,equal,6897664,4196768,0,11046272,,,,,111,175,used,,,,20260910-0005
2026-09-10 06:19:50,HAUSP-UB[noEUCS],FIFA,17,0,0.012000,0.000,0.010,6729507,3690,0,18221,18221,0,205,57,24801182,1962,24655228,328,0.000000,0.095047,0.095150,251,0,149.92,24800739,24800709,367,2262,SUCCESS,145567,0,equal,8667136,4443424,0,11752448,,,,,110,169,used,,,,20260910-0005
2026-09-10 06:20:10,HAUSP-UB[noEUCS],FIFA,18,0,0.012000,0.000,0.010,7081718,3895,0,19781,19781,0,212,58,25275204,1988,25126251,324,0.000000,0.095696,0.095798,254,0,151.85,25274770,25274749,362,2288,SUCCESS,148580,0,equal,8794112,4672704,0,12405760,,,,,111,160,used,,,,20260910-0005
2026-09-10 06:20:32,HAUSP-UB[noEUCS],FIFA,19,0,0.012000,0.000,0.010,7428585,4100,0,21225,21226,0,216,58,25655137,2017,25503893,326,0.000000,0.096026,0.096125,241,0,155.71,25654707,25654678,365,2316,SUCCESS,150871,0,equal,9830400,4906176,0,13286272,,,,,112,159,used,,,,20260910-0005
2026-09-10 06:20:52,HAUSP-UB[noEUCS],FIFA,20,0,0.012000,0.000,0.010,7776056,4305,0,20644,20644,0,204,55,24027914,2037,23886833,284,0.000000,0.095723,0.095824,269,0,157.63,24027476,24027454,359,2336,SUCCESS,140751,0,equal,9977856,5126624,0,14031232,,,,,113,159,used,,,,20260910-0005
2026-09-10 06:21:14,HAUSP-UB[noEUCS],FIFA,21,0,0.012000,0.000,0.010,8168881,4510,0,21430,21431,0,201,54,23522547,2051,23383261,304,0.000000,0.096131,0.096232,269,0,159.55,23522102,23522087,354,2351,SUCCESS,138936,0,equal,10158080,5376128,0,14668032,,,,,114,160,used,,,,20260910-0005
2026-09-10 06:21:37,HAUSP-UB[noEUCS],FIFA,22,0,0.012000,0.000,0.010,8511271,4715,0,23095,23095,0,207,56,24058451,2059,23915327,301,0.000000,0.095737,0.095837,265,0,161.47,24058002,24057994,347,2359,SUCCESS,142781,0,equal,10665984,5606272,0,14983296,,,,,115,157,used,,,,20260910-0005
2026-09-10 06:22:00,HAUSP-UB[noEUCS],FIFA,23,0,0.012000,0.000,0.010,8900516,4920,0,23469,23469,0,202,55,23531340,2070,23391360,282,0.000000,0.095542,0.095642,279,0,163.41,23530892,23530884,347,2370,SUCCESS,139655,0,equal,10928128,5855136,0,15488256,,,,,116,159,used,,,,20260910-0005
2026-09-10 06:22:24,HAUSP-UB[noEUCS],FIFA,24,0,0.012000,0.000,0.010,9239890,5125,0,23920,23920,0,198,54,23132780,2078,22995371,284,0.000000,0.095075,0.095177,268,0,163.41,23132330,23132318,348,2382,SUCCESS,137087,0,equal,10616832,6083392,0,16082688,,,,,120,158,used,,,,20260910-0005
2026-09-10 06:22:50,HAUSP-UB[noEUCS],FIFA,25,0,0.012000,0.000,0.010,9610099,5330,0,25901,25901,0,209,56,24026088,2085,23884181,277,0.000000,0.094944,0.095043,241,0,165.92,24025630,24025623,343,2386,SUCCESS,141582,0,equal,11075584,6327040,0,16314240,,,,,113,161,used,,,,20260910-0005
2026-09-10 06:23:17,HAUSP-UB[noEUCS],FIFA,26,0,0.012000,0.000,0.010,9970059,5535,0,26528,26529,0,207,55,23654447,2092,23514087,288,0.000000,0.094658,0.094758,243,0,165.92,23653995,23653976,358,2395,SUCCESS,140028,0,equal,10797056,6570112,0,16844672,,,,,114,158,used,,,,20260910-0005
2026-09-10 06:23:44,HAUSP-UB[noEUCS],FIFA,27,0,0.012000,0.000,0.010,10353379,5740,0,27572,27572,0,201,55,23606527,2130,23466357,284,0.000000,0.094558,0.094658,218,0,169.78,23606104,23606064,389,2434,SUCCESS,139840,0,equal,10747904,6821376,0,18439680,,,,,112,158,used,,,,20260910-0005
2026-09-10 06:24:12,HAUSP-UB[noEUCS],FIFA,28,0,0.012000,0.000,0.010,10683528,5945,0,27906,27906,0,202,54,23075869,2146,22938899,262,0.000000,0.094868,0.094971,203,0,171.73,23075424,23075411,363,2449,SUCCESS,136662,0,equal,10911744,7049184,0,19500416,,,,,111,157,used,,,,20260910-0005
2026-09-10 06:24:41,HAUSP-UB[noEUCS],FIFA,29,0,0.012000,0.000,0.010,11042866,6150,0,28967,28968,0,210,54,24591332,2168,24454227,295,0.000000,0.095556,0.095661,198,0,175.59,24590889,24590863,374,2471,SUCCESS,136760,0,equal,11304960,7281312,0,20544768,,,,,112,162,used,,,,20260910-0005
2026-09-10 06:25:11,HAUSP-UB[noEUCS],FIFA,30,0,0.012000,0.000,0.010,11446265,6355,0,30195,30196,0,210,54,24691817,2184,24553992,293,0.000000,0.095837,0.095942,204,0,177.54,24691373,24691361,364,2486,SUCCESS,137486,0,equal,11354112,7540608,0,21291776,,,,,111,157,used,,,,20260910-0005
2026-09-10 06:25:42,HAUSP-UB[noEUCS],FIFA,31,0,0.012000,0.000,0.010,11834323,6560,0,30760,30761,0,205,53,24443196,2189,24307224,274,0.000000,0.095672,0.095778,206,0,179.98,24442735,24442730,354,2491,SUCCESS,135647,0,equal,12877824,7796576,0,21590400,,,,,113,164,used,,,,20260910-0005
2026-09-10 06:26:14,HAUSP-UB[noEUCS],FIFA,32,0,0.012000,0.000,0.010,12179651,6765,0,32044,32044,0,213,54,24600477,2193,24463318,287,0.000000,0.096014,0.096119,210,0,181.93,24600020,24600020,349,2494,SUCCESS,136826,0,equal,12877824,8038848,0,21753600,,,,,113,159,used,,,,20260910-0005
2026-09-10 06:26:47,HAUSP-UB[noEUCS],FIFA,33,0,0.012000,0.000,0.010,12537397,6970,0,32497,32497,0,210,53,24310941,2203,24175973,290,0.000000,0.096269,0.096375,207,0,187.74,24310493,24310480,359,2505,SUCCESS,134635,0,equal,15302656,8267328,0,22223488,,,,,114,157,used,,,,20260910-0005
2026-09-10 06:27:20,HAUSP-UB[noEUCS],FIFA,34,0,0.012000,0.000,0.010,12868904,7175,0,33011,33011,0,208,52,23999540,2223,23866385,331,0.000000,0.096624,0.096733,194,0,191.65,23999102,23999081,369,2526,SUCCESS,132783,0,equal,16384000,8491712,0,23103488,,,,,115,156,used,,,,20260910-0005
2026-09-10 06:27:53,HAUSP-UB[noEUCS],FIFA,35,0,0.012000,0.000,0.010,13205139,7380,0,33292,33293,0,213,51,23720348,2256,23588733,293,0.000000,0.097314,0.097423,177,0,195.98,23719917,23719888,377,2556,SUCCESS,131273,0,equal,17596416,8728992,0,24672512,,,,,112,161,used,,,,20260910-0005
2026-09-10 06:28:28,HAUSP-UB[noEUCS],FIFA,36,0,0.012000,0.000,0.010,13606940,7585,0,35159,35159,0,220,53,24254857,2281,24120590,299,0.000000,0.096584,0.096692,200,0,164.61,24254426,24254398,375,2581,SUCCESS,133923,0,equal,19496960,8982944,0,26130432,,,,,111,156,used,,,,20260910-0005
2026-09-10 06:29:05,HAUSP-UB[noEUCS],FIFA,37,0,0.012000,0.000,0.010,13982039,7790,0,36710,36710,0,225,53,24388207,2301,24252950,307,0.000000,0.096720,0.096825,213,0,169.37,24387772,24387755,367,2599,SUCCESS,134904,0,equal,20742144,9239520,0,27251712,,,,,109,155,used,,,,20260910-0005
2026-09-10 06:29:42,HAUSP-UB[noEUCS],FIFA,38,0,0.012000,0.000,0.010,14339594,7995,0,36911,36911,0,220,53,23725978,2319,23593512,298,0.000000,0.096761,0.096867,203,0,173.38,23725545,23725534,360,2617,SUCCESS,132124,0,equal,21479424,9478080,0,28446080,,,,,109,153,used,,,,20260910-0005
2026-09-10 06:30:19,HAUSP-UB[noEUCS],FIFA,39,0,0.012000,0.000,0.010,14702311,8200,0,37240,37240,0,217,51,23426901,2332,23296543,297,0.000000,0.096674,0.096783,214,0,174.98,23426467,23426453,356,2630,SUCCESS,130021,0,equal,21331968,9711040,0,29291904,,,,,109,149,used,,,,20260910-0005
2026-09-10 06:30:58,HAUSP-UB[noEUCS],FIFA,40,0,0.012000,0.000,0.010,15042506,8405,0,38501,38501,0,222,52,23500898,2345,23369440,291,0.000000,0.097011,0.097119,219,0,178.13,23500463,23500450,356,2644,SUCCESS,131128,0,equal,21790720,9943104,0,30242176,,,,,111,150,used,,,,20260910-0005
2026-09-10 06:31:37,HAUSP-UB[noEUCS],FIFA,41,0,0.012000,0.000,0.010,15388964,8610,0,38994,38994,0,220,51,23188545,2366,23058404,289,0.000000,0.097242,0.097353,218,0,181.33,23188120,23188102,360,2664,SUCCESS,129815,0,equal,21856256,10170720,0,31619456,,,,,110,147,used,,,,20260910-0005
2026-09-10 06:32:17,HAUSP-UB[noEUCS],FIFA,42,0,0.012000,0.000,0.010,15728137,8815,0,40228,40229,0,221,51,23294791,2368,23163705,281,0.000000,0.097239,0.097350,224,0,181.33,23294349,23294348,341,2666,SUCCESS,130768,0,equal,21725184,10399680,0,31945600,,,,,109,146,used,,,,20260910-0005
2026-09-10 06:32:59,HAUSP-UB[noEUCS],FIFA,43,0,0.012000,0.000,0.010,16102110,9020,0,41786,41787,0,226,53,23641706,2381,23508282,307,0.000000,0.096991,0.097100,260,0,184.50,23641272,23641258,353,2679,SUCCESS,133077,0,equal,21905408,10639744,0,32975488,,,,,109,149,used,,,,20260910-0005
2026-09-10 06:33:42,HAUSP-UB[noEUCS],FIFA,44,0,0.012000,0.000,0.010,16468889,9225,0,43641,43642,0,233,54,24043358,2396,23907666,284,0.000000,0.096789,0.096895,255,0,186.11,24042924,24042911,353,2693,SUCCESS,135367,0,equal,21594112,10881920,0,33967488,,,,,110,151,used,,,,20260910-0005
2026-09-10 06:34:27,HAUSP-UB[noEUCS],FIFA,45,0,0.012000,0.000,0.010,16806789,9430,0,44839,44839,0,235,53,24202133,2401,24066030,307,0.000000,0.097027,0.097133,242,0,187.71,24201689,24201686,342,2696,SUCCESS,135751,0,equal,21889024,11120608,0,34228864,,,,,107,152,used,,,,20260910-0005
2026-09-10 06:35:13,HAUSP-UB[noEUCS],FIFA,46,0,0.012000,0.000,0.010,17165024,9635,0,45401,45401,0,230,53,23938304,2412,23803365,316,0.000000,0.096959,0.097066,248,0,189.39,23937869,23937858,350,2708,SUCCESS,134579,0,equal,21659648,11347648,0,35213056,,,,,107,151,used,,,,20260910-0005
2026-09-10 06:35:59,HAUSP-UB[noEUCS],FIFA,47,0,0.012000,0.000,0.010,17486481,9840,0,46146,46146,0,231,54,23852934,2419,23718550,305,0.000000,0.097053,0.097163,237,0,190.98,23852493,23852487,344,2715,SUCCESS,134035,0,equal,21823488,11576480,0,35747840,,,,,108,152,used,,,,20260910-0005
2026-09-10 06:36:47,HAUSP-UB[noEUCS],FIFA,48,0,0.012000,0.000,0.010,17825007,10045,0,48471,48471,0,242,55,24506132,2430,24367204,296,0.000000,0.097000,0.097107,246,0,192.57,24505691,24505682,346,2724,SUCCESS,138582,0,equal,21790720,11799680,0,36521344,,,,,106,156,used,,,,20260910-0005
2026-09-10 06:37:37,HAUSP-UB[noEUCS],FIFA,49,0,0.012000,0.000,0.010,18205467,10250,0,49276,49276,0,239,55,24331023,2436,24192950,301,0.000000,0.096962,0.097068,254,0,194.17,24330583,24330578,342,2730,SUCCESS,137726,0,equal,21856256,12042560,0,37109248,,,,,106,152,used,,,,20260910-0005
2026-09-10 06:38:26,HAUSP-UB[noEUCS],FIFA,50,0,0.012000,0.000,0.010,18528296,10455,0,49559,49560,0,237,54,24017493,2443,23880662,334,0.000000,0.097178,0.097291,257,0,195.76,24017050,24017042,344,2738,SUCCESS,136447,0,equal,21790720,12262688,0,37695744,,,,,106,156,used,,,,20260910-0005
2026-09-10 06:39:17,HAUSP-UB[noEUCS],FIFA,51,0,0.012000,0.000,0.010,18901402,10660,0,51149,51149,0,243,55,24323146,2450,24185240,335,0.000000,0.097229,0.097341,255,0,197.35,24322705,24322697,344,2746,SUCCESS,137526,0,equal,21790720,12516992,0,38456576,,,,,108,153,used,,,,20260910-0005
2026-09-10 06:40:10,HAUSP-UB[noEUCS],FIFA,52,0,0.012000,0.000,0.010,19301795,10865,0,52297,52297,0,240,56,24287496,2462,24149123,328,0.000000,0.097072,0.097183,256,0,200.02,24287058,24287046,348,2758,SUCCESS,137999,0,equal,21463040,12777984,0,39543040,,,,,108,154,used,,,,20260910-0005
2026-09-10 06:41:03,HAUSP-UB[noEUCS],FIFA,53,0,0.012000,0.000,0.010,19649159,11070,0,53063,53063,0,246,55,24318877,2480,24180917,326,0.000000,0.096812,0.096923,251,0,203.19,24318447,24318428,355,2776,SUCCESS,137590,0,equal,21594112,13014048,0,40949888,,,,,108,152,used,,,,20260910-0005
2026-09-10 06:41:56,HAUSP-UB[noEUCS],FIFA,54,0,0.012000,0.000,0.010,19974248,11275,0,52937,52937,0,238,54,23920030,2485,23784689,326,0.000000,0.096851,0.096962,247,0,205.38,23919585,23919578,344,2781,SUCCESS,134969,0,equal,21889024,13228928,0,41629312,,,,,108,154,used,,,,20260910-0005
2026-09-10 06:42:50,HAUSP-UB[noEUCS],FIFA,55,0,0.012000,0.000,0.010,20329451,11480,0,53819,53819,0,239,54,23716058,2491,23580184,303,0.000000,0.096847,0.096959,267,0,207.03,23715615,23715612,342,2787,SUCCESS,135526,0,equal,21725184,13465632,0,42526848,,,,,108,153,used,,,,20260910-0005
2026-09-10 06:43:45,HAUSP-UB[noEUCS],FIFA,56,0,0.012000,0.000,0.010,20694979,11685,0,55050,55050,0,239,54,23790245,2496,23653706,342,0.000000,0.097122,0.097234,284,0,210.56,23789802,23789796,342,2792,SUCCESS,136154,0,equal,22118400,13710944,0,43715712,,,,,109,152,used,,,,20260910-0005
2026-09-10 06:44:40,HAUSP-UB[noEUCS],FIFA,57,0,0.012000,0.000,0.010,21005831,11890,0,55462,55462,0,234,54,23803921,2500,23668900,312,0.000000,0.097222,0.097334,293,0,212.16,23803475,23803472,340,2796,SUCCESS,134662,0,equal,22282240,13926432,0,44257664,,,,,107,154,used,,,,20260910-0005
2026-09-10 06:45:36,HAUSP-UB[noEUCS],FIFA,58,0,0.012000,0.000,0.010,21342359,12095,0,56301,56301,0,241,54,23827623,2504,23692489,291,0.000000,0.097150,0.097262,297,0,215.06,23827179,23827175,340,2800,SUCCESS,134798,0,equal,23232512,14155392,0,44633728,,,,,107,152,used,,,,20260910-0005
2026-09-10 06:46:34,HAUSP-UB[noEUCS],FIFA,59,0,0.012000,0.000,0.010,21704424,12300,0,57826,57826,0,239,55,24054591,2515,23918449,314,0.000000,0.097063,0.097175,282,0,218.28,24054155,24054141,350,2811,SUCCESS,135784,0,equal,23855104,14407648,0,45636608,,,,,107,151,used,,,,20260910-0005
2026-09-10 06:47:33,HAUSP-UB[noEUCS],FIFA,60,0,0.012000,0.000,0.010,22132440,12505,0,58256,58256,0,239,54,23739583,2519,23604898,317,0.000000,0.096836,0.096948,294,0,221.43,23739136,23739135,340,2814,SUCCESS,134321,0,equal,24772608,14675776,0,46020096,,,,,108,155,used,,,,20260910-0005
2026-09-10 06:48:32,HAUSP-UB[noEUCS],FIFA,61,0,0.012000,0.000,0.010,22490258,12710,0,59078,59078,0,235,54,23814644,2527,23680364,302,0.000000,0.096907,0.097018,305,0,224.89,23814203,23814196,344,2822,SUCCESS,133932,0,equal,25722880,14910432,0,46799360,,,,,108,154,used,,,,20260910-0005
2026-09-10 06:49:31,HAUSP-UB[noEUCS],FIFA,62,0,0.012000,0.000,0.010,22838376,12915,0,59434,59434,0,240,54,23639950,2529,23506778,299,0.000000,0.096753,0.096864,313,0,228.10,23639503,23639498,341,2824,SUCCESS,132826,0,equal,26673152,15141088,0,47313152,,,,,107,154,used,,,,20260910-0005
2026-09-10 06:50:31,HAUSP-UB[noEUCS],FIFA,63,0,0.012000,0.000,0.010,23222597,13120,0,59966,59966,0,236,54,23416513,2532,23284433,284,0.000000,0.096634,0.096745,306,0,230.33,23416063,23416062,340,2827,SUCCESS,131744,0,equal,27394048,15404768,0,47609600,,,,,106,158,used,,,,20260910-0005
2026-09-10 06:51:33,HAUSP-UB[noEUCS],FIFA,64,0,0.012000,0.000,0.010,23597159,13325,0,61391,61391,0,243,54,23582756,2537,23450008,299,0.000000,0.096652,0.096763,308,0,233.55,23582307,23582300,344,2832,SUCCESS,132396,0,equal,28409856,15650912,0,48095616,,,,,106,159,used,,,,20260910-0005
2026-09-10 06:52:36,HAUSP-UB[noEUCS],FIFA,65,0,0.012000,0.000,0.010,23986576,13530,0,63192,63192,0,250,55,23778493,2544,23644551,300,0.000000,0.096493,0.096602,309,0,238.43,23778044,23778038,345,2839,SUCCESS,133587,0,equal,30015488,15901568,0,48817152,,,,,106,161,used,,,,20260910-0005
2026-09-10 06:53:41,HAUSP-UB[noEUCS],FIFA,66,0,0.012000,0.000,0.010,24358979,13735,0,64920,64920,0,251,55,23976117,2545,23840940,292,0.000000,0.096458,0.096570,314,0,243.34,23975663,23975661,340,2841,SUCCESS,134832,0,equal,32276480,16149984,0,49122176,,,,,107,160,used,,,,20260910-0005
2026-09-10 06:54:46,HAUSP-UB[noEUCS],FIFA,67,0,0.012000,0.000,0.010,24737854,13940,0,65120,65120,0,248,54,23639174,2555,23505642,313,0.000000,0.096209,0.096321,316,0,250.55,23638727,23638717,348,2851,SUCCESS,133166,0,equal,34701312,16397120,0,50181760,,,,,108,161,used,,,,20260910-0005
2026-09-10 06:55:52,HAUSP-UB[noEUCS],FIFA,68,0,0.012000,0.000,0.010,25091800,14145,0,66233,66233,0,247,54,23633705,2561,23500226,295,0.000000,0.096308,0.096418,318,0,257.12,23633253,23633248,343,2856,SUCCESS,133128,0,equal,37322752,16628960,0,50765824,,,,,106,162,used,,,,20260910-0005
2026-09-10 06:57:00,HAUSP-UB[noEUCS],FIFA,69,0,0.012000,0.000,0.010,25447519,14350,0,67678,67678,0,244,55,23635852,2568,23501584,289,0.000000,0.096461,0.096571,317,0,262.89,23635402,23635395,345,2863,SUCCESS,133924,0,equal,38961152,16862976,0,51677696,,,,,107,162,used,,,,20260910-0005
2026-09-10 06:58:09,HAUSP-UB[noEUCS],FIFA,70,0,0.012000,0.000,0.010,25785556,14555,0,68718,68719,0,249,55,23756979,2570,23622472,310,0.000000,0.096548,0.096659,313,0,266.09,23756523,23756523,338,2865,SUCCESS,134140,0,equal,40566784,17089280,0,52055040,,,,,106,163,used,,,,20260910-0005
2026-09-10 06:59:18,HAUSP-UB[noEUCS],FIFA,71,0,0.012000,0.000,0.010,26116195,14760,0,69063,69063,0,244,54,23656593,2572,23523116,292,0.000000,0.096503,0.096614,310,0,270.24,23656140,23656137,339,2867,SUCCESS,133130,0,equal,41582592,17314176,0,52398592,,,,,105,160,used,,,,20260910-0005
2026-09-10 07:00:27,HAUSP-UB[noEUCS],FIFA,72,0,0.012000,0.000,0.010,26483638,14965,0,69378,69378,0,243,54,23479315,2585,23346943,306,0.000000,0.096277,0.096389,317,0,272.96,23478872,23478859,350,2880,SUCCESS,132010,0,equal,41254912,17550912,0,54084352,,,,,105,161,used,,,,20260910-0005
2026-09-10 07:01:36,HAUSP-UB[noEUCS],FIFA,73,0,0.012000,0.000,0.010,26803661,15170,0,69023,69024,0,241,53,23028430,2596,22897876,317,0.000000,0.096406,0.096520,312,0,277.83,23027987,23027977,347,2892,SUCCESS,130185,0,equal,42074112,17761248,0,55634176,,,,,107,159,used,,,,20260910-0005
2026-09-10 07:02:47,HAUSP-UB[noEUCS],FIFA,74,0,0.012000,0.000,0.010,27167818,15375,0,70719,70720,0,243,55,23194988,2598,23062752,300,0.000000,0.096109,0.096221,324,0,280.10,23194536,23194535,336,2894,SUCCESS,131886,0,equal,42565632,18002912,0,56044032,,,,,108,158,used,,,,20260910-0005
2026-09-10 07:03:59,HAUSP-UB[noEUCS],FIFA,75,0,0.012000,0.000,0.010,27532507,15580,0,72192,72192,0,242,54,23310490,2605,23177199,311,0.000000,0.095900,0.096010,337,0,282.31,23310042,23310036,340,2900,SUCCESS,132927,0,equal,42827776,18234048,0,56782336,,,,,106,159,used,,,,20260910-0005
2026-09-10 07:05:13,HAUSP-UB[noEUCS],FIFA,76,0,0.012000,0.000,0.010,27884523,15785,0,73474,73474,0,252,55,23437855,2607,23304301,283,0.000000,0.095906,0.096015,347,0,283.79,23437401,23437399,336,2902,SUCCESS,133215,0,equal,43089920,18470336,0,57093760,,,,,105,161,used,,,,20260910-0005
2026-09-10 07:06:29,HAUSP-UB[noEUCS],FIFA,77,0,0.012000,0.000,0.010,28248534,15990,0,76111,76111,0,275,57,23971492,2608,23835433,321,0.000000,0.095962,0.096069,360,0,283.79,23971036,23971034,336,2903,SUCCESS,135681,0,equal,42991616,18708640,0,57240960,,,,,105,162,used,,,,20260910-0005
2026-09-10 07:07:46,HAUSP-UB[noEUCS],FIFA,78,0,0.012000,0.000,0.010,28585217,16195,0,76960,76960,0,262,55,23952416,2611,23816137,269,0.000000,0.095937,0.096045,352,0,285.38,23951961,23951958,338,2906,SUCCESS,135952,0,equal,42926080,18936768,0,57713280,,,,,105,163,used,,,,20260910-0005
2026-09-10 07:09:04,HAUSP-UB[noEUCS],FIFA,79,0,0.012000,0.000,0.010,28930399,16400,0,77950,77950,0,264,56,23932861,2612,23796342,292,0.000000,0.095817,0.095924,344,0,287.01,23932404,23932404,335,2907,SUCCESS,136169,0,equal,43450368,19171488,0,57902720,,,,,105,163,used,,,,20260910-0005
2026-09-10 07:10:22,HAUSP-UB[noEUCS],FIFA,80,0,0.012000,0.000,0.010,29284582,16605,0,78492,78492,0,259,56,23801684,2634,23665999,293,0.000000,0.095842,0.095949,335,0,291.36,23801242,23801223,353,2926,SUCCESS,135325,0,equal,42827776,19414656,0,60395904,,,,,102,169,used,,,,20260910-0005
2026-09-10 07:11:42,HAUSP-UB[noEUCS],FIFA,81,0,0.012000,0.000,0.010,29658643,16810,0,79582,79582,0,254,56,23869086,2640,23733007,280,0.000000,0.095780,0.095886,351,0,293.00,23868633,23868625,342,2931,SUCCESS,135733,0,equal,42860544,19652896,0,61097856,,,,,101,167,used,,,,20260910-0005
2026-09-10 07:13:02,HAUSP-UB[noEUCS],FIFA,82,0,0.012000,0.000,0.010,30020210,17015,0,80304,80305,0,252,56,23903843,2641,23768318,282,0.000000,0.095780,0.095887,347,0,296.23,23903389,23903384,342,2935,SUCCESS,135183,0,equal,43843584,19887552,0,61652992,,,,,104,164,used,,,,20260910-0005
2026-09-10 07:14:24,HAUSP-UB[noEUCS],FIFA,83,0,0.012000,0.000,0.010,30340433,17220,0,82068,82068,0,260,56,24138304,2644,24001717,287,0.000000,0.096086,0.096192,337,0,296.23,24137846,24137846,336,2935,SUCCESS,136235,0,equal,43843584,20108512,0,61747712,,,,,102,167,used,,,,20260910-0005
2026-09-10 07:15:47,HAUSP-UB[noEUCS],FIFA,84,0,0.012000,0.000,0.010,30684481,17425,0,82915,82916,0,266,56,24176320,2644,24039909,294,0.000000,0.096158,0.096264,340,0,297.81,24175861,24175861,335,2935,SUCCESS,136050,0,equal,44236800,20332064,0,61908480,,,,,101,168,used,,,,20260910-0005
2026-09-10 07:17:11,HAUSP-UB[noEUCS],FIFA,85,0,0.012000,0.000,0.010,30987867,17630,0,83298,83298,0,264,56,24066099,2646,23930358,297,0.000000,0.096200,0.096306,333,0,298.65,24065641,24065641,336,2936,SUCCESS,135375,0,equal,44171264,20536864,0,62081024,,,,,100,169,used,,,,20260910-0005
2026-09-10 07:18:35,HAUSP-UB[noEUCS],FIFA,86,0,0.012000,0.000,0.010,31348640,17835,0,83830,83830,0,261,56,23969370,2649,23834263,283,0.000000,0.096315,0.096424,353,0,299.79,23968914,23968913,338,2939,SUCCESS,134756,0,equal,43843584,20767328,0,62560768,,,,,101,169,used,,,,20260910-0005
2026-09-10 07:19:59,HAUSP-UB[noEUCS],FIFA,87,0,0.012000,0.000,0.010,31720981,18040,0,84318,84318,0,264,55,23803419,2649,23669082,286,0.000000,0.096446,0.096555,366,0,299.79,23802962,23802962,335,2939,SUCCESS,133984,0,equal,43843584,21006368,0,62673920,,,,,100,167,used,,,,20260910-0005
2026-09-10 07:21:20,HAUSP-UB[noEUCS],FIFA,88,0,0.012000,0.000,0.010,32091167,18245,0,81291,81292,0,253,56,23783061,2652,23649170,306,0.000000,0.096352,0.096459,370,0,247.97,23782607,23782604,338,2942,SUCCESS,133518,0,equal,43515904,21248032,0,63348736,,,,,100,167,used,,,,20260910-0005
2026-09-10 07:22:43,HAUSP-UB[noEUCS],FIFA,89,0,0.012000,0.000,0.010,32433544,18450,0,82325,82326,0,249,56,23761067,2654,23626769,296,0.000000,0.096350,0.096457,370,0,248.83,23760614,23760614,335,2944,SUCCESS,133937,0,equal,43515904,21483776,0,63721984,,,,,100,165,used,,,,20260910-0005
2026-09-10 07:24:05,HAUSP-UB[noEUCS],FIFA,90,0,0.012000,0.000,0.010,32762992,18655,0,82619,82619,0,249,56,23580484,2659,23447292,296,0.000000,0.096328,0.096435,371,0,251.34,23580033,23580029,337,2948,SUCCESS,132829,0,equal,43122688,21702912,0,64363776,,,,,99,166,used,,,,20260910-0005
2026-09-10 07:25:29,HAUSP-UB[noEUCS],FIFA,91,0,0.012000,0.000,0.010,33137662,18860,0,83674,83674,0,245,55,23500713,2661,23367685,278,0.000000,0.096417,0.096524,368,0,251.34,23500260,23500258,335,2950,SUCCESS,132683,0,equal,43188224,21948672,0,64800000,,,,,99,166,used,,,,20260910-0005
2026-09-10 07:26:53,HAUSP-UB[noEUCS],FIFA,92,0,0.012000,0.000,0.010,33509492,19065,0,84231,84231,0,249,55,23451797,2665,23319473,275,0.000000,0.096401,0.096510,363,0,253.97,23451348,23451343,338,2955,SUCCESS,131985,0,equal,42795008,22187040,0,65801472,,,,,100,164,used,,,,20260910-0005
2026-09-10 07:28:18,HAUSP-UB[noEUCS],FIFA,93,0,0.012000,0.000,0.010,33846575,19270,0,84619,84619,0,246,54,23320187,2670,23188678,277,0.000000,0.096343,0.096453,356,0,256.49,23319738,23319733,338,2960,SUCCESS,131168,0,equal,43352064,22413184,0,66555136,,,,,100,164,used,,,,20260910-0005
2026-09-10 07:29:43,HAUSP-UB[noEUCS],FIFA,94,0,0.012000,0.000,0.010,34167603,19475,0,84753,84753,0,254,53,23125606,2671,22995211,293,0.000000,0.096480,0.096591,347,0,256.49,23125152,23125151,334,2961,SUCCESS,130038,0,equal,43384832,22634592,0,66777088,,,,,101,165,used,,,,20260910-0005
2026-09-10 07:31:08,HAUSP-UB[noEUCS],FIFA,95,0,0.012000,0.000,0.010,34519264,19680,0,85503,85504,0,244,53,23020725,2681,22890958,271,0.000000,0.096590,0.096701,341,0,259.00,23020281,23020272,342,2971,SUCCESS,129432,0,equal,42336256,22868832,0,68175872,,,,,100,164,used,,,,20260910-0005
2026-09-10 07:32:33,HAUSP-UB[noEUCS],FIFA,96,0,0.012000,0.000,0.010,34847260,19885,0,85124,85124,0,239,53,22713483,2682,22585204,281,0.000000,0.096494,0.096605,334,0,261.46,22713027,22713027,332,2972,SUCCESS,127931,0,equal,43253760,23094272,0,68493312,,,,,100,167,used,,,,20260910-0005
2026-09-10 07:34:00,HAUSP-UB[noEUCS],FIFA,97,0,0.012000,0.000,0.010,35173922,20090,0,86214,86214,0,246,54,22703130,2686,22574897,284,0.000000,0.096680,0.096791,332,0,261.46,22702676,22702673,334,2975,SUCCESS,127880,0,equal,42991616,23324128,0,69181440,,,,,99,168,used,,,,20260910-0005
2026-09-10 07:35:28,HAUSP-UB[noEUCS],FIFA,98,0,0.012000,0.000,0.010,35534520,20295,0,88544,88544,0,251,54,22902507,2693,22772739,273,0.000000,0.096764,0.096875,335,0,263.99,22902060,22902052,339,2983,SUCCESS,129430,0,equal,42729472,23577184,0,70404352,,,,,100,165,used,,,,20260910-0005
2026-09-10 07:36:57,HAUSP-UB[noEUCS],FIFA,99,0,0.012000,0.000,0.010,35721991,20450,0,88410,88410,0,246,54,22652772,2701,22523748,267,0.000000,0.096915,0.097026,334,0,266.55,22652325,22652318,338,2990,SUCCESS,128691,0,equal,42598400,23714944,0,71362816,,,,,99,165,used,,,,20260910-0005
2026-09-10 07:36:57,HAUSP-UB[noEUCS],LEVIATHAN,0,0,0.003000,0.000,0.100,1405752,583,11,208,219,2,22,6,1623119,1782,1605572,1225,0.000000,0.340966,0.352914,3596,0,39.04,1624332,1621162,3170,2510,SUCCESS,16113,0,equal,1743232,599424,0,603648,,,,,360,569,used,,,,20260910-0005
2026-09-10 07:36:58,HAUSP-UB[noEUCS],LEVIATHAN,1,0,0.003000,0.000,0.100,2833171,1166,5,217,222,1,18,6,2369635,3333,2350982,1214,0.000000,0.363978,0.376474,4440,0,48.35,2369864,2368326,2198,4038,SUCCESS,17202,0,equal,3585024,1192704,0,2831360,,,,,357,594,used,,,,20260910-0005
2026-09-10 07:36:58,HAUSP-UB[noEUCS],LEVIATHAN,2,0,0.003000,0.000,0.100,4269015,1749,0,373,374,0,25,7,3399695,4297,3377913,1393,0.000000,0.358347,0.370489,4970,0,61.63,3399354,3398445,1579,4961,SUCCESS,20095,0,equal,5636096,1834880,0,6871808,,,,,306,600,used,,,,20260910-0005
2026-09-10 07:36:59,HAUSP-UB[noEUCS],LEVIATHAN,3,0,0.003000,0.000,0.100,5742029,2332,0,563,564,0,31,9,4381765,5060,4356527,1637,0.000000,0.369428,0.382278,5965,0,73.29,4381320,4380538,1438,5731,SUCCESS,23380,0,equal,7666816,2485664,0,12936320,,,,,323,544,used,,,,20260910-0005
2026-09-10 07:36:59,HAUSP-UB[noEUCS],LEVIATHAN,4,0,0.003000,0.000,0.100,7187071,2915,0,771,772,0,36,9,5156558,5754,5129060,1726,0.000000,0.370008,0.382503,6373,0,84.61,5156039,5155370,1337,6413,SUCCESS,25535,0,equal,10121216,3129504,0,21326336,,,,,305,542,used,,,,20260910-0005
2026-09-10 07:37:00,HAUSP-UB[noEUCS],LEVIATHAN,5,0,0.003000,0.000,0.100,8655898,3498,0,945,946,0,39,10,5564058,6468,5536430,1659,0.000000,0.371106,0.383258,6387,0,104.34,5563576,5562838,1393,7137,SUCCESS,25753,0,equal,12431104,3784224,0,31933568,,,,,321,537,used,,,,20260910-0005
2026-09-10 07:37:01,HAUSP-UB[noEUCS],LEVIATHAN,6,0,0.003000,0.000,0.100,10094142,4081,0,1108,1109,0,42,10,5883498,7007,5855871,1711,0.000000,0.368765,0.381408,6384,0,111.75,5882811,5882258,1222,7683,SUCCESS,25679,0,equal,15761408,4438656,0,43116160,,,,,320,557,used,,,,20260910-0005
2026-09-10 07:37:03,HAUSP-UB[noEUCS],LEVIATHAN,7,0,0.003000,0.000,0.100,11406844,4664,0,1248,1249,0,41,9,6078888,7425,6051489,1738,0.000000,0.365936,0.378513,6281,0,123.75,6078098,6077663,1111,8110,SUCCESS,25454,0,equal,19030016,5049280,0,53652480,,,,,325,532,used,,,,20260910-0005
2026-09-10 07:37:04,HAUSP-UB[noEUCS],LEVIATHAN,8,0,0.003000,0.000,0.100,12722726,5247,0,1438,1438,0,44,10,6416359,7806,6388285,1782,0.000000,0.364166,0.376967,6322,0,143.23,6415511,6415129,1066,8491,SUCCESS,26073,0,equal,22757376,5670080,0,64551040,,,,,325,544,used,,,,20260910-0005
2026-09-10 07:37:06,HAUSP-UB[noEUCS],LEVIATHAN,9,0,0.003000,0.000,0.100,14156241,5834,0,1605,1606,0,45,10,6599011,8336,6570516,1777,0.000000,0.366961,0.379732,6511,0,168.72,6598297,6597759,1223,9025,SUCCESS,26495,0,equal,24444928,6312032,0,82455040,,,,,336,559,used,,,,20260910-0005
2026-09-10 07:37:06,HAUSP-UB[noEUCS],LEVIATHAN,0,1,0.003000,0.000,0.100,1405752,583,3,134,137,0,16,7,1623119,1782,1605572,1225,0.000000,0.340966,0.352914,3596,0,38.33,1624332,1621162,3170,2510,SUCCESS,16113,0,equal,1743232,599424,0,603648,,,,,360,569,used,,,,20260910-0005
2026-09-10 07:37:07,HAUSP-UB[noEUCS],LEVIATHAN,1,1,0.003000,0.000,0.100,2833171,1166,0,216,217,0,18,6,2369635,3333,2350982,1214,0.000000,0.363978,0.376474,4440,0,47.08,2369864,2368326,2198,4038,SUCCESS,17202,0,equal,3585024,1192704,0,2831360,,,,,357,594,used,,,,20260910-0005
2026-09-10 07:37:07,HAUSP-UB[noEUCS],LEVIATHAN,2,1,0.003000,0.000,0.100,4269015,1749,0,369,369,0,25,7,3399695,4297,3377913,1393,0.000000,0.358347,0.370489,4970,0,59.99,3399354,3398445,1579,4961,SUCCESS,20095,0,equal,5636096,1834880,0,6871808,,,,,306,600,used,,,,20260910-0005
2026-09-10 07:37:08,HAUSP-UB[noEUCS],LEVIATHAN,3,1,0.003000,0.000,0.100,5742029,2332,0,568,568,0,32,9,4381765,5060,4356527,1637,0.000000,0.369428,0.382278,5965,0,65.32,4381320,4380538,1438,5731,SUCCESS,23380,0,equal,7995392,2485664,0,12936320,,,,,323,544,used,,,,20260910-0005
2026-09-10 07:37:08,HAUSP-UB[noEUCS],LEVIATHAN,4,1,0.003000,0.000,0.100,7187071,2915,0,768,769,0,36,9,5156558,5754,5129060,1726,0.000000,0.370008,0.382503,6373,0,76.97,5156039,5155370,1337,6413,SUCCESS,25535,0,equal,7588608,3129504,0,21326336,,,,,305,542,used,,,,20260910-0005
2026-09-10 07:37:09,HAUSP-UB[noEUCS],LEVIATHAN,5,1,0.003000,0.000,0.100,8655898,3498,0,941,942,0,39,10,5564058,6468,5536430,1659,0.000000,0.371106,0.383258,6387,0,94.79,5563576,5562838,1393,7137,SUCCESS,25753,0,equal,12963840,3784224,0,31933568,,,,,321,537,used,,,,20260910-0005
2026-09-10 07:37:10,HAUSP-UB[noEUCS],LEVIATHAN,6,1,0.003000,0.000,0.100,10094142,4081,0,1094,1095,0,40,10,5883498,7007,5855871,1711,0.000000,0.368765,0.381408,6384,0,109.95,5882811,5882258,1222,7683,SUCCESS,25679,0,equal,15761408,4438656,0,43116160,,,,,320,557,used,,,,20260910-0005
2026-09-10 07:37:12,HAUSP-UB[noEUCS],LEVIATHAN,7,1,0.003000,0.000,0.100,11406844,4664,0,1232,1233,0,42,9,6078888,7425,6051489,1738,0.000000,0.365936,0.378513,6281,0,125.15,6078098,6077663,1111,8110,SUCCESS,25454,0,equal,19030016,5049280,0,53652480,,,,,325,532,used,,,,20260910-0005
2026-09-10 07:37:13,HAUSP-UB[noEUCS],LEVIATHAN,8,1,0.003000,0.000,0.100,12722726,5247,0,1419,1420,0,44,10,6416359,7806,6388285,1782,0.000000,0.364166,0.376967,6322,0,143.97,6415511,6415129,1066,8491,SUCCESS,26073,0,equal,20150272,5670080,0,64551040,,,,,325,544,used,,,,20260910-0005
2026-09-10 07:37:15,HAUSP-UB[noEUCS],LEVIATHAN,9,1,0.003000,0.000,0.100,14156241,5834,0,1597,1598,0,45,10,6599011,8336,6570516,1777,0.000000,0.366961,0.379732,6511,0,166.97,6598297,6597759,1223,9025,SUCCESS,26495,0,equal,24444928,6312032,0,82455040,,,,,336,559,used,,,,20260910-0005
2026-09-10 07:37:15,HAUSP-UB[noEUCS],LEVIATHAN,0,2,0.003000,0.000,0.100,1405752,583,1,137,138,0,16,7,1623119,1782,1605572,1225,0.000000,0.340966,0.352914,3596,0,38.33,1624332,1621162,3170,2510,SUCCESS,16113,0,equal,1743232,599424,0,603648,,,,,360,569,used,,,,20260910-0005
2026-09-10 07:37:15,HAUSP-UB[noEUCS],LEVIATHAN,1,2,0.003000,0.000,0.100,2833171,1166,0,216,217,0,18,6,2369635,3333,2350982,1214,0.000000,0.363978,0.376474,4440,0,47.08,2369864,2368326,2198,4038,SUCCESS,17202,0,equal,3585024,1192704,0,2831360,,,,,357,594,used,,,,20260910-0005
2026-09-10 07:37:16,HAUSP-UB[noEUCS],LEVIATHAN,2,2,0.003000,0.000,0.100,4269015,1749,0,369,370,0,24,7,3399695,4297,3377913,1393,0.000000,0.358347,0.370489,4970,0,60.00,3399354,3398445,1579,4961,SUCCESS,20095,0,equal,5636096,1834880,0,6871808,,,,,306,600,used,,,,20260910-0005
2026-09-10 07:37:16,HAUSP-UB[noEUCS],LEVIATHAN,3,2,0.003000,0.000,0.100,5742029,2332,0,569,570,0,32,9,4381765,5060,4356527,1637,0.000000,0.369428,0.382278,5965,0,65.24,4381320,4380538,1438,5731,SUCCESS,23380,0,equal,7995392,2485664,0,12936320,,,,,323,544,used,,,,20260910-0005
2026-09-10 07:37:17,HAUSP-UB[noEUCS],LEVIATHAN,4,2,0.003000,0.000,0.100,7187071,2915,0,771,772,0,36,9,5156558,5754,5129060,1726,0.000000,0.370008,0.382503,6373,0,76.03,5156039,5155370,1337,6413,SUCCESS,25535,0,equal,7588608,3129504,0,21326336,,,,,305,542,used,,,,20260910-0005
2026-09-10 07:37:18,HAUSP-UB[noEUCS],LEVIATHAN,5,2,0.003000,0.000,0.100,8655898,3498,0,945,946,0,38,10,5564058,6468,5536430,1659,0.000000,0.371106,0.383258,6387,0,94.13,5563576,5562838,1393,7137,SUCCESS,25753,0,equal,12963840,3784224,0,31933568,,,,,321,537,used,,,,20260910-0005
2026-09-10 07:37:19,HAUSP-UB[noEUCS],LEVIATHAN,6,2,0.003000,0.000,0.100,10094142,4081,0,1100,1101,0,40,10,5883498,7007,5855871,1711,0.000000,0.368765,0.381408,6384,0,115.24,5882811,5882258,1222,7683,SUCCESS,25679,0,equal,15761408,4438656,0,43116160,,,,,320,557,used,,,,20260910-0005
2026-09-10 07:37:20,HAUSP-UB[noEUCS],LEVIATHAN,7,2,0.003000,0.000,0.100,11406844,4664,0,1236,1236,0,41,10,6078888,7425,6051489,1738,0.000000,0.365936,0.378513,6281,0,142.93,6078098,6077663,1111,8110,SUCCESS,25454,0,equal,19030016,5049280,0,53652480,,,,,325,532,used,,,,20260910-0005
2026-09-10 07:37:22,HAUSP-UB[noEUCS],LEVIATHAN,8,2,0.003000,0.000,0.100,12722726,5247,0,1424,1425,0,43,10,6416359,7806,6388285,1782,0.000000,0.364166,0.376967,6322,0,171.75,6415511,6415129,1066,8491,SUCCESS,26073,0,equal,22757376,5670080,0,64551040,,,,,325,544,used,,,,20260910-0005
2026-09-10 07:37:23,HAUSP-UB[noEUCS],LEVIATHAN,9,2,0.003000,0.000,0.100,14156241,5834,0,1596,1597,0,44,10,6599011,8336,6570516,1777,0.000000,0.366961,0.379732,6511,0,199.68,6598297,6597759,1223,9025,SUCCESS,26495,0,equal,18714624,6312032,0,82455040,,,,,336,559,used,,,,20260910-0005
2026-09-10 07:37:24,HAUSP-UB[noEUCS],LEVIATHAN,0,3,0.003000,0.000,0.100,1405752,583,1,137,139,0,16,7,1623119,1782,1605572,1225,0.000000,0.340966,0.352914,3596,0,38.33,1624332,1621162,3170,2510,SUCCESS,16113,0,equal,1743232,599424,0,603648,,,,,360,569,used,,,,20260910-0005
2026-09-10 07:37:24,HAUSP-UB[noEUCS],LEVIATHAN,1,3,0.003000,0.000,0.100,2833171,1166,0,215,216,0,17,6,2369635,3333,2350982,1214,0.000000,0.363978,0.376474,4440,0,47.08,2369864,2368326,2198,4038,SUCCESS,17202,0,equal,3585024,1192704,0,2831360,,,,,357,594,used,,,,20260910-0005
2026-09-10 07:37:25,HAUSP-UB[noEUCS],LEVIATHAN,2,3,0.003000,0.000,0.100,4269015,1749,0,368,369,0,24,7,3399695,4297,3377913,1393,0.000000,0.358347,0.370489,4970,0,60.00,3399354,3398445,1579,4961,SUCCESS,20095,0,equal,5636096,1834880,0,6871808,,,,,306,600,used,,,,20260910-0005
2026-09-10 07:37:25,HAUSP-UB[noEUCS],LEVIATHAN,3,3,0.003000,0.000,0.100,5742029,2332,0,573,574,0,32,9,4381765,5060,4356527,1637,0.000000,0.369428,0.382278,5965,0,68.90,4381320,4380538,1438,5731,SUCCESS,23380,0,equal,7995392,2485664,0,12936320,,,,,323,544,used,,,,20260910-0005
2026-09-10 07:37:26,HAUSP-UB[noEUCS],LEVIATHAN,4,3,0.003000,0.000,0.100,7187071,2915,0,771,771,0,36,9,5156558,5754,5129060,1726,0.000000,0.370008,0.382503,6373,0,81.60,5156039,5155370,1337,6413,SUCCESS,25535,0,equal,7588608,3129504,0,21326336,,,,,305,542,used,,,,20260910-0005
2026-09-10 07:37:27,HAUSP-UB[noEUCS],LEVIATHAN,5,3,0.003000,0.000,0.100,8655898,3498,0,943,944,0,39,10,5564058,6468,5536430,1659,0.000000,0.371106,0.383258,6387,0,98.23,5563576,5562838,1393,7137,SUCCESS,25753,0,equal,12963840,3784224,0,31933568,,,,,321,537,used,,,,20260910-0005
2026-09-10 07:37:28,HAUSP-UB[noEUCS],LEVIATHAN,6,3,0.003000,0.000,0.100,10094142,4081,0,1103,1104,0,45,10,5883498,7007,5855871,1711,0.000000,0.368765,0.381408,6384,0,109.61,5882811,5882258,1222,7683,SUCCESS,25679,0,equal,15761408,4438656,0,43116160,,,,,320,557,used,,,,20260910-0005
2026-09-10 07:37:29,HAUSP-UB[noEUCS],LEVIATHAN,7,3,0.003000,0.000,0.100,11406844,4664,0,1240,1240,0,46,9,6078888,7425,6051489,1738,0.000000,0.365936,0.378513,6281,0,124.45,6078098,6077663,1111,8110,SUCCESS,25454,0,equal,15597568,5049280,0,53652480,,,,,325,532,used,,,,20260910-0005
2026-09-10 07:37:31,HAUSP-UB[noEUCS],LEVIATHAN,8,3,0.003000,0.000,0.100,12722726,5247,0,1432,1433,0,50,10,6416359,7806,6388285,1782,0.000000,0.364166,0.376967,6322,0,142.29,6415511,6415129,1066,8491,SUCCESS,26073,0,equal,20150272,5670080,0,64551040,,,,,325,544,used,,,,20260910-0005
2026-09-10 07:37:32,HAUSP-UB[noEUCS],LEVIATHAN,9,3,0.003000,0.000,0.100,14156241,5834,0,1607,1608,0,47,10,6599011,8336,6570516,1777,0.000000,0.366961,0.379732,6511,0,166.00,6598297,6597759,1223,9025,SUCCESS,26495,0,equal,24444928,6312032,0,82455040,,,,,336,559,used,,,,20260910-0005
2026-09-10 07:37:33,HAUSP-UB[noEUCS],LEVIATHAN,0,4,0.003000,0.000,0.100,1405752,583,1,139,141,0,16,7,1623119,1782,1605572,1225,0.000000,0.340966,0.352914,3596,0,38.33,1624332,1621162,3170,2510,SUCCESS,16113,0,equal,1743232,599424,0,603648,,,,,360,569,used,,,,20260910-0005
2026-09-10 07:37:33,HAUSP-UB[noEUCS],LEVIATHAN,1,4,0.003000,0.000,0.100,2833171,1166,0,215,216,0,18,6,2369635,3333,2350982,1214,0.000000,0.363978,0.376474,4440,0,47.08,2369864,2368326,2198,4038,SUCCESS,17202,0,equal,3585024,1192704,0,2831360,,,,,357,594,used,,,,20260910-0005
2026-09-10 07:37:33,HAUSP-UB[noEUCS],LEVIATHAN,2,4,0.003000,0.000,0.100,4269015,1749,0,368,369,0,24,7,3399695,4297,3377913,1393,0.000000,0.358347,0.370489,4970,0,60.00,3399354,3398445,1579,4961,SUCCESS,20095,0,equal,5636096,1834880,0,6871808,,,,,306,600,used,,,,20260910-0005
2026-09-10 07:37:34,HAUSP-UB[noEUCS],LEVIATHAN,3,4,0.003000,0.000,0.100,5742029,2332,0,567,568,0,31,9,4381765,5060,4356527,1637,0.000000,0.369428,0.382278,5965,0,65.15,4381320,4380538,1438,5731,SUCCESS,23380,0,equal,7995392,2485664,0,12936320,,,,,323,544,used,,,,20260910-0005
2026-09-10 07:37:35,HAUSP-UB[noEUCS],LEVIATHAN,4,4,0.003000,0.000,0.100,7187071,2915,0,772,773,0,36,10,5156558,5754,5129060,1726,0.000000,0.370008,0.382503,6373,0,76.87,5156039,5155370,1337,6413,SUCCESS,25535,0,equal,7588608,3129504,0,21326336,,,,,305,542,used,,,,20260910-0005
2026-09-10 07:37:36,HAUSP-UB[noEUCS],LEVIATHAN,5,4,0.003000,0.000,0.100,8655898,3498,0,941,942,0,39,10,5564058,6468,5536430,1659,0.000000,0.371106,0.383258,6387,0,94.71,5563576,5562838,1393,7137,SUCCESS,25753,0,equal,12963840,3784224,0,31933568,,,,,321,537,used,,,,20260910-0005
2026-09-10 07:37:37,HAUSP-UB[noEUCS],LEVIATHAN,6,4,0.003000,0.000,0.100,10094142,4081,0,1097,1098,0,40,10,5883498,7007,5855871,1711,0.000000,0.368765,0.381408,6384,0,109.74,5882811,5882258,1222,7683,SUCCESS,25679,0,equal,15761408,4438656,0,43116160,,,,,320,557,used,,,,20260910-0005
2026-09-10 07:37:38,HAUSP-UB[noEUCS],LEVIATHAN,7,4,0.003000,0.000,0.100,11406844,4664,0,1235,1236,0,42,9,6078888,7425,6051489,1738,0.000000,0.365936,0.378513,6281,0,123.15,6078098,6077663,1111,8110,SUCCESS,25454,0,equal,19030016,5049280,0,53652480,,,,,325,532,used,,,,20260910-0005
2026-09-10 07:37:40,HAUSP-UB[noEUCS],LEVIATHAN,8,4,0.003000,0.000,0.100,12722726,5247,0,1429,1430,0,47,10,6416359,7806,6388285,1782,0.000000,0.364166,0.376967,6322,0,141.29,6415511,6415129,1066,8491,SUCCESS,26073,0,equal,20150272,5670080,0,64551040,,,,,325,544,used,,,,20260910-0005
2026-09-10 07:37:41,HAUSP-UB[noEUCS],LEVIATHAN,9,4,0.003000,0.000,0.100,14156241,5834,0,1602,1603,0,49,10,6599011,8336,6570516,1777,0.000000,0.366961,0.379732,6511,0,163.92,6598297,6597759,1223,9025,SUCCESS,26495,0,equal,24444928,6312032,0,82455040,,,,,336,559,used,,,,20260910-0005
2026-09-10 07:37:42,HAUSP-UB[noEUCS],LEVIATHAN,0,5,0.003000,0.000,0.100,1405752,583,1,133,135,0,16,7,1623119,1782,1605572,1225,0.000000,0.340966,0.352914,3596,0,38.33,1624332,1621162,3170,2510,SUCCESS,16113,0,equal,1743232,599424,0,603648,,,,,360,569,used,,,,20260910-0005
2026-09-10 07:37:42,HAUSP-UB[noEUCS],LEVIATHAN,1,5,0.003000,0.000,0.100,2833171,1166,0,215,216,0,17,6,2369635,3333,2350982,1214,0.000000,0.363978,0.376474,4440,0,47.08,2369864,2368326,2198,4038,SUCCESS,17202,0,equal,3585024,1192704,0,2831360,,,,,357,594,used,,,,20260910-0005
2026-09-10 07:37:42,HAUSP-UB[noEUCS],LEVIATHAN,2,5,0.003000,0.000,0.100,4269015,1749,0,368,369,0,24,7,3399695,4297,3377913,1393,0.000000,0.358347,0.370489,4970,0,60.00,3399354,3398445,1579,4961,SUCCESS,20095,0,equal,5636096,1834880,0,6871808,,,,,306,600,used,,,,20260910-0005
2026-09-10 07:37:43,HAUSP-UB[noEUCS],LEVIATHAN,3,5,0.003000,0.000,0.100,5742029,2332,0,570,570,0,32,9,4381765,5060,4356527,1637,0.000000,0.369428,0.382278,5965,0,64.79,4381320,4380538,1438,5731,SUCCESS,23380,0,equal,7995392,2485664,0,12936320,,,,,323,544,used,,,,20260910-0005
2026-09-10 07:37:44,HAUSP-UB[noEUCS],LEVIATHAN,4,5,0.003000,0.000,0.100,7187071,2915,0,770,771,0,36,9,5156558,5754,5129060,1726,0.000000,0.370008,0.382503,6373,0,76.22,5156039,5155370,1337,6413,SUCCESS,25535,0,equal,7588608,3129504,0,21326336,,,,,305,542,used,,,,20260910-0005
2026-09-10 07:37:45,HAUSP-UB[noEUCS],LEVIATHAN,5,5,0.003000,0.000,0.100,8655898,3498,0,942,943,0,39,10,5564058,6468,5536430,1659,0.000000,0.371106,0.383258,6387,0,94.17,5563576,5562838,1393,7137,SUCCESS,25753,0,equal,12963840,3784224,0,31933568,,,,,321,537,used,,,,20260910-0005
2026-09-10 07:37:46,HAUSP-UB[noEUCS],LEVIATHAN,6,5,0.003000,0.000,0.100,10094142,4081,0,1096,1097,0,40,10,5883498,7007,5855871,1711,0.000000,0.368765,0.381408,6384,0,115.30,5882811,5882258,1222,7683,SUCCESS,25679,0,equal,15761408,4438656,0,43116160,,,,,320,557,used,,,,20260910-0005
2026-09-10 07:37:47,HAUSP-UB[noEUCS],LEVIATHAN,7,5,0.003000,0.000,0.100,11406844,4664,0,1232,1233,0,41,9,6078888,7425,6051489,1738,0.000000,0.365936,0.378513,6281,0,142.99,6078098,6077663,1111,8110,SUCCESS,25454,0,equal,19030016,5049280,0,53652480,,,,,325,532,used,,,,20260910-0005
2026-09-10 07:37:48,HAUSP-UB[noEUCS],LEVIATHAN,8,5,0.003000,0.000,0.100,12722726,5247,0,1417,1418,0,43,10,6416359,7806,6388285,1782,0.000000,0.364166,0.376967,6322,0,171.81,6415511,6415129,1066,8491,SUCCESS,26073,0,equal,22757376,5670080,0,64551040,,,,,325,544,used,,,,20260910-0005
2026-09-10 07:37:50,HAUSP-UB[noEUCS],LEVIATHAN,9,5,0.003000,0.000,0.100,14156241,5834,0,1592,1593,0,45,10,6599011,8336,6570516,1777,0.000000,0.366961,0.379732,6511,0,199.75,6598297,6597759,1223,9025,SUCCESS,26495,0,equal,18714624,6312032,0,82455040,,,,,336,559,used,,,,20260910-0005
2026-09-10 07:37:51,HAUSP-UB[noEUCS],LEVIATHAN,0,6,0.003000,0.000,0.100,1405752,583,1,139,141,0,16,7,1623119,1782,1605572,1225,0.000000,0.340966,0.352914,3596,0,38.33,1624332,1621162,3170,2510,SUCCESS,16113,0,equal,1743232,599424,0,603648,,,,,360,569,used,,,,20260910-0005
2026-09-10 07:37:51,HAUSP-UB[noEUCS],LEVIATHAN,1,6,0.003000,0.000,0.100,2833171,1166,0,215,216,0,18,6,2369635,3333,2350982,1214,0.000000,0.363978,0.376474,4440,0,47.08,2369864,2368326,2198,4038,SUCCESS,17202,0,equal,3585024,1192704,0,2831360,,,,,357,594,used,,,,20260910-0005
2026-09-10 07:37:51,HAUSP-UB[noEUCS],LEVIATHAN,2,6,0.003000,0.000,0.100,4269015,1749,0,369,370,0,25,7,3399695,4297,3377913,1393,0.000000,0.358347,0.370489,4970,0,60.00,3399354,3398445,1579,4961,SUCCESS,20095,0,equal,5636096,1834880,0,6871808,,,,,306,600,used,,,,20260910-0005
2026-09-10 07:37:52,HAUSP-UB[noEUCS],LEVIATHAN,3,6,0.003000,0.000,0.100,5742029,2332,0,568,569,0,32,9,4381765,5060,4356527,1637,0.000000,0.369428,0.382278,5965,0,68.86,4381320,4380538,1438,5731,SUCCESS,23380,0,equal,7995392,2485664,0,12936320,,,,,323,544,used,,,,20260910-0005
2026-09-10 07:37:52,HAUSP-UB[noEUCS],LEVIATHAN,4,6,0.003000,0.000,0.100,7187071,2915,0,778,778,0,36,10,5156558,5754,5129060,1726,0.000000,0.370008,0.382503,6373,0,79.40,5156039,5155370,1337,6413,SUCCESS,25535,0,equal,7588608,3129504,0,21326336,,,,,305,542,used,,,,20260910-0005
2026-09-10 07:37:53,HAUSP-UB[noEUCS],LEVIATHAN,5,6,0.003000,0.000,0.100,8655898,3498,0,952,952,0,39,10,5564058,6468,5536430,1659,0.000000,0.371106,0.383258,6387,0,99.12,5563576,5562838,1393,7137,SUCCESS,25753,0,equal,12963840,3784224,0,31933568,,,,,321,537,used,,,,20260910-0005
2026-09-10 07:37:55,HAUSP-UB[noEUCS],LEVIATHAN,6,6,0.003000,0.000,0.100,10094142,4081,0,1103,1104,0,45,10,5883498,7007,5855871,1711,0.000000,0.368765,0.381408,6384,0,109.25,5882811,5882258,1222,7683,SUCCESS,25679,0,equal,15761408,4438656,0,43116160,,,,,320,557,used,,,,20260910-0005
2026-09-10 07:37:56,HAUSP-UB[noEUCS],LEVIATHAN,7,6,0.003000,0.000,0.100,11406844,4664,0,1241,1241,0,46,9,6078888,7425,6051489,1738,0.000000,0.365936,0.378513,6281,0,124.58,6078098,6077663,1111,8110,SUCCESS,25454,0,equal,15597568,5049280,0,53652480,,,,,325,532,used,,,,20260910-0005
2026-09-10 07:37:57,HAUSP-UB[noEUCS],LEVIATHAN,8,6,0.003000,0.000,0.100,12722726,5247,0,1434,1435,0,51,10,6416359,7806,6388285,1782,0.000000,0.364166,0.376967,6322,0,139.82,6415511,6415129,1066,8491,SUCCESS,26073,0,equal,20150272,5670080,0,64551040,,,,,325,544,used,,,,20260910-0005
2026-09-10 07:37:59,HAUSP-UB[noEUCS],LEVIATHAN,9,6,0.003000,0.000,0.100,14156241,5834,0,1607,1608,0,48,10,6599011,8336,6570516,1777,0.000000,0.366961,0.379732,6511,0,164.44,6598297,6597759,1223,9025,SUCCESS,26495,0,equal,24444928,6312032,0,82455040,,,,,336,559,used,,,,20260910-0005
2026-09-10 07:37:59,HAUSP-UB[noEUCS],LEVIATHAN,0,7,0.003000,0.000,0.100,1405752,583,1,139,141,0,16,7,1623119,1782,1605572,1225,0.000000,0.340966,0.352914,3596,0,38.33,1624332,1621162,3170,2510,SUCCESS,16113,0,equal,1743232,599424,0,603648,,,,,360,569,used,,,,20260910-0005
2026-09-10 07:38:00,HAUSP-UB[noEUCS],LEVIATHAN,1,7,0.003000,0.000,0.100,2833171,1166,0,215,216,0,18,6,2369635,3333,2350982,1214,0.000000,0.363978,0.376474,4440,0,47.08,2369864,2368326,2198,4038,SUCCESS,17202,0,equal,3585024,1192704,0,2831360,,,,,357,594,used,,,,20260910-0005
2026-09-10 07:38:00,HAUSP-UB[noEUCS],LEVIATHAN,2,7,0.003000,0.000,0.100,4269015,1749,0,368,369,0,24,7,3399695,4297,3377913,1393,0.000000,0.358347,0.370489,4970,0,60.00,3399354,3398445,1579,4961,SUCCESS,20095,0,equal,5636096,1834880,0,6871808,,,,,306,600,used,,,,20260910-0005
2026-09-10 07:38:01,HAUSP-UB[noEUCS],LEVIATHAN,3,7,0.003000,0.000,0.100,5742029,2332,0,568,568,0,32,9,4381765,5060,4356527,1637,0.000000,0.369428,0.382278,5965,0,64.49,4381320,4380538,1438,5731,SUCCESS,23380,0,equal,7995392,2485664,0,12936320,,,,,323,544,used,,,,20260910-0005
2026-09-10 07:38:01,HAUSP-UB[noEUCS],LEVIATHAN,4,7,0.003000,0.000,0.100,7187071,2915,0,771,771,0,36,10,5156558,5754,5129060,1726,0.000000,0.370008,0.382503,6373,0,76.09,5156039,5155370,1337,6413,SUCCESS,25535,0,equal,7588608,3129504,0,21326336,,,,,305,542,used,,,,20260910-0005
2026-09-10 07:38:02,HAUSP-UB[noEUCS],LEVIATHAN,5,7,0.003000,0.000,0.100,8655898,3498,0,945,945,0,39,10,5564058,6468,5536430,1659,0.000000,0.371106,0.383258,6387,0,94.68,5563576,5562838,1393,7137,SUCCESS,25753,0,equal,12963840,3784224,0,31933568,,,,,321,537,used,,,,20260910-0005
2026-09-10 07:38:03,HAUSP-UB[noEUCS],LEVIATHAN,6,7,0.003000,0.000,0.100,10094142,4081,0,1095,1096,0,40,10,5883498,7007,5855871,1711,0.000000,0.368765,0.381408,6384,0,108.59,5882811,5882258,1222,7683,SUCCESS,25679,0,equal,15761408,4438656,0,43116160,,,,,320,557,used,,,,20260910-0005
2026-09-10 07:38:05,HAUSP-UB[noEUCS],LEVIATHAN,7,7,0.003000,0.000,0.100,11406844,4664,0,1236,1237,0,42,9,6078888,7425,6051489,1738,0.000000,0.365936,0.378513,6281,0,121.55,6078098,6077663,1111,8110,SUCCESS,25454,0,equal,15597568,5049280,0,53652480,,,,,325,532,used,,,,20260910-0005
2026-09-10 07:38:06,HAUSP-UB[noEUCS],LEVIATHAN,8,7,0.003000,0.000,0.100,12722726,5247,0,1422,1423,0,43,10,6416359,7806,6388285,1782,0.000000,0.364166,0.376967,6322,0,140.28,6415511,6415129,1066,8491,SUCCESS,26073,0,equal,20150272,5670080,0,64551040,,,,,325,544,used,,,,20260910-0005
2026-09-10 07:38:08,HAUSP-UB[noEUCS],LEVIATHAN,9,7,0.003000,0.000,0.100,14156241,5834,0,1603,1604,0,45,10,6599011,8336,6570516,1777,0.000000,0.366961,0.379732,6511,0,166.12,6598297,6597759,1223,9025,SUCCESS,26495,0,equal,24444928,6312032,0,82455040,,,,,336,559,used,,,,20260910-0005
2026-09-10 07:38:08,HAUSP-UB[noEUCS],LEVIATHAN,0,8,0.003000,0.000,0.100,1405752,583,1,139,141,0,16,7,1623119,1782,1605572,1225,0.000000,0.340966,0.352914,3596,0,38.33,1624332,1621162,3170,2510,SUCCESS,16113,0,equal,1743232,599424,0,603648,,,,,360,569,used,,,,20260910-0005
2026-09-10 07:38:08,HAUSP-UB[noEUCS],LEVIATHAN,1,8,0.003000,0.000,0.100,2833171,1166,0,216,216,0,18,6,2369635,3333,2350982,1214,0.000000,0.363978,0.376474,4440,0,47.08,2369864,2368326,2198,4038,SUCCESS,17202,0,equal,3585024,1192704,0,2831360,,,,,357,594,used,,,,20260910-0005
2026-09-10 07:38:09,HAUSP-UB[noEUCS],LEVIATHAN,2,8,0.003000,0.000,0.100,4269015,1749,0,368,368,0,24,7,3399695,4297,3377913,1393,0.000000,0.358347,0.370489,4970,0,60.00,3399354,3398445,1579,4961,SUCCESS,20095,0,equal,5636096,1834880,0,6871808,,,,,306,600,used,,,,20260910-0005
2026-09-10 07:38:09,HAUSP-UB[noEUCS],LEVIATHAN,3,8,0.003000,0.000,0.100,5742029,2332,0,569,570,0,32,9,4381765,5060,4356527,1637,0.000000,0.369428,0.382278,5965,0,65.19,4381320,4380538,1438,5731,SUCCESS,23380,0,equal,7995392,2485664,0,12936320,,,,,323,544,used,,,,20260910-0005
2026-09-10 07:38:10,HAUSP-UB[noEUCS],LEVIATHAN,4,8,0.003000,0.000,0.100,7187071,2915,0,772,773,0,36,10,5156558,5754,5129060,1726,0.000000,0.370008,0.382503,6373,0,76.19,5156039,5155370,1337,6413,SUCCESS,25535,0,equal,7588608,3129504,0,21326336,,,,,305,542,used,,,,20260910-0005
2026-09-10 07:38:11,HAUSP-UB[noEUCS],LEVIATHAN,5,8,0.003000,0.000,0.100,8655898,3498,0,945,946,0,38,10,5564058,6468,5536430,1659,0.000000,0.371106,0.383258,6387,0,94.62,5563576,5562838,1393,7137,SUCCESS,25753,0,equal,12963840,3784224,0,31933568,,,,,321,537,used,,,,20260910-0005
2026-09-10 07:38:12,HAUSP-UB[noEUCS],LEVIATHAN,6,8,0.003000,0.000,0.100,10094142,4081,0,1100,1101,0,40,10,5883498,7007,5855871,1711,0.000000,0.368765,0.381408,6384,0,115.31,5882811,5882258,1222,7683,SUCCESS,25679,0,equal,15761408,4438656,0,43116160,,,,,320,557,used,,,,20260910-0005
2026-09-10 07:38:13,HAUSP-UB[noEUCS],LEVIATHAN,7,8,0.003000,0.000,0.100,11406844,4664,0,1237,1238,0,41,9,6078888,7425,6051489,1738,0.000000,0.365936,0.378513,6281,0,143.01,6078098,6077663,1111,8110,SUCCESS,25454,0,equal,19030016,5049280,0,53652480,,,,,325,532,used,,,,20260910-0005
2026-09-10 07:38:15,HAUSP-UB[noEUCS],LEVIATHAN,8,8,0.003000,0.000,0.100,12722726,5247,0,1424,1425,0,43,10,6416359,7806,6388285,1782,0.000000,0.364166,0.376967,6322,0,171.82,6415511,6415129,1066,8491,SUCCESS,26073,0,equal,22757376,5670080,0,64551040,,,,,325,544,used,,,,20260910-0005
2026-09-10 07:38:16,HAUSP-UB[noEUCS],LEVIATHAN,9,8,0.003000,0.000,0.100,14156241,5834,0,1600,1601,0,45,10,6599011,8336,6570516,1777,0.000000,0.366961,0.379732,6511,0,199.76,6598297,6597759,1223,9025,SUCCESS,26495,0,equal,18714624,6312032,0,82455040,,,,,336,559,used,,,,20260910-0005
2026-09-10 07:38:17,HAUSP-UB[noEUCS],LEVIATHAN,0,9,0.003000,0.000,0.100,1405752,583,1,137,139,0,16,7,1623119,1782,1605572,1225,0.000000,0.340966,0.352914,3596,0,38.33,1624332,1621162,3170,2510,SUCCESS,16113,0,equal,1743232,599424,0,603648,,,,,360,569,used,,,,20260910-0005
2026-09-10 07:38:17,HAUSP-UB[noEUCS],LEVIATHAN,1,9,0.003000,0.000,0.100,2833171,1166,0,215,216,0,17,6,2369635,3333,2350982,1214,0.000000,0.363978,0.376474,4440,0,47.08,2369864,2368326,2198,4038,SUCCESS,17202,0,equal,3585024,1192704,0,2831360,,,,,357,594,used,,,,20260910-0005
2026-09-10 07:38:18,HAUSP-UB[noEUCS],LEVIATHAN,2,9,0.003000,0.000,0.100,4269015,1749,0,368,369,0,24,7,3399695,4297,3377913,1393,0.000000,0.358347,0.370489,4970,0,60.00,3399354,3398445,1579,4961,SUCCESS,20095,0,equal,5636096,1834880,0,6871808,,,,,306,600,used,,,,20260910-0005
2026-09-10 07:38:18,HAUSP-UB[noEUCS],LEVIATHAN,3,9,0.003000,0.000,0.100,5742029,2332,0,567,568,0,31,9,4381765,5060,4356527,1637,0.000000,0.369428,0.382278,5965,0,68.92,4381320,4380538,1438,5731,SUCCESS,23380,0,equal,7995392,2485664,0,12936320,,,,,323,544,used,,,,20260910-0005
2026-09-10 07:38:19,HAUSP-UB[noEUCS],LEVIATHAN,4,9,0.003000,0.000,0.100,7187071,2915,0,771,772,0,36,9,5156558,5754,5129060,1726,0.000000,0.370008,0.382503,6373,0,82.11,5156039,5155370,1337,6413,SUCCESS,25535,0,equal,7588608,3129504,0,21326336,,,,,305,542,used,,,,20260910-0005
2026-09-10 07:38:20,HAUSP-UB[noEUCS],LEVIATHAN,5,9,0.003000,0.000,0.100,8655898,3498,0,940,941,0,39,9,5564058,6468,5536430,1659,0.000000,0.371106,0.383258,6387,0,99.96,5563576,5562838,1393,7137,SUCCESS,25753,0,equal,12963840,3784224,0,31933568,,,,,321,537,used,,,,20260910-0005
2026-09-10 07:38:21,HAUSP-UB[noEUCS],LEVIATHAN,6,9,0.003000,0.000,0.100,10094142,4081,0,1102,1103,0,45,10,5883498,7007,5855871,1711,0.000000,0.368765,0.381408,6384,0,110.55,5882811,5882258,1222,7683,SUCCESS,25679,0,equal,15761408,4438656,0,43116160,,,,,320,557,used,,,,20260910-0005
2026-09-10 07:38:22,HAUSP-UB[noEUCS],LEVIATHAN,7,9,0.003000,0.000,0.100,11406844,4664,0,1236,1237,0,43,9,6078888,7425,6051489,1738,0.000000,0.365936,0.378513,6281,0,125.74,6078098,6077663,1111,8110,SUCCESS,25454,0,equal,15597568,5049280,0,53652480,,,,,325,532,used,,,,20260910-0005
2026-09-10 07:38:24,HAUSP-UB[noEUCS],LEVIATHAN,8,9,0.003000,0.000,0.100,12722726,5247,0,1430,1430,0,51,10,6416359,7806,6388285,1782,0.000000,0.364166,0.376967,6322,0,142.52,6415511,6415129,1066,8491,SUCCESS,26073,0,equal,20150272,5670080,0,64551040,,,,,325,544,used,,,,20260910-0005
2026-09-10 07:38:25,HAUSP-UB[noEUCS],LEVIATHAN,9,9,0.003000,0.000,0.100,14156241,5834,0,1604,1605,0,48,10,6599011,8336,6570516,1777,0.000000,0.366961,0.379732,6511,0,166.47,6598297,6597759,1223,9025,SUCCESS,26495,0,equal,24444928,6312032,0,82455040,,,,,336,559,used,,,,20260910-0005
2026-09-10 07:38:26,HAUSP-UB[noEUCS],LEVIATHAN,0,0,0.003000,0.000,0.050,744229,292,0,116,117,0,18,10,1533238,876,1509768,1686,0.000000,0.315587,0.327100,4054,0,37.05,1533586,1531176,2410,1703,SUCCESS,21657,0,equal,1027200,323328,0,358144,,,,,401,528,used,,,,20260910-0005
2026-09-10 07:38:26,HAUSP-UB[noEUCS],LEVIATHAN,1,0,0.003000,0.000,0.050,1411215,584,0,115,115,0,13,6,1618626,1781,1601150,1213,0.000000,0.341951,0.353916,3606,0,41.43,1618136,1617372,1471,2512,SUCCESS,16056,0,equal,1726592,600576,0,1563520,,,,,361,568,used,,,,20260910-0005
2026-09-10 07:38:26,HAUSP-UB[noEUCS],LEVIATHAN,2,0,0.003000,0.000,0.050,2156975,876,0,158,158,0,15,6,1929792,2618,1912443,1236,0.000000,0.349212,0.361462,3824,0,47.71,1929349,1928510,1501,3345,SUCCESS,15934,0,equal,2622720,892608,0,3577856,,,,,370,549,used,,,,20260910-0005
2026-09-10 07:38:26,HAUSP-UB[noEUCS],LEVIATHAN,3,0,0.003000,0.000,0.050,2840756,1168,0,217,218,0,18,6,2381076,3338,2362373,1198,0.000000,0.363111,0.375593,4453,0,55.43,2380477,2379779,1366,4042,SUCCESS,17266,0,equal,3612672,1196032,0,6499456,,,,,353,592,used,,,,20260910-0005
2026-09-10 07:38:27,HAUSP-UB[noEUCS],LEVIATHAN,4,0,0.003000,0.000,0.050,3544045,1460,0,296,296,0,22,7,2949137,3837,2928377,1337,0.000000,0.363013,0.375087,4819,0,61.20,2948353,2947891,1131,4512,SUCCESS,19169,0,equal,3620864,1508096,0,9322752,,,,,325,579,used,,,,20260910-0005
2026-09-10 07:38:27,HAUSP-UB[noEUCS],LEVIATHAN,5,0,0.003000,0.000,0.050,4274272,1752,0,388,389,0,29,7,3388787,4302,3367048,1401,0.000000,0.358235,0.370385,4960,0,60.35,3387978,3387529,1110,4966,SUCCESS,20046,0,equal,5942272,1837632,0,12733568,,,,,307,599,used,,,,20260910-0005
2026-09-10 07:38:28,HAUSP-UB[noEUCS],LEVIATHAN,6,0,0.003000,0.000,0.050,5013391,2044,0,471,472,0,30,8,3856533,4731,3833173,1446,0.000000,0.367175,0.379564,5490,0,71.76,3855705,3855256,1105,5402,SUCCESS,21644,0,equal,7335936,2168128,0,16956672,,,,,323,593,used,,,,20260910-0005
2026-09-10 07:38:28,HAUSP-UB[noEUCS],LEVIATHAN,7,0,0.003000,0.000,0.050,5745648,2336,0,570,570,0,32,9,4374855,5065,4349652,1630,0.000000,0.369346,0.382190,5958,0,82.42,4373974,4373641,1002,5736,SUCCESS,23352,0,equal,8757248,2487456,0,20940416,,,,,323,544,used,,,,20260910-0005
2026-09-10 07:38:29,HAUSP-UB[noEUCS],LEVIATHAN,8,0,0.003000,0.000,0.050,6461458,2628,0,650,650,0,33,9,4655006,5402,4629439,1587,0.000000,0.368233,0.380800,6002,0,94.63,4654129,4653818,979,6060,SUCCESS,23742,0,equal,10303488,2804256,0,25355520,,,,,305,543,used,,,,20260910-0005
2026-09-10 07:38:30,HAUSP-UB[noEUCS],LEVIATHAN,9,0,0.003000,0.000,0.050,7194947,2920,0,772,773,0,36,9,5147481,5758,5120046,1717,0.000000,0.369836,0.382320,6361,0,108.90,5146637,5146280,1012,6417,SUCCESS,25481,0,equal,11509760,3133632,0,31205376,,,,,305,542,used,,,,20260910-0005
2026-09-10 07:38:30,HAUSP-UB[noEUCS],LEVIATHAN,10,0,0.003000,0.000,0.050,7982970,3212,0,835,835,0,36,9,5178728,6141,5151951,1622,0.000000,0.371578,0.383816,6287,0,126.26,5177921,5177514,1062,6811,SUCCESS,24946,0,equal,13187072,3467488,0,38275712,,,,,322,531,used,,,,20260910-0005
2026-09-10 07:38:31,HAUSP-UB[noEUCS],LEVIATHAN,11,0,0.003000,0.000,0.050,8689631,3504,0,947,948,0,39,9,5572291,6473,5544673,1663,0.000000,0.370155,0.382253,6355,0,143.46,5571420,5571086,1002,7143,SUCCESS,25744,0,equal,14802944,3795616,0,45452928,,,,,322,533,used,,,,20260910-0005
2026-09-10 07:38:32,HAUSP-UB[noEUCS],LEVIATHAN,12,0,0.003000,0.000,0.050,9404772,3796,0,1022,1023,0,40,10,5687897,6795,5660462,1646,0.000000,0.370523,0.382820,6341,0,161.34,5687009,5686675,1004,7471,SUCCESS,25573,0,equal,16344448,4124448,0,52728704,,,,,324,540,used,,,,20260910-0005
2026-09-10 07:38:34,HAUSP-UB[noEUCS],LEVIATHAN,13,0,0.003000,0.000,0.050,10114387,4088,0,1110,1110,0,45,9,5871973,7014,5844380,1744,0.000000,0.368580,0.381237,6369,0,129.45,5870962,5870743,895,7690,SUCCESS,25615,0,equal,18972672,4447520,0,58279808,,,,,320,554,used,,,,20260910-0005
2026-09-10 07:38:35,HAUSP-UB[noEUCS],LEVIATHAN,14,0,0.003000,0.000,0.050,10824939,4380,0,1206,1207,0,45,10,6089022,7241,6061008,1794,0.000000,0.368106,0.380922,6438,0,147.67,6088024,6087787,913,7922,SUCCESS,25994,0,equal,21520384,4772352,0,64802944,,,,,323,549,used,,,,20260910-0005
2026-09-10 07:38:36,HAUSP-UB[noEUCS],LEVIATHAN,15,0,0.003000,0.000,0.050,11421669,4672,0,1240,1241,0,43,9,6067117,7429,6039764,1733,0.000000,0.365902,0.378477,6268,0,161.46,6066090,6065901,870,8111,SUCCESS,25409,0,equal,22398976,5056736,0,70891264,,,,,323,534,used,,,,20260910-0005
2026-09-10 07:38:37,HAUSP-UB[noEUCS],LEVIATHAN,16,0,0.003000,0.000,0.050,12012404,4964,0,1299,1300,0,43,9,6110364,7581,6083318,1738,0.000000,0.363786,0.376341,6168,0,177.46,6109307,6109164,824,8258,SUCCESS,25096,0,equal,25565696,5349056,0,75936640,,,,,315,527,used,,,,20260910-0005
2026-09-10 07:38:39,HAUSP-UB[noEUCS],LEVIATHAN,17,0,0.003000,0.000,0.050,12739402,5256,0,1419,1419,0,45,10,6407187,7811,6379152,1796,0.000000,0.364060,0.376865,6314,0,190.87,6406195,6405949,923,8496,SUCCESS,26020,0,equal,23385088,5677696,0,84844800,,,,,326,545,used,,,,20260910-0005
2026-09-10 07:38:40,HAUSP-UB[noEUCS],LEVIATHAN,18,0,0.003000,0.000,0.050,13467328,5548,0,1503,1503,0,45,10,6489524,8115,6461417,1773,0.000000,0.363458,0.376157,6314,0,185.53,6488579,6488289,975,8793,SUCCESS,26093,0,equal,27131136,6007584,0,96306176,,,,,323,564,used,,,,20260910-0005
2026-09-10 07:38:42,HAUSP-UB[noEUCS],LEVIATHAN,19,0,0.003000,0.000,0.050,14156241,5834,0,1601,1602,0,45,10,6599011,8336,6570516,1777,0.000000,0.366961,0.379732,6511,0,209.57,6597995,6597752,921,9025,SUCCESS,26495,0,equal,28775936,6312032,0,106594944,,,,,336,559,used,,,,20260910-0005
2026-09-10 07:38:42,HAUSP-UB[noEUCS],LEVIATHAN,0,1,0.003000,0.000,0.050,744229,292,1,119,120,0,18,10,1533238,876,1509768,1686,0.000000,0.315587,0.327100,4054,0,37.14,1533586,1531176,2410,1703,SUCCESS,21657,0,equal,1027200,323328,0,358144,,,,,401,528,used,,,,20260910-0005
2026-09-10 07:38:43,HAUSP-UB[noEUCS],LEVIATHAN,1,1,0.003000,0.000,0.050,1411215,584,0,115,115,0,13,6,1618626,1781,1601150,1213,0.000000,0.341951,0.353916,3606,0,40.98,1618136,1617372,1471,2512,SUCCESS,16056,0,equal,1726592,600576,0,1563520,,,,,361,568,used,,,,20260910-0005
2026-09-10 07:38:43,HAUSP-UB[noEUCS],LEVIATHAN,2,1,0.003000,0.000,0.050,2156975,876,0,158,158,0,15,6,1929792,2618,1912443,1236,0.000000,0.349212,0.361462,3824,0,47.07,1929349,1928510,1501,3345,SUCCESS,15934,0,equal,2622720,892608,0,3577856,,,,,370,549,used,,,,20260910-0005
2026-09-10 07:38:43,HAUSP-UB[noEUCS],LEVIATHAN,3,1,0.003000,0.000,0.050,2840756,1168,0,217,217,0,18,6,2381076,3338,2362373,1198,0.000000,0.363111,0.375593,4453,0,54.92,2380477,2379779,1366,4042,SUCCESS,17266,0,equal,3398272,1196032,0,6499456,,,,,353,592,used,,,,20260910-0005
2026-09-10 07:38:43,HAUSP-UB[noEUCS],LEVIATHAN,4,1,0.003000,0.000,0.050,3544045,1460,0,295,295,0,22,7,2949137,3837,2928377,1337,0.000000,0.363013,0.375087,4819,0,61.36,2948353,2947891,1131,4512,SUCCESS,19169,0,equal,3620864,1508096,0,9322752,,,,,325,579,used,,,,20260910-0005
2026-09-10 07:38:44,HAUSP-UB[noEUCS],LEVIATHAN,5,1,0.003000,0.000,0.050,4274272,1752,0,388,389,0,29,7,3388787,4302,3367048,1401,0.000000,0.358235,0.370385,4960,0,64.79,3387978,3387529,1110,4966,SUCCESS,20046,0,equal,5942272,1837632,0,12733568,,,,,307,599,used,,,,20260910-0005
2026-09-10 07:38:44,HAUSP-UB[noEUCS],LEVIATHAN,6,1,0.003000,0.000,0.050,5013391,2044,0,473,473,0,30,8,3856533,4731,3833173,1446,0.000000,0.367175,0.379564,5490,0,71.18,3855705,3855256,1105,5402,SUCCESS,21644,0,equal,7335936,2168128,0,16956672,,,,,323,593,used,,,,20260910-0005
2026-09-10 07:38:45,HAUSP-UB[noEUCS],LEVIATHAN,7,1,0.003000,0.000,0.050,5745648,2336,0,571,571,0,33,9,4374855,5065,4349652,1630,0.000000,0.369346,0.382190,5958,0,80.24,4373974,4373641,1002,5736,SUCCESS,23352,0,equal,7821312,2487456,0,20940416,,,,,323,544,used,,,,20260910-0005
2026-09-10 07:38:45,HAUSP-UB[noEUCS],LEVIATHAN,8,1,0.003000,0.000,0.050,6461458,2628,0,650,650,0,33,9,4655006,5402,4629439,1587,0.000000,0.368233,0.380800,6002,0,87.21,4654129,4653818,979,6060,SUCCESS,23742,0,equal,10303488,2804256,0,25355520,,,,,305,543,used,,,,20260910-0005
2026-09-10 07:38:46,HAUSP-UB[noEUCS],LEVIATHAN,9,1,0.003000,0.000,0.050,7194947,2920,0,775,776,0,36,9,5147481,5758,5120046,1717,0.000000,0.369836,0.382320,6361,0,95.65,5146637,5146280,1012,6417,SUCCESS,25481,0,equal,11509760,3133632,0,31205376,,,,,305,542,used,,,,20260910-0005
2026-09-10 07:38:47,HAUSP-UB[noEUCS],LEVIATHAN,10,1,0.003000,0.000,0.050,7982970,3212,0,863,864,0,42,9,5178728,6141,5151951,1622,0.000000,0.371578,0.383816,6287,0,101.12,5177921,5177514,1062,6811,SUCCESS,24946,0,equal,13187072,3467488,0,38275712,,,,,322,531,used,,,,20260910-0005
2026-09-10 07:38:48,HAUSP-UB[noEUCS],LEVIATHAN,11,1,0.003000,0.000,0.050,8689631,3504,0,967,968,0,43,10,5572291,6473,5544673,1663,0.000000,0.370155,0.382253,6355,0,112.59,5571420,5571086,1002,7143,SUCCESS,25744,0,equal,14802944,3795616,0,45452928,,,,,322,533,used,,,,20260910-0005
2026-09-10 07:38:49,HAUSP-UB[noEUCS],LEVIATHAN,12,1,0.003000,0.000,0.050,9404772,3796,0,1035,1036,0,42,9,5687897,6795,5660462,1646,0.000000,0.370523,0.382820,6341,0,123.34,5687009,5686675,1004,7471,SUCCESS,25573,0,equal,16344448,4124448,0,52728704,,,,,324,540,used,,,,20260910-0005
2026-09-10 07:38:50,HAUSP-UB[noEUCS],LEVIATHAN,13,1,0.003000,0.000,0.050,10114387,4088,0,1131,1131,0,47,10,5871973,7014,5844380,1744,0.000000,0.368580,0.381237,6369,0,131.29,5870962,5870743,895,7690,SUCCESS,25615,0,equal,18972672,4447520,0,58279808,,,,,320,554,used,,,,20260910-0005
2026-09-10 07:38:51,HAUSP-UB[noEUCS],LEVIATHAN,14,1,0.003000,0.000,0.050,10824939,4380,0,1219,1220,0,48,10,6089022,7241,6061008,1794,0.000000,0.368106,0.380922,6438,0,140.25,6088024,6087787,913,7922,SUCCESS,25994,0,equal,19695616,4772352,0,64802944,,,,,323,549,used,,,,20260910-0005
2026-09-10 07:38:53,HAUSP-UB[noEUCS],LEVIATHAN,15,1,0.003000,0.000,0.050,11421669,4672,0,1252,1252,0,46,9,6067117,7429,6039764,1733,0.000000,0.365902,0.378477,6268,0,153.20,6066090,6065901,870,8111,SUCCESS,25409,0,equal,22398976,5056736,0,70891264,,,,,323,534,used,,,,20260910-0005
2026-09-10 07:38:54,HAUSP-UB[noEUCS],LEVIATHAN,16,1,0.003000,0.000,0.050,12012404,4964,0,1306,1307,0,46,9,6110364,7581,6083318,1738,0.000000,0.363786,0.376341,6168,0,162.30,6109307,6109164,824,8258,SUCCESS,25096,0,equal,25565696,5349056,0,75936640,,,,,315,527,used,,,,20260910-0005
2026-09-10 07:38:55,HAUSP-UB[noEUCS],LEVIATHAN,17,1,0.003000,0.000,0.050,12739402,5256,0,1429,1429,0,46,10,6407187,7811,6379152,1796,0.000000,0.364060,0.376865,6314,0,172.65,6406195,6405949,923,8496,SUCCESS,26020,0,equal,24320000,5677696,0,84844800,,,,,326,545,used,,,,20260910-0005
2026-09-10 07:38:57,HAUSP-UB[noEUCS],LEVIATHAN,18,1,0.003000,0.000,0.050,13467328,5548,0,1514,1514,0,46,10,6489524,8115,6461417,1773,0.000000,0.363458,0.376157,6314,0,188.74,6488579,6488289,975,8793,SUCCESS,26093,0,equal,27533312,6007584,0,96306176,,,,,323,564,used,,,,20260910-0005
2026-09-10 07:38:58,HAUSP-UB[noEUCS],LEVIATHAN,19,1,0.003000,0.000,0.050,14156241,5834,0,1612,1612,0,46,10,6599011,8336,6570516,1777,0.000000,0.366961,0.379732,6511,0,203.65,6597995,6597752,921,9025,SUCCESS,26495,0,equal,26435584,6312032,0,106594944,,,,,336,559,used,,,,20260910-0005
2026-09-10 07:38:59,HAUSP-UB[noEUCS],LEVIATHAN,0,2,0.003000,0.000,0.050,744229,292,1,121,122,0,19,10,1533238,876,1509768,1686,0.000000,0.315587,0.327100,4054,0,37.04,1533586,1531176,2410,1703,SUCCESS,21657,0,equal,1027200,323328,0,358144,,,,,401,528,used,,,,20260910-0005
2026-09-10 07:38:59,HAUSP-UB[noEUCS],LEVIATHAN,1,2,0.003000,0.000,0.050,1411215,584,0,115,115,0,13,6,1618626,1781,1601150,1213,0.000000,0.341951,0.353916,3606,0,40.95,1618136,1617372,1471,2512,SUCCESS,16056,0,equal,1726592,600576,0,1563520,,,,,361,568,used,,,,20260910-0005
2026-09-10 07:38:59,HAUSP-UB[noEUCS],LEVIATHAN,2,2,0.003000,0.000,0.050,2156975,876,0,158,158,0,15,6,1929792,2618,1912443,1236,0.000000,0.349212,0.361462,3824,0,47.07,1929349,1928510,1501,3345,SUCCESS,15934,0,equal,2622720,892608,0,3577856,,,,,370,549,used,,,,20260910-0005
2026-09-10 07:38:59,HAUSP-UB[noEUCS],LEVIATHAN,3,2,0.003000,0.000,0.050,2840756,1168,0,217,217,0,18,6,2381076,3338,2362373,1198,0.000000,0.363111,0.375593,4453,0,54.83,2380477,2379779,1366,4042,SUCCESS,17266,0,equal,3398272,1196032,0,6499456,,,,,353,592,used,,,,20260910-0005
2026-09-10 07:39:00,HAUSP-UB[noEUCS],LEVIATHAN,4,2,0.003000,0.000,0.050,3544045,1460,0,294,295,0,22,7,2949137,3837,2928377,1337,0.000000,0.363013,0.375087,4819,0,61.33,2948353,2947891,1131,4512,SUCCESS,19169,0,equal,3620864,1508096,0,9322752,,,,,325,579,used,,,,20260910-0005
2026-09-10 07:39:00,HAUSP-UB[noEUCS],LEVIATHAN,5,2,0.003000,0.000,0.050,4274272,1752,0,388,388,0,29,7,3388787,4302,3367048,1401,0.000000,0.358235,0.370385,4960,0,60.44,3387978,3387529,1110,4966,SUCCESS,20046,0,equal,5942272,1837632,0,12733568,,,,,307,599,used,,,,20260910-0005
2026-09-10 07:39:01,HAUSP-UB[noEUCS],LEVIATHAN,6,2,0.003000,0.000,0.050,5013391,2044,0,472,473,0,30,8,3856533,4731,3833173,1446,0.000000,0.367175,0.379564,5490,0,66.79,3855705,3855256,1105,5402,SUCCESS,21644,0,equal,7335936,2168128,0,16956672,,,,,323,593,used,,,,20260910-0005
2026-09-10 07:39:01,HAUSP-UB[noEUCS],LEVIATHAN,7,2,0.003000,0.000,0.050,5745648,2336,0,572,573,0,33,9,4374855,5065,4349652,1630,0.000000,0.369346,0.382190,5958,0,77.64,4373974,4373641,1002,5736,SUCCESS,23352,0,equal,8757248,2487456,0,20940416,,,,,323,544,used,,,,20260910-0005
2026-09-10 07:39:02,HAUSP-UB[noEUCS],LEVIATHAN,8,2,0.003000,0.000,0.050,6461458,2628,0,653,653,0,33,9,4655006,5402,4629439,1587,0.000000,0.368233,0.380800,6002,0,89.79,4654129,4653818,979,6060,SUCCESS,23742,0,equal,10303488,2804256,0,25355520,,,,,305,543,used,,,,20260910-0005
2026-09-10 07:39:03,HAUSP-UB[noEUCS],LEVIATHAN,9,2,0.003000,0.000,0.050,7194947,2920,0,775,776,0,36,9,5147481,5758,5120046,1717,0.000000,0.369836,0.382320,6361,0,104.04,5146637,5146280,1012,6417,SUCCESS,25481,0,equal,11509760,3133632,0,31205376,,,,,305,542,used,,,,20260910-0005
2026-09-10 07:39:03,HAUSP-UB[noEUCS],LEVIATHAN,10,2,0.003000,0.000,0.050,7982970,3212,0,835,835,0,36,9,5178728,6141,5151951,1622,0.000000,0.371578,0.383816,6287,0,121.28,5177921,5177514,1062,6811,SUCCESS,24946,0,equal,13187072,3467488,0,38275712,,,,,322,531,used,,,,20260910-0005
2026-09-10 07:39:04,HAUSP-UB[noEUCS],LEVIATHAN,11,2,0.003000,0.000,0.050,8689631,3504,0,947,948,0,38,9,5572291,6473,5544673,1663,0.000000,0.370155,0.382253,6355,0,138.70,5571420,5571086,1002,7143,SUCCESS,25744,0,equal,14802944,3795616,0,45452928,,,,,322,533,used,,,,20260910-0005
2026-09-10 07:39:05,HAUSP-UB[noEUCS],LEVIATHAN,12,2,0.003000,0.000,0.050,9404772,3796,0,1021,1021,0,39,10,5687897,6795,5660462,1646,0.000000,0.370523,0.382820,6341,0,156.28,5687009,5686675,1004,7471,SUCCESS,25573,0,equal,16344448,4124448,0,52728704,,,,,324,540,used,,,,20260910-0005
2026-09-10 07:39:07,HAUSP-UB[noEUCS],LEVIATHAN,13,2,0.003000,0.000,0.050,10114387,4088,0,1096,1096,0,40,9,5871973,7014,5844380,1744,0.000000,0.368580,0.381237,6369,0,128.83,5870962,5870743,895,7690,SUCCESS,25615,0,equal,18972672,4447520,0,58279808,,,,,320,554,used,,,,20260910-0005
2026-09-10 07:39:08,HAUSP-UB[noEUCS],LEVIATHAN,14,2,0.003000,0.000,0.050,10824939,4380,0,1195,1195,0,42,10,6089022,7241,6061008,1794,0.000000,0.368106,0.380922,6438,0,146.75,6088024,6087787,913,7922,SUCCESS,25994,0,equal,21035904,4772352,0,64802944,,,,,323,549,used,,,,20260910-0005
2026-09-10 07:39:09,HAUSP-UB[noEUCS],LEVIATHAN,15,2,0.003000,0.000,0.050,11421669,4672,0,1238,1239,0,41,9,6067117,7429,6039764,1733,0.000000,0.365902,0.378477,6268,0,162.73,6066090,6065901,870,8111,SUCCESS,25409,0,equal,23104000,5056736,0,70891264,,,,,323,534,used,,,,20260910-0005
2026-09-10 07:39:10,HAUSP-UB[noEUCS],LEVIATHAN,16,2,0.003000,0.000,0.050,12012404,4964,0,1296,1296,0,42,9,6110364,7581,6083318,1738,0.000000,0.363786,0.376341,6168,0,176.83,6109307,6109164,824,8258,SUCCESS,25096,0,equal,25565696,5349056,0,75936640,,,,,315,527,used,,,,20260910-0005
2026-09-10 07:39:12,HAUSP-UB[noEUCS],LEVIATHAN,17,2,0.003000,0.000,0.050,12739402,5256,0,1415,1416,0,43,10,6407187,7811,6379152,1796,0.000000,0.364060,0.376865,6314,0,192.26,6406195,6405949,923,8496,SUCCESS,26020,0,equal,24320000,5677696,0,84844800,,,,,326,545,used,,,,20260910-0005
2026-09-10 07:39:13,HAUSP-UB[noEUCS],LEVIATHAN,18,2,0.003000,0.000,0.050,13467328,5548,0,1501,1501,0,44,10,6489524,8115,6461417,1773,0.000000,0.363458,0.376157,6314,0,186.61,6488579,6488289,975,8793,SUCCESS,26093,0,equal,27533312,6007584,0,96306176,,,,,323,564,used,,,,20260910-0005
2026-09-10 07:39:15,HAUSP-UB[noEUCS],LEVIATHAN,19,2,0.003000,0.000,0.050,14156241,5834,0,1600,1601,0,45,10,6599011,8336,6570516,1777,0.000000,0.366961,0.379732,6511,0,208.99,6597995,6597752,921,9025,SUCCESS,26495,0,equal,28775936,6312032,0,106594944,,,,,336,559,used,,,,20260910-0005
2026-09-10 07:39:16,HAUSP-UB[noEUCS],LEVIATHAN,0,0,0.003000,0.000,0.020,293413,117,0,331,331,0,73,51,4418621,121,4273980,19494,0.000000,0.210260,0.215788,9106,0,35.85,4418658,4417042,1616,962,SUCCESS,125779,0,equal,457600,129952,0,168064,,,,,716,84,used,,,,20260910-0005
2026-09-10 07:39:16,HAUSP-UB[noEUCS],LEVIATHAN,1,0,0.003000,0.000,0.020,579837,234,0,93,93,0,16,9,1490580,567,1464696,1852,0.000000,0.297719,0.307688,3840,0,40.35,1489811,1489181,1284,1488,SUCCESS,24135,0,equal,881792,255904,0,672384,,,,,477,374,used,,,,20260910-0005
2026-09-10 07:39:16,HAUSP-UB[noEUCS],LEVIATHAN,2,0,0.003000,0.000,0.020,878091,351,0,100,100,0,14,7,1540158,1115,1518593,1563,0.000000,0.315861,0.327486,3793,0,42.27,1539177,1538821,1114,1901,SUCCESS,19758,0,equal,1179520,384608,0,1354624,,,,,364,608,used,,,,20260910-0005
2026-09-10 07:39:16,HAUSP-UB[noEUCS],LEVIATHAN,3,0,0.003000,0.000,0.020,1129366,468,0,101,101,0,13,6,1479443,1474,1460939,1421,0.000000,0.329832,0.342440,3619,0,44.20,1478411,1478146,966,2207,SUCCESS,16839,0,equal,1476736,484224,0,2014464,,,,,361,605,used,,,,20260910-0005
2026-09-10 07:39:16,HAUSP-UB[noEUCS],LEVIATHAN,4,0,0.003000,0.000,0.020,1412487,585,0,115,115,0,13,6,1615398,1783,1597951,1216,0.000000,0.341947,0.353923,3601,0,47.08,1614406,1614097,969,2514,SUCCESS,16024,0,equal,1942272,601184,0,2848128,,,,,361,568,used,,,,20260910-0005
2026-09-10 07:39:16,HAUSP-UB[noEUCS],LEVIATHAN,5,0,0.003000,0.000,0.020,1734987,702,0,122,122,0,14,5,1427375,2136,1412959,1035,0.000000,0.343420,0.355389,3137,0,50.29,1426460,1426158,964,2841,SUCCESS,13197,0,equal,2433024,712672,0,4019200,,,,,353,537,used,,,,20260910-0005
2026-09-10 07:39:16,HAUSP-UB[noEUCS],LEVIATHAN,6,0,0.003000,0.000,0.020,1984121,819,0,125,126,0,13,4,1453109,2485,1439214,971,0.000000,0.343996,0.355595,3153,0,54.15,1452187,1451826,998,3193,SUCCESS,12734,0,equal,2680960,820000,0,5563904,,,,,376,566,used,,,,20260910-0005
2026-09-10 07:39:16,HAUSP-UB[noEUCS],LEVIATHAN,7,0,0.003000,0.000,0.020,2320722,936,0,194,194,0,19,6,2247305,2858,2227840,1410,0.000000,0.360899,0.373794,4451,0,59.28,2246419,2245986,1079,3591,SUCCESS,17877,0,equal,3331968,960736,0,7346688,,,,,373,551,used,,,,20260910-0005
2026-09-10 07:39:17,HAUSP-UB[noEUCS],LEVIATHAN,8,0,0.003000,0.000,0.020,2581444,1053,0,210,210,0,19,6,2355597,3128,2336073,1394,0.000000,0.364021,0.376837,4527,0,61.79,2354545,2354268,958,3859,SUCCESS,17923,0,equal,3425024,1079744,0,8750336,,,,,382,589,used,,,,20260910-0005
2026-09-10 07:39:17,HAUSP-UB[noEUCS],LEVIATHAN,9,0,0.003000,0.000,0.020,2849060,1170,0,233,233,0,21,6,2390745,3344,2371917,1220,0.000000,0.363523,0.375943,4484,0,52.73,2389638,2389467,861,4049,SUCCESS,17370,0,equal,4505600,1199328,0,9908864,,,,,354,592,used,,,,20260910-0005
2026-09-10 07:39:17,HAUSP-UB[noEUCS],LEVIATHAN,10,0,0.003000,0.000,0.020,3111351,1287,0,261,261,0,24,6,2555491,3539,2536466,1200,0.000000,0.360121,0.372413,4467,0,56.55,2554409,2554248,832,4222,SUCCESS,17590,0,equal,5190656,1312192,0,11100416,,,,,337,572,used,,,,20260910-0005
2026-09-10 07:39:17,HAUSP-UB[noEUCS],LEVIATHAN,11,0,0.003000,0.000,0.020,3392190,1404,0,293,293,0,25,7,2772630,3729,2752722,1312,0.000000,0.361788,0.373840,4618,0,60.78,2771557,2771358,858,4413,SUCCESS,18353,0,equal,5667840,1443584,0,12709760,,,,,337,580,used,,,,20260910-0005
2026-09-10 07:39:18,HAUSP-UB[noEUCS],LEVIATHAN,12,0,0.003000,0.000,0.020,3725130,1521,0,336,336,0,27,7,3141840,3964,3120508,1322,0.000000,0.364049,0.375612,4984,0,63.81,3140827,3140595,899,4644,SUCCESS,19780,0,equal,5088256,1587168,0,14676864,,,,,334,564,used,,,,20260910-0005
2026-09-10 07:39:18,HAUSP-UB[noEUCS],LEVIATHAN,13,0,0.003000,0.000,0.020,3998928,1638,0,360,360,0,27,7,3274952,4121,3253283,1339,0.000000,0.360414,0.372213,5016,0,64.95,3273848,3273713,803,4789,SUCCESS,20054,0,equal,6981632,1711680,0,16054144,,,,,305,581,used,,,,20260910-0005
2026-09-10 07:39:19,HAUSP-UB[noEUCS],LEVIATHAN,14,0,0.003000,0.000,0.020,4283308,1755,0,382,382,0,27,7,3388229,4304,3366504,1409,0.000000,0.358523,0.370655,4975,0,70.40,3387147,3386966,839,4970,SUCCESS,20030,0,equal,7643136,1841888,0,18023168,,,,,311,597,used,,,,20260910-0005
2026-09-10 07:39:19,HAUSP-UB[noEUCS],LEVIATHAN,15,0,0.003000,0.000,0.020,4561424,1872,0,426,426,0,29,8,3645331,4470,3622621,1382,0.000000,0.361235,0.373263,5175,0,74.14,3644224,3644061,821,5134,SUCCESS,21036,0,equal,7437312,1970368,0,20062336,,,,,315,607,used,,,,20260910-0005
2026-09-10 07:39:19,HAUSP-UB[noEUCS],LEVIATHAN,16,0,0.003000,0.000,0.020,4857596,1989,0,437,438,0,28,7,3630539,4645,3608200,1362,0.000000,0.366090,0.378147,5262,0,75.61,3629460,3629281,836,5309,SUCCESS,20706,0,equal,8931328,2097248,0,22291456,,,,,319,590,used,,,,20260910-0005
2026-09-10 07:39:20,HAUSP-UB[noEUCS],LEVIATHAN,17,0,0.003000,0.000,0.020,5217593,2106,0,509,510,0,31,8,4087153,4831,4062838,1482,0.000000,0.368007,0.380229,5673,0,82.59,4086100,4085881,880,5511,SUCCESS,22591,0,equal,9691136,2253184,0,25084800,,,,,333,575,used,,,,20260910-0005
2026-09-10 07:39:20,HAUSP-UB[noEUCS],LEVIATHAN,18,0,0.003000,0.000,0.020,5513992,2223,0,551,551,0,32,9,4312689,4943,4287610,1564,0.000000,0.369217,0.381623,5905,0,84.37,4311565,4311450,793,5625,SUCCESS,23288,0,equal,8629248,2383776,0,26822400,,,,,329,556,used,,,,20260910-0005
2026-09-10 07:39:21,HAUSP-UB[noEUCS],LEVIATHAN,19,0,0.003000,0.000,0.020,5766937,2340,0,568,568,0,32,8,4350283,5070,4325197,1645,0.000000,0.369316,0.382189,5927,0,87.45,4349192,4349087,784,5741,SUCCESS,23227,0,equal,11491328,2493152,0,28745600,,,,,322,536,used,,,,20260910-0005
2026-09-10 07:39:22,HAUSP-UB[noEUCS],LEVIATHAN,20,0,0.003000,0.000,0.020,6048700,2457,0,604,605,0,33,9,4506679,5206,4481506,1571,0.000000,0.367326,0.379915,5911,0,93.42,4505613,4505487,794,5872,SUCCESS,23391,0,equal,12216320,2621888,0,30992384,,,,,320,531,used,,,,20260910-0005
2026-09-10 07:39:22,HAUSP-UB[noEUCS],LEVIATHAN,21,0,0.003000,0.000,0.020,6323588,2574,0,636,636,0,33,9,4598015,5335,4572563,1541,0.000000,0.369377,0.382053,5984,0,93.81,4596930,4596823,770,5990,SUCCESS,23662,0,equal,10088448,2740864,0,33295616,,,,,299,548,used,,,,20260910-0005
2026-09-10 07:39:23,HAUSP-UB[noEUCS],LEVIATHAN,22,0,0.003000,0.000,0.020,6640368,2691,0,693,694,0,35,9,4836890,5497,4810390,1666,0.000000,0.370313,0.382751,6235,0,99.35,4835852,4835678,826,6158,SUCCESS,24599,0,equal,13428736,2885888,0,36588928,,,,,310,545,used,,,,20260910-0005
2026-09-10 07:39:24,HAUSP-UB[noEUCS],LEVIATHAN,23,0,0.003000,0.000,0.020,6937688,2808,0,751,751,0,36,9,5083047,5633,5055735,1658,0.000000,0.370390,0.382746,6397,0,101.88,5081986,5081841,803,6299,SUCCESS,25431,0,equal,14503936,3023424,0,39423872,,,,,313,536,used,,,,20260910-0005
2026-09-10 07:39:25,HAUSP-UB[noEUCS],LEVIATHAN,24,0,0.003000,0.000,0.020,7203301,2925,0,777,777,0,36,9,5136470,5760,5109099,1715,0.000000,0.369661,0.382141,6351,0,108.78,5135388,5135277,773,6418,SUCCESS,25417,0,equal,15200256,3137344,0,42125824,,,,,304,543,used,,,,20260910-0005
2026-09-10 07:39:25,HAUSP-UB[noEUCS],LEVIATHAN,25,0,0.003000,0.000,0.020,7507502,3042,0,793,793,0,36,9,5139548,5903,5112665,1629,0.000000,0.369267,0.381786,6256,0,111.75,5138483,5138335,802,6563,SUCCESS,25008,0,equal,13400576,3270144,0,45406592,,,,,304,550,used,,,,20260910-0005
2026-09-10 07:39:26,HAUSP-UB[noEUCS],LEVIATHAN,26,0,0.003000,0.000,0.020,7845858,3159,0,826,827,0,36,9,5195876,6091,5168984,1627,0.000000,0.370812,0.383169,6302,0,118.35,5194860,5194660,857,6757,SUCCESS,25039,0,equal,16023552,3408608,0,50502912,,,,,318,544,used,,,,20260910-0005
2026-09-10 07:39:27,HAUSP-UB[noEUCS],LEVIATHAN,27,0,0.003000,0.000,0.020,8144747,3276,0,877,877,0,38,10,5333009,6233,5305692,1674,0.000000,0.372695,0.384835,6415,0,122.42,5331952,5331792,823,6907,SUCCESS,25439,0,equal,17645568,3549632,0,54007424,,,,,329,533,used,,,,20260910-0005
2026-09-10 07:39:28,HAUSP-UB[noEUCS],LEVIATHAN,28,0,0.003000,0.000,0.020,8438569,3393,0,919,919,0,38,10,5476416,6379,5448819,1677,0.000000,0.371857,0.384027,6453,0,130.41,5475359,5475217,815,7051,SUCCESS,25715,0,equal,17526784,3675968,0,58146944,,,,,324,529,used,,,,20260910-0005
2026-09-10 07:39:29,HAUSP-UB[noEUCS],LEVIATHAN,29,0,0.003000,0.000,0.020,8705645,3510,0,953,954,0,39,10,5557768,6479,5530163,1675,0.000000,0.370122,0.382226,6357,0,134.69,5556662,5556567,766,7148,SUCCESS,25717,0,equal,19783680,3803232,0,60779008,,,,,321,534,used,,,,20260910-0005
2026-09-10 07:39:30,HAUSP-UB[noEUCS],LEVIATHAN,30,0,0.003000,0.000,0.020,9002529,3627,0,997,997,0,40,10,5710403,6589,5682555,1706,0.000000,0.370229,0.382480,6459,0,140.71,5709310,5709182,797,7267,SUCCESS,25935,0,equal,19094528,3944640,0,64450688,,,,,327,534,used,,,,20260910-0005
2026-09-10 07:39:31,HAUSP-UB[noEUCS],LEVIATHAN,31,0,0.003000,0.000,0.020,9269661,3744,0,1023,1023,0,40,10,5732731,6747,5704942,1711,0.000000,0.370525,0.382848,6426,0,144.51,5731667,5731517,828,7421,SUCCESS,25857,0,equal,20969472,4065728,0,69037184,,,,,323,544,used,,,,20260910-0005
2026-09-10 07:39:32,HAUSP-UB[noEUCS],LEVIATHAN,32,0,0.003000,0.000,0.020,9558000,3861,0,1041,1041,0,40,9,5703620,6841,5676261,1645,0.000000,0.370140,0.382471,6363,0,148.09,5702493,5702397,770,7516,SUCCESS,25487,0,equal,22233088,4195680,0,72094592,,,,,320,547,used,,,,20260910-0005
2026-09-10 07:39:33,HAUSP-UB[noEUCS],LEVIATHAN,33,0,0.003000,0.000,0.020,9855383,3978,0,1072,1072,0,40,9,5786642,6917,5759315,1642,0.000000,0.369262,0.381796,6355,0,156.04,5785490,5785412,753,7593,SUCCESS,25451,0,equal,23703040,4324864,0,74581888,,,,,319,553,used,,,,20260910-0005
2026-09-10 07:39:34,HAUSP-UB[noEUCS],LEVIATHAN,34,0,0.003000,0.000,0.020,10129376,4095,0,1106,1106,0,40,9,5858826,7018,5831280,1760,0.000000,0.368395,0.381042,6355,0,159.98,5857698,5857597,777,7694,SUCCESS,25553,0,equal,24387584,4455360,0,78408704,,,,,320,553,used,,,,20260910-0005
2026-09-10 07:39:35,HAUSP-UB[noEUCS],LEVIATHAN,35,0,0.003000,0.000,0.020,10404174,4212,0,1152,1152,0,41,10,5966312,7093,5938475,1736,0.000000,0.369965,0.382704,6457,0,168.29,5965167,5965081,762,7775,SUCCESS,25882,0,equal,25710592,4579168,0,81384320,,,,,325,544,used,,,,20260910-0005
2026-09-10 07:39:36,HAUSP-UB[noEUCS],LEVIATHAN,36,0,0.003000,0.000,0.020,10699668,4329,0,1176,1176,0,42,10,6059983,7197,6032219,1733,0.000000,0.368424,0.381158,6406,0,172.56,6058862,6058763,780,7876,SUCCESS,25805,0,equal,26689536,4712320,0,85272960,,,,,317,543,used,,,,20260910-0005
2026-09-10 07:39:38,HAUSP-UB[noEUCS],LEVIATHAN,37,0,0.003000,0.000,0.020,10993198,4446,0,1221,1221,0,42,10,6136726,7302,6108701,1809,0.000000,0.368722,0.381445,6462,0,179.95,6135609,6135497,791,7985,SUCCESS,25997,0,equal,25987072,4846368,0,89802880,,,,,324,543,used,,,,20260910-0005
2026-09-10 07:39:39,HAUSP-UB[noEUCS],LEVIATHAN,38,0,0.003000,0.000,0.020,11221680,4563,0,1230,1230,0,42,10,6095981,7367,6068359,1755,0.000000,0.367029,0.379711,6374,0,186.94,6094832,6094751,763,8058,SUCCESS,25664,0,equal,28647424,4957920,0,93055744,,,,,328,531,used,,,,20260910-0005
2026-09-10 07:39:40,HAUSP-UB[noEUCS],LEVIATHAN,39,0,0.003000,0.000,0.020,11435233,4680,0,1241,1241,0,42,9,6059474,7433,6032160,1737,0.000000,0.365918,0.378490,6260,0,191.61,6058317,6058269,738,8115,SUCCESS,25367,0,equal,28712960,5063104,0,95371904,,,,,322,532,used,,,,20260910-0005
2026-09-10 07:39:41,HAUSP-UB[noEUCS],LEVIATHAN,40,0,0.003000,0.000,0.020,11666090,4797,0,1255,1255,0,41,9,6046016,7506,6018993,1704,0.000000,0.364020,0.376497,6168,0,196.97,6044877,6044801,757,8189,SUCCESS,25109,0,equal,30894080,5184608,0,98734848,,,,,320,530,used,,,,20260910-0005
2026-09-10 07:39:43,HAUSP-UB[noEUCS],LEVIATHAN,41,0,0.003000,0.000,0.020,11905541,4914,0,1277,1277,0,41,9,6068183,7551,6041224,1729,0.000000,0.363668,0.376269,6148,0,201.26,6067019,6066974,728,8234,SUCCESS,25025,0,equal,31106048,5296448,0,100570752,,,,,321,526,used,,,,20260910-0005
2026-09-10 07:39:44,HAUSP-UB[noEUCS],LEVIATHAN,42,0,0.003000,0.000,0.020,12225515,5031,0,1348,1348,0,43,10,6278115,7653,6250499,1728,0.000000,0.363989,0.376572,6277,0,202.79,6277011,6276919,775,8331,SUCCESS,25681,0,equal,32713216,5440960,0,105484032,,,,,316,523,used,,,,20260910-0005
2026-09-10 07:39:45,HAUSP-UB[noEUCS],LEVIATHAN,43,0,0.003000,0.000,0.020,12500418,5148,0,1400,1401,0,44,10,6396711,7754,6368592,1833,0.000000,0.364969,0.377721,6363,0,211.37,6395595,6395488,785,8435,SUCCESS,26067,0,equal,33492992,5570336,0,110689152,,,,,320,539,used,,,,20260910-0005
2026-09-10 07:39:47,HAUSP-UB[noEUCS],LEVIATHAN,44,0,0.003000,0.000,0.020,12753841,5265,0,1426,1426,0,44,10,6392884,7816,6364896,1773,0.000000,0.364060,0.376852,6309,0,219.68,6391722,6391652,751,8501,SUCCESS,25998,0,equal,34357248,5685088,0,114059008,,,,,326,543,used,,,,20260910-0005
2026-09-10 07:39:48,HAUSP-UB[noEUCS],LEVIATHAN,45,0,0.003000,0.000,0.020,13038636,5382,0,1464,1464,0,44,10,6444201,7900,6416114,1815,0.000000,0.363111,0.375863,6288,0,226.75,6443050,6442970,765,8583,SUCCESS,26046,0,equal,35844096,5822336,0,118206976,,,,,324,550,used,,,,20260910-0005
2026-09-10 07:39:50,HAUSP-UB[noEUCS],LEVIATHAN,46,0,0.003000,0.000,0.020,13346772,5499,0,1498,1498,0,44,10,6475226,8065,6447049,1821,0.000000,0.363225,0.375958,6322,0,231.74,6474148,6473989,842,8745,SUCCESS,26119,0,equal,34742272,5949824,0,126535040,,,,,323,560,used,,,,20260910-0005
2026-09-10 07:39:51,HAUSP-UB[noEUCS],LEVIATHAN,47,0,0.003000,0.000,0.020,13632288,5616,0,1538,1538,0,45,10,6553445,8151,6525039,1837,0.000000,0.364849,0.377633,6418,0,238.72,6552294,6552196,778,8837,SUCCESS,26343,0,equal,36343808,6078720,0,131091584,,,,,331,557,used,,,,20260910-0005
2026-09-10 07:39:53,HAUSP-UB[noEUCS],LEVIATHAN,48,0,0.003000,0.000,0.020,13922343,5733,0,1573,1573,0,45,10,6544264,8246,6515799,1809,0.000000,0.366638,0.379441,6475,0,248.33,6543115,6543018,783,8933,SUCCESS,26431,0,equal,35995648,6199488,0,136369024,,,,,333,558,used,,,,20260910-0005
2026-09-10 07:39:55,HAUSP-UB[noEUCS],LEVIATHAN,49,0,0.003000,0.000,0.020,14156241,5834,0,1607,1607,0,45,10,6599011,8336,6570516,1777,0.000000,0.366961,0.379732,6511,0,257.98,6597855,6597761,781,9025,SUCCESS,26495,0,equal,38027264,6312032,0,141307136,,,,,336,559,used,,,,20260910-0005
2026-09-10 07:39:55,HAUSP-UB[noEUCS],LEVIATHAN,0,1,0.003000,0.000,0.020,293413,117,0,336,336,0,74,51,4418621,121,4273980,19494,0.000000,0.210260,0.215788,9106,0,34.85,4418658,4417042,1616,962,SUCCESS,125779,0,equal,485504,129952,0,168064,,,,,716,84,used,,,,20260910-0005
2026-09-10 07:39:55,HAUSP-UB[noEUCS],LEVIATHAN,1,1,0.003000,0.000,0.020,579837,234,0,93,93,0,16,9,1490580,567,1464696,1852,0.000000,0.297719,0.307688,3840,0,39.25,1489811,1489181,1284,1488,SUCCESS,24135,0,equal,881792,255904,0,672384,,,,,477,374,used,,,,20260910-0005
2026-09-10 07:39:56,HAUSP-UB[noEUCS],LEVIATHAN,2,1,0.003000,0.000,0.020,878091,351,0,100,100,0,14,7,1540158,1115,1518593,1563,0.000000,0.315861,0.327486,3793,0,41.55,1539177,1538821,1114,1901,SUCCESS,19758,0,equal,1179520,384608,0,1354624,,,,,364,608,used,,,,20260910-0005
2026-09-10 07:39:56,HAUSP-UB[noEUCS],LEVIATHAN,3,1,0.003000,0.000,0.020,1129366,468,0,101,101,0,13,6,1479443,1474,1460939,1421,0.000000,0.329832,0.342440,3619,0,43.54,1478411,1478146,966,2207,SUCCESS,16839,0,equal,1476736,484224,0,2014464,,,,,361,605,used,,,,20260910-0005
2026-09-10 07:39:56,HAUSP-UB[noEUCS],LEVIATHAN,4,1,0.003000,0.000,0.020,1412487,585,0,116,116,0,14,6,1615398,1783,1597951,1216,0.000000,0.341947,0.353923,3601,0,45.52,1614406,1614097,969,2514,SUCCESS,16024,0,equal,1559552,601184,0,2848128,,,,,361,568,used,,,,20260910-0005
2026-09-10 07:39:56,HAUSP-UB[noEUCS],LEVIATHAN,5,1,0.003000,0.000,0.020,1734987,702,0,123,123,0,14,5,1427375,2136,1412959,1035,0.000000,0.343420,0.355389,3137,0,44.60,1426460,1426158,964,2841,SUCCESS,13197,0,equal,2433024,712672,0,4019200,,,,,353,537,used,,,,20260910-0005
2026-09-10 07:39:56,HAUSP-UB[noEUCS],LEVIATHAN,6,1,0.003000,0.000,0.020,1984121,819,0,126,127,0,13,4,1453109,2485,1439214,971,0.000000,0.343996,0.355595,3153,0,48.71,1452187,1451826,998,3193,SUCCESS,12734,0,equal,2680960,820000,0,5563904,,,,,376,566,used,,,,20260910-0005
2026-09-10 07:39:56,HAUSP-UB[noEUCS],LEVIATHAN,7,1,0.003000,0.000,0.020,2320722,936,0,194,195,0,19,7,2247305,2858,2227840,1410,0.000000,0.360899,0.373794,4451,0,54.15,2246419,2245986,1079,3591,SUCCESS,17877,0,equal,3331968,960736,0,7346688,,,,,373,551,used,,,,20260910-0005
2026-09-10 07:39:56,HAUSP-UB[noEUCS],LEVIATHAN,8,1,0.003000,0.000,0.020,2581444,1053,0,211,212,0,19,6,2355597,3128,2336073,1394,0.000000,0.364021,0.376837,4527,0,54.60,2354545,2354268,958,3859,SUCCESS,17923,0,equal,2016128,1079744,0,8750336,,,,,382,589,used,,,,20260910-0005
2026-09-10 07:39:57,HAUSP-UB[noEUCS],LEVIATHAN,9,1,0.003000,0.000,0.020,2849060,1170,0,223,223,0,19,6,2390745,3344,2371917,1220,0.000000,0.363523,0.375943,4484,0,54.09,2389638,2389467,861,4049,SUCCESS,17370,0,equal,4606976,1199328,0,9908864,,,,,354,592,used,,,,20260910-0005
2026-09-10 07:39:57,HAUSP-UB[noEUCS],LEVIATHAN,10,1,0.003000,0.000,0.020,3111351,1287,0,245,245,0,20,6,2555491,3539,2536466,1200,0.000000,0.360121,0.372413,4467,0,57.88,2554409,2554248,832,4222,SUCCESS,17590,0,equal,5190656,1312192,0,11100416,,,,,337,572,used,,,,20260910-0005
2026-09-10 07:39:57,HAUSP-UB[noEUCS],LEVIATHAN,11,1,0.003000,0.000,0.020,3392190,1404,0,276,276,0,21,7,2772630,3729,2752722,1312,0.000000,0.361788,0.373840,4618,0,61.94,2771557,2771358,858,4413,SUCCESS,18353,0,equal,5543040,1443584,0,12709760,,,,,337,580,used,,,,20260910-0005
2026-09-10 07:39:58,HAUSP-UB[noEUCS],LEVIATHAN,12,1,0.003000,0.000,0.020,3725130,1521,0,337,337,0,27,7,3141840,3964,3120508,1322,0.000000,0.364049,0.375612,4984,0,63.80,3140827,3140595,899,4644,SUCCESS,19780,0,equal,4456960,1587168,0,14676864,,,,,334,564,used,,,,20260910-0005
2026-09-10 07:39:58,HAUSP-UB[noEUCS],LEVIATHAN,13,1,0.003000,0.000,0.020,3998928,1638,0,364,364,0,27,7,3274952,4121,3253283,1339,0.000000,0.360414,0.372213,5016,0,64.72,3273848,3273713,803,4789,SUCCESS,20054,0,equal,6981632,1711680,0,16054144,,,,,305,581,used,,,,20260910-0005
2026-09-10 07:39:58,HAUSP-UB[noEUCS],LEVIATHAN,14,1,0.003000,0.000,0.020,4283308,1755,0,386,386,0,28,7,3388229,4304,3366504,1409,0.000000,0.358523,0.370655,4975,0,70.12,3387147,3386966,839,4970,SUCCESS,20030,0,equal,7643136,1841888,0,18023168,,,,,311,597,used,,,,20260910-0005
2026-09-10 07:39:59,HAUSP-UB[noEUCS],LEVIATHAN,15,1,0.003000,0.000,0.020,4561424,1872,0,428,428,0,29,8,3645331,4470,3622621,1382,0.000000,0.361235,0.373263,5175,0,72.10,3644224,3644061,821,5134,SUCCESS,21036,0,equal,6520704,1970368,0,20062336,,,,,315,607,used,,,,20260910-0005
2026-09-10 07:39:59,HAUSP-UB[noEUCS],LEVIATHAN,16,1,0.003000,0.000,0.020,4857596,1989,0,440,440,0,28,7,3630539,4645,3608200,1362,0.000000,0.366090,0.378147,5262,0,74.58,3629460,3629281,836,5309,SUCCESS,20706,0,equal,8931328,2097248,0,22291456,,,,,319,590,used,,,,20260910-0005
2026-09-10 07:40:00,HAUSP-UB[noEUCS],LEVIATHAN,17,1,0.003000,0.000,0.020,5217593,2106,0,513,513,0,31,8,4087153,4831,4062838,1482,0.000000,0.368007,0.380229,5673,0,81.65,4086100,4085881,880,5511,SUCCESS,22591,0,equal,9691136,2253184,0,25084800,,,,,333,575,used,,,,20260910-0005
2026-09-10 07:40:00,HAUSP-UB[noEUCS],LEVIATHAN,18,1,0.003000,0.000,0.020,5513992,2223,0,555,556,0,32,8,4312689,4943,4287610,1564,0.000000,0.369217,0.381623,5905,0,82.40,4311565,4311450,793,5625,SUCCESS,23288,0,equal,8134656,2383776,0,26822400,,,,,329,556,used,,,,20260910-0005
2026-09-10 07:40:01,HAUSP-UB[noEUCS],LEVIATHAN,19,1,0.003000,0.000,0.020,5766937,2340,0,573,573,0,32,9,4350283,5070,4325197,1645,0.000000,0.369316,0.382189,5927,0,86.34,4349192,4349087,784,5741,SUCCESS,23227,0,equal,11491328,2493152,0,28745600,,,,,322,536,used,,,,20260910-0005
2026-09-10 07:40:01,HAUSP-UB[noEUCS],LEVIATHAN,20,1,0.003000,0.000,0.020,6048700,2457,0,607,608,0,33,9,4506679,5206,4481506,1571,0.000000,0.367326,0.379915,5911,0,91.89,4505613,4505487,794,5872,SUCCESS,23391,0,equal,12043904,2621888,0,30992384,,,,,320,531,used,,,,20260910-0005
2026-09-10 07:40:02,HAUSP-UB[noEUCS],LEVIATHAN,21,1,0.003000,0.000,0.020,6323588,2574,0,639,639,0,33,9,4598015,5335,4572563,1541,0.000000,0.369377,0.382053,5984,0,91.47,4596930,4596823,770,5990,SUCCESS,23662,0,equal,12978176,2740864,0,33295616,,,,,299,548,used,,,,20260910-0005
2026-09-10 07:40:03,HAUSP-UB[noEUCS],LEVIATHAN,22,1,0.003000,0.000,0.020,6640368,2691,0,698,698,0,35,9,4836890,5497,4810390,1666,0.000000,0.370313,0.382751,6235,0,99.14,4835852,4835678,826,6158,SUCCESS,24599,0,equal,13428736,2885888,0,36588928,,,,,310,545,used,,,,20260910-0005
2026-09-10 07:40:03,HAUSP-UB[noEUCS],LEVIATHAN,23,1,0.003000,0.000,0.020,6937688,2808,0,759,759,0,37,9,5083047,5633,5055735,1658,0.000000,0.370390,0.382746,6397,0,101.55,5081986,5081841,803,6299,SUCCESS,25431,0,equal,14503936,3023424,0,39423872,,,,,313,536,used,,,,20260910-0005
2026-09-10 07:40:04,HAUSP-UB[noEUCS],LEVIATHAN,24,1,0.003000,0.000,0.020,7203301,2925,0,783,783,0,37,9,5136470,5760,5109099,1715,0.000000,0.369661,0.382141,6351,0,108.47,5135388,5135277,773,6418,SUCCESS,25417,0,equal,15200256,3137344,0,42125824,,,,,304,543,used,,,,20260910-0005
2026-09-10 07:40:05,HAUSP-UB[noEUCS],LEVIATHAN,25,1,0.003000,0.000,0.020,7507502,3042,0,799,800,0,36,9,5139548,5903,5112665,1629,0.000000,0.369267,0.381786,6256,0,111.48,5138483,5138335,802,6563,SUCCESS,25008,0,equal,13400576,3270144,0,45406592,,,,,304,550,used,,,,20260910-0005
2026-09-10 07:40:06,HAUSP-UB[noEUCS],LEVIATHAN,26,1,0.003000,0.000,0.020,7845858,3159,0,833,833,0,37,9,5195876,6091,5168984,1627,0.000000,0.370812,0.383169,6302,0,119.27,5194860,5194660,857,6757,SUCCESS,25039,0,equal,16023552,3408608,0,50502912,,,,,318,544,used,,,,20260910-0005
2026-09-10 07:40:07,HAUSP-UB[noEUCS],LEVIATHAN,27,1,0.003000,0.000,0.020,8144747,3276,0,883,883,0,37,9,5333009,6233,5305692,1674,0.000000,0.372695,0.384835,6415,0,121.60,5331952,5331792,823,6907,SUCCESS,25439,0,equal,17645568,3549632,0,54007424,,,,,329,533,used,,,,20260910-0005
2026-09-10 07:40:08,HAUSP-UB[noEUCS],LEVIATHAN,28,1,0.003000,0.000,0.020,8438569,3393,0,926,926,0,39,10,5476416,6379,5448819,1677,0.000000,0.371857,0.384027,6453,0,127.80,5475359,5475217,815,7051,SUCCESS,25715,0,equal,16707584,3675968,0,58146944,,,,,324,529,used,,,,20260910-0005
2026-09-10 07:40:09,HAUSP-UB[noEUCS],LEVIATHAN,29,1,0.003000,0.000,0.020,8705645,3510,0,961,961,0,39,10,5557768,6479,5530163,1675,0.000000,0.370122,0.382226,6357,0,133.03,5556662,5556567,766,7148,SUCCESS,25717,0,equal,19652608,3803232,0,60779008,,,,,321,534,used,,,,20260910-0005
2026-09-10 07:40:10,HAUSP-UB[noEUCS],LEVIATHAN,30,1,0.003000,0.000,0.020,9002529,3627,0,1003,1004,0,40,10,5710403,6589,5682555,1706,0.000000,0.370229,0.382480,6459,0,136.84,5709310,5709182,797,7267,SUCCESS,25935,0,equal,20803584,3944640,0,64450688,,,,,327,534,used,,,,20260910-0005
2026-09-10 07:40:11,HAUSP-UB[noEUCS],LEVIATHAN,31,1,0.003000,0.000,0.020,9269661,3744,0,1030,1031,0,40,10,5732731,6747,5704942,1711,0.000000,0.370525,0.382848,6426,0,146.32,5731667,5731517,828,7421,SUCCESS,25857,0,equal,20969472,4065728,0,69037184,,,,,323,544,used,,,,20260910-0005
2026-09-10 07:40:12,HAUSP-UB[noEUCS],LEVIATHAN,32,1,0.003000,0.000,0.020,9558000,3861,0,1049,1049,0,40,9,5703620,6841,5676261,1645,0.000000,0.370140,0.382471,6363,0,148.70,5702493,5702397,770,7516,SUCCESS,25487,0,equal,19048960,4195680,0,72094592,,,,,320,547,used,,,,20260910-0005
2026-09-10 07:40:13,HAUSP-UB[noEUCS],LEVIATHAN,33,1,0.003000,0.000,0.020,9855383,3978,0,1081,1081,0,40,9,5786642,6917,5759315,1642,0.000000,0.369262,0.381796,6355,0,156.19,5785490,5785412,753,7593,SUCCESS,25451,0,equal,23703040,4324864,0,74581888,,,,,319,553,used,,,,20260910-0005
2026-09-10 07:40:14,HAUSP-UB[noEUCS],LEVIATHAN,34,1,0.003000,0.000,0.020,10129376,4095,0,1104,1105,0,41,9,5858826,7018,5831280,1760,0.000000,0.368395,0.381042,6355,0,160.14,5857698,5857597,777,7694,SUCCESS,25553,0,equal,24387584,4455360,0,78408704,,,,,320,553,used,,,,20260910-0005
2026-09-10 07:40:15,HAUSP-UB[noEUCS],LEVIATHAN,35,1,0.003000,0.000,0.020,10404174,4212,0,1146,1147,0,41,10,5966312,7093,5938475,1736,0.000000,0.369965,0.382704,6457,0,168.40,5965167,5965081,762,7775,SUCCESS,25882,0,equal,25710592,4579168,0,81384320,,,,,325,544,used,,,,20260910-0005
2026-09-10 07:40:16,HAUSP-UB[noEUCS],LEVIATHAN,36,1,0.003000,0.000,0.020,10699668,4329,0,1177,1177,0,42,10,6059983,7197,6032219,1733,0.000000,0.368424,0.381158,6406,0,172.19,6058862,6058763,780,7876,SUCCESS,25805,0,equal,26689536,4712320,0,85272960,,,,,317,543,used,,,,20260910-0005
2026-09-10 07:40:18,HAUSP-UB[noEUCS],LEVIATHAN,37,1,0.003000,0.000,0.020,10993198,4446,0,1221,1221,0,42,10,6136726,7302,6108701,1809,0.000000,0.368722,0.381445,6462,0,178.19,6135609,6135497,791,7985,SUCCESS,25997,0,equal,25189376,4846368,0,89802880,,,,,324,543,used,,,,20260910-0005
2026-09-10 07:40:19,HAUSP-UB[noEUCS],LEVIATHAN,38,1,0.003000,0.000,0.020,11221680,4563,0,1232,1233,0,42,9,6095981,7367,6068359,1755,0.000000,0.367029,0.379711,6374,0,183.44,6094832,6094751,763,8058,SUCCESS,25664,0,equal,28647424,4957920,0,93055744,,,,,328,531,used,,,,20260910-0005
2026-09-10 07:40:20,HAUSP-UB[noEUCS],LEVIATHAN,39,1,0.003000,0.000,0.020,11435233,4680,0,1243,1243,0,42,9,6059474,7433,6032160,1737,0.000000,0.365918,0.378490,6260,0,187.20,6058317,6058269,738,8115,SUCCESS,25367,0,equal,30109696,5063104,0,95371904,,,,,322,532,used,,,,20260910-0005
2026-09-10 07:40:21,HAUSP-UB[noEUCS],LEVIATHAN,40,1,0.003000,0.000,0.020,11666090,4797,0,1258,1258,0,42,9,6046016,7506,6018993,1704,0.000000,0.364020,0.376497,6168,0,195.30,6044877,6044801,757,8189,SUCCESS,25109,0,equal,30894080,5184608,0,98734848,,,,,320,530,used,,,,20260910-0005
2026-09-10 07:40:23,HAUSP-UB[noEUCS],LEVIATHAN,41,1,0.003000,0.000,0.020,11905541,4914,0,1280,1280,0,42,9,6068183,7551,6041224,1729,0.000000,0.363668,0.376269,6148,0,199.60,6067019,6066974,728,8234,SUCCESS,25025,0,equal,31106048,5296448,0,100570752,,,,,321,526,used,,,,20260910-0005
2026-09-10 07:40:24,HAUSP-UB[noEUCS],LEVIATHAN,42,1,0.003000,0.000,0.020,12225515,5031,0,1354,1354,0,43,9,6278115,7653,6250499,1728,0.000000,0.363989,0.376572,6277,0,207.06,6277011,6276919,775,8331,SUCCESS,25681,0,equal,32713216,5440960,0,105484032,,,,,316,523,used,,,,20260910-0005
2026-09-10 07:40:25,HAUSP-UB[noEUCS],LEVIATHAN,43,1,0.003000,0.000,0.020,12500418,5148,0,1401,1402,0,44,10,6396711,7754,6368592,1833,0.000000,0.364969,0.377721,6363,0,209.58,6395595,6395488,785,8435,SUCCESS,26067,0,equal,33492992,5570336,0,110689152,,,,,320,539,used,,,,20260910-0005
2026-09-10 07:40:27,HAUSP-UB[noEUCS],LEVIATHAN,44,1,0.003000,0.000,0.020,12753841,5265,0,1427,1427,0,44,10,6392884,7816,6364896,1773,0.000000,0.364060,0.376852,6309,0,216.63,6391722,6391652,751,8501,SUCCESS,25998,0,equal,33767424,5685088,0,114059008,,,,,326,543,used,,,,20260910-0005
2026-09-10 07:40:28,HAUSP-UB[noEUCS],LEVIATHAN,45,1,0.003000,0.000,0.020,13038636,5382,0,1464,1464,0,44,10,6444201,7900,6416114,1815,0.000000,0.363111,0.375863,6288,0,224.64,6443050,6442970,765,8583,SUCCESS,26046,0,equal,35844096,5822336,0,118206976,,,,,324,550,used,,,,20260910-0005
2026-09-10 07:40:30,HAUSP-UB[noEUCS],LEVIATHAN,46,1,0.003000,0.000,0.020,13346772,5499,0,1497,1497,0,44,10,6475226,8065,6447049,1821,0.000000,0.363225,0.375958,6322,0,234.23,6474148,6473989,842,8745,SUCCESS,26119,0,equal,34742272,5949824,0,126535040,,,,,323,560,used,,,,20260910-0005
2026-09-10 07:40:31,HAUSP-UB[noEUCS],LEVIATHAN,47,1,0.003000,0.000,0.020,13632288,5616,0,1539,1540,0,45,10,6553445,8151,6525039,1837,0.000000,0.364849,0.377633,6418,0,237.10,6552294,6552196,778,8837,SUCCESS,26343,0,equal,31590400,6078720,0,131091584,,,,,331,557,used,,,,20260910-0005
2026-09-10 07:40:33,HAUSP-UB[noEUCS],LEVIATHAN,48,1,0.003000,0.000,0.020,13922343,5733,0,1576,1576,0,45,10,6544264,8246,6515799,1809,0.000000,0.366638,0.379441,6475,0,243.11,6543115,6543018,783,8933,SUCCESS,26431,0,equal,35995648,6199488,0,136369024,,,,,333,558,used,,,,20260910-0005
2026-09-10 07:40:34,HAUSP-UB[noEUCS],LEVIATHAN,49,1,0.003000,0.000,0.020,14156241,5834,0,1608,1608,0,45,10,6599011,8336,6570516,1777,0.000000,0.366961,0.379732,6511,0,251.82,6597855,6597761,781,9025,SUCCESS,26495,0,equal,38027264,6312032,0,141307136,,,,,336,559,used,,,,20260910-0005
2026-09-10 07:40:35,HAUSP-UB[noEUCS],LEVIATHAN,0,2,0.003000,0.000,0.020,293413,117,0,334,334,0,74,51,4418621,121,4273980,19494,0.000000,0.210260,0.215788,9106,0,34.85,4418658,4417042,1616,962,SUCCESS,125779,0,equal,485504,129952,0,168064,,,,,716,84,used,,,,20260910-0005
2026-09-10 07:40:35,HAUSP-UB[noEUCS],LEVIATHAN,1,2,0.003000,0.000,0.020,579837,234,0,93,93,0,16,9,1490580,567,1464696,1852,0.000000,0.297719,0.307688,3840,0,39.25,1489811,1489181,1284,1488,SUCCESS,24135,0,equal,881792,255904,0,672384,,,,,477,374,used,,,,20260910-0005
2026-09-10 07:40:35,HAUSP-UB[noEUCS],LEVIATHAN,2,2,0.003000,0.000,0.020,878091,351,0,100,100,0,14,7,1540158,1115,1518593,1563,0.000000,0.315861,0.327486,3793,0,41.55,1539177,1538821,1114,1901,SUCCESS,19758,0,equal,1179520,384608,0,1354624,,,,,364,608,used,,,,20260910-0005
2026-09-10 07:40:36,HAUSP-UB[noEUCS],LEVIATHAN,3,2,0.003000,0.000,0.020,1129366,468,0,101,101,0,13,6,1479443,1474,1460939,1421,0.000000,0.329832,0.342440,3619,0,43.54,1478411,1478146,966,2207,SUCCESS,16839,0,equal,1476736,484224,0,2014464,,,,,361,605,used,,,,20260910-0005
2026-09-10 07:40:36,HAUSP-UB[noEUCS],LEVIATHAN,4,2,0.003000,0.000,0.020,1412487,585,0,116,116,0,14,6,1615398,1783,1597951,1216,0.000000,0.341947,0.353923,3601,0,45.52,1614406,1614097,969,2514,SUCCESS,16024,0,equal,1559552,601184,0,2848128,,,,,361,568,used,,,,20260910-0005
2026-09-10 07:40:36,HAUSP-UB[noEUCS],LEVIATHAN,5,2,0.003000,0.000,0.020,1734987,702,0,123,123,0,14,5,1427375,2136,1412959,1035,0.000000,0.343420,0.355389,3137,0,44.71,1426460,1426158,964,2841,SUCCESS,13197,0,equal,2433024,712672,0,4019200,,,,,353,537,used,,,,20260910-0005
2026-09-10 07:40:36,HAUSP-UB[noEUCS],LEVIATHAN,6,2,0.003000,0.000,0.020,1984121,819,0,127,127,0,13,4,1453109,2485,1439214,971,0.000000,0.343996,0.355595,3153,0,48.82,1452187,1451826,998,3193,SUCCESS,12734,0,equal,2680960,820000,0,5563904,,,,,376,566,used,,,,20260910-0005
2026-09-10 07:40:36,HAUSP-UB[noEUCS],LEVIATHAN,7,2,0.003000,0.000,0.020,2320722,936,0,195,196,0,19,6,2247305,2858,2227840,1410,0.000000,0.360899,0.373794,4451,0,54.26,2246419,2245986,1079,3591,SUCCESS,17877,0,equal,3331968,960736,0,7346688,,,,,373,551,used,,,,20260910-0005
2026-09-10 07:40:36,HAUSP-UB[noEUCS],LEVIATHAN,8,2,0.003000,0.000,0.020,2581444,1053,0,210,210,0,19,6,2355597,3128,2336073,1394,0.000000,0.364021,0.376837,4527,0,54.71,2354545,2354268,958,3859,SUCCESS,17923,0,equal,2016128,1079744,0,8750336,,,,,382,589,used,,,,20260910-0005
2026-09-10 07:40:37,HAUSP-UB[noEUCS],LEVIATHAN,9,2,0.003000,0.000,0.020,2849060,1170,0,222,222,0,19,6,2390745,3344,2371917,1220,0.000000,0.363523,0.375943,4484,0,54.00,2389638,2389467,861,4049,SUCCESS,17370,0,equal,4606976,1199328,0,9908864,,,,,354,592,used,,,,20260910-0005
2026-09-10 07:40:37,HAUSP-UB[noEUCS],LEVIATHAN,10,2,0.003000,0.000,0.020,3111351,1287,0,243,243,0,20,6,2555491,3539,2536466,1200,0.000000,0.360121,0.372413,4467,0,57.79,2554409,2554248,832,4222,SUCCESS,17590,0,equal,5190656,1312192,0,11100416,,,,,337,572,used,,,,20260910-0005
2026-09-10 07:40:37,HAUSP-UB[noEUCS],LEVIATHAN,11,2,0.003000,0.000,0.020,3392190,1404,0,275,275,0,21,7,2772630,3729,2752722,1312,0.000000,0.361788,0.373840,4618,0,61.85,2771557,2771358,858,4413,SUCCESS,18353,0,equal,5543040,1443584,0,12709760,,,,,337,580,used,,,,20260910-0005
2026-09-10 07:40:37,HAUSP-UB[noEUCS],LEVIATHAN,12,2,0.003000,0.000,0.020,3725130,1521,0,335,335,0,27,7,3141840,3964,3120508,1322,0.000000,0.364049,0.375612,4984,0,63.71,3140827,3140595,899,4644,SUCCESS,19780,0,equal,4456960,1587168,0,14676864,,,,,334,564,used,,,,20260910-0005
2026-09-10 07:40:38,HAUSP-UB[noEUCS],LEVIATHAN,13,2,0.003000,0.000,0.020,3998928,1638,0,361,361,0,27,7,3274952,4121,3253283,1339,0.000000,0.360414,0.372213,5016,0,65.43,3273848,3273713,803,4789,SUCCESS,20054,0,equal,6981632,1711680,0,16054144,,,,,305,581,used,,,,20260910-0005
2026-09-10 07:40:38,HAUSP-UB[noEUCS],LEVIATHAN,14,2,0.003000,0.000,0.020,4283308,1755,0,383,383,0,28,7,3388229,4304,3366504,1409,0.000000,0.358523,0.370655,4975,0,70.83,3387147,3386966,839,4970,SUCCESS,20030,0,equal,7643136,1841888,0,18023168,,,,,311,597,used,,,,20260910-0005
2026-09-10 07:40:39,HAUSP-UB[noEUCS],LEVIATHAN,15,2,0.003000,0.000,0.020,4561424,1872,0,425,426,0,29,8,3645331,4470,3622621,1382,0.000000,0.361235,0.373263,5175,0,72.81,3644224,3644061,821,5134,SUCCESS,21036,0,equal,6520704,1970368,0,20062336,,,,,315,607,used,,,,20260910-0005
2026-09-10 07:40:39,HAUSP-UB[noEUCS],LEVIATHAN,16,2,0.003000,0.000,0.020,4857596,1989,0,438,438,0,28,7,3630539,4645,3608200,1362,0.000000,0.366090,0.378147,5262,0,74.53,3629460,3629281,836,5309,SUCCESS,20706,0,equal,8931328,2097248,0,22291456,,,,,319,590,used,,,,20260910-0005
2026-09-10 07:40:39,HAUSP-UB[noEUCS],LEVIATHAN,17,2,0.003000,0.000,0.020,5217593,2106,0,510,510,0,31,8,4087153,4831,4062838,1482,0.000000,0.368007,0.380229,5673,0,81.61,4086100,4085881,880,5511,SUCCESS,22591,0,equal,9691136,2253184,0,25084800,,,,,333,575,used,,,,20260910-0005
2026-09-10 07:40:40,HAUSP-UB[noEUCS],LEVIATHAN,18,2,0.003000,0.000,0.020,5513992,2223,0,552,552,0,32,8,4312689,4943,4287610,1564,0.000000,0.369217,0.381623,5905,0,82.35,4311565,4311450,793,5625,SUCCESS,23288,0,equal,8134656,2383776,0,26822400,,,,,329,556,used,,,,20260910-0005
2026-09-10 07:40:41,HAUSP-UB[noEUCS],LEVIATHAN,19,2,0.003000,0.000,0.020,5766937,2340,0,568,568,0,32,8,4350283,5070,4325197,1645,0.000000,0.369316,0.382189,5927,0,87.15,4349192,4349087,784,5741,SUCCESS,23227,0,equal,11491328,2493152,0,28745600,,,,,322,536,used,,,,20260910-0005
2026-09-10 07:40:41,HAUSP-UB[noEUCS],LEVIATHAN,20,2,0.003000,0.000,0.020,6048700,2457,0,603,603,0,33,9,4506679,5206,4481506,1571,0.000000,0.367326,0.379915,5911,0,92.70,4505613,4505487,794,5872,SUCCESS,23391,0,equal,12043904,2621888,0,30992384,,,,,320,531,used,,,,20260910-0005
2026-09-10 07:40:42,HAUSP-UB[noEUCS],LEVIATHAN,21,2,0.003000,0.000,0.020,6323588,2574,0,635,635,0,33,9,4598015,5335,4572563,1541,0.000000,0.369377,0.382053,5984,0,92.00,4596930,4596823,770,5990,SUCCESS,23662,0,equal,12978176,2740864,0,33295616,,,,,299,548,used,,,,20260910-0005
2026-09-10 07:40:43,HAUSP-UB[noEUCS],LEVIATHAN,22,2,0.003000,0.000,0.020,6640368,2691,0,694,694,0,35,9,4836890,5497,4810390,1666,0.000000,0.370313,0.382751,6235,0,99.67,4835852,4835678,826,6158,SUCCESS,24599,0,equal,13428736,2885888,0,36588928,,,,,310,545,used,,,,20260910-0005
2026-09-10 07:40:43,HAUSP-UB[noEUCS],LEVIATHAN,23,2,0.003000,0.000,0.020,6937688,2808,0,753,753,0,37,9,5083047,5633,5055735,1658,0.000000,0.370390,0.382746,6397,0,101.61,5081986,5081841,803,6299,SUCCESS,25431,0,equal,11544960,3023424,0,39423872,,,,,313,536,used,,,,20260910-0005
2026-09-10 07:40:44,HAUSP-UB[noEUCS],LEVIATHAN,24,2,0.003000,0.000,0.020,7203301,2925,0,778,778,0,37,9,5136470,5760,5109099,1715,0.000000,0.369661,0.382141,6351,0,108.14,5135388,5135277,773,6418,SUCCESS,25417,0,equal,15200256,3137344,0,42125824,,,,,304,543,used,,,,20260910-0005
2026-09-10 07:40:45,HAUSP-UB[noEUCS],LEVIATHAN,25,2,0.003000,0.000,0.020,7507502,3042,0,793,794,0,36,9,5139548,5903,5112665,1629,0.000000,0.369267,0.381786,6256,0,111.15,5138483,5138335,802,6563,SUCCESS,25008,0,equal,13400576,3270144,0,45406592,,,,,304,550,used,,,,20260910-0005
2026-09-10 07:40:46,HAUSP-UB[noEUCS],LEVIATHAN,26,2,0.003000,0.000,0.020,7845858,3159,0,828,828,0,37,9,5195876,6091,5168984,1627,0.000000,0.370812,0.383169,6302,0,119.72,5194860,5194660,857,6757,SUCCESS,25039,0,equal,16023552,3408608,0,50502912,,,,,318,544,used,,,,20260910-0005
2026-09-10 07:40:47,HAUSP-UB[noEUCS],LEVIATHAN,27,2,0.003000,0.000,0.020,8144747,3276,0,877,877,0,37,9,5333009,6233,5305692,1674,0.000000,0.372695,0.384835,6415,0,120.20,5331952,5331792,823,6907,SUCCESS,25439,0,equal,12546048,3549632,0,54007424,,,,,329,533,used,,,,20260910-0005
2026-09-10 07:40:48,HAUSP-UB[noEUCS],LEVIATHAN,28,2,0.003000,0.000,0.020,8438569,3393,0,920,920,0,39,9,5476416,6379,5448819,1677,0.000000,0.371857,0.384027,6453,0,125.60,5475359,5475217,815,7051,SUCCESS,25715,0,equal,16707584,3675968,0,58146944,,,,,324,529,used,,,,20260910-0005
2026-09-10 07:40:48,HAUSP-UB[noEUCS],LEVIATHAN,29,2,0.003000,0.000,0.020,8705645,3510,0,953,953,0,39,10,5557768,6479,5530163,1675,0.000000,0.370122,0.382226,6357,0,133.26,5556662,5556567,766,7148,SUCCESS,25717,0,equal,19652608,3803232,0,60779008,,,,,321,534,used,,,,20260910-0005
2026-09-10 07:40:49,HAUSP-UB[noEUCS],LEVIATHAN,30,2,0.003000,0.000,0.020,9002529,3627,0,997,997,0,40,10,5710403,6589,5682555,1706,0.000000,0.370229,0.382480,6459,0,136.89,5709310,5709182,797,7267,SUCCESS,25935,0,equal,17859584,3944640,0,64450688,,,,,327,534,used,,,,20260910-0005
2026-09-10 07:40:50,HAUSP-UB[noEUCS],LEVIATHAN,31,2,0.003000,0.000,0.020,9269661,3744,0,1022,1023,0,40,10,5732731,6747,5704942,1711,0.000000,0.370525,0.382848,6426,0,145.74,5731667,5731517,828,7421,SUCCESS,25857,0,equal,20969472,4065728,0,69037184,,,,,323,544,used,,,,20260910-0005
2026-09-10 07:40:52,HAUSP-UB[noEUCS],LEVIATHAN,32,2,0.003000,0.000,0.020,9558000,3861,0,1038,1039,0,40,9,5703620,6841,5676261,1645,0.000000,0.370140,0.382471,6363,0,148.13,5702493,5702397,770,7516,SUCCESS,25487,0,equal,19048960,4195680,0,72094592,,,,,320,547,used,,,,20260910-0005
2026-09-10 07:40:53,HAUSP-UB[noEUCS],LEVIATHAN,33,2,0.003000,0.000,0.020,9855383,3978,0,1070,1071,0,40,9,5786642,6917,5759315,1642,0.000000,0.369262,0.381796,6355,0,154.09,5785490,5785412,753,7593,SUCCESS,25451,0,equal,23703040,4324864,0,74581888,,,,,319,553,used,,,,20260910-0005
2026-09-10 07:40:54,HAUSP-UB[noEUCS],LEVIATHAN,34,2,0.003000,0.000,0.020,10129376,4095,0,1106,1106,0,41,10,5858826,7018,5831280,1760,0.000000,0.368395,0.381042,6355,0,159.42,5857698,5857597,777,7694,SUCCESS,25553,0,equal,24387584,4455360,0,78408704,,,,,320,553,used,,,,20260910-0005
2026-09-10 07:40:55,HAUSP-UB[noEUCS],LEVIATHAN,35,2,0.003000,0.000,0.020,10404174,4212,0,1149,1149,0,41,10,5966312,7093,5938475,1736,0.000000,0.369965,0.382704,6457,0,167.68,5965167,5965081,762,7775,SUCCESS,25882,0,equal,25710592,4579168,0,81384320,,,,,325,544,used,,,,20260910-0005
2026-09-10 07:40:56,HAUSP-UB[noEUCS],LEVIATHAN,36,2,0.003000,0.000,0.020,10699668,4329,0,1178,1178,0,42,9,6059983,7197,6032219,1733,0.000000,0.368424,0.381158,6406,0,172.81,6058862,6058763,780,7876,SUCCESS,25805,0,equal,26689536,4712320,0,85272960,,,,,317,543,used,,,,20260910-0005
2026-09-10 07:40:57,HAUSP-UB[noEUCS],LEVIATHAN,37,2,0.003000,0.000,0.020,10993198,4446,0,1221,1222,0,42,9,6136726,7302,6108701,1809,0.000000,0.368722,0.381445,6462,0,178.82,6135609,6135497,791,7985,SUCCESS,25997,0,equal,25189376,4846368,0,89802880,,,,,324,543,used,,,,20260910-0005
2026-09-10 07:40:58,HAUSP-UB[noEUCS],LEVIATHAN,38,2,0.003000,0.000,0.020,11221680,4563,0,1232,1232,0,42,9,6095981,7367,6068359,1755,0.000000,0.367029,0.379711,6374,0,184.69,6094832,6094751,763,8058,SUCCESS,25664,0,equal,28647424,4957920,0,93055744,,,,,328,531,used,,,,20260910-0005
2026-09-10 07:41:00,HAUSP-UB[noEUCS],LEVIATHAN,39,2,0.003000,0.000,0.020,11435233,4680,0,1243,1243,0,42,9,6059474,7433,6032160,1737,0.000000,0.365918,0.378490,6260,0,187.76,6058317,6058269,738,8115,SUCCESS,25367,0,equal,27979776,5063104,0,95371904,,,,,322,532,used,,,,20260910-0005
2026-09-10 07:41:01,HAUSP-UB[noEUCS],LEVIATHAN,40,2,0.003000,0.000,0.020,11666090,4797,0,1259,1259,0,42,9,6046016,7506,6018993,1704,0.000000,0.364020,0.376497,6168,0,195.25,6044877,6044801,757,8189,SUCCESS,25109,0,equal,30894080,5184608,0,98734848,,,,,320,530,used,,,,20260910-0005
2026-09-10 07:41:02,HAUSP-UB[noEUCS],LEVIATHAN,41,2,0.003000,0.000,0.020,11905541,4914,0,1281,1282,0,42,9,6068183,7551,6041224,1729,0.000000,0.363668,0.376269,6148,0,199.54,6067019,6066974,728,8234,SUCCESS,25025,0,equal,31106048,5296448,0,100570752,,,,,321,526,used,,,,20260910-0005
2026-09-10 07:41:04,HAUSP-UB[noEUCS],LEVIATHAN,42,2,0.003000,0.000,0.020,12225515,5031,0,1355,1355,0,43,10,6278115,7653,6250499,1728,0.000000,0.363989,0.376572,6277,0,207.94,6277011,6276919,775,8331,SUCCESS,25681,0,equal,32713216,5440960,0,105484032,,,,,316,523,used,,,,20260910-0005
2026-09-10 07:41:05,HAUSP-UB[noEUCS],LEVIATHAN,43,2,0.003000,0.000,0.020,12500418,5148,0,1403,1404,0,44,10,6396711,7754,6368592,1833,0.000000,0.364969,0.377721,6363,0,209.31,6395595,6395488,785,8435,SUCCESS,26067,0,equal,33492992,5570336,0,110689152,,,,,320,539,used,,,,20260910-0005
2026-09-10 07:41:06,HAUSP-UB[noEUCS],LEVIATHAN,44,2,0.003000,0.000,0.020,12753841,5265,0,1429,1429,0,44,10,6392884,7816,6364896,1773,0.000000,0.364060,0.376852,6309,0,216.36,6391722,6391652,751,8501,SUCCESS,25998,0,equal,33767424,5685088,0,114059008,,,,,326,543,used,,,,20260910-0005
2026-09-10 07:41:08,HAUSP-UB[noEUCS],LEVIATHAN,45,2,0.003000,0.000,0.020,13038636,5382,0,1465,1465,0,44,10,6444201,7900,6416114,1815,0.000000,0.363111,0.375863,6288,0,224.38,6443050,6442970,765,8583,SUCCESS,26046,0,equal,35844096,5822336,0,118206976,,,,,324,550,used,,,,20260910-0005
2026-09-10 07:41:09,HAUSP-UB[noEUCS],LEVIATHAN,46,2,0.003000,0.000,0.020,13346772,5499,0,1498,1498,0,44,10,6475226,8065,6447049,1821,0.000000,0.363225,0.375958,6322,0,232.81,6474148,6473989,842,8745,SUCCESS,26119,0,equal,34742272,5949824,0,126535040,,,,,323,560,used,,,,20260910-0005
2026-09-10 07:41:11,HAUSP-UB[noEUCS],LEVIATHAN,47,2,0.003000,0.000,0.020,13632288,5616,0,1538,1538,0,45,10,6553445,8151,6525039,1837,0.000000,0.364849,0.377633,6418,0,235.68,6552294,6552196,778,8837,SUCCESS,26343,0,equal,31590400,6078720,0,131091584,,,,,331,557,used,,,,20260910-0005
2026-09-10 07:41:13,HAUSP-UB[noEUCS],LEVIATHAN,48,2,0.003000,0.000,0.020,13922343,5733,0,1574,1574,0,45,10,6544264,8246,6515799,1809,0.000000,0.366638,0.379441,6475,0,241.78,6543115,6543018,783,8933,SUCCESS,26431,0,equal,35995648,6199488,0,136369024,,,,,333,558,used,,,,20260910-0005
2026-09-10 07:41:14,HAUSP-UB[noEUCS],LEVIATHAN,49,2,0.003000,0.000,0.020,14156241,5834,0,1607,1608,0,45,10,6599011,8336,6570516,1777,0.000000,0.366961,0.379732,6511,0,250.56,6597855,6597761,781,9025,SUCCESS,26495,0,equal,38027264,6312032,0,141307136,,,,,336,559,used,,,,20260910-0005
2026-09-10 07:43:32,HAUSP-UB[noEUCS],LEVIATHAN,0,0,0.003000,0.000,0.010,140884,58,0,136982,136982,0,23235,41544,409660662,37,300851119,53443921,0.000000,0.929274,0.929352,100541928,0,34.34,409660667,409658945,1722,596,SUCCESS,108443076,0,equal,307072,61120,0,92288,,,,,53077486,32,used,,,,20260910-0005
2026-09-10 07:43:32,HAUSP-UB[noEUCS],LEVIATHAN,1,0,0.003000,0.000,0.010,292530,116,0,317,317,0,70,49,4490573,120,4342872,20257,0.000000,0.210039,0.215534,9242,0,37.57,4490012,4490012,1019,961,SUCCESS,128076,0,equal,550400,129568,0,267264,,,,,717,85,used,,,,20260910-0005
2026-09-10 07:43:32,HAUSP-UB[noEUCS],LEVIATHAN,2,0,0.003000,0.000,0.010,443274,174,0,110,110,0,21,13,1685868,366,1647193,3638,0.000000,0.316837,0.326767,6218,0,42.08,1685009,1684754,1016,1255,SUCCESS,35338,0,equal,812032,195168,0,534272,,,,,565,264,used,,,,20260910-0005
2026-09-10 07:43:32,HAUSP-UB[noEUCS],LEVIATHAN,3,0,0.003000,0.000,0.010,575929,232,0,92,92,0,16,9,1492787,570,1466814,1823,0.000000,0.298636,0.308650,3852,0,45.79,1491729,1491461,990,1488,SUCCESS,24245,0,equal,1063040,253696,0,885376,,,,,468,373,used,,,,20260910-0005
2026-09-10 07:43:32,HAUSP-UB[noEUCS],LEVIATHAN,4,0,0.003000,0.000,0.010,738946,290,0,98,98,0,15,8,1532913,869,1509232,1717,0.000000,0.315632,0.327175,4092,0,47.07,1531774,1531611,920,1699,SUCCESS,21849,0,equal,1266048,321056,0,1257088,,,,,405,520,used,,,,20260910-0005
2026-09-10 07:43:32,HAUSP-UB[noEUCS],LEVIATHAN,5,0,0.003000,0.000,0.010,872278,348,0,110,110,0,17,7,1548875,1110,1527132,1589,0.000000,0.316878,0.328550,3828,0,48.35,1547685,1547495,899,1896,SUCCESS,19918,0,equal,1313408,381888,0,1699328,,,,,365,601,used,,,,20260910-0005
2026-09-10 07:43:33,HAUSP-UB[noEUCS],LEVIATHAN,6,0,0.003000,0.000,0.010,984885,406,0,112,112,0,17,6,1494605,1275,1474734,1432,0.000000,0.320108,0.331790,3650,0,49.64,1493379,1493227,854,2050,SUCCESS,18208,0,equal,1576960,426944,0,2070784,,,,,374,605,used,,,,20260910-0005
2026-09-10 07:43:33,HAUSP-UB[noEUCS],LEVIATHAN,7,0,0.003000,0.000,0.010,1107925,464,0,116,116,0,17,6,1519197,1464,1500166,1407,0.000000,0.327982,0.340510,3739,0,50.92,1518002,1517885,817,2199,SUCCESS,17365,0,equal,1772672,479616,0,2485376,,,,,350,609,used,,,,20260910-0005
2026-09-10 07:43:33,HAUSP-UB[noEUCS],LEVIATHAN,8,0,0.003000,0.000,0.010,1273477,522,0,125,125,0,17,6,1602229,1612,1583779,1333,0.000000,0.339139,0.351439,3624,0,52.20,1601056,1600938,786,2335,SUCCESS,16894,0,equal,2166400,543136,0,2886144,,,,,363,586,used,,,,20260910-0005
2026-09-10 07:43:33,HAUSP-UB[noEUCS],LEVIATHAN,9,0,0.003000,0.000,0.010,1394174,580,0,125,125,0,16,6,1604429,1768,1586964,1237,0.000000,0.339786,0.351829,3574,0,54.13,1603299,1603136,813,2492,SUCCESS,16026,0,equal,2391296,594464,0,3513216,,,,,361,563,used,,,,20260910-0005
2026-09-10 07:43:33,HAUSP-UB[noEUCS],LEVIATHAN,10,0,0.003000,0.000,0.010,1517342,638,0,123,123,0,15,5,1585675,1968,1569258,1140,0.000000,0.337418,0.349192,3490,0,56.06,1584623,1584396,883,2707,SUCCESS,15110,0,equal,2533248,654464,0,4330112,,,,,361,528,used,,,,20260910-0005
2026-09-10 07:43:33,HAUSP-UB[noEUCS],LEVIATHAN,11,0,0.003000,0.000,0.010,1723230,696,0,115,115,0,13,5,1437934,2127,1423360,1042,0.000000,0.343011,0.354977,3167,0,58.02,1436814,1436722,760,2831,SUCCESS,13342,0,equal,2852864,708256,0,4928128,,,,,350,540,used,,,,20260910-0005
2026-09-10 07:43:33,HAUSP-UB[noEUCS],LEVIATHAN,12,0,0.003000,0.000,0.010,1846359,754,0,114,114,0,12,4,1391192,2278,1377368,998,0.000000,0.342518,0.354278,3094,0,60.49,1390109,1389953,792,2985,SUCCESS,12666,0,equal,3091200,756256,0,5699712,,,,,370,530,used,,,,20260910-0005
2026-09-10 07:43:33,HAUSP-UB[noEUCS],LEVIATHAN,13,0,0.003000,0.000,0.010,1966302,812,0,119,119,0,12,4,1440611,2478,1426823,958,0.000000,0.342371,0.354009,3108,0,61.77,1439540,1439344,834,3180,SUCCESS,12632,0,equal,2724864,813728,0,6742144,,,,,366,564,used,,,,20260910-0005
2026-09-10 07:43:34,HAUSP-UB[noEUCS],LEVIATHAN,14,0,0.003000,0.000,0.010,2129564,870,0,163,164,0,17,6,1852959,2600,1836040,1224,0.000000,0.348622,0.360967,3713,0,49.40,1851831,1851668,802,3322,SUCCESS,15520,0,equal,3614080,882272,0,7560192,,,,,373,548,used,,,,20260910-0005
2026-09-10 07:43:34,HAUSP-UB[noEUCS],LEVIATHAN,15,0,0.003000,0.000,0.010,2291327,928,0,197,197,0,21,6,2133971,2809,2115501,1310,0.000000,0.352426,0.364554,4094,0,52.52,2132909,2132665,904,3545,SUCCESS,16987,0,equal,3924736,949184,0,8854144,,,,,376,549,used,,,,20260910-0005
2026-09-10 07:43:34,HAUSP-UB[noEUCS],LEVIATHAN,16,0,0.003000,0.000,0.010,2443861,986,0,218,218,0,22,6,2347905,2985,2328019,1498,0.000000,0.361908,0.375174,4538,0,55.66,2346769,2346558,892,3735,SUCCESS,18207,0,equal,4299776,1017600,0,10043264,,,,,395,576,used,,,,20260910-0005
2026-09-10 07:43:34,HAUSP-UB[noEUCS],LEVIATHAN,17,0,0.003000,0.000,0.010,2560377,1044,0,223,223,0,22,6,2368524,3103,2348861,1399,0.000000,0.364161,0.376967,4566,0,58.44,2367307,2367200,809,3844,SUCCESS,18071,0,equal,4822016,1072256,0,10709120,,,,,392,585,used,,,,20260910-0005
2026-09-10 07:43:34,HAUSP-UB[noEUCS],LEVIATHAN,18,0,0.003000,0.000,0.010,2689702,1102,0,225,225,0,21,6,2369080,3221,2349982,1298,0.000000,0.365609,0.378229,4547,0,60.94,2367886,2367796,790,3947,SUCCESS,17608,0,equal,5349888,1129056,0,11393792,,,,,379,571,used,,,,20260910-0005
2026-09-10 07:43:35,HAUSP-UB[noEUCS],LEVIATHAN,19,0,0.003000,0.000,0.010,2812166,1160,0,227,227,0,21,6,2336917,3314,2318384,1241,0.000000,0.365720,0.378353,4434,0,61.57,2335690,2335634,743,4019,SUCCESS,17056,0,equal,5042432,1181920,0,11975040,,,,,358,594,used,,,,20260910-0005
2026-09-10 07:43:35,HAUSP-UB[noEUCS],LEVIATHAN,20,0,0.003000,0.000,0.010,2971387,1218,0,240,240,0,21,6,2488080,3445,2468916,1272,0.000000,0.362321,0.374802,4480,0,57.96,2486907,2486793,785,4137,SUCCESS,17637,0,equal,5832960,1249408,0,13091072,,,,,344,599,used,,,,20260910-0005
2026-09-10 07:43:35,HAUSP-UB[noEUCS],LEVIATHAN,21,0,0.003000,0.000,0.010,3090737,1276,0,250,250,0,22,6,2567062,3530,2547858,1208,0.000000,0.360608,0.372924,4500,0,59.88,2565864,2565795,736,4214,SUCCESS,17742,0,equal,6145024,1302816,0,13767296,,,,,337,591,used,,,,20260910-0005
2026-09-10 07:43:35,HAUSP-UB[noEUCS],LEVIATHAN,22,0,0.003000,0.000,0.010,3211974,1334,0,247,248,0,21,6,2492303,3625,2473811,1225,0.000000,0.359669,0.371891,4351,0,62.53,2491133,2491048,744,4301,SUCCESS,17015,0,equal,6552576,1356288,0,14584832,,,,,329,581,used,,,,20260910-0005
2026-09-10 07:43:36,HAUSP-UB[noEUCS],LEVIATHAN,23,0,0.003000,0.000,0.010,3358252,1392,0,274,274,0,22,6,2713330,3715,2693763,1251,0.000000,0.361543,0.373541,4553,0,65.12,2712165,2712060,762,4398,SUCCESS,18075,0,equal,6704256,1427392,0,15682560,,,,,338,579,used,,,,20260910-0005
2026-09-10 07:43:36,HAUSP-UB[noEUCS],LEVIATHAN,24,0,0.003000,0.000,0.010,3521134,1450,0,302,303,0,24,7,2953710,3816,2932885,1350,0.000000,0.362958,0.375073,4836,0,68.27,2952547,2952446,766,4497,SUCCESS,19226,0,equal,7248896,1498496,0,16678144,,,,,332,581,used,,,,20260910-0005
2026-09-10 07:43:36,HAUSP-UB[noEUCS],LEVIATHAN,25,0,0.003000,0.000,0.010,3685554,1508,0,320,320,0,25,7,3028635,3929,3007877,1299,0.000000,0.363799,0.375556,4862,0,69.98,3027498,3027380,785,4612,SUCCESS,19229,0,equal,6795264,1568448,0,17972864,,,,,339,569,used,,,,20260910-0005
2026-09-10 07:43:37,HAUSP-UB[noEUCS],LEVIATHAN,26,0,0.003000,0.000,0.010,3837361,1566,0,348,348,0,27,7,3213429,4017,3191864,1347,0.000000,0.362034,0.373478,5021,0,68.39,3212258,3212174,754,4697,SUCCESS,19970,0,equal,7822848,1642272,0,19008768,,,,,328,576,used,,,,20260910-0005
2026-09-10 07:43:37,HAUSP-UB[noEUCS],LEVIATHAN,27,0,0.003000,0.000,0.010,3957228,1624,0,348,348,0,26,7,3165315,4106,3144335,1261,0.000000,0.361890,0.373315,4891,0,71.04,3164132,3164080,721,4766,SUCCESS,19428,0,equal,8217728,1694976,0,19868416,,,,,301,592,used,,,,20260910-0005
2026-09-10 07:43:37,HAUSP-UB[noEUCS],LEVIATHAN,28,0,0.003000,0.000,0.010,4098449,1682,0,355,356,0,26,7,3222833,4208,3201780,1318,0.000000,0.359013,0.370729,4839,0,74.60,3221686,3221570,768,4876,SUCCESS,19449,0,equal,8669184,1754528,0,21241856,,,,,303,589,used,,,,20260910-0005
2026-09-10 07:43:38,HAUSP-UB[noEUCS],LEVIATHAN,29,0,0.003000,0.000,0.010,4248969,1740,0,378,379,0,27,7,3380974,4283,3359363,1356,0.000000,0.358289,0.370350,4932,0,77.49,3379786,3379715,729,4949,SUCCESS,19966,0,equal,9039616,1824800,0,22250496,,,,,306,595,used,,,,20260910-0005
2026-09-10 07:43:38,HAUSP-UB[noEUCS],LEVIATHAN,30,0,0.003000,0.000,0.010,4381959,1798,0,383,383,0,27,7,3347744,4350,3326413,1403,0.000000,0.357842,0.369909,4860,0,80.18,3346547,3346483,720,5013,SUCCESS,19645,0,equal,9406976,1883936,0,23201408,,,,,315,598,used,,,,20260910-0005
2026-09-10 07:43:39,HAUSP-UB[noEUCS],LEVIATHAN,31,0,0.003000,0.000,0.010,4524983,1856,0,417,418,0,28,8,3618672,4438,3596131,1387,0.000000,0.359930,0.371964,5129,0,80.44,3617498,3617408,746,5102,SUCCESS,20873,0,equal,8101888,1953120,0,24589440,,,,,318,599,used,,,,20260910-0005
2026-09-10 07:43:39,HAUSP-UB[noEUCS],LEVIATHAN,32,0,0.003000,0.000,0.010,4669531,1914,0,434,434,0,29,8,3689180,4525,3666282,1378,0.000000,0.366765,0.378912,5344,0,80.02,3688009,3687917,749,5191,SUCCESS,21242,0,equal,10151040,2017216,0,25914880,,,,,316,594,used,,,,20260910-0005
2026-09-10 07:43:39,HAUSP-UB[noEUCS],LEVIATHAN,33,0,0.003000,0.000,0.010,4804509,1972,0,433,433,0,28,7,3630961,4608,3608594,1399,0.000000,0.365187,0.377304,5238,0,83.79,3629791,3629705,746,5275,SUCCESS,20704,0,equal,10653696,2077824,0,27282048,,,,,323,587,used,,,,20260910-0005
2026-09-10 07:43:40,HAUSP-UB[noEUCS],LEVIATHAN,34,0,0.003000,0.000,0.010,4985068,2030,0,469,469,0,29,8,3865577,4717,3842096,1496,0.000000,0.367069,0.379481,5515,0,88.20,3864430,3864308,784,5389,SUCCESS,21719,0,equal,10940416,2154080,0,29207424,,,,,323,589,used,,,,20260910-0005
2026-09-10 07:43:40,HAUSP-UB[noEUCS],LEVIATHAN,35,0,0.003000,0.000,0.010,5155954,2088,0,512,512,0,31,8,4132520,4816,4107912,1479,0.000000,0.368569,0.380794,5738,0,88.56,4131366,4131247,789,5498,SUCCESS,22883,0,equal,9152512,2231872,0,31079936,,,,,335,581,used,,,,20260910-0005
2026-09-10 07:43:41,HAUSP-UB[noEUCS],LEVIATHAN,36,0,0.003000,0.000,0.010,5307099,2146,0,522,523,0,31,8,4152943,4855,4128420,1471,0.000000,0.367074,0.379312,5718,0,89.53,4151725,4151694,711,5533,SUCCESS,22807,0,equal,12155392,2293120,0,31943680,,,,,330,575,used,,,,20260910-0005
2026-09-10 07:43:41,HAUSP-UB[noEUCS],LEVIATHAN,37,0,0.003000,0.000,0.010,5464493,2204,0,543,543,0,32,8,4259950,4922,4235082,1517,0.000000,0.369087,0.381440,5857,0,93.24,4258771,4258707,740,5599,SUCCESS,23109,0,equal,12663680,2361440,0,33266816,,,,,326,568,used,,,,20260910-0005
2026-09-10 07:43:42,HAUSP-UB[noEUCS],LEVIATHAN,38,0,0.003000,0.000,0.010,5611048,2262,0,568,568,0,33,9,4400585,4984,4375047,1641,0.000000,0.371454,0.384166,6066,0,96.85,4399416,4399359,731,5658,SUCCESS,23667,0,equal,13209600,2422848,0,34532992,,,,,324,554,used,,,,20260910-0005
2026-09-10 07:43:43,HAUSP-UB[noEUCS],LEVIATHAN,39,0,0.003000,0.000,0.010,5722736,2320,0,571,571,0,32,9,4387269,5048,4362000,1616,0.000000,0.369709,0.382486,5974,0,97.87,4386113,4386050,735,5722,SUCCESS,23432,0,equal,12565376,2476512,0,35708928,,,,,325,546,used,,,,20260910-0005
2026-09-10 07:43:43,HAUSP-UB[noEUCS],LEVIATHAN,40,0,0.003000,0.000,0.010,5849842,2378,0,575,575,0,32,8,4336280,5106,4311378,1609,0.000000,0.369001,0.381823,5881,0,98.18,4335122,4335074,719,5775,SUCCESS,23068,0,equal,14178304,2529984,0,36840576,,,,,317,542,used,,,,20260910-0005
2026-09-10 07:43:44,HAUSP-UB[noEUCS],LEVIATHAN,41,0,0.003000,0.000,0.010,6001306,2436,0,601,601,0,33,9,4478939,5180,4453668,1623,0.000000,0.367889,0.380531,5935,0,101.51,4477810,4477744,732,5845,SUCCESS,23434,0,equal,14444928,2598176,0,38227328,,,,,320,534,used,,,,20260910-0005
2026-09-10 07:43:44,HAUSP-UB[noEUCS],LEVIATHAN,42,0,0.003000,0.000,0.010,6135031,2494,0,618,619,0,33,9,4533601,5268,4508238,1586,0.000000,0.368983,0.381572,5954,0,105.80,4532490,4532414,738,5927,SUCCESS,23552,0,equal,14850048,2659616,0,39974528,,,,,309,534,used,,,,20260910-0005
2026-09-10 07:43:45,HAUSP-UB[noEUCS],LEVIATHAN,43,0,0.003000,0.000,0.010,6270359,2552,0,632,632,0,33,9,4583659,5323,4558270,1534,0.000000,0.368841,0.381499,5950,0,109.00,4582508,4582467,697,5975,SUCCESS,23605,0,equal,15241216,2718112,0,41184256,,,,,297,547,used,,,,20260910-0005
2026-09-10 07:43:46,HAUSP-UB[noEUCS],LEVIATHAN,44,0,0.003000,0.000,0.010,6419649,2610,0,653,653,0,34,9,4672829,5388,4647093,1585,0.000000,0.368725,0.381326,6057,0,105.72,4671699,4671622,726,6046,SUCCESS,23911,0,equal,15833088,2784320,0,42850176,,,,,303,543,used,,,,20260910-0005
2026-09-10 07:43:46,HAUSP-UB[noEUCS],LEVIATHAN,45,0,0.003000,0.000,0.010,6573203,2668,0,671,672,0,34,9,4707235,5463,4681477,1547,0.000000,0.368348,0.380816,6043,0,110.41,4706108,4706035,728,6120,SUCCESS,23970,0,equal,16402432,2855904,0,44647552,,,,,303,544,used,,,,20260910-0005
2026-09-10 07:43:47,HAUSP-UB[noEUCS],LEVIATHAN,46,0,0.003000,0.000,0.010,6747675,2726,0,721,721,0,35,9,4951203,5545,4924336,1675,0.000000,0.369231,0.381491,6268,0,115.26,4950085,4949998,741,6205,SUCCESS,24957,0,equal,16678912,2934656,0,46780672,,,,,308,543,used,,,,20260910-0005
2026-09-10 07:43:48,HAUSP-UB[noEUCS],LEVIATHAN,47,0,0.003000,0.000,0.010,6881782,2784,0,740,740,0,36,9,5035091,5607,5007914,1655,0.000000,0.370495,0.382857,6370,0,117.02,5033954,5033886,724,6270,SUCCESS,25292,0,equal,16105472,2995584,0,48285952,,,,,309,539,used,,,,20260910-0005
2026-09-10 07:43:49,HAUSP-UB[noEUCS],LEVIATHAN,48,0,0.003000,0.000,0.010,7050586,2842,0,777,777,0,37,10,5220585,5672,5192604,1756,0.000000,0.370090,0.382549,6483,0,118.95,5219436,5219377,718,6332,SUCCESS,25978,0,equal,17846272,3064512,0,50067328,,,,,304,551,used,,,,20260910-0005
2026-09-10 07:43:49,HAUSP-UB[noEUCS],LEVIATHAN,49,0,0.003000,0.000,0.010,7165350,2900,0,778,778,0,37,9,5168190,5747,5140605,1750,0.000000,0.369988,0.382485,6393,0,123.63,5167063,5166988,731,6407,SUCCESS,25600,0,equal,18079744,3119360,0,52165504,,,,,307,542,used,,,,20260910-0005
2026-09-10 07:43:50,HAUSP-UB[noEUCS],LEVIATHAN,50,0,0.003000,0.000,0.010,7276819,2958,0,777,777,0,36,9,5098433,5790,5071389,1659,0.000000,0.369853,0.382337,6295,0,127.67,5097279,5097239,696,6448,SUCCESS,25152,0,equal,18940544,3168544,0,53352704,,,,,304,537,used,,,,20260910-0005
2026-09-10 07:43:51,HAUSP-UB[noEUCS],LEVIATHAN,51,0,0.003000,0.000,0.010,7429123,3016,0,785,786,0,36,9,5110944,5849,5084042,1637,0.000000,0.369518,0.382126,6275,0,128.04,5109803,5109736,722,6511,SUCCESS,25030,0,equal,17313792,3237952,0,55153408,,,,,307,542,used,,,,20260910-0005
2026-09-10 07:43:52,HAUSP-UB[noEUCS],LEVIATHAN,52,0,0.003000,0.000,0.010,7606906,3074,0,801,801,0,36,9,5136163,5974,5109332,1638,0.000000,0.369605,0.382106,6258,0,133.45,5135079,5134952,786,6637,SUCCESS,24959,0,equal,19460096,3305536,0,58938624,,,,,313,547,used,,,,20260910-0005
2026-09-10 07:43:53,HAUSP-UB[noEUCS],LEVIATHAN,53,0,0.003000,0.000,0.010,7759586,3132,0,817,817,0,36,9,5147873,6058,5121025,1623,0.000000,0.371239,0.383699,6288,0,137.33,5146753,5146662,751,6725,SUCCESS,25002,0,equal,19113984,3370784,0,61336960,,,,,318,541,used,,,,20260910-0005
2026-09-10 07:43:53,HAUSP-UB[noEUCS],LEVIATHAN,54,0,0.003000,0.000,0.010,7923887,3190,0,828,828,0,36,9,5148669,6125,5122033,1582,0.000000,0.371951,0.384298,6283,0,136.27,5147543,5147477,729,6791,SUCCESS,24847,0,equal,20549632,3438656,0,63480960,,,,,319,526,used,,,,20260910-0005
2026-09-10 07:43:54,HAUSP-UB[noEUCS],LEVIATHAN,55,0,0.003000,0.000,0.010,8066082,3248,0,862,862,0,37,9,5268303,6192,5241219,1659,0.000000,0.371304,0.383464,6324,0,142.35,5267168,5267095,736,6860,SUCCESS,25209,0,equal,21528576,3512576,0,65506688,,,,,320,536,used,,,,20260910-0005
2026-09-10 07:43:55,HAUSP-UB[noEUCS],LEVIATHAN,56,0,0.003000,0.000,0.010,8234224,3306,0,897,897,0,38,10,5412833,6258,5385330,1624,0.000000,0.372081,0.384212,6425,0,144.49,5411701,5411623,745,6932,SUCCESS,25678,0,equal,20099584,3584576,0,68063744,,,,,329,530,used,,,,20260910-0005
2026-09-10 07:43:56,HAUSP-UB[noEUCS],LEVIATHAN,57,0,0.003000,0.000,0.010,8383200,3364,0,914,914,0,38,10,5457983,6330,5430401,1678,0.000000,0.372068,0.384303,6444,0,148.80,5456857,5456781,749,7006,SUCCESS,25706,0,equal,22532096,3647584,0,70638976,,,,,326,524,used,,,,20260910-0005
2026-09-10 07:43:57,HAUSP-UB[noEUCS],LEVIATHAN,58,0,0.003000,0.000,0.010,8500743,3422,0,937,937,0,39,10,5545192,6404,5517301,1748,0.000000,0.372632,0.384829,6511,0,154.60,5544059,5543995,739,7075,SUCCESS,25934,0,equal,22933504,3709152,0,73065472,,,,,322,531,used,,,,20260910-0005
2026-09-10 07:43:58,HAUSP-UB[noEUCS],LEVIATHAN,59,0,0.003000,0.000,0.010,8621639,3480,0,950,950,0,39,10,5569603,6454,5541807,1713,0.000000,0.371347,0.383514,6437,0,154.65,5568445,5568394,721,7125,SUCCESS,25869,0,equal,21024768,3768736,0,74989824,,,,,323,537,used,,,,20260910-0005
2026-09-10 07:43:59,HAUSP-UB[noEUCS],LEVIATHAN,60,0,0.003000,0.000,0.010,8774717,3538,0,962,962,0,39,9,5559085,6493,5531564,1695,0.000000,0.370075,0.382226,6365,0,159.97,5557926,5557877,720,7169,SUCCESS,25626,0,equal,24662016,3834944,0,76651648,,,,,327,527,used,,,,20260910-0005
2026-09-10 07:44:00,HAUSP-UB[noEUCS],LEVIATHAN,61,0,0.003000,0.000,0.010,8906072,3596,0,971,971,0,39,9,5561228,6549,5533932,1639,0.000000,0.368976,0.381026,6305,0,165.22,5560087,5560027,736,7227,SUCCESS,25465,0,equal,25161728,3903552,0,78873728,,,,,329,521,used,,,,20260910-0005
2026-09-10 07:44:01,HAUSP-UB[noEUCS],LEVIATHAN,62,0,0.003000,0.000,0.010,9067386,3654,0,1011,1011,0,40,10,5746877,6646,5718891,1687,0.000000,0.371088,0.383435,6484,0,165.59,5745767,5745670,775,7324,SUCCESS,26097,0,equal,21635072,3973344,0,82464640,,,,,327,529,used,,,,20260910-0005
2026-09-10 07:44:02,HAUSP-UB[noEUCS],LEVIATHAN,63,0,0.003000,0.000,0.010,9191788,3712,0,1022,1022,0,40,10,5730501,6699,5702667,1680,0.000000,0.370835,0.383231,6446,0,171.36,5729341,5729282,737,7380,SUCCESS,25949,0,equal,25866624,4031328,0,84691712,,,,,330,535,used,,,,20260910-0005
2026-09-10 07:44:03,HAUSP-UB[noEUCS],LEVIATHAN,64,0,0.003000,0.000,0.010,9348260,3770,0,1028,1028,0,40,9,5700747,6772,5673197,1640,0.000000,0.369913,0.382192,6360,0,175.89,5699595,5699540,736,7444,SUCCESS,25686,0,equal,25962496,4097408,0,86988416,,,,,320,544,used,,,,20260910-0005
2026-09-10 07:44:04,HAUSP-UB[noEUCS],LEVIATHAN,65,0,0.003000,0.000,0.010,9476236,3828,0,1030,1030,0,39,9,5667568,6809,5640283,1618,0.000000,0.369794,0.382035,6301,0,177.51,5666385,5666342,715,7484,SUCCESS,25442,0,equal,27082752,4157184,0,88913280,,,,,323,548,used,,,,20260910-0005
2026-09-10 07:44:05,HAUSP-UB[noEUCS],LEVIATHAN,66,0,0.003000,0.000,0.010,9632446,3886,0,1048,1049,0,40,9,5719183,6870,5691857,1625,0.000000,0.370947,0.383232,6376,0,183.31,5718021,5717964,732,7543,SUCCESS,25472,0,equal,27394048,4222720,0,91524480,,,,,319,548,used,,,,20260910-0005
2026-09-10 07:44:06,HAUSP-UB[noEUCS],LEVIATHAN,67,0,0.003000,0.000,0.010,9781241,3944,0,1066,1066,0,40,9,5780132,6902,5752753,1657,0.000000,0.370449,0.383029,6383,0,187.27,5778939,5778905,707,7576,SUCCESS,25488,0,equal,28016640,4289440,0,92940160,,,,,318,552,used,,,,20260910-0005
2026-09-10 07:44:07,HAUSP-UB[noEUCS],LEVIATHAN,68,0,0.003000,0.000,0.010,9912185,4002,0,1078,1078,0,40,9,5798882,6941,5771516,1661,0.000000,0.369523,0.382115,6363,0,187.11,5797691,5797648,717,7617,SUCCESS,25467,0,equal,29368320,4348896,0,94481024,,,,,318,556,used,,,,20260910-0005
2026-09-10 07:44:08,HAUSP-UB[noEUCS],LEVIATHAN,69,0,0.003000,0.000,0.010,10050067,4060,0,1101,1101,0,41,10,5857255,6992,5829722,1708,0.000000,0.369026,0.381583,6360,0,192.87,5856067,5856018,725,7667,SUCCESS,25581,0,equal,29896704,4417184,0,96833792,,,,,319,563,used,,,,20260910-0005
2026-09-10 07:44:09,HAUSP-UB[noEUCS],LEVIATHAN,70,0,0.003000,0.000,0.010,10174451,4118,0,1111,1111,0,41,9,5845105,7043,5817610,1764,0.000000,0.368177,0.380848,6326,0,196.65,5843926,5843879,722,7716,SUCCESS,25491,0,equal,29696000,4476192,0,99073920,,,,,315,555,used,,,,20260910-0005
2026-09-10 07:44:10,HAUSP-UB[noEUCS],LEVIATHAN,71,0,0.003000,0.000,0.010,10299994,4176,0,1117,1117,0,40,9,5840550,7075,5813261,1711,0.000000,0.367913,0.380545,6312,0,194.57,5839362,5839325,710,7751,SUCCESS,25349,0,equal,31350784,4533824,0,100692864,,,,,318,547,used,,,,20260910-0005
2026-09-10 07:44:12,HAUSP-UB[noEUCS],LEVIATHAN,72,0,0.003000,0.000,0.010,10456041,4234,0,1155,1156,0,41,10,5997981,7109,5970157,1757,0.000000,0.369321,0.382002,6437,0,199.55,5996796,5996750,721,7791,SUCCESS,25848,0,equal,31863680,4608704,0,102625152,,,,,324,543,used,,,,20260910-0005
2026-09-10 07:44:13,HAUSP-UB[noEUCS],LEVIATHAN,73,0,0.003000,0.000,0.010,10595320,4292,0,1159,1159,0,41,9,5964073,7161,5936522,1745,0.000000,0.369287,0.382009,6384,0,204.50,5962895,5962856,720,7836,SUCCESS,25575,0,equal,32145408,4664800,0,104893568,,,,,317,548,used,,,,20260910-0005
2026-09-10 07:44:14,HAUSP-UB[noEUCS],LEVIATHAN,74,0,0.003000,0.000,0.010,10755343,4350,0,1188,1188,0,42,10,6067999,7225,6040100,1770,0.000000,0.368873,0.381767,6445,0,207.52,6066842,6066768,749,7905,SUCCESS,25901,0,equal,32260096,4736864,0,108244608,,,,,318,546,used,,,,20260910-0005
2026-09-10 07:44:15,HAUSP-UB[noEUCS],LEVIATHAN,75,0,0.003000,0.000,0.010,10889796,4408,0,1204,1205,0,42,10,6065642,7276,6037799,1830,0.000000,0.367696,0.380505,6394,0,213.25,6064462,6064413,729,7955,SUCCESS,25781,0,equal,32961536,4802432,0,110460672,,,,,319,551,used,,,,20260910-0005
2026-09-10 07:44:16,HAUSP-UB[noEUCS],LEVIATHAN,76,0,0.003000,0.000,0.010,11027773,4466,0,1221,1221,0,42,10,6103316,7313,6075428,1812,0.000000,0.368489,0.381210,6418,0,216.68,6102133,6102083,729,7999,SUCCESS,25861,0,equal,32548864,4863968,0,112627456,,,,,326,541,used,,,,20260910-0005
2026-09-10 07:44:18,HAUSP-UB[noEUCS],LEVIATHAN,77,0,0.003000,0.000,0.010,11153517,4524,0,1231,1231,0,42,10,6108110,7348,6080360,1781,0.000000,0.367914,0.380593,6402,0,219.96,6106926,6106881,730,8039,SUCCESS,25766,0,equal,35069952,4921952,0,114767360,,,,,330,533,used,,,,20260910-0005
2026-09-10 07:44:19,HAUSP-UB[noEUCS],LEVIATHAN,78,0,0.003000,0.000,0.010,11257346,4582,0,1237,1238,0,42,10,6090001,7379,6062394,1764,0.000000,0.366819,0.379506,6359,0,224.47,6088809,6088782,717,8068,SUCCESS,25637,0,equal,35975680,4975520,0,116082176,,,,,326,532,used,,,,20260910-0005
2026-09-10 07:44:20,HAUSP-UB[noEUCS],LEVIATHAN,79,0,0.003000,0.000,0.010,11357050,4640,0,1239,1239,0,42,10,6069856,7409,6042452,1732,0.000000,0.366119,0.378741,6295,0,226.80,6068666,6068640,714,8096,SUCCESS,25466,0,equal,35667968,5027488,0,117650560,,,,,325,531,used,,,,20260910-0005
2026-09-10 07:44:21,HAUSP-UB[noEUCS],LEVIATHAN,80,0,0.003000,0.000,0.010,11479776,4698,0,1252,1252,0,42,9,6096702,7450,6069249,1775,0.000000,0.365429,0.377967,6283,0,223.82,6095528,6095491,723,8135,SUCCESS,25474,0,equal,37658624,5085728,0,119790848,,,,,324,528,used,,,,20260910-0005
2026-09-10 07:44:23,HAUSP-UB[noEUCS],LEVIATHAN,81,0,0.003000,0.000,0.010,11581840,4756,0,1256,1257,0,42,9,6059520,7480,6032330,1685,0.000000,0.364537,0.377044,6216,0,228.27,6058336,6058312,708,8162,SUCCESS,25298,0,equal,38244608,5142400,0,121342848,,,,,322,529,used,,,,20260910-0005
2026-09-10 07:44:24,HAUSP-UB[noEUCS],LEVIATHAN,82,0,0.003000,0.000,0.010,11708049,4814,0,1272,1272,0,42,9,6101794,7516,6074527,1790,0.000000,0.363586,0.376213,6204,0,230.85,6100622,6100581,722,8200,SUCCESS,25272,0,equal,37381120,5205344,0,123634944,,,,,321,526,used,,,,20260910-0005
2026-09-10 07:44:25,HAUSP-UB[noEUCS],LEVIATHAN,83,0,0.003000,0.000,0.010,11819708,4872,0,1275,1275,0,41,9,6071077,7531,6043960,1754,0.000000,0.364268,0.376921,6193,0,232.54,6069882,6069869,697,8214,SUCCESS,25158,0,equal,38984192,5256960,0,124574592,,,,,321,526,used,,,,20260910-0005
2026-09-10 07:44:26,HAUSP-UB[noEUCS],LEVIATHAN,84,0,0.003000,0.000,0.010,11937508,4930,0,1284,1284,0,42,9,6084915,7556,6057959,1700,0.000000,0.363816,0.376395,6147,0,236.08,6083730,6083709,704,8237,SUCCESS,25048,0,equal,39442944,5311776,0,125872896,,,,,319,527,used,,,,20260910-0005
2026-09-10 07:44:28,HAUSP-UB[noEUCS],LEVIATHAN,85,0,0.003000,0.000,0.010,12094813,4988,0,1322,1322,0,42,9,6199085,7608,6171747,1732,0.000000,0.363834,0.376330,6231,0,241.43,6197924,6197886,719,8282,SUCCESS,25386,0,equal,39657472,5383552,0,128376064,,,,,312,532,used,,,,20260910-0005
2026-09-10 07:44:29,HAUSP-UB[noEUCS],LEVIATHAN,86,0,0.003000,0.000,0.010,12271680,5046,0,1367,1368,0,43,10,6346098,7675,6318157,1770,0.000000,0.364940,0.377666,6364,0,244.75,6344967,6344888,753,8355,SUCCESS,25965,0,equal,38948864,5459168,0,132892032,,,,,318,524,used,,,,20260910-0005
2026-09-10 07:44:31,HAUSP-UB[noEUCS],LEVIATHAN,87,0,0.003000,0.000,0.010,12401148,5104,0,1395,1395,0,44,10,6394787,7735,6366635,1801,0.000000,0.365606,0.378343,6378,0,252.17,6393629,6393573,736,8413,SUCCESS,26130,0,equal,39067648,5525408,0,136569728,,,,,317,538,used,,,,20260910-0005
2026-09-10 07:44:32,HAUSP-UB[noEUCS],LEVIATHAN,88,0,0.003000,0.000,0.010,12530900,5162,0,1413,1414,0,44,10,6416079,7764,6387898,1819,0.000000,0.364511,0.377241,6356,0,255.12,6414891,6414856,713,8445,SUCCESS,26143,0,equal,38265856,5586944,0,138967296,,,,,320,539,used,,,,20260910-0005
2026-09-10 07:44:33,HAUSP-UB[noEUCS],LEVIATHAN,89,0,0.003000,0.000,0.010,12649430,5220,0,1420,1420,0,43,10,6394209,7786,6366163,1791,0.000000,0.364012,0.376719,6319,0,251.55,6393012,6392982,711,8471,SUCCESS,26041,0,equal,41197568,5639648,0,140613504,,,,,324,538,used,,,,20260910-0005
2026-09-10 07:44:35,HAUSP-UB[noEUCS],LEVIATHAN,90,0,0.003000,0.000,0.010,12792913,5278,0,1433,1434,0,44,10,6395834,7824,6367796,1799,0.000000,0.364110,0.376937,6311,0,257.96,6394638,6394600,723,8509,SUCCESS,26014,0,equal,42090496,5703552,0,142913280,,,,,324,549,used,,,,20260910-0005
2026-09-10 07:44:36,HAUSP-UB[noEUCS],LEVIATHAN,91,0,0.003000,0.000,0.010,12927565,5336,0,1443,1443,0,44,10,6394775,7870,6366793,1820,0.000000,0.363991,0.376783,6302,0,261.81,6393586,6393546,725,8552,SUCCESS,25935,0,equal,42793728,5763776,0,145315328,,,,,323,550,used,,,,20260910-0005
2026-09-10 07:44:38,HAUSP-UB[noEUCS],LEVIATHAN,92,0,0.003000,0.000,0.010,13065418,5394,0,1464,1465,0,44,10,6434908,7905,6406886,1798,0.000000,0.362919,0.375657,6277,0,267.47,6433712,6433671,723,8590,SUCCESS,26000,0,equal,43759616,5833632,0,147307392,,,,,325,549,used,,,,20260910-0005
2026-09-10 07:44:39,HAUSP-UB[noEUCS],LEVIATHAN,93,0,0.003000,0.000,0.010,13220792,5452,0,1481,1482,0,44,10,6446152,8013,6418082,1781,0.000000,0.363139,0.375876,6288,0,273.45,6445013,6444909,789,8696,SUCCESS,26051,0,equal,41429760,5898400,0,154683264,,,,,324,562,used,,,,20260910-0005
2026-09-10 07:44:41,HAUSP-UB[noEUCS],LEVIATHAN,94,0,0.003000,0.000,0.010,13372324,5510,0,1499,1499,0,44,10,6465389,8073,6437276,1822,0.000000,0.362981,0.375712,6306,0,280.73,6464203,6464149,737,8753,SUCCESS,26052,0,equal,41390080,5963328,0,158580736,,,,,324,563,used,,,,20260910-0005
2026-09-10 07:44:42,HAUSP-UB[noEUCS],LEVIATHAN,95,0,0.003000,0.000,0.010,13527504,5568,0,1524,1524,0,45,10,6525501,8124,6497193,1825,0.000000,0.364463,0.377197,6390,0,282.93,6524313,6524256,737,8807,SUCCESS,26252,0,equal,38744064,6030656,0,162164224,,,,,328,559,used,,,,20260910-0005
2026-09-10 07:44:44,HAUSP-UB[noEUCS],LEVIATHAN,96,0,0.003000,0.000,0.010,13648981,5626,0,1541,1542,0,45,10,6544055,8154,6515658,1833,0.000000,0.364971,0.377783,6417,0,282.39,6542845,6542809,719,8840,SUCCESS,26338,0,equal,43462656,6086656,0,164346752,,,,,331,557,used,,,,20260910-0005
2026-09-10 07:44:45,HAUSP-UB[noEUCS],LEVIATHAN,97,0,0.003000,0.000,0.010,13813853,5684,0,1583,1583,0,45,10,6640921,8205,6612175,1819,0.000000,0.366619,0.379446,6519,0,287.21,6639729,6639672,743,8894,SUCCESS,26702,0,equal,44138496,6158400,0,167674240,,,,,332,557,used,,,,20260910-0005
2026-09-10 07:44:47,HAUSP-UB[noEUCS],LEVIATHAN,98,0,0.003000,0.000,0.010,13937535,5742,0,1573,1573,0,44,10,6528613,8261,6500210,1794,0.000000,0.366675,0.379476,6460,0,294.91,6527421,6527369,741,8948,SUCCESS,26383,0,equal,44441600,6207360,0,171267968,,,,,333,559,used,,,,20260910-0005
2026-09-10 07:44:49,HAUSP-UB[noEUCS],LEVIATHAN,99,0,0.003000,0.000,0.010,14156241,5834,0,1606,1606,0,45,10,6599011,8336,6570516,1777,0.000000,0.366961,0.379732,6511,0,299.51,6597840,6597761,766,9025,SUCCESS,26495,0,equal,44281856,6312032,0,176057600,,,,,336,559,used,,,,20260910-0005
2026-09-10 07:47:06,HAUSP-UB[noEUCS],LEVIATHAN,0,1,0.003000,0.000,0.010,140884,58,0,136968,136968,0,23220,41536,409660662,37,300851119,53443921,0.000000,0.929274,0.929352,100541928,0,33.84,409660667,409658945,1722,596,SUCCESS,108443076,0,equal,346496,61120,0,92288,,,,,53077486,32,used,,,,20260910-0005
2026-09-10 07:47:06,HAUSP-UB[noEUCS],LEVIATHAN,1,1,0.003000,0.000,0.010,292530,116,0,318,318,0,70,49,4490573,120,4342872,20257,0.000000,0.210039,0.215534,9242,0,37.18,4490012,4490012,1019,961,SUCCESS,128076,0,equal,550400,129568,0,267264,,,,,717,85,used,,,,20260910-0005
2026-09-10 07:47:06,HAUSP-UB[noEUCS],LEVIATHAN,2,1,0.003000,0.000,0.010,443274,174,0,110,110,0,21,13,1685868,366,1647193,3638,0.000000,0.316837,0.326767,6218,0,41.55,1685009,1684754,1016,1255,SUCCESS,35338,0,equal,854528,195168,0,534272,,,,,565,264,used,,,,20260910-0005
2026-09-10 07:47:07,HAUSP-UB[noEUCS],LEVIATHAN,3,1,0.003000,0.000,0.010,575929,232,0,92,93,0,16,9,1492787,570,1466814,1823,0.000000,0.298636,0.308650,3852,0,45.30,1491729,1491461,990,1488,SUCCESS,24245,0,equal,1063040,253696,0,885376,,,,,468,373,used,,,,20260910-0005
2026-09-10 07:47:07,HAUSP-UB[noEUCS],LEVIATHAN,4,1,0.003000,0.000,0.010,738946,290,0,98,99,0,16,8,1532913,869,1509232,1717,0.000000,0.315632,0.327175,4092,0,45.68,1531774,1531611,920,1699,SUCCESS,21849,0,equal,877824,321056,0,1257088,,,,,405,520,used,,,,20260910-0005
2026-09-10 07:47:07,HAUSP-UB[noEUCS],LEVIATHAN,5,1,0.003000,0.000,0.010,872278,348,0,110,110,0,17,7,1548875,1110,1527132,1589,0.000000,0.316878,0.328550,3828,0,40.44,1547685,1547495,899,1896,SUCCESS,19918,0,equal,1471616,381888,0,1699328,,,,,365,601,used,,,,20260910-0005
2026-09-10 07:47:07,HAUSP-UB[noEUCS],LEVIATHAN,6,1,0.003000,0.000,0.010,984885,406,0,112,112,0,17,7,1494605,1275,1474734,1432,0.000000,0.320108,0.331790,3650,0,41.87,1493379,1493227,854,2050,SUCCESS,18208,0,equal,1677312,426944,0,2070784,,,,,374,605,used,,,,20260910-0005
2026-09-10 07:47:07,HAUSP-UB[noEUCS],LEVIATHAN,7,1,0.003000,0.000,0.010,1107925,464,0,116,117,0,17,6,1519197,1464,1500166,1407,0.000000,0.327982,0.340510,3739,0,43.18,1518002,1517885,817,2199,SUCCESS,17365,0,equal,1786496,479616,0,2485376,,,,,350,609,used,,,,20260910-0005
2026-09-10 07:47:07,HAUSP-UB[noEUCS],LEVIATHAN,8,1,0.003000,0.000,0.010,1273477,522,0,125,125,0,17,6,1602229,1612,1583779,1333,0.000000,0.339139,0.351439,3624,0,45.07,1601056,1600938,786,2335,SUCCESS,16894,0,equal,2198656,543136,0,2886144,,,,,363,586,used,,,,20260910-0005
2026-09-10 07:47:07,HAUSP-UB[noEUCS],LEVIATHAN,9,1,0.003000,0.000,0.010,1394174,580,0,125,125,0,16,6,1604429,1768,1586964,1237,0.000000,0.339786,0.351829,3574,0,47.04,1603299,1603136,813,2492,SUCCESS,16026,0,equal,2419968,594464,0,3513216,,,,,361,563,used,,,,20260910-0005
2026-09-10 07:47:07,HAUSP-UB[noEUCS],LEVIATHAN,10,1,0.003000,0.000,0.010,1517342,638,0,123,123,0,15,5,1585675,1968,1569258,1140,0.000000,0.337418,0.349192,3490,0,49.24,1584623,1584396,883,2707,SUCCESS,15110,0,equal,2533248,654464,0,4330112,,,,,361,528,used,,,,20260910-0005
2026-09-10 07:47:08,HAUSP-UB[noEUCS],LEVIATHAN,11,1,0.003000,0.000,0.010,1723230,696,0,116,116,0,13,5,1437934,2127,1423360,1042,0.000000,0.343011,0.354977,3167,0,51.44,1436814,1436722,760,2831,SUCCESS,13342,0,equal,2919424,708256,0,4928128,,,,,350,540,used,,,,20260910-0005
2026-09-10 07:47:08,HAUSP-UB[noEUCS],LEVIATHAN,12,1,0.003000,0.000,0.010,1846359,754,0,114,114,0,12,4,1391192,2278,1377368,998,0.000000,0.342518,0.354278,3094,0,53.73,1390109,1389953,792,2985,SUCCESS,12666,0,equal,3165440,756256,0,5699712,,,,,370,530,used,,,,20260910-0005
2026-09-10 07:47:08,HAUSP-UB[noEUCS],LEVIATHAN,13,1,0.003000,0.000,0.010,1966302,812,0,117,117,0,11,4,1440611,2478,1426823,958,0.000000,0.342371,0.354009,3108,0,53.94,1439540,1439344,834,3180,SUCCESS,12632,0,equal,2141440,813728,0,6742144,,,,,366,564,used,,,,20260910-0005
2026-09-10 07:47:08,HAUSP-UB[noEUCS],LEVIATHAN,14,1,0.003000,0.000,0.010,2129564,870,0,162,163,0,17,5,1852959,2600,1836040,1224,0.000000,0.348622,0.360967,3713,0,50.25,1851831,1851668,802,3322,SUCCESS,15520,0,equal,3614080,882272,0,7560192,,,,,373,548,used,,,,20260910-0005
2026-09-10 07:47:08,HAUSP-UB[noEUCS],LEVIATHAN,15,1,0.003000,0.000,0.010,2291327,928,0,196,196,0,21,6,2133971,2809,2115501,1310,0.000000,0.352426,0.364554,4094,0,53.63,2132909,2132665,904,3545,SUCCESS,16987,0,equal,3924736,949184,0,8854144,,,,,376,549,used,,,,20260910-0005
2026-09-10 07:47:08,HAUSP-UB[noEUCS],LEVIATHAN,16,1,0.003000,0.000,0.010,2443861,986,0,217,217,0,22,7,2347905,2985,2328019,1498,0.000000,0.361908,0.375174,4538,0,56.69,2346769,2346558,892,3735,SUCCESS,18207,0,equal,4193152,1017600,0,10043264,,,,,395,576,used,,,,20260910-0005
2026-09-10 07:47:09,HAUSP-UB[noEUCS],LEVIATHAN,17,1,0.003000,0.000,0.010,2560377,1044,0,222,222,0,22,7,2368524,3103,2348861,1399,0.000000,0.364161,0.376967,4566,0,59.48,2367307,2367200,809,3844,SUCCESS,18071,0,equal,4897280,1072256,0,10709120,,,,,392,585,used,,,,20260910-0005
2026-09-10 07:47:09,HAUSP-UB[noEUCS],LEVIATHAN,18,1,0.003000,0.000,0.010,2689702,1102,0,224,224,0,21,6,2369080,3221,2349982,1298,0.000000,0.365609,0.378229,4547,0,61.66,2367886,2367796,790,3947,SUCCESS,17608,0,equal,5289600,1129056,0,11393792,,,,,379,571,used,,,,20260910-0005
2026-09-10 07:47:09,HAUSP-UB[noEUCS],LEVIATHAN,19,1,0.003000,0.000,0.010,2812166,1160,0,214,214,0,18,6,2336917,3314,2318384,1241,0.000000,0.365720,0.378353,4434,0,54.95,2335690,2335634,743,4019,SUCCESS,17056,0,equal,5716736,1181920,0,11975040,,,,,358,594,used,,,,20260910-0005
2026-09-10 07:47:09,HAUSP-UB[noEUCS],LEVIATHAN,20,1,0.003000,0.000,0.010,2971387,1218,0,232,232,0,19,6,2488080,3445,2468916,1272,0.000000,0.362321,0.374802,4480,0,57.45,2486907,2486793,785,4137,SUCCESS,17637,0,equal,5832960,1249408,0,13091072,,,,,344,599,used,,,,20260910-0005
2026-09-10 07:47:09,HAUSP-UB[noEUCS],LEVIATHAN,21,1,0.003000,0.000,0.010,3090737,1276,0,242,242,0,20,6,2567062,3530,2547858,1208,0.000000,0.360608,0.372924,4500,0,59.65,2565864,2565795,736,4214,SUCCESS,17742,0,equal,6190336,1302816,0,13767296,,,,,337,591,used,,,,20260910-0005
2026-09-10 07:47:10,HAUSP-UB[noEUCS],LEVIATHAN,22,1,0.003000,0.000,0.010,3211974,1334,0,240,241,0,19,6,2492303,3625,2473811,1225,0.000000,0.359669,0.371891,4351,0,61.87,2491133,2491048,744,4301,SUCCESS,17015,0,equal,6471936,1356288,0,14584832,,,,,329,581,used,,,,20260910-0005
2026-09-10 07:47:10,HAUSP-UB[noEUCS],LEVIATHAN,23,1,0.003000,0.000,0.010,3358252,1392,0,267,267,0,20,6,2713330,3715,2693763,1251,0.000000,0.361543,0.373541,4553,0,64.79,2712165,2712060,762,4398,SUCCESS,18075,0,equal,6811648,1427392,0,15682560,,,,,338,579,used,,,,20260910-0005
2026-09-10 07:47:10,HAUSP-UB[noEUCS],LEVIATHAN,24,1,0.003000,0.000,0.010,3521134,1450,0,296,296,0,22,7,2953710,3816,2932885,1350,0.000000,0.362958,0.375073,4836,0,67.60,2952547,2952446,766,4497,SUCCESS,19226,0,equal,7137280,1498496,0,16678144,,,,,332,581,used,,,,20260910-0005
2026-09-10 07:47:11,HAUSP-UB[noEUCS],LEVIATHAN,25,1,0.003000,0.000,0.010,3685554,1508,0,309,309,0,22,7,3028635,3929,3007877,1299,0.000000,0.363799,0.375556,4862,0,68.75,3027498,3027380,785,4612,SUCCESS,19229,0,equal,6413056,1568448,0,17972864,,,,,339,569,used,,,,20260910-0005
2026-09-10 07:47:11,HAUSP-UB[noEUCS],LEVIATHAN,26,1,0.003000,0.000,0.010,3837361,1566,0,335,335,0,24,7,3213429,4017,3191864,1347,0.000000,0.362034,0.373478,5021,0,67.95,3212258,3212174,754,4697,SUCCESS,19970,0,equal,7702144,1642272,0,19008768,,,,,328,576,used,,,,20260910-0005
2026-09-10 07:47:11,HAUSP-UB[noEUCS],LEVIATHAN,27,1,0.003000,0.000,0.010,3957228,1624,0,336,336,0,23,7,3165315,4106,3144335,1261,0.000000,0.361890,0.373315,4891,0,70.85,3164132,3164080,721,4766,SUCCESS,19428,0,equal,8325120,1694976,0,19868416,,,,,301,592,used,,,,20260910-0005
2026-09-10 07:47:12,HAUSP-UB[noEUCS],LEVIATHAN,28,1,0.003000,0.000,0.010,4098449,1682,0,346,346,0,24,7,3222833,4208,3201780,1318,0.000000,0.359013,0.370729,4839,0,74.34,3221686,3221570,768,4876,SUCCESS,19449,0,equal,8669184,1754528,0,21241856,,,,,303,589,used,,,,20260910-0005
2026-09-10 07:47:12,HAUSP-UB[noEUCS],LEVIATHAN,29,1,0.003000,0.000,0.010,4248969,1740,0,368,369,0,25,7,3380974,4283,3359363,1356,0.000000,0.358289,0.370350,4932,0,77.19,3379786,3379715,729,4949,SUCCESS,19966,0,equal,9039616,1824800,0,22250496,,,,,306,595,used,,,,20260910-0005
2026-09-10 07:47:12,HAUSP-UB[noEUCS],LEVIATHAN,30,1,0.003000,0.000,0.010,4381959,1798,0,382,382,0,26,7,3347744,4350,3326413,1403,0.000000,0.357842,0.369909,4860,0,78.83,3346547,3346483,720,5013,SUCCESS,19645,0,equal,8854016,1883936,0,23201408,,,,,315,598,used,,,,20260910-0005
2026-09-10 07:47:13,HAUSP-UB[noEUCS],LEVIATHAN,31,1,0.003000,0.000,0.010,4524983,1856,0,429,429,0,30,7,3618672,4438,3596131,1387,0.000000,0.359930,0.371964,5129,0,77.14,3617498,3617408,746,5102,SUCCESS,20873,0,equal,9781248,1953120,0,24589440,,,,,318,599,used,,,,20260910-0005
2026-09-10 07:47:13,HAUSP-UB[noEUCS],LEVIATHAN,32,1,0.003000,0.000,0.010,4669531,1914,0,444,445,0,31,8,3689180,4525,3666282,1378,0.000000,0.366765,0.378912,5344,0,80.71,3688009,3687917,749,5191,SUCCESS,21242,0,equal,10151040,2017216,0,25914880,,,,,316,594,used,,,,20260910-0005
2026-09-10 07:47:14,HAUSP-UB[noEUCS],LEVIATHAN,33,1,0.003000,0.000,0.010,4804509,1972,0,443,443,0,30,7,3630961,4608,3608594,1399,0.000000,0.365187,0.377304,5238,0,84.35,3629791,3629705,746,5275,SUCCESS,20704,0,equal,10653696,2077824,0,27282048,,,,,323,587,used,,,,20260910-0005
2026-09-10 07:47:14,HAUSP-UB[noEUCS],LEVIATHAN,34,1,0.003000,0.000,0.010,4985068,2030,0,478,478,0,31,8,3865577,4717,3842096,1496,0.000000,0.367069,0.379481,5515,0,88.84,3864430,3864308,784,5389,SUCCESS,21719,0,equal,10940416,2154080,0,29207424,,,,,323,589,used,,,,20260910-0005
2026-09-10 07:47:15,HAUSP-UB[noEUCS],LEVIATHAN,35,1,0.003000,0.000,0.010,5155954,2088,0,518,518,0,33,8,4132520,4816,4107912,1479,0.000000,0.368569,0.380794,5738,0,88.14,4131366,4131247,789,5498,SUCCESS,22883,0,equal,11345408,2231872,0,31079936,,,,,335,581,used,,,,20260910-0005
2026-09-10 07:47:15,HAUSP-UB[noEUCS],LEVIATHAN,36,1,0.003000,0.000,0.010,5307099,2146,0,527,528,0,33,8,4152943,4855,4128420,1471,0.000000,0.367074,0.379312,5718,0,91.52,4151725,4151694,711,5533,SUCCESS,22807,0,equal,12155392,2293120,0,31943680,,,,,330,575,used,,,,20260910-0005
2026-09-10 07:47:16,HAUSP-UB[noEUCS],LEVIATHAN,37,1,0.003000,0.000,0.010,5464493,2204,0,549,549,0,33,8,4259950,4922,4235082,1517,0.000000,0.369087,0.381440,5857,0,95.42,4258771,4258707,740,5599,SUCCESS,23109,0,equal,12781568,2361440,0,33266816,,,,,326,568,used,,,,20260910-0005
2026-09-10 07:47:16,HAUSP-UB[noEUCS],LEVIATHAN,38,1,0.003000,0.000,0.010,5611048,2262,0,573,573,0,34,9,4400585,4984,4375047,1641,0.000000,0.371454,0.384166,6066,0,98.76,4399416,4399359,731,5658,SUCCESS,23667,0,equal,13209600,2422848,0,34532992,,,,,324,554,used,,,,20260910-0005
2026-09-10 07:47:17,HAUSP-UB[noEUCS],LEVIATHAN,39,1,0.003000,0.000,0.010,5722736,2320,0,575,575,0,33,8,4387269,5048,4362000,1616,0.000000,0.369709,0.382486,5974,0,99.12,4386113,4386050,735,5722,SUCCESS,23432,0,equal,12070912,2476512,0,35708928,,,,,325,546,used,,,,20260910-0005
2026-09-10 07:47:17,HAUSP-UB[noEUCS],LEVIATHAN,40,1,0.003000,0.000,0.010,5849842,2378,0,579,579,0,33,9,4336280,5106,4311378,1609,0.000000,0.369001,0.381823,5881,0,98.75,4335122,4335074,719,5775,SUCCESS,23068,0,equal,14178304,2529984,0,36840576,,,,,317,542,used,,,,20260910-0005
2026-09-10 07:47:18,HAUSP-UB[noEUCS],LEVIATHAN,41,1,0.003000,0.000,0.010,6001306,2436,0,604,604,0,33,9,4478939,5180,4453668,1623,0.000000,0.367889,0.380531,5935,0,102.42,4477810,4477744,732,5845,SUCCESS,23434,0,equal,14577664,2598176,0,38227328,,,,,320,534,used,,,,20260910-0005
2026-09-10 07:47:19,HAUSP-UB[noEUCS],LEVIATHAN,42,1,0.003000,0.000,0.010,6135031,2494,0,620,620,0,34,9,4533601,5268,4508238,1586,0.000000,0.368983,0.381572,5954,0,106.39,4532490,4532414,738,5927,SUCCESS,23552,0,equal,14793728,2659616,0,39974528,,,,,309,534,used,,,,20260910-0005
2026-09-10 07:47:19,HAUSP-UB[noEUCS],LEVIATHAN,43,1,0.003000,0.000,0.010,6270359,2552,0,634,634,0,34,9,4583659,5323,4558270,1534,0.000000,0.368841,0.381499,5950,0,108.73,4582508,4582467,697,5975,SUCCESS,23605,0,equal,14774272,2718112,0,41184256,,,,,297,547,used,,,,20260910-0005
2026-09-10 07:47:20,HAUSP-UB[noEUCS],LEVIATHAN,44,1,0.003000,0.000,0.010,6419649,2610,0,655,655,0,34,9,4672829,5388,4647093,1585,0.000000,0.368725,0.381326,6057,0,107.52,4671699,4671622,726,6046,SUCCESS,23911,0,equal,15833088,2784320,0,42850176,,,,,303,543,used,,,,20260910-0005
2026-09-10 07:47:21,HAUSP-UB[noEUCS],LEVIATHAN,45,1,0.003000,0.000,0.010,6573203,2668,0,672,673,0,34,9,4707235,5463,4681477,1547,0.000000,0.368348,0.380816,6043,0,112.09,4706108,4706035,728,6120,SUCCESS,23970,0,equal,16286592,2855904,0,44647552,,,,,303,544,used,,,,20260910-0005
2026-09-10 07:47:21,HAUSP-UB[noEUCS],LEVIATHAN,46,1,0.003000,0.000,0.010,6747675,2726,0,721,722,0,36,9,4951203,5545,4924336,1675,0.000000,0.369231,0.381491,6268,0,117.16,4950085,4949998,741,6205,SUCCESS,24957,0,equal,16678912,2934656,0,46780672,,,,,308,543,used,,,,20260910-0005
2026-09-10 07:47:22,HAUSP-UB[noEUCS],LEVIATHAN,47,1,0.003000,0.000,0.010,6881782,2784,0,742,742,0,36,9,5035091,5607,5007914,1655,0.000000,0.370495,0.382857,6370,0,118.24,5033954,5033886,724,6270,SUCCESS,25292,0,equal,15702144,2995584,0,48285952,,,,,309,539,used,,,,20260910-0005
2026-09-10 07:47:23,HAUSP-UB[noEUCS],LEVIATHAN,48,1,0.003000,0.000,0.010,7050586,2842,0,779,780,0,37,10,5220585,5672,5192604,1756,0.000000,0.370090,0.382549,6483,0,120.03,5219436,5219377,718,6332,SUCCESS,25978,0,equal,17686144,3064512,0,50067328,,,,,304,551,used,,,,20260910-0005
2026-09-10 07:47:24,HAUSP-UB[noEUCS],LEVIATHAN,49,1,0.003000,0.000,0.010,7165350,2900,0,779,779,0,37,9,5168190,5747,5140605,1750,0.000000,0.369988,0.382485,6393,0,124.83,5167063,5166988,731,6407,SUCCESS,25600,0,equal,18079744,3119360,0,52165504,,,,,307,542,used,,,,20260910-0005
2026-09-10 07:47:24,HAUSP-UB[noEUCS],LEVIATHAN,50,1,0.003000,0.000,0.010,7276819,2958,0,779,779,0,36,9,5098433,5790,5071389,1659,0.000000,0.369853,0.382337,6295,0,128.02,5097279,5097239,696,6448,SUCCESS,25152,0,equal,18567168,3168544,0,53352704,,,,,304,537,used,,,,20260910-0005
2026-09-10 07:47:25,HAUSP-UB[noEUCS],LEVIATHAN,51,1,0.003000,0.000,0.010,7429123,3016,0,788,788,0,36,9,5110944,5849,5084042,1637,0.000000,0.369518,0.382126,6275,0,127.00,5109803,5109736,722,6511,SUCCESS,25030,0,equal,19783680,3237952,0,55153408,,,,,307,542,used,,,,20260910-0005
2026-09-10 07:47:26,HAUSP-UB[noEUCS],LEVIATHAN,52,1,0.003000,0.000,0.010,7606906,3074,0,803,804,0,36,9,5136163,5974,5109332,1638,0.000000,0.369605,0.382106,6258,0,133.82,5135079,5134952,786,6637,SUCCESS,24959,0,equal,19460096,3305536,0,58938624,,,,,313,547,used,,,,20260910-0005
2026-09-10 07:47:27,HAUSP-UB[noEUCS],LEVIATHAN,53,1,0.003000,0.000,0.010,7759586,3132,0,819,819,0,37,9,5147873,6058,5121025,1623,0.000000,0.371239,0.383699,6288,0,137.08,5146753,5146662,751,6725,SUCCESS,25002,0,equal,18787328,3370784,0,61336960,,,,,318,541,used,,,,20260910-0005
2026-09-10 07:47:28,HAUSP-UB[noEUCS],LEVIATHAN,54,1,0.003000,0.000,0.010,7923887,3190,0,829,829,0,36,9,5148669,6125,5122033,1582,0.000000,0.371951,0.384298,6283,0,139.54,5147543,5147477,729,6791,SUCCESS,24847,0,equal,20418944,3438656,0,63480960,,,,,319,526,used,,,,20260910-0005
2026-09-10 07:47:29,HAUSP-UB[noEUCS],LEVIATHAN,55,1,0.003000,0.000,0.010,8066082,3248,0,862,863,0,37,9,5268303,6192,5241219,1659,0.000000,0.371304,0.383464,6324,0,145.73,5267168,5267095,736,6860,SUCCESS,25209,0,equal,21528576,3512576,0,65506688,,,,,320,536,used,,,,20260910-0005
2026-09-10 07:47:29,HAUSP-UB[noEUCS],LEVIATHAN,56,1,0.003000,0.000,0.010,8234224,3306,0,897,897,0,38,10,5412833,6258,5385330,1624,0.000000,0.372081,0.384212,6425,0,147.91,5411701,5411623,745,6932,SUCCESS,25678,0,equal,20099584,3584576,0,68063744,,,,,329,530,used,,,,20260910-0005
2026-09-10 07:47:30,HAUSP-UB[noEUCS],LEVIATHAN,57,1,0.003000,0.000,0.010,8383200,3364,0,914,914,0,38,10,5457983,6330,5430401,1678,0.000000,0.372068,0.384303,6444,0,152.14,5456857,5456781,749,7006,SUCCESS,25706,0,equal,22532096,3647584,0,70638976,,,,,326,524,used,,,,20260910-0005
2026-09-10 07:47:31,HAUSP-UB[noEUCS],LEVIATHAN,58,1,0.003000,0.000,0.010,8500743,3422,0,939,939,0,39,10,5545192,6404,5517301,1748,0.000000,0.372632,0.384829,6511,0,157.93,5544059,5543995,739,7075,SUCCESS,25934,0,equal,22933504,3709152,0,73065472,,,,,322,531,used,,,,20260910-0005
2026-09-10 07:47:32,HAUSP-UB[noEUCS],LEVIATHAN,59,1,0.003000,0.000,0.010,8621639,3480,0,950,950,0,39,10,5569603,6454,5541807,1713,0.000000,0.371347,0.383514,6437,0,157.98,5568445,5568394,721,7125,SUCCESS,25869,0,equal,21024768,3768736,0,74989824,,,,,323,537,used,,,,20260910-0005
2026-09-10 07:47:33,HAUSP-UB[noEUCS],LEVIATHAN,60,1,0.003000,0.000,0.010,8774717,3538,0,961,961,0,39,10,5559085,6493,5531564,1695,0.000000,0.370075,0.382226,6365,0,161.66,5557926,5557877,720,7169,SUCCESS,25626,0,equal,24662016,3834944,0,76651648,,,,,327,527,used,,,,20260910-0005
2026-09-10 07:47:34,HAUSP-UB[noEUCS],LEVIATHAN,61,1,0.003000,0.000,0.010,8906072,3596,0,972,972,0,39,9,5561228,6549,5533932,1639,0.000000,0.368976,0.381026,6305,0,166.90,5560087,5560027,736,7227,SUCCESS,25465,0,equal,25161728,3903552,0,78873728,,,,,329,521,used,,,,20260910-0005
2026-09-10 07:47:35,HAUSP-UB[noEUCS],LEVIATHAN,62,1,0.003000,0.000,0.010,9067386,3654,0,1014,1014,0,40,10,5746877,6646,5718891,1687,0.000000,0.371088,0.383435,6484,0,169.29,5745767,5745670,775,7324,SUCCESS,26097,0,equal,25128960,3973344,0,82464640,,,,,327,529,used,,,,20260910-0005
2026-09-10 07:47:36,HAUSP-UB[noEUCS],LEVIATHAN,63,1,0.003000,0.000,0.010,9191788,3712,0,1021,1021,0,40,10,5730501,6699,5702667,1680,0.000000,0.370835,0.383231,6446,0,175.18,5729341,5729282,737,7380,SUCCESS,25949,0,equal,25866624,4031328,0,84691712,,,,,330,535,used,,,,20260910-0005
2026-09-10 07:47:37,HAUSP-UB[noEUCS],LEVIATHAN,64,1,0.003000,0.000,0.010,9348260,3770,0,1026,1026,0,40,9,5700747,6772,5673197,1640,0.000000,0.369913,0.382192,6360,0,178.36,5699595,5699540,736,7444,SUCCESS,25686,0,equal,25167872,4097408,0,86988416,,,,,320,544,used,,,,20260910-0005
2026-09-10 07:47:38,HAUSP-UB[noEUCS],LEVIATHAN,65,1,0.003000,0.000,0.010,9476236,3828,0,1030,1030,0,39,9,5667568,6809,5640283,1618,0.000000,0.369794,0.382035,6301,0,180.25,5666385,5666342,715,7484,SUCCESS,25442,0,equal,27082752,4157184,0,88913280,,,,,323,548,used,,,,20260910-0005
2026-09-10 07:47:39,HAUSP-UB[noEUCS],LEVIATHAN,66,1,0.003000,0.000,0.010,9632446,3886,0,1048,1048,0,40,9,5719183,6870,5691857,1625,0.000000,0.370947,0.383232,6376,0,186.07,5718021,5717964,732,7543,SUCCESS,25472,0,equal,27394048,4222720,0,91524480,,,,,319,548,used,,,,20260910-0005
2026-09-10 07:47:40,HAUSP-UB[noEUCS],LEVIATHAN,67,1,0.003000,0.000,0.010,9781241,3944,0,1064,1064,0,40,9,5780132,6902,5752753,1657,0.000000,0.370449,0.383029,6383,0,189.28,5778939,5778905,707,7576,SUCCESS,25488,0,equal,27688960,4289440,0,92940160,,,,,318,552,used,,,,20260910-0005
2026-09-10 07:47:42,HAUSP-UB[noEUCS],LEVIATHAN,68,1,0.003000,0.000,0.010,9912185,4002,0,1075,1076,0,40,9,5798882,6941,5771516,1661,0.000000,0.369523,0.382115,6363,0,181.33,5797691,5797648,717,7617,SUCCESS,25467,0,equal,29298048,4348896,0,94481024,,,,,318,556,used,,,,20260910-0005
2026-09-10 07:47:43,HAUSP-UB[noEUCS],LEVIATHAN,69,1,0.003000,0.000,0.010,10050067,4060,0,1097,1098,0,40,9,5857255,6992,5829722,1708,0.000000,0.369026,0.381583,6360,0,187.14,5856067,5856018,725,7667,SUCCESS,25581,0,equal,29896704,4417184,0,96833792,,,,,319,563,used,,,,20260910-0005
2026-09-10 07:47:44,HAUSP-UB[noEUCS],LEVIATHAN,70,1,0.003000,0.000,0.010,10174451,4118,0,1107,1108,0,40,9,5845105,7043,5817610,1764,0.000000,0.368177,0.380848,6326,0,192.65,5843926,5843879,722,7716,SUCCESS,25491,0,equal,30437376,4476192,0,99073920,,,,,315,555,used,,,,20260910-0005
2026-09-10 07:47:45,HAUSP-UB[noEUCS],LEVIATHAN,71,1,0.003000,0.000,0.010,10299994,4176,0,1114,1114,0,40,10,5840550,7075,5813261,1711,0.000000,0.367913,0.380545,6312,0,197.67,5839362,5839325,710,7751,SUCCESS,25349,0,equal,31350784,4533824,0,100692864,,,,,318,547,used,,,,20260910-0005
2026-09-10 07:47:46,HAUSP-UB[noEUCS],LEVIATHAN,72,1,0.003000,0.000,0.010,10456041,4234,0,1155,1155,0,41,10,5997981,7109,5970157,1757,0.000000,0.369321,0.382002,6437,0,202.66,5996796,5996750,721,7791,SUCCESS,25848,0,equal,31863680,4608704,0,102625152,,,,,324,543,used,,,,20260910-0005
2026-09-10 07:47:47,HAUSP-UB[noEUCS],LEVIATHAN,73,1,0.003000,0.000,0.010,10595320,4292,0,1157,1157,0,41,9,5964073,7161,5936522,1745,0.000000,0.369287,0.382009,6384,0,206.63,5962895,5962856,720,7836,SUCCESS,25575,0,equal,31629312,4664800,0,104893568,,,,,317,548,used,,,,20260910-0005
2026-09-10 07:47:48,HAUSP-UB[noEUCS],LEVIATHAN,74,1,0.003000,0.000,0.010,10755343,4350,0,1184,1184,0,42,9,6067999,7225,6040100,1770,0.000000,0.368873,0.381767,6445,0,204.84,6066842,6066768,749,7905,SUCCESS,25901,0,equal,32131072,4736864,0,108244608,,,,,318,546,used,,,,20260910-0005
2026-09-10 07:47:50,HAUSP-UB[noEUCS],LEVIATHAN,75,1,0.003000,0.000,0.010,10889796,4408,0,1198,1198,0,41,10,6065642,7276,6037799,1830,0.000000,0.367696,0.380505,6394,0,211.05,6064462,6064413,729,7955,SUCCESS,25781,0,equal,33067008,4802432,0,110460672,,,,,319,551,used,,,,20260910-0005
2026-09-10 07:47:51,HAUSP-UB[noEUCS],LEVIATHAN,76,1,0.003000,0.000,0.010,11027773,4466,0,1216,1216,0,42,9,6103316,7313,6075428,1812,0.000000,0.368489,0.381210,6418,0,213.28,6102133,6102083,729,7999,SUCCESS,25861,0,equal,34222080,4863968,0,112627456,,,,,326,541,used,,,,20260910-0005
2026-09-10 07:47:52,HAUSP-UB[noEUCS],LEVIATHAN,77,1,0.003000,0.000,0.010,11153517,4524,0,1225,1225,0,42,10,6108110,7348,6080360,1781,0.000000,0.367914,0.380593,6402,0,219.14,6106926,6106881,730,8039,SUCCESS,25766,0,equal,35069952,4921952,0,114767360,,,,,330,533,used,,,,20260910-0005
2026-09-10 07:47:53,HAUSP-UB[noEUCS],LEVIATHAN,78,1,0.003000,0.000,0.010,11257346,4582,0,1232,1232,0,42,9,6090001,7379,6062394,1764,0.000000,0.366819,0.379506,6359,0,223.64,6088809,6088782,717,8068,SUCCESS,25637,0,equal,35975680,4975520,0,116082176,,,,,326,532,used,,,,20260910-0005
2026-09-10 07:47:54,HAUSP-UB[noEUCS],LEVIATHAN,79,1,0.003000,0.000,0.010,11357050,4640,0,1235,1235,0,41,10,6069856,7409,6042452,1732,0.000000,0.366119,0.378741,6295,0,224.79,6068666,6068640,714,8096,SUCCESS,25466,0,equal,35087872,5027488,0,117650560,,,,,325,531,used,,,,20260910-0005
2026-09-10 07:47:56,HAUSP-UB[noEUCS],LEVIATHAN,80,1,0.003000,0.000,0.010,11479776,4698,0,1250,1251,0,42,9,6096702,7450,6069249,1775,0.000000,0.365429,0.377967,6283,0,226.42,6095528,6095491,723,8135,SUCCESS,25474,0,equal,37658624,5085728,0,119790848,,,,,324,528,used,,,,20260910-0005
2026-09-10 07:47:57,HAUSP-UB[noEUCS],LEVIATHAN,81,1,0.003000,0.000,0.010,11581840,4756,0,1255,1255,0,41,9,6059520,7480,6032330,1685,0.000000,0.364537,0.377044,6216,0,230.95,6058336,6058312,708,8162,SUCCESS,25298,0,equal,38301696,5142400,0,121342848,,,,,322,529,used,,,,20260910-0005
2026-09-10 07:47:58,HAUSP-UB[noEUCS],LEVIATHAN,82,1,0.003000,0.000,0.010,11708049,4814,0,1270,1270,0,42,9,6101794,7516,6074527,1790,0.000000,0.363586,0.376213,6204,0,233.12,6100622,6100581,722,8200,SUCCESS,25272,0,equal,37126144,5205344,0,123634944,,,,,321,526,used,,,,20260910-0005
2026-09-10 07:48:00,HAUSP-UB[noEUCS],LEVIATHAN,83,1,0.003000,0.000,0.010,11819708,4872,0,1274,1275,0,41,9,6071077,7531,6043960,1754,0.000000,0.364268,0.376921,6193,0,235.15,6069882,6069869,697,8214,SUCCESS,25158,0,equal,38984192,5256960,0,124574592,,,,,321,526,used,,,,20260910-0005
2026-09-10 07:48:01,HAUSP-UB[noEUCS],LEVIATHAN,84,1,0.003000,0.000,0.010,11937508,4930,0,1284,1284,0,42,9,6084915,7556,6057959,1700,0.000000,0.363816,0.376395,6147,0,238.69,6083730,6083709,704,8237,SUCCESS,25048,0,equal,39442944,5311776,0,125872896,,,,,319,527,used,,,,20260910-0005
2026-09-10 07:48:02,HAUSP-UB[noEUCS],LEVIATHAN,85,1,0.003000,0.000,0.010,12094813,4988,0,1321,1322,0,42,9,6199085,7608,6171747,1732,0.000000,0.363834,0.376330,6231,0,244.04,6197924,6197886,719,8282,SUCCESS,25386,0,equal,39657472,5383552,0,128376064,,,,,312,532,used,,,,20260910-0005
2026-09-10 07:48:03,HAUSP-UB[noEUCS],LEVIATHAN,86,1,0.003000,0.000,0.010,12271680,5046,0,1366,1366,0,43,10,6346098,7675,6318157,1770,0.000000,0.364940,0.377666,6364,0,246.61,6344967,6344888,753,8355,SUCCESS,25965,0,equal,38948864,5459168,0,132892032,,,,,318,524,used,,,,20260910-0005
2026-09-10 07:48:05,HAUSP-UB[noEUCS],LEVIATHAN,87,1,0.003000,0.000,0.010,12401148,5104,0,1394,1394,0,44,10,6394787,7735,6366635,1801,0.000000,0.365606,0.378343,6378,0,254.03,6393629,6393573,736,8413,SUCCESS,26130,0,equal,39067648,5525408,0,136569728,,,,,317,538,used,,,,20260910-0005
2026-09-10 07:48:06,HAUSP-UB[noEUCS],LEVIATHAN,88,1,0.003000,0.000,0.010,12530900,5162,0,1411,1411,0,44,10,6416079,7764,6387898,1819,0.000000,0.364511,0.377241,6356,0,256.31,6414891,6414856,713,8445,SUCCESS,26143,0,equal,37801984,5586944,0,138967296,,,,,320,539,used,,,,20260910-0005
2026-09-10 07:48:08,HAUSP-UB[noEUCS],LEVIATHAN,89,1,0.003000,0.000,0.010,12649430,5220,0,1417,1417,0,44,10,6394209,7786,6366163,1791,0.000000,0.364012,0.376719,6319,0,248.10,6393012,6392982,711,8471,SUCCESS,26041,0,equal,41197568,5639648,0,140613504,,,,,324,538,used,,,,20260910-0005
2026-09-10 07:48:09,HAUSP-UB[noEUCS],LEVIATHAN,90,1,0.003000,0.000,0.010,12792913,5278,0,1432,1432,0,44,10,6395834,7824,6367796,1799,0.000000,0.364110,0.376937,6311,0,254.56,6394638,6394600,723,8509,SUCCESS,26014,0,equal,42090496,5703552,0,142913280,,,,,324,549,used,,,,20260910-0005
2026-09-10 07:48:11,HAUSP-UB[noEUCS],LEVIATHAN,91,1,0.003000,0.000,0.010,12927565,5336,0,1442,1442,0,44,10,6394775,7870,6366793,1820,0.000000,0.363991,0.376783,6302,0,258.01,6393586,6393546,725,8552,SUCCESS,25935,0,equal,42793728,5763776,0,145315328,,,,,323,550,used,,,,20260910-0005
2026-09-10 07:48:12,HAUSP-UB[noEUCS],LEVIATHAN,92,1,0.003000,0.000,0.010,13065418,5394,0,1464,1464,0,44,10,6434908,7905,6406886,1798,0.000000,0.362919,0.375657,6277,0,263.67,6433712,6433671,723,8590,SUCCESS,26000,0,equal,43759616,5833632,0,147307392,,,,,325,549,used,,,,20260910-0005
2026-09-10 07:48:14,HAUSP-UB[noEUCS],LEVIATHAN,93,1,0.003000,0.000,0.010,13220792,5452,0,1481,1481,0,44,10,6446152,8013,6418082,1781,0.000000,0.363139,0.375876,6288,0,269.55,6445013,6444909,789,8696,SUCCESS,26051,0,equal,41429760,5898400,0,154683264,,,,,324,562,used,,,,20260910-0005
2026-09-10 07:48:15,HAUSP-UB[noEUCS],LEVIATHAN,94,1,0.003000,0.000,0.010,13372324,5510,0,1498,1499,0,44,10,6465389,8073,6437276,1822,0.000000,0.362981,0.375712,6306,0,277.14,6464203,6464149,737,8753,SUCCESS,26052,0,equal,41390080,5963328,0,158580736,,,,,324,563,used,,,,20260910-0005
2026-09-10 07:48:17,HAUSP-UB[noEUCS],LEVIATHAN,95,1,0.003000,0.000,0.010,13527504,5568,0,1523,1523,0,44,10,6525501,8124,6497193,1825,0.000000,0.364463,0.377197,6390,0,279.12,6524313,6524256,737,8807,SUCCESS,26252,0,equal,38744064,6030656,0,162164224,,,,,328,559,used,,,,20260910-0005
2026-09-10 07:48:18,HAUSP-UB[noEUCS],LEVIATHAN,96,1,0.003000,0.000,0.010,13648981,5626,0,1540,1540,0,45,10,6544055,8154,6515658,1833,0.000000,0.364971,0.377783,6417,0,279.93,6542845,6542809,719,8840,SUCCESS,26338,0,equal,43462656,6086656,0,164346752,,,,,331,557,used,,,,20260910-0005
2026-09-10 07:48:20,HAUSP-UB[noEUCS],LEVIATHAN,97,1,0.003000,0.000,0.010,13813853,5684,0,1581,1581,0,46,10,6640921,8205,6612175,1819,0.000000,0.366619,0.379446,6519,0,282.95,6639729,6639672,743,8894,SUCCESS,26702,0,equal,44138496,6158400,0,167674240,,,,,332,557,used,,,,20260910-0005
2026-09-10 07:48:21,HAUSP-UB[noEUCS],LEVIATHAN,98,1,0.003000,0.000,0.010,13937535,5742,0,1573,1574,0,45,10,6528613,8261,6500210,1794,0.000000,0.366675,0.379476,6460,0,290.65,6527421,6527369,741,8948,SUCCESS,26383,0,equal,44441600,6207360,0,171267968,,,,,333,559,used,,,,20260910-0005
2026-09-10 07:48:23,HAUSP-UB[noEUCS],LEVIATHAN,99,1,0.003000,0.000,0.010,14156241,5834,0,1607,1607,0,45,10,6599011,8336,6570516,1777,0.000000,0.366961,0.379732,6511,0,295.64,6597840,6597761,766,9025,SUCCESS,26495,0,equal,44281856,6312032,0,176057600,,,,,336,559,used,,,,20260910-0005
2026-09-10 07:50:40,HAUSP-UB[noEUCS],LEVIATHAN,0,2,0.003000,0.000,0.010,140884,58,0,137066,137066,0,23245,41563,409660662,37,300851119,53443921,0.000000,0.929274,0.929352,100541928,0,33.84,409660667,409658945,1722,596,SUCCESS,108443076,0,equal,346496,61120,0,92288,,,,,53077486,32,used,,,,20260910-0005
2026-09-10 07:50:41,HAUSP-UB[noEUCS],LEVIATHAN,1,2,0.003000,0.000,0.010,292530,116,0,318,318,0,70,48,4490573,120,4342872,20257,0.000000,0.210039,0.215534,9242,0,37.18,4490012,4490012,1019,961,SUCCESS,128076,0,equal,550400,129568,0,267264,,,,,717,85,used,,,,20260910-0005
2026-09-10 07:50:41,HAUSP-UB[noEUCS],LEVIATHAN,2,2,0.003000,0.000,0.010,443274,174,0,110,110,0,21,13,1685868,366,1647193,3638,0.000000,0.316837,0.326767,6218,0,41.55,1685009,1684754,1016,1255,SUCCESS,35338,0,equal,854528,195168,0,534272,,,,,565,264,used,,,,20260910-0005
2026-09-10 07:50:41,HAUSP-UB[noEUCS],LEVIATHAN,3,2,0.003000,0.000,0.010,575929,232,0,93,93,0,16,9,1492787,570,1466814,1823,0.000000,0.298636,0.308650,3852,0,45.30,1491729,1491461,990,1488,SUCCESS,24245,0,equal,1063040,253696,0,885376,,,,,468,373,used,,,,20260910-0005
2026-09-10 07:50:41,HAUSP-UB[noEUCS],LEVIATHAN,4,2,0.003000,0.000,0.010,738946,290,0,99,99,0,15,8,1532913,869,1509232,1717,0.000000,0.315632,0.327175,4092,0,45.68,1531774,1531611,920,1699,SUCCESS,21849,0,equal,877824,321056,0,1257088,,,,,405,520,used,,,,20260910-0005
2026-09-10 07:50:41,HAUSP-UB[noEUCS],LEVIATHAN,5,2,0.003000,0.000,0.010,872278,348,0,110,110,0,17,7,1548875,1110,1527132,1589,0.000000,0.316878,0.328550,3828,0,40.24,1547685,1547495,899,1896,SUCCESS,19918,0,equal,1471616,381888,0,1699328,,,,,365,601,used,,,,20260910-0005
2026-09-10 07:50:41,HAUSP-UB[noEUCS],LEVIATHAN,6,2,0.003000,0.000,0.010,984885,406,0,112,112,0,17,6,1494605,1275,1474734,1432,0.000000,0.320108,0.331790,3650,0,41.67,1493379,1493227,854,2050,SUCCESS,18208,0,equal,1677312,426944,0,2070784,,,,,374,605,used,,,,20260910-0005
2026-09-10 07:50:41,HAUSP-UB[noEUCS],LEVIATHAN,7,2,0.003000,0.000,0.010,1107925,464,0,116,116,0,17,6,1519197,1464,1500166,1407,0.000000,0.327982,0.340510,3739,0,42.98,1518002,1517885,817,2199,SUCCESS,17365,0,equal,1786496,479616,0,2485376,,,,,350,609,used,,,,20260910-0005
2026-09-10 07:50:42,HAUSP-UB[noEUCS],LEVIATHAN,8,2,0.003000,0.000,0.010,1273477,522,0,125,125,0,17,6,1602229,1612,1583779,1333,0.000000,0.339139,0.351439,3624,0,44.87,1601056,1600938,786,2335,SUCCESS,16894,0,equal,2198656,543136,0,2886144,,,,,363,586,used,,,,20260910-0005
2026-09-10 07:50:42,HAUSP-UB[noEUCS],LEVIATHAN,9,2,0.003000,0.000,0.010,1394174,580,0,125,125,0,16,6,1604429,1768,1586964,1237,0.000000,0.339786,0.351829,3574,0,46.84,1603299,1603136,813,2492,SUCCESS,16026,0,equal,2419968,594464,0,3513216,,,,,361,563,used,,,,20260910-0005
2026-09-10 07:50:42,HAUSP-UB[noEUCS],LEVIATHAN,10,2,0.003000,0.000,0.010,1517342,638,0,123,123,0,15,5,1585675,1968,1569258,1140,0.000000,0.337418,0.349192,3490,0,49.04,1584623,1584396,883,2707,SUCCESS,15110,0,equal,2533248,654464,0,4330112,,,,,361,528,used,,,,20260910-0005
2026-09-10 07:50:42,HAUSP-UB[noEUCS],LEVIATHAN,11,2,0.003000,0.000,0.010,1723230,696,0,115,115,0,13,5,1437934,2127,1423360,1042,0.000000,0.343011,0.354977,3167,0,51.24,1436814,1436722,760,2831,SUCCESS,13342,0,equal,2919424,708256,0,4928128,,,,,350,540,used,,,,20260910-0005
2026-09-10 07:50:42,HAUSP-UB[noEUCS],LEVIATHAN,12,2,0.003000,0.000,0.010,1846359,754,0,114,114,0,12,4,1391192,2278,1377368,998,0.000000,0.342518,0.354278,3094,0,53.53,1390109,1389953,792,2985,SUCCESS,12666,0,equal,3165440,756256,0,5699712,,,,,370,530,used,,,,20260910-0005
2026-09-10 07:50:42,HAUSP-UB[noEUCS],LEVIATHAN,13,2,0.003000,0.000,0.010,1966302,812,0,117,117,0,11,4,1440611,2478,1426823,958,0.000000,0.342371,0.354009,3108,0,53.74,1439540,1439344,834,3180,SUCCESS,12632,0,equal,2141440,813728,0,6742144,,,,,366,564,used,,,,20260910-0005
2026-09-10 07:50:42,HAUSP-UB[noEUCS],LEVIATHAN,14,2,0.003000,0.000,0.010,2129564,870,0,163,163,0,17,6,1852959,2600,1836040,1224,0.000000,0.348622,0.360967,3713,0,50.38,1851831,1851668,802,3322,SUCCESS,15520,0,equal,3614080,882272,0,7560192,,,,,373,548,used,,,,20260910-0005
2026-09-10 07:50:42,HAUSP-UB[noEUCS],LEVIATHAN,15,2,0.003000,0.000,0.010,2291327,928,0,196,196,0,21,6,2133971,2809,2115501,1310,0.000000,0.352426,0.364554,4094,0,53.76,2132909,2132665,904,3545,SUCCESS,16987,0,equal,3924736,949184,0,8854144,,,,,376,549,used,,,,20260910-0005
2026-09-10 07:50:43,HAUSP-UB[noEUCS],LEVIATHAN,16,2,0.003000,0.000,0.010,2443861,986,0,217,217,0,22,7,2347905,2985,2328019,1498,0.000000,0.361908,0.375174,4538,0,56.81,2346769,2346558,892,3735,SUCCESS,18207,0,equal,4193152,1017600,0,10043264,,,,,395,576,used,,,,20260910-0005
2026-09-10 07:50:43,HAUSP-UB[noEUCS],LEVIATHAN,17,2,0.003000,0.000,0.010,2560377,1044,0,222,222,0,22,6,2368524,3103,2348861,1399,0.000000,0.364161,0.376967,4566,0,59.61,2367307,2367200,809,3844,SUCCESS,18071,0,equal,4897280,1072256,0,10709120,,,,,392,585,used,,,,20260910-0005
2026-09-10 07:50:43,HAUSP-UB[noEUCS],LEVIATHAN,18,2,0.003000,0.000,0.010,2689702,1102,0,224,224,0,21,6,2369080,3221,2349982,1298,0.000000,0.365609,0.378229,4547,0,61.79,2367886,2367796,790,3947,SUCCESS,17608,0,equal,5289600,1129056,0,11393792,,,,,379,571,used,,,,20260910-0005
2026-09-10 07:50:43,HAUSP-UB[noEUCS],LEVIATHAN,19,2,0.003000,0.000,0.010,2812166,1160,0,215,215,0,18,6,2336917,3314,2318384,1241,0.000000,0.365720,0.378353,4434,0,54.94,2335690,2335634,743,4019,SUCCESS,17056,0,equal,5716736,1181920,0,11975040,,,,,358,594,used,,,,20260910-0005
2026-09-10 07:50:44,HAUSP-UB[noEUCS],LEVIATHAN,20,2,0.003000,0.000,0.010,2971387,1218,0,232,232,0,19,6,2488080,3445,2468916,1272,0.000000,0.362321,0.374802,4480,0,57.44,2486907,2486793,785,4137,SUCCESS,17637,0,equal,5832960,1249408,0,13091072,,,,,344,599,used,,,,20260910-0005
2026-09-10 07:50:44,HAUSP-UB[noEUCS],LEVIATHAN,21,2,0.003000,0.000,0.010,3090737,1276,0,242,242,0,20,6,2567062,3530,2547858,1208,0.000000,0.360608,0.372924,4500,0,59.64,2565864,2565795,736,4214,SUCCESS,17742,0,equal,6190336,1302816,0,13767296,,,,,337,591,used,,,,20260910-0005
2026-09-10 07:50:44,HAUSP-UB[noEUCS],LEVIATHAN,22,2,0.003000,0.000,0.010,3211974,1334,0,241,241,0,19,6,2492303,3625,2473811,1225,0.000000,0.359669,0.371891,4351,0,61.86,2491133,2491048,744,4301,SUCCESS,17015,0,equal,6471936,1356288,0,14584832,,,,,329,581,used,,,,20260910-0005
2026-09-10 07:50:44,HAUSP-UB[noEUCS],LEVIATHAN,23,2,0.003000,0.000,0.010,3358252,1392,0,268,268,0,21,7,2713330,3715,2693763,1251,0.000000,0.361543,0.373541,4553,0,64.78,2712165,2712060,762,4398,SUCCESS,18075,0,equal,6811648,1427392,0,15682560,,,,,338,579,used,,,,20260910-0005
2026-09-10 07:50:45,HAUSP-UB[noEUCS],LEVIATHAN,24,2,0.003000,0.000,0.010,3521134,1450,0,296,297,0,22,7,2953710,3816,2932885,1350,0.000000,0.362958,0.375073,4836,0,67.60,2952547,2952446,766,4497,SUCCESS,19226,0,equal,7137280,1498496,0,16678144,,,,,332,581,used,,,,20260910-0005
2026-09-10 07:50:45,HAUSP-UB[noEUCS],LEVIATHAN,25,2,0.003000,0.000,0.010,3685554,1508,0,326,326,0,26,7,3028635,3929,3007877,1299,0.000000,0.363799,0.375556,4862,0,68.74,3027498,3027380,785,4612,SUCCESS,19229,0,equal,6413056,1568448,0,17972864,,,,,339,569,used,,,,20260910-0005
2026-09-10 07:50:45,HAUSP-UB[noEUCS],LEVIATHAN,26,2,0.003000,0.000,0.010,3837361,1566,0,353,354,0,28,7,3213429,4017,3191864,1347,0.000000,0.362034,0.373478,5021,0,66.72,3212258,3212174,754,4697,SUCCESS,19970,0,equal,7702144,1642272,0,19008768,,,,,328,576,used,,,,20260910-0005
2026-09-10 07:50:46,HAUSP-UB[noEUCS],LEVIATHAN,27,2,0.003000,0.000,0.010,3957228,1624,0,353,353,0,27,7,3165315,4106,3144335,1261,0.000000,0.361890,0.373315,4891,0,69.62,3164132,3164080,721,4766,SUCCESS,19428,0,equal,8325120,1694976,0,19868416,,,,,301,592,used,,,,20260910-0005
2026-09-10 07:50:46,HAUSP-UB[noEUCS],LEVIATHAN,28,2,0.003000,0.000,0.010,4098449,1682,0,360,361,0,27,7,3222833,4208,3201780,1318,0.000000,0.359013,0.370729,4839,0,73.11,3221686,3221570,768,4876,SUCCESS,19449,0,equal,8669184,1754528,0,21241856,,,,,303,589,used,,,,20260910-0005
2026-09-10 07:50:46,HAUSP-UB[noEUCS],LEVIATHAN,29,2,0.003000,0.000,0.010,4248969,1740,0,383,383,0,28,7,3380974,4283,3359363,1356,0.000000,0.358289,0.370350,4932,0,75.96,3379786,3379715,729,4949,SUCCESS,19966,0,equal,9039616,1824800,0,22250496,,,,,306,595,used,,,,20260910-0005
2026-09-10 07:50:47,HAUSP-UB[noEUCS],LEVIATHAN,30,2,0.003000,0.000,0.010,4381959,1798,0,387,387,0,28,7,3347744,4350,3326413,1403,0.000000,0.357842,0.369909,4860,0,77.60,3346547,3346483,720,5013,SUCCESS,19645,0,equal,8854016,1883936,0,23201408,,,,,315,598,used,,,,20260910-0005
2026-09-10 07:50:47,HAUSP-UB[noEUCS],LEVIATHAN,31,2,0.003000,0.000,0.010,4524983,1856,0,421,421,0,29,7,3618672,4438,3596131,1387,0.000000,0.359930,0.371964,5129,0,75.47,3617498,3617408,746,5102,SUCCESS,20873,0,equal,9781248,1953120,0,24589440,,,,,318,599,used,,,,20260910-0005
2026-09-10 07:50:48,HAUSP-UB[noEUCS],LEVIATHAN,32,2,0.003000,0.000,0.010,4669531,1914,0,438,438,0,30,8,3689180,4525,3666282,1378,0.000000,0.366765,0.378912,5344,0,79.04,3688009,3687917,749,5191,SUCCESS,21242,0,equal,10151040,2017216,0,25914880,,,,,316,594,used,,,,20260910-0005
2026-09-10 07:50:48,HAUSP-UB[noEUCS],LEVIATHAN,33,2,0.003000,0.000,0.010,4804509,1972,0,437,437,0,29,8,3630961,4608,3608594,1399,0.000000,0.365187,0.377304,5238,0,82.68,3629791,3629705,746,5275,SUCCESS,20704,0,equal,10653696,2077824,0,27282048,,,,,323,587,used,,,,20260910-0005
2026-09-10 07:50:49,HAUSP-UB[noEUCS],LEVIATHAN,34,2,0.003000,0.000,0.010,4985068,2030,0,474,474,0,30,8,3865577,4717,3842096,1496,0.000000,0.367069,0.379481,5515,0,87.17,3864430,3864308,784,5389,SUCCESS,21719,0,equal,10940416,2154080,0,29207424,,,,,323,589,used,,,,20260910-0005
2026-09-10 07:50:49,HAUSP-UB[noEUCS],LEVIATHAN,35,2,0.003000,0.000,0.010,5155954,2088,0,513,514,0,32,8,4132520,4816,4107912,1479,0.000000,0.368569,0.380794,5738,0,85.75,4131366,4131247,789,5498,SUCCESS,22883,0,equal,11345408,2231872,0,31079936,,,,,335,581,used,,,,20260910-0005
2026-09-10 07:50:50,HAUSP-UB[noEUCS],LEVIATHAN,36,2,0.003000,0.000,0.010,5307099,2146,0,524,524,0,32,8,4152943,4855,4128420,1471,0.000000,0.367074,0.379312,5718,0,89.12,4151725,4151694,711,5533,SUCCESS,22807,0,equal,12155392,2293120,0,31943680,,,,,330,575,used,,,,20260910-0005
2026-09-10 07:50:50,HAUSP-UB[noEUCS],LEVIATHAN,37,2,0.003000,0.000,0.010,5464493,2204,0,546,546,0,32,8,4259950,4922,4235082,1517,0.000000,0.369087,0.381440,5857,0,93.03,4258771,4258707,740,5599,SUCCESS,23109,0,equal,12781568,2361440,0,33266816,,,,,326,568,used,,,,20260910-0005
2026-09-10 07:50:51,HAUSP-UB[noEUCS],LEVIATHAN,38,2,0.003000,0.000,0.010,5611048,2262,0,569,570,0,33,9,4400585,4984,4375047,1641,0.000000,0.371454,0.384166,6066,0,96.37,4399416,4399359,731,5658,SUCCESS,23667,0,equal,13209600,2422848,0,34532992,,,,,324,554,used,,,,20260910-0005
2026-09-10 07:50:51,HAUSP-UB[noEUCS],LEVIATHAN,39,2,0.003000,0.000,0.010,5722736,2320,0,573,573,0,33,9,4387269,5048,4362000,1616,0.000000,0.369709,0.382486,5974,0,96.73,4386113,4386050,735,5722,SUCCESS,23432,0,equal,12070912,2476512,0,35708928,,,,,325,546,used,,,,20260910-0005
2026-09-10 07:50:52,HAUSP-UB[noEUCS],LEVIATHAN,40,2,0.003000,0.000,0.010,5849842,2378,0,576,576,0,32,8,4336280,5106,4311378,1609,0.000000,0.369001,0.381823,5881,0,96.54,4335122,4335074,719,5775,SUCCESS,23068,0,equal,14178304,2529984,0,36840576,,,,,317,542,used,,,,20260910-0005
2026-09-10 07:50:53,HAUSP-UB[noEUCS],LEVIATHAN,41,2,0.003000,0.000,0.010,6001306,2436,0,601,601,0,33,9,4478939,5180,4453668,1623,0.000000,0.367889,0.380531,5935,0,100.21,4477810,4477744,732,5845,SUCCESS,23434,0,equal,14577664,2598176,0,38227328,,,,,320,534,used,,,,20260910-0005
2026-09-10 07:50:53,HAUSP-UB[noEUCS],LEVIATHAN,42,2,0.003000,0.000,0.010,6135031,2494,0,619,619,0,34,9,4533601,5268,4508238,1586,0.000000,0.368983,0.381572,5954,0,104.18,4532490,4532414,738,5927,SUCCESS,23552,0,equal,14793728,2659616,0,39974528,,,,,309,534,used,,,,20260910-0005
2026-09-10 07:50:54,HAUSP-UB[noEUCS],LEVIATHAN,43,2,0.003000,0.000,0.010,6270359,2552,0,632,632,0,34,9,4583659,5323,4558270,1534,0.000000,0.368841,0.381499,5950,0,106.52,4582508,4582467,697,5975,SUCCESS,23605,0,equal,14774272,2718112,0,41184256,,,,,297,547,used,,,,20260910-0005
2026-09-10 07:50:54,HAUSP-UB[noEUCS],LEVIATHAN,44,2,0.003000,0.000,0.010,6419649,2610,0,654,655,0,34,9,4672829,5388,4647093,1585,0.000000,0.368725,0.381326,6057,0,106.79,4671699,4671622,726,6046,SUCCESS,23911,0,equal,15833088,2784320,0,42850176,,,,,303,543,used,,,,20260910-0005
2026-09-10 07:50:55,HAUSP-UB[noEUCS],LEVIATHAN,45,2,0.003000,0.000,0.010,6573203,2668,0,673,673,0,34,9,4707235,5463,4681477,1547,0.000000,0.368348,0.380816,6043,0,111.36,4706108,4706035,728,6120,SUCCESS,23970,0,equal,16286592,2855904,0,44647552,,,,,303,544,used,,,,20260910-0005
2026-09-10 07:50:56,HAUSP-UB[noEUCS],LEVIATHAN,46,2,0.003000,0.000,0.010,6747675,2726,0,722,722,0,36,9,4951203,5545,4924336,1675,0.000000,0.369231,0.381491,6268,0,116.43,4950085,4949998,741,6205,SUCCESS,24957,0,equal,16678912,2934656,0,46780672,,,,,308,543,used,,,,20260910-0005
2026-09-10 07:50:57,HAUSP-UB[noEUCS],LEVIATHAN,47,2,0.003000,0.000,0.010,6881782,2784,0,744,744,0,37,9,5035091,5607,5007914,1655,0.000000,0.370495,0.382857,6370,0,117.51,5033954,5033886,724,6270,SUCCESS,25292,0,equal,15702144,2995584,0,48285952,,,,,309,539,used,,,,20260910-0005
2026-09-10 07:50:57,HAUSP-UB[noEUCS],LEVIATHAN,48,2,0.003000,0.000,0.010,7050586,2842,0,780,780,0,38,10,5220585,5672,5192604,1756,0.000000,0.370090,0.382549,6483,0,118.68,5219436,5219377,718,6332,SUCCESS,25978,0,equal,17686144,3064512,0,50067328,,,,,304,551,used,,,,20260910-0005
2026-09-10 07:50:58,HAUSP-UB[noEUCS],LEVIATHAN,49,2,0.003000,0.000,0.010,7165350,2900,0,780,780,0,37,10,5168190,5747,5140605,1750,0.000000,0.369988,0.382485,6393,0,123.47,5167063,5166988,731,6407,SUCCESS,25600,0,equal,18079744,3119360,0,52165504,,,,,307,542,used,,,,20260910-0005
2026-09-10 07:50:59,HAUSP-UB[noEUCS],LEVIATHAN,50,2,0.003000,0.000,0.010,7276819,2958,0,778,778,0,36,9,5098433,5790,5071389,1659,0.000000,0.369853,0.382337,6295,0,126.66,5097279,5097239,696,6448,SUCCESS,25152,0,equal,18567168,3168544,0,53352704,,,,,304,537,used,,,,20260910-0005
2026-09-10 07:51:00,HAUSP-UB[noEUCS],LEVIATHAN,51,2,0.003000,0.000,0.010,7429123,3016,0,786,787,0,36,9,5110944,5849,5084042,1637,0.000000,0.369518,0.382126,6275,0,127.04,5109803,5109736,722,6511,SUCCESS,25030,0,equal,19783680,3237952,0,55153408,,,,,307,542,used,,,,20260910-0005
2026-09-10 07:51:00,HAUSP-UB[noEUCS],LEVIATHAN,52,2,0.003000,0.000,0.010,7606906,3074,0,802,802,0,36,9,5136163,5974,5109332,1638,0.000000,0.369605,0.382106,6258,0,133.85,5135079,5134952,786,6637,SUCCESS,24959,0,equal,19460096,3305536,0,58938624,,,,,313,547,used,,,,20260910-0005
2026-09-10 07:51:01,HAUSP-UB[noEUCS],LEVIATHAN,53,2,0.003000,0.000,0.010,7759586,3132,0,817,817,0,37,9,5147873,6058,5121025,1623,0.000000,0.371239,0.383699,6288,0,137.11,5146753,5146662,751,6725,SUCCESS,25002,0,equal,18787328,3370784,0,61336960,,,,,318,541,used,,,,20260910-0005
2026-09-10 07:51:02,HAUSP-UB[noEUCS],LEVIATHAN,54,2,0.003000,0.000,0.010,7923887,3190,0,826,826,0,36,9,5148669,6125,5122033,1582,0.000000,0.371951,0.384298,6283,0,136.61,5147543,5147477,729,6791,SUCCESS,24847,0,equal,20418944,3438656,0,63480960,,,,,319,526,used,,,,20260910-0005
2026-09-10 07:51:03,HAUSP-UB[noEUCS],LEVIATHAN,55,2,0.003000,0.000,0.010,8066082,3248,0,861,861,0,38,9,5268303,6192,5241219,1659,0.000000,0.371304,0.383464,6324,0,142.80,5267168,5267095,736,6860,SUCCESS,25209,0,equal,21528576,3512576,0,65506688,,,,,320,536,used,,,,20260910-0005
2026-09-10 07:51:04,HAUSP-UB[noEUCS],LEVIATHAN,56,2,0.003000,0.000,0.010,8234224,3306,0,896,896,0,39,10,5412833,6258,5385330,1624,0.000000,0.372081,0.384212,6425,0,144.98,5411701,5411623,745,6932,SUCCESS,25678,0,equal,20099584,3584576,0,68063744,,,,,329,530,used,,,,20260910-0005
2026-09-10 07:51:05,HAUSP-UB[noEUCS],LEVIATHAN,57,2,0.003000,0.000,0.010,8383200,3364,0,913,913,0,38,9,5457983,6330,5430401,1678,0.000000,0.372068,0.384303,6444,0,148.27,5456857,5456781,749,7006,SUCCESS,25706,0,equal,22532096,3647584,0,70638976,,,,,326,524,used,,,,20260910-0005
2026-09-10 07:51:06,HAUSP-UB[noEUCS],LEVIATHAN,58,2,0.003000,0.000,0.010,8500743,3422,0,937,938,0,39,10,5545192,6404,5517301,1748,0.000000,0.372632,0.384829,6511,0,154.06,5544059,5543995,739,7075,SUCCESS,25934,0,equal,22933504,3709152,0,73065472,,,,,322,531,used,,,,20260910-0005
2026-09-10 07:51:07,HAUSP-UB[noEUCS],LEVIATHAN,59,2,0.003000,0.000,0.010,8621639,3480,0,948,948,0,39,9,5569603,6454,5541807,1713,0.000000,0.371347,0.383514,6437,0,154.11,5568445,5568394,721,7125,SUCCESS,25869,0,equal,21024768,3768736,0,74989824,,,,,323,537,used,,,,20260910-0005
2026-09-10 07:51:08,HAUSP-UB[noEUCS],LEVIATHAN,60,2,0.003000,0.000,0.010,8774717,3538,0,960,960,0,39,9,5559085,6493,5531564,1695,0.000000,0.370075,0.382226,6365,0,159.46,5557926,5557877,720,7169,SUCCESS,25626,0,equal,24662016,3834944,0,76651648,,,,,327,527,used,,,,20260910-0005
2026-09-10 07:51:09,HAUSP-UB[noEUCS],LEVIATHAN,61,2,0.003000,0.000,0.010,8906072,3596,0,969,969,0,39,9,5561228,6549,5533932,1639,0.000000,0.368976,0.381026,6305,0,164.70,5560087,5560027,736,7227,SUCCESS,25465,0,equal,25161728,3903552,0,78873728,,,,,329,521,used,,,,20260910-0005
2026-09-10 07:51:10,HAUSP-UB[noEUCS],LEVIATHAN,62,2,0.003000,0.000,0.010,9067386,3654,0,1007,1007,0,40,10,5746877,6646,5718891,1687,0.000000,0.371088,0.383435,6484,0,165.07,5745767,5745670,775,7324,SUCCESS,26097,0,equal,21635072,3973344,0,82464640,,,,,327,529,used,,,,20260910-0005
2026-09-10 07:51:11,HAUSP-UB[noEUCS],LEVIATHAN,63,2,0.003000,0.000,0.010,9191788,3712,0,1016,1016,0,40,10,5730501,6699,5702667,1680,0.000000,0.370835,0.383231,6446,0,170.08,5729341,5729282,737,7380,SUCCESS,25949,0,equal,25866624,4031328,0,84691712,,,,,330,535,used,,,,20260910-0005
2026-09-10 07:51:12,HAUSP-UB[noEUCS],LEVIATHAN,64,2,0.003000,0.000,0.010,9348260,3770,0,1023,1023,0,40,10,5700747,6772,5673197,1640,0.000000,0.369913,0.382192,6360,0,173.26,5699595,5699540,736,7444,SUCCESS,25686,0,equal,25167872,4097408,0,86988416,,,,,320,544,used,,,,20260910-0005
2026-09-10 07:51:13,HAUSP-UB[noEUCS],LEVIATHAN,65,2,0.003000,0.000,0.010,9476236,3828,0,1027,1027,0,39,9,5667568,6809,5640283,1618,0.000000,0.369794,0.382035,6301,0,174.94,5666385,5666342,715,7484,SUCCESS,25442,0,equal,27082752,4157184,0,88913280,,,,,323,548,used,,,,20260910-0005
2026-09-10 07:51:14,HAUSP-UB[noEUCS],LEVIATHAN,66,2,0.003000,0.000,0.010,9632446,3886,0,1044,1044,0,40,9,5719183,6870,5691857,1625,0.000000,0.370947,0.383232,6376,0,180.75,5718021,5717964,732,7543,SUCCESS,25472,0,equal,27394048,4222720,0,91524480,,,,,319,548,used,,,,20260910-0005
2026-09-10 07:51:15,HAUSP-UB[noEUCS],LEVIATHAN,67,2,0.003000,0.000,0.010,9781241,3944,0,1061,1061,0,40,9,5780132,6902,5752753,1657,0.000000,0.370449,0.383029,6383,0,183.97,5778939,5778905,707,7576,SUCCESS,25488,0,equal,27688960,4289440,0,92940160,,,,,318,552,used,,,,20260910-0005
2026-09-10 07:51:16,HAUSP-UB[noEUCS],LEVIATHAN,68,2,0.003000,0.000,0.010,9912185,4002,0,1074,1074,0,40,9,5798882,6941,5771516,1661,0.000000,0.369523,0.382115,6363,0,186.84,5797691,5797648,717,7617,SUCCESS,25467,0,equal,29298048,4348896,0,94481024,,,,,318,556,used,,,,20260910-0005
2026-09-10 07:51:17,HAUSP-UB[noEUCS],LEVIATHAN,69,2,0.003000,0.000,0.010,10050067,4060,0,1096,1097,0,41,10,5857255,6992,5829722,1708,0.000000,0.369026,0.381583,6360,0,192.65,5856067,5856018,725,7667,SUCCESS,25581,0,equal,29896704,4417184,0,96833792,,,,,319,563,used,,,,20260910-0005
2026-09-10 07:51:18,HAUSP-UB[noEUCS],LEVIATHAN,70,2,0.003000,0.000,0.010,10174451,4118,0,1105,1106,0,40,9,5845105,7043,5817610,1764,0.000000,0.368177,0.380848,6326,0,196.10,5843926,5843879,722,7716,SUCCESS,25491,0,equal,29417472,4476192,0,99073920,,,,,315,555,used,,,,20260910-0005
2026-09-10 07:51:19,HAUSP-UB[noEUCS],LEVIATHAN,71,2,0.003000,0.000,0.010,10299994,4176,0,1111,1112,0,40,9,5840550,7075,5813261,1711,0.000000,0.367913,0.380545,6312,0,193.09,5839362,5839325,710,7751,SUCCESS,25349,0,equal,31350784,4533824,0,100692864,,,,,318,547,used,,,,20260910-0005
2026-09-10 07:51:20,HAUSP-UB[noEUCS],LEVIATHAN,72,2,0.003000,0.000,0.010,10456041,4234,0,1152,1153,0,42,10,5997981,7109,5970157,1757,0.000000,0.369321,0.382002,6437,0,198.07,5996796,5996750,721,7791,SUCCESS,25848,0,equal,31863680,4608704,0,102625152,,,,,324,543,used,,,,20260910-0005
2026-09-10 07:51:22,HAUSP-UB[noEUCS],LEVIATHAN,73,2,0.003000,0.000,0.010,10595320,4292,0,1155,1155,0,41,9,5964073,7161,5936522,1745,0.000000,0.369287,0.382009,6384,0,202.04,5962895,5962856,720,7836,SUCCESS,25575,0,equal,31629312,4664800,0,104893568,,,,,317,548,used,,,,20260910-0005
2026-09-10 07:51:23,HAUSP-UB[noEUCS],LEVIATHAN,74,2,0.003000,0.000,0.010,10755343,4350,0,1183,1184,0,42,10,6067999,7225,6040100,1770,0.000000,0.368873,0.381767,6445,0,206.60,6066842,6066768,749,7905,SUCCESS,25901,0,equal,32260096,4736864,0,108244608,,,,,318,546,used,,,,20260910-0005
2026-09-10 07:51:24,HAUSP-UB[noEUCS],LEVIATHAN,75,2,0.003000,0.000,0.010,10889796,4408,0,1197,1197,0,42,9,6065642,7276,6037799,1830,0.000000,0.367696,0.380505,6394,0,212.62,6064462,6064413,729,7955,SUCCESS,25781,0,equal,32961536,4802432,0,110460672,,,,,319,551,used,,,,20260910-0005
2026-09-10 07:51:25,HAUSP-UB[noEUCS],LEVIATHAN,76,2,0.003000,0.000,0.010,11027773,4466,0,1216,1216,0,42,10,6103316,7313,6075428,1812,0.000000,0.368489,0.381210,6418,0,214.53,6102133,6102083,729,7999,SUCCESS,25861,0,equal,34222080,4863968,0,112627456,,,,,326,541,used,,,,20260910-0005
2026-09-10 07:51:26,HAUSP-UB[noEUCS],LEVIATHAN,77,2,0.003000,0.000,0.010,11153517,4524,0,1226,1227,0,42,10,6108110,7348,6080360,1781,0.000000,0.367914,0.380593,6402,0,220.39,6106926,6106881,730,8039,SUCCESS,25766,0,equal,35069952,4921952,0,114767360,,,,,330,533,used,,,,20260910-0005
2026-09-10 07:51:28,HAUSP-UB[noEUCS],LEVIATHAN,78,2,0.003000,0.000,0.010,11257346,4582,0,1232,1232,0,42,9,6090001,7379,6062394,1764,0.000000,0.366819,0.379506,6359,0,224.89,6088809,6088782,717,8068,SUCCESS,25637,0,equal,35975680,4975520,0,116082176,,,,,326,532,used,,,,20260910-0005
2026-09-10 07:51:29,HAUSP-UB[noEUCS],LEVIATHAN,79,2,0.003000,0.000,0.010,11357050,4640,0,1235,1235,0,42,9,6069856,7409,6042452,1732,0.000000,0.366119,0.378741,6295,0,226.04,6068666,6068640,714,8096,SUCCESS,25466,0,equal,35087872,5027488,0,117650560,,,,,325,531,used,,,,20260910-0005
2026-09-10 07:51:30,HAUSP-UB[noEUCS],LEVIATHAN,80,2,0.003000,0.000,0.010,11479776,4698,0,1250,1250,0,42,9,6096702,7450,6069249,1775,0.000000,0.365429,0.377967,6283,0,225.69,6095528,6095491,723,8135,SUCCESS,25474,0,equal,37658624,5085728,0,119790848,,,,,324,528,used,,,,20260910-0005
2026-09-10 07:51:31,HAUSP-UB[noEUCS],LEVIATHAN,81,2,0.003000,0.000,0.010,11581840,4756,0,1253,1253,0,42,9,6059520,7480,6032330,1685,0.000000,0.364537,0.377044,6216,0,230.22,6058336,6058312,708,8162,SUCCESS,25298,0,equal,38301696,5142400,0,121342848,,,,,322,529,used,,,,20260910-0005
2026-09-10 07:51:33,HAUSP-UB[noEUCS],LEVIATHAN,82,2,0.003000,0.000,0.010,11708049,4814,0,1269,1269,0,42,9,6101794,7516,6074527,1790,0.000000,0.363586,0.376213,6204,0,232.39,6100622,6100581,722,8200,SUCCESS,25272,0,equal,37126144,5205344,0,123634944,,,,,321,526,used,,,,20260910-0005
2026-09-10 07:51:34,HAUSP-UB[noEUCS],LEVIATHAN,83,2,0.003000,0.000,0.010,11819708,4872,0,1274,1274,0,42,9,6071077,7531,6043960,1754,0.000000,0.364268,0.376921,6193,0,235.22,6069882,6069869,697,8214,SUCCESS,25158,0,equal,38984192,5256960,0,124574592,,,,,321,526,used,,,,20260910-0005
2026-09-10 07:51:35,HAUSP-UB[noEUCS],LEVIATHAN,84,2,0.003000,0.000,0.010,11937508,4930,0,1285,1286,0,42,9,6084915,7556,6057959,1700,0.000000,0.363816,0.376395,6147,0,238.76,6083730,6083709,704,8237,SUCCESS,25048,0,equal,39442944,5311776,0,125872896,,,,,319,527,used,,,,20260910-0005
2026-09-10 07:51:36,HAUSP-UB[noEUCS],LEVIATHAN,85,2,0.003000,0.000,0.010,12094813,4988,0,1320,1320,0,43,9,6199085,7608,6171747,1732,0.000000,0.363834,0.376330,6231,0,244.11,6197924,6197886,719,8282,SUCCESS,25386,0,equal,39657472,5383552,0,128376064,,,,,312,532,used,,,,20260910-0005
2026-09-10 07:51:38,HAUSP-UB[noEUCS],LEVIATHAN,86,2,0.003000,0.000,0.010,12271680,5046,0,1366,1366,0,43,10,6346098,7675,6318157,1770,0.000000,0.364940,0.377666,6364,0,246.83,6344967,6344888,753,8355,SUCCESS,25965,0,equal,38948864,5459168,0,132892032,,,,,318,524,used,,,,20260910-0005
2026-09-10 07:51:39,HAUSP-UB[noEUCS],LEVIATHAN,87,2,0.003000,0.000,0.010,12401148,5104,0,1393,1393,0,44,10,6394787,7735,6366635,1801,0.000000,0.365606,0.378343,6378,0,254.25,6393629,6393573,736,8413,SUCCESS,26130,0,equal,39067648,5525408,0,136569728,,,,,317,538,used,,,,20260910-0005
2026-09-10 07:51:41,HAUSP-UB[noEUCS],LEVIATHAN,88,2,0.003000,0.000,0.010,12530900,5162,0,1410,1411,0,44,10,6416079,7764,6387898,1819,0.000000,0.364511,0.377241,6356,0,256.53,6414891,6414856,713,8445,SUCCESS,26143,0,equal,37801984,5586944,0,138967296,,,,,320,539,used,,,,20260910-0005
2026-09-10 07:51:42,HAUSP-UB[noEUCS],LEVIATHAN,89,2,0.003000,0.000,0.010,12649430,5220,0,1418,1418,0,44,10,6394209,7786,6366163,1791,0.000000,0.364012,0.376719,6319,0,250.28,6393012,6392982,711,8471,SUCCESS,26041,0,equal,41197568,5639648,0,140613504,,,,,324,538,used,,,,20260910-0005
2026-09-10 07:51:44,HAUSP-UB[noEUCS],LEVIATHAN,90,2,0.003000,0.000,0.010,12792913,5278,0,1431,1431,0,44,10,6395834,7824,6367796,1799,0.000000,0.364110,0.376937,6311,0,256.74,6394638,6394600,723,8509,SUCCESS,26014,0,equal,42090496,5703552,0,142913280,,,,,324,549,used,,,,20260910-0005
2026-09-10 07:51:45,HAUSP-UB[noEUCS],LEVIATHAN,91,2,0.003000,0.000,0.010,12927565,5336,0,1442,1442,0,44,10,6394775,7870,6366793,1820,0.000000,0.363991,0.376783,6302,0,261.56,6393586,6393546,725,8552,SUCCESS,25935,0,equal,42793728,5763776,0,145315328,,,,,323,550,used,,,,20260910-0005
2026-09-10 07:51:46,HAUSP-UB[noEUCS],LEVIATHAN,92,2,0.003000,0.000,0.010,13065418,5394,0,1463,1463,0,44,10,6434908,7905,6406886,1798,0.000000,0.362919,0.375657,6277,0,267.22,6433712,6433671,723,8590,SUCCESS,26000,0,equal,43759616,5833632,0,147307392,,,,,325,549,used,,,,20260910-0005
2026-09-10 07:51:48,HAUSP-UB[noEUCS],LEVIATHAN,93,2,0.003000,0.000,0.010,13220792,5452,0,1480,1480,0,44,10,6446152,8013,6418082,1781,0.000000,0.363139,0.375876,6288,0,272.63,6445013,6444909,789,8696,SUCCESS,26051,0,equal,41429760,5898400,0,154683264,,,,,324,562,used,,,,20260910-0005
2026-09-10 07:51:49,HAUSP-UB[noEUCS],LEVIATHAN,94,2,0.003000,0.000,0.010,13372324,5510,0,1496,1497,0,44,10,6465389,8073,6437276,1822,0.000000,0.362981,0.375712,6306,0,280.22,6464203,6464149,737,8753,SUCCESS,26052,0,equal,41390080,5963328,0,158580736,,,,,324,563,used,,,,20260910-0005
2026-09-10 07:51:51,HAUSP-UB[noEUCS],LEVIATHAN,95,2,0.003000,0.000,0.010,13527504,5568,0,1521,1521,0,44,10,6525501,8124,6497193,1825,0.000000,0.364463,0.377197,6390,0,282.19,6524313,6524256,737,8807,SUCCESS,26252,0,equal,38744064,6030656,0,162164224,,,,,328,559,used,,,,20260910-0005
2026-09-10 07:51:52,HAUSP-UB[noEUCS],LEVIATHAN,96,2,0.003000,0.000,0.010,13648981,5626,0,1538,1538,0,45,10,6544055,8154,6515658,1833,0.000000,0.364971,0.377783,6417,0,278.41,6542845,6542809,719,8840,SUCCESS,26338,0,equal,43462656,6086656,0,164346752,,,,,331,557,used,,,,20260910-0005
2026-09-10 07:51:54,HAUSP-UB[noEUCS],LEVIATHAN,97,2,0.003000,0.000,0.010,13813853,5684,0,1577,1577,0,45,10,6640921,8205,6612175,1819,0.000000,0.366619,0.379446,6519,0,283.19,6639729,6639672,743,8894,SUCCESS,26702,0,equal,44138496,6158400,0,167674240,,,,,332,557,used,,,,20260910-0005
2026-09-10 07:51:56,HAUSP-UB[noEUCS],LEVIATHAN,98,2,0.003000,0.000,0.010,13937535,5742,0,1570,1570,0,45,10,6528613,8261,6500210,1794,0.000000,0.366675,0.379476,6460,0,290.89,6527421,6527369,741,8948,SUCCESS,26383,0,equal,44441600,6207360,0,171267968,,,,,333,559,used,,,,20260910-0005
2026-09-10 07:51:57,HAUSP-UB[noEUCS],LEVIATHAN,99,2,0.003000,0.000,0.010,14156241,5834,0,1603,1603,0,45,10,6599011,8336,6570516,1777,0.000000,0.366961,0.379732,6511,0,296.29,6597840,6597761,766,9025,SUCCESS,26495,0,equal,44281856,6312032,0,176057600,,,,,336,559,used,,,,20260910-0005
2026-09-10 07:52:14,HAUSP-UB[noEUCS],SIGN,0,0,0.003000,0.000,0.100,150462,73,0,16195,16195,0,3719,2617,234281427,0,227491900,72779,0.000000,0.328417,0.328419,418152,0,11.99,234281427,234280541,886,189,SUCCESS,6789527,0,equal,498560,115328,0,89728,,,,,72779,0,used,,,,20260910-0005
2026-09-10 07:52:19,HAUSP-UB[noEUCS],SIGN,1,0,0.003000,0.000,0.100,319686,146,0,5590,5590,0,1034,531,106349081,2,104965474,143,0.000000,0.178773,0.178783,23387,0,13.65,106348892,106348841,748,217,SUCCESS,1383605,0,equal,1124352,242848,0,202240,,,,,143,2,used,,,,20260910-0005
2026-09-10 07:52:25,HAUSP-UB[noEUCS],SIGN,2,0,0.003000,0.000,0.100,483442,219,0,5693,5693,0,897,414,102147581,13,101073394,101,0.000000,0.183297,0.183310,18273,0,14.99,102147365,102147338,747,230,SUCCESS,1074175,0,equal,1623040,364640,0,299648,,,,,101,12,used,,,,20260910-0005
2026-09-10 07:52:31,HAUSP-UB[noEUCS],SIGN,3,0,0.003000,0.000,0.100,642036,292,0,6196,6196,0,850,360,102988598,22,102048886,61,0.000000,0.181681,0.181697,17303,0,16.66,102988371,102988330,775,246,SUCCESS,939693,0,equal,2261504,486720,0,429952,,,,,61,19,used,,,,20260910-0005
2026-09-10 07:52:38,HAUSP-UB[noEUCS],SIGN,4,0,0.003000,0.000,0.100,783826,365,0,6178,6179,0,750,307,92800299,27,92001470,53,0.000000,0.186821,0.186840,16964,0,18.26,92800063,92800063,752,251,SUCCESS,798812,0,equal,2921472,599808,0,529920,,,,,53,17,used,,,,20260910-0005
2026-09-10 07:52:44,HAUSP-UB[noEUCS],SIGN,5,0,0.003000,0.000,0.100,955150,438,0,6113,6113,0,671,265,85023548,33,84336125,53,0.000000,0.184860,0.184882,14594,0,19.33,85023309,85023306,757,255,SUCCESS,687402,0,equal,3275776,721888,0,611584,,,,,53,21,used,,,,20260910-0005
2026-09-10 07:52:50,HAUSP-UB[noEUCS],SIGN,6,0,0.003000,0.000,0.100,1122804,511,0,5972,5972,0,609,234,78234112,30,77627797,73,0.000000,0.180547,0.180576,12908,0,20.67,78233873,78233873,743,264,SUCCESS,606301,0,equal,3768320,834048,0,723328,,,,,73,14,used,,,,20260910-0005
2026-09-10 07:52:56,HAUSP-UB[noEUCS],SIGN,7,0,0.003000,0.000,0.100,1316615,584,0,6725,6725,0,640,236,84148511,30,83536262,65,0.000000,0.177132,0.177159,12887,0,22.35,84148261,84148261,740,267,SUCCESS,612233,0,equal,4407296,963200,0,859776,,,,,65,16,used,,,,20260910-0005
2026-09-10 07:53:03,HAUSP-UB[noEUCS],SIGN,8,0,0.003000,0.000,0.100,1479851,657,0,6843,6844,0,606,219,80458536,31,79888646,69,0.000000,0.176430,0.176458,12099,0,24.31,80458285,80458285,737,267,SUCCESS,569875,0,equal,5242880,1080704,0,966016,,,,,69,15,used,,,,20260910-0005
2026-09-10 07:53:11,HAUSP-UB[noEUCS],SIGN,9,0,0.003000,0.000,0.100,1668652,730,0,7872,7872,0,650,229,87193705,32,86599744,60,0.000000,0.176058,0.176085,12666,0,25.21,87193456,87193443,754,267,SUCCESS,593947,0,equal,5608448,1214656,0,1055488,,,,,60,14,used,,,,20260910-0005
2026-09-10 07:53:28,HAUSP-UB[noEUCS],SIGN,0,1,0.003000,0.000,0.100,150462,73,0,16158,16159,0,3715,2605,234281427,0,227491900,72779,0.000000,0.328417,0.328419,418152,0,11.96,234281427,234280541,886,189,SUCCESS,6789527,0,equal,498560,115328,0,89728,,,,,72779,0,used,,,,20260910-0005
2026-09-10 07:53:33,HAUSP-UB[noEUCS],SIGN,1,1,0.003000,0.000,0.100,319686,146,0,5591,5591,0,1037,532,106349081,2,104965474,143,0.000000,0.178773,0.178783,23387,0,13.61,106348892,106348841,748,217,SUCCESS,1383605,0,equal,1124352,242848,0,202240,,,,,143,2,used,,,,20260910-0005
2026-09-10 07:53:39,HAUSP-UB[noEUCS],SIGN,2,1,0.003000,0.000,0.100,483442,219,0,5697,5697,0,898,413,102147581,13,101073394,101,0.000000,0.183297,0.183310,18273,0,14.95,102147365,102147338,747,230,SUCCESS,1074175,0,equal,1623040,364640,0,299648,,,,,101,12,used,,,,20260910-0005
2026-09-10 07:53:45,HAUSP-UB[noEUCS],SIGN,3,1,0.003000,0.000,0.100,642036,292,0,6199,6200,0,853,361,102988598,22,102048886,61,0.000000,0.181681,0.181697,17303,0,16.61,102988371,102988330,775,246,SUCCESS,939693,0,equal,2261504,486720,0,429952,,,,,61,19,used,,,,20260910-0005
2026-09-10 07:53:51,HAUSP-UB[noEUCS],SIGN,4,1,0.003000,0.000,0.100,783826,365,0,6178,6179,0,751,309,92800299,27,92001470,53,0.000000,0.186821,0.186840,16964,0,18.27,92800063,92800063,752,251,SUCCESS,798812,0,equal,2921472,599808,0,529920,,,,,53,17,used,,,,20260910-0005
2026-09-10 07:53:57,HAUSP-UB[noEUCS],SIGN,5,1,0.003000,0.000,0.100,955150,438,0,6115,6115,0,672,266,85023548,33,84336125,53,0.000000,0.184860,0.184882,14594,0,19.29,85023309,85023306,757,255,SUCCESS,687402,0,equal,3275776,721888,0,611584,,,,,53,21,used,,,,20260910-0005
2026-09-10 07:54:03,HAUSP-UB[noEUCS],SIGN,6,1,0.003000,0.000,0.100,1122804,511,0,5969,5969,0,608,234,78234112,30,77627797,73,0.000000,0.180547,0.180576,12908,0,20.63,78233873,78233873,743,264,SUCCESS,606301,0,equal,3768320,834048,0,723328,,,,,73,14,used,,,,20260910-0005
2026-09-10 07:54:10,HAUSP-UB[noEUCS],SIGN,7,1,0.003000,0.000,0.100,1316615,584,0,6719,6719,0,639,235,84148511,30,83536262,65,0.000000,0.177132,0.177159,12887,0,22.31,84148261,84148261,740,267,SUCCESS,612233,0,equal,4407296,963200,0,859776,,,,,65,16,used,,,,20260910-0005
2026-09-10 07:54:17,HAUSP-UB[noEUCS],SIGN,8,1,0.003000,0.000,0.100,1479851,657,0,6844,6844,0,607,218,80458536,31,79888646,69,0.000000,0.176430,0.176458,12099,0,24.31,80458285,80458285,737,267,SUCCESS,569875,0,equal,5242880,1080704,0,966016,,,,,69,15,used,,,,20260910-0005
2026-09-10 07:54:25,HAUSP-UB[noEUCS],SIGN,9,1,0.003000,0.000,0.100,1668652,730,0,7881,7881,0,646,229,87193705,32,86599744,60,0.000000,0.176058,0.176085,12666,0,25.21,87193456,87193443,754,267,SUCCESS,593947,0,equal,5608448,1214656,0,1055488,,,,,60,14,used,,,,20260910-0005
2026-09-10 07:54:41,HAUSP-UB[noEUCS],SIGN,0,2,0.003000,0.000,0.100,150462,73,0,16172,16172,0,3716,2608,234281427,0,227491900,72779,0.000000,0.328417,0.328419,418152,0,11.95,234281427,234280541,886,189,SUCCESS,6789527,0,equal,498560,115328,0,89728,,,,,72779,0,used,,,,20260910-0005
2026-09-10 07:54:47,HAUSP-UB[noEUCS],SIGN,1,2,0.003000,0.000,0.100,319686,146,0,5572,5572,0,1031,529,106349081,2,104965474,143,0.000000,0.178773,0.178783,23387,0,13.61,106348892,106348841,748,217,SUCCESS,1383605,0,equal,1124352,242848,0,202240,,,,,143,2,used,,,,20260910-0005
2026-09-10 07:54:53,HAUSP-UB[noEUCS],SIGN,2,2,0.003000,0.000,0.100,483442,219,0,5686,5686,0,895,414,102147581,13,101073394,101,0.000000,0.183297,0.183310,18273,0,14.95,102147365,102147338,747,230,SUCCESS,1074175,0,equal,1623040,364640,0,299648,,,,,101,12,used,,,,20260910-0005
2026-09-10 07:54:59,HAUSP-UB[noEUCS],SIGN,3,2,0.003000,0.000,0.100,642036,292,0,6188,6188,0,848,361,102988598,22,102048886,61,0.000000,0.181681,0.181697,17303,0,16.62,102988371,102988330,775,246,SUCCESS,939693,0,equal,2261504,486720,0,429952,,,,,61,19,used,,,,20260910-0005
2026-09-10 07:55:05,HAUSP-UB[noEUCS],SIGN,4,2,0.003000,0.000,0.100,783826,365,0,6166,6166,0,749,307,92800299,27,92001470,53,0.000000,0.186821,0.186840,16964,0,18.28,92800063,92800063,752,251,SUCCESS,798812,0,equal,2921472,599808,0,529920,,,,,53,17,used,,,,20260910-0005
2026-09-10 07:55:11,HAUSP-UB[noEUCS],SIGN,5,2,0.003000,0.000,0.100,955150,438,0,6101,6101,0,669,264,85023548,33,84336125,53,0.000000,0.184860,0.184882,14594,0,19.31,85023309,85023306,757,255,SUCCESS,687402,0,equal,3275776,721888,0,611584,,,,,53,21,used,,,,20260910-0005
2026-09-10 07:55:17,HAUSP-UB[noEUCS],SIGN,6,2,0.003000,0.000,0.100,1122804,511,0,5959,5959,0,607,233,78234112,30,77627797,73,0.000000,0.180547,0.180576,12908,0,20.66,78233873,78233873,743,264,SUCCESS,606301,0,equal,3768320,834048,0,723328,,,,,73,14,used,,,,20260910-0005
2026-09-10 07:55:24,HAUSP-UB[noEUCS],SIGN,7,2,0.003000,0.000,0.100,1316615,584,0,6714,6714,0,639,235,84148511,30,83536262,65,0.000000,0.177132,0.177159,12887,0,22.33,84148261,84148261,740,267,SUCCESS,612233,0,equal,4407296,963200,0,859776,,,,,65,16,used,,,,20260910-0005
2026-09-10 07:55:31,HAUSP-UB[noEUCS],SIGN,8,2,0.003000,0.000,0.100,1479851,657,0,6835,6835,0,606,218,80458536,31,79888646,69,0.000000,0.176430,0.176458,12099,0,24.34,80458285,80458285,737,267,SUCCESS,569875,0,equal,5242880,1080704,0,966016,,,,,69,15,used,,,,20260910-0005
2026-09-10 07:55:39,HAUSP-UB[noEUCS],SIGN,9,2,0.003000,0.000,0.100,1668652,730,0,7872,7872,0,648,228,87193705,32,86599744,60,0.000000,0.176058,0.176085,12666,0,25.21,87193456,87193443,754,267,SUCCESS,593947,0,equal,5608448,1214656,0,1055488,,,,,60,14,used,,,,20260910-0005
,HAUSP-UB[noEUCS],SIGN,0,0,0.003000,0.000,0.050,0,0,0,0,0,0,0,0,0,0,0,0,0.000000,0.000000,0.000000,0,0,0.00,0,0,0,0,OT,0,0,equal,,,,,,,,,,,used,,,,20260910-0005
,HAUSP-UB[noEUCS],SIGN,1,0,0.003000,0.000,0.050,0,0,0,0,0,0,0,0,0,0,0,0,0.000000,0.000000,0.000000,0,0,0.00,0,0,0,0,SKIPPED,0,0,equal,,,,,,,,,,,used,,,,20260910-0005
,HAUSP-UB[noEUCS],SIGN,2,0,0.003000,0.000,0.050,0,0,0,0,0,0,0,0,0,0,0,0,0.000000,0.000000,0.000000,0,0,0.00,0,0,0,0,SKIPPED,0,0,equal,,,,,,,,,,,used,,,,20260910-0005
,HAUSP-UB[noEUCS],SIGN,3,0,0.003000,0.000,0.050,0,0,0,0,0,0,0,0,0,0,0,0,0.000000,0.000000,0.000000,0,0,0.00,0,0,0,0,SKIPPED,0,0,equal,,,,,,,,,,,used,,,,20260910-0005
,HAUSP-UB[noEUCS],SIGN,4,0,0.003000,0.000,0.050,0,0,0,0,0,0,0,0,0,0,0,0,0.000000,0.000000,0.000000,0,0,0.00,0,0,0,0,SKIPPED,0,0,equal,,,,,,,,,,,used,,,,20260910-0005
,HAUSP-UB[noEUCS],SIGN,5,0,0.003000,0.000,0.050,0,0,0,0,0,0,0,0,0,0,0,0,0.000000,0.000000,0.000000,0,0,0.00,0,0,0,0,SKIPPED,0,0,equal,,,,,,,,,,,used,,,,20260910-0005
,HAUSP-UB[noEUCS],SIGN,6,0,0.003000,0.000,0.050,0,0,0,0,0,0,0,0,0,0,0,0,0.000000,0.000000,0.000000,0,0,0.00,0,0,0,0,SKIPPED,0,0,equal,,,,,,,,,,,used,,,,20260910-0005
,HAUSP-UB[noEUCS],SIGN,7,0,0.003000,0.000,0.050,0,0,0,0,0,0,0,0,0,0,0,0,0.000000,0.000000,0.000000,0,0,0.00,0,0,0,0,SKIPPED,0,0,equal,,,,,,,,,,,used,,,,20260910-0005
,HAUSP-UB[noEUCS],SIGN,8,0,0.003000,0.000,0.050,0,0,0,0,0,0,0,0,0,0,0,0,0.000000,0.000000,0.000000,0,0,0.00,0,0,0,0,SKIPPED,0,0,equal,,,,,,,,,,,used,,,,20260910-0005
,HAUSP-UB[noEUCS],SIGN,9,0,0.003000,0.000,0.050,0,0,0,0,0,0,0,0,0,0,0,0,0.000000,0.000000,0.000000,0,0,0.00,0,0,0,0,SKIPPED,0,0,equal,,,,,,,,,,,used,,,,20260910-0005
,HAUSP-UB[noEUCS],SIGN,10,0,0.003000,0.000,0.050,0,0,0,0,0,0,0,0,0,0,0,0,0.000000,0.000000,0.000000,0,0,0.00,0,0,0,0,SKIPPED,0,0,equal,,,,,,,,,,,used,,,,20260910-0005
,HAUSP-UB[noEUCS],SIGN,11,0,0.003000,0.000,0.050,0,0,0,0,0,0,0,0,0,0,0,0,0.000000,0.000000,0.000000,0,0,0.00,0,0,0,0,SKIPPED,0,0,equal,,,,,,,,,,,used,,,,20260910-0005
,HAUSP-UB[noEUCS],SIGN,12,0,0.003000,0.000,0.050,0,0,0,0,0,0,0,0,0,0,0,0,0.000000,0.000000,0.000000,0,0,0.00,0,0,0,0,SKIPPED,0,0,equal,,,,,,,,,,,used,,,,20260910-0005
,HAUSP-UB[noEUCS],SIGN,13,0,0.003000,0.000,0.050,0,0,0,0,0,0,0,0,0,0,0,0,0.000000,0.000000,0.000000,0,0,0.00,0,0,0,0,SKIPPED,0,0,equal,,,,,,,,,,,used,,,,20260910-0005
,HAUSP-UB[noEUCS],SIGN,14,0,0.003000,0.000,0.050,0,0,0,0,0,0,0,0,0,0,0,0,0.000000,0.000000,0.000000,0,0,0.00,0,0,0,0,SKIPPED,0,0,equal,,,,,,,,,,,used,,,,20260910-0005
,HAUSP-UB[noEUCS],SIGN,15,0,0.003000,0.000,0.050,0,0,0,0,0,0,0,0,0,0,0,0,0.000000,0.000000,0.000000,0,0,0.00,0,0,0,0,SKIPPED,0,0,equal,,,,,,,,,,,used,,,,20260910-0005
,HAUSP-UB[noEUCS],SIGN,16,0,0.003000,0.000,0.050,0,0,0,0,0,0,0,0,0,0,0,0,0.000000,0.000000,0.000000,0,0,0.00,0,0,0,0,SKIPPED,0,0,equal,,,,,,,,,,,used,,,,20260910-0005
,HAUSP-UB[noEUCS],SIGN,17,0,0.003000,0.000,0.050,0,0,0,0,0,0,0,0,0,0,0,0,0.000000,0.000000,0.000000,0,0,0.00,0,0,0,0,SKIPPED,0,0,equal,,,,,,,,,,,used,,,,20260910-0005
,HAUSP-UB[noEUCS],SIGN,18,0,0.003000,0.000,0.050,0,0,0,0,0,0,0,0,0,0,0,0,0.000000,0.000000,0.000000,0,0,0.00,0,0,0,0,SKIPPED,0,0,equal,,,,,,,,,,,used,,,,20260910-0005
,HAUSP-UB[noEUCS],SIGN,19,0,0.003000,0.000,0.050,0,0,0,0,0,0,0,0,0,0,0,0,0.000000,0.000000,0.000000,0,0,0.00,0,0,0,0,SKIPPED,0,0,equal,,,,,,,,,,,used,,,,20260910-0005
,HAUSP-UB[noEUCS],SIGN,0,0,0.003000,0.000,0.020,0,0,0,0,0,0,0,0,0,0,0,0,0.000000,0.000000,0.000000,0,0,0.00,0,0,0,0,OT,0,0,equal,,,,,,,,,,,used,,,,20260910-0005
,HAUSP-UB[noEUCS],SIGN,1,0,0.003000,0.000,0.020,0,0,0,0,0,0,0,0,0,0,0,0,0.000000,0.000000,0.000000,0,0,0.00,0,0,0,0,SKIPPED,0,0,equal,,,,,,,,,,,used,,,,20260910-0005
,HAUSP-UB[noEUCS],SIGN,2,0,0.003000,0.000,0.020,0,0,0,0,0,0,0,0,0,0,0,0,0.000000,0.000000,0.000000,0,0,0.00,0,0,0,0,SKIPPED,0,0,equal,,,,,,,,,,,used,,,,20260910-0005
,HAUSP-UB[noEUCS],SIGN,3,0,0.003000,0.000,0.020,0,0,0,0,0,0,0,0,0,0,0,0,0.000000,0.000000,0.000000,0,0,0.00,0,0,0,0,SKIPPED,0,0,equal,,,,,,,,,,,used,,,,20260910-0005
,HAUSP-UB[noEUCS],SIGN,4,0,0.003000,0.000,0.020,0,0,0,0,0,0,0,0,0,0,0,0,0.000000,0.000000,0.000000,0,0,0.00,0,0,0,0,SKIPPED,0,0,equal,,,,,,,,,,,used,,,,20260910-0005
,HAUSP-UB[noEUCS],SIGN,5,0,0.003000,0.000,0.020,0,0,0,0,0,0,0,0,0,0,0,0,0.000000,0.000000,0.000000,0,0,0.00,0,0,0,0,SKIPPED,0,0,equal,,,,,,,,,,,used,,,,20260910-0005
,HAUSP-UB[noEUCS],SIGN,6,0,0.003000,0.000,0.020,0,0,0,0,0,0,0,0,0,0,0,0,0.000000,0.000000,0.000000,0,0,0.00,0,0,0,0,SKIPPED,0,0,equal,,,,,,,,,,,used,,,,20260910-0005
,HAUSP-UB[noEUCS],SIGN,7,0,0.003000,0.000,0.020,0,0,0,0,0,0,0,0,0,0,0,0,0.000000,0.000000,0.000000,0,0,0.00,0,0,0,0,SKIPPED,0,0,equal,,,,,,,,,,,used,,,,20260910-0005
,HAUSP-UB[noEUCS],SIGN,8,0,0.003000,0.000,0.020,0,0,0,0,0,0,0,0,0,0,0,0,0.000000,0.000000,0.000000,0,0,0.00,0,0,0,0,SKIPPED,0,0,equal,,,,,,,,,,,used,,,,20260910-0005
,HAUSP-UB[noEUCS],SIGN,9,0,0.003000,0.000,0.020,0,0,0,0,0,0,0,0,0,0,0,0,0.000000,0.000000,0.000000,0,0,0.00,0,0,0,0,SKIPPED,0,0,equal,,,,,,,,,,,used,,,,20260910-0005
,HAUSP-UB[noEUCS],SIGN,10,0,0.003000,0.000,0.020,0,0,0,0,0,0,0,0,0,0,0,0,0.000000,0.000000,0.000000,0,0,0.00,0,0,0,0,SKIPPED,0,0,equal,,,,,,,,,,,used,,,,20260910-0005
,HAUSP-UB[noEUCS],SIGN,11,0,0.003000,0.000,0.020,0,0,0,0,0,0,0,0,0,0,0,0,0.000000,0.000000,0.000000,0,0,0.00,0,0,0,0,SKIPPED,0,0,equal,,,,,,,,,,,used,,,,20260910-0005
,HAUSP-UB[noEUCS],SIGN,12,0,0.003000,0.000,0.020,0,0,0,0,0,0,0,0,0,0,0,0,0.000000,0.000000,0.000000,0,0,0.00,0,0,0,0,SKIPPED,0,0,equal,,,,,,,,,,,used,,,,20260910-0005
,HAUSP-UB[noEUCS],SIGN,13,0,0.003000,0.000,0.020,0,0,0,0,0,0,0,0,0,0,0,0,0.000000,0.000000,0.000000,0,0,0.00,0,0,0,0,SKIPPED,0,0,equal,,,,,,,,,,,used,,,,20260910-0005
,HAUSP-UB[noEUCS],SIGN,14,0,0.003000,0.000,0.020,0,0,0,0,0,0,0,0,0,0,0,0,0.000000,0.000000,0.000000,0,0,0.00,0,0,0,0,SKIPPED,0,0,equal,,,,,,,,,,,used,,,,20260910-0005
,HAUSP-UB[noEUCS],SIGN,15,0,0.003000,0.000,0.020,0,0,0,0,0,0,0,0,0,0,0,0,0.000000,0.000000,0.000000,0,0,0.00,0,0,0,0,SKIPPED,0,0,equal,,,,,,,,,,,used,,,,20260910-0005
,HAUSP-UB[noEUCS],SIGN,16,0,0.003000,0.000,0.020,0,0,0,0,0,0,0,0,0,0,0,0,0.000000,0.000000,0.000000,0,0,0.00,0,0,0,0,SKIPPED,0,0,equal,,,,,,,,,,,used,,,,20260910-0005
,HAUSP-UB[noEUCS],SIGN,17,0,0.003000,0.000,0.020,0,0,0,0,0,0,0,0,0,0,0,0,0.000000,0.000000,0.000000,0,0,0.00,0,0,0,0,SKIPPED,0,0,equal,,,,,,,,,,,used,,,,20260910-0005
,HAUSP-UB[noEUCS],SIGN,18,0,0.003000,0.000,0.020,0,0,0,0,0,0,0,0,0,0,0,0,0.000000,0.000000,0.000000,0,0,0.00,0,0,0,0,SKIPPED,0,0,equal,,,,,,,,,,,used,,,,20260910-0005
,HAUSP-UB[noEUCS],SIGN,19,0,0.003000,0.000,0.020,0,0,0,0,0,0,0,0,0,0,0,0,0.000000,0.000000,0.000000,0,0,0.00,0,0,0,0,SKIPPED,0,0,equal,,,,,,,,,,,used,,,,20260910-0005
,HAUSP-UB[noEUCS],SIGN,20,0,0.003000,0.000,0.020,0,0,0,0,0,0,0,0,0,0,0,0,0.000000,0.000000,0.000000,0,0,0.00,0,0,0,0,SKIPPED,0,0,equal,,,,,,,,,,,used,,,,20260910-0005
,HAUSP-UB[noEUCS],SIGN,21,0,0.003000,0.000,0.020,0,0,0,0,0,0,0,0,0,0,0,0,0.000000,0.000000,0.000000,0,0,0.00,0,0,0,0,SKIPPED,0,0,equal,,,,,,,,,,,used,,,,20260910-0005
,HAUSP-UB[noEUCS],SIGN,22,0,0.003000,0.000,0.020,0,0,0,0,0,0,0,0,0,0,0,0,0.000000,0.000000,0.000000,0,0,0.00,0,0,0,0,SKIPPED,0,0,equal,,,,,,,,,,,used,,,,20260910-0005
,HAUSP-UB[noEUCS],SIGN,23,0,0.003000,0.000,0.020,0,0,0,0,0,0,0,0,0,0,0,0,0.000000,0.000000,0.000000,0,0,0.00,0,0,0,0,SKIPPED,0,0,equal,,,,,,,,,,,used,,,,20260910-0005
,HAUSP-UB[noEUCS],SIGN,24,0,0.003000,0.000,0.020,0,0,0,0,0,0,0,0,0,0,0,0,0.000000,0.000000,0.000000,0,0,0.00,0,0,0,0,SKIPPED,0,0,equal,,,,,,,,,,,used,,,,20260910-0005
,HAUSP-UB[noEUCS],SIGN,25,0,0.003000,0.000,0.020,0,0,0,0,0,0,0,0,0,0,0,0,0.000000,0.000000,0.000000,0,0,0.00,0,0,0,0,SKIPPED,0,0,equal,,,,,,,,,,,used,,,,20260910-0005
,HAUSP-UB[noEUCS],SIGN,26,0,0.003000,0.000,0.020,0,0,0,0,0,0,0,0,0,0,0,0,0.000000,0.000000,0.000000,0,0,0.00,0,0,0,0,SKIPPED,0,0,equal,,,,,,,,,,,used,,,,20260910-0005
,HAUSP-UB[noEUCS],SIGN,27,0,0.003000,0.000,0.020,0,0,0,0,0,0,0,0,0,0,0,0,0.000000,0.000000,0.000000,0,0,0.00,0,0,0,0,SKIPPED,0,0,equal,,,,,,,,,,,used,,,,20260910-0005
,HAUSP-UB[noEUCS],SIGN,28,0,0.003000,0.000,0.020,0,0,0,0,0,0,0,0,0,0,0,0,0.000000,0.000000,0.000000,0,0,0.00,0,0,0,0,SKIPPED,0,0,equal,,,,,,,,,,,used,,,,20260910-0005
,HAUSP-UB[noEUCS],SIGN,29,0,0.003000,0.000,0.020,0,0,0,0,0,0,0,0,0,0,0,0,0.000000,0.000000,0.000000,0,0,0.00,0,0,0,0,SKIPPED,0,0,equal,,,,,,,,,,,used,,,,20260910-0005
,HAUSP-UB[noEUCS],SIGN,30,0,0.003000,0.000,0.020,0,0,0,0,0,0,0,0,0,0,0,0,0.000000,0.000000,0.000000,0,0,0.00,0,0,0,0,SKIPPED,0,0,equal,,,,,,,,,,,used,,,,20260910-0005
,HAUSP-UB[noEUCS],SIGN,31,0,0.003000,0.000,0.020,0,0,0,0,0,0,0,0,0,0,0,0,0.000000,0.000000,0.000000,0,0,0.00,0,0,0,0,SKIPPED,0,0,equal,,,,,,,,,,,used,,,,20260910-0005
,HAUSP-UB[noEUCS],SIGN,32,0,0.003000,0.000,0.020,0,0,0,0,0,0,0,0,0,0,0,0,0.000000,0.000000,0.000000,0,0,0.00,0,0,0,0,SKIPPED,0,0,equal,,,,,,,,,,,used,,,,20260910-0005
,HAUSP-UB[noEUCS],SIGN,33,0,0.003000,0.000,0.020,0,0,0,0,0,0,0,0,0,0,0,0,0.000000,0.000000,0.000000,0,0,0.00,0,0,0,0,SKIPPED,0,0,equal,,,,,,,,,,,used,,,,20260910-0005
,HAUSP-UB[noEUCS],SIGN,34,0,0.003000,0.000,0.020,0,0,0,0,0,0,0,0,0,0,0,0,0.000000,0.000000,0.000000,0,0,0.00,0,0,0,0,SKIPPED,0,0,equal,,,,,,,,,,,used,,,,20260910-0005
,HAUSP-UB[noEUCS],SIGN,35,0,0.003000,0.000,0.020,0,0,0,0,0,0,0,0,0,0,0,0,0.000000,0.000000,0.000000,0,0,0.00,0,0,0,0,SKIPPED,0,0,equal,,,,,,,,,,,used,,,,20260910-0005
,HAUSP-UB[noEUCS],SIGN,36,0,0.003000,0.000,0.020,0,0,0,0,0,0,0,0,0,0,0,0,0.000000,0.000000,0.000000,0,0,0.00,0,0,0,0,SKIPPED,0,0,equal,,,,,,,,,,,used,,,,20260910-0005
,HAUSP-UB[noEUCS],SIGN,37,0,0.003000,0.000,0.020,0,0,0,0,0,0,0,0,0,0,0,0,0.000000,0.000000,0.000000,0,0,0.00,0,0,0,0,SKIPPED,0,0,equal,,,,,,,,,,,used,,,,20260910-0005
,HAUSP-UB[noEUCS],SIGN,38,0,0.003000,0.000,0.020,0,0,0,0,0,0,0,0,0,0,0,0,0.000000,0.000000,0.000000,0,0,0.00,0,0,0,0,SKIPPED,0,0,equal,,,,,,,,,,,used,,,,20260910-0005
,HAUSP-UB[noEUCS],SIGN,39,0,0.003000,0.000,0.020,0,0,0,0,0,0,0,0,0,0,0,0,0.000000,0.000000,0.000000,0,0,0.00,0,0,0,0,SKIPPED,0,0,equal,,,,,,,,,,,used,,,,20260910-0005
,HAUSP-UB[noEUCS],SIGN,40,0,0.003000,0.000,0.020,0,0,0,0,0,0,0,0,0,0,0,0,0.000000,0.000000,0.000000,0,0,0.00,0,0,0,0,SKIPPED,0,0,equal,,,,,,,,,,,used,,,,20260910-0005
,HAUSP-UB[noEUCS],SIGN,41,0,0.003000,0.000,0.020,0,0,0,0,0,0,0,0,0,0,0,0,0.000000,0.000000,0.000000,0,0,0.00,0,0,0,0,SKIPPED,0,0,equal,,,,,,,,,,,used,,,,20260910-0005
,HAUSP-UB[noEUCS],SIGN,42,0,0.003000,0.000,0.020,0,0,0,0,0,0,0,0,0,0,0,0,0.000000,0.000000,0.000000,0,0,0.00,0,0,0,0,SKIPPED,0,0,equal,,,,,,,,,,,used,,,,20260910-0005
,HAUSP-UB[noEUCS],SIGN,43,0,0.003000,0.000,0.020,0,0,0,0,0,0,0,0,0,0,0,0,0.000000,0.000000,0.000000,0,0,0.00,0,0,0,0,SKIPPED,0,0,equal,,,,,,,,,,,used,,,,20260910-0005
,HAUSP-UB[noEUCS],SIGN,44,0,0.003000,0.000,0.020,0,0,0,0,0,0,0,0,0,0,0,0,0.000000,0.000000,0.000000,0,0,0.00,0,0,0,0,SKIPPED,0,0,equal,,,,,,,,,,,used,,,,20260910-0005
,HAUSP-UB[noEUCS],SIGN,45,0,0.003000,0.000,0.020,0,0,0,0,0,0,0,0,0,0,0,0,0.000000,0.000000,0.000000,0,0,0.00,0,0,0,0,SKIPPED,0,0,equal,,,,,,,,,,,used,,,,20260910-0005
,HAUSP-UB[noEUCS],SIGN,46,0,0.003000,0.000,0.020,0,0,0,0,0,0,0,0,0,0,0,0,0.000000,0.000000,0.000000,0,0,0.00,0,0,0,0,SKIPPED,0,0,equal,,,,,,,,,,,used,,,,20260910-0005
,HAUSP-UB[noEUCS],SIGN,47,0,0.003000,0.000,0.020,0,0,0,0,0,0,0,0,0,0,0,0,0.000000,0.000000,0.000000,0,0,0.00,0,0,0,0,SKIPPED,0,0,equal,,,,,,,,,,,used,,,,20260910-0005
,HAUSP-UB[noEUCS],SIGN,48,0,0.003000,0.000,0.020,0,0,0,0,0,0,0,0,0,0,0,0,0.000000,0.000000,0.000000,0,0,0.00,0,0,0,0,SKIPPED,0,0,equal,,,,,,,,,,,used,,,,20260910-0005
,HAUSP-UB[noEUCS],SIGN,49,0,0.003000,0.000,0.020,0,0,0,0,0,0,0,0,0,0,0,0,0.000000,0.000000,0.000000,0,0,0.00,0,0,0,0,SKIPPED,0,0,equal,,,,,,,,,,,used,,,,20260910-0005
,HAUSP-UB[noEUCS],SIGN,0,0,0.003000,0.000,0.010,0,0,0,0,0,0,0,0,0,0,0,0,0.000000,0.000000,0.000000,0,0,0.00,0,0,0,0,OT,0,0,equal,,,,,,,,,,,used,,,,20260910-0005
,HAUSP-UB[noEUCS],SIGN,1,0,0.003000,0.000,0.010,0,0,0,0,0,0,0,0,0,0,0,0,0.000000,0.000000,0.000000,0,0,0.00,0,0,0,0,SKIPPED,0,0,equal,,,,,,,,,,,used,,,,20260910-0005
,HAUSP-UB[noEUCS],SIGN,2,0,0.003000,0.000,0.010,0,0,0,0,0,0,0,0,0,0,0,0,0.000000,0.000000,0.000000,0,0,0.00,0,0,0,0,SKIPPED,0,0,equal,,,,,,,,,,,used,,,,20260910-0005
,HAUSP-UB[noEUCS],SIGN,3,0,0.003000,0.000,0.010,0,0,0,0,0,0,0,0,0,0,0,0,0.000000,0.000000,0.000000,0,0,0.00,0,0,0,0,SKIPPED,0,0,equal,,,,,,,,,,,used,,,,20260910-0005
,HAUSP-UB[noEUCS],SIGN,4,0,0.003000,0.000,0.010,0,0,0,0,0,0,0,0,0,0,0,0,0.000000,0.000000,0.000000,0,0,0.00,0,0,0,0,SKIPPED,0,0,equal,,,,,,,,,,,used,,,,20260910-0005
,HAUSP-UB[noEUCS],SIGN,5,0,0.003000,0.000,0.010,0,0,0,0,0,0,0,0,0,0,0,0,0.000000,0.000000,0.000000,0,0,0.00,0,0,0,0,SKIPPED,0,0,equal,,,,,,,,,,,used,,,,20260910-0005
,HAUSP-UB[noEUCS],SIGN,6,0,0.003000,0.000,0.010,0,0,0,0,0,0,0,0,0,0,0,0,0.000000,0.000000,0.000000,0,0,0.00,0,0,0,0,SKIPPED,0,0,equal,,,,,,,,,,,used,,,,20260910-0005
,HAUSP-UB[noEUCS],SIGN,7,0,0.003000,0.000,0.010,0,0,0,0,0,0,0,0,0,0,0,0,0.000000,0.000000,0.000000,0,0,0.00,0,0,0,0,SKIPPED,0,0,equal,,,,,,,,,,,used,,,,20260910-0005
,HAUSP-UB[noEUCS],SIGN,8,0,0.003000,0.000,0.010,0,0,0,0,0,0,0,0,0,0,0,0,0.000000,0.000000,0.000000,0,0,0.00,0,0,0,0,SKIPPED,0,0,equal,,,,,,,,,,,used,,,,20260910-0005
,HAUSP-UB[noEUCS],SIGN,9,0,0.003000,0.000,0.010,0,0,0,0,0,0,0,0,0,0,0,0,0.000000,0.000000,0.000000,0,0,0.00,0,0,0,0,SKIPPED,0,0,equal,,,,,,,,,,,used,,,,20260910-0005
,HAUSP-UB[noEUCS],SIGN,10,0,0.003000,0.000,0.010,0,0,0,0,0,0,0,0,0,0,0,0,0.000000,0.000000,0.000000,0,0,0.00,0,0,0,0,SKIPPED,0,0,equal,,,,,,,,,,,used,,,,20260910-0005
,HAUSP-UB[noEUCS],SIGN,11,0,0.003000,0.000,0.010,0,0,0,0,0,0,0,0,0,0,0,0,0.000000,0.000000,0.000000,0,0,0.00,0,0,0,0,SKIPPED,0,0,equal,,,,,,,,,,,used,,,,20260910-0005
,HAUSP-UB[noEUCS],SIGN,12,0,0.003000,0.000,0.010,0,0,0,0,0,0,0,0,0,0,0,0,0.000000,0.000000,0.000000,0,0,0.00,0,0,0,0,SKIPPED,0,0,equal,,,,,,,,,,,used,,,,20260910-0005
,HAUSP-UB[noEUCS],SIGN,13,0,0.003000,0.000,0.010,0,0,0,0,0,0,0,0,0,0,0,0,0.000000,0.000000,0.000000,0,0,0.00,0,0,0,0,SKIPPED,0,0,equal,,,,,,,,,,,used,,,,20260910-0005
,HAUSP-UB[noEUCS],SIGN,14,0,0.003000,0.000,0.010,0,0,0,0,0,0,0,0,0,0,0,0,0.000000,0.000000,0.000000,0,0,0.00,0,0,0,0,SKIPPED,0,0,equal,,,,,,,,,,,used,,,,20260910-0005
,HAUSP-UB[noEUCS],SIGN,15,0,0.003000,0.000,0.010,0,0,0,0,0,0,0,0,0,0,0,0,0.000000,0.000000,0.000000,0,0,0.00,0,0,0,0,SKIPPED,0,0,equal,,,,,,,,,,,used,,,,20260910-0005
,HAUSP-UB[noEUCS],SIGN,16,0,0.003000,0.000,0.010,0,0,0,0,0,0,0,0,0,0,0,0,0.000000,0.000000,0.000000,0,0,0.00,0,0,0,0,SKIPPED,0,0,equal,,,,,,,,,,,used,,,,20260910-0005
,HAUSP-UB[noEUCS],SIGN,17,0,0.003000,0.000,0.010,0,0,0,0,0,0,0,0,0,0,0,0,0.000000,0.000000,0.000000,0,0,0.00,0,0,0,0,SKIPPED,0,0,equal,,,,,,,,,,,used,,,,20260910-0005
,HAUSP-UB[noEUCS],SIGN,18,0,0.003000,0.000,0.010,0,0,0,0,0,0,0,0,0,0,0,0,0.000000,0.000000,0.000000,0,0,0.00,0,0,0,0,SKIPPED,0,0,equal,,,,,,,,,,,used,,,,20260910-0005
,HAUSP-UB[noEUCS],SIGN,19,0,0.003000,0.000,0.010,0,0,0,0,0,0,0,0,0,0,0,0,0.000000,0.000000,0.000000,0,0,0.00,0,0,0,0,SKIPPED,0,0,equal,,,,,,,,,,,used,,,,20260910-0005
,HAUSP-UB[noEUCS],SIGN,20,0,0.003000,0.000,0.010,0,0,0,0,0,0,0,0,0,0,0,0,0.000000,0.000000,0.000000,0,0,0.00,0,0,0,0,SKIPPED,0,0,equal,,,,,,,,,,,used,,,,20260910-0005
,HAUSP-UB[noEUCS],SIGN,21,0,0.003000,0.000,0.010,0,0,0,0,0,0,0,0,0,0,0,0,0.000000,0.000000,0.000000,0,0,0.00,0,0,0,0,SKIPPED,0,0,equal,,,,,,,,,,,used,,,,20260910-0005
,HAUSP-UB[noEUCS],SIGN,22,0,0.003000,0.000,0.010,0,0,0,0,0,0,0,0,0,0,0,0,0.000000,0.000000,0.000000,0,0,0.00,0,0,0,0,SKIPPED,0,0,equal,,,,,,,,,,,used,,,,20260910-0005
,HAUSP-UB[noEUCS],SIGN,23,0,0.003000,0.000,0.010,0,0,0,0,0,0,0,0,0,0,0,0,0.000000,0.000000,0.000000,0,0,0.00,0,0,0,0,SKIPPED,0,0,equal,,,,,,,,,,,used,,,,20260910-0005
,HAUSP-UB[noEUCS],SIGN,24,0,0.003000,0.000,0.010,0,0,0,0,0,0,0,0,0,0,0,0,0.000000,0.000000,0.000000,0,0,0.00,0,0,0,0,SKIPPED,0,0,equal,,,,,,,,,,,used,,,,20260910-0005
,HAUSP-UB[noEUCS],SIGN,25,0,0.003000,0.000,0.010,0,0,0,0,0,0,0,0,0,0,0,0,0.000000,0.000000,0.000000,0,0,0.00,0,0,0,0,SKIPPED,0,0,equal,,,,,,,,,,,used,,,,20260910-0005
,HAUSP-UB[noEUCS],SIGN,26,0,0.003000,0.000,0.010,0,0,0,0,0,0,0,0,0,0,0,0,0.000000,0.000000,0.000000,0,0,0.00,0,0,0,0,SKIPPED,0,0,equal,,,,,,,,,,,used,,,,20260910-0005
,HAUSP-UB[noEUCS],SIGN,27,0,0.003000,0.000,0.010,0,0,0,0,0,0,0,0,0,0,0,0,0.000000,0.000000,0.000000,0,0,0.00,0,0,0,0,SKIPPED,0,0,equal,,,,,,,,,,,used,,,,20260910-0005
,HAUSP-UB[noEUCS],SIGN,28,0,0.003000,0.000,0.010,0,0,0,0,0,0,0,0,0,0,0,0,0.000000,0.000000,0.000000,0,0,0.00,0,0,0,0,SKIPPED,0,0,equal,,,,,,,,,,,used,,,,20260910-0005
,HAUSP-UB[noEUCS],SIGN,29,0,0.003000,0.000,0.010,0,0,0,0,0,0,0,0,0,0,0,0,0.000000,0.000000,0.000000,0,0,0.00,0,0,0,0,SKIPPED,0,0,equal,,,,,,,,,,,used,,,,20260910-0005
,HAUSP-UB[noEUCS],SIGN,30,0,0.003000,0.000,0.010,0,0,0,0,0,0,0,0,0,0,0,0,0.000000,0.000000,0.000000,0,0,0.00,0,0,0,0,SKIPPED,0,0,equal,,,,,,,,,,,used,,,,20260910-0005
,HAUSP-UB[noEUCS],SIGN,31,0,0.003000,0.000,0.010,0,0,0,0,0,0,0,0,0,0,0,0,0.000000,0.000000,0.000000,0,0,0.00,0,0,0,0,SKIPPED,0,0,equal,,,,,,,,,,,used,,,,20260910-0005
,HAUSP-UB[noEUCS],SIGN,32,0,0.003000,0.000,0.010,0,0,0,0,0,0,0,0,0,0,0,0,0.000000,0.000000,0.000000,0,0,0.00,0,0,0,0,SKIPPED,0,0,equal,,,,,,,,,,,used,,,,20260910-0005
,HAUSP-UB[noEUCS],SIGN,33,0,0.003000,0.000,0.010,0,0,0,0,0,0,0,0,0,0,0,0,0.000000,0.000000,0.000000,0,0,0.00,0,0,0,0,SKIPPED,0,0,equal,,,,,,,,,,,used,,,,20260910-0005
,HAUSP-UB[noEUCS],SIGN,34,0,0.003000,0.000,0.010,0,0,0,0,0,0,0,0,0,0,0,0,0.000000,0.000000,0.000000,0,0,0.00,0,0,0,0,SKIPPED,0,0,equal,,,,,,,,,,,used,,,,20260910-0005
,HAUSP-UB[noEUCS],SIGN,35,0,0.003000,0.000,0.010,0,0,0,0,0,0,0,0,0,0,0,0,0.000000,0.000000,0.000000,0,0,0.00,0,0,0,0,SKIPPED,0,0,equal,,,,,,,,,,,used,,,,20260910-0005
,HAUSP-UB[noEUCS],SIGN,36,0,0.003000,0.000,0.010,0,0,0,0,0,0,0,0,0,0,0,0,0.000000,0.000000,0.000000,0,0,0.00,0,0,0,0,SKIPPED,0,0,equal,,,,,,,,,,,used,,,,20260910-0005
,HAUSP-UB[noEUCS],SIGN,37,0,0.003000,0.000,0.010,0,0,0,0,0,0,0,0,0,0,0,0,0.000000,0.000000,0.000000,0,0,0.00,0,0,0,0,SKIPPED,0,0,equal,,,,,,,,,,,used,,,,20260910-0005
,HAUSP-UB[noEUCS],SIGN,38,0,0.003000,0.000,0.010,0,0,0,0,0,0,0,0,0,0,0,0,0.000000,0.000000,0.000000,0,0,0.00,0,0,0,0,SKIPPED,0,0,equal,,,,,,,,,,,used,,,,20260910-0005
,HAUSP-UB[noEUCS],SIGN,39,0,0.003000,0.000,0.010,0,0,0,0,0,0,0,0,0,0,0,0,0.000000,0.000000,0.000000,0,0,0.00,0,0,0,0,SKIPPED,0,0,equal,,,,,,,,,,,used,,,,20260910-0005
,HAUSP-UB[noEUCS],SIGN,40,0,0.003000,0.000,0.010,0,0,0,0,0,0,0,0,0,0,0,0,0.000000,0.000000,0.000000,0,0,0.00,0,0,0,0,SKIPPED,0,0,equal,,,,,,,,,,,used,,,,20260910-0005
,HAUSP-UB[noEUCS],SIGN,41,0,0.003000,0.000,0.010,0,0,0,0,0,0,0,0,0,0,0,0,0.000000,0.000000,0.000000,0,0,0.00,0,0,0,0,SKIPPED,0,0,equal,,,,,,,,,,,used,,,,20260910-0005
,HAUSP-UB[noEUCS],SIGN,42,0,0.003000,0.000,0.010,0,0,0,0,0,0,0,0,0,0,0,0,0.000000,0.000000,0.000000,0,0,0.00,0,0,0,0,SKIPPED,0,0,equal,,,,,,,,,,,used,,,,20260910-0005
,HAUSP-UB[noEUCS],SIGN,43,0,0.003000,0.000,0.010,0,0,0,0,0,0,0,0,0,0,0,0,0.000000,0.000000,0.000000,0,0,0.00,0,0,0,0,SKIPPED,0,0,equal,,,,,,,,,,,used,,,,20260910-0005
,HAUSP-UB[noEUCS],SIGN,44,0,0.003000,0.000,0.010,0,0,0,0,0,0,0,0,0,0,0,0,0.000000,0.000000,0.000000,0,0,0.00,0,0,0,0,SKIPPED,0,0,equal,,,,,,,,,,,used,,,,20260910-0005
,HAUSP-UB[noEUCS],SIGN,45,0,0.003000,0.000,0.010,0,0,0,0,0,0,0,0,0,0,0,0,0.000000,0.000000,0.000000,0,0,0.00,0,0,0,0,SKIPPED,0,0,equal,,,,,,,,,,,used,,,,20260910-0005
,HAUSP-UB[noEUCS],SIGN,46,0,0.003000,0.000,0.010,0,0,0,0,0,0,0,0,0,0,0,0,0.000000,0.000000,0.000000,0,0,0.00,0,0,0,0,SKIPPED,0,0,equal,,,,,,,,,,,used,,,,20260910-0005
,HAUSP-UB[noEUCS],SIGN,47,0,0.003000,0.000,0.010,0,0,0,0,0,0,0,0,0,0,0,0,0.000000,0.000000,0.000000,0,0,0.00,0,0,0,0,SKIPPED,0,0,equal,,,,,,,,,,,used,,,,20260910-0005
,HAUSP-UB[noEUCS],SIGN,48,0,0.003000,0.000,0.010,0,0,0,0,0,0,0,0,0,0,0,0,0.000000,0.000000,0.000000,0,0,0.00,0,0,0,0,SKIPPED,0,0,equal,,,,,,,,,,,used,,,,20260910-0005
,HAUSP-UB[noEUCS],SIGN,49,0,0.003000,0.000,0.010,0,0,0,0,0,0,0,0,0,0,0,0,0.000000,0.000000,0.000000,0,0,0.00,0,0,0,0,SKIPPED,0,0,equal,,,,,,,,,,,used,,,,20260910-0005
,HAUSP-UB[noEUCS],SIGN,50,0,0.003000,0.000,0.010,0,0,0,0,0,0,0,0,0,0,0,0,0.000000,0.000000,0.000000,0,0,0.00,0,0,0,0,SKIPPED,0,0,equal,,,,,,,,,,,used,,,,20260910-0005
,HAUSP-UB[noEUCS],SIGN,51,0,0.003000,0.000,0.010,0,0,0,0,0,0,0,0,0,0,0,0,0.000000,0.000000,0.000000,0,0,0.00,0,0,0,0,SKIPPED,0,0,equal,,,,,,,,,,,used,,,,20260910-0005
,HAUSP-UB[noEUCS],SIGN,52,0,0.003000,0.000,0.010,0,0,0,0,0,0,0,0,0,0,0,0,0.000000,0.000000,0.000000,0,0,0.00,0,0,0,0,SKIPPED,0,0,equal,,,,,,,,,,,used,,,,20260910-0005
,HAUSP-UB[noEUCS],SIGN,53,0,0.003000,0.000,0.010,0,0,0,0,0,0,0,0,0,0,0,0,0.000000,0.000000,0.000000,0,0,0.00,0,0,0,0,SKIPPED,0,0,equal,,,,,,,,,,,used,,,,20260910-0005
,HAUSP-UB[noEUCS],SIGN,54,0,0.003000,0.000,0.010,0,0,0,0,0,0,0,0,0,0,0,0,0.000000,0.000000,0.000000,0,0,0.00,0,0,0,0,SKIPPED,0,0,equal,,,,,,,,,,,used,,,,20260910-0005
,HAUSP-UB[noEUCS],SIGN,55,0,0.003000,0.000,0.010,0,0,0,0,0,0,0,0,0,0,0,0,0.000000,0.000000,0.000000,0,0,0.00,0,0,0,0,SKIPPED,0,0,equal,,,,,,,,,,,used,,,,20260910-0005
,HAUSP-UB[noEUCS],SIGN,56,0,0.003000,0.000,0.010,0,0,0,0,0,0,0,0,0,0,0,0,0.000000,0.000000,0.000000,0,0,0.00,0,0,0,0,SKIPPED,0,0,equal,,,,,,,,,,,used,,,,20260910-0005
,HAUSP-UB[noEUCS],SIGN,57,0,0.003000,0.000,0.010,0,0,0,0,0,0,0,0,0,0,0,0,0.000000,0.000000,0.000000,0,0,0.00,0,0,0,0,SKIPPED,0,0,equal,,,,,,,,,,,used,,,,20260910-0005
,HAUSP-UB[noEUCS],SIGN,58,0,0.003000,0.000,0.010,0,0,0,0,0,0,0,0,0,0,0,0,0.000000,0.000000,0.000000,0,0,0.00,0,0,0,0,SKIPPED,0,0,equal,,,,,,,,,,,used,,,,20260910-0005
,HAUSP-UB[noEUCS],SIGN,59,0,0.003000,0.000,0.010,0,0,0,0,0,0,0,0,0,0,0,0,0.000000,0.000000,0.000000,0,0,0.00,0,0,0,0,SKIPPED,0,0,equal,,,,,,,,,,,used,,,,20260910-0005
,HAUSP-UB[noEUCS],SIGN,60,0,0.003000,0.000,0.010,0,0,0,0,0,0,0,0,0,0,0,0,0.000000,0.000000,0.000000,0,0,0.00,0,0,0,0,SKIPPED,0,0,equal,,,,,,,,,,,used,,,,20260910-0005
,HAUSP-UB[noEUCS],SIGN,61,0,0.003000,0.000,0.010,0,0,0,0,0,0,0,0,0,0,0,0,0.000000,0.000000,0.000000,0,0,0.00,0,0,0,0,SKIPPED,0,0,equal,,,,,,,,,,,used,,,,20260910-0005
,HAUSP-UB[noEUCS],SIGN,62,0,0.003000,0.000,0.010,0,0,0,0,0,0,0,0,0,0,0,0,0.000000,0.000000,0.000000,0,0,0.00,0,0,0,0,SKIPPED,0,0,equal,,,,,,,,,,,used,,,,20260910-0005
,HAUSP-UB[noEUCS],SIGN,63,0,0.003000,0.000,0.010,0,0,0,0,0,0,0,0,0,0,0,0,0.000000,0.000000,0.000000,0,0,0.00,0,0,0,0,SKIPPED,0,0,equal,,,,,,,,,,,used,,,,20260910-0005
,HAUSP-UB[noEUCS],SIGN,64,0,0.003000,0.000,0.010,0,0,0,0,0,0,0,0,0,0,0,0,0.000000,0.000000,0.000000,0,0,0.00,0,0,0,0,SKIPPED,0,0,equal,,,,,,,,,,,used,,,,20260910-0005
,HAUSP-UB[noEUCS],SIGN,65,0,0.003000,0.000,0.010,0,0,0,0,0,0,0,0,0,0,0,0,0.000000,0.000000,0.000000,0,0,0.00,0,0,0,0,SKIPPED,0,0,equal,,,,,,,,,,,used,,,,20260910-0005
,HAUSP-UB[noEUCS],SIGN,66,0,0.003000,0.000,0.010,0,0,0,0,0,0,0,0,0,0,0,0,0.000000,0.000000,0.000000,0,0,0.00,0,0,0,0,SKIPPED,0,0,equal,,,,,,,,,,,used,,,,20260910-0005
,HAUSP-UB[noEUCS],SIGN,67,0,0.003000,0.000,0.010,0,0,0,0,0,0,0,0,0,0,0,0,0.000000,0.000000,0.000000,0,0,0.00,0,0,0,0,SKIPPED,0,0,equal,,,,,,,,,,,used,,,,20260910-0005
,HAUSP-UB[noEUCS],SIGN,68,0,0.003000,0.000,0.010,0,0,0,0,0,0,0,0,0,0,0,0,0.000000,0.000000,0.000000,0,0,0.00,0,0,0,0,SKIPPED,0,0,equal,,,,,,,,,,,used,,,,20260910-0005
,HAUSP-UB[noEUCS],SIGN,69,0,0.003000,0.000,0.010,0,0,0,0,0,0,0,0,0,0,0,0,0.000000,0.000000,0.000000,0,0,0.00,0,0,0,0,SKIPPED,0,0,equal,,,,,,,,,,,used,,,,20260910-0005
,HAUSP-UB[noEUCS],SIGN,70,0,0.003000,0.000,0.010,0,0,0,0,0,0,0,0,0,0,0,0,0.000000,0.000000,0.000000,0,0,0.00,0,0,0,0,SKIPPED,0,0,equal,,,,,,,,,,,used,,,,20260910-0005
,HAUSP-UB[noEUCS],SIGN,71,0,0.003000,0.000,0.010,0,0,0,0,0,0,0,0,0,0,0,0,0.000000,0.000000,0.000000,0,0,0.00,0,0,0,0,SKIPPED,0,0,equal,,,,,,,,,,,used,,,,20260910-0005
,HAUSP-UB[noEUCS],SIGN,72,0,0.003000,0.000,0.010,0,0,0,0,0,0,0,0,0,0,0,0,0.000000,0.000000,0.000000,0,0,0.00,0,0,0,0,SKIPPED,0,0,equal,,,,,,,,,,,used,,,,20260910-0005
,HAUSP-UB[noEUCS],SIGN,73,0,0.003000,0.000,0.010,0,0,0,0,0,0,0,0,0,0,0,0,0.000000,0.000000,0.000000,0,0,0.00,0,0,0,0,SKIPPED,0,0,equal,,,,,,,,,,,used,,,,20260910-0005
,HAUSP-UB[noEUCS],SIGN,74,0,0.003000,0.000,0.010,0,0,0,0,0,0,0,0,0,0,0,0,0.000000,0.000000,0.000000,0,0,0.00,0,0,0,0,SKIPPED,0,0,equal,,,,,,,,,,,used,,,,20260910-0005
,HAUSP-UB[noEUCS],SIGN,75,0,0.003000,0.000,0.010,0,0,0,0,0,0,0,0,0,0,0,0,0.000000,0.000000,0.000000,0,0,0.00,0,0,0,0,SKIPPED,0,0,equal,,,,,,,,,,,used,,,,20260910-0005
,HAUSP-UB[noEUCS],SIGN,76,0,0.003000,0.000,0.010,0,0,0,0,0,0,0,0,0,0,0,0,0.000000,0.000000,0.000000,0,0,0.00,0,0,0,0,SKIPPED,0,0,equal,,,,,,,,,,,used,,,,20260910-0005
,HAUSP-UB[noEUCS],SIGN,77,0,0.003000,0.000,0.010,0,0,0,0,0,0,0,0,0,0,0,0,0.000000,0.000000,0.000000,0,0,0.00,0,0,0,0,SKIPPED,0,0,equal,,,,,,,,,,,used,,,,20260910-0005
,HAUSP-UB[noEUCS],SIGN,78,0,0.003000,0.000,0.010,0,0,0,0,0,0,0,0,0,0,0,0,0.000000,0.000000,0.000000,0,0,0.00,0,0,0,0,SKIPPED,0,0,equal,,,,,,,,,,,used,,,,20260910-0005
,HAUSP-UB[noEUCS],SIGN,79,0,0.003000,0.000,0.010,0,0,0,0,0,0,0,0,0,0,0,0,0.000000,0.000000,0.000000,0,0,0.00,0,0,0,0,SKIPPED,0,0,equal,,,,,,,,,,,used,,,,20260910-0005
,HAUSP-UB[noEUCS],SIGN,80,0,0.003000,0.000,0.010,0,0,0,0,0,0,0,0,0,0,0,0,0.000000,0.000000,0.000000,0,0,0.00,0,0,0,0,SKIPPED,0,0,equal,,,,,,,,,,,used,,,,20260910-0005
,HAUSP-UB[noEUCS],SIGN,81,0,0.003000,0.000,0.010,0,0,0,0,0,0,0,0,0,0,0,0,0.000000,0.000000,0.000000,0,0,0.00,0,0,0,0,SKIPPED,0,0,equal,,,,,,,,,,,used,,,,20260910-0005
,HAUSP-UB[noEUCS],SIGN,82,0,0.003000,0.000,0.010,0,0,0,0,0,0,0,0,0,0,0,0,0.000000,0.000000,0.000000,0,0,0.00,0,0,0,0,SKIPPED,0,0,equal,,,,,,,,,,,used,,,,20260910-0005
,HAUSP-UB[noEUCS],SIGN,83,0,0.003000,0.000,0.010,0,0,0,0,0,0,0,0,0,0,0,0,0.000000,0.000000,0.000000,0,0,0.00,0,0,0,0,SKIPPED,0,0,equal,,,,,,,,,,,used,,,,20260910-0005
,HAUSP-UB[noEUCS],SIGN,84,0,0.003000,0.000,0.010,0,0,0,0,0,0,0,0,0,0,0,0,0.000000,0.000000,0.000000,0,0,0.00,0,0,0,0,SKIPPED,0,0,equal,,,,,,,,,,,used,,,,20260910-0005
,HAUSP-UB[noEUCS],SIGN,85,0,0.003000,0.000,0.010,0,0,0,0,0,0,0,0,0,0,0,0,0.000000,0.000000,0.000000,0,0,0.00,0,0,0,0,SKIPPED,0,0,equal,,,,,,,,,,,used,,,,20260910-0005
,HAUSP-UB[noEUCS],SIGN,86,0,0.003000,0.000,0.010,0,0,0,0,0,0,0,0,0,0,0,0,0.000000,0.000000,0.000000,0,0,0.00,0,0,0,0,SKIPPED,0,0,equal,,,,,,,,,,,used,,,,20260910-0005
,HAUSP-UB[noEUCS],SIGN,87,0,0.003000,0.000,0.010,0,0,0,0,0,0,0,0,0,0,0,0,0.000000,0.000000,0.000000,0,0,0.00,0,0,0,0,SKIPPED,0,0,equal,,,,,,,,,,,used,,,,20260910-0005
,HAUSP-UB[noEUCS],SIGN,88,0,0.003000,0.000,0.010,0,0,0,0,0,0,0,0,0,0,0,0,0.000000,0.000000,0.000000,0,0,0.00,0,0,0,0,SKIPPED,0,0,equal,,,,,,,,,,,used,,,,20260910-0005
,HAUSP-UB[noEUCS],SIGN,89,0,0.003000,0.000,0.010,0,0,0,0,0,0,0,0,0,0,0,0,0.000000,0.000000,0.000000,0,0,0.00,0,0,0,0,SKIPPED,0,0,equal,,,,,,,,,,,used,,,,20260910-0005
,HAUSP-UB[noEUCS],SIGN,90,0,0.003000,0.000,0.010,0,0,0,0,0,0,0,0,0,0,0,0,0.000000,0.000000,0.000000,0,0,0.00,0,0,0,0,SKIPPED,0,0,equal,,,,,,,,,,,used,,,,20260910-0005
,HAUSP-UB[noEUCS],SIGN,91,0,0.003000,0.000,0.010,0,0,0,0,0,0,0,0,0,0,0,0,0.000000,0.000000,0.000000,0,0,0.00,0,0,0,0,SKIPPED,0,0,equal,,,,,,,,,,,used,,,,20260910-0005
,HAUSP-UB[noEUCS],SIGN,92,0,0.003000,0.000,0.010,0,0,0,0,0,0,0,0,0,0,0,0,0.000000,0.000000,0.000000,0,0,0.00,0,0,0,0,SKIPPED,0,0,equal,,,,,,,,,,,used,,,,20260910-0005
,HAUSP-UB[noEUCS],SIGN,93,0,0.003000,0.000,0.010,0,0,0,0,0,0,0,0,0,0,0,0,0.000000,0.000000,0.000000,0,0,0.00,0,0,0,0,SKIPPED,0,0,equal,,,,,,,,,,,used,,,,20260910-0005
,HAUSP-UB[noEUCS],SIGN,94,0,0.003000,0.000,0.010,0,0,0,0,0,0,0,0,0,0,0,0,0.000000,0.000000,0.000000,0,0,0.00,0,0,0,0,SKIPPED,0,0,equal,,,,,,,,,,,used,,,,20260910-0005
,HAUSP-UB[noEUCS],SIGN,95,0,0.003000,0.000,0.010,0,0,0,0,0,0,0,0,0,0,0,0,0.000000,0.000000,0.000000,0,0,0.00,0,0,0,0,SKIPPED,0,0,equal,,,,,,,,,,,used,,,,20260910-0005
,HAUSP-UB[noEUCS],SIGN,96,0,0.003000,0.000,0.010,0,0,0,0,0,0,0,0,0,0,0,0,0.000000,0.000000,0.000000,0,0,0.00,0,0,0,0,SKIPPED,0,0,equal,,,,,,,,,,,used,,,,20260910-0005
,HAUSP-UB[noEUCS],SIGN,97,0,0.003000,0.000,0.010,0,0,0,0,0,0,0,0,0,0,0,0,0.000000,0.000000,0.000000,0,0,0.00,0,0,0,0,SKIPPED,0,0,equal,,,,,,,,,,,used,,,,20260910-0005
,HAUSP-UB[noEUCS],SIGN,98,0,0.003000,0.000,0.010,0,0,0,0,0,0,0,0,0,0,0,0,0.000000,0.000000,0.000000,0,0,0.00,0,0,0,0,SKIPPED,0,0,equal,,,,,,,,,,,used,,,,20260910-0005
,HAUSP-UB[noEUCS],SIGN,99,0,0.003000,0.000,0.010,0,0,0,0,0,0,0,0,0,0,0,0,0.000000,0.000000,0.000000,0,0,0.00,0,0,0,0,SKIPPED,0,0,equal,,,,,,,,,,,used,,,,20260910-0005
2026-09-10 12:25:58,HAUSP-UB[noEUCS],C8T1S5I8N5K,0,0,0.000200,0.000,0.100,4733978,4713,34,2732,2766,4,577,388,27230265,17637,26392098,16658,0.000000,0.260381,0.262406,23593,0,472.43,27237295,27196981,40314,39444,SUCCESS,827558,0,equal,125312,2212136,0,5106176,,,,,16656,10607,used,,,,20260910-0005
2026-09-10 12:25:59,HAUSP-UB[noEUCS],C8T1S5I8N5K,1,0,0.000200,0.000,0.100,9488004,9426,16,576,593,4,93,73,4135232,29547,3966466,11828,0.000000,0.242173,0.250249,6078,0,512.23,4111474,4099476,12868,51042,SUCCESS,154905,0,equal,204800,4438024,0,7065216,,,,,11828,13861,used,,,,20260910-0005
2026-09-10 12:25:59,HAUSP-UB[noEUCS],C8T1S5I8N5K,2,0,0.000200,0.000,0.100,14222171,14139,12,559,571,4,73,57,3620990,35085,3483388,12094,0.000000,0.227010,0.236426,5572,0,552.78,3590552,3584431,7391,56808,SUCCESS,123120,0,equal,314752,6674016,0,8810624,,,,,12093,14481,used,,,,20260910-0005
2026-09-10 12:26:00,HAUSP-UB[noEUCS],C8T1S5I8N5K,3,0,0.000200,0.000,0.100,18951306,18852,12,608,621,4,70,54,3362678,38503,3237105,12496,0.000000,0.225775,0.235845,4680,0,593.77,3329376,3325833,5168,60186,SUCCESS,110576,0,equal,360192,8864368,0,10570368,,,,,12496,14997,used,,,,20260910-0005
2026-09-10 12:26:00,HAUSP-UB[noEUCS],C8T1S5I8N5K,4,0,0.000200,0.000,0.100,23738030,23565,12,626,639,4,62,48,3158702,40909,3039997,12503,0.000000,0.219130,0.229435,3498,0,635.95,3123938,3121497,4231,62581,SUCCESS,103214,0,equal,400640,11101184,0,12504832,,,,,12499,15487,used,,,,20260910-0005
2026-09-10 12:26:01,HAUSP-UB[noEUCS],C8T1S5I8N5K,5,0,0.000200,0.000,0.100,28544670,28278,12,698,711,4,61,47,3274060,42907,3157221,12274,0.000000,0.212608,0.222879,3088,0,643.87,3238725,3236729,3832,64372,SUCCESS,101178,0,equal,392832,13348488,0,14471936,,,,,12274,15661,used,,,,20260910-0005
2026-09-10 12:26:02,HAUSP-UB[noEUCS],C8T1S5I8N5K,6,0,0.000200,0.000,0.100,33272585,32991,13,722,736,4,59,46,3060319,44152,2947009,12401,0.000000,0.212564,0.223154,2965,0,652.80,3024451,3023082,3410,65654,SUCCESS,97662,0,equal,624640,15562120,0,16513024,,,,,12401,15648,used,,,,20260910-0005
2026-09-10 12:26:03,HAUSP-UB[noEUCS],C8T1S5I8N5K,7,0,0.000200,0.000,0.100,38016389,37704,12,760,773,4,58,45,2977067,45276,2868039,12406,0.000000,0.210993,0.221967,2428,0,661.91,2941095,2939821,3402,66784,SUCCESS,93432,0,equal,684544,17779144,0,18740480,,,,,12404,15594,used,,,,20260910-0005
2026-09-10 12:26:04,HAUSP-UB[noEUCS],C8T1S5I8N5K,8,0,0.000200,0.000,0.100,42745729,42417,13,826,839,4,58,45,2999716,45917,2890684,12527,0.000000,0.210217,0.221289,2449,0,700.06,2963113,2962265,3120,67568,SUCCESS,93295,0,equal,675456,19985936,0,21003648,,,,,12526,15736,used,,,,20260910-0005
2026-09-10 12:26:04,HAUSP-UB[noEUCS],C8T1S5I8N5K,9,0,0.000200,0.000,0.100,47416411,47133,13,888,901,4,57,44,3020056,46615,2913251,12578,0.000000,0.208598,0.219840,2623,0,709.60,2983429,2982662,3103,68240,SUCCESS,91130,0,equal,805248,22186560,0,23344768,,,,,12577,15674,used,,,,20260910-0005
2026-09-10 12:26:07,HAUSP-UB[noEUCS],C8T1S5I8N5K,0,1,0.000200,0.000,0.100,4733978,4713,33,2483,2517,6,544,390,27230265,17637,26392098,16658,0.000000,0.260381,0.262406,23593,0,472.62,27237295,27196981,40314,39444,SUCCESS,827558,0,equal,125312,2212136,0,5106176,,,,,16656,10607,used,,,,20260910-0005
2026-09-10 12:26:08,HAUSP-UB[noEUCS],C8T1S5I8N5K,1,1,0.000200,0.000,0.100,9488004,9426,18,590,609,7,95,75,4135232,29547,3966466,11828,0.000000,0.242173,0.250249,6078,0,512.01,4111474,4099476,12868,51042,SUCCESS,154905,0,equal,212480,4438024,0,7065216,,,,,11828,13861,used,,,,20260910-0005
2026-09-10 12:26:09,HAUSP-UB[noEUCS],C8T1S5I8N5K,2,1,0.000200,0.000,0.100,14222171,14139,12,568,581,4,75,59,3620990,35085,3483388,12094,0.000000,0.227010,0.236426,5572,0,552.78,3590552,3584431,7391,56808,SUCCESS,123120,0,equal,333568,6674016,0,8810624,,,,,12093,14481,used,,,,20260910-0005
2026-09-10 12:26:09,HAUSP-UB[noEUCS],C8T1S5I8N5K,3,1,0.000200,0.000,0.100,18951306,18852,12,598,611,4,67,53,3362678,38503,3237105,12496,0.000000,0.225775,0.235845,4680,0,593.50,3329376,3325833,5168,60186,SUCCESS,110576,0,equal,360192,8864368,0,10570368,,,,,12496,14997,used,,,,20260910-0005
2026-09-10 12:26:10,HAUSP-UB[noEUCS],C8T1S5I8N5K,4,1,0.000200,0.000,0.100,23738030,23565,12,632,645,5,63,50,3158702,40909,3039997,12503,0.000000,0.219130,0.229435,3498,0,635.40,3123938,3121497,4231,62581,SUCCESS,103214,0,equal,409344,11101184,0,12504832,,,,,12499,15487,used,,,,20260910-0005
2026-09-10 12:26:11,HAUSP-UB[noEUCS],C8T1S5I8N5K,5,1,0.000200,0.000,0.100,28544670,28278,13,711,724,4,64,49,3274060,42907,3157221,12274,0.000000,0.212608,0.222879,3088,0,643.61,3238725,3236729,3832,64372,SUCCESS,101178,0,equal,392832,13348488,0,14471936,,,,,12274,15661,used,,,,20260910-0005
2026-09-10 12:26:11,HAUSP-UB[noEUCS],C8T1S5I8N5K,6,1,0.000200,0.000,0.100,33272585,32991,13,735,748,4,61,48,3060319,44152,2947009,12401,0.000000,0.212564,0.223154,2965,0,652.43,3024451,3023082,3410,65654,SUCCESS,97662,0,equal,522112,15562120,0,16513024,,,,,12401,15648,used,,,,20260910-0005
2026-09-10 12:26:12,HAUSP-UB[noEUCS],C8T1S5I8N5K,7,1,0.000200,0.000,0.100,38016389,37704,13,755,768,4,57,45,2977067,45276,2868039,12406,0.000000,0.210993,0.221967,2428,0,661.66,2941095,2939821,3402,66784,SUCCESS,93432,0,equal,684544,17779144,0,18740480,,,,,12404,15594,used,,,,20260910-0005
2026-09-10 12:26:13,HAUSP-UB[noEUCS],C8T1S5I8N5K,8,1,0.000200,0.000,0.100,42745729,42417,13,834,847,4,59,45,2999716,45917,2890684,12527,0.000000,0.210217,0.221289,2449,0,699.79,2963113,2962265,3120,67568,SUCCESS,93295,0,equal,675456,19985936,0,21003648,,,,,12526,15736,used,,,,20260910-0005
2026-09-10 12:26:14,HAUSP-UB[noEUCS],C8T1S5I8N5K,9,1,0.000200,0.000,0.100,47416411,47133,13,898,912,4,57,44,3020056,46615,2913251,12578,0.000000,0.208598,0.219840,2623,0,709.52,2983429,2982662,3103,68240,SUCCESS,91130,0,equal,836224,22186560,0,23344768,,,,,12577,15674,used,,,,20260910-0005
2026-09-10 12:26:17,HAUSP-UB[noEUCS],C8T1S5I8N5K,0,2,0.000200,0.000,0.100,4733978,4713,33,2483,2516,4,545,393,27230265,17637,26392098,16658,0.000000,0.260381,0.262406,23593,0,472.46,27237295,27196981,40314,39444,SUCCESS,827558,0,equal,125312,2212136,0,5106176,,,,,16656,10607,used,,,,20260910-0005
2026-09-10 12:26:17,HAUSP-UB[noEUCS],C8T1S5I8N5K,1,2,0.000200,0.000,0.100,9488004,9426,14,586,600,7,96,75,4135232,29547,3966466,11828,0.000000,0.242173,0.250249,6078,0,511.76,4111474,4099476,12868,51042,SUCCESS,154905,0,equal,212480,4438024,0,7065216,,,,,11828,13861,used,,,,20260910-0005
2026-09-10 12:26:18,HAUSP-UB[noEUCS],C8T1S5I8N5K,2,2,0.000200,0.000,0.100,14222171,14139,12,575,587,4,76,59,3620990,35085,3483388,12094,0.000000,0.227010,0.236426,5572,0,552.53,3590552,3584431,7391,56808,SUCCESS,123120,0,equal,333568,6674016,0,8810624,,,,,12093,14481,used,,,,20260910-0005
2026-09-10 12:26:19,HAUSP-UB[noEUCS],C8T1S5I8N5K,3,2,0.000200,0.000,0.100,18951306,18852,12,616,629,4,70,55,3362678,38503,3237105,12496,0.000000,0.225775,0.235845,4680,0,593.47,3329376,3325833,5168,60186,SUCCESS,110576,0,equal,375296,8864368,0,10570368,,,,,12496,14997,used,,,,20260910-0005
2026-09-10 12:26:19,HAUSP-UB[noEUCS],C8T1S5I8N5K,4,2,0.000200,0.000,0.100,23738030,23565,12,633,647,5,63,49,3158702,40909,3039997,12503,0.000000,0.219130,0.229435,3498,0,635.32,3123938,3121497,4231,62581,SUCCESS,103214,0,equal,384640,11101184,0,12504832,,,,,12499,15487,used,,,,20260910-0005
2026-09-10 12:26:20,HAUSP-UB[noEUCS],C8T1S5I8N5K,5,2,0.000200,0.000,0.100,28544670,28278,13,714,727,4,63,49,3274060,42907,3157221,12274,0.000000,0.212608,0.222879,3088,0,643.36,3238725,3236729,3832,64372,SUCCESS,101178,0,equal,392832,13348488,0,14471936,,,,,12274,15661,used,,,,20260910-0005
2026-09-10 12:26:21,HAUSP-UB[noEUCS],C8T1S5I8N5K,6,2,0.000200,0.000,0.100,33272585,32991,13,737,750,4,61,47,3060319,44152,2947009,12401,0.000000,0.212564,0.223154,2965,0,652.15,3024451,3023082,3410,65654,SUCCESS,97662,0,equal,522112,15562120,0,16513024,,,,,12401,15648,used,,,,20260910-0005
2026-09-10 12:26:22,HAUSP-UB[noEUCS],C8T1S5I8N5K,7,2,0.000200,0.000,0.100,38016389,37704,14,758,773,6,58,45,2977067,45276,2868039,12406,0.000000,0.210993,0.221967,2428,0,661.41,2941095,2939821,3402,66784,SUCCESS,93432,0,equal,721408,17779144,0,18740480,,,,,12404,15594,used,,,,20260910-0005
2026-09-10 12:26:22,HAUSP-UB[noEUCS],C8T1S5I8N5K,8,2,0.000200,0.000,0.100,42745729,42417,13,828,841,5,58,45,2999716,45917,2890684,12527,0.000000,0.210217,0.221289,2449,0,699.55,2963113,2962265,3120,67568,SUCCESS,93295,0,equal,675456,19985936,0,21003648,,,,,12526,15736,used,,,,20260910-0005
2026-09-10 12:26:23,HAUSP-UB[noEUCS],C8T1S5I8N5K,9,2,0.000200,0.000,0.100,47416411,47133,13,902,915,5,57,44,3020056,46615,2913251,12578,0.000000,0.208598,0.219840,2623,0,708.95,2983429,2982662,3103,68240,SUCCESS,91130,0,equal,688384,22186560,0,23344768,,,,,12577,15674,used,,,,20260910-0005
2026-09-10 12:26:26,HAUSP-UB[noEUCS],C8T1S5I8N5K,0,3,0.000200,0.000,0.100,4733978,4713,21,2485,2507,4,548,394,27230265,17637,26392098,16658,0.000000,0.260381,0.262406,23593,0,472.63,27237295,27196981,40314,39444,SUCCESS,827558,0,equal,125312,2212136,0,5106176,,,,,16656,10607,used,,,,20260910-0005
2026-09-10 12:26:27,HAUSP-UB[noEUCS],C8T1S5I8N5K,1,3,0.000200,0.000,0.100,9488004,9426,11,586,597,4,95,75,4135232,29547,3966466,11828,0.000000,0.242173,0.250249,6078,0,513.13,4111474,4099476,12868,51042,SUCCESS,154905,0,equal,212480,4438024,0,7065216,,,,,11828,13861,used,,,,20260910-0005
2026-09-10 12:26:27,HAUSP-UB[noEUCS],C8T1S5I8N5K,2,3,0.000200,0.000,0.100,14222171,14139,12,579,591,4,76,60,3620990,35085,3483388,12094,0.000000,0.227010,0.236426,5572,0,553.90,3590552,3584431,7391,56808,SUCCESS,123120,0,equal,333568,6674016,0,8810624,,,,,12093,14481,used,,,,20260910-0005
2026-09-10 12:26:28,HAUSP-UB[noEUCS],C8T1S5I8N5K,3,3,0.000200,0.000,0.100,18951306,18852,12,602,615,4,67,53,3362678,38503,3237105,12496,0.000000,0.225775,0.235845,4680,0,594.84,3329376,3325833,5168,60186,SUCCESS,110576,0,equal,375296,8864368,0,10570368,,,,,12496,14997,used,,,,20260910-0005
2026-09-10 12:26:29,HAUSP-UB[noEUCS],C8T1S5I8N5K,4,3,0.000200,0.000,0.100,23738030,23565,12,642,655,5,64,50,3158702,40909,3039997,12503,0.000000,0.219130,0.229435,3498,0,636.69,3123938,3121497,4231,62581,SUCCESS,103214,0,equal,384640,11101184,0,12504832,,,,,12499,15487,used,,,,20260910-0005
2026-09-10 12:26:29,HAUSP-UB[noEUCS],C8T1S5I8N5K,5,3,0.000200,0.000,0.100,28544670,28278,13,724,738,5,64,50,3274060,42907,3157221,12274,0.000000,0.212608,0.222879,3088,0,644.73,3238725,3236729,3832,64372,SUCCESS,101178,0,equal,392832,13348488,0,14471936,,,,,12274,15661,used,,,,20260910-0005
2026-09-10 12:26:30,HAUSP-UB[noEUCS],C8T1S5I8N5K,6,3,0.000200,0.000,0.100,33272585,32991,13,741,754,4,61,47,3060319,44152,2947009,12401,0.000000,0.212564,0.223154,2965,0,653.52,3024451,3023082,3410,65654,SUCCESS,97662,0,equal,522112,15562120,0,16513024,,,,,12401,15648,used,,,,20260910-0005
2026-09-10 12:26:31,HAUSP-UB[noEUCS],C8T1S5I8N5K,7,3,0.000200,0.000,0.100,38016389,37704,13,771,784,4,59,46,2977067,45276,2868039,12406,0.000000,0.210993,0.221967,2428,0,662.78,2941095,2939821,3402,66784,SUCCESS,93432,0,equal,721408,17779144,0,18740480,,,,,12404,15594,used,,,,20260910-0005
2026-09-10 12:26:32,HAUSP-UB[noEUCS],C8T1S5I8N5K,8,3,0.000200,0.000,0.100,42745729,42417,13,845,858,5,59,46,2999716,45917,2890684,12527,0.000000,0.210217,0.221289,2449,0,700.92,2963113,2962265,3120,67568,SUCCESS,93295,0,equal,675456,19985936,0,21003648,,,,,12526,15736,used,,,,20260910-0005
2026-09-10 12:26:33,HAUSP-UB[noEUCS],C8T1S5I8N5K,9,3,0.000200,0.000,0.100,47416411,47133,13,906,920,4,57,44,3020056,46615,2913251,12578,0.000000,0.208598,0.219840,2623,0,710.64,2983429,2982662,3103,68240,SUCCESS,91130,0,equal,836224,22186560,0,23344768,,,,,12577,15674,used,,,,20260910-0005
2026-09-10 12:26:36,HAUSP-UB[noEUCS],C8T1S5I8N5K,0,4,0.000200,0.000,0.100,4733978,4713,25,2478,2503,7,547,392,27230265,17637,26392098,16658,0.000000,0.260381,0.262406,23593,0,472.46,27237295,27196981,40314,39444,SUCCESS,827558,0,equal,125312,2212136,0,5106176,,,,,16656,10607,used,,,,20260910-0005
2026-09-10 12:26:36,HAUSP-UB[noEUCS],C8T1S5I8N5K,1,4,0.000200,0.000,0.100,9488004,9426,10,594,605,5,97,76,4135232,29547,3966466,11828,0.000000,0.242173,0.250249,6078,0,512.47,4111474,4099476,12868,51042,SUCCESS,154905,0,equal,212480,4438024,0,7065216,,,,,11828,13861,used,,,,20260910-0005
2026-09-10 12:26:37,HAUSP-UB[noEUCS],C8T1S5I8N5K,2,4,0.000200,0.000,0.100,14222171,14139,12,574,587,4,76,59,3620990,35085,3483388,12094,0.000000,0.227010,0.236426,5572,0,553.24,3590552,3584431,7391,56808,SUCCESS,123120,0,equal,333568,6674016,0,8810624,,,,,12093,14481,used,,,,20260910-0005
2026-09-10 12:26:38,HAUSP-UB[noEUCS],C8T1S5I8N5K,3,4,0.000200,0.000,0.100,18951306,18852,12,610,622,4,68,53,3362678,38503,3237105,12496,0.000000,0.225775,0.235845,4680,0,594.18,3329376,3325833,5168,60186,SUCCESS,110576,0,equal,375296,8864368,0,10570368,,,,,12496,14997,used,,,,20260910-0005
2026-09-10 12:26:38,HAUSP-UB[noEUCS],C8T1S5I8N5K,4,4,0.000200,0.000,0.100,23738030,23565,12,642,655,5,64,50,3158702,40909,3039997,12503,0.000000,0.219130,0.229435,3498,0,636.07,3123938,3121497,4231,62581,SUCCESS,103214,0,equal,400640,11101184,0,12504832,,,,,12499,15487,used,,,,20260910-0005
2026-09-10 12:26:39,HAUSP-UB[noEUCS],C8T1S5I8N5K,5,4,0.000200,0.000,0.100,28544670,28278,13,716,729,4,63,49,3274060,42907,3157221,12274,0.000000,0.212608,0.222879,3088,0,644.07,3238725,3236729,3832,64372,SUCCESS,101178,0,equal,392832,13348488,0,14471936,,,,,12274,15661,used,,,,20260910-0005
2026-09-10 12:26:40,HAUSP-UB[noEUCS],C8T1S5I8N5K,6,4,0.000200,0.000,0.100,33272585,32991,13,743,757,5,62,48,3060319,44152,2947009,12401,0.000000,0.212564,0.223154,2965,0,653.18,3024451,3023082,3410,65654,SUCCESS,97662,0,equal,666624,15562120,0,16513024,,,,,12401,15648,used,,,,20260910-0005
2026-09-10 12:26:40,HAUSP-UB[noEUCS],C8T1S5I8N5K,7,4,0.000200,0.000,0.100,38016389,37704,13,778,791,4,60,46,2977067,45276,2868039,12406,0.000000,0.210993,0.221967,2428,0,662.12,2941095,2939821,3402,66784,SUCCESS,93432,0,equal,721408,17779144,0,18740480,,,,,12404,15594,used,,,,20260910-0005
2026-09-10 12:26:41,HAUSP-UB[noEUCS],C8T1S5I8N5K,8,4,0.000200,0.000,0.100,42745729,42417,13,840,854,5,59,46,2999716,45917,2890684,12527,0.000000,0.210217,0.221289,2449,0,700.26,2963113,2962265,3120,67568,SUCCESS,93295,0,equal,675456,19985936,0,21003648,,,,,12526,15736,used,,,,20260910-0005
2026-09-10 12:26:42,HAUSP-UB[noEUCS],C8T1S5I8N5K,9,4,0.000200,0.000,0.100,47416411,47133,13,911,925,5,58,45,3020056,46615,2913251,12578,0.000000,0.208598,0.219840,2623,0,709.98,2983429,2982662,3103,68240,SUCCESS,91130,0,equal,836224,22186560,0,23344768,,,,,12577,15674,used,,,,20260910-0005
2026-09-10 12:26:45,HAUSP-UB[noEUCS],C8T1S5I8N5K,0,5,0.000200,0.000,0.100,4733978,4713,25,2526,2552,6,551,397,27230265,17637,26392098,16658,0.000000,0.260381,0.262406,23593,0,473.08,27237295,27196981,40314,39444,SUCCESS,827558,0,equal,125312,2212136,0,5106176,,,,,16656,10607,used,,,,20260910-0005
2026-09-10 12:26:46,HAUSP-UB[noEUCS],C8T1S5I8N5K,1,5,0.000200,0.000,0.100,9488004,9426,11,586,598,5,95,74,4135232,29547,3966466,11828,0.000000,0.242173,0.250249,6078,0,513.24,4111474,4099476,12868,51042,SUCCESS,154905,0,equal,212480,4438024,0,7065216,,,,,11828,13861,used,,,,20260910-0005
2026-09-10 12:26:46,HAUSP-UB[noEUCS],C8T1S5I8N5K,2,5,0.000200,0.000,0.100,14222171,14139,12,589,602,4,79,61,3620990,35085,3483388,12094,0.000000,0.227010,0.236426,5572,0,554.01,3590552,3584431,7391,56808,SUCCESS,123120,0,equal,333568,6674016,0,8810624,,,,,12093,14481,used,,,,20260910-0005
2026-09-10 12:26:47,HAUSP-UB[noEUCS],C8T1S5I8N5K,3,5,0.000200,0.000,0.100,18951306,18852,12,611,624,4,69,54,3362678,38503,3237105,12496,0.000000,0.225775,0.235845,4680,0,594.74,3329376,3325833,5168,60186,SUCCESS,110576,0,equal,360192,8864368,0,10570368,,,,,12496,14997,used,,,,20260910-0005
2026-09-10 12:26:48,HAUSP-UB[noEUCS],C8T1S5I8N5K,4,5,0.000200,0.000,0.100,23738030,23565,12,643,656,4,64,50,3158702,40909,3039997,12503,0.000000,0.219130,0.229435,3498,0,636.80,3123938,3121497,4231,62581,SUCCESS,103214,0,equal,384640,11101184,0,12504832,,,,,12499,15487,used,,,,20260910-0005
2026-09-10 12:26:48,HAUSP-UB[noEUCS],C8T1S5I8N5K,5,5,0.000200,0.000,0.100,28544670,28278,13,720,733,5,64,49,3274060,42907,3157221,12274,0.000000,0.212608,0.222879,3088,0,644.84,3238725,3236729,3832,64372,SUCCESS,101178,0,equal,392832,13348488,0,14471936,,,,,12274,15661,used,,,,20260910-0005
2026-09-10 12:26:49,HAUSP-UB[noEUCS],C8T1S5I8N5K,6,5,0.000200,0.000,0.100,33272585,32991,13,747,760,4,62,48,3060319,44152,2947009,12401,0.000000,0.212564,0.223154,2965,0,653.64,3024451,3023082,3410,65654,SUCCESS,97662,0,equal,522112,15562120,0,16513024,,,,,12401,15648,used,,,,20260910-0005
2026-09-10 12:26:50,HAUSP-UB[noEUCS],C8T1S5I8N5K,7,5,0.000200,0.000,0.100,38016389,37704,13,767,780,4,59,45,2977067,45276,2868039,12406,0.000000,0.210993,0.221967,2428,0,662.89,2941095,2939821,3402,66784,SUCCESS,93432,0,equal,721408,17779144,0,18740480,,,,,12404,15594,used,,,,20260910-0005
2026-09-10 12:26:51,HAUSP-UB[noEUCS],C8T1S5I8N5K,8,5,0.000200,0.000,0.100,42745729,42417,13,847,861,5,60,46,2999716,45917,2890684,12527,0.000000,0.210217,0.221289,2449,0,701.03,2963113,2962265,3120,67568,SUCCESS,93295,0,equal,675456,19985936,0,21003648,,,,,12526,15736,used,,,,20260910-0005
2026-09-10 12:26:52,HAUSP-UB[noEUCS],C8T1S5I8N5K,9,5,0.000200,0.000,0.100,47416411,47133,13,912,926,5,58,44,3020056,46615,2913251,12578,0.000000,0.208598,0.219840,2623,0,710.75,2983429,2982662,3103,68240,SUCCESS,91130,0,equal,836224,22186560,0,23344768,,,,,12577,15674,used,,,,20260910-0005
2026-09-10 12:26:55,HAUSP-UB[noEUCS],C8T1S5I8N5K,0,6,0.000200,0.000,0.100,4733978,4713,22,2505,2527,4,555,397,27230265,17637,26392098,16658,0.000000,0.260381,0.262406,23593,0,472.75,27237295,27196981,40314,39444,SUCCESS,827558,0,equal,125312,2212136,0,5106176,,,,,16656,10607,used,,,,20260910-0005
2026-09-10 12:26:55,HAUSP-UB[noEUCS],C8T1S5I8N5K,1,6,0.000200,0.000,0.100,9488004,9426,11,589,601,4,96,75,4135232,29547,3966466,11828,0.000000,0.242173,0.250249,6078,0,513.37,4111474,4099476,12868,51042,SUCCESS,154905,0,equal,212480,4438024,0,7065216,,,,,11828,13861,used,,,,20260910-0005
2026-09-10 12:26:56,HAUSP-UB[noEUCS],C8T1S5I8N5K,2,6,0.000200,0.000,0.100,14222171,14139,12,576,588,4,76,59,3620990,35085,3483388,12094,0.000000,0.227010,0.236426,5572,0,554.14,3590552,3584431,7391,56808,SUCCESS,123120,0,equal,333568,6674016,0,8810624,,,,,12093,14481,used,,,,20260910-0005
2026-09-10 12:26:57,HAUSP-UB[noEUCS],C8T1S5I8N5K,3,6,0.000200,0.000,0.100,18951306,18852,12,610,622,4,69,53,3362678,38503,3237105,12496,0.000000,0.225775,0.235845,4680,0,594.87,3329376,3325833,5168,60186,SUCCESS,110576,0,equal,360192,8864368,0,10570368,,,,,12496,14997,used,,,,20260910-0005
2026-09-10 12:26:57,HAUSP-UB[noEUCS],C8T1S5I8N5K,4,6,0.000200,0.000,0.100,23738030,23565,13,645,658,5,64,50,3158702,40909,3039997,12503,0.000000,0.219130,0.229435,3498,0,636.94,3123938,3121497,4231,62581,SUCCESS,103214,0,equal,384640,11101184,0,12504832,,,,,12499,15487,used,,,,20260910-0005
2026-09-10 12:26:58,HAUSP-UB[noEUCS],C8T1S5I8N5K,5,6,0.000200,0.000,0.100,28544670,28278,12,725,738,4,64,49,3274060,42907,3157221,12274,0.000000,0.212608,0.222879,3088,0,644.98,3238725,3236729,3832,64372,SUCCESS,101178,0,equal,392832,13348488,0,14471936,,,,,12274,15661,used,,,,20260910-0005
2026-09-10 12:26:59,HAUSP-UB[noEUCS],C8T1S5I8N5K,6,6,0.000200,0.000,0.100,33272585,32991,13,739,753,5,61,47,3060319,44152,2947009,12401,0.000000,0.212564,0.223154,2965,0,653.76,3024451,3023082,3410,65654,SUCCESS,97662,0,equal,522112,15562120,0,16513024,,,,,12401,15648,used,,,,20260910-0005
2026-09-10 12:27:00,HAUSP-UB[noEUCS],C8T1S5I8N5K,7,6,0.000200,0.000,0.100,38016389,37704,13,775,788,5,59,46,2977067,45276,2868039,12406,0.000000,0.210993,0.221967,2428,0,663.02,2941095,2939821,3402,66784,SUCCESS,93432,0,equal,721408,17779144,0,18740480,,,,,12404,15594,used,,,,20260910-0005
2026-09-10 12:27:00,HAUSP-UB[noEUCS],C8T1S5I8N5K,8,6,0.000200,0.000,0.100,42745729,42417,13,840,853,4,59,46,2999716,45917,2890684,12527,0.000000,0.210217,0.221289,2449,0,701.16,2963113,2962265,3120,67568,SUCCESS,93295,0,equal,675456,19985936,0,21003648,,,,,12526,15736,used,,,,20260910-0005
2026-09-10 12:27:01,HAUSP-UB[noEUCS],C8T1S5I8N5K,9,6,0.000200,0.000,0.100,47416411,47133,13,903,917,5,58,44,3020056,46615,2913251,12578,0.000000,0.208598,0.219840,2623,0,710.88,2983429,2982662,3103,68240,SUCCESS,91130,0,equal,836224,22186560,0,23344768,,,,,12577,15674,used,,,,20260910-0005
2026-09-10 12:27:04,HAUSP-UB[noEUCS],C8T1S5I8N5K,0,7,0.000200,0.000,0.100,4733978,4713,26,2525,2551,5,560,402,27230265,17637,26392098,16658,0.000000,0.260381,0.262406,23593,0,472.85,27237295,27196981,40314,39444,SUCCESS,827558,0,equal,125312,2212136,0,5106176,,,,,16656,10607,used,,,,20260910-0005
2026-09-10 12:27:05,HAUSP-UB[noEUCS],C8T1S5I8N5K,1,7,0.000200,0.000,0.100,9488004,9426,10,591,602,4,96,75,4135232,29547,3966466,11828,0.000000,0.242173,0.250249,6078,0,512.45,4111474,4099476,12868,51042,SUCCESS,154905,0,equal,212480,4438024,0,7065216,,,,,11828,13861,used,,,,20260910-0005
2026-09-10 12:27:05,HAUSP-UB[noEUCS],C8T1S5I8N5K,2,7,0.000200,0.000,0.100,14222171,14139,12,575,587,4,76,59,3620990,35085,3483388,12094,0.000000,0.227010,0.236426,5572,0,553.22,3590552,3584431,7391,56808,SUCCESS,123120,0,equal,333568,6674016,0,8810624,,,,,12093,14481,used,,,,20260910-0005
2026-09-10 12:27:06,HAUSP-UB[noEUCS],C8T1S5I8N5K,3,7,0.000200,0.000,0.100,18951306,18852,13,609,622,4,68,53,3362678,38503,3237105,12496,0.000000,0.225775,0.235845,4680,0,593.95,3329376,3325833,5168,60186,SUCCESS,110576,0,equal,360192,8864368,0,10570368,,,,,12496,14997,used,,,,20260910-0005
2026-09-10 12:27:07,HAUSP-UB[noEUCS],C8T1S5I8N5K,4,7,0.000200,0.000,0.100,23738030,23565,13,642,655,5,64,50,3158702,40909,3039997,12503,0.000000,0.219130,0.229435,3498,0,636.01,3123938,3121497,4231,62581,SUCCESS,103214,0,equal,384640,11101184,0,12504832,,,,,12499,15487,used,,,,20260910-0005
2026-09-10 12:27:08,HAUSP-UB[noEUCS],C8T1S5I8N5K,5,7,0.000200,0.000,0.100,28544670,28278,13,729,742,5,66,50,3274060,42907,3157221,12274,0.000000,0.212608,0.222879,3088,0,644.05,3238725,3236729,3832,64372,SUCCESS,101178,0,equal,392832,13348488,0,14471936,,,,,12274,15661,used,,,,20260910-0005
2026-09-10 12:27:08,HAUSP-UB[noEUCS],C8T1S5I8N5K,6,7,0.000200,0.000,0.100,33272585,32991,13,750,763,4,63,49,3060319,44152,2947009,12401,0.000000,0.212564,0.223154,2965,0,652.84,3024451,3023082,3410,65654,SUCCESS,97662,0,equal,522112,15562120,0,16513024,,,,,12401,15648,used,,,,20260910-0005
2026-09-10 12:27:09,HAUSP-UB[noEUCS],C8T1S5I8N5K,7,7,0.000200,0.000,0.100,38016389,37704,13,779,792,4,60,47,2977067,45276,2868039,12406,0.000000,0.210993,0.221967,2428,0,662.10,2941095,2939821,3402,66784,SUCCESS,93432,0,equal,721408,17779144,0,18740480,,,,,12404,15594,used,,,,20260910-0005
2026-09-10 12:27:10,HAUSP-UB[noEUCS],C8T1S5I8N5K,8,7,0.000200,0.000,0.100,42745729,42417,13,838,852,4,60,46,2999716,45917,2890684,12527,0.000000,0.210217,0.221289,2449,0,700.24,2963113,2962265,3120,67568,SUCCESS,93295,0,equal,675456,19985936,0,21003648,,,,,12526,15736,used,,,,20260910-0005
2026-09-10 12:27:11,HAUSP-UB[noEUCS],C8T1S5I8N5K,9,7,0.000200,0.000,0.100,47416411,47133,13,903,917,4,57,44,3020056,46615,2913251,12578,0.000000,0.208598,0.219840,2623,0,709.96,2983429,2982662,3103,68240,SUCCESS,91130,0,equal,836224,22186560,0,23344768,,,,,12577,15674,used,,,,20260910-0005
2026-09-10 12:27:14,HAUSP-UB[noEUCS],C8T1S5I8N5K,0,8,0.000200,0.000,0.100,4733978,4713,26,2520,2546,5,562,401,27230265,17637,26392098,16658,0.000000,0.260381,0.262406,23593,0,472.81,27237295,27196981,40314,39444,SUCCESS,827558,0,equal,125312,2212136,0,5106176,,,,,16656,10607,used,,,,20260910-0005
2026-09-10 12:27:14,HAUSP-UB[noEUCS],C8T1S5I8N5K,1,8,0.000200,0.000,0.100,9488004,9426,10,595,606,4,97,76,4135232,29547,3966466,11828,0.000000,0.242173,0.250249,6078,0,512.08,4111474,4099476,12868,51042,SUCCESS,154905,0,equal,212480,4438024,0,7065216,,,,,11828,13861,used,,,,20260910-0005
2026-09-10 12:27:15,HAUSP-UB[noEUCS],C8T1S5I8N5K,2,8,0.000200,0.000,0.100,14222171,14139,12,576,588,4,76,60,3620990,35085,3483388,12094,0.000000,0.227010,0.236426,5572,0,552.85,3590552,3584431,7391,56808,SUCCESS,123120,0,equal,333568,6674016,0,8810624,,,,,12093,14481,used,,,,20260910-0005
2026-09-10 12:27:16,HAUSP-UB[noEUCS],C8T1S5I8N5K,3,8,0.000200,0.000,0.100,18951306,18852,12,613,626,4,70,54,3362678,38503,3237105,12496,0.000000,0.225775,0.235845,4680,0,593.58,3329376,3325833,5168,60186,SUCCESS,110576,0,equal,360192,8864368,0,10570368,,,,,12496,14997,used,,,,20260910-0005
2026-09-10 12:27:16,HAUSP-UB[noEUCS],C8T1S5I8N5K,4,8,0.000200,0.000,0.100,23738030,23565,12,641,654,5,64,50,3158702,40909,3039997,12503,0.000000,0.219130,0.229435,3498,0,635.65,3123938,3121497,4231,62581,SUCCESS,103214,0,equal,384640,11101184,0,12504832,,,,,12499,15487,used,,,,20260910-0005
2026-09-10 12:27:17,HAUSP-UB[noEUCS],C8T1S5I8N5K,5,8,0.000200,0.000,0.100,28544670,28278,12,725,738,4,65,50,3274060,42907,3157221,12274,0.000000,0.212608,0.222879,3088,0,643.69,3238725,3236729,3832,64372,SUCCESS,101178,0,equal,392832,13348488,0,14471936,,,,,12274,15661,used,,,,20260910-0005
2026-09-10 12:27:18,HAUSP-UB[noEUCS],C8T1S5I8N5K,6,8,0.000200,0.000,0.100,33272585,32991,13,732,745,4,60,47,3060319,44152,2947009,12401,0.000000,0.212564,0.223154,2965,0,652.47,3024451,3023082,3410,65654,SUCCESS,97662,0,equal,522112,15562120,0,16513024,,,,,12401,15648,used,,,,20260910-0005
2026-09-10 12:27:19,HAUSP-UB[noEUCS],C8T1S5I8N5K,7,8,0.000200,0.000,0.100,38016389,37704,13,768,781,4,58,46,2977067,45276,2868039,12406,0.000000,0.210993,0.221967,2428,0,661.73,2941095,2939821,3402,66784,SUCCESS,93432,0,equal,721408,17779144,0,18740480,,,,,12404,15594,used,,,,20260910-0005
2026-09-10 12:27:19,HAUSP-UB[noEUCS],C8T1S5I8N5K,8,8,0.000200,0.000,0.100,42745729,42417,13,846,859,5,61,46,2999716,45917,2890684,12527,0.000000,0.210217,0.221289,2449,0,699.87,2963113,2962265,3120,67568,SUCCESS,93295,0,equal,675456,19985936,0,21003648,,,,,12526,15736,used,,,,20260910-0005
2026-09-10 12:27:20,HAUSP-UB[noEUCS],C8T1S5I8N5K,9,8,0.000200,0.000,0.100,47416411,47133,13,918,931,4,59,45,3020056,46615,2913251,12578,0.000000,0.208598,0.219840,2623,0,709.59,2983429,2982662,3103,68240,SUCCESS,91130,0,equal,836224,22186560,0,23344768,,,,,12577,15674,used,,,,20260910-0005
2026-09-10 12:27:23,HAUSP-UB[noEUCS],C8T1S5I8N5K,0,9,0.000200,0.000,0.100,4733978,4713,26,2520,2546,5,559,400,27230265,17637,26392098,16658,0.000000,0.260381,0.262406,23593,0,472.79,27237295,27196981,40314,39444,SUCCESS,827558,0,equal,125312,2212136,0,5106176,,,,,16656,10607,used,,,,20260910-0005
2026-09-10 12:27:24,HAUSP-UB[noEUCS],C8T1S5I8N5K,1,9,0.000200,0.000,0.100,9488004,9426,11,595,606,4,97,76,4135232,29547,3966466,11828,0.000000,0.242173,0.250249,6078,0,512.52,4111474,4099476,12868,51042,SUCCESS,154905,0,equal,212480,4438024,0,7065216,,,,,11828,13861,used,,,,20260910-0005
2026-09-10 12:27:25,HAUSP-UB[noEUCS],C8T1S5I8N5K,2,9,0.000200,0.000,0.100,14222171,14139,12,577,589,4,76,59,3620990,35085,3483388,12094,0.000000,0.227010,0.236426,5572,0,553.29,3590552,3584431,7391,56808,SUCCESS,123120,0,equal,333568,6674016,0,8810624,,,,,12093,14481,used,,,,20260910-0005
2026-09-10 12:27:25,HAUSP-UB[noEUCS],C8T1S5I8N5K,3,9,0.000200,0.000,0.100,18951306,18852,12,609,621,5,69,53,3362678,38503,3237105,12496,0.000000,0.225775,0.235845,4680,0,594.01,3329376,3325833,5168,60186,SUCCESS,110576,0,equal,360192,8864368,0,10570368,,,,,12496,14997,used,,,,20260910-0005
2026-09-10 12:27:26,HAUSP-UB[noEUCS],C8T1S5I8N5K,4,9,0.000200,0.000,0.100,23738030,23565,12,638,651,4,63,49,3158702,40909,3039997,12503,0.000000,0.219130,0.229435,3498,0,636.08,3123938,3121497,4231,62581,SUCCESS,103214,0,equal,384640,11101184,0,12504832,,,,,12499,15487,used,,,,20260910-0005
2026-09-10 12:27:27,HAUSP-UB[noEUCS],C8T1S5I8N5K,5,9,0.000200,0.000,0.100,28544670,28278,13,718,731,5,64,49,3274060,42907,3157221,12274,0.000000,0.212608,0.222879,3088,0,644.12,3238725,3236729,3832,64372,SUCCESS,101178,0,equal,392832,13348488,0,14471936,,,,,12274,15661,used,,,,20260910-0005
2026-09-10 12:27:27,HAUSP-UB[noEUCS],C8T1S5I8N5K,6,9,0.000200,0.000,0.100,33272585,32991,13,737,751,5,61,47,3060319,44152,2947009,12401,0.000000,0.212564,0.223154,2965,0,652.91,3024451,3023082,3410,65654,SUCCESS,97662,0,equal,522112,15562120,0,16513024,,,,,12401,15648,used,,,,20260910-0005
2026-09-10 12:27:28,HAUSP-UB[noEUCS],C8T1S5I8N5K,7,9,0.000200,0.000,0.100,38016389,37704,13,773,786,4,60,46,2977067,45276,2868039,12406,0.000000,0.210993,0.221967,2428,0,662.17,2941095,2939821,3402,66784,SUCCESS,93432,0,equal,721408,17779144,0,18740480,,,,,12404,15594,used,,,,20260910-0005
2026-09-10 12:27:29,HAUSP-UB[noEUCS],C8T1S5I8N5K,8,9,0.000200,0.000,0.100,42745729,42417,13,833,847,5,59,45,2999716,45917,2890684,12527,0.000000,0.210217,0.221289,2449,0,700.31,2963113,2962265,3120,67568,SUCCESS,93295,0,equal,675456,19985936,0,21003648,,,,,12526,15736,used,,,,20260910-0005
2026-09-10 12:27:30,HAUSP-UB[noEUCS],C8T1S5I8N5K,9,9,0.000200,0.000,0.100,47416411,47133,13,906,920,5,58,44,3020056,46615,2913251,12578,0.000000,0.208598,0.219840,2623,0,710.03,2983429,2982662,3103,68240,SUCCESS,91130,0,equal,836224,22186560,0,23344768,,,,,12577,15674,used,,,,20260910-0005
2026-09-10 12:29:27,HAUSP-UB[noEUCS],C8T1S5I8N5K,0,0,0.000200,0.000,0.050,2395750,2357,21,116127,116149,5,25981,23770,708454362,6385,658404755,5954274,0.000000,0.404113,0.404154,7872767,0,463.49,708456144,708428139,28005,27406,SUCCESS,50045004,0,equal,85888,1108344,0,3511680,,,,,5954274,4603,used,,,,20260910-0005
2026-09-10 12:29:29,HAUSP-UB[noEUCS],C8T1S5I8N5K,1,0,0.000200,0.000,0.050,4734306,4714,8,2478,2487,4,549,393,27217193,17643,26379492,16655,0.000000,0.260394,0.262420,23585,0,498.55,27196823,27184508,12914,39450,SUCCESS,827092,0,equal,124672,2212488,0,5116288,,,,,16653,10607,used,,,,20260910-0005
2026-09-10 12:29:30,HAUSP-UB[noEUCS],C8T1S5I8N5K,2,0,0.000200,0.000,0.050,7116864,7071,9,888,898,4,161,122,7023876,24919,6757128,12304,0.000000,0.253044,0.258539,10718,0,524.30,6996247,6989044,8073,46484,SUCCESS,253650,0,equal,175872,3322656,0,6200704,,,,,12304,13098,used,,,,20260910-0005
2026-09-10 12:29:31,HAUSP-UB[noEUCS],C8T1S5I8N5K,3,0,0.000200,0.000,0.050,9489472,9428,8,580,589,4,95,74,4134462,29535,3965738,11838,0.000000,0.242090,0.250170,6069,0,560.61,4103658,4098869,5828,51042,SUCCESS,154869,0,equal,215552,4439168,0,7121792,,,,,11838,13855,used,,,,20260910-0005
2026-09-10 12:29:31,HAUSP-UB[noEUCS],C8T1S5I8N5K,4,0,0.000200,0.000,0.050,11821720,11785,9,575,585,4,85,66,3909857,32753,3758088,12157,0.000000,0.231552,0.240316,7109,0,597.64,3877470,3873846,4894,54476,SUCCESS,137670,0,equal,235392,5543488,0,8057344,,,,,12156,14098,used,,,,20260910-0005
2026-09-10 12:29:32,HAUSP-UB[noEUCS],C8T1S5I8N5K,5,0,0.000200,0.000,0.050,14224083,14142,9,575,585,4,76,59,3620058,35096,3482498,12088,0.000000,0.226996,0.236416,5569,0,635.08,3586190,3583689,3961,56812,SUCCESS,123071,0,equal,319360,6674824,0,8927744,,,,,12087,14488,used,,,,20260910-0005
2026-09-10 12:29:32,HAUSP-UB[noEUCS],C8T1S5I8N5K,6,0,0.000200,0.000,0.050,16576474,16499,10,605,615,4,73,55,3551234,37063,3422944,12278,0.000000,0.218306,0.228259,5133,0,672.89,3516665,3514620,3670,58762,SUCCESS,113470,0,equal,348800,7776368,0,9902208,,,,,12278,14820,used,,,,20260910-0005
2026-09-10 12:29:33,HAUSP-UB[noEUCS],C8T1S5I8N5K,7,0,0.000200,0.000,0.050,18957034,18856,9,601,611,4,68,53,3345343,38526,3219818,12480,0.000000,0.225782,0.235850,4673,0,711.00,3310084,3308584,3220,60192,SUCCESS,110502,0,equal,364160,8866320,0,10822528,,,,,12480,15023,used,,,,20260910-0005
2026-09-10 12:29:34,HAUSP-UB[noEUCS],C8T1S5I8N5K,8,0,0.000200,0.000,0.050,21352476,21213,9,612,622,4,65,51,3212781,39785,3091260,12680,0.000000,0.220911,0.231150,3745,0,749.16,3177304,3175893,3201,61573,SUCCESS,106451,0,equal,375808,9989952,0,11887104,,,,,12680,15070,used,,,,20260910-0005
2026-09-10 12:29:34,HAUSP-UB[noEUCS],C8T1S5I8N5K,9,0,0.000200,0.000,0.050,23743995,23570,10,642,653,4,63,50,3159294,40907,3040616,12500,0.000000,0.219051,0.229361,3496,0,788.15,3123146,3122122,2844,62581,SUCCESS,103192,0,equal,399104,11103976,0,12902528,,,,,12496,15482,used,,,,20260910-0005
2026-09-10 12:29:35,HAUSP-UB[noEUCS],C8T1S5I8N5K,10,0,0.000200,0.000,0.050,26163527,25927,10,667,677,4,62,48,3188130,41925,3071441,12572,0.000000,0.213288,0.223810,2862,0,826.89,3151925,3150752,3009,63641,SUCCESS,101138,0,equal,418176,12242192,0,14009600,,,,,12570,15549,used,,,,20260910-0005
2026-09-10 12:29:36,HAUSP-UB[noEUCS],C8T1S5I8N5K,11,0,0.000200,0.000,0.050,28550708,28284,10,710,720,4,63,48,3275936,42894,3159078,12287,0.000000,0.212523,0.222797,3087,0,831.97,3239545,3238717,2777,64372,SUCCESS,101214,0,equal,378368,13351184,0,15044736,,,,,12287,15644,used,,,,20260910-0005
2026-09-10 12:29:36,HAUSP-UB[noEUCS],C8T1S5I8N5K,12,0,0.000200,0.000,0.050,30930872,30641,10,712,723,4,61,46,3143194,43426,3029575,12374,0.000000,0.210686,0.221338,3079,0,837.12,3106680,3106045,2681,64969,SUCCESS,98049,0,equal,411264,14464496,0,16122624,,,,,12372,15568,used,,,,20260910-0005
2026-09-10 12:29:37,HAUSP-UB[noEUCS],C8T1S5I8N5K,13,0,0.000200,0.000,0.050,33279433,32998,10,727,737,4,60,46,3060022,44157,2946748,12395,0.000000,0.212539,0.223129,2962,0,842.76,3023542,3022813,2813,65654,SUCCESS,97606,0,equal,610688,15564456,0,17278848,,,,,12395,15668,used,,,,20260910-0005
2026-09-10 12:29:38,HAUSP-UB[noEUCS],C8T1S5I8N5K,14,0,0.000200,0.000,0.050,35644111,35355,10,740,750,4,58,45,2962982,44747,2852238,12488,0.000000,0.212115,0.222910,2550,0,848.37,2926498,2925747,2879,66368,SUCCESS,95167,0,equal,683648,16667160,0,18518656,,,,,12488,15577,used,,,,20260910-0005
2026-09-10 12:29:39,HAUSP-UB[noEUCS],C8T1S5I8N5K,15,0,0.000200,0.000,0.050,38021677,37712,10,765,776,4,59,46,2976685,45275,2867684,12407,0.000000,0.210960,0.221935,2429,0,854.53,2939999,2939476,2688,66784,SUCCESS,93406,0,equal,763776,17781776,0,19881984,,,,,12405,15593,used,,,,20260910-0005
2026-09-10 12:29:40,HAUSP-UB[noEUCS],C8T1S5I8N5K,16,0,0.000200,0.000,0.050,40330823,40069,10,798,809,4,58,45,3021154,45564,2911866,12473,0.000000,0.211285,0.222277,2510,0,860.03,2984316,2983948,2640,67128,SUCCESS,93669,0,equal,793344,18867272,0,21193472,,,,,12472,15618,used,,,,20260910-0005
2026-09-10 12:29:40,HAUSP-UB[noEUCS],C8T1S5I8N5K,17,0,0.000200,0.000,0.050,42752721,42426,10,844,854,4,60,46,2999751,45914,2890742,12529,0.000000,0.210189,0.221268,2446,0,895.24,2962804,2962324,2776,67568,SUCCESS,93275,0,equal,706944,19989480,0,22540800,,,,,12528,15733,used,,,,20260910-0005
2026-09-10 12:29:41,HAUSP-UB[noEUCS],C8T1S5I8N5K,18,0,0.000200,0.000,0.050,45083524,44783,10,834,845,4,56,43,2983318,46281,2876138,12545,0.000000,0.209038,0.220216,2427,0,901.37,2946515,2946111,2740,67925,SUCCESS,91663,0,equal,717440,21088736,0,23928448,,,,,12544,15516,used,,,,20260910-0005
2026-09-10 12:29:42,HAUSP-UB[noEUCS],C8T1S5I8N5K,19,0,0.000200,0.000,0.050,47416411,47133,10,909,920,4,57,44,3020056,46615,2913251,12578,0.000000,0.208598,0.219840,2623,0,597.64,2983072,2982709,2746,68240,SUCCESS,91130,0,equal,409216,22186560,0,25289984,,,,,12577,15674,used,,,,20260910-0005
2026-09-10 12:31:37,HAUSP-UB[noEUCS],C8T1S5I8N5K,0,1,0.000200,0.000,0.050,2395750,2357,18,114785,114804,4,25582,23442,708454362,6385,658404755,5954274,0.000000,0.404113,0.404154,7872767,0,462.66,708456144,708428139,28005,27406,SUCCESS,50045004,0,equal,85888,1108344,0,3511680,,,,,5954274,4603,used,,,,20260910-0005
2026-09-10 12:31:40,HAUSP-UB[noEUCS],C8T1S5I8N5K,1,1,0.000200,0.000,0.050,4734306,4714,8,2441,2449,4,541,388,27217193,17643,26379492,16655,0.000000,0.260394,0.262420,23585,0,498.41,27196823,27184508,12914,39450,SUCCESS,827092,0,equal,124672,2212488,0,5116288,,,,,16653,10607,used,,,,20260910-0005
2026-09-10 12:31:41,HAUSP-UB[noEUCS],C8T1S5I8N5K,2,1,0.000200,0.000,0.050,7116864,7071,8,864,873,4,156,118,7023876,24919,6757128,12304,0.000000,0.253044,0.258539,10718,0,524.20,6996247,6989044,8073,46484,SUCCESS,253650,0,equal,175872,3322656,0,6200704,,,,,12304,13098,used,,,,20260910-0005
2026-09-10 12:31:41,HAUSP-UB[noEUCS],C8T1S5I8N5K,3,1,0.000200,0.000,0.050,9489472,9428,8,571,580,4,93,72,4134462,29535,3965738,11838,0.000000,0.242090,0.250170,6069,0,546.35,4103658,4098869,5828,51042,SUCCESS,154869,0,equal,215552,4439168,0,7121792,,,,,11838,13855,used,,,,20260910-0005
2026-09-10 12:31:42,HAUSP-UB[noEUCS],C8T1S5I8N5K,4,1,0.000200,0.000,0.050,11821720,11785,9,569,578,4,83,65,3909857,32753,3758088,12157,0.000000,0.231552,0.240316,7109,0,583.29,3877470,3873846,4894,54476,SUCCESS,137670,0,equal,246528,5543488,0,8057344,,,,,12156,14098,used,,,,20260910-0005
2026-09-10 12:31:43,HAUSP-UB[noEUCS],C8T1S5I8N5K,5,1,0.000200,0.000,0.050,14224083,14142,9,564,573,4,74,57,3620058,35096,3482498,12088,0.000000,0.226996,0.236416,5569,0,586.87,3586190,3583689,3961,56812,SUCCESS,123071,0,equal,0,6674824,0,8927744,,,,,12087,14488,used,,,,20260910-0005
2026-09-10 12:31:43,HAUSP-UB[noEUCS],C8T1S5I8N5K,6,1,0.000200,0.000,0.050,16576474,16499,9,583,592,4,68,53,3551234,37063,3422944,12278,0.000000,0.218306,0.228259,5133,0,583.94,3516665,3514620,3670,58762,SUCCESS,113470,0,equal,0,7776368,0,9902208,,,,,12278,14820,used,,,,20260910-0005
2026-09-10 12:31:44,HAUSP-UB[noEUCS],C8T1S5I8N5K,7,1,0.000200,0.000,0.050,18957034,18856,9,609,618,4,69,53,3345343,38526,3219818,12480,0.000000,0.225782,0.235850,4673,0,580.57,3310084,3308584,3220,60192,SUCCESS,110502,0,equal,374016,8866320,0,10822528,,,,,12480,15023,used,,,,20260910-0005
2026-09-10 12:31:44,HAUSP-UB[noEUCS],C8T1S5I8N5K,8,1,0.000200,0.000,0.050,21352476,21213,9,617,627,4,67,51,3212781,39785,3091260,12680,0.000000,0.220911,0.231150,3745,0,618.41,3177304,3175893,3201,61573,SUCCESS,106451,0,equal,353280,9989952,0,11887104,,,,,12680,15070,used,,,,20260910-0005
2026-09-10 12:31:45,HAUSP-UB[noEUCS],C8T1S5I8N5K,9,1,0.000200,0.000,0.050,23743995,23570,9,636,646,4,63,49,3159294,40907,3040616,12500,0.000000,0.219051,0.229361,3496,0,657.62,3123146,3122122,2844,62581,SUCCESS,103192,0,equal,386944,11103976,0,12902528,,,,,12496,15482,used,,,,20260910-0005
2026-09-10 12:31:46,HAUSP-UB[noEUCS],C8T1S5I8N5K,10,1,0.000200,0.000,0.050,26163527,25927,9,651,661,4,60,47,3188130,41925,3071441,12572,0.000000,0.213288,0.223810,2862,0,696.82,3151925,3150752,3009,63641,SUCCESS,101138,0,equal,441472,12242192,0,14009600,,,,,12570,15549,used,,,,20260910-0005
2026-09-10 12:31:46,HAUSP-UB[noEUCS],C8T1S5I8N5K,11,1,0.000200,0.000,0.050,28550708,28284,9,694,704,4,61,47,3275936,42894,3159078,12287,0.000000,0.212523,0.222797,3087,0,701.56,3239545,3238717,2777,64372,SUCCESS,101214,0,equal,378368,13351184,0,15044736,,,,,12287,15644,used,,,,20260910-0005
2026-09-10 12:31:47,HAUSP-UB[noEUCS],C8T1S5I8N5K,12,1,0.000200,0.000,0.050,30930872,30641,10,701,711,4,60,46,3143194,43426,3029575,12374,0.000000,0.210686,0.221338,3079,0,706.55,3106680,3106045,2681,64969,SUCCESS,98049,0,equal,411264,14464496,0,16122624,,,,,12372,15568,used,,,,20260910-0005
2026-09-10 12:31:48,HAUSP-UB[noEUCS],C8T1S5I8N5K,13,1,0.000200,0.000,0.050,33279433,32998,10,722,732,4,59,46,3060022,44157,2946748,12395,0.000000,0.212539,0.223129,2962,0,712.50,3023542,3022813,2813,65654,SUCCESS,97606,0,equal,647936,15564456,0,17278848,,,,,12395,15668,used,,,,20260910-0005
2026-09-10 12:31:49,HAUSP-UB[noEUCS],C8T1S5I8N5K,14,1,0.000200,0.000,0.050,35644111,35355,10,732,742,4,57,45,2962982,44747,2852238,12488,0.000000,0.212115,0.222910,2550,0,718.03,2926498,2925747,2879,66368,SUCCESS,95167,0,equal,683648,16667160,0,18518656,,,,,12488,15577,used,,,,20260910-0005
2026-09-10 12:31:49,HAUSP-UB[noEUCS],C8T1S5I8N5K,15,1,0.000200,0.000,0.050,38021677,37712,10,753,763,4,57,44,2976685,45275,2867684,12407,0.000000,0.210960,0.221935,2429,0,723.63,2939999,2939476,2688,66784,SUCCESS,93406,0,equal,604160,17781776,0,19881984,,,,,12405,15593,used,,,,20260910-0005
2026-09-10 12:31:50,HAUSP-UB[noEUCS],C8T1S5I8N5K,16,1,0.000200,0.000,0.050,40330823,40069,10,790,801,4,57,44,3021154,45564,2911866,12473,0.000000,0.211285,0.222277,2510,0,729.77,2984316,2983948,2640,67128,SUCCESS,93669,0,equal,793344,18867272,0,21193472,,,,,12472,15618,used,,,,20260910-0005
2026-09-10 12:31:51,HAUSP-UB[noEUCS],C8T1S5I8N5K,17,1,0.000200,0.000,0.050,42752721,42426,10,818,828,4,57,44,2999751,45914,2890742,12529,0.000000,0.210189,0.221268,2446,0,764.89,2962804,2962324,2776,67568,SUCCESS,93275,0,equal,800768,19989480,0,22540800,,,,,12528,15733,used,,,,20260910-0005
2026-09-10 12:31:52,HAUSP-UB[noEUCS],C8T1S5I8N5K,18,1,0.000200,0.000,0.050,45083524,44783,10,831,841,4,57,44,2983318,46281,2876138,12545,0.000000,0.209038,0.220216,2427,0,770.88,2946515,2946111,2740,67925,SUCCESS,91663,0,equal,717440,21088736,0,23928448,,,,,12544,15516,used,,,,20260910-0005
2026-09-10 12:31:53,HAUSP-UB[noEUCS],C8T1S5I8N5K,19,1,0.000200,0.000,0.050,47416411,47133,10,896,906,4,58,44,3020056,46615,2913251,12578,0.000000,0.208598,0.219840,2623,0,777.14,2983072,2982709,2746,68240,SUCCESS,91130,0,equal,873984,22186560,0,25289984,,,,,12577,15674,used,,,,20260910-0005
2026-09-10 12:33:46,HAUSP-UB[noEUCS],C8T1S5I8N5K,0,2,0.000200,0.000,0.050,2395750,2357,21,113119,113140,5,25243,23117,708454362,6385,658404755,5954274,0.000000,0.404113,0.404154,7872767,0,463.02,708456144,708428139,28005,27406,SUCCESS,50045004,0,equal,85888,1108344,0,3511680,,,,,5954274,4603,used,,,,20260910-0005
2026-09-10 12:33:49,HAUSP-UB[noEUCS],C8T1S5I8N5K,1,2,0.000200,0.000,0.050,4734306,4714,8,2415,2424,4,534,383,27217193,17643,26379492,16655,0.000000,0.260394,0.262420,23585,0,498.45,27196823,27184508,12914,39450,SUCCESS,827092,0,equal,124672,2212488,0,5116288,,,,,16653,10607,used,,,,20260910-0005
2026-09-10 12:33:50,HAUSP-UB[noEUCS],C8T1S5I8N5K,2,2,0.000200,0.000,0.050,7116864,7071,8,857,866,4,155,117,7023876,24919,6757128,12304,0.000000,0.253044,0.258539,10718,0,524.31,6996247,6989044,8073,46484,SUCCESS,253650,0,equal,175872,3322656,0,6200704,,,,,12304,13098,used,,,,20260910-0005
2026-09-10 12:33:50,HAUSP-UB[noEUCS],C8T1S5I8N5K,3,2,0.000200,0.000,0.050,9489472,9428,8,566,575,4,92,73,4134462,29535,3965738,11838,0.000000,0.242090,0.250170,6069,0,559.90,4103658,4098869,5828,51042,SUCCESS,154869,0,equal,215552,4439168,0,7121792,,,,,11838,13855,used,,,,20260910-0005
2026-09-10 12:33:51,HAUSP-UB[noEUCS],C8T1S5I8N5K,4,2,0.000200,0.000,0.050,11821720,11785,9,561,570,4,83,64,3909857,32753,3758088,12157,0.000000,0.231552,0.240316,7109,0,597.11,3877470,3873846,4894,54476,SUCCESS,137670,0,equal,247424,5543488,0,8057344,,,,,12156,14098,used,,,,20260910-0005
2026-09-10 12:33:51,HAUSP-UB[noEUCS],C8T1S5I8N5K,5,2,0.000200,0.000,0.050,14224083,14142,9,557,566,4,74,58,3620058,35096,3482498,12088,0.000000,0.226996,0.236416,5569,0,634.18,3586190,3583689,3961,56812,SUCCESS,123071,0,equal,319360,6674824,0,8927744,,,,,12087,14488,used,,,,20260910-0005
2026-09-10 12:33:52,HAUSP-UB[noEUCS],C8T1S5I8N5K,6,2,0.000200,0.000,0.050,16576474,16499,9,577,587,4,69,52,3551234,37063,3422944,12278,0.000000,0.218306,0.228259,5133,0,672.18,3516665,3514620,3670,58762,SUCCESS,113470,0,equal,348800,7776368,0,9902208,,,,,12278,14820,used,,,,20260910-0005
2026-09-10 12:33:53,HAUSP-UB[noEUCS],C8T1S5I8N5K,7,2,0.000200,0.000,0.050,18957034,18856,9,588,598,4,68,52,3345343,38526,3219818,12480,0.000000,0.225782,0.235850,4673,0,710.07,3310084,3308584,3220,60192,SUCCESS,110502,0,equal,374016,8866320,0,10822528,,,,,12480,15023,used,,,,20260910-0005
2026-09-10 12:33:53,HAUSP-UB[noEUCS],C8T1S5I8N5K,8,2,0.000200,0.000,0.050,21352476,21213,9,591,601,4,62,49,3212781,39785,3091260,12680,0.000000,0.220911,0.231150,3745,0,748.75,3177304,3175893,3201,61573,SUCCESS,106451,0,equal,357120,9989952,0,11887104,,,,,12680,15070,used,,,,20260910-0005
2026-09-10 12:33:54,HAUSP-UB[noEUCS],C8T1S5I8N5K,9,2,0.000200,0.000,0.050,23743995,23570,9,624,634,4,62,49,3159294,40907,3040616,12500,0.000000,0.219051,0.229361,3496,0,787.43,3123146,3122122,2844,62581,SUCCESS,103192,0,equal,386944,11103976,0,12902528,,,,,12496,15482,used,,,,20260910-0005
2026-09-10 12:33:54,HAUSP-UB[noEUCS],C8T1S5I8N5K,10,2,0.000200,0.000,0.050,26163527,25927,9,646,656,4,60,47,3188130,41925,3071441,12572,0.000000,0.213288,0.223810,2862,0,826.48,3151925,3150752,3009,63641,SUCCESS,101138,0,equal,418176,12242192,0,14009600,,,,,12570,15549,used,,,,20260910-0005
2026-09-10 12:33:55,HAUSP-UB[noEUCS],C8T1S5I8N5K,11,2,0.000200,0.000,0.050,28550708,28284,9,690,700,4,62,47,3275936,42894,3159078,12287,0.000000,0.212523,0.222797,3087,0,831.43,3239545,3238717,2777,64372,SUCCESS,101214,0,equal,417664,13351184,0,15044736,,,,,12287,15644,used,,,,20260910-0005
2026-09-10 12:33:56,HAUSP-UB[noEUCS],C8T1S5I8N5K,12,2,0.000200,0.000,0.050,30930872,30641,9,693,703,4,59,46,3143194,43426,3029575,12374,0.000000,0.210686,0.221338,3079,0,836.49,3106680,3106045,2681,64969,SUCCESS,98049,0,equal,411264,14464496,0,16122624,,,,,12372,15568,used,,,,20260910-0005
2026-09-10 12:33:57,HAUSP-UB[noEUCS],C8T1S5I8N5K,13,2,0.000200,0.000,0.050,33279433,32998,10,709,719,4,58,45,3060022,44157,2946748,12395,0.000000,0.212539,0.223129,2962,0,842.18,3023542,3022813,2813,65654,SUCCESS,97606,0,equal,610688,15564456,0,17278848,,,,,12395,15668,used,,,,20260910-0005
2026-09-10 12:33:57,HAUSP-UB[noEUCS],C8T1S5I8N5K,14,2,0.000200,0.000,0.050,35644111,35355,9,722,732,4,57,45,2962982,44747,2852238,12488,0.000000,0.212115,0.222910,2550,0,847.65,2926498,2925747,2879,66368,SUCCESS,95167,0,equal,683648,16667160,0,18518656,,,,,12488,15577,used,,,,20260910-0005
2026-09-10 12:33:58,HAUSP-UB[noEUCS],C8T1S5I8N5K,15,2,0.000200,0.000,0.050,38021677,37712,10,742,752,4,57,44,2976685,45275,2867684,12407,0.000000,0.210960,0.221935,2429,0,853.69,2939999,2939476,2688,66784,SUCCESS,93406,0,equal,731520,17781776,0,19881984,,,,,12405,15593,used,,,,20260910-0005
2026-09-10 12:33:59,HAUSP-UB[noEUCS],C8T1S5I8N5K,16,2,0.000200,0.000,0.050,40330823,40069,9,774,784,4,56,43,3021154,45564,2911866,12473,0.000000,0.211285,0.222277,2510,0,859.45,2984316,2983948,2640,67128,SUCCESS,93669,0,equal,793344,18867272,0,21193472,,,,,12472,15618,used,,,,20260910-0005
2026-09-10 12:34:00,HAUSP-UB[noEUCS],C8T1S5I8N5K,17,2,0.000200,0.000,0.050,42752721,42426,10,803,813,4,56,43,2999751,45914,2890742,12529,0.000000,0.210189,0.221268,2446,0,894.67,2962804,2962324,2776,67568,SUCCESS,93275,0,equal,706944,19989480,0,22540800,,,,,12528,15733,used,,,,20260910-0005
2026-09-10 12:34:00,HAUSP-UB[noEUCS],C8T1S5I8N5K,18,2,0.000200,0.000,0.050,45083524,44783,10,819,829,4,55,43,2983318,46281,2876138,12545,0.000000,0.209038,0.220216,2427,0,901.01,2946515,2946111,2740,67925,SUCCESS,91663,0,equal,866176,21088736,0,23928448,,,,,12544,15516,used,,,,20260910-0005
2026-09-10 12:34:01,HAUSP-UB[noEUCS],C8T1S5I8N5K,19,2,0.000200,0.000,0.050,47416411,47133,10,879,889,4,56,42,3020056,46615,2913251,12578,0.000000,0.208598,0.219840,2623,0,597.65,2983072,2982709,2746,68240,SUCCESS,91130,0,equal,409216,22186560,0,25289984,,,,,12577,15674,used,,,,20260910-0005
,HAUSP-UB[noEUCS],C8T1S5I8N5K,0,0,0.000200,0.000,0.020,0,0,0,0,0,0,0,0,0,0,0,0,0.000000,0.000000,0.000000,0,0,0.00,0,0,0,0,OT,0,0,equal,,,,,,,,,,,used,,,,20260910-0005
,HAUSP-UB[noEUCS],C8T1S5I8N5K,1,0,0.000200,0.000,0.020,0,0,0,0,0,0,0,0,0,0,0,0,0.000000,0.000000,0.000000,0,0,0.00,0,0,0,0,SKIPPED,0,0,equal,,,,,,,,,,,used,,,,20260910-0005
,HAUSP-UB[noEUCS],C8T1S5I8N5K,2,0,0.000200,0.000,0.020,0,0,0,0,0,0,0,0,0,0,0,0,0.000000,0.000000,0.000000,0,0,0.00,0,0,0,0,SKIPPED,0,0,equal,,,,,,,,,,,used,,,,20260910-0005
,HAUSP-UB[noEUCS],C8T1S5I8N5K,3,0,0.000200,0.000,0.020,0,0,0,0,0,0,0,0,0,0,0,0,0.000000,0.000000,0.000000,0,0,0.00,0,0,0,0,SKIPPED,0,0,equal,,,,,,,,,,,used,,,,20260910-0005
,HAUSP-UB[noEUCS],C8T1S5I8N5K,4,0,0.000200,0.000,0.020,0,0,0,0,0,0,0,0,0,0,0,0,0.000000,0.000000,0.000000,0,0,0.00,0,0,0,0,SKIPPED,0,0,equal,,,,,,,,,,,used,,,,20260910-0005
,HAUSP-UB[noEUCS],C8T1S5I8N5K,5,0,0.000200,0.000,0.020,0,0,0,0,0,0,0,0,0,0,0,0,0.000000,0.000000,0.000000,0,0,0.00,0,0,0,0,SKIPPED,0,0,equal,,,,,,,,,,,used,,,,20260910-0005
,HAUSP-UB[noEUCS],C8T1S5I8N5K,6,0,0.000200,0.000,0.020,0,0,0,0,0,0,0,0,0,0,0,0,0.000000,0.000000,0.000000,0,0,0.00,0,0,0,0,SKIPPED,0,0,equal,,,,,,,,,,,used,,,,20260910-0005
,HAUSP-UB[noEUCS],C8T1S5I8N5K,7,0,0.000200,0.000,0.020,0,0,0,0,0,0,0,0,0,0,0,0,0.000000,0.000000,0.000000,0,0,0.00,0,0,0,0,SKIPPED,0,0,equal,,,,,,,,,,,used,,,,20260910-0005
,HAUSP-UB[noEUCS],C8T1S5I8N5K,8,0,0.000200,0.000,0.020,0,0,0,0,0,0,0,0,0,0,0,0,0.000000,0.000000,0.000000,0,0,0.00,0,0,0,0,SKIPPED,0,0,equal,,,,,,,,,,,used,,,,20260910-0005
,HAUSP-UB[noEUCS],C8T1S5I8N5K,9,0,0.000200,0.000,0.020,0,0,0,0,0,0,0,0,0,0,0,0,0.000000,0.000000,0.000000,0,0,0.00,0,0,0,0,SKIPPED,0,0,equal,,,,,,,,,,,used,,,,20260910-0005
,HAUSP-UB[noEUCS],C8T1S5I8N5K,10,0,0.000200,0.000,0.020,0,0,0,0,0,0,0,0,0,0,0,0,0.000000,0.000000,0.000000,0,0,0.00,0,0,0,0,SKIPPED,0,0,equal,,,,,,,,,,,used,,,,20260910-0005
,HAUSP-UB[noEUCS],C8T1S5I8N5K,11,0,0.000200,0.000,0.020,0,0,0,0,0,0,0,0,0,0,0,0,0.000000,0.000000,0.000000,0,0,0.00,0,0,0,0,SKIPPED,0,0,equal,,,,,,,,,,,used,,,,20260910-0005
,HAUSP-UB[noEUCS],C8T1S5I8N5K,12,0,0.000200,0.000,0.020,0,0,0,0,0,0,0,0,0,0,0,0,0.000000,0.000000,0.000000,0,0,0.00,0,0,0,0,SKIPPED,0,0,equal,,,,,,,,,,,used,,,,20260910-0005
,HAUSP-UB[noEUCS],C8T1S5I8N5K,13,0,0.000200,0.000,0.020,0,0,0,0,0,0,0,0,0,0,0,0,0.000000,0.000000,0.000000,0,0,0.00,0,0,0,0,SKIPPED,0,0,equal,,,,,,,,,,,used,,,,20260910-0005
,HAUSP-UB[noEUCS],C8T1S5I8N5K,14,0,0.000200,0.000,0.020,0,0,0,0,0,0,0,0,0,0,0,0,0.000000,0.000000,0.000000,0,0,0.00,0,0,0,0,SKIPPED,0,0,equal,,,,,,,,,,,used,,,,20260910-0005
,HAUSP-UB[noEUCS],C8T1S5I8N5K,15,0,0.000200,0.000,0.020,0,0,0,0,0,0,0,0,0,0,0,0,0.000000,0.000000,0.000000,0,0,0.00,0,0,0,0,SKIPPED,0,0,equal,,,,,,,,,,,used,,,,20260910-0005
,HAUSP-UB[noEUCS],C8T1S5I8N5K,16,0,0.000200,0.000,0.020,0,0,0,0,0,0,0,0,0,0,0,0,0.000000,0.000000,0.000000,0,0,0.00,0,0,0,0,SKIPPED,0,0,equal,,,,,,,,,,,used,,,,20260910-0005
,HAUSP-UB[noEUCS],C8T1S5I8N5K,17,0,0.000200,0.000,0.020,0,0,0,0,0,0,0,0,0,0,0,0,0.000000,0.000000,0.000000,0,0,0.00,0,0,0,0,SKIPPED,0,0,equal,,,,,,,,,,,used,,,,20260910-0005
,HAUSP-UB[noEUCS],C8T1S5I8N5K,18,0,0.000200,0.000,0.020,0,0,0,0,0,0,0,0,0,0,0,0,0.000000,0.000000,0.000000,0,0,0.00,0,0,0,0,SKIPPED,0,0,equal,,,,,,,,,,,used,,,,20260910-0005
,HAUSP-UB[noEUCS],C8T1S5I8N5K,19,0,0.000200,0.000,0.020,0,0,0,0,0,0,0,0,0,0,0,0,0.000000,0.000000,0.000000,0,0,0.00,0,0,0,0,SKIPPED,0,0,equal,,,,,,,,,,,used,,,,20260910-0005
,HAUSP-UB[noEUCS],C8T1S5I8N5K,20,0,0.000200,0.000,0.020,0,0,0,0,0,0,0,0,0,0,0,0,0.000000,0.000000,0.000000,0,0,0.00,0,0,0,0,SKIPPED,0,0,equal,,,,,,,,,,,used,,,,20260910-0005
,HAUSP-UB[noEUCS],C8T1S5I8N5K,21,0,0.000200,0.000,0.020,0,0,0,0,0,0,0,0,0,0,0,0,0.000000,0.000000,0.000000,0,0,0.00,0,0,0,0,SKIPPED,0,0,equal,,,,,,,,,,,used,,,,20260910-0005
,HAUSP-UB[noEUCS],C8T1S5I8N5K,22,0,0.000200,0.000,0.020,0,0,0,0,0,0,0,0,0,0,0,0,0.000000,0.000000,0.000000,0,0,0.00,0,0,0,0,SKIPPED,0,0,equal,,,,,,,,,,,used,,,,20260910-0005
,HAUSP-UB[noEUCS],C8T1S5I8N5K,23,0,0.000200,0.000,0.020,0,0,0,0,0,0,0,0,0,0,0,0,0.000000,0.000000,0.000000,0,0,0.00,0,0,0,0,SKIPPED,0,0,equal,,,,,,,,,,,used,,,,20260910-0005
,HAUSP-UB[noEUCS],C8T1S5I8N5K,24,0,0.000200,0.000,0.020,0,0,0,0,0,0,0,0,0,0,0,0,0.000000,0.000000,0.000000,0,0,0.00,0,0,0,0,SKIPPED,0,0,equal,,,,,,,,,,,used,,,,20260910-0005
,HAUSP-UB[noEUCS],C8T1S5I8N5K,25,0,0.000200,0.000,0.020,0,0,0,0,0,0,0,0,0,0,0,0,0.000000,0.000000,0.000000,0,0,0.00,0,0,0,0,SKIPPED,0,0,equal,,,,,,,,,,,used,,,,20260910-0005
,HAUSP-UB[noEUCS],C8T1S5I8N5K,26,0,0.000200,0.000,0.020,0,0,0,0,0,0,0,0,0,0,0,0,0.000000,0.000000,0.000000,0,0,0.00,0,0,0,0,SKIPPED,0,0,equal,,,,,,,,,,,used,,,,20260910-0005
,HAUSP-UB[noEUCS],C8T1S5I8N5K,27,0,0.000200,0.000,0.020,0,0,0,0,0,0,0,0,0,0,0,0,0.000000,0.000000,0.000000,0,0,0.00,0,0,0,0,SKIPPED,0,0,equal,,,,,,,,,,,used,,,,20260910-0005
,HAUSP-UB[noEUCS],C8T1S5I8N5K,28,0,0.000200,0.000,0.020,0,0,0,0,0,0,0,0,0,0,0,0,0.000000,0.000000,0.000000,0,0,0.00,0,0,0,0,SKIPPED,0,0,equal,,,,,,,,,,,used,,,,20260910-0005
,HAUSP-UB[noEUCS],C8T1S5I8N5K,29,0,0.000200,0.000,0.020,0,0,0,0,0,0,0,0,0,0,0,0,0.000000,0.000000,0.000000,0,0,0.00,0,0,0,0,SKIPPED,0,0,equal,,,,,,,,,,,used,,,,20260910-0005
,HAUSP-UB[noEUCS],C8T1S5I8N5K,30,0,0.000200,0.000,0.020,0,0,0,0,0,0,0,0,0,0,0,0,0.000000,0.000000,0.000000,0,0,0.00,0,0,0,0,SKIPPED,0,0,equal,,,,,,,,,,,used,,,,20260910-0005
,HAUSP-UB[noEUCS],C8T1S5I8N5K,31,0,0.000200,0.000,0.020,0,0,0,0,0,0,0,0,0,0,0,0,0.000000,0.000000,0.000000,0,0,0.00,0,0,0,0,SKIPPED,0,0,equal,,,,,,,,,,,used,,,,20260910-0005
,HAUSP-UB[noEUCS],C8T1S5I8N5K,32,0,0.000200,0.000,0.020,0,0,0,0,0,0,0,0,0,0,0,0,0.000000,0.000000,0.000000,0,0,0.00,0,0,0,0,SKIPPED,0,0,equal,,,,,,,,,,,used,,,,20260910-0005
,HAUSP-UB[noEUCS],C8T1S5I8N5K,33,0,0.000200,0.000,0.020,0,0,0,0,0,0,0,0,0,0,0,0,0.000000,0.000000,0.000000,0,0,0.00,0,0,0,0,SKIPPED,0,0,equal,,,,,,,,,,,used,,,,20260910-0005
,HAUSP-UB[noEUCS],C8T1S5I8N5K,34,0,0.000200,0.000,0.020,0,0,0,0,0,0,0,0,0,0,0,0,0.000000,0.000000,0.000000,0,0,0.00,0,0,0,0,SKIPPED,0,0,equal,,,,,,,,,,,used,,,,20260910-0005
,HAUSP-UB[noEUCS],C8T1S5I8N5K,35,0,0.000200,0.000,0.020,0,0,0,0,0,0,0,0,0,0,0,0,0.000000,0.000000,0.000000,0,0,0.00,0,0,0,0,SKIPPED,0,0,equal,,,,,,,,,,,used,,,,20260910-0005
,HAUSP-UB[noEUCS],C8T1S5I8N5K,36,0,0.000200,0.000,0.020,0,0,0,0,0,0,0,0,0,0,0,0,0.000000,0.000000,0.000000,0,0,0.00,0,0,0,0,SKIPPED,0,0,equal,,,,,,,,,,,used,,,,20260910-0005
,HAUSP-UB[noEUCS],C8T1S5I8N5K,37,0,0.000200,0.000,0.020,0,0,0,0,0,0,0,0,0,0,0,0,0.000000,0.000000,0.000000,0,0,0.00,0,0,0,0,SKIPPED,0,0,equal,,,,,,,,,,,used,,,,20260910-0005
,HAUSP-UB[noEUCS],C8T1S5I8N5K,38,0,0.000200,0.000,0.020,0,0,0,0,0,0,0,0,0,0,0,0,0.000000,0.000000,0.000000,0,0,0.00,0,0,0,0,SKIPPED,0,0,equal,,,,,,,,,,,used,,,,20260910-0005
,HAUSP-UB[noEUCS],C8T1S5I8N5K,39,0,0.000200,0.000,0.020,0,0,0,0,0,0,0,0,0,0,0,0,0.000000,0.000000,0.000000,0,0,0.00,0,0,0,0,SKIPPED,0,0,equal,,,,,,,,,,,used,,,,20260910-0005
,HAUSP-UB[noEUCS],C8T1S5I8N5K,40,0,0.000200,0.000,0.020,0,0,0,0,0,0,0,0,0,0,0,0,0.000000,0.000000,0.000000,0,0,0.00,0,0,0,0,SKIPPED,0,0,equal,,,,,,,,,,,used,,,,20260910-0005
,HAUSP-UB[noEUCS],C8T1S5I8N5K,41,0,0.000200,0.000,0.020,0,0,0,0,0,0,0,0,0,0,0,0,0.000000,0.000000,0.000000,0,0,0.00,0,0,0,0,SKIPPED,0,0,equal,,,,,,,,,,,used,,,,20260910-0005
,HAUSP-UB[noEUCS],C8T1S5I8N5K,42,0,0.000200,0.000,0.020,0,0,0,0,0,0,0,0,0,0,0,0,0.000000,0.000000,0.000000,0,0,0.00,0,0,0,0,SKIPPED,0,0,equal,,,,,,,,,,,used,,,,20260910-0005
,HAUSP-UB[noEUCS],C8T1S5I8N5K,43,0,0.000200,0.000,0.020,0,0,0,0,0,0,0,0,0,0,0,0,0.000000,0.000000,0.000000,0,0,0.00,0,0,0,0,SKIPPED,0,0,equal,,,,,,,,,,,used,,,,20260910-0005
,HAUSP-UB[noEUCS],C8T1S5I8N5K,44,0,0.000200,0.000,0.020,0,0,0,0,0,0,0,0,0,0,0,0,0.000000,0.000000,0.000000,0,0,0.00,0,0,0,0,SKIPPED,0,0,equal,,,,,,,,,,,used,,,,20260910-0005
,HAUSP-UB[noEUCS],C8T1S5I8N5K,45,0,0.000200,0.000,0.020,0,0,0,0,0,0,0,0,0,0,0,0,0.000000,0.000000,0.000000,0,0,0.00,0,0,0,0,SKIPPED,0,0,equal,,,,,,,,,,,used,,,,20260910-0005
,HAUSP-UB[noEUCS],C8T1S5I8N5K,46,0,0.000200,0.000,0.020,0,0,0,0,0,0,0,0,0,0,0,0,0.000000,0.000000,0.000000,0,0,0.00,0,0,0,0,SKIPPED,0,0,equal,,,,,,,,,,,used,,,,20260910-0005
,HAUSP-UB[noEUCS],C8T1S5I8N5K,47,0,0.000200,0.000,0.020,0,0,0,0,0,0,0,0,0,0,0,0,0.000000,0.000000,0.000000,0,0,0.00,0,0,0,0,SKIPPED,0,0,equal,,,,,,,,,,,used,,,,20260910-0005
,HAUSP-UB[noEUCS],C8T1S5I8N5K,48,0,0.000200,0.000,0.020,0,0,0,0,0,0,0,0,0,0,0,0,0.000000,0.000000,0.000000,0,0,0.00,0,0,0,0,SKIPPED,0,0,equal,,,,,,,,,,,used,,,,20260910-0005
,HAUSP-UB[noEUCS],C8T1S5I8N5K,49,0,0.000200,0.000,0.020,0,0,0,0,0,0,0,0,0,0,0,0,0.000000,0.000000,0.000000,0,0,0.00,0,0,0,0,SKIPPED,0,0,equal,,,,,,,,,,,used,,,,20260910-0005
,HAUSP-UB[noEUCS],C8T1S5I8N5K,0,0,0.000200,0.000,0.010,0,0,0,0,0,0,0,0,0,0,0,0,0.000000,0.000000,0.000000,0,0,0.00,0,0,0,0,OT,0,0,equal,,,,,,,,,,,used,,,,20260910-0005
,HAUSP-UB[noEUCS],C8T1S5I8N5K,1,0,0.000200,0.000,0.010,0,0,0,0,0,0,0,0,0,0,0,0,0.000000,0.000000,0.000000,0,0,0.00,0,0,0,0,SKIPPED,0,0,equal,,,,,,,,,,,used,,,,20260910-0005
,HAUSP-UB[noEUCS],C8T1S5I8N5K,2,0,0.000200,0.000,0.010,0,0,0,0,0,0,0,0,0,0,0,0,0.000000,0.000000,0.000000,0,0,0.00,0,0,0,0,SKIPPED,0,0,equal,,,,,,,,,,,used,,,,20260910-0005
,HAUSP-UB[noEUCS],C8T1S5I8N5K,3,0,0.000200,0.000,0.010,0,0,0,0,0,0,0,0,0,0,0,0,0.000000,0.000000,0.000000,0,0,0.00,0,0,0,0,SKIPPED,0,0,equal,,,,,,,,,,,used,,,,20260910-0005
,HAUSP-UB[noEUCS],C8T1S5I8N5K,4,0,0.000200,0.000,0.010,0,0,0,0,0,0,0,0,0,0,0,0,0.000000,0.000000,0.000000,0,0,0.00,0,0,0,0,SKIPPED,0,0,equal,,,,,,,,,,,used,,,,20260910-0005
,HAUSP-UB[noEUCS],C8T1S5I8N5K,5,0,0.000200,0.000,0.010,0,0,0,0,0,0,0,0,0,0,0,0,0.000000,0.000000,0.000000,0,0,0.00,0,0,0,0,SKIPPED,0,0,equal,,,,,,,,,,,used,,,,20260910-0005
,HAUSP-UB[noEUCS],C8T1S5I8N5K,6,0,0.000200,0.000,0.010,0,0,0,0,0,0,0,0,0,0,0,0,0.000000,0.000000,0.000000,0,0,0.00,0,0,0,0,SKIPPED,0,0,equal,,,,,,,,,,,used,,,,20260910-0005
,HAUSP-UB[noEUCS],C8T1S5I8N5K,7,0,0.000200,0.000,0.010,0,0,0,0,0,0,0,0,0,0,0,0,0.000000,0.000000,0.000000,0,0,0.00,0,0,0,0,SKIPPED,0,0,equal,,,,,,,,,,,used,,,,20260910-0005
,HAUSP-UB[noEUCS],C8T1S5I8N5K,8,0,0.000200,0.000,0.010,0,0,0,0,0,0,0,0,0,0,0,0,0.000000,0.000000,0.000000,0,0,0.00,0,0,0,0,SKIPPED,0,0,equal,,,,,,,,,,,used,,,,20260910-0005
,HAUSP-UB[noEUCS],C8T1S5I8N5K,9,0,0.000200,0.000,0.010,0,0,0,0,0,0,0,0,0,0,0,0,0.000000,0.000000,0.000000,0,0,0.00,0,0,0,0,SKIPPED,0,0,equal,,,,,,,,,,,used,,,,20260910-0005
,HAUSP-UB[noEUCS],C8T1S5I8N5K,10,0,0.000200,0.000,0.010,0,0,0,0,0,0,0,0,0,0,0,0,0.000000,0.000000,0.000000,0,0,0.00,0,0,0,0,SKIPPED,0,0,equal,,,,,,,,,,,used,,,,20260910-0005
,HAUSP-UB[noEUCS],C8T1S5I8N5K,11,0,0.000200,0.000,0.010,0,0,0,0,0,0,0,0,0,0,0,0,0.000000,0.000000,0.000000,0,0,0.00,0,0,0,0,SKIPPED,0,0,equal,,,,,,,,,,,used,,,,20260910-0005
,HAUSP-UB[noEUCS],C8T1S5I8N5K,12,0,0.000200,0.000,0.010,0,0,0,0,0,0,0,0,0,0,0,0,0.000000,0.000000,0.000000,0,0,0.00,0,0,0,0,SKIPPED,0,0,equal,,,,,,,,,,,used,,,,20260910-0005
,HAUSP-UB[noEUCS],C8T1S5I8N5K,13,0,0.000200,0.000,0.010,0,0,0,0,0,0,0,0,0,0,0,0,0.000000,0.000000,0.000000,0,0,0.00,0,0,0,0,SKIPPED,0,0,equal,,,,,,,,,,,used,,,,20260910-0005
,HAUSP-UB[noEUCS],C8T1S5I8N5K,14,0,0.000200,0.000,0.010,0,0,0,0,0,0,0,0,0,0,0,0,0.000000,0.000000,0.000000,0,0,0.00,0,0,0,0,SKIPPED,0,0,equal,,,,,,,,,,,used,,,,20260910-0005
,HAUSP-UB[noEUCS],C8T1S5I8N5K,15,0,0.000200,0.000,0.010,0,0,0,0,0,0,0,0,0,0,0,0,0.000000,0.000000,0.000000,0,0,0.00,0,0,0,0,SKIPPED,0,0,equal,,,,,,,,,,,used,,,,20260910-0005
,HAUSP-UB[noEUCS],C8T1S5I8N5K,16,0,0.000200,0.000,0.010,0,0,0,0,0,0,0,0,0,0,0,0,0.000000,0.000000,0.000000,0,0,0.00,0,0,0,0,SKIPPED,0,0,equal,,,,,,,,,,,used,,,,20260910-0005
,HAUSP-UB[noEUCS],C8T1S5I8N5K,17,0,0.000200,0.000,0.010,0,0,0,0,0,0,0,0,0,0,0,0,0.000000,0.000000,0.000000,0,0,0.00,0,0,0,0,SKIPPED,0,0,equal,,,,,,,,,,,used,,,,20260910-0005
,HAUSP-UB[noEUCS],C8T1S5I8N5K,18,0,0.000200,0.000,0.010,0,0,0,0,0,0,0,0,0,0,0,0,0.000000,0.000000,0.000000,0,0,0.00,0,0,0,0,SKIPPED,0,0,equal,,,,,,,,,,,used,,,,20260910-0005
,HAUSP-UB[noEUCS],C8T1S5I8N5K,19,0,0.000200,0.000,0.010,0,0,0,0,0,0,0,0,0,0,0,0,0.000000,0.000000,0.000000,0,0,0.00,0,0,0,0,SKIPPED,0,0,equal,,,,,,,,,,,used,,,,20260910-0005
,HAUSP-UB[noEUCS],C8T1S5I8N5K,20,0,0.000200,0.000,0.010,0,0,0,0,0,0,0,0,0,0,0,0,0.000000,0.000000,0.000000,0,0,0.00,0,0,0,0,SKIPPED,0,0,equal,,,,,,,,,,,used,,,,20260910-0005
,HAUSP-UB[noEUCS],C8T1S5I8N5K,21,0,0.000200,0.000,0.010,0,0,0,0,0,0,0,0,0,0,0,0,0.000000,0.000000,0.000000,0,0,0.00,0,0,0,0,SKIPPED,0,0,equal,,,,,,,,,,,used,,,,20260910-0005
,HAUSP-UB[noEUCS],C8T1S5I8N5K,22,0,0.000200,0.000,0.010,0,0,0,0,0,0,0,0,0,0,0,0,0.000000,0.000000,0.000000,0,0,0.00,0,0,0,0,SKIPPED,0,0,equal,,,,,,,,,,,used,,,,20260910-0005
,HAUSP-UB[noEUCS],C8T1S5I8N5K,23,0,0.000200,0.000,0.010,0,0,0,0,0,0,0,0,0,0,0,0,0.000000,0.000000,0.000000,0,0,0.00,0,0,0,0,SKIPPED,0,0,equal,,,,,,,,,,,used,,,,20260910-0005
,HAUSP-UB[noEUCS],C8T1S5I8N5K,24,0,0.000200,0.000,0.010,0,0,0,0,0,0,0,0,0,0,0,0,0.000000,0.000000,0.000000,0,0,0.00,0,0,0,0,SKIPPED,0,0,equal,,,,,,,,,,,used,,,,20260910-0005
,HAUSP-UB[noEUCS],C8T1S5I8N5K,25,0,0.000200,0.000,0.010,0,0,0,0,0,0,0,0,0,0,0,0,0.000000,0.000000,0.000000,0,0,0.00,0,0,0,0,SKIPPED,0,0,equal,,,,,,,,,,,used,,,,20260910-0005
,HAUSP-UB[noEUCS],C8T1S5I8N5K,26,0,0.000200,0.000,0.010,0,0,0,0,0,0,0,0,0,0,0,0,0.000000,0.000000,0.000000,0,0,0.00,0,0,0,0,SKIPPED,0,0,equal,,,,,,,,,,,used,,,,20260910-0005
,HAUSP-UB[noEUCS],C8T1S5I8N5K,27,0,0.000200,0.000,0.010,0,0,0,0,0,0,0,0,0,0,0,0,0.000000,0.000000,0.000000,0,0,0.00,0,0,0,0,SKIPPED,0,0,equal,,,,,,,,,,,used,,,,20260910-0005
,HAUSP-UB[noEUCS],C8T1S5I8N5K,28,0,0.000200,0.000,0.010,0,0,0,0,0,0,0,0,0,0,0,0,0.000000,0.000000,0.000000,0,0,0.00,0,0,0,0,SKIPPED,0,0,equal,,,,,,,,,,,used,,,,20260910-0005
,HAUSP-UB[noEUCS],C8T1S5I8N5K,29,0,0.000200,0.000,0.010,0,0,0,0,0,0,0,0,0,0,0,0,0.000000,0.000000,0.000000,0,0,0.00,0,0,0,0,SKIPPED,0,0,equal,,,,,,,,,,,used,,,,20260910-0005
,HAUSP-UB[noEUCS],C8T1S5I8N5K,30,0,0.000200,0.000,0.010,0,0,0,0,0,0,0,0,0,0,0,0,0.000000,0.000000,0.000000,0,0,0.00,0,0,0,0,SKIPPED,0,0,equal,,,,,,,,,,,used,,,,20260910-0005
,HAUSP-UB[noEUCS],C8T1S5I8N5K,31,0,0.000200,0.000,0.010,0,0,0,0,0,0,0,0,0,0,0,0,0.000000,0.000000,0.000000,0,0,0.00,0,0,0,0,SKIPPED,0,0,equal,,,,,,,,,,,used,,,,20260910-0005
,HAUSP-UB[noEUCS],C8T1S5I8N5K,32,0,0.000200,0.000,0.010,0,0,0,0,0,0,0,0,0,0,0,0,0.000000,0.000000,0.000000,0,0,0.00,0,0,0,0,SKIPPED,0,0,equal,,,,,,,,,,,used,,,,20260910-0005
,HAUSP-UB[noEUCS],C8T1S5I8N5K,33,0,0.000200,0.000,0.010,0,0,0,0,0,0,0,0,0,0,0,0,0.000000,0.000000,0.000000,0,0,0.00,0,0,0,0,SKIPPED,0,0,equal,,,,,,,,,,,used,,,,20260910-0005
,HAUSP-UB[noEUCS],C8T1S5I8N5K,34,0,0.000200,0.000,0.010,0,0,0,0,0,0,0,0,0,0,0,0,0.000000,0.000000,0.000000,0,0,0.00,0,0,0,0,SKIPPED,0,0,equal,,,,,,,,,,,used,,,,20260910-0005
,HAUSP-UB[noEUCS],C8T1S5I8N5K,35,0,0.000200,0.000,0.010,0,0,0,0,0,0,0,0,0,0,0,0,0.000000,0.000000,0.000000,0,0,0.00,0,0,0,0,SKIPPED,0,0,equal,,,,,,,,,,,used,,,,20260910-0005
,HAUSP-UB[noEUCS],C8T1S5I8N5K,36,0,0.000200,0.000,0.010,0,0,0,0,0,0,0,0,0,0,0,0,0.000000,0.000000,0.000000,0,0,0.00,0,0,0,0,SKIPPED,0,0,equal,,,,,,,,,,,used,,,,20260910-0005
,HAUSP-UB[noEUCS],C8T1S5I8N5K,37,0,0.000200,0.000,0.010,0,0,0,0,0,0,0,0,0,0,0,0,0.000000,0.000000,0.000000,0,0,0.00,0,0,0,0,SKIPPED,0,0,equal,,,,,,,,,,,used,,,,20260910-0005
,HAUSP-UB[noEUCS],C8T1S5I8N5K,38,0,0.000200,0.000,0.010,0,0,0,0,0,0,0,0,0,0,0,0,0.000000,0.000000,0.000000,0,0,0.00,0,0,0,0,SKIPPED,0,0,equal,,,,,,,,,,,used,,,,20260910-0005
,HAUSP-UB[noEUCS],C8T1S5I8N5K,39,0,0.000200,0.000,0.010,0,0,0,0,0,0,0,0,0,0,0,0,0.000000,0.000000,0.000000,0,0,0.00,0,0,0,0,SKIPPED,0,0,equal,,,,,,,,,,,used,,,,20260910-0005
,HAUSP-UB[noEUCS],C8T1S5I8N5K,40,0,0.000200,0.000,0.010,0,0,0,0,0,0,0,0,0,0,0,0,0.000000,0.000000,0.000000,0,0,0.00,0,0,0,0,SKIPPED,0,0,equal,,,,,,,,,,,used,,,,20260910-0005
,HAUSP-UB[noEUCS],C8T1S5I8N5K,41,0,0.000200,0.000,0.010,0,0,0,0,0,0,0,0,0,0,0,0,0.000000,0.000000,0.000000,0,0,0.00,0,0,0,0,SKIPPED,0,0,equal,,,,,,,,,,,used,,,,20260910-0005
,HAUSP-UB[noEUCS],C8T1S5I8N5K,42,0,0.000200,0.000,0.010,0,0,0,0,0,0,0,0,0,0,0,0,0.000000,0.000000,0.000000,0,0,0.00,0,0,0,0,SKIPPED,0,0,equal,,,,,,,,,,,used,,,,20260910-0005
,HAUSP-UB[noEUCS],C8T1S5I8N5K,43,0,0.000200,0.000,0.010,0,0,0,0,0,0,0,0,0,0,0,0,0.000000,0.000000,0.000000,0,0,0.00,0,0,0,0,SKIPPED,0,0,equal,,,,,,,,,,,used,,,,20260910-0005
,HAUSP-UB[noEUCS],C8T1S5I8N5K,44,0,0.000200,0.000,0.010,0,0,0,0,0,0,0,0,0,0,0,0,0.000000,0.000000,0.000000,0,0,0.00,0,0,0,0,SKIPPED,0,0,equal,,,,,,,,,,,used,,,,20260910-0005
,HAUSP-UB[noEUCS],C8T1S5I8N5K,45,0,0.000200,0.000,0.010,0,0,0,0,0,0,0,0,0,0,0,0,0.000000,0.000000,0.000000,0,0,0.00,0,0,0,0,SKIPPED,0,0,equal,,,,,,,,,,,used,,,,20260910-0005
,HAUSP-UB[noEUCS],C8T1S5I8N5K,46,0,0.000200,0.000,0.010,0,0,0,0,0,0,0,0,0,0,0,0,0.000000,0.000000,0.000000,0,0,0.00,0,0,0,0,SKIPPED,0,0,equal,,,,,,,,,,,used,,,,20260910-0005
,HAUSP-UB[noEUCS],C8T1S5I8N5K,47,0,0.000200,0.000,0.010,0,0,0,0,0,0,0,0,0,0,0,0,0.000000,0.000000,0.000000,0,0,0.00,0,0,0,0,SKIPPED,0,0,equal,,,,,,,,,,,used,,,,20260910-0005
,HAUSP-UB[noEUCS],C8T1S5I8N5K,48,0,0.000200,0.000,0.010,0,0,0,0,0,0,0,0,0,0,0,0,0.000000,0.000000,0.000000,0,0,0.00,0,0,0,0,SKIPPED,0,0,equal,,,,,,,,,,,used,,,,20260910-0005
,HAUSP-UB[noEUCS],C8T1S5I8N5K,49,0,0.000200,0.000,0.010,0,0,0,0,0,0,0,0,0,0,0,0,0.000000,0.000000,0.000000,0,0,0.00,0,0,0,0,SKIPPED,0,0,equal,,,,,,,,,,,used,,,,20260910-0005
,HAUSP-UB[noEUCS],C8T1S5I8N5K,50,0,0.000200,0.000,0.010,0,0,0,0,0,0,0,0,0,0,0,0,0.000000,0.000000,0.000000,0,0,0.00,0,0,0,0,SKIPPED,0,0,equal,,,,,,,,,,,used,,,,20260910-0005
,HAUSP-UB[noEUCS],C8T1S5I8N5K,51,0,0.000200,0.000,0.010,0,0,0,0,0,0,0,0,0,0,0,0,0.000000,0.000000,0.000000,0,0,0.00,0,0,0,0,SKIPPED,0,0,equal,,,,,,,,,,,used,,,,20260910-0005
,HAUSP-UB[noEUCS],C8T1S5I8N5K,52,0,0.000200,0.000,0.010,0,0,0,0,0,0,0,0,0,0,0,0,0.000000,0.000000,0.000000,0,0,0.00,0,0,0,0,SKIPPED,0,0,equal,,,,,,,,,,,used,,,,20260910-0005
,HAUSP-UB[noEUCS],C8T1S5I8N5K,53,0,0.000200,0.000,0.010,0,0,0,0,0,0,0,0,0,0,0,0,0.000000,0.000000,0.000000,0,0,0.00,0,0,0,0,SKIPPED,0,0,equal,,,,,,,,,,,used,,,,20260910-0005
,HAUSP-UB[noEUCS],C8T1S5I8N5K,54,0,0.000200,0.000,0.010,0,0,0,0,0,0,0,0,0,0,0,0,0.000000,0.000000,0.000000,0,0,0.00,0,0,0,0,SKIPPED,0,0,equal,,,,,,,,,,,used,,,,20260910-0005
,HAUSP-UB[noEUCS],C8T1S5I8N5K,55,0,0.000200,0.000,0.010,0,0,0,0,0,0,0,0,0,0,0,0,0.000000,0.000000,0.000000,0,0,0.00,0,0,0,0,SKIPPED,0,0,equal,,,,,,,,,,,used,,,,20260910-0005
,HAUSP-UB[noEUCS],C8T1S5I8N5K,56,0,0.000200,0.000,0.010,0,0,0,0,0,0,0,0,0,0,0,0,0.000000,0.000000,0.000000,0,0,0.00,0,0,0,0,SKIPPED,0,0,equal,,,,,,,,,,,used,,,,20260910-0005
,HAUSP-UB[noEUCS],C8T1S5I8N5K,57,0,0.000200,0.000,0.010,0,0,0,0,0,0,0,0,0,0,0,0,0.000000,0.000000,0.000000,0,0,0.00,0,0,0,0,SKIPPED,0,0,equal,,,,,,,,,,,used,,,,20260910-0005
,HAUSP-UB[noEUCS],C8T1S5I8N5K,58,0,0.000200,0.000,0.010,0,0,0,0,0,0,0,0,0,0,0,0,0.000000,0.000000,0.000000,0,0,0.00,0,0,0,0,SKIPPED,0,0,equal,,,,,,,,,,,used,,,,20260910-0005
,HAUSP-UB[noEUCS],C8T1S5I8N5K,59,0,0.000200,0.000,0.010,0,0,0,0,0,0,0,0,0,0,0,0,0.000000,0.000000,0.000000,0,0,0.00,0,0,0,0,SKIPPED,0,0,equal,,,,,,,,,,,used,,,,20260910-0005
,HAUSP-UB[noEUCS],C8T1S5I8N5K,60,0,0.000200,0.000,0.010,0,0,0,0,0,0,0,0,0,0,0,0,0.000000,0.000000,0.000000,0,0,0.00,0,0,0,0,SKIPPED,0,0,equal,,,,,,,,,,,used,,,,20260910-0005
,HAUSP-UB[noEUCS],C8T1S5I8N5K,61,0,0.000200,0.000,0.010,0,0,0,0,0,0,0,0,0,0,0,0,0.000000,0.000000,0.000000,0,0,0.00,0,0,0,0,SKIPPED,0,0,equal,,,,,,,,,,,used,,,,20260910-0005
,HAUSP-UB[noEUCS],C8T1S5I8N5K,62,0,0.000200,0.000,0.010,0,0,0,0,0,0,0,0,0,0,0,0,0.000000,0.000000,0.000000,0,0,0.00,0,0,0,0,SKIPPED,0,0,equal,,,,,,,,,,,used,,,,20260910-0005
,HAUSP-UB[noEUCS],C8T1S5I8N5K,63,0,0.000200,0.000,0.010,0,0,0,0,0,0,0,0,0,0,0,0,0.000000,0.000000,0.000000,0,0,0.00,0,0,0,0,SKIPPED,0,0,equal,,,,,,,,,,,used,,,,20260910-0005
,HAUSP-UB[noEUCS],C8T1S5I8N5K,64,0,0.000200,0.000,0.010,0,0,0,0,0,0,0,0,0,0,0,0,0.000000,0.000000,0.000000,0,0,0.00,0,0,0,0,SKIPPED,0,0,equal,,,,,,,,,,,used,,,,20260910-0005
,HAUSP-UB[noEUCS],C8T1S5I8N5K,65,0,0.000200,0.000,0.010,0,0,0,0,0,0,0,0,0,0,0,0,0.000000,0.000000,0.000000,0,0,0.00,0,0,0,0,SKIPPED,0,0,equal,,,,,,,,,,,used,,,,20260910-0005
,HAUSP-UB[noEUCS],C8T1S5I8N5K,66,0,0.000200,0.000,0.010,0,0,0,0,0,0,0,0,0,0,0,0,0.000000,0.000000,0.000000,0,0,0.00,0,0,0,0,SKIPPED,0,0,equal,,,,,,,,,,,used,,,,20260910-0005
,HAUSP-UB[noEUCS],C8T1S5I8N5K,67,0,0.000200,0.000,0.010,0,0,0,0,0,0,0,0,0,0,0,0,0.000000,0.000000,0.000000,0,0,0.00,0,0,0,0,SKIPPED,0,0,equal,,,,,,,,,,,used,,,,20260910-0005
,HAUSP-UB[noEUCS],C8T1S5I8N5K,68,0,0.000200,0.000,0.010,0,0,0,0,0,0,0,0,0,0,0,0,0.000000,0.000000,0.000000,0,0,0.00,0,0,0,0,SKIPPED,0,0,equal,,,,,,,,,,,used,,,,20260910-0005
,HAUSP-UB[noEUCS],C8T1S5I8N5K,69,0,0.000200,0.000,0.010,0,0,0,0,0,0,0,0,0,0,0,0,0.000000,0.000000,0.000000,0,0,0.00,0,0,0,0,SKIPPED,0,0,equal,,,,,,,,,,,used,,,,20260910-0005
,HAUSP-UB[noEUCS],C8T1S5I8N5K,70,0,0.000200,0.000,0.010,0,0,0,0,0,0,0,0,0,0,0,0,0.000000,0.000000,0.000000,0,0,0.00,0,0,0,0,SKIPPED,0,0,equal,,,,,,,,,,,used,,,,20260910-0005
,HAUSP-UB[noEUCS],C8T1S5I8N5K,71,0,0.000200,0.000,0.010,0,0,0,0,0,0,0,0,0,0,0,0,0.000000,0.000000,0.000000,0,0,0.00,0,0,0,0,SKIPPED,0,0,equal,,,,,,,,,,,used,,,,20260910-0005
,HAUSP-UB[noEUCS],C8T1S5I8N5K,72,0,0.000200,0.000,0.010,0,0,0,0,0,0,0,0,0,0,0,0,0.000000,0.000000,0.000000,0,0,0.00,0,0,0,0,SKIPPED,0,0,equal,,,,,,,,,,,used,,,,20260910-0005
,HAUSP-UB[noEUCS],C8T1S5I8N5K,73,0,0.000200,0.000,0.010,0,0,0,0,0,0,0,0,0,0,0,0,0.000000,0.000000,0.000000,0,0,0.00,0,0,0,0,SKIPPED,0,0,equal,,,,,,,,,,,used,,,,20260910-0005
,HAUSP-UB[noEUCS],C8T1S5I8N5K,74,0,0.000200,0.000,0.010,0,0,0,0,0,0,0,0,0,0,0,0,0.000000,0.000000,0.000000,0,0,0.00,0,0,0,0,SKIPPED,0,0,equal,,,,,,,,,,,used,,,,20260910-0005
,HAUSP-UB[noEUCS],C8T1S5I8N5K,75,0,0.000200,0.000,0.010,0,0,0,0,0,0,0,0,0,0,0,0,0.000000,0.000000,0.000000,0,0,0.00,0,0,0,0,SKIPPED,0,0,equal,,,,,,,,,,,used,,,,20260910-0005
,HAUSP-UB[noEUCS],C8T1S5I8N5K,76,0,0.000200,0.000,0.010,0,0,0,0,0,0,0,0,0,0,0,0,0.000000,0.000000,0.000000,0,0,0.00,0,0,0,0,SKIPPED,0,0,equal,,,,,,,,,,,used,,,,20260910-0005
,HAUSP-UB[noEUCS],C8T1S5I8N5K,77,0,0.000200,0.000,0.010,0,0,0,0,0,0,0,0,0,0,0,0,0.000000,0.000000,0.000000,0,0,0.00,0,0,0,0,SKIPPED,0,0,equal,,,,,,,,,,,used,,,,20260910-0005
,HAUSP-UB[noEUCS],C8T1S5I8N5K,78,0,0.000200,0.000,0.010,0,0,0,0,0,0,0,0,0,0,0,0,0.000000,0.000000,0.000000,0,0,0.00,0,0,0,0,SKIPPED,0,0,equal,,,,,,,,,,,used,,,,20260910-0005
,HAUSP-UB[noEUCS],C8T1S5I8N5K,79,0,0.000200,0.000,0.010,0,0,0,0,0,0,0,0,0,0,0,0,0.000000,0.000000,0.000000,0,0,0.00,0,0,0,0,SKIPPED,0,0,equal,,,,,,,,,,,used,,,,20260910-0005
,HAUSP-UB[noEUCS],C8T1S5I8N5K,80,0,0.000200,0.000,0.010,0,0,0,0,0,0,0,0,0,0,0,0,0.000000,0.000000,0.000000,0,0,0.00,0,0,0,0,SKIPPED,0,0,equal,,,,,,,,,,,used,,,,20260910-0005
,HAUSP-UB[noEUCS],C8T1S5I8N5K,81,0,0.000200,0.000,0.010,0,0,0,0,0,0,0,0,0,0,0,0,0.000000,0.000000,0.000000,0,0,0.00,0,0,0,0,SKIPPED,0,0,equal,,,,,,,,,,,used,,,,20260910-0005
,HAUSP-UB[noEUCS],C8T1S5I8N5K,82,0,0.000200,0.000,0.010,0,0,0,0,0,0,0,0,0,0,0,0,0.000000,0.000000,0.000000,0,0,0.00,0,0,0,0,SKIPPED,0,0,equal,,,,,,,,,,,used,,,,20260910-0005
,HAUSP-UB[noEUCS],C8T1S5I8N5K,83,0,0.000200,0.000,0.010,0,0,0,0,0,0,0,0,0,0,0,0,0.000000,0.000000,0.000000,0,0,0.00,0,0,0,0,SKIPPED,0,0,equal,,,,,,,,,,,used,,,,20260910-0005
,HAUSP-UB[noEUCS],C8T1S5I8N5K,84,0,0.000200,0.000,0.010,0,0,0,0,0,0,0,0,0,0,0,0,0.000000,0.000000,0.000000,0,0,0.00,0,0,0,0,SKIPPED,0,0,equal,,,,,,,,,,,used,,,,20260910-0005
,HAUSP-UB[noEUCS],C8T1S5I8N5K,85,0,0.000200,0.000,0.010,0,0,0,0,0,0,0,0,0,0,0,0,0.000000,0.000000,0.000000,0,0,0.00,0,0,0,0,SKIPPED,0,0,equal,,,,,,,,,,,used,,,,20260910-0005
,HAUSP-UB[noEUCS],C8T1S5I8N5K,86,0,0.000200,0.000,0.010,0,0,0,0,0,0,0,0,0,0,0,0,0.000000,0.000000,0.000000,0,0,0.00,0,0,0,0,SKIPPED,0,0,equal,,,,,,,,,,,used,,,,20260910-0005
,HAUSP-UB[noEUCS],C8T1S5I8N5K,87,0,0.000200,0.000,0.010,0,0,0,0,0,0,0,0,0,0,0,0,0.000000,0.000000,0.000000,0,0,0.00,0,0,0,0,SKIPPED,0,0,equal,,,,,,,,,,,used,,,,20260910-0005
,HAUSP-UB[noEUCS],C8T1S5I8N5K,88,0,0.000200,0.000,0.010,0,0,0,0,0,0,0,0,0,0,0,0,0.000000,0.000000,0.000000,0,0,0.00,0,0,0,0,SKIPPED,0,0,equal,,,,,,,,,,,used,,,,20260910-0005
,HAUSP-UB[noEUCS],C8T1S5I8N5K,89,0,0.000200,0.000,0.010,0,0,0,0,0,0,0,0,0,0,0,0,0.000000,0.000000,0.000000,0,0,0.00,0,0,0,0,SKIPPED,0,0,equal,,,,,,,,,,,used,,,,20260910-0005
,HAUSP-UB[noEUCS],C8T1S5I8N5K,90,0,0.000200,0.000,0.010,0,0,0,0,0,0,0,0,0,0,0,0,0.000000,0.000000,0.000000,0,0,0.00,0,0,0,0,SKIPPED,0,0,equal,,,,,,,,,,,used,,,,20260910-0005
,HAUSP-UB[noEUCS],C8T1S5I8N5K,91,0,0.000200,0.000,0.010,0,0,0,0,0,0,0,0,0,0,0,0,0.000000,0.000000,0.000000,0,0,0.00,0,0,0,0,SKIPPED,0,0,equal,,,,,,,,,,,used,,,,20260910-0005
,HAUSP-UB[noEUCS],C8T1S5I8N5K,92,0,0.000200,0.000,0.010,0,0,0,0,0,0,0,0,0,0,0,0,0.000000,0.000000,0.000000,0,0,0.00,0,0,0,0,SKIPPED,0,0,equal,,,,,,,,,,,used,,,,20260910-0005
,HAUSP-UB[noEUCS],C8T1S5I8N5K,93,0,0.000200,0.000,0.010,0,0,0,0,0,0,0,0,0,0,0,0,0.000000,0.000000,0.000000,0,0,0.00,0,0,0,0,SKIPPED,0,0,equal,,,,,,,,,,,used,,,,20260910-0005
,HAUSP-UB[noEUCS],C8T1S5I8N5K,94,0,0.000200,0.000,0.010,0,0,0,0,0,0,0,0,0,0,0,0,0.000000,0.000000,0.000000,0,0,0.00,0,0,0,0,SKIPPED,0,0,equal,,,,,,,,,,,used,,,,20260910-0005
,HAUSP-UB[noEUCS],C8T1S5I8N5K,95,0,0.000200,0.000,0.010,0,0,0,0,0,0,0,0,0,0,0,0,0.000000,0.000000,0.000000,0,0,0.00,0,0,0,0,SKIPPED,0,0,equal,,,,,,,,,,,used,,,,20260910-0005
,HAUSP-UB[noEUCS],C8T1S5I8N5K,96,0,0.000200,0.000,0.010,0,0,0,0,0,0,0,0,0,0,0,0,0.000000,0.000000,0.000000,0,0,0.00,0,0,0,0,SKIPPED,0,0,equal,,,,,,,,,,,used,,,,20260910-0005
,HAUSP-UB[noEUCS],C8T1S5I8N5K,97,0,0.000200,0.000,0.010,0,0,0,0,0,0,0,0,0,0,0,0,0.000000,0.000000,0.000000,0,0,0.00,0,0,0,0,SKIPPED,0,0,equal,,,,,,,,,,,used,,,,20260910-0005
,HAUSP-UB[noEUCS],C8T1S5I8N5K,98,0,0.000200,0.000,0.010,0,0,0,0,0,0,0,0,0,0,0,0,0.000000,0.000000,0.000000,0,0,0.00,0,0,0,0,SKIPPED,0,0,equal,,,,,,,,,,,used,,,,20260910-0005
,HAUSP-UB[noEUCS],C8T1S5I8N5K,99,0,0.000200,0.000,0.010,0,0,0,0,0,0,0,0,0,0,0,0,0.000000,0.000000,0.000000,0,0,0.00,0,0,0,0,SKIPPED,0,0,equal,,,,,,,,,,,used,,,,20260910-0005
2026-09-10 15:34:17,HAUSP-UB[noEUCS],KOSARAK,0,0,0.005000,0.000,0.100,39698661,99000,36,2074,2111,6,31,5,3825418,21298,3817388,1250,0.000000,0.029165,0.035457,44,0,2077.85,3845279,3819798,25481,23433,SUCCESS,6593,0,equal,31838208,25427744,0,19435008,,,,,1250,1437,used,,,,20260910-0005
2026-09-10 15:34:22,HAUSP-UB[noEUCS],KOSARAK,1,0,0.005000,0.000,0.100,79636688,198000,38,4878,4917,5,40,6,4805348,26387,4796134,1393,0.000000,0.027392,0.033002,44,0,2301.85,4806882,4801335,7595,28708,SUCCESS,7794,0,equal,64663552,50955040,0,69683200,,,,,1393,1420,used,,,,20260910-0005
2026-09-10 15:34:30,HAUSP-UB[noEUCS],KOSARAK,2,0,0.005000,0.000,0.100,120246165,297000,42,8085,8128,6,47,6,5471980,29468,5462335,1454,0.000000,0.026625,0.032003,44,0,2597.85,5471382,5468049,5653,31915,SUCCESS,8287,0,equal,95223808,76944640,0,153385856,,,,,1454,1358,used,,,,20260910-0005
2026-09-10 15:34:41,HAUSP-UB[noEUCS],KOSARAK,3,0,0.005000,0.000,0.100,161031299,396000,44,11287,11332,6,50,6,5779062,31477,5769320,1475,0.000000,0.026354,0.031645,44,0,2965.85,5777331,5775194,4583,33988,SUCCESS,8449,0,equal,127684608,103047712,0,253602944,,,,,1475,1293,used,,,,20260910-0005
2026-09-10 15:34:55,HAUSP-UB[noEUCS],KOSARAK,4,0,0.005000,0.000,0.100,200999571,495000,33,13904,13937,5,48,6,5332909,33195,5323519,1420,0.000000,0.027147,0.032593,44,0,3261.85,5330762,5329248,4024,35604,SUCCESS,8036,0,equal,121511936,128584928,0,355371264,,,,,1420,1354,used,,,,20260910-0005
2026-09-10 15:35:12,HAUSP-UB[noEUCS],KOSARAK,5,0,0.005000,0.000,0.100,240799749,594000,39,16521,16561,6,48,6,5126966,34588,5117783,1394,0.000000,0.027451,0.032961,44,0,3131.95,5124579,5123260,3727,36960,SUCCESS,7812,0,equal,181895168,154076512,0,460591360,,,,,1394,1371,used,,,,20260910-0005
2026-09-10 15:35:32,HAUSP-UB[noEUCS],KOSARAK,6,0,0.005000,0.000,0.100,280800610,693000,37,20135,20173,5,52,6,5517171,35976,5507719,1420,0.000000,0.027155,0.032596,44,0,3219.95,5514828,5513322,3877,38407,SUCCESS,8093,0,equal,71385088,179695136,0,585675648,,,,,1420,1359,used,,,,20260910-0005
2026-09-10 15:35:57,HAUSP-UB[noEUCS],KOSARAK,7,0,0.005000,0.000,0.100,321393622,792000,36,25384,25421,4,59,7,6348576,36992,6338364,1418,0.000000,0.026482,0.031520,44,0,3661.85,6345773,6344637,3566,39483,SUCCESS,8824,0,equal,237010944,205662048,0,698318208,,,,,1418,1388,used,,,,20260910-0005
2026-09-10 15:36:25,HAUSP-UB[noEUCS],KOSARAK,8,0,0.005000,0.000,0.100,361065349,891000,42,27339,27382,3,57,7,6066396,37960,6056543,1391,0.000000,0.026823,0.031968,44,0,3931.25,6063473,6062567,3396,40420,SUCCESS,8453,0,equal,254033920,231070624,0,810455680,,,,,1391,1400,used,,,,20260910-0005
2026-09-10 15:36:55,HAUSP-UB[noEUCS],KOSARAK,9,0,0.005000,0.000,0.100,400890653,990002,37,30380,30417,5,56,7,5996043,38834,5986189,1379,0.000000,0.027005,0.032215,44,0,4025.70,5993035,5992209,3285,41270,SUCCESS,8432,0,equal,238354432,256608480,0,914509824,,,,,1379,1422,used,,,,20260910-0005
2026-09-10 15:36:58,HAUSP-UB[noEUCS],KOSARAK,0,1,0.005000,0.000,0.100,39698661,99000,35,2025,2061,5,30,5,3825418,21298,3817388,1250,0.000000,0.029165,0.035457,44,0,2077.85,3845279,3819798,25481,23433,SUCCESS,6593,0,equal,31838208,25427744,0,19435008,,,,,1250,1437,used,,,,20260910-0005
2026-09-10 15:37:03,HAUSP-UB[noEUCS],KOSARAK,1,1,0.005000,0.000,0.100,79636688,198000,44,4785,4829,5,38,6,4805348,26387,4796134,1393,0.000000,0.027392,0.033002,44,0,2293.85,4806882,4801335,7595,28708,SUCCESS,7794,0,equal,64663552,50955040,0,69683200,,,,,1393,1420,used,,,,20260910-0005
2026-09-10 15:37:11,HAUSP-UB[noEUCS],KOSARAK,2,1,0.005000,0.000,0.100,120246165,297000,33,7865,7898,6,44,6,5471980,29468,5462335,1454,0.000000,0.026625,0.032003,44,0,2597.85,5471382,5468049,5653,31915,SUCCESS,8287,0,equal,95223808,76944640,0,153385856,,,,,1454,1358,used,,,,20260910-0005
2026-09-10 15:37:22,HAUSP-UB[noEUCS],KOSARAK,3,1,0.005000,0.000,0.100,161031299,396000,34,10867,10902,6,47,6,5779062,31477,5769320,1475,0.000000,0.026354,0.031645,44,0,2957.85,5777331,5775194,4583,33988,SUCCESS,8449,0,equal,127684608,103047712,0,253602944,,,,,1475,1293,used,,,,20260910-0005
2026-09-10 15:37:36,HAUSP-UB[noEUCS],KOSARAK,4,1,0.005000,0.000,0.100,200999571,495000,34,13867,13902,5,47,6,5332909,33195,5323519,1420,0.000000,0.027147,0.032593,44,0,3045.85,5330762,5329248,4024,35604,SUCCESS,8036,0,equal,45391872,128584928,0,355371264,,,,,1420,1354,used,,,,20260910-0005
2026-09-10 15:37:52,HAUSP-UB[noEUCS],KOSARAK,5,1,0.005000,0.000,0.100,240799749,594000,35,16224,16260,5,45,6,5126966,34588,5117783,1394,0.000000,0.027451,0.032961,44,0,3269.05,5124579,5123260,3727,36960,SUCCESS,7812,0,equal,181895168,154076512,0,460591360,,,,,1394,1371,used,,,,20260910-0005
2026-09-10 15:38:12,HAUSP-UB[noEUCS],KOSARAK,6,1,0.005000,0.000,0.100,280800610,693000,38,19842,19880,5,51,6,5517171,35976,5507719,1420,0.000000,0.027155,0.032596,44,0,3349.05,5514828,5513322,3877,38407,SUCCESS,8093,0,equal,71385088,179695136,0,585675648,,,,,1420,1359,used,,,,20260910-0005
2026-09-10 15:38:37,HAUSP-UB[noEUCS],KOSARAK,7,1,0.005000,0.000,0.100,321393622,792000,38,25205,25244,5,59,7,6348576,36992,6338364,1418,0.000000,0.026482,0.031520,44,0,3546.19,6345773,6344637,3566,39483,SUCCESS,8824,0,equal,237010944,205662048,0,698318208,,,,,1418,1388,used,,,,20260910-0005
2026-09-10 15:39:05,HAUSP-UB[noEUCS],KOSARAK,8,1,0.005000,0.000,0.100,361065349,891000,42,27476,27519,5,57,7,6066396,37960,6056543,1391,0.000000,0.026823,0.031968,44,0,3812.47,6063473,6062567,3396,40420,SUCCESS,8453,0,equal,254033920,231070624,0,810455680,,,,,1391,1400,used,,,,20260910-0005
2026-09-10 15:39:36,HAUSP-UB[noEUCS],KOSARAK,9,1,0.005000,0.000,0.100,400890653,990002,47,30696,30744,5,57,7,5996043,38834,5986189,1379,0.000000,0.027005,0.032215,44,0,3969.19,5993035,5992209,3285,41270,SUCCESS,8432,0,equal,265207808,256608480,0,914509824,,,,,1379,1422,used,,,,20260910-0005
2026-09-10 15:39:38,HAUSP-UB[noEUCS],KOSARAK,0,2,0.005000,0.000,0.100,39698661,99000,34,1996,2031,5,29,5,3825418,21298,3817388,1250,0.000000,0.029165,0.035457,44,0,2069.85,3845279,3819798,25481,23433,SUCCESS,6593,0,equal,31838208,25427744,0,19435008,,,,,1250,1437,used,,,,20260910-0005
2026-09-10 15:39:43,HAUSP-UB[noEUCS],KOSARAK,1,2,0.005000,0.000,0.100,79636688,198000,37,4784,4821,6,38,6,4805348,26387,4796134,1393,0.000000,0.027392,0.033002,44,0,2293.85,4806882,4801335,7595,28708,SUCCESS,7794,0,equal,64663552,50955040,0,69683200,,,,,1393,1420,used,,,,20260910-0005
2026-09-10 15:39:51,HAUSP-UB[noEUCS],KOSARAK,2,2,0.005000,0.000,0.100,120246165,297000,44,7860,7905,6,44,6,5471980,29468,5462335,1454,0.000000,0.026625,0.032003,44,0,2597.85,5471382,5468049,5653,31915,SUCCESS,8287,0,equal,95223808,76944640,0,153385856,,,,,1454,1358,used,,,,20260910-0005
2026-09-10 15:40:02,HAUSP-UB[noEUCS],KOSARAK,3,2,0.005000,0.000,0.100,161031299,396000,39,11303,11343,6,50,6,5779062,31477,5769320,1475,0.000000,0.026354,0.031645,44,0,2677.85,5777331,5775194,4583,33988,SUCCESS,8449,0,equal,13287424,103047712,0,253602944,,,,,1475,1293,used,,,,20260910-0005
2026-09-10 15:40:16,HAUSP-UB[noEUCS],KOSARAK,4,2,0.005000,0.000,0.100,200999571,495000,37,13675,13713,6,47,6,5332909,33195,5323519,1420,0.000000,0.027147,0.032593,44,0,2946.46,5330762,5329248,4024,35604,SUCCESS,8036,0,equal,155082752,128584928,0,355371264,,,,,1420,1354,used,,,,20260910-0005
2026-09-10 15:40:32,HAUSP-UB[noEUCS],KOSARAK,5,2,0.005000,0.000,0.100,240799749,594000,46,16157,16204,6,48,6,5126966,34588,5117783,1394,0.000000,0.027451,0.032961,44,0,3034.46,5124579,5123260,3727,36960,SUCCESS,7812,0,equal,68706304,154076512,0,460591360,,,,,1394,1371,used,,,,20260910-0005
2026-09-10 15:40:52,HAUSP-UB[noEUCS],KOSARAK,6,2,0.005000,0.000,0.100,280800610,693000,34,19626,19661,5,50,6,5517171,35976,5507719,1420,0.000000,0.027155,0.032596,44,0,3213.84,5514828,5513322,3877,38407,SUCCESS,8093,0,equal,205619200,179695136,0,585675648,,,,,1420,1359,used,,,,20260910-0005
2026-09-10 15:41:17,HAUSP-UB[noEUCS],KOSARAK,7,2,0.005000,0.000,0.100,321393622,792000,37,25286,25324,4,58,7,6348576,36992,6338364,1418,0.000000,0.026482,0.031520,44,0,3557.84,6345773,6344637,3566,39483,SUCCESS,8824,0,equal,237010944,205662048,0,698318208,,,,,1418,1388,used,,,,20260910-0005
2026-09-10 15:41:45,HAUSP-UB[noEUCS],KOSARAK,8,2,0.005000,0.000,0.100,361065349,891000,40,27730,27771,4,58,7,6066396,37960,6056543,1391,0.000000,0.026823,0.031968,44,0,3743.97,6063473,6062567,3396,40420,SUCCESS,8453,0,equal,254033920,231070624,0,810455680,,,,,1391,1400,used,,,,20260910-0005
2026-09-10 15:42:16,HAUSP-UB[noEUCS],KOSARAK,9,2,0.005000,0.000,0.100,400890653,990002,37,30755,30792,4,57,7,5996043,38834,5986189,1379,0.000000,0.027005,0.032215,44,0,3912.65,5993035,5992209,3285,41270,SUCCESS,8432,0,equal,265207808,256608480,0,914509824,,,,,1379,1422,used,,,,20260910-0005
2026-09-10 15:42:19,HAUSP-UB[noEUCS],KOSARAK,0,0,0.005000,0.000,0.050,19781880,49500,19,979,998,5,26,4,3287040,17227,3279316,897,0.000000,0.030831,0.037117,45,0,2008.45,3302958,3282399,20559,18896,SUCCESS,6415,0,equal,14864384,12649856,0,10116608,,,,,897,1309,used,,,,20260910-0005
2026-09-10 15:42:21,HAUSP-UB[noEUCS],KOSARAK,1,0,0.005000,0.000,0.050,39698661,99000,22,2020,2042,5,30,5,3825418,21298,3817388,1250,0.000000,0.029165,0.035457,44,0,2112.45,3826383,3821461,6585,23433,SUCCESS,6593,0,equal,32124928,25427744,0,34203136,,,,,1250,1437,used,,,,20260910-0005
2026-09-10 15:42:25,HAUSP-UB[noEUCS],KOSARAK,2,0,0.005000,0.000,0.050,59353490,148500,16,3356,3373,2,34,5,4372252,24426,4363276,1237,0.000000,0.028449,0.033988,44,0,2256.45,4371752,4368602,5198,26529,SUCCESS,7483,0,equal,44407296,38034912,0,75405952,,,,,1237,1493,used,,,,20260910-0005
2026-09-10 15:42:30,HAUSP-UB[noEUCS],KOSARAK,3,0,0.005000,0.000,0.050,79636688,198000,21,4732,4754,5,38,6,4805348,26387,4796134,1393,0.000000,0.027392,0.033002,44,0,2432.45,4803786,4801389,4499,28708,SUCCESS,7794,0,equal,62597120,50955040,0,130977152,,,,,1393,1420,used,,,,20260910-0005
2026-09-10 15:42:36,HAUSP-UB[noEUCS],KOSARAK,4,0,0.005000,0.000,0.050,100069512,247500,17,5988,6005,2,39,6,4785467,28169,4776405,1380,0.000000,0.027507,0.033165,44,0,2632.45,4783513,4781721,4112,30495,SUCCESS,7647,0,equal,80310272,64022912,0,190768896,,,,,1380,1415,used,,,,20260910-0005
2026-09-10 15:42:43,HAUSP-UB[noEUCS],KOSARAK,5,0,0.005000,0.000,0.050,120246165,297000,22,7883,7906,5,44,6,5471980,29468,5462335,1454,0.000000,0.026625,0.032003,44,0,2856.45,5469595,5468054,3866,31915,SUCCESS,8287,0,equal,102752256,76944640,0,249762944,,,,,1454,1358,used,,,,20260910-0005
2026-09-10 15:42:53,HAUSP-UB[noEUCS],KOSARAK,6,0,0.005000,0.000,0.050,140564066,346500,25,9515,9540,5,47,6,5753303,30480,5743570,1495,0.000000,0.026208,0.031544,44,0,3088.45,5750581,5749409,3618,33007,SUCCESS,8446,0,equal,127504384,89961568,0,304561664,,,,,1495,1287,used,,,,20260910-0005
2026-09-10 15:43:04,HAUSP-UB[noEUCS],KOSARAK,7,0,0.005000,0.000,0.050,161031299,396000,22,11144,11167,5,49,6,5779062,31477,5769320,1475,0.000000,0.026354,0.031645,44,0,3184.45,5776239,5775274,3491,33988,SUCCESS,8449,0,equal,97824768,103047712,0,364983936,,,,,1475,1293,used,,,,20260910-0005
2026-09-10 15:43:17,HAUSP-UB[noEUCS],KOSARAK,8,0,0.005000,0.000,0.050,181220777,445500,22,12746,12768,5,49,6,5698674,32368,5689038,1429,0.000000,0.026748,0.032091,44,0,2895.98,5695727,5694936,3301,34829,SUCCESS,8309,0,equal,163274752,115980992,0,427588224,,,,,1429,1327,used,,,,20260910-0005
2026-09-10 15:43:31,HAUSP-UB[noEUCS],KOSARAK,9,0,0.005000,0.000,0.050,200999571,495000,21,13755,13777,5,46,6,5332909,33195,5323519,1420,0.000000,0.027147,0.032593,44,0,3167.98,5329921,5329198,3183,35604,SUCCESS,8036,0,equal,177635328,128584928,0,488663168,,,,,1420,1354,used,,,,20260910-0005
2026-09-10 15:43:46,HAUSP-UB[noEUCS],KOSARAK,10,0,0.005000,0.000,0.050,220994650,544500,22,15467,15489,5,47,6,5360423,33909,5350919,1400,0.000000,0.027251,0.032547,44,0,3455.98,5357358,5356702,3064,36289,SUCCESS,8134,0,equal,192897024,141401344,0,548542720,,,,,1400,1370,used,,,,20260910-0005
2026-09-10 15:44:02,HAUSP-UB[noEUCS],KOSARAK,11,0,0.005000,0.000,0.050,240799749,594000,22,16132,16155,5,47,6,5126966,34588,5117783,1394,0.000000,0.027451,0.032961,44,0,3515.98,5123894,5123231,3042,36960,SUCCESS,7812,0,equal,140984320,154076512,0,614155008,,,,,1394,1371,used,,,,20260910-0005
2026-09-10 15:44:21,HAUSP-UB[noEUCS],KOSARAK,12,0,0.005000,0.000,0.050,260563097,643500,16,18111,18128,2,49,6,5310386,35255,5300970,1390,0.000000,0.027357,0.032782,44,0,3576.45,5307264,5306617,3018,37617,SUCCESS,7999,0,equal,219136000,166737568,0,676449920,,,,,1390,1417,used,,,,20260910-0005
2026-09-10 15:44:40,HAUSP-UB[noEUCS],KOSARAK,13,0,0.005000,0.000,0.050,280800610,693000,22,19724,19747,5,50,6,5517171,35976,5507719,1420,0.000000,0.027155,0.032596,44,0,3640.45,5514171,5513312,3220,38407,SUCCESS,8093,0,equal,145653760,179695136,0,761092736,,,,,1420,1359,used,,,,20260910-0005
2026-09-10 15:45:02,HAUSP-UB[noEUCS],KOSARAK,14,0,0.005000,0.000,0.050,301000437,742500,17,22056,22073,2,53,7,5816374,36523,5806663,1399,0.000000,0.026992,0.032272,44,0,3815.09,5813108,5812559,2979,38955,SUCCESS,8329,0,equal,225689600,192603392,0,827067776,,,,,1399,1382,used,,,,20260910-0005
2026-09-10 15:45:27,HAUSP-UB[noEUCS],KOSARAK,15,0,0.005000,0.000,0.050,321393622,792000,22,24976,24999,5,58,7,6348576,36992,6338364,1418,0.000000,0.026482,0.031520,44,0,3877.46,6345225,6344638,3018,39483,SUCCESS,8824,0,equal,244994048,205662048,0,889477120,,,,,1418,1388,used,,,,20260910-0005
2026-09-10 15:45:54,HAUSP-UB[noEUCS],KOSARAK,16,0,0.005000,0.000,0.050,341236853,841500,17,26357,26374,2,58,7,6215230,37479,6205160,1411,0.000000,0.026665,0.031724,44,0,4005.89,6211843,6211388,2945,39954,SUCCESS,8687,0,equal,271138816,218343232,0,948181504,,,,,1411,1383,used,,,,20260910-0005
2026-09-10 15:46:21,HAUSP-UB[noEUCS],KOSARAK,17,0,0.005000,0.000,0.050,361065349,891000,24,27444,27469,5,58,7,6066396,37960,6056543,1391,0.000000,0.026823,0.031968,44,0,4215.09,6063002,6062551,2925,40420,SUCCESS,8453,0,equal,277315584,231070624,0,1014167936,,,,,1391,1400,used,,,,20260910-0005
2026-09-10 15:46:50,HAUSP-UB[noEUCS],KOSARAK,18,0,0.005000,0.000,0.050,381094321,940500,19,29180,29200,3,58,7,6039340,38412,6029487,1378,0.000000,0.026886,0.032052,44,0,4177.35,6035921,6035501,2879,40856,SUCCESS,8442,0,equal,281903104,243903200,0,1073049856,,,,,1378,1411,used,,,,20260910-0005
2026-09-10 15:47:21,HAUSP-UB[noEUCS],KOSARAK,19,0,0.005000,0.000,0.050,400890653,990002,21,30805,30827,5,58,7,5996043,38834,5986189,1379,0.000000,0.027005,0.032215,44,0,4236.06,5992599,5992193,2849,41270,SUCCESS,8432,0,equal,235175936,256608480,0,1125416064,,,,,1379,1422,used,,,,20260910-0005
2026-09-10 15:47:23,HAUSP-UB[noEUCS],KOSARAK,0,1,0.005000,0.000,0.050,19781880,49500,19,968,988,5,26,4,3287040,17227,3279316,897,0.000000,0.030831,0.037117,45,0,2000.45,3302958,3282399,20559,18896,SUCCESS,6415,0,equal,14864384,12649856,0,10116608,,,,,897,1309,used,,,,20260910-0005
2026-09-10 15:47:25,HAUSP-UB[noEUCS],KOSARAK,1,1,0.005000,0.000,0.050,39698661,99000,20,1988,2009,5,29,4,3825418,21298,3817388,1250,0.000000,0.029165,0.035457,44,0,2104.45,3826383,3821461,6585,23433,SUCCESS,6593,0,equal,32124928,25427744,0,34203136,,,,,1250,1437,used,,,,20260910-0005
2026-09-10 15:47:29,HAUSP-UB[noEUCS],KOSARAK,2,1,0.005000,0.000,0.050,59353490,148500,22,3368,3390,2,34,5,4372252,24426,4363276,1237,0.000000,0.028449,0.033988,44,0,2248.45,4371752,4368602,5198,26529,SUCCESS,7483,0,equal,44407296,38034912,0,75405952,,,,,1237,1493,used,,,,20260910-0005
2026-09-10 15:47:33,HAUSP-UB[noEUCS],KOSARAK,3,1,0.005000,0.000,0.050,79636688,198000,22,4721,4743,5,38,6,4805348,26387,4796134,1393,0.000000,0.027392,0.033002,44,0,2424.45,4803786,4801389,4499,28708,SUCCESS,7794,0,equal,62597120,50955040,0,130977152,,,,,1393,1420,used,,,,20260910-0005
2026-09-10 15:47:39,HAUSP-UB[noEUCS],KOSARAK,4,1,0.005000,0.000,0.050,100069512,247500,23,6016,6039,3,39,6,4785467,28169,4776405,1380,0.000000,0.027507,0.033165,44,0,2632.45,4783513,4781721,4112,30495,SUCCESS,7647,0,equal,80310272,64022912,0,190768896,,,,,1380,1415,used,,,,20260910-0005
2026-09-10 15:47:47,HAUSP-UB[noEUCS],KOSARAK,5,1,0.005000,0.000,0.050,120246165,297000,22,7860,7883,5,44,6,5471980,29468,5462335,1454,0.000000,0.026625,0.032003,44,0,2856.45,5469595,5468054,3866,31915,SUCCESS,8287,0,equal,102752256,76944640,0,249762944,,,,,1454,1358,used,,,,20260910-0005
2026-09-10 15:47:57,HAUSP-UB[noEUCS],KOSARAK,6,1,0.005000,0.000,0.050,140564066,346500,23,9798,9821,2,49,6,5753303,30480,5743570,1495,0.000000,0.026208,0.031544,44,0,2896.45,5750581,5749409,3618,33007,SUCCESS,8446,0,equal,56770560,89961568,0,304561664,,,,,1495,1287,used,,,,20260910-0005
2026-09-10 15:48:08,HAUSP-UB[noEUCS],KOSARAK,7,1,0.005000,0.000,0.050,161031299,396000,21,11305,11327,5,49,6,5779062,31477,5769320,1475,0.000000,0.026354,0.031645,44,0,2817.23,5776239,5775274,3491,33988,SUCCESS,8449,0,equal,147218432,103047712,0,364983936,,,,,1475,1293,used,,,,20260910-0005
2026-09-10 15:48:21,HAUSP-UB[noEUCS],KOSARAK,8,1,0.005000,0.000,0.050,181220777,445500,17,12670,12687,3,49,6,5698674,32368,5689038,1429,0.000000,0.026748,0.032091,44,0,3081.23,5695727,5694936,3301,34829,SUCCESS,8309,0,equal,163274752,115980992,0,427588224,,,,,1429,1327,used,,,,20260910-0005
2026-09-10 15:48:35,HAUSP-UB[noEUCS],KOSARAK,9,1,0.005000,0.000,0.050,200999571,495000,21,13561,13583,5,50,6,5332909,33195,5323519,1420,0.000000,0.027147,0.032593,44,0,3185.23,5329921,5329198,3183,35604,SUCCESS,8036,0,equal,130007040,128584928,0,488663168,,,,,1420,1354,used,,,,20260910-0005
2026-09-10 15:48:50,HAUSP-UB[noEUCS],KOSARAK,10,1,0.005000,0.000,0.050,220994650,544500,17,15345,15363,2,51,6,5360423,33909,5350919,1400,0.000000,0.027251,0.032547,44,0,3184.45,5357358,5356702,3064,36289,SUCCESS,8134,0,equal,192897024,141401344,0,548542720,,,,,1400,1370,used,,,,20260910-0005
2026-09-10 15:49:06,HAUSP-UB[noEUCS],KOSARAK,11,1,0.005000,0.000,0.050,240799749,594000,22,16010,16032,5,48,6,5126966,34588,5117783,1394,0.000000,0.027451,0.032961,44,0,3296.45,5123894,5123231,3042,36960,SUCCESS,7812,0,equal,156524544,154076512,0,614155008,,,,,1394,1371,used,,,,20260910-0005
2026-09-10 15:49:24,HAUSP-UB[noEUCS],KOSARAK,12,1,0.005000,0.000,0.050,260563097,643500,22,17957,17980,2,49,6,5310386,35255,5300970,1390,0.000000,0.027357,0.032782,44,0,3424.44,5307264,5306617,3018,37617,SUCCESS,7999,0,equal,219136000,166737568,0,676449920,,,,,1390,1417,used,,,,20260910-0005
2026-09-10 15:49:44,HAUSP-UB[noEUCS],KOSARAK,13,1,0.005000,0.000,0.050,280800610,693000,23,19792,19815,5,52,6,5517171,35976,5507719,1420,0.000000,0.027155,0.032596,44,0,3516.34,5514171,5513312,3220,38407,SUCCESS,8093,0,equal,228450304,179695136,0,761092736,,,,,1420,1359,used,,,,20260910-0005
2026-09-10 15:50:06,HAUSP-UB[noEUCS],KOSARAK,14,1,0.005000,0.000,0.050,301000437,742500,23,21991,22014,3,53,6,5816374,36523,5806663,1399,0.000000,0.026992,0.032272,44,0,3772.34,5813108,5812559,2979,38955,SUCCESS,8329,0,equal,225689600,192603392,0,827067776,,,,,1399,1382,used,,,,20260910-0005
2026-09-10 15:50:31,HAUSP-UB[noEUCS],KOSARAK,15,1,0.005000,0.000,0.050,321393622,792000,23,25079,25103,5,58,7,6348576,36992,6338364,1418,0.000000,0.026482,0.031520,44,0,3896.44,6345225,6344638,3018,39483,SUCCESS,8824,0,equal,244994048,205662048,0,889477120,,,,,1418,1388,used,,,,20260910-0005
2026-09-10 15:50:58,HAUSP-UB[noEUCS],KOSARAK,16,1,0.005000,0.000,0.050,341236853,841500,27,26564,26591,5,59,7,6215230,37479,6205160,1411,0.000000,0.026665,0.031724,44,0,3979.41,6211843,6211388,2945,39954,SUCCESS,8687,0,equal,220348416,218343232,0,948181504,,,,,1411,1383,used,,,,20260910-0005
2026-09-10 15:51:25,HAUSP-UB[noEUCS],KOSARAK,17,1,0.005000,0.000,0.050,361065349,891000,23,27484,27507,5,57,7,6066396,37960,6056543,1391,0.000000,0.026823,0.031968,44,0,4048.90,6063002,6062551,2925,40420,SUCCESS,8453,0,equal,220413952,231070624,0,1014167936,,,,,1391,1400,used,,,,20260910-0005
2026-09-10 15:51:54,HAUSP-UB[noEUCS],KOSARAK,18,1,0.005000,0.000,0.050,381094321,940500,17,28936,28954,2,57,7,6039340,38412,6029487,1378,0.000000,0.026886,0.032052,44,0,4158.40,6035921,6035501,2879,40856,SUCCESS,8442,0,equal,281903104,243903200,0,1073049856,,,,,1378,1411,used,,,,20260910-0005
2026-09-10 15:52:25,HAUSP-UB[noEUCS],KOSARAK,19,1,0.005000,0.000,0.050,400890653,990002,21,30520,30542,5,57,7,5996043,38834,5986189,1379,0.000000,0.027005,0.032215,44,0,4262.80,5992599,5992193,2849,41270,SUCCESS,8432,0,equal,286736384,256608480,0,1125416064,,,,,1379,1422,used,,,,20260910-0005
2026-09-10 15:52:27,HAUSP-UB[noEUCS],KOSARAK,0,2,0.005000,0.000,0.050,19781880,49500,20,967,988,5,26,4,3287040,17227,3279316,897,0.000000,0.030831,0.037117,45,0,2000.45,3302958,3282399,20559,18896,SUCCESS,6415,0,equal,14864384,12649856,0,10116608,,,,,897,1309,used,,,,20260910-0005
2026-09-10 15:52:29,HAUSP-UB[noEUCS],KOSARAK,1,2,0.005000,0.000,0.050,39698661,99000,20,2012,2033,5,30,5,3825418,21298,3817388,1250,0.000000,0.029165,0.035457,44,0,2104.45,3826383,3821461,6585,23433,SUCCESS,6593,0,equal,32124928,25427744,0,34203136,,,,,1250,1437,used,,,,20260910-0005
2026-09-10 15:52:32,HAUSP-UB[noEUCS],KOSARAK,2,2,0.005000,0.000,0.050,59353490,148500,16,3379,3396,2,34,5,4372252,24426,4363276,1237,0.000000,0.028449,0.033988,44,0,2248.45,4371752,4368602,5198,26529,SUCCESS,7483,0,equal,44407296,38034912,0,75405952,,,,,1237,1493,used,,,,20260910-0005
2026-09-10 15:52:37,HAUSP-UB[noEUCS],KOSARAK,3,2,0.005000,0.000,0.050,79636688,198000,22,4762,4784,5,38,5,4805348,26387,4796134,1393,0.000000,0.027392,0.033002,44,0,2424.45,4803786,4801389,4499,28708,SUCCESS,7794,0,equal,62597120,50955040,0,130977152,,,,,1393,1420,used,,,,20260910-0005
2026-09-10 15:52:43,HAUSP-UB[noEUCS],KOSARAK,4,2,0.005000,0.000,0.050,100069512,247500,17,6038,6055,2,39,6,4785467,28169,4776405,1380,0.000000,0.027507,0.033165,44,0,2632.45,4783513,4781721,4112,30495,SUCCESS,7647,0,equal,80310272,64022912,0,190768896,,,,,1380,1415,used,,,,20260910-0005
2026-09-10 15:52:51,HAUSP-UB[noEUCS],KOSARAK,5,2,0.005000,0.000,0.050,120246165,297000,22,7862,7884,5,44,6,5471980,29468,5462335,1454,0.000000,0.026625,0.032003,44,0,2856.45,5469595,5468054,3866,31915,SUCCESS,8287,0,equal,102752256,76944640,0,249762944,,,,,1454,1358,used,,,,20260910-0005
2026-09-10 15:53:00,HAUSP-UB[noEUCS],KOSARAK,6,2,0.005000,0.000,0.050,140564066,346500,17,9501,9518,2,47,6,5753303,30480,5743570,1495,0.000000,0.026208,0.031544,44,0,3080.45,5750581,5749409,3618,33007,SUCCESS,8446,0,equal,127504384,89961568,0,304561664,,,,,1495,1287,used,,,,20260910-0005
2026-09-10 15:53:11,HAUSP-UB[noEUCS],KOSARAK,7,2,0.005000,0.000,0.050,161031299,396000,22,11070,11093,5,48,6,5779062,31477,5769320,1475,0.000000,0.026354,0.031645,44,0,3320.45,5776239,5775274,3491,33988,SUCCESS,8449,0,equal,147218432,103047712,0,364983936,,,,,1475,1293,used,,,,20260910-0005
2026-09-10 15:53:24,HAUSP-UB[noEUCS],KOSARAK,8,2,0.005000,0.000,0.050,181220777,445500,18,12623,12641,2,50,6,5698674,32368,5689038,1429,0.000000,0.026748,0.032091,44,0,3424.45,5695727,5694936,3301,34829,SUCCESS,8309,0,equal,114671616,115980992,0,427588224,,,,,1429,1327,used,,,,20260910-0005
2026-09-10 15:53:38,HAUSP-UB[noEUCS],KOSARAK,9,2,0.005000,0.000,0.050,200999571,495000,21,13584,13605,5,47,6,5332909,33195,5323519,1420,0.000000,0.027147,0.032593,44,0,3015.17,5329921,5329198,3183,35604,SUCCESS,8036,0,equal,177635328,128584928,0,488663168,,,,,1420,1354,used,,,,20260910-0005
2026-09-10 15:53:53,HAUSP-UB[noEUCS],KOSARAK,10,2,0.005000,0.000,0.050,220994650,544500,17,15336,15353,2,48,6,5360423,33909,5350919,1400,0.000000,0.027251,0.032547,44,0,3303.17,5357358,5356702,3064,36289,SUCCESS,8134,0,equal,192897024,141401344,0,548542720,,,,,1400,1370,used,,,,20260910-0005
2026-09-10 15:54:09,HAUSP-UB[noEUCS],KOSARAK,11,2,0.005000,0.000,0.050,240799749,594000,22,16090,16113,5,46,6,5126966,34588,5117783,1394,0.000000,0.027451,0.032961,44,0,3623.17,5123894,5123231,3042,36960,SUCCESS,7812,0,equal,207200256,154076512,0,614155008,,,,,1394,1371,used,,,,20260910-0005
2026-09-10 15:54:27,HAUSP-UB[noEUCS],KOSARAK,12,2,0.005000,0.000,0.050,260563097,643500,26,17937,17964,5,47,6,5310386,35255,5300970,1390,0.000000,0.027357,0.032782,44,0,3328.45,5307264,5306617,3018,37617,SUCCESS,7999,0,equal,219136000,166737568,0,676449920,,,,,1390,1417,used,,,,20260910-0005
2026-09-10 15:54:47,HAUSP-UB[noEUCS],KOSARAK,13,2,0.005000,0.000,0.050,280800610,693000,22,19510,19532,5,49,6,5517171,35976,5507719,1420,0.000000,0.027155,0.032596,44,0,3712.45,5514171,5513312,3220,38407,SUCCESS,8093,0,equal,228450304,179695136,0,761092736,,,,,1420,1359,used,,,,20260910-0005
2026-09-10 15:55:09,HAUSP-UB[noEUCS],KOSARAK,14,2,0.005000,0.000,0.050,301000437,742500,22,21876,21899,5,52,6,5816374,36523,5806663,1399,0.000000,0.026992,0.032272,44,0,3776.45,5813108,5812559,2979,38955,SUCCESS,8329,0,equal,176488448,192603392,0,827067776,,,,,1399,1382,used,,,,20260910-0005
2026-09-10 15:55:34,HAUSP-UB[noEUCS],KOSARAK,15,2,0.005000,0.000,0.050,321393622,792000,23,25115,25139,5,59,7,6348576,36992,6338364,1418,0.000000,0.026482,0.031520,44,0,3888.45,6345225,6344638,3018,39483,SUCCESS,8824,0,equal,244994048,205662048,0,889477120,,,,,1418,1388,used,,,,20260910-0005
2026-09-10 15:56:00,HAUSP-UB[noEUCS],KOSARAK,16,2,0.005000,0.000,0.050,341236853,841500,17,26380,26398,2,57,7,6215230,37479,6205160,1411,0.000000,0.026665,0.031724,44,0,3858.98,6211843,6211388,2945,39954,SUCCESS,8687,0,equal,271138816,218343232,0,948181504,,,,,1411,1383,used,,,,20260910-0005
2026-09-10 15:56:28,HAUSP-UB[noEUCS],KOSARAK,17,2,0.005000,0.000,0.050,361065349,891000,17,27489,27507,2,58,7,6066396,37960,6056543,1391,0.000000,0.026823,0.031968,44,0,4146.20,6063002,6062551,2925,40420,SUCCESS,8453,0,equal,269000704,231070624,0,1014167936,,,,,1391,1400,used,,,,20260910-0005
2026-09-10 15:56:57,HAUSP-UB[noEUCS],KOSARAK,18,2,0.005000,0.000,0.050,381094321,940500,17,29092,29110,2,56,7,6039340,38412,6029487,1378,0.000000,0.026886,0.032052,44,0,4073.22,6035921,6035501,2879,40856,SUCCESS,8442,0,equal,228114432,243903200,0,1073049856,,,,,1378,1411,used,,,,20260910-0005
2026-09-10 15:57:28,HAUSP-UB[noEUCS],KOSARAK,19,2,0.005000,0.000,0.050,400890653,990002,21,30958,30981,5,58,7,5996043,38834,5986189,1379,0.000000,0.027005,0.032215,44,0,4200.49,5992599,5992193,2849,41270,SUCCESS,8432,0,equal,286736384,256608480,0,1125416064,,,,,1379,1422,used,,,,20260910-0005
2026-09-10 15:57:30,HAUSP-UB[noEUCS],KOSARAK,0,0,0.005000,0.000,0.020,8034614,19800,11,378,390,2,20,4,2613785,11931,2606438,935,0.000000,0.030913,0.037250,43,0,1965.90,2624367,2609183,15184,13608,SUCCESS,5998,0,equal,6094336,5146496,0,4472576,,,,,935,1349,used,,,,20260910-0005
2026-09-10 15:57:31,HAUSP-UB[noEUCS],KOSARAK,1,0,0.005000,0.000,0.020,15903993,39600,6,854,861,0,29,5,3807593,15882,3799240,864,0.000000,0.028993,0.034519,45,0,2005.90,3808581,3804525,5632,17566,SUCCESS,7067,0,equal,10310656,10156800,0,14077568,,,,,864,1286,used,,,,20260910-0005
2026-09-10 15:57:32,HAUSP-UB[noEUCS],KOSARAK,2,0,0.005000,0.000,0.020,23575607,59400,11,1050,1062,2,23,4,2862919,18422,2855734,873,0.000000,0.032354,0.039015,45,0,2061.90,2862465,2860092,4047,20018,SUCCESS,5875,0,equal,16867328,15109536,0,29947776,,,,,873,1310,used,,,,20260910-0005
2026-09-10 15:57:34,HAUSP-UB[noEUCS],KOSARAK,3,0,0.005000,0.000,0.020,31656211,79200,12,1629,1642,2,28,5,3704898,20101,3696681,1070,0.000000,0.030317,0.036313,44,0,2125.90,3703479,3701269,3805,21974,SUCCESS,6715,0,equal,25077760,20293664,0,50300416,,,,,1070,1502,used,,,,20260910-0005
2026-09-10 15:57:36,HAUSP-UB[noEUCS],KOSARAK,4,0,0.005000,0.000,0.020,39698661,99000,12,1984,1997,2,30,5,3825418,21298,3817388,1250,0.000000,0.029165,0.035457,44,0,2197.90,3823305,3821647,3507,23433,SUCCESS,6593,0,equal,31563776,25427744,0,73655040,,,,,1250,1437,used,,,,20260910-0005
2026-09-10 15:57:38,HAUSP-UB[noEUCS],KOSARAK,5,0,0.005000,0.000,0.020,47551765,118800,12,2388,2400,2,29,5,3704807,22832,3696762,1291,0.000000,0.028976,0.035276,44,0,2293.90,3702801,3701159,3690,24979,SUCCESS,6640,0,equal,41246720,30484512,0,103236608,,,,,1291,1405,used,,,,20260910-0005
2026-09-10 15:57:42,HAUSP-UB[noEUCS],KOSARAK,6,0,0.005000,0.000,0.020,55402558,138600,12,3264,3276,2,37,6,4634796,23932,4625560,1237,0.000000,0.028151,0.033525,44,0,2373.90,4632253,4631225,3172,26042,SUCCESS,7740,0,equal,50970624,35523648,0,126464768,,,,,1237,1496,used,,,,20260910-0005
2026-09-10 15:57:46,HAUSP-UB[noEUCS],KOSARAK,7,0,0.005000,0.000,0.020,63415567,158400,12,3909,3921,2,39,6,4926033,24846,4916513,1221,0.000000,0.027648,0.032883,44,0,2469.90,4923316,4922356,3069,26979,SUCCESS,7999,0,equal,61267968,40586784,0,150980224,,,,,1221,1521,used,,,,20260910-0005
2026-09-10 15:57:50,HAUSP-UB[noEUCS],KOSARAK,8,0,0.005000,0.000,0.020,71572084,178200,12,4495,4508,2,40,6,4965601,25712,4955996,1318,0.000000,0.027390,0.032713,44,0,2573.90,4962822,4961756,3198,27945,SUCCESS,8093,0,equal,70586368,45823520,0,182516352,,,,,1318,1512,used,,,,20260910-0005
2026-09-10 15:57:55,HAUSP-UB[noEUCS],KOSARAK,9,0,0.005000,0.000,0.020,79636688,198000,12,4814,4827,2,39,6,4805348,26387,4796134,1393,0.000000,0.027392,0.033002,44,0,2677.90,4802370,4801519,3083,28708,SUCCESS,7794,0,equal,83480576,50955040,0,211019136,,,,,1393,1420,used,,,,20260910-0005
2026-09-10 15:58:00,HAUSP-UB[noEUCS],KOSARAK,10,0,0.005000,0.000,0.020,87802842,217800,12,5367,5379,2,39,5,4825169,27101,4815992,1372,0.000000,0.027642,0.033302,44,0,2789.90,4822107,4821449,2978,29394,SUCCESS,7722,0,equal,94437376,56156608,0,240630400,,,,,1372,1455,used,,,,20260910-0005
2026-09-10 15:58:06,HAUSP-UB[noEUCS],KOSARAK,11,0,0.005000,0.000,0.020,95957020,237600,12,5818,5831,2,39,5,4789110,27688,4780035,1391,0.000000,0.027505,0.033217,44,0,2901.90,4786001,4785346,2947,30015,SUCCESS,7672,0,equal,104928256,61399616,0,266661760,,,,,1391,1403,used,,,,20260910-0005
2026-09-10 15:58:13,HAUSP-UB[noEUCS],KOSARAK,12,0,0.005000,0.000,0.020,104243105,257400,12,7364,7377,2,49,6,6039015,28333,6028751,1459,0.000000,0.026156,0.031253,44,0,3045.90,6035976,6035049,3253,30801,SUCCESS,8907,0,equal,116371456,66682304,0,306460800,,,,,1459,1357,used,,,,20260910-0005
2026-09-10 15:58:21,HAUSP-UB[noEUCS],KOSARAK,13,0,0.005000,0.000,0.020,112354095,277200,12,7620,7633,2,47,6,5760782,28918,5750882,1476,0.000000,0.026436,0.031698,44,0,3181.90,5757548,5756929,3086,31403,SUCCESS,8549,0,equal,127926272,71886912,0,338718336,,,,,1476,1351,used,,,,20260910-0005
2026-09-10 15:58:29,HAUSP-UB[noEUCS],KOSARAK,14,0,0.005000,0.000,0.020,120246165,297000,12,7940,7952,2,46,6,5471980,29468,5462335,1454,0.000000,0.026625,0.032003,44,0,3309.90,5468687,5468213,2958,31915,SUCCESS,8287,0,equal,137515008,76944640,0,369709824,,,,,1454,1358,used,,,,20260910-0005
2026-09-10 15:58:38,HAUSP-UB[noEUCS],KOSARAK,15,0,0.005000,0.000,0.020,128622472,316800,7,9163,9170,1,50,7,5929876,29885,5919780,1480,0.000000,0.026067,0.031212,44,0,3333.90,5926492,5925993,2945,32373,SUCCESS,8742,0,equal,112300032,82309568,0,397326080,,,,,1480,1354,used,,,,20260910-0005
2026-09-10 15:58:48,HAUSP-UB[noEUCS],KOSARAK,16,0,0.005000,0.000,0.020,136689971,336600,12,9408,9420,2,49,6,5817170,30239,5807373,1505,0.000000,0.026155,0.031493,44,0,2789.90,5813748,5813292,2943,32778,SUCCESS,8509,0,equal,165093376,87501984,0,425020160,,,,,1505,1288,used,,,,20260910-0005
2026-09-10 15:58:58,HAUSP-UB[noEUCS],KOSARAK,17,0,0.005000,0.000,0.020,144677301,356400,12,10034,10046,2,49,6,5748386,30684,5738616,1499,0.000000,0.026231,0.031522,44,0,2933.90,5744984,5744585,2937,33200,SUCCESS,8462,0,equal,174235648,92593216,0,454888448,,,,,1499,1308,used,,,,20260910-0005
2026-09-10 15:59:08,HAUSP-UB[noEUCS],KOSARAK,18,0,0.005000,0.000,0.020,153071265,376200,12,10702,10715,2,50,6,5781470,31054,5771715,1509,0.000000,0.026218,0.031506,44,0,3093.90,5778048,5777632,2931,33593,SUCCESS,8479,0,equal,184000512,97958880,0,487874688,,,,,1509,1276,used,,,,20260910-0005
2026-09-10 15:59:20,HAUSP-UB[noEUCS],KOSARAK,19,0,0.005000,0.000,0.020,161031299,396000,12,11261,11273,2,50,6,5779062,31477,5769320,1475,0.000000,0.026354,0.031645,44,0,3245.90,5775653,5775286,2905,33988,SUCCESS,8449,0,equal,189313024,103047712,0,519493504,,,,,1475,1293,used,,,,20260910-0005
2026-09-10 15:59:32,HAUSP-UB[noEUCS],KOSARAK,20,0,0.005000,0.000,0.020,169069315,415800,12,11903,11916,2,51,6,5797455,31855,5787738,1440,0.000000,0.026383,0.031654,44,0,3397.90,5794003,5793673,2840,34342,SUCCESS,8398,0,equal,196026368,108197696,0,548246400,,,,,1440,1319,used,,,,20260910-0005
2026-09-10 15:59:44,HAUSP-UB[noEUCS],KOSARAK,21,0,0.005000,0.000,0.020,177221178,435600,12,12378,12391,2,50,6,5712509,32191,5702893,1433,0.000000,0.026611,0.031954,44,0,3573.90,5709037,5708725,2798,34666,SUCCESS,8295,0,equal,204857344,113439392,0,582442880,,,,,1433,1321,used,,,,20260910-0005
2026-09-10 15:59:57,HAUSP-UB[noEUCS],KOSARAK,22,0,0.005000,0.000,0.020,185239060,455400,12,12955,12967,2,51,6,5654994,32598,5645375,1419,0.000000,0.026793,0.032119,44,0,3605.90,5651588,5651237,2825,35045,SUCCESS,8281,0,equal,174071808,118539520,0,617488768,,,,,1419,1338,used,,,,20260910-0005
2026-09-10 16:00:10,HAUSP-UB[noEUCS],KOSARAK,23,0,0.005000,0.000,0.020,192946792,475200,12,13078,13090,2,49,6,5375861,32888,5366531,1411,0.000000,0.027102,0.032567,44,0,3285.90,5372353,5372109,2690,35312,SUCCESS,7979,0,equal,219111424,123445952,0,644617600,,,,,1411,1351,used,,,,20260910-0005
2026-09-10 16:00:24,HAUSP-UB[noEUCS],KOSARAK,24,0,0.005000,0.000,0.020,200999571,495000,12,13820,13833,2,49,6,5332909,33195,5323519,1420,0.000000,0.027147,0.032593,44,0,3469.90,5329438,5329161,2700,35604,SUCCESS,8036,0,equal,224468992,128584928,0,673837056,,,,,1420,1354,used,,,,20260910-0005
2026-09-10 16:00:38,HAUSP-UB[noEUCS],KOSARAK,25,0,0.005000,0.000,0.020,208997420,514800,12,14444,14457,2,49,6,5372738,33480,5363293,1427,0.000000,0.027096,0.032448,44,0,3589.90,5369272,5368969,2711,35898,SUCCESS,8103,0,equal,213303296,133728576,0,705928192,,,,,1427,1342,used,,,,20260910-0005
2026-09-10 16:00:54,HAUSP-UB[noEUCS],KOSARAK,26,0,0.005000,0.000,0.020,216872125,534600,12,15100,15113,2,49,6,5336542,33786,5327082,1406,0.000000,0.027232,0.032566,44,0,3393.53,5333072,5332828,2661,36173,SUCCESS,8102,0,equal,233259008,138793408,0,735460736,,,,,1406,1358,used,,,,20260910-0005
2026-09-10 16:01:09,HAUSP-UB[noEUCS],KOSARAK,27,0,0.005000,0.000,0.020,224967137,554400,13,15717,15730,2,49,6,5309608,34042,5300151,1402,0.000000,0.027344,0.032665,44,0,3593.53,5306109,5305871,2624,36420,SUCCESS,8089,0,equal,239689728,143970208,0,762056064,,,,,1402,1368,used,,,,20260910-0005
2026-09-10 16:01:25,HAUSP-UB[noEUCS],KOSARAK,28,0,0.005000,0.000,0.020,233044603,574200,12,16106,16119,2,49,6,5264011,34319,5254685,1409,0.000000,0.027345,0.032736,44,0,3737.53,5260558,5260243,2692,36716,SUCCESS,7974,0,equal,224706560,149110464,0,795308416,,,,,1409,1352,used,,,,20260910-0005
2026-09-10 16:01:42,HAUSP-UB[noEUCS],KOSARAK,29,0,0.005000,0.000,0.020,240799749,594000,12,16285,16298,2,47,6,5126966,34588,5117783,1394,0.000000,0.027451,0.032961,44,0,3657.53,5123467,5123248,2615,36960,SUCCESS,7812,0,equal,248004608,154076512,0,825731968,,,,,1394,1371,used,,,,20260910-0005
2026-09-10 16:01:59,HAUSP-UB[noEUCS],KOSARAK,30,0,0.005000,0.000,0.020,248782700,613800,7,17442,17449,0,50,6,5441952,34818,5432506,1405,0.000000,0.027122,0.032558,44,0,3825.53,5438427,5438139,2659,37219,SUCCESS,8063,0,equal,239222784,159155040,0,853784064,,,,,1405,1383,used,,,,20260910-0005
2026-09-10 16:02:17,HAUSP-UB[noEUCS],KOSARAK,31,0,0.005000,0.000,0.020,256426803,633600,12,17881,17893,2,49,6,5322445,35118,5313050,1389,0.000000,0.027390,0.032763,44,0,3785.53,5318935,5318715,2620,37479,SUCCESS,7986,0,equal,253722624,164088064,0,883839104,,,,,1389,1409,used,,,,20260910-0005
2026-09-10 16:02:35,HAUSP-UB[noEUCS],KOSARAK,32,0,0.005000,0.000,0.020,264731241,653400,12,18383,18396,2,50,6,5383332,35509,5373970,1428,0.000000,0.027155,0.032628,44,0,3817.53,5379989,5379482,2867,37928,SUCCESS,7989,0,equal,205078528,169405472,0,934937344,,,,,1428,1373,used,,,,20260910-0005
2026-09-10 16:02:55,HAUSP-UB[noEUCS],KOSARAK,33,0,0.005000,0.000,0.020,272898221,673200,12,19798,19811,2,53,6,5644968,35726,5635357,1432,0.000000,0.027006,0.032317,44,0,3803.13,5641409,5641152,2675,38165,SUCCESS,8254,0,equal,262881280,174653152,0,964912640,,,,,1432,1357,used,,,,20260910-0005
2026-09-10 16:03:15,HAUSP-UB[noEUCS],KOSARAK,34,0,0.005000,0.000,0.020,280800610,693000,12,19911,19923,2,51,6,5517171,35976,5507719,1420,0.000000,0.027155,0.032596,44,0,3894.00,5513623,5513389,2672,38407,SUCCESS,8093,0,equal,269123584,179695136,0,993033728,,,,,1420,1359,used,,,,20260910-0005
2026-09-10 16:03:36,HAUSP-UB[noEUCS],KOSARAK,35,0,0.005000,0.000,0.020,288764180,712800,12,20378,20391,2,51,6,5431138,36230,5421731,1413,0.000000,0.027285,0.032744,44,0,3933.99,5427591,5427373,2648,38643,SUCCESS,8037,0,equal,242712576,184776416,0,1026626816,,,,,1413,1370,used,,,,20260910-0005
2026-09-10 16:03:57,HAUSP-UB[noEUCS],KOSARAK,36,0,0.005000,0.000,0.020,296745142,732600,12,21697,21709,2,54,6,5657197,36418,5647606,1406,0.000000,0.027096,0.032468,44,0,4041.45,5653591,5653379,2624,38843,SUCCESS,8210,0,equal,276676608,189891520,0,1053148800,,,,,1406,1381,used,,,,20260910-0005
2026-09-10 16:04:20,HAUSP-UB[noEUCS],KOSARAK,37,0,0.005000,0.000,0.020,304962127,752400,12,22837,22850,2,54,7,5877604,36619,5867816,1399,0.000000,0.026905,0.032140,44,0,4075.43,5874003,5873780,2647,39055,SUCCESS,8411,0,equal,253149184,195162784,0,1081282816,,,,,1399,1377,used,,,,20260910-0005
2026-09-10 16:04:45,HAUSP-UB[noEUCS],KOSARAK,38,0,0.005000,0.000,0.020,313322350,772200,7,24410,24418,0,58,7,6234483,36802,6224436,1421,0.000000,0.026569,0.031708,44,0,4076.83,6230864,6230561,2738,39298,SUCCESS,8681,0,equal,269189120,200500384,0,1114030720,,,,,1421,1366,used,,,,20260910-0005
2026-09-10 16:05:10,HAUSP-UB[noEUCS],KOSARAK,39,0,0.005000,0.000,0.020,321393622,792000,12,25279,25291,2,58,7,6348576,36992,6338364,1418,0.000000,0.026482,0.031520,44,0,4063.25,6344882,6344702,2675,39483,SUCCESS,8824,0,equal,290078720,205662048,0,1136403072,,,,,1418,1388,used,,,,20260910-0005
2026-09-10 16:05:36,HAUSP-UB[noEUCS],KOSARAK,40,0,0.005000,0.000,0.020,329566489,811800,12,26225,26238,2,60,7,6366936,37183,6356739,1408,0.000000,0.026521,0.031531,44,0,4130.07,6363251,6363060,2681,39674,SUCCESS,8812,0,equal,283131904,210878848,0,1161660416,,,,,1408,1385,used,,,,20260910-0005
2026-09-10 16:06:03,HAUSP-UB[noEUCS],KOSARAK,41,0,0.005000,0.000,0.020,337330782,831600,12,26348,26361,2,58,7,6237181,37391,6227101,1411,0.000000,0.026611,0.031695,44,0,4169.66,6233514,6233328,2676,39871,SUCCESS,8696,0,equal,292569088,215851360,0,1188481536,,,,,1411,1384,used,,,,20260910-0005
2026-09-10 16:06:30,HAUSP-UB[noEUCS],KOSARAK,42,0,0.005000,0.000,0.020,345287062,851400,12,27101,27114,2,58,7,6195043,37585,6184977,1396,0.000000,0.026684,0.031743,44,0,4257.29,6191353,6191195,2637,40047,SUCCESS,8662,0,equal,276135936,220927680,0,1211734272,,,,,1396,1404,used,,,,20260910-0005
2026-09-10 16:06:57,HAUSP-UB[noEUCS],KOSARAK,43,0,0.005000,0.000,0.020,353078000,871200,12,27184,27197,2,57,7,6080107,37789,6070180,1386,0.000000,0.026860,0.032012,44,0,4344.09,6076438,6076260,2639,40238,SUCCESS,8516,0,equal,294993920,225932192,0,1246156160,,,,,1386,1411,used,,,,20260910-0005
2026-09-10 16:07:25,HAUSP-UB[noEUCS],KOSARAK,44,0,0.005000,0.000,0.020,361065349,891000,12,27743,27756,2,58,7,6066396,37960,6056543,1391,0.000000,0.026823,0.031968,44,0,4394.85,6062718,6062525,2641,40420,SUCCESS,8453,0,equal,297369600,231070624,0,1271116672,,,,,1391,1400,used,,,,20260910-0005
2026-09-10 16:07:53,HAUSP-UB[noEUCS],KOSARAK,45,0,0.005000,0.000,0.020,369111695,910800,7,28350,28357,0,57,7,6062498,38136,6052597,1394,0.000000,0.026792,0.031938,44,0,4483.52,6058810,6058630,2639,40598,SUCCESS,8497,0,equal,300220416,236216704,0,1295797120,,,,,1394,1404,used,,,,20260910-0005
2026-09-10 16:08:22,HAUSP-UB[noEUCS],KOSARAK,46,0,0.005000,0.000,0.020,376961751,930600,14,28966,28981,2,58,7,6000863,38322,5991020,1386,0.000000,0.026841,0.032014,44,0,4427.08,5997182,5997024,2619,40770,SUCCESS,8438,0,equal,299991040,241241568,0,1321607040,,,,,1386,1405,used,,,,20260910-0005
2026-09-10 16:08:52,HAUSP-UB[noEUCS],KOSARAK,47,0,0.005000,0.000,0.020,385148600,950400,12,29650,29663,2,57,7,5999932,38534,5990093,1380,0.000000,0.026907,0.032084,44,0,4534.40,5996282,5996080,2649,40977,SUCCESS,8425,0,equal,298139648,246502720,0,1350112256,,,,,1380,1414,used,,,,20260910-0005
2026-09-10 16:09:22,HAUSP-UB[noEUCS],KOSARAK,48,0,0.005000,0.000,0.020,393197172,970200,12,30504,30516,2,58,7,5956708,38707,5946881,1379,0.000000,0.027004,0.032194,44,0,4646.48,5953019,5952870,2591,41138,SUCCESS,8408,0,equal,290357248,251665856,0,1371856512,,,,,1379,1419,used,,,,20260910-0005
2026-09-10 16:09:53,HAUSP-UB[noEUCS],KOSARAK,49,0,0.005000,0.000,0.020,400890653,990002,12,30901,30913,2,57,7,5996043,38834,5986189,1379,0.000000,0.027005,0.032215,44,0,4540.46,5992317,5992180,2567,41270,SUCCESS,8432,0,equal,284573696,256608480,0,1389681920,,,,,1379,1422,used,,,,20260910-0005
2026-09-10 16:09:54,HAUSP-UB[noEUCS],KOSARAK,0,1,0.005000,0.000,0.020,8034614,19800,11,392,404,2,21,4,2613785,11931,2606438,935,0.000000,0.030913,0.037250,43,0,1964.03,2624367,2609183,15184,13608,SUCCESS,5998,0,equal,6094336,5146496,0,4472576,,,,,935,1349,used,,,,20260910-0005
2026-09-10 16:09:55,HAUSP-UB[noEUCS],KOSARAK,1,1,0.005000,0.000,0.020,15903993,39600,6,868,874,0,29,5,3807593,15882,3799240,864,0.000000,0.028993,0.034519,45,0,2004.03,3808581,3804525,5632,17566,SUCCESS,7067,0,equal,10310656,10156800,0,14077568,,,,,864,1286,used,,,,20260910-0005
2026-09-10 16:09:56,HAUSP-UB[noEUCS],KOSARAK,2,1,0.005000,0.000,0.020,23575607,59400,11,1056,1068,2,22,4,2862919,18422,2855734,873,0.000000,0.032354,0.039015,45,0,2060.03,2862465,2860092,4047,20018,SUCCESS,5875,0,equal,16867328,15109536,0,29947776,,,,,873,1310,used,,,,20260910-0005
2026-09-10 16:09:58,HAUSP-UB[noEUCS],KOSARAK,3,1,0.005000,0.000,0.020,31656211,79200,12,1627,1639,2,28,5,3704898,20101,3696681,1070,0.000000,0.030317,0.036313,44,0,2124.03,3703479,3701269,3805,21974,SUCCESS,6715,0,equal,25077760,20293664,0,50300416,,,,,1070,1502,used,,,,20260910-0005
2026-09-10 16:10:00,HAUSP-UB[noEUCS],KOSARAK,4,1,0.005000,0.000,0.020,39698661,99000,12,2011,2024,2,30,5,3825418,21298,3817388,1250,0.000000,0.029165,0.035457,44,0,2196.03,3823305,3821647,3507,23433,SUCCESS,6593,0,equal,31563776,25427744,0,73655040,,,,,1250,1437,used,,,,20260910-0005
2026-09-10 16:10:02,HAUSP-UB[noEUCS],KOSARAK,5,1,0.005000,0.000,0.020,47551765,118800,6,2423,2430,1,29,5,3704807,22832,3696762,1291,0.000000,0.028976,0.035276,44,0,2292.03,3702801,3701159,3690,24979,SUCCESS,6640,0,equal,41246720,30484512,0,103236608,,,,,1291,1405,used,,,,20260910-0005
2026-09-10 16:10:06,HAUSP-UB[noEUCS],KOSARAK,6,1,0.005000,0.000,0.020,55402558,138600,12,3289,3302,2,36,5,4634796,23932,4625560,1237,0.000000,0.028151,0.033525,44,0,2380.03,4632253,4631225,3172,26042,SUCCESS,7740,0,equal,50970624,35523648,0,126464768,,,,,1237,1496,used,,,,20260910-0005
2026-09-10 16:10:10,HAUSP-UB[noEUCS],KOSARAK,7,1,0.005000,0.000,0.020,63415567,158400,12,3957,3969,2,39,6,4926033,24846,4916513,1221,0.000000,0.027648,0.032883,44,0,2468.03,4923316,4922356,3069,26979,SUCCESS,7999,0,equal,61267968,40586784,0,150980224,,,,,1221,1521,used,,,,20260910-0005
2026-09-10 16:10:14,HAUSP-UB[noEUCS],KOSARAK,8,1,0.005000,0.000,0.020,71572084,178200,12,4503,4515,2,39,6,4965601,25712,4955996,1318,0.000000,0.027390,0.032713,44,0,2572.03,4962822,4961756,3198,27945,SUCCESS,8093,0,equal,70586368,45823520,0,182516352,,,,,1318,1512,used,,,,20260910-0005
2026-09-10 16:10:19,HAUSP-UB[noEUCS],KOSARAK,9,1,0.005000,0.000,0.020,79636688,198000,12,4804,4816,2,38,6,4805348,26387,4796134,1393,0.000000,0.027392,0.033002,44,0,2684.03,4802370,4801519,3083,28708,SUCCESS,7794,0,equal,83480576,50955040,0,211019136,,,,,1393,1420,used,,,,20260910-0005
2026-09-10 16:10:24,HAUSP-UB[noEUCS],KOSARAK,10,1,0.005000,0.000,0.020,87802842,217800,12,5375,5388,2,39,6,4825169,27101,4815992,1372,0.000000,0.027642,0.033302,44,0,2796.03,4822107,4821449,2978,29394,SUCCESS,7722,0,equal,94437376,56156608,0,240630400,,,,,1372,1455,used,,,,20260910-0005
2026-09-10 16:10:30,HAUSP-UB[noEUCS],KOSARAK,11,1,0.005000,0.000,0.020,95957020,237600,12,5841,5854,2,39,6,4789110,27688,4780035,1391,0.000000,0.027505,0.033217,44,0,2900.03,4786001,4785346,2947,30015,SUCCESS,7672,0,equal,104928256,61399616,0,266661760,,,,,1391,1403,used,,,,20260910-0005
2026-09-10 16:10:38,HAUSP-UB[noEUCS],KOSARAK,12,1,0.005000,0.000,0.020,104243105,257400,12,7355,7367,2,49,7,6039015,28333,6028751,1459,0.000000,0.026156,0.031253,44,0,3044.03,6035976,6035049,3253,30801,SUCCESS,8907,0,equal,116371456,66682304,0,306460800,,,,,1459,1357,used,,,,20260910-0005
2026-09-10 16:10:45,HAUSP-UB[noEUCS],KOSARAK,13,1,0.005000,0.000,0.020,112354095,277200,12,7595,7608,2,47,6,5760782,28918,5750882,1476,0.000000,0.026436,0.031698,44,0,3180.03,5757548,5756929,3086,31403,SUCCESS,8549,0,equal,127926272,71886912,0,338718336,,,,,1476,1351,used,,,,20260910-0005
2026-09-10 16:10:53,HAUSP-UB[noEUCS],KOSARAK,14,1,0.005000,0.000,0.020,120246165,297000,12,7928,7941,2,45,6,5471980,29468,5462335,1454,0.000000,0.026625,0.032003,44,0,3316.03,5468687,5468213,2958,31915,SUCCESS,8287,0,equal,137515008,76944640,0,369709824,,,,,1454,1358,used,,,,20260910-0005
2026-09-10 16:11:02,HAUSP-UB[noEUCS],KOSARAK,15,1,0.005000,0.000,0.020,128622472,316800,12,9049,9062,2,49,6,5929876,29885,5919780,1480,0.000000,0.026067,0.031212,44,0,3452.03,5926492,5925993,2945,32373,SUCCESS,8742,0,equal,150274048,82309568,0,397326080,,,,,1480,1354,used,,,,20260910-0005
2026-09-10 16:11:12,HAUSP-UB[noEUCS],KOSARAK,16,1,0.005000,0.000,0.020,136689971,336600,12,9497,9510,2,49,6,5817170,30239,5807373,1505,0.000000,0.026155,0.031493,44,0,3468.03,5813748,5813292,2943,32778,SUCCESS,8509,0,equal,126361600,87501984,0,425020160,,,,,1505,1288,used,,,,20260910-0005
2026-09-10 16:11:22,HAUSP-UB[noEUCS],KOSARAK,17,1,0.005000,0.000,0.020,144677301,356400,12,10008,10020,2,49,6,5748386,30684,5738616,1499,0.000000,0.026231,0.031522,44,0,2872.90,5744984,5744585,2937,33200,SUCCESS,8462,0,equal,174235648,92593216,0,454888448,,,,,1499,1308,used,,,,20260910-0005
2026-09-10 16:11:33,HAUSP-UB[noEUCS],KOSARAK,18,1,0.005000,0.000,0.020,153071265,376200,12,10681,10694,2,49,6,5781470,31054,5771715,1509,0.000000,0.026218,0.031506,44,0,3024.90,5778048,5777632,2931,33593,SUCCESS,8479,0,equal,184000512,97958880,0,487874688,,,,,1509,1276,used,,,,20260910-0005
2026-09-10 16:11:44,HAUSP-UB[noEUCS],KOSARAK,19,1,0.005000,0.000,0.020,161031299,396000,12,11274,11287,2,50,6,5779062,31477,5769320,1475,0.000000,0.026354,0.031645,44,0,3168.90,5775653,5775286,2905,33988,SUCCESS,8449,0,equal,189313024,103047712,0,519493504,,,,,1475,1293,used,,,,20260910-0005
2026-09-10 16:11:56,HAUSP-UB[noEUCS],KOSARAK,20,1,0.005000,0.000,0.020,169069315,415800,7,11853,11860,1,50,6,5797455,31855,5787738,1440,0.000000,0.026383,0.031654,44,0,3328.90,5794003,5793673,2840,34342,SUCCESS,8398,0,equal,196026368,108197696,0,548246400,,,,,1440,1319,used,,,,20260910-0005
2026-09-10 16:12:08,HAUSP-UB[noEUCS],KOSARAK,21,1,0.005000,0.000,0.020,177221178,435600,12,12324,12337,2,49,6,5712509,32191,5702893,1433,0.000000,0.026611,0.031954,44,0,3504.90,5709037,5708725,2798,34666,SUCCESS,8295,0,equal,204857344,113439392,0,582442880,,,,,1433,1321,used,,,,20260910-0005
2026-09-10 16:12:21,HAUSP-UB[noEUCS],KOSARAK,22,1,0.005000,0.000,0.020,185239060,455400,12,12954,12966,2,49,6,5654994,32598,5645375,1419,0.000000,0.026793,0.032119,44,0,3680.90,5651588,5651237,2825,35045,SUCCESS,8281,0,equal,208977920,118539520,0,617488768,,,,,1419,1338,used,,,,20260910-0005
2026-09-10 16:12:34,HAUSP-UB[noEUCS],KOSARAK,23,1,0.005000,0.000,0.020,192946792,475200,12,12883,12895,2,48,6,5375861,32888,5366531,1411,0.000000,0.027102,0.032567,44,0,3784.90,5372353,5372109,2690,35312,SUCCESS,7979,0,equal,205996032,123445952,0,644617600,,,,,1411,1351,used,,,,20260910-0005
2026-09-10 16:12:48,HAUSP-UB[noEUCS],KOSARAK,24,1,0.005000,0.000,0.020,200999571,495000,12,13639,13652,2,49,6,5332909,33195,5323519,1420,0.000000,0.027147,0.032593,44,0,3236.03,5329438,5329161,2700,35604,SUCCESS,8036,0,equal,224468992,128584928,0,673837056,,,,,1420,1354,used,,,,20260910-0005
2026-09-10 16:13:02,HAUSP-UB[noEUCS],KOSARAK,25,1,0.005000,0.000,0.020,208997420,514800,12,14378,14391,2,50,6,5372738,33480,5363293,1427,0.000000,0.027096,0.032448,44,0,3420.03,5369272,5368969,2711,35898,SUCCESS,8103,0,equal,227475456,133728576,0,705928192,,,,,1427,1342,used,,,,20260910-0005
2026-09-10 16:13:17,HAUSP-UB[noEUCS],KOSARAK,26,1,0.005000,0.000,0.020,216872125,534600,12,15078,15091,2,50,6,5336542,33786,5327082,1406,0.000000,0.027232,0.032566,44,0,3620.03,5333072,5332828,2661,36173,SUCCESS,8102,0,equal,233259008,138793408,0,735460736,,,,,1406,1358,used,,,,20260910-0005
2026-09-10 16:13:33,HAUSP-UB[noEUCS],KOSARAK,27,1,0.005000,0.000,0.020,224967137,554400,12,15658,15670,2,50,6,5309608,34042,5300151,1402,0.000000,0.027344,0.032665,44,0,3828.03,5306109,5305871,2624,36420,SUCCESS,8089,0,equal,239689728,143970208,0,762056064,,,,,1402,1368,used,,,,20260910-0005
2026-09-10 16:13:49,HAUSP-UB[noEUCS],KOSARAK,28,1,0.005000,0.000,0.020,233044603,574200,12,15911,15923,2,48,6,5264011,34319,5254685,1409,0.000000,0.027345,0.032736,44,0,3476.03,5260558,5260243,2692,36716,SUCCESS,7974,0,equal,240828416,149110464,0,795308416,,,,,1409,1352,used,,,,20260910-0005
2026-09-10 16:14:05,HAUSP-UB[noEUCS],KOSARAK,29,1,0.005000,0.000,0.020,240799749,594000,12,16247,16260,2,48,6,5126966,34588,5117783,1394,0.000000,0.027451,0.032961,44,0,3708.03,5123467,5123248,2615,36960,SUCCESS,7812,0,equal,248004608,154076512,0,825731968,,,,,1394,1371,used,,,,20260910-0005
2026-09-10 16:14:22,HAUSP-UB[noEUCS],KOSARAK,30,1,0.005000,0.000,0.020,248782700,613800,12,17421,17433,2,50,6,5441952,34818,5432506,1405,0.000000,0.027122,0.032558,44,0,3932.03,5438427,5438139,2659,37219,SUCCESS,8063,0,equal,252862464,159155040,0,853784064,,,,,1405,1383,used,,,,20260910-0005
2026-09-10 16:14:40,HAUSP-UB[noEUCS],KOSARAK,31,1,0.005000,0.000,0.020,256426803,633600,6,17977,17984,0,50,6,5322445,35118,5313050,1389,0.000000,0.027390,0.032763,44,0,3956.03,5318935,5318715,2620,37479,SUCCESS,7986,0,equal,224698368,164088064,0,883839104,,,,,1389,1409,used,,,,20260910-0005
2026-09-10 16:14:59,HAUSP-UB[noEUCS],KOSARAK,32,1,0.005000,0.000,0.020,264731241,653400,12,18346,18359,2,50,6,5383332,35509,5373970,1428,0.000000,0.027155,0.032628,44,0,3946.54,5379989,5379482,2867,37928,SUCCESS,7989,0,equal,252166144,169405472,0,934937344,,,,,1428,1373,used,,,,20260910-0005
2026-09-10 16:15:18,HAUSP-UB[noEUCS],KOSARAK,33,1,0.005000,0.000,0.020,272898221,673200,12,19628,19640,2,51,6,5644968,35726,5635357,1432,0.000000,0.027006,0.032317,44,0,3978.54,5641409,5641152,2675,38165,SUCCESS,8254,0,equal,227770368,174653152,0,964912640,,,,,1432,1357,used,,,,20260910-0005
2026-09-10 16:15:38,HAUSP-UB[noEUCS],KOSARAK,34,1,0.005000,0.000,0.020,280800610,693000,12,19841,19854,2,51,6,5517171,35976,5507719,1420,0.000000,0.027155,0.032596,44,0,4048.89,5513623,5513389,2672,38407,SUCCESS,8093,0,equal,269123584,179695136,0,993033728,,,,,1420,1359,used,,,,20260910-0005
2026-09-10 16:15:59,HAUSP-UB[noEUCS],KOSARAK,35,1,0.005000,0.000,0.020,288764180,712800,12,20365,20377,2,50,6,5431138,36230,5421731,1413,0.000000,0.027285,0.032744,44,0,4088.89,5427591,5427373,2648,38643,SUCCESS,8037,0,equal,242712576,184776416,0,1026626816,,,,,1413,1370,used,,,,20260910-0005
2026-09-10 16:16:20,HAUSP-UB[noEUCS],KOSARAK,36,1,0.005000,0.000,0.020,296745142,732600,12,21614,21626,2,53,6,5657197,36418,5647606,1406,0.000000,0.027096,0.032468,44,0,4224.03,5653591,5653379,2624,38843,SUCCESS,8210,0,equal,276676608,189891520,0,1053148800,,,,,1406,1381,used,,,,20260910-0005
2026-09-10 16:16:43,HAUSP-UB[noEUCS],KOSARAK,37,1,0.005000,0.000,0.020,304962127,752400,12,23110,23123,2,56,7,5877604,36619,5867816,1399,0.000000,0.026905,0.032140,44,0,4256.03,5874003,5873780,2647,39055,SUCCESS,8411,0,equal,253149184,195162784,0,1081282816,,,,,1399,1377,used,,,,20260910-0005
2026-09-10 16:17:08,HAUSP-UB[noEUCS],KOSARAK,38,1,0.005000,0.000,0.020,313322350,772200,12,24238,24251,2,58,7,6234483,36802,6224436,1421,0.000000,0.026569,0.031708,44,0,4276.04,6230864,6230561,2738,39298,SUCCESS,8681,0,equal,282755072,200500384,0,1114030720,,,,,1421,1366,used,,,,20260910-0005
2026-09-10 16:17:33,HAUSP-UB[noEUCS],KOSARAK,39,1,0.005000,0.000,0.020,321393622,792000,12,25202,25215,2,59,7,6348576,36992,6338364,1418,0.000000,0.026482,0.031520,44,0,4309.02,6344882,6344702,2675,39483,SUCCESS,8824,0,equal,262356992,205662048,0,1136403072,,,,,1418,1388,used,,,,20260910-0005
2026-09-10 16:17:59,HAUSP-UB[noEUCS],KOSARAK,40,1,0.005000,0.000,0.020,329566489,811800,12,26017,26029,2,59,7,6366936,37183,6356739,1408,0.000000,0.026521,0.031531,44,0,4295.16,6363251,6363060,2681,39674,SUCCESS,8812,0,equal,292880384,210878848,0,1161660416,,,,,1408,1385,used,,,,20260910-0005
2026-09-10 16:18:25,HAUSP-UB[noEUCS],KOSARAK,41,1,0.005000,0.000,0.020,337330782,831600,12,26180,26192,2,58,7,6237181,37391,6227101,1411,0.000000,0.026611,0.031695,44,0,4328.15,6233514,6233328,2676,39871,SUCCESS,8696,0,equal,270008320,215851360,0,1188481536,,,,,1411,1384,used,,,,20260910-0005
2026-09-10 16:18:52,HAUSP-UB[noEUCS],KOSARAK,42,1,0.005000,0.000,0.020,345287062,851400,12,26875,26887,2,58,7,6195043,37585,6184977,1396,0.000000,0.026684,0.031743,44,0,4234.76,6191353,6191195,2637,40047,SUCCESS,8662,0,equal,295469056,220927680,0,1211734272,,,,,1396,1404,used,,,,20260910-0005
2026-09-10 16:19:19,HAUSP-UB[noEUCS],KOSARAK,43,1,0.005000,0.000,0.020,353078000,871200,12,26988,27000,2,57,7,6080107,37789,6070180,1386,0.000000,0.026860,0.032012,44,0,4302.07,6076438,6076260,2639,40238,SUCCESS,8516,0,equal,272138240,225932192,0,1246156160,,,,,1386,1411,used,,,,20260910-0005
2026-09-10 16:19:47,HAUSP-UB[noEUCS],KOSARAK,44,1,0.005000,0.000,0.020,361065349,891000,7,27471,27479,0,58,7,6066396,37960,6056543,1391,0.000000,0.026823,0.031968,44,0,4390.18,6062718,6062525,2641,40420,SUCCESS,8453,0,equal,297369600,231070624,0,1271116672,,,,,1391,1400,used,,,,20260910-0005
2026-09-10 16:20:15,HAUSP-UB[noEUCS],KOSARAK,45,1,0.005000,0.000,0.020,369111695,910800,7,28006,28013,0,56,7,6062498,38136,6052597,1394,0.000000,0.026792,0.031938,44,0,4427.25,6058810,6058630,2639,40598,SUCCESS,8497,0,equal,275955712,236216704,0,1295797120,,,,,1394,1404,used,,,,20260910-0005
2026-09-10 16:20:43,HAUSP-UB[noEUCS],KOSARAK,46,1,0.005000,0.000,0.020,376961751,930600,12,28724,28736,2,57,7,6000863,38322,5991020,1386,0.000000,0.026841,0.032014,44,0,4397.45,5997182,5997024,2619,40770,SUCCESS,8438,0,equal,299991040,241241568,0,1321607040,,,,,1386,1405,used,,,,20260910-0005
2026-09-10 16:21:13,HAUSP-UB[noEUCS],KOSARAK,47,1,0.005000,0.000,0.020,385148600,950400,12,29320,29332,2,57,7,5999932,38534,5990093,1380,0.000000,0.026907,0.032084,44,0,4530.05,5996282,5996080,2649,40977,SUCCESS,8425,0,equal,298139648,246502720,0,1350112256,,,,,1380,1414,used,,,,20260910-0005
2026-09-10 16:21:43,HAUSP-UB[noEUCS],KOSARAK,48,1,0.005000,0.000,0.020,393197172,970200,14,30166,30180,2,57,7,5956708,38707,5946881,1379,0.000000,0.027004,0.032194,44,0,4578.89,5953019,5952870,2591,41138,SUCCESS,8408,0,equal,290357248,251665856,0,1371856512,,,,,1379,1419,used,,,,20260910-0005
2026-09-10 16:22:14,HAUSP-UB[noEUCS],KOSARAK,49,1,0.005000,0.000,0.020,400890653,990002,12,31059,31071,2,58,7,5996043,38834,5986189,1379,0.000000,0.027005,0.032215,44,0,4545.26,5992317,5992180,2567,41270,SUCCESS,8432,0,equal,303218688,256608480,0,1389681920,,,,,1379,1422,used,,,,20260910-0005
2026-09-10 16:22:15,HAUSP-UB[noEUCS],KOSARAK,0,2,0.005000,0.000,0.020,8034614,19800,11,393,405,2,21,4,2613785,11931,2606438,935,0.000000,0.030913,0.037250,43,0,1964.03,2624367,2609183,15184,13608,SUCCESS,5998,0,equal,6094336,5146496,0,4472576,,,,,935,1349,used,,,,20260910-0005
2026-09-10 16:22:16,HAUSP-UB[noEUCS],KOSARAK,1,2,0.005000,0.000,0.020,15903993,39600,6,872,879,1,30,5,3807593,15882,3799240,864,0.000000,0.028993,0.034519,45,0,2004.03,3808581,3804525,5632,17566,SUCCESS,7067,0,equal,10310656,10156800,0,14077568,,,,,864,1286,used,,,,20260910-0005
2026-09-10 16:22:17,HAUSP-UB[noEUCS],KOSARAK,2,2,0.005000,0.000,0.020,23575607,59400,11,1043,1055,2,22,4,2862919,18422,2855734,873,0.000000,0.032354,0.039015,45,0,2060.03,2862465,2860092,4047,20018,SUCCESS,5875,0,equal,16867328,15109536,0,29947776,,,,,873,1310,used,,,,20260910-0005
2026-09-10 16:22:19,HAUSP-UB[noEUCS],KOSARAK,3,2,0.005000,0.000,0.020,31656211,79200,12,1621,1634,2,28,5,3704898,20101,3696681,1070,0.000000,0.030317,0.036313,44,0,2124.03,3703479,3701269,3805,21974,SUCCESS,6715,0,equal,25077760,20293664,0,50300416,,,,,1070,1502,used,,,,20260910-0005
2026-09-10 16:22:21,HAUSP-UB[noEUCS],KOSARAK,4,2,0.005000,0.000,0.020,39698661,99000,7,2004,2011,1,30,5,3825418,21298,3817388,1250,0.000000,0.029165,0.035457,44,0,2196.03,3823305,3821647,3507,23433,SUCCESS,6593,0,equal,31563776,25427744,0,73655040,,,,,1250,1437,used,,,,20260910-0005
2026-09-10 16:22:23,HAUSP-UB[noEUCS],KOSARAK,5,2,0.005000,0.000,0.020,47551765,118800,12,2429,2442,2,29,5,3704807,22832,3696762,1291,0.000000,0.028976,0.035276,44,0,2292.03,3702801,3701159,3690,24979,SUCCESS,6640,0,equal,41246720,30484512,0,103236608,,,,,1291,1405,used,,,,20260910-0005
2026-09-10 16:22:27,HAUSP-UB[noEUCS],KOSARAK,6,2,0.005000,0.000,0.020,55402558,138600,12,3279,3291,2,36,6,4634796,23932,4625560,1237,0.000000,0.028151,0.033525,44,0,2380.03,4632253,4631225,3172,26042,SUCCESS,7740,0,equal,50970624,35523648,0,126464768,,,,,1237,1496,used,,,,20260910-0005
2026-09-10 16:22:31,HAUSP-UB[noEUCS],KOSARAK,7,2,0.005000,0.000,0.020,63415567,158400,12,3939,3952,2,39,6,4926033,24846,4916513,1221,0.000000,0.027648,0.032883,44,0,2468.03,4923316,4922356,3069,26979,SUCCESS,7999,0,equal,61267968,40586784,0,150980224,,,,,1221,1521,used,,,,20260910-0005
2026-09-10 16:22:35,HAUSP-UB[noEUCS],KOSARAK,8,2,0.005000,0.000,0.020,71572084,178200,12,4497,4509,2,40,6,4965601,25712,4955996,1318,0.000000,0.027390,0.032713,44,0,2572.03,4962822,4961756,3198,27945,SUCCESS,8093,0,equal,70586368,45823520,0,182516352,,,,,1318,1512,used,,,,20260910-0005
2026-09-10 16:22:40,HAUSP-UB[noEUCS],KOSARAK,9,2,0.005000,0.000,0.020,79636688,198000,12,4814,4827,2,39,6,4805348,26387,4796134,1393,0.000000,0.027392,0.033002,44,0,2684.03,4802370,4801519,3083,28708,SUCCESS,7794,0,equal,83480576,50955040,0,211019136,,,,,1393,1420,used,,,,20260910-0005
2026-09-10 16:22:45,HAUSP-UB[noEUCS],KOSARAK,10,2,0.005000,0.000,0.020,87802842,217800,12,5329,5342,2,39,6,4825169,27101,4815992,1372,0.000000,0.027642,0.033302,44,0,2796.03,4822107,4821449,2978,29394,SUCCESS,7722,0,equal,94437376,56156608,0,240630400,,,,,1372,1455,used,,,,20260910-0005
2026-09-10 16:22:51,HAUSP-UB[noEUCS],KOSARAK,11,2,0.005000,0.000,0.020,95957020,237600,7,5826,5833,1,39,6,4789110,27688,4780035,1391,0.000000,0.027505,0.033217,44,0,2900.03,4786001,4785346,2947,30015,SUCCESS,7672,0,equal,104928256,61399616,0,266661760,,,,,1391,1403,used,,,,20260910-0005
2026-09-10 16:22:58,HAUSP-UB[noEUCS],KOSARAK,12,2,0.005000,0.000,0.020,104243105,257400,12,7356,7369,2,49,6,6039015,28333,6028751,1459,0.000000,0.026156,0.031253,44,0,3044.03,6035976,6035049,3253,30801,SUCCESS,8907,0,equal,116371456,66682304,0,306460800,,,,,1459,1357,used,,,,20260910-0005
2026-09-10 16:23:06,HAUSP-UB[noEUCS],KOSARAK,13,2,0.005000,0.000,0.020,112354095,277200,12,7618,7631,2,47,6,5760782,28918,5750882,1476,0.000000,0.026436,0.031698,44,0,3180.03,5757548,5756929,3086,31403,SUCCESS,8549,0,equal,127926272,71886912,0,338718336,,,,,1476,1351,used,,,,20260910-0005
2026-09-10 16:23:14,HAUSP-UB[noEUCS],KOSARAK,14,2,0.005000,0.000,0.020,120246165,297000,12,8043,8056,2,47,6,5471980,29468,5462335,1454,0.000000,0.026625,0.032003,44,0,3292.03,5468687,5468213,2958,31915,SUCCESS,8287,0,equal,128221184,76944640,0,369709824,,,,,1454,1358,used,,,,20260910-0005
2026-09-10 16:23:23,HAUSP-UB[noEUCS],KOSARAK,15,2,0.005000,0.000,0.020,128622472,316800,7,9114,9121,1,49,6,5929876,29885,5919780,1480,0.000000,0.026067,0.031212,44,0,2708.03,5926492,5925993,2945,32373,SUCCESS,8742,0,equal,150274048,82309568,0,397326080,,,,,1480,1354,used,,,,20260910-0005
2026-09-10 16:23:33,HAUSP-UB[noEUCS],KOSARAK,16,2,0.005000,0.000,0.020,136689971,336600,12,9486,9498,2,49,6,5817170,30239,5807373,1505,0.000000,0.026155,0.031493,44,0,2852.03,5813748,5813292,2943,32778,SUCCESS,8509,0,equal,165093376,87501984,0,425020160,,,,,1505,1288,used,,,,20260910-0005
2026-09-10 16:23:43,HAUSP-UB[noEUCS],KOSARAK,17,2,0.005000,0.000,0.020,144677301,356400,12,10095,10108,2,49,6,5748386,30684,5738616,1499,0.000000,0.026231,0.031522,44,0,2996.03,5744984,5744585,2937,33200,SUCCESS,8462,0,equal,174235648,92593216,0,454888448,,,,,1499,1308,used,,,,20260910-0005
2026-09-10 16:23:54,HAUSP-UB[noEUCS],KOSARAK,18,2,0.005000,0.000,0.020,153071265,376200,12,10731,10744,2,50,6,5781470,31054,5771715,1509,0.000000,0.026218,0.031506,44,0,3148.03,5778048,5777632,2931,33593,SUCCESS,8479,0,equal,184000512,97958880,0,487874688,,,,,1509,1276,used,,,,20260910-0005
2026-09-10 16:24:05,HAUSP-UB[noEUCS],KOSARAK,19,2,0.005000,0.000,0.020,161031299,396000,12,11330,11342,2,50,6,5779062,31477,5769320,1475,0.000000,0.026354,0.031645,44,0,3292.03,5775653,5775286,2905,33988,SUCCESS,8449,0,equal,189313024,103047712,0,519493504,,,,,1475,1293,used,,,,20260910-0005
2026-09-10 16:24:17,HAUSP-UB[noEUCS],KOSARAK,20,2,0.005000,0.000,0.020,169069315,415800,12,11893,11906,2,50,6,5797455,31855,5787738,1440,0.000000,0.026383,0.031654,44,0,3452.03,5794003,5793673,2840,34342,SUCCESS,8398,0,equal,196026368,108197696,0,548246400,,,,,1440,1319,used,,,,20260910-0005
2026-09-10 16:24:29,HAUSP-UB[noEUCS],KOSARAK,21,2,0.005000,0.000,0.020,177221178,435600,12,12399,12412,2,50,6,5712509,32191,5702893,1433,0.000000,0.026611,0.031954,44,0,3628.03,5709037,5708725,2798,34666,SUCCESS,8295,0,equal,204857344,113439392,0,582442880,,,,,1433,1321,used,,,,20260910-0005
2026-09-10 16:24:42,HAUSP-UB[noEUCS],KOSARAK,22,2,0.005000,0.000,0.020,185239060,455400,12,12941,12953,2,52,6,5654994,32598,5645375,1419,0.000000,0.026793,0.032119,44,0,3652.03,5651588,5651237,2825,35045,SUCCESS,8281,0,equal,174071808,118539520,0,617488768,,,,,1419,1338,used,,,,20260910-0005
2026-09-10 16:24:55,HAUSP-UB[noEUCS],KOSARAK,23,2,0.005000,0.000,0.020,192946792,475200,12,13087,13100,2,50,6,5375861,32888,5366531,1411,0.000000,0.027102,0.032567,44,0,3283.42,5372353,5372109,2690,35312,SUCCESS,7979,0,equal,219111424,123445952,0,644617600,,,,,1411,1351,used,,,,20260910-0005
2026-09-10 16:25:09,HAUSP-UB[noEUCS],KOSARAK,24,2,0.005000,0.000,0.020,200999571,495000,12,13801,13814,2,49,6,5332909,33195,5323519,1420,0.000000,0.027147,0.032593,44,0,3467.42,5329438,5329161,2700,35604,SUCCESS,8036,0,equal,224468992,128584928,0,673837056,,,,,1420,1354,used,,,,20260910-0005
2026-09-10 16:25:24,HAUSP-UB[noEUCS],KOSARAK,25,2,0.005000,0.000,0.020,208997420,514800,12,14521,14534,2,50,6,5372738,33480,5363293,1427,0.000000,0.027096,0.032448,44,0,3651.42,5369272,5368969,2711,35898,SUCCESS,8103,0,equal,227475456,133728576,0,705928192,,,,,1427,1342,used,,,,20260910-0005
2026-09-10 16:25:39,HAUSP-UB[noEUCS],KOSARAK,26,2,0.005000,0.000,0.020,216872125,534600,12,15168,15180,2,50,6,5336542,33786,5327082,1406,0.000000,0.027232,0.032566,44,0,3851.42,5333072,5332828,2661,36173,SUCCESS,8102,0,equal,233259008,138793408,0,735460736,,,,,1406,1358,used,,,,20260910-0005
2026-09-10 16:25:55,HAUSP-UB[noEUCS],KOSARAK,27,2,0.005000,0.000,0.020,224967137,554400,13,15717,15730,2,48,6,5309608,34042,5300151,1402,0.000000,0.027344,0.032665,44,0,3883.42,5306109,5305871,2624,36420,SUCCESS,8089,0,equal,209502208,143970208,0,762056064,,,,,1402,1368,used,,,,20260910-0005
2026-09-10 16:26:11,HAUSP-UB[noEUCS],KOSARAK,28,2,0.005000,0.000,0.020,233044603,574200,12,16139,16152,2,49,6,5264011,34319,5254685,1409,0.000000,0.027345,0.032736,44,0,3628.03,5260558,5260243,2692,36716,SUCCESS,7974,0,equal,240828416,149110464,0,795308416,,,,,1409,1352,used,,,,20260910-0005
2026-09-10 16:26:27,HAUSP-UB[noEUCS],KOSARAK,29,2,0.005000,0.000,0.020,240799749,594000,12,16416,16429,2,48,6,5126966,34588,5117783,1394,0.000000,0.027451,0.032961,44,0,3860.03,5123467,5123248,2615,36960,SUCCESS,7812,0,equal,248004608,154076512,0,825731968,,,,,1394,1371,used,,,,20260910-0005
2026-09-10 16:26:45,HAUSP-UB[noEUCS],KOSARAK,30,2,0.005000,0.000,0.020,248782700,613800,12,17725,17737,2,53,6,5441952,34818,5432506,1405,0.000000,0.027122,0.032558,44,0,4028.03,5438427,5438139,2659,37219,SUCCESS,8063,0,equal,239222784,159155040,0,853784064,,,,,1405,1383,used,,,,20260910-0005
2026-09-10 16:27:03,HAUSP-UB[noEUCS],KOSARAK,31,2,0.005000,0.000,0.020,256426803,633600,12,17994,18006,2,49,6,5322445,35118,5313050,1389,0.000000,0.027390,0.032763,44,0,3712.85,5318935,5318715,2620,37479,SUCCESS,7986,0,equal,253722624,164088064,0,883839104,,,,,1389,1409,used,,,,20260910-0005
2026-09-10 16:27:22,HAUSP-UB[noEUCS],KOSARAK,32,2,0.005000,0.000,0.020,264731241,653400,12,18530,18543,2,50,6,5383332,35509,5373970,1428,0.000000,0.027155,0.032628,44,0,3992.85,5379989,5379482,2867,37928,SUCCESS,7989,0,equal,252166144,169405472,0,934937344,,,,,1428,1373,used,,,,20260910-0005
2026-09-10 16:27:41,HAUSP-UB[noEUCS],KOSARAK,33,2,0.005000,0.000,0.020,272898221,673200,12,19805,19818,2,52,6,5644968,35726,5635357,1432,0.000000,0.027006,0.032317,44,0,4208.85,5641409,5641152,2675,38165,SUCCESS,8254,0,equal,249184256,174653152,0,964912640,,,,,1432,1357,used,,,,20260910-0005
2026-09-10 16:28:01,HAUSP-UB[noEUCS],KOSARAK,34,2,0.005000,0.000,0.020,280800610,693000,12,20062,20075,2,51,6,5517171,35976,5507719,1420,0.000000,0.027155,0.032596,44,0,3982.66,5513623,5513389,2672,38407,SUCCESS,8093,0,equal,269123584,179695136,0,993033728,,,,,1420,1359,used,,,,20260910-0005
2026-09-10 16:28:22,HAUSP-UB[noEUCS],KOSARAK,35,2,0.005000,0.000,0.020,288764180,712800,12,20628,20641,2,52,6,5431138,36230,5421731,1413,0.000000,0.027285,0.032744,44,0,4254.66,5427591,5427373,2648,38643,SUCCESS,8037,0,equal,271319040,184776416,0,1026626816,,,,,1413,1370,used,,,,20260910-0005
2026-09-10 16:28:44,HAUSP-UB[noEUCS],KOSARAK,36,2,0.005000,0.000,0.020,296745142,732600,12,21752,21764,2,53,6,5657197,36418,5647606,1406,0.000000,0.027096,0.032468,44,0,4286.66,5653591,5653379,2624,38843,SUCCESS,8210,0,equal,248217600,189891520,0,1053148800,,,,,1406,1381,used,,,,20260910-0005
2026-09-10 16:29:07,HAUSP-UB[noEUCS],KOSARAK,37,2,0.005000,0.000,0.020,304962127,752400,12,23214,23227,2,55,6,5877604,36619,5867816,1399,0.000000,0.026905,0.032140,44,0,4308.03,5874003,5873780,2647,39055,SUCCESS,8411,0,equal,281329664,195162784,0,1081282816,,,,,1399,1377,used,,,,20260910-0005
2026-09-10 16:29:32,HAUSP-UB[noEUCS],KOSARAK,38,2,0.005000,0.000,0.020,313322350,772200,12,24535,24548,2,59,7,6234483,36802,6224436,1421,0.000000,0.026569,0.031708,44,0,4340.03,6230864,6230561,2738,39298,SUCCESS,8681,0,equal,252461056,200500384,0,1114030720,,,,,1421,1366,used,,,,20260910-0005
2026-09-10 16:29:57,HAUSP-UB[noEUCS],KOSARAK,39,2,0.005000,0.000,0.020,321393622,792000,12,25622,25635,2,59,7,6348576,36992,6338364,1418,0.000000,0.026482,0.031520,44,0,4246.19,6344882,6344702,2675,39483,SUCCESS,8824,0,equal,290078720,205662048,0,1136403072,,,,,1418,1388,used,,,,20260910-0005
2026-09-10 16:30:24,HAUSP-UB[noEUCS],KOSARAK,40,2,0.005000,0.000,0.020,329566489,811800,12,26201,26214,2,59,7,6366936,37183,6356739,1408,0.000000,0.026521,0.031531,44,0,4455.19,6363251,6363060,2681,39674,SUCCESS,8812,0,equal,283131904,210878848,0,1161660416,,,,,1408,1385,used,,,,20260910-0005
2026-09-10 16:30:50,HAUSP-UB[noEUCS],KOSARAK,41,2,0.005000,0.000,0.020,337330782,831600,12,26666,26679,2,60,7,6237181,37391,6227101,1411,0.000000,0.026611,0.031695,44,0,4329.46,6233514,6233328,2676,39871,SUCCESS,8696,0,equal,293158912,215851360,0,1188481536,,,,,1411,1384,used,,,,20260910-0005
2026-09-10 16:31:17,HAUSP-UB[noEUCS],KOSARAK,42,2,0.005000,0.000,0.020,345287062,851400,12,27196,27209,2,59,7,6195043,37585,6184977,1396,0.000000,0.026684,0.031743,44,0,4334.59,6191353,6191195,2637,40047,SUCCESS,8662,0,equal,295469056,220927680,0,1211734272,,,,,1396,1404,used,,,,20260910-0005
2026-09-10 16:31:45,HAUSP-UB[noEUCS],KOSARAK,43,2,0.005000,0.000,0.020,353078000,871200,12,27254,27266,2,58,7,6080107,37789,6070180,1386,0.000000,0.026860,0.032012,44,0,4407.93,6076438,6076260,2639,40238,SUCCESS,8516,0,equal,272138240,225932192,0,1246156160,,,,,1386,1411,used,,,,20260910-0005
2026-09-10 16:32:13,HAUSP-UB[noEUCS],KOSARAK,44,2,0.005000,0.000,0.020,361065349,891000,12,27778,27791,2,58,7,6066396,37960,6056543,1391,0.000000,0.026823,0.031968,44,0,4370.07,6062718,6062525,2641,40420,SUCCESS,8453,0,equal,297369600,231070624,0,1271116672,,,,,1391,1400,used,,,,20260910-0005
2026-09-10 16:32:41,HAUSP-UB[noEUCS],KOSARAK,45,2,0.005000,0.000,0.020,369111695,910800,7,28459,28466,0,58,7,6062498,38136,6052597,1394,0.000000,0.026792,0.031938,44,0,4535.30,6058810,6058630,2639,40598,SUCCESS,8497,0,equal,300220416,236216704,0,1295797120,,,,,1394,1404,used,,,,20260910-0005
2026-09-10 16:33:10,HAUSP-UB[noEUCS],KOSARAK,46,2,0.005000,0.000,0.020,376961751,930600,12,28927,28939,2,56,7,6000863,38322,5991020,1386,0.000000,0.026841,0.032014,44,0,4574.45,5997182,5997024,2619,40770,SUCCESS,8438,0,equal,278953984,241241568,0,1321607040,,,,,1386,1405,used,,,,20260910-0005
2026-09-10 16:33:40,HAUSP-UB[noEUCS],KOSARAK,47,2,0.005000,0.000,0.020,385148600,950400,12,29728,29740,2,57,7,5999932,38534,5990093,1380,0.000000,0.026907,0.032084,44,0,4588.03,5996282,5996080,2649,40977,SUCCESS,8425,0,equal,274432000,246502720,0,1350112256,,,,,1380,1414,used,,,,20260910-0005
2026-09-10 16:34:10,HAUSP-UB[noEUCS],KOSARAK,48,2,0.005000,0.000,0.020,393197172,970200,12,30140,30153,2,57,7,5956708,38707,5946881,1379,0.000000,0.027004,0.032194,44,0,4593.24,5953019,5952870,2591,41138,SUCCESS,8408,0,equal,300728320,251665856,0,1371856512,,,,,1379,1419,used,,,,20260910-0005
2026-09-10 16:34:41,HAUSP-UB[noEUCS],KOSARAK,49,2,0.005000,0.000,0.020,400890653,990002,12,31069,31082,2,58,7,5996043,38834,5986189,1379,0.000000,0.027005,0.032215,44,0,4695.61,5992317,5992180,2567,41270,SUCCESS,8432,0,equal,292749312,256608480,0,1389681920,,,,,1379,1422,used,,,,20260910-0005
2026-09-10 16:34:44,HAUSP-UB[noEUCS],KOSARAK,0,0,0.005000,0.000,0.010,4044158,9900,6,245,251,1,23,5,2804563,7896,2795508,1212,0.000000,0.026997,0.032935,43,0,1966.37,2810926,2799170,11756,10044,SUCCESS,7522,0,equal,3212800,2579168,0,2467712,,,,,1212,1533,used,,,,20260910-0005
2026-09-10 16:34:44,HAUSP-UB[noEUCS],KOSARAK,1,0,0.005000,0.000,0.010,8034614,19800,3,386,389,0,20,4,2613785,11931,2606438,935,0.000000,0.030913,0.037250,43,0,1982.37,2614323,2610895,5140,13608,SUCCESS,5998,0,equal,6112256,5146496,0,7468544,,,,,935,1349,used,,,,20260910-0005
2026-09-10 16:34:45,HAUSP-UB[noEUCS],KOSARAK,2,0,0.005000,0.000,0.010,11960530,29700,6,615,622,1,26,5,3276254,14095,3268267,904,0.000000,0.029469,0.035276,42,0,2006.37,3275379,3273095,3860,15799,SUCCESS,6625,0,equal,8217600,7632416,0,15410176,,,,,904,1362,used,,,,20260910-0005
2026-09-10 16:34:45,HAUSP-UB[noEUCS],KOSARAK,3,0,0.005000,0.000,0.010,15903993,39600,7,865,872,1,29,5,3807593,15882,3799240,864,0.000000,0.028993,0.034519,45,0,2038.37,3806390,3804618,3441,17566,SUCCESS,7067,0,equal,12093440,10156800,0,25895168,,,,,864,1286,used,,,,20260910-0005
2026-09-10 16:34:46,HAUSP-UB[noEUCS],KOSARAK,4,0,0.005000,0.000,0.010,19781880,49500,7,969,976,1,26,4,3287040,17227,3279316,897,0.000000,0.030831,0.037117,45,0,2078.37,3285392,3284073,2993,18896,SUCCESS,6415,0,equal,15712256,12649856,0,37198720,,,,,897,1309,used,,,,20260910-0005
2026-09-10 16:34:48,HAUSP-UB[noEUCS],KOSARAK,5,0,0.005000,0.000,0.010,23575607,59400,7,1072,1079,1,23,4,2862919,18422,2855734,873,0.000000,0.032354,0.039015,45,0,2110.37,2861135,2860081,2717,20018,SUCCESS,5875,0,equal,18527232,15109536,0,49789696,,,,,873,1310,used,,,,20260910-0005
2026-09-10 16:34:49,HAUSP-UB[noEUCS],KOSARAK,6,0,0.005000,0.000,0.010,27578550,69300,7,1254,1262,1,24,4,3049006,19384,3041697,942,0.000000,0.031912,0.038652,44,0,2158.37,3046956,3045797,2754,21079,SUCCESS,5893,0,equal,22530048,17671200,0,63977216,,,,,942,1416,used,,,,20260910-0005
2026-09-10 16:34:50,HAUSP-UB[noEUCS],KOSARAK,7,0,0.005000,0.000,0.010,31656211,79200,7,1662,1670,1,29,5,3704898,20101,3696681,1070,0.000000,0.030317,0.036313,44,0,2206.37,3702418,3701367,2744,21974,SUCCESS,6715,0,equal,28615680,20293664,0,77707392,,,,,1070,1502,used,,,,20260910-0005
2026-09-10 16:34:52,HAUSP-UB[noEUCS],KOSARAK,8,0,0.005000,0.000,0.010,35735773,89100,7,1868,1876,1,30,5,3832160,20654,3823970,1194,0.000000,0.029447,0.035489,44,0,2254.37,3829359,3828475,2733,22716,SUCCESS,6709,0,equal,36843520,22900768,0,90278912,,,,,1194,1481,used,,,,20260910-0005
2026-09-10 16:34:54,HAUSP-UB[noEUCS],KOSARAK,9,0,0.005000,0.000,0.010,39698661,99000,7,2038,2046,1,30,5,3825418,21298,3817388,1250,0.000000,0.029165,0.035457,44,0,2294.37,3822563,3821789,2765,23433,SUCCESS,6593,0,equal,39233536,25427744,0,105674624,,,,,1250,1437,used,,,,20260910-0005
2026-09-10 16:34:57,HAUSP-UB[noEUCS],KOSARAK,10,0,0.005000,0.000,0.010,43613167,108900,7,2205,2213,1,30,5,3749004,21908,3741068,1277,0.000000,0.029188,0.035668,44,0,2358.37,3746074,3745332,2790,24068,SUCCESS,6531,0,equal,49399808,27963200,0,121685376,,,,,1277,1405,used,,,,20260910-0005
2026-09-10 16:34:59,HAUSP-UB[noEUCS],KOSARAK,11,0,0.005000,0.000,0.010,47551765,118800,7,2436,2444,1,30,5,3704807,22832,3696762,1291,0.000000,0.028976,0.035276,44,0,2422.37,3702166,3701266,3055,24979,SUCCESS,6640,0,equal,51687424,30484512,0,144315776,,,,,1291,1405,used,,,,20260910-0005
2026-09-10 16:35:02,HAUSP-UB[noEUCS],KOSARAK,12,0,0.005000,0.000,0.010,51453664,128700,7,3106,3114,1,37,6,4689140,23365,4679887,1281,0.000000,0.027823,0.033211,44,0,2478.37,4686060,4685492,2712,25529,SUCCESS,7787,0,equal,58884096,32991840,0,159120000,,,,,1281,1466,used,,,,20260910-0005
2026-09-10 16:35:05,HAUSP-UB[noEUCS],KOSARAK,13,0,0.005000,0.000,0.010,55402558,138600,7,3339,3347,1,37,6,4634796,23932,4625560,1237,0.000000,0.028151,0.033525,44,0,2534.37,4631703,4631243,2622,26042,SUCCESS,7740,0,equal,63005696,35523648,0,174326272,,,,,1237,1496,used,,,,20260910-0005
2026-09-10 16:35:09,HAUSP-UB[noEUCS],KOSARAK,14,0,0.005000,0.000,0.010,59353490,148500,7,3455,3462,1,36,5,4372252,24426,4363276,1237,0.000000,0.028449,0.033988,44,0,2598.37,4369143,4368663,2589,26529,SUCCESS,7483,0,equal,70684672,38034912,0,190015104,,,,,1237,1493,used,,,,20260910-0005
2026-09-10 16:35:13,HAUSP-UB[noEUCS],KOSARAK,15,0,0.005000,0.000,0.010,63415567,158400,7,3994,4001,1,40,6,4926033,24846,4916513,1221,0.000000,0.027648,0.032883,44,0,2662.37,4922829,4922349,2582,26979,SUCCESS,7999,0,equal,77062144,40586784,0,206027520,,,,,1221,1521,used,,,,20260910-0005
2026-09-10 16:35:17,HAUSP-UB[noEUCS],KOSARAK,16,0,0.005000,0.000,0.010,67435493,168300,7,4154,4162,1,38,6,4739105,25291,4729755,1181,0.000000,0.028068,0.033411,44,0,2726.37,4735854,4735521,2465,27368,SUCCESS,7787,0,equal,83617792,43156512,0,221560448,,,,,1181,1563,used,,,,20260910-0005
2026-09-10 16:35:22,HAUSP-UB[noEUCS],KOSARAK,17,0,0.005000,0.000,0.010,71572084,178200,8,4564,4572,1,41,6,4965601,25712,4955996,1318,0.000000,0.027390,0.032713,44,0,2806.37,4962433,4961700,2809,27945,SUCCESS,8093,0,equal,88481792,45823520,0,246422912,,,,,1318,1512,used,,,,20260910-0005
2026-09-10 16:35:26,HAUSP-UB[noEUCS],KOSARAK,18,0,0.005000,0.000,0.010,75501733,188100,7,4682,4690,1,39,6,4723632,26102,4714301,1297,0.000000,0.027587,0.033046,44,0,2878.37,4720263,4719965,2530,28289,SUCCESS,7805,0,equal,95674368,48327392,0,264437632,,,,,1297,1526,used,,,,20260910-0005
2026-09-10 16:35:31,HAUSP-UB[noEUCS],KOSARAK,19,0,0.005000,0.000,0.010,79636688,198000,8,4889,4897,1,39,6,4805348,26387,4796134,1393,0.000000,0.027392,0.033002,44,0,2958.37,4802026,4801473,2739,28708,SUCCESS,7794,0,equal,102719488,50955040,0,284720000,,,,,1393,1420,used,,,,20260910-0005
2026-09-10 16:35:36,HAUSP-UB[noEUCS],KOSARAK,20,0,0.005000,0.000,0.010,83482995,207900,7,4944,4952,1,38,5,4566252,26730,4557311,1379,0.000000,0.027722,0.033481,44,0,3030.37,4562848,4562565,2603,29021,SUCCESS,7515,0,equal,112009216,53421664,0,299430272,,,,,1379,1426,used,,,,20260910-0005
2026-09-10 16:35:42,HAUSP-UB[noEUCS],KOSARAK,21,0,0.005000,0.000,0.010,87802842,217800,4,5389,5393,0,40,6,4825169,27101,4815992,1372,0.000000,0.027642,0.033302,44,0,3118.37,4821794,4821419,2665,29394,SUCCESS,7722,0,equal,116621312,56156608,0,322450432,,,,,1372,1455,used,,,,20260910-0005
2026-09-10 16:35:47,HAUSP-UB[noEUCS],KOSARAK,22,0,0.005000,0.000,0.010,91940577,227700,8,5634,5642,1,40,6,4862294,27371,4853189,1402,0.000000,0.027352,0.033062,44,0,3198.37,4858874,4858484,2682,29724,SUCCESS,7708,0,equal,125591552,58813216,0,340128768,,,,,1402,1397,used,,,,20260910-0005
2026-09-10 16:35:53,HAUSP-UB[noEUCS],KOSARAK,23,0,0.005000,0.000,0.010,95957020,237600,8,5853,5861,1,39,6,4789110,27688,4780035,1391,0.000000,0.027505,0.033217,44,0,3278.37,4785671,4785406,2617,30015,SUCCESS,7672,0,equal,131274752,61399616,0,357387776,,,,,1391,1403,used,,,,20260910-0005
2026-09-10 16:35:59,HAUSP-UB[noEUCS],KOSARAK,24,0,0.005000,0.000,0.010,100069512,247500,8,6104,6113,1,40,6,4785467,28169,4776405,1380,0.000000,0.027507,0.033165,44,0,3374.37,4782206,4781727,2805,30495,SUCCESS,7647,0,equal,131756032,64022912,0,386146560,,,,,1380,1415,used,,,,20260910-0005
2026-09-10 16:36:07,HAUSP-UB[noEUCS],KOSARAK,25,0,0.005000,0.000,0.010,104243105,257400,8,7466,7474,1,49,7,6039015,28333,6028751,1459,0.000000,0.026156,0.031253,44,0,3470.37,6035496,6035048,2773,30801,SUCCESS,8907,0,equal,143237120,66682304,0,404359936,,,,,1459,1357,used,,,,20260910-0005
2026-09-10 16:36:14,HAUSP-UB[noEUCS],KOSARAK,26,0,0.005000,0.000,0.010,108349702,267300,8,7576,7584,1,49,6,5858035,28654,5847976,1449,0.000000,0.026362,0.031533,44,0,3566.37,5854510,5854219,2758,31107,SUCCESS,8681,0,equal,150730752,69328736,0,422691840,,,,,1449,1378,used,,,,20260910-0005
2026-09-10 16:36:22,HAUSP-UB[noEUCS],KOSARAK,27,0,0.005000,0.000,0.010,112354095,277200,8,7711,7719,1,48,6,5760782,28918,5750882,1476,0.000000,0.026436,0.031698,44,0,3662.37,5757242,5756914,2780,31403,SUCCESS,8549,0,equal,160186368,71886912,0,441508352,,,,,1476,1351,used,,,,20260910-0005
2026-09-10 16:36:30,HAUSP-UB[noEUCS],KOSARAK,28,0,0.005000,0.000,0.010,116384786,287100,8,8022,8030,1,48,6,5737767,29191,5727911,1472,0.000000,0.026324,0.031565,44,0,3766.37,5734215,5733956,2743,31669,SUCCESS,8516,0,equal,167972864,74475616,0,460280448,,,,,1472,1340,used,,,,20260910-0005
2026-09-10 16:36:38,HAUSP-UB[noEUCS],KOSARAK,29,0,0.005000,0.000,0.010,120246165,297000,8,8186,8194,1,46,6,5471980,29468,5462335,1454,0.000000,0.026625,0.032003,44,0,3782.37,5468421,5468206,2692,31915,SUCCESS,8287,0,equal,152264704,76944640,0,479088256,,,,,1454,1358,used,,,,20260910-0005
2026-09-10 16:36:47,HAUSP-UB[noEUCS],KOSARAK,30,0,0.005000,0.000,0.010,124556182,306900,8,8944,8952,1,50,6,5929620,29700,5919514,1468,0.000000,0.026008,0.031125,44,0,2862.37,5926038,5925750,2734,32175,SUCCESS,8739,0,equal,179929088,79689248,0,499216256,,,,,1468,1367,used,,,,20260910-0005
2026-09-10 16:36:57,HAUSP-UB[noEUCS],KOSARAK,31,0,0.005000,0.000,0.010,128622472,316800,8,9261,9269,1,50,6,5929876,29885,5919780,1480,0.000000,0.026067,0.031212,44,0,2966.37,5926232,5926021,2685,32373,SUCCESS,8742,0,equal,187977728,82309568,0,515771776,,,,,1480,1354,used,,,,20260910-0005
2026-09-10 16:37:06,HAUSP-UB[noEUCS],KOSARAK,32,0,0.005000,0.000,0.010,132514145,326700,7,9441,9449,1,50,6,5830538,30094,5820578,1463,0.000000,0.026229,0.031423,44,0,3070.37,5826896,5826725,2658,32563,SUCCESS,8597,0,equal,195584000,84817696,0,531184896,,,,,1463,1363,used,,,,20260910-0005
2026-09-10 16:37:16,HAUSP-UB[noEUCS],KOSARAK,33,0,0.005000,0.000,0.010,136689971,336600,8,9608,9616,1,50,6,5817170,30239,5807373,1505,0.000000,0.026155,0.031493,44,0,3174.37,5813558,5813273,2753,32778,SUCCESS,8509,0,equal,201932800,87501984,0,550791168,,,,,1505,1288,used,,,,20260910-0005
2026-09-10 16:37:25,HAUSP-UB[noEUCS],KOSARAK,34,0,0.005000,0.000,0.010,140564066,346500,6,9835,9841,1,50,6,5753303,30480,5743570,1495,0.000000,0.026208,0.031544,44,0,3286.37,5749718,5749501,2755,33007,SUCCESS,8446,0,equal,208113664,89961568,0,569083648,,,,,1495,1287,used,,,,20260910-0005
2026-09-10 16:37:36,HAUSP-UB[noEUCS],KOSARAK,35,0,0.005000,0.000,0.010,144677301,356400,8,10202,10210,1,50,6,5748386,30684,5738616,1499,0.000000,0.026231,0.031522,44,0,3398.37,5744755,5744573,2708,33200,SUCCESS,8462,0,equal,214093824,92593216,0,586723840,,,,,1499,1308,used,,,,20260910-0005
2026-09-10 16:37:46,HAUSP-UB[noEUCS],KOSARAK,36,0,0.005000,0.000,0.010,148735452,366300,8,10473,10481,1,50,6,5737902,30855,5728152,1515,0.000000,0.026262,0.031590,44,0,3510.37,5734273,5734064,2724,33390,SUCCESS,8466,0,equal,218738688,95194048,0,606929024,,,,,1515,1284,used,,,,20260910-0005
2026-09-10 16:37:57,HAUSP-UB[noEUCS],KOSARAK,37,0,0.005000,0.000,0.010,153071265,376200,8,10865,10874,1,51,7,5781470,31054,5771715,1509,0.000000,0.026218,0.031506,44,0,3622.37,5777858,5777651,2741,33593,SUCCESS,8479,0,equal,223733760,97958880,0,626450688,,,,,1509,1276,used,,,,20260910-0005
2026-09-10 16:38:08,HAUSP-UB[noEUCS],KOSARAK,38,0,0.005000,0.000,0.010,157100611,386100,8,10978,10986,1,51,6,5708906,31289,5699305,1479,0.000000,0.026403,0.031783,44,0,3750.37,5705321,5705122,2737,33810,SUCCESS,8320,0,equal,228401152,100529888,0,647486336,,,,,1479,1281,used,,,,20260910-0005
2026-09-10 16:38:19,HAUSP-UB[noEUCS],KOSARAK,39,0,0.005000,0.000,0.010,161031299,396000,8,11464,11472,1,51,6,5779062,31477,5769320,1475,0.000000,0.026354,0.031645,44,0,3862.37,5775436,5775268,2688,33988,SUCCESS,8449,0,equal,233943040,103047712,0,663505152,,,,,1475,1293,used,,,,20260910-0005
2026-09-10 16:38:31,HAUSP-UB[noEUCS],KOSARAK,40,0,0.005000,0.000,0.010,164887170,405900,7,11447,11455,1,51,6,5664960,31662,5655389,1453,0.000000,0.026476,0.031872,44,0,3886.37,5661311,5661180,2641,34146,SUCCESS,8248,0,equal,221437952,105530272,0,679005696,,,,,1453,1323,used,,,,20260910-0005
2026-09-10 16:38:43,HAUSP-UB[noEUCS],KOSARAK,41,0,0.005000,0.000,0.010,169069315,415800,8,12094,12103,1,53,6,5797455,31855,5787738,1440,0.000000,0.026383,0.031654,44,0,3206.37,5793845,5793646,2682,34342,SUCCESS,8398,0,equal,241459200,108197696,0,698437248,,,,,1440,1319,used,,,,20260910-0005
2026-09-10 16:38:55,HAUSP-UB[noEUCS],KOSARAK,42,0,0.005000,0.000,0.010,172991410,425700,7,12369,12377,1,53,6,5735237,32032,5725589,1417,0.000000,0.026585,0.031895,44,0,3334.37,5731592,5731473,2605,34490,SUCCESS,8313,0,equal,245972992,110721280,0,714831232,,,,,1417,1335,used,,,,20260910-0005
2026-09-10 16:39:08,HAUSP-UB[noEUCS],KOSARAK,43,0,0.005000,0.000,0.010,177221178,435600,8,12670,12679,1,53,6,5712509,32191,5702893,1433,0.000000,0.026611,0.031954,44,0,3470.37,5708889,5708696,2650,34666,SUCCESS,8295,0,equal,247988224,113439392,0,736991232,,,,,1433,1321,used,,,,20260910-0005
2026-09-10 16:39:21,HAUSP-UB[noEUCS],KOSARAK,44,0,0.005000,0.000,0.010,181220777,445500,8,13033,13042,1,53,6,5698674,32368,5689038,1429,0.000000,0.026748,0.032091,44,0,3598.37,5695049,5694900,2623,34829,SUCCESS,8309,0,equal,251265024,115980992,0,754178048,,,,,1429,1327,used,,,,20260910-0005
2026-09-10 16:39:35,HAUSP-UB[noEUCS],KOSARAK,45,0,0.005000,0.000,0.010,185239060,455400,8,13335,13343,1,53,6,5654994,32598,5645375,1419,0.000000,0.026793,0.032119,44,0,3742.37,5651425,5651223,2662,35045,SUCCESS,8281,0,equal,249888768,118539520,0,778239872,,,,,1419,1338,used,,,,20260910-0005
2026-09-10 16:39:48,HAUSP-UB[noEUCS],KOSARAK,46,0,0.005000,0.000,0.010,189283238,465300,8,13481,13490,1,52,6,5573830,32730,5564312,1427,0.000000,0.026895,0.032221,44,0,3886.37,5570181,5570041,2586,35181,SUCCESS,8184,0,equal,255868928,121110912,0,794787200,,,,,1427,1334,used,,,,20260910-0005
2026-09-10 16:40:01,HAUSP-UB[noEUCS],KOSARAK,47,0,0.005000,0.000,0.010,192946792,475200,7,13425,13433,1,51,6,5375861,32888,5366531,1411,0.000000,0.027102,0.032567,44,0,4022.37,5372217,5372113,2554,35312,SUCCESS,7979,0,equal,259309568,123445952,0,809717760,,,,,1411,1351,used,,,,20260910-0005
2026-09-10 16:40:15,HAUSP-UB[noEUCS],KOSARAK,48,0,0.005000,0.000,0.010,196946992,485100,8,13661,13669,1,49,6,5322278,33067,5312915,1404,0.000000,0.027169,0.032582,44,0,4046.37,5318666,5318529,2560,35470,SUCCESS,7996,0,equal,242450432,125997408,0,827922048,,,,,1404,1367,used,,,,20260910-0005
2026-09-10 16:40:29,HAUSP-UB[noEUCS],KOSARAK,49,0,0.005000,0.000,0.010,200999571,495000,8,14056,14064,1,50,6,5332909,33195,5323519,1420,0.000000,0.027147,0.032593,44,0,3547.22,5329280,5329140,2542,35604,SUCCESS,8036,0,equal,259699712,128584928,0,842819200,,,,,1420,1354,used,,,,20260910-0005
2026-09-10 16:40:44,HAUSP-UB[noEUCS],KOSARAK,50,0,0.005000,0.000,0.010,204950457,504900,8,14332,14340,1,49,6,5313324,33358,5303971,1420,0.000000,0.027168,0.032594,44,0,3699.22,5309726,5309561,2573,35768,SUCCESS,8001,0,equal,259606528,131118176,0,862820224,,,,,1420,1352,used,,,,20260910-0005
2026-09-10 16:40:58,HAUSP-UB[noEUCS],KOSARAK,51,0,0.005000,0.000,0.010,208997420,514800,8,14837,14845,1,50,6,5372738,33480,5363293,1427,0.000000,0.027096,0.032448,44,0,3859.22,5369108,5368970,2547,35898,SUCCESS,8103,0,equal,264855552,133728576,0,878514304,,,,,1427,1342,used,,,,20260910-0005
2026-09-10 16:41:14,HAUSP-UB[noEUCS],KOSARAK,52,0,0.005000,0.000,0.010,212868630,524700,8,15141,15149,1,50,6,5329884,33642,5320465,1413,0.000000,0.027164,0.032577,44,0,4011.22,5326278,5326146,2549,36045,SUCCESS,8069,0,equal,263766016,136224128,0,896113792,,,,,1413,1350,used,,,,20260910-0005
2026-09-10 16:41:29,HAUSP-UB[noEUCS],KOSARAK,53,0,0.005000,0.000,0.010,216872125,534600,8,15543,15551,1,50,6,5336542,33786,5327082,1406,0.000000,0.027232,0.032566,44,0,4171.22,5332925,5332813,2514,36173,SUCCESS,8102,0,equal,265723904,138793408,0,912041600,,,,,1406,1358,used,,,,20260910-0005
2026-09-10 16:41:45,HAUSP-UB[noEUCS],KOSARAK,54,0,0.005000,0.000,0.010,220994650,544500,8,15912,15921,1,50,6,5360423,33909,5350919,1400,0.000000,0.027251,0.032547,44,0,4227.22,5356789,5356680,2495,36289,SUCCESS,8134,0,equal,260128768,141401344,0,925688064,,,,,1400,1370,used,,,,20260910-0005
2026-09-10 16:42:01,HAUSP-UB[noEUCS],KOSARAK,55,0,0.005000,0.000,0.010,224967137,554400,8,16062,16071,1,50,6,5309608,34042,5300151,1402,0.000000,0.027344,0.032665,44,0,3816.30,5305993,5305864,2508,36420,SUCCESS,8089,0,equal,270172160,143970208,0,941520640,,,,,1402,1368,used,,,,20260910-0005
2026-09-10 16:42:17,HAUSP-UB[noEUCS],KOSARAK,56,0,0.005000,0.000,0.010,229004936,564300,8,16385,16394,1,50,6,5328832,34211,5319398,1410,0.000000,0.027280,0.032617,44,0,3992.30,5325265,5325062,2580,36606,SUCCESS,8076,0,equal,265965568,146523904,0,964324096,,,,,1410,1358,used,,,,20260910-0005
2026-09-10 16:42:34,HAUSP-UB[noEUCS],KOSARAK,57,0,0.005000,0.000,0.010,233044603,574200,8,16409,16417,1,49,6,5264011,34319,5254685,1409,0.000000,0.027345,0.032736,44,0,4176.30,5260372,5260260,2506,36716,SUCCESS,7974,0,equal,273121280,149110464,0,977151744,,,,,1409,1352,used,,,,20260910-0005
2026-09-10 16:42:50,HAUSP-UB[noEUCS],KOSARAK,58,0,0.005000,0.000,0.010,236884744,584100,8,16500,16509,1,49,6,5186857,34466,5177586,1393,0.000000,0.027416,0.032847,44,0,4232.30,5183239,5183136,2499,36841,SUCCESS,7903,0,equal,262701056,151563552,0,996232576,,,,,1393,1368,used,,,,20260910-0005
2026-09-10 16:43:07,HAUSP-UB[noEUCS],KOSARAK,59,0,0.005000,0.000,0.010,240799749,594000,8,16595,16603,1,48,6,5126966,34588,5117783,1394,0.000000,0.027451,0.032961,44,0,3931.22,5123342,5123226,2490,36960,SUCCESS,7812,0,equal,276086784,154076512,0,1011205120,,,,,1394,1371,used,,,,20260910-0005
2026-09-10 16:43:24,HAUSP-UB[noEUCS],KOSARAK,60,0,0.005000,0.000,0.010,244694724,603900,8,16817,16825,1,48,6,5036285,34728,5027150,1395,0.000000,0.027627,0.033168,44,0,4115.22,5032661,5032561,2471,37080,SUCCESS,7743,0,equal,278069248,156552320,0,1026281728,,,,,1395,1392,used,,,,20260910-0005
2026-09-10 16:43:42,HAUSP-UB[noEUCS],KOSARAK,61,0,0.005000,0.000,0.010,248782700,613800,8,17765,17774,1,50,6,5441952,34818,5432506,1405,0.000000,0.027122,0.032558,44,0,4243.22,5438307,5438119,2539,37219,SUCCESS,8063,0,equal,268894208,159155040,0,1042948096,,,,,1405,1383,used,,,,20260910-0005
2026-09-10 16:44:00,HAUSP-UB[noEUCS],KOSARAK,62,0,0.005000,0.000,0.010,252643259,623700,8,18057,18066,1,51,6,5392359,34964,5382909,1396,0.000000,0.027242,0.032581,44,0,4011.22,5388700,5388602,2498,37341,SUCCESS,8046,0,equal,280150016,161645568,0,1058019072,,,,,1396,1404,used,,,,20260910-0005
2026-09-10 16:44:18,HAUSP-UB[noEUCS],KOSARAK,63,0,0.005000,0.000,0.010,256426803,633600,8,18269,18277,1,50,6,5322445,35118,5313050,1389,0.000000,0.027390,0.032763,44,0,4203.22,5318813,5318691,2498,37479,SUCCESS,7986,0,equal,278790144,164088064,0,1075671680,,,,,1389,1409,used,,,,20260910-0005
2026-09-10 16:44:37,HAUSP-UB[noEUCS],KOSARAK,64,0,0.005000,0.000,0.010,260563097,643500,8,18680,18688,1,51,6,5310386,35255,5300970,1390,0.000000,0.027357,0.032782,44,0,4227.22,5306745,5306606,2499,37617,SUCCESS,7999,0,equal,262619136,166737568,0,1093098240,,,,,1390,1417,used,,,,20260910-0005
2026-09-10 16:44:55,HAUSP-UB[noEUCS],KOSARAK,65,0,0.005000,0.000,0.010,264731241,653400,8,18749,18758,1,51,6,5383332,35509,5373970,1428,0.000000,0.027155,0.032628,44,0,4250.24,5379851,5379483,2729,37928,SUCCESS,7989,0,equal,269828096,169405472,0,1131388416,,,,,1428,1373,used,,,,20260910-0005
2026-09-10 16:45:15,HAUSP-UB[noEUCS],KOSARAK,66,0,0.005000,0.000,0.010,268905883,663300,9,19262,19271,1,51,6,5484858,35616,5475395,1419,0.000000,0.027115,0.032528,44,0,4274.24,5481170,5481061,2527,38036,SUCCESS,8087,0,equal,257228800,172098720,0,1147569280,,,,,1419,1376,used,,,,20260910-0005
2026-09-10 16:45:35,HAUSP-UB[noEUCS],KOSARAK,67,0,0.005000,0.000,0.010,272898221,673200,8,20073,20081,1,53,6,5644968,35726,5635357,1432,0.000000,0.027006,0.032317,44,0,4388.37,5641301,5641153,2567,38165,SUCCESS,8254,0,equal,285622272,174653152,0,1164662656,,,,,1432,1357,used,,,,20260910-0005
2026-09-10 16:45:55,HAUSP-UB[noEUCS],KOSARAK,68,0,0.005000,0.000,0.010,276941807,683100,8,20025,20034,1,52,6,5615625,35868,5606090,1433,0.000000,0.027025,0.032405,44,0,4412.19,5611983,5611825,2596,38315,SUCCESS,8190,0,equal,267927552,177238720,0,1183419904,,,,,1433,1345,used,,,,20260910-0005
2026-09-10 16:46:15,HAUSP-UB[noEUCS],KOSARAK,69,0,0.005000,0.000,0.010,280800610,693000,8,20139,20148,1,52,6,5517171,35976,5507719,1420,0.000000,0.027155,0.032596,44,0,4389.15,5513473,5513397,2522,38407,SUCCESS,8093,0,equal,293814272,179695136,0,1195839360,,,,,1420,1359,used,,,,20260910-0005
2026-09-10 16:46:36,HAUSP-UB[noEUCS],KOSARAK,70,0,0.005000,0.000,0.010,284753093,702900,9,20603,20612,1,53,6,5496768,36116,5487291,1426,0.000000,0.027178,0.032604,44,0,4294.97,5493116,5492986,2560,38542,SUCCESS,8116,0,equal,292765696,182223104,0,1213820544,,,,,1426,1361,used,,,,20260910-0005
2026-09-10 16:46:56,HAUSP-UB[noEUCS],KOSARAK,71,0,0.005000,0.000,0.010,288764180,712800,8,20641,20650,1,51,6,5431138,36230,5421731,1413,0.000000,0.027285,0.032744,44,0,4325.69,5427456,5427368,2513,38643,SUCCESS,8037,0,equal,280936448,184776416,0,1231093888,,,,,1413,1370,used,,,,20260910-0005
2026-09-10 16:47:17,HAUSP-UB[noEUCS],KOSARAK,72,0,0.005000,0.000,0.010,292740528,722700,8,21076,21085,1,51,6,5491680,36315,5482240,1416,0.000000,0.027166,0.032611,44,0,4468.01,5487986,5487881,2517,38738,SUCCESS,8074,0,equal,291569664,187333376,0,1243841664,,,,,1416,1366,used,,,,20260910-0005
2026-09-10 16:47:39,HAUSP-UB[noEUCS],KOSARAK,73,0,0.005000,0.000,0.010,296745142,732600,8,21776,21784,1,53,7,5657197,36418,5647606,1406,0.000000,0.027096,0.032468,44,0,4324.04,5653496,5653389,2529,38843,SUCCESS,8210,0,equal,297713664,189891520,0,1259245440,,,,,1406,1381,used,,,,20260910-0005
2026-09-10 16:48:02,HAUSP-UB[noEUCS],KOSARAK,74,0,0.005000,0.000,0.010,301000437,742500,9,22680,22689,1,56,7,5816374,36523,5806663,1399,0.000000,0.026992,0.032272,44,0,4352.47,5812672,5812553,2543,38955,SUCCESS,8329,0,equal,283590656,192603392,0,1274953088,,,,,1399,1382,used,,,,20260910-0005
2026-09-10 16:48:25,HAUSP-UB[noEUCS],KOSARAK,75,0,0.005000,0.000,0.010,304962127,752400,8,23175,23184,1,55,7,5877604,36619,5867816,1399,0.000000,0.026905,0.032140,44,0,4505.31,5873891,5873787,2535,39055,SUCCESS,8411,0,equal,301400064,195162784,0,1290096512,,,,,1399,1377,used,,,,20260910-0005
2026-09-10 16:48:49,HAUSP-UB[noEUCS],KOSARAK,76,0,0.005000,0.000,0.010,309230457,762300,9,23469,23479,1,56,7,5908039,36720,5898246,1400,0.000000,0.026859,0.032091,44,0,4513.50,5904328,5904205,2558,39167,SUCCESS,8417,0,equal,302186496,197893216,0,1306441984,,,,,1400,1376,used,,,,20260910-0005
2026-09-10 16:49:13,HAUSP-UB[noEUCS],KOSARAK,77,0,0.005000,0.000,0.010,313322350,772200,4,24501,24505,0,58,7,6234483,36802,6224436,1421,0.000000,0.026569,0.031708,44,0,4538.46,6230752,6230572,2626,39298,SUCCESS,8681,0,equal,285900800,200500384,0,1324229760,,,,,1421,1366,used,,,,20260910-0005
2026-09-10 16:49:38,HAUSP-UB[noEUCS],KOSARAK,78,0,0.005000,0.000,0.010,317322699,782100,8,25020,25029,1,59,7,6244917,36906,6234860,1411,0.000000,0.026566,0.031683,44,0,4455.67,6241145,6241053,2587,39396,SUCCESS,8677,0,equal,305922048,203057472,0,1336869504,,,,,1411,1380,used,,,,20260910-0005
2026-09-10 16:50:04,HAUSP-UB[noEUCS],KOSARAK,79,0,0.005000,0.000,0.010,321393622,792000,9,25692,25701,1,59,7,6348576,36992,6338364,1418,0.000000,0.026482,0.031520,44,0,4474.61,6344784,6344696,2577,39483,SUCCESS,8824,0,equal,307019776,205662048,0,1348279680,,,,,1418,1388,used,,,,20260910-0005
2026-09-10 16:50:30,HAUSP-UB[noEUCS],KOSARAK,80,0,0.005000,0.000,0.010,325512791,801900,8,26297,26306,1,60,7,6446035,37063,6435779,1424,0.000000,0.026399,0.031414,44,0,4514.42,6442242,6442123,2609,39578,SUCCESS,8883,0,equal,310370304,208300800,0,1360805760,,,,,1424,1373,used,,,,20260910-0005
2026-09-10 16:50:57,HAUSP-UB[noEUCS],KOSARAK,81,0,0.005000,0.000,0.010,329566489,811800,8,26632,26641,1,61,7,6366936,37183,6356739,1408,0.000000,0.026521,0.031531,44,0,4551.86,6363156,6363084,2586,39674,SUCCESS,8812,0,equal,312164352,210878848,0,1374918912,,,,,1408,1385,used,,,,20260910-0005
2026-09-10 16:51:23,HAUSP-UB[noEUCS],KOSARAK,82,0,0.005000,0.000,0.010,333411839,821700,5,26620,26625,0,59,7,6312090,37283,6301937,1417,0.000000,0.026505,0.031543,44,0,4377.78,6308320,6308214,2596,39777,SUCCESS,8774,0,equal,298893312,213346752,0,1389066112,,,,,1417,1379,used,,,,20260910-0005
2026-09-10 16:51:50,HAUSP-UB[noEUCS],KOSARAK,83,0,0.005000,0.000,0.010,337330782,831600,8,26713,26722,1,58,7,6237181,37391,6227101,1411,0.000000,0.026611,0.031695,44,0,4591.72,6233411,6233331,2573,39871,SUCCESS,8696,0,equal,311803904,215851360,0,1403194752,,,,,1411,1384,used,,,,20260910-0005
2026-09-10 16:52:17,HAUSP-UB[noEUCS],KOSARAK,84,0,0.005000,0.000,0.010,341236853,841500,8,27211,27219,1,60,7,6215230,37479,6205160,1411,0.000000,0.026665,0.031724,44,0,4627.13,6211455,6211377,2557,39954,SUCCESS,8687,0,equal,311787520,218343232,0,1414709120,,,,,1411,1383,used,,,,20260910-0005
2026-09-10 16:52:45,HAUSP-UB[noEUCS],KOSARAK,85,0,0.005000,0.000,0.010,345287062,851400,8,27315,27324,1,58,7,6195043,37585,6184977,1396,0.000000,0.026684,0.031743,44,0,4660.42,6191270,6191190,2554,40047,SUCCESS,8662,0,equal,308412416,220927680,0,1427888256,,,,,1396,1404,used,,,,20260910-0005
2026-09-10 16:53:12,HAUSP-UB[noEUCS],KOSARAK,86,0,0.005000,0.000,0.010,349225914,861300,8,27643,27651,1,60,7,6167647,37699,6157661,1378,0.000000,0.026774,0.031876,44,0,4607.00,6163891,6163795,2557,40152,SUCCESS,8578,0,equal,305463296,223445760,0,1442618368,,,,,1378,1408,used,,,,20260910-0005
2026-09-10 16:53:40,HAUSP-UB[noEUCS],KOSARAK,87,0,0.005000,0.000,0.010,353078000,871200,8,27650,27659,1,58,7,6080107,37789,6070180,1386,0.000000,0.026860,0.032012,44,0,4660.39,6076333,6076251,2534,40238,SUCCESS,8516,0,equal,309985280,225932192,0,1463017728,,,,,1386,1411,used,,,,20260910-0005
2026-09-10 16:54:08,HAUSP-UB[noEUCS],KOSARAK,88,0,0.005000,0.000,0.010,357017428,881100,8,27629,27638,1,57,7,6037496,37880,6027670,1371,0.000000,0.026917,0.032072,44,0,4651.95,6033724,6033651,2521,40320,SUCCESS,8412,0,equal,298303488,228470176,0,1474329984,,,,,1371,1414,used,,,,20260910-0005
2026-09-10 16:54:36,HAUSP-UB[noEUCS],KOSARAK,89,0,0.005000,0.000,0.010,361065349,891000,8,28181,28190,1,58,7,6066396,37960,6056543,1391,0.000000,0.026823,0.031968,44,0,4757.67,6062636,6062516,2559,40420,SUCCESS,8453,0,equal,327581696,231070624,0,1488281344,,,,,1391,1400,used,,,,20260910-0005
2026-09-10 16:55:04,HAUSP-UB[noEUCS],KOSARAK,90,0,0.005000,0.000,0.010,365088926,900900,4,28202,28206,0,58,7,6022789,38057,6013002,1392,0.000000,0.026859,0.032047,44,0,4825.78,6019031,6018926,2564,40521,SUCCESS,8392,0,equal,308387840,233637920,0,1503131264,,,,,1392,1395,used,,,,20260910-0005
2026-09-10 16:55:33,HAUSP-UB[noEUCS],KOSARAK,91,0,0.005000,0.000,0.010,369111695,910800,8,29026,29034,1,58,7,6062498,38136,6052597,1394,0.000000,0.026792,0.031938,44,0,4861.06,6058709,6058634,2538,40598,SUCCESS,8497,0,equal,300269568,236216704,0,1513844864,,,,,1394,1404,used,,,,20260910-0005
2026-09-10 16:56:03,HAUSP-UB[noEUCS],KOSARAK,92,0,0.005000,0.000,0.010,373087521,920700,8,29411,29420,1,59,7,6036445,38216,6026583,1387,0.000000,0.026804,0.031962,44,0,4928.95,6032664,6032596,2529,40672,SUCCESS,8463,0,equal,312967168,238766880,0,1524746624,,,,,1387,1399,used,,,,20260910-0005
2026-09-10 16:56:32,HAUSP-UB[noEUCS],KOSARAK,93,0,0.005000,0.000,0.010,376961751,930600,4,29360,29365,0,58,7,6000863,38322,5991020,1386,0.000000,0.026841,0.032014,44,0,4725.50,5997108,5997018,2545,40770,SUCCESS,8438,0,equal,300220416,241241568,0,1540656256,,,,,1386,1405,used,,,,20260910-0005
2026-09-10 16:57:02,HAUSP-UB[noEUCS],KOSARAK,94,0,0.005000,0.000,0.010,381094321,940500,8,29892,29901,1,58,7,6039340,38412,6029487,1378,0.000000,0.026886,0.032052,44,0,4931.44,6035571,6035489,2529,40856,SUCCESS,8442,0,equal,310509568,243903200,0,1553413632,,,,,1378,1411,used,,,,20260910-0005
2026-09-10 16:57:32,HAUSP-UB[noEUCS],KOSARAK,95,0,0.005000,0.000,0.010,385148600,950400,8,30460,30469,1,59,7,5999932,38534,5990093,1380,0.000000,0.026907,0.032084,44,0,4963.44,5996196,5996076,2563,40977,SUCCESS,8425,0,equal,295305216,246502720,0,1569784832,,,,,1380,1414,used,,,,20260910-0005
2026-09-10 16:58:03,HAUSP-UB[noEUCS],KOSARAK,96,0,0.005000,0.000,0.010,389141379,960300,8,30242,30250,1,57,7,5925676,38622,5915871,1383,0.000000,0.026960,0.032159,44,0,4991.14,5921905,5921833,2514,41057,SUCCESS,8389,0,equal,303726592,249088704,0,1581576576,,,,,1383,1416,used,,,,20260910-0005
2026-09-10 16:58:34,HAUSP-UB[noEUCS],KOSARAK,97,0,0.005000,0.000,0.010,393197172,970200,8,30731,30740,1,58,7,5956708,38707,5946881,1379,0.000000,0.027004,0.032194,44,0,4988.28,5952939,5952862,2511,41138,SUCCESS,8408,0,equal,308248576,251665856,0,1593354880,,,,,1379,1419,used,,,,20260910-0005
2026-09-10 16:59:05,HAUSP-UB[noEUCS],KOSARAK,98,0,0.005000,0.000,0.010,397135261,980100,5,31528,31533,0,59,7,6062425,38765,6052516,1380,0.000000,0.026942,0.032112,44,0,4988.39,6058631,6058555,2506,41205,SUCCESS,8488,0,equal,310411264,254188640,0,1602839552,,,,,1380,1421,used,,,,20260910-0005
2026-09-10 16:59:36,HAUSP-UB[noEUCS],KOSARAK,99,0,0.005000,0.000,0.010,400890653,990002,7,31358,31366,0,58,7,5996043,38834,5986189,1379,0.000000,0.027005,0.032215,44,0,4822.36,5992250,5992189,2500,41270,SUCCESS,8432,0,equal,302317568,256608480,0,1611991680,,,,,1379,1422,used,,,,20260910-0005
2026-09-10 16:59:38,HAUSP-UB[noEUCS],KOSARAK,0,1,0.005000,0.000,0.010,4044158,9900,6,245,251,1,22,5,2804563,7896,2795508,1212,0.000000,0.026997,0.032935,43,0,1958.37,2810926,2799170,11756,10044,SUCCESS,7522,0,equal,3212800,2579168,0,2467712,,,,,1212,1533,used,,,,20260910-0005
2026-09-10 16:59:38,HAUSP-UB[noEUCS],KOSARAK,1,1,0.005000,0.000,0.010,8034614,19800,3,396,400,0,21,4,2613785,11931,2606438,935,0.000000,0.030913,0.037250,43,0,1974.37,2614323,2610895,5140,13608,SUCCESS,5998,0,equal,3760128,5146496,0,7468544,,,,,935,1349,used,,,,20260910-0005
2026-09-10 16:59:39,HAUSP-UB[noEUCS],KOSARAK,2,1,0.005000,0.000,0.010,11960530,29700,3,626,629,0,26,5,3276254,14095,3268267,904,0.000000,0.029469,0.035276,42,0,1998.37,3275379,3273095,3860,15799,SUCCESS,6625,0,equal,8217600,7632416,0,15410176,,,,,904,1362,used,,,,20260910-0005
2026-09-10 16:59:39,HAUSP-UB[noEUCS],KOSARAK,3,1,0.005000,0.000,0.010,15903993,39600,7,866,874,1,30,5,3807593,15882,3799240,864,0.000000,0.028993,0.034519,45,0,2030.37,3806390,3804618,3441,17566,SUCCESS,7067,0,equal,12093440,10156800,0,25895168,,,,,864,1286,used,,,,20260910-0005
2026-09-10 16:59:40,HAUSP-UB[noEUCS],KOSARAK,4,1,0.005000,0.000,0.010,19781880,49500,7,971,979,1,26,4,3287040,17227,3279316,897,0.000000,0.030831,0.037117,45,0,2070.37,3285392,3284073,2993,18896,SUCCESS,6415,0,equal,15712256,12649856,0,37198720,,,,,897,1309,used,,,,20260910-0005
2026-09-10 16:59:42,HAUSP-UB[noEUCS],KOSARAK,5,1,0.005000,0.000,0.010,23575607,59400,7,1072,1079,1,23,4,2862919,18422,2855734,873,0.000000,0.032354,0.039015,45,0,2102.37,2861135,2860081,2717,20018,SUCCESS,5875,0,equal,18527232,15109536,0,49789696,,,,,873,1310,used,,,,20260910-0005
2026-09-10 16:59:43,HAUSP-UB[noEUCS],KOSARAK,6,1,0.005000,0.000,0.010,27578550,69300,7,1261,1269,1,24,4,3049006,19384,3041697,942,0.000000,0.031912,0.038652,44,0,2150.37,3046956,3045797,2754,21079,SUCCESS,5893,0,equal,22530048,17671200,0,63977216,,,,,942,1416,used,,,,20260910-0005
2026-09-10 16:59:44,HAUSP-UB[noEUCS],KOSARAK,7,1,0.005000,0.000,0.010,31656211,79200,7,1661,1669,1,29,5,3704898,20101,3696681,1070,0.000000,0.030317,0.036313,44,0,2198.37,3702418,3701367,2744,21974,SUCCESS,6715,0,equal,28615680,20293664,0,77707392,,,,,1070,1502,used,,,,20260910-0005
2026-09-10 16:59:46,HAUSP-UB[noEUCS],KOSARAK,8,1,0.005000,0.000,0.010,35735773,89100,7,1877,1884,1,30,5,3832160,20654,3823970,1194,0.000000,0.029447,0.035489,44,0,2246.37,3829359,3828475,2733,22716,SUCCESS,6709,0,equal,36843520,22900768,0,90278912,,,,,1194,1481,used,,,,20260910-0005
2026-09-10 16:59:48,HAUSP-UB[noEUCS],KOSARAK,9,1,0.005000,0.000,0.010,39698661,99000,7,2041,2049,1,30,5,3825418,21298,3817388,1250,0.000000,0.029165,0.035457,44,0,2294.37,3822563,3821789,2765,23433,SUCCESS,6593,0,equal,39233536,25427744,0,105674624,,,,,1250,1437,used,,,,20260910-0005
2026-09-10 16:59:51,HAUSP-UB[noEUCS],KOSARAK,10,1,0.005000,0.000,0.010,43613167,108900,7,2228,2235,1,30,5,3749004,21908,3741068,1277,0.000000,0.029188,0.035668,44,0,2350.37,3746074,3745332,2790,24068,SUCCESS,6531,0,equal,49399808,27963200,0,121685376,,,,,1277,1405,used,,,,20260910-0005
2026-09-10 16:59:53,HAUSP-UB[noEUCS],KOSARAK,11,1,0.005000,0.000,0.010,47551765,118800,7,2459,2466,1,30,5,3704807,22832,3696762,1291,0.000000,0.028976,0.035276,44,0,2414.37,3702166,3701266,3055,24979,SUCCESS,6640,0,equal,51687424,30484512,0,144315776,,,,,1291,1405,used,,,,20260910-0005
2026-09-10 16:59:56,HAUSP-UB[noEUCS],KOSARAK,12,1,0.005000,0.000,0.010,51453664,128700,7,3112,3120,1,38,6,4689140,23365,4679887,1281,0.000000,0.027823,0.033211,44,0,2470.37,4686060,4685492,2712,25529,SUCCESS,7787,0,equal,58884096,32991840,0,159120000,,,,,1281,1466,used,,,,20260910-0005
2026-09-10 17:00:00,HAUSP-UB[noEUCS],KOSARAK,13,1,0.005000,0.000,0.010,55402558,138600,7,3350,3357,1,38,6,4634796,23932,4625560,1237,0.000000,0.028151,0.033525,44,0,2526.37,4631703,4631243,2622,26042,SUCCESS,7740,0,equal,63005696,35523648,0,174326272,,,,,1237,1496,used,,,,20260910-0005
2026-09-10 17:00:03,HAUSP-UB[noEUCS],KOSARAK,14,1,0.005000,0.000,0.010,59353490,148500,8,3482,3490,1,36,6,4372252,24426,4363276,1237,0.000000,0.028449,0.033988,44,0,2590.37,4369143,4368663,2589,26529,SUCCESS,7483,0,equal,70684672,38034912,0,190015104,,,,,1237,1493,used,,,,20260910-0005
2026-09-10 17:00:07,HAUSP-UB[noEUCS],KOSARAK,15,1,0.005000,0.000,0.010,63415567,158400,7,4002,4010,1,40,6,4926033,24846,4916513,1221,0.000000,0.027648,0.032883,44,0,2654.37,4922829,4922349,2582,26979,SUCCESS,7999,0,equal,77062144,40586784,0,206027520,,,,,1221,1521,used,,,,20260910-0005
2026-09-10 17:00:11,HAUSP-UB[noEUCS],KOSARAK,16,1,0.005000,0.000,0.010,67435493,168300,3,4177,4181,0,39,6,4739105,25291,4729755,1181,0.000000,0.028068,0.033411,44,0,2718.37,4735854,4735521,2465,27368,SUCCESS,7787,0,equal,83617792,43156512,0,221560448,,,,,1181,1563,used,,,,20260910-0005
2026-09-10 17:00:16,HAUSP-UB[noEUCS],KOSARAK,17,1,0.005000,0.000,0.010,71572084,178200,8,4561,4569,1,40,6,4965601,25712,4955996,1318,0.000000,0.027390,0.032713,44,0,2798.37,4962433,4961700,2809,27945,SUCCESS,8093,0,equal,88481792,45823520,0,246422912,,,,,1318,1512,used,,,,20260910-0005
2026-09-10 17:00:21,HAUSP-UB[noEUCS],KOSARAK,18,1,0.005000,0.000,0.010,75501733,188100,7,4678,4686,1,39,6,4723632,26102,4714301,1297,0.000000,0.027587,0.033046,44,0,2870.37,4720263,4719965,2530,28289,SUCCESS,7805,0,equal,95674368,48327392,0,264437632,,,,,1297,1526,used,,,,20260910-0005
2026-09-10 17:00:25,HAUSP-UB[noEUCS],KOSARAK,19,1,0.005000,0.000,0.010,79636688,198000,8,4879,4887,1,40,6,4805348,26387,4796134,1393,0.000000,0.027392,0.033002,44,0,2950.37,4802026,4801473,2739,28708,SUCCESS,7794,0,equal,102719488,50955040,0,284720000,,,,,1393,1420,used,,,,20260910-0005
2026-09-10 17:00:30,HAUSP-UB[noEUCS],KOSARAK,20,1,0.005000,0.000,0.010,83482995,207900,7,4956,4964,1,38,5,4566252,26730,4557311,1379,0.000000,0.027722,0.033481,44,0,3022.37,4562848,4562565,2603,29021,SUCCESS,7515,0,equal,112009216,53421664,0,299430272,,,,,1379,1426,used,,,,20260910-0005
2026-09-10 17:00:36,HAUSP-UB[noEUCS],KOSARAK,21,1,0.005000,0.000,0.010,87802842,217800,8,5419,5428,1,40,6,4825169,27101,4815992,1372,0.000000,0.027642,0.033302,44,0,3110.37,4821794,4821419,2665,29394,SUCCESS,7722,0,equal,116621312,56156608,0,322450432,,,,,1372,1455,used,,,,20260910-0005
2026-09-10 17:00:41,HAUSP-UB[noEUCS],KOSARAK,22,1,0.005000,0.000,0.010,91940577,227700,8,5652,5661,1,40,6,4862294,27371,4853189,1402,0.000000,0.027352,0.033062,44,0,3190.37,4858874,4858484,2682,29724,SUCCESS,7708,0,equal,125591552,58813216,0,340128768,,,,,1402,1397,used,,,,20260910-0005
2026-09-10 17:00:47,HAUSP-UB[noEUCS],KOSARAK,23,1,0.005000,0.000,0.010,95957020,237600,8,5893,5902,1,40,6,4789110,27688,4780035,1391,0.000000,0.027505,0.033217,44,0,3270.37,4785671,4785406,2617,30015,SUCCESS,7672,0,equal,131274752,61399616,0,357387776,,,,,1391,1403,used,,,,20260910-0005
2026-09-10 17:00:54,HAUSP-UB[noEUCS],KOSARAK,24,1,0.005000,0.000,0.010,100069512,247500,8,6136,6144,1,40,5,4785467,28169,4776405,1380,0.000000,0.027507,0.033165,44,0,3366.37,4782206,4781727,2805,30495,SUCCESS,7647,0,equal,131756032,64022912,0,386146560,,,,,1380,1415,used,,,,20260910-0005
2026-09-10 17:01:01,HAUSP-UB[noEUCS],KOSARAK,25,1,0.005000,0.000,0.010,104243105,257400,8,7485,7494,1,50,7,6039015,28333,6028751,1459,0.000000,0.026156,0.031253,44,0,3462.37,6035496,6035048,2773,30801,SUCCESS,8907,0,equal,143237120,66682304,0,404359936,,,,,1459,1357,used,,,,20260910-0005
2026-09-10 17:01:09,HAUSP-UB[noEUCS],KOSARAK,26,1,0.005000,0.000,0.010,108349702,267300,8,7677,7686,1,49,6,5858035,28654,5847976,1449,0.000000,0.026362,0.031533,44,0,3496.37,5854510,5854219,2758,31107,SUCCESS,8681,0,equal,131866624,69328736,0,422691840,,,,,1449,1378,used,,,,20260910-0005
2026-09-10 17:01:16,HAUSP-UB[noEUCS],KOSARAK,27,1,0.005000,0.000,0.010,112354095,277200,7,7763,7771,1,48,6,5760782,28918,5750882,1476,0.000000,0.026436,0.031698,44,0,2763.99,5757242,5756914,2780,31403,SUCCESS,8549,0,equal,160186368,71886912,0,441508352,,,,,1476,1351,used,,,,20260910-0005
2026-09-10 17:01:25,HAUSP-UB[noEUCS],KOSARAK,28,1,0.005000,0.000,0.010,116384786,287100,8,8099,8107,1,48,6,5737767,29191,5727911,1472,0.000000,0.026324,0.031565,44,0,2859.99,5734215,5733956,2743,31669,SUCCESS,8516,0,equal,167972864,74475616,0,460280448,,,,,1472,1340,used,,,,20260910-0005
2026-09-10 17:01:33,HAUSP-UB[noEUCS],KOSARAK,29,1,0.005000,0.000,0.010,120246165,297000,3,8171,8175,0,46,6,5471980,29468,5462335,1454,0.000000,0.026625,0.032003,44,0,2963.99,5468421,5468206,2692,31915,SUCCESS,8287,0,equal,175382528,76944640,0,479088256,,,,,1454,1358,used,,,,20260910-0005
2026-09-10 17:01:42,HAUSP-UB[noEUCS],KOSARAK,30,1,0.005000,0.000,0.010,124556182,306900,8,9030,9038,1,50,7,5929620,29700,5919514,1468,0.000000,0.026008,0.031125,44,0,3067.99,5926038,5925750,2734,32175,SUCCESS,8739,0,equal,179929088,79689248,0,499216256,,,,,1468,1367,used,,,,20260910-0005
2026-09-10 17:01:51,HAUSP-UB[noEUCS],KOSARAK,31,1,0.005000,0.000,0.010,128622472,316800,8,9328,9336,1,50,7,5929876,29885,5919780,1480,0.000000,0.026067,0.031212,44,0,3163.99,5926232,5926021,2685,32373,SUCCESS,8742,0,equal,187977728,82309568,0,515771776,,,,,1480,1354,used,,,,20260910-0005
2026-09-10 17:02:01,HAUSP-UB[noEUCS],KOSARAK,32,1,0.005000,0.000,0.010,132514145,326700,7,9489,9497,1,50,6,5830538,30094,5820578,1463,0.000000,0.026229,0.031423,44,0,3267.99,5826896,5826725,2658,32563,SUCCESS,8597,0,equal,195584000,84817696,0,531184896,,,,,1463,1363,used,,,,20260910-0005
2026-09-10 17:02:10,HAUSP-UB[noEUCS],KOSARAK,33,1,0.005000,0.000,0.010,136689971,336600,8,9621,9629,1,50,6,5817170,30239,5807373,1505,0.000000,0.026155,0.031493,44,0,3379.99,5813558,5813273,2753,32778,SUCCESS,8509,0,equal,201932800,87501984,0,550791168,,,,,1505,1288,used,,,,20260910-0005
2026-09-10 17:02:20,HAUSP-UB[noEUCS],KOSARAK,34,1,0.005000,0.000,0.010,140564066,346500,7,9847,9855,1,49,6,5753303,30480,5743570,1495,0.000000,0.026208,0.031544,44,0,3491.99,5749718,5749501,2755,33007,SUCCESS,8446,0,equal,208113664,89961568,0,569083648,,,,,1495,1287,used,,,,20260910-0005
2026-09-10 17:02:30,HAUSP-UB[noEUCS],KOSARAK,35,1,0.005000,0.000,0.010,144677301,356400,8,10203,10211,1,49,6,5748386,30684,5738616,1499,0.000000,0.026231,0.031522,44,0,3595.99,5744755,5744573,2708,33200,SUCCESS,8462,0,equal,214093824,92593216,0,586723840,,,,,1499,1308,used,,,,20260910-0005
2026-09-10 17:02:41,HAUSP-UB[noEUCS],KOSARAK,36,1,0.005000,0.000,0.010,148735452,366300,8,10496,10504,1,50,6,5737902,30855,5728152,1515,0.000000,0.026262,0.031590,44,0,3707.99,5734273,5734064,2724,33390,SUCCESS,8466,0,equal,218738688,95194048,0,606929024,,,,,1515,1284,used,,,,20260910-0005
2026-09-10 17:02:52,HAUSP-UB[noEUCS],KOSARAK,37,1,0.005000,0.000,0.010,153071265,376200,8,10835,10844,1,50,6,5781470,31054,5771715,1509,0.000000,0.026218,0.031506,44,0,3827.99,5777858,5777651,2741,33593,SUCCESS,8479,0,equal,223733760,97958880,0,626450688,,,,,1509,1276,used,,,,20260910-0005
2026-09-10 17:03:03,HAUSP-UB[noEUCS],KOSARAK,38,1,0.005000,0.000,0.010,157100611,386100,8,10837,10845,1,53,6,5708906,31289,5699305,1479,0.000000,0.026403,0.031783,44,0,3859.99,5705321,5705122,2737,33810,SUCCESS,8320,0,equal,210083840,100529888,0,647486336,,,,,1479,1281,used,,,,20260910-0005
2026-09-10 17:03:14,HAUSP-UB[noEUCS],KOSARAK,39,1,0.005000,0.000,0.010,161031299,396000,7,11342,11350,1,54,6,5779062,31477,5769320,1475,0.000000,0.026354,0.031645,44,0,3182.37,5775436,5775268,2688,33988,SUCCESS,8449,0,equal,233943040,103047712,0,663505152,,,,,1475,1293,used,,,,20260910-0005
2026-09-10 17:03:25,HAUSP-UB[noEUCS],KOSARAK,40,1,0.005000,0.000,0.010,164887170,405900,8,11426,11434,1,53,6,5664960,31662,5655389,1453,0.000000,0.026476,0.031872,44,0,3302.37,5661311,5661180,2641,34146,SUCCESS,8248,0,equal,240033792,105530272,0,679005696,,,,,1453,1323,used,,,,20260910-0005
2026-09-10 17:03:37,HAUSP-UB[noEUCS],KOSARAK,41,1,0.005000,0.000,0.010,169069315,415800,8,11976,11984,1,54,6,5797455,31855,5787738,1440,0.000000,0.026383,0.031654,44,0,3422.37,5793845,5793646,2682,34342,SUCCESS,8398,0,equal,241459200,108197696,0,698437248,,,,,1440,1319,used,,,,20260910-0005
2026-09-10 17:03:50,HAUSP-UB[noEUCS],KOSARAK,42,1,0.005000,0.000,0.010,172991410,425700,7,12237,12245,1,54,6,5735237,32032,5725589,1417,0.000000,0.026585,0.031895,44,0,3550.37,5731592,5731473,2605,34490,SUCCESS,8313,0,equal,245972992,110721280,0,714831232,,,,,1417,1335,used,,,,20260910-0005
2026-09-10 17:04:02,HAUSP-UB[noEUCS],KOSARAK,43,1,0.005000,0.000,0.010,177221178,435600,8,12532,12541,1,54,6,5712509,32191,5702893,1433,0.000000,0.026611,0.031954,44,0,3694.37,5708889,5708696,2650,34666,SUCCESS,8295,0,equal,247988224,113439392,0,736991232,,,,,1433,1321,used,,,,20260910-0005
2026-09-10 17:04:15,HAUSP-UB[noEUCS],KOSARAK,44,1,0.005000,0.000,0.010,181220777,445500,8,12870,12878,1,54,6,5698674,32368,5689038,1429,0.000000,0.026748,0.032091,44,0,3822.37,5695049,5694900,2623,34829,SUCCESS,8309,0,equal,251265024,115980992,0,754178048,,,,,1429,1327,used,,,,20260910-0005
2026-09-10 17:04:28,HAUSP-UB[noEUCS],KOSARAK,45,1,0.005000,0.000,0.010,185239060,455400,8,13145,13153,1,54,6,5654994,32598,5645375,1419,0.000000,0.026793,0.032119,44,0,3966.37,5651425,5651223,2662,35045,SUCCESS,8281,0,equal,249888768,118539520,0,778239872,,,,,1419,1338,used,,,,20260910-0005
2026-09-10 17:04:41,HAUSP-UB[noEUCS],KOSARAK,46,1,0.005000,0.000,0.010,189283238,465300,8,13307,13315,1,54,6,5573830,32730,5564312,1427,0.000000,0.026895,0.032221,44,0,4110.37,5570181,5570041,2586,35181,SUCCESS,8184,0,equal,255868928,121110912,0,794787200,,,,,1427,1334,used,,,,20260910-0005
2026-09-10 17:04:55,HAUSP-UB[noEUCS],KOSARAK,47,1,0.005000,0.000,0.010,192946792,475200,7,13053,13061,1,50,6,5375861,32888,5366531,1411,0.000000,0.027102,0.032567,44,0,4128.19,5372217,5372113,2554,35312,SUCCESS,7979,0,equal,242130944,123445952,0,809717760,,,,,1411,1351,used,,,,20260910-0005
2026-09-10 17:05:08,HAUSP-UB[noEUCS],KOSARAK,48,1,0.005000,0.000,0.010,196946992,485100,8,13464,13472,1,49,6,5322278,33067,5312915,1404,0.000000,0.027169,0.032582,44,0,3542.37,5318666,5318529,2560,35470,SUCCESS,7996,0,equal,260186112,125997408,0,827922048,,,,,1404,1367,used,,,,20260910-0005
2026-09-10 17:05:22,HAUSP-UB[noEUCS],KOSARAK,49,1,0.005000,0.000,0.010,200999571,495000,8,13789,13798,1,49,6,5332909,33195,5323519,1420,0.000000,0.027147,0.032593,44,0,3686.37,5329280,5329140,2542,35604,SUCCESS,8036,0,equal,262668288,128584928,0,842819200,,,,,1420,1354,used,,,,20260910-0005
2026-09-10 17:05:36,HAUSP-UB[noEUCS],KOSARAK,50,1,0.005000,0.000,0.010,204950457,504900,8,14069,14077,1,50,6,5313324,33358,5303971,1420,0.000000,0.027168,0.032594,44,0,3838.37,5309726,5309561,2573,35768,SUCCESS,8001,0,equal,262291456,131118176,0,862820224,,,,,1420,1352,used,,,,20260910-0005
2026-09-10 17:05:51,HAUSP-UB[noEUCS],KOSARAK,51,1,0.005000,0.000,0.010,208997420,514800,8,14569,14578,1,50,6,5372738,33480,5363293,1427,0.000000,0.027096,0.032448,44,0,3990.37,5369108,5368970,2547,35898,SUCCESS,8103,0,equal,262946816,133728576,0,878514304,,,,,1427,1342,used,,,,20260910-0005
2026-09-10 17:06:05,HAUSP-UB[noEUCS],KOSARAK,52,1,0.005000,0.000,0.010,212868630,524700,8,14797,14805,1,50,6,5329884,33642,5320465,1413,0.000000,0.027164,0.032577,44,0,4150.37,5326278,5326146,2549,36045,SUCCESS,8069,0,equal,265338880,136224128,0,896113792,,,,,1413,1350,used,,,,20260910-0005
2026-09-10 17:06:21,HAUSP-UB[noEUCS],KOSARAK,53,1,0.005000,0.000,0.010,216872125,534600,8,15361,15369,1,52,6,5336542,33786,5327082,1406,0.000000,0.027232,0.032566,44,0,4310.37,5332925,5332813,2514,36173,SUCCESS,8102,0,equal,265723904,138793408,0,912041600,,,,,1406,1358,used,,,,20260910-0005
2026-09-10 17:06:37,HAUSP-UB[noEUCS],KOSARAK,54,1,0.005000,0.000,0.010,220994650,544500,4,15984,15988,0,53,6,5360423,33909,5350919,1400,0.000000,0.027251,0.032547,44,0,4326.37,5356789,5356680,2495,36289,SUCCESS,8134,0,equal,254623744,141401344,0,925688064,,,,,1400,1370,used,,,,20260910-0005
2026-09-10 17:06:53,HAUSP-UB[noEUCS],KOSARAK,55,1,0.005000,0.000,0.010,224967137,554400,8,15989,15997,1,50,6,5309608,34042,5300151,1402,0.000000,0.027344,0.032665,44,0,3846.37,5305993,5305864,2508,36420,SUCCESS,8089,0,equal,270172160,143970208,0,941520640,,,,,1402,1368,used,,,,20260910-0005
2026-09-10 17:07:09,HAUSP-UB[noEUCS],KOSARAK,56,1,0.005000,0.000,0.010,229004936,564300,8,16103,16112,1,50,6,5328832,34211,5319398,1410,0.000000,0.027280,0.032617,44,0,4022.37,5325265,5325062,2580,36606,SUCCESS,8076,0,equal,265965568,146523904,0,964324096,,,,,1410,1358,used,,,,20260910-0005
2026-09-10 17:07:25,HAUSP-UB[noEUCS],KOSARAK,57,1,0.005000,0.000,0.010,233044603,574200,8,16309,16317,1,50,6,5264011,34319,5254685,1409,0.000000,0.027345,0.032736,44,0,4206.37,5260372,5260260,2506,36716,SUCCESS,7974,0,equal,273121280,149110464,0,977151744,,,,,1409,1352,used,,,,20260910-0005
2026-09-10 17:07:42,HAUSP-UB[noEUCS],KOSARAK,58,1,0.005000,0.000,0.010,236884744,584100,8,16465,16473,1,49,6,5186857,34466,5177586,1393,0.000000,0.027416,0.032847,44,0,4398.37,5183239,5183136,2499,36841,SUCCESS,7903,0,equal,275120128,151563552,0,996232576,,,,,1393,1368,used,,,,20260910-0005
2026-09-10 17:07:58,HAUSP-UB[noEUCS],KOSARAK,59,1,0.005000,0.000,0.010,240799749,594000,8,16428,16437,1,48,6,5126966,34588,5117783,1394,0.000000,0.027451,0.032961,44,0,4494.37,5123342,5123226,2490,36960,SUCCESS,7812,0,equal,275103744,154076512,0,1011205120,,,,,1394,1371,used,,,,20260910-0005
2026-09-10 17:08:15,HAUSP-UB[noEUCS],KOSARAK,60,1,0.005000,0.000,0.010,244694724,603900,8,16559,16568,1,47,6,5036285,34728,5027150,1395,0.000000,0.027627,0.033168,44,0,4019.79,5032661,5032561,2471,37080,SUCCESS,7743,0,equal,278069248,156552320,0,1026281728,,,,,1395,1392,used,,,,20260910-0005
2026-09-10 17:08:32,HAUSP-UB[noEUCS],KOSARAK,61,1,0.005000,0.000,0.010,248782700,613800,8,17604,17612,1,51,6,5441952,34818,5432506,1405,0.000000,0.027122,0.032558,44,0,4211.79,5438307,5438119,2539,37219,SUCCESS,8063,0,equal,277504000,159155040,0,1042948096,,,,,1405,1383,used,,,,20260910-0005
2026-09-10 17:08:50,HAUSP-UB[noEUCS],KOSARAK,62,1,0.005000,0.000,0.010,252643259,623700,8,17915,17923,1,51,6,5392359,34964,5382909,1396,0.000000,0.027242,0.032581,44,0,4411.79,5388700,5388602,2498,37341,SUCCESS,8046,0,equal,280150016,161645568,0,1058019072,,,,,1396,1404,used,,,,20260910-0005
2026-09-10 17:09:08,HAUSP-UB[noEUCS],KOSARAK,63,1,0.005000,0.000,0.010,256426803,633600,8,18094,18102,1,51,6,5322445,35118,5313050,1389,0.000000,0.027390,0.032763,44,0,4611.79,5318813,5318691,2498,37479,SUCCESS,7986,0,equal,278790144,164088064,0,1075671680,,,,,1389,1409,used,,,,20260910-0005
2026-09-10 17:09:27,HAUSP-UB[noEUCS],KOSARAK,64,1,0.005000,0.000,0.010,260563097,643500,9,18341,18350,1,49,6,5310386,35255,5300970,1390,0.000000,0.027357,0.032782,44,0,4632.71,5306745,5306606,2499,37617,SUCCESS,7999,0,equal,262619136,166737568,0,1093098240,,,,,1390,1417,used,,,,20260910-0005
2026-09-10 17:09:45,HAUSP-UB[noEUCS],KOSARAK,65,1,0.005000,0.000,0.010,264731241,653400,8,18557,18566,1,51,6,5383332,35509,5373970,1428,0.000000,0.027155,0.032628,44,0,4328.29,5379851,5379483,2729,37928,SUCCESS,7989,0,equal,269828096,169405472,0,1131388416,,,,,1428,1373,used,,,,20260910-0005
2026-09-10 17:10:04,HAUSP-UB[noEUCS],KOSARAK,66,1,0.005000,0.000,0.010,268905883,663300,4,19178,19183,0,52,6,5484858,35616,5475395,1419,0.000000,0.027115,0.032528,44,0,4560.29,5481170,5481061,2527,38036,SUCCESS,8087,0,equal,281149440,172098720,0,1147569280,,,,,1419,1376,used,,,,20260910-0005
2026-09-10 17:10:24,HAUSP-UB[noEUCS],KOSARAK,67,1,0.005000,0.000,0.010,272898221,673200,7,20013,20020,1,54,6,5644968,35726,5635357,1432,0.000000,0.027006,0.032317,44,0,4280.75,5641301,5641153,2567,38165,SUCCESS,8254,0,equal,285622272,174653152,0,1164662656,,,,,1432,1357,used,,,,20260910-0005
2026-09-10 17:10:45,HAUSP-UB[noEUCS],KOSARAK,68,1,0.005000,0.000,0.010,276941807,683100,8,20051,20060,1,54,6,5615625,35868,5606090,1433,0.000000,0.027025,0.032405,44,0,4512.75,5611983,5611825,2596,38315,SUCCESS,8190,0,equal,288178176,177238720,0,1183419904,,,,,1433,1345,used,,,,20260910-0005
2026-09-10 17:11:05,HAUSP-UB[noEUCS],KOSARAK,69,1,0.005000,0.000,0.010,280800610,693000,8,20046,20054,1,52,6,5517171,35976,5507719,1420,0.000000,0.027155,0.032596,44,0,4536.69,5513473,5513397,2522,38407,SUCCESS,8093,0,equal,277200896,179695136,0,1195839360,,,,,1420,1359,used,,,,20260910-0005
2026-09-10 17:11:25,HAUSP-UB[noEUCS],KOSARAK,70,1,0.005000,0.000,0.010,284753093,702900,8,20462,20471,1,52,6,5496768,36116,5487291,1426,0.000000,0.027178,0.032604,44,0,4534.20,5493116,5492986,2560,38542,SUCCESS,8116,0,equal,292765696,182223104,0,1213820544,,,,,1426,1361,used,,,,20260910-0005
2026-09-10 17:11:46,HAUSP-UB[noEUCS],KOSARAK,71,1,0.005000,0.000,0.010,288764180,712800,8,20470,20479,1,50,6,5431138,36230,5421731,1413,0.000000,0.027285,0.032744,44,0,4566.20,5427456,5427368,2513,38643,SUCCESS,8037,0,equal,280936448,184776416,0,1231093888,,,,,1413,1370,used,,,,20260910-0005
2026-09-10 17:12:06,HAUSP-UB[noEUCS],KOSARAK,72,1,0.005000,0.000,0.010,292740528,722700,8,20880,20889,1,51,6,5491680,36315,5482240,1416,0.000000,0.027166,0.032611,44,0,4387.57,5487986,5487881,2517,38738,SUCCESS,8074,0,equal,297762816,187333376,0,1243841664,,,,,1416,1366,used,,,,20260910-0005
2026-09-10 17:12:28,HAUSP-UB[noEUCS],KOSARAK,73,1,0.005000,0.000,0.010,296745142,732600,8,21695,21704,1,53,6,5657197,36418,5647606,1406,0.000000,0.027096,0.032468,44,0,4627.57,5653496,5653389,2529,38843,SUCCESS,8210,0,equal,297713664,189891520,0,1259245440,,,,,1406,1381,used,,,,20260910-0005
2026-09-10 17:12:51,HAUSP-UB[noEUCS],KOSARAK,74,1,0.005000,0.000,0.010,301000437,742500,9,22575,22584,1,56,6,5816374,36523,5806663,1399,0.000000,0.026992,0.032272,44,0,4651.57,5812672,5812553,2543,38955,SUCCESS,8329,0,equal,283590656,192603392,0,1274953088,,,,,1399,1382,used,,,,20260910-0005
2026-09-10 17:13:14,HAUSP-UB[noEUCS],KOSARAK,75,1,0.005000,0.000,0.010,304962127,752400,8,23018,23027,1,55,6,5877604,36619,5867816,1399,0.000000,0.026905,0.032140,44,0,4678.47,5873891,5873787,2535,39055,SUCCESS,8411,0,equal,301400064,195162784,0,1290096512,,,,,1399,1377,used,,,,20260910-0005
2026-09-10 17:13:37,HAUSP-UB[noEUCS],KOSARAK,76,1,0.005000,0.000,0.010,309230457,762300,9,23378,23388,1,56,7,5908039,36720,5898246,1400,0.000000,0.026859,0.032091,44,0,4708.29,5904328,5904205,2558,39167,SUCCESS,8417,0,equal,287391744,197893216,0,1306441984,,,,,1400,1376,used,,,,20260910-0005
2026-09-10 17:14:02,HAUSP-UB[noEUCS],KOSARAK,77,1,0.005000,0.000,0.010,313322350,772200,9,24329,24338,1,57,7,6234483,36802,6224436,1421,0.000000,0.026569,0.031708,44,0,4756.09,6230752,6230572,2626,39298,SUCCESS,8681,0,equal,291667968,200500384,0,1324229760,,,,,1421,1366,used,,,,20260910-0005
2026-09-10 17:14:26,HAUSP-UB[noEUCS],KOSARAK,78,1,0.005000,0.000,0.010,317322699,782100,8,24661,24670,1,58,7,6244917,36906,6234860,1411,0.000000,0.026566,0.031683,44,0,4508.50,6241145,6241053,2587,39396,SUCCESS,8677,0,equal,305922048,203057472,0,1336869504,,,,,1411,1380,used,,,,20260910-0005
2026-09-10 17:14:52,HAUSP-UB[noEUCS],KOSARAK,79,1,0.005000,0.000,0.010,321393622,792000,9,25659,25669,1,60,7,6348576,36992,6338364,1418,0.000000,0.026482,0.031520,44,0,4684.50,6344784,6344696,2577,39483,SUCCESS,8824,0,equal,307019776,205662048,0,1348279680,,,,,1418,1388,used,,,,20260910-0005
2026-09-10 17:15:18,HAUSP-UB[noEUCS],KOSARAK,80,1,0.005000,0.000,0.010,325512791,801900,4,26034,26039,0,60,7,6446035,37063,6435779,1424,0.000000,0.026399,0.031414,44,0,4634.67,6442242,6442123,2609,39578,SUCCESS,8883,0,equal,310370304,208300800,0,1360805760,,,,,1424,1373,used,,,,20260910-0005
2026-09-10 17:15:44,HAUSP-UB[noEUCS],KOSARAK,81,1,0.005000,0.000,0.010,329566489,811800,8,26261,26270,1,59,7,6366936,37183,6356739,1408,0.000000,0.026521,0.031531,44,0,4698.67,6363156,6363084,2586,39674,SUCCESS,8812,0,equal,303316992,210878848,0,1374918912,,,,,1408,1385,used,,,,20260910-0005
2026-09-10 17:16:11,HAUSP-UB[noEUCS],KOSARAK,82,1,0.005000,0.000,0.010,333411839,821700,8,26419,26428,1,58,7,6312090,37283,6301937,1417,0.000000,0.026505,0.031543,44,0,4623.14,6308320,6308214,2596,39777,SUCCESS,8774,0,equal,298893312,213346752,0,1389066112,,,,,1417,1379,used,,,,20260910-0005
2026-09-10 17:16:37,HAUSP-UB[noEUCS],KOSARAK,83,1,0.005000,0.000,0.010,337330782,831600,8,26484,26493,1,58,7,6237181,37391,6227101,1411,0.000000,0.026611,0.031695,44,0,4660.50,6233411,6233331,2573,39871,SUCCESS,8696,0,equal,311803904,215851360,0,1403194752,,,,,1411,1384,used,,,,20260910-0005
2026-09-10 17:17:04,HAUSP-UB[noEUCS],KOSARAK,84,1,0.005000,0.000,0.010,341236853,841500,8,26993,27001,1,59,7,6215230,37479,6205160,1411,0.000000,0.026665,0.031724,44,0,4692.50,6211455,6211377,2557,39954,SUCCESS,8687,0,equal,301285376,218343232,0,1414709120,,,,,1411,1383,used,,,,20260910-0005
2026-09-10 17:17:31,HAUSP-UB[noEUCS],KOSARAK,85,1,0.005000,0.000,0.010,345287062,851400,8,27145,27154,1,58,7,6195043,37585,6184977,1396,0.000000,0.026684,0.031743,44,0,4663.33,6191270,6191190,2554,40047,SUCCESS,8662,0,equal,310149120,220927680,0,1427888256,,,,,1396,1404,used,,,,20260910-0005
2026-09-10 17:17:59,HAUSP-UB[noEUCS],KOSARAK,86,1,0.005000,0.000,0.010,349225914,861300,8,27097,27105,1,58,7,6167647,37699,6157661,1378,0.000000,0.026774,0.031876,44,0,4697.27,6163891,6163795,2557,40152,SUCCESS,8578,0,equal,296878080,223445760,0,1442618368,,,,,1378,1408,used,,,,20260910-0005
2026-09-10 17:18:26,HAUSP-UB[noEUCS],KOSARAK,87,1,0.005000,0.000,0.010,353078000,871200,9,27438,27448,1,59,7,6080107,37789,6070180,1386,0.000000,0.026860,0.032012,44,0,4814.63,6076333,6076251,2534,40238,SUCCESS,8516,0,equal,307789824,225932192,0,1463017728,,,,,1386,1411,used,,,,20260910-0005
2026-09-10 17:18:53,HAUSP-UB[noEUCS],KOSARAK,88,1,0.005000,0.000,0.010,357017428,881100,8,27303,27312,1,57,7,6037496,37880,6027670,1371,0.000000,0.026917,0.032072,44,0,4846.61,6033724,6033651,2521,40320,SUCCESS,8412,0,equal,298303488,228470176,0,1474329984,,,,,1371,1414,used,,,,20260910-0005
2026-09-10 17:19:21,HAUSP-UB[noEUCS],KOSARAK,89,1,0.005000,0.000,0.010,361065349,891000,8,27605,27614,1,57,7,6066396,37960,6056543,1391,0.000000,0.026823,0.031968,44,0,4873.93,6062636,6062516,2559,40420,SUCCESS,8453,0,equal,296599552,231070624,0,1488281344,,,,,1391,1400,used,,,,20260910-0005
2026-09-10 17:19:49,HAUSP-UB[noEUCS],KOSARAK,90,1,0.005000,0.000,0.010,365088926,900900,8,27908,27917,1,58,7,6022789,38057,6013002,1392,0.000000,0.026859,0.032047,44,0,4801.24,6019031,6018926,2564,40521,SUCCESS,8392,0,equal,297418752,233637920,0,1503131264,,,,,1392,1395,used,,,,20260910-0005
2026-09-10 17:20:17,HAUSP-UB[noEUCS],KOSARAK,91,1,0.005000,0.000,0.010,369111695,910800,8,28530,28539,1,58,7,6062498,38136,6052597,1394,0.000000,0.026792,0.031938,44,0,4835.54,6058709,6058634,2538,40598,SUCCESS,8497,0,equal,310247424,236216704,0,1513844864,,,,,1394,1404,used,,,,20260910-0005
2026-09-10 17:20:46,HAUSP-UB[noEUCS],KOSARAK,92,1,0.005000,0.000,0.010,373087521,920700,8,28673,28682,1,57,7,6036445,38216,6026583,1387,0.000000,0.026804,0.031962,44,0,4871.00,6032664,6032596,2529,40672,SUCCESS,8463,0,equal,302481408,238766880,0,1524746624,,,,,1387,1399,used,,,,20260910-0005
2026-09-10 17:21:15,HAUSP-UB[noEUCS],KOSARAK,93,1,0.005000,0.000,0.010,376961751,930600,8,28992,29000,1,58,7,6000863,38322,5991020,1386,0.000000,0.026841,0.032014,44,0,4825.54,5997108,5997018,2545,40770,SUCCESS,8438,0,equal,310558720,241241568,0,1540656256,,,,,1386,1405,used,,,,20260910-0005
2026-09-10 17:21:45,HAUSP-UB[noEUCS],KOSARAK,94,1,0.005000,0.000,0.010,381094321,940500,8,29385,29393,1,58,7,6039340,38412,6029487,1378,0.000000,0.026886,0.032052,44,0,4933.10,6035571,6035489,2529,40856,SUCCESS,8442,0,equal,310509568,243903200,0,1553413632,,,,,1378,1411,used,,,,20260910-0005
2026-09-10 17:22:14,HAUSP-UB[noEUCS],KOSARAK,95,1,0.005000,0.000,0.010,385148600,950400,4,29538,29543,0,56,7,5999932,38534,5990093,1380,0.000000,0.026907,0.032084,44,0,4965.07,5996196,5996076,2563,40977,SUCCESS,8425,0,equal,295305216,246502720,0,1569784832,,,,,1380,1414,used,,,,20260910-0005
2026-09-10 17:22:44,HAUSP-UB[noEUCS],KOSARAK,96,1,0.005000,0.000,0.010,389141379,960300,8,30016,30024,1,57,7,5925676,38622,5915871,1383,0.000000,0.026960,0.032159,44,0,4964.77,5921905,5921833,2514,41057,SUCCESS,8389,0,equal,309067776,249088704,0,1581576576,,,,,1383,1416,used,,,,20260910-0005
2026-09-10 17:23:14,HAUSP-UB[noEUCS],KOSARAK,97,1,0.005000,0.000,0.010,393197172,970200,8,30247,30256,1,57,6,5956708,38707,5946881,1379,0.000000,0.027004,0.032194,44,0,5034.91,5952939,5952862,2511,41138,SUCCESS,8408,0,equal,303366144,251665856,0,1593354880,,,,,1379,1419,used,,,,20260910-0005
2026-09-10 17:23:46,HAUSP-UB[noEUCS],KOSARAK,98,1,0.005000,0.000,0.010,397135261,980100,8,31077,31086,1,59,7,6062425,38765,6052516,1380,0.000000,0.026942,0.032112,44,0,4966.22,6058631,6058555,2506,41205,SUCCESS,8488,0,equal,310411264,254188640,0,1602839552,,,,,1380,1421,used,,,,20260910-0005
2026-09-10 17:24:17,HAUSP-UB[noEUCS],KOSARAK,99,1,0.005000,0.000,0.010,400890653,990002,8,31023,31032,1,57,7,5996043,38834,5986189,1379,0.000000,0.027005,0.032215,44,0,5008.73,5992250,5992189,2500,41270,SUCCESS,8432,0,equal,307920896,256608480,0,1611991680,,,,,1379,1422,used,,,,20260910-0005
2026-09-10 17:24:18,HAUSP-UB[noEUCS],KOSARAK,0,2,0.005000,0.000,0.010,4044158,9900,6,238,245,1,21,5,2804563,7896,2795508,1212,0.000000,0.026997,0.032935,43,0,1958.37,2810926,2799170,11756,10044,SUCCESS,7522,0,equal,3212800,2579168,0,2467712,,,,,1212,1533,used,,,,20260910-0005
2026-09-10 17:24:18,HAUSP-UB[noEUCS],KOSARAK,1,2,0.005000,0.000,0.010,8034614,19800,3,386,389,0,21,4,2613785,11931,2606438,935,0.000000,0.030913,0.037250,43,0,1974.37,2614323,2610895,5140,13608,SUCCESS,5998,0,equal,3760128,5146496,0,7468544,,,,,935,1349,used,,,,20260910-0005
2026-09-10 17:24:19,HAUSP-UB[noEUCS],KOSARAK,2,2,0.005000,0.000,0.010,11960530,29700,7,598,605,1,25,4,3276254,14095,3268267,904,0.000000,0.029469,0.035276,42,0,1998.37,3275379,3273095,3860,15799,SUCCESS,6625,0,equal,8217600,7632416,0,15410176,,,,,904,1362,used,,,,20260910-0005
2026-09-10 17:24:19,HAUSP-UB[noEUCS],KOSARAK,3,2,0.005000,0.000,0.010,15903993,39600,3,855,858,0,29,5,3807593,15882,3799240,864,0.000000,0.028993,0.034519,45,0,2030.37,3806390,3804618,3441,17566,SUCCESS,7067,0,equal,12093440,10156800,0,25895168,,,,,864,1286,used,,,,20260910-0005
2026-09-10 17:24:20,HAUSP-UB[noEUCS],KOSARAK,4,2,0.005000,0.000,0.010,19781880,49500,7,962,969,1,26,5,3287040,17227,3279316,897,0.000000,0.030831,0.037117,45,0,2070.37,3285392,3284073,2993,18896,SUCCESS,6415,0,equal,15712256,12649856,0,37198720,,,,,897,1309,used,,,,20260910-0005
2026-09-10 17:24:22,HAUSP-UB[noEUCS],KOSARAK,5,2,0.005000,0.000,0.010,23575607,59400,7,1059,1066,1,23,4,2862919,18422,2855734,873,0.000000,0.032354,0.039015,45,0,2102.37,2861135,2860081,2717,20018,SUCCESS,5875,0,equal,18527232,15109536,0,49789696,,,,,873,1310,used,,,,20260910-0005
2026-09-10 17:24:23,HAUSP-UB[noEUCS],KOSARAK,6,2,0.005000,0.000,0.010,27578550,69300,7,1243,1250,1,24,4,3049006,19384,3041697,942,0.000000,0.031912,0.038652,44,0,2150.37,3046956,3045797,2754,21079,SUCCESS,5893,0,equal,22530048,17671200,0,63977216,,,,,942,1416,used,,,,20260910-0005
2026-09-10 17:24:24,HAUSP-UB[noEUCS],KOSARAK,7,2,0.005000,0.000,0.010,31656211,79200,7,1634,1642,1,29,5,3704898,20101,3696681,1070,0.000000,0.030317,0.036313,44,0,2198.37,3702418,3701367,2744,21974,SUCCESS,6715,0,equal,28615680,20293664,0,77707392,,,,,1070,1502,used,,,,20260910-0005
2026-09-10 17:24:26,HAUSP-UB[noEUCS],KOSARAK,8,2,0.005000,0.000,0.010,35735773,89100,7,1855,1862,1,30,5,3832160,20654,3823970,1194,0.000000,0.029447,0.035489,44,0,2246.37,3829359,3828475,2733,22716,SUCCESS,6709,0,equal,36843520,22900768,0,90278912,,,,,1194,1481,used,,,,20260910-0005
2026-09-10 17:24:28,HAUSP-UB[noEUCS],KOSARAK,9,2,0.005000,0.000,0.010,39698661,99000,7,2016,2024,1,30,5,3825418,21298,3817388,1250,0.000000,0.029165,0.035457,44,0,2294.37,3822563,3821789,2765,23433,SUCCESS,6593,0,equal,39233536,25427744,0,105674624,,,,,1250,1437,used,,,,20260910-0005
2026-09-10 17:24:30,HAUSP-UB[noEUCS],KOSARAK,10,2,0.005000,0.000,0.010,43613167,108900,7,2178,2186,1,30,5,3749004,21908,3741068,1277,0.000000,0.029188,0.035668,44,0,2350.37,3746074,3745332,2790,24068,SUCCESS,6531,0,equal,49399808,27963200,0,121685376,,,,,1277,1405,used,,,,20260910-0005
2026-09-10 17:24:33,HAUSP-UB[noEUCS],KOSARAK,11,2,0.005000,0.000,0.010,47551765,118800,7,2417,2424,1,29,5,3704807,22832,3696762,1291,0.000000,0.028976,0.035276,44,0,2414.37,3702166,3701266,3055,24979,SUCCESS,6640,0,equal,51687424,30484512,0,144315776,,,,,1291,1405,used,,,,20260910-0005
2026-09-10 17:24:36,HAUSP-UB[noEUCS],KOSARAK,12,2,0.005000,0.000,0.010,51453664,128700,3,3075,3079,0,37,6,4689140,23365,4679887,1281,0.000000,0.027823,0.033211,44,0,2470.37,4686060,4685492,2712,25529,SUCCESS,7787,0,equal,58884096,32991840,0,159120000,,,,,1281,1466,used,,,,20260910-0005
2026-09-10 17:24:39,HAUSP-UB[noEUCS],KOSARAK,13,2,0.005000,0.000,0.010,55402558,138600,7,3311,3319,1,37,5,4634796,23932,4625560,1237,0.000000,0.028151,0.033525,44,0,2526.37,4631703,4631243,2622,26042,SUCCESS,7740,0,equal,63005696,35523648,0,174326272,,,,,1237,1496,used,,,,20260910-0005
2026-09-10 17:24:43,HAUSP-UB[noEUCS],KOSARAK,14,2,0.005000,0.000,0.010,59353490,148500,7,3427,3435,1,35,5,4372252,24426,4363276,1237,0.000000,0.028449,0.033988,44,0,2590.37,4369143,4368663,2589,26529,SUCCESS,7483,0,equal,70684672,38034912,0,190015104,,,,,1237,1493,used,,,,20260910-0005
2026-09-10 17:24:47,HAUSP-UB[noEUCS],KOSARAK,15,2,0.005000,0.000,0.010,63415567,158400,7,3960,3968,1,39,6,4926033,24846,4916513,1221,0.000000,0.027648,0.032883,44,0,2654.37,4922829,4922349,2582,26979,SUCCESS,7999,0,equal,77062144,40586784,0,206027520,,,,,1221,1521,used,,,,20260910-0005
2026-09-10 17:24:51,HAUSP-UB[noEUCS],KOSARAK,16,2,0.005000,0.000,0.010,67435493,168300,7,4131,4138,1,38,6,4739105,25291,4729755,1181,0.000000,0.028068,0.033411,44,0,2718.37,4735854,4735521,2465,27368,SUCCESS,7787,0,equal,83617792,43156512,0,221560448,,,,,1181,1563,used,,,,20260910-0005
2026-09-10 17:24:55,HAUSP-UB[noEUCS],KOSARAK,17,2,0.005000,0.000,0.010,71572084,178200,8,4526,4534,1,40,6,4965601,25712,4955996,1318,0.000000,0.027390,0.032713,44,0,2798.37,4962433,4961700,2809,27945,SUCCESS,8093,0,equal,88481792,45823520,0,246422912,,,,,1318,1512,used,,,,20260910-0005
2026-09-10 17:25:00,HAUSP-UB[noEUCS],KOSARAK,18,2,0.005000,0.000,0.010,75501733,188100,7,4638,4646,1,38,6,4723632,26102,4714301,1297,0.000000,0.027587,0.033046,44,0,2870.37,4720263,4719965,2530,28289,SUCCESS,7805,0,equal,95674368,48327392,0,264437632,,,,,1297,1526,used,,,,20260910-0005
2026-09-10 17:25:05,HAUSP-UB[noEUCS],KOSARAK,19,2,0.005000,0.000,0.010,79636688,198000,8,4841,4849,1,39,6,4805348,26387,4796134,1393,0.000000,0.027392,0.033002,44,0,2950.37,4802026,4801473,2739,28708,SUCCESS,7794,0,equal,102719488,50955040,0,284720000,,,,,1393,1420,used,,,,20260910-0005
2026-09-10 17:25:10,HAUSP-UB[noEUCS],KOSARAK,20,2,0.005000,0.000,0.010,83482995,207900,7,4885,4893,1,37,5,4566252,26730,4557311,1379,0.000000,0.027722,0.033481,44,0,3022.37,4562848,4562565,2603,29021,SUCCESS,7515,0,equal,112009216,53421664,0,299430272,,,,,1379,1426,used,,,,20260910-0005
2026-09-10 17:25:15,HAUSP-UB[noEUCS],KOSARAK,21,2,0.005000,0.000,0.010,87802842,217800,4,5368,5372,0,39,5,4825169,27101,4815992,1372,0.000000,0.027642,0.033302,44,0,3110.37,4821794,4821419,2665,29394,SUCCESS,7722,0,equal,116621312,56156608,0,322450432,,,,,1372,1455,used,,,,20260910-0005
2026-09-10 17:25:21,HAUSP-UB[noEUCS],KOSARAK,22,2,0.005000,0.000,0.010,91940577,227700,8,5582,5590,1,40,6,4862294,27371,4853189,1402,0.000000,0.027352,0.033062,44,0,3190.37,4858874,4858484,2682,29724,SUCCESS,7708,0,equal,125591552,58813216,0,340128768,,,,,1402,1397,used,,,,20260910-0005
2026-09-10 17:25:27,HAUSP-UB[noEUCS],KOSARAK,23,2,0.005000,0.000,0.010,95957020,237600,8,5829,5837,1,39,6,4789110,27688,4780035,1391,0.000000,0.027505,0.033217,44,0,3270.37,4785671,4785406,2617,30015,SUCCESS,7672,0,equal,131274752,61399616,0,357387776,,,,,1391,1403,used,,,,20260910-0005
2026-09-10 17:25:33,HAUSP-UB[noEUCS],KOSARAK,24,2,0.005000,0.000,0.010,100069512,247500,8,6084,6092,1,39,6,4785467,28169,4776405,1380,0.000000,0.027507,0.033165,44,0,3366.37,4782206,4781727,2805,30495,SUCCESS,7647,0,equal,131756032,64022912,0,386146560,,,,,1380,1415,used,,,,20260910-0005
2026-09-10 17:25:40,HAUSP-UB[noEUCS],KOSARAK,25,2,0.005000,0.000,0.010,104243105,257400,8,7399,7407,1,49,7,6039015,28333,6028751,1459,0.000000,0.026156,0.031253,44,0,3462.37,6035496,6035048,2773,30801,SUCCESS,8907,0,equal,143237120,66682304,0,404359936,,,,,1459,1357,used,,,,20260910-0005
2026-09-10 17:25:48,HAUSP-UB[noEUCS],KOSARAK,26,2,0.005000,0.000,0.010,108349702,267300,8,7504,7512,1,48,7,5858035,28654,5847976,1449,0.000000,0.026362,0.031533,44,0,3558.37,5854510,5854219,2758,31107,SUCCESS,8681,0,equal,150730752,69328736,0,422691840,,,,,1449,1378,used,,,,20260910-0005
2026-09-10 17:25:55,HAUSP-UB[noEUCS],KOSARAK,27,2,0.005000,0.000,0.010,112354095,277200,8,7634,7643,1,47,6,5760782,28918,5750882,1476,0.000000,0.026436,0.031698,44,0,3662.37,5757242,5756914,2780,31403,SUCCESS,8549,0,equal,160186368,71886912,0,441508352,,,,,1476,1351,used,,,,20260910-0005
2026-09-10 17:26:03,HAUSP-UB[noEUCS],KOSARAK,28,2,0.005000,0.000,0.010,116384786,287100,8,8022,8030,1,47,6,5737767,29191,5727911,1472,0.000000,0.026324,0.031565,44,0,3670.45,5734215,5733956,2743,31669,SUCCESS,8516,0,equal,142663680,74475616,0,460280448,,,,,1472,1340,used,,,,20260910-0005
2026-09-10 17:26:11,HAUSP-UB[noEUCS],KOSARAK,29,2,0.005000,0.000,0.010,120246165,297000,7,7998,8005,1,44,6,5471980,29468,5462335,1454,0.000000,0.026625,0.032003,44,0,2798.70,5468421,5468206,2692,31915,SUCCESS,8287,0,equal,175382528,76944640,0,479088256,,,,,1454,1358,used,,,,20260910-0005
2026-09-10 17:26:20,HAUSP-UB[noEUCS],KOSARAK,30,2,0.005000,0.000,0.010,124556182,306900,8,8846,8854,1,48,6,5929620,29700,5919514,1468,0.000000,0.026008,0.031125,44,0,2902.70,5926038,5925750,2734,32175,SUCCESS,8739,0,equal,179929088,79689248,0,499216256,,,,,1468,1367,used,,,,20260910-0005
2026-09-10 17:26:29,HAUSP-UB[noEUCS],KOSARAK,31,2,0.005000,0.000,0.010,128622472,316800,8,9191,9199,1,49,7,5929876,29885,5919780,1480,0.000000,0.026067,0.031212,44,0,2998.70,5926232,5926021,2685,32373,SUCCESS,8742,0,equal,187977728,82309568,0,515771776,,,,,1480,1354,used,,,,20260910-0005
2026-09-10 17:26:39,HAUSP-UB[noEUCS],KOSARAK,32,2,0.005000,0.000,0.010,132514145,326700,7,9352,9360,1,49,7,5830538,30094,5820578,1463,0.000000,0.026229,0.031423,44,0,3102.70,5826896,5826725,2658,32563,SUCCESS,8597,0,equal,195584000,84817696,0,531184896,,,,,1463,1363,used,,,,20260910-0005
2026-09-10 17:26:48,HAUSP-UB[noEUCS],KOSARAK,33,2,0.005000,0.000,0.010,136689971,336600,8,9481,9489,1,49,6,5817170,30239,5807373,1505,0.000000,0.026155,0.031493,44,0,3214.70,5813558,5813273,2753,32778,SUCCESS,8509,0,equal,201932800,87501984,0,550791168,,,,,1505,1288,used,,,,20260910-0005
2026-09-10 17:26:58,HAUSP-UB[noEUCS],KOSARAK,34,2,0.005000,0.000,0.010,140564066,346500,7,9720,9727,1,49,6,5753303,30480,5743570,1495,0.000000,0.026208,0.031544,44,0,3318.70,5749718,5749501,2755,33007,SUCCESS,8446,0,equal,208113664,89961568,0,569083648,,,,,1495,1287,used,,,,20260910-0005
2026-09-10 17:27:08,HAUSP-UB[noEUCS],KOSARAK,35,2,0.005000,0.000,0.010,144677301,356400,8,10088,10096,1,49,6,5748386,30684,5738616,1499,0.000000,0.026231,0.031522,44,0,3430.70,5744755,5744573,2708,33200,SUCCESS,8462,0,equal,214093824,92593216,0,586723840,,,,,1499,1308,used,,,,20260910-0005
2026-09-10 17:27:18,HAUSP-UB[noEUCS],KOSARAK,36,2,0.005000,0.000,0.010,148735452,366300,8,10345,10353,1,49,6,5737902,30855,5728152,1515,0.000000,0.026262,0.031590,44,0,3542.70,5734273,5734064,2724,33390,SUCCESS,8466,0,equal,218738688,95194048,0,606929024,,,,,1515,1284,used,,,,20260910-0005
2026-09-10 17:27:29,HAUSP-UB[noEUCS],KOSARAK,37,2,0.005000,0.000,0.010,153071265,376200,4,10726,10730,0,50,6,5781470,31054,5771715,1509,0.000000,0.026218,0.031506,44,0,3662.70,5777858,5777651,2741,33593,SUCCESS,8479,0,equal,223733760,97958880,0,626450688,,,,,1509,1276,used,,,,20260910-0005
2026-09-10 17:27:40,HAUSP-UB[noEUCS],KOSARAK,38,2,0.005000,0.000,0.010,157100611,386100,8,10840,10848,1,50,6,5708906,31289,5699305,1479,0.000000,0.026403,0.031783,44,0,3782.70,5705321,5705122,2737,33810,SUCCESS,8320,0,equal,226807808,100529888,0,647486336,,,,,1479,1281,used,,,,20260910-0005
2026-09-10 17:27:51,HAUSP-UB[noEUCS],KOSARAK,39,2,0.005000,0.000,0.010,161031299,396000,7,11308,11316,1,50,6,5779062,31477,5769320,1475,0.000000,0.026354,0.031645,44,0,3902.70,5775436,5775268,2688,33988,SUCCESS,8449,0,equal,235651072,103047712,0,663505152,,,,,1475,1293,used,,,,20260910-0005
2026-09-10 17:28:03,HAUSP-UB[noEUCS],KOSARAK,40,2,0.005000,0.000,0.010,164887170,405900,8,11336,11344,1,49,6,5664960,31662,5655389,1453,0.000000,0.026476,0.031872,44,0,4022.70,5661311,5661180,2641,34146,SUCCESS,8248,0,equal,240033792,105530272,0,679005696,,,,,1453,1323,used,,,,20260910-0005
2026-09-10 17:28:15,HAUSP-UB[noEUCS],KOSARAK,41,2,0.005000,0.000,0.010,169069315,415800,8,11812,11820,1,52,6,5797455,31855,5787738,1440,0.000000,0.026383,0.031654,44,0,3182.37,5793845,5793646,2682,34342,SUCCESS,8398,0,equal,241459200,108197696,0,698437248,,,,,1440,1319,used,,,,20260910-0005
2026-09-10 17:28:27,HAUSP-UB[noEUCS],KOSARAK,42,2,0.005000,0.000,0.010,172991410,425700,7,12134,12142,1,51,6,5735237,32032,5725589,1417,0.000000,0.026585,0.031895,44,0,3310.37,5731592,5731473,2605,34490,SUCCESS,8313,0,equal,245972992,110721280,0,714831232,,,,,1417,1335,used,,,,20260910-0005
2026-09-10 17:28:39,HAUSP-UB[noEUCS],KOSARAK,43,2,0.005000,0.000,0.010,177221178,435600,8,12425,12433,1,52,6,5712509,32191,5702893,1433,0.000000,0.026611,0.031954,44,0,3446.37,5708889,5708696,2650,34666,SUCCESS,8295,0,equal,247988224,113439392,0,736991232,,,,,1433,1321,used,,,,20260910-0005
2026-09-10 17:28:52,HAUSP-UB[noEUCS],KOSARAK,44,2,0.005000,0.000,0.010,181220777,445500,8,12791,12799,1,52,6,5698674,32368,5689038,1429,0.000000,0.026748,0.032091,44,0,3582.37,5695049,5694900,2623,34829,SUCCESS,8309,0,equal,251265024,115980992,0,754178048,,,,,1429,1327,used,,,,20260910-0005
2026-09-10 17:29:05,HAUSP-UB[noEUCS],KOSARAK,45,2,0.005000,0.000,0.010,185239060,455400,8,13055,13063,1,52,6,5654994,32598,5645375,1419,0.000000,0.026793,0.032119,44,0,3726.37,5651425,5651223,2662,35045,SUCCESS,8281,0,equal,249888768,118539520,0,778239872,,,,,1419,1338,used,,,,20260910-0005
2026-09-10 17:29:18,HAUSP-UB[noEUCS],KOSARAK,46,2,0.005000,0.000,0.010,189283238,465300,8,13236,13244,1,51,6,5573830,32730,5564312,1427,0.000000,0.026895,0.032221,44,0,3862.37,5570181,5570041,2586,35181,SUCCESS,8184,0,equal,255868928,121110912,0,794787200,,,,,1427,1334,used,,,,20260910-0005
2026-09-10 17:29:31,HAUSP-UB[noEUCS],KOSARAK,47,2,0.005000,0.000,0.010,192946792,475200,7,13156,13164,1,50,6,5375861,32888,5366531,1411,0.000000,0.027102,0.032567,44,0,4006.37,5372217,5372113,2554,35312,SUCCESS,7979,0,equal,259309568,123445952,0,809717760,,,,,1411,1351,used,,,,20260910-0005
2026-09-10 17:29:45,HAUSP-UB[noEUCS],KOSARAK,48,2,0.005000,0.000,0.010,196946992,485100,8,13502,13510,1,49,6,5322278,33067,5312915,1404,0.000000,0.027169,0.032582,44,0,4142.37,5318666,5318529,2560,35470,SUCCESS,7996,0,equal,260186112,125997408,0,827922048,,,,,1404,1367,used,,,,20260910-0005
2026-09-10 17:29:59,HAUSP-UB[noEUCS],KOSARAK,49,2,0.005000,0.000,0.010,200999571,495000,8,13657,13666,1,47,6,5332909,33195,5323519,1420,0.000000,0.027147,0.032593,44,0,4166.37,5329280,5329140,2542,35604,SUCCESS,8036,0,equal,246390784,128584928,0,842819200,,,,,1420,1354,used,,,,20260910-0005
2026-09-10 17:30:13,HAUSP-UB[noEUCS],KOSARAK,50,2,0.005000,0.000,0.010,204950457,504900,8,13958,13966,1,49,6,5313324,33358,5303971,1420,0.000000,0.027168,0.032594,44,0,3538.37,5309726,5309561,2573,35768,SUCCESS,8001,0,equal,259606528,131118176,0,862820224,,,,,1420,1352,used,,,,20260910-0005
2026-09-10 17:30:27,HAUSP-UB[noEUCS],KOSARAK,51,2,0.005000,0.000,0.010,208997420,514800,8,14442,14451,1,49,6,5372738,33480,5363293,1427,0.000000,0.027096,0.032448,44,0,3698.37,5369108,5368970,2547,35898,SUCCESS,8103,0,equal,264855552,133728576,0,878514304,,,,,1427,1342,used,,,,20260910-0005
2026-09-10 17:30:42,HAUSP-UB[noEUCS],KOSARAK,52,2,0.005000,0.000,0.010,212868630,524700,8,14716,14724,1,49,6,5329884,33642,5320465,1413,0.000000,0.027164,0.032577,44,0,3850.37,5326278,5326146,2549,36045,SUCCESS,8069,0,equal,263766016,136224128,0,896113792,,,,,1413,1350,used,,,,20260910-0005
2026-09-10 17:30:57,HAUSP-UB[noEUCS],KOSARAK,53,2,0.005000,0.000,0.010,216872125,534600,8,15141,15150,1,49,6,5336542,33786,5327082,1406,0.000000,0.027232,0.032566,44,0,4010.37,5332925,5332813,2514,36173,SUCCESS,8102,0,equal,265723904,138793408,0,912041600,,,,,1406,1358,used,,,,20260910-0005
2026-09-10 17:31:12,HAUSP-UB[noEUCS],KOSARAK,54,2,0.005000,0.000,0.010,220994650,544500,8,15557,15566,1,49,6,5360423,33909,5350919,1400,0.000000,0.027251,0.032547,44,0,4170.37,5356789,5356680,2495,36289,SUCCESS,8134,0,equal,268984320,141401344,0,925688064,,,,,1400,1370,used,,,,20260910-0005
2026-09-10 17:31:28,HAUSP-UB[noEUCS],KOSARAK,55,2,0.005000,0.000,0.010,224967137,554400,8,15799,15807,1,50,6,5309608,34042,5300151,1402,0.000000,0.027344,0.032665,44,0,4346.37,5305993,5305864,2508,36420,SUCCESS,8089,0,equal,270172160,143970208,0,941520640,,,,,1402,1368,used,,,,20260910-0005
2026-09-10 17:31:44,HAUSP-UB[noEUCS],KOSARAK,56,2,0.005000,0.000,0.010,229004936,564300,8,16161,16170,1,49,6,5328832,34211,5319398,1410,0.000000,0.027280,0.032617,44,0,4394.37,5325265,5325062,2580,36606,SUCCESS,8076,0,equal,252788736,146523904,0,964324096,,,,,1410,1358,used,,,,20260910-0005
2026-09-10 17:32:01,HAUSP-UB[noEUCS],KOSARAK,57,2,0.005000,0.000,0.010,233044603,574200,8,16097,16105,1,49,6,5264011,34319,5254685,1409,0.000000,0.027345,0.032736,44,0,3870.37,5260372,5260260,2506,36716,SUCCESS,7974,0,equal,273121280,149110464,0,977151744,,,,,1409,1352,used,,,,20260910-0005
2026-09-10 17:32:17,HAUSP-UB[noEUCS],KOSARAK,58,2,0.005000,0.000,0.010,236884744,584100,8,16265,16274,1,48,6,5186857,34466,5177586,1393,0.000000,0.027416,0.032847,44,0,4062.37,5183239,5183136,2499,36841,SUCCESS,7903,0,equal,275120128,151563552,0,996232576,,,,,1393,1368,used,,,,20260910-0005
2026-09-10 17:32:33,HAUSP-UB[noEUCS],KOSARAK,59,2,0.005000,0.000,0.010,240799749,594000,8,16408,16416,1,48,6,5126966,34588,5117783,1394,0.000000,0.027451,0.032961,44,0,4238.37,5123342,5123226,2490,36960,SUCCESS,7812,0,equal,276086784,154076512,0,1011205120,,,,,1394,1371,used,,,,20260910-0005
2026-09-10 17:32:50,HAUSP-UB[noEUCS],KOSARAK,60,2,0.005000,0.000,0.010,244694724,603900,8,16659,16668,1,47,6,5036285,34728,5027150,1395,0.000000,0.027627,0.033168,44,0,4264.68,5032661,5032561,2471,37080,SUCCESS,7743,0,equal,262176768,156552320,0,1026281728,,,,,1395,1392,used,,,,20260910-0005
2026-09-10 17:33:08,HAUSP-UB[noEUCS],KOSARAK,61,2,0.005000,0.000,0.010,248782700,613800,8,17769,17778,1,50,6,5441952,34818,5432506,1405,0.000000,0.027122,0.032558,44,0,4014.37,5438307,5438119,2539,37219,SUCCESS,8063,0,equal,277504000,159155040,0,1042948096,,,,,1405,1383,used,,,,20260910-0005
2026-09-10 17:33:26,HAUSP-UB[noEUCS],KOSARAK,62,2,0.005000,0.000,0.010,252643259,623700,8,18111,18119,1,50,6,5392359,34964,5382909,1396,0.000000,0.027242,0.032581,44,0,4206.37,5388700,5388602,2498,37341,SUCCESS,8046,0,equal,280150016,161645568,0,1058019072,,,,,1396,1404,used,,,,20260910-0005
2026-09-10 17:33:44,HAUSP-UB[noEUCS],KOSARAK,63,2,0.005000,0.000,0.010,256426803,633600,8,18298,18306,1,50,6,5322445,35118,5313050,1389,0.000000,0.027390,0.032763,44,0,4406.37,5318813,5318691,2498,37479,SUCCESS,7986,0,equal,278790144,164088064,0,1075671680,,,,,1389,1409,used,,,,20260910-0005
2026-09-10 17:34:02,HAUSP-UB[noEUCS],KOSARAK,64,2,0.005000,0.000,0.010,260563097,643500,4,18269,18274,0,49,6,5310386,35255,5300970,1390,0.000000,0.027357,0.032782,44,0,4429.74,5306745,5306606,2499,37617,SUCCESS,7999,0,equal,262619136,166737568,0,1093098240,,,,,1390,1417,used,,,,20260910-0005
2026-09-10 17:34:21,HAUSP-UB[noEUCS],KOSARAK,65,2,0.005000,0.000,0.010,264731241,653400,8,18496,18505,1,50,6,5383332,35509,5373970,1428,0.000000,0.027155,0.032628,44,0,4277.80,5379851,5379483,2729,37928,SUCCESS,7989,0,equal,269828096,169405472,0,1131388416,,,,,1428,1373,used,,,,20260910-0005
2026-09-10 17:34:40,HAUSP-UB[noEUCS],KOSARAK,66,2,0.005000,0.000,0.010,268905883,663300,9,19111,19120,1,52,6,5484858,35616,5475395,1419,0.000000,0.027115,0.032528,44,0,4509.80,5481170,5481061,2527,38036,SUCCESS,8087,0,equal,281149440,172098720,0,1147569280,,,,,1419,1376,used,,,,20260910-0005
2026-09-10 17:35:00,HAUSP-UB[noEUCS],KOSARAK,67,2,0.005000,0.000,0.010,272898221,673200,5,19920,19926,0,53,6,5644968,35726,5635357,1432,0.000000,0.027006,0.032317,44,0,4228.26,5641301,5641153,2567,38165,SUCCESS,8254,0,equal,285622272,174653152,0,1164662656,,,,,1432,1357,used,,,,20260910-0005
2026-09-10 17:35:20,HAUSP-UB[noEUCS],KOSARAK,68,2,0.005000,0.000,0.010,276941807,683100,8,20003,20012,1,53,6,5615625,35868,5606090,1433,0.000000,0.027025,0.032405,44,0,4460.26,5611983,5611825,2596,38315,SUCCESS,8190,0,equal,288178176,177238720,0,1183419904,,,,,1433,1345,used,,,,20260910-0005
2026-09-10 17:35:40,HAUSP-UB[noEUCS],KOSARAK,69,2,0.005000,0.000,0.010,280800610,693000,8,20078,20087,1,52,6,5517171,35976,5507719,1420,0.000000,0.027155,0.032596,44,0,4484.26,5513473,5513397,2522,38407,SUCCESS,8093,0,equal,277200896,179695136,0,1195839360,,,,,1420,1359,used,,,,20260910-0005
2026-09-10 17:36:01,HAUSP-UB[noEUCS],KOSARAK,70,2,0.005000,0.000,0.010,284753093,702900,8,20516,20525,1,52,6,5496768,36116,5487291,1426,0.000000,0.027178,0.032604,44,0,4485.91,5493116,5492986,2560,38542,SUCCESS,8116,0,equal,292765696,182223104,0,1213820544,,,,,1426,1361,used,,,,20260910-0005
2026-09-10 17:36:21,HAUSP-UB[noEUCS],KOSARAK,71,2,0.005000,0.000,0.010,288764180,712800,8,20464,20473,1,50,6,5431138,36230,5421731,1413,0.000000,0.027285,0.032744,44,0,4513.91,5427456,5427368,2513,38643,SUCCESS,8037,0,equal,280936448,184776416,0,1231093888,,,,,1413,1370,used,,,,20260910-0005
2026-09-10 17:36:42,HAUSP-UB[noEUCS],KOSARAK,72,2,0.005000,0.000,0.010,292740528,722700,8,20924,20933,1,51,6,5491680,36315,5482240,1416,0.000000,0.027166,0.032611,44,0,4408.77,5487986,5487881,2517,38738,SUCCESS,8074,0,equal,297762816,187333376,0,1243841664,,,,,1416,1366,used,,,,20260910-0005
2026-09-10 17:37:04,HAUSP-UB[noEUCS],KOSARAK,73,2,0.005000,0.000,0.010,296745142,732600,8,21795,21804,1,55,6,5657197,36418,5647606,1406,0.000000,0.027096,0.032468,44,0,4624.77,5653496,5653389,2529,38843,SUCCESS,8210,0,equal,292192256,189891520,0,1259245440,,,,,1406,1381,used,,,,20260910-0005
2026-09-10 17:37:26,HAUSP-UB[noEUCS],KOSARAK,74,2,0.005000,0.000,0.010,301000437,742500,9,22390,22399,1,55,6,5816374,36523,5806663,1399,0.000000,0.026992,0.032272,44,0,4490.51,5812672,5812553,2543,38955,SUCCESS,8329,0,equal,298647552,192603392,0,1274953088,,,,,1399,1382,used,,,,20260910-0005
2026-09-10 17:37:49,HAUSP-UB[noEUCS],KOSARAK,75,2,0.005000,0.000,0.010,304962127,752400,9,22919,22928,1,55,6,5877604,36619,5867816,1399,0.000000,0.026905,0.032140,44,0,4517.39,5873891,5873787,2535,39055,SUCCESS,8411,0,equal,286490624,195162784,0,1290096512,,,,,1399,1377,used,,,,20260910-0005
2026-09-10 17:38:13,HAUSP-UB[noEUCS],KOSARAK,76,2,0.005000,0.000,0.010,309230457,762300,9,23379,23388,1,56,6,5908039,36720,5898246,1400,0.000000,0.026859,0.032091,44,0,4663.44,5904328,5904205,2558,39167,SUCCESS,8417,0,equal,302186496,197893216,0,1306441984,,,,,1400,1376,used,,,,20260910-0005
2026-09-10 17:38:37,HAUSP-UB[noEUCS],KOSARAK,77,2,0.005000,0.000,0.010,313322350,772200,9,24404,24413,1,58,7,6234483,36802,6224436,1421,0.000000,0.026569,0.031708,44,0,4695.44,6230752,6230572,2626,39298,SUCCESS,8681,0,equal,285900800,200500384,0,1324229760,,,,,1421,1366,used,,,,20260910-0005
2026-09-10 17:39:02,HAUSP-UB[noEUCS],KOSARAK,78,2,0.005000,0.000,0.010,317322699,782100,8,24725,24734,1,58,7,6244917,36906,6234860,1411,0.000000,0.026566,0.031683,44,0,4686.28,6241145,6241053,2587,39396,SUCCESS,8677,0,equal,305922048,203057472,0,1336869504,,,,,1411,1380,used,,,,20260910-0005
2026-09-10 17:39:27,HAUSP-UB[noEUCS],KOSARAK,79,2,0.005000,0.000,0.010,321393622,792000,8,25640,25649,1,60,7,6348576,36992,6338364,1418,0.000000,0.026482,0.031520,44,0,4713.76,6344784,6344696,2577,39483,SUCCESS,8824,0,equal,295419904,205662048,0,1348279680,,,,,1418,1388,used,,,,20260910-0005
2026-09-10 17:39:54,HAUSP-UB[noEUCS],KOSARAK,80,2,0.005000,0.000,0.010,325512791,801900,4,26101,26106,0,60,7,6446035,37063,6435779,1424,0.000000,0.026399,0.031414,44,0,4709.99,6442242,6442123,2609,39578,SUCCESS,8883,0,equal,322322432,208300800,0,1360805760,,,,,1424,1373,used,,,,20260910-0005
2026-09-10 17:40:20,HAUSP-UB[noEUCS],KOSARAK,81,2,0.005000,0.000,0.010,329566489,811800,8,26139,26148,1,59,7,6366936,37183,6356739,1408,0.000000,0.026521,0.031531,44,0,4593.54,6363156,6363084,2586,39674,SUCCESS,8812,0,equal,303316992,210878848,0,1374918912,,,,,1408,1385,used,,,,20260910-0005
2026-09-10 17:40:46,HAUSP-UB[noEUCS],KOSARAK,82,2,0.005000,0.000,0.010,333411839,821700,8,26344,26353,1,59,7,6312090,37283,6301937,1417,0.000000,0.026505,0.031543,44,0,4657.54,6308320,6308214,2596,39777,SUCCESS,8774,0,equal,311803904,213346752,0,1389066112,,,,,1417,1379,used,,,,20260910-0005
2026-09-10 17:41:13,HAUSP-UB[noEUCS],KOSARAK,83,2,0.005000,0.000,0.010,337330782,831600,8,26567,26576,1,59,7,6237181,37391,6227101,1411,0.000000,0.026611,0.031695,44,0,4689.54,6233411,6233331,2573,39871,SUCCESS,8696,0,equal,299974656,215851360,0,1403194752,,,,,1411,1384,used,,,,20260910-0005
2026-09-10 17:41:39,HAUSP-UB[noEUCS],KOSARAK,84,2,0.005000,0.000,0.010,341236853,841500,8,26721,26730,1,58,7,6215230,37479,6205160,1411,0.000000,0.026665,0.031724,44,0,4658.15,6211455,6211377,2557,39954,SUCCESS,8687,0,equal,301285376,218343232,0,1414709120,,,,,1411,1383,used,,,,20260910-0005
2026-09-10 17:42:06,HAUSP-UB[noEUCS],KOSARAK,85,2,0.005000,0.000,0.010,345287062,851400,8,26913,26922,1,57,7,6195043,37585,6184977,1396,0.000000,0.026684,0.031743,44,0,4683.55,6191270,6191190,2554,40047,SUCCESS,8662,0,equal,299843584,220927680,0,1427888256,,,,,1396,1404,used,,,,20260910-0005
2026-09-10 17:42:34,HAUSP-UB[noEUCS],KOSARAK,86,2,0.005000,0.000,0.010,349225914,861300,8,27128,27137,1,58,7,6167647,37699,6157661,1378,0.000000,0.026774,0.031876,44,0,4789.99,6163891,6163795,2557,40152,SUCCESS,8578,0,equal,308428800,223445760,0,1442618368,,,,,1378,1408,used,,,,20260910-0005
2026-09-10 17:43:01,HAUSP-UB[noEUCS],KOSARAK,87,2,0.005000,0.000,0.010,353078000,871200,10,27418,27428,1,58,7,6080107,37789,6070180,1386,0.000000,0.026860,0.032012,44,0,4809.49,6076333,6076251,2534,40238,SUCCESS,8516,0,equal,307789824,225932192,0,1463017728,,,,,1386,1411,used,,,,20260910-0005
2026-09-10 17:43:28,HAUSP-UB[noEUCS],KOSARAK,88,2,0.005000,0.000,0.010,357017428,881100,4,27279,27283,0,57,7,6037496,37880,6027670,1371,0.000000,0.026917,0.032072,44,0,4851.92,6033724,6033651,2521,40320,SUCCESS,8412,0,equal,308625408,228470176,0,1474329984,,,,,1371,1414,used,,,,20260910-0005
2026-09-10 17:43:56,HAUSP-UB[noEUCS],KOSARAK,89,2,0.005000,0.000,0.010,361065349,891000,8,27546,27554,1,57,7,6066396,37960,6056543,1391,0.000000,0.026823,0.031968,44,0,4883.86,6062636,6062516,2559,40420,SUCCESS,8453,0,equal,296599552,231070624,0,1488281344,,,,,1391,1400,used,,,,20260910-0005
2026-09-10 17:44:24,HAUSP-UB[noEUCS],KOSARAK,90,2,0.005000,0.000,0.010,365088926,900900,4,27820,27825,0,58,7,6022789,38057,6013002,1392,0.000000,0.026859,0.032047,44,0,4828.79,6019031,6018926,2564,40521,SUCCESS,8392,0,equal,297418752,233637920,0,1503131264,,,,,1392,1395,used,,,,20260910-0005
2026-09-10 17:44:52,HAUSP-UB[noEUCS],KOSARAK,91,2,0.005000,0.000,0.010,369111695,910800,8,28339,28347,1,57,7,6062498,38136,6052597,1394,0.000000,0.026792,0.031938,44,0,4863.37,6058709,6058634,2538,40598,SUCCESS,8497,0,equal,312049664,236216704,0,1513844864,,,,,1394,1404,used,,,,20260910-0005
2026-09-10 17:45:21,HAUSP-UB[noEUCS],KOSARAK,92,2,0.005000,0.000,0.010,373087521,920700,8,28763,28771,1,57,7,6036445,38216,6026583,1387,0.000000,0.026804,0.031962,44,0,4898.76,6032664,6032596,2529,40672,SUCCESS,8463,0,equal,302481408,238766880,0,1524746624,,,,,1387,1399,used,,,,20260910-0005
2026-09-10 17:45:50,HAUSP-UB[noEUCS],KOSARAK,93,2,0.005000,0.000,0.010,376961751,930600,9,29131,29140,1,57,7,6000863,38322,5991020,1386,0.000000,0.026841,0.032014,44,0,4736.43,5997108,5997018,2545,40770,SUCCESS,8438,0,equal,310558720,241241568,0,1540656256,,,,,1386,1405,used,,,,20260910-0005
2026-09-10 17:46:19,HAUSP-UB[noEUCS],KOSARAK,94,2,0.005000,0.000,0.010,381094321,940500,8,29467,29475,1,57,7,6039340,38412,6029487,1378,0.000000,0.026886,0.032052,44,0,4768.43,6035571,6035489,2529,40856,SUCCESS,8442,0,equal,299548672,243903200,0,1553413632,,,,,1378,1411,used,,,,20260910-0005
2026-09-10 17:46:49,HAUSP-UB[noEUCS],KOSARAK,95,2,0.005000,0.000,0.010,385148600,950400,8,29871,29880,1,58,7,5999932,38534,5990093,1380,0.000000,0.026907,0.032084,44,0,4814.44,5996196,5996076,2563,40977,SUCCESS,8425,0,equal,308199424,246502720,0,1569784832,,,,,1380,1414,used,,,,20260910-0005
2026-09-10 17:47:19,HAUSP-UB[noEUCS],KOSARAK,96,2,0.005000,0.000,0.010,389141379,960300,8,30053,30061,1,57,7,5925676,38622,5915871,1383,0.000000,0.026960,0.032159,44,0,4957.85,5921905,5921833,2514,41057,SUCCESS,8389,0,equal,309067776,249088704,0,1581576576,,,,,1383,1416,used,,,,20260910-0005
2026-09-10 17:47:50,HAUSP-UB[noEUCS],KOSARAK,97,2,0.005000,0.000,0.010,393197172,970200,8,30430,30439,1,57,7,5956708,38707,5946881,1379,0.000000,0.027004,0.032194,44,0,4949.99,5952939,5952862,2511,41138,SUCCESS,8408,0,equal,308248576,251665856,0,1593354880,,,,,1379,1419,used,,,,20260910-0005
2026-09-10 17:48:21,HAUSP-UB[noEUCS],KOSARAK,98,2,0.005000,0.000,0.010,397135261,980100,9,31301,31310,1,58,7,6062425,38765,6052516,1380,0.000000,0.026942,0.032112,44,0,4866.79,6058631,6058555,2506,41205,SUCCESS,8488,0,equal,310837248,254188640,0,1602839552,,,,,1380,1421,used,,,,20260910-0005
2026-09-10 17:48:52,HAUSP-UB[noEUCS],KOSARAK,99,2,0.005000,0.000,0.010,400890653,990002,8,31153,31161,1,57,7,5996043,38834,5986189,1379,0.000000,0.027005,0.032215,44,0,4898.79,5992250,5992189,2500,41270,SUCCESS,8432,0,equal,302317568,256608480,0,1611991680,,,,,1379,1422,used,,,,20260910-0005
