# run_id=20260904-1357 git=de94c3a jvm=26.0.1 heap=24g host=ThaiTMs-MacBook-Pro.local tree=clean cmd=--exp 1,2,4 --algo HAUSP-UB-L1 --repeats 3 --results-dir results-2026-09 --timeout 90 --resume
Timestamp,Algorithm,Dataset,BatchID,RunIndex,MinUtil,mu,DeltaRatio,TotalDBUtil,CumulativeDBSize,tScan(ms),tMining(ms),tTotal(ms),tLayer1(ms),tLayer2(ms),tLayer3(ms),Cand,PrunedL1(SWU),PrunedL2(IAUUB),PrunedL3(MFUUB),TightnessPEAU,TightnessIAUUB,TightnessMFUUB,HAUSP,SHAUS,MemPeak(MB),PoolBorrows,PoolReuses,PoolPeakLive,AudulActive,Status,Recursed,ArmOrder,Schedule,PoolBytes,FlatBytes,EucsBytes,AudulRootBytes,RescanTriggered,BufferUtil,BufferTested,SafetyBound,PrunedL3Node,PrunedL1Root,MemMode,MemLive(MB),MemRetained(MB),GcForced,RunID
,HAUSP-UB-L1,BIBLE,0,0,0.001000,0.000,0.200,0,0,0,0,0,0,0,0,0,0,0,0,0.000000,0.000000,0.000000,0,0,0.00,0,0,0,0,OT,0,0,,,,,,,,,,,,used,,,,20260904-1357
,HAUSP-UB-L1,BIBLE,1,0,0.001000,0.000,0.200,0,0,0,0,0,0,0,0,0,0,0,0,0.000000,0.000000,0.000000,0,0,0.00,0,0,0,0,SKIPPED,0,0,,,,,,,,,,,,used,,,,20260904-1357
,HAUSP-UB-L1,BIBLE,2,0,0.001000,0.000,0.200,0,0,0,0,0,0,0,0,0,0,0,0,0.000000,0.000000,0.000000,0,0,0.00,0,0,0,0,SKIPPED,0,0,,,,,,,,,,,,used,,,,20260904-1357
,HAUSP-UB-L1,BIBLE,3,0,0.001000,0.000,0.200,0,0,0,0,0,0,0,0,0,0,0,0,0.000000,0.000000,0.000000,0,0,0.00,0,0,0,0,SKIPPED,0,0,,,,,,,,,,,,used,,,,20260904-1357
,HAUSP-UB-L1,BIBLE,4,0,0.001000,0.000,0.200,0,0,0,0,0,0,0,0,0,0,0,0,0.000000,0.000000,0.000000,0,0,0.00,0,0,0,0,SKIPPED,0,0,,,,,,,,,,,,used,,,,20260904-1357
,HAUSP-UB-L1,BMS1_SPMF,0,0,0.003500,0.000,0.200,0,0,0,0,0,0,0,0,0,0,0,0,0.000000,0.000000,0.000000,0,0,0.00,0,0,0,0,OT,0,0,,,,,,,,,,,,used,,,,20260904-1357
,HAUSP-UB-L1,BMS1_SPMF,1,0,0.003500,0.000,0.200,0,0,0,0,0,0,0,0,0,0,0,0,0.000000,0.000000,0.000000,0,0,0.00,0,0,0,0,SKIPPED,0,0,,,,,,,,,,,,used,,,,20260904-1357
,HAUSP-UB-L1,BMS1_SPMF,2,0,0.003500,0.000,0.200,0,0,0,0,0,0,0,0,0,0,0,0,0.000000,0.000000,0.000000,0,0,0.00,0,0,0,0,SKIPPED,0,0,,,,,,,,,,,,used,,,,20260904-1357
,HAUSP-UB-L1,BMS1_SPMF,3,0,0.003500,0.000,0.200,0,0,0,0,0,0,0,0,0,0,0,0,0.000000,0.000000,0.000000,0,0,0.00,0,0,0,0,SKIPPED,0,0,,,,,,,,,,,,used,,,,20260904-1357
,HAUSP-UB-L1,BMS1_SPMF,4,0,0.003500,0.000,0.200,0,0,0,0,0,0,0,0,0,0,0,0,0.000000,0.000000,0.000000,0,0,0.00,0,0,0,0,SKIPPED,0,0,,,,,,,,,,,,used,,,,20260904-1357
,HAUSP-UB-L1,FIFA,0,0,0.012000,0.000,0.200,0,0,0,0,0,0,0,0,0,0,0,0,0.000000,0.000000,0.000000,0,0,0.00,0,0,0,0,OT,0,0,,,,,,,,,,,,used,,,,20260904-1357
,HAUSP-UB-L1,FIFA,1,0,0.012000,0.000,0.200,0,0,0,0,0,0,0,0,0,0,0,0,0.000000,0.000000,0.000000,0,0,0.00,0,0,0,0,SKIPPED,0,0,,,,,,,,,,,,used,,,,20260904-1357
,HAUSP-UB-L1,FIFA,2,0,0.012000,0.000,0.200,0,0,0,0,0,0,0,0,0,0,0,0,0.000000,0.000000,0.000000,0,0,0.00,0,0,0,0,SKIPPED,0,0,,,,,,,,,,,,used,,,,20260904-1357
,HAUSP-UB-L1,FIFA,3,0,0.012000,0.000,0.200,0,0,0,0,0,0,0,0,0,0,0,0,0.000000,0.000000,0.000000,0,0,0.00,0,0,0,0,SKIPPED,0,0,,,,,,,,,,,,used,,,,20260904-1357
,HAUSP-UB-L1,FIFA,4,0,0.012000,0.000,0.200,0,0,0,0,0,0,0,0,0,0,0,0,0.000000,0.000000,0.000000,0,0,0.00,0,0,0,0,SKIPPED,0,0,,,,,,,,,,,,used,,,,20260904-1357
,HAUSP-UB-L1,KOSARAK,0,0,0.003000,0.000,0.200,0,0,0,0,0,0,0,0,0,0,0,0,0.000000,0.000000,0.000000,0,0,0.00,0,0,0,0,OT,0,0,,,,,,,,,,,,used,,,,20260904-1357
,HAUSP-UB-L1,KOSARAK,1,0,0.003000,0.000,0.200,0,0,0,0,0,0,0,0,0,0,0,0,0.000000,0.000000,0.000000,0,0,0.00,0,0,0,0,SKIPPED,0,0,,,,,,,,,,,,used,,,,20260904-1357
,HAUSP-UB-L1,KOSARAK,2,0,0.003000,0.000,0.200,0,0,0,0,0,0,0,0,0,0,0,0,0.000000,0.000000,0.000000,0,0,0.00,0,0,0,0,SKIPPED,0,0,,,,,,,,,,,,used,,,,20260904-1357
,HAUSP-UB-L1,KOSARAK,3,0,0.003000,0.000,0.200,0,0,0,0,0,0,0,0,0,0,0,0,0.000000,0.000000,0.000000,0,0,0.00,0,0,0,0,SKIPPED,0,0,,,,,,,,,,,,used,,,,20260904-1357
,HAUSP-UB-L1,KOSARAK,4,0,0.003000,0.000,0.200,0,0,0,0,0,0,0,0,0,0,0,0,0.000000,0.000000,0.000000,0,0,0.00,0,0,0,0,SKIPPED,0,0,,,,,,,,,,,,used,,,,20260904-1357
,HAUSP-UB-L1,LEVIATHAN,0,0,0.003000,0.000,0.200,0,0,0,0,0,0,0,0,0,0,0,0,0.000000,0.000000,0.000000,0,0,0.00,0,0,0,0,OT,0,0,,,,,,,,,,,,used,,,,20260904-1357
,HAUSP-UB-L1,LEVIATHAN,1,0,0.003000,0.000,0.200,0,0,0,0,0,0,0,0,0,0,0,0,0.000000,0.000000,0.000000,0,0,0.00,0,0,0,0,SKIPPED,0,0,,,,,,,,,,,,used,,,,20260904-1357
,HAUSP-UB-L1,LEVIATHAN,2,0,0.003000,0.000,0.200,0,0,0,0,0,0,0,0,0,0,0,0,0.000000,0.000000,0.000000,0,0,0.00,0,0,0,0,SKIPPED,0,0,,,,,,,,,,,,used,,,,20260904-1357
,HAUSP-UB-L1,LEVIATHAN,3,0,0.003000,0.000,0.200,0,0,0,0,0,0,0,0,0,0,0,0,0.000000,0.000000,0.000000,0,0,0.00,0,0,0,0,SKIPPED,0,0,,,,,,,,,,,,used,,,,20260904-1357
,HAUSP-UB-L1,LEVIATHAN,4,0,0.003000,0.000,0.200,0,0,0,0,0,0,0,0,0,0,0,0,0.000000,0.000000,0.000000,0,0,0.00,0,0,0,0,SKIPPED,0,0,,,,,,,,,,,,used,,,,20260904-1357
,HAUSP-UB-L1,SIGN,0,0,0.003000,0.000,0.200,0,0,0,0,0,0,0,0,0,0,0,0,0.000000,0.000000,0.000000,0,0,0.00,0,0,0,0,OT,0,0,,,,,,,,,,,,used,,,,20260904-1357
,HAUSP-UB-L1,SIGN,1,0,0.003000,0.000,0.200,0,0,0,0,0,0,0,0,0,0,0,0,0.000000,0.000000,0.000000,0,0,0.00,0,0,0,0,SKIPPED,0,0,,,,,,,,,,,,used,,,,20260904-1357
,HAUSP-UB-L1,SIGN,2,0,0.003000,0.000,0.200,0,0,0,0,0,0,0,0,0,0,0,0,0.000000,0.000000,0.000000,0,0,0.00,0,0,0,0,SKIPPED,0,0,,,,,,,,,,,,used,,,,20260904-1357
,HAUSP-UB-L1,SIGN,3,0,0.003000,0.000,0.200,0,0,0,0,0,0,0,0,0,0,0,0,0.000000,0.000000,0.000000,0,0,0.00,0,0,0,0,SKIPPED,0,0,,,,,,,,,,,,used,,,,20260904-1357
,HAUSP-UB-L1,SIGN,4,0,0.003000,0.000,0.200,0,0,0,0,0,0,0,0,0,0,0,0,0.000000,0.000000,0.000000,0,0,0.00,0,0,0,0,SKIPPED,0,0,,,,,,,,,,,,used,,,,20260904-1357
,HAUSP-UB-L1,C8T1S5I8N5K,0,0,0.000200,0.000,0.200,0,0,0,0,0,0,0,0,0,0,0,0,0.000000,0.000000,0.000000,0,0,0.00,0,0,0,0,OT,0,0,,,,,,,,,,,,used,,,,20260904-1357
,HAUSP-UB-L1,C8T1S5I8N5K,1,0,0.000200,0.000,0.200,0,0,0,0,0,0,0,0,0,0,0,0,0.000000,0.000000,0.000000,0,0,0.00,0,0,0,0,SKIPPED,0,0,,,,,,,,,,,,used,,,,20260904-1357
,HAUSP-UB-L1,C8T1S5I8N5K,2,0,0.000200,0.000,0.200,0,0,0,0,0,0,0,0,0,0,0,0,0.000000,0.000000,0.000000,0,0,0.00,0,0,0,0,SKIPPED,0,0,,,,,,,,,,,,used,,,,20260904-1357
,HAUSP-UB-L1,C8T1S5I8N5K,3,0,0.000200,0.000,0.200,0,0,0,0,0,0,0,0,0,0,0,0,0.000000,0.000000,0.000000,0,0,0.00,0,0,0,0,SKIPPED,0,0,,,,,,,,,,,,used,,,,20260904-1357
,HAUSP-UB-L1,C8T1S5I8N5K,4,0,0.000200,0.000,0.200,0,0,0,0,0,0,0,0,0,0,0,0,0.000000,0.000000,0.000000,0,0,0.00,0,0,0,0,SKIPPED,0,0,,,,,,,,,,,,used,,,,20260904-1357
# run_id=20260905-0028 git=de94c3a jvm=26.0.1 heap=24g host=ThaiTMs-MacBook-Pro.local tree=clean cmd=--exp 1,3 --dataset syn_c8t1s5i8n5k,leviathan --repeats 3 --repeats-min-seconds 10 --results-dir results-2026-09 --timeout 90 --resume
2026-09-05 00:28:22,EHAUSM-R,LEVIATHAN,0,0,0.003000,0.000,0.200,2833171,1166,30,757,787,0,0,0,2369635,2739,2352790,0,0.451577,0.000000,0.000000,4440,0,91.27,0,0,0,0,SUCCESS,0,0,,,,,,,,,,,,used,,,,20260905-0028
2026-09-05 00:28:24,EHAUSM-R,LEVIATHAN,1,0,0.003000,0.000,0.200,5742029,2332,24,1768,1793,0,0,0,4381765,4516,4358708,0,0.443280,0.000000,0.000000,5965,0,73.85,0,0,0,0,SUCCESS,0,0,,,,,,,,,,,,used,,,,20260905-0028
2026-09-05 00:28:27,EHAUSM-R,LEVIATHAN,2,0,0.003000,0.000,0.200,8655898,3498,9,2929,2939,0,0,0,5564058,5931,5538626,0,0.442553,0.000000,0.000000,6387,0,64.19,0,0,0,0,SUCCESS,0,0,,,,,,,,,,,,used,,,,20260905-0028
2026-09-05 00:28:31,EHAUSM-R,LEVIATHAN,3,0,0.003000,0.000,0.200,11406844,4664,19,3834,3854,0,0,0,6078888,6893,6053759,0,0.438996,0.000000,0.000000,6281,0,221.37,0,0,0,0,SUCCESS,0,0,,,,,,,,,,,,used,,,,20260905-0028
2026-09-05 00:28:36,EHAUSM-R,LEVIATHAN,4,0,0.003000,0.000,0.200,14156241,5834,17,4963,4980,0,0,0,6599011,7777,6572852,0,0.439127,0.000000,0.000000,6511,0,287.18,0,0,0,0,SUCCESS,0,0,,,,,,,,,,,,used,,,,20260905-0028
2026-09-05 00:28:38,EHAUSM-R,LEVIATHAN,0,1,0.003000,0.000,0.200,2833171,1166,10,694,705,0,0,0,2369635,2739,2352790,0,0.451577,0.000000,0.000000,4440,0,203.25,0,0,0,0,SUCCESS,0,0,,,,,,,,,,,,used,,,,20260905-0028
2026-09-05 00:28:40,EHAUSM-R,LEVIATHAN,1,1,0.003000,0.000,0.200,5742029,2332,9,1783,1793,0,0,0,4381765,4516,4358708,0,0.443280,0.000000,0.000000,5965,0,280.36,0,0,0,0,SUCCESS,0,0,,,,,,,,,,,,used,,,,20260905-0028
2026-09-05 00:28:43,EHAUSM-R,LEVIATHAN,2,1,0.003000,0.000,0.200,8655898,3498,10,2945,2956,0,0,0,5564058,5931,5538626,0,0.442553,0.000000,0.000000,6387,0,78.66,0,0,0,0,SUCCESS,0,0,,,,,,,,,,,,used,,,,20260905-0028
2026-09-05 00:28:47,EHAUSM-R,LEVIATHAN,3,1,0.003000,0.000,0.200,11406844,4664,13,3833,3846,0,0,0,6078888,6893,6053759,0,0.438996,0.000000,0.000000,6281,0,119.36,0,0,0,0,SUCCESS,0,0,,,,,,,,,,,,used,,,,20260905-0028
2026-09-05 00:28:52,EHAUSM-R,LEVIATHAN,4,1,0.003000,0.000,0.200,14156241,5834,16,4962,4979,0,0,0,6599011,7777,6572852,0,0.439127,0.000000,0.000000,6511,0,271.56,0,0,0,0,SUCCESS,0,0,,,,,,,,,,,,used,,,,20260905-0028
2026-09-05 00:28:54,EHAUSM-R,LEVIATHAN,0,2,0.003000,0.000,0.200,2833171,1166,9,694,704,0,0,0,2369635,2739,2352790,0,0.451577,0.000000,0.000000,4440,0,75.19,0,0,0,0,SUCCESS,0,0,,,,,,,,,,,,used,,,,20260905-0028
2026-09-05 00:28:56,EHAUSM-R,LEVIATHAN,1,2,0.003000,0.000,0.200,5742029,2332,6,1765,1772,0,0,0,4381765,4516,4358708,0,0.443280,0.000000,0.000000,5965,0,70.47,0,0,0,0,SUCCESS,0,0,,,,,,,,,,,,used,,,,20260905-0028
2026-09-05 00:28:59,EHAUSM-R,LEVIATHAN,2,2,0.003000,0.000,0.200,8655898,3498,10,2946,2957,0,0,0,5564058,5931,5538626,0,0.442553,0.000000,0.000000,6387,0,111.18,0,0,0,0,SUCCESS,0,0,,,,,,,,,,,,used,,,,20260905-0028
2026-09-05 00:29:03,EHAUSM-R,LEVIATHAN,3,2,0.003000,0.000,0.200,11406844,4664,14,3846,3861,0,0,0,6078888,6893,6053759,0,0.438996,0.000000,0.000000,6281,0,119.19,0,0,0,0,SUCCESS,0,0,,,,,,,,,,,,used,,,,20260905-0028
2026-09-05 00:29:08,EHAUSM-R,LEVIATHAN,4,2,0.003000,0.000,0.200,14156241,5834,16,4968,4984,0,0,0,6599011,7777,6572852,0,0.439127,0.000000,0.000000,6511,0,271.24,0,0,0,0,SUCCESS,0,0,,,,,,,,,,,,used,,,,20260905-0028
2026-09-05 00:29:10,EHAUSM-I,LEVIATHAN,0,0,0.003000,0.000,0.200,2833171,1166,32,912,945,0,0,0,2369635,2739,2352790,0,0.575573,0.000000,0.000000,4440,0,84.39,0,0,0,0,SUCCESS,0,1,,,,,,,,,,,,used,,,,20260905-0028
2026-09-05 00:29:12,EHAUSM-I,LEVIATHAN,1,0,0.003000,0.000,0.200,5742029,2332,9,2152,2162,0,0,0,3424588,4516,3401531,0,0.545816,0.000000,0.000000,5965,0,588.22,0,0,0,0,SUCCESS,0,1,,,,,,,,,,,,used,,,,20260905-0028
2026-09-05 00:29:16,EHAUSM-I,LEVIATHAN,2,0,0.003000,0.000,0.200,8655898,3498,17,3311,3329,0,0,0,3685862,5931,3660430,0,0.529942,0.000000,0.000000,6387,0,966.02,0,0,0,0,SUCCESS,0,1,,,,,,,,,,,,used,,,,20260905-0028
2026-09-05 00:29:20,EHAUSM-I,LEVIATHAN,3,0,0.003000,0.000,0.200,11406844,4664,7,4265,4272,0,0,0,3369763,6893,3344634,0,0.517678,0.000000,0.000000,6281,0,831.51,0,0,0,0,SUCCESS,0,1,,,,,,,,,,,,used,,,,20260905-0028
2026-09-05 00:29:26,EHAUSM-I,LEVIATHAN,4,0,0.003000,0.000,0.200,14156241,5834,8,5536,5545,0,0,0,3692419,7777,3666260,0,0.510458,0.000000,0.000000,6511,0,894.77,0,0,0,0,SUCCESS,0,1,,,,,,,,,,,,used,,,,20260905-0028
2026-09-05 00:29:28,EHAUSM-I,LEVIATHAN,0,1,0.003000,0.000,0.200,2833171,1166,9,868,878,0,0,0,2369635,2739,2352790,0,0.575573,0.000000,0.000000,4440,0,171.90,0,0,0,0,SUCCESS,0,1,,,,,,,,,,,,used,,,,20260905-0028
2026-09-05 00:29:30,EHAUSM-I,LEVIATHAN,1,1,0.003000,0.000,0.200,5742029,2332,8,2119,2128,0,0,0,3424588,4516,3401531,0,0.545816,0.000000,0.000000,5965,0,445.13,0,0,0,0,SUCCESS,0,1,,,,,,,,,,,,used,,,,20260905-0028
2026-09-05 00:29:34,EHAUSM-I,LEVIATHAN,2,1,0.003000,0.000,0.200,8655898,3498,8,3311,3320,0,0,0,3685862,5931,3660430,0,0.529942,0.000000,0.000000,6387,0,858.12,0,0,0,0,SUCCESS,0,1,,,,,,,,,,,,used,,,,20260905-0028
2026-09-05 00:29:38,EHAUSM-I,LEVIATHAN,3,1,0.003000,0.000,0.200,11406844,4664,9,4268,4278,0,0,0,3369763,6893,3344634,0,0.517678,0.000000,0.000000,6281,0,679.54,0,0,0,0,SUCCESS,0,1,,,,,,,,,,,,used,,,,20260905-0028
2026-09-05 00:29:44,EHAUSM-I,LEVIATHAN,4,1,0.003000,0.000,0.200,14156241,5834,9,5537,5547,0,0,0,3692419,7777,3666260,0,0.510458,0.000000,0.000000,6511,0,903.90,0,0,0,0,SUCCESS,0,1,,,,,,,,,,,,used,,,,20260905-0028
2026-09-05 00:29:45,EHAUSM-I,LEVIATHAN,0,2,0.003000,0.000,0.200,2833171,1166,10,875,886,0,0,0,2369635,2739,2352790,0,0.575573,0.000000,0.000000,4440,0,186.80,0,0,0,0,SUCCESS,0,1,,,,,,,,,,,,used,,,,20260905-0028
2026-09-05 00:29:48,EHAUSM-I,LEVIATHAN,1,2,0.003000,0.000,0.200,5742029,2332,5,2121,2127,0,0,0,3424588,4516,3401531,0,0.545816,0.000000,0.000000,5965,0,350.00,0,0,0,0,SUCCESS,0,1,,,,,,,,,,,,used,,,,20260905-0028
2026-09-05 00:29:51,EHAUSM-I,LEVIATHAN,2,2,0.003000,0.000,0.200,8655898,3498,6,3310,3317,0,0,0,3685862,5931,3660430,0,0.529942,0.000000,0.000000,6387,0,860.27,0,0,0,0,SUCCESS,0,1,,,,,,,,,,,,used,,,,20260905-0028
2026-09-05 00:29:56,EHAUSM-I,LEVIATHAN,3,2,0.003000,0.000,0.200,11406844,4664,7,4266,4273,0,0,0,3369763,6893,3344634,0,0.517678,0.000000,0.000000,6281,0,676.94,0,0,0,0,SUCCESS,0,1,,,,,,,,,,,,used,,,,20260905-0028
2026-09-05 00:30:02,EHAUSM-I,LEVIATHAN,4,2,0.003000,0.000,0.200,14156241,5834,9,5533,5542,0,0,0,3692419,7777,3666260,0,0.510458,0.000000,0.000000,6511,0,1229.05,0,0,0,0,SUCCESS,0,1,,,,,,,,,,,,used,,,,20260905-0028
2026-09-05 00:30:03,Pre-HAUSPM,LEVIATHAN,0,0,0.003000,0.200,0.200,2833171,1166,10,1075,1085,0,0,0,6955860,0,6928715,0,0.000000,0.000000,0.000000,4440,9305,233.94,0,0,0,0,SUCCESS,0,2,,,,,,1,0,2833171,0,,,used,,,,20260905-0028
2026-09-05 00:30:06,Pre-HAUSPM,LEVIATHAN,1,0,0.003000,0.200,0.200,5742029,2332,2,2579,2581,0,0,0,15831737,0,15794775,0,0.000000,0.000000,0.000000,5965,11932,261.85,0,0,0,0,SUCCESS,0,2,,,,,,1,0,2908858,1705,,,used,,,,20260905-0028
2026-09-05 00:30:11,Pre-HAUSPM,LEVIATHAN,2,0,0.003000,0.200,0.200,8655898,3498,1,4248,4250,0,0,0,24273190,0,24232801,0,0.000000,0.000000,0.000000,6387,12725,207.51,0,0,0,0,SUCCESS,0,2,,,,,,1,0,2913869,3456,,,used,,,,20260905-0028
2026-09-05 00:30:17,Pre-HAUSPM,LEVIATHAN,3,0,0.003000,0.200,0.200,11406844,4664,0,5474,5475,0,0,0,29430526,0,29390526,0,0.000000,0.000000,0.000000,6281,12467,294.58,0,0,0,0,SUCCESS,0,2,,,,,,1,0,2750946,5209,,,used,,,,20260905-0028
2026-09-05 00:30:24,Pre-HAUSPM,LEVIATHAN,4,0,0.003000,0.200,0.200,14156241,5834,0,7066,7067,0,0,0,36239222,0,36197393,0,0.000000,0.000000,0.000000,6511,12869,329.52,0,0,0,0,SUCCESS,0,2,,,,,,1,0,2749397,6865,,,used,,,,20260905-0028
2026-09-05 00:30:26,Pre-HAUSPM,LEVIATHAN,0,1,0.003000,0.200,0.200,2833171,1166,2,1069,1071,0,0,0,6955860,0,6928715,0,0.000000,0.000000,0.000000,4440,9305,75.66,0,0,0,0,SUCCESS,0,2,,,,,,1,0,2833171,0,,,used,,,,20260905-0028
2026-09-05 00:30:28,Pre-HAUSPM,LEVIATHAN,1,1,0.003000,0.200,0.200,5742029,2332,0,2571,2571,0,0,0,15831737,0,15794775,0,0.000000,0.000000,0.000000,5965,11932,223.86,0,0,0,0,SUCCESS,0,2,,,,,,1,0,2908858,1705,,,used,,,,20260905-0028
2026-09-05 00:30:33,Pre-HAUSPM,LEVIATHAN,2,1,0.003000,0.200,0.200,8655898,3498,0,4239,4240,0,0,0,24273190,0,24232801,0,0.000000,0.000000,0.000000,6387,12725,287.68,0,0,0,0,SUCCESS,0,2,,,,,,1,0,2913869,3456,,,used,,,,20260905-0028
2026-09-05 00:30:39,Pre-HAUSPM,LEVIATHAN,3,1,0.003000,0.200,0.200,11406844,4664,0,5462,5463,0,0,0,29430526,0,29390526,0,0.000000,0.000000,0.000000,6281,12467,294.91,0,0,0,0,SUCCESS,0,2,,,,,,1,0,2750946,5209,,,used,,,,20260905-0028
2026-09-05 00:30:46,Pre-HAUSPM,LEVIATHAN,4,1,0.003000,0.200,0.200,14156241,5834,0,7071,7072,0,0,0,36239222,0,36197393,0,0.000000,0.000000,0.000000,6511,12869,298.24,0,0,0,0,SUCCESS,0,2,,,,,,1,0,2749397,6865,,,used,,,,20260905-0028
2026-09-05 00:30:48,Pre-HAUSPM,LEVIATHAN,0,2,0.003000,0.200,0.200,2833171,1166,2,1063,1065,0,0,0,6955860,0,6928715,0,0.000000,0.000000,0.000000,4440,9305,75.68,0,0,0,0,SUCCESS,0,2,,,,,,1,0,2833171,0,,,used,,,,20260905-0028
2026-09-05 00:30:51,Pre-HAUSPM,LEVIATHAN,1,2,0.003000,0.200,0.200,5742029,2332,0,2577,2578,0,0,0,15831737,0,15794775,0,0.000000,0.000000,0.000000,5965,11932,223.85,0,0,0,0,SUCCESS,0,2,,,,,,1,0,2908858,1705,,,used,,,,20260905-0028
2026-09-05 00:30:55,Pre-HAUSPM,LEVIATHAN,2,2,0.003000,0.200,0.200,8655898,3498,0,4235,4236,0,0,0,24273190,0,24232801,0,0.000000,0.000000,0.000000,6387,12725,287.75,0,0,0,0,SUCCESS,0,2,,,,,,1,0,2913869,3456,,,used,,,,20260905-0028
2026-09-05 00:31:01,Pre-HAUSPM,LEVIATHAN,3,2,0.003000,0.200,0.200,11406844,4664,0,5454,5455,0,0,0,29430526,0,29390526,0,0.000000,0.000000,0.000000,6281,12467,295.05,0,0,0,0,SUCCESS,0,2,,,,,,1,0,2750946,5209,,,used,,,,20260905-0028
2026-09-05 00:31:08,Pre-HAUSPM,LEVIATHAN,4,2,0.003000,0.200,0.200,14156241,5834,0,7051,7052,0,0,0,36239222,0,36197393,0,0.000000,0.000000,0.000000,6511,12869,329.53,0,0,0,0,SUCCESS,0,2,,,,,,1,0,2749397,6865,,,used,,,,20260905-0028
,HAUSP-UB-L1,LEVIATHAN,0,1,0.003000,0.000,0.200,0,0,0,0,0,0,0,0,0,0,0,0,0.000000,0.000000,0.000000,0,0,0.00,0,0,0,0,OT,0,3,,,,,,,,,,,,used,,,,20260905-0028
,HAUSP-UB-L1,LEVIATHAN,1,1,0.003000,0.000,0.200,0,0,0,0,0,0,0,0,0,0,0,0,0.000000,0.000000,0.000000,0,0,0.00,0,0,0,0,SKIPPED,0,3,,,,,,,,,,,,used,,,,20260905-0028
,HAUSP-UB-L1,LEVIATHAN,2,1,0.003000,0.000,0.200,0,0,0,0,0,0,0,0,0,0,0,0,0.000000,0.000000,0.000000,0,0,0.00,0,0,0,0,SKIPPED,0,3,,,,,,,,,,,,used,,,,20260905-0028
,HAUSP-UB-L1,LEVIATHAN,3,1,0.003000,0.000,0.200,0,0,0,0,0,0,0,0,0,0,0,0,0.000000,0.000000,0.000000,0,0,0.00,0,0,0,0,SKIPPED,0,3,,,,,,,,,,,,used,,,,20260905-0028
,HAUSP-UB-L1,LEVIATHAN,4,1,0.003000,0.000,0.200,0,0,0,0,0,0,0,0,0,0,0,0,0.000000,0.000000,0.000000,0,0,0.00,0,0,0,0,SKIPPED,0,3,,,,,,,,,,,,used,,,,20260905-0028
2026-09-05 02:01:15,HAUSP-UB,LEVIATHAN,0,0,0.003000,0.000,0.200,2833171,1166,12,343,355,0,21,7,2192133,3333,2173480,1214,0.000000,0.363978,0.376474,4440,0,78.26,2194872,2190206,4666,4038,SUCCESS,17202,4,,2751744,1192704,8505360,1136384,,,,,357,594,used,,,,20260905-0028
2026-09-05 02:01:16,HAUSP-UB,LEVIATHAN,1,0,0.003000,0.000,0.200,5742029,2332,23,712,736,0,32,10,4030364,5060,4005126,1637,0.000000,0.369428,0.382278,5965,0,118.12,4030842,4029152,2318,5731,SUCCESS,23380,4,,6321280,2485664,16893968,5427072,,,,,323,544,used,,,,20260905-0028
2026-09-05 02:01:17,HAUSP-UB,LEVIATHAN,2,0,0.003000,0.000,0.200,8655898,3498,14,1172,1186,0,39,11,5067872,6468,5040244,1659,0.000000,0.371106,0.383258,6387,0,131.48,5068072,5066656,2041,7137,SUCCESS,25753,4,,11534592,3784224,16945488,13622528,,,,,321,537,used,,,,20260905-0028
2026-09-05 02:01:19,HAUSP-UB,LEVIATHAN,3,0,0.003000,0.000,0.200,11406844,4664,12,1522,1535,0,41,11,5503713,7425,5476314,1738,0.000000,0.365936,0.378513,6281,0,156.46,5503469,5502479,1625,8110,SUCCESS,25454,4,,16881664,5049280,16945488,26786432,,,,,325,532,used,,,,20260905-0028
2026-09-05 02:01:21,HAUSP-UB,LEVIATHAN,4,0,0.003000,0.000,0.200,14156241,5834,34,2006,2041,0,46,11,5958464,8336,5929969,1777,0.000000,0.366961,0.379732,6511,0,208.87,5958131,5957214,1569,9025,SUCCESS,26495,4,,20940544,6312032,33754736,44548480,,,,,336,559,used,,,,20260905-0028
2026-09-05 02:01:22,HAUSP-UB,LEVIATHAN,0,1,0.003000,0.000,0.200,2833171,1166,10,280,290,0,19,7,2192133,3333,2173480,1214,0.000000,0.363978,0.376474,4440,0,81.12,2194872,2190206,4666,4038,SUCCESS,17202,4,,3180800,1192704,8505360,1136384,,,,,357,594,used,,,,20260905-0028
2026-09-05 02:01:23,HAUSP-UB,LEVIATHAN,1,1,0.003000,0.000,0.200,5742029,2332,12,713,726,0,32,10,4030364,5060,4005126,1637,0.000000,0.369428,0.382278,5965,0,121.89,4030842,4029152,2318,5731,SUCCESS,23380,4,,7332992,2485664,16893968,5427072,,,,,323,544,used,,,,20260905-0028
2026-09-05 02:01:25,HAUSP-UB,LEVIATHAN,2,1,0.003000,0.000,0.200,8655898,3498,11,1167,1178,0,39,11,5067872,6468,5040244,1659,0.000000,0.371106,0.383258,6387,0,132.93,5068072,5066656,2041,7137,SUCCESS,25753,4,,11913472,3784224,16945488,13622528,,,,,321,537,used,,,,20260905-0028
2026-09-05 02:01:26,HAUSP-UB,LEVIATHAN,3,1,0.003000,0.000,0.200,11406844,4664,11,1507,1518,0,42,11,5503713,7425,5476314,1738,0.000000,0.365936,0.378513,6281,0,157.69,5503469,5502479,1625,8110,SUCCESS,25454,4,,16881664,5049280,16945488,26786432,,,,,325,532,used,,,,20260905-0028
2026-09-05 02:01:29,HAUSP-UB,LEVIATHAN,4,1,0.003000,0.000,0.200,14156241,5834,17,1947,1965,0,45,11,5958464,8336,5929969,1777,0.000000,0.366961,0.379732,6511,0,248.80,5958131,5957214,1569,9025,SUCCESS,26495,4,,20940544,6312032,33754736,44548480,,,,,336,559,used,,,,20260905-0028
2026-09-05 02:01:29,HAUSP-UB,LEVIATHAN,0,2,0.003000,0.000,0.200,2833171,1166,10,280,290,0,19,7,2192133,3333,2173480,1214,0.000000,0.363978,0.376474,4440,0,81.12,2194872,2190206,4666,4038,SUCCESS,17202,4,,3180800,1192704,8505360,1136384,,,,,357,594,used,,,,20260905-0028
2026-09-05 02:01:30,HAUSP-UB,LEVIATHAN,1,2,0.003000,0.000,0.200,5742029,2332,13,714,727,0,33,10,4030364,5060,4005126,1637,0.000000,0.369428,0.382278,5965,0,122.24,4030842,4029152,2318,5731,SUCCESS,23380,4,,7332992,2485664,16893968,5427072,,,,,323,544,used,,,,20260905-0028
2026-09-05 02:01:32,HAUSP-UB,LEVIATHAN,2,2,0.003000,0.000,0.200,8655898,3498,10,1166,1177,0,40,11,5067872,6468,5040244,1659,0.000000,0.371106,0.383258,6387,0,133.01,5068072,5066656,2041,7137,SUCCESS,25753,4,,12196096,3784224,16945488,13622528,,,,,321,537,used,,,,20260905-0028
2026-09-05 02:01:33,HAUSP-UB,LEVIATHAN,3,2,0.003000,0.000,0.200,11406844,4664,10,1504,1515,0,42,11,5503713,7425,5476314,1738,0.000000,0.365936,0.378513,6281,0,156.08,5503469,5502479,1625,8110,SUCCESS,25454,4,,16881664,5049280,16945488,26786432,,,,,325,532,used,,,,20260905-0028
2026-09-05 02:01:36,HAUSP-UB,LEVIATHAN,4,2,0.003000,0.000,0.200,14156241,5834,18,1949,1967,0,46,11,5958464,8336,5929969,1777,0.000000,0.366961,0.379732,6511,0,208.57,5958131,5957214,1569,9025,SUCCESS,26495,4,,20940544,6312032,33754736,44548480,,,,,336,559,used,,,,20260905-0028
2026-09-05 02:01:37,HAUSP-UB,LEVIATHAN,0,3,0.003000,0.000,0.200,2833171,1166,10,280,290,0,19,7,2192133,3333,2173480,1214,0.000000,0.363978,0.376474,4440,0,81.12,2194872,2190206,4666,4038,SUCCESS,17202,4,,3180800,1192704,8505360,1136384,,,,,357,594,used,,,,20260905-0028
2026-09-05 02:01:37,HAUSP-UB,LEVIATHAN,1,3,0.003000,0.000,0.200,5742029,2332,13,715,728,0,32,10,4030364,5060,4005126,1637,0.000000,0.369428,0.382278,5965,0,122.03,4030842,4029152,2318,5731,SUCCESS,23380,4,,7332992,2485664,16893968,5427072,,,,,323,544,used,,,,20260905-0028
2026-09-05 02:01:39,HAUSP-UB,LEVIATHAN,2,3,0.003000,0.000,0.200,8655898,3498,10,1164,1175,0,39,11,5067872,6468,5040244,1659,0.000000,0.371106,0.383258,6387,0,133.01,5068072,5066656,2041,7137,SUCCESS,25753,4,,12196096,3784224,16945488,13622528,,,,,321,537,used,,,,20260905-0028
2026-09-05 02:01:41,HAUSP-UB,LEVIATHAN,3,3,0.003000,0.000,0.200,11406844,4664,10,1511,1522,0,42,11,5503713,7425,5476314,1738,0.000000,0.365936,0.378513,6281,0,156.10,5503469,5502479,1625,8110,SUCCESS,25454,4,,16881664,5049280,16945488,26786432,,,,,325,532,used,,,,20260905-0028
2026-09-05 02:01:43,HAUSP-UB,LEVIATHAN,4,3,0.003000,0.000,0.200,14156241,5834,18,1950,1968,0,46,11,5958464,8336,5929969,1777,0.000000,0.366961,0.379732,6511,0,208.75,5958131,5957214,1569,9025,SUCCESS,26495,4,,20940544,6312032,33754736,44548480,,,,,336,559,used,,,,20260905-0028
2026-09-05 02:01:44,HAUSP-UB,LEVIATHAN,0,4,0.003000,0.000,0.200,2833171,1166,10,281,291,0,19,7,2192133,3333,2173480,1214,0.000000,0.363978,0.376474,4440,0,81.12,2194872,2190206,4666,4038,SUCCESS,17202,4,,3180800,1192704,8505360,1136384,,,,,357,594,used,,,,20260905-0028
2026-09-05 02:01:45,HAUSP-UB,LEVIATHAN,1,4,0.003000,0.000,0.200,5742029,2332,12,714,727,0,33,10,4030364,5060,4005126,1637,0.000000,0.369428,0.382278,5965,0,121.87,4030842,4029152,2318,5731,SUCCESS,23380,4,,7332992,2485664,16893968,5427072,,,,,323,544,used,,,,20260905-0028
2026-09-05 02:01:46,HAUSP-UB,LEVIATHAN,2,4,0.003000,0.000,0.200,8655898,3498,10,1168,1179,0,40,11,5067872,6468,5040244,1659,0.000000,0.371106,0.383258,6387,0,132.93,5068072,5066656,2041,7137,SUCCESS,25753,4,,11913472,3784224,16945488,13622528,,,,,321,537,used,,,,20260905-0028
2026-09-05 02:01:48,HAUSP-UB,LEVIATHAN,3,4,0.003000,0.000,0.200,11406844,4664,11,1510,1521,0,42,11,5503713,7425,5476314,1738,0.000000,0.365936,0.378513,6281,0,157.69,5503469,5502479,1625,8110,SUCCESS,25454,4,,16881664,5049280,16945488,26786432,,,,,325,532,used,,,,20260905-0028
2026-09-05 02:01:50,HAUSP-UB,LEVIATHAN,4,4,0.003000,0.000,0.200,14156241,5834,17,1943,1961,0,46,11,5958464,8336,5929969,1777,0.000000,0.366961,0.379732,6511,0,248.85,5958131,5957214,1569,9025,SUCCESS,26495,4,,20940544,6312032,33754736,44548480,,,,,336,559,used,,,,20260905-0028
2026-09-05 02:01:51,HAUSP-UB,LEVIATHAN,0,5,0.003000,0.000,0.200,2833171,1166,10,280,290,0,19,7,2192133,3333,2173480,1214,0.000000,0.363978,0.376474,4440,0,81.12,2194872,2190206,4666,4038,SUCCESS,17202,4,,3180800,1192704,8505360,1136384,,,,,357,594,used,,,,20260905-0028
2026-09-05 02:01:52,HAUSP-UB,LEVIATHAN,1,5,0.003000,0.000,0.200,5742029,2332,13,715,728,0,33,10,4030364,5060,4005126,1637,0.000000,0.369428,0.382278,5965,0,122.31,4030842,4029152,2318,5731,SUCCESS,23380,4,,7332992,2485664,16893968,5427072,,,,,323,544,used,,,,20260905-0028
2026-09-05 02:01:53,HAUSP-UB,LEVIATHAN,2,5,0.003000,0.000,0.200,8655898,3498,11,1164,1175,0,40,11,5067872,6468,5040244,1659,0.000000,0.371106,0.383258,6387,0,133.01,5068072,5066656,2041,7137,SUCCESS,25753,4,,12196096,3784224,16945488,13622528,,,,,321,537,used,,,,20260905-0028
2026-09-05 02:01:55,HAUSP-UB,LEVIATHAN,3,5,0.003000,0.000,0.200,11406844,4664,11,1506,1517,0,42,11,5503713,7425,5476314,1738,0.000000,0.365936,0.378513,6281,0,156.08,5503469,5502479,1625,8110,SUCCESS,25454,4,,16881664,5049280,16945488,26786432,,,,,325,532,used,,,,20260905-0028
2026-09-05 02:01:57,HAUSP-UB,LEVIATHAN,4,5,0.003000,0.000,0.200,14156241,5834,18,1948,1966,0,46,12,5958464,8336,5929969,1777,0.000000,0.366961,0.379732,6511,0,208.45,5958131,5957214,1569,9025,SUCCESS,26495,4,,20940544,6312032,33754736,44548480,,,,,336,559,used,,,,20260905-0028
2026-09-05 02:01:58,HAUSP-UB,LEVIATHAN,0,6,0.003000,0.000,0.200,2833171,1166,10,280,290,0,19,7,2192133,3333,2173480,1214,0.000000,0.363978,0.376474,4440,0,81.12,2194872,2190206,4666,4038,SUCCESS,17202,4,,3180800,1192704,8505360,1136384,,,,,357,594,used,,,,20260905-0028
2026-09-05 02:01:59,HAUSP-UB,LEVIATHAN,1,6,0.003000,0.000,0.200,5742029,2332,13,714,727,0,33,10,4030364,5060,4005126,1637,0.000000,0.369428,0.382278,5965,0,121.68,4030842,4029152,2318,5731,SUCCESS,23380,4,,7332992,2485664,16893968,5427072,,,,,323,544,used,,,,20260905-0028
2026-09-05 02:02:00,HAUSP-UB,LEVIATHAN,2,6,0.003000,0.000,0.200,8655898,3498,10,1165,1176,0,40,11,5067872,6468,5040244,1659,0.000000,0.371106,0.383258,6387,0,133.01,5068072,5066656,2041,7137,SUCCESS,25753,4,,12196096,3784224,16945488,13622528,,,,,321,537,used,,,,20260905-0028
2026-09-05 02:02:02,HAUSP-UB,LEVIATHAN,3,6,0.003000,0.000,0.200,11406844,4664,10,1507,1518,0,42,11,5503713,7425,5476314,1738,0.000000,0.365936,0.378513,6281,0,156.10,5503469,5502479,1625,8110,SUCCESS,25454,4,,16881664,5049280,16945488,26786432,,,,,325,532,used,,,,20260905-0028
2026-09-05 02:02:04,HAUSP-UB,LEVIATHAN,4,6,0.003000,0.000,0.200,14156241,5834,18,1955,1973,0,46,11,5958464,8336,5929969,1777,0.000000,0.366961,0.379732,6511,0,208.56,5958131,5957214,1569,9025,SUCCESS,26495,4,,20940544,6312032,33754736,44548480,,,,,336,559,used,,,,20260905-0028
2026-09-05 02:02:05,HAUSP-UB,LEVIATHAN,0,7,0.003000,0.000,0.200,2833171,1166,10,280,290,0,19,7,2192133,3333,2173480,1214,0.000000,0.363978,0.376474,4440,0,81.12,2194872,2190206,4666,4038,SUCCESS,17202,4,,3180800,1192704,8505360,1136384,,,,,357,594,used,,,,20260905-0028
2026-09-05 02:02:06,HAUSP-UB,LEVIATHAN,1,7,0.003000,0.000,0.200,5742029,2332,12,715,727,0,33,10,4030364,5060,4005126,1637,0.000000,0.369428,0.382278,5965,0,121.64,4030842,4029152,2318,5731,SUCCESS,23380,4,,7332992,2485664,16893968,5427072,,,,,323,544,used,,,,20260905-0028
2026-09-05 02:02:07,HAUSP-UB,LEVIATHAN,2,7,0.003000,0.000,0.200,8655898,3498,11,1164,1175,0,40,11,5067872,6468,5040244,1659,0.000000,0.371106,0.383258,6387,0,132.93,5068072,5066656,2041,7137,SUCCESS,25753,4,,11913472,3784224,16945488,13622528,,,,,321,537,used,,,,20260905-0028
2026-09-05 02:02:09,HAUSP-UB,LEVIATHAN,3,7,0.003000,0.000,0.200,11406844,4664,11,1510,1522,0,42,11,5503713,7425,5476314,1738,0.000000,0.365936,0.378513,6281,0,157.69,5503469,5502479,1625,8110,SUCCESS,25454,4,,16881664,5049280,16945488,26786432,,,,,325,532,used,,,,20260905-0028
2026-09-05 02:02:11,HAUSP-UB,LEVIATHAN,4,7,0.003000,0.000,0.200,14156241,5834,17,1944,1962,0,46,11,5958464,8336,5929969,1777,0.000000,0.366961,0.379732,6511,0,248.82,5958131,5957214,1569,9025,SUCCESS,26495,4,,20940544,6312032,33754736,44548480,,,,,336,559,used,,,,20260905-0028
2026-09-05 02:02:12,HAUSP-UB,LEVIATHAN,0,8,0.003000,0.000,0.200,2833171,1166,10,279,289,0,19,7,2192133,3333,2173480,1214,0.000000,0.363978,0.376474,4440,0,81.12,2194872,2190206,4666,4038,SUCCESS,17202,4,,3180800,1192704,8505360,1136384,,,,,357,594,used,,,,20260905-0028
2026-09-05 02:02:13,HAUSP-UB,LEVIATHAN,1,8,0.003000,0.000,0.200,5742029,2332,13,713,727,0,32,10,4030364,5060,4005126,1637,0.000000,0.369428,0.382278,5965,0,122.17,4030842,4029152,2318,5731,SUCCESS,23380,4,,7332992,2485664,16893968,5427072,,,,,323,544,used,,,,20260905-0028
2026-09-05 02:02:14,HAUSP-UB,LEVIATHAN,2,8,0.003000,0.000,0.200,8655898,3498,11,1166,1177,0,40,11,5067872,6468,5040244,1659,0.000000,0.371106,0.383258,6387,0,133.01,5068072,5066656,2041,7137,SUCCESS,25753,4,,12196096,3784224,16945488,13622528,,,,,321,537,used,,,,20260905-0028
2026-09-05 02:02:16,HAUSP-UB,LEVIATHAN,3,8,0.003000,0.000,0.200,11406844,4664,11,1504,1516,0,42,11,5503713,7425,5476314,1738,0.000000,0.365936,0.378513,6281,0,156.08,5503469,5502479,1625,8110,SUCCESS,25454,4,,16881664,5049280,16945488,26786432,,,,,325,532,used,,,,20260905-0028
2026-09-05 02:02:18,HAUSP-UB,LEVIATHAN,4,8,0.003000,0.000,0.200,14156241,5834,18,1949,1967,0,46,11,5958464,8336,5929969,1777,0.000000,0.366961,0.379732,6511,0,208.60,5958131,5957214,1569,9025,SUCCESS,26495,4,,20940544,6312032,33754736,44548480,,,,,336,559,used,,,,20260905-0028
2026-09-05 02:02:19,HAUSP-UB,LEVIATHAN,0,9,0.003000,0.000,0.200,2833171,1166,10,280,290,0,19,7,2192133,3333,2173480,1214,0.000000,0.363978,0.376474,4440,0,81.12,2194872,2190206,4666,4038,SUCCESS,17202,4,,3180800,1192704,8505360,1136384,,,,,357,594,used,,,,20260905-0028
2026-09-05 02:02:20,HAUSP-UB,LEVIATHAN,1,9,0.003000,0.000,0.200,5742029,2332,13,716,730,0,33,10,4030364,5060,4005126,1637,0.000000,0.369428,0.382278,5965,0,122.04,4030842,4029152,2318,5731,SUCCESS,23380,4,,7332992,2485664,16893968,5427072,,,,,323,544,used,,,,20260905-0028
2026-09-05 02:02:22,HAUSP-UB,LEVIATHAN,2,9,0.003000,0.000,0.200,8655898,3498,10,1164,1175,0,40,11,5067872,6468,5040244,1659,0.000000,0.371106,0.383258,6387,0,133.01,5068072,5066656,2041,7137,SUCCESS,25753,4,,12196096,3784224,16945488,13622528,,,,,321,537,used,,,,20260905-0028
2026-09-05 02:02:23,HAUSP-UB,LEVIATHAN,3,9,0.003000,0.000,0.200,11406844,4664,11,1503,1515,0,42,11,5503713,7425,5476314,1738,0.000000,0.365936,0.378513,6281,0,156.10,5503469,5502479,1625,8110,SUCCESS,25454,4,,16881664,5049280,16945488,26786432,,,,,325,532,used,,,,20260905-0028
2026-09-05 02:02:25,HAUSP-UB,LEVIATHAN,4,9,0.003000,0.000,0.200,14156241,5834,17,1950,1968,0,46,11,5958464,8336,5929969,1777,0.000000,0.366961,0.379732,6511,0,208.81,5958131,5957214,1569,9025,SUCCESS,26495,4,,20940544,6312032,33754736,44548480,,,,,336,559,used,,,,20260905-0028
2026-09-05 02:02:27,EHAUSM-R,C8T1S5I8N5K,0,0,0.000200,0.000,0.200,9488004,9426,84,685,770,0,0,0,4135232,15686,3992155,0,0.308031,0.000000,0.000000,6078,0,919.68,0,0,0,0,SUCCESS,0,0,,,,,,,,,,,,used,,,,20260905-0028
2026-09-05 02:02:28,EHAUSM-R,C8T1S5I8N5K,1,0,0.000200,0.000,0.200,18951306,18852,24,673,698,0,0,0,3362678,23506,3264598,0,0.318953,0.000000,0.000000,4680,0,367.20,0,0,0,0,SUCCESS,0,0,,,,,,,,,,,,used,,,,20260905-0028
2026-09-05 02:02:29,EHAUSM-R,C8T1S5I8N5K,2,0,0.000200,0.000,0.200,28544670,28278,36,858,894,0,0,0,3274060,27246,3185156,0,0.304781,0.000000,0.000000,3088,0,319.61,0,0,0,0,SUCCESS,0,0,,,,,,,,,,,,used,,,,20260905-0028
2026-09-05 02:02:30,EHAUSM-R,C8T1S5I8N5K,3,0,0.000200,0.000,0.200,38016389,37704,46,1032,1079,0,0,0,2977067,29682,2896039,0,0.296094,0.000000,0.000000,2428,0,349.10,0,0,0,0,SUCCESS,0,0,,,,,,,,,,,,used,,,,20260905-0028
2026-09-05 02:02:32,EHAUSM-R,C8T1S5I8N5K,4,0,0.000200,0.000,0.200,47416411,47133,62,1187,1250,0,0,0,3020056,30941,2941503,0,0.297580,0.000000,0.000000,2623,0,414.54,0,0,0,0,SUCCESS,0,0,,,,,,,,,,,,used,,,,20260905-0028
2026-09-05 02:02:33,EHAUSM-R,C8T1S5I8N5K,0,1,0.000200,0.000,0.200,9488004,9426,25,552,577,0,0,0,4135232,15686,3992155,0,0.308031,0.000000,0.000000,6078,0,654.91,0,0,0,0,SUCCESS,0,0,,,,,,,,,,,,used,,,,20260905-0028
2026-09-05 02:02:34,EHAUSM-R,C8T1S5I8N5K,1,1,0.000200,0.000,0.200,18951306,18852,23,687,711,0,0,0,3362678,23506,3264598,0,0.318953,0.000000,0.000000,4680,0,318.47,0,0,0,0,SUCCESS,0,0,,,,,,,,,,,,used,,,,20260905-0028
2026-09-05 02:02:35,EHAUSM-R,C8T1S5I8N5K,2,1,0.000200,0.000,0.200,28544670,28278,35,856,891,0,0,0,3274060,27246,3185156,0,0.304781,0.000000,0.000000,3088,0,304.48,0,0,0,0,SUCCESS,0,0,,,,,,,,,,,,used,,,,20260905-0028
2026-09-05 02:02:36,EHAUSM-R,C8T1S5I8N5K,3,1,0.000200,0.000,0.200,38016389,37704,44,1014,1058,0,0,0,2977067,29682,2896039,0,0.296094,0.000000,0.000000,2428,0,1118.45,0,0,0,0,SUCCESS,0,0,,,,,,,,,,,,used,,,,20260905-0028
2026-09-05 02:02:38,EHAUSM-R,C8T1S5I8N5K,4,1,0.000200,0.000,0.200,47416411,47133,59,1189,1249,0,0,0,3020056,30941,2941503,0,0.297580,0.000000,0.000000,2623,0,285.65,0,0,0,0,SUCCESS,0,0,,,,,,,,,,,,used,,,,20260905-0028
2026-09-05 02:02:39,EHAUSM-R,C8T1S5I8N5K,0,2,0.000200,0.000,0.200,9488004,9426,24,547,572,0,0,0,4135232,15686,3992155,0,0.308031,0.000000,0.000000,6078,0,335.11,0,0,0,0,SUCCESS,0,0,,,,,,,,,,,,used,,,,20260905-0028
2026-09-05 02:02:40,EHAUSM-R,C8T1S5I8N5K,1,2,0.000200,0.000,0.200,18951306,18852,25,679,704,0,0,0,3362678,23506,3264598,0,0.318953,0.000000,0.000000,4680,0,463.19,0,0,0,0,SUCCESS,0,0,,,,,,,,,,,,used,,,,20260905-0028
2026-09-05 02:02:41,EHAUSM-R,C8T1S5I8N5K,2,2,0.000200,0.000,0.200,28544670,28278,35,915,951,0,0,0,3274060,27246,3185156,0,0.304781,0.000000,0.000000,3088,0,415.54,0,0,0,0,SUCCESS,0,0,,,,,,,,,,,,used,,,,20260905-0028
2026-09-05 02:02:42,EHAUSM-R,C8T1S5I8N5K,3,2,0.000200,0.000,0.200,38016389,37704,48,976,1025,0,0,0,2977067,29682,2896039,0,0.296094,0.000000,0.000000,2428,0,472.76,0,0,0,0,SUCCESS,0,0,,,,,,,,,,,,used,,,,20260905-0028
2026-09-05 02:02:44,EHAUSM-R,C8T1S5I8N5K,4,2,0.000200,0.000,0.200,47416411,47133,59,1237,1297,0,0,0,3020056,30941,2941503,0,0.297580,0.000000,0.000000,2623,0,1357.89,0,0,0,0,SUCCESS,0,0,,,,,,,,,,,,used,,,,20260905-0028
2026-09-05 02:02:45,EHAUSM-R,C8T1S5I8N5K,0,3,0.000200,0.000,0.200,9488004,9426,24,553,577,0,0,0,4135232,15686,3992155,0,0.308031,0.000000,0.000000,6078,0,750.60,0,0,0,0,SUCCESS,0,0,,,,,,,,,,,,used,,,,20260905-0028
2026-09-05 02:02:46,EHAUSM-R,C8T1S5I8N5K,1,3,0.000200,0.000,0.200,18951306,18852,24,675,700,0,0,0,3362678,23506,3264598,0,0.318953,0.000000,0.000000,4680,0,504.84,0,0,0,0,SUCCESS,0,0,,,,,,,,,,,,used,,,,20260905-0028
2026-09-05 02:02:47,EHAUSM-R,C8T1S5I8N5K,2,3,0.000200,0.000,0.200,28544670,28278,35,917,952,0,0,0,3274060,27246,3185156,0,0.304781,0.000000,0.000000,3088,0,430.97,0,0,0,0,SUCCESS,0,0,,,,,,,,,,,,used,,,,20260905-0028
2026-09-05 02:02:48,EHAUSM-R,C8T1S5I8N5K,3,3,0.000200,0.000,0.200,38016389,37704,48,976,1025,0,0,0,2977067,29682,2896039,0,0.296094,0.000000,0.000000,2428,0,559.12,0,0,0,0,SUCCESS,0,0,,,,,,,,,,,,used,,,,20260905-0028
2026-09-05 02:02:50,EHAUSM-R,C8T1S5I8N5K,4,3,0.000200,0.000,0.200,47416411,47133,55,1238,1294,0,0,0,3020056,30941,2941503,0,0.297580,0.000000,0.000000,2623,0,1357.72,0,0,0,0,SUCCESS,0,0,,,,,,,,,,,,used,,,,20260905-0028
2026-09-05 02:02:51,EHAUSM-R,C8T1S5I8N5K,0,4,0.000200,0.000,0.200,9488004,9426,23,553,576,0,0,0,4135232,15686,3992155,0,0.308031,0.000000,0.000000,6078,0,750.37,0,0,0,0,SUCCESS,0,0,,,,,,,,,,,,used,,,,20260905-0028
2026-09-05 02:02:52,EHAUSM-R,C8T1S5I8N5K,1,4,0.000200,0.000,0.200,18951306,18852,24,675,700,0,0,0,3362678,23506,3264598,0,0.318953,0.000000,0.000000,4680,0,505.89,0,0,0,0,SUCCESS,0,0,,,,,,,,,,,,used,,,,20260905-0028
2026-09-05 02:02:53,EHAUSM-R,C8T1S5I8N5K,2,4,0.000200,0.000,0.200,28544670,28278,36,917,953,0,0,0,3274060,27246,3185156,0,0.304781,0.000000,0.000000,3088,0,432.41,0,0,0,0,SUCCESS,0,0,,,,,,,,,,,,used,,,,20260905-0028
2026-09-05 02:02:54,EHAUSM-R,C8T1S5I8N5K,3,4,0.000200,0.000,0.200,38016389,37704,48,981,1029,0,0,0,2977067,29682,2896039,0,0.296094,0.000000,0.000000,2428,0,570.75,0,0,0,0,SUCCESS,0,0,,,,,,,,,,,,used,,,,20260905-0028
2026-09-05 02:02:56,EHAUSM-R,C8T1S5I8N5K,4,4,0.000200,0.000,0.200,47416411,47133,55,1248,1303,0,0,0,3020056,30941,2941503,0,0.297580,0.000000,0.000000,2623,0,1353.47,0,0,0,0,SUCCESS,0,0,,,,,,,,,,,,used,,,,20260905-0028
2026-09-05 02:02:57,EHAUSM-R,C8T1S5I8N5K,0,5,0.000200,0.000,0.200,9488004,9426,24,557,581,0,0,0,4135232,15686,3992155,0,0.308031,0.000000,0.000000,6078,0,750.19,0,0,0,0,SUCCESS,0,0,,,,,,,,,,,,used,,,,20260905-0028
2026-09-05 02:02:58,EHAUSM-R,C8T1S5I8N5K,1,5,0.000200,0.000,0.200,18951306,18852,24,676,700,0,0,0,3362678,23506,3264598,0,0.318953,0.000000,0.000000,4680,0,505.91,0,0,0,0,SUCCESS,0,0,,,,,,,,,,,,used,,,,20260905-0028
2026-09-05 02:02:59,EHAUSM-R,C8T1S5I8N5K,2,5,0.000200,0.000,0.200,28544670,28278,35,915,950,0,0,0,3274060,27246,3185156,0,0.304781,0.000000,0.000000,3088,0,432.26,0,0,0,0,SUCCESS,0,0,,,,,,,,,,,,used,,,,20260905-0028
2026-09-05 02:03:00,EHAUSM-R,C8T1S5I8N5K,3,5,0.000200,0.000,0.200,38016389,37704,47,980,1028,0,0,0,2977067,29682,2896039,0,0.296094,0.000000,0.000000,2428,0,560.80,0,0,0,0,SUCCESS,0,0,,,,,,,,,,,,used,,,,20260905-0028
2026-09-05 02:03:02,EHAUSM-R,C8T1S5I8N5K,4,5,0.000200,0.000,0.200,47416411,47133,55,1248,1304,0,0,0,3020056,30941,2941503,0,0.297580,0.000000,0.000000,2623,0,1358.99,0,0,0,0,SUCCESS,0,0,,,,,,,,,,,,used,,,,20260905-0028
2026-09-05 02:03:03,EHAUSM-R,C8T1S5I8N5K,0,6,0.000200,0.000,0.200,9488004,9426,23,555,579,0,0,0,4135232,15686,3992155,0,0.308031,0.000000,0.000000,6078,0,750.34,0,0,0,0,SUCCESS,0,0,,,,,,,,,,,,used,,,,20260905-0028
2026-09-05 02:03:04,EHAUSM-R,C8T1S5I8N5K,1,6,0.000200,0.000,0.200,18951306,18852,24,675,699,0,0,0,3362678,23506,3264598,0,0.318953,0.000000,0.000000,4680,0,504.87,0,0,0,0,SUCCESS,0,0,,,,,,,,,,,,used,,,,20260905-0028
2026-09-05 02:03:05,EHAUSM-R,C8T1S5I8N5K,2,6,0.000200,0.000,0.200,28544670,28278,35,912,948,0,0,0,3274060,27246,3185156,0,0.304781,0.000000,0.000000,3088,0,431.57,0,0,0,0,SUCCESS,0,0,,,,,,,,,,,,used,,,,20260905-0028
2026-09-05 02:03:06,EHAUSM-R,C8T1S5I8N5K,3,6,0.000200,0.000,0.200,38016389,37704,47,979,1027,0,0,0,2977067,29682,2896039,0,0.296094,0.000000,0.000000,2428,0,570.61,0,0,0,0,SUCCESS,0,0,,,,,,,,,,,,used,,,,20260905-0028
2026-09-05 02:03:08,EHAUSM-R,C8T1S5I8N5K,4,6,0.000200,0.000,0.200,47416411,47133,55,1247,1302,0,0,0,3020056,30941,2941503,0,0.297580,0.000000,0.000000,2623,0,1353.83,0,0,0,0,SUCCESS,0,0,,,,,,,,,,,,used,,,,20260905-0028
2026-09-05 02:03:09,EHAUSM-R,C8T1S5I8N5K,0,7,0.000200,0.000,0.200,9488004,9426,23,558,581,0,0,0,4135232,15686,3992155,0,0.308031,0.000000,0.000000,6078,0,750.48,0,0,0,0,SUCCESS,0,0,,,,,,,,,,,,used,,,,20260905-0028
2026-09-05 02:03:10,EHAUSM-R,C8T1S5I8N5K,1,7,0.000200,0.000,0.200,18951306,18852,24,675,699,0,0,0,3362678,23506,3264598,0,0.318953,0.000000,0.000000,4680,0,505.57,0,0,0,0,SUCCESS,0,0,,,,,,,,,,,,used,,,,20260905-0028
2026-09-05 02:03:11,EHAUSM-R,C8T1S5I8N5K,2,7,0.000200,0.000,0.200,28544670,28278,35,918,954,0,0,0,3274060,27246,3185156,0,0.304781,0.000000,0.000000,3088,0,430.79,0,0,0,0,SUCCESS,0,0,,,,,,,,,,,,used,,,,20260905-0028
2026-09-05 02:03:12,EHAUSM-R,C8T1S5I8N5K,3,7,0.000200,0.000,0.200,38016389,37704,49,973,1022,0,0,0,2977067,29682,2896039,0,0.296094,0.000000,0.000000,2428,0,569.68,0,0,0,0,SUCCESS,0,0,,,,,,,,,,,,used,,,,20260905-0028
2026-09-05 02:03:14,EHAUSM-R,C8T1S5I8N5K,4,7,0.000200,0.000,0.200,47416411,47133,54,1237,1291,0,0,0,3020056,30941,2941503,0,0.297580,0.000000,0.000000,2623,0,1357.82,0,0,0,0,SUCCESS,0,0,,,,,,,,,,,,used,,,,20260905-0028
2026-09-05 02:03:15,EHAUSM-R,C8T1S5I8N5K,0,8,0.000200,0.000,0.200,9488004,9426,23,559,583,0,0,0,4135232,15686,3992155,0,0.308031,0.000000,0.000000,6078,0,750.45,0,0,0,0,SUCCESS,0,0,,,,,,,,,,,,used,,,,20260905-0028
2026-09-05 02:03:16,EHAUSM-R,C8T1S5I8N5K,1,8,0.000200,0.000,0.200,18951306,18852,25,677,703,0,0,0,3362678,23506,3264598,0,0.318953,0.000000,0.000000,4680,0,505.24,0,0,0,0,SUCCESS,0,0,,,,,,,,,,,,used,,,,20260905-0028
2026-09-05 02:03:17,EHAUSM-R,C8T1S5I8N5K,2,8,0.000200,0.000,0.200,28544670,28278,36,914,950,0,0,0,3274060,27246,3185156,0,0.304781,0.000000,0.000000,3088,0,431.76,0,0,0,0,SUCCESS,0,0,,,,,,,,,,,,used,,,,20260905-0028
2026-09-05 02:03:18,EHAUSM-R,C8T1S5I8N5K,3,8,0.000200,0.000,0.200,38016389,37704,48,977,1026,0,0,0,2977067,29682,2896039,0,0.296094,0.000000,0.000000,2428,0,570.31,0,0,0,0,SUCCESS,0,0,,,,,,,,,,,,used,,,,20260905-0028
2026-09-05 02:03:20,EHAUSM-R,C8T1S5I8N5K,4,8,0.000200,0.000,0.200,47416411,47133,56,1246,1303,0,0,0,3020056,30941,2941503,0,0.297580,0.000000,0.000000,2623,0,1352.91,0,0,0,0,SUCCESS,0,0,,,,,,,,,,,,used,,,,20260905-0028
2026-09-05 02:03:21,EHAUSM-R,C8T1S5I8N5K,0,9,0.000200,0.000,0.200,9488004,9426,22,556,579,0,0,0,4135232,15686,3992155,0,0.308031,0.000000,0.000000,6078,0,750.11,0,0,0,0,SUCCESS,0,0,,,,,,,,,,,,used,,,,20260905-0028
2026-09-05 02:03:22,EHAUSM-R,C8T1S5I8N5K,1,9,0.000200,0.000,0.200,18951306,18852,24,676,700,0,0,0,3362678,23506,3264598,0,0.318953,0.000000,0.000000,4680,0,505.53,0,0,0,0,SUCCESS,0,0,,,,,,,,,,,,used,,,,20260905-0028
2026-09-05 02:03:23,EHAUSM-R,C8T1S5I8N5K,2,9,0.000200,0.000,0.200,28544670,28278,35,915,951,0,0,0,3274060,27246,3185156,0,0.304781,0.000000,0.000000,3088,0,430.78,0,0,0,0,SUCCESS,0,0,,,,,,,,,,,,used,,,,20260905-0028
2026-09-05 02:03:24,EHAUSM-R,C8T1S5I8N5K,3,9,0.000200,0.000,0.200,38016389,37704,48,978,1027,0,0,0,2977067,29682,2896039,0,0.296094,0.000000,0.000000,2428,0,569.98,0,0,0,0,SUCCESS,0,0,,,,,,,,,,,,used,,,,20260905-0028
2026-09-05 02:03:26,EHAUSM-R,C8T1S5I8N5K,4,9,0.000200,0.000,0.200,47416411,47133,55,1244,1299,0,0,0,3020056,30941,2941503,0,0.297580,0.000000,0.000000,2623,0,1357.75,0,0,0,0,SUCCESS,0,0,,,,,,,,,,,,used,,,,20260905-0028
2026-09-05 02:03:27,EHAUSM-I,C8T1S5I8N5K,0,0,0.000200,0.000,0.200,9488004,9426,111,824,936,0,0,0,4135232,15686,3992155,0,0.468141,0.000000,0.000000,6078,0,437.80,0,0,0,0,SUCCESS,0,1,,,,,,,,,,,,used,,,,20260905-0028
2026-09-05 02:03:29,EHAUSM-I,C8T1S5I8N5K,1,0,0.000200,0.000,0.200,18951306,18852,25,909,935,0,0,0,2897595,23506,2799515,0,0.465351,0.000000,0.000000,4680,0,1242.30,0,0,0,0,SUCCESS,0,1,,,,,,,,,,,,used,,,,20260905-0028
2026-09-05 02:03:30,EHAUSM-I,C8T1S5I8N5K,2,0,0.000200,0.000,0.200,28544670,28278,30,1017,1047,0,0,0,2568198,27246,2479294,0,0.444687,0.000000,0.000000,3088,0,1534.40,0,0,0,0,SUCCESS,0,1,,,,,,,,,,,,used,,,,20260905-0028
2026-09-05 02:03:31,EHAUSM-I,C8T1S5I8N5K,3,0,0.000200,0.000,0.200,38016389,37704,37,1086,1123,0,0,0,1943701,29682,1862673,0,0.427942,0.000000,0.000000,2428,0,1202.71,0,0,0,0,SUCCESS,0,1,,,,,,,,,,,,used,,,,20260905-0028
2026-09-05 02:03:33,EHAUSM-I,C8T1S5I8N5K,4,0,0.000200,0.000,0.200,47416411,47133,42,1308,1351,0,0,0,2031333,30941,1952780,0,0.432510,0.000000,0.000000,2623,0,1362.78,0,0,0,0,SUCCESS,0,1,,,,,,,,,,,,used,,,,20260905-0028
2026-09-05 02:03:34,EHAUSM-I,C8T1S5I8N5K,0,1,0.000200,0.000,0.200,9488004,9426,40,741,782,0,0,0,4135232,15686,3992155,0,0.468141,0.000000,0.000000,6078,0,638.67,0,0,0,0,SUCCESS,0,1,,,,,,,,,,,,used,,,,20260905-0028
2026-09-05 02:03:35,EHAUSM-I,C8T1S5I8N5K,1,1,0.000200,0.000,0.200,18951306,18852,25,844,869,0,0,0,2897595,23506,2799515,0,0.465351,0.000000,0.000000,4680,0,1214.95,0,0,0,0,SUCCESS,0,1,,,,,,,,,,,,used,,,,20260905-0028
2026-09-05 02:03:37,EHAUSM-I,C8T1S5I8N5K,2,1,0.000200,0.000,0.200,28544670,28278,30,1011,1042,0,0,0,2568198,27246,2479294,0,0.444687,0.000000,0.000000,3088,0,1379.15,0,0,0,0,SUCCESS,0,1,,,,,,,,,,,,used,,,,20260905-0028
2026-09-05 02:03:38,EHAUSM-I,C8T1S5I8N5K,3,1,0.000200,0.000,0.200,38016389,37704,35,1084,1119,0,0,0,1943701,29682,1862673,0,0.427942,0.000000,0.000000,2428,0,1118.71,0,0,0,0,SUCCESS,0,1,,,,,,,,,,,,used,,,,20260905-0028
2026-09-05 02:03:40,EHAUSM-I,C8T1S5I8N5K,4,1,0.000200,0.000,0.200,47416411,47133,40,1312,1353,0,0,0,2031333,30941,1952780,0,0.432510,0.000000,0.000000,2623,0,1426.71,0,0,0,0,SUCCESS,0,1,,,,,,,,,,,,used,,,,20260905-0028
2026-09-05 02:03:41,EHAUSM-I,C8T1S5I8N5K,0,2,0.000200,0.000,0.200,9488004,9426,42,723,766,0,0,0,4135232,15686,3992155,0,0.468141,0.000000,0.000000,6078,0,961.18,0,0,0,0,SUCCESS,0,1,,,,,,,,,,,,used,,,,20260905-0028
2026-09-05 02:03:42,EHAUSM-I,C8T1S5I8N5K,1,2,0.000200,0.000,0.200,18951306,18852,26,915,942,0,0,0,2897595,23506,2799515,0,0.465351,0.000000,0.000000,4680,0,883.69,0,0,0,0,SUCCESS,0,1,,,,,,,,,,,,used,,,,20260905-0028
2026-09-05 02:03:44,EHAUSM-I,C8T1S5I8N5K,2,2,0.000200,0.000,0.200,28544670,28278,30,1034,1064,0,0,0,2568198,27246,2479294,0,0.444687,0.000000,0.000000,3088,0,1722.65,0,0,0,0,SUCCESS,0,1,,,,,,,,,,,,used,,,,20260905-0028
2026-09-05 02:03:45,EHAUSM-I,C8T1S5I8N5K,3,2,0.000200,0.000,0.200,38016389,37704,35,1086,1121,0,0,0,1943701,29682,1862673,0,0.427942,0.000000,0.000000,2428,0,1159.80,0,0,0,0,SUCCESS,0,1,,,,,,,,,,,,used,,,,20260905-0028
2026-09-05 02:03:47,EHAUSM-I,C8T1S5I8N5K,4,2,0.000200,0.000,0.200,47416411,47133,42,1312,1355,0,0,0,2031333,30941,1952780,0,0.432510,0.000000,0.000000,2623,0,1351.87,0,0,0,0,SUCCESS,0,1,,,,,,,,,,,,used,,,,20260905-0028
2026-09-05 02:03:48,EHAUSM-I,C8T1S5I8N5K,0,3,0.000200,0.000,0.200,9488004,9426,41,739,781,0,0,0,4135232,15686,3992155,0,0.468141,0.000000,0.000000,6078,0,623.27,0,0,0,0,SUCCESS,0,1,,,,,,,,,,,,used,,,,20260905-0028
2026-09-05 02:03:49,EHAUSM-I,C8T1S5I8N5K,1,3,0.000200,0.000,0.200,18951306,18852,25,856,883,0,0,0,2897595,23506,2799515,0,0.465351,0.000000,0.000000,4680,0,1312.66,0,0,0,0,SUCCESS,0,1,,,,,,,,,,,,used,,,,20260905-0028
2026-09-05 02:03:50,EHAUSM-I,C8T1S5I8N5K,2,3,0.000200,0.000,0.200,28544670,28278,29,1016,1046,0,0,0,2568198,27246,2479294,0,0.444687,0.000000,0.000000,3088,0,1469.94,0,0,0,0,SUCCESS,0,1,,,,,,,,,,,,used,,,,20260905-0028
2026-09-05 02:03:52,EHAUSM-I,C8T1S5I8N5K,3,3,0.000200,0.000,0.200,38016389,37704,38,1085,1123,0,0,0,1943701,29682,1862673,0,0.427942,0.000000,0.000000,2428,0,1139.88,0,0,0,0,SUCCESS,0,1,,,,,,,,,,,,used,,,,20260905-0028
2026-09-05 02:03:53,EHAUSM-I,C8T1S5I8N5K,4,3,0.000200,0.000,0.200,47416411,47133,42,1308,1351,0,0,0,2031333,30941,1952780,0,0.432510,0.000000,0.000000,2623,0,1370.58,0,0,0,0,SUCCESS,0,1,,,,,,,,,,,,used,,,,20260905-0028
2026-09-05 02:03:55,EHAUSM-I,C8T1S5I8N5K,0,4,0.000200,0.000,0.200,9488004,9426,42,728,770,0,0,0,4135232,15686,3992155,0,0.468141,0.000000,0.000000,6078,0,385.85,0,0,0,0,SUCCESS,0,1,,,,,,,,,,,,used,,,,20260905-0028
2026-09-05 02:03:56,EHAUSM-I,C8T1S5I8N5K,1,4,0.000200,0.000,0.200,18951306,18852,26,854,881,0,0,0,2897595,23506,2799515,0,0.465351,0.000000,0.000000,4680,0,1310.29,0,0,0,0,SUCCESS,0,1,,,,,,,,,,,,used,,,,20260905-0028
2026-09-05 02:03:57,EHAUSM-I,C8T1S5I8N5K,2,4,0.000200,0.000,0.200,28544670,28278,31,1011,1042,0,0,0,2568198,27246,2479294,0,0.444687,0.000000,0.000000,3088,0,1350.93,0,0,0,0,SUCCESS,0,1,,,,,,,,,,,,used,,,,20260905-0028
2026-09-05 02:03:59,EHAUSM-I,C8T1S5I8N5K,3,4,0.000200,0.000,0.200,38016389,37704,36,1091,1128,0,0,0,1943701,29682,1862673,0,0.427942,0.000000,0.000000,2428,0,1190.13,0,0,0,0,SUCCESS,0,1,,,,,,,,,,,,used,,,,20260905-0028
2026-09-05 02:04:00,EHAUSM-I,C8T1S5I8N5K,4,4,0.000200,0.000,0.200,47416411,47133,43,1316,1360,0,0,0,2031333,30941,1952780,0,0.432510,0.000000,0.000000,2623,0,1366.62,0,0,0,0,SUCCESS,0,1,,,,,,,,,,,,used,,,,20260905-0028
2026-09-05 02:04:02,EHAUSM-I,C8T1S5I8N5K,0,5,0.000200,0.000,0.200,9488004,9426,42,722,765,0,0,0,4135232,15686,3992155,0,0.468141,0.000000,0.000000,6078,0,947.46,0,0,0,0,SUCCESS,0,1,,,,,,,,,,,,used,,,,20260905-0028
2026-09-05 02:04:03,EHAUSM-I,C8T1S5I8N5K,1,5,0.000200,0.000,0.200,18951306,18852,26,910,937,0,0,0,2897595,23506,2799515,0,0.465351,0.000000,0.000000,4680,0,778.73,0,0,0,0,SUCCESS,0,1,,,,,,,,,,,,used,,,,20260905-0028
2026-09-05 02:04:04,EHAUSM-I,C8T1S5I8N5K,2,5,0.000200,0.000,0.200,28544670,28278,30,1043,1074,0,0,0,2568198,27246,2479294,0,0.444687,0.000000,0.000000,3088,0,1805.20,0,0,0,0,SUCCESS,0,1,,,,,,,,,,,,used,,,,20260905-0028
2026-09-05 02:04:06,EHAUSM-I,C8T1S5I8N5K,3,5,0.000200,0.000,0.200,38016389,37704,36,1091,1128,0,0,0,1943701,29682,1862673,0,0.427942,0.000000,0.000000,2428,0,1098.69,0,0,0,0,SUCCESS,0,1,,,,,,,,,,,,used,,,,20260905-0028
2026-09-05 02:04:07,EHAUSM-I,C8T1S5I8N5K,4,5,0.000200,0.000,0.200,47416411,47133,42,1311,1354,0,0,0,2031333,30941,1952780,0,0.432510,0.000000,0.000000,2623,0,1354.77,0,0,0,0,SUCCESS,0,1,,,,,,,,,,,,used,,,,20260905-0028
2026-09-05 02:04:09,EHAUSM-I,C8T1S5I8N5K,0,6,0.000200,0.000,0.200,9488004,9426,42,724,766,0,0,0,4135232,15686,3992155,0,0.468141,0.000000,0.000000,6078,0,962.24,0,0,0,0,SUCCESS,0,1,,,,,,,,,,,,used,,,,20260905-0028
2026-09-05 02:04:10,EHAUSM-I,C8T1S5I8N5K,1,6,0.000200,0.000,0.200,18951306,18852,26,913,940,0,0,0,2897595,23506,2799515,0,0.465351,0.000000,0.000000,4680,0,883.21,0,0,0,0,SUCCESS,0,1,,,,,,,,,,,,used,,,,20260905-0028
2026-09-05 02:04:11,EHAUSM-I,C8T1S5I8N5K,2,6,0.000200,0.000,0.200,28544670,28278,32,1036,1068,0,0,0,2568198,27246,2479294,0,0.444687,0.000000,0.000000,3088,0,1717.20,0,0,0,0,SUCCESS,0,1,,,,,,,,,,,,used,,,,20260905-0028
2026-09-05 02:04:12,EHAUSM-I,C8T1S5I8N5K,3,6,0.000200,0.000,0.200,38016389,37704,36,1088,1125,0,0,0,1943701,29682,1862673,0,0.427942,0.000000,0.000000,2428,0,1152.09,0,0,0,0,SUCCESS,0,1,,,,,,,,,,,,used,,,,20260905-0028
2026-09-05 02:04:14,EHAUSM-I,C8T1S5I8N5K,4,6,0.000200,0.000,0.200,47416411,47133,41,1317,1359,0,0,0,2031333,30941,1952780,0,0.432510,0.000000,0.000000,2623,0,1430.41,0,0,0,0,SUCCESS,0,1,,,,,,,,,,,,used,,,,20260905-0028
2026-09-05 02:04:15,EHAUSM-I,C8T1S5I8N5K,0,7,0.000200,0.000,0.200,9488004,9426,40,741,781,0,0,0,4135232,15686,3992155,0,0.468141,0.000000,0.000000,6078,0,637.78,0,0,0,0,SUCCESS,0,1,,,,,,,,,,,,used,,,,20260905-0028
2026-09-05 02:04:17,EHAUSM-I,C8T1S5I8N5K,1,7,0.000200,0.000,0.200,18951306,18852,25,845,871,0,0,0,2897595,23506,2799515,0,0.465351,0.000000,0.000000,4680,0,1215.08,0,0,0,0,SUCCESS,0,1,,,,,,,,,,,,used,,,,20260905-0028
2026-09-05 02:04:18,EHAUSM-I,C8T1S5I8N5K,2,7,0.000200,0.000,0.200,28544670,28278,30,1017,1048,0,0,0,2568198,27246,2479294,0,0.444687,0.000000,0.000000,3088,0,1439.06,0,0,0,0,SUCCESS,0,1,,,,,,,,,,,,used,,,,20260905-0028
2026-09-05 02:04:19,EHAUSM-I,C8T1S5I8N5K,3,7,0.000200,0.000,0.200,38016389,37704,37,1087,1125,0,0,0,1943701,29682,1862673,0,0.427942,0.000000,0.000000,2428,0,1118.63,0,0,0,0,SUCCESS,0,1,,,,,,,,,,,,used,,,,20260905-0028
2026-09-05 02:04:21,EHAUSM-I,C8T1S5I8N5K,4,7,0.000200,0.000,0.200,47416411,47133,43,1311,1354,0,0,0,2031333,30941,1952780,0,0.432510,0.000000,0.000000,2623,0,1360.29,0,0,0,0,SUCCESS,0,1,,,,,,,,,,,,used,,,,20260905-0028
2026-09-05 02:04:22,EHAUSM-I,C8T1S5I8N5K,0,8,0.000200,0.000,0.200,9488004,9426,43,723,767,0,0,0,4135232,15686,3992155,0,0.468141,0.000000,0.000000,6078,0,960.80,0,0,0,0,SUCCESS,0,1,,,,,,,,,,,,used,,,,20260905-0028
2026-09-05 02:04:23,EHAUSM-I,C8T1S5I8N5K,1,8,0.000200,0.000,0.200,18951306,18852,25,910,936,0,0,0,2897595,23506,2799515,0,0.465351,0.000000,0.000000,4680,0,881.08,0,0,0,0,SUCCESS,0,1,,,,,,,,,,,,used,,,,20260905-0028
2026-09-05 02:04:25,EHAUSM-I,C8T1S5I8N5K,2,8,0.000200,0.000,0.200,28544670,28278,31,1041,1072,0,0,0,2568198,27246,2479294,0,0.444687,0.000000,0.000000,3088,0,1810.61,0,0,0,0,SUCCESS,0,1,,,,,,,,,,,,used,,,,20260905-0028
2026-09-05 02:04:26,EHAUSM-I,C8T1S5I8N5K,3,8,0.000200,0.000,0.200,38016389,37704,37,1091,1129,0,0,0,1943701,29682,1862673,0,0.427942,0.000000,0.000000,2428,0,1170.49,0,0,0,0,SUCCESS,0,1,,,,,,,,,,,,used,,,,20260905-0028
2026-09-05 02:04:28,EHAUSM-I,C8T1S5I8N5K,4,8,0.000200,0.000,0.200,47416411,47133,42,1319,1361,0,0,0,2031333,30941,1952780,0,0.432510,0.000000,0.000000,2623,0,1345.07,0,0,0,0,SUCCESS,0,1,,,,,,,,,,,,used,,,,20260905-0028
2026-09-05 02:04:29,EHAUSM-I,C8T1S5I8N5K,0,9,0.000200,0.000,0.200,9488004,9426,42,723,766,0,0,0,4135232,15686,3992155,0,0.468141,0.000000,0.000000,6078,0,963.96,0,0,0,0,SUCCESS,0,1,,,,,,,,,,,,used,,,,20260905-0028
2026-09-05 02:04:30,EHAUSM-I,C8T1S5I8N5K,1,9,0.000200,0.000,0.200,18951306,18852,26,913,939,0,0,0,2897595,23506,2799515,0,0.465351,0.000000,0.000000,4680,0,780.91,0,0,0,0,SUCCESS,0,1,,,,,,,,,,,,used,,,,20260905-0028
2026-09-05 02:04:32,EHAUSM-I,C8T1S5I8N5K,2,9,0.000200,0.000,0.200,28544670,28278,30,1042,1073,0,0,0,2568198,27246,2479294,0,0.444687,0.000000,0.000000,3088,0,1838.57,0,0,0,0,SUCCESS,0,1,,,,,,,,,,,,used,,,,20260905-0028
2026-09-05 02:04:33,EHAUSM-I,C8T1S5I8N5K,3,9,0.000200,0.000,0.200,38016389,37704,36,1089,1126,0,0,0,1943701,29682,1862673,0,0.427942,0.000000,0.000000,2428,0,1017.83,0,0,0,0,SUCCESS,0,1,,,,,,,,,,,,used,,,,20260905-0028
2026-09-05 02:04:35,EHAUSM-I,C8T1S5I8N5K,4,9,0.000200,0.000,0.200,47416411,47133,39,1311,1350,0,0,0,2031333,30941,1952780,0,0.432510,0.000000,0.000000,2623,0,1433.07,0,0,0,0,SUCCESS,0,1,,,,,,,,,,,,used,,,,20260905-0028
2026-09-05 02:04:37,Pre-HAUSPM,C8T1S5I8N5K,0,0,0.000200,0.200,0.200,9488004,9426,11,2136,2147,0,0,0,21109469,0,20750611,0,0.000000,0.000000,0.000000,6078,62730,346.47,0,0,0,0,SUCCESS,0,2,,,,,,1,0,9488004,0,,,used,,,,20260905-0028
2026-09-05 02:04:39,Pre-HAUSPM,C8T1S5I8N5K,1,0,0.000200,0.200,0.200,18951306,18852,2,1831,1834,0,0,0,16792668,0,16596308,0,0.000000,0.000000,0.000000,4680,59955,336.83,0,0,0,0,SUCCESS,0,2,,,,,,1,0,9463302,380,,,used,,,,20260905-0028
2026-09-05 02:04:42,Pre-HAUSPM,C8T1S5I8N5K,2,0,0.000200,0.200,0.200,28544670,28278,2,2337,2340,0,0,0,17890707,0,17715854,0,0.000000,0.000000,0.000000,3088,53952,1005.21,0,0,0,0,SUCCESS,0,2,,,,,,1,0,9593364,758,,,used,,,,20260905-0028
2026-09-05 02:04:45,Pre-HAUSPM,C8T1S5I8N5K,3,0,0.000200,0.200,0.200,38016389,37704,2,2765,2767,0,0,0,19131261,0,18967121,0,0.000000,0.000000,0.000000,2428,51304,680.55,0,0,0,0,SUCCESS,0,2,,,,,,1,0,9471719,1142,,,used,,,,20260905-0028
2026-09-05 02:04:48,Pre-HAUSPM,C8T1S5I8N5K,4,0,0.000200,0.200,0.200,47416411,47133,2,3146,3148,0,0,0,19323837,0,19169868,0,0.000000,0.000000,0.000000,2623,51786,948.54,0,0,0,0,SUCCESS,0,2,,,,,,1,0,9400022,1521,,,used,,,,20260905-0028
2026-09-05 02:04:51,Pre-HAUSPM,C8T1S5I8N5K,0,1,0.000200,0.200,0.200,9488004,9426,1,1835,1837,0,0,0,21109469,0,20750611,0,0.000000,0.000000,0.000000,6078,62730,559.65,0,0,0,0,SUCCESS,0,2,,,,,,1,0,9488004,0,,,used,,,,20260905-0028
2026-09-05 02:04:53,Pre-HAUSPM,C8T1S5I8N5K,1,1,0.000200,0.200,0.200,18951306,18852,2,1892,1894,0,0,0,16792668,0,16596308,0,0.000000,0.000000,0.000000,4680,59955,424.48,0,0,0,0,SUCCESS,0,2,,,,,,1,0,9463302,380,,,used,,,,20260905-0028
2026-09-05 02:04:56,Pre-HAUSPM,C8T1S5I8N5K,2,1,0.000200,0.200,0.200,28544670,28278,2,2346,2348,0,0,0,17890707,0,17715854,0,0.000000,0.000000,0.000000,3088,53952,323.08,0,0,0,0,SUCCESS,0,2,,,,,,1,0,9593364,758,,,used,,,,20260905-0028
2026-09-05 02:04:59,Pre-HAUSPM,C8T1S5I8N5K,3,1,0.000200,0.200,0.200,38016389,37704,1,2767,2769,0,0,0,19131261,0,18967121,0,0.000000,0.000000,0.000000,2428,51304,878.12,0,0,0,0,SUCCESS,0,2,,,,,,1,0,9471719,1142,,,used,,,,20260905-0028
2026-09-05 02:05:02,Pre-HAUSPM,C8T1S5I8N5K,4,1,0.000200,0.200,0.200,47416411,47133,2,3180,3183,0,0,0,19323837,0,19169868,0,0.000000,0.000000,0.000000,2623,51786,974.60,0,0,0,0,SUCCESS,0,2,,,,,,1,0,9400022,1521,,,used,,,,20260905-0028
2026-09-05 02:05:05,Pre-HAUSPM,C8T1S5I8N5K,0,2,0.000200,0.200,0.200,9488004,9426,1,2001,2002,0,0,0,21109469,0,20750611,0,0.000000,0.000000,0.000000,6078,62730,2118.59,0,0,0,0,SUCCESS,0,2,,,,,,1,0,9488004,0,,,used,,,,20260905-0028
2026-09-05 02:05:07,Pre-HAUSPM,C8T1S5I8N5K,1,2,0.000200,0.200,0.200,18951306,18852,1,1820,1822,0,0,0,16792668,0,16596308,0,0.000000,0.000000,0.000000,4680,59955,673.76,0,0,0,0,SUCCESS,0,2,,,,,,1,0,9463302,380,,,used,,,,20260905-0028
2026-09-05 02:05:09,Pre-HAUSPM,C8T1S5I8N5K,2,2,0.000200,0.200,0.200,28544670,28278,2,2343,2346,0,0,0,17890707,0,17715854,0,0.000000,0.000000,0.000000,3088,53952,807.61,0,0,0,0,SUCCESS,0,2,,,,,,1,0,9593364,758,,,used,,,,20260905-0028
2026-09-05 02:05:12,Pre-HAUSPM,C8T1S5I8N5K,3,2,0.000200,0.200,0.200,38016389,37704,1,2764,2765,0,0,0,19131261,0,18967121,0,0.000000,0.000000,0.000000,2428,51304,929.41,0,0,0,0,SUCCESS,0,2,,,,,,1,0,9471719,1142,,,used,,,,20260905-0028
2026-09-05 02:05:16,Pre-HAUSPM,C8T1S5I8N5K,4,2,0.000200,0.200,0.200,47416411,47133,1,3148,3150,0,0,0,19323837,0,19169868,0,0.000000,0.000000,0.000000,2623,51786,262.62,0,0,0,0,SUCCESS,0,2,,,,,,1,0,9400022,1521,,,used,,,,20260905-0028
,HAUSP-UB-L1,C8T1S5I8N5K,0,1,0.000200,0.000,0.200,0,0,0,0,0,0,0,0,0,0,0,0,0.000000,0.000000,0.000000,0,0,0.00,0,0,0,0,OT,0,3,,,,,,,,,,,,used,,,,20260905-0028
,HAUSP-UB-L1,C8T1S5I8N5K,1,1,0.000200,0.000,0.200,0,0,0,0,0,0,0,0,0,0,0,0,0.000000,0.000000,0.000000,0,0,0.00,0,0,0,0,SKIPPED,0,3,,,,,,,,,,,,used,,,,20260905-0028
,HAUSP-UB-L1,C8T1S5I8N5K,2,1,0.000200,0.000,0.200,0,0,0,0,0,0,0,0,0,0,0,0,0.000000,0.000000,0.000000,0,0,0.00,0,0,0,0,SKIPPED,0,3,,,,,,,,,,,,used,,,,20260905-0028
,HAUSP-UB-L1,C8T1S5I8N5K,3,1,0.000200,0.000,0.200,0,0,0,0,0,0,0,0,0,0,0,0,0.000000,0.000000,0.000000,0,0,0.00,0,0,0,0,SKIPPED,0,3,,,,,,,,,,,,used,,,,20260905-0028
,HAUSP-UB-L1,C8T1S5I8N5K,4,1,0.000200,0.000,0.200,0,0,0,0,0,0,0,0,0,0,0,0,0.000000,0.000000,0.000000,0,0,0.00,0,0,0,0,SKIPPED,0,3,,,,,,,,,,,,used,,,,20260905-0028
2026-09-05 03:35:23,HAUSP-UB,C8T1S5I8N5K,0,0,0.000200,0.000,0.200,9488004,9426,164,971,1136,20,105,72,3612306,29547,3443540,11828,0.000000,0.242173,0.250249,6078,0,1588.86,3627992,3576089,51903,51042,SUCCESS,154905,4,,145920,4438024,121991456,7045632,,,,,11828,13861,used,,,,20260905-0028
2026-09-05 03:35:24,HAUSP-UB,C8T1S5I8N5K,1,0,0.000200,0.000,0.200,18951306,18852,75,697,772,5,65,52,2604870,38503,2479297,12496,0.000000,0.225775,0.235845,4680,0,1523.57,2577334,2568309,9886,60186,SUCCESS,110576,4,,204544,8864368,121991456,10422528,,,,,12496,14997,used,,,,20260905-0028
2026-09-05 03:35:25,HAUSP-UB,C8T1S5I8N5K,2,0,0.000200,0.000,0.200,28544670,28278,92,825,918,4,59,48,2330879,42907,2214040,12274,0.000000,0.212608,0.222879,3088,0,1629.44,2297939,2293866,4815,64372,SUCCESS,101178,4,,197376,13348488,155545888,14122496,,,,,12274,15661,used,,,,20260905-0028
2026-09-05 03:35:27,HAUSP-UB,C8T1S5I8N5K,3,0,0.000200,0.000,0.200,38016389,37704,72,859,932,4,53,44,1916245,45276,1807217,12406,0.000000,0.210993,0.221967,2428,0,1543.88,1881555,1879089,3095,66784,SUCCESS,93432,4,,333056,17779144,155545888,17971072,,,,,12404,15594,used,,,,20260905-0028
2026-09-05 03:35:28,HAUSP-UB,C8T1S5I8N5K,4,0,0.000200,0.000,0.200,47416411,47133,72,1013,1085,4,51,43,1906734,46615,1799929,12578,0.000000,0.208598,0.219840,2623,0,1580.53,1870891,1869456,2118,68240,SUCCESS,91130,4,,350464,22186560,155545888,22001536,,,,,12577,15674,used,,,,20260905-0028
2026-09-05 03:35:29,HAUSP-UB,C8T1S5I8N5K,0,1,0.000200,0.000,0.200,9488004,9426,96,640,737,4,92,73,3612306,29547,3443540,11828,0.000000,0.242173,0.250249,6078,0,1580.92,3627992,3576089,51903,51042,SUCCESS,154905,4,,150144,4438024,121991456,7045632,,,,,11828,13861,used,,,,20260905-0028
2026-09-05 03:35:30,HAUSP-UB,C8T1S5I8N5K,1,1,0.000200,0.000,0.200,18951306,18852,74,667,741,4,63,52,2604870,38503,2479297,12496,0.000000,0.225775,0.235845,4680,0,1522.88,2577334,2568309,9886,60186,SUCCESS,110576,4,,204544,8864368,121991456,10422528,,,,,12496,14997,used,,,,20260905-0028
2026-09-05 03:35:31,HAUSP-UB,C8T1S5I8N5K,2,1,0.000200,0.000,0.200,28544670,28278,88,786,874,4,59,48,2330879,42907,2214040,12274,0.000000,0.212608,0.222879,3088,0,1628.40,2297939,2293866,4815,64372,SUCCESS,101178,4,,197376,13348488,155545888,14122496,,,,,12274,15661,used,,,,20260905-0028
2026-09-05 03:35:32,HAUSP-UB,C8T1S5I8N5K,3,1,0.000200,0.000,0.200,38016389,37704,71,841,913,4,53,45,1916245,45276,1807217,12406,0.000000,0.210993,0.221967,2428,0,1543.59,1881555,1879089,3095,66784,SUCCESS,93432,4,,333056,17779144,155545888,17971072,,,,,12404,15594,used,,,,20260905-0028
2026-09-05 03:35:34,HAUSP-UB,C8T1S5I8N5K,4,1,0.000200,0.000,0.200,47416411,47133,73,978,1051,4,52,43,1906734,46615,1799929,12578,0.000000,0.208598,0.219840,2623,0,1580.87,1870891,1869456,2118,68240,SUCCESS,91130,4,,350464,22186560,155545888,22001536,,,,,12577,15674,used,,,,20260905-0028
2026-09-05 03:35:35,HAUSP-UB,C8T1S5I8N5K,0,2,0.000200,0.000,0.200,9488004,9426,83,646,730,4,93,73,3612306,29547,3443540,11828,0.000000,0.242173,0.250249,6078,0,1580.92,3627992,3576089,51903,51042,SUCCESS,154905,4,,150144,4438024,121991456,7045632,,,,,11828,13861,used,,,,20260905-0028
2026-09-05 03:35:36,HAUSP-UB,C8T1S5I8N5K,1,2,0.000200,0.000,0.200,18951306,18852,73,691,765,4,66,53,2604870,38503,2479297,12496,0.000000,0.225775,0.235845,4680,0,1522.96,2577334,2568309,9886,60186,SUCCESS,110576,4,,204544,8864368,121991456,10422528,,,,,12496,14997,used,,,,20260905-0028
2026-09-05 03:35:37,HAUSP-UB,C8T1S5I8N5K,2,2,0.000200,0.000,0.200,28544670,28278,86,789,876,4,59,49,2330879,42907,2214040,12274,0.000000,0.212608,0.222879,3088,0,1628.46,2297939,2293866,4815,64372,SUCCESS,101178,4,,197376,13348488,155545888,14122496,,,,,12274,15661,used,,,,20260905-0028
2026-09-05 03:35:38,HAUSP-UB,C8T1S5I8N5K,3,2,0.000200,0.000,0.200,38016389,37704,73,836,909,4,53,44,1916245,45276,1807217,12406,0.000000,0.210993,0.221967,2428,0,1547.25,1881555,1879089,3095,66784,SUCCESS,93432,4,,333056,17779144,155545888,17971072,,,,,12404,15594,used,,,,20260905-0028
2026-09-05 03:35:39,HAUSP-UB,C8T1S5I8N5K,4,2,0.000200,0.000,0.200,47416411,47133,73,986,1060,4,52,44,1906734,46615,1799929,12578,0.000000,0.208598,0.219840,2623,0,1581.54,1870891,1869456,2118,68240,SUCCESS,91130,4,,350464,22186560,155545888,22001536,,,,,12577,15674,used,,,,20260905-0028
2026-09-05 03:35:41,HAUSP-UB,C8T1S5I8N5K,0,3,0.000200,0.000,0.200,9488004,9426,92,656,748,4,93,73,3612306,29547,3443540,11828,0.000000,0.242173,0.250249,6078,0,1583.18,3627992,3576089,51903,51042,SUCCESS,154905,4,,145920,4438024,121991456,7045632,,,,,11828,13861,used,,,,20260905-0028
2026-09-05 03:35:42,HAUSP-UB,C8T1S5I8N5K,1,3,0.000200,0.000,0.200,18951306,18852,73,677,750,4,66,54,2604870,38503,2479297,12496,0.000000,0.225775,0.235845,4680,0,1523.57,2577334,2568309,9886,60186,SUCCESS,110576,4,,204544,8864368,121991456,10422528,,,,,12496,14997,used,,,,20260905-0028
2026-09-05 03:35:43,HAUSP-UB,C8T1S5I8N5K,2,3,0.000200,0.000,0.200,28544670,28278,92,795,888,4,60,49,2330879,42907,2214040,12274,0.000000,0.212608,0.222879,3088,0,1629.33,2297939,2293866,4815,64372,SUCCESS,101178,4,,197376,13348488,155545888,14122496,,,,,12274,15661,used,,,,20260905-0028
2026-09-05 03:35:44,HAUSP-UB,C8T1S5I8N5K,3,3,0.000200,0.000,0.200,38016389,37704,72,838,910,4,53,44,1916245,45276,1807217,12406,0.000000,0.210993,0.221967,2428,0,1544.02,1881555,1879089,3095,66784,SUCCESS,93432,4,,333056,17779144,155545888,17971072,,,,,12404,15594,used,,,,20260905-0028
2026-09-05 03:35:45,HAUSP-UB,C8T1S5I8N5K,4,3,0.000200,0.000,0.200,47416411,47133,74,979,1053,4,52,43,1906734,46615,1799929,12578,0.000000,0.208598,0.219840,2623,0,1579.72,1870891,1869456,2118,68240,SUCCESS,91130,4,,350464,22186560,155545888,22001536,,,,,12577,15674,used,,,,20260905-0028
2026-09-05 03:35:46,HAUSP-UB,C8T1S5I8N5K,0,4,0.000200,0.000,0.200,9488004,9426,86,648,735,4,94,74,3612306,29547,3443540,11828,0.000000,0.242173,0.250249,6078,0,1580.92,3627992,3576089,51903,51042,SUCCESS,154905,4,,150144,4438024,121991456,7045632,,,,,11828,13861,used,,,,20260905-0028
2026-09-05 03:35:47,HAUSP-UB,C8T1S5I8N5K,1,4,0.000200,0.000,0.200,18951306,18852,74,688,762,4,67,54,2604870,38503,2479297,12496,0.000000,0.225775,0.235845,4680,0,1522.89,2577334,2568309,9886,60186,SUCCESS,110576,4,,204544,8864368,121991456,10422528,,,,,12496,14997,used,,,,20260905-0028
2026-09-05 03:35:48,HAUSP-UB,C8T1S5I8N5K,2,4,0.000200,0.000,0.200,28544670,28278,92,803,895,4,60,49,2330879,42907,2214040,12274,0.000000,0.212608,0.222879,3088,0,1633.08,2297939,2293866,4815,64372,SUCCESS,101178,4,,217472,13348488,155545888,14122496,,,,,12274,15661,used,,,,20260905-0028
2026-09-05 03:35:49,HAUSP-UB,C8T1S5I8N5K,3,4,0.000200,0.000,0.200,38016389,37704,72,841,914,4,53,45,1916245,45276,1807217,12406,0.000000,0.210993,0.221967,2428,0,1543.72,1881555,1879089,3095,66784,SUCCESS,93432,4,,333056,17779144,155545888,17971072,,,,,12404,15594,used,,,,20260905-0028
2026-09-05 03:35:51,HAUSP-UB,C8T1S5I8N5K,4,4,0.000200,0.000,0.200,47416411,47133,74,989,1064,4,53,44,1906734,46615,1799929,12578,0.000000,0.208598,0.219840,2623,0,1579.36,1870891,1869456,2118,68240,SUCCESS,91130,4,,350464,22186560,155545888,22001536,,,,,12577,15674,used,,,,20260905-0028
2026-09-05 03:35:52,HAUSP-UB,C8T1S5I8N5K,0,5,0.000200,0.000,0.200,9488004,9426,83,651,735,4,95,75,3612306,29547,3443540,11828,0.000000,0.242173,0.250249,6078,0,1580.92,3627992,3576089,51903,51042,SUCCESS,154905,4,,150144,4438024,121991456,7045632,,,,,11828,13861,used,,,,20260905-0028
2026-09-05 03:35:53,HAUSP-UB,C8T1S5I8N5K,1,5,0.000200,0.000,0.200,18951306,18852,74,683,758,4,65,53,2604870,38503,2479297,12496,0.000000,0.225775,0.235845,4680,0,1522.93,2577334,2568309,9886,60186,SUCCESS,110576,4,,204544,8864368,121991456,10422528,,,,,12496,14997,used,,,,20260905-0028
2026-09-05 03:35:54,HAUSP-UB,C8T1S5I8N5K,2,5,0.000200,0.000,0.200,28544670,28278,83,795,879,4,58,48,2330879,42907,2214040,12274,0.000000,0.212608,0.222879,3088,0,1630.43,2297939,2293866,4815,64372,SUCCESS,101178,4,,197376,13348488,155545888,14122496,,,,,12274,15661,used,,,,20260905-0028
2026-09-05 03:35:55,HAUSP-UB,C8T1S5I8N5K,3,5,0.000200,0.000,0.200,38016389,37704,73,845,918,4,53,45,1916245,45276,1807217,12406,0.000000,0.210993,0.221967,2428,0,1544.73,1881555,1879089,3095,66784,SUCCESS,93432,4,,333056,17779144,155545888,17971072,,,,,12404,15594,used,,,,20260905-0028
2026-09-05 03:35:56,HAUSP-UB,C8T1S5I8N5K,4,5,0.000200,0.000,0.200,47416411,47133,74,1002,1076,4,53,44,1906734,46615,1799929,12578,0.000000,0.208598,0.219840,2623,0,1579.73,1870891,1869456,2118,68240,SUCCESS,91130,4,,350464,22186560,155545888,22001536,,,,,12577,15674,used,,,,20260905-0028
2026-09-05 03:35:58,HAUSP-UB,C8T1S5I8N5K,0,6,0.000200,0.000,0.200,9488004,9426,84,652,736,4,96,76,3612306,29547,3443540,11828,0.000000,0.242173,0.250249,6078,0,1580.92,3627992,3576089,51903,51042,SUCCESS,154905,4,,150144,4438024,121991456,7045632,,,,,11828,13861,used,,,,20260905-0028
2026-09-05 03:35:59,HAUSP-UB,C8T1S5I8N5K,1,6,0.000200,0.000,0.200,18951306,18852,73,691,765,4,67,54,2604870,38503,2479297,12496,0.000000,0.225775,0.235845,4680,0,1522.93,2577334,2568309,9886,60186,SUCCESS,110576,4,,204544,8864368,121991456,10422528,,,,,12496,14997,used,,,,20260905-0028
2026-09-05 03:36:00,HAUSP-UB,C8T1S5I8N5K,2,6,0.000200,0.000,0.200,28544670,28278,83,804,887,4,61,50,2330879,42907,2214040,12274,0.000000,0.212608,0.222879,3088,0,1630.43,2297939,2293866,4815,64372,SUCCESS,101178,4,,197376,13348488,155545888,14122496,,,,,12274,15661,used,,,,20260905-0028
2026-09-05 03:36:01,HAUSP-UB,C8T1S5I8N5K,3,6,0.000200,0.000,0.200,38016389,37704,74,846,920,4,54,45,1916245,45276,1807217,12406,0.000000,0.210993,0.221967,2428,0,1544.73,1881555,1879089,3095,66784,SUCCESS,93432,4,,333056,17779144,155545888,17971072,,,,,12404,15594,used,,,,20260905-0028
2026-09-05 03:36:02,HAUSP-UB,C8T1S5I8N5K,4,6,0.000200,0.000,0.200,47416411,47133,74,993,1067,4,53,45,1906734,46615,1799929,12578,0.000000,0.208598,0.219840,2623,0,1579.73,1870891,1869456,2118,68240,SUCCESS,91130,4,,350464,22186560,155545888,22001536,,,,,12577,15674,used,,,,20260905-0028
2026-09-05 03:36:04,HAUSP-UB,C8T1S5I8N5K,0,7,0.000200,0.000,0.200,9488004,9426,82,647,729,4,95,74,3612306,29547,3443540,11828,0.000000,0.242173,0.250249,6078,0,1580.92,3627992,3576089,51903,51042,SUCCESS,154905,4,,150144,4438024,121991456,7045632,,,,,11828,13861,used,,,,20260905-0028
2026-09-05 03:36:04,HAUSP-UB,C8T1S5I8N5K,1,7,0.000200,0.000,0.200,18951306,18852,75,689,764,4,66,54,2604870,38503,2479297,12496,0.000000,0.225775,0.235845,4680,0,1522.93,2577334,2568309,9886,60186,SUCCESS,110576,4,,204544,8864368,121991456,10422528,,,,,12496,14997,used,,,,20260905-0028
2026-09-05 03:36:06,HAUSP-UB,C8T1S5I8N5K,2,7,0.000200,0.000,0.200,28544670,28278,84,805,890,4,60,49,2330879,42907,2214040,12274,0.000000,0.212608,0.222879,3088,0,1630.44,2297939,2293866,4815,64372,SUCCESS,101178,4,,197376,13348488,155545888,14122496,,,,,12274,15661,used,,,,20260905-0028
2026-09-05 03:36:07,HAUSP-UB,C8T1S5I8N5K,3,7,0.000200,0.000,0.200,38016389,37704,72,852,925,4,54,46,1916245,45276,1807217,12406,0.000000,0.210993,0.221967,2428,0,1544.73,1881555,1879089,3095,66784,SUCCESS,93432,4,,333056,17779144,155545888,17971072,,,,,12404,15594,used,,,,20260905-0028
2026-09-05 03:36:08,HAUSP-UB,C8T1S5I8N5K,4,7,0.000200,0.000,0.200,47416411,47133,74,994,1068,4,53,44,1906734,46615,1799929,12578,0.000000,0.208598,0.219840,2623,0,1579.73,1870891,1869456,2118,68240,SUCCESS,91130,4,,350464,22186560,155545888,22001536,,,,,12577,15674,used,,,,20260905-0028
2026-09-05 03:36:09,HAUSP-UB,C8T1S5I8N5K,0,8,0.000200,0.000,0.200,9488004,9426,82,651,733,4,94,75,3612306,29547,3443540,11828,0.000000,0.242173,0.250249,6078,0,1580.92,3627992,3576089,51903,51042,SUCCESS,154905,4,,150144,4438024,121991456,7045632,,,,,11828,13861,used,,,,20260905-0028
2026-09-05 03:36:10,HAUSP-UB,C8T1S5I8N5K,1,8,0.000200,0.000,0.200,18951306,18852,75,687,762,4,65,54,2604870,38503,2479297,12496,0.000000,0.225775,0.235845,4680,0,1522.93,2577334,2568309,9886,60186,SUCCESS,110576,4,,204544,8864368,121991456,10422528,,,,,12496,14997,used,,,,20260905-0028
2026-09-05 03:36:11,HAUSP-UB,C8T1S5I8N5K,2,8,0.000200,0.000,0.200,28544670,28278,82,812,895,4,61,49,2330879,42907,2214040,12274,0.000000,0.212608,0.222879,3088,0,1630.44,2297939,2293866,4815,64372,SUCCESS,101178,4,,197376,13348488,155545888,14122496,,,,,12274,15661,used,,,,20260905-0028
2026-09-05 03:36:12,HAUSP-UB,C8T1S5I8N5K,3,8,0.000200,0.000,0.200,38016389,37704,73,849,923,4,53,46,1916245,45276,1807217,12406,0.000000,0.210993,0.221967,2428,0,1544.73,1881555,1879089,3095,66784,SUCCESS,93432,4,,333056,17779144,155545888,17971072,,,,,12404,15594,used,,,,20260905-0028
2026-09-05 03:36:14,HAUSP-UB,C8T1S5I8N5K,4,8,0.000200,0.000,0.200,47416411,47133,76,989,1065,4,52,44,1906734,46615,1799929,12578,0.000000,0.208598,0.219840,2623,0,1579.73,1870891,1869456,2118,68240,SUCCESS,91130,4,,350464,22186560,155545888,22001536,,,,,12577,15674,used,,,,20260905-0028
2026-09-05 03:36:15,HAUSP-UB,C8T1S5I8N5K,0,9,0.000200,0.000,0.200,9488004,9426,83,649,733,4,94,74,3612306,29547,3443540,11828,0.000000,0.242173,0.250249,6078,0,1580.92,3627992,3576089,51903,51042,SUCCESS,154905,4,,150144,4438024,121991456,7045632,,,,,11828,13861,used,,,,20260905-0028
2026-09-05 03:36:16,HAUSP-UB,C8T1S5I8N5K,1,9,0.000200,0.000,0.200,18951306,18852,74,688,763,4,65,54,2604870,38503,2479297,12496,0.000000,0.225775,0.235845,4680,0,1522.93,2577334,2568309,9886,60186,SUCCESS,110576,4,,204544,8864368,121991456,10422528,,,,,12496,14997,used,,,,20260905-0028
2026-09-05 03:36:17,HAUSP-UB,C8T1S5I8N5K,2,9,0.000200,0.000,0.200,28544670,28278,84,805,889,4,61,50,2330879,42907,2214040,12274,0.000000,0.212608,0.222879,3088,0,1630.44,2297939,2293866,4815,64372,SUCCESS,101178,4,,197376,13348488,155545888,14122496,,,,,12274,15661,used,,,,20260905-0028
2026-09-05 03:36:18,HAUSP-UB,C8T1S5I8N5K,3,9,0.000200,0.000,0.200,38016389,37704,73,849,923,4,54,45,1916245,45276,1807217,12406,0.000000,0.210993,0.221967,2428,0,1544.73,1881555,1879089,3095,66784,SUCCESS,93432,4,,333056,17779144,155545888,17971072,,,,,12404,15594,used,,,,20260905-0028
2026-09-05 03:36:19,HAUSP-UB,C8T1S5I8N5K,4,9,0.000200,0.000,0.200,47416411,47133,75,993,1068,4,53,44,1906734,46615,1799929,12578,0.000000,0.208598,0.219840,2623,0,1579.73,1870891,1869456,2118,68240,SUCCESS,91130,4,,350464,22186560,155545888,22001536,,,,,12577,15674,used,,,,20260905-0028
# run_id=20260909-2256 git=7a63c47 jvm=26.0.1 heap=24g host=ThaiTMs-MacBook-Pro.local tree=clean cmd=--exp 1 --algo HAUSP-UB[noEUCS] --repeats 3 --repeats-min-seconds 10 --results-dir results-2026-09 --timeout 90 --resume
2026-09-09 22:56:24,HAUSP-UB[noEUCS],BIBLE,0,0,0.001000,0.000,0.200,7617167,7273,41,3039,3081,7,169,46,25214943,5060,25092666,5332,0.000000,0.240219,0.246177,9964,0,207.82,25219342,25211753,7589,6208,SUCCESS,116722,0,,32143488,5506208,0,4278784,,,,,438,661,used,,,,20260909-2256
2026-09-09 22:56:29,HAUSP-UB[noEUCS],BIBLE,1,0,0.001000,0.000,0.200,15283678,14546,18,4250,4269,3,169,34,25415115,7802,25323890,4700,0.000000,0.271234,0.279246,10469,0,306.28,25415995,25413350,4026,8894,SUCCESS,86236,0,,60079360,10770464,0,40111616,,,,,425,714,used,,,,20260909-2256
2026-09-09 22:56:34,HAUSP-UB[noEUCS],BIBLE,2,0,0.001000,0.000,0.200,21271931,21819,23,4458,4482,1,142,26,21229906,9874,21160285,3568,0.000000,0.273117,0.281164,8283,0,345.73,21230147,21228174,3313,10949,SUCCESS,65736,0,,70266880,15002144,0,103838336,,,,,422,739,used,,,,20260909-2256
2026-09-09 22:56:40,HAUSP-UB[noEUCS],BIBLE,3,0,0.001000,0.000,0.200,28633935,29092,10,6440,6451,2,167,28,25139190,11155,25065620,3761,0.000000,0.269625,0.277551,8226,0,458.23,25138643,25137351,2550,12232,SUCCESS,69470,0,,89202688,20253760,0,177078528,,,,,414,753,used,,,,20260909-2256
2026-09-09 22:56:47,HAUSP-UB[noEUCS],BIBLE,4,0,0.001000,0.000,0.200,35550162,36369,10,6469,6479,2,141,22,21936545,12820,21877203,2933,0.000000,0.261646,0.269156,6713,0,656.38,21936367,21934699,2935,13905,SUCCESS,56071,0,,96827392,25186112,0,269986048,,,,,428,766,used,,,,20260909-2256
2026-09-09 22:56:51,HAUSP-UB[noEUCS],BIBLE,0,1,0.001000,0.000,0.200,7617167,7273,24,2866,2891,4,178,45,25214943,5060,25092666,5332,0.000000,0.240219,0.246177,9964,0,201.20,25219342,25211753,7589,6208,SUCCESS,116722,0,,32012416,5506208,0,4278784,,,,,438,661,used,,,,20260909-2256
2026-09-09 22:56:55,HAUSP-UB[noEUCS],BIBLE,1,1,0.001000,0.000,0.200,15283678,14546,15,4261,4277,4,168,34,25415115,7802,25323890,4700,0.000000,0.271234,0.279246,10469,0,263.69,25415995,25413350,4026,8894,SUCCESS,86236,0,,43136256,10770464,0,40111616,,,,,425,714,used,,,,20260909-2256
2026-09-09 22:57:00,HAUSP-UB[noEUCS],BIBLE,2,1,0.001000,0.000,0.200,21271931,21819,7,4507,4515,1,140,26,21229906,9874,21160285,3568,0.000000,0.273117,0.281164,8283,0,339.04,21230147,21228174,3313,10949,SUCCESS,65736,0,,64319488,15002144,0,103838336,,,,,422,739,used,,,,20260909-2256
2026-09-09 22:57:07,HAUSP-UB[noEUCS],BIBLE,3,1,0.001000,0.000,0.200,28633935,29092,11,6448,6459,2,164,27,25139190,11155,25065620,3761,0.000000,0.269625,0.277551,8226,0,492.50,25138643,25137351,2550,12232,SUCCESS,69470,0,,89202688,20253760,0,177078528,,,,,414,753,used,,,,20260909-2256
2026-09-09 22:57:13,HAUSP-UB[noEUCS],BIBLE,4,1,0.001000,0.000,0.200,35550162,36369,10,6479,6490,2,143,22,21936545,12820,21877203,2933,0.000000,0.261646,0.269156,6713,0,655.52,21936367,21934699,2935,13905,SUCCESS,56071,0,,98629632,25186112,0,269986048,,,,,428,766,used,,,,20260909-2256
2026-09-09 22:57:17,HAUSP-UB[noEUCS],BIBLE,0,2,0.001000,0.000,0.200,7617167,7273,10,2887,2898,3,178,45,25214943,5060,25092666,5332,0.000000,0.240219,0.246177,9964,0,196.03,25219342,25211753,7589,6208,SUCCESS,116722,0,,32159872,5506208,0,4278784,,,,,438,661,used,,,,20260909-2256
2026-09-09 22:57:21,HAUSP-UB[noEUCS],BIBLE,1,2,0.001000,0.000,0.200,15283678,14546,9,4259,4268,2,169,33,25415115,7802,25323890,4700,0.000000,0.271234,0.279246,10469,0,260.86,25415995,25413350,4026,8894,SUCCESS,86236,0,,44139776,10770464,0,40111616,,,,,425,714,used,,,,20260909-2256
2026-09-09 22:57:26,HAUSP-UB[noEUCS],BIBLE,2,2,0.001000,0.000,0.200,21271931,21819,7,4499,4507,2,141,26,21229906,9874,21160285,3568,0.000000,0.273117,0.281164,8283,0,332.04,21230147,21228174,3313,10949,SUCCESS,65736,0,,70053888,15002144,0,103838336,,,,,422,739,used,,,,20260909-2256
2026-09-09 22:57:33,HAUSP-UB[noEUCS],BIBLE,3,2,0.001000,0.000,0.200,28633935,29092,10,6423,6434,2,166,27,25139190,11155,25065620,3761,0.000000,0.269625,0.277551,8226,0,495.80,25138643,25137351,2550,12232,SUCCESS,69470,0,,89382912,20253760,0,177078528,,,,,414,753,used,,,,20260909-2256
2026-09-09 22:57:40,HAUSP-UB[noEUCS],BIBLE,4,2,0.001000,0.000,0.200,35550162,36369,10,6482,6492,2,143,22,21936545,12820,21877203,2933,0.000000,0.261646,0.269156,6713,0,655.79,21936367,21934699,2935,13905,SUCCESS,56071,0,,98629632,25186112,0,269986048,,,,,428,766,used,,,,20260909-2256
2026-09-09 22:57:45,HAUSP-UB[noEUCS],BMS1_SPMF,0,0,0.003500,0.000,0.200,1577987,11920,2,4521,4524,0,663,183,100789904,19,100321836,67,0.000000,0.043005,0.043066,100,0,39.43,100789922,100788944,978,335,SUCCESS,468067,0,,567936,1012928,0,730112,,,,,67,1,used,,,,20260909-2256
2026-09-09 22:57:45,HAUSP-UB[noEUCS],BMS1_SPMF,1,0,0.003500,0.000,0.200,2805280,23840,2,193,196,0,21,5,3046411,24,3032202,98,0.000000,0.042039,0.044379,97,0,41.94,3046098,3046098,458,338,SUCCESS,14207,0,,975232,1844768,0,1304448,,,,,98,2,used,,,,20260909-2256
2026-09-09 22:57:45,HAUSP-UB[noEUCS],BMS1_SPMF,2,0,0.003500,0.000,0.200,4090185,35760,2,68,71,0,5,1,611388,74,608187,117,0.000000,0.064957,0.075240,94,0,46.11,611111,611111,418,387,SUCCESS,3188,0,,1274752,2728384,0,2031872,,,,,117,13,used,,,,20260909-2256
2026-09-09 22:57:46,HAUSP-UB[noEUCS],BMS1_SPMF,3,0,0.003500,0.000,0.200,5578380,47680,2,97,100,0,5,1,671378,72,667788,112,0.000000,0.057647,0.067303,93,0,50.48,671036,671036,346,389,SUCCESS,3563,0,,1860480,3699328,0,2677888,,,,,112,27,used,,,,20260909-2256
2026-09-09 22:58:10,HAUSP-UB[noEUCS],BMS1_SPMF,4,0,0.003500,0.000,0.200,7229030,59601,3,24422,24425,0,773,262,103110382,170,102437014,87,0.000000,0.039763,0.039814,93,0,58.70,103110126,103110126,562,497,SUCCESS,673331,0,,2163840,4788416,0,3846016,,,,,87,37,used,,,,20260909-2256
2026-09-09 22:58:16,HAUSP-UB[noEUCS],BMS1_SPMF,0,1,0.003500,0.000,0.200,1577987,11920,3,4512,4516,1,662,182,100789904,19,100321836,67,0.000000,0.043005,0.043066,100,0,39.25,100789922,100788944,978,335,SUCCESS,468067,0,,567936,1012928,0,730112,,,,,67,1,used,,,,20260909-2256
2026-09-09 22:58:16,HAUSP-UB[noEUCS],BMS1_SPMF,1,1,0.003500,0.000,0.200,2805280,23840,2,193,196,0,21,6,3046411,24,3032202,98,0.000000,0.042039,0.044379,97,0,41.88,3046098,3046098,458,338,SUCCESS,14207,0,,975232,1844768,0,1304448,,,,,98,2,used,,,,20260909-2256
2026-09-09 22:58:16,HAUSP-UB[noEUCS],BMS1_SPMF,2,1,0.003500,0.000,0.200,4090185,35760,2,69,72,0,5,1,611388,74,608187,117,0.000000,0.064957,0.075240,94,0,45.99,611111,611111,418,387,SUCCESS,3188,0,,1274752,2728384,0,2031872,,,,,117,13,used,,,,20260909-2256
2026-09-09 22:58:17,HAUSP-UB[noEUCS],BMS1_SPMF,3,1,0.003500,0.000,0.200,5578380,47680,2,97,100,0,5,1,671378,72,667788,112,0.000000,0.057647,0.067303,93,0,50.38,671036,671036,346,389,SUCCESS,3563,0,,1860480,3699328,0,2677888,,,,,112,27,used,,,,20260909-2256
2026-09-09 22:58:41,HAUSP-UB[noEUCS],BMS1_SPMF,4,1,0.003500,0.000,0.200,7229030,59601,3,24453,24456,0,773,264,103110382,170,102437014,87,0.000000,0.039763,0.039814,93,0,58.61,103110126,103110126,562,497,SUCCESS,673331,0,,2163840,4788416,0,3846016,,,,,87,37,used,,,,20260909-2256
2026-09-09 22:58:46,HAUSP-UB[noEUCS],BMS1_SPMF,0,2,0.003500,0.000,0.200,1577987,11920,3,4524,4527,0,665,184,100789904,19,100321836,67,0.000000,0.043005,0.043066,100,0,39.24,100789922,100788944,978,335,SUCCESS,468067,0,,567936,1012928,0,730112,,,,,67,1,used,,,,20260909-2256
2026-09-09 22:58:47,HAUSP-UB[noEUCS],BMS1_SPMF,1,2,0.003500,0.000,0.200,2805280,23840,2,193,196,0,21,5,3046411,24,3032202,98,0.000000,0.042039,0.044379,97,0,41.88,3046098,3046098,458,338,SUCCESS,14207,0,,975232,1844768,0,1304448,,,,,98,2,used,,,,20260909-2256
2026-09-09 22:58:47,HAUSP-UB[noEUCS],BMS1_SPMF,2,2,0.003500,0.000,0.200,4090185,35760,2,67,69,0,5,1,611388,74,608187,117,0.000000,0.064957,0.075240,94,0,45.99,611111,611111,418,387,SUCCESS,3188,0,,1274752,2728384,0,2031872,,,,,117,13,used,,,,20260909-2256
2026-09-09 22:58:47,HAUSP-UB[noEUCS],BMS1_SPMF,3,2,0.003500,0.000,0.200,5578380,47680,2,98,101,0,5,1,671378,72,667788,112,0.000000,0.057647,0.067303,93,0,50.38,671036,671036,346,389,SUCCESS,3563,0,,1860480,3699328,0,2677888,,,,,112,27,used,,,,20260909-2256
2026-09-09 22:59:12,HAUSP-UB[noEUCS],BMS1_SPMF,4,2,0.003500,0.000,0.200,7229030,59601,3,24407,24410,0,774,263,103110382,170,102437014,87,0.000000,0.039763,0.039814,93,0,58.61,103110126,103110126,562,497,SUCCESS,673331,0,,2163840,4788416,0,3846016,,,,,87,37,used,,,,20260909-2256
2026-09-09 22:59:34,HAUSP-UB[noEUCS],FIFA,0,0,0.012000,0.000,0.200,7402552,4090,7,20805,20813,1,204,60,25763977,2017,25611986,322,0.000000,0.095972,0.096070,231,0,133.21,25765835,25763184,2651,2316,SUCCESS,151622,0,,8212480,4892320,0,3450624,,,,,112,159,used,,,,20260909-2256
2026-09-09 23:00:10,HAUSP-UB[noEUCS],FIFA,1,0,0.012000,0.000,0.200,14678365,8180,6,36427,36434,1,204,52,23458022,2329,23327309,298,0.000000,0.096672,0.096780,215,0,166.66,23457886,23457568,653,2627,SUCCESS,130375,0,,17383424,9695616,0,14728192,,,,,109,149,used,,,,20260909-2256
2026-09-09 23:01:07,HAUSP-UB[noEUCS],FIFA,2,0,0.012000,0.000,0.200,21657235,12270,6,56156,56163,1,219,54,23893546,2515,23758249,312,0.000000,0.097110,0.097222,280,0,189.13,23893283,23893102,523,2811,SUCCESS,134941,0,,22937600,14372960,0,28737152,,,,,107,151,used,,,,20260909-2256
2026-09-09 23:02:22,HAUSP-UB[noEUCS],FIFA,3,0,0.012000,0.000,0.200,28870802,16360,6,74694,74700,1,234,55,23966676,2612,23830349,299,0.000000,0.095810,0.095917,346,0,213.97,23966314,23966223,430,2907,SUCCESS,135970,0,,34799616,19130880,0,36989568,,,,,105,163,used,,,,20260909-2256
2026-09-09 23:03:51,HAUSP-UB[noEUCS],FIFA,4,0,0.012000,0.000,0.200,35721991,20450,8,89025,89034,1,236,54,22652772,2701,22523748,267,0.000000,0.096915,0.097026,334,0,234.98,22652401,22652321,414,2990,SUCCESS,128691,0,,42729472,23714944,0,48006784,,,,,99,165,used,,,,20260909-2256
2026-09-09 23:04:13,HAUSP-UB[noEUCS],FIFA,0,1,0.012000,0.000,0.200,7402552,4090,8,20874,20882,1,203,60,25763977,2017,25611986,322,0.000000,0.095972,0.096070,231,0,132.85,25765835,25763184,2651,2316,SUCCESS,151622,0,,8212480,4892320,0,3450624,,,,,112,159,used,,,,20260909-2256
2026-09-09 23:04:49,HAUSP-UB[noEUCS],FIFA,1,1,0.012000,0.000,0.200,14678365,8180,7,36421,36429,1,195,52,23458022,2329,23327309,298,0.000000,0.096672,0.096780,215,0,164.46,23457886,23457568,653,2627,SUCCESS,130375,0,,16752640,9695616,0,14728192,,,,,109,149,used,,,,20260909-2256
2026-09-09 23:05:46,HAUSP-UB[noEUCS],FIFA,2,1,0.012000,0.000,0.200,21657235,12270,7,55955,55963,1,217,55,23893546,2515,23758249,312,0.000000,0.097110,0.097222,280,0,187.15,23893283,23893102,523,2811,SUCCESS,134941,0,,22331392,14372960,0,28737152,,,,,107,151,used,,,,20260909-2256
2026-09-09 23:07:01,HAUSP-UB[noEUCS],FIFA,3,1,0.012000,0.000,0.200,28870802,16360,7,74580,74588,1,229,56,23966676,2612,23830349,299,0.000000,0.095810,0.095917,346,0,214.05,23966314,23966223,430,2907,SUCCESS,135970,0,,34799616,19130880,0,36989568,,,,,105,163,used,,,,20260909-2256
2026-09-09 23:08:30,HAUSP-UB[noEUCS],FIFA,4,1,0.012000,0.000,0.200,35721991,20450,6,88920,88927,1,237,54,22652772,2701,22523748,267,0.000000,0.096915,0.097026,334,0,234.42,22652401,22652321,414,2990,SUCCESS,128691,0,,42729472,23714944,0,48006784,,,,,99,165,used,,,,20260909-2256
2026-09-09 23:08:51,HAUSP-UB[noEUCS],FIFA,0,2,0.012000,0.000,0.200,7402552,4090,7,20863,20871,1,203,60,25763977,2017,25611986,322,0.000000,0.095972,0.096070,231,0,132.85,25765835,25763184,2651,2316,SUCCESS,151622,0,,8470528,4892320,0,3450624,,,,,112,159,used,,,,20260909-2256
2026-09-09 23:09:28,HAUSP-UB[noEUCS],FIFA,1,2,0.012000,0.000,0.200,14678365,8180,7,36403,36410,1,197,52,23458022,2329,23327309,298,0.000000,0.096672,0.096780,215,0,164.46,23457886,23457568,653,2627,SUCCESS,130375,0,,17154048,9695616,0,14728192,,,,,109,149,used,,,,20260909-2256
2026-09-09 23:10:24,HAUSP-UB[noEUCS],FIFA,2,2,0.012000,0.000,0.200,21657235,12270,7,55979,55987,1,215,54,23893546,2515,23758249,312,0.000000,0.097110,0.097222,280,0,187.20,23893283,23893102,523,2811,SUCCESS,134941,0,,22659072,14372960,0,28737152,,,,,107,151,used,,,,20260909-2256
2026-09-09 23:11:40,HAUSP-UB[noEUCS],FIFA,3,2,0.012000,0.000,0.200,28870802,16360,7,74937,74945,1,234,56,23966676,2612,23830349,299,0.000000,0.095810,0.095917,346,0,213.61,23966314,23966223,430,2907,SUCCESS,135970,0,,34799616,19130880,0,36989568,,,,,105,163,used,,,,20260909-2256
2026-09-09 23:13:09,HAUSP-UB[noEUCS],FIFA,4,2,0.012000,0.000,0.200,35721991,20450,6,88767,88774,1,236,54,22652772,2701,22523748,267,0.000000,0.096915,0.097026,334,0,234.17,22652401,22652321,414,2990,SUCCESS,128691,0,,42729472,23714944,0,48006784,,,,,99,165,used,,,,20260909-2256
2026-09-09 23:13:28,HAUSP-UB[noEUCS],KOSARAK,0,0,0.003000,0.000,0.200,79636688,198000,69,16947,17017,15,308,18,51567664,25266,51520192,1585,0.000000,0.027989,0.029411,103,0,1460.29,51591851,51559704,32147,28708,SUCCESS,46393,0,,84082688,50955040,0,37820544,,,,,1585,1079,used,,,,20260909-2256
2026-09-09 23:14:10,HAUSP-UB[noEUCS],KOSARAK,1,0,0.003000,0.000,0.200,161031299,396000,74,41385,41460,15,428,22,67909611,30459,67854517,1532,0.000000,0.026252,0.027432,102,0,1850.60,67910250,67904881,8808,33988,SUCCESS,53982,0,,159506432,103047712,0,159067648,,,,,1532,1112,used,,,,20260909-2256
2026-09-09 23:15:06,HAUSP-UB[noEUCS],KOSARAK,2,0,0.003000,0.000,0.200,240799749,594000,74,56000,56075,15,382,20,58594053,33508,58545243,1521,0.000000,0.028380,0.029705,104,0,2253.65,58592514,58589619,6423,36960,SUCCESS,47751,0,,219889664,154076512,0,330810368,,,,,1521,1059,used,,,,20260909-2256
2026-09-09 23:16:40,HAUSP-UB[noEUCS],KOSARAK,3,0,0.003000,0.000,0.200,321393622,792000,77,93306,93384,15,524,26,77736196,35900,77676008,1548,0.000000,0.027469,0.028528,101,0,2603.28,77734045,77731391,6105,39483,SUCCESS,59097,0,,250822656,205662048,0,528886528,,,,,1548,1091,used,,,,20260909-2256
2026-09-09 23:18:31,HAUSP-UB[noEUCS],KOSARAK,4,0,0.003000,0.000,0.200,400890653,990002,77,109573,109651,11,505,24,71686014,37724,71630223,1537,0.000000,0.027545,0.028679,103,0,2916.24,71683160,71681410,5332,41270,SUCCESS,54696,0,,287637504,256608480,0,712001920,,,,,1537,1095,used,,,,20260909-2256
2026-09-09 23:18:49,HAUSP-UB[noEUCS],KOSARAK,0,1,0.003000,0.000,0.200,79636688,198000,75,17098,17174,15,306,19,51567664,25266,51520192,1585,0.000000,0.027989,0.029411,103,0,1452.29,51591851,51559704,32147,28708,SUCCESS,46393,0,,81338368,50955040,0,37820544,,,,,1585,1079,used,,,,20260909-2256
2026-09-09 23:19:31,HAUSP-UB[noEUCS],KOSARAK,1,1,0.003000,0.000,0.200,161031299,396000,73,41161,41234,15,424,22,67909611,30459,67854517,1532,0.000000,0.026252,0.027432,102,0,1850.83,67910250,67904881,8808,33988,SUCCESS,53982,0,,160055296,103047712,0,159067648,,,,,1532,1112,used,,,,20260909-2256
2026-09-09 23:20:27,HAUSP-UB[noEUCS],KOSARAK,2,1,0.003000,0.000,0.200,240799749,594000,71,55942,56014,14,393,20,58594053,33508,58545243,1521,0.000000,0.028380,0.029705,104,0,2254.24,58592514,58589619,6423,36960,SUCCESS,47751,0,,221290496,154076512,0,330810368,,,,,1521,1059,used,,,,20260909-2256
2026-09-09 23:22:01,HAUSP-UB[noEUCS],KOSARAK,3,1,0.003000,0.000,0.200,321393622,792000,74,93617,93692,15,528,27,77736196,35900,77676008,1548,0.000000,0.027469,0.028528,101,0,2698.78,77734045,77731391,6105,39483,SUCCESS,59097,0,,288366592,205662048,0,528886528,,,,,1548,1091,used,,,,20260909-2256
2026-09-09 23:23:52,HAUSP-UB[noEUCS],KOSARAK,4,1,0.003000,0.000,0.200,400890653,990002,74,109804,109879,11,516,26,71686014,37724,71630223,1537,0.000000,0.027545,0.028679,103,0,2917.57,71683160,71681410,5332,41270,SUCCESS,54696,0,,287637504,256608480,0,712001920,,,,,1537,1095,used,,,,20260909-2256
2026-09-09 23:24:10,HAUSP-UB[noEUCS],KOSARAK,0,2,0.003000,0.000,0.200,79636688,198000,70,16942,17012,15,308,19,51567664,25266,51520192,1585,0.000000,0.027989,0.029411,103,0,1452.29,51591851,51559704,32147,28708,SUCCESS,46393,0,,84029440,50955040,0,37820544,,,,,1585,1079,used,,,,20260909-2256
2026-09-09 23:24:51,HAUSP-UB[noEUCS],KOSARAK,1,2,0.003000,0.000,0.200,161031299,396000,73,40883,40957,15,426,22,67909611,30459,67854517,1532,0.000000,0.026252,0.027432,102,0,1842.78,67910250,67904881,8808,33988,SUCCESS,53982,0,,159506432,103047712,0,159067648,,,,,1532,1112,used,,,,20260909-2256
2026-09-09 23:25:48,HAUSP-UB[noEUCS],KOSARAK,2,2,0.003000,0.000,0.200,240799749,594000,72,56172,56244,15,388,20,58594053,33508,58545243,1521,0.000000,0.028380,0.029705,104,0,2245.72,58592514,58589619,6423,36960,SUCCESS,47751,0,,219889664,154076512,0,330810368,,,,,1521,1059,used,,,,20260909-2256
2026-09-09 23:27:22,HAUSP-UB[noEUCS],KOSARAK,3,2,0.003000,0.000,0.200,321393622,792000,77,93190,93267,16,524,26,77736196,35900,77676008,1548,0.000000,0.027469,0.028528,101,0,2595.08,77734045,77731391,6105,39483,SUCCESS,59097,0,,250822656,205662048,0,528886528,,,,,1548,1091,used,,,,20260909-2256
2026-09-09 23:29:13,HAUSP-UB[noEUCS],KOSARAK,4,2,0.003000,0.000,0.200,400890653,990002,76,110043,110120,12,505,25,71686014,37724,71630223,1537,0.000000,0.027545,0.028679,103,0,3147.68,71683160,71681410,5332,41270,SUCCESS,54696,0,,351305728,256608480,0,712001920,,,,,1537,1095,used,,,,20260909-2256
2026-09-09 23:29:14,HAUSP-UB[noEUCS],LEVIATHAN,0,0,0.003000,0.000,0.200,2833171,1166,2,240,242,0,19,7,2369635,3333,2350982,1214,0.000000,0.363978,0.376474,4440,0,46.30,2372374,2367666,4708,4038,SUCCESS,17202,0,,3580928,1192704,0,1136384,,,,,357,594,used,,,,20260909-2256
2026-09-09 23:29:14,HAUSP-UB[noEUCS],LEVIATHAN,1,0,0.003000,0.000,0.200,5742029,2332,2,594,597,0,32,9,4381765,5060,4356527,1637,0.000000,0.369428,0.382278,5965,0,62.66,4382243,4380552,2361,5731,SUCCESS,23380,0,,7950336,2485664,0,5703040,,,,,323,544,used,,,,20260909-2256
2026-09-09 23:29:16,HAUSP-UB[noEUCS],LEVIATHAN,2,0,0.003000,0.000,0.200,8655898,3498,2,983,986,0,39,10,5564058,6468,5536430,1659,0.000000,0.371106,0.383258,6387,0,74.66,5564258,5562851,2075,7137,SUCCESS,25753,0,,12101376,3784224,0,14546944,,,,,321,537,used,,,,20260909-2256
2026-09-09 23:29:17,HAUSP-UB[noEUCS],LEVIATHAN,3,0,0.003000,0.000,0.200,11406844,4664,3,1281,1284,0,42,10,6078888,7425,6051489,1738,0.000000,0.365936,0.378513,6281,0,102.44,6078644,6077656,1657,8110,SUCCESS,25454,0,,17690624,5049280,0,28472704,,,,,325,532,used,,,,20260909-2256
2026-09-09 23:29:19,HAUSP-UB[noEUCS],LEVIATHAN,4,0,0.003000,0.000,0.200,14156241,5834,3,1650,1654,0,45,10,6599011,8336,6570516,1777,0.000000,0.366961,0.379732,6511,0,135.46,6598678,6597758,1604,9025,SUCCESS,26495,0,,22585344,6312032,0,47054080,,,,,336,559,used,,,,20260909-2256
2026-09-09 23:29:20,HAUSP-UB[noEUCS],LEVIATHAN,0,1,0.003000,0.000,0.200,2833171,1166,3,244,248,0,20,7,2369635,3333,2350982,1214,0.000000,0.363978,0.376474,4440,0,46.15,2372374,2367666,4708,4038,SUCCESS,17202,0,,3580928,1192704,0,1136384,,,,,357,594,used,,,,20260909-2256
2026-09-09 23:29:21,HAUSP-UB[noEUCS],LEVIATHAN,1,1,0.003000,0.000,0.200,5742029,2332,2,594,597,0,32,9,4381765,5060,4356527,1637,0.000000,0.369428,0.382278,5965,0,56.09,4382243,4380552,2361,5731,SUCCESS,23380,0,,7950336,2485664,0,5703040,,,,,323,544,used,,,,20260909-2256
2026-09-09 23:29:22,HAUSP-UB[noEUCS],LEVIATHAN,2,1,0.003000,0.000,0.200,8655898,3498,2,981,984,0,39,10,5564058,6468,5536430,1659,0.000000,0.371106,0.383258,6387,0,74.47,5564258,5562851,2075,7137,SUCCESS,25753,0,,12101376,3784224,0,14546944,,,,,321,537,used,,,,20260909-2256
2026-09-09 23:29:23,HAUSP-UB[noEUCS],LEVIATHAN,3,1,0.003000,0.000,0.200,11406844,4664,3,1276,1280,0,42,10,6078888,7425,6051489,1738,0.000000,0.365936,0.378513,6281,0,102.81,6078644,6077656,1657,8110,SUCCESS,25454,0,,17690624,5049280,0,28472704,,,,,325,532,used,,,,20260909-2256
2026-09-09 23:29:25,HAUSP-UB[noEUCS],LEVIATHAN,4,1,0.003000,0.000,0.200,14156241,5834,3,1642,1645,0,44,10,6599011,8336,6570516,1777,0.000000,0.366961,0.379732,6511,0,136.09,6598678,6597758,1604,9025,SUCCESS,26495,0,,22585344,6312032,0,47054080,,,,,336,559,used,,,,20260909-2256
2026-09-09 23:29:26,HAUSP-UB[noEUCS],LEVIATHAN,0,2,0.003000,0.000,0.200,2833171,1166,3,245,248,0,20,7,2369635,3333,2350982,1214,0.000000,0.363978,0.376474,4440,0,46.15,2372374,2367666,4708,4038,SUCCESS,17202,0,,3580928,1192704,0,1136384,,,,,357,594,used,,,,20260909-2256
2026-09-09 23:29:27,HAUSP-UB[noEUCS],LEVIATHAN,1,2,0.003000,0.000,0.200,5742029,2332,2,594,596,0,32,9,4381765,5060,4356527,1637,0.000000,0.369428,0.382278,5965,0,56.07,4382243,4380552,2361,5731,SUCCESS,23380,0,,7950336,2485664,0,5703040,,,,,323,544,used,,,,20260909-2256
2026-09-09 23:29:28,HAUSP-UB[noEUCS],LEVIATHAN,2,2,0.003000,0.000,0.200,8655898,3498,2,979,982,0,39,10,5564058,6468,5536430,1659,0.000000,0.371106,0.383258,6387,0,74.33,5564258,5562851,2075,7137,SUCCESS,25753,0,,12101376,3784224,0,14546944,,,,,321,537,used,,,,20260909-2256
2026-09-09 23:29:30,HAUSP-UB[noEUCS],LEVIATHAN,3,2,0.003000,0.000,0.200,11406844,4664,3,1278,1281,0,42,10,6078888,7425,6051489,1738,0.000000,0.365936,0.378513,6281,0,102.81,6078644,6077656,1657,8110,SUCCESS,25454,0,,17690624,5049280,0,28472704,,,,,325,532,used,,,,20260909-2256
2026-09-09 23:29:32,HAUSP-UB[noEUCS],LEVIATHAN,4,2,0.003000,0.000,0.200,14156241,5834,3,1644,1647,0,45,10,6599011,8336,6570516,1777,0.000000,0.366961,0.379732,6511,0,136.09,6598678,6597758,1604,9025,SUCCESS,26495,0,,22585344,6312032,0,47054080,,,,,336,559,used,,,,20260909-2256
2026-09-09 23:29:32,HAUSP-UB[noEUCS],LEVIATHAN,0,3,0.003000,0.000,0.200,2833171,1166,3,246,249,0,20,7,2369635,3333,2350982,1214,0.000000,0.363978,0.376474,4440,0,46.15,2372374,2367666,4708,4038,SUCCESS,17202,0,,3580928,1192704,0,1136384,,,,,357,594,used,,,,20260909-2256
2026-09-09 23:29:33,HAUSP-UB[noEUCS],LEVIATHAN,1,3,0.003000,0.000,0.200,5742029,2332,2,594,597,0,32,9,4381765,5060,4356527,1637,0.000000,0.369428,0.382278,5965,0,56.19,4382243,4380552,2361,5731,SUCCESS,23380,0,,7950336,2485664,0,5703040,,,,,323,544,used,,,,20260909-2256
2026-09-09 23:29:34,HAUSP-UB[noEUCS],LEVIATHAN,2,3,0.003000,0.000,0.200,8655898,3498,2,982,985,0,39,10,5564058,6468,5536430,1659,0.000000,0.371106,0.383258,6387,0,73.79,5564258,5562851,2075,7137,SUCCESS,25753,0,,12101376,3784224,0,14546944,,,,,321,537,used,,,,20260909-2256
2026-09-09 23:29:36,HAUSP-UB[noEUCS],LEVIATHAN,3,3,0.003000,0.000,0.200,11406844,4664,3,1278,1282,0,42,10,6078888,7425,6051489,1738,0.000000,0.365936,0.378513,6281,0,102.97,6078644,6077656,1657,8110,SUCCESS,25454,0,,17690624,5049280,0,28472704,,,,,325,532,used,,,,20260909-2256
2026-09-09 23:29:38,HAUSP-UB[noEUCS],LEVIATHAN,4,3,0.003000,0.000,0.200,14156241,5834,3,1644,1647,0,45,10,6599011,8336,6570516,1777,0.000000,0.366961,0.379732,6511,0,136.09,6598678,6597758,1604,9025,SUCCESS,26495,0,,22585344,6312032,0,47054080,,,,,336,559,used,,,,20260909-2256
2026-09-09 23:29:39,HAUSP-UB[noEUCS],LEVIATHAN,0,4,0.003000,0.000,0.200,2833171,1166,3,246,250,0,20,7,2369635,3333,2350982,1214,0.000000,0.363978,0.376474,4440,0,46.15,2372374,2367666,4708,4038,SUCCESS,17202,0,,3580928,1192704,0,1136384,,,,,357,594,used,,,,20260909-2256
2026-09-09 23:29:40,HAUSP-UB[noEUCS],LEVIATHAN,1,4,0.003000,0.000,0.200,5742029,2332,2,595,598,0,32,9,4381765,5060,4356527,1637,0.000000,0.369428,0.382278,5965,0,56.72,4382243,4380552,2361,5731,SUCCESS,23380,0,,7950336,2485664,0,5703040,,,,,323,544,used,,,,20260909-2256
2026-09-09 23:29:41,HAUSP-UB[noEUCS],LEVIATHAN,2,4,0.003000,0.000,0.200,8655898,3498,2,981,984,0,40,10,5564058,6468,5536430,1659,0.000000,0.371106,0.383258,6387,0,74.07,5564258,5562851,2075,7137,SUCCESS,25753,0,,12101376,3784224,0,14546944,,,,,321,537,used,,,,20260909-2256
2026-09-09 23:29:42,HAUSP-UB[noEUCS],LEVIATHAN,3,4,0.003000,0.000,0.200,11406844,4664,3,1280,1283,0,42,10,6078888,7425,6051489,1738,0.000000,0.365936,0.378513,6281,0,102.96,6078644,6077656,1657,8110,SUCCESS,25454,0,,17690624,5049280,0,28472704,,,,,325,532,used,,,,20260909-2256
2026-09-09 23:29:44,HAUSP-UB[noEUCS],LEVIATHAN,4,4,0.003000,0.000,0.200,14156241,5834,2,1642,1646,0,45,10,6599011,8336,6570516,1777,0.000000,0.366961,0.379732,6511,0,136.09,6598678,6597758,1604,9025,SUCCESS,26495,0,,22585344,6312032,0,47054080,,,,,336,559,used,,,,20260909-2256
2026-09-09 23:29:45,HAUSP-UB[noEUCS],LEVIATHAN,0,5,0.003000,0.000,0.200,2833171,1166,3,248,252,0,20,7,2369635,3333,2350982,1214,0.000000,0.363978,0.376474,4440,0,46.15,2372374,2367666,4708,4038,SUCCESS,17202,0,,3580928,1192704,0,1136384,,,,,357,594,used,,,,20260909-2256
2026-09-09 23:29:46,HAUSP-UB[noEUCS],LEVIATHAN,1,5,0.003000,0.000,0.200,5742029,2332,2,595,597,0,32,9,4381765,5060,4356527,1637,0.000000,0.369428,0.382278,5965,0,56.26,4382243,4380552,2361,5731,SUCCESS,23380,0,,7950336,2485664,0,5703040,,,,,323,544,used,,,,20260909-2256
2026-09-09 23:29:47,HAUSP-UB[noEUCS],LEVIATHAN,2,5,0.003000,0.000,0.200,8655898,3498,2,980,983,0,39,10,5564058,6468,5536430,1659,0.000000,0.371106,0.383258,6387,0,74.38,5564258,5562851,2075,7137,SUCCESS,25753,0,,12101376,3784224,0,14546944,,,,,321,537,used,,,,20260909-2256
2026-09-09 23:29:49,HAUSP-UB[noEUCS],LEVIATHAN,3,5,0.003000,0.000,0.200,11406844,4664,3,1281,1284,0,42,10,6078888,7425,6051489,1738,0.000000,0.365936,0.378513,6281,0,102.56,6078644,6077656,1657,8110,SUCCESS,25454,0,,17690624,5049280,0,28472704,,,,,325,532,used,,,,20260909-2256
2026-09-09 23:29:50,HAUSP-UB[noEUCS],LEVIATHAN,4,5,0.003000,0.000,0.200,14156241,5834,4,1643,1648,0,45,10,6599011,8336,6570516,1777,0.000000,0.366961,0.379732,6511,0,136.09,6598678,6597758,1604,9025,SUCCESS,26495,0,,22585344,6312032,0,47054080,,,,,336,559,used,,,,20260909-2256
2026-09-09 23:29:51,HAUSP-UB[noEUCS],LEVIATHAN,0,6,0.003000,0.000,0.200,2833171,1166,3,247,250,0,20,7,2369635,3333,2350982,1214,0.000000,0.363978,0.376474,4440,0,46.15,2372374,2367666,4708,4038,SUCCESS,17202,0,,3580928,1192704,0,1136384,,,,,357,594,used,,,,20260909-2256
2026-09-09 23:29:52,HAUSP-UB[noEUCS],LEVIATHAN,1,6,0.003000,0.000,0.200,5742029,2332,2,594,596,0,32,9,4381765,5060,4356527,1637,0.000000,0.369428,0.382278,5965,0,56.72,4382243,4380552,2361,5731,SUCCESS,23380,0,,7950336,2485664,0,5703040,,,,,323,544,used,,,,20260909-2256
2026-09-09 23:29:53,HAUSP-UB[noEUCS],LEVIATHAN,2,6,0.003000,0.000,0.200,8655898,3498,2,981,984,0,39,10,5564058,6468,5536430,1659,0.000000,0.371106,0.383258,6387,0,74.01,5564258,5562851,2075,7137,SUCCESS,25753,0,,12101376,3784224,0,14546944,,,,,321,537,used,,,,20260909-2256
2026-09-09 23:29:55,HAUSP-UB[noEUCS],LEVIATHAN,3,6,0.003000,0.000,0.200,11406844,4664,3,1280,1283,0,42,10,6078888,7425,6051489,1738,0.000000,0.365936,0.378513,6281,0,102.97,6078644,6077656,1657,8110,SUCCESS,25454,0,,17690624,5049280,0,28472704,,,,,325,532,used,,,,20260909-2256
2026-09-09 23:29:57,HAUSP-UB[noEUCS],LEVIATHAN,4,6,0.003000,0.000,0.200,14156241,5834,3,1642,1645,0,45,10,6599011,8336,6570516,1777,0.000000,0.366961,0.379732,6511,0,136.09,6598678,6597758,1604,9025,SUCCESS,26495,0,,22585344,6312032,0,47054080,,,,,336,559,used,,,,20260909-2256
2026-09-09 23:29:58,HAUSP-UB[noEUCS],LEVIATHAN,0,7,0.003000,0.000,0.200,2833171,1166,3,245,249,0,20,7,2369635,3333,2350982,1214,0.000000,0.363978,0.376474,4440,0,46.15,2372374,2367666,4708,4038,SUCCESS,17202,0,,3580928,1192704,0,1136384,,,,,357,594,used,,,,20260909-2256
2026-09-09 23:29:58,HAUSP-UB[noEUCS],LEVIATHAN,1,7,0.003000,0.000,0.200,5742029,2332,2,594,597,0,32,9,4381765,5060,4356527,1637,0.000000,0.369428,0.382278,5965,0,56.26,4382243,4380552,2361,5731,SUCCESS,23380,0,,7950336,2485664,0,5703040,,,,,323,544,used,,,,20260909-2256
2026-09-09 23:30:00,HAUSP-UB[noEUCS],LEVIATHAN,2,7,0.003000,0.000,0.200,8655898,3498,2,980,983,0,39,10,5564058,6468,5536430,1659,0.000000,0.371106,0.383258,6387,0,73.95,5564258,5562851,2075,7137,SUCCESS,25753,0,,12101376,3784224,0,14546944,,,,,321,537,used,,,,20260909-2256
2026-09-09 23:30:01,HAUSP-UB[noEUCS],LEVIATHAN,3,7,0.003000,0.000,0.200,11406844,4664,3,1281,1284,0,42,10,6078888,7425,6051489,1738,0.000000,0.365936,0.378513,6281,0,102.26,6078644,6077656,1657,8110,SUCCESS,25454,0,,17690624,5049280,0,28472704,,,,,325,532,used,,,,20260909-2256
2026-09-09 23:30:03,HAUSP-UB[noEUCS],LEVIATHAN,4,7,0.003000,0.000,0.200,14156241,5834,4,1646,1651,0,45,10,6599011,8336,6570516,1777,0.000000,0.366961,0.379732,6511,0,136.09,6598678,6597758,1604,9025,SUCCESS,26495,0,,22585344,6312032,0,47054080,,,,,336,559,used,,,,20260909-2256
2026-09-09 23:30:04,HAUSP-UB[noEUCS],LEVIATHAN,0,8,0.003000,0.000,0.200,2833171,1166,3,248,252,0,20,7,2369635,3333,2350982,1214,0.000000,0.363978,0.376474,4440,0,46.15,2372374,2367666,4708,4038,SUCCESS,17202,0,,3580928,1192704,0,1136384,,,,,357,594,used,,,,20260909-2256
2026-09-09 23:30:05,HAUSP-UB[noEUCS],LEVIATHAN,1,8,0.003000,0.000,0.200,5742029,2332,2,598,601,0,32,9,4381765,5060,4356527,1637,0.000000,0.369428,0.382278,5965,0,56.16,4382243,4380552,2361,5731,SUCCESS,23380,0,,7950336,2485664,0,5703040,,,,,323,544,used,,,,20260909-2256
2026-09-09 23:30:06,HAUSP-UB[noEUCS],LEVIATHAN,2,8,0.003000,0.000,0.200,8655898,3498,2,980,983,0,40,10,5564058,6468,5536430,1659,0.000000,0.371106,0.383258,6387,0,73.49,5564258,5562851,2075,7137,SUCCESS,25753,0,,12101376,3784224,0,14546944,,,,,321,537,used,,,,20260909-2256
2026-09-09 23:30:07,HAUSP-UB[noEUCS],LEVIATHAN,3,8,0.003000,0.000,0.200,11406844,4664,3,1281,1284,0,43,10,6078888,7425,6051489,1738,0.000000,0.365936,0.378513,6281,0,103.06,6078644,6077656,1657,8110,SUCCESS,25454,0,,17690624,5049280,0,28472704,,,,,325,532,used,,,,20260909-2256
2026-09-09 23:30:09,HAUSP-UB[noEUCS],LEVIATHAN,4,8,0.003000,0.000,0.200,14156241,5834,3,1644,1648,0,45,10,6599011,8336,6570516,1777,0.000000,0.366961,0.379732,6511,0,136.09,6598678,6597758,1604,9025,SUCCESS,26495,0,,22585344,6312032,0,47054080,,,,,336,559,used,,,,20260909-2256
2026-09-09 23:30:10,HAUSP-UB[noEUCS],LEVIATHAN,0,9,0.003000,0.000,0.200,2833171,1166,3,248,251,0,20,7,2369635,3333,2350982,1214,0.000000,0.363978,0.376474,4440,0,46.15,2372374,2367666,4708,4038,SUCCESS,17202,0,,3580928,1192704,0,1136384,,,,,357,594,used,,,,20260909-2256
2026-09-09 23:30:11,HAUSP-UB[noEUCS],LEVIATHAN,1,9,0.003000,0.000,0.200,5742029,2332,2,594,597,0,32,9,4381765,5060,4356527,1637,0.000000,0.369428,0.382278,5965,0,55.87,4382243,4380552,2361,5731,SUCCESS,23380,0,,7950336,2485664,0,5703040,,,,,323,544,used,,,,20260909-2256
2026-09-09 23:30:12,HAUSP-UB[noEUCS],LEVIATHAN,2,9,0.003000,0.000,0.200,8655898,3498,2,978,981,0,39,10,5564058,6468,5536430,1659,0.000000,0.371106,0.383258,6387,0,73.84,5564258,5562851,2075,7137,SUCCESS,25753,0,,12101376,3784224,0,14546944,,,,,321,537,used,,,,20260909-2256
2026-09-09 23:30:14,HAUSP-UB[noEUCS],LEVIATHAN,3,9,0.003000,0.000,0.200,11406844,4664,3,1275,1279,0,42,10,6078888,7425,6051489,1738,0.000000,0.365936,0.378513,6281,0,103.40,6078644,6077656,1657,8110,SUCCESS,25454,0,,17690624,5049280,0,28472704,,,,,325,532,used,,,,20260909-2256
2026-09-09 23:30:15,HAUSP-UB[noEUCS],LEVIATHAN,4,9,0.003000,0.000,0.200,14156241,5834,3,1643,1646,0,45,10,6599011,8336,6570516,1777,0.000000,0.366961,0.379732,6511,0,136.09,6598678,6597758,1604,9025,SUCCESS,26495,0,,22585344,6312032,0,47054080,,,,,336,559,used,,,,20260909-2256
2026-09-09 23:30:22,HAUSP-UB[noEUCS],SIGN,0,0,0.003000,0.000,0.200,319686,146,1,5690,5692,0,1066,544,106349081,2,104965474,143,0.000000,0.178773,0.178783,23387,0,26.13,106349081,106348144,937,217,SUCCESS,1383605,0,,1105408,242848,0,179968,,,,,143,2,used,,,,20260909-2256
2026-09-09 23:30:28,HAUSP-UB[noEUCS],SIGN,1,0,0.003000,0.000,0.200,642036,292,0,6359,6360,0,891,365,102988598,22,102048886,61,0.000000,0.181681,0.181697,17303,0,26.54,102988384,102988316,788,246,SUCCESS,939693,0,,2228736,486720,0,400768,,,,,61,19,used,,,,20260909-2256
2026-09-09 23:30:35,HAUSP-UB[noEUCS],SIGN,2,0,0.003000,0.000,0.200,955150,438,0,6160,6161,0,676,270,85023548,33,84336125,53,0.000000,0.184860,0.184882,14594,0,25.92,85023314,85023311,762,255,SUCCESS,687402,0,,3246080,721888,0,577536,,,,,53,21,used,,,,20260909-2256
2026-09-09 23:30:42,HAUSP-UB[noEUCS],SIGN,3,0,0.003000,0.000,0.200,1316615,584,0,6725,6726,0,638,238,84148511,30,83536262,65,0.000000,0.177132,0.177159,12887,0,26.00,84148270,84148270,749,267,SUCCESS,612233,0,,4172800,963200,0,819072,,,,,65,16,used,,,,20260909-2256
2026-09-09 23:30:50,HAUSP-UB[noEUCS],SIGN,4,0,0.003000,0.000,0.200,1668652,730,0,7903,7904,0,657,233,87193705,32,86599744,60,0.000000,0.176058,0.176085,12666,0,28.13,87193456,87193443,754,267,SUCCESS,593947,0,,5608448,1214656,0,1015808,,,,,60,14,used,,,,20260909-2256
2026-09-09 23:30:56,HAUSP-UB[noEUCS],SIGN,0,1,0.003000,0.000,0.200,319686,146,1,5689,5690,0,1065,544,106349081,2,104965474,143,0.000000,0.178773,0.178783,23387,0,26.13,106349081,106348144,937,217,SUCCESS,1383605,0,,1105408,242848,0,179968,,,,,143,2,used,,,,20260909-2256
2026-09-09 23:31:03,HAUSP-UB[noEUCS],SIGN,1,1,0.003000,0.000,0.200,642036,292,0,6378,6378,0,895,366,102988598,22,102048886,61,0.000000,0.181681,0.181697,17303,0,26.54,102988384,102988316,788,246,SUCCESS,939693,0,,2228736,486720,0,400768,,,,,61,19,used,,,,20260909-2256
2026-09-09 23:31:09,HAUSP-UB[noEUCS],SIGN,2,1,0.003000,0.000,0.200,955150,438,0,6162,6163,0,678,269,85023548,33,84336125,53,0.000000,0.184860,0.184882,14594,0,25.92,85023314,85023311,762,255,SUCCESS,687402,0,,3246080,721888,0,577536,,,,,53,21,used,,,,20260909-2256
2026-09-09 23:31:16,HAUSP-UB[noEUCS],SIGN,3,1,0.003000,0.000,0.200,1316615,584,0,6728,6728,0,641,240,84148511,30,83536262,65,0.000000,0.177132,0.177159,12887,0,26.00,84148270,84148270,749,267,SUCCESS,612233,0,,4172800,963200,0,819072,,,,,65,16,used,,,,20260909-2256
2026-09-09 23:31:24,HAUSP-UB[noEUCS],SIGN,4,1,0.003000,0.000,0.200,1668652,730,0,7898,7898,0,661,231,87193705,32,86599744,60,0.000000,0.176058,0.176085,12666,0,28.13,87193456,87193443,754,267,SUCCESS,593947,0,,5608448,1214656,0,1015808,,,,,60,14,used,,,,20260909-2256
2026-09-09 23:31:30,HAUSP-UB[noEUCS],SIGN,0,2,0.003000,0.000,0.200,319686,146,1,5684,5686,0,1067,542,106349081,2,104965474,143,0.000000,0.178773,0.178783,23387,0,26.13,106349081,106348144,937,217,SUCCESS,1383605,0,,1105408,242848,0,179968,,,,,143,2,used,,,,20260909-2256
2026-09-09 23:31:37,HAUSP-UB[noEUCS],SIGN,1,2,0.003000,0.000,0.200,642036,292,0,6388,6389,0,895,368,102988598,22,102048886,61,0.000000,0.181681,0.181697,17303,0,26.54,102988384,102988316,788,246,SUCCESS,939693,0,,2228736,486720,0,400768,,,,,61,19,used,,,,20260909-2256
2026-09-09 23:31:43,HAUSP-UB[noEUCS],SIGN,2,2,0.003000,0.000,0.200,955150,438,0,6162,6162,0,678,269,85023548,33,84336125,53,0.000000,0.184860,0.184882,14594,0,25.92,85023314,85023311,762,255,SUCCESS,687402,0,,3246080,721888,0,577536,,,,,53,21,used,,,,20260909-2256
2026-09-09 23:31:50,HAUSP-UB[noEUCS],SIGN,3,2,0.003000,0.000,0.200,1316615,584,0,6746,6747,0,643,239,84148511,30,83536262,65,0.000000,0.177132,0.177159,12887,0,26.00,84148270,84148270,749,267,SUCCESS,612233,0,,4172800,963200,0,819072,,,,,65,16,used,,,,20260909-2256
2026-09-09 23:31:58,HAUSP-UB[noEUCS],SIGN,4,2,0.003000,0.000,0.200,1668652,730,0,7909,7909,0,660,232,87193705,32,86599744,60,0.000000,0.176058,0.176085,12666,0,28.13,87193456,87193443,754,267,SUCCESS,593947,0,,5608448,1214656,0,1015808,,,,,60,14,used,,,,20260909-2256
2026-09-09 23:32:00,HAUSP-UB[noEUCS],C8T1S5I8N5K,0,0,0.000200,0.000,0.200,9488004,9426,39,795,834,7,94,62,4135232,29547,3966466,11828,0.000000,0.242173,0.250249,6078,0,483.71,4150918,4098606,52312,51042,SUCCESS,154905,0,,218112,4438024,0,7045632,,,,,11828,13861,used,,,,20260909-2256
2026-09-09 23:32:01,HAUSP-UB[noEUCS],C8T1S5I8N5K,1,0,0.000200,0.000,0.200,18951306,18852,29,529,558,11,57,44,3362678,38503,3237105,12496,0.000000,0.225775,0.235845,4680,0,542.09,3335142,3325478,10934,60186,SUCCESS,110576,0,,360192,8864368,0,10426496,,,,,12496,14997,used,,,,20260909-2256
2026-09-09 23:32:01,HAUSP-UB[noEUCS],C8T1S5I8N5K,2,0,0.000200,0.000,0.200,28544670,28278,29,620,650,10,53,40,3274060,42907,3157221,12274,0.000000,0.212608,0.222879,3088,0,552.82,3241120,3236683,6227,64372,SUCCESS,101178,0,,406400,13348488,0,14157056,,,,,12274,15661,used,,,,20260909-2256
2026-09-09 23:32:02,HAUSP-UB[noEUCS],C8T1S5I8N5K,3,0,0.000200,0.000,0.200,38016389,37704,29,664,693,10,48,37,2977067,45276,2868039,12406,0.000000,0.210993,0.221967,2428,0,530.47,2942377,2939734,4684,66784,SUCCESS,93432,0,,727424,17779144,0,18058624,,,,,12404,15594,used,,,,20260909-2256
2026-09-09 23:32:03,HAUSP-UB[noEUCS],C8T1S5I8N5K,4,0,0.000200,0.000,0.200,47416411,47133,29,779,809,10,47,36,3020056,46615,2913251,12578,0.000000,0.208598,0.219840,2623,0,566.26,2984213,2982598,3887,68240,SUCCESS,91130,0,,648320,22186560,0,22259328,,,,,12577,15674,used,,,,20260909-2256
2026-09-09 23:32:05,HAUSP-UB[noEUCS],C8T1S5I8N5K,0,1,0.000200,0.000,0.200,9488004,9426,36,512,549,7,80,62,4135232,29547,3966466,11828,0.000000,0.242173,0.250249,6078,0,481.58,4150918,4098606,52312,51042,SUCCESS,154905,0,,218112,4438024,0,7045632,,,,,11828,13861,used,,,,20260909-2256
2026-09-09 23:32:05,HAUSP-UB[noEUCS],C8T1S5I8N5K,1,1,0.000200,0.000,0.200,18951306,18852,27,539,567,10,57,44,3362678,38503,3237105,12496,0.000000,0.225775,0.235845,4680,0,541.90,3335142,3325478,10934,60186,SUCCESS,110576,0,,377216,8864368,0,10426496,,,,,12496,14997,used,,,,20260909-2256
2026-09-09 23:32:06,HAUSP-UB[noEUCS],C8T1S5I8N5K,2,1,0.000200,0.000,0.200,28544670,28278,28,632,660,10,52,40,3274060,42907,3157221,12274,0.000000,0.212608,0.222879,3088,0,551.85,3241120,3236683,6227,64372,SUCCESS,101178,0,,450176,13348488,0,14157056,,,,,12274,15661,used,,,,20260909-2256
2026-09-09 23:32:07,HAUSP-UB[noEUCS],C8T1S5I8N5K,3,1,0.000200,0.000,0.200,38016389,37704,29,656,685,10,48,37,2977067,45276,2868039,12406,0.000000,0.210993,0.221967,2428,0,522.22,2942377,2939734,4684,66784,SUCCESS,93432,0,,0,17779144,0,18058624,,,,,12404,15594,used,,,,20260909-2256
2026-09-09 23:32:08,HAUSP-UB[noEUCS],C8T1S5I8N5K,4,1,0.000200,0.000,0.200,47416411,47133,29,771,800,10,48,36,3020056,46615,2913251,12578,0.000000,0.208598,0.219840,2623,0,565.22,2984213,2982598,3887,68240,SUCCESS,91130,0,,648320,22186560,0,22259328,,,,,12577,15674,used,,,,20260909-2256
2026-09-09 23:32:09,HAUSP-UB[noEUCS],C8T1S5I8N5K,0,2,0.000200,0.000,0.200,9488004,9426,37,523,561,7,81,61,4135232,29547,3966466,11828,0.000000,0.242173,0.250249,6078,0,482.28,4150918,4098606,52312,51042,SUCCESS,154905,0,,218112,4438024,0,7045632,,,,,11828,13861,used,,,,20260909-2256
2026-09-09 23:32:10,HAUSP-UB[noEUCS],C8T1S5I8N5K,1,2,0.000200,0.000,0.200,18951306,18852,27,551,579,10,57,44,3362678,38503,3237105,12496,0.000000,0.225775,0.235845,4680,0,535.37,3335142,3325478,10934,60186,SUCCESS,110576,0,,360192,8864368,0,10426496,,,,,12496,14997,used,,,,20260909-2256
2026-09-09 23:32:11,HAUSP-UB[noEUCS],C8T1S5I8N5K,2,2,0.000200,0.000,0.200,28544670,28278,28,628,656,10,52,40,3274060,42907,3157221,12274,0.000000,0.212608,0.222879,3088,0,545.86,3241120,3236683,6227,64372,SUCCESS,101178,0,,392832,13348488,0,14157056,,,,,12274,15661,used,,,,20260909-2256
2026-09-09 23:32:12,HAUSP-UB[noEUCS],C8T1S5I8N5K,3,2,0.000200,0.000,0.200,38016389,37704,29,675,704,10,48,36,2977067,45276,2868039,12406,0.000000,0.210993,0.221967,2428,0,521.70,2942377,2939734,4684,66784,SUCCESS,93432,0,,0,17779144,0,18058624,,,,,12404,15594,used,,,,20260909-2256
2026-09-09 23:32:13,HAUSP-UB[noEUCS],C8T1S5I8N5K,4,2,0.000200,0.000,0.200,47416411,47133,29,794,823,10,48,36,3020056,46615,2913251,12578,0.000000,0.208598,0.219840,2623,0,563.86,2984213,2982598,3887,68240,SUCCESS,91130,0,,648320,22186560,0,22259328,,,,,12577,15674,used,,,,20260909-2256
2026-09-09 23:32:14,HAUSP-UB[noEUCS],C8T1S5I8N5K,0,3,0.000200,0.000,0.200,9488004,9426,36,512,549,7,80,61,4135232,29547,3966466,11828,0.000000,0.242173,0.250249,6078,0,481.64,4150918,4098606,52312,51042,SUCCESS,154905,0,,218112,4438024,0,7045632,,,,,11828,13861,used,,,,20260909-2256
2026-09-09 23:32:15,HAUSP-UB[noEUCS],C8T1S5I8N5K,1,3,0.000200,0.000,0.200,18951306,18852,28,540,569,11,57,43,3362678,38503,3237105,12496,0.000000,0.225775,0.235845,4680,0,535.22,3335142,3325478,10934,60186,SUCCESS,110576,0,,360192,8864368,0,10426496,,,,,12496,14997,used,,,,20260909-2256
2026-09-09 23:32:16,HAUSP-UB[noEUCS],C8T1S5I8N5K,2,3,0.000200,0.000,0.200,28544670,28278,28,618,647,10,52,40,3274060,42907,3157221,12274,0.000000,0.212608,0.222879,3088,0,545.86,3241120,3236683,6227,64372,SUCCESS,101178,0,,392832,13348488,0,14157056,,,,,12274,15661,used,,,,20260909-2256
2026-09-09 23:32:17,HAUSP-UB[noEUCS],C8T1S5I8N5K,3,3,0.000200,0.000,0.200,38016389,37704,29,665,695,10,48,37,2977067,45276,2868039,12406,0.000000,0.210993,0.221967,2428,0,521.70,2942377,2939734,4684,66784,SUCCESS,93432,0,,0,17779144,0,18058624,,,,,12404,15594,used,,,,20260909-2256
2026-09-09 23:32:18,HAUSP-UB[noEUCS],C8T1S5I8N5K,4,3,0.000200,0.000,0.200,47416411,47133,31,783,815,11,48,36,3020056,46615,2913251,12578,0.000000,0.208598,0.219840,2623,0,563.86,2984213,2982598,3887,68240,SUCCESS,91130,0,,648320,22186560,0,22259328,,,,,12577,15674,used,,,,20260909-2256
2026-09-09 23:32:19,HAUSP-UB[noEUCS],C8T1S5I8N5K,0,4,0.000200,0.000,0.200,9488004,9426,37,504,541,7,81,61,4135232,29547,3966466,11828,0.000000,0.242173,0.250249,6078,0,482.26,4150918,4098606,52312,51042,SUCCESS,154905,0,,218112,4438024,0,7045632,,,,,11828,13861,used,,,,20260909-2256
2026-09-09 23:32:20,HAUSP-UB[noEUCS],C8T1S5I8N5K,1,4,0.000200,0.000,0.200,18951306,18852,31,528,560,12,57,43,3362678,38503,3237105,12496,0.000000,0.225775,0.235845,4680,0,535.35,3335142,3325478,10934,60186,SUCCESS,110576,0,,360192,8864368,0,10426496,,,,,12496,14997,used,,,,20260909-2256
2026-09-09 23:32:21,HAUSP-UB[noEUCS],C8T1S5I8N5K,2,4,0.000200,0.000,0.200,28544670,28278,30,615,646,11,53,40,3274060,42907,3157221,12274,0.000000,0.212608,0.222879,3088,0,545.86,3241120,3236683,6227,64372,SUCCESS,101178,0,,392832,13348488,0,14157056,,,,,12274,15661,used,,,,20260909-2256
2026-09-09 23:32:22,HAUSP-UB[noEUCS],C8T1S5I8N5K,3,4,0.000200,0.000,0.200,38016389,37704,29,660,689,10,48,37,2977067,45276,2868039,12406,0.000000,0.210993,0.221967,2428,0,521.70,2942377,2939734,4684,66784,SUCCESS,93432,0,,0,17779144,0,18058624,,,,,12404,15594,used,,,,20260909-2256
2026-09-09 23:32:23,HAUSP-UB[noEUCS],C8T1S5I8N5K,4,4,0.000200,0.000,0.200,47416411,47133,30,774,805,11,48,36,3020056,46615,2913251,12578,0.000000,0.208598,0.219840,2623,0,563.86,2984213,2982598,3887,68240,SUCCESS,91130,0,,648320,22186560,0,22259328,,,,,12577,15674,used,,,,20260909-2256
2026-09-09 23:32:24,HAUSP-UB[noEUCS],C8T1S5I8N5K,0,5,0.000200,0.000,0.200,9488004,9426,35,515,551,7,80,61,4135232,29547,3966466,11828,0.000000,0.242173,0.250249,6078,0,481.91,4150918,4098606,52312,51042,SUCCESS,154905,0,,218112,4438024,0,7045632,,,,,11828,13861,used,,,,20260909-2256
2026-09-09 23:32:25,HAUSP-UB[noEUCS],C8T1S5I8N5K,1,5,0.000200,0.000,0.200,18951306,18852,29,538,568,12,57,44,3362678,38503,3237105,12496,0.000000,0.225775,0.235845,4680,0,535.25,3335142,3325478,10934,60186,SUCCESS,110576,0,,360192,8864368,0,10426496,,,,,12496,14997,used,,,,20260909-2256
2026-09-09 23:32:25,HAUSP-UB[noEUCS],C8T1S5I8N5K,2,5,0.000200,0.000,0.200,28544670,28278,30,623,654,11,53,40,3274060,42907,3157221,12274,0.000000,0.212608,0.222879,3088,0,545.86,3241120,3236683,6227,64372,SUCCESS,101178,0,,392832,13348488,0,14157056,,,,,12274,15661,used,,,,20260909-2256
2026-09-09 23:32:26,HAUSP-UB[noEUCS],C8T1S5I8N5K,3,5,0.000200,0.000,0.200,38016389,37704,29,670,699,10,48,37,2977067,45276,2868039,12406,0.000000,0.210993,0.221967,2428,0,521.70,2942377,2939734,4684,66784,SUCCESS,93432,0,,0,17779144,0,18058624,,,,,12404,15594,used,,,,20260909-2256
2026-09-09 23:32:27,HAUSP-UB[noEUCS],C8T1S5I8N5K,4,5,0.000200,0.000,0.200,47416411,47133,30,784,815,10,48,36,3020056,46615,2913251,12578,0.000000,0.208598,0.219840,2623,0,563.86,2984213,2982598,3887,68240,SUCCESS,91130,0,,648320,22186560,0,22259328,,,,,12577,15674,used,,,,20260909-2256
2026-09-09 23:32:29,HAUSP-UB[noEUCS],C8T1S5I8N5K,0,6,0.000200,0.000,0.200,9488004,9426,36,519,556,7,81,62,4135232,29547,3966466,11828,0.000000,0.242173,0.250249,6078,0,482.09,4150918,4098606,52312,51042,SUCCESS,154905,0,,218112,4438024,0,7045632,,,,,11828,13861,used,,,,20260909-2256
2026-09-09 23:32:29,HAUSP-UB[noEUCS],C8T1S5I8N5K,1,6,0.000200,0.000,0.200,18951306,18852,32,538,571,12,57,43,3362678,38503,3237105,12496,0.000000,0.225775,0.235845,4680,0,535.28,3335142,3325478,10934,60186,SUCCESS,110576,0,,360192,8864368,0,10426496,,,,,12496,14997,used,,,,20260909-2256
2026-09-09 23:32:30,HAUSP-UB[noEUCS],C8T1S5I8N5K,2,6,0.000200,0.000,0.200,28544670,28278,32,623,656,12,52,40,3274060,42907,3157221,12274,0.000000,0.212608,0.222879,3088,0,545.86,3241120,3236683,6227,64372,SUCCESS,101178,0,,392832,13348488,0,14157056,,,,,12274,15661,used,,,,20260909-2256
2026-09-09 23:32:31,HAUSP-UB[noEUCS],C8T1S5I8N5K,3,6,0.000200,0.000,0.200,38016389,37704,31,664,696,12,48,37,2977067,45276,2868039,12406,0.000000,0.210993,0.221967,2428,0,521.70,2942377,2939734,4684,66784,SUCCESS,93432,0,,0,17779144,0,18058624,,,,,12404,15594,used,,,,20260909-2256
2026-09-09 23:32:32,HAUSP-UB[noEUCS],C8T1S5I8N5K,4,6,0.000200,0.000,0.200,47416411,47133,30,782,812,10,48,36,3020056,46615,2913251,12578,0.000000,0.208598,0.219840,2623,0,563.86,2984213,2982598,3887,68240,SUCCESS,91130,0,,648320,22186560,0,22259328,,,,,12577,15674,used,,,,20260909-2256
2026-09-09 23:32:33,HAUSP-UB[noEUCS],C8T1S5I8N5K,0,7,0.000200,0.000,0.200,9488004,9426,36,504,540,7,80,61,4135232,29547,3966466,11828,0.000000,0.242173,0.250249,6078,0,482.04,4150918,4098606,52312,51042,SUCCESS,154905,0,,218112,4438024,0,7045632,,,,,11828,13861,used,,,,20260909-2256
2026-09-09 23:32:34,HAUSP-UB[noEUCS],C8T1S5I8N5K,1,7,0.000200,0.000,0.200,18951306,18852,28,527,556,10,57,43,3362678,38503,3237105,12496,0.000000,0.225775,0.235845,4680,0,535.39,3335142,3325478,10934,60186,SUCCESS,110576,0,,360192,8864368,0,10426496,,,,,12496,14997,used,,,,20260909-2256
2026-09-09 23:32:35,HAUSP-UB[noEUCS],C8T1S5I8N5K,2,7,0.000200,0.000,0.200,28544670,28278,31,617,649,12,53,40,3274060,42907,3157221,12274,0.000000,0.212608,0.222879,3088,0,545.86,3241120,3236683,6227,64372,SUCCESS,101178,0,,392832,13348488,0,14157056,,,,,12274,15661,used,,,,20260909-2256
2026-09-09 23:32:36,HAUSP-UB[noEUCS],C8T1S5I8N5K,3,7,0.000200,0.000,0.200,38016389,37704,30,670,700,10,49,37,2977067,45276,2868039,12406,0.000000,0.210993,0.221967,2428,0,521.70,2942377,2939734,4684,66784,SUCCESS,93432,0,,0,17779144,0,18058624,,,,,12404,15594,used,,,,20260909-2256
2026-09-09 23:32:37,HAUSP-UB[noEUCS],C8T1S5I8N5K,4,7,0.000200,0.000,0.200,47416411,47133,29,783,813,10,48,36,3020056,46615,2913251,12578,0.000000,0.208598,0.219840,2623,0,563.86,2984213,2982598,3887,68240,SUCCESS,91130,0,,648320,22186560,0,22259328,,,,,12577,15674,used,,,,20260909-2256
2026-09-09 23:32:38,HAUSP-UB[noEUCS],C8T1S5I8N5K,0,8,0.000200,0.000,0.200,9488004,9426,36,512,549,7,80,61,4135232,29547,3966466,11828,0.000000,0.242173,0.250249,6078,0,481.87,4150918,4098606,52312,51042,SUCCESS,154905,0,,218112,4438024,0,7045632,,,,,11828,13861,used,,,,20260909-2256
2026-09-09 23:32:39,HAUSP-UB[noEUCS],C8T1S5I8N5K,1,8,0.000200,0.000,0.200,18951306,18852,31,537,569,12,57,43,3362678,38503,3237105,12496,0.000000,0.225775,0.235845,4680,0,535.33,3335142,3325478,10934,60186,SUCCESS,110576,0,,360192,8864368,0,10426496,,,,,12496,14997,used,,,,20260909-2256
2026-09-09 23:32:40,HAUSP-UB[noEUCS],C8T1S5I8N5K,2,8,0.000200,0.000,0.200,28544670,28278,29,623,653,10,53,40,3274060,42907,3157221,12274,0.000000,0.212608,0.222879,3088,0,545.86,3241120,3236683,6227,64372,SUCCESS,101178,0,,392832,13348488,0,14157056,,,,,12274,15661,used,,,,20260909-2256
2026-09-09 23:32:41,HAUSP-UB[noEUCS],C8T1S5I8N5K,3,8,0.000200,0.000,0.200,38016389,37704,29,665,695,10,48,37,2977067,45276,2868039,12406,0.000000,0.210993,0.221967,2428,0,521.70,2942377,2939734,4684,66784,SUCCESS,93432,0,,0,17779144,0,18058624,,,,,12404,15594,used,,,,20260909-2256
2026-09-09 23:32:42,HAUSP-UB[noEUCS],C8T1S5I8N5K,4,8,0.000200,0.000,0.200,47416411,47133,31,782,814,12,48,36,3020056,46615,2913251,12578,0.000000,0.208598,0.219840,2623,0,563.86,2984213,2982598,3887,68240,SUCCESS,91130,0,,648320,22186560,0,22259328,,,,,12577,15674,used,,,,20260909-2256
2026-09-09 23:32:43,HAUSP-UB[noEUCS],C8T1S5I8N5K,0,9,0.000200,0.000,0.200,9488004,9426,36,511,547,7,80,61,4135232,29547,3966466,11828,0.000000,0.242173,0.250249,6078,0,481.68,4150918,4098606,52312,51042,SUCCESS,154905,0,,218112,4438024,0,7045632,,,,,11828,13861,used,,,,20260909-2256
2026-09-09 23:32:44,HAUSP-UB[noEUCS],C8T1S5I8N5K,1,9,0.000200,0.000,0.200,18951306,18852,29,536,566,10,57,43,3362678,38503,3237105,12496,0.000000,0.225775,0.235845,4680,0,536.09,3335142,3325478,10934,60186,SUCCESS,110576,0,,360192,8864368,0,10426496,,,,,12496,14997,used,,,,20260909-2256
2026-09-09 23:32:45,HAUSP-UB[noEUCS],C8T1S5I8N5K,2,9,0.000200,0.000,0.200,28544670,28278,30,632,663,12,52,39,3274060,42907,3157221,12274,0.000000,0.212608,0.222879,3088,0,547.53,3241120,3236683,6227,64372,SUCCESS,101178,0,,392832,13348488,0,14157056,,,,,12274,15661,used,,,,20260909-2256
2026-09-09 23:32:45,HAUSP-UB[noEUCS],C8T1S5I8N5K,3,9,0.000200,0.000,0.200,38016389,37704,31,660,691,12,47,36,2977067,45276,2868039,12406,0.000000,0.210993,0.221967,2428,0,521.68,2942377,2939734,4684,66784,SUCCESS,93432,0,,0,17779144,0,18058624,,,,,12404,15594,used,,,,20260909-2256
2026-09-09 23:32:46,HAUSP-UB[noEUCS],C8T1S5I8N5K,4,9,0.000200,0.000,0.200,47416411,47133,31,773,804,11,47,35,3020056,46615,2913251,12578,0.000000,0.208598,0.219840,2623,0,564.54,2984213,2982598,3887,68240,SUCCESS,91130,0,,648320,22186560,0,22259328,,,,,12577,15674,used,,,,20260909-2256
