# run_id=20260907-1606 git=45d7065 jvm=26.0.1 heap=24g host=ThaiTMs-MacBook-Pro.local tree=clean cmd=--exp 11 --dataset sign,syn_c8t1s5i8n5k --k 100 --algo HAUSP-UB --repeats 1 --mem-mode live --results-dir results-2026-09/mem --timeout 90 --resume
Timestamp,Algorithm,Dataset,BatchID,RunIndex,MinUtil,mu,DeltaRatio,TotalDBUtil,CumulativeDBSize,tScan(ms),tMining(ms),tTotal(ms),tLayer1(ms),tLayer2(ms),tLayer3(ms),Cand,PrunedL1(SWU),PrunedL2(IAUUB),PrunedL3(MFUUB),TightnessPEAU,TightnessIAUUB,TightnessMFUUB,HAUSP,SHAUS,MemPeak(MB),PoolBorrows,PoolReuses,PoolPeakLive,AudulActive,Status,Recursed,ArmOrder,Schedule,PoolBytes,FlatBytes,EucsBytes,AudulRootBytes,RescanTriggered,BufferUtil,BufferTested,SafetyBound,PrunedL3Node,PrunedL1Root,MemMode,MemLive(MB),MemRetained(MB),GcForced,RunID
2026-09-07 16:06:43,HAUSP-UB,SIGN,0,0,0.003000,0.000,0.200,319686,146,18,5859,5878,4,787,536,106348584,2,104964977,143,0.000000,0.178773,0.178783,23387,0,111.07,106348584,106347647,937,217,SUCCESS,1383605,0,warm20,831872,242848,74809588,179968,,,,,143,2,live,108.01,108.01,6,20260907-1606
2026-09-07 16:06:49,HAUSP-UB,SIGN,1,0,0.003000,0.000,0.008,334092,152,0,5875,5876,0,773,525,107046041,6,105693571,181,0.000000,0.178764,0.178773,23347,0,110.92,107045824,107045823,721,218,SUCCESS,1352464,0,warm20,1356288,253504,74809588,191360,,,,,181,6,live,108.26,108.26,6,20260907-1606
2026-09-07 16:06:55,HAUSP-UB,SIGN,2,0,0.003000,0.000,0.008,345121,158,0,5792,5793,0,754,506,104450114,7,103147618,332,0.000000,0.179987,0.179998,23125,0,111.04,104449896,104449896,720,222,SUCCESS,1302489,0,warm20,1455104,261888,74809588,203264,,,,,332,7,live,108.37,108.37,6,20260907-1606
2026-09-07 16:07:01,HAUSP-UB,SIGN,3,0,0.003000,0.000,0.008,358047,164,0,5896,5897,0,753,501,105093652,8,103807928,252,0.000000,0.181684,0.181694,22486,0,111.11,105093430,105093424,722,223,SUCCESS,1285716,0,warm20,1513728,272192,74809588,211456,,,,,252,8,live,108.44,108.44,6,20260907-1606
2026-09-07 16:07:07,HAUSP-UB,SIGN,4,0,0.003000,0.000,0.008,369331,170,0,5689,5689,0,719,474,100526386,7,99312983,124,0.000000,0.182239,0.182250,21958,0,111.18,100526163,100526163,720,224,SUCCESS,1213396,0,warm20,1567232,280416,74809588,221184,,,,,124,7,live,108.51,108.51,6,20260907-1606
2026-09-07 16:07:13,HAUSP-UB,SIGN,5,0,0.003000,0.000,0.008,383289,176,0,5718,5718,0,712,462,100368374,7,99186994,47,0.000000,0.182254,0.182265,21751,0,111.26,100368150,100368145,725,224,SUCCESS,1181373,0,warm20,1631232,291584,74809588,225792,,,,,47,7,live,108.59,108.59,6,20260907-1606
2026-09-07 16:07:18,HAUSP-UB,SIGN,6,0,0.003000,0.000,0.008,393230,182,0,5608,5608,0,688,444,97609105,10,96474455,41,0.000000,0.183995,0.184006,21796,0,111.33,97608881,97608881,719,225,SUCCESS,1134640,0,warm20,1696768,299488,74809588,229632,,,,,41,10,live,108.66,108.66,6,20260907-1606
2026-09-07 16:07:24,HAUSP-UB,SIGN,7,0,0.003000,0.000,0.008,408594,188,0,5426,5426,0,651,418,94015963,10,92946061,48,0.000000,0.183682,0.183695,20533,0,112.69,94015738,94015736,726,226,SUCCESS,1069892,0,warm20,1759232,310304,74809588,242304,,,,,48,10,live,108.74,108.74,6,20260907-1606
2026-09-07 16:07:29,HAUSP-UB,SIGN,8,0,0.003000,0.000,0.008,428453,194,0,5731,5731,0,680,429,98710046,10,97614223,138,0.000000,0.183816,0.183828,20113,0,112.79,98709821,98709818,728,227,SUCCESS,1095814,0,warm20,1835008,323296,74809588,251520,,,,,138,9,live,108.84,108.84,6,20260907-1606
2026-09-07 16:07:36,HAUSP-UB,SIGN,9,0,0.003000,0.000,0.008,446004,200,0,6402,6403,0,753,472,109898518,10,108690809,166,0.000000,0.183474,0.183485,19376,0,111.62,109898292,109898288,731,227,SUCCESS,1207700,0,warm20,1926144,334784,74809588,259072,,,,,166,9,live,108.94,108.94,7,20260907-1606
2026-09-07 16:07:42,HAUSP-UB,SIGN,10,0,0.003000,0.000,0.008,456476,206,0,6163,6163,0,713,446,105675271,10,104526606,189,0.000000,0.183692,0.183704,18895,0,111.72,105675045,105675045,729,227,SUCCESS,1148656,0,warm20,2023424,342944,74809588,264064,,,,,189,9,live,109.05,109.05,7,20260907-1606
2026-09-07 16:07:48,HAUSP-UB,SIGN,11,0,0.003000,0.000,0.008,466138,212,0,5975,5975,0,686,426,101853016,10,100757130,162,0.000000,0.183122,0.183135,18242,0,113.09,101852790,101852790,729,228,SUCCESS,1095877,0,warm20,2101248,351264,74809588,275840,,,,,162,9,live,109.15,109.15,6,20260907-1606
2026-09-07 16:07:54,HAUSP-UB,SIGN,12,0,0.003000,0.000,0.008,480433,218,0,6009,6009,0,677,415,101530928,12,100457572,114,0.000000,0.183421,0.183433,18295,0,111.93,101530701,101530701,729,230,SUCCESS,1073345,0,warm20,2195456,362304,74809588,287232,,,,,114,11,live,109.26,109.26,6,20260907-1606
2026-09-07 16:08:00,HAUSP-UB,SIGN,13,0,0.003000,0.000,0.008,496413,224,0,6206,6206,0,693,414,103895571,13,102824744,70,0.000000,0.185180,0.185193,19145,0,113.35,103895343,103895329,742,230,SUCCESS,1070816,0,warm20,2330112,374144,74809588,292736,,,,,70,11,live,109.40,109.40,7,20260907-1606
2026-09-07 16:08:07,HAUSP-UB,SIGN,14,0,0.003000,0.000,0.008,507190,230,0,6147,6148,0,678,403,101980727,13,100937775,63,0.000000,0.184851,0.184864,18586,0,113.47,101980499,101980499,741,230,SUCCESS,1042941,0,warm20,2443264,382752,74809588,294016,,,,,63,11,live,109.52,109.52,7,20260907-1606
2026-09-07 16:08:13,HAUSP-UB,SIGN,15,0,0.003000,0.000,0.008,518654,236,0,6478,6479,0,707,411,105775383,13,104707992,62,0.000000,0.187631,0.187644,19660,0,113.60,105775155,105775150,747,231,SUCCESS,1067380,0,warm20,2560256,393568,74809588,303232,,,,,62,11,live,109.66,109.66,7,20260907-1606
2026-09-07 16:08:20,HAUSP-UB,SIGN,16,0,0.003000,0.000,0.008,536314,242,0,6846,6846,0,726,423,110877471,13,109777421,55,0.000000,0.187710,0.187723,20004,0,112.48,110877242,110877236,752,231,SUCCESS,1100039,0,warm20,2700032,406048,74809588,312192,,,,,55,11,live,109.81,109.81,7,20260907-1606
2026-09-07 16:08:27,HAUSP-UB,SIGN,17,0,0.003000,0.000,0.008,544548,248,0,6698,6698,0,705,408,108046194,12,106981401,57,0.000000,0.187585,0.187598,19532,0,112.58,108045965,108045965,747,231,SUCCESS,1064783,0,warm20,2792448,412832,74809588,318592,,,,,57,10,live,109.91,109.91,7,20260907-1606
2026-09-07 16:08:33,HAUSP-UB,SIGN,18,0,0.003000,0.000,0.008,556990,254,0,6636,6636,0,694,397,106309787,17,105276497,49,0.000000,0.186752,0.186766,18960,0,112.66,106309558,106309558,747,234,SUCCESS,1033275,0,warm20,2846720,423136,74809588,339072,,,,,49,15,live,109.99,109.99,7,20260907-1606
2026-09-07 16:08:40,HAUSP-UB,SIGN,19,0,0.003000,0.000,0.008,569490,260,0,6694,6694,0,694,394,106020716,19,104996881,43,0.000000,0.186644,0.186657,18933,0,112.75,106020484,106020484,746,235,SUCCESS,1023818,0,warm20,2914304,433536,74809588,350336,,,,,43,17,live,110.08,110.08,7,20260907-1606
2026-09-07 16:08:47,HAUSP-UB,SIGN,20,0,0.003000,0.000,0.008,587283,266,0,7112,7112,0,735,410,111993396,20,110932741,53,0.000000,0.181947,0.181961,18422,0,112.85,111993163,111993147,764,241,SUCCESS,1060637,0,warm20,2967296,445568,74809588,390272,,,,,53,18,live,110.19,110.19,8,20260907-1606
2026-09-07 16:08:55,HAUSP-UB,SIGN,21,0,0.003000,0.000,0.008,601918,272,0,7157,7157,0,737,406,111084633,22,110039738,57,0.000000,0.181782,0.181797,18161,0,114.22,111084393,111084386,765,246,SUCCESS,1044874,0,warm20,3021312,455808,74809588,420480,,,,,57,21,live,110.27,110.27,8,20260907-1606
2026-09-07 16:09:02,HAUSP-UB,SIGN,22,0,0.003000,0.000,0.008,613134,278,0,7179,7180,0,732,399,110400550,22,109370717,56,0.000000,0.182594,0.182609,18187,0,113.00,110400305,110400305,758,246,SUCCESS,1029812,0,warm20,3065856,465792,74809588,426368,,,,,56,21,live,110.33,110.33,8,20260907-1606
2026-09-07 16:09:09,HAUSP-UB,SIGN,23,0,0.003000,0.000,0.008,625156,284,0,6964,6964,0,705,381,106216388,20,105232855,60,0.000000,0.181910,0.181926,17486,0,114.32,106216144,106216144,757,246,SUCCESS,983515,0,warm20,3088384,473920,74809588,435328,,,,,60,18,live,110.37,110.37,7,20260907-1606
2026-09-07 16:09:16,HAUSP-UB,SIGN,24,0,0.003000,0.000,0.008,639272,290,0,6823,6823,0,683,368,103620889,22,102673860,59,0.000000,0.181624,0.181641,17307,0,113.07,103620645,103620645,760,246,SUCCESS,947009,0,warm20,3098624,484064,74809588,443264,,,,,59,20,live,110.40,110.40,7,20260907-1606
2026-09-07 16:09:22,HAUSP-UB,SIGN,25,0,0.003000,0.000,0.008,650468,296,0,6798,6798,0,668,362,102928513,23,101995367,61,0.000000,0.181756,0.181772,17338,0,113.10,102928270,102928270,756,246,SUCCESS,933126,0,warm20,3115008,493856,74809588,453248,,,,,61,20,live,110.43,110.43,7,20260907-1606
2026-09-07 16:09:29,HAUSP-UB,SIGN,26,0,0.003000,0.000,0.008,661807,302,0,6794,6794,0,663,358,102171707,22,101249593,66,0.000000,0.180799,0.180817,16997,0,114.38,102171466,102171466,756,246,SUCCESS,922097,0,warm20,3119104,502720,74809588,462720,,,,,66,17,live,110.46,110.46,7,20260907-1606
2026-09-07 16:09:36,HAUSP-UB,SIGN,27,0,0.003000,0.000,0.008,671849,308,0,6643,6643,0,641,347,99616659,24,98721419,63,0.000000,0.180223,0.180241,16446,0,114.41,99616419,99616419,753,246,SUCCESS,895222,0,warm20,3129344,511008,74809588,468864,,,,,63,18,live,110.48,110.48,7,20260907-1606
2026-09-07 16:09:43,HAUSP-UB,SIGN,28,0,0.003000,0.000,0.008,682126,314,0,6648,6648,0,644,341,98553771,24,97672464,59,0.000000,0.180669,0.180687,16420,0,114.46,98553531,98553531,754,246,SUCCESS,881289,0,warm20,3147776,519168,74809588,478080,,,,,59,18,live,110.51,110.51,7,20260907-1606
2026-09-07 16:09:50,HAUSP-UB,SIGN,29,0,0.003000,0.000,0.008,695776,320,0,6861,6861,0,649,345,100564412,25,99670107,52,0.000000,0.181944,0.181962,16853,0,115.09,100564172,100564172,758,247,SUCCESS,894286,0,warm20,3143680,530240,74809588,493696,,,,,52,19,live,110.55,110.55,7,20260907-1606
2026-09-07 16:09:56,HAUSP-UB,SIGN,30,0,0.003000,0.000,0.008,707653,326,0,6797,6797,0,638,338,98893320,25,98017576,52,0.000000,0.181542,0.181561,16464,0,114.50,98893079,98893079,752,247,SUCCESS,875725,0,warm20,3158016,539136,74809588,495744,,,,,52,19,live,110.57,110.57,7,20260907-1606
2026-09-07 16:10:03,HAUSP-UB,SIGN,31,0,0.003000,0.000,0.008,720279,332,0,6651,6652,0,616,328,96316102,26,95467727,55,0.000000,0.180791,0.180809,15898,0,114.55,96315861,96315861,752,247,SUCCESS,848355,0,warm20,3186688,548128,74809588,503680,,,,,55,20,live,110.60,110.60,7,20260907-1606
2026-09-07 16:10:10,HAUSP-UB,SIGN,32,0,0.003000,0.000,0.008,730705,338,0,6630,6630,0,613,322,95189876,28,94355216,55,0.000000,0.181316,0.181334,15828,0,114.58,95189635,95189635,753,249,SUCCESS,834638,0,warm20,3198976,556992,74809588,513408,,,,,55,22,live,110.63,110.63,7,20260907-1606
2026-09-07 16:10:16,HAUSP-UB,SIGN,33,0,0.003000,0.000,0.008,744420,344,0,6654,6654,0,606,318,94458482,27,93634858,57,0.000000,0.183838,0.183857,16554,0,114.63,94458241,94458241,753,250,SUCCESS,823605,0,warm20,3223552,566592,74809588,525696,,,,,57,19,live,110.68,110.68,7,20260907-1606
2026-09-07 16:10:23,HAUSP-UB,SIGN,34,0,0.003000,0.000,0.008,756980,350,0,6749,6749,0,610,318,94474348,26,93652659,56,0.000000,0.185007,0.185026,16743,0,114.68,94474106,94474106,752,250,SUCCESS,821671,0,warm20,3264512,576928,74809588,533504,,,,,56,18,live,110.74,110.74,7,20260907-1606
2026-09-07 16:10:30,HAUSP-UB,SIGN,35,0,0.003000,0.000,0.008,768219,356,0,6671,6671,0,594,311,93099866,26,92293614,57,0.000000,0.185391,0.185410,16721,0,114.74,93099624,93099624,751,250,SUCCESS,806234,0,warm20,3309568,586656,74809588,535552,,,,,57,18,live,110.80,110.80,7,20260907-1606
2026-09-07 16:10:37,HAUSP-UB,SIGN,36,0,0.003000,0.000,0.008,777786,362,0,6670,6670,0,589,308,92251991,27,91454107,57,0.000000,0.185781,0.185801,16692,0,114.82,92251751,92251751,750,251,SUCCESS,797867,0,warm20,3375104,594336,74809588,543744,,,,,57,17,live,110.87,110.87,7,20260907-1606
2026-09-07 16:10:44,HAUSP-UB,SIGN,37,0,0.003000,0.000,0.008,790994,368,0,6805,6806,0,594,309,93397396,30,92596245,53,0.000000,0.187070,0.187089,16986,0,113.62,93397155,93397155,748,252,SUCCESS,801131,0,warm20,3432448,605088,74809588,565888,,,,,53,20,live,110.95,110.95,7,20260907-1606
2026-09-07 16:10:50,HAUSP-UB,SIGN,38,0,0.003000,0.000,0.008,803248,374,0,6765,6765,0,583,305,92207792,33,91419754,48,0.000000,0.187268,0.187288,16821,0,113.71,92207549,92207549,744,252,SUCCESS,788014,0,warm20,3502080,614496,74809588,572032,,,,,48,24,live,111.04,111.04,7,20260907-1606
2026-09-07 16:10:57,HAUSP-UB,SIGN,39,0,0.003000,0.000,0.008,817420,380,0,6775,6776,0,581,300,91608021,34,90829740,46,0.000000,0.187376,0.187397,16757,0,113.79,91607778,91607778,740,252,SUCCESS,778256,0,warm20,3579904,624736,74809588,574592,,,,,46,25,live,111.13,111.13,7,20260907-1606
2026-09-07 16:11:04,HAUSP-UB,SIGN,40,0,0.003000,0.000,0.008,828605,386,0,6829,6829,0,581,303,91384434,34,90609226,49,0.000000,0.187829,0.187850,16796,0,115.16,91384192,91384192,739,252,SUCCESS,775184,0,warm20,3661824,633088,74809588,575616,,,,,49,24,live,111.21,111.21,7,20260907-1606
2026-09-07 16:11:11,HAUSP-UB,SIGN,41,0,0.003000,0.000,0.008,840915,392,0,6869,6869,0,581,300,91059870,34,90291081,49,0.000000,0.187972,0.187992,16767,0,113.98,91059628,91059628,738,253,SUCCESS,768765,0,warm20,3747840,643584,74809588,583296,,,,,49,24,live,111.31,111.31,7,20260907-1606
2026-09-07 16:11:18,HAUSP-UB,SIGN,42,0,0.003000,0.000,0.008,851890,398,0,6880,6880,0,573,298,90664952,33,89901235,53,0.000000,0.189470,0.189491,17093,0,114.10,90664709,90664709,734,253,SUCCESS,763694,0,warm20,3854336,653152,74809588,590464,,,,,53,23,live,111.43,111.43,7,20260907-1606
2026-09-07 16:11:25,HAUSP-UB,SIGN,43,0,0.003000,0.000,0.008,867106,404,0,6909,6909,0,568,296,90933471,34,90174480,55,0.000000,0.188551,0.188572,16906,0,114.22,90933227,90933227,736,254,SUCCESS,758966,0,warm20,3960832,663840,74809588,599680,,,,,55,25,live,111.55,111.55,7,20260907-1606
2026-09-07 16:11:32,HAUSP-UB,SIGN,44,0,0.003000,0.000,0.008,884460,410,0,6934,6934,0,564,293,90286398,30,89534388,57,0.000000,0.188086,0.188107,16490,0,114.32,90286156,90286156,748,254,SUCCESS,751992,0,warm20,4055040,674592,74809588,603008,,,,,57,18,live,111.67,111.67,7,20260907-1606
2026-09-07 16:11:39,HAUSP-UB,SIGN,45,0,0.003000,0.000,0.008,901027,416,0,6833,6833,0,558,285,88440699,30,87706745,57,0.000000,0.187128,0.187150,15893,0,116.90,88440458,88440457,753,254,SUCCESS,733937,0,warm20,4096000,684960,74809588,607872,,,,,57,17,live,111.82,111.82,7,20260907-1606
2026-09-07 16:11:46,HAUSP-UB,SIGN,46,0,0.003000,0.000,0.008,916886,422,0,6792,6792,0,546,281,87710521,32,86987487,56,0.000000,0.186182,0.186203,15488,0,115.91,87710280,87710280,753,255,SUCCESS,723015,0,warm20,4333568,696640,74809588,624640,,,,,56,19,live,111.97,111.97,7,20260907-1606
2026-09-07 16:11:52,HAUSP-UB,SIGN,47,0,0.003000,0.000,0.008,933116,428,0,6740,6740,0,540,276,86606984,32,85897840,58,0.000000,0.185469,0.185491,15117,0,116.54,86606741,86606738,755,255,SUCCESS,709124,0,warm20,4337664,706624,74809588,636928,,,,,58,20,live,112.10,112.10,7,20260907-1606
2026-09-07 16:11:59,HAUSP-UB,SIGN,48,0,0.003000,0.000,0.008,947537,434,0,6691,6691,0,532,271,85743931,33,85046455,53,0.000000,0.184956,0.184976,14733,0,114.92,85743688,85743688,753,255,SUCCESS,697455,0,warm20,4599808,716352,74809588,637952,,,,,53,21,live,112.26,112.26,7,20260907-1606
2026-09-07 16:12:06,HAUSP-UB,SIGN,49,0,0.003000,0.000,0.008,957204,440,0,6621,6621,0,526,266,84431897,33,83747071,53,0.000000,0.184981,0.185003,14599,0,116.32,84431654,84431654,753,255,SUCCESS,684805,0,warm20,4718592,724224,74809588,648192,,,,,53,21,live,112.38,112.38,7,20260907-1606
2026-09-07 16:12:12,HAUSP-UB,SIGN,50,0,0.003000,0.000,0.008,967022,446,0,6605,6606,0,523,262,83736388,33,83058904,52,0.000000,0.185266,0.185288,14609,0,115.18,83736144,83736144,753,255,SUCCESS,677462,0,warm20,4841472,732384,74809588,656384,,,,,52,22,live,112.51,112.51,7,20260907-1606
2026-09-07 16:12:19,HAUSP-UB,SIGN,51,0,0.003000,0.000,0.008,979636,452,0,6671,6671,0,523,263,84204224,31,83524666,54,0.000000,0.185286,0.185309,14554,0,116.54,84203980,84203980,751,255,SUCCESS,679538,0,warm20,4907008,741728,74809588,657792,,,,,54,20,live,112.63,112.63,7,20260907-1606
2026-09-07 16:12:26,HAUSP-UB,SIGN,52,0,0.003000,0.000,0.008,990505,458,0,6621,6621,0,516,259,83163237,31,82494008,54,0.000000,0.185190,0.185214,14363,0,116.74,83162993,83162993,749,255,SUCCESS,669209,0,warm20,5115904,750560,74809588,668032,,,,,54,20,live,112.80,112.80,7,20260907-1606
2026-09-07 16:12:32,HAUSP-UB,SIGN,53,0,0.003000,0.000,0.008,1001386,464,0,6506,6506,0,502,253,81376444,31,80722393,55,0.000000,0.184680,0.184703,14056,0,116.82,81376200,81376200,748,255,SUCCESS,654031,0,warm20,5177344,757664,74809588,670592,,,,,55,20,live,112.91,112.91,7,20260907-1606
2026-09-07 16:12:39,HAUSP-UB,SIGN,54,0,0.003000,0.000,0.008,1016244,470,0,6543,6544,0,503,253,81227181,30,80576899,61,0.000000,0.184275,0.184300,13905,0,116.93,81226937,81226937,747,255,SUCCESS,650263,0,warm20,5279744,767424,74809588,672640,,,,,61,19,live,112.99,112.99,7,20260907-1606
2026-09-07 16:12:45,HAUSP-UB,SIGN,55,0,0.003000,0.000,0.008,1027129,476,0,6527,6527,0,496,251,80755743,30,80111153,61,0.000000,0.184180,0.184205,13871,0,117.06,80755501,80755501,747,256,SUCCESS,644573,0,warm20,5398528,776064,74809588,682880,,,,,61,17,live,113.11,113.11,7,20260907-1606
2026-09-07 16:12:52,HAUSP-UB,SIGN,56,0,0.003000,0.000,0.008,1047408,482,0,6502,6502,0,486,247,80592317,26,79954562,64,0.000000,0.182475,0.182502,13478,0,117.18,80592073,80592073,751,260,SUCCESS,637741,0,warm20,5488640,787776,74809588,707968,,,,,64,14,live,113.24,113.24,7,20260907-1606
2026-09-07 16:12:59,HAUSP-UB,SIGN,57,0,0.003000,0.000,0.008,1060421,488,0,6495,6495,0,483,245,79914971,26,79283945,61,0.000000,0.182345,0.182371,13277,0,117.29,79914723,79914723,745,260,SUCCESS,631012,0,warm20,5578752,796864,74809588,721280,,,,,61,14,live,113.35,113.35,7,20260907-1606
2026-09-07 16:13:05,HAUSP-UB,SIGN,58,0,0.003000,0.000,0.008,1079371,494,0,6501,6501,0,485,242,79314485,27,78690712,71,0.000000,0.181677,0.181704,13241,0,117.37,79314237,79314237,740,261,SUCCESS,623758,0,warm20,5644288,807232,74809588,729472,,,,,71,15,live,113.43,113.43,7,20260907-1606
2026-09-07 16:13:12,HAUSP-UB,SIGN,59,0,0.003000,0.000,0.008,1096747,500,0,6515,6515,0,483,240,79072922,28,78451928,77,0.000000,0.180738,0.180766,13167,0,117.45,79072674,79072674,737,263,SUCCESS,620979,0,warm20,5693440,817088,74809588,751488,,,,,77,15,live,113.52,113.52,7,20260907-1606
2026-09-07 16:13:18,HAUSP-UB,SIGN,60,0,0.003000,0.000,0.008,1110602,506,0,6493,6493,0,478,238,78410195,29,77796752,77,0.000000,0.180587,0.180615,13007,0,117.54,78409947,78409947,732,263,SUCCESS,613429,0,warm20,5775360,826272,74809588,753920,,,,,77,14,live,113.60,113.60,7,20260907-1606
2026-09-07 16:13:25,HAUSP-UB,SIGN,61,0,0.003000,0.000,0.008,1124744,512,0,6469,6470,0,473,234,77730713,31,77125446,73,0.000000,0.180538,0.180567,12882,0,117.63,77730467,77730467,736,265,SUCCESS,605253,0,warm20,5828608,835776,74809588,779008,,,,,73,14,live,113.68,113.68,7,20260907-1606
2026-09-07 16:13:31,HAUSP-UB,SIGN,62,0,0.003000,0.000,0.008,1139446,518,0,6498,6498,0,472,233,77762093,30,77160207,73,0.000000,0.180452,0.180481,12846,0,118.26,77761844,77761844,737,265,SUCCESS,601872,0,warm20,5832704,845920,74809588,779904,,,,,73,14,live,113.72,113.72,7,20260907-1606
2026-09-07 16:13:38,HAUSP-UB,SIGN,63,0,0.003000,0.000,0.008,1156811,524,0,6508,6508,0,465,231,77537169,26,76942392,76,0.000000,0.180528,0.180560,12821,0,117.72,77536918,77536918,744,266,SUCCESS,594765,0,warm20,5894144,857024,74809588,791680,,,,,76,12,live,113.77,113.77,7,20260907-1606
2026-09-07 16:13:44,HAUSP-UB,SIGN,64,0,0.003000,0.000,0.008,1169601,530,0,6517,6517,0,463,229,77302754,26,76712993,74,0.000000,0.180281,0.180313,12622,0,118.35,77302503,77302503,740,266,SUCCESS,589750,0,warm20,5894144,866144,74809588,805504,,,,,74,11,live,113.84,113.84,7,20260907-1606
2026-09-07 16:13:51,HAUSP-UB,SIGN,65,0,0.003000,0.000,0.008,1183474,536,0,6524,6524,0,465,226,76839067,25,76255089,75,0.000000,0.180008,0.180040,12433,0,117.83,76838816,76838816,739,266,SUCCESS,583968,0,warm20,5967872,875744,74809588,807808,,,,,75,10,live,113.88,113.88,7,20260907-1606
2026-09-07 16:13:57,HAUSP-UB,SIGN,66,0,0.003000,0.000,0.008,1194955,542,0,6488,6488,0,457,223,75994499,24,75417722,71,0.000000,0.179947,0.179980,12294,0,117.88,75994248,75994248,738,266,SUCCESS,576768,0,warm20,5996544,884320,74809588,818560,,,,,71,9,live,113.94,113.94,7,20260907-1606
2026-09-07 16:14:04,HAUSP-UB,SIGN,67,0,0.003000,0.000,0.008,1209554,548,0,6447,6447,0,452,221,75240799,26,74672189,72,0.000000,0.179381,0.179413,12041,0,117.91,75240547,75240547,740,266,SUCCESS,568598,0,warm20,6017024,893888,74809588,819840,,,,,72,12,live,113.95,113.95,7,20260907-1606
2026-09-07 16:14:10,HAUSP-UB,SIGN,68,0,0.003000,0.000,0.008,1225092,554,0,6503,6503,0,451,221,75496246,27,74927074,71,0.000000,0.179369,0.179400,12117,0,117.94,75495994,75495994,737,266,SUCCESS,569159,0,warm20,6021120,904512,74809588,836480,,,,,71,13,live,113.99,113.99,7,20260907-1606
2026-09-07 16:14:17,HAUSP-UB,SIGN,69,0,0.003000,0.000,0.008,1246726,560,0,6785,6785,0,469,228,79010759,26,78423880,69,0.000000,0.177314,0.177344,12158,0,117.97,79010507,79010507,740,267,SUCCESS,586867,0,warm20,6029312,918208,74809588,854144,,,,,69,12,live,114.03,114.03,7,20260907-1606
2026-09-07 16:14:24,HAUSP-UB,SIGN,70,0,0.003000,0.000,0.008,1265597,566,0,6937,6937,0,479,231,80385669,27,79790595,64,0.000000,0.177587,0.177615,12584,0,118.02,80385416,80385416,738,267,SUCCESS,595061,0,warm20,6037504,929472,74809588,885632,,,,,64,13,live,114.07,114.07,7,20260907-1606
2026-09-07 16:14:31,HAUSP-UB,SIGN,71,0,0.003000,0.000,0.008,1283052,572,0,7008,7008,0,481,233,80679831,32,80083437,61,0.000000,0.177750,0.177778,12659,0,118.02,80679578,80679578,738,267,SUCCESS,596376,0,warm20,6037504,939584,74809588,898176,,,,,61,18,live,114.10,114.10,7,20260907-1606
2026-09-07 16:14:39,HAUSP-UB,SIGN,72,0,0.003000,0.000,0.008,1300784,578,0,7209,7209,0,494,239,82635695,31,82026958,65,0.000000,0.177249,0.177276,12940,0,118.08,82635442,82635442,736,267,SUCCESS,608720,0,warm20,6049792,951104,74809588,907136,,,,,65,17,live,114.13,114.13,8,20260907-1606
2026-09-07 16:14:46,HAUSP-UB,SIGN,73,0,0.003000,0.000,0.008,1316615,584,0,7306,7306,0,494,240,83597083,30,82984834,65,0.000000,0.177132,0.177159,12887,0,118.11,83596830,83596830,737,267,SUCCESS,612233,0,warm20,6066176,963200,74809588,912256,,,,,65,16,live,114.16,114.16,8,20260907-1606
2026-09-07 16:14:53,HAUSP-UB,SIGN,74,0,0.003000,0.000,0.008,1330102,590,0,7269,7269,0,486,237,82813189,30,82208147,65,0.000000,0.177117,0.177144,12801,0,118.11,82812936,82812936,738,267,SUCCESS,605026,0,warm20,6066176,972416,74809588,940288,,,,,65,16,live,114.20,114.20,8,20260907-1606
2026-09-07 16:15:01,HAUSP-UB,SIGN,75,0,0.003000,0.000,0.008,1342143,596,0,7229,7229,0,485,234,81888042,30,81290720,64,0.000000,0.176878,0.176905,12641,0,118.15,81887790,81887790,737,267,SUCCESS,597307,0,warm20,6066176,981184,74809588,953600,,,,,64,15,live,114.22,114.22,8,20260907-1606
2026-09-07 16:15:08,HAUSP-UB,SIGN,76,0,0.003000,0.000,0.008,1352225,602,0,7164,7165,0,477,229,80939053,30,80349519,62,0.000000,0.176708,0.176736,12469,0,118.19,80938801,80938801,736,267,SUCCESS,589519,0,warm20,6074368,989184,74809588,957696,,,,,62,15,live,114.24,114.24,8,20260907-1606
2026-09-07 16:15:15,HAUSP-UB,SIGN,77,0,0.003000,0.000,0.008,1364919,608,0,7216,7216,0,479,230,80980232,30,80391062,64,0.000000,0.177017,0.177045,12515,0,118.19,80979980,80979980,736,267,SUCCESS,589155,0,warm20,6074368,999168,74809588,958720,,,,,64,15,live,114.26,114.26,8,20260907-1606
2026-09-07 16:15:22,HAUSP-UB,SIGN,78,0,0.003000,0.000,0.008,1378844,614,0,7245,7245,0,472,229,80956142,30,80369301,64,0.000000,0.177266,0.177294,12541,0,118.21,80955890,80955890,736,267,SUCCESS,586826,0,warm20,6082560,1009024,74809588,976384,,,,,64,15,live,114.29,114.29,8,20260907-1606
2026-09-07 16:15:30,HAUSP-UB,SIGN,79,0,0.003000,0.000,0.008,1390075,620,0,7212,7212,0,472,226,80228688,29,79649169,64,0.000000,0.177037,0.177065,12364,0,118.24,80228436,80228436,736,267,SUCCESS,579505,0,warm20,6090752,1017312,74809588,976384,,,,,64,14,live,114.31,114.31,8,20260907-1606
2026-09-07 16:15:37,HAUSP-UB,SIGN,80,0,0.003000,0.000,0.008,1404925,626,0,7200,7200,0,465,224,80040977,29,79466757,65,0.000000,0.176620,0.176649,12159,0,118.26,80040725,80040725,736,267,SUCCESS,574206,0,warm20,6098944,1027168,74809588,984704,,,,,65,14,live,114.33,114.33,8,20260907-1606
2026-09-07 16:15:44,HAUSP-UB,SIGN,81,0,0.003000,0.000,0.008,1419540,632,0,7228,7228,0,464,224,79894102,29,79321761,66,0.000000,0.176665,0.176694,12230,0,118.28,79893850,79893850,735,267,SUCCESS,572327,0,warm20,6107136,1037088,74809588,989824,,,,,66,14,live,114.36,114.36,8,20260907-1606
2026-09-07 16:15:51,HAUSP-UB,SIGN,82,0,0.003000,0.000,0.008,1430972,638,0,7285,7285,0,466,224,80062600,29,79488739,66,0.000000,0.176688,0.176717,12165,0,118.33,80062348,80062348,739,267,SUCCESS,573847,0,warm20,6119424,1046080,74809588,1000064,,,,,66,14,live,114.38,114.38,8,20260907-1606
2026-09-07 16:15:59,HAUSP-UB,SIGN,83,0,0.003000,0.000,0.008,1446547,644,0,7310,7311,0,462,223,79800848,30,79229059,66,0.000000,0.176675,0.176703,12128,0,118.37,79800596,79800596,735,267,SUCCESS,571774,0,warm20,6139904,1057088,74809588,1011840,,,,,66,15,live,114.42,114.42,8,20260907-1606
2026-09-07 16:16:06,HAUSP-UB,SIGN,84,0,0.003000,0.000,0.008,1466019,650,0,7443,7443,0,470,225,80647176,30,80070755,68,0.000000,0.176547,0.176576,12206,0,118.40,80646925,80646925,740,267,SUCCESS,576407,0,warm20,6156288,1069536,74809588,1017728,,,,,68,14,live,114.46,114.46,8,20260907-1606
2026-09-07 16:16:14,HAUSP-UB,SIGN,85,0,0.003000,0.000,0.008,1477721,656,0,7413,7413,0,466,222,79974658,31,79404048,70,0.000000,0.176535,0.176563,12122,0,118.44,79974407,79974407,737,267,SUCCESS,570595,0,warm20,6180864,1078816,74809588,1017728,,,,,70,15,live,114.49,114.49,8,20260907-1606
2026-09-07 16:16:21,HAUSP-UB,SIGN,86,0,0.003000,0.000,0.008,1489446,662,0,7415,7415,0,466,220,79494634,31,78928369,68,0.000000,0.176775,0.176803,12092,0,118.48,79494383,79494383,739,267,SUCCESS,566250,0,warm20,6213632,1088704,74809588,1024000,,,,,68,15,live,114.53,114.53,8,20260907-1606
2026-09-07 16:16:29,HAUSP-UB,SIGN,87,0,0.003000,0.000,0.008,1504545,668,0,7532,7532,0,470,222,80120529,33,79551765,61,0.000000,0.176814,0.176842,12261,0,118.55,80120278,80120278,741,267,SUCCESS,568747,0,warm20,6254592,1099744,74809588,1037824,,,,,61,17,live,114.60,114.60,8,20260907-1606
2026-09-07 16:16:36,HAUSP-UB,SIGN,88,0,0.003000,0.000,0.008,1520720,674,0,7631,7631,0,472,223,80933119,33,80360792,61,0.000000,0.177065,0.177093,12357,0,118.62,80932869,80932865,747,267,SUCCESS,572311,0,warm20,6311936,1111488,74809588,1038720,,,,,61,16,live,114.67,114.67,8,20260907-1606
2026-09-07 16:16:44,HAUSP-UB,SIGN,89,0,0.003000,0.000,0.008,1534926,680,0,7688,7688,0,475,223,80921076,33,80350131,62,0.000000,0.177483,0.177511,12454,0,118.68,80920826,80920826,747,267,SUCCESS,570929,0,warm20,6352896,1122208,74809588,1050240,,,,,62,16,live,114.73,114.73,8,20260907-1606
2026-09-07 16:16:52,HAUSP-UB,SIGN,90,0,0.003000,0.000,0.008,1553182,686,0,7841,7841,0,479,225,82065138,33,81486843,70,0.000000,0.177822,0.177849,12724,0,118.77,82064888,82064884,751,267,SUCCESS,578279,0,warm20,6430720,1133856,74809588,1058432,,,,,70,16,live,114.82,114.82,8,20260907-1606
2026-09-07 16:17:00,HAUSP-UB,SIGN,91,0,0.003000,0.000,0.008,1569089,692,0,7946,7946,0,479,226,82934367,33,82351140,66,0.000000,0.178026,0.178053,12856,0,118.83,82934117,82934116,752,267,SUCCESS,583211,0,warm20,6475776,1145408,74809588,1059584,,,,,66,16,live,114.88,114.88,8,20260907-1606
2026-09-07 16:17:08,HAUSP-UB,SIGN,92,0,0.003000,0.000,0.008,1586819,698,0,8136,8136,0,490,230,84491627,33,83901981,62,0.000000,0.178120,0.178147,12860,0,118.90,84491378,84491377,753,267,SUCCESS,589631,0,warm20,6534144,1157856,74809588,1068544,,,,,62,15,live,114.96,114.96,9,20260907-1606
2026-09-07 16:17:17,HAUSP-UB,SIGN,93,0,0.003000,0.000,0.008,1606504,704,0,8337,8337,0,496,234,86631140,33,86030371,64,0.000000,0.177087,0.177113,12872,0,119.00,86630891,86630890,754,267,SUCCESS,600754,0,warm20,6603776,1170784,74809588,1089280,,,,,64,15,live,115.07,115.07,9,20260907-1606
2026-09-07 16:17:25,HAUSP-UB,SIGN,94,0,0.003000,0.000,0.008,1616945,710,0,8400,8400,0,502,233,86507733,32,85907977,64,0.000000,0.177510,0.177536,12890,0,119.65,86507484,86507484,754,267,SUCCESS,599742,0,warm20,6620160,1179744,74809588,1089792,,,,,64,14,live,115.16,115.16,9,20260907-1606
2026-09-07 16:17:34,HAUSP-UB,SIGN,95,0,0.003000,0.000,0.008,1631610,716,0,8472,8472,0,506,233,87399104,32,86797625,65,0.000000,0.176734,0.176761,12886,0,119.22,87398855,87398855,753,267,SUCCESS,601465,0,warm20,6803456,1189984,74809588,1095424,,,,,65,14,live,115.27,115.27,9,20260907-1606
2026-09-07 16:17:42,HAUSP-UB,SIGN,96,0,0.003000,0.000,0.008,1649145,722,0,8534,8534,0,510,233,87309066,32,86708678,63,0.000000,0.176659,0.176686,12904,0,119.32,87308817,87308817,752,267,SUCCESS,600374,0,warm20,6905856,1201088,74809588,1096448,,,,,63,14,live,115.38,115.38,9,20260907-1606
2026-09-07 16:17:51,HAUSP-UB,SIGN,97,0,0.003000,0.000,0.008,1663324,728,0,8525,8525,0,504,232,86979361,32,86382873,61,0.000000,0.176163,0.176190,12728,0,119.43,86979112,86979110,756,267,SUCCESS,596474,0,warm20,7004160,1211648,74809588,1099776,,,,,61,14,live,115.49,115.49,9,20260907-1606
2026-09-07 16:17:59,HAUSP-UB,SIGN,98,0,0.003000,0.000,0.008,1668652,730,0,8497,8498,0,498,231,86623963,32,86030002,60,0.000000,0.176058,0.176085,12666,0,119.53,86623714,86623714,754,267,SUCCESS,593947,0,warm20,7102464,1214656,74809588,1107968,,,,,60,14,live,115.59,115.59,9,20260907-1606
2026-09-07 16:18:08,HAUSP-UB,SIGN,99,0,0.003000,0.000,0.008,1668652,730,0,8499,8499,0,500,231,86623963,32,86030002,60,0.000000,0.176058,0.176085,12666,0,119.63,86623714,86623714,754,267,SUCCESS,593947,0,warm20,7200768,1214656,74809588,1107968,,,,,60,14,live,115.68,115.68,9,20260907-1606
2026-09-07 16:18:10,HAUSP-UB,C8T1S5I8N5K,0,0,0.000200,0.000,0.200,9488535,9427,255,897,1153,13,85,61,3612852,29541,3444071,11833,0.000000,0.242125,0.250202,6075,0,800.95,3628532,3576629,51903,51042,SUCCESS,154920,0,warm20,146176,4438664,121991456,7045632,,,,,11833,13861,live,745.29,745.29,2,20260907-1606
2026-09-07 16:18:10,HAUSP-UB,C8T1S5I8N5K,1,0,0.000200,0.000,0.008,9860531,9808,53,640,694,44,72,60,3752192,30066,3582297,12000,0.000000,0.237696,0.245698,5885,0,793.26,3717298,3716544,1615,51737,SUCCESS,155976,0,warm20,154368,4617128,121991456,7247360,,,,,11999,13918,live,745.95,745.95,1,20260907-1606
2026-09-07 16:18:11,HAUSP-UB,C8T1S5I8N5K,2,0,0.000200,0.000,0.008,10237847,10189,8,565,573,3,64,57,3524441,30542,3361150,12194,0.000000,0.234296,0.242583,6216,0,761.95,3489408,3488898,1430,52280,SUCCESS,149453,0,warm20,48384,4791456,121991456,7430144,,,,,12194,13838,live,746.39,746.39,1,20260907-1606
2026-09-07 16:18:12,HAUSP-UB,C8T1S5I8N5K,3,0,0.000200,0.000,0.008,10612071,10570,9,544,553,3,59,53,3380501,31048,3226964,12185,0.000000,0.228170,0.236997,5710,0,794.39,3345253,3344690,1450,52849,SUCCESS,139521,0,warm20,156544,4970664,121991456,7619712,,,,,12185,14016,live,746.97,746.97,1,20260907-1606
2026-09-07 16:18:12,HAUSP-UB,C8T1S5I8N5K,4,0,0.000200,0.000,0.008,10998812,10951,8,531,540,3,56,51,3233089,31726,3086462,12109,0.000000,0.226342,0.235631,6197,0,794.97,3197702,3197120,1463,53454,SUCCESS,132363,0,warm20,159360,5152944,121991456,7827840,,,,,12109,14264,live,747.66,747.66,1,20260907-1606
2026-09-07 16:18:13,HAUSP-UB,C8T1S5I8N5K,5,0,0.000200,0.000,0.008,11372679,11332,8,562,571,3,59,53,3475820,32155,3323087,12156,0.000000,0.226990,0.235812,7077,0,763.66,3440325,3439962,1221,53903,SUCCESS,138537,0,warm20,52736,5331472,121991456,8018688,,,,,12156,14196,live,748.08,748.08,1,20260907-1606
2026-09-07 16:18:13,HAUSP-UB,C8T1S5I8N5K,6,0,0.000200,0.000,0.008,11751454,11713,9,566,575,3,58,53,3336704,32735,3184743,12153,0.000000,0.230918,0.239665,7171,0,764.08,3301355,3300827,1300,54412,SUCCESS,137779,0,warm20,34048,5510936,121991456,8233216,,,,,12152,14181,live,748.59,748.59,1,20260907-1606
2026-09-07 16:18:14,HAUSP-UB,C8T1S5I8N5K,7,0,0.000200,0.000,0.008,12140855,12094,9,573,583,3,56,52,3248019,33178,3099768,12064,0.000000,0.228017,0.236853,7532,0,764.59,3212500,3212183,1108,54782,SUCCESS,133964,0,warm20,54400,5695640,121991456,8409984,,,,,12062,14285,live,749.01,749.01,1,20260907-1606
2026-09-07 16:18:15,HAUSP-UB,C8T1S5I8N5K,8,0,0.000200,0.000,0.008,12513750,12475,9,594,603,3,56,51,3432989,33476,3285719,12090,0.000000,0.227410,0.236284,7536,0,765.00,3397410,3396989,1159,55144,SUCCESS,132994,0,warm20,48768,5871568,121991456,8568832,,,,,12087,14273,live,749.42,749.42,1,20260907-1606
2026-09-07 16:18:15,HAUSP-UB,C8T1S5I8N5K,9,0,0.000200,0.000,0.008,12914821,12856,9,587,597,3,55,50,3369243,33876,3224101,12273,0.000000,0.226828,0.235741,6698,0,765.42,3333643,3333178,1262,55607,SUCCESS,130810,0,warm20,43520,6057256,121991456,8769280,,,,,12273,14332,live,749.92,749.92,1,20260907-1606
2026-09-07 16:18:16,HAUSP-UB,C8T1S5I8N5K,10,0,0.000200,0.000,0.008,13305508,13237,9,582,592,3,54,49,3173542,34219,3031644,12117,0.000000,0.229812,0.238973,6517,0,765.92,3137802,3137445,1156,55958,SUCCESS,127546,0,warm20,58240,6243312,121991456,8955648,,,,,12117,14352,live,750.41,750.41,1,20260907-1606
2026-09-07 16:18:16,HAUSP-UB,C8T1S5I8N5K,11,0,0.000200,0.000,0.008,13706693,13618,9,580,590,3,52,48,3070601,34549,2932849,12052,0.000000,0.227637,0.237020,6096,0,798.41,3034720,3034367,1158,56307,SUCCESS,123280,0,warm20,183168,6431616,121991456,9200768,,,,,12052,14472,live,751.19,751.19,1,20260907-1606
2026-09-07 16:18:17,HAUSP-UB,C8T1S5I8N5K,12,0,0.000200,0.000,0.008,14085848,13999,9,573,583,3,52,48,3010485,35042,2872623,11982,0.000000,0.228250,0.237569,5787,0,767.19,2974671,2974262,1218,56710,SUCCESS,123312,0,warm20,53120,6610496,121991456,9446272,,,,,11981,14549,live,751.72,751.72,1,20260907-1606
2026-09-07 16:18:18,HAUSP-UB,C8T1S5I8N5K,13,0,0.000200,0.000,0.008,14448564,14380,9,581,590,3,51,47,3004553,35392,2867592,12058,0.000000,0.227435,0.236863,5569,0,767.72,2968636,2968312,1139,57036,SUCCESS,122362,0,warm20,63872,6780176,121991456,9694336,,,,,12058,14599,live,752.19,752.19,1,20260907-1606
2026-09-07 16:18:18,HAUSP-UB,C8T1S5I8N5K,14,0,0.000200,0.000,0.008,14856850,14761,9,587,596,3,50,46,3005651,35647,2870717,12053,0.000000,0.224811,0.234281,5314,0,776.19,2969651,2969423,1041,57288,SUCCESS,120323,0,warm20,73216,6962912,121991456,9929984,,,,,12053,14611,live,752.66,752.66,1,20260907-1606
2026-09-07 16:18:19,HAUSP-UB,C8T1S5I8N5K,15,0,0.000200,0.000,0.008,15236031,15142,9,610,620,3,51,47,3033988,36097,2896886,12025,0.000000,0.228268,0.237569,5751,0,768.66,2998038,2997655,1172,57648,SUCCESS,122343,0,warm20,56448,7143944,121991456,10180992,,,,,12025,14759,live,753.19,753.19,1,20260907-1606
2026-09-07 16:18:20,HAUSP-UB,C8T1S5I8N5K,16,0,0.000200,0.000,0.008,15637254,15523,9,601,611,3,50,46,2948645,36330,2814951,12122,0.000000,0.224966,0.234524,5143,0,801.19,2912543,2912230,1125,57975,SUCCESS,118910,0,warm20,215296,7330432,121991456,10433024,,,,,12122,14784,live,753.81,753.81,1,20260907-1606
2026-09-07 16:18:20,HAUSP-UB,C8T1S5I8N5K,17,0,0.000200,0.000,0.008,16001183,15904,9,593,602,3,49,45,2882667,36591,2750992,12142,0.000000,0.222118,0.231765,4765,0,777.81,2846627,2846324,1101,58297,SUCCESS,117019,0,warm20,62976,7502376,121991456,10681088,,,,,12142,14656,live,754.29,754.29,1,20260907-1606
2026-09-07 16:18:21,HAUSP-UB,C8T1S5I8N5K,18,0,0.000200,0.000,0.008,16376279,16285,9,591,601,3,48,44,2859925,36998,2730765,12206,0.000000,0.219953,0.229830,5394,0,770.29,2823809,2823468,1120,58646,SUCCESS,114343,0,warm20,57472,7678848,121991456,10952960,,,,,12206,14817,live,754.97,754.97,1,20260907-1606
2026-09-07 16:18:21,HAUSP-UB,C8T1S5I8N5K,19,0,0.000200,0.000,0.008,16736060,16666,9,595,604,3,47,43,2832989,37220,2705867,12254,0.000000,0.218374,0.228370,5316,0,770.97,2796816,2796533,1054,58906,SUCCESS,112375,0,warm20,68224,7852504,121991456,11196032,,,,,12254,14747,live,755.60,755.60,1,20260907-1606
2026-09-07 16:18:22,HAUSP-UB,C8T1S5I8N5K,20,0,0.000200,0.000,0.008,17118756,17047,9,599,608,3,47,43,2817429,37451,2690151,12522,0.000000,0.220278,0.230268,5733,0,771.60,2781308,2781089,1013,59174,SUCCESS,112611,0,warm20,70400,8034672,121991456,11446272,,,,,12521,14666,live,756.09,756.09,1,20260907-1606
2026-09-07 16:18:23,HAUSP-UB,C8T1S5I8N5K,21,0,0.000200,0.000,0.008,17469367,17428,9,604,614,3,46,43,2752795,37715,2626322,12413,0.000000,0.222887,0.232929,5511,0,772.09,2716541,2716296,990,59428,SUCCESS,111678,0,warm20,66176,8202512,121991456,11689088,,,,,12413,14795,live,756.40,756.40,1,20260907-1606
2026-09-07 16:18:23,HAUSP-UB,C8T1S5I8N5K,22,0,0.000200,0.000,0.008,17882077,17809,9,608,618,3,47,43,2760701,37908,2633384,12509,0.000000,0.228367,0.238388,5460,0,772.40,2724532,2724242,1026,59702,SUCCESS,112668,0,warm20,64000,8385152,121991456,11962496,,,,,12509,14649,live,756.94,756.94,1,20260907-1606
2026-09-07 16:18:24,HAUSP-UB,C8T1S5I8N5K,23,0,0.000200,0.000,0.008,18263919,18190,9,604,614,3,46,43,2674072,38130,2547352,12394,0.000000,0.229087,0.239104,5224,0,772.94,2637683,2637573,862,59827,SUCCESS,111903,0,warm20,93696,8557848,121991456,12196096,,,,,12394,14817,live,757.40,757.40,1,20260907-1606
2026-09-07 16:18:25,HAUSP-UB,C8T1S5I8N5K,24,0,0.000200,0.000,0.008,18657262,18571,9,602,611,3,45,43,2599510,38368,2474078,12432,0.000000,0.227734,0.237792,4981,0,805.40,2563073,2562854,956,60028,SUCCESS,110454,0,warm20,220544,8733584,121991456,12433920,,,,,12432,14978,live,758.03,758.03,1,20260907-1606
2026-09-07 16:18:25,HAUSP-UB,C8T1S5I8N5K,25,0,0.000200,0.000,0.008,19053088,18952,9,604,613,3,46,43,2567505,38559,2441875,12496,0.000000,0.225591,0.235706,4603,0,774.03,2531014,2530826,943,60238,SUCCESS,110608,0,warm20,86144,8910952,121991456,12656512,,,,,12496,15022,live,758.64,758.64,1,20260907-1606
2026-09-07 16:18:26,HAUSP-UB,C8T1S5I8N5K,26,0,0.000200,0.000,0.008,19437911,19333,10,600,610,3,44,42,2501544,38748,2378106,12583,0.000000,0.223253,0.233469,4467,0,801.90,2465009,2464751,991,60491,SUCCESS,108392,0,warm20,219520,9094976,121991456,12941056,,,,,12582,15045,live,759.26,759.26,1,20260907-1606
2026-09-07 16:18:27,HAUSP-UB,C8T1S5I8N5K,27,0,0.000200,0.000,0.008,19822113,19714,9,608,618,3,44,42,2521889,39076,2398175,12549,0.000000,0.224955,0.235073,4548,0,775.26,2485353,2485068,1023,60769,SUCCESS,108593,0,warm20,78720,9274248,121991456,13209216,,,,,12549,15121,live,760.50,760.50,1,20260907-1606
2026-09-07 16:18:27,HAUSP-UB,C8T1S5I8N5K,28,0,0.000200,0.000,0.008,20208654,20095,9,608,618,3,44,41,2442262,39402,2319204,12538,0.000000,0.224785,0.234919,4279,0,803.89,2405594,2405373,966,61018,SUCCESS,107757,0,warm20,219776,9458160,121991456,13486848,,,,,12538,15301,live,760.50,760.38,1,20260907-1606
2026-09-07 16:18:28,HAUSP-UB,C8T1S5I8N5K,29,0,0.000200,0.000,0.008,20585609,20476,20,609,630,3,44,41,2419201,39513,2297442,12587,0.000000,0.224005,0.234200,4122,0,866.45,2382434,2382273,878,61192,SUCCESS,106496,0,warm20,217088,9636608,155545888,13741056,,,,,12586,15262,live,793.04,793.04,1,20260907-1606
2026-09-07 16:18:29,HAUSP-UB,C8T1S5I8N5K,30,0,0.000200,0.000,0.008,20988516,20857,8,608,617,3,44,41,2402627,39644,2279962,12740,0.000000,0.221895,0.232057,3896,0,817.04,2365889,2365644,949,61432,SUCCESS,107475,0,warm20,78592,9820600,155545888,13992448,,,,,12740,15190,live,793.60,793.60,1,20260907-1606
2026-09-07 16:18:29,HAUSP-UB,C8T1S5I8N5K,31,0,0.000200,0.000,0.008,21379871,21238,8,606,615,3,43,41,2395101,39803,2273674,12701,0.000000,0.220593,0.230843,3722,0,809.60,2358415,2358248,876,61610,SUCCESS,106369,0,warm20,88704,10003416,155545888,14260096,,,,,12700,15057,live,794.16,794.16,1,20260907-1606
2026-09-07 16:18:30,HAUSP-UB,C8T1S5I8N5K,32,0,0.000200,0.000,0.008,21758395,21619,8,619,628,3,43,41,2426043,39943,2304165,12691,0.000000,0.218774,0.228937,3512,0,810.16,2389264,2389111,851,61749,SUCCESS,106766,0,warm20,94336,10180208,155545888,14498816,,,,,12691,15112,live,794.67,794.67,1,20260907-1606
2026-09-07 16:18:30,HAUSP-UB,C8T1S5I8N5K,33,0,0.000200,0.000,0.008,22151372,22000,8,623,632,3,43,40,2371239,40143,2250692,12563,0.000000,0.218520,0.228787,3756,0,842.67,2334338,2334172,878,61916,SUCCESS,105252,0,warm20,221952,10365864,155545888,14761984,,,,,12563,15295,live,794.95,794.95,1,20260907-1606
2026-09-07 16:18:31,HAUSP-UB,C8T1S5I8N5K,34,0,0.000200,0.000,0.008,22537156,22381,8,610,619,3,42,40,2330903,40324,2210836,12559,0.000000,0.219333,0.229724,3758,0,810.95,2294067,2293941,837,62067,SUCCESS,104823,0,warm20,97792,10544520,155545888,15013376,,,,,12559,15244,live,795.54,795.54,1,20260907-1606
2026-09-07 16:18:32,HAUSP-UB,C8T1S5I8N5K,35,0,0.000200,0.000,0.008,22909920,22762,8,620,629,3,43,40,2341688,40414,2221234,12660,0.000000,0.222019,0.232317,3731,0,811.54,2304861,2304693,854,62225,SUCCESS,105280,0,warm20,94848,10721192,155545888,15252864,,,,,12660,15174,live,796.11,796.11,1,20260907-1606
2026-09-07 16:18:32,HAUSP-UB,C8T1S5I8N5K,36,0,0.000200,0.000,0.008,23320068,23143,8,622,631,3,43,40,2314985,40715,2194808,12522,0.000000,0.220600,0.230807,3641,0,812.11,2278088,2277940,844,62410,SUCCESS,104788,0,warm20,93696,10905520,155545888,15499264,,,,,12520,15387,live,796.74,796.74,1,20260907-1606
2026-09-07 16:18:33,HAUSP-UB,C8T1S5I8N5K,37,0,0.000200,0.000,0.008,23698370,23524,8,619,628,3,42,39,2300308,40903,2181397,12491,0.000000,0.219310,0.229596,3515,0,812.74,2263355,2263201,813,62569,SUCCESS,103461,0,warm20,93312,11082248,155545888,15758336,,,,,12487,15446,live,797.36,797.36,1,20260907-1606
2026-09-07 16:18:34,HAUSP-UB,C8T1S5I8N5K,38,0,0.000200,0.000,0.008,24100790,23905,8,624,634,3,41,39,2292369,41080,2174497,12535,0.000000,0.217467,0.227800,3291,0,845.36,2255335,2255093,896,62797,SUCCESS,102326,0,warm20,222208,11268248,155545888,16012672,,,,,12534,15545,live,797.43,797.43,1,20260907-1606
2026-09-07 16:18:34,HAUSP-UB,C8T1S5I8N5K,39,0,0.000200,0.000,0.008,24494244,24286,9,619,629,3,41,39,2253566,41284,2136949,12520,0.000000,0.214483,0.224958,3104,0,845.43,2216374,2216199,843,62974,SUCCESS,100937,0,warm20,217984,11458160,155545888,16271360,,,,,12519,15679,live,798.16,798.16,1,20260907-1606
2026-09-07 16:18:35,HAUSP-UB,C8T1S5I8N5K,40,0,0.000200,0.000,0.008,24862589,24667,8,621,630,3,41,39,2235959,41495,2119602,12514,0.000000,0.214408,0.224859,2983,0,814.16,2198808,2198612,862,63177,SUCCESS,100684,0,warm20,90368,11634336,155545888,16525952,,,,,12513,15672,live,798.75,798.75,1,20260907-1606
2026-09-07 16:18:36,HAUSP-UB,C8T1S5I8N5K,41,0,0.000200,0.000,0.008,25264734,25048,8,630,639,3,40,39,2232592,41648,2116343,12545,0.000000,0.214067,0.224497,2906,0,814.75,2195400,2195352,707,63275,SUCCESS,100584,0,warm20,135168,11818840,155545888,16741632,,,,,12543,15663,live,799.33,799.33,1,20260907-1606
2026-09-07 16:18:36,HAUSP-UB,C8T1S5I8N5K,42,0,0.000200,0.000,0.008,25654120,25429,9,631,640,3,41,39,2225041,41796,2108906,12548,0.000000,0.213467,0.223934,2835,0,815.33,2187930,2187762,777,63431,SUCCESS,100499,0,warm20,119296,12004304,155545888,17029248,,,,,12544,15632,live,800.03,800.03,1,20260907-1606
2026-09-07 16:18:37,HAUSP-UB,C8T1S5I8N5K,43,0,0.000200,0.000,0.008,26046150,25810,9,644,653,3,41,38,2272948,41872,2156659,12582,0.000000,0.212566,0.223110,2897,0,816.03,2235844,2235668,797,63605,SUCCESS,100742,0,warm20,121472,12185704,155545888,17303680,,,,,12580,15545,live,800.68,800.68,1,20260907-1606
2026-09-07 16:18:38,HAUSP-UB,C8T1S5I8N5K,44,0,0.000200,0.000,0.008,26432947,26191,8,655,664,3,41,39,2282351,42011,2165525,12643,0.000000,0.213256,0.223705,2697,0,816.68,2245235,2245107,751,63728,SUCCESS,101303,0,warm20,137600,12366504,155545888,17587840,,,,,12642,15522,live,801.33,801.33,1,20260907-1606
2026-09-07 16:18:38,HAUSP-UB,C8T1S5I8N5K,45,0,0.000200,0.000,0.008,26847057,26572,9,661,670,3,41,39,2276549,42143,2159745,12645,0.000000,0.212103,0.222663,2736,0,817.33,2239431,2239263,796,63890,SUCCESS,101271,0,warm20,120320,12559136,155545888,17852288,,,,,12645,15533,live,801.97,801.97,1,20260907-1606
2026-09-07 16:18:39,HAUSP-UB,C8T1S5I8N5K,46,0,0.000200,0.000,0.008,27199889,26953,8,669,678,3,41,39,2327965,42374,2210613,12509,0.000000,0.212747,0.223209,2876,0,817.97,2290839,2290701,772,64016,SUCCESS,101741,0,warm20,126848,12727040,155545888,18105984,,,,,12508,15610,live,802.55,802.55,1,20260907-1606
2026-09-07 16:18:40,HAUSP-UB,C8T1S5I8N5K,47,0,0.000200,0.000,0.008,27579163,27334,8,683,692,3,41,39,2313273,42552,2196201,12422,0.000000,0.212044,0.222432,2901,0,818.55,2276122,2276044,724,64116,SUCCESS,101384,0,warm20,164224,12903296,155545888,18332160,,,,,12421,15687,live,802.60,802.60,1,20260907-1606
2026-09-07 16:18:41,HAUSP-UB,C8T1S5I8N5K,48,0,0.000200,0.000,0.008,27972766,27715,8,694,703,3,42,39,2314916,42713,2197257,12422,0.000000,0.212883,0.223201,2982,0,826.60,2277842,2277739,727,64227,SUCCESS,101987,0,warm20,179968,13086704,155545888,18589952,,,,,12421,15671,live,803.16,803.16,1,20260907-1606
2026-09-07 16:18:41,HAUSP-UB,C8T1S5I8N5K,49,0,0.000200,0.000,0.008,28365723,28096,8,697,706,3,42,39,2346415,42855,2229157,12289,0.000000,0.213413,0.223660,3165,0,819.16,2309361,2309237,740,64339,SUCCESS,101576,0,warm20,180096,13267080,155545888,18852480,,,,,12289,15682,live,803.72,803.72,1,20260907-1606
2026-09-07 16:18:42,HAUSP-UB,C8T1S5I8N5K,50,0,0.000200,0.000,0.008,28747973,28477,8,700,709,3,41,39,2325467,42932,2208731,12298,0.000000,0.212932,0.223195,3190,0,819.72,2288526,2288378,776,64450,SUCCESS,101201,0,warm20,202624,13443056,155545888,19088384,,,,,12297,15534,live,803.79,803.79,1,20260907-1606
2026-09-07 16:18:43,HAUSP-UB,C8T1S5I8N5K,51,0,0.000200,0.000,0.008,29148674,28858,9,715,724,3,41,39,2281457,43118,2164962,12243,0.000000,0.213432,0.223667,3606,0,819.79,2244525,2244431,759,64555,SUCCESS,100894,0,warm20,235520,13626880,155545888,19343104,,,,,12242,15600,live,804.30,804.30,1,20260907-1606
2026-09-07 16:18:44,HAUSP-UB,C8T1S5I8N5K,52,0,0.000200,0.000,0.008,29538239,29239,9,704,714,3,41,38,2228816,43208,2113070,12292,0.000000,0.213133,0.223470,3511,0,820.30,2191830,2191720,764,64675,SUCCESS,100107,0,warm20,217216,13810048,155545888,19603712,,,,,12292,15639,live,804.79,804.79,1,20260907-1606
2026-09-07 16:18:44,HAUSP-UB,C8T1S5I8N5K,53,0,0.000200,0.000,0.008,29906147,29620,8,711,720,3,41,39,2205992,43291,2090151,12296,0.000000,0.212974,0.223325,3391,0,820.79,2169000,2168903,741,64767,SUCCESS,100233,0,warm20,245248,13984888,155545888,19842048,,,,,12296,15608,live,805.26,805.26,1,20260907-1606
2026-09-07 16:18:45,HAUSP-UB,C8T1S5I8N5K,54,0,0.000200,0.000,0.008,30291495,30001,8,704,713,3,40,38,2166475,43343,2051302,12365,0.000000,0.212301,0.222748,3264,0,821.26,2129376,2129282,743,64847,SUCCESS,99498,0,warm20,277504,14163112,155545888,20054272,,,,,12365,15675,live,805.76,805.76,1,20260907-1606
2026-09-07 16:18:46,HAUSP-UB,C8T1S5I8N5K,55,0,0.000200,0.000,0.008,30683235,30382,9,705,714,3,40,38,2159580,43457,2044916,12312,0.000000,0.211595,0.222085,3174,0,821.76,2122482,2122405,740,64932,SUCCESS,98955,0,warm20,295552,14345792,155545888,20302848,,,,,12311,15708,live,806.23,806.23,1,20260907-1606
2026-09-07 16:18:47,HAUSP-UB,C8T1S5I8N5K,56,0,0.000200,0.000,0.008,31050500,30763,8,705,714,3,40,38,2129950,43445,2016117,12393,0.000000,0.211427,0.222059,3135,0,822.23,2092916,2092868,703,64986,SUCCESS,98283,0,warm20,323840,14522416,155545888,20520448,,,,,12390,15547,live,806.68,806.68,1,20260907-1606
2026-09-07 16:18:47,HAUSP-UB,C8T1S5I8N5K,57,0,0.000200,0.000,0.008,31397327,31144,8,700,709,3,40,37,2103397,43545,1990438,12410,0.000000,0.211145,0.221871,3034,0,822.68,2066375,2066278,746,65101,SUCCESS,97375,0,warm20,263424,14690744,155545888,20806656,,,,,12407,15581,live,807.25,807.25,1,20260907-1606
2026-09-07 16:18:48,HAUSP-UB,C8T1S5I8N5K,58,0,0.000200,0.000,0.008,31771532,31525,9,693,702,3,39,37,2070401,43605,1958188,12443,0.000000,0.211496,0.222327,3040,0,823.25,2033336,2033228,739,65215,SUCCESS,96641,0,warm20,243584,14869360,155545888,21111424,,,,,12440,15569,live,807.76,807.76,1,20260907-1606
2026-09-07 16:18:49,HAUSP-UB,C8T1S5I8N5K,59,0,0.000200,0.000,0.008,32144335,31906,8,704,713,3,39,37,2071892,43782,1959553,12411,0.000000,0.211165,0.221901,2918,0,823.76,2034868,2034732,761,65347,SUCCESS,96748,0,warm20,230144,15042672,155545888,21452544,,,,,12411,15591,live,808.34,808.34,1,20260907-1606
2026-09-07 16:18:49,HAUSP-UB,C8T1S5I8N5K,60,0,0.000200,0.000,0.008,32548859,32287,9,718,727,3,40,38,2109462,43917,1996386,12379,0.000000,0.211540,0.222233,3066,0,824.34,2072420,2072286,763,65446,SUCCESS,97464,0,warm20,273664,15228392,155545888,21761152,,,,,12379,15612,live,808.96,808.96,1,20260907-1606
2026-09-07 16:18:50,HAUSP-UB,C8T1S5I8N5K,61,0,0.000200,0.000,0.008,32946105,32668,9,721,730,3,40,38,2082991,44023,1969182,12399,0.000000,0.212110,0.222752,3028,0,824.96,2045928,2045858,734,65531,SUCCESS,98168,0,warm20,344064,15410552,155545888,22046976,,,,,12398,15640,live,809.49,809.49,1,20260907-1606
2026-09-07 16:18:51,HAUSP-UB,C8T1S5I8N5K,62,0,0.000200,0.000,0.008,33335321,33049,9,721,730,3,40,38,2050752,44197,1937266,12381,0.000000,0.212629,0.223201,2938,0,825.49,2013723,2013611,761,65674,SUCCESS,97791,0,warm20,265344,15588880,155545888,22419456,,,,,12381,15695,live,810.06,810.06,1,20260907-1606
2026-09-07 16:18:52,HAUSP-UB,C8T1S5I8N5K,63,0,0.000200,0.000,0.008,33722190,33430,9,727,736,3,39,37,2056041,44261,1942676,12419,0.000000,0.213888,0.224489,2955,0,826.06,2018892,2018751,759,65779,SUCCESS,97628,0,warm20,284032,15770696,155545888,22736896,,,,,12418,15736,live,810.68,810.68,1,20260907-1606
2026-09-07 16:18:53,HAUSP-UB,C8T1S5I8N5K,64,0,0.000200,0.000,0.008,34102757,33811,8,726,735,3,39,37,2022958,44338,1910296,12457,0.000000,0.213898,0.224623,2871,0,826.68,1985866,1985741,779,65908,SUCCESS,97009,0,warm20,287232,15945592,155545888,23085184,,,,,12455,15651,live,811.25,811.25,1,20260907-1606
2026-09-07 16:18:53,HAUSP-UB,C8T1S5I8N5K,65,0,0.000200,0.000,0.008,34480042,34192,8,728,737,3,39,37,2004297,44403,1891737,12536,0.000000,0.213480,0.224156,2789,0,827.25,1967204,1967084,770,66026,SUCCESS,96971,0,warm20,301952,16120688,155545888,23448704,,,,,12535,15588,live,811.85,811.85,1,20260907-1606
2026-09-07 16:18:54,HAUSP-UB,C8T1S5I8N5K,66,0,0.000200,0.000,0.008,34856177,34573,8,727,736,3,39,37,1991138,44545,1879254,12479,0.000000,0.213336,0.224117,2698,0,827.85,1953958,1953831,779,66152,SUCCESS,96184,0,warm20,301568,16294448,155545888,23804160,,,,,12478,15699,live,812.47,812.47,1,20260907-1606
2026-09-07 16:18:55,HAUSP-UB,C8T1S5I8N5K,67,0,0.000200,0.000,0.008,35248911,34954,9,730,740,3,39,37,1986805,44587,1875699,12547,0.000000,0.212368,0.223206,2620,0,828.47,1949675,1949571,757,66264,SUCCESS,95541,0,warm20,328576,16481344,155545888,24186752,,,,,12547,15565,live,813.12,813.12,1,20260907-1606
2026-09-07 16:18:56,HAUSP-UB,C8T1S5I8N5K,68,0,0.000200,0.000,0.008,35625465,35335,8,730,739,3,38,37,1960119,44764,1849369,12463,0.000000,0.212246,0.223025,2554,0,829.12,1923028,1922943,730,66366,SUCCESS,95159,0,warm20,373888,16657608,155545888,24513536,,,,,12463,15591,live,813.67,813.67,1,20260907-1606
2026-09-07 16:18:56,HAUSP-UB,C8T1S5I8N5K,69,0,0.000200,0.000,0.008,36012354,35716,9,727,736,3,38,36,1930359,44781,1820763,12518,0.000000,0.211519,0.222519,2554,0,829.67,1893224,1893154,698,66424,SUCCESS,94046,0,warm20,452096,16835688,155545888,24780416,,,,,12518,15550,live,814.26,814.26,1,20260907-1606
2026-09-07 16:18:57,HAUSP-UB,C8T1S5I8N5K,70,0,0.000200,0.000,0.008,36402179,36097,9,731,741,3,38,36,1975864,44877,1866356,12511,0.000000,0.211474,0.222410,2518,0,830.26,1938746,1938650,736,66504,SUCCESS,93936,0,warm20,467840,17022200,155545888,25042560,,,,,12510,15571,live,814.80,814.80,1,20260907-1606
2026-09-07 16:18:58,HAUSP-UB,C8T1S5I8N5K,71,0,0.000200,0.000,0.008,36796212,36478,9,735,744,3,38,36,1944268,44971,1835008,12535,0.000000,0.212026,0.222974,2562,0,830.80,1907144,1907060,740,66586,SUCCESS,93668,0,warm20,502656,17202968,155545888,25369472,,,,,12534,15591,live,815.53,815.53,1,20260907-1606
2026-09-07 16:18:59,HAUSP-UB,C8T1S5I8N5K,72,0,0.000200,0.000,0.008,37177330,36859,9,733,742,3,38,36,1935304,45091,1826400,12476,0.000000,0.211687,0.222630,2519,0,831.53,1898161,1898069,750,66669,SUCCESS,93247,0,warm20,516352,17383608,155545888,25687424,,,,,12467,15648,live,815.98,815.98,1,20260907-1606
2026-09-07 16:18:59,HAUSP-UB,C8T1S5I8N5K,73,0,0.000200,0.000,0.008,37549228,37240,8,747,756,3,38,36,1951249,45147,1842274,12487,0.000000,0.211191,0.222119,2480,0,831.98,1914104,1914047,724,66711,SUCCESS,93345,0,warm20,628096,17558472,155545888,25915008,,,,,12480,15623,live,816.70,816.70,1,20260907-1606
2026-09-07 16:19:00,HAUSP-UB,C8T1S5I8N5K,74,0,0.000200,0.000,0.008,37929817,37621,9,745,754,3,37,36,1915521,45144,1806531,12530,0.000000,0.210855,0.221896,2451,0,832.70,1878453,1878391,744,66770,SUCCESS,93489,0,warm20,641024,17738584,155545888,26206464,,,,,12530,15501,live,817.31,817.31,1,20260907-1606
2026-09-07 16:19:01,HAUSP-UB,C8T1S5I8N5K,75,0,0.000200,0.000,0.008,38317022,38002,9,761,770,3,38,36,1933664,45217,1824287,12553,0.000000,0.211156,0.222124,2489,0,833.31,1896586,1896514,757,66853,SUCCESS,93850,0,warm20,608000,17918928,155545888,26525312,,,,,12551,15525,live,817.38,817.38,1,20260907-1606
2026-09-07 16:19:02,HAUSP-UB,C8T1S5I8N5K,76,0,0.000200,0.000,0.008,38681308,38383,9,762,772,3,38,36,1943603,45268,1834472,12527,0.000000,0.210600,0.221573,2455,0,833.38,1906506,1906456,724,66900,SUCCESS,93615,0,warm20,665600,18092920,155545888,26769408,,,,,12523,15512,live,817.74,817.74,1,20260907-1606
2026-09-07 16:19:03,HAUSP-UB,C8T1S5I8N5K,77,0,0.000200,0.000,0.008,39054424,38764,9,760,770,3,38,36,1916010,45493,1806996,12390,0.000000,0.210584,0.221565,2481,0,833.74,1878937,1878854,760,67000,SUCCESS,93343,0,warm20,576256,18267208,155545888,27150720,,,,,12385,15666,live,818.54,818.54,1,20260907-1606
2026-09-07 16:19:03,HAUSP-UB,C8T1S5I8N5K,78,0,0.000200,0.000,0.008,39411343,39145,8,766,774,3,37,36,1909490,45462,1800491,12522,0.000000,0.211543,0.222635,2527,0,834.54,1872312,1872260,712,67045,SUCCESS,93356,0,warm20,665344,18437224,155545888,27389824,,,,,12519,15640,live,819.47,819.47,1,20260907-1606
2026-09-07 16:19:04,HAUSP-UB,C8T1S5I8N5K,79,0,0.000200,0.000,0.008,39780981,39526,8,785,794,3,38,36,1935829,45485,1826131,12514,0.000000,0.211343,0.222289,2581,0,835.47,1898674,1898654,687,67071,SUCCESS,94101,0,warm20,727808,18611288,155545888,27565312,,,,,12512,15595,live,819.96,819.96,1,20260907-1606
2026-09-07 16:19:05,HAUSP-UB,C8T1S5I8N5K,80,0,0.000200,0.000,0.008,40169171,39907,9,798,807,3,41,37,1935944,45554,1826380,12516,0.000000,0.211643,0.222577,2552,0,835.96,1898793,1898740,714,67109,SUCCESS,93929,0,warm20,701184,18788752,155545888,27762176,,,,,12515,15634,live,820.52,820.52,1,20260907-1606
2026-09-07 16:19:06,HAUSP-UB,C8T1S5I8N5K,81,0,0.000200,0.000,0.008,40555772,40288,9,791,801,3,39,36,1903014,45671,1793341,12470,0.000000,0.211267,0.222214,2574,0,836.52,1865947,1865860,763,67220,SUCCESS,94043,0,warm20,594688,18972952,155545888,28134784,,,,,12469,15629,live,821.11,821.11,1,20260907-1606
2026-09-07 16:19:07,HAUSP-UB,C8T1S5I8N5K,82,0,0.000200,0.000,0.008,40937437,40669,8,794,803,3,40,36,1903088,45670,1793825,12492,0.000000,0.211200,0.222190,2542,0,837.12,1865902,1865873,681,67255,SUCCESS,93627,0,warm20,711936,19144488,155545888,28320640,,,,,12492,15636,live,821.77,821.77,1,20260907-1606
2026-09-07 16:19:08,HAUSP-UB,C8T1S5I8N5K,83,0,0.000200,0.000,0.008,41314466,41050,9,798,807,3,41,36,1882456,45751,1773018,12474,0.000000,0.211025,0.222031,2516,0,837.77,1845267,1845194,719,67320,SUCCESS,93753,0,warm20,655104,19324552,155545888,28624640,,,,,12474,15685,live,822.48,822.48,1,20260907-1606
2026-09-07 16:19:08,HAUSP-UB,C8T1S5I8N5K,84,0,0.000200,0.000,0.008,41724684,41431,9,798,807,3,38,36,1851419,45802,1742406,12472,0.000000,0.210757,0.221740,2489,0,838.48,1814276,1814199,731,67395,SUCCESS,93388,0,warm20,662528,19514248,155545888,28915584,,,,,12472,15625,live,823.18,823.18,1,20260907-1606
2026-09-07 16:19:09,HAUSP-UB,C8T1S5I8N5K,85,0,0.000200,0.000,0.008,42093147,41812,9,815,824,3,41,36,1874060,45860,1764732,12469,0.000000,0.210801,0.221765,2440,0,839.18,1836766,1836726,696,67434,SUCCESS,93569,0,warm20,748544,19689608,155545888,29133824,,,,,12469,15759,live,823.76,823.76,1,20260907-1606
2026-09-07 16:19:10,HAUSP-UB,C8T1S5I8N5K,86,0,0.000200,0.000,0.008,42494057,42193,9,816,825,3,39,36,1874137,45889,1764509,12525,0.000000,0.210856,0.221841,2493,0,839.76,1836793,1836712,738,67521,SUCCESS,93827,0,warm20,663040,19872936,155545888,29448192,,,,,12523,15799,live,824.42,824.42,1,20260907-1606
2026-09-07 16:19:11,HAUSP-UB,C8T1S5I8N5K,87,0,0.000200,0.000,0.008,42876090,42574,9,818,827,3,39,36,1859842,45944,1750886,12530,0.000000,0.210168,0.221243,2433,0,840.42,1822568,1822508,711,67597,SUCCESS,93258,0,warm20,683776,20052296,155545888,29751808,,,,,12529,15697,live,824.56,824.56,1,20260907-1606
2026-09-07 16:19:12,HAUSP-UB,C8T1S5I8N5K,88,0,0.000200,0.000,0.008,43249167,42955,9,815,824,3,38,36,1847595,45970,1738736,12600,0.000000,0.210380,0.221475,2454,0,840.56,1810372,1810296,711,67682,SUCCESS,93263,0,warm20,640256,20227840,155545888,30078848,,,,,12600,15596,live,825.23,825.23,1,20260907-1606
2026-09-07 16:19:13,HAUSP-UB,C8T1S5I8N5K,89,0,0.000200,0.000,0.008,43639417,43336,9,823,833,3,38,36,1842299,45961,1733907,12637,0.000000,0.209871,0.221014,2455,0,841.23,1805082,1805053,655,67702,SUCCESS,92895,0,warm20,763392,20409200,155545888,30280832,,,,,12636,15496,live,825.82,825.82,1,20260907-1606
2026-09-07 16:19:13,HAUSP-UB,C8T1S5I8N5K,90,0,0.000200,0.000,0.008,44032208,43717,9,821,831,3,37,36,1833259,46068,1725075,12584,0.000000,0.210232,0.221352,2451,0,841.82,1796091,1796043,683,67767,SUCCESS,92649,0,warm20,696064,20593424,155545888,30579840,,,,,12583,15534,live,826.51,826.51,1,20260907-1606
2026-09-07 16:19:14,HAUSP-UB,C8T1S5I8N5K,91,0,0.000200,0.000,0.008,44399967,44098,8,831,840,3,38,36,1833982,46110,1725775,12598,0.000000,0.210198,0.221256,2431,0,842.51,1796879,1796857,640,67788,SUCCESS,92760,0,warm20,760832,20767320,155545888,30780032,,,,,12597,15446,live,827.10,827.10,1,20260907-1606
2026-09-07 16:19:15,HAUSP-UB,C8T1S5I8N5K,92,0,0.000200,0.000,0.008,44779784,44479,8,826,835,3,37,35,1852968,46189,1745384,12544,0.000000,0.209645,0.220793,2415,0,843.10,1815810,1815768,661,67819,SUCCESS,92025,0,warm20,769280,20943960,155545888,30970368,,,,,12544,15559,live,827.65,827.65,1,20260907-1606
2026-09-07 16:19:16,HAUSP-UB,C8T1S5I8N5K,93,0,0.000200,0.000,0.008,45163101,44860,9,828,838,3,37,35,1850814,46282,1743784,12546,0.000000,0.208900,0.220095,2417,0,843.65,1813769,1813653,746,67932,SUCCESS,91522,0,warm20,632320,21125472,155545888,31331328,,,,,12546,15508,live,828.39,828.39,1,20260907-1606
2026-09-07 16:19:17,HAUSP-UB,C8T1S5I8N5K,94,0,0.000200,0.000,0.008,45537311,45241,9,831,840,3,37,35,1859609,46450,1752691,12490,0.000000,0.209324,0.220521,2509,0,844.39,1822578,1822480,731,68026,SUCCESS,91369,0,warm20,680704,21298872,155545888,31643776,,,,,12490,15549,live,828.39,828.23,1,20260907-1606
2026-09-07 16:19:18,HAUSP-UB,C8T1S5I8N5K,95,0,0.000200,0.000,0.008,45914685,45622,9,837,846,3,37,35,1853860,46519,1747617,12452,0.000000,0.209073,0.220344,2472,0,844.23,1816750,1816710,677,68068,SUCCESS,90640,0,warm20,804096,21474952,155545888,31864064,,,,,12452,15603,live,828.79,828.79,1,20260907-1606
2026-09-07 16:19:19,HAUSP-UB,C8T1S5I8N5K,96,0,0.000200,0.000,0.008,46297846,46003,9,856,865,3,37,35,1876799,46605,1769330,12436,0.000000,0.209667,0.220797,2565,0,844.79,1839549,1839482,702,68126,SUCCESS,91681,0,warm20,777216,21655168,155545888,32149504,,,,,12435,15787,live,829.51,829.51,1,20260907-1606
2026-09-07 16:19:20,HAUSP-UB,C8T1S5I8N5K,97,0,0.000200,0.000,0.008,46661169,46384,9,872,881,3,37,35,1906440,46710,1798979,12382,0.000000,0.209211,0.220245,2642,0,845.51,1869207,1869175,676,68169,SUCCESS,91643,0,warm20,835072,21831016,155545888,32407936,,,,,12381,15817,live,829.51,829.31,1,20260907-1606
2026-09-07 16:19:21,HAUSP-UB,C8T1S5I8N5K,98,0,0.000200,0.000,0.008,47042336,46765,9,870,879,3,37,35,1904212,46670,1797074,12464,0.000000,0.209268,0.220384,2654,0,845.31,1866955,1866916,672,68191,SUCCESS,91379,0,warm20,856320,22011424,155545888,32586368,,,,,12463,15758,live,829.88,829.88,1,20260907-1606
2026-09-07 16:19:21,HAUSP-UB,C8T1S5I8N5K,99,0,0.000200,0.000,0.008,47416411,47133,9,876,885,3,37,35,1906734,46615,1799929,12578,0.000000,0.208598,0.219840,2623,0,845.88,1869484,1869423,711,68240,SUCCESS,91130,0,warm20,844288,22186560,155545888,32830080,,,,,12577,15674,live,830.52,830.52,1,20260907-1606
# run_id=20260907-1619 git=45d7065 jvm=26.0.1 heap=24g host=ThaiTMs-MacBook-Pro.local tree=clean cmd=--exp 11 --dataset sign,syn_c8t1s5i8n5k --k 100 --algo EHAUSM-I --repeats 1 --mem-mode live --results-dir results-2026-09/mem --timeout 90 --resume
2026-09-07 16:19:44,EHAUSM-I,SIGN,0,0,0.003000,0.000,0.200,319686,146,12,21015,21028,0,0,0,106349081,0,104965619,0,0.455007,0.000000,0.000000,23387,0,1274.38,0,0,0,0,SUCCESS,0,0,warm20,,,,,,,,,,,live,923.97,923.97,22,20260907-1619
2026-09-07 16:19:49,EHAUSM-I,SIGN,1,0,0.003000,0.000,0.008,334092,152,0,4830,4831,0,0,0,10288822,0,8936539,0,0.435039,0.000000,0.000000,23347,0,2301.07,0,0,0,0,SUCCESS,0,0,warm20,,,,,,,,,,,live,934.80,929.03,5,20260907-1619
2026-09-07 16:19:53,EHAUSM-I,SIGN,2,0,0.003000,0.000,0.008,345121,158,0,3411,3412,0,0,0,5443189,0,4141032,0,0.377264,0.000000,0.000000,23125,0,2279.18,0,0,0,0,SUCCESS,0,0,warm20,,,,,,,,,,,live,929.03,913.45,4,20260907-1619
2026-09-07 16:20:00,EHAUSM-I,SIGN,3,0,0.003000,0.000,0.008,358047,164,0,5508,5508,0,0,0,9573676,0,8288212,0,0.413652,0.000000,0.000000,22486,0,2753.04,0,0,0,0,SUCCESS,0,0,warm20,,,,,,,,,,,live,921.55,911.40,6,20260907-1619
2026-09-07 16:20:03,EHAUSM-I,SIGN,4,0,0.003000,0.000,0.008,369331,170,0,2590,2590,0,0,0,3569403,0,2356131,0,0.384754,0.000000,0.000000,21958,0,2661.11,0,0,0,0,SUCCESS,0,0,warm20,,,,,,,,,,,live,911.40,867.64,3,20260907-1619
2026-09-07 16:20:08,EHAUSM-I,SIGN,5,0,0.003000,0.000,0.008,383289,176,0,5210,5210,0,0,0,8922941,0,7741615,0,0.391145,0.000000,0.000000,21751,0,1623.25,0,0,0,0,SUCCESS,0,0,warm20,,,,,,,,,,,live,869.58,861.40,6,20260907-1619
2026-09-07 16:20:12,EHAUSM-I,SIGN,6,0,0.003000,0.000,0.008,393230,182,0,3317,3318,0,0,0,4240412,0,3105813,0,0.453021,0.000000,0.000000,21796,0,1809.09,0,0,0,0,SUCCESS,0,0,warm20,,,,,,,,,,,live,861.40,833.16,4,20260907-1619
2026-09-07 16:20:16,EHAUSM-I,SIGN,7,0,0.003000,0.000,0.008,408594,188,0,3202,3202,0,0,0,5568099,0,4498255,0,0.415693,0.000000,0.000000,20533,0,1517.37,0,0,0,0,SUCCESS,0,0,warm20,,,,,,,,,,,live,833.16,793.70,4,20260907-1619
2026-09-07 16:20:23,EHAUSM-I,SIGN,8,0,0.003000,0.000,0.008,428453,194,0,5982,5982,0,0,0,12107367,1,11011691,0,0.414736,0.000000,0.000000,20113,0,928.39,0,0,0,0,SUCCESS,0,0,warm20,,,,,,,,,,,live,811.67,811.67,7,20260907-1619
2026-09-07 16:20:30,EHAUSM-I,SIGN,9,0,0.003000,0.000,0.008,446004,200,0,6762,6762,0,0,0,17236631,1,16029097,0,0.457766,0.000000,0.000000,19376,0,2256.88,0,0,0,0,SUCCESS,0,0,warm20,,,,,,,,,,,live,891.47,891.47,7,20260907-1619
2026-09-07 16:20:33,EHAUSM-I,SIGN,10,0,0.003000,0.000,0.008,456476,206,0,2060,2060,0,0,0,2949555,1,1801088,0,0.403057,0.000000,0.000000,18895,0,947.91,0,0,0,0,SUCCESS,0,0,warm20,,,,,,,,,,,live,891.47,853.06,3,20260907-1619
2026-09-07 16:20:34,EHAUSM-I,SIGN,11,0,0.003000,0.000,0.008,466138,212,0,1592,1592,0,0,0,2560673,1,1464958,0,0.362251,0.000000,0.000000,18242,0,2548.57,0,0,0,0,SUCCESS,0,0,warm20,,,,,,,,,,,live,853.06,827.89,2,20260907-1619
2026-09-07 16:20:41,EHAUSM-I,SIGN,12,0,0.003000,0.000,0.008,480433,218,0,5506,5507,0,0,0,8161881,1,7088650,0,0.440303,0.000000,0.000000,18295,0,2376.29,0,0,0,0,SUCCESS,0,0,warm20,,,,,,,,,,,live,834.71,819.79,6,20260907-1619
2026-09-07 16:20:48,EHAUSM-I,SIGN,13,0,0.003000,0.000,0.008,496413,224,0,6660,6660,0,0,0,9894296,2,8823550,0,0.441975,0.000000,0.000000,19145,0,1227.15,0,0,0,0,SUCCESS,0,0,warm20,,,,,,,,,,,live,834.90,829.51,7,20260907-1619
2026-09-07 16:20:52,EHAUSM-I,SIGN,14,0,0.003000,0.000,0.008,507190,230,0,3451,3452,0,0,0,4360329,2,3317451,0,0.403596,0.000000,0.000000,18586,0,2050.72,0,0,0,0,SUCCESS,0,0,warm20,,,,,,,,,,,live,829.51,815.05,4,20260907-1619
2026-09-07 16:21:01,EHAUSM-I,SIGN,15,0,0.003000,0.000,0.008,518654,236,0,8113,8113,0,0,0,11521523,2,10454205,0,0.433380,0.000000,0.000000,19660,0,1159.59,0,0,0,0,SUCCESS,0,0,warm20,,,,,,,,,,,live,842.65,842.65,9,20260907-1619
2026-09-07 16:21:11,EHAUSM-I,SIGN,16,0,0.003000,0.000,0.008,536314,242,0,9358,9358,0,0,0,13875828,2,12775844,0,0.410167,0.000000,0.000000,20004,0,2050.26,0,0,0,0,SUCCESS,0,0,warm20,,,,,,,,,,,live,880.28,880.28,10,20260907-1619
2026-09-07 16:21:13,EHAUSM-I,SIGN,17,0,0.003000,0.000,0.008,544548,248,0,1795,1795,0,0,0,2486702,2,1421976,0,0.378039,0.000000,0.000000,19532,0,1260.08,0,0,0,0,SUCCESS,0,0,warm20,,,,,,,,,,,live,880.28,856.94,2,20260907-1619
2026-09-07 16:21:18,EHAUSM-I,SIGN,18,0,0.003000,0.000,0.008,556990,254,0,4373,4374,0,0,0,4978911,2,3945685,0,0.387466,0.000000,0.000000,18960,0,1877.07,0,0,0,0,SUCCESS,0,0,warm20,,,,,,,,,,,live,856.94,841.04,5,20260907-1619
2026-09-07 16:21:25,EHAUSM-I,SIGN,19,0,0.003000,0.000,0.008,569490,260,0,6111,6111,0,0,0,6193410,2,5169635,0,0.379130,0.000000,0.000000,18933,0,1074.84,0,0,0,0,SUCCESS,0,0,warm20,,,,,,,,,,,live,846.43,837.70,7,20260907-1619
2026-09-07 16:21:33,EHAUSM-I,SIGN,20,0,0.003000,0.000,0.008,587283,266,0,6987,6987,0,0,0,11526897,2,10466313,0,0.354344,0.000000,0.000000,18422,0,873.97,0,0,0,0,SUCCESS,0,0,warm20,,,,,,,,,,,live,866.55,866.55,8,20260907-1619
2026-09-07 16:21:39,EHAUSM-I,SIGN,21,0,0.003000,0.000,0.008,601918,272,0,5463,5463,0,0,0,6070721,1,5025904,0,0.386103,0.000000,0.000000,18161,0,2172.01,0,0,0,0,SUCCESS,0,0,warm20,,,,,,,,,,,live,870.41,865.52,6,20260907-1619
2026-09-07 16:21:46,EHAUSM-I,SIGN,22,0,0.003000,0.000,0.008,613134,278,0,6224,6224,0,0,0,5767452,1,4737696,0,0.413097,0.000000,0.000000,18187,0,1406.84,0,0,0,0,SUCCESS,0,0,warm20,,,,,,,,,,,live,865.52,857.87,7,20260907-1619
2026-09-07 16:21:48,EHAUSM-I,SIGN,23,0,0.003000,0.000,0.008,625156,284,0,1618,1619,0,0,0,1845814,2,862359,0,0.310437,0.000000,0.000000,17486,0,2486.82,0,0,0,0,SUCCESS,0,0,warm20,,,,,,,,,,,live,857.87,824.77,2,20260907-1619
2026-09-07 16:21:51,EHAUSM-I,SIGN,24,0,0.003000,0.000,0.008,639272,290,0,3090,3090,0,0,0,3636397,2,2689447,0,0.369529,0.000000,0.000000,17307,0,1004.31,0,0,0,0,SUCCESS,0,0,warm20,,,,,,,,,,,live,825.05,796.61,4,20260907-1619
2026-09-07 16:21:58,EHAUSM-I,SIGN,25,0,0.003000,0.000,0.008,650468,296,0,5606,5606,0,0,0,5171306,3,4238241,0,0.390664,0.000000,0.000000,17338,0,2404.83,0,0,0,0,SUCCESS,0,0,warm20,,,,,,,,,,,live,800.26,796.04,6,20260907-1619
2026-09-07 16:22:02,EHAUSM-I,SIGN,26,0,0.003000,0.000,0.008,661807,302,0,4362,4363,0,0,0,4170307,5,3248276,0,0.362434,0.000000,0.000000,16997,0,1695.12,0,0,0,0,SUCCESS,0,0,warm20,,,,,,,,,,,live,796.55,792.43,5,20260907-1619
2026-09-07 16:22:05,EHAUSM-I,SIGN,27,0,0.003000,0.000,0.008,671849,308,0,2070,2070,0,0,0,2100289,6,1205130,0,0.340752,0.000000,0.000000,16446,0,867.62,0,0,0,0,SUCCESS,0,0,warm20,,,,,,,,,,,live,792.43,773.03,3,20260907-1619
2026-09-07 16:22:10,EHAUSM-I,SIGN,28,0,0.003000,0.000,0.008,682126,314,0,4699,4699,0,0,0,3927330,6,3046100,0,0.412920,0.000000,0.000000,16420,0,883.21,0,0,0,0,SUCCESS,0,0,warm20,,,,,,,,,,,live,773.03,765.53,5,20260907-1619
2026-09-07 16:22:18,EHAUSM-I,SIGN,29,0,0.003000,0.000,0.008,695776,320,0,7705,7705,0,0,0,8917924,6,8023690,0,0.413240,0.000000,0.000000,16853,0,1077.05,0,0,0,0,SUCCESS,0,0,warm20,,,,,,,,,,,live,781.75,781.73,8,20260907-1619
2026-09-07 16:22:23,EHAUSM-I,SIGN,30,0,0.003000,0.000,0.008,707653,326,0,3996,3996,0,0,0,3547772,6,2672099,0,0.372790,0.000000,0.000000,16464,0,781.74,0,0,0,0,SUCCESS,0,0,warm20,,,,,,,,,,,live,781.73,772.79,5,20260907-1619
2026-09-07 16:22:25,EHAUSM-I,SIGN,31,0,0.003000,0.000,0.008,720279,332,0,2126,2127,0,0,0,2472630,6,1624330,0,0.344999,0.000000,0.000000,15898,0,1025.17,0,0,0,0,SUCCESS,0,0,warm20,,,,,,,,,,,live,772.79,752.94,3,20260907-1619
2026-09-07 16:22:31,EHAUSM-I,SIGN,32,0,0.003000,0.000,0.008,730705,338,0,5282,5282,0,0,0,3679603,6,2845020,0,0.383583,0.000000,0.000000,15828,0,1387.26,0,0,0,0,SUCCESS,0,0,warm20,,,,,,,,,,,live,752.94,751.89,6,20260907-1619
2026-09-07 16:22:38,EHAUSM-I,SIGN,33,0,0.003000,0.000,0.008,744420,344,0,6210,6211,0,0,0,5401415,8,4577867,0,0.456428,0.000000,0.000000,16554,0,1254.97,0,0,0,0,SUCCESS,0,0,warm20,,,,,,,,,,,live,751.89,746.64,7,20260907-1619
2026-09-07 16:22:46,EHAUSM-I,SIGN,34,0,0.003000,0.000,0.008,756980,350,0,7465,7465,0,0,0,6252693,8,5431078,0,0.405462,0.000000,0.000000,16743,0,1895.50,0,0,0,0,SUCCESS,0,0,warm20,,,,,,,,,,,live,753.11,752.08,8,20260907-1619
2026-09-07 16:22:51,EHAUSM-I,SIGN,35,0,0.003000,0.000,0.008,768219,356,0,4679,4679,0,0,0,3587094,8,2780917,0,0.404282,0.000000,0.000000,16721,0,2299.70,0,0,0,0,SUCCESS,0,0,warm20,,,,,,,,,,,live,752.08,745.76,5,20260907-1619
2026-09-07 16:22:57,EHAUSM-I,SIGN,36,0,0.003000,0.000,0.008,777786,362,0,5411,5411,0,0,0,3690865,10,2893055,0,0.421007,0.000000,0.000000,16692,0,1597.30,0,0,0,0,SUCCESS,0,0,warm20,,,,,,,,,,,live,749.84,744.83,6,20260907-1619
2026-09-07 16:23:05,EHAUSM-I,SIGN,37,0,0.003000,0.000,0.008,790994,368,0,7607,7608,0,0,0,6756965,10,5955887,0,0.416154,0.000000,0.000000,16986,0,2317.22,0,0,0,0,SUCCESS,0,0,warm20,,,,,,,,,,,live,754.46,750.82,8,20260907-1619
2026-09-07 16:23:11,EHAUSM-I,SIGN,38,0,0.003000,0.000,0.008,803248,374,0,5002,5003,0,0,0,3565935,9,2777969,0,0.408027,0.000000,0.000000,16821,0,751.67,0,0,0,0,SUCCESS,0,0,warm20,,,,,,,,,,,live,751.68,741.76,6,20260907-1619
2026-09-07 16:23:17,EHAUSM-I,SIGN,39,0,0.003000,0.000,0.008,817420,380,0,5616,5617,0,0,0,4331129,9,3552919,0,0.409584,0.000000,0.000000,16757,0,2153.83,0,0,0,0,SUCCESS,0,0,warm20,,,,,,,,,,,live,745.53,741.48,6,20260907-1619
2026-09-07 16:23:24,EHAUSM-I,SIGN,40,0,0.003000,0.000,0.008,828605,386,0,6035,6035,0,0,0,4090810,10,3315675,0,0.395392,0.000000,0.000000,16796,0,798.47,0,0,0,0,SUCCESS,0,0,warm20,,,,,,,,,,,live,747.13,741.60,7,20260907-1619
2026-09-07 16:23:31,EHAUSM-I,SIGN,41,0,0.003000,0.000,0.008,840915,392,0,6650,6650,0,0,0,4938308,10,4169592,0,0.405874,0.000000,0.000000,16767,0,2267.65,0,0,0,0,SUCCESS,0,0,warm20,,,,,,,,,,,live,746.45,743.85,7,20260907-1619
2026-09-07 16:23:38,EHAUSM-I,SIGN,42,0,0.003000,0.000,0.008,851890,398,0,6333,6333,0,0,0,4071843,10,3308202,0,0.418596,0.000000,0.000000,17093,0,1437.46,0,0,0,0,SUCCESS,0,0,warm20,,,,,,,,,,,live,745.69,744.61,7,20260907-1619
2026-09-07 16:23:45,EHAUSM-I,SIGN,43,0,0.003000,0.000,0.008,867106,404,0,6387,6387,0,0,0,5170234,9,4411323,0,0.395902,0.000000,0.000000,16906,0,1638.61,0,0,0,0,SUCCESS,0,0,warm20,,,,,,,,,,,live,745.88,744.26,7,20260907-1619
2026-09-07 16:23:51,EHAUSM-I,SIGN,44,0,0.003000,0.000,0.008,884460,410,0,5253,5253,0,0,0,4628915,12,3876980,0,0.383507,0.000000,0.000000,16490,0,1316.60,0,0,0,0,SUCCESS,0,0,warm20,,,,,,,,,,,live,747.96,739.67,6,20260907-1619
2026-09-07 16:23:55,EHAUSM-I,SIGN,45,0,0.003000,0.000,0.008,901027,416,0,3605,3605,0,0,0,3269866,13,2535986,0,0.348284,0.000000,0.000000,15893,0,2028.00,0,0,0,0,SUCCESS,0,0,warm20,,,,,,,,,,,live,739.67,731.90,4,20260907-1619
2026-09-07 16:24:00,EHAUSM-I,SIGN,46,0,0.003000,0.000,0.008,916886,422,0,4438,4438,0,0,0,4297782,13,3574823,0,0.395263,0.000000,0.000000,15488,0,1717.26,0,0,0,0,SUCCESS,0,0,warm20,,,,,,,,,,,live,731.90,722.79,5,20260907-1619
2026-09-07 16:24:03,EHAUSM-I,SIGN,47,0,0.003000,0.000,0.008,933116,428,0,3493,3493,0,0,0,2952826,12,2243760,0,0.368645,0.000000,0.000000,15117,0,1768.66,0,0,0,0,SUCCESS,0,0,warm20,,,,,,,,,,,live,722.79,712.85,4,20260907-1619
2026-09-07 16:24:07,EHAUSM-I,SIGN,48,0,0.003000,0.000,0.008,947537,434,0,3662,3662,0,0,0,3105594,12,2408192,0,0.375614,0.000000,0.000000,14733,0,2148.33,0,0,0,0,SUCCESS,0,0,warm20,,,,,,,,,,,live,712.85,703.98,4,20260907-1619
2026-09-07 16:24:11,EHAUSM-I,SIGN,49,0,0.003000,0.000,0.008,957204,440,0,2964,2964,0,0,0,1688257,12,1003505,0,0.357825,0.000000,0.000000,14599,0,1045.92,0,0,0,0,SUCCESS,0,0,warm20,,,,,,,,,,,live,703.98,694.61,3,20260907-1619
2026-09-07 16:24:15,EHAUSM-I,SIGN,50,0,0.003000,0.000,0.008,967022,446,0,3708,3708,0,0,0,2330194,11,1652784,0,0.390908,0.000000,0.000000,14609,0,2070.13,0,0,0,0,SUCCESS,0,0,warm20,,,,,,,,,,,live,696.21,696.21,4,20260907-1619
2026-09-07 16:24:21,EHAUSM-I,SIGN,51,0,0.003000,0.000,0.008,979636,452,0,5927,5927,0,0,0,3988063,11,3308579,0,0.390625,0.000000,0.000000,14554,0,1145.64,0,0,0,0,SUCCESS,0,0,warm20,,,,,,,,,,,live,698.79,698.79,6,20260907-1619
2026-09-07 16:24:25,EHAUSM-I,SIGN,52,0,0.003000,0.000,0.008,990505,458,0,3722,3723,0,0,0,2097785,11,1428630,0,0.371789,0.000000,0.000000,14363,0,2014.93,0,0,0,0,SUCCESS,0,0,warm20,,,,,,,,,,,live,698.79,695.32,4,20260907-1619
2026-09-07 16:24:27,EHAUSM-I,SIGN,53,0,0.003000,0.000,0.008,1001386,464,0,1550,1550,0,0,0,1177616,11,523640,0,0.327033,0.000000,0.000000,14056,0,1775.25,0,0,0,0,SUCCESS,0,0,warm20,,,,,,,,,,,live,695.32,682.46,2,20260907-1619
2026-09-07 16:24:34,EHAUSM-I,SIGN,54,0,0.003000,0.000,0.008,1016244,470,0,6447,6448,0,0,0,4283695,11,3633493,0,0.420723,0.000000,0.000000,13905,0,1637.67,0,0,0,0,SUCCESS,0,0,warm20,,,,,,,,,,,live,682.46,680.00,7,20260907-1619
2026-09-07 16:24:39,EHAUSM-I,SIGN,55,0,0.003000,0.000,0.008,1027129,476,0,4675,4676,0,0,0,2472198,13,1827686,0,0.386123,0.000000,0.000000,13871,0,1976.67,0,0,0,0,SUCCESS,0,0,warm20,,,,,,,,,,,live,680.67,677.91,5,20260907-1619
2026-09-07 16:24:44,EHAUSM-I,SIGN,56,0,0.003000,0.000,0.008,1047408,482,0,4962,4962,0,0,0,4266067,12,3628390,0,0.372336,0.000000,0.000000,13478,0,1261.57,0,0,0,0,SUCCESS,0,0,warm20,,,,,,,,,,,live,678.39,668.71,5,20260907-1619
2026-09-07 16:24:50,EHAUSM-I,SIGN,57,0,0.003000,0.000,0.008,1060421,488,0,5552,5553,0,0,0,2834726,12,2203775,0,0.390365,0.000000,0.000000,13277,0,1741.43,0,0,0,0,SUCCESS,0,0,warm20,,,,,,,,,,,live,674.28,670.08,6,20260907-1619
2026-09-07 16:24:56,EHAUSM-I,SIGN,58,0,0.003000,0.000,0.008,1079371,494,0,5073,5073,0,0,0,3773211,12,3149524,0,0.416606,0.000000,0.000000,13241,0,769.34,0,0,0,0,SUCCESS,0,0,warm20,,,,,,,,,,,live,671.32,666.58,6,20260907-1619
2026-09-07 16:25:00,EHAUSM-I,SIGN,59,0,0.003000,0.000,0.008,1096747,500,0,4179,4180,0,0,0,3301755,13,2680853,0,0.384372,0.000000,0.000000,13167,0,1026.21,0,0,0,0,SUCCESS,0,0,warm20,,,,,,,,,,,live,668.86,666.42,5,20260907-1619
2026-09-07 16:25:05,EHAUSM-I,SIGN,60,0,0.003000,0.000,0.008,1110602,506,0,4529,4529,0,0,0,2726829,15,2113477,0,0.379886,0.000000,0.000000,13007,0,1684.68,0,0,0,0,SUCCESS,0,0,warm20,,,,,,,,,,,live,666.42,659.36,5,20260907-1619
2026-09-07 16:25:10,EHAUSM-I,SIGN,61,0,0.003000,0.000,0.008,1124744,512,0,4184,4185,0,0,0,2784971,17,2179791,0,0.400047,0.000000,0.000000,12882,0,998.03,0,0,0,0,SUCCESS,0,0,warm20,,,,,,,,,,,live,659.95,654.61,5,20260907-1619
2026-09-07 16:25:15,EHAUSM-I,SIGN,62,0,0.003000,0.000,0.008,1139446,518,0,4948,4949,0,0,0,3975996,16,3374197,0,0.413489,0.000000,0.000000,12846,0,1200.47,0,0,0,0,SUCCESS,0,0,warm20,,,,,,,,,,,live,659.49,652.20,5,20260907-1619
2026-09-07 16:25:22,EHAUSM-I,SIGN,63,0,0.003000,0.000,0.008,1156811,524,0,6499,6499,0,0,0,4378528,14,3783839,0,0.420085,0.000000,0.000000,12821,0,1652.92,0,0,0,0,SUCCESS,0,0,warm20,,,,,,,,,,,live,655.35,652.01,7,20260907-1619
2026-09-07 16:25:27,EHAUSM-I,SIGN,64,0,0.003000,0.000,0.008,1169601,530,0,4695,4695,0,0,0,3138449,15,2548773,0,0.412193,0.000000,0.000000,12622,0,1988.46,0,0,0,0,SUCCESS,0,0,warm20,,,,,,,,,,,live,654.78,648.12,5,20260907-1619
2026-09-07 16:25:33,EHAUSM-I,SIGN,65,0,0.003000,0.000,0.008,1183474,536,0,4818,4818,0,0,0,2783707,15,2199814,0,0.380521,0.000000,0.000000,12433,0,907.11,0,0,0,0,SUCCESS,0,0,warm20,,,,,,,,,,,live,650.37,647.18,5,20260907-1619
2026-09-07 16:25:36,EHAUSM-I,SIGN,66,0,0.003000,0.000,0.008,1194955,542,0,3114,3115,0,0,0,2092097,15,1515400,0,0.382346,0.000000,0.000000,12294,0,810.11,0,0,0,0,SUCCESS,0,0,warm20,,,,,,,,,,,live,647.18,642.73,4,20260907-1619
2026-09-07 16:25:40,EHAUSM-I,SIGN,67,0,0.003000,0.000,0.008,1209554,548,0,3569,3570,0,0,0,2316533,14,1748007,0,0.360568,0.000000,0.000000,12041,0,1741.40,0,0,0,0,SUCCESS,0,0,warm20,,,,,,,,,,,live,642.73,638.23,4,20260907-1619
2026-09-07 16:25:46,EHAUSM-I,SIGN,68,0,0.003000,0.000,0.008,1225092,554,0,5778,5779,0,0,0,3739021,14,3169933,0,0.395518,0.000000,0.000000,12117,0,878.32,0,0,0,0,SUCCESS,0,0,warm20,,,,,,,,,,,live,641.98,641.98,6,20260907-1619
2026-09-07 16:25:54,EHAUSM-I,SIGN,69,0,0.003000,0.000,0.008,1246726,560,0,7528,7529,0,0,0,7871675,14,7284877,0,0.397207,0.000000,0.000000,12158,0,1865.04,0,0,0,0,SUCCESS,0,0,warm20,,,,,,,,,,,live,661.25,661.25,8,20260907-1619
2026-09-07 16:26:02,EHAUSM-I,SIGN,70,0,0.003000,0.000,0.008,1265597,566,0,7642,7642,0,0,0,5457412,14,4862415,0,0.393662,0.000000,0.000000,12584,0,2035.60,0,0,0,0,SUCCESS,0,0,warm20,,,,,,,,,,,live,670.45,670.45,8,20260907-1619
2026-09-07 16:26:10,EHAUSM-I,SIGN,71,0,0.003000,0.000,0.008,1283052,572,0,7187,7188,0,0,0,4170814,14,3574499,0,0.411081,0.000000,0.000000,12659,0,1013.48,0,0,0,0,SUCCESS,0,0,warm20,,,,,,,,,,,live,677.80,677.80,8,20260907-1619
2026-09-07 16:26:19,EHAUSM-I,SIGN,72,0,0.003000,0.000,0.008,1300784,578,0,8367,8368,0,0,0,6139510,14,5530855,0,0.377803,0.000000,0.000000,12940,0,1451.64,0,0,0,0,SUCCESS,0,0,warm20,,,,,,,,,,,live,695.56,695.56,9,20260907-1619
2026-09-07 16:26:27,EHAUSM-I,SIGN,73,0,0.003000,0.000,0.008,1316615,584,0,7627,7627,0,0,0,5526199,14,4914031,0,0.391536,0.000000,0.000000,12887,0,2004.02,0,0,0,0,SUCCESS,0,0,warm20,,,,,,,,,,,live,703.36,700.31,8,20260907-1619
2026-09-07 16:26:32,EHAUSM-I,SIGN,74,0,0.003000,0.000,0.008,1330102,590,0,3784,3784,0,0,0,2538255,14,1933294,0,0.364843,0.000000,0.000000,12801,0,819.43,0,0,0,0,SUCCESS,0,0,warm20,,,,,,,,,,,live,700.31,694.50,4,20260907-1619
2026-09-07 16:26:35,EHAUSM-I,SIGN,75,0,0.003000,0.000,0.008,1342143,596,0,3308,3308,0,0,0,2006426,15,1409183,0,0.355933,0.000000,0.000000,12641,0,1276.88,0,0,0,0,SUCCESS,0,0,warm20,,,,,,,,,,,live,696.17,691.46,4,20260907-1619
2026-09-07 16:26:38,EHAUSM-I,SIGN,76,0,0.003000,0.000,0.008,1352225,602,0,2895,2895,0,0,0,1408402,15,818945,0,0.308720,0.000000,0.000000,12469,0,941.39,0,0,0,0,SUCCESS,0,0,warm20,,,,,,,,,,,live,691.46,684.94,3,20260907-1619
2026-09-07 16:26:47,EHAUSM-I,SIGN,77,0,0.003000,0.000,0.008,1364919,608,0,8079,8080,0,0,0,3824402,15,3235311,0,0.378348,0.000000,0.000000,12515,0,805.44,0,0,0,0,SUCCESS,0,0,warm20,,,,,,,,,,,live,689.66,687.67,9,20260907-1619
2026-09-07 16:26:53,EHAUSM-I,SIGN,78,0,0.003000,0.000,0.008,1378844,614,0,5112,5113,0,0,0,3486788,15,2900026,0,0.397689,0.000000,0.000000,12541,0,894.24,0,0,0,0,SUCCESS,0,0,warm20,,,,,,,,,,,live,690.50,688.17,6,20260907-1619
2026-09-07 16:26:56,EHAUSM-I,SIGN,79,0,0.003000,0.000,0.008,1390075,620,0,3027,3027,0,0,0,1813605,15,1234164,0,0.353476,0.000000,0.000000,12364,0,703.17,0,0,0,0,SUCCESS,0,0,warm20,,,,,,,,,,,live,688.17,678.69,4,20260907-1619
2026-09-07 16:27:00,EHAUSM-I,SIGN,80,0,0.003000,0.000,0.008,1404925,626,0,3855,3855,0,0,0,3072004,15,2497863,0,0.373804,0.000000,0.000000,12159,0,903.91,0,0,0,0,SUCCESS,0,0,warm20,,,,,,,,,,,live,685.31,680.35,4,20260907-1619
2026-09-07 16:27:07,EHAUSM-I,SIGN,81,0,0.003000,0.000,0.008,1419540,632,0,6262,6262,0,0,0,3187333,15,2615072,0,0.387666,0.000000,0.000000,12230,0,1153.17,0,0,0,0,SUCCESS,0,0,warm20,,,,,,,,,,,live,681.61,681.61,7,20260907-1619
2026-09-07 16:27:15,EHAUSM-I,SIGN,82,0,0.003000,0.000,0.008,1430972,638,0,7359,7359,0,0,0,3533426,15,2959645,0,0.369666,0.000000,0.000000,12165,0,1325.38,0,0,0,0,SUCCESS,0,0,warm20,,,,,,,,,,,live,688.89,688.89,8,20260907-1619
2026-09-07 16:27:23,EHAUSM-I,SIGN,83,0,0.003000,0.000,0.008,1446547,644,0,7356,7356,0,0,0,3679073,15,3107365,0,0.368358,0.000000,0.000000,12128,0,1358.43,0,0,0,0,SUCCESS,0,0,warm20,,,,,,,,,,,live,689.35,686.95,8,20260907-1619
2026-09-07 16:27:32,EHAUSM-I,SIGN,84,0,0.003000,0.000,0.008,1466019,650,0,8196,8197,0,0,0,5742603,16,5166264,0,0.362767,0.000000,0.000000,12206,0,1071.34,0,0,0,0,SUCCESS,0,0,warm20,,,,,,,,,,,live,696.73,696.73,9,20260907-1619
2026-09-07 16:27:36,EHAUSM-I,SIGN,85,0,0.003000,0.000,0.008,1477721,656,0,3541,3541,0,0,0,2328380,16,1757855,0,0.372567,0.000000,0.000000,12122,0,1725.74,0,0,0,0,SUCCESS,0,0,warm20,,,,,,,,,,,live,696.73,693.79,4,20260907-1619
2026-09-07 16:27:40,EHAUSM-I,SIGN,86,0,0.003000,0.000,0.008,1489446,662,0,4255,4256,0,0,0,2753953,16,2187771,0,0.386047,0.000000,0.000000,12092,0,1181.52,0,0,0,0,SUCCESS,0,0,warm20,,,,,,,,,,,live,695.35,695.35,5,20260907-1619
2026-09-07 16:27:49,EHAUSM-I,SIGN,87,0,0.003000,0.000,0.008,1504545,668,0,7754,7755,0,0,0,5286351,16,4717665,0,0.395645,0.000000,0.000000,12261,0,2084.42,0,0,0,0,SUCCESS,0,0,warm20,,,,,,,,,,,live,697.63,697.63,8,20260907-1619
2026-09-07 16:27:58,EHAUSM-I,SIGN,88,0,0.003000,0.000,0.008,1520720,674,0,8577,8578,0,0,0,5266965,17,4694715,0,0.401806,0.000000,0.000000,12357,0,1806.05,0,0,0,0,SUCCESS,0,0,warm20,,,,,,,,,,,live,705.61,701.61,9,20260907-1619
2026-09-07 16:28:06,EHAUSM-I,SIGN,89,0,0.003000,0.000,0.008,1534926,680,0,7429,7430,0,0,0,3940487,17,3369620,0,0.389240,0.000000,0.000000,12454,0,1499.36,0,0,0,0,SUCCESS,0,0,warm20,,,,,,,,,,,live,709.35,707.09,8,20260907-1619
2026-09-07 16:28:16,EHAUSM-I,SIGN,90,0,0.003000,0.000,0.008,1553182,686,0,9425,9425,0,0,0,6289826,17,5711617,0,0.400723,0.000000,0.000000,12724,0,1571.45,0,0,0,0,SUCCESS,0,0,warm20,,,,,,,,,,,live,720.93,720.93,10,20260907-1619
2026-09-07 16:28:26,EHAUSM-I,SIGN,91,0,0.003000,0.000,0.008,1569089,692,0,9531,9532,0,0,0,5864758,17,5281613,0,0.395726,0.000000,0.000000,12856,0,1768.33,0,0,0,0,SUCCESS,0,0,warm20,,,,,,,,,,,live,729.70,729.70,10,20260907-1619
2026-09-07 16:28:38,EHAUSM-I,SIGN,92,0,0.003000,0.000,0.008,1586819,698,0,10745,10745,0,0,0,6927324,18,6337755,0,0.410029,0.000000,0.000000,12860,0,2259.14,0,0,0,0,SUCCESS,0,0,warm20,,,,,,,,,,,live,739.14,738.34,11,20260907-1619
2026-09-07 16:28:49,EHAUSM-I,SIGN,93,0,0.003000,0.000,0.008,1606504,704,0,10219,10219,0,0,0,7595912,18,6995222,0,0.372524,0.000000,0.000000,12872,0,1169.38,0,0,0,0,SUCCESS,0,0,warm20,,,,,,,,,,,live,756.55,756.55,11,20260907-1619
2026-09-07 16:28:56,EHAUSM-I,SIGN,94,0,0.003000,0.000,0.008,1616945,710,0,6906,6907,0,0,0,2869002,18,2269324,0,0.390843,0.000000,0.000000,12890,0,2132.03,0,0,0,0,SUCCESS,0,0,warm20,,,,,,,,,,,live,759.23,759.23,7,20260907-1619
2026-09-07 16:29:04,EHAUSM-I,SIGN,95,0,0.003000,0.000,0.008,1631610,716,0,7297,7297,0,0,0,4383974,18,3782574,0,0.352245,0.000000,0.000000,12886,0,1200.71,0,0,0,0,SUCCESS,0,0,warm20,,,,,,,,,,,live,766.68,766.68,8,20260907-1619
2026-09-07 16:29:13,EHAUSM-I,SIGN,96,0,0.003000,0.000,0.008,1649145,722,0,8309,8310,0,0,0,4722811,18,4122500,0,0.397764,0.000000,0.000000,12904,0,1243.99,0,0,0,0,SUCCESS,0,0,warm20,,,,,,,,,,,live,768.83,763.17,9,20260907-1619
2026-09-07 16:29:19,EHAUSM-I,SIGN,97,0,0.003000,0.000,0.008,1663324,728,0,5285,5285,0,0,0,3249597,18,2653184,0,0.369632,0.000000,0.000000,12728,0,1240.77,0,0,0,0,SUCCESS,0,0,warm20,,,,,,,,,,,live,770.48,762.23,6,20260907-1619
2026-09-07 16:29:21,EHAUSM-I,SIGN,98,0,0.003000,0.000,0.008,1668652,730,0,1670,1671,0,0,0,1000548,18,406661,0,0.280130,0.000000,0.000000,12666,0,1973.82,0,0,0,0,SUCCESS,0,0,warm20,,,,,,,,,,,live,765.82,760.55,2,20260907-1619
2026-09-07 16:29:21,EHAUSM-I,SIGN,99,0,0.003000,0.000,0.008,1668652,730,0,99,99,0,0,0,593898,18,11,0,0.217673,0.000000,0.000000,12666,0,1208.55,0,0,0,0,SUCCESS,0,0,warm20,,,,,,,,,,,live,760.58,760.58,1,20260907-1619
2026-09-07 16:29:23,EHAUSM-I,C8T1S5I8N5K,0,0,0.000200,0.000,0.200,9488535,9427,66,879,945,0,0,0,4135735,15680,3992648,0,0.468087,0.000000,0.000000,6075,0,1038.45,0,0,0,0,SUCCESS,0,0,warm20,,,,,,,,,,,live,249.35,249.35,1,20260907-1619
2026-09-07 16:29:23,EHAUSM-I,C8T1S5I8N5K,1,0,0.000200,0.000,0.008,9860531,9808,11,254,266,0,0,0,914526,16148,770549,0,0.456264,0.000000,0.000000,5885,0,826.86,0,0,0,0,SUCCESS,0,0,warm20,,,,,,,,,,,live,253.78,253.78,1,20260907-1619
2026-09-07 16:29:23,EHAUSM-I,C8T1S5I8N5K,2,0,0.000200,0.000,0.008,10237847,10189,4,206,210,0,0,0,505379,16704,368120,0,0.422108,0.000000,0.000000,6216,0,437.78,0,0,0,0,SUCCESS,0,0,warm20,,,,,,,,,,,live,253.78,249.86,1,20260907-1619
2026-09-07 16:29:24,EHAUSM-I,C8T1S5I8N5K,3,0,0.000200,0.000,0.008,10612071,10570,4,170,175,0,0,0,524125,17032,396789,0,0.402472,0.000000,0.000000,5710,0,482.53,0,0,0,0,SUCCESS,0,0,warm20,,,,,,,,,,,live,249.86,242.82,1,20260907-1619
2026-09-07 16:29:24,EHAUSM-I,C8T1S5I8N5K,4,0,0.000200,0.000,0.008,10998812,10951,4,161,166,0,0,0,484569,17462,364315,0,0.437098,0.000000,0.000000,6197,0,442.26,0,0,0,0,SUCCESS,0,0,warm20,,,,,,,,,,,live,242.82,238.39,1,20260907-1619
2026-09-07 16:29:24,EHAUSM-I,C8T1S5I8N5K,5,0,0.000200,0.000,0.008,11372679,11332,5,230,236,0,0,0,709998,17959,583617,0,0.392812,0.000000,0.000000,7077,0,352.46,0,0,0,0,SUCCESS,0,0,warm20,,,,,,,,,,,live,243.88,243.88,1,20260907-1619
2026-09-07 16:29:24,EHAUSM-I,C8T1S5I8N5K,6,0,0.000200,0.000,0.008,11751454,11713,4,184,189,0,0,0,510861,18554,385234,0,0.418454,0.000000,0.000000,7171,0,515.05,0,0,0,0,SUCCESS,0,0,warm20,,,,,,,,,,,live,245.24,245.24,1,20260907-1619
2026-09-07 16:29:25,EHAUSM-I,C8T1S5I8N5K,7,0,0.000200,0.000,0.008,12140855,12094,5,299,304,0,0,0,718733,18893,596831,0,0.367641,0.000000,0.000000,7532,0,728.88,0,0,0,0,SUCCESS,0,0,warm20,,,,,,,,,,,live,245.24,244.57,1,20260907-1619
2026-09-07 16:29:25,EHAUSM-I,C8T1S5I8N5K,8,0,0.000200,0.000,0.008,12513750,12475,5,266,271,0,0,0,647791,19203,526884,0,0.392095,0.000000,0.000000,7536,0,711.12,0,0,0,0,SUCCESS,0,0,warm20,,,,,,,,,,,live,244.59,244.59,1,20260907-1619
2026-09-07 16:29:25,EHAUSM-I,C8T1S5I8N5K,9,0,0.000200,0.000,0.008,12914821,12856,5,167,173,0,0,0,456077,19544,337540,0,0.465827,0.000000,0.000000,6698,0,470.08,0,0,0,0,SUCCESS,0,0,warm20,,,,,,,,,,,live,244.66,244.00,1,20260907-1619
2026-09-07 16:29:26,EHAUSM-I,C8T1S5I8N5K,10,0,0.000200,0.000,0.008,13305508,13237,5,139,144,0,0,0,385323,19867,269894,0,0.398122,0.000000,0.000000,6517,0,357.14,0,0,0,0,SUCCESS,0,0,warm20,,,,,,,,,,,live,244.00,242.84,1,20260907-1619
2026-09-07 16:29:26,EHAUSM-I,C8T1S5I8N5K,11,0,0.000200,0.000,0.008,13706693,13618,5,118,123,0,0,0,328919,20077,217691,0,0.390408,0.000000,0.000000,6096,0,706.84,0,0,0,0,SUCCESS,0,0,warm20,,,,,,,,,,,live,242.84,239.88,1,20260907-1619
2026-09-07 16:29:26,EHAUSM-I,C8T1S5I8N5K,12,0,0.000200,0.000,0.008,14085848,13999,5,139,144,0,0,0,385307,20493,273976,0,0.440606,0.000000,0.000000,5787,0,344.61,0,0,0,0,SUCCESS,0,0,warm20,,,,,,,,,,,live,240.18,240.18,1,20260907-1619
2026-09-07 16:29:26,EHAUSM-I,C8T1S5I8N5K,13,0,0.000200,0.000,0.008,14448564,14380,5,188,193,0,0,0,456632,20793,346328,0,0.420454,0.000000,0.000000,5569,0,446.31,0,0,0,0,SUCCESS,0,0,warm20,,,,,,,,,,,live,240.42,240.42,1,20260907-1619
2026-09-07 16:29:27,EHAUSM-I,C8T1S5I8N5K,14,0,0.000200,0.000,0.008,14856850,14761,5,269,274,0,0,0,733810,21036,625540,0,0.381148,0.000000,0.000000,5314,0,394.97,0,0,0,0,SUCCESS,0,0,warm20,,,,,,,,,,,live,240.42,238.96,1,20260907-1619
2026-09-07 16:29:27,EHAUSM-I,C8T1S5I8N5K,15,0,0.000200,0.000,0.008,15236031,15142,5,334,340,0,0,0,661429,21338,551111,0,0.418015,0.000000,0.000000,5751,0,806.96,0,0,0,0,SUCCESS,0,0,warm20,,,,,,,,,,,live,242.57,242.57,1,20260907-1619
2026-09-07 16:29:27,EHAUSM-I,C8T1S5I8N5K,16,0,0.000200,0.000,0.008,15637254,15523,5,130,135,0,0,0,351750,21546,244962,0,0.409582,0.000000,0.000000,5143,0,714.57,0,0,0,0,SUCCESS,0,0,warm20,,,,,,,,,,,live,242.57,240.16,1,20260907-1619
2026-09-07 16:29:27,EHAUSM-I,C8T1S5I8N5K,17,0,0.000200,0.000,0.008,16001183,15904,5,121,126,0,0,0,310539,21935,205662,0,0.363783,0.000000,0.000000,4765,0,688.16,0,0,0,0,SUCCESS,0,0,warm20,,,,,,,,,,,live,240.16,238.18,1,20260907-1619
2026-09-07 16:29:28,EHAUSM-I,C8T1S5I8N5K,18,0,0.000200,0.000,0.008,16376279,16285,5,282,288,0,0,0,643006,22181,540869,0,0.481601,0.000000,0.000000,5394,0,697.55,0,0,0,0,SUCCESS,0,0,warm20,,,,,,,,,,,live,238.18,238.07,1,20260907-1619
2026-09-07 16:29:28,EHAUSM-I,C8T1S5I8N5K,19,0,0.000200,0.000,0.008,16736060,16666,5,290,296,0,0,0,342400,22473,242279,0,0.399642,0.000000,0.000000,5316,0,565.67,0,0,0,0,SUCCESS,0,0,warm20,,,,,,,,,,,live,238.07,236.95,1,20260907-1619
2026-09-07 16:29:28,EHAUSM-I,C8T1S5I8N5K,20,0,0.000200,0.000,0.008,17118756,17047,5,144,150,0,0,0,353844,22785,253754,0,0.361282,0.000000,0.000000,5733,0,310.47,0,0,0,0,SUCCESS,0,0,warm20,,,,,,,,,,,live,236.95,236.80,1,20260907-1619
2026-09-07 16:29:28,EHAUSM-I,C8T1S5I8N5K,21,0,0.000200,0.000,0.008,17469367,17428,5,136,142,0,0,0,309497,22920,210232,0,0.469779,0.000000,0.000000,5511,0,692.80,0,0,0,0,SUCCESS,0,0,warm20,,,,,,,,,,,live,237.94,237.94,1,20260907-1619
2026-09-07 16:29:29,EHAUSM-I,C8T1S5I8N5K,22,0,0.000200,0.000,0.008,17882077,17809,5,180,186,0,0,0,349352,23259,249193,0,0.422266,0.000000,0.000000,5460,0,317.34,0,0,0,0,SUCCESS,0,0,warm20,,,,,,,,,,,live,238.38,238.38,1,20260907-1619
2026-09-07 16:29:29,EHAUSM-I,C8T1S5I8N5K,23,0,0.000200,0.000,0.008,18263919,18190,6,138,144,0,0,0,314834,23313,215325,0,0.367083,0.000000,0.000000,5224,0,718.38,0,0,0,0,SUCCESS,0,0,warm20,,,,,,,,,,,live,239.64,239.64,1,20260907-1619
2026-09-07 16:29:29,EHAUSM-I,C8T1S5I8N5K,24,0,0.000200,0.000,0.008,18657262,18571,5,126,132,0,0,0,243650,23390,145628,0,0.379691,0.000000,0.000000,4981,0,655.64,0,0,0,0,SUCCESS,0,0,warm20,,,,,,,,,,,live,239.64,237.64,1,20260907-1619
2026-09-07 16:29:29,EHAUSM-I,C8T1S5I8N5K,25,0,0.000200,0.000,0.008,19053088,18952,6,173,179,0,0,0,376608,23537,278496,0,0.406374,0.000000,0.000000,4603,0,315.11,0,0,0,0,SUCCESS,0,0,warm20,,,,,,,,,,,live,238.49,238.49,1,20260907-1619
2026-09-07 16:29:29,EHAUSM-I,C8T1S5I8N5K,26,0,0.000200,0.000,0.008,19437911,19333,6,100,106,0,0,0,240932,23703,145122,0,0.329377,0.000000,0.000000,4467,0,590.49,0,0,0,0,SUCCESS,0,0,warm20,,,,,,,,,,,live,238.49,237.95,1,20260907-1619
2026-09-07 16:29:30,EHAUSM-I,C8T1S5I8N5K,27,0,0.000200,0.000,0.008,19822113,19714,6,245,252,0,0,0,403429,23955,307385,0,0.415907,0.000000,0.000000,4548,0,493.95,0,0,0,0,SUCCESS,0,0,warm20,,,,,,,,,,,live,237.95,237.70,1,20260907-1619
2026-09-07 16:29:30,EHAUSM-I,C8T1S5I8N5K,28,0,0.000200,0.000,0.008,20208654,20095,6,139,146,0,0,0,255184,24101,159965,0,0.380933,0.000000,0.000000,4279,0,661.70,0,0,0,0,SUCCESS,0,0,warm20,,,,,,,,,,,live,238.59,238.59,1,20260907-1619
2026-09-07 16:29:30,EHAUSM-I,C8T1S5I8N5K,29,0,0.000200,0.000,0.008,20585609,20476,6,148,155,0,0,0,277632,24251,183722,0,0.377053,0.000000,0.000000,4122,0,726.59,0,0,0,0,SUCCESS,0,0,warm20,,,,,,,,,,,live,238.59,237.87,1,20260907-1619
2026-09-07 16:29:30,EHAUSM-I,C8T1S5I8N5K,30,0,0.000200,0.000,0.008,20988516,20857,6,149,155,0,0,0,305251,24454,210516,0,0.409550,0.000000,0.000000,3896,0,693.88,0,0,0,0,SUCCESS,0,0,warm20,,,,,,,,,,,live,239.07,239.07,1,20260907-1619
2026-09-07 16:29:31,EHAUSM-I,C8T1S5I8N5K,31,0,0.000200,0.000,0.008,21379871,21238,6,192,198,0,0,0,335610,24746,241941,0,0.405602,0.000000,0.000000,3722,0,313.87,0,0,0,0,SUCCESS,0,0,warm20,,,,,,,,,,,live,239.07,238.03,1,20260907-1619
2026-09-07 16:29:31,EHAUSM-I,C8T1S5I8N5K,32,0,0.000200,0.000,0.008,21758395,21619,6,351,358,0,0,0,586341,24831,492266,0,0.366514,0.000000,0.000000,3512,0,703.33,0,0,0,0,SUCCESS,0,0,warm20,,,,,,,,,,,live,239.48,239.48,1,20260907-1619
2026-09-07 16:29:31,EHAUSM-I,C8T1S5I8N5K,33,0,0.000200,0.000,0.008,22151372,22000,6,252,259,0,0,0,312384,24848,219695,0,0.467869,0.000000,0.000000,3756,0,449.01,0,0,0,0,SUCCESS,0,0,warm20,,,,,,,,,,,live,239.55,239.55,1,20260907-1619
2026-09-07 16:29:31,EHAUSM-I,C8T1S5I8N5K,34,0,0.000200,0.000,0.008,22537156,22381,7,172,179,0,0,0,266880,25080,174616,0,0.362531,0.000000,0.000000,3758,0,313.39,0,0,0,0,SUCCESS,0,0,warm20,,,,,,,,,,,live,239.71,239.71,1,20260907-1619
2026-09-07 16:29:32,EHAUSM-I,C8T1S5I8N5K,35,0,0.000200,0.000,0.008,22909920,22762,6,322,329,0,0,0,483695,25240,391075,0,0.419999,0.000000,0.000000,3731,0,647.73,0,0,0,0,SUCCESS,0,0,warm20,,,,,,,,,,,live,241.56,241.56,1,20260907-1619
2026-09-07 16:29:32,EHAUSM-I,C8T1S5I8N5K,36,0,0.000200,0.000,0.008,23320068,23143,6,193,200,0,0,0,293049,25328,200781,0,0.373407,0.000000,0.000000,3641,0,375.95,0,0,0,0,SUCCESS,0,0,warm20,,,,,,,,,,,live,241.56,240.86,1,20260907-1619
2026-09-07 16:29:32,EHAUSM-I,C8T1S5I8N5K,37,0,0.000200,0.000,0.008,23698370,23524,7,160,168,0,0,0,280061,25457,189087,0,0.375746,0.000000,0.000000,3515,0,720.86,0,0,0,0,SUCCESS,0,0,warm20,,,,,,,,,,,live,240.86,240.83,1,20260907-1619
2026-09-07 16:29:33,EHAUSM-I,C8T1S5I8N5K,38,0,0.000200,0.000,0.008,24100790,23905,7,161,168,0,0,0,286452,25535,196660,0,0.391363,0.000000,0.000000,3291,0,712.83,0,0,0,0,SUCCESS,0,0,warm20,,,,,,,,,,,live,240.83,239.69,1,20260907-1619
2026-09-07 16:29:33,EHAUSM-I,C8T1S5I8N5K,39,0,0.000200,0.000,0.008,24494244,24286,7,136,143,0,0,0,232782,25605,144364,0,0.356201,0.000000,0.000000,3104,0,647.69,0,0,0,0,SUCCESS,0,0,warm20,,,,,,,,,,,live,239.69,239.41,1,20260907-1619
2026-09-07 16:29:33,EHAUSM-I,C8T1S5I8N5K,40,0,0.000200,0.000,0.008,24862589,24667,7,161,169,0,0,0,296320,25823,208149,0,0.428745,0.000000,0.000000,2983,0,711.41,0,0,0,0,SUCCESS,0,0,warm20,,,,,,,,,,,live,239.55,239.55,1,20260907-1619
2026-09-07 16:29:33,EHAUSM-I,C8T1S5I8N5K,41,0,0.000200,0.000,0.008,25264734,25048,7,166,173,0,0,0,271886,25985,183845,0,0.369142,0.000000,0.000000,2906,0,703.55,0,0,0,0,SUCCESS,0,0,warm20,,,,,,,,,,,live,241.23,241.23,1,20260907-1619
2026-09-07 16:29:33,EHAUSM-I,C8T1S5I8N5K,42,0,0.000200,0.000,0.008,25654120,25429,7,163,170,0,0,0,243648,26164,155693,0,0.372987,0.000000,0.000000,2835,0,705.23,0,0,0,0,SUCCESS,0,0,warm20,,,,,,,,,,,live,241.66,241.66,1,20260907-1619
2026-09-07 16:29:34,EHAUSM-I,C8T1S5I8N5K,43,0,0.000200,0.000,0.008,26046150,25810,7,348,356,0,0,0,415478,26327,327316,0,0.355140,0.000000,0.000000,2897,0,546.65,0,0,0,0,SUCCESS,0,0,warm20,,,,,,,,,,,live,241.79,241.79,1,20260907-1619
2026-09-07 16:29:34,EHAUSM-I,C8T1S5I8N5K,44,0,0.000200,0.000,0.008,26432947,26191,7,213,221,0,0,0,311518,26489,222857,0,0.388503,0.000000,0.000000,2697,0,339.72,0,0,0,0,SUCCESS,0,0,warm20,,,,,,,,,,,live,243.93,243.93,1,20260907-1619
2026-09-07 16:29:34,EHAUSM-I,C8T1S5I8N5K,45,0,0.000200,0.000,0.008,26847057,26572,7,187,195,0,0,0,291981,26610,203355,0,0.355688,0.000000,0.000000,2736,0,346.73,0,0,0,0,SUCCESS,0,0,warm20,,,,,,,,,,,live,244.42,244.42,1,20260907-1619
2026-09-07 16:29:35,EHAUSM-I,C8T1S5I8N5K,46,0,0.000200,0.000,0.008,27199889,26953,7,201,209,0,0,0,301341,26764,212108,0,0.394408,0.000000,0.000000,2876,0,355.34,0,0,0,0,SUCCESS,0,0,warm20,,,,,,,,,,,live,245.66,245.66,1,20260907-1619
2026-09-07 16:29:35,EHAUSM-I,C8T1S5I8N5K,47,0,0.000200,0.000,0.008,27579163,27334,7,377,385,0,0,0,459968,26865,371005,0,0.394784,0.000000,0.000000,2901,0,598.00,0,0,0,0,SUCCESS,0,0,warm20,,,,,,,,,,,live,246.43,246.43,1,20260907-1619
2026-09-07 16:29:35,EHAUSM-I,C8T1S5I8N5K,48,0,0.000200,0.000,0.008,27972766,27715,7,240,248,0,0,0,352974,27042,263408,0,0.387473,0.000000,0.000000,2982,0,454.03,0,0,0,0,SUCCESS,0,0,warm20,,,,,,,,,,,live,248.21,248.21,1,20260907-1619
2026-09-07 16:29:36,EHAUSM-I,C8T1S5I8N5K,49,0,0.000200,0.000,0.008,28365723,28096,7,308,316,0,0,0,358886,27173,269599,0,0.453802,0.000000,0.000000,3165,0,509.01,0,0,0,0,SUCCESS,0,0,warm20,,,,,,,,,,,live,249.71,249.71,1,20260907-1619
2026-09-07 16:29:36,EHAUSM-I,C8T1S5I8N5K,50,0,0.000200,0.000,0.008,28747973,28477,7,229,237,0,0,0,324127,27398,235223,0,0.359604,0.000000,0.000000,3190,0,396.95,0,0,0,0,SUCCESS,0,0,warm20,,,,,,,,,,,live,249.72,249.05,1,20260907-1619
2026-09-07 16:29:36,EHAUSM-I,C8T1S5I8N5K,51,0,0.000200,0.000,0.008,29148674,28858,8,234,242,0,0,0,295554,27518,206902,0,0.367741,0.000000,0.000000,3606,0,425.56,0,0,0,0,SUCCESS,0,0,warm20,,,,,,,,,,,live,249.90,249.90,1,20260907-1619
2026-09-07 16:29:36,EHAUSM-I,C8T1S5I8N5K,52,0,0.000200,0.000,0.008,29538239,29239,8,180,188,0,0,0,261077,27569,173262,0,0.395767,0.000000,0.000000,3511,0,737.90,0,0,0,0,SUCCESS,0,0,warm20,,,,,,,,,,,live,249.95,249.95,1,20260907-1619
2026-09-07 16:29:37,EHAUSM-I,C8T1S5I8N5K,53,0,0.000200,0.000,0.008,29906147,29620,7,199,207,0,0,0,294467,27683,206530,0,0.383637,0.000000,0.000000,3391,0,331.07,0,0,0,0,SUCCESS,0,0,warm20,,,,,,,,,,,live,250.01,250.01,1,20260907-1619
2026-09-07 16:29:37,EHAUSM-I,C8T1S5I8N5K,54,0,0.000200,0.000,0.008,30291495,30001,8,179,187,0,0,0,262925,27668,175792,0,0.387544,0.000000,0.000000,3264,0,738.01,0,0,0,0,SUCCESS,0,0,warm20,,,,,,,,,,,live,250.01,249.57,1,20260907-1619
2026-09-07 16:29:37,EHAUSM-I,C8T1S5I8N5K,55,0,0.000200,0.000,0.008,30683235,30382,8,230,239,0,0,0,306052,27749,219408,0,0.370960,0.000000,0.000000,3174,0,378.61,0,0,0,0,SUCCESS,0,0,warm20,,,,,,,,,,,live,249.58,249.52,1,20260907-1619
2026-09-07 16:29:38,EHAUSM-I,C8T1S5I8N5K,56,0,0.000200,0.000,0.008,31050500,30763,8,183,191,0,0,0,247471,27898,161578,0,0.340850,0.000000,0.000000,3135,0,761.52,0,0,0,0,SUCCESS,0,0,warm20,,,,,,,,,,,live,249.52,249.16,1,20260907-1619
2026-09-07 16:29:38,EHAUSM-I,C8T1S5I8N5K,57,0,0.000200,0.000,0.008,31397327,31144,8,146,154,0,0,0,192639,27964,107671,0,0.355693,0.000000,0.000000,3034,0,649.16,0,0,0,0,SUCCESS,0,0,warm20,,,,,,,,,,,live,249.31,249.31,1,20260907-1619
2026-09-07 16:29:38,EHAUSM-I,C8T1S5I8N5K,58,0,0.000200,0.000,0.008,31771532,31525,8,144,152,0,0,0,218006,28036,133805,0,0.382276,0.000000,0.000000,3040,0,641.31,0,0,0,0,SUCCESS,0,0,warm20,,,,,,,,,,,live,249.91,249.91,1,20260907-1619
2026-09-07 16:29:38,EHAUSM-I,C8T1S5I8N5K,59,0,0.000200,0.000,0.008,32144335,31906,8,213,222,0,0,0,311879,28191,227542,0,0.379638,0.000000,0.000000,2918,0,379.89,0,0,0,0,SUCCESS,0,0,warm20,,,,,,,,,,,live,249.91,248.52,1,20260907-1619
2026-09-07 16:29:39,EHAUSM-I,C8T1S5I8N5K,60,0,0.000200,0.000,0.008,32548859,32287,8,390,399,0,0,0,361423,28305,276338,0,0.371809,0.000000,0.000000,3066,0,675.66,0,0,0,0,SUCCESS,0,0,warm20,,,,,,,,,,,live,251.29,251.29,1,20260907-1619
2026-09-07 16:29:39,EHAUSM-I,C8T1S5I8N5K,61,0,0.000200,0.000,0.008,32946105,32668,8,203,211,0,0,0,276338,28383,190568,0,0.352663,0.000000,0.000000,3028,0,317.38,0,0,0,0,SUCCESS,0,0,warm20,,,,,,,,,,,live,252.13,252.13,1,20260907-1619
2026-09-07 16:29:39,EHAUSM-I,C8T1S5I8N5K,62,0,0.000200,0.000,0.008,33335321,33049,8,191,199,0,0,0,216939,28502,131529,0,0.354481,0.000000,0.000000,2938,0,740.13,0,0,0,0,SUCCESS,0,0,warm20,,,,,,,,,,,live,252.13,251.84,1,20260907-1619
2026-09-07 16:29:39,EHAUSM-I,C8T1S5I8N5K,63,0,0.000200,0.000,0.008,33722190,33430,8,239,248,0,0,0,316996,28525,231786,0,0.429587,0.000000,0.000000,2955,0,451.84,0,0,0,0,SUCCESS,0,0,warm20,,,,,,,,,,,live,253.36,253.36,1,20260907-1619
2026-09-07 16:29:40,EHAUSM-I,C8T1S5I8N5K,64,0,0.000200,0.000,0.008,34102757,33811,8,229,238,0,0,0,236273,28687,151719,0,0.346043,0.000000,0.000000,2871,0,363.40,0,0,0,0,SUCCESS,0,0,warm20,,,,,,,,,,,live,253.37,252.92,1,20260907-1619
2026-09-07 16:29:40,EHAUSM-I,C8T1S5I8N5K,65,0,0.000200,0.000,0.008,34480042,34192,9,186,195,0,0,0,223905,28815,139469,0,0.360205,0.000000,0.000000,2789,0,748.92,0,0,0,0,SUCCESS,0,0,warm20,,,,,,,,,,,live,254.14,254.14,1,20260907-1619
2026-09-07 16:29:40,EHAUSM-I,C8T1S5I8N5K,66,0,0.000200,0.000,0.008,34856177,34573,8,192,201,0,0,0,219106,28846,135400,0,0.375246,0.000000,0.000000,2698,0,718.14,0,0,0,0,SUCCESS,0,0,warm20,,,,,,,,,,,live,254.14,254.12,1,20260907-1619
2026-09-07 16:29:41,EHAUSM-I,C8T1S5I8N5K,67,0,0.000200,0.000,0.008,35248911,34954,9,190,199,0,0,0,234771,29022,151777,0,0.356399,0.000000,0.000000,2620,0,734.12,0,0,0,0,SUCCESS,0,0,warm20,,,,,,,,,,,live,254.12,252.40,1,20260907-1619
2026-09-07 16:29:41,EHAUSM-I,C8T1S5I8N5K,68,0,0.000200,0.000,0.008,35625465,35335,9,205,214,0,0,0,283265,29173,200569,0,0.390087,0.000000,0.000000,2554,0,756.40,0,0,0,0,SUCCESS,0,0,warm20,,,,,,,,,,,live,253.56,253.56,1,20260907-1619
2026-09-07 16:29:41,EHAUSM-I,C8T1S5I8N5K,69,0,0.000200,0.000,0.008,36012354,35716,8,182,191,0,0,0,224033,29231,142505,0,0.379743,0.000000,0.000000,2554,0,717.56,0,0,0,0,SUCCESS,0,0,warm20,,,,,,,,,,,live,253.56,252.96,1,20260907-1619
2026-09-07 16:29:41,EHAUSM-I,C8T1S5I8N5K,70,0,0.000200,0.000,0.008,36402179,36097,9,210,219,0,0,0,282657,29306,201231,0,0.397854,0.000000,0.000000,2518,0,796.96,0,0,0,0,SUCCESS,0,0,warm20,,,,,,,,,,,live,253.90,253.90,1,20260907-1619
2026-09-07 16:29:42,EHAUSM-I,C8T1S5I8N5K,71,0,0.000200,0.000,0.008,36796212,36478,9,205,214,0,0,0,214691,29380,133557,0,0.363902,0.000000,0.000000,2562,0,773.90,0,0,0,0,SUCCESS,0,0,warm20,,,,,,,,,,,live,253.90,252.19,1,20260907-1619
2026-09-07 16:29:42,EHAUSM-I,C8T1S5I8N5K,72,0,0.000200,0.000,0.008,37177330,36859,9,233,243,0,0,0,266978,29443,186198,0,0.374848,0.000000,0.000000,2519,0,324.65,0,0,0,0,SUCCESS,0,0,warm20,,,,,,,,,,,live,253.70,253.70,1,20260907-1619
2026-09-07 16:29:42,EHAUSM-I,C8T1S5I8N5K,73,0,0.000200,0.000,0.008,37549228,37240,9,403,412,0,0,0,312096,29524,231231,0,0.355413,0.000000,0.000000,2480,0,544.55,0,0,0,0,SUCCESS,0,0,warm20,,,,,,,,,,,live,253.70,253.62,1,20260907-1619
2026-09-07 16:29:43,EHAUSM-I,C8T1S5I8N5K,74,0,0.000200,0.000,0.008,37929817,37621,9,237,246,0,0,0,250750,29643,169791,0,0.371847,0.000000,0.000000,2451,0,342.25,0,0,0,0,SUCCESS,0,0,warm20,,,,,,,,,,,live,255.85,255.85,1,20260907-1619
2026-09-07 16:29:43,EHAUSM-I,C8T1S5I8N5K,75,0,0.000200,0.000,0.008,38317022,38002,9,461,471,0,0,0,316289,29692,234990,0,0.421284,0.000000,0.000000,2489,0,642.32,0,0,0,0,SUCCESS,0,0,warm20,,,,,,,,,,,live,255.85,255.28,1,20260907-1619
2026-09-07 16:29:43,EHAUSM-I,C8T1S5I8N5K,76,0,0.000200,0.000,0.008,38681308,38383,9,212,222,0,0,0,252361,29756,171269,0,0.368357,0.000000,0.000000,2455,0,783.28,0,0,0,0,SUCCESS,0,0,warm20,,,,,,,,,,,live,257.16,257.16,1,20260907-1619
2026-09-07 16:29:44,EHAUSM-I,C8T1S5I8N5K,77,0,0.000200,0.000,0.008,39054424,38764,9,192,202,0,0,0,212648,29827,131690,0,0.377472,0.000000,0.000000,2481,0,721.16,0,0,0,0,SUCCESS,0,0,warm20,,,,,,,,,,,live,257.16,255.51,1,20260907-1619
2026-09-07 16:29:44,EHAUSM-I,C8T1S5I8N5K,78,0,0.000200,0.000,0.008,39411343,39145,9,263,272,0,0,0,284011,29822,203174,0,0.382241,0.000000,0.000000,2527,0,383.51,0,0,0,0,SUCCESS,0,0,warm20,,,,,,,,,,,live,257.10,257.10,1,20260907-1619
2026-09-07 16:29:44,EHAUSM-I,C8T1S5I8N5K,79,0,0.000200,0.000,0.008,39780981,39526,9,453,463,0,0,0,355431,29890,273842,0,0.381771,0.000000,0.000000,2581,0,629.63,0,0,0,0,SUCCESS,0,0,warm20,,,,,,,,,,,live,259.25,259.25,1,20260907-1619
2026-09-07 16:29:45,EHAUSM-I,C8T1S5I8N5K,80,0,0.000200,0.000,0.008,40169171,39907,9,249,259,0,0,0,273706,29920,192292,0,0.366971,0.000000,0.000000,2552,0,387.25,0,0,0,0,SUCCESS,0,0,warm20,,,,,,,,,,,live,259.65,259.65,1,20260907-1619
2026-09-07 16:29:45,EHAUSM-I,C8T1S5I8N5K,81,0,0.000200,0.000,0.008,40555772,40288,10,196,206,0,0,0,213606,30042,132032,0,0.381452,0.000000,0.000000,2574,0,715.65,0,0,0,0,SUCCESS,0,0,warm20,,,,,,,,,,,live,260.40,260.40,1,20260907-1619
2026-09-07 16:29:45,EHAUSM-I,C8T1S5I8N5K,82,0,0.000200,0.000,0.008,40937437,40669,9,251,261,0,0,0,208931,30034,127796,0,0.367395,0.000000,0.000000,2542,0,788.40,0,0,0,0,SUCCESS,0,0,warm20,,,,,,,,,,,live,260.73,260.73,1,20260907-1619
2026-09-07 16:29:46,EHAUSM-I,C8T1S5I8N5K,83,0,0.000200,0.000,0.008,41314466,41050,10,275,285,0,0,0,251617,30066,170338,0,0.366618,0.000000,0.000000,2516,0,374.64,0,0,0,0,SUCCESS,0,0,warm20,,,,,,,,,,,live,260.99,260.99,1,20260907-1619
2026-09-07 16:29:46,EHAUSM-I,C8T1S5I8N5K,84,0,0.000200,0.000,0.008,41724684,41431,10,212,223,0,0,0,267631,30177,186715,0,0.365919,0.000000,0.000000,2489,0,797.00,0,0,0,0,SUCCESS,0,0,warm20,,,,,,,,,,,live,261.41,261.41,1,20260907-1619
2026-09-07 16:29:46,EHAUSM-I,C8T1S5I8N5K,85,0,0.000200,0.000,0.008,42093147,41812,9,374,384,0,0,0,319856,30101,238756,0,0.353339,0.000000,0.000000,2440,0,565.70,0,0,0,0,SUCCESS,0,0,warm20,,,,,,,,,,,live,262.17,262.17,1,20260907-1619
2026-09-07 16:29:47,EHAUSM-I,C8T1S5I8N5K,86,0,0.000200,0.000,0.008,42494057,42193,10,430,441,0,0,0,327209,30090,245905,0,0.468156,0.000000,0.000000,2493,0,590.17,0,0,0,0,SUCCESS,0,0,warm20,,,,,,,,,,,live,263.56,263.56,1,20260907-1619
2026-09-07 16:29:47,EHAUSM-I,C8T1S5I8N5K,87,0,0.000200,0.000,0.008,42876090,42574,10,238,249,0,0,0,231243,30247,150514,0,0.367236,0.000000,0.000000,2433,0,308.70,0,0,0,0,SUCCESS,0,0,warm20,,,,,,,,,,,live,263.56,262.73,1,20260907-1619
2026-09-07 16:29:47,EHAUSM-I,C8T1S5I8N5K,88,0,0.000200,0.000,0.008,43249167,42955,10,258,269,0,0,0,262833,30374,182170,0,0.353412,0.000000,0.000000,2454,0,367.74,0,0,0,0,SUCCESS,0,0,warm20,,,,,,,,,,,live,263.99,263.99,1,20260907-1619
2026-09-07 16:29:48,EHAUSM-I,C8T1S5I8N5K,89,0,0.000200,0.000,0.008,43639417,43336,10,271,282,0,0,0,245012,30465,164753,0,0.355121,0.000000,0.000000,2455,0,420.41,0,0,0,0,SUCCESS,0,0,warm20,,,,,,,,,,,live,263.99,262.97,1,20260907-1619
2026-09-07 16:29:48,EHAUSM-I,C8T1S5I8N5K,90,0,0.000200,0.000,0.008,44032208,43717,10,266,277,0,0,0,247864,30534,167798,0,0.360421,0.000000,0.000000,2451,0,420.50,0,0,0,0,SUCCESS,0,0,warm20,,,,,,,,,,,live,264.71,264.71,1,20260907-1619
2026-09-07 16:29:48,EHAUSM-I,C8T1S5I8N5K,91,0,0.000200,0.000,0.008,44399967,44098,10,323,334,0,0,0,252232,30664,172069,0,0.344459,0.000000,0.000000,2431,0,497.91,0,0,0,0,SUCCESS,0,0,warm20,,,,,,,,,,,live,264.71,264.57,1,20260907-1619
2026-09-07 16:29:49,EHAUSM-I,C8T1S5I8N5K,92,0,0.000200,0.000,0.008,44779784,44479,10,261,271,0,0,0,266118,30630,186637,0,0.363465,0.000000,0.000000,2415,0,400.62,0,0,0,0,SUCCESS,0,0,warm20,,,,,,,,,,,live,265.64,265.64,1,20260907-1619
2026-09-07 16:29:49,EHAUSM-I,C8T1S5I8N5K,93,0,0.000200,0.000,0.008,45163101,44860,10,237,248,0,0,0,224934,30774,145958,0,0.339174,0.000000,0.000000,2417,0,825.64,0,0,0,0,SUCCESS,0,0,warm20,,,,,,,,,,,live,265.64,263.55,1,20260907-1619
2026-09-07 16:29:50,EHAUSM-I,C8T1S5I8N5K,94,0,0.000200,0.000,0.008,45537311,45241,10,506,517,0,0,0,308933,30901,230054,0,0.419274,0.000000,0.000000,2509,0,682.72,0,0,0,0,SUCCESS,0,0,warm20,,,,,,,,,,,live,265.40,265.40,1,20260907-1619
2026-09-07 16:29:50,EHAUSM-I,C8T1S5I8N5K,95,0,0.000200,0.000,0.008,45914685,45622,10,226,236,0,0,0,191637,30916,113449,0,0.367499,0.000000,0.000000,2472,0,793.40,0,0,0,0,SUCCESS,0,0,warm20,,,,,,,,,,,live,265.97,265.97,1,20260907-1619
2026-09-07 16:29:51,EHAUSM-I,C8T1S5I8N5K,96,0,0.000200,0.000,0.008,46297846,46003,10,574,585,0,0,0,417266,30818,338020,0,0.401994,0.000000,0.000000,2565,0,846.81,0,0,0,0,SUCCESS,0,0,warm20,,,,,,,,,,,live,266.66,266.66,1,20260907-1619
2026-09-07 16:29:51,EHAUSM-I,C8T1S5I8N5K,97,0,0.000200,0.000,0.008,46661169,46384,10,470,481,0,0,0,427602,30893,348340,0,0.380928,0.000000,0.000000,2642,0,697.97,0,0,0,0,SUCCESS,0,0,warm20,,,,,,,,,,,live,268.97,268.97,1,20260907-1619
2026-09-07 16:29:52,EHAUSM-I,C8T1S5I8N5K,98,0,0.000200,0.000,0.008,47042336,46765,10,510,520,0,0,0,267506,30912,188590,0,0.454728,0.000000,0.000000,2654,0,666.07,0,0,0,0,SUCCESS,0,0,warm20,,,,,,,,,,,live,269.08,269.08,1,20260907-1619
2026-09-07 16:29:52,EHAUSM-I,C8T1S5I8N5K,99,0,0.000200,0.000,0.008,47416411,47133,11,235,246,0,0,0,219956,30941,141403,0,0.353695,0.000000,0.000000,2623,0,821.08,0,0,0,0,SUCCESS,0,0,warm20,,,,,,,,,,,live,269.23,269.23,1,20260907-1619
# run_id=20260907-1629 git=45d7065 jvm=26.0.1 heap=24g host=ThaiTMs-MacBook-Pro.local tree=clean cmd=--exp 11 --dataset sign,syn_c8t1s5i8n5k --k 100 --algo Pre-HAUSPM --repeats 1 --mem-mode live --results-dir results-2026-09/mem --timeout 90 --resume
2026-09-07 16:30:15,Pre-HAUSPM,SIGN,0,0,0.003000,0.200,0.200,319686,146,1,21893,21895,0,0,0,192985412,0,190160260,0,0.000000,0.000000,0.000000,23387,58493,182.77,0,0,0,0,SUCCESS,0,0,warm20,,,,,1,0,319686,0,,,live,34.14,34.14,22,20260907-1629
2026-09-07 16:30:37,Pre-HAUSPM,SIGN,1,0,0.003000,0.200,0.008,334092,152,0,21886,21886,0,0,0,191310527,0,188603074,0,0.000000,0.000000,0.000000,23347,57191,203.59,0,0,0,0,SUCCESS,0,0,warm20,,,,,1,0,14406,192,,,live,34.14,33.82,22,20260907-1629
2026-09-07 16:30:59,Pre-HAUSPM,SIGN,2,0,0.003000,0.200,0.008,345121,158,0,21396,21396,0,0,0,185430875,0,182854764,0,0.000000,0.000000,0.000000,23125,56725,176.12,0,0,0,0,SUCCESS,0,0,warm20,,,,,1,0,11029,201,,,live,33.82,33.47,22,20260907-1629
2026-09-07 16:31:21,Pre-HAUSPM,SIGN,3,0,0.003000,0.200,0.008,358047,164,0,21837,21838,0,0,0,185305928,0,182789449,0,0.000000,0.000000,0.000000,22486,54850,271.69,0,0,0,0,SUCCESS,0,0,warm20,,,,,1,0,12926,208,,,live,33.47,32.88,22,20260907-1629
2026-09-07 16:31:43,Pre-HAUSPM,SIGN,4,0,0.003000,0.200,0.008,369331,170,0,20996,20996,0,0,0,176218472,0,173862062,0,0.000000,0.000000,0.000000,21958,52348,94.61,0,0,0,0,SUCCESS,0,0,warm20,,,,,1,0,11284,215,,,live,32.88,32.16,22,20260907-1629
2026-09-07 16:32:04,Pre-HAUSPM,SIGN,5,0,0.003000,0.200,0.008,383289,176,0,21077,21077,0,0,0,174965030,0,172692226,0,0.000000,0.000000,0.000000,21751,50861,33.73,0,0,0,0,SUCCESS,0,0,warm20,,,,,1,0,13958,222,,,live,32.16,31.16,22,20260907-1629
2026-09-07 16:32:25,Pre-HAUSPM,SIGN,6,0,0.003000,0.200,0.008,393230,182,0,20752,20752,0,0,0,169314751,0,167146636,0,0.000000,0.000000,0.000000,21796,50485,179.71,0,0,0,0,SUCCESS,0,0,warm20,,,,,1,0,9941,231,,,live,31.47,31.47,21,20260907-1629
2026-09-07 16:32:46,Pre-HAUSPM,SIGN,7,0,0.003000,0.200,0.008,408594,188,0,20026,20026,0,0,0,162461409,0,160430787,0,0.000000,0.000000,0.000000,20533,47503,64.28,0,0,0,0,SUCCESS,0,0,warm20,,,,,1,0,15364,237,,,live,31.47,29.62,21,20260907-1629
2026-09-07 16:33:08,Pre-HAUSPM,SIGN,8,0,0.003000,0.200,0.008,428453,194,0,22150,22150,0,0,0,170832772,0,168749391,0,0.000000,0.000000,0.000000,20113,47452,57.64,0,0,0,0,SUCCESS,0,0,warm20,,,,,1,0,19859,246,,,live,29.62,29.62,23,20260907-1629
2026-09-07 16:33:34,Pre-HAUSPM,SIGN,9,0,0.003000,0.200,0.008,446004,200,0,25224,25224,0,0,0,195511272,0,193152591,0,0.000000,0.000000,0.000000,19376,45388,172.02,0,0,0,0,SUCCESS,0,0,warm20,,,,,1,0,17551,258,,,live,29.62,28.77,26,20260907-1629
2026-09-07 16:33:59,Pre-HAUSPM,SIGN,10,0,0.003000,0.200,0.008,456476,206,0,24387,24387,0,0,0,187143471,0,184912832,0,0.000000,0.000000,0.000000,18895,43856,294.24,0,0,0,0,SUCCESS,0,0,warm20,,,,,1,0,10472,268,,,live,28.77,28.14,25,20260907-1629
2026-09-07 16:34:23,Pre-HAUSPM,SIGN,11,0,0.003000,0.200,0.008,466138,212,0,23624,23625,0,0,0,179750698,0,177633188,0,0.000000,0.000000,0.000000,18242,41996,85.80,0,0,0,0,SUCCESS,0,0,warm20,,,,,1,0,9662,275,,,live,28.14,27.37,24,20260907-1629
2026-09-07 16:34:47,Pre-HAUSPM,SIGN,12,0,0.003000,0.200,0.008,480433,218,0,23795,23796,0,0,0,178479034,0,176421826,0,0.000000,0.000000,0.000000,18295,41804,101.72,0,0,0,0,SUCCESS,0,0,warm20,,,,,1,0,14295,281,,,live,27.37,27.29,24,20260907-1629
2026-09-07 16:35:12,Pre-HAUSPM,SIGN,13,0,0.003000,0.200,0.008,496413,224,0,24663,24663,0,0,0,181639504,0,179602054,0,0.000000,0.000000,0.000000,19145,43866,70.46,0,0,0,0,SUCCESS,0,0,warm20,,,,,1,0,15980,289,,,live,28.16,28.16,25,20260907-1629
2026-09-07 16:35:37,Pre-HAUSPM,SIGN,14,0,0.003000,0.200,0.008,507190,230,0,24369,24369,0,0,0,177807932,0,175834119,0,0.000000,0.000000,0.000000,18586,42577,37.84,0,0,0,0,SUCCESS,0,0,warm20,,,,,1,0,10777,299,,,live,28.16,27.62,25,20260907-1629
2026-09-07 16:36:03,Pre-HAUSPM,SIGN,15,0,0.003000,0.200,0.008,518654,236,0,25715,25715,0,0,0,184510125,0,182494752,0,0.000000,0.000000,0.000000,19660,44940,214.18,0,0,0,0,SUCCESS,0,0,warm20,,,,,1,0,11464,305,,,live,29.05,29.05,26,20260907-1629
2026-09-07 16:36:31,Pre-HAUSPM,SIGN,16,0,0.003000,0.200,0.008,536314,242,0,27489,27490,0,0,0,193174738,0,191106733,0,0.000000,0.000000,0.000000,20004,45870,156.58,0,0,0,0,SUCCESS,0,0,warm20,,,,,1,0,17660,312,,,live,29.05,29.00,28,20260907-1629
2026-09-07 16:36:59,Pre-HAUSPM,SIGN,17,0,0.003000,0.200,0.008,544548,248,0,26868,26868,0,0,0,188229059,0,186231270,0,0.000000,0.000000,0.000000,19532,44618,245.02,0,0,0,0,SUCCESS,0,0,warm20,,,,,1,0,8234,323,,,live,29.00,28.48,27,20260907-1629
2026-09-07 16:37:26,Pre-HAUSPM,SIGN,18,0,0.003000,0.200,0.008,556990,254,0,26671,26672,0,0,0,184787353,0,182855941,0,0.000000,0.000000,0.000000,18960,43382,70.54,0,0,0,0,SUCCESS,0,0,warm20,,,,,1,0,12442,328,,,live,28.48,27.97,27,20260907-1629
2026-09-07 16:37:53,Pre-HAUSPM,SIGN,19,0,0.003000,0.200,0.008,569490,260,0,26837,26837,0,0,0,183860310,0,181955340,0,0.000000,0.000000,0.000000,18933,43343,241.11,0,0,0,0,SUCCESS,0,0,warm20,,,,,1,0,12500,335,,,live,27.97,27.96,27,20260907-1629
2026-09-07 16:38:22,Pre-HAUSPM,SIGN,20,0,0.003000,0.200,0.008,587283,266,0,28569,28569,0,0,0,195235168,0,193267539,0,0.000000,0.000000,0.000000,18422,42182,123.10,0,0,0,0,SUCCESS,0,0,warm20,,,,,1,0,17793,343,,,live,27.96,27.49,29,20260907-1629
2026-09-07 16:38:51,Pre-HAUSPM,SIGN,21,0,0.003000,0.200,0.008,601918,272,0,28563,28563,0,0,0,193787685,0,191856339,0,0.000000,0.000000,0.000000,18161,41443,42.79,0,0,0,0,SUCCESS,0,0,warm20,,,,,1,0,14635,353,,,live,27.89,27.89,29,20260907-1629
2026-09-07 16:39:20,Pre-HAUSPM,SIGN,22,0,0.003000,0.200,0.008,613134,278,0,28626,28626,0,0,0,192310379,0,190412716,0,0.000000,0.000000,0.000000,18187,41362,122.99,0,0,0,0,SUCCESS,0,0,warm20,,,,,1,0,11216,362,,,live,27.89,27.89,29,20260907-1629
2026-09-07 16:39:48,Pre-HAUSPM,SIGN,23,0,0.003000,0.200,0.008,625156,284,0,27707,27708,0,0,0,185075905,0,183265900,0,0.000000,0.000000,0.000000,17486,39616,79.59,0,0,0,0,SUCCESS,0,0,warm20,,,,,1,0,12022,369,,,live,27.88,26.76,28,20260907-1629
2026-09-07 16:40:16,Pre-HAUSPM,SIGN,24,0,0.003000,0.200,0.008,639272,290,0,27119,27119,0,0,0,179745467,0,178009236,0,0.000000,0.000000,0.000000,17307,38871,179.47,0,0,0,0,SUCCESS,0,0,warm20,,,,,1,0,14116,376,,,live,26.76,26.13,28,20260907-1629
2026-09-07 16:40:43,Pre-HAUSPM,SIGN,25,0,0.003000,0.200,0.008,650468,296,0,27159,27159,0,0,0,178388315,0,176681829,0,0.000000,0.000000,0.000000,17338,38779,144.44,0,0,0,0,SUCCESS,0,0,warm20,,,,,1,0,11196,385,,,live,26.13,26.10,28,20260907-1629
2026-09-07 16:41:11,Pre-HAUSPM,SIGN,26,0,0.003000,0.200,0.008,661807,302,0,27085,27085,0,0,0,176929800,0,175246893,0,0.000000,0.000000,0.000000,16997,37896,94.31,0,0,0,0,SUCCESS,0,0,warm20,,,,,1,0,11339,391,,,live,26.10,25.74,28,20260907-1629
2026-09-07 16:41:38,Pre-HAUSPM,SIGN,27,0,0.003000,0.200,0.008,671849,308,0,26591,26591,0,0,0,172480210,0,170849325,0,0.000000,0.000000,0.000000,16446,36682,179.76,0,0,0,0,SUCCESS,0,0,warm20,,,,,1,0,10042,398,,,live,25.24,25.24,27,20260907-1629
2026-09-07 16:42:05,Pre-HAUSPM,SIGN,28,0,0.003000,0.200,0.008,682126,314,0,26467,26467,0,0,0,170563672,0,168961584,0,0.000000,0.000000,0.000000,16420,36556,195.88,0,0,0,0,SUCCESS,0,0,warm20,,,,,1,0,10277,404,,,live,25.24,25.19,27,20260907-1629
2026-09-07 16:42:33,Pre-HAUSPM,SIGN,29,0,0.003000,0.200,0.008,695776,320,0,27400,27401,0,0,0,174106918,0,172484477,0,0.000000,0.000000,0.000000,16853,37702,244.58,0,0,0,0,SUCCESS,0,0,warm20,,,,,1,0,13650,411,,,live,26.38,26.38,28,20260907-1629
2026-09-07 16:43:00,Pre-HAUSPM,SIGN,30,0,0.003000,0.200,0.008,707653,326,0,27110,27111,0,0,0,171235839,0,169649762,0,0.000000,0.000000,0.000000,16464,36776,125.98,0,0,0,0,SUCCESS,0,0,warm20,,,,,1,0,11877,419,,,live,26.38,25.84,28,20260907-1629
2026-09-07 16:43:27,Pre-HAUSPM,SIGN,31,0,0.003000,0.200,0.008,720279,332,0,26565,26565,0,0,0,166667451,0,165133644,0,0.000000,0.000000,0.000000,15898,35360,62.13,0,0,0,0,SUCCESS,0,0,warm20,,,,,1,0,12626,426,,,live,25.84,25.31,27,20260907-1629
2026-09-07 16:43:54,Pre-HAUSPM,SIGN,32,0,0.003000,0.200,0.008,730705,338,0,26469,26469,0,0,0,164766132,0,163259521,0,0.000000,0.000000,0.000000,15828,35283,35.18,0,0,0,0,SUCCESS,0,0,warm20,,,,,1,0,10426,433,,,live,25.31,25.05,27,20260907-1629
2026-09-07 16:44:21,Pre-HAUSPM,SIGN,33,0,0.003000,0.200,0.008,744420,344,0,26615,26615,0,0,0,163636209,0,162153212,0,0.000000,0.000000,0.000000,16554,36879,231.75,0,0,0,0,SUCCESS,0,0,warm20,,,,,1,0,13715,440,,,live,25.35,25.35,27,20260907-1629
2026-09-07 16:44:49,Pre-HAUSPM,SIGN,34,0,0.003000,0.200,0.008,756980,350,0,26955,26956,0,0,0,164073201,0,162594948,0,0.000000,0.000000,0.000000,16743,37423,260.22,0,0,0,0,SUCCESS,0,0,warm20,,,,,1,0,12560,448,,,live,25.57,25.57,27,20260907-1629
2026-09-07 16:45:16,Pre-HAUSPM,SIGN,35,0,0.003000,0.200,0.008,768219,356,0,26808,26808,0,0,0,161606579,0,160158810,0,0.000000,0.000000,0.000000,16721,37249,286.89,0,0,0,0,SUCCESS,0,0,warm20,,,,,1,0,11239,456,,,live,25.57,25.51,27,20260907-1629
2026-09-07 16:45:43,Pre-HAUSPM,SIGN,36,0,0.003000,0.200,0.008,777786,362,0,26848,26849,0,0,0,160438957,0,159008151,0,0.000000,0.000000,0.000000,16692,37287,68.90,0,0,0,0,SUCCESS,0,0,warm20,,,,,1,0,9567,462,,,live,25.53,25.53,27,20260907-1629
2026-09-07 16:46:11,Pre-HAUSPM,SIGN,37,0,0.003000,0.200,0.008,790994,368,0,27392,27392,0,0,0,162476627,0,161042062,0,0.000000,0.000000,0.000000,16986,37956,185.50,0,0,0,0,SUCCESS,0,0,warm20,,,,,1,0,13208,468,,,live,25.81,25.81,28,20260907-1629
2026-09-07 16:46:39,Pre-HAUSPM,SIGN,38,0,0.003000,0.200,0.008,803248,374,0,27342,27342,0,0,0,160357570,0,158949074,0,0.000000,0.000000,0.000000,16821,37555,127.27,0,0,0,0,SUCCESS,0,0,warm20,,,,,1,0,12254,476,,,live,25.81,25.65,28,20260907-1629
2026-09-07 16:47:06,Pre-HAUSPM,SIGN,39,0,0.003000,0.200,0.008,817420,380,0,27234,27234,0,0,0,159236421,0,157847499,0,0.000000,0.000000,0.000000,16757,37525,294.10,0,0,0,0,SUCCESS,0,0,warm20,,,,,1,0,14172,483,,,live,25.65,25.65,28,20260907-1629
2026-09-07 16:47:34,Pre-HAUSPM,SIGN,40,0,0.003000,0.200,0.008,828605,386,0,27326,27326,0,0,0,158922308,0,157540184,0,0.000000,0.000000,0.000000,16796,37699,73.73,0,0,0,0,SUCCESS,0,0,warm20,,,,,1,0,11185,492,,,live,25.74,25.74,28,20260907-1629
2026-09-07 16:48:02,Pre-HAUSPM,SIGN,41,0,0.003000,0.200,0.008,840915,392,0,27456,27456,0,0,0,158591644,0,157223971,0,0.000000,0.000000,0.000000,16767,37558,116.48,0,0,0,0,SUCCESS,0,0,warm20,,,,,1,0,12310,499,,,live,25.74,25.69,28,20260907-1629
2026-09-07 16:48:30,Pre-HAUSPM,SIGN,42,0,0.003000,0.200,0.008,851890,398,0,27584,27585,0,0,0,158095627,0,156737995,0,0.000000,0.000000,0.000000,17093,38284,228.94,0,0,0,0,SUCCESS,0,0,warm20,,,,,1,0,10975,506,,,live,25.99,25.99,28,20260907-1629
2026-09-07 16:48:58,Pre-HAUSPM,SIGN,43,0,0.003000,0.200,0.008,867106,404,0,27732,27733,0,0,0,158319979,0,156972502,0,0.000000,0.000000,0.000000,16906,37788,191.00,0,0,0,0,SUCCESS,0,0,warm20,,,,,1,0,15216,513,,,live,26.23,26.23,28,20260907-1629
2026-09-07 16:49:27,Pre-HAUSPM,SIGN,44,0,0.003000,0.200,0.008,884460,410,0,27793,27793,0,0,0,157385557,0,156052136,0,0.000000,0.000000,0.000000,16490,36978,41.59,0,0,0,0,SUCCESS,0,0,warm20,,,,,1,0,17354,522,,,live,26.23,25.46,28,20260907-1629
2026-09-07 16:49:54,Pre-HAUSPM,SIGN,45,0,0.003000,0.200,0.008,901027,416,0,27521,27521,0,0,0,154388008,0,153088039,0,0.000000,0.000000,0.000000,15893,35711,158.70,0,0,0,0,SUCCESS,0,0,warm20,,,,,1,0,16567,532,,,live,25.46,24.94,28,20260907-1629
2026-09-07 16:50:22,Pre-HAUSPM,SIGN,46,0,0.003000,0.200,0.008,916886,422,0,27365,27365,0,0,0,152787167,0,151508695,0,0.000000,0.000000,0.000000,15488,34847,200.97,0,0,0,0,SUCCESS,0,0,warm20,,,,,1,0,15859,542,,,live,24.94,24.59,28,20260907-1629
2026-09-07 16:50:50,Pre-HAUSPM,SIGN,47,0,0.003000,0.200,0.008,933116,428,0,27137,27137,0,0,0,150607623,0,149354455,0,0.000000,0.000000,0.000000,15117,34004,61.56,0,0,0,0,SUCCESS,0,0,warm20,,,,,1,0,16230,552,,,live,24.59,24.24,28,20260907-1629
2026-09-07 16:51:17,Pre-HAUSPM,SIGN,48,0,0.003000,0.200,0.008,947537,434,0,26872,26872,0,0,0,148750779,0,147519206,0,0.000000,0.000000,0.000000,14733,33154,280.00,0,0,0,0,SUCCESS,0,0,warm20,,,,,1,0,14421,562,,,live,23.89,23.89,27,20260907-1629
2026-09-07 16:51:44,Pre-HAUSPM,SIGN,49,0,0.003000,0.200,0.008,957204,440,0,26585,26585,0,0,0,146408699,0,145200316,0,0.000000,0.000000,0.000000,14599,32698,104.08,0,0,0,0,SUCCESS,0,0,warm20,,,,,1,0,9667,570,,,live,23.89,23.71,27,20260907-1629
2026-09-07 16:52:11,Pre-HAUSPM,SIGN,50,0,0.003000,0.200,0.008,967022,446,0,26449,26449,0,0,0,145183073,0,143989438,0,0.000000,0.000000,0.000000,14609,32624,194.29,0,0,0,0,SUCCESS,0,0,warm20,,,,,1,0,9818,576,,,live,23.71,23.68,27,20260907-1629
2026-09-07 16:52:38,Pre-HAUSPM,SIGN,51,0,0.003000,0.200,0.008,979636,452,0,26776,26776,0,0,0,146282487,0,145085695,0,0.000000,0.000000,0.000000,14554,32458,227.01,0,0,0,0,SUCCESS,0,0,warm20,,,,,1,0,12614,582,,,live,23.68,23.62,27,20260907-1629
2026-09-07 16:53:05,Pre-HAUSPM,SIGN,52,0,0.003000,0.200,0.008,990505,458,0,26501,26501,0,0,0,144428401,0,143250838,0,0.000000,0.000000,0.000000,14363,32026,146.30,0,0,0,0,SUCCESS,0,0,warm20,,,,,1,0,10869,590,,,live,23.93,23.93,27,20260907-1629
2026-09-07 16:53:32,Pre-HAUSPM,SIGN,53,0,0.003000,0.200,0.008,1001386,464,0,26154,26154,0,0,0,141530822,0,140380899,0,0.000000,0.000000,0.000000,14056,31274,97.06,0,0,0,0,SUCCESS,0,0,warm20,,,,,1,0,10881,596,,,live,23.92,23.13,27,20260907-1629
2026-09-07 16:53:58,Pre-HAUSPM,SIGN,54,0,0.003000,0.200,0.008,1016244,470,0,26265,26265,0,0,0,141524229,0,140381544,0,0.000000,0.000000,0.000000,13905,30965,215.48,0,0,0,0,SUCCESS,0,0,warm20,,,,,1,0,14858,603,,,live,23.01,23.01,27,20260907-1629
2026-09-07 16:54:25,Pre-HAUSPM,SIGN,55,0,0.003000,0.200,0.008,1027129,476,0,26236,26236,0,0,0,140772970,0,139640415,0,0.000000,0.000000,0.000000,13871,30839,101.51,0,0,0,0,SUCCESS,0,0,warm20,,,,,1,0,10885,612,,,live,23.47,23.47,27,20260907-1629
2026-09-07 16:54:52,Pre-HAUSPM,SIGN,56,0,0.003000,0.200,0.008,1047408,482,0,26273,26274,0,0,0,140359358,0,139239449,0,0.000000,0.000000,0.000000,13478,29927,194.51,0,0,0,0,SUCCESS,0,0,warm20,,,,,1,0,20279,618,,,live,23.47,22.59,27,20260907-1629
2026-09-07 16:55:18,Pre-HAUSPM,SIGN,57,0,0.003000,0.200,0.008,1060421,488,0,26122,26122,0,0,0,139139438,0,138032339,0,0.000000,0.000000,0.000000,13277,29502,41.97,0,0,0,0,SUCCESS,0,0,warm20,,,,,1,0,13013,630,,,live,22.59,22.42,27,20260907-1629
2026-09-07 16:55:45,Pre-HAUSPM,SIGN,58,0,0.003000,0.200,0.008,1079371,494,0,26069,26069,0,0,0,138164884,0,137071456,0,0.000000,0.000000,0.000000,13241,29610,43.61,0,0,0,0,SUCCESS,0,0,warm20,,,,,1,0,18950,638,,,live,22.53,22.47,27,20260907-1629
2026-09-07 16:56:11,Pre-HAUSPM,SIGN,59,0,0.003000,0.200,0.008,1096747,500,0,26076,26076,0,0,0,137898195,0,136810521,0,0.000000,0.000000,0.000000,13167,29545,37.23,0,0,0,0,SUCCESS,0,0,warm20,,,,,1,0,17376,650,,,live,22.66,22.44,27,20260907-1629
2026-09-07 16:56:37,Pre-HAUSPM,SIGN,60,0,0.003000,0.200,0.008,1110602,506,0,26069,26069,0,0,0,136605777,0,135532593,0,0.000000,0.000000,0.000000,13007,29076,113.16,0,0,0,0,SUCCESS,0,0,warm20,,,,,1,0,13855,660,,,live,22.44,22.25,27,20260907-1629
2026-09-07 16:57:04,Pre-HAUSPM,SIGN,61,0,0.003000,0.200,0.008,1124744,512,0,25817,25817,0,0,0,135495873,0,134437554,0,0.000000,0.000000,0.000000,12882,28793,81.34,0,0,0,0,SUCCESS,0,0,warm20,,,,,1,0,14142,668,,,live,22.25,22.14,26,20260907-1629
2026-09-07 16:57:30,Pre-HAUSPM,SIGN,62,0,0.003000,0.200,0.008,1139446,518,0,25971,25971,0,0,0,135648178,0,134596099,0,0.000000,0.000000,0.000000,12846,28682,134.64,0,0,0,0,SUCCESS,0,0,warm20,,,,,1,0,14702,677,,,live,22.14,22.10,26,20260907-1629
2026-09-07 16:57:57,Pre-HAUSPM,SIGN,63,0,0.003000,0.200,0.008,1156811,524,0,26073,26073,0,0,0,135140781,0,134101872,0,0.000000,0.000000,0.000000,12821,28608,107.76,0,0,0,0,SUCCESS,0,0,warm20,,,,,1,0,17365,686,,,live,22.32,22.08,27,20260907-1629
2026-09-07 16:58:23,Pre-HAUSPM,SIGN,64,0,0.003000,0.200,0.008,1169601,530,0,26087,26087,0,0,0,134595691,0,133565833,0,0.000000,0.000000,0.000000,12622,28248,107.89,0,0,0,0,SUCCESS,0,0,warm20,,,,,1,0,12790,696,,,live,22.46,21.93,27,20260907-1629
2026-09-07 16:58:49,Pre-HAUSPM,SIGN,65,0,0.003000,0.200,0.008,1183474,536,0,25959,25959,0,0,0,133662857,0,132643748,0,0.000000,0.000000,0.000000,12433,27838,284.04,0,0,0,0,SUCCESS,0,0,warm20,,,,,1,0,13873,704,,,live,21.93,21.77,26,20260907-1629
2026-09-07 16:59:16,Pre-HAUSPM,SIGN,66,0,0.003000,0.200,0.008,1194955,542,0,25802,25803,0,0,0,132361068,0,131354867,0,0.000000,0.000000,0.000000,12294,27511,113.10,0,0,0,0,SUCCESS,0,0,warm20,,,,,1,0,11481,712,,,live,21.77,21.64,26,20260907-1629
2026-09-07 16:59:42,Pre-HAUSPM,SIGN,67,0,0.003000,0.200,0.008,1209554,548,0,25633,25633,0,0,0,130970872,0,129979928,0,0.000000,0.000000,0.000000,12041,26918,166.12,0,0,0,0,SUCCESS,0,0,warm20,,,,,1,0,14599,719,,,live,21.64,21.39,26,20260907-1629
2026-09-07 17:00:08,Pre-HAUSPM,SIGN,68,0,0.003000,0.200,0.008,1225092,554,0,25873,25873,0,0,0,131589149,0,130598018,0,0.000000,0.000000,0.000000,12117,27150,80.76,0,0,0,0,SUCCESS,0,0,warm20,,,,,1,0,15538,728,,,live,22.07,22.07,26,20260907-1629
2026-09-07 17:00:35,Pre-HAUSPM,SIGN,69,0,0.003000,0.200,0.008,1246726,560,0,26905,26905,0,0,0,137913641,0,136891857,0,0.000000,0.000000,0.000000,12158,27294,246.31,0,0,0,0,SUCCESS,0,0,warm20,,,,,1,0,21634,737,,,live,22.07,21.56,27,20260907-1629
2026-09-07 17:01:03,Pre-HAUSPM,SIGN,70,0,0.003000,0.200,0.008,1265597,566,0,27539,27539,0,0,0,140243450,0,139207881,0,0.000000,0.000000,0.000000,12584,28378,220.14,0,0,0,0,SUCCESS,0,0,warm20,,,,,1,0,18871,750,,,live,22.17,22.02,28,20260907-1629
2026-09-07 17:01:31,Pre-HAUSPM,SIGN,71,0,0.003000,0.200,0.008,1283052,572,0,27819,27819,0,0,0,140826464,0,139788920,0,0.000000,0.000000,0.000000,12659,28441,43.94,0,0,0,0,SUCCESS,0,0,warm20,,,,,1,0,17455,762,,,live,22.05,22.05,28,20260907-1629
2026-09-07 17:02:00,Pre-HAUSPM,SIGN,72,0,0.003000,0.200,0.008,1300784,578,0,28617,28617,0,0,0,144533017,0,143473202,0,0.000000,0.000000,0.000000,12940,29007,86.47,0,0,0,0,SUCCESS,0,0,warm20,,,,,1,0,17732,772,,,live,22.30,22.30,29,20260907-1629
2026-09-07 17:02:30,Pre-HAUSPM,SIGN,73,0,0.003000,0.200,0.008,1316615,584,0,29059,29059,0,0,0,146118210,0,145052421,0,0.000000,0.000000,0.000000,12887,28983,102.60,0,0,0,0,SUCCESS,0,0,warm20,,,,,1,0,15831,783,,,live,22.60,22.29,30,20260907-1629
2026-09-07 17:02:59,Pre-HAUSPM,SIGN,74,0,0.003000,0.200,0.008,1330102,590,0,28900,28901,0,0,0,144757249,0,143704650,0,0.000000,0.000000,0.000000,12801,28723,134.54,0,0,0,0,SUCCESS,0,0,warm20,,,,,1,0,13487,792,,,live,22.80,22.80,29,20260907-1629
2026-09-07 17:03:28,Pre-HAUSPM,SIGN,75,0,0.003000,0.200,0.008,1342143,596,0,28705,28706,0,0,0,143254355,0,142215573,0,0.000000,0.000000,0.000000,12641,28316,86.41,0,0,0,0,SUCCESS,0,0,warm20,,,,,1,0,12041,800,,,live,22.80,22.02,29,20260907-1629
2026-09-07 17:03:57,Pre-HAUSPM,SIGN,76,0,0.003000,0.200,0.008,1352225,602,0,28429,28430,0,0,0,141639923,0,140615109,0,0.000000,0.000000,0.000000,12469,27972,229.93,0,0,0,0,SUCCESS,0,0,warm20,,,,,1,0,10082,808,,,live,22.02,21.89,29,20260907-1629
2026-09-07 17:04:26,Pre-HAUSPM,SIGN,77,0,0.003000,0.200,0.008,1364919,608,0,28617,28618,0,0,0,141749308,0,140725714,0,0.000000,0.000000,0.000000,12515,28067,236.05,0,0,0,0,SUCCESS,0,0,warm20,,,,,1,0,12694,814,,,live,21.93,21.93,29,20260907-1629
2026-09-07 17:04:55,Pre-HAUSPM,SIGN,78,0,0.003000,0.200,0.008,1378844,614,0,28744,28745,0,0,0,141639414,0,140620092,0,0.000000,0.000000,0.000000,12541,28068,225.23,0,0,0,0,SUCCESS,0,0,warm20,,,,,1,0,13925,821,,,live,21.94,21.94,29,20260907-1629
2026-09-07 17:05:24,Pre-HAUSPM,SIGN,79,0,0.003000,0.200,0.008,1390075,620,0,28615,28615,0,0,0,140158075,0,139152029,0,0.000000,0.000000,0.000000,12364,27636,187.77,0,0,0,0,SUCCESS,0,0,warm20,,,,,1,0,11231,830,,,live,21.94,21.76,29,20260907-1629
2026-09-07 17:05:53,Pre-HAUSPM,SIGN,80,0,0.003000,0.200,0.008,1404925,626,0,28485,28486,0,0,0,139542030,0,138545957,0,0.000000,0.000000,0.000000,12159,27255,155.86,0,0,0,0,SUCCESS,0,0,warm20,,,,,1,0,14850,837,,,live,21.76,21.61,29,20260907-1629
2026-09-07 17:06:22,Pre-HAUSPM,SIGN,81,0,0.003000,0.200,0.008,1419540,632,0,28558,28558,0,0,0,139178909,0,138187066,0,0.000000,0.000000,0.000000,12230,27410,251.89,0,0,0,0,SUCCESS,0,0,warm20,,,,,1,0,14615,845,,,live,21.69,21.68,29,20260907-1629
2026-09-07 17:06:52,Pre-HAUSPM,SIGN,82,0,0.003000,0.200,0.008,1430972,638,0,28828,28828,0,0,0,139699716,0,138705051,0,0.000000,0.000000,0.000000,12165,27327,112.88,0,0,0,0,SUCCESS,0,0,warm20,,,,,1,0,11432,854,,,live,21.68,21.65,29,20260907-1629
2026-09-07 17:07:21,Pre-HAUSPM,SIGN,83,0,0.003000,0.200,0.008,1446547,644,0,28945,28945,0,0,0,139364770,0,138374288,0,0.000000,0.000000,0.000000,12128,27189,102.52,0,0,0,0,SUCCESS,0,0,warm20,,,,,1,0,15575,861,,,live,21.65,21.59,29,20260907-1629
2026-09-07 17:07:51,Pre-HAUSPM,SIGN,84,0,0.003000,0.200,0.008,1466019,650,0,29504,29504,0,0,0,140995861,0,139996989,0,0.000000,0.000000,0.000000,12206,27385,145.80,0,0,0,0,SUCCESS,0,0,warm20,,,,,1,0,19472,871,,,live,22.06,21.68,30,20260907-1629
2026-09-07 17:08:21,Pre-HAUSPM,SIGN,85,0,0.003000,0.200,0.008,1477721,656,0,29319,29319,0,0,0,140000489,0,139011383,0,0.000000,0.000000,0.000000,12122,27123,251.78,0,0,0,0,SUCCESS,0,0,warm20,,,,,1,0,11702,882,,,live,21.76,21.58,30,20260907-1629
2026-09-07 17:08:50,Pre-HAUSPM,SIGN,86,0,0.003000,0.200,0.008,1489446,662,0,29248,29248,0,0,0,139253336,0,138272051,0,0.000000,0.000000,0.000000,12092,27034,200.27,0,0,0,0,SUCCESS,0,0,warm20,,,,,1,0,11725,889,,,live,22.04,21.55,30,20260907-1629
2026-09-07 17:09:20,Pre-HAUSPM,SIGN,87,0,0.003000,0.200,0.008,1504545,668,0,29619,29619,0,0,0,140308464,0,139324018,0,0.000000,0.000000,0.000000,12261,27325,294.38,0,0,0,0,SUCCESS,0,0,warm20,,,,,1,0,15099,896,,,live,21.68,21.68,30,20260907-1629
2026-09-07 17:09:51,Pre-HAUSPM,SIGN,88,0,0.003000,0.200,0.008,1520720,674,0,30187,30187,0,0,0,141768005,0,140777235,0,0.000000,0.000000,0.000000,12357,27546,81.93,0,0,0,0,SUCCESS,0,0,warm20,,,,,1,0,16175,905,,,live,22.02,21.77,31,20260907-1629
2026-09-07 17:10:22,Pre-HAUSPM,SIGN,89,0,0.003000,0.200,0.008,1534926,680,0,30291,30291,0,0,0,141664588,0,140677293,0,0.000000,0.000000,0.000000,12454,27713,150.51,0,0,0,0,SUCCESS,0,0,warm20,,,,,1,0,14206,915,,,live,21.92,21.85,31,20260907-1629
2026-09-07 17:10:53,Pre-HAUSPM,SIGN,90,0,0.003000,0.200,0.008,1553182,686,0,30933,30933,0,0,0,144026977,0,143026814,0,0.000000,0.000000,0.000000,12724,28371,38.68,0,0,0,0,SUCCESS,0,0,warm20,,,,,1,0,18256,924,,,live,22.68,22.13,32,20260907-1629
2026-09-07 17:11:25,Pre-HAUSPM,SIGN,91,0,0.003000,0.200,0.008,1569089,692,0,31441,31442,0,0,0,145802741,0,144793713,0,0.000000,0.000000,0.000000,12856,28658,162.38,0,0,0,0,SUCCESS,0,0,warm20,,,,,1,0,15907,935,,,live,22.65,22.25,32,20260907-1629
2026-09-07 17:11:58,Pre-HAUSPM,SIGN,92,0,0.003000,0.200,0.008,1586819,698,0,32096,32096,0,0,0,148282579,0,147262089,0,0.000000,0.000000,0.000000,12860,28708,71.37,0,0,0,0,SUCCESS,0,0,warm20,,,,,1,0,17730,944,,,live,22.82,22.28,33,20260907-1629
2026-09-07 17:12:31,Pre-HAUSPM,SIGN,93,0,0.003000,0.200,0.008,1606504,704,0,33001,33001,0,0,0,151825814,0,150785814,0,0.000000,0.000000,0.000000,12872,28946,70.84,0,0,0,0,SUCCESS,0,0,warm20,,,,,1,0,19685,955,,,live,22.39,22.39,34,20260907-1629
2026-09-07 17:13:05,Pre-HAUSPM,SIGN,94,0,0.003000,0.200,0.008,1616945,710,0,33180,33180,0,0,0,151812047,0,150774293,0,0.000000,0.000000,0.000000,12890,29038,74.48,0,0,0,0,SUCCESS,0,0,warm20,,,,,1,0,10441,967,,,live,22.82,22.43,34,20260907-1629
2026-09-07 17:13:39,Pre-HAUSPM,SIGN,95,0,0.003000,0.200,0.008,1631610,716,0,33383,33383,0,0,0,153151246,0,152110391,0,0.000000,0.000000,0.000000,12886,28991,262.09,0,0,0,0,SUCCESS,0,0,warm20,,,,,1,0,14665,973,,,live,22.93,22.42,34,20260907-1629
2026-09-07 17:14:13,Pre-HAUSPM,SIGN,96,0,0.003000,0.200,0.008,1649145,722,0,33643,33644,0,0,0,153385586,0,152346864,0,0.000000,0.000000,0.000000,12904,29021,135.28,0,0,0,0,SUCCESS,0,0,warm20,,,,,1,0,17535,982,,,live,22.57,22.43,34,20260907-1629
2026-09-07 17:14:47,Pre-HAUSPM,SIGN,97,0,0.003000,0.200,0.008,1663324,728,0,33555,33556,0,0,0,152660495,0,151629501,0,0.000000,0.000000,0.000000,12728,28571,290.01,0,0,0,0,SUCCESS,0,0,warm20,,,,,1,0,14179,992,,,live,22.43,22.25,34,20260907-1629
2026-09-07 17:15:21,Pre-HAUSPM,SIGN,98,0,0.003000,0.200,0.008,1668652,730,0,33485,33485,0,0,0,152049944,0,151023735,0,0.000000,0.000000,0.000000,12666,28413,257.84,0,0,0,0,SUCCESS,0,0,warm20,,,,,1,0,5328,1001,,,live,22.25,22.19,34,20260907-1629
2026-09-07 17:15:21,Pre-HAUSPM,SIGN,99,0,0.003000,0.200,0.008,1668652,730,0,3,3,0,0,0,0,0,0,0,0.000000,0.000000,0.000000,12666,28413,29.81,0,0,0,0,SUCCESS,0,0,warm20,,,,,0,0,0,1004,,,live,22.19,22.19,1,20260907-1629
2026-09-07 17:15:24,Pre-HAUSPM,C8T1S5I8N5K,0,0,0.000200,0.200,0.200,9488535,9427,3,2054,2058,0,0,0,21111635,0,20752774,0,0.000000,0.000000,0.000000,6075,62726,237.56,0,0,0,0,SUCCESS,0,0,warm20,,,,,1,0,9488535,0,,,live,123.11,114.85,3,20260907-1629
2026-09-07 17:15:26,Pre-HAUSPM,C8T1S5I8N5K,1,0,0.000200,0.200,0.008,9860531,9808,0,1938,1938,0,0,0,22116927,0,21735325,0,0.000000,0.000000,0.000000,5885,63072,717.63,0,0,0,0,SUCCESS,0,0,warm20,,,,,1,0,371996,380,,,live,115.06,115.06,2,20260907-1629
2026-09-07 17:15:28,Pre-HAUSPM,C8T1S5I8N5K,2,0,0.000200,0.200,0.008,10237847,10189,0,1996,1996,0,0,0,20951580,0,20595635,0,0.000000,0.000000,0.000000,6216,63973,351.20,0,0,0,0,SUCCESS,0,0,warm20,,,,,1,0,377316,395,,,live,115.72,115.72,2,20260907-1629
2026-09-07 17:15:30,Pre-HAUSPM,C8T1S5I8N5K,3,0,0.000200,0.200,0.008,10612071,10570,0,1813,1813,0,0,0,19448677,0,19134347,0,0.000000,0.000000,0.000000,5710,61981,285.71,0,0,0,0,SUCCESS,0,0,warm20,,,,,1,0,374224,410,,,live,115.72,114.81,2,20260907-1629
2026-09-07 17:15:31,Pre-HAUSPM,C8T1S5I8N5K,4,0,0.000200,0.200,0.008,10998812,10951,0,1737,1737,0,0,0,18071328,0,17789057,0,0.000000,0.000000,0.000000,6197,63171,470.36,0,0,0,0,SUCCESS,0,0,warm20,,,,,1,0,386741,425,,,live,115.41,115.41,2,20260907-1629
2026-09-07 17:15:33,Pre-HAUSPM,C8T1S5I8N5K,5,0,0.000200,0.200,0.008,11372679,11332,0,1850,1850,0,0,0,21269718,0,20954298,0,0.000000,0.000000,0.000000,7077,64518,981.50,0,0,0,0,SUCCESS,0,0,warm20,,,,,1,0,373867,440,,,live,116.06,116.06,2,20260907-1629
2026-09-07 17:15:35,Pre-HAUSPM,C8T1S5I8N5K,6,0,0.000200,0.200,0.008,11751454,11713,0,1824,1824,0,0,0,20563576,0,20264564,0,0.000000,0.000000,0.000000,7171,64792,607.08,0,0,0,0,SUCCESS,0,0,warm20,,,,,1,0,378775,455,,,live,116.28,116.28,2,20260907-1629
2026-09-07 17:15:37,Pre-HAUSPM,C8T1S5I8N5K,7,0,0.000200,0.200,0.008,12140855,12094,0,1800,1800,0,0,0,19848714,0,19570847,0,0.000000,0.000000,0.000000,7532,65246,288.25,0,0,0,0,SUCCESS,0,0,warm20,,,,,1,0,389401,470,,,live,116.58,116.58,2,20260907-1629
2026-09-07 17:15:39,Pre-HAUSPM,C8T1S5I8N5K,8,0,0.000200,0.200,0.008,12513750,12475,0,1892,1892,0,0,0,19577012,0,19303704,0,0.000000,0.000000,0.000000,7536,64977,734.35,0,0,0,0,SUCCESS,0,0,warm20,,,,,1,0,372895,486,,,live,117.07,117.07,2,20260907-1629
2026-09-07 17:15:41,Pre-HAUSPM,C8T1S5I8N5K,9,0,0.000200,0.200,0.008,12914821,12856,0,1891,1892,0,0,0,19844611,0,19575542,0,0.000000,0.000000,0.000000,6698,63969,893.17,0,0,0,0,SUCCESS,0,0,warm20,,,,,1,0,401071,501,,,live,117.07,116.76,2,20260907-1629
2026-09-07 17:15:43,Pre-HAUSPM,C8T1S5I8N5K,10,0,0.000200,0.200,0.008,13305508,13237,0,1772,1772,0,0,0,19135865,0,18877206,0,0.000000,0.000000,0.000000,6517,64328,464.14,0,0,0,0,SUCCESS,0,0,warm20,,,,,1,0,390687,517,,,live,117.01,117.01,2,20260907-1629
2026-09-07 17:15:45,Pre-HAUSPM,C8T1S5I8N5K,11,0,0.000200,0.200,0.008,13706693,13618,0,1875,1875,0,0,0,18227733,0,17985350,0,0.000000,0.000000,0.000000,6096,63161,288.71,0,0,0,0,SUCCESS,0,0,warm20,,,,,1,0,401185,532,,,live,117.02,116.64,2,20260907-1629
2026-09-07 17:15:47,Pre-HAUSPM,C8T1S5I8N5K,12,0,0.000200,0.200,0.008,14085848,13999,0,1835,1835,0,0,0,18243150,0,18003893,0,0.000000,0.000000,0.000000,5787,62935,1352.62,0,0,0,0,SUCCESS,0,0,warm20,,,,,1,0,379155,548,,,live,116.65,116.65,2,20260907-1629
2026-09-07 17:15:49,Pre-HAUSPM,C8T1S5I8N5K,13,0,0.000200,0.200,0.008,14448564,14380,0,1801,1801,0,0,0,17966024,0,17733145,0,0.000000,0.000000,0.000000,5569,62344,1272.68,0,0,0,0,SUCCESS,0,0,warm20,,,,,1,0,362716,564,,,live,116.65,116.54,2,20260907-1629
2026-09-07 17:15:50,Pre-HAUSPM,C8T1S5I8N5K,14,0,0.000200,0.200,0.008,14856850,14761,0,1798,1798,0,0,0,17395333,0,17172280,0,0.000000,0.000000,0.000000,5314,61640,1344.16,0,0,0,0,SUCCESS,0,0,warm20,,,,,1,0,408286,578,,,live,116.54,116.35,2,20260907-1629
2026-09-07 17:15:52,Pre-HAUSPM,C8T1S5I8N5K,15,0,0.000200,0.200,0.008,15236031,15142,0,1868,1868,0,0,0,17876392,0,17643874,0,0.000000,0.000000,0.000000,5751,62651,1480.41,0,0,0,0,SUCCESS,0,0,warm20,,,,,1,0,379181,594,,,live,116.87,116.87,2,20260907-1629
2026-09-07 17:15:54,Pre-HAUSPM,C8T1S5I8N5K,16,0,0.000200,0.200,0.008,15637254,15523,0,1836,1836,0,0,0,17297378,0,17075306,0,0.000000,0.000000,0.000000,5143,60843,1424.03,0,0,0,0,SUCCESS,0,0,warm20,,,,,1,0,401223,610,,,live,116.87,116.24,2,20260907-1629
2026-09-07 17:15:56,Pre-HAUSPM,C8T1S5I8N5K,17,0,0.000200,0.200,0.008,16001183,15904,0,1825,1825,0,0,0,17273007,0,17054460,0,0.000000,0.000000,0.000000,4765,59741,1431.52,0,0,0,0,SUCCESS,0,0,warm20,,,,,1,0,363929,626,,,live,116.24,115.88,2,20260907-1629
2026-09-07 17:15:58,Pre-HAUSPM,C8T1S5I8N5K,18,0,0.000200,0.200,0.008,16376279,16285,0,1832,1832,0,0,0,17116683,0,16903037,0,0.000000,0.000000,0.000000,5394,60603,1065.53,0,0,0,0,SUCCESS,0,0,warm20,,,,,1,0,375096,640,,,live,116.34,116.34,2,20260907-1629
2026-09-07 17:16:00,Pre-HAUSPM,C8T1S5I8N5K,19,0,0.000200,0.200,0.008,16736060,16666,0,1876,1876,0,0,0,16719614,0,16513152,0,0.000000,0.000000,0.000000,5316,60342,1280.38,0,0,0,0,SUCCESS,0,0,warm20,,,,,1,0,359781,655,,,live,116.34,116.33,2,20260907-1629
2026-09-07 17:16:02,Pre-HAUSPM,C8T1S5I8N5K,20,0,0.000200,0.200,0.008,17118756,17047,0,1868,1868,0,0,0,17235367,0,17024896,0,0.000000,0.000000,0.000000,5733,61348,795.73,0,0,0,0,SUCCESS,0,0,warm20,,,,,1,0,382696,670,,,live,116.86,116.86,2,20260907-1629
2026-09-07 17:16:04,Pre-HAUSPM,C8T1S5I8N5K,21,0,0.000200,0.200,0.008,17469367,17428,0,1847,1847,0,0,0,16941374,0,16737491,0,0.000000,0.000000,0.000000,5511,61566,1106.50,0,0,0,0,SUCCESS,0,0,warm20,,,,,1,0,350611,685,,,live,117.05,117.05,2,20260907-1629
2026-09-07 17:16:06,Pre-HAUSPM,C8T1S5I8N5K,22,0,0.000200,0.200,0.008,17882077,17809,0,1897,1897,0,0,0,16961194,0,16757666,0,0.000000,0.000000,0.000000,5460,61728,257.78,0,0,0,0,SUCCESS,0,0,warm20,,,,,1,0,412710,699,,,live,117.99,117.99,2,20260907-1629
2026-09-07 17:16:08,Pre-HAUSPM,C8T1S5I8N5K,23,0,0.000200,0.200,0.008,18263919,18190,0,1886,1886,0,0,0,16901016,0,16698995,0,0.000000,0.000000,0.000000,5224,61383,281.12,0,0,0,0,SUCCESS,0,0,warm20,,,,,1,0,381842,715,,,live,117.99,117.67,2,20260907-1629
2026-09-07 17:16:10,Pre-HAUSPM,C8T1S5I8N5K,24,0,0.000200,0.200,0.008,18657262,18571,0,1971,1972,0,0,0,16732501,0,16535211,0,0.000000,0.000000,0.000000,4981,60574,217.81,0,0,0,0,SUCCESS,0,0,warm20,,,,,1,0,393343,731,,,live,117.67,117.20,2,20260907-1629
2026-09-07 17:16:12,Pre-HAUSPM,C8T1S5I8N5K,25,0,0.000200,0.200,0.008,19053088,18952,0,1904,1904,0,0,0,16830163,0,16634278,0,0.000000,0.000000,0.000000,4603,59643,1289.12,0,0,0,0,SUCCESS,0,0,warm20,,,,,1,0,395826,746,,,live,117.20,116.67,2,20260907-1629
2026-09-07 17:16:14,Pre-HAUSPM,C8T1S5I8N5K,26,0,0.000200,0.200,0.008,19437911,19333,0,1871,1871,0,0,0,16553174,0,16362099,0,0.000000,0.000000,0.000000,4467,58953,628.84,0,0,0,0,SUCCESS,0,0,warm20,,,,,1,0,384823,762,,,live,116.67,116.49,2,20260907-1629
2026-09-07 17:16:16,Pre-HAUSPM,C8T1S5I8N5K,27,0,0.000200,0.200,0.008,19822113,19714,0,1842,1842,0,0,0,16430787,0,16242987,0,0.000000,0.000000,0.000000,4548,59283,320.32,0,0,0,0,SUCCESS,0,0,warm20,,,,,1,0,384202,778,,,live,116.73,116.73,2,20260907-1629
2026-09-07 17:16:18,Pre-HAUSPM,C8T1S5I8N5K,28,0,0.000200,0.200,0.008,20208654,20095,0,1983,1983,0,0,0,16433946,0,16248653,0,0.000000,0.000000,0.000000,4279,58679,194.24,0,0,0,0,SUCCESS,0,0,warm20,,,,,1,0,386541,793,,,live,116.97,116.97,2,20260907-1629
2026-09-07 17:16:20,Pre-HAUSPM,C8T1S5I8N5K,29,0,0.000200,0.200,0.008,20585609,20476,0,1903,1903,0,0,0,16423116,0,16240472,0,0.000000,0.000000,0.000000,4122,57939,1177.55,0,0,0,0,SUCCESS,0,0,warm20,,,,,1,0,376955,809,,,live,116.97,116.39,2,20260907-1629
2026-09-07 17:16:22,Pre-HAUSPM,C8T1S5I8N5K,30,0,0.000200,0.200,0.008,20988516,20857,0,1926,1926,0,0,0,16616114,0,16432836,0,0.000000,0.000000,0.000000,3896,56937,454.46,0,0,0,0,SUCCESS,0,0,warm20,,,,,1,0,402907,824,,,live,116.39,116.08,2,20260907-1629
2026-09-07 17:16:24,Pre-HAUSPM,C8T1S5I8N5K,31,0,0.000200,0.200,0.008,21379871,21238,0,1952,1952,0,0,0,16549697,0,16368881,0,0.000000,0.000000,0.000000,3722,56213,335.94,0,0,0,0,SUCCESS,0,0,warm20,,,,,1,0,391355,840,,,live,116.08,115.93,2,20260907-1629
2026-09-07 17:16:26,Pre-HAUSPM,C8T1S5I8N5K,32,0,0.000200,0.200,0.008,21758395,21619,0,2053,2053,0,0,0,17013670,0,16829089,0,0.000000,0.000000,0.000000,3512,55460,437.03,0,0,0,0,SUCCESS,0,0,warm20,,,,,1,0,378524,855,,,live,125.03,115.72,3,20260907-1629
2026-09-07 17:16:28,Pre-HAUSPM,C8T1S5I8N5K,33,0,0.000200,0.200,0.008,22151372,22000,0,2007,2007,0,0,0,16886307,0,16704415,0,0.000000,0.000000,0.000000,3756,56422,168.68,0,0,0,0,SUCCESS,0,0,warm20,,,,,1,0,392977,871,,,live,128.68,116.22,3,20260907-1629
2026-09-07 17:16:30,Pre-HAUSPM,C8T1S5I8N5K,34,0,0.000200,0.200,0.008,22537156,22381,0,2023,2023,0,0,0,16946449,0,16766321,0,0.000000,0.000000,0.000000,3758,56185,232.35,0,0,0,0,SUCCESS,0,0,warm20,,,,,1,0,385784,886,,,live,128.35,116.23,3,20260907-1629
2026-09-07 17:16:32,Pre-HAUSPM,C8T1S5I8N5K,35,0,0.000200,0.200,0.008,22909920,22762,0,2045,2045,0,0,0,17125283,0,16942398,0,0.000000,0.000000,0.000000,3731,56087,327.01,0,0,0,0,SUCCESS,0,0,warm20,,,,,1,0,372764,902,,,live,127.01,116.29,3,20260907-1629
2026-09-07 17:16:34,Pre-HAUSPM,C8T1S5I8N5K,36,0,0.000200,0.200,0.008,23320068,23143,0,2149,2150,0,0,0,17329801,0,17147176,0,0.000000,0.000000,0.000000,3641,55864,510.25,0,0,0,0,SUCCESS,0,0,warm20,,,,,1,0,410148,917,,,live,122.21,116.31,3,20260907-1629
2026-09-07 17:16:37,Pre-HAUSPM,C8T1S5I8N5K,37,0,0.000200,0.200,0.008,23698370,23524,0,2142,2142,0,0,0,17267372,0,17086193,0,0.000000,0.000000,0.000000,3515,55356,343.67,0,0,0,0,SUCCESS,0,0,warm20,,,,,1,0,378302,933,,,live,122.92,116.20,3,20260907-1629
2026-09-07 17:16:39,Pre-HAUSPM,C8T1S5I8N5K,38,0,0.000200,0.200,0.008,24100790,23905,0,2167,2167,0,0,0,17137332,0,16959372,0,0.000000,0.000000,0.000000,3291,54563,565.77,0,0,0,0,SUCCESS,0,0,warm20,,,,,1,0,402420,948,,,live,121.65,115.98,3,20260907-1629
2026-09-07 17:16:41,Pre-HAUSPM,C8T1S5I8N5K,39,0,0.000200,0.200,0.008,24494244,24286,0,2166,2167,0,0,0,17037415,0,16861821,0,0.000000,0.000000,0.000000,3104,53869,533.85,0,0,0,0,SUCCESS,0,0,warm20,,,,,1,0,393454,964,,,live,121.69,115.80,3,20260907-1629
2026-09-07 17:16:43,Pre-HAUSPM,C8T1S5I8N5K,40,0,0.000200,0.200,0.008,24862589,24667,0,2188,2189,0,0,0,17077305,0,16902855,0,0.000000,0.000000,0.000000,2983,53478,186.88,0,0,0,0,SUCCESS,0,0,warm20,,,,,1,0,368345,980,,,live,122.35,116.75,3,20260907-1629
2026-09-07 17:16:46,Pre-HAUSPM,C8T1S5I8N5K,41,0,0.000200,0.200,0.008,25264734,25048,0,2156,2156,0,0,0,17045999,0,16871629,0,0.000000,0.000000,0.000000,2906,52993,360.33,0,0,0,0,SUCCESS,0,0,warm20,,,,,1,0,402145,995,,,live,123.70,116.65,3,20260907-1629
2026-09-07 17:16:48,Pre-HAUSPM,C8T1S5I8N5K,42,0,0.000200,0.200,0.008,25654120,25429,0,2224,2224,0,0,0,17277965,0,17103835,0,0.000000,0.000000,0.000000,2835,52527,313.28,0,0,0,0,SUCCESS,0,0,warm20,,,,,1,0,389386,1011,,,live,122.40,116.57,3,20260907-1629
2026-09-07 17:16:50,Pre-HAUSPM,C8T1S5I8N5K,43,0,0.000200,0.200,0.008,26046150,25810,0,2239,2239,0,0,0,17472318,0,17298910,0,0.000000,0.000000,0.000000,2897,53555,439.83,0,0,0,0,SUCCESS,0,0,warm20,,,,,1,0,392030,1026,,,live,122.35,117.10,3,20260907-1629
2026-09-07 17:16:53,Pre-HAUSPM,C8T1S5I8N5K,44,0,0.000200,0.200,0.008,26432947,26191,0,2312,2312,0,0,0,17601180,0,17427132,0,0.000000,0.000000,0.000000,2697,52912,408.62,0,0,0,0,SUCCESS,0,0,warm20,,,,,1,0,386797,1042,,,live,121.34,116.94,3,20260907-1629
2026-09-07 17:16:55,Pre-HAUSPM,C8T1S5I8N5K,45,0,0.000200,0.200,0.008,26847057,26572,0,2315,2315,0,0,0,17743951,0,17569013,0,0.000000,0.000000,0.000000,2736,52743,392.40,0,0,0,0,SUCCESS,0,0,warm20,,,,,1,0,414110,1058,,,live,121.27,116.98,3,20260907-1629
2026-09-07 17:16:57,Pre-HAUSPM,C8T1S5I8N5K,46,0,0.000200,0.200,0.008,27199889,26953,0,2353,2354,0,0,0,17947670,0,17771232,0,0.000000,0.000000,0.000000,2876,53280,156.23,0,0,0,0,SUCCESS,0,0,warm20,,,,,1,0,352832,1074,,,live,121.05,117.30,3,20260907-1629
2026-09-07 17:17:00,Pre-HAUSPM,C8T1S5I8N5K,47,0,0.000200,0.200,0.008,27579163,27334,0,2299,2299,0,0,0,17982600,0,17807215,0,0.000000,0.000000,0.000000,2901,53178,243.09,0,0,0,0,SUCCESS,0,0,warm20,,,,,1,0,379274,1088,,,live,122.40,117.36,3,20260907-1629
2026-09-07 17:17:02,Pre-HAUSPM,C8T1S5I8N5K,48,0,0.000200,0.200,0.008,27972766,27715,0,2385,2385,0,0,0,18007390,0,17831928,0,0.000000,0.000000,0.000000,2982,53622,361.51,0,0,0,0,SUCCESS,0,0,warm20,,,,,1,0,393603,1103,,,live,121.37,117.65,3,20260907-1629
2026-09-07 17:17:05,Pre-HAUSPM,C8T1S5I8N5K,49,0,0.000200,0.200,0.008,28365723,28096,0,2394,2395,0,0,0,17939980,0,17764377,0,0.000000,0.000000,0.000000,3165,54257,299.17,0,0,0,0,SUCCESS,0,0,warm20,,,,,1,0,392957,1119,,,live,121.97,118.02,3,20260907-1629
2026-09-07 17:17:07,Pre-HAUSPM,C8T1S5I8N5K,50,0,0.000200,0.200,0.008,28747973,28477,0,2483,2484,0,0,0,17852921,0,17678592,0,0.000000,0.000000,0.000000,3190,54169,695.37,0,0,0,0,SUCCESS,0,0,warm20,,,,,1,0,382250,1135,,,live,121.39,118.08,3,20260907-1629
2026-09-07 17:17:10,Pre-HAUSPM,C8T1S5I8N5K,51,0,0.000200,0.200,0.008,29148674,28858,0,2466,2466,0,0,0,17975659,0,17801420,0,0.000000,0.000000,0.000000,3606,55686,190.30,0,0,0,0,SUCCESS,0,0,warm20,,,,,1,0,400701,1150,,,live,122.35,118.81,3,20260907-1629
2026-09-07 17:17:12,Pre-HAUSPM,C8T1S5I8N5K,52,0,0.000200,0.200,0.008,29538239,29239,0,2441,2441,0,0,0,17897180,0,17724494,0,0.000000,0.000000,0.000000,3511,55439,182.04,0,0,0,0,SUCCESS,0,0,warm20,,,,,1,0,389565,1166,,,live,122.71,118.82,3,20260907-1629
2026-09-07 17:17:15,Pre-HAUSPM,C8T1S5I8N5K,53,0,0.000200,0.200,0.008,29906147,29620,0,2475,2476,0,0,0,18059989,0,17887194,0,0.000000,0.000000,0.000000,3391,55150,332.17,0,0,0,0,SUCCESS,0,0,warm20,,,,,1,0,367908,1182,,,live,122.55,118.80,3,20260907-1629
2026-09-07 17:17:18,Pre-HAUSPM,C8T1S5I8N5K,54,0,0.000200,0.200,0.008,30291495,30001,0,2496,2496,0,0,0,18048897,0,17877162,0,0.000000,0.000000,0.000000,3264,54647,410.96,0,0,0,0,SUCCESS,0,0,warm20,,,,,1,0,385348,1196,,,live,122.16,118.70,3,20260907-1629
2026-09-07 17:17:20,Pre-HAUSPM,C8T1S5I8N5K,55,0,0.000200,0.200,0.008,30683235,30382,0,2572,2572,0,0,0,18063034,0,17892244,0,0.000000,0.000000,0.000000,3174,54221,942.88,0,0,0,0,SUCCESS,0,0,warm20,,,,,1,0,391740,1212,,,live,122.23,118.63,3,20260907-1629
2026-09-07 17:17:23,Pre-HAUSPM,C8T1S5I8N5K,56,0,0.000200,0.200,0.008,31050500,30763,0,2487,2487,0,0,0,18144154,0,17973835,0,0.000000,0.000000,0.000000,3135,54227,292.41,0,0,0,0,SUCCESS,0,0,warm20,,,,,1,0,367265,1228,,,live,122.68,118.73,3,20260907-1629
2026-09-07 17:17:25,Pre-HAUSPM,C8T1S5I8N5K,57,0,0.000200,0.200,0.008,31397327,31144,0,2538,2538,0,0,0,18193111,0,18023848,0,0.000000,0.000000,0.000000,3034,53896,530.43,0,0,0,0,SUCCESS,0,0,warm20,,,,,1,0,346827,1242,,,live,122.52,118.70,3,20260907-1629
2026-09-07 17:17:28,Pre-HAUSPM,C8T1S5I8N5K,58,0,0.000200,0.200,0.008,31771532,31525,0,2579,2579,0,0,0,18195422,0,18027144,0,0.000000,0.000000,0.000000,3040,53766,458.91,0,0,0,0,SUCCESS,0,0,warm20,,,,,1,0,374205,1256,,,live,122.37,118.75,3,20260907-1629
2026-09-07 17:17:31,Pre-HAUSPM,C8T1S5I8N5K,59,0,0.000200,0.200,0.008,32144335,31906,0,2576,2576,0,0,0,18191321,0,18024122,0,0.000000,0.000000,0.000000,2918,53314,450.98,0,0,0,0,SUCCESS,0,0,warm20,,,,,1,0,372803,1271,,,live,122.16,118.72,3,20260907-1629
2026-09-07 17:17:33,Pre-HAUSPM,C8T1S5I8N5K,60,0,0.000200,0.200,0.008,32548859,32287,0,2573,2573,0,0,0,18475800,0,18307264,0,0.000000,0.000000,0.000000,3066,53526,348.36,0,0,0,0,SUCCESS,0,0,warm20,,,,,1,0,404524,1286,,,live,122.40,118.92,3,20260907-1629
2026-09-07 17:17:36,Pre-HAUSPM,C8T1S5I8N5K,61,0,0.000200,0.200,0.008,32946105,32668,0,2632,2632,0,0,0,18966483,0,18794733,0,0.000000,0.000000,0.000000,3028,53402,554.55,0,0,0,0,SUCCESS,0,0,warm20,,,,,1,0,397246,1302,,,live,122.62,118.97,3,20260907-1629
2026-09-07 17:17:39,Pre-HAUSPM,C8T1S5I8N5K,62,0,0.000200,0.200,0.008,33335321,33049,0,2675,2675,0,0,0,18948610,0,18777600,0,0.000000,0.000000,0.000000,2938,53087,222.67,0,0,0,0,SUCCESS,0,0,warm20,,,,,1,0,389216,1318,,,live,122.42,118.95,3,20260907-1629
2026-09-07 17:17:42,Pre-HAUSPM,C8T1S5I8N5K,63,0,0.000200,0.200,0.008,33722190,33430,0,2660,2661,0,0,0,18937633,0,18767094,0,0.000000,0.000000,0.000000,2955,53536,380.68,0,0,0,0,SUCCESS,0,0,warm20,,,,,1,0,386869,1334,,,live,122.87,119.24,3,20260907-1629
2026-09-07 17:17:44,Pre-HAUSPM,C8T1S5I8N5K,64,0,0.000200,0.200,0.008,34102757,33811,0,2659,2660,0,0,0,18847451,0,18678458,0,0.000000,0.000000,0.000000,2871,53127,341.36,0,0,0,0,SUCCESS,0,0,warm20,,,,,1,0,380567,1349,,,live,123.36,119.17,3,20260907-1629
2026-09-07 17:17:47,Pre-HAUSPM,C8T1S5I8N5K,65,0,0.000200,0.200,0.008,34480042,34192,0,2706,2706,0,0,0,19158181,0,18988278,0,0.000000,0.000000,0.000000,2789,52965,176.00,0,0,0,0,SUCCESS,0,0,warm20,,,,,1,0,377285,1364,,,live,122.58,119.21,3,20260907-1629
2026-09-07 17:17:50,Pre-HAUSPM,C8T1S5I8N5K,66,0,0.000200,0.200,0.008,34856177,34573,0,2747,2747,0,0,0,18984037,0,18816012,0,0.000000,0.000000,0.000000,2698,52604,539.25,0,0,0,0,SUCCESS,0,0,warm20,,,,,1,0,376135,1379,,,live,122.56,119.16,3,20260907-1629
2026-09-07 17:17:53,Pre-HAUSPM,C8T1S5I8N5K,67,0,0.000200,0.200,0.008,35248911,34954,0,2711,2711,0,0,0,18830943,0,18664711,0,0.000000,0.000000,0.000000,2620,52266,365.24,0,0,0,0,SUCCESS,0,0,warm20,,,,,1,0,392734,1395,,,live,122.72,119.13,3,20260907-1629
2026-09-07 17:17:55,Pre-HAUSPM,C8T1S5I8N5K,68,0,0.000200,0.200,0.008,35625465,35335,0,2687,2688,0,0,0,18785697,0,18620056,0,0.000000,0.000000,0.000000,2554,51857,444.09,0,0,0,0,SUCCESS,0,0,warm20,,,,,1,0,376554,1410,,,live,123.16,119.06,3,20260907-1629
2026-09-07 17:17:58,Pre-HAUSPM,C8T1S5I8N5K,69,0,0.000200,0.200,0.008,36012354,35716,0,2675,2675,0,0,0,18561263,0,18398234,0,0.000000,0.000000,0.000000,2554,51662,365.55,0,0,0,0,SUCCESS,0,0,warm20,,,,,1,0,386889,1425,,,live,123.72,119.09,3,20260907-1629
2026-09-07 17:18:01,Pre-HAUSPM,C8T1S5I8N5K,70,0,0.000200,0.200,0.008,36402179,36097,0,2702,2703,0,0,0,18672455,0,18509089,0,0.000000,0.000000,0.000000,2518,51615,491.92,0,0,0,0,SUCCESS,0,0,warm20,,,,,1,0,389825,1441,,,live,123.23,119.18,3,20260907-1629
2026-09-07 17:18:04,Pre-HAUSPM,C8T1S5I8N5K,71,0,0.000200,0.200,0.008,36796212,36478,0,2713,2713,0,0,0,18683735,0,18520741,0,0.000000,0.000000,0.000000,2562,51872,540.58,0,0,0,0,SUCCESS,0,0,warm20,,,,,1,0,394033,1456,,,live,123.77,119.39,3,20260907-1629
2026-09-07 17:18:07,Pre-HAUSPM,C8T1S5I8N5K,72,0,0.000200,0.200,0.008,37177330,36859,0,2724,2724,0,0,0,18668054,0,18505167,0,0.000000,0.000000,0.000000,2519,51626,588.25,0,0,0,0,SUCCESS,0,0,warm20,,,,,1,0,381118,1472,,,live,123.91,119.39,3,20260907-1629
2026-09-07 17:18:10,Pre-HAUSPM,C8T1S5I8N5K,73,0,0.000200,0.200,0.008,37549228,37240,0,2778,2778,0,0,0,18893367,0,18729919,0,0.000000,0.000000,0.000000,2480,51643,342.90,0,0,0,0,SUCCESS,0,0,warm20,,,,,1,0,371898,1487,,,live,124.04,119.50,3,20260907-1629
2026-09-07 17:18:12,Pre-HAUSPM,C8T1S5I8N5K,74,0,0.000200,0.200,0.008,37929817,37621,0,2845,2846,0,0,0,19131046,0,18966790,0,0.000000,0.000000,0.000000,2451,51343,437.73,0,0,0,0,SUCCESS,0,0,warm20,,,,,1,0,380589,1502,,,live,123.34,119.48,3,20260907-1629
2026-09-07 17:18:15,Pre-HAUSPM,C8T1S5I8N5K,75,0,0.000200,0.200,0.008,38317022,38002,0,2838,2838,0,0,0,19258621,0,19095472,0,0.000000,0.000000,0.000000,2489,51590,580.81,0,0,0,0,SUCCESS,0,0,warm20,,,,,1,0,387205,1517,,,live,123.69,119.69,3,20260907-1629
2026-09-07 17:18:18,Pre-HAUSPM,C8T1S5I8N5K,76,0,0.000200,0.200,0.008,38681308,38383,0,2949,2949,0,0,0,19259561,0,19097020,0,0.000000,0.000000,0.000000,2455,51281,978.43,0,0,0,0,SUCCESS,0,0,warm20,,,,,1,0,364286,1533,,,live,123.76,119.66,3,20260907-1629
2026-09-07 17:18:21,Pre-HAUSPM,C8T1S5I8N5K,77,0,0.000200,0.200,0.008,39054424,38764,0,2834,2834,0,0,0,19308530,0,19145993,0,0.000000,0.000000,0.000000,2481,51041,327.45,0,0,0,0,SUCCESS,0,0,warm20,,,,,1,0,373116,1548,,,live,124.06,119.67,3,20260907-1629
2026-09-07 17:18:24,Pre-HAUSPM,C8T1S5I8N5K,78,0,0.000200,0.200,0.008,39411343,39145,0,2894,2894,0,0,0,19330772,0,19168150,0,0.000000,0.000000,0.000000,2527,51167,787.95,0,0,0,0,SUCCESS,0,0,warm20,,,,,1,0,356919,1562,,,live,124.14,119.82,3,20260907-1629
2026-09-07 17:18:27,Pre-HAUSPM,C8T1S5I8N5K,79,0,0.000200,0.200,0.008,39780981,39526,0,2945,2945,0,0,0,19483171,0,19319772,0,0.000000,0.000000,0.000000,2581,51539,320.58,0,0,0,0,SUCCESS,0,0,warm20,,,,,1,0,369638,1577,,,live,124.27,120.07,3,20260907-1629
2026-09-07 17:18:30,Pre-HAUSPM,C8T1S5I8N5K,80,0,0.000200,0.200,0.008,40169171,39907,0,3052,3053,0,0,0,19529873,0,19366304,0,0.000000,0.000000,0.000000,2552,51398,287.98,0,0,0,0,SUCCESS,0,0,warm20,,,,,1,0,388190,1592,,,live,135.98,120.12,4,20260907-1629
2026-09-07 17:18:34,Pre-HAUSPM,C8T1S5I8N5K,81,0,0.000200,0.200,0.008,40555772,40288,0,3028,3029,0,0,0,19577210,0,19413586,0,0.000000,0.000000,0.000000,2574,51274,217.01,0,0,0,0,SUCCESS,0,0,warm20,,,,,1,0,386601,1607,,,live,137.01,120.30,4,20260907-1629
2026-09-07 17:18:37,Pre-HAUSPM,C8T1S5I8N5K,82,0,0.000200,0.200,0.008,40937437,40669,0,3084,3084,0,0,0,19565094,0,19402056,0,0.000000,0.000000,0.000000,2542,51088,446.12,0,0,0,0,SUCCESS,0,0,warm20,,,,,1,0,381665,1623,,,live,134.12,120.20,4,20260907-1629
2026-09-07 17:18:40,Pre-HAUSPM,C8T1S5I8N5K,83,0,0.000200,0.200,0.008,41314466,41050,0,3045,3046,0,0,0,19879129,0,19714660,0,0.000000,0.000000,0.000000,2516,50969,303.79,0,0,0,0,SUCCESS,0,0,warm20,,,,,1,0,377029,1638,,,live,135.79,120.25,4,20260907-1629
2026-09-07 17:18:43,Pre-HAUSPM,C8T1S5I8N5K,84,0,0.000200,0.200,0.008,41724684,41431,0,3078,3078,0,0,0,19749185,0,19585805,0,0.000000,0.000000,0.000000,2489,50715,430.48,0,0,0,0,SUCCESS,0,0,warm20,,,,,1,0,410218,1653,,,live,134.48,120.26,4,20260907-1629
2026-09-07 17:18:46,Pre-HAUSPM,C8T1S5I8N5K,85,0,0.000200,0.200,0.008,42093147,41812,0,3165,3165,0,0,0,19902203,0,19738078,0,0.000000,0.000000,0.000000,2440,50770,336.13,0,0,0,0,SUCCESS,0,0,warm20,,,,,1,0,368463,1669,,,live,132.23,120.38,4,20260907-1629
2026-09-07 17:18:50,Pre-HAUSPM,C8T1S5I8N5K,86,0,0.000200,0.200,0.008,42494057,42193,0,3153,3154,0,0,0,19862303,0,19698783,0,0.000000,0.000000,0.000000,2493,51154,312.63,0,0,0,0,SUCCESS,0,0,warm20,,,,,1,0,400910,1684,,,live,132.67,120.65,4,20260907-1629
2026-09-07 17:18:53,Pre-HAUSPM,C8T1S5I8N5K,87,0,0.000200,0.200,0.008,42876090,42574,0,3121,3121,0,0,0,19793007,0,19630463,0,0.000000,0.000000,0.000000,2433,50910,621.79,0,0,0,0,SUCCESS,0,0,warm20,,,,,1,0,382033,1700,,,live,133.79,120.65,4,20260907-1629
2026-09-07 17:18:56,Pre-HAUSPM,C8T1S5I8N5K,88,0,0.000200,0.200,0.008,43249167,42955,0,3144,3144,0,0,0,19722095,0,19560417,0,0.000000,0.000000,0.000000,2454,50681,265.94,0,0,0,0,SUCCESS,0,0,warm20,,,,,1,0,373077,1715,,,live,133.40,120.66,4,20260907-1629
2026-09-07 17:18:59,Pre-HAUSPM,C8T1S5I8N5K,89,0,0.000200,0.200,0.008,43639417,43336,0,3118,3118,0,0,0,19666977,0,19506056,0,0.000000,0.000000,0.000000,2455,50650,630.09,0,0,0,0,SUCCESS,0,0,warm20,,,,,1,0,390250,1730,,,live,134.09,120.75,4,20260907-1629
2026-09-07 17:19:03,Pre-HAUSPM,C8T1S5I8N5K,90,0,0.000200,0.200,0.008,44032208,43717,0,3212,3212,0,0,0,19599655,0,19439781,0,0.000000,0.000000,0.000000,2451,50800,528.29,0,0,0,0,SUCCESS,0,0,warm20,,,,,1,0,392791,1746,,,live,132.81,120.92,4,20260907-1629
2026-09-07 17:19:06,Pre-HAUSPM,C8T1S5I8N5K,91,0,0.000200,0.200,0.008,44399967,44098,0,3224,3225,0,0,0,19593820,0,19433863,0,0.000000,0.000000,0.000000,2431,50881,607.82,0,0,0,0,SUCCESS,0,0,warm20,,,,,1,0,367759,1762,,,live,132.52,121.06,4,20260907-1629
2026-09-07 17:19:09,Pre-HAUSPM,C8T1S5I8N5K,92,0,0.000200,0.200,0.008,44779784,44479,0,3213,3213,0,0,0,19381209,0,19222963,0,0.000000,0.000000,0.000000,2415,50818,544.60,0,0,0,0,SUCCESS,0,0,warm20,,,,,1,0,379817,1776,,,live,133.08,121.13,4,20260907-1629
2026-09-07 17:19:13,Pre-HAUSPM,C8T1S5I8N5K,93,0,0.000200,0.200,0.008,45163101,44860,0,3167,3167,0,0,0,19320600,0,19163167,0,0.000000,0.000000,0.000000,2417,50549,346.15,0,0,0,0,SUCCESS,0,0,warm20,,,,,1,0,383317,1792,,,live,134.10,121.13,4,20260907-1629
2026-09-07 17:19:16,Pre-HAUSPM,C8T1S5I8N5K,94,0,0.000200,0.200,0.008,45537311,45241,0,3165,3165,0,0,0,19326014,0,19169461,0,0.000000,0.000000,0.000000,2509,50921,370.25,0,0,0,0,SUCCESS,0,0,warm20,,,,,1,0,374210,1807,,,live,134.04,121.38,4,20260907-1629
2026-09-07 17:19:19,Pre-HAUSPM,C8T1S5I8N5K,95,0,0.000200,0.200,0.008,45914685,45622,0,3138,3138,0,0,0,19191631,0,19036659,0,0.000000,0.000000,0.000000,2472,50847,243.85,0,0,0,0,SUCCESS,0,0,warm20,,,,,1,0,377374,1822,,,live,134.82,121.46,4,20260907-1629
2026-09-07 17:19:22,Pre-HAUSPM,C8T1S5I8N5K,96,0,0.000200,0.200,0.008,46297846,46003,0,3212,3212,0,0,0,19511744,0,19355022,0,0.000000,0.000000,0.000000,2565,51291,585.37,0,0,0,0,SUCCESS,0,0,warm20,,,,,1,0,383161,1837,,,live,133.75,121.74,4,20260907-1629
2026-09-07 17:19:26,Pre-HAUSPM,C8T1S5I8N5K,97,0,0.000200,0.200,0.008,46661169,46384,0,3229,3230,0,0,0,19374519,0,19219353,0,0.000000,0.000000,0.000000,2642,51628,158.27,0,0,0,0,SUCCESS,0,0,warm20,,,,,1,0,363323,1852,,,live,133.72,121.99,4,20260907-1629
2026-09-07 17:19:29,Pre-HAUSPM,C8T1S5I8N5K,98,0,0.000200,0.200,0.008,47042336,46765,0,3233,3233,0,0,0,19327834,0,19173528,0,0.000000,0.000000,0.000000,2654,51802,198.26,0,0,0,0,SUCCESS,0,0,warm20,,,,,1,0,381167,1867,,,live,133.91,122.16,4,20260907-1629
2026-09-07 17:19:32,Pre-HAUSPM,C8T1S5I8N5K,99,0,0.000200,0.200,0.008,47416411,47133,0,3247,3247,0,0,0,19323837,0,19169868,0,0.000000,0.000000,0.000000,2623,51786,246.27,0,0,0,0,SUCCESS,0,0,warm20,,,,,1,0,374075,1882,,,live,134.60,122.26,4,20260907-1629
