Timestamp,Algorithm,Dataset,BatchID,RunIndex,MinUtil,mu,DeltaRatio,TotalDBUtil,CumulativeDBSize,tScan(ms),tMining(ms),tTotal(ms),tLayer1(ms),tLayer2(ms),tLayer3(ms),Cand,PrunedL1(SWU),PrunedL2(IAUUB),PrunedL3(MFUUB),TightnessPEAU,TightnessIAUUB,TightnessMFUUB,HAUSP,SHAUS,MemPeak(MB),PoolBorrows,PoolReuses,PoolPeakLive,AudulActive,Status,Recursed,ArmOrder,Schedule,PoolBytes,FlatBytes,EucsBytes,AudulRootBytes,RescanTriggered,BufferUtil,BufferTested,SafetyBound,PrunedL3Node,PrunedL1Root,MemMode,MemLive(MB),MemRetained(MB),GcForced,RunID,Legacy,SourceFile,CandUnified,RecursedUnified,CountSource,ok
2026-06-30 08:54:27,EHAUSM-R,BIBLE,0,0,0.001,0.0,0.2,7617167,7273,51,8492,8552,0,0,0,25214943,4399,25098659,0,0.305843,0.0,0.0,9964,0,557.85,0,0,0,0,SUCCESS,,,,,,,,,,,,,,,,,,legacy,True,results/exp1/experiment1_tightness.csv,25214943.0,116284.0,results/exp1/experiment1_tightness.csv,True
2026-06-30 08:54:40,EHAUSM-R,BIBLE,1,0,0.001,0.0,0.2,15283678,14546,29,12807,12837,0,0,0,25415115,7088,25329304,0,0.338954,0.0,0.0,10469,0,871.07,0,0,0,0,SUCCESS,,,,,,,,,,,,,,,,,,legacy,True,results/exp1/experiment1_tightness.csv,25415115.0,85811.0,results/exp1/experiment1_tightness.csv,True
2026-06-30 08:54:53,EHAUSM-R,BIBLE,2,0,0.001,0.0,0.2,21271931,21819,43,13385,13429,0,0,0,21229906,9135,21164592,0,0.339368,0.0,0.0,8283,0,383.72,0,0,0,0,SUCCESS,,,,,,,,,,,,,,,,,,legacy,True,results/exp1/experiment1_tightness.csv,21229906.0,65314.0,results/exp1/experiment1_tightness.csv,True
2026-06-30 08:55:13,EHAUSM-R,BIBLE,3,0,0.001,0.0,0.2,28633935,29092,53,18965,19018,0,0,0,25139190,10402,25070134,0,0.333905,0.0,0.0,8226,0,192.39,0,0,0,0,SUCCESS,,,,,,,,,,,,,,,,,,legacy,True,results/exp1/experiment1_tightness.csv,25139190.0,69056.0,results/exp1/experiment1_tightness.csv,True
2026-06-30 08:55:32,EHAUSM-R,BIBLE,4,0,0.001,0.0,0.2,35550162,36369,57,19026,19084,0,0,0,21936545,12054,21880902,0,0.325249,0.0,0.0,6713,0,204.78,0,0,0,0,SUCCESS,,,,,,,,,,,,,,,,,,legacy,True,results/exp1/experiment1_tightness.csv,21936545.0,55643.0,results/exp1/experiment1_tightness.csv,True
2026-06-30 08:55:43,EHAUSM-I,BIBLE,0,0,0.001,0.0,0.2,7617167,7273,60,10043,10104,0,0,0,25214943,4399,25098659,0,0.483665,0.0,0.0,9964,0,1122.81,0,0,0,0,SUCCESS,,,,,,,,,,,,,,,,,,legacy,True,results/exp1/experiment1_tightness.csv,25214943.0,116284.0,results/exp1/experiment1_tightness.csv,True
2026-06-30 08:55:57,EHAUSM-I,BIBLE,1,0,0.001,0.0,0.2,15283678,14546,19,13827,13846,0,0,0,17714355,7088,17628544,0,0.49067,0.0,0.0,10469,0,2450.63,0,0,0,0,SUCCESS,,,,,,,,,,,,,,,,,,legacy,True,results/exp1/experiment1_tightness.csv,17714355.0,85811.0,results/exp1/experiment1_tightness.csv,True
2026-06-30 08:56:11,EHAUSM-I,BIBLE,2,0,0.001,0.0,0.2,21271931,21819,35,13591,13627,0,0,0,9130023,9135,9064709,0,0.458285,0.0,0.0,8283,0,3427.71,0,0,0,0,SUCCESS,,,,,,,,,,,,,,,,,,legacy,True,results/exp1/experiment1_tightness.csv,9130023.0,65314.0,results/exp1/experiment1_tightness.csv,True
2026-06-30 08:56:31,EHAUSM-I,BIBLE,3,0,0.001,0.0,0.2,28633935,29092,26,19537,19563,0,0,0,15156855,10402,15087799,0,0.451252,0.0,0.0,8226,0,1518.76,0,0,0,0,SUCCESS,,,,,,,,,,,,,,,,,,legacy,True,results/exp1/experiment1_tightness.csv,15156855.0,69056.0,results/exp1/experiment1_tightness.csv,True
2026-06-30 08:56:50,EHAUSM-I,BIBLE,4,0,0.001,0.0,0.2,35550162,36369,29,18236,18266,0,0,0,8115828,12054,8060185,0,0.432059,0.0,0.0,6713,0,3182.02,0,0,0,0,SUCCESS,,,,,,,,,,,,,,,,,,legacy,True,results/exp1/experiment1_tightness.csv,8115828.0,55643.0,results/exp1/experiment1_tightness.csv,True
2026-06-30 08:58:57,HAUSP-UB,BIBLE,0,0,0.001,0.0,0.2,7617167,7273,63,3630,3693,3,183,45,116722,5060,23150867,5332,0.0,0.240219,0.246177,9964,0,249.62,23277543,23269960,7583,6208,SUCCESS,,,,,,,,,,,,,,,,,,legacy,True,results/exp1/experiment1_tightness.csv,23273144.0,116722.0,results-2026-09/counts/exp1/experiment1_tightness.csv,True
2026-06-30 08:59:03,HAUSP-UB,BIBLE,1,0,0.001,0.0,0.2,15283678,14546,42,5139,5182,2,164,34,86236,7802,22815425,4700,0.0,0.271234,0.279246,10469,0,312.89,22907530,22904882,4023,8894,SUCCESS,,,,,,,,,,,,,,,,,,legacy,True,results/exp1/experiment1_tightness.csv,22906650.0,86236.0,results-2026-09/counts/exp1/experiment1_tightness.csv,True
2026-06-30 08:59:08,HAUSP-UB,BIBLE,2,0,0.001,0.0,0.2,21271931,21819,41,5408,5450,2,136,26,65736,9874,18638192,3568,0.0,0.273117,0.281164,8283,0,405.85,18708054,18706085,3306,10949,SUCCESS,,,,,,,,,,,,,,,,,,legacy,True,results/exp1/experiment1_tightness.csv,18707813.0,65736.0,results-2026-09/counts/exp1/experiment1_tightness.csv,True
2026-06-30 08:59:16,HAUSP-UB,BIBLE,3,0,0.001,0.0,0.2,28633935,29092,46,7643,7689,2,158,27,69470,11155,21936858,3761,0.0,0.269625,0.277551,8226,0,497.36,22009881,22008589,2543,12232,SUCCESS,,,,,,,,,,,,,,,,,,legacy,True,results/exp1/experiment1_tightness.csv,22010428.0,69470.0,results-2026-09/counts/exp1/experiment1_tightness.csv,True
2026-06-30 08:59:24,HAUSP-UB,BIBLE,4,0,0.001,0.0,0.2,35550162,36369,51,7670,7721,2,136,22,56071,12820,18708525,2933,0.0,0.261646,0.269156,6713,0,613.61,18767689,18766018,2931,13905,SUCCESS,,,,,,,,,,,,,,,,,,legacy,True,results/exp1/experiment1_tightness.csv,18767867.0,56071.0,results-2026-09/counts/exp1/experiment1_tightness.csv,True
2026-06-30 08:59:35,EHAUSM-R,BMS1_SPMF,0,0,0.0035,0.0,0.2,1577987,11920,7,9895,9902,0,0,0,100789904,18,100321904,0,0.079294,0.0,0.0,100,0,69.9,0,0,0,0,SUCCESS,,,,,,,,,,,,,,,,,,legacy,True,results/exp1/experiment1_tightness.csv,100789904.0,468000.0,results/exp1/experiment1_tightness.csv,True
2026-06-30 08:59:35,EHAUSM-R,BMS1_SPMF,1,0,0.0035,0.0,0.2,2805280,23840,9,444,453,0,0,0,3046411,22,3032302,0,0.057037,0.0,0.0,97,0,179.99,0,0,0,0,SUCCESS,,,,,,,,,,,,,,,,,,legacy,True,results/exp1/experiment1_tightness.csv,3046411.0,14109.0,results/exp1/experiment1_tightness.csv,True
2026-06-30 08:59:36,EHAUSM-R,BMS1_SPMF,2,0,0.0035,0.0,0.2,4090185,35760,12,141,154,0,0,0,611388,61,608317,0,0.059392,0.0,0.0,94,0,102.17,0,0,0,0,SUCCESS,,,,,,,,,,,,,,,,,,legacy,True,results/exp1/experiment1_tightness.csv,611388.0,3071.0,results/exp1/experiment1_tightness.csv,True
2026-06-30 08:59:36,EHAUSM-R,BMS1_SPMF,3,0,0.0035,0.0,0.2,5578380,47680,14,209,223,0,0,0,671378,45,667927,0,0.066552,0.0,0.0,93,0,113.29,0,0,0,0,SUCCESS,,,,,,,,,,,,,,,,,,legacy,True,results/exp1/experiment1_tightness.csv,671378.0,3451.0,results/exp1/experiment1_tightness.csv,True
2026-06-30 09:00:23,EHAUSM-R,BMS1_SPMF,4,0,0.0035,0.0,0.2,7229030,59601,21,46770,46792,0,0,0,103110382,133,102437138,0,0.090065,0.0,0.0,93,0,168.76,0,0,0,0,SUCCESS,,,,,,,,,,,,,,,,,,legacy,True,results/exp1/experiment1_tightness.csv,103110382.0,673244.0,results/exp1/experiment1_tightness.csv,True
2026-06-30 09:00:38,EHAUSM-I,BMS1_SPMF,0,0,0.0035,0.0,0.2,1577987,11920,14,13890,13905,0,0,0,100789904,18,100321904,0,0.152712,0.0,0.0,100,0,1559.85,0,0,0,0,SUCCESS,,,,,,,,,,,,,,,,,,legacy,True,results/exp1/experiment1_tightness.csv,100789904.0,468000.0,results/exp1/experiment1_tightness.csv,True
2026-06-30 09:00:39,EHAUSM-I,BMS1_SPMF,1,0,0.0035,0.0,0.2,2805280,23840,7,401,409,0,0,0,1153576,22,1139467,0,0.127373,0.0,0.0,97,0,527.52,0,0,0,0,SUCCESS,,,,,,,,,,,,,,,,,,legacy,True,results/exp1/experiment1_tightness.csv,1153576.0,14109.0,results/exp1/experiment1_tightness.csv,True
2026-06-30 09:00:39,EHAUSM-I,BMS1_SPMF,2,0,0.0035,0.0,0.2,4090185,35760,11,145,156,0,0,0,194754,61,191683,0,0.157902,0.0,0.0,94,0,150.51,0,0,0,0,SUCCESS,,,,,,,,,,,,,,,,,,legacy,True,results/exp1/experiment1_tightness.csv,194754.0,3071.0,results/exp1/experiment1_tightness.csv,True
2026-06-30 09:00:40,EHAUSM-I,BMS1_SPMF,3,0,0.0035,0.0,0.2,5578380,47680,10,229,240,0,0,0,384297,45,380846,0,0.165245,0.0,0.0,93,0,242.1,0,0,0,0,SUCCESS,,,,,,,,,,,,,,,,,,legacy,True,results/exp1/experiment1_tightness.csv,384297.0,3451.0,results/exp1/experiment1_tightness.csv,True
2026-06-30 09:01:35,EHAUSM-I,BMS1_SPMF,4,0,0.0035,0.0,0.2,7229030,59601,16,55005,55021,0,0,0,77822471,133,77149227,0,0.195364,0.0,0.0,93,0,1199.53,0,0,0,0,SUCCESS,,,,,,,,,,,,,,,,,,legacy,True,results/exp1/experiment1_tightness.csv,77822471.0,673244.0,results/exp1/experiment1_tightness.csv,True
2026-06-30 09:13:54,HAUSP-UB,BMS1_SPMF,0,0,0.0035,0.0,0.2,1577987,11920,11,5531,5543,0,745,181,468067,19,100272654,67,0.0,0.043005,0.043066,100,0,45.37,100740740,100739762,978,335,SUCCESS,,,,,,,,,,,,,,,,,,legacy,True,results/exp1/experiment1_tightness.csv,100740722.0,468067.0,results-2026-09/counts/exp1/experiment1_tightness.csv,True
2026-06-30 09:13:55,HAUSP-UB,BMS1_SPMF,1,0,0.0035,0.0,0.2,2805280,23840,4,238,242,0,24,5,14207,24,3020962,98,0.0,0.042039,0.044379,97,0,47.84,3034858,3034858,456,338,SUCCESS,,,,,,,,,,,,,,,,,,legacy,True,results/exp1/experiment1_tightness.csv,3035171.0,14207.0,results-2026-09/counts/exp1/experiment1_tightness.csv,True
2026-06-30 09:13:55,HAUSP-UB,BMS1_SPMF,2,0,0.0035,0.0,0.2,4090185,35760,4,81,86,0,5,1,3188,74,590256,117,0.0,0.064957,0.07524,94,0,52.61,593180,593180,416,387,SUCCESS,,,,,,,,,,,,,,,,,,legacy,True,results/exp1/experiment1_tightness.csv,593457.0,3188.0,results-2026-09/counts/exp1/experiment1_tightness.csv,True
2026-06-30 09:13:56,HAUSP-UB,BMS1_SPMF,3,0,0.0035,0.0,0.2,5578380,47680,5,112,118,0,5,1,3563,72,646094,112,0.0,0.057647,0.067303,93,0,57.12,649342,649342,343,389,SUCCESS,,,,,,,,,,,,,,,,,,legacy,True,results/exp1/experiment1_tightness.csv,649684.0,3563.0,results-2026-09/counts/exp1/experiment1_tightness.csv,True
2026-06-30 09:14:24,HAUSP-UB,BMS1_SPMF,4,0,0.0035,0.0,0.2,7229030,59601,8,28120,28129,0,844,260,673331,170,101041040,87,0.0,0.039763,0.039814,93,0,66.07,101714152,101714152,562,497,SUCCESS,,,,,,,,,,,,,,,,,,legacy,True,results/exp1/experiment1_tightness.csv,101714408.0,673331.0,results-2026-09/counts/exp1/experiment1_tightness.csv,True
2026-06-30 09:15:15,EHAUSM-R,FIFA,0,0,0.012,0.0,0.2,7402552,4090,68,50475,50543,0,0,0,25763977,1858,25612467,0,0.136759,0.0,0.0,231,0,204.81,0,0,0,0,SUCCESS,,,,,,,,,,,,,,,,,,legacy,True,results/exp1/experiment1_tightness.csv,25763977.0,151510.0,results/exp1/experiment1_tightness.csv,True
2026-06-30 09:16:42,EHAUSM-R,FIFA,1,0,0.012,0.0,0.2,14678365,8180,38,85901,85939,0,0,0,23458022,2180,23327756,0,0.136088,0.0,0.0,215,0,354.44,0,0,0,0,SUCCESS,,,,,,,,,,,,,,,,,,legacy,True,results/exp1/experiment1_tightness.csv,23458022.0,130266.0,results/exp1/experiment1_tightness.csv,True
2026-06-30 09:18:55,EHAUSM-R,FIFA,2,0,0.012,0.0,0.2,21657235,12270,33,132906,132939,0,0,0,23893546,2364,23758712,0,0.135854,0.0,0.0,280,0,384.68,0,0,0,0,SUCCESS,,,,,,,,,,,,,,,,,,legacy,True,results/exp1/experiment1_tightness.csv,23893546.0,134834.0,results/exp1/experiment1_tightness.csv,True
2026-06-30 09:21:55,EHAUSM-R,FIFA,3,0,0.012,0.0,0.2,28870802,16360,38,178781,178820,0,0,0,23966676,2449,23830811,0,0.132834,0.0,0.0,346,0,449.4,0,0,0,0,SUCCESS,,,,,,,,,,,,,,,,,,legacy,True,results/exp1/experiment1_tightness.csv,23966676.0,135865.0,results/exp1/experiment1_tightness.csv,True
2026-06-30 09:25:29,EHAUSM-R,FIFA,4,0,0.012,0.0,0.2,35721991,20450,43,214029,214072,0,0,0,22652772,2536,22524180,0,0.134802,0.0,0.0,334,0,290.84,0,0,0,0,SUCCESS,,,,,,,,,,,,,,,,,,legacy,True,results/exp1/experiment1_tightness.csv,22652772.0,128592.0,results/exp1/experiment1_tightness.csv,True
2026-06-30 09:26:34,EHAUSM-I,FIFA,0,0,0.012,0.0,0.2,7402552,4090,80,63597,63678,0,0,0,25763977,1858,25612467,0,0.216064,0.0,0.0,231,0,3137.25,0,0,0,0,SUCCESS,,,,,,,,,,,,,,,,,,legacy,True,results/exp1/experiment1_tightness.csv,25763977.0,151510.0,results/exp1/experiment1_tightness.csv,True
2026-06-30 09:28:15,EHAUSM-I,FIFA,1,0,0.012,0.0,0.2,14678365,8180,16,100001,100017,0,0,0,23192267,2180,23062001,0,0.210594,0.0,0.0,215,0,3316.29,0,0,0,0,SUCCESS,,,,,,,,,,,,,,,,,,legacy,True,results/exp1/experiment1_tightness.csv,23192267.0,130266.0,results/exp1/experiment1_tightness.csv,True
2026-06-30 09:30:52,EHAUSM-I,FIFA,2,0,0.012,0.0,0.2,21657235,12270,19,155517,155537,0,0,0,22512694,2364,22377860,0,0.210001,0.0,0.0,280,0,4743.88,0,0,0,0,SUCCESS,,,,,,,,,,,,,,,,,,legacy,True,results/exp1/experiment1_tightness.csv,22512694.0,134834.0,results/exp1/experiment1_tightness.csv,True
2026-06-30 09:34:12,EHAUSM-I,FIFA,3,0,0.012,0.0,0.2,28870802,16360,19,198923,198943,0,0,0,22602061,2449,22466196,0,0.208589,0.0,0.0,346,0,10588.32,0,0,0,0,SUCCESS,,,,,,,,,,,,,,,,,,legacy,True,results/exp1/experiment1_tightness.csv,22602061.0,135865.0,results/exp1/experiment1_tightness.csv,True
2026-06-30 09:38:09,EHAUSM-I,FIFA,4,0,0.012,0.0,0.2,35721991,20450,22,235644,235667,0,0,0,21307703,2536,21179111,0,0.206729,0.0,0.0,334,0,11931.76,0,0,0,0,SUCCESS,,,,,,,,,,,,,,,,,,legacy,True,results/exp1/experiment1_tightness.csv,21307703.0,128592.0,results/exp1/experiment1_tightness.csv,True
2026-06-30 09:49:31,HAUSP-UB,FIFA,0,0,0.012,0.0,0.2,7402552,4090,33,21202,21235,2,232,60,151622,2017,24566350,322,0.0,0.095972,0.09607,231,0,432.59,24720199,24717549,2650,2316,SUCCESS,,,,,,,,,,,,,,,,,,legacy,True,results/exp1/experiment1_tightness.csv,24718341.0,151622.0,results-2026-09/counts/exp1/experiment1_tightness.csv,True
2026-06-30 09:50:08,HAUSP-UB,FIFA,1,0,0.012,0.0,0.2,14678365,8180,20,36782,36803,2,215,53,130375,2329,21412491,298,0.0,0.096672,0.09678,215,0,466.97,21543068,21542751,651,2627,SUCCESS,,,,,,,,,,,,,,,,,,legacy,True,results/exp1/experiment1_tightness.csv,21543204.0,130375.0,results-2026-09/counts/exp1/experiment1_tightness.csv,True
2026-06-30 09:51:05,HAUSP-UB,FIFA,2,0,0.012,0.0,0.2,21657235,12270,20,56272,56293,2,236,55,134941,2515,21768590,312,0.0,0.09711,0.097222,280,0,491.68,21903624,21903442,522,2811,SUCCESS,,,,,,,,,,,,,,,,,,legacy,True,results/exp1/experiment1_tightness.csv,21903887.0,134941.0,results-2026-09/counts/exp1/experiment1_tightness.csv,True
2026-06-30 09:52:20,HAUSP-UB,FIFA,3,0,0.012,0.0,0.2,28870802,16360,17,75114,75132,1,249,56,135970,2612,21753972,299,0.0,0.09581,0.095917,346,0,516.04,21889937,21889846,429,2907,SUCCESS,,,,,,,,,,,,,,,,,,legacy,True,results/exp1/experiment1_tightness.csv,21890299.0,135970.0,results-2026-09/counts/exp1/experiment1_tightness.csv,True
2026-06-30 09:53:50,HAUSP-UB,FIFA,4,0,0.012,0.0,0.2,35721991,20450,17,89784,89802,1,247,53,128691,2701,20655889,267,0.0,0.096915,0.097026,334,0,540.9,20784542,20784461,414,2990,SUCCESS,,,,,,,,,,,,,,,,,,legacy,True,results/exp1/experiment1_tightness.csv,20784913.0,128691.0,results-2026-09/counts/exp1/experiment1_tightness.csv,True
2026-06-30 09:54:30,EHAUSM-R,KOSARAK,0,0,0.003,0.0,0.2,79636688,198000,254,37431,37686,0,0,0,51567664,24187,51522856,0,0.02711,0.0,0.0,103,0,1608.4,0,0,0,0,SUCCESS,,,,,,,,,,,,,,,,,,legacy,True,results/exp1/experiment1_tightness.csv,51567664.0,44808.0,results/exp1/experiment1_tightness.csv,True
2026-06-30 09:55:58,EHAUSM-R,KOSARAK,1,0,0.003,0.0,0.2,161031299,396000,243,86584,86827,0,0,0,67909611,29347,67857161,0,0.023666,0.0,0.0,102,0,4113.81,0,0,0,0,SUCCESS,,,,,,,,,,,,,,,,,,legacy,True,results/exp1/experiment1_tightness.csv,67909611.0,52450.0,results/exp1/experiment1_tightness.csv,True
2026-06-30 09:57:56,EHAUSM-R,KOSARAK,2,0,0.003,0.0,0.2,240799749,594000,307,117231,117538,0,0,0,58594053,32449,58547823,0,0.027303,0.0,0.0,104,0,4353.64,0,0,0,0,SUCCESS,,,,,,,,,,,,,,,,,,legacy,True,results/exp1/experiment1_tightness.csv,58594053.0,46230.0,results/exp1/experiment1_tightness.csv,True
2026-06-30 10:01:12,EHAUSM-R,KOSARAK,3,0,0.003,0.0,0.2,321393622,792000,468,194658,195127,0,0,0,77736196,34809,77678647,0,0.023645,0.0,0.0,101,0,5778.56,0,0,0,0,SUCCESS,,,,,,,,,,,,,,,,,,legacy,True,results/exp1/experiment1_tightness.csv,77736196.0,57549.0,results/exp1/experiment1_tightness.csv,True
2026-06-30 10:04:57,EHAUSM-R,KOSARAK,4,0,0.003,0.0,0.2,400890653,990002,551,224351,224902,0,0,0,71686014,36629,71632855,0,0.024214,0.0,0.0,103,0,3281.77,0,0,0,0,SUCCESS,,,,,,,,,,,,,,,,,,legacy,True,results/exp1/experiment1_tightness.csv,71686014.0,53159.0,results/exp1/experiment1_tightness.csv,True
2026-06-30 10:05:45,EHAUSM-I,KOSARAK,0,0,0.003,0.0,0.2,79636688,198000,295,46621,46917,0,0,0,51567664,24187,51522856,0,0.068419,0.0,0.0,103,0,4025.27,0,0,0,0,SUCCESS,,,,,,,,,,,,,,,,,,legacy,True,results/exp1/experiment1_tightness.csv,51567664.0,44808.0,results/exp1/experiment1_tightness.csv,True
2026-06-30 10:07:28,EHAUSM-I,KOSARAK,1,0,0.003,0.0,0.2,161031299,396000,240,101582,101823,0,0,0,64030508,29347,63978058,0,0.057756,0.0,0.0,102,0,4846.62,0,0,0,0,SUCCESS,,,,,,,,,,,,,,,,,,legacy,True,results/exp1/experiment1_tightness.csv,64030508.0,52450.0,results/exp1/experiment1_tightness.csv,True
2026-06-30 10:09:46,EHAUSM-I,KOSARAK,2,0,0.003,0.0,0.2,240799749,594000,269,136998,137267,0,0,0,52591645,32449,52545415,0,0.062148,0.0,0.0,104,0,5228.83,0,0,0,0,SUCCESS,,,,,,,,,,,,,,,,,,legacy,True,results/exp1/experiment1_tightness.csv,52591645.0,46230.0,results/exp1/experiment1_tightness.csv,True
2026-06-30 10:13:26,EHAUSM-I,KOSARAK,3,0,0.003,0.0,0.2,321393622,792000,346,218378,218724,0,0,0,73002455,34809,72944906,0,0.050356,0.0,0.0,101,0,7297.13,0,0,0,0,SUCCESS,,,,,,,,,,,,,,,,,,legacy,True,results/exp1/experiment1_tightness.csv,73002455.0,57549.0,results/exp1/experiment1_tightness.csv,True
2026-06-30 10:17:38,EHAUSM-I,KOSARAK,4,0,0.003,0.0,0.2,400890653,990002,358,250398,250757,0,0,0,61568570,36629,61515411,0,0.054318,0.0,0.0,103,0,3475.44,0,0,0,0,SUCCESS,,,,,,,,,,,,,,,,,,legacy,True,results/exp1/experiment1_tightness.csv,61568570.0,53159.0,results/exp1/experiment1_tightness.csv,True
2026-06-30 10:41:07,HAUSP-UB,KOSARAK,0,0,0.003,0.0,0.2,79636688,198000,2065,21200,23266,13,215,19,46393,25266,31123933,1585,0.0,0.027989,0.029411,103,0,2563.35,31195592,31164007,31585,28708,SUCCESS,,,,,,,,,,,,,,,,,,legacy,True,results/exp1/experiment1_tightness.csv,31171405.0,46393.0,results-2026-09/counts/exp1/experiment1_tightness.csv,True
2026-06-30 10:41:59,HAUSP-UB,KOSARAK,1,0,0.003,0.0,0.2,161031299,396000,1965,49826,51791,15,302,22,53982,30459,39786858,1532,0.0,0.026252,0.027432,102,0,2253.2,39842591,39837168,8300,33988,SUCCESS,,,,,,,,,,,,,,,,,,legacy,True,results/exp1/experiment1_tightness.csv,39841952.0,53982.0,results-2026-09/counts/exp1/experiment1_tightness.csv,True
2026-06-30 10:43:08,HAUSP-UB,KOSARAK,2,0,0.003,0.0,0.2,240799749,594000,1680,66863,68544,14,263,21,47751,33508,31269836,1521,0.0,0.02838,0.029705,104,0,2657.66,31317107,31314212,5915,36960,SUCCESS,,,,,,,,,,,,,,,,,,legacy,True,results/exp1/experiment1_tightness.csv,31318646.0,47751.0,results-2026-09/counts/exp1/experiment1_tightness.csv,True
2026-06-30 10:45:05,HAUSP-UB,KOSARAK,3,0,0.003,0.0,0.2,321393622,792000,2337,113292,115630,13,380,27,59097,35900,45329380,1548,0.0,0.027469,0.028528,101,0,4089.34,45387417,45384728,5632,39483,SUCCESS,,,,,,,,,,,,,,,,,,legacy,True,results/exp1/experiment1_tightness.csv,45389568.0,59097.0,results-2026-09/counts/exp1/experiment1_tightness.csv,True
2026-06-30 10:47:18,HAUSP-UB,KOSARAK,4,0,0.003,0.0,0.2,400890653,990002,1661,131055,132717,13,350,26,54696,37724,40515086,1537,0.0,0.027545,0.028679,103,0,3904.95,40568023,40566266,4866,41270,SUCCESS,,,,,,,,,,,,,,,,,,legacy,True,results/exp1/experiment1_tightness.csv,40570877.0,54696.0,results-2026-09/counts/exp1/experiment1_tightness.csv,True
2026-06-30 10:48:45,EHAUSM-R,SIGN,0,0,0.003,0.0,0.2,319686,146,2,14518,14521,0,0,0,106349081,0,104965619,0,0.287385,0.0,0.0,23387,0,110.97,0,0,0,0,SUCCESS,,,,,,,,,,,,,,,,,,legacy,True,results/exp1/experiment1_tightness.csv,106349081.0,1383462.0,results/exp1/experiment1_tightness.csv,True
2026-06-30 10:49:05,EHAUSM-R,SIGN,1,0,0.003,0.0,0.2,642036,292,1,19100,19102,0,0,0,102988598,3,102048966,0,0.294609,0.0,0.0,17303,0,67.55,0,0,0,0,SUCCESS,,,,,,,,,,,,,,,,,,legacy,True,results/exp1/experiment1_tightness.csv,102988598.0,939632.0,results/exp1/experiment1_tightness.csv,True
2026-06-30 10:49:25,EHAUSM-R,SIGN,2,0,0.003,0.0,0.2,955150,438,2,19457,19460,0,0,0,85023548,12,84336199,0,0.293927,0.0,0.0,14594,0,34.22,0,0,0,0,SUCCESS,,,,,,,,,,,,,,,,,,legacy,True,results/exp1/experiment1_tightness.csv,85023548.0,687349.0,results/exp1/experiment1_tightness.csv,True
2026-06-30 10:49:46,EHAUSM-R,SIGN,3,0,0.003,0.0,0.2,1316615,584,3,21612,21616,0,0,0,84148511,14,83536343,0,0.284258,0.0,0.0,12887,0,86.79,0,0,0,0,SUCCESS,,,,,,,,,,,,,,,,,,legacy,True,results/exp1/experiment1_tightness.csv,84148511.0,612168.0,results/exp1/experiment1_tightness.csv,True
2026-06-30 10:50:12,EHAUSM-R,SIGN,4,0,0.003,0.0,0.2,1668652,730,4,25371,25375,0,0,0,87193705,18,86599818,0,0.28466,0.0,0.0,12666,0,87.1,0,0,0,0,SUCCESS,,,,,,,,,,,,,,,,,,legacy,True,results/exp1/experiment1_tightness.csv,87193705.0,593887.0,results/exp1/experiment1_tightness.csv,True
2026-06-30 10:50:33,EHAUSM-I,SIGN,0,0,0.003,0.0,0.2,319686,146,14,19673,19688,0,0,0,106349081,0,104965619,0,0.455007,0.0,0.0,23387,0,2878.78,0,0,0,0,SUCCESS,,,,,,,,,,,,,,,,,,legacy,True,results/exp1/experiment1_tightness.csv,106349081.0,1383462.0,results/exp1/experiment1_tightness.csv,True
2026-06-30 10:50:56,EHAUSM-I,SIGN,1,0,0.003,0.0,0.2,642036,292,1,22402,22404,0,0,0,73317874,3,72378242,0,0.451535,0.0,0.0,17303,0,7100.08,0,0,0,0,SUCCESS,,,,,,,,,,,,,,,,,,legacy,True,results/exp1/experiment1_tightness.csv,73317874.0,939632.0,results/exp1/experiment1_tightness.csv,True
2026-06-30 10:51:17,EHAUSM-I,SIGN,2,0,0.003,0.0,0.2,955150,438,1,20370,20371,0,0,0,44231397,12,43544048,0,0.436332,0.0,0.0,14594,0,6195.4,0,0,0,0,SUCCESS,,,,,,,,,,,,,,,,,,legacy,True,results/exp1/experiment1_tightness.csv,44231397.0,687349.0,results/exp1/experiment1_tightness.csv,True
2026-06-30 10:51:41,EHAUSM-I,SIGN,3,0,0.003,0.0,0.2,1316615,584,1,22876,22877,0,0,0,43765007,14,43152839,0,0.434715,0.0,0.0,12887,0,4684.85,0,0,0,0,SUCCESS,,,,,,,,,,,,,,,,,,legacy,True,results/exp1/experiment1_tightness.csv,43765007.0,612168.0,results/exp1/experiment1_tightness.csv,True
2026-06-30 10:52:09,EHAUSM-I,SIGN,4,0,0.003,0.0,0.2,1668652,730,1,26945,26946,0,0,0,45117749,18,44523862,0,0.411298,0.0,0.0,12666,0,4220.85,0,0,0,0,SUCCESS,,,,,,,,,,,,,,,,,,legacy,True,results/exp1/experiment1_tightness.csv,45117749.0,593887.0,results/exp1/experiment1_tightness.csv,True
2026-06-30 17:38:38,HAUSP-UB,SIGN,0,0,0.003,0.0,0.2,319686,146,24,6187,6211,3,801,538,1383605,2,104964977,143,0.0,0.178773,0.178783,23387,0,111.8,106348584,106347647,937,217,SUCCESS,,,,,,,,,,,,,,,,,,legacy,True,results/exp1/experiment1_tightness.csv,106348584.0,1383605.0,results-2026-09/counts/exp1/experiment1_tightness.csv,True
2026-06-30 17:38:45,HAUSP-UB,SIGN,1,0,0.003,0.0,0.2,642036,292,4,6758,6763,0,620,372,939693,22,101990681,61,0.0,0.181681,0.181697,17303,0,116.81,102930179,102930111,788,246,SUCCESS,,,,,,,,,,,,,,,,,,legacy,True,results/exp1/experiment1_tightness.csv,102930393.0,939693.0,results-2026-09/counts/exp1/experiment1_tightness.csv,True
2026-06-30 17:38:52,HAUSP-UB,SIGN,2,0,0.003,0.0,0.2,955150,438,4,6558,6563,1,450,271,687402,33,84019787,53,0.0,0.18486,0.184882,14594,0,115.53,84706976,84706973,762,255,SUCCESS,,,,,,,,,,,,,,,,,,legacy,True,results/exp1/experiment1_tightness.csv,84707210.0,687402.0,results-2026-09/counts/exp1/experiment1_tightness.csv,True
2026-06-30 17:38:59,HAUSP-UB,SIGN,3,0,0.003,0.0,0.2,1316615,584,3,7230,7233,0,420,240,612233,30,82984834,65,0.0,0.177132,0.177159,12887,0,116.04,83596842,83596842,749,267,SUCCESS,,,,,,,,,,,,,,,,,,legacy,True,results/exp1/experiment1_tightness.csv,83597083.0,612233.0,results-2026-09/counts/exp1/experiment1_tightness.csv,True
2026-06-30 17:39:08,HAUSP-UB,SIGN,4,0,0.003,0.0,0.2,1668652,730,2,8502,8505,0,428,233,593947,32,86030002,60,0.0,0.176058,0.176085,12666,0,118.29,86623714,86623701,754,267,SUCCESS,,,,,,,,,,,,,,,,,,legacy,True,results/exp1/experiment1_tightness.csv,86623963.0,593947.0,results-2026-09/counts/exp1/experiment1_tightness.csv,True
2026-07-01 20:00:02,EHAUSM-R,BIBLE,0,1,0.001,0.0,0.2,7617167,7273,52,8389,8450,0,0,0,25214943,4399,25098659,0,0.305843,0.0,0.0,9964,0,570.21,0,0,0,0,SUCCESS,,,,,,,,,,,,,,,,,,legacy,True,results/exp1/experiment1_tightness.csv,25214943.0,116284.0,results/exp1/experiment1_tightness.csv,True
2026-07-01 20:00:15,EHAUSM-R,BIBLE,1,1,0.001,0.0,0.2,15283678,14546,61,12657,12719,0,0,0,25415115,7088,25329304,0,0.338954,0.0,0.0,10469,0,497.89,0,0,0,0,SUCCESS,,,,,,,,,,,,,,,,,,legacy,True,results/exp1/experiment1_tightness.csv,25415115.0,85811.0,results/exp1/experiment1_tightness.csv,True
2026-07-01 20:00:28,EHAUSM-R,BIBLE,2,1,0.001,0.0,0.2,21271931,21819,20,13335,13356,0,0,0,21229906,9135,21164592,0,0.339368,0.0,0.0,8283,0,250.4,0,0,0,0,SUCCESS,,,,,,,,,,,,,,,,,,legacy,True,results/exp1/experiment1_tightness.csv,21229906.0,65314.0,results/exp1/experiment1_tightness.csv,True
2026-07-01 20:00:47,EHAUSM-R,BIBLE,3,1,0.001,0.0,0.2,28633935,29092,63,18738,18802,0,0,0,25139190,10402,25070134,0,0.333905,0.0,0.0,8226,0,226.34,0,0,0,0,SUCCESS,,,,,,,,,,,,,,,,,,legacy,True,results/exp1/experiment1_tightness.csv,25139190.0,69056.0,results/exp1/experiment1_tightness.csv,True
2026-07-01 20:01:07,EHAUSM-R,BIBLE,4,1,0.001,0.0,0.2,35550162,36369,57,18967,19024,0,0,0,21936545,12054,21880902,0,0.325249,0.0,0.0,6713,0,169.56,0,0,0,0,SUCCESS,,,,,,,,,,,,,,,,,,legacy,True,results/exp1/experiment1_tightness.csv,21936545.0,55643.0,results/exp1/experiment1_tightness.csv,True
2026-07-01 20:01:16,EHAUSM-R,BIBLE,0,2,0.001,0.0,0.2,7617167,7273,37,8348,8385,0,0,0,25214943,4399,25098659,0,0.305843,0.0,0.0,9964,0,916.09,0,0,0,0,SUCCESS,,,,,,,,,,,,,,,,,,legacy,True,results/exp1/experiment1_tightness.csv,25214943.0,116284.0,results/exp1/experiment1_tightness.csv,True
2026-07-01 20:01:28,EHAUSM-R,BIBLE,1,2,0.001,0.0,0.2,15283678,14546,32,12581,12614,0,0,0,25415115,7088,25329304,0,0.338954,0.0,0.0,10469,0,247.53,0,0,0,0,SUCCESS,,,,,,,,,,,,,,,,,,legacy,True,results/exp1/experiment1_tightness.csv,25415115.0,85811.0,results/exp1/experiment1_tightness.csv,True
2026-07-01 20:01:42,EHAUSM-R,BIBLE,2,2,0.001,0.0,0.2,21271931,21819,38,13286,13325,0,0,0,21229906,9135,21164592,0,0.339368,0.0,0.0,8283,0,573.55,0,0,0,0,SUCCESS,,,,,,,,,,,,,,,,,,legacy,True,results/exp1/experiment1_tightness.csv,21229906.0,65314.0,results/exp1/experiment1_tightness.csv,True
2026-07-01 20:02:01,EHAUSM-R,BIBLE,3,2,0.001,0.0,0.2,28633935,29092,49,18738,18787,0,0,0,25139190,10402,25070134,0,0.333905,0.0,0.0,8226,0,210.23,0,0,0,0,SUCCESS,,,,,,,,,,,,,,,,,,legacy,True,results/exp1/experiment1_tightness.csv,25139190.0,69056.0,results/exp1/experiment1_tightness.csv,True
2026-07-01 20:02:20,EHAUSM-R,BIBLE,4,2,0.001,0.0,0.2,35550162,36369,54,18960,19014,0,0,0,21936545,12054,21880902,0,0.325249,0.0,0.0,6713,0,673.75,0,0,0,0,SUCCESS,,,,,,,,,,,,,,,,,,legacy,True,results/exp1/experiment1_tightness.csv,21936545.0,55643.0,results/exp1/experiment1_tightness.csv,True
2026-07-01 20:02:31,EHAUSM-I,BIBLE,0,1,0.001,0.0,0.2,7617167,7273,84,10125,10209,0,0,0,25214943,4399,25098659,0,0.483665,0.0,0.0,9964,0,1181.39,0,0,0,0,SUCCESS,,,,,,,,,,,,,,,,,,legacy,True,results/exp1/experiment1_tightness.csv,25214943.0,116284.0,results/exp1/experiment1_tightness.csv,True
2026-07-01 20:02:46,EHAUSM-I,BIBLE,1,1,0.001,0.0,0.2,15283678,14546,38,13888,13927,0,0,0,17714355,7088,17628544,0,0.49067,0.0,0.0,10469,0,2961.3,0,0,0,0,SUCCESS,,,,,,,,,,,,,,,,,,legacy,True,results/exp1/experiment1_tightness.csv,17714355.0,85811.0,results/exp1/experiment1_tightness.csv,True
2026-07-01 20:03:00,EHAUSM-I,BIBLE,2,1,0.001,0.0,0.2,21271931,21819,43,13610,13654,0,0,0,9130023,9135,9064709,0,0.458285,0.0,0.0,8283,0,2028.12,0,0,0,0,SUCCESS,,,,,,,,,,,,,,,,,,legacy,True,results/exp1/experiment1_tightness.csv,9130023.0,65314.0,results/exp1/experiment1_tightness.csv,True
2026-07-01 20:03:20,EHAUSM-I,BIBLE,3,1,0.001,0.0,0.2,28633935,29092,22,19596,19619,0,0,0,15156855,10402,15087799,0,0.451252,0.0,0.0,8226,0,1488.04,0,0,0,0,SUCCESS,,,,,,,,,,,,,,,,,,legacy,True,results/exp1/experiment1_tightness.csv,15156855.0,69056.0,results/exp1/experiment1_tightness.csv,True
2026-07-01 20:03:38,EHAUSM-I,BIBLE,4,1,0.001,0.0,0.2,35550162,36369,30,18313,18344,0,0,0,8115828,12054,8060185,0,0.432059,0.0,0.0,6713,0,3190.14,0,0,0,0,SUCCESS,,,,,,,,,,,,,,,,,,legacy,True,results/exp1/experiment1_tightness.csv,8115828.0,55643.0,results/exp1/experiment1_tightness.csv,True
2026-07-01 20:03:49,EHAUSM-I,BIBLE,0,2,0.001,0.0,0.2,7617167,7273,30,9974,10004,0,0,0,25214943,4399,25098659,0,0.483665,0.0,0.0,9964,0,544.94,0,0,0,0,SUCCESS,,,,,,,,,,,,,,,,,,legacy,True,results/exp1/experiment1_tightness.csv,25214943.0,116284.0,results/exp1/experiment1_tightness.csv,True
2026-07-01 20:04:03,EHAUSM-I,BIBLE,1,2,0.001,0.0,0.2,15283678,14546,20,13816,13837,0,0,0,17714355,7088,17628544,0,0.49067,0.0,0.0,10469,0,2609.95,0,0,0,0,SUCCESS,,,,,,,,,,,,,,,,,,legacy,True,results/exp1/experiment1_tightness.csv,17714355.0,85811.0,results/exp1/experiment1_tightness.csv,True
2026-07-01 20:04:17,EHAUSM-I,BIBLE,2,2,0.001,0.0,0.2,21271931,21819,20,13602,13623,0,0,0,9130023,9135,9064709,0,0.458285,0.0,0.0,8283,0,4979.32,0,0,0,0,SUCCESS,,,,,,,,,,,,,,,,,,legacy,True,results/exp1/experiment1_tightness.csv,9130023.0,65314.0,results/exp1/experiment1_tightness.csv,True
2026-07-01 20:04:37,EHAUSM-I,BIBLE,3,2,0.001,0.0,0.2,28633935,29092,26,19612,19638,0,0,0,15156855,10402,15087799,0,0.451252,0.0,0.0,8226,0,1284.55,0,0,0,0,SUCCESS,,,,,,,,,,,,,,,,,,legacy,True,results/exp1/experiment1_tightness.csv,15156855.0,69056.0,results/exp1/experiment1_tightness.csv,True
2026-07-01 20:04:56,EHAUSM-I,BIBLE,4,2,0.001,0.0,0.2,35550162,36369,28,18133,18162,0,0,0,8115828,12054,8060185,0,0.432059,0.0,0.0,6713,0,2275.42,0,0,0,0,SUCCESS,,,,,,,,,,,,,,,,,,legacy,True,results/exp1/experiment1_tightness.csv,8115828.0,55643.0,results/exp1/experiment1_tightness.csv,True
2026-07-01 20:09:07,HAUSP-UB,BIBLE,0,1,0.001,0.0,0.2,7617167,7273,75,3893,3968,6,186,46,116722,5060,23150867,5332,0.0,0.240219,0.246177,9964,0,249.86,23277543,23269960,7583,6208,SUCCESS,,,,,,,,,,,,,,,,,,legacy,True,results/exp1/experiment1_tightness.csv,23273144.0,116722.0,results-2026-09/counts/exp1/experiment1_tightness.csv,True
2026-07-01 20:09:12,HAUSP-UB,BIBLE,1,1,0.001,0.0,0.2,15283678,14546,48,5006,5055,2,164,34,86236,7802,22815425,4700,0.0,0.271234,0.279246,10469,0,295.79,22907530,22904882,4023,8894,SUCCESS,,,,,,,,,,,,,,,,,,legacy,True,results/exp1/experiment1_tightness.csv,22906650.0,86236.0,results-2026-09/counts/exp1/experiment1_tightness.csv,True
2026-07-01 20:09:18,HAUSP-UB,BIBLE,2,1,0.001,0.0,0.2,21271931,21819,43,5290,5334,2,135,26,65736,9874,18638192,3568,0.0,0.273117,0.281164,8283,0,417.14,18708054,18706085,3306,10949,SUCCESS,,,,,,,,,,,,,,,,,,legacy,True,results/exp1/experiment1_tightness.csv,18707813.0,65736.0,results-2026-09/counts/exp1/experiment1_tightness.csv,True
2026-07-01 20:09:25,HAUSP-UB,BIBLE,3,1,0.001,0.0,0.2,28633935,29092,54,7413,7468,2,157,27,69470,11155,21936858,3761,0.0,0.269625,0.277551,8226,0,580.89,22009881,22008589,2543,12232,SUCCESS,,,,,,,,,,,,,,,,,,legacy,True,results/exp1/experiment1_tightness.csv,22010428.0,69470.0,results-2026-09/counts/exp1/experiment1_tightness.csv,True
2026-07-01 20:09:33,HAUSP-UB,BIBLE,4,1,0.001,0.0,0.2,35550162,36369,50,7458,7508,2,134,22,56071,12820,18708525,2933,0.0,0.261646,0.269156,6713,0,700.13,18767689,18766018,2931,13905,SUCCESS,,,,,,,,,,,,,,,,,,legacy,True,results/exp1/experiment1_tightness.csv,18767867.0,56071.0,results-2026-09/counts/exp1/experiment1_tightness.csv,True
2026-07-01 20:09:37,HAUSP-UB,BIBLE,0,2,0.001,0.0,0.2,7617167,7273,78,3414,3493,7,176,45,116722,5060,23150867,5332,0.0,0.240219,0.246177,9964,0,251.09,23277543,23269960,7583,6208,SUCCESS,,,,,,,,,,,,,,,,,,legacy,True,results/exp1/experiment1_tightness.csv,23273144.0,116722.0,results-2026-09/counts/exp1/experiment1_tightness.csv,True
2026-07-01 20:09:43,HAUSP-UB,BIBLE,1,2,0.001,0.0,0.2,15283678,14546,43,5000,5044,2,164,34,86236,7802,22815425,4700,0.0,0.271234,0.279246,10469,0,295.87,22907530,22904882,4023,8894,SUCCESS,,,,,,,,,,,,,,,,,,legacy,True,results/exp1/experiment1_tightness.csv,22906650.0,86236.0,results-2026-09/counts/exp1/experiment1_tightness.csv,True
2026-07-01 20:09:48,HAUSP-UB,BIBLE,2,2,0.001,0.0,0.2,21271931,21819,43,5308,5352,2,135,26,65736,9874,18638192,3568,0.0,0.273117,0.281164,8283,0,416.72,18708054,18706085,3306,10949,SUCCESS,,,,,,,,,,,,,,,,,,legacy,True,results/exp1/experiment1_tightness.csv,18707813.0,65736.0,results-2026-09/counts/exp1/experiment1_tightness.csv,True
2026-07-01 20:09:56,HAUSP-UB,BIBLE,3,2,0.001,0.0,0.2,28633935,29092,53,7441,7495,2,157,28,69470,11155,21936858,3761,0.0,0.269625,0.277551,8226,0,581.2,22009881,22008589,2543,12232,SUCCESS,,,,,,,,,,,,,,,,,,legacy,True,results/exp1/experiment1_tightness.csv,22010428.0,69470.0,results-2026-09/counts/exp1/experiment1_tightness.csv,True
2026-07-01 20:10:04,HAUSP-UB,BIBLE,4,2,0.001,0.0,0.2,35550162,36369,54,7448,7502,3,134,22,56071,12820,18708525,2933,0.0,0.261646,0.269156,6713,0,701.4,18767689,18766018,2931,13905,SUCCESS,,,,,,,,,,,,,,,,,,legacy,True,results/exp1/experiment1_tightness.csv,18767867.0,56071.0,results-2026-09/counts/exp1/experiment1_tightness.csv,True
2026-07-01 20:10:14,EHAUSM-R,BMS1_SPMF,0,1,0.0035,0.0,0.2,1577987,11920,34,10013,10048,0,0,0,100789904,18,100321904,0,0.079294,0.0,0.0,100,0,58.05,0,0,0,0,SUCCESS,,,,,,,,,,,,,,,,,,legacy,True,results/exp1/experiment1_tightness.csv,100789904.0,468000.0,results/exp1/experiment1_tightness.csv,True
2026-07-01 20:10:15,EHAUSM-R,BMS1_SPMF,1,1,0.0035,0.0,0.2,2805280,23840,16,442,458,0,0,0,3046411,22,3032302,0,0.057037,0.0,0.0,97,0,108.13,0,0,0,0,SUCCESS,,,,,,,,,,,,,,,,,,legacy,True,results/exp1/experiment1_tightness.csv,3046411.0,14109.0,results/exp1/experiment1_tightness.csv,True
2026-07-01 20:10:16,EHAUSM-R,BMS1_SPMF,2,1,0.0035,0.0,0.2,4090185,35760,17,147,165,0,0,0,611388,61,608317,0,0.059392,0.0,0.0,94,0,102.61,0,0,0,0,SUCCESS,,,,,,,,,,,,,,,,,,legacy,True,results/exp1/experiment1_tightness.csv,611388.0,3071.0,results/exp1/experiment1_tightness.csv,True
2026-07-01 20:10:16,EHAUSM-R,BMS1_SPMF,3,1,0.0035,0.0,0.2,5578380,47680,17,199,217,0,0,0,671378,45,667927,0,0.066552,0.0,0.0,93,0,67.33,0,0,0,0,SUCCESS,,,,,,,,,,,,,,,,,,legacy,True,results/exp1/experiment1_tightness.csv,671378.0,3451.0,results/exp1/experiment1_tightness.csv,True
2026-07-01 20:11:03,EHAUSM-R,BMS1_SPMF,4,1,0.0035,0.0,0.2,7229030,59601,25,46685,46711,0,0,0,103110382,133,102437138,0,0.090065,0.0,0.0,93,0,58.23,0,0,0,0,SUCCESS,,,,,,,,,,,,,,,,,,legacy,True,results/exp1/experiment1_tightness.csv,103110382.0,673244.0,results/exp1/experiment1_tightness.csv,True
2026-07-01 20:11:14,EHAUSM-R,BMS1_SPMF,0,2,0.0035,0.0,0.2,1577987,11920,10,9897,9908,0,0,0,100789904,18,100321904,0,0.079294,0.0,0.0,100,0,194.22,0,0,0,0,SUCCESS,,,,,,,,,,,,,,,,,,legacy,True,results/exp1/experiment1_tightness.csv,100789904.0,468000.0,results/exp1/experiment1_tightness.csv,True
2026-07-01 20:11:14,EHAUSM-R,BMS1_SPMF,1,2,0.0035,0.0,0.2,2805280,23840,11,447,459,0,0,0,3046411,22,3032302,0,0.057037,0.0,0.0,97,0,92.27,0,0,0,0,SUCCESS,,,,,,,,,,,,,,,,,,legacy,True,results/exp1/experiment1_tightness.csv,3046411.0,14109.0,results/exp1/experiment1_tightness.csv,True
2026-07-01 20:11:15,EHAUSM-R,BMS1_SPMF,2,2,0.0035,0.0,0.2,4090185,35760,16,146,163,0,0,0,611388,61,608317,0,0.059392,0.0,0.0,94,0,56.01,0,0,0,0,SUCCESS,,,,,,,,,,,,,,,,,,legacy,True,results/exp1/experiment1_tightness.csv,611388.0,3071.0,results/exp1/experiment1_tightness.csv,True
2026-07-01 20:11:15,EHAUSM-R,BMS1_SPMF,3,2,0.0035,0.0,0.2,5578380,47680,20,215,236,0,0,0,671378,45,667927,0,0.066552,0.0,0.0,93,0,272.54,0,0,0,0,SUCCESS,,,,,,,,,,,,,,,,,,legacy,True,results/exp1/experiment1_tightness.csv,671378.0,3451.0,results/exp1/experiment1_tightness.csv,True
2026-07-01 20:12:02,EHAUSM-R,BMS1_SPMF,4,2,0.0035,0.0,0.2,7229030,59601,25,46788,46814,0,0,0,103110382,133,102437138,0,0.090065,0.0,0.0,93,0,289.1,0,0,0,0,SUCCESS,,,,,,,,,,,,,,,,,,legacy,True,results/exp1/experiment1_tightness.csv,103110382.0,673244.0,results/exp1/experiment1_tightness.csv,True
2026-07-01 20:12:17,EHAUSM-I,BMS1_SPMF,0,1,0.0035,0.0,0.2,1577987,11920,47,13947,13995,0,0,0,100789904,18,100321904,0,0.152712,0.0,0.0,100,0,1838.28,0,0,0,0,SUCCESS,,,,,,,,,,,,,,,,,,legacy,True,results/exp1/experiment1_tightness.csv,100789904.0,468000.0,results/exp1/experiment1_tightness.csv,True
2026-07-01 20:12:18,EHAUSM-I,BMS1_SPMF,1,1,0.0035,0.0,0.2,2805280,23840,8,411,419,0,0,0,1153576,22,1139467,0,0.127373,0.0,0.0,97,0,527.13,0,0,0,0,SUCCESS,,,,,,,,,,,,,,,,,,legacy,True,results/exp1/experiment1_tightness.csv,1153576.0,14109.0,results/exp1/experiment1_tightness.csv,True
2026-07-01 20:12:18,EHAUSM-I,BMS1_SPMF,2,1,0.0035,0.0,0.2,4090185,35760,11,149,161,0,0,0,194754,61,191683,0,0.157902,0.0,0.0,94,0,151.89,0,0,0,0,SUCCESS,,,,,,,,,,,,,,,,,,legacy,True,results/exp1/experiment1_tightness.csv,194754.0,3071.0,results/exp1/experiment1_tightness.csv,True
2026-07-01 20:12:19,EHAUSM-I,BMS1_SPMF,3,1,0.0035,0.0,0.2,5578380,47680,10,225,235,0,0,0,384297,45,380846,0,0.165245,0.0,0.0,93,0,114.58,0,0,0,0,SUCCESS,,,,,,,,,,,,,,,,,,legacy,True,results/exp1/experiment1_tightness.csv,384297.0,3451.0,results/exp1/experiment1_tightness.csv,True
2026-07-01 20:13:16,EHAUSM-I,BMS1_SPMF,4,1,0.0035,0.0,0.2,7229030,59601,18,56479,56497,0,0,0,77822471,133,77149227,0,0.195364,0.0,0.0,93,0,3321.77,0,0,0,0,SUCCESS,,,,,,,,,,,,,,,,,,legacy,True,results/exp1/experiment1_tightness.csv,77822471.0,673244.0,results/exp1/experiment1_tightness.csv,True
2026-07-01 20:13:31,EHAUSM-I,BMS1_SPMF,0,2,0.0035,0.0,0.2,1577987,11920,7,13867,13875,0,0,0,100789904,18,100321904,0,0.152712,0.0,0.0,100,0,369.82,0,0,0,0,SUCCESS,,,,,,,,,,,,,,,,,,legacy,True,results/exp1/experiment1_tightness.csv,100789904.0,468000.0,results/exp1/experiment1_tightness.csv,True
2026-07-01 20:13:31,EHAUSM-I,BMS1_SPMF,1,2,0.0035,0.0,0.2,2805280,23840,7,450,458,0,0,0,1153576,22,1139467,0,0.127373,0.0,0.0,97,0,1130.03,0,0,0,0,SUCCESS,,,,,,,,,,,,,,,,,,legacy,True,results/exp1/experiment1_tightness.csv,1153576.0,14109.0,results/exp1/experiment1_tightness.csv,True
2026-07-01 20:13:32,EHAUSM-I,BMS1_SPMF,2,2,0.0035,0.0,0.2,4090185,35760,12,145,158,0,0,0,194754,61,191683,0,0.157902,0.0,0.0,94,0,142.13,0,0,0,0,SUCCESS,,,,,,,,,,,,,,,,,,legacy,True,results/exp1/experiment1_tightness.csv,194754.0,3071.0,results/exp1/experiment1_tightness.csv,True
2026-07-01 20:13:32,EHAUSM-I,BMS1_SPMF,3,2,0.0035,0.0,0.2,5578380,47680,12,238,250,0,0,0,384297,45,380846,0,0.165245,0.0,0.0,93,0,127.61,0,0,0,0,SUCCESS,,,,,,,,,,,,,,,,,,legacy,True,results/exp1/experiment1_tightness.csv,384297.0,3451.0,results/exp1/experiment1_tightness.csv,True
2026-07-01 20:14:29,EHAUSM-I,BMS1_SPMF,4,2,0.0035,0.0,0.2,7229030,59601,18,56498,56517,0,0,0,77822471,133,77149227,0,0.195364,0.0,0.0,93,0,2285.7,0,0,0,0,SUCCESS,,,,,,,,,,,,,,,,,,legacy,True,results/exp1/experiment1_tightness.csv,77822471.0,673244.0,results/exp1/experiment1_tightness.csv,True
2026-07-01 20:39:15,HAUSP-UB,BMS1_SPMF,0,1,0.0035,0.0,0.2,1577987,11920,17,5561,5579,1,657,182,468067,19,100272654,67,0.0,0.043005,0.043066,100,0,45.64,100740740,100739762,978,335,SUCCESS,,,,,,,,,,,,,,,,,,legacy,True,results/exp1/experiment1_tightness.csv,100740722.0,468067.0,results-2026-09/counts/exp1/experiment1_tightness.csv,True
2026-07-01 20:39:15,HAUSP-UB,BMS1_SPMF,1,1,0.0035,0.0,0.2,2805280,23840,2,237,239,0,20,5,14207,24,3020962,98,0.0,0.042039,0.044379,97,0,48.11,3034858,3034858,456,338,SUCCESS,,,,,,,,,,,,,,,,,,legacy,True,results/exp1/experiment1_tightness.csv,3035171.0,14207.0,results-2026-09/counts/exp1/experiment1_tightness.csv,True
2026-07-01 20:39:16,HAUSP-UB,BMS1_SPMF,2,1,0.0035,0.0,0.2,4090185,35760,4,87,92,0,5,1,3188,74,590256,117,0.0,0.064957,0.07524,94,0,52.88,593180,593180,416,387,SUCCESS,,,,,,,,,,,,,,,,,,legacy,True,results/exp1/experiment1_tightness.csv,593457.0,3188.0,results-2026-09/counts/exp1/experiment1_tightness.csv,True
2026-07-01 20:39:16,HAUSP-UB,BMS1_SPMF,3,1,0.0035,0.0,0.2,5578380,47680,5,115,121,0,5,1,3563,72,646094,112,0.0,0.057647,0.067303,93,0,57.4,649342,649342,343,389,SUCCESS,,,,,,,,,,,,,,,,,,legacy,True,results/exp1/experiment1_tightness.csv,649684.0,3563.0,results-2026-09/counts/exp1/experiment1_tightness.csv,True
2026-07-01 20:39:45,HAUSP-UB,BMS1_SPMF,4,1,0.0035,0.0,0.2,7229030,59601,8,28815,28824,0,748,260,673331,170,101041040,87,0.0,0.039763,0.039814,93,0,66.34,101714152,101714152,562,497,SUCCESS,,,,,,,,,,,,,,,,,,legacy,True,results/exp1/experiment1_tightness.csv,101714408.0,673331.0,results-2026-09/counts/exp1/experiment1_tightness.csv,True
2026-07-01 20:39:51,HAUSP-UB,BMS1_SPMF,0,2,0.0035,0.0,0.2,1577987,11920,15,5542,5558,1,652,181,468067,19,100272654,67,0.0,0.043005,0.043066,100,0,45.64,100740740,100739762,978,335,SUCCESS,,,,,,,,,,,,,,,,,,legacy,True,results/exp1/experiment1_tightness.csv,100740722.0,468067.0,results-2026-09/counts/exp1/experiment1_tightness.csv,True
2026-07-01 20:39:52,HAUSP-UB,BMS1_SPMF,1,2,0.0035,0.0,0.2,2805280,23840,4,241,245,0,21,5,14207,24,3020962,98,0.0,0.042039,0.044379,97,0,48.11,3034858,3034858,456,338,SUCCESS,,,,,,,,,,,,,,,,,,legacy,True,results/exp1/experiment1_tightness.csv,3035171.0,14207.0,results-2026-09/counts/exp1/experiment1_tightness.csv,True
2026-07-01 20:39:52,HAUSP-UB,BMS1_SPMF,2,2,0.0035,0.0,0.2,4090185,35760,4,81,86,0,4,1,3188,74,590256,117,0.0,0.064957,0.07524,94,0,52.88,593180,593180,416,387,SUCCESS,,,,,,,,,,,,,,,,,,legacy,True,results/exp1/experiment1_tightness.csv,593457.0,3188.0,results-2026-09/counts/exp1/experiment1_tightness.csv,True
2026-07-01 20:39:52,HAUSP-UB,BMS1_SPMF,3,2,0.0035,0.0,0.2,5578380,47680,6,117,124,0,5,1,3563,72,646094,112,0.0,0.057647,0.067303,93,0,57.4,649342,649342,343,389,SUCCESS,,,,,,,,,,,,,,,,,,legacy,True,results/exp1/experiment1_tightness.csv,649684.0,3563.0,results-2026-09/counts/exp1/experiment1_tightness.csv,True
2026-07-01 20:40:21,HAUSP-UB,BMS1_SPMF,4,2,0.0035,0.0,0.2,7229030,59601,7,28804,28811,0,746,261,673331,170,101041040,87,0.0,0.039763,0.039814,93,0,66.34,101714152,101714152,562,497,SUCCESS,,,,,,,,,,,,,,,,,,legacy,True,results/exp1/experiment1_tightness.csv,101714408.0,673331.0,results-2026-09/counts/exp1/experiment1_tightness.csv,True
2026-07-01 20:41:13,EHAUSM-R,FIFA,0,1,0.012,0.0,0.2,7402552,4090,88,50220,50308,0,0,0,25763977,1858,25612467,0,0.136759,0.0,0.0,231,0,117.1,0,0,0,0,SUCCESS,,,,,,,,,,,,,,,,,,legacy,True,results/exp1/experiment1_tightness.csv,25763977.0,151510.0,results/exp1/experiment1_tightness.csv,True
2026-07-01 20:42:38,EHAUSM-R,FIFA,1,1,0.012,0.0,0.2,14678365,8180,40,85175,85216,0,0,0,23458022,2180,23327756,0,0.136088,0.0,0.0,215,0,357.81,0,0,0,0,SUCCESS,,,,,,,,,,,,,,,,,,legacy,True,results/exp1/experiment1_tightness.csv,23458022.0,130266.0,results/exp1/experiment1_tightness.csv,True
2026-07-01 20:44:51,EHAUSM-R,FIFA,2,1,0.012,0.0,0.2,21657235,12270,44,131926,131971,0,0,0,23893546,2364,23758712,0,0.135854,0.0,0.0,280,0,290.67,0,0,0,0,SUCCESS,,,,,,,,,,,,,,,,,,legacy,True,results/exp1/experiment1_tightness.csv,23893546.0,134834.0,results/exp1/experiment1_tightness.csv,True
2026-07-01 20:47:49,EHAUSM-R,FIFA,3,1,0.012,0.0,0.2,28870802,16360,40,177802,177842,0,0,0,23966676,2449,23830811,0,0.132834,0.0,0.0,346,0,342.79,0,0,0,0,SUCCESS,,,,,,,,,,,,,,,,,,legacy,True,results/exp1/experiment1_tightness.csv,23966676.0,135865.0,results/exp1/experiment1_tightness.csv,True
2026-07-01 20:51:24,EHAUSM-R,FIFA,4,1,0.012,0.0,0.2,35721991,20450,47,213523,213571,0,0,0,22652772,2536,22524180,0,0.134802,0.0,0.0,334,0,283.75,0,0,0,0,SUCCESS,,,,,,,,,,,,,,,,,,legacy,True,results/exp1/experiment1_tightness.csv,22652772.0,128592.0,results/exp1/experiment1_tightness.csv,True
2026-07-01 20:52:15,EHAUSM-R,FIFA,0,2,0.012,0.0,0.2,7402552,4090,28,50048,50076,0,0,0,25763977,1858,25612467,0,0.136759,0.0,0.0,231,0,299.26,0,0,0,0,SUCCESS,,,,,,,,,,,,,,,,,,legacy,True,results/exp1/experiment1_tightness.csv,25763977.0,151510.0,results/exp1/experiment1_tightness.csv,True
2026-07-01 20:53:40,EHAUSM-R,FIFA,1,2,0.012,0.0,0.2,14678365,8180,24,85326,85350,0,0,0,23458022,2180,23327756,0,0.136088,0.0,0.0,215,0,178.41,0,0,0,0,SUCCESS,,,,,,,,,,,,,,,,,,legacy,True,results/exp1/experiment1_tightness.csv,23458022.0,130266.0,results/exp1/experiment1_tightness.csv,True
2026-07-01 20:55:54,EHAUSM-R,FIFA,2,2,0.012,0.0,0.2,21657235,12270,32,132755,132788,0,0,0,23893546,2364,23758712,0,0.135854,0.0,0.0,280,0,343.39,0,0,0,0,SUCCESS,,,,,,,,,,,,,,,,,,legacy,True,results/exp1/experiment1_tightness.csv,23893546.0,134834.0,results/exp1/experiment1_tightness.csv,True
2026-07-01 20:58:53,EHAUSM-R,FIFA,3,2,0.012,0.0,0.2,28870802,16360,41,178272,178313,0,0,0,23966676,2449,23830811,0,0.132834,0.0,0.0,346,0,371.28,0,0,0,0,SUCCESS,,,,,,,,,,,,,,,,,,legacy,True,results/exp1/experiment1_tightness.csv,23966676.0,135865.0,results/exp1/experiment1_tightness.csv,True
2026-07-01 21:02:28,EHAUSM-R,FIFA,4,2,0.012,0.0,0.2,35721991,20450,44,214333,214378,0,0,0,22652772,2536,22524180,0,0.134802,0.0,0.0,334,0,403.75,0,0,0,0,SUCCESS,,,,,,,,,,,,,,,,,,legacy,True,results/exp1/experiment1_tightness.csv,22652772.0,128592.0,results/exp1/experiment1_tightness.csv,True
2026-07-01 21:03:33,EHAUSM-I,FIFA,0,1,0.012,0.0,0.2,7402552,4090,111,63527,63638,0,0,0,25763977,1858,25612467,0,0.216064,0.0,0.0,231,0,4138.16,0,0,0,0,SUCCESS,,,,,,,,,,,,,,,,,,legacy,True,results/exp1/experiment1_tightness.csv,25763977.0,151510.0,results/exp1/experiment1_tightness.csv,True
2026-07-01 21:05:13,EHAUSM-I,FIFA,1,1,0.012,0.0,0.2,14678365,8180,14,99905,99920,0,0,0,23192267,2180,23062001,0,0.210594,0.0,0.0,215,0,3101.36,0,0,0,0,SUCCESS,,,,,,,,,,,,,,,,,,legacy,True,results/exp1/experiment1_tightness.csv,23192267.0,130266.0,results/exp1/experiment1_tightness.csv,True
2026-07-01 21:07:49,EHAUSM-I,FIFA,2,1,0.012,0.0,0.2,21657235,12270,20,154759,154780,0,0,0,22512694,2364,22377860,0,0.210001,0.0,0.0,280,0,6236.18,0,0,0,0,SUCCESS,,,,,,,,,,,,,,,,,,legacy,True,results/exp1/experiment1_tightness.csv,22512694.0,134834.0,results/exp1/experiment1_tightness.csv,True
2026-07-01 21:11:10,EHAUSM-I,FIFA,3,1,0.012,0.0,0.2,28870802,16360,21,199577,199598,0,0,0,22602061,2449,22466196,0,0.208589,0.0,0.0,346,0,4790.51,0,0,0,0,SUCCESS,,,,,,,,,,,,,,,,,,legacy,True,results/exp1/experiment1_tightness.csv,22602061.0,135865.0,results/exp1/experiment1_tightness.csv,True
2026-07-01 21:15:08,EHAUSM-I,FIFA,4,1,0.012,0.0,0.2,35721991,20450,20,236826,236847,0,0,0,21307703,2536,21179111,0,0.206729,0.0,0.0,334,0,9237.48,0,0,0,0,SUCCESS,,,,,,,,,,,,,,,,,,legacy,True,results/exp1/experiment1_tightness.csv,21307703.0,128592.0,results/exp1/experiment1_tightness.csv,True
2026-07-01 21:16:13,EHAUSM-I,FIFA,0,2,0.012,0.0,0.2,7402552,4090,21,63428,63450,0,0,0,25763977,1858,25612467,0,0.216064,0.0,0.0,231,0,1463.45,0,0,0,0,SUCCESS,,,,,,,,,,,,,,,,,,legacy,True,results/exp1/experiment1_tightness.csv,25763977.0,151510.0,results/exp1/experiment1_tightness.csv,True
2026-07-01 21:17:54,EHAUSM-I,FIFA,1,2,0.012,0.0,0.2,14678365,8180,14,100008,100023,0,0,0,23192267,2180,23062001,0,0.210594,0.0,0.0,215,0,2895.42,0,0,0,0,SUCCESS,,,,,,,,,,,,,,,,,,legacy,True,results/exp1/experiment1_tightness.csv,23192267.0,130266.0,results/exp1/experiment1_tightness.csv,True
2026-07-01 21:20:30,EHAUSM-I,FIFA,2,2,0.012,0.0,0.2,21657235,12270,18,154943,154962,0,0,0,22512694,2364,22377860,0,0.210001,0.0,0.0,280,0,5376.44,0,0,0,0,SUCCESS,,,,,,,,,,,,,,,,,,legacy,True,results/exp1/experiment1_tightness.csv,22512694.0,134834.0,results/exp1/experiment1_tightness.csv,True
2026-07-01 21:23:50,EHAUSM-I,FIFA,3,2,0.012,0.0,0.2,28870802,16360,19,199410,199429,0,0,0,22602061,2449,22466196,0,0.208589,0.0,0.0,346,0,6002.26,0,0,0,0,SUCCESS,,,,,,,,,,,,,,,,,,legacy,True,results/exp1/experiment1_tightness.csv,22602061.0,135865.0,results/exp1/experiment1_tightness.csv,True
2026-07-01 21:27:48,EHAUSM-I,FIFA,4,2,0.012,0.0,0.2,35721991,20450,21,236427,236449,0,0,0,21307703,2536,21179111,0,0.206729,0.0,0.0,334,0,10939.49,0,0,0,0,SUCCESS,,,,,,,,,,,,,,,,,,legacy,True,results/exp1/experiment1_tightness.csv,21307703.0,128592.0,results/exp1/experiment1_tightness.csv,True
2026-07-01 21:50:32,HAUSP-UB,FIFA,0,1,0.012,0.0,0.2,7402552,4090,48,21380,21429,5,230,59,151622,2017,24566350,322,0.0,0.095972,0.09607,231,0,428.14,24720199,24717549,2650,2316,SUCCESS,,,,,,,,,,,,,,,,,,legacy,True,results/exp1/experiment1_tightness.csv,24718341.0,151622.0,results-2026-09/counts/exp1/experiment1_tightness.csv,True
2026-07-01 21:51:09,HAUSP-UB,FIFA,1,1,0.012,0.0,0.2,14678365,8180,20,36723,36743,2,213,51,130375,2329,21412491,298,0.0,0.096672,0.09678,215,0,467.94,21543068,21542751,651,2627,SUCCESS,,,,,,,,,,,,,,,,,,legacy,True,results/exp1/experiment1_tightness.csv,21543204.0,130375.0,results-2026-09/counts/exp1/experiment1_tightness.csv,True
2026-07-01 21:52:05,HAUSP-UB,FIFA,2,1,0.012,0.0,0.2,21657235,12270,23,56340,56363,3,227,54,134941,2515,21768590,312,0.0,0.09711,0.097222,280,0,490.6,21903624,21903442,522,2811,SUCCESS,,,,,,,,,,,,,,,,,,legacy,True,results/exp1/experiment1_tightness.csv,21903887.0,134941.0,results-2026-09/counts/exp1/experiment1_tightness.csv,True
2026-07-01 21:53:21,HAUSP-UB,FIFA,3,1,0.012,0.0,0.2,28870802,16360,22,75292,75314,3,228,56,135970,2612,21753972,299,0.0,0.09581,0.095917,346,0,515.77,21889937,21889846,429,2907,SUCCESS,,,,,,,,,,,,,,,,,,legacy,True,results/exp1/experiment1_tightness.csv,21890299.0,135970.0,results-2026-09/counts/exp1/experiment1_tightness.csv,True
2026-07-01 21:54:51,HAUSP-UB,FIFA,4,1,0.012,0.0,0.2,35721991,20450,16,89949,89966,1,219,54,128691,2701,20655889,267,0.0,0.096915,0.097026,334,0,539.38,20784542,20784461,414,2990,SUCCESS,,,,,,,,,,,,,,,,,,legacy,True,results/exp1/experiment1_tightness.csv,20784913.0,128691.0,results-2026-09/counts/exp1/experiment1_tightness.csv,True
2026-07-01 21:55:13,HAUSP-UB,FIFA,0,2,0.012,0.0,0.2,7402552,4090,49,21361,21410,6,226,60,151622,2017,24566350,322,0.0,0.095972,0.09607,231,0,427.59,24720199,24717549,2650,2316,SUCCESS,,,,,,,,,,,,,,,,,,legacy,True,results/exp1/experiment1_tightness.csv,24718341.0,151622.0,results-2026-09/counts/exp1/experiment1_tightness.csv,True
2026-07-01 21:55:50,HAUSP-UB,FIFA,1,2,0.012,0.0,0.2,14678365,8180,19,36726,36745,1,207,51,130375,2329,21412491,298,0.0,0.096672,0.09678,215,0,467.74,21543068,21542751,651,2627,SUCCESS,,,,,,,,,,,,,,,,,,legacy,True,results/exp1/experiment1_tightness.csv,21543204.0,130375.0,results-2026-09/counts/exp1/experiment1_tightness.csv,True
2026-07-01 21:56:47,HAUSP-UB,FIFA,2,2,0.012,0.0,0.2,21657235,12270,18,56637,56656,2,227,54,134941,2515,21768590,312,0.0,0.09711,0.097222,280,0,490.6,21903624,21903442,522,2811,SUCCESS,,,,,,,,,,,,,,,,,,legacy,True,results/exp1/experiment1_tightness.csv,21903887.0,134941.0,results-2026-09/counts/exp1/experiment1_tightness.csv,True
2026-07-01 21:58:02,HAUSP-UB,FIFA,3,2,0.012,0.0,0.2,28870802,16360,18,75276,75295,2,245,55,135970,2612,21753972,299,0.0,0.09581,0.095917,346,0,515.98,21889937,21889846,429,2907,SUCCESS,,,,,,,,,,,,,,,,,,legacy,True,results/exp1/experiment1_tightness.csv,21890299.0,135970.0,results-2026-09/counts/exp1/experiment1_tightness.csv,True
2026-07-01 21:59:32,HAUSP-UB,FIFA,4,2,0.012,0.0,0.2,35721991,20450,21,89784,89806,2,242,54,128691,2701,20655889,267,0.0,0.096915,0.097026,334,0,539.35,20784542,20784461,414,2990,SUCCESS,,,,,,,,,,,,,,,,,,legacy,True,results/exp1/experiment1_tightness.csv,20784913.0,128691.0,results-2026-09/counts/exp1/experiment1_tightness.csv,True
2026-07-01 22:00:13,EHAUSM-R,KOSARAK,0,1,0.003,0.0,0.2,79636688,198000,254,37800,38054,0,0,0,51567664,24187,51522856,0,0.02711,0.0,0.0,103,0,2326.02,0,0,0,0,SUCCESS,,,,,,,,,,,,,,,,,,legacy,True,results/exp1/experiment1_tightness.csv,51567664.0,44808.0,results/exp1/experiment1_tightness.csv,True
2026-07-01 22:01:41,EHAUSM-R,KOSARAK,1,1,0.003,0.0,0.2,161031299,396000,258,87094,87352,0,0,0,67909611,29347,67857161,0,0.023666,0.0,0.0,102,0,2335.54,0,0,0,0,SUCCESS,,,,,,,,,,,,,,,,,,legacy,True,results/exp1/experiment1_tightness.csv,67909611.0,52450.0,results/exp1/experiment1_tightness.csv,True
2026-07-01 22:03:39,EHAUSM-R,KOSARAK,2,1,0.003,0.0,0.2,240799749,594000,344,117515,117860,0,0,0,58594053,32449,58547823,0,0.027303,0.0,0.0,104,0,3041.1,0,0,0,0,SUCCESS,,,,,,,,,,,,,,,,,,legacy,True,results/exp1/experiment1_tightness.csv,58594053.0,46230.0,results/exp1/experiment1_tightness.csv,True
2026-07-01 22:06:56,EHAUSM-R,KOSARAK,3,1,0.003,0.0,0.2,321393622,792000,468,195327,195795,0,0,0,77736196,34809,77678647,0,0.023645,0.0,0.0,101,0,3086.36,0,0,0,0,SUCCESS,,,,,,,,,,,,,,,,,,legacy,True,results/exp1/experiment1_tightness.csv,77736196.0,57549.0,results/exp1/experiment1_tightness.csv,True
2026-07-01 22:10:41,EHAUSM-R,KOSARAK,4,1,0.003,0.0,0.2,400890653,990002,545,223928,224474,0,0,0,71686014,36629,71632855,0,0.024214,0.0,0.0,103,0,2356.42,0,0,0,0,SUCCESS,,,,,,,,,,,,,,,,,,legacy,True,results/exp1/experiment1_tightness.csv,71686014.0,53159.0,results/exp1/experiment1_tightness.csv,True
2026-07-01 22:11:20,EHAUSM-R,KOSARAK,0,2,0.003,0.0,0.2,79636688,198000,114,37929,38043,0,0,0,51567664,24187,51522856,0,0.02711,0.0,0.0,103,0,4887.72,0,0,0,0,SUCCESS,,,,,,,,,,,,,,,,,,legacy,True,results/exp1/experiment1_tightness.csv,51567664.0,44808.0,results/exp1/experiment1_tightness.csv,True
2026-07-01 22:12:48,EHAUSM-R,KOSARAK,1,2,0.003,0.0,0.2,161031299,396000,240,86903,87144,0,0,0,67909611,29347,67857161,0,0.023666,0.0,0.0,102,0,3545.05,0,0,0,0,SUCCESS,,,,,,,,,,,,,,,,,,legacy,True,results/exp1/experiment1_tightness.csv,67909611.0,52450.0,results/exp1/experiment1_tightness.csv,True
2026-07-01 22:14:46,EHAUSM-R,KOSARAK,2,2,0.003,0.0,0.2,240799749,594000,305,117298,117603,0,0,0,58594053,32449,58547823,0,0.027303,0.0,0.0,104,0,2457.9,0,0,0,0,SUCCESS,,,,,,,,,,,,,,,,,,legacy,True,results/exp1/experiment1_tightness.csv,58594053.0,46230.0,results/exp1/experiment1_tightness.csv,True
2026-07-01 22:18:01,EHAUSM-R,KOSARAK,3,2,0.003,0.0,0.2,321393622,792000,465,193920,194385,0,0,0,77736196,34809,77678647,0,0.023645,0.0,0.0,101,0,2787.02,0,0,0,0,SUCCESS,,,,,,,,,,,,,,,,,,legacy,True,results/exp1/experiment1_tightness.csv,77736196.0,57549.0,results/exp1/experiment1_tightness.csv,True
2026-07-01 22:21:46,EHAUSM-R,KOSARAK,4,2,0.003,0.0,0.2,400890653,990002,546,223739,224285,0,0,0,71686014,36629,71632855,0,0.024214,0.0,0.0,103,0,2232.94,0,0,0,0,SUCCESS,,,,,,,,,,,,,,,,,,legacy,True,results/exp1/experiment1_tightness.csv,71686014.0,53159.0,results/exp1/experiment1_tightness.csv,True
2026-07-01 22:22:35,EHAUSM-I,KOSARAK,0,1,0.003,0.0,0.2,79636688,198000,298,46781,47080,0,0,0,51567664,24187,51522856,0,0.068419,0.0,0.0,103,0,5113.29,0,0,0,0,SUCCESS,,,,,,,,,,,,,,,,,,legacy,True,results/exp1/experiment1_tightness.csv,51567664.0,44808.0,results/exp1/experiment1_tightness.csv,True
2026-07-01 22:24:18,EHAUSM-I,KOSARAK,1,1,0.003,0.0,0.2,161031299,396000,238,102059,102298,0,0,0,64030508,29347,63978058,0,0.057756,0.0,0.0,102,0,4278.42,0,0,0,0,SUCCESS,,,,,,,,,,,,,,,,,,legacy,True,results/exp1/experiment1_tightness.csv,64030508.0,52450.0,results/exp1/experiment1_tightness.csv,True
2026-07-01 22:26:36,EHAUSM-I,KOSARAK,2,1,0.003,0.0,0.2,240799749,594000,267,137236,137503,0,0,0,52591645,32449,52545415,0,0.062148,0.0,0.0,104,0,4336.56,0,0,0,0,SUCCESS,,,,,,,,,,,,,,,,,,legacy,True,results/exp1/experiment1_tightness.csv,52591645.0,46230.0,results/exp1/experiment1_tightness.csv,True
2026-07-01 22:30:15,EHAUSM-I,KOSARAK,3,1,0.003,0.0,0.2,321393622,792000,374,217216,217591,0,0,0,73002455,34809,72944906,0,0.050356,0.0,0.0,101,0,4433.92,0,0,0,0,SUCCESS,,,,,,,,,,,,,,,,,,legacy,True,results/exp1/experiment1_tightness.csv,73002455.0,57549.0,results/exp1/experiment1_tightness.csv,True
2026-07-01 22:34:26,EHAUSM-I,KOSARAK,4,1,0.003,0.0,0.2,400890653,990002,356,250005,250362,0,0,0,61568570,36629,61515411,0,0.054318,0.0,0.0,103,0,4598.01,0,0,0,0,SUCCESS,,,,,,,,,,,,,,,,,,legacy,True,results/exp1/experiment1_tightness.csv,61568570.0,53159.0,results/exp1/experiment1_tightness.csv,True
2026-07-01 22:35:14,EHAUSM-I,KOSARAK,0,2,0.003,0.0,0.2,79636688,198000,132,46482,46615,0,0,0,51567664,24187,51522856,0,0.068419,0.0,0.0,103,0,4503.21,0,0,0,0,SUCCESS,,,,,,,,,,,,,,,,,,legacy,True,results/exp1/experiment1_tightness.csv,51567664.0,44808.0,results/exp1/experiment1_tightness.csv,True
2026-07-01 22:36:58,EHAUSM-I,KOSARAK,1,2,0.003,0.0,0.2,161031299,396000,219,102097,102317,0,0,0,64030508,29347,63978058,0,0.057756,0.0,0.0,102,0,6999.91,0,0,0,0,SUCCESS,,,,,,,,,,,,,,,,,,legacy,True,results/exp1/experiment1_tightness.csv,64030508.0,52450.0,results/exp1/experiment1_tightness.csv,True
2026-07-01 22:39:16,EHAUSM-I,KOSARAK,2,2,0.003,0.0,0.2,240799749,594000,239,137532,137772,0,0,0,52591645,32449,52545415,0,0.062148,0.0,0.0,104,0,3092.72,0,0,0,0,SUCCESS,,,,,,,,,,,,,,,,,,legacy,True,results/exp1/experiment1_tightness.csv,52591645.0,46230.0,results/exp1/experiment1_tightness.csv,True
2026-07-01 22:42:56,EHAUSM-I,KOSARAK,3,2,0.003,0.0,0.2,321393622,792000,350,218050,218401,0,0,0,73002455,34809,72944906,0,0.050356,0.0,0.0,101,0,5747.02,0,0,0,0,SUCCESS,,,,,,,,,,,,,,,,,,legacy,True,results/exp1/experiment1_tightness.csv,73002455.0,57549.0,results/exp1/experiment1_tightness.csv,True
2026-07-01 22:47:08,EHAUSM-I,KOSARAK,4,2,0.003,0.0,0.2,400890653,990002,355,250573,250928,0,0,0,61568570,36629,61515411,0,0.054318,0.0,0.0,103,0,5089.58,0,0,0,0,SUCCESS,,,,,,,,,,,,,,,,,,legacy,True,results/exp1/experiment1_tightness.csv,61568570.0,53159.0,results/exp1/experiment1_tightness.csv,True
2026-07-01 23:33:08,HAUSP-UB,KOSARAK,0,1,0.003,0.0,0.2,79636688,198000,2101,20584,22685,16,212,19,46393,25266,31123933,1585,0.0,0.027989,0.029411,103,0,2544.0,31195592,31164007,31585,28708,SUCCESS,,,,,,,,,,,,,,,,,,legacy,True,results/exp1/experiment1_tightness.csv,31171405.0,46393.0,results-2026-09/counts/exp1/experiment1_tightness.csv,True
2026-07-01 23:33:58,HAUSP-UB,KOSARAK,1,1,0.003,0.0,0.2,161031299,396000,1963,47069,49032,16,281,23,53982,30459,39786858,1532,0.0,0.026252,0.027432,102,0,2341.26,39842591,39837168,8300,33988,SUCCESS,,,,,,,,,,,,,,,,,,legacy,True,results/exp1/experiment1_tightness.csv,39841952.0,53982.0,results-2026-09/counts/exp1/experiment1_tightness.csv,True
2026-07-01 23:35:01,HAUSP-UB,KOSARAK,2,1,0.003,0.0,0.2,240799749,594000,1705,61619,63325,14,233,21,47751,33508,31269836,1521,0.0,0.02838,0.029705,104,0,2664.87,31317107,31314212,5915,36960,SUCCESS,,,,,,,,,,,,,,,,,,legacy,True,results/exp1/experiment1_tightness.csv,31318646.0,47751.0,results-2026-09/counts/exp1/experiment1_tightness.csv,True
2026-07-01 23:36:50,HAUSP-UB,KOSARAK,3,1,0.003,0.0,0.2,321393622,792000,2366,106207,108573,13,344,27,59097,35900,45329380,1548,0.0,0.027469,0.028528,101,0,4311.74,45387417,45384728,5632,39483,SUCCESS,,,,,,,,,,,,,,,,,,legacy,True,results/exp1/experiment1_tightness.csv,45389568.0,59097.0,results-2026-09/counts/exp1/experiment1_tightness.csv,True
2026-07-01 23:38:54,HAUSP-UB,KOSARAK,4,1,0.003,0.0,0.2,400890653,990002,1686,121034,122721,14,318,26,54696,37724,40515086,1537,0.0,0.027545,0.028679,103,0,4224.0,40568023,40566266,4866,41270,SUCCESS,,,,,,,,,,,,,,,,,,legacy,True,results/exp1/experiment1_tightness.csv,40570877.0,54696.0,results-2026-09/counts/exp1/experiment1_tightness.csv,True
2026-07-01 23:39:17,HAUSP-UB,KOSARAK,0,2,0.003,0.0,0.2,79636688,198000,2097,20414,22512,14,211,19,46393,25266,31123933,1585,0.0,0.027989,0.029411,103,0,2528.09,31195592,31164007,31585,28708,SUCCESS,,,,,,,,,,,,,,,,,,legacy,True,results/exp1/experiment1_tightness.csv,31171405.0,46393.0,results-2026-09/counts/exp1/experiment1_tightness.csv,True
2026-07-01 23:40:07,HAUSP-UB,KOSARAK,1,2,0.003,0.0,0.2,161031299,396000,1964,47099,49064,18,281,23,53982,30459,39786858,1532,0.0,0.026252,0.027432,102,0,2340.87,39842591,39837168,8300,33988,SUCCESS,,,,,,,,,,,,,,,,,,legacy,True,results/exp1/experiment1_tightness.csv,39841952.0,53982.0,results-2026-09/counts/exp1/experiment1_tightness.csv,True
2026-07-01 23:41:11,HAUSP-UB,KOSARAK,2,2,0.003,0.0,0.2,240799749,594000,1689,62157,63846,16,235,22,47751,33508,31269836,1521,0.0,0.02838,0.029705,104,0,2784.68,31317107,31314212,5915,36960,SUCCESS,,,,,,,,,,,,,,,,,,legacy,True,results/exp1/experiment1_tightness.csv,31318646.0,47751.0,results-2026-09/counts/exp1/experiment1_tightness.csv,True
2026-07-01 23:43:00,HAUSP-UB,KOSARAK,3,2,0.003,0.0,0.2,321393622,792000,2343,105789,108133,14,344,28,59097,35900,45329380,1548,0.0,0.027469,0.028528,101,0,4307.27,45387417,45384728,5632,39483,SUCCESS,,,,,,,,,,,,,,,,,,legacy,True,results/exp1/experiment1_tightness.csv,45389568.0,59097.0,results-2026-09/counts/exp1/experiment1_tightness.csv,True
2026-07-01 23:45:03,HAUSP-UB,KOSARAK,4,2,0.003,0.0,0.2,400890653,990002,1695,121465,123161,14,316,26,54696,37724,40515086,1537,0.0,0.027545,0.028679,103,0,4226.24,40568023,40566266,4866,41270,SUCCESS,,,,,,,,,,,,,,,,,,legacy,True,results/exp1/experiment1_tightness.csv,40570877.0,54696.0,results-2026-09/counts/exp1/experiment1_tightness.csv,True
2026-07-01 23:47:42,EHAUSM-R,SIGN,0,1,0.003,0.0,0.2,319686,146,2,14488,14490,0,0,0,106349081,0,104965619,0,0.287385,0.0,0.0,23387,0,150.99,0,0,0,0,SUCCESS,,,,,,,,,,,,,,,,,,legacy,True,results/exp1/experiment1_tightness.csv,106349081.0,1383462.0,results/exp1/experiment1_tightness.csv,True
2026-07-01 23:48:01,EHAUSM-R,SIGN,1,1,0.003,0.0,0.2,642036,292,1,19069,19071,0,0,0,102988598,3,102048966,0,0.294609,0.0,0.0,17303,0,59.49,0,0,0,0,SUCCESS,,,,,,,,,,,,,,,,,,legacy,True,results/exp1/experiment1_tightness.csv,102988598.0,939632.0,results/exp1/experiment1_tightness.csv,True
2026-07-01 23:48:21,EHAUSM-R,SIGN,2,1,0.003,0.0,0.2,955150,438,3,19417,19420,0,0,0,85023548,12,84336199,0,0.293927,0.0,0.0,14594,0,114.11,0,0,0,0,SUCCESS,,,,,,,,,,,,,,,,,,legacy,True,results/exp1/experiment1_tightness.csv,85023548.0,687349.0,results/exp1/experiment1_tightness.csv,True
2026-07-01 23:48:43,EHAUSM-R,SIGN,3,1,0.003,0.0,0.2,1316615,584,3,21581,21585,0,0,0,84148511,14,83536343,0,0.284258,0.0,0.0,12887,0,111.23,0,0,0,0,SUCCESS,,,,,,,,,,,,,,,,,,legacy,True,results/exp1/experiment1_tightness.csv,84148511.0,612168.0,results/exp1/experiment1_tightness.csv,True
2026-07-01 23:49:09,EHAUSM-R,SIGN,4,1,0.003,0.0,0.2,1668652,730,5,25308,25313,0,0,0,87193705,18,86599818,0,0.28466,0.0,0.0,12666,0,79.01,0,0,0,0,SUCCESS,,,,,,,,,,,,,,,,,,legacy,True,results/exp1/experiment1_tightness.csv,87193705.0,593887.0,results/exp1/experiment1_tightness.csv,True
2026-07-01 23:49:24,EHAUSM-R,SIGN,0,2,0.003,0.0,0.2,319686,146,2,14824,14826,0,0,0,106349081,0,104965619,0,0.287385,0.0,0.0,23387,0,91.92,0,0,0,0,SUCCESS,,,,,,,,,,,,,,,,,,legacy,True,results/exp1/experiment1_tightness.csv,106349081.0,1383462.0,results/exp1/experiment1_tightness.csv,True
2026-07-01 23:49:43,EHAUSM-R,SIGN,1,2,0.003,0.0,0.2,642036,292,2,19070,19072,0,0,0,102988598,3,102048966,0,0.294609,0.0,0.0,17303,0,59.52,0,0,0,0,SUCCESS,,,,,,,,,,,,,,,,,,legacy,True,results/exp1/experiment1_tightness.csv,102988598.0,939632.0,results/exp1/experiment1_tightness.csv,True
2026-07-01 23:50:03,EHAUSM-R,SIGN,2,2,0.003,0.0,0.2,955150,438,3,19414,19418,0,0,0,85023548,12,84336199,0,0.293927,0.0,0.0,14594,0,114.11,0,0,0,0,SUCCESS,,,,,,,,,,,,,,,,,,legacy,True,results/exp1/experiment1_tightness.csv,85023548.0,687349.0,results/exp1/experiment1_tightness.csv,True
2026-07-01 23:50:25,EHAUSM-R,SIGN,3,2,0.003,0.0,0.2,1316615,584,3,21571,21575,0,0,0,84148511,14,83536343,0,0.284258,0.0,0.0,12887,0,110.68,0,0,0,0,SUCCESS,,,,,,,,,,,,,,,,,,legacy,True,results/exp1/experiment1_tightness.csv,84148511.0,612168.0,results/exp1/experiment1_tightness.csv,True
2026-07-01 23:50:51,EHAUSM-R,SIGN,4,2,0.003,0.0,0.2,1668652,730,5,25305,25311,0,0,0,87193705,18,86599818,0,0.28466,0.0,0.0,12666,0,55.11,0,0,0,0,SUCCESS,,,,,,,,,,,,,,,,,,legacy,True,results/exp1/experiment1_tightness.csv,87193705.0,593887.0,results/exp1/experiment1_tightness.csv,True
2026-07-01 23:51:11,EHAUSM-I,SIGN,0,1,0.003,0.0,0.2,319686,146,3,19845,19849,0,0,0,106349081,0,104965619,0,0.455007,0.0,0.0,23387,0,1222.63,0,0,0,0,SUCCESS,,,,,,,,,,,,,,,,,,legacy,True,results/exp1/experiment1_tightness.csv,106349081.0,1383462.0,results/exp1/experiment1_tightness.csv,True
2026-07-01 23:51:35,EHAUSM-I,SIGN,1,1,0.003,0.0,0.2,642036,292,0,22667,22668,0,0,0,73317874,3,72378242,0,0.451535,0.0,0.0,17303,0,3911.99,0,0,0,0,SUCCESS,,,,,,,,,,,,,,,,,,legacy,True,results/exp1/experiment1_tightness.csv,73317874.0,939632.0,results/exp1/experiment1_tightness.csv,True
2026-07-01 23:51:56,EHAUSM-I,SIGN,2,1,0.003,0.0,0.2,955150,438,0,20565,20566,0,0,0,44231397,12,43544048,0,0.436332,0.0,0.0,14594,0,5408.12,0,0,0,0,SUCCESS,,,,,,,,,,,,,,,,,,legacy,True,results/exp1/experiment1_tightness.csv,44231397.0,687349.0,results/exp1/experiment1_tightness.csv,True
2026-07-01 23:52:20,EHAUSM-I,SIGN,3,1,0.003,0.0,0.2,1316615,584,0,23170,23171,0,0,0,43765007,14,43152839,0,0.434715,0.0,0.0,12887,0,4753.95,0,0,0,0,SUCCESS,,,,,,,,,,,,,,,,,,legacy,True,results/exp1/experiment1_tightness.csv,43765007.0,612168.0,results/exp1/experiment1_tightness.csv,True
2026-07-01 23:52:48,EHAUSM-I,SIGN,4,1,0.003,0.0,0.2,1668652,730,1,27249,27250,0,0,0,45117749,18,44523862,0,0.411298,0.0,0.0,12666,0,3400.52,0,0,0,0,SUCCESS,,,,,,,,,,,,,,,,,,legacy,True,results/exp1/experiment1_tightness.csv,45117749.0,593887.0,results/exp1/experiment1_tightness.csv,True
2026-07-01 23:53:09,EHAUSM-I,SIGN,0,2,0.003,0.0,0.2,319686,146,2,19922,19925,0,0,0,106349081,0,104965619,0,0.455007,0.0,0.0,23387,0,4391.53,0,0,0,0,SUCCESS,,,,,,,,,,,,,,,,,,legacy,True,results/exp1/experiment1_tightness.csv,106349081.0,1383462.0,results/exp1/experiment1_tightness.csv,True
2026-07-01 23:53:33,EHAUSM-I,SIGN,1,2,0.003,0.0,0.2,642036,292,0,22691,22693,0,0,0,73317874,3,72378242,0,0.451535,0.0,0.0,17303,0,4119.83,0,0,0,0,SUCCESS,,,,,,,,,,,,,,,,,,legacy,True,results/exp1/experiment1_tightness.csv,73317874.0,939632.0,results/exp1/experiment1_tightness.csv,True
2026-07-01 23:53:54,EHAUSM-I,SIGN,2,2,0.003,0.0,0.2,955150,438,0,20596,20597,0,0,0,44231397,12,43544048,0,0.436332,0.0,0.0,14594,0,6414.25,0,0,0,0,SUCCESS,,,,,,,,,,,,,,,,,,legacy,True,results/exp1/experiment1_tightness.csv,44231397.0,687349.0,results/exp1/experiment1_tightness.csv,True
2026-07-01 23:54:18,EHAUSM-I,SIGN,3,2,0.003,0.0,0.2,1316615,584,0,23151,23152,0,0,0,43765007,14,43152839,0,0.434715,0.0,0.0,12887,0,3404.55,0,0,0,0,SUCCESS,,,,,,,,,,,,,,,,,,legacy,True,results/exp1/experiment1_tightness.csv,43765007.0,612168.0,results/exp1/experiment1_tightness.csv,True
2026-07-01 23:54:46,EHAUSM-I,SIGN,4,2,0.003,0.0,0.2,1668652,730,1,27252,27253,0,0,0,45117749,18,44523862,0,0.411298,0.0,0.0,12666,0,2420.45,0,0,0,0,SUCCESS,,,,,,,,,,,,,,,,,,legacy,True,results/exp1/experiment1_tightness.csv,45117749.0,593887.0,results/exp1/experiment1_tightness.csv,True
2026-07-02 00:00:41,HAUSP-UB,SIGN,0,1,0.003,0.0,0.2,319686,146,12,6206,6218,0,1112,545,1383605,2,104964977,143,0.0,0.178773,0.178783,23387,0,107.87,106348584,106347647,937,217,SUCCESS,,,,,,,,,,,,,,,,,,legacy,True,results/exp1/experiment1_tightness.csv,106348584.0,1383605.0,results-2026-09/counts/exp1/experiment1_tightness.csv,True
2026-07-02 00:00:48,HAUSP-UB,SIGN,1,1,0.003,0.0,0.2,642036,292,1,6999,7001,0,940,366,939693,22,101990681,61,0.0,0.181681,0.181697,17303,0,115.54,102930179,102930111,788,246,SUCCESS,,,,,,,,,,,,,,,,,,legacy,True,results/exp1/experiment1_tightness.csv,102930393.0,939693.0,results-2026-09/counts/exp1/experiment1_tightness.csv,True
2026-07-02 00:00:55,HAUSP-UB,SIGN,2,1,0.003,0.0,0.2,955150,438,1,6708,6710,0,715,267,687402,33,84019787,53,0.0,0.18486,0.184882,14594,0,114.97,84706976,84706973,762,255,SUCCESS,,,,,,,,,,,,,,,,,,legacy,True,results/exp1/experiment1_tightness.csv,84707210.0,687402.0,results-2026-09/counts/exp1/experiment1_tightness.csv,True
2026-07-02 00:01:02,HAUSP-UB,SIGN,3,1,0.003,0.0,0.2,1316615,584,1,7324,7326,0,678,237,612233,30,82984834,65,0.0,0.177132,0.177159,12887,0,115.23,83596842,83596842,749,267,SUCCESS,,,,,,,,,,,,,,,,,,legacy,True,results/exp1/experiment1_tightness.csv,83597083.0,612233.0,results-2026-09/counts/exp1/experiment1_tightness.csv,True
2026-07-02 00:01:11,HAUSP-UB,SIGN,4,1,0.003,0.0,0.2,1668652,730,1,8566,8567,0,699,229,593947,32,86030002,60,0.0,0.176058,0.176085,12666,0,116.62,86623714,86623701,754,267,SUCCESS,,,,,,,,,,,,,,,,,,legacy,True,results/exp1/experiment1_tightness.csv,86623963.0,593947.0,results-2026-09/counts/exp1/experiment1_tightness.csv,True
2026-07-02 00:01:18,HAUSP-UB,SIGN,0,2,0.003,0.0,0.2,319686,146,13,6185,6199,0,1106,538,1383605,2,104964977,143,0.0,0.178773,0.178783,23387,0,107.79,106348584,106347647,937,217,SUCCESS,,,,,,,,,,,,,,,,,,legacy,True,results/exp1/experiment1_tightness.csv,106348584.0,1383605.0,results-2026-09/counts/exp1/experiment1_tightness.csv,True
2026-07-02 00:01:25,HAUSP-UB,SIGN,1,2,0.003,0.0,0.2,642036,292,1,6997,6999,0,942,364,939693,22,101990681,61,0.0,0.181681,0.181697,17303,0,115.54,102930179,102930111,788,246,SUCCESS,,,,,,,,,,,,,,,,,,legacy,True,results/exp1/experiment1_tightness.csv,102930393.0,939693.0,results-2026-09/counts/exp1/experiment1_tightness.csv,True
2026-07-02 00:01:32,HAUSP-UB,SIGN,2,2,0.003,0.0,0.2,955150,438,1,6743,6745,0,715,266,687402,33,84019787,53,0.0,0.18486,0.184882,14594,0,114.97,84706976,84706973,762,255,SUCCESS,,,,,,,,,,,,,,,,,,legacy,True,results/exp1/experiment1_tightness.csv,84707210.0,687402.0,results-2026-09/counts/exp1/experiment1_tightness.csv,True
2026-07-02 00:01:39,HAUSP-UB,SIGN,3,2,0.003,0.0,0.2,1316615,584,1,7356,7358,0,680,236,612233,30,82984834,65,0.0,0.177132,0.177159,12887,0,115.24,83596842,83596842,749,267,SUCCESS,,,,,,,,,,,,,,,,,,legacy,True,results/exp1/experiment1_tightness.csv,83597083.0,612233.0,results-2026-09/counts/exp1/experiment1_tightness.csv,True
2026-07-02 00:01:48,HAUSP-UB,SIGN,4,2,0.003,0.0,0.2,1668652,730,1,8585,8587,0,699,230,593947,32,86030002,60,0.0,0.176058,0.176085,12666,0,116.62,86623714,86623701,754,267,SUCCESS,,,,,,,,,,,,,,,,,,legacy,True,results/exp1/experiment1_tightness.csv,86623963.0,593947.0,results-2026-09/counts/exp1/experiment1_tightness.csv,True
2026-07-04 20:47:10,Pre-HAUSPM,BIBLE,0,0,0.001,0.2,0.2,7617167,7273,20,11626,11655,0,0,0,60876734,0,60681522,0,0.0,0.0,0.0,9964,18557,468.42,0,0,0,0,SUCCESS,,,,,,,,,,,,,,,,,,legacy,True,results/exp1/experiment1_tightness.csv,60876734.0,195212.0,results/exp1/experiment1_tightness.csv,True
2026-07-04 20:47:27,Pre-HAUSPM,BIBLE,1,0,0.001,0.2,0.2,15283678,14546,5,17441,17447,0,0,0,74232279,0,74096982,0,0.0,0.0,0.0,10469,19078,487.55,0,0,0,0,SUCCESS,,,,,,,,,,,,,,,,,,legacy,True,results/exp1/experiment1_tightness.csv,74232279.0,135297.0,results/exp1/experiment1_tightness.csv,True
2026-07-04 20:47:46,Pre-HAUSPM,BIBLE,2,0,0.001,0.2,0.2,21271931,21819,3,18171,18175,0,0,0,71279829,0,71177446,0,0.0,0.0,0.0,8283,15542,440.92,0,0,0,0,SUCCESS,,,,,,,,,,,,,,,,,,legacy,True,results/exp1/experiment1_tightness.csv,71279829.0,102383.0,results/exp1/experiment1_tightness.csv,True
2026-07-04 20:48:12,Pre-HAUSPM,BIBLE,3,0,0.001,0.2,0.2,28633935,29092,5,25675,25681,0,0,0,93459928,0,93351020,0,0.0,0.0,0.0,8226,15464,369.3,0,0,0,0,SUCCESS,,,,,,,,,,,,,,,,,,legacy,True,results/exp1/experiment1_tightness.csv,93459928.0,108908.0,results/exp1/experiment1_tightness.csv,True
2026-07-04 20:48:38,Pre-HAUSPM,BIBLE,4,0,0.001,0.2,0.2,35550162,36369,4,25646,25650,0,0,0,87799839,0,87713155,0,0.0,0.0,0.0,6713,12860,335.12,0,0,0,0,SUCCESS,,,,,,,,,,,,,,,,,,legacy,True,results/exp1/experiment1_tightness.csv,87799839.0,86684.0,results/exp1/experiment1_tightness.csv,True
2026-07-04 20:48:50,Pre-HAUSPM,BIBLE,0,1,0.001,0.2,0.2,7617167,7273,11,11875,11887,0,0,0,60876734,0,60681522,0,0.0,0.0,0.0,9964,18557,560.87,0,0,0,0,SUCCESS,,,,,,,,,,,,,,,,,,legacy,True,results/exp1/experiment1_tightness.csv,60876734.0,195212.0,results/exp1/experiment1_tightness.csv,True
2026-07-04 20:49:08,Pre-HAUSPM,BIBLE,1,1,0.001,0.2,0.2,15283678,14546,5,17397,17403,0,0,0,74232279,0,74096982,0,0.0,0.0,0.0,10469,19078,393.75,0,0,0,0,SUCCESS,,,,,,,,,,,,,,,,,,legacy,True,results/exp1/experiment1_tightness.csv,74232279.0,135297.0,results/exp1/experiment1_tightness.csv,True
2026-07-04 20:49:27,Pre-HAUSPM,BIBLE,2,1,0.001,0.2,0.2,21271931,21819,3,18169,18173,0,0,0,71279829,0,71177446,0,0.0,0.0,0.0,8283,15542,484.53,0,0,0,0,SUCCESS,,,,,,,,,,,,,,,,,,legacy,True,results/exp1/experiment1_tightness.csv,71279829.0,102383.0,results/exp1/experiment1_tightness.csv,True
2026-07-04 20:49:53,Pre-HAUSPM,BIBLE,3,1,0.001,0.2,0.2,28633935,29092,5,25776,25782,0,0,0,93459928,0,93351020,0,0.0,0.0,0.0,8226,15464,285.34,0,0,0,0,SUCCESS,,,,,,,,,,,,,,,,,,legacy,True,results/exp1/experiment1_tightness.csv,93459928.0,108908.0,results/exp1/experiment1_tightness.csv,True
2026-07-04 20:50:19,Pre-HAUSPM,BIBLE,4,1,0.001,0.2,0.2,35550162,36369,3,25710,25714,0,0,0,87799839,0,87713155,0,0.0,0.0,0.0,6713,12860,820.55,0,0,0,0,SUCCESS,,,,,,,,,,,,,,,,,,legacy,True,results/exp1/experiment1_tightness.csv,87799839.0,86684.0,results/exp1/experiment1_tightness.csv,True
2026-07-04 20:50:31,Pre-HAUSPM,BIBLE,0,2,0.001,0.2,0.2,7617167,7273,7,11908,11916,0,0,0,60876734,0,60681522,0,0.0,0.0,0.0,9964,18557,223.38,0,0,0,0,SUCCESS,,,,,,,,,,,,,,,,,,legacy,True,results/exp1/experiment1_tightness.csv,60876734.0,195212.0,results/exp1/experiment1_tightness.csv,True
2026-07-04 20:50:49,Pre-HAUSPM,BIBLE,1,2,0.001,0.2,0.2,15283678,14546,4,17416,17421,0,0,0,74232279,0,74096982,0,0.0,0.0,0.0,10469,19078,410.71,0,0,0,0,SUCCESS,,,,,,,,,,,,,,,,,,legacy,True,results/exp1/experiment1_tightness.csv,74232279.0,135297.0,results/exp1/experiment1_tightness.csv,True
2026-07-04 20:51:07,Pre-HAUSPM,BIBLE,2,2,0.001,0.2,0.2,21271931,21819,3,18183,18186,0,0,0,71279829,0,71177446,0,0.0,0.0,0.0,8283,15542,483.6,0,0,0,0,SUCCESS,,,,,,,,,,,,,,,,,,legacy,True,results/exp1/experiment1_tightness.csv,71279829.0,102383.0,results/exp1/experiment1_tightness.csv,True
2026-07-04 20:51:33,Pre-HAUSPM,BIBLE,3,2,0.001,0.2,0.2,28633935,29092,4,25792,25797,0,0,0,93459928,0,93351020,0,0.0,0.0,0.0,8226,15464,308.8,0,0,0,0,SUCCESS,,,,,,,,,,,,,,,,,,legacy,True,results/exp1/experiment1_tightness.csv,93459928.0,108908.0,results/exp1/experiment1_tightness.csv,True
2026-07-04 20:51:59,Pre-HAUSPM,BIBLE,4,2,0.001,0.2,0.2,35550162,36369,3,25714,25718,0,0,0,87799839,0,87713155,0,0.0,0.0,0.0,6713,12860,899.41,0,0,0,0,SUCCESS,,,,,,,,,,,,,,,,,,legacy,True,results/exp1/experiment1_tightness.csv,87799839.0,86684.0,results/exp1/experiment1_tightness.csv,True
2026-07-04 20:53:16,Pre-HAUSPM,BMS1_SPMF,0,0,0.0035,0.2,0.2,1577987,11920,3,74951,74954,0,0,0,793359734,0,789746373,0,0.0,0.0,0.0,100,374,423.97,0,0,0,0,SUCCESS,,,,,,,,,,,,,,,,,,legacy,True,results/exp1/experiment1_tightness.csv,793359734.0,3613361.0,results/exp1/experiment1_tightness.csv,True
2026-07-04 20:53:18,Pre-HAUSPM,BMS1_SPMF,1,0,0.0035,0.2,0.2,2805280,23840,2,1625,1628,0,0,0,13508370,0,13450387,0,0.0,0.0,0.0,97,348,143.46,0,0,0,0,SUCCESS,,,,,,,,,,,,,,,,,,legacy,True,results/exp1/experiment1_tightness.csv,13508370.0,57983.0,results/exp1/experiment1_tightness.csv,True
2026-07-04 20:53:18,Pre-HAUSPM,BMS1_SPMF,2,0,0.0035,0.2,0.2,4090185,35760,3,339,342,0,0,0,1987214,0,1978814,0,0.0,0.0,0.0,94,368,207.12,0,0,0,0,SUCCESS,,,,,,,,,,,,,,,,,,legacy,True,results/exp1/experiment1_tightness.csv,1987214.0,8400.0,results/exp1/experiment1_tightness.csv,True
2026-07-04 20:53:19,Pre-HAUSPM,BMS1_SPMF,3,0,0.0035,0.2,0.2,5578380,47680,2,587,590,0,0,0,2637541,0,2626102,0,0.0,0.0,0.0,93,385,56.01,0,0,0,0,SUCCESS,,,,,,,,,,,,,,,,,,legacy,True,results/exp1/experiment1_tightness.csv,2637541.0,11439.0,results/exp1/experiment1_tightness.csv,True
2026-07-04 21:03:38,Pre-HAUSPM,BMS1_SPMF,4,0,0.0035,0.2,0.2,7229030,59601,4,615324,615328,0,0,0,1676792519,0,1666927129,0,0.0,0.0,0.0,93,403,152.21,0,0,0,0,SUCCESS,,,,,,,,,,,,,,,,,,legacy,True,results/exp1/experiment1_tightness.csv,1676792519.0,9865390.0,results/exp1/experiment1_tightness.csv,True
2026-07-04 21:04:54,Pre-HAUSPM,BMS1_SPMF,0,1,0.0035,0.2,0.2,1577987,11920,3,74639,74642,0,0,0,793359734,0,789746373,0,0.0,0.0,0.0,100,374,79.69,0,0,0,0,SUCCESS,,,,,,,,,,,,,,,,,,legacy,True,results/exp1/experiment1_tightness.csv,793359734.0,3613361.0,results/exp1/experiment1_tightness.csv,True
2026-07-04 21:04:56,Pre-HAUSPM,BMS1_SPMF,1,1,0.0035,0.2,0.2,2805280,23840,2,1620,1623,0,0,0,13508370,0,13450387,0,0.0,0.0,0.0,97,348,351.53,0,0,0,0,SUCCESS,,,,,,,,,,,,,,,,,,legacy,True,results/exp1/experiment1_tightness.csv,13508370.0,57983.0,results/exp1/experiment1_tightness.csv,True
2026-07-04 21:04:56,Pre-HAUSPM,BMS1_SPMF,2,1,0.0035,0.2,0.2,4090185,35760,2,344,347,0,0,0,1987214,0,1978814,0,0.0,0.0,0.0,94,368,295.0,0,0,0,0,SUCCESS,,,,,,,,,,,,,,,,,,legacy,True,results/exp1/experiment1_tightness.csv,1987214.0,8400.0,results/exp1/experiment1_tightness.csv,True
2026-07-04 21:04:57,Pre-HAUSPM,BMS1_SPMF,3,1,0.0035,0.2,0.2,5578380,47680,2,543,545,0,0,0,2637541,0,2626102,0,0.0,0.0,0.0,93,385,239.81,0,0,0,0,SUCCESS,,,,,,,,,,,,,,,,,,legacy,True,results/exp1/experiment1_tightness.csv,2637541.0,11439.0,results/exp1/experiment1_tightness.csv,True
2026-07-04 21:15:16,Pre-HAUSPM,BMS1_SPMF,4,1,0.0035,0.2,0.2,7229030,59601,4,615273,615278,0,0,0,1676792519,0,1666927129,0,0.0,0.0,0.0,93,403,279.74,0,0,0,0,SUCCESS,,,,,,,,,,,,,,,,,,legacy,True,results/exp1/experiment1_tightness.csv,1676792519.0,9865390.0,results/exp1/experiment1_tightness.csv,True
2026-07-04 21:16:32,Pre-HAUSPM,BMS1_SPMF,0,2,0.0035,0.2,0.2,1577987,11920,3,74536,74539,0,0,0,793359734,0,789746373,0,0.0,0.0,0.0,100,374,383.78,0,0,0,0,SUCCESS,,,,,,,,,,,,,,,,,,legacy,True,results/exp1/experiment1_tightness.csv,793359734.0,3613361.0,results/exp1/experiment1_tightness.csv,True
2026-07-04 21:16:34,Pre-HAUSPM,BMS1_SPMF,1,2,0.0035,0.2,0.2,2805280,23840,2,1614,1617,0,0,0,13508370,0,13450387,0,0.0,0.0,0.0,97,348,63.5,0,0,0,0,SUCCESS,,,,,,,,,,,,,,,,,,legacy,True,results/exp1/experiment1_tightness.csv,13508370.0,57983.0,results/exp1/experiment1_tightness.csv,True
2026-07-04 21:16:34,Pre-HAUSPM,BMS1_SPMF,2,2,0.0035,0.2,0.2,4090185,35760,3,335,339,0,0,0,1987214,0,1978814,0,0.0,0.0,0.0,94,368,206.9,0,0,0,0,SUCCESS,,,,,,,,,,,,,,,,,,legacy,True,results/exp1/experiment1_tightness.csv,1987214.0,8400.0,results/exp1/experiment1_tightness.csv,True
2026-07-04 21:16:35,Pre-HAUSPM,BMS1_SPMF,3,2,0.0035,0.2,0.2,5578380,47680,2,573,576,0,0,0,2637541,0,2626102,0,0.0,0.0,0.0,93,385,544.32,0,0,0,0,SUCCESS,,,,,,,,,,,,,,,,,,legacy,True,results/exp1/experiment1_tightness.csv,2637541.0,11439.0,results/exp1/experiment1_tightness.csv,True
2026-07-04 21:26:51,Pre-HAUSPM,BMS1_SPMF,4,2,0.0035,0.2,0.2,7229030,59601,4,612585,612590,0,0,0,1676792519,0,1666927129,0,0.0,0.0,0.0,93,403,77.83,0,0,0,0,SUCCESS,,,,,,,,,,,,,,,,,,legacy,True,results/exp1/experiment1_tightness.csv,1676792519.0,9865390.0,results/exp1/experiment1_tightness.csv,True
2026-07-04 21:28:36,Pre-HAUSPM,FIFA,0,0,0.012,0.2,0.2,7402552,4090,28,103165,103194,0,0,0,196187675,0,195865785,0,0.0,0.0,0.0,231,2043,503.16,0,0,0,0,SUCCESS,,,,,,,,,,,,,,,,,,legacy,True,results/exp1/experiment1_tightness.csv,196187675.0,321890.0,results/exp1/experiment1_tightness.csv,True
2026-07-04 21:31:23,Pre-HAUSPM,FIFA,1,0,0.012,0.2,0.2,14678365,8180,4,166611,166615,0,0,0,204984421,0,204709503,0,0.0,0.0,0.0,215,1797,505.2,0,0,0,0,SUCCESS,,,,,,,,,,,,,,,,,,legacy,True,results/exp1/experiment1_tightness.csv,204984421.0,274918.0,results/exp1/experiment1_tightness.csv,True
2026-07-04 21:35:39,Pre-HAUSPM,FIFA,2,0,0.012,0.2,0.2,21657235,12270,3,254880,254884,0,0,0,239588669,0,239305911,0,0.0,0.0,0.0,280,2099,381.67,0,0,0,0,SUCCESS,,,,,,,,,,,,,,,,,,legacy,True,results/exp1/experiment1_tightness.csv,239588669.0,282758.0,results/exp1/experiment1_tightness.csv,True
2026-07-04 21:41:20,Pre-HAUSPM,FIFA,3,0,0.012,0.2,0.2,28870802,16360,3,339897,339901,0,0,0,262930454,0,262644876,0,0.0,0.0,0.0,346,2266,368.41,0,0,0,0,SUCCESS,,,,,,,,,,,,,,,,,,legacy,True,results/exp1/experiment1_tightness.csv,262930454.0,285578.0,results/exp1/experiment1_tightness.csv,True
2026-07-04 21:48:03,Pre-HAUSPM,FIFA,4,0,0.012,0.2,0.2,35721991,20450,2,400989,400992,0,0,0,258550364,0,258282334,0,0.0,0.0,0.0,334,2199,424.43,0,0,0,0,SUCCESS,,,,,,,,,,,,,,,,,,legacy,True,results/exp1/experiment1_tightness.csv,258550364.0,268030.0,results/exp1/experiment1_tightness.csv,True
2026-07-04 21:49:47,Pre-HAUSPM,FIFA,0,1,0.012,0.2,0.2,7402552,4090,28,102283,102313,0,0,0,196187675,0,195865785,0,0.0,0.0,0.0,231,2043,435.05,0,0,0,0,SUCCESS,,,,,,,,,,,,,,,,,,legacy,True,results/exp1/experiment1_tightness.csv,196187675.0,321890.0,results/exp1/experiment1_tightness.csv,True
2026-07-04 21:52:33,Pre-HAUSPM,FIFA,1,1,0.012,0.2,0.2,14678365,8180,4,165545,165549,0,0,0,204984421,0,204709503,0,0.0,0.0,0.0,215,1797,211.73,0,0,0,0,SUCCESS,,,,,,,,,,,,,,,,,,legacy,True,results/exp1/experiment1_tightness.csv,204984421.0,274918.0,results/exp1/experiment1_tightness.csv,True
2026-07-04 21:56:47,Pre-HAUSPM,FIFA,2,1,0.012,0.2,0.2,21657235,12270,3,253246,253250,0,0,0,239588669,0,239305911,0,0.0,0.0,0.0,280,2099,173.81,0,0,0,0,SUCCESS,,,,,,,,,,,,,,,,,,legacy,True,results/exp1/experiment1_tightness.csv,239588669.0,282758.0,results/exp1/experiment1_tightness.csv,True
2026-07-04 22:02:33,Pre-HAUSPM,FIFA,3,1,0.012,0.2,0.2,28870802,16360,3,343721,343724,0,0,0,262930454,0,262644876,0,0.0,0.0,0.0,346,2266,367.36,0,0,0,0,SUCCESS,,,,,,,,,,,,,,,,,,legacy,True,results/exp1/experiment1_tightness.csv,262930454.0,285578.0,results/exp1/experiment1_tightness.csv,True
2026-07-04 22:09:21,Pre-HAUSPM,FIFA,4,1,0.012,0.2,0.2,35721991,20450,2,406640,406643,0,0,0,258550364,0,258282334,0,0.0,0.0,0.0,334,2199,442.81,0,0,0,0,SUCCESS,,,,,,,,,,,,,,,,,,legacy,True,results/exp1/experiment1_tightness.csv,258550364.0,268030.0,results/exp1/experiment1_tightness.csv,True
2026-07-04 22:11:05,Pre-HAUSPM,FIFA,0,2,0.012,0.2,0.2,7402552,4090,5,102433,102439,0,0,0,196187675,0,195865785,0,0.0,0.0,0.0,231,2043,235.16,0,0,0,0,SUCCESS,,,,,,,,,,,,,,,,,,legacy,True,results/exp1/experiment1_tightness.csv,196187675.0,321890.0,results/exp1/experiment1_tightness.csv,True
2026-07-04 22:13:51,Pre-HAUSPM,FIFA,1,2,0.012,0.2,0.2,14678365,8180,3,166017,166021,0,0,0,204984421,0,204709503,0,0.0,0.0,0.0,215,1797,176.07,0,0,0,0,SUCCESS,,,,,,,,,,,,,,,,,,legacy,True,results/exp1/experiment1_tightness.csv,204984421.0,274918.0,results/exp1/experiment1_tightness.csv,True
2026-07-04 22:18:06,Pre-HAUSPM,FIFA,2,2,0.012,0.2,0.2,21657235,12270,2,253676,253679,0,0,0,239588669,0,239305911,0,0.0,0.0,0.0,280,2099,248.82,0,0,0,0,SUCCESS,,,,,,,,,,,,,,,,,,legacy,True,results/exp1/experiment1_tightness.csv,239588669.0,282758.0,results/exp1/experiment1_tightness.csv,True
2026-07-04 22:23:47,Pre-HAUSPM,FIFA,3,2,0.012,0.2,0.2,28870802,16360,3,338989,338992,0,0,0,262930454,0,262644876,0,0.0,0.0,0.0,346,2266,440.37,0,0,0,0,SUCCESS,,,,,,,,,,,,,,,,,,legacy,True,results/exp1/experiment1_tightness.csv,262930454.0,285578.0,results/exp1/experiment1_tightness.csv,True
2026-07-04 22:30:30,Pre-HAUSPM,FIFA,4,2,0.012,0.2,0.2,35721991,20450,3,401324,401328,0,0,0,258550364,0,258282334,0,0.0,0.0,0.0,334,2199,364.51,0,0,0,0,SUCCESS,,,,,,,,,,,,,,,,,,legacy,True,results/exp1/experiment1_tightness.csv,258550364.0,268030.0,results/exp1/experiment1_tightness.csv,True
2026-07-04 22:32:23,Pre-HAUSPM,KOSARAK,0,0,0.003,0.2,0.2,79636688,198000,75,110331,110406,0,0,0,507916761,0,507784434,0,0.0,0.0,0.0,103,5085,1377.39,0,0,0,0,SUCCESS,,,,,,,,,,,,,,,,,,legacy,True,results/exp1/experiment1_tightness.csv,507916761.0,132327.0,results/exp1/experiment1_tightness.csv,True
2026-07-04 22:36:44,Pre-HAUSPM,KOSARAK,1,0,0.003,0.2,0.2,161031299,396000,59,259686,259746,0,0,0,810489462,0,810320232,0,0.0,0.0,0.0,102,5180,3627.73,0,0,0,0,SUCCESS,,,,,,,,,,,,,,,,,,legacy,True,results/exp1/experiment1_tightness.csv,810489462.0,169230.0,results/exp1/experiment1_tightness.csv,True
2026-07-04 22:42:32,Pre-HAUSPM,KOSARAK,2,0,0.003,0.2,0.2,240799749,594000,53,347470,347524,0,0,0,824048930,0,823900600,0,0.0,0.0,0.0,104,5033,2084.17,0,0,0,0,SUCCESS,,,,,,,,,,,,,,,,,,legacy,True,results/exp1/experiment1_tightness.csv,824048930.0,148330.0,results/exp1/experiment1_tightness.csv,True
2026-07-04 22:52:22,Pre-HAUSPM,KOSARAK,3,0,0.003,0.2,0.2,321393622,792000,70,588148,588219,0,0,0,1216863007,0,1216677064,0,0.0,0.0,0.0,101,5174,4325.54,0,0,0,0,SUCCESS,,,,,,,,,,,,,,,,,,legacy,True,results/exp1/experiment1_tightness.csv,1216863007.0,185943.0,results/exp1/experiment1_tightness.csv,True
2026-07-04 23:03:24,Pre-HAUSPM,KOSARAK,4,0,0.003,0.2,0.2,400890653,990002,47,660581,660629,0,0,0,1166323744,0,1166153903,0,0.0,0.0,0.0,103,5117,5598.33,0,0,0,0,SUCCESS,,,,,,,,,,,,,,,,,,legacy,True,results/exp1/experiment1_tightness.csv,1166323744.0,169841.0,results/exp1/experiment1_tightness.csv,True
2026-07-04 23:05:17,Pre-HAUSPM,KOSARAK,0,1,0.003,0.2,0.2,79636688,198000,55,111080,111135,0,0,0,507916761,0,507784434,0,0.0,0.0,0.0,103,5085,1577.42,0,0,0,0,SUCCESS,,,,,,,,,,,,,,,,,,legacy,True,results/exp1/experiment1_tightness.csv,507916761.0,132327.0,results/exp1/experiment1_tightness.csv,True
2026-07-04 23:09:37,Pre-HAUSPM,KOSARAK,1,1,0.003,0.2,0.2,161031299,396000,54,259424,259478,0,0,0,810489462,0,810320232,0,0.0,0.0,0.0,102,5180,1721.73,0,0,0,0,SUCCESS,,,,,,,,,,,,,,,,,,legacy,True,results/exp1/experiment1_tightness.csv,810489462.0,169230.0,results/exp1/experiment1_tightness.csv,True
2026-07-04 23:15:27,Pre-HAUSPM,KOSARAK,2,1,0.003,0.2,0.2,240799749,594000,46,348145,348192,0,0,0,824048930,0,823900600,0,0.0,0.0,0.0,104,5033,2568.64,0,0,0,0,SUCCESS,,,,,,,,,,,,,,,,,,legacy,True,results/exp1/experiment1_tightness.csv,824048930.0,148330.0,results/exp1/experiment1_tightness.csv,True
2026-07-04 23:25:17,Pre-HAUSPM,KOSARAK,3,1,0.003,0.2,0.2,321393622,792000,69,589068,589138,0,0,0,1216863007,0,1216677064,0,0.0,0.0,0.0,101,5174,1631.86,0,0,0,0,SUCCESS,,,,,,,,,,,,,,,,,,legacy,True,results/exp1/experiment1_tightness.csv,1216863007.0,185943.0,results/exp1/experiment1_tightness.csv,True
2026-07-04 23:36:21,Pre-HAUSPM,KOSARAK,4,1,0.003,0.2,0.2,400890653,990002,44,661780,661824,0,0,0,1166323744,0,1166153903,0,0.0,0.0,0.0,103,5117,4888.38,0,0,0,0,SUCCESS,,,,,,,,,,,,,,,,,,legacy,True,results/exp1/experiment1_tightness.csv,1166323744.0,169841.0,results/exp1/experiment1_tightness.csv,True
2026-07-04 23:38:12,Pre-HAUSPM,KOSARAK,0,2,0.003,0.2,0.2,79636688,198000,56,110285,110342,0,0,0,507916761,0,507784434,0,0.0,0.0,0.0,103,5085,1341.27,0,0,0,0,SUCCESS,,,,,,,,,,,,,,,,,,legacy,True,results/exp1/experiment1_tightness.csv,507916761.0,132327.0,results/exp1/experiment1_tightness.csv,True
2026-07-04 23:42:33,Pre-HAUSPM,KOSARAK,1,2,0.003,0.2,0.2,161031299,396000,56,259791,259848,0,0,0,810489462,0,810320232,0,0.0,0.0,0.0,102,5180,3394.24,0,0,0,0,SUCCESS,,,,,,,,,,,,,,,,,,legacy,True,results/exp1/experiment1_tightness.csv,810489462.0,169230.0,results/exp1/experiment1_tightness.csv,True
2026-07-04 23:48:23,Pre-HAUSPM,KOSARAK,2,2,0.003,0.2,0.2,240799749,594000,45,348288,348334,0,0,0,824048930,0,823900600,0,0.0,0.0,0.0,104,5033,1703.58,0,0,0,0,SUCCESS,,,,,,,,,,,,,,,,,,legacy,True,results/exp1/experiment1_tightness.csv,824048930.0,148330.0,results/exp1/experiment1_tightness.csv,True
2026-07-04 23:58:12,Pre-HAUSPM,KOSARAK,3,2,0.003,0.2,0.2,321393622,792000,69,587655,587725,0,0,0,1216863007,0,1216677064,0,0.0,0.0,0.0,101,5174,3594.13,0,0,0,0,SUCCESS,,,,,,,,,,,,,,,,,,legacy,True,results/exp1/experiment1_tightness.csv,1216863007.0,185943.0,results/exp1/experiment1_tightness.csv,True
2026-07-05 00:09:16,Pre-HAUSPM,KOSARAK,4,2,0.003,0.2,0.2,400890653,990002,43,662298,662343,0,0,0,1166323744,0,1166153903,0,0.0,0.0,0.0,103,5117,1872.55,0,0,0,0,SUCCESS,,,,,,,,,,,,,,,,,,legacy,True,results/exp1/experiment1_tightness.csv,1166323744.0,169841.0,results/exp1/experiment1_tightness.csv,True
2026-07-05 00:10:47,Pre-HAUSPM,SIGN,0,0,0.003,0.2,0.2,319686,146,0,22550,22550,0,0,0,192985412,0,190160260,0,0.0,0.0,0.0,23387,58493,140.04,0,0,0,0,SUCCESS,,,,,,,,,,,,,,,,,,legacy,True,results/exp1/experiment1_tightness.csv,192985412.0,2825152.0,results/exp1/experiment1_tightness.csv,True
2026-07-05 00:11:14,Pre-HAUSPM,SIGN,1,0,0.003,0.2,0.2,642036,292,0,26807,26808,0,0,0,178595999,0,176874177,0,0.0,0.0,0.0,17303,38742,172.71,0,0,0,0,SUCCESS,,,,,,,,,,,,,,,,,,legacy,True,results/exp1/experiment1_tightness.csv,178595999.0,1721822.0,results/exp1/experiment1_tightness.csv,True
2026-07-05 00:11:41,Pre-HAUSPM,SIGN,2,0,0.003,0.2,0.2,955150,438,0,26370,26371,0,0,0,146923477,0,145710067,0,0.0,0.0,0.0,14594,32717,188.2,0,0,0,0,SUCCESS,,,,,,,,,,,,,,,,,,legacy,True,results/exp1/experiment1_tightness.csv,146923477.0,1213410.0,results/exp1/experiment1_tightness.csv,True
2026-07-05 00:12:10,Pre-HAUSPM,SIGN,3,0,0.003,0.2,0.2,1316615,584,0,28929,28929,0,0,0,146118210,0,145052421,0,0.0,0.0,0.0,12887,28983,115.46,0,0,0,0,SUCCESS,,,,,,,,,,,,,,,,,,legacy,True,results/exp1/experiment1_tightness.csv,146118210.0,1065789.0,results/exp1/experiment1_tightness.csv,True
2026-07-05 00:12:44,Pre-HAUSPM,SIGN,4,0,0.003,0.2,0.2,1668652,730,0,33650,33650,0,0,0,152049944,0,151023735,0,0.0,0.0,0.0,12666,28413,50.01,0,0,0,0,SUCCESS,,,,,,,,,,,,,,,,,,legacy,True,results/exp1/experiment1_tightness.csv,152049944.0,1026209.0,results/exp1/experiment1_tightness.csv,True
2026-07-05 00:13:08,Pre-HAUSPM,SIGN,0,1,0.003,0.2,0.2,319686,146,0,22425,22426,0,0,0,192985412,0,190160260,0,0.0,0.0,0.0,23387,58493,133.2,0,0,0,0,SUCCESS,,,,,,,,,,,,,,,,,,legacy,True,results/exp1/experiment1_tightness.csv,192985412.0,2825152.0,results/exp1/experiment1_tightness.csv,True
2026-07-05 00:13:35,Pre-HAUSPM,SIGN,1,1,0.003,0.2,0.2,642036,292,0,26772,26773,0,0,0,178595999,0,176874177,0,0.0,0.0,0.0,17303,38742,246.78,0,0,0,0,SUCCESS,,,,,,,,,,,,,,,,,,legacy,True,results/exp1/experiment1_tightness.csv,178595999.0,1721822.0,results/exp1/experiment1_tightness.csv,True
2026-07-05 00:14:02,Pre-HAUSPM,SIGN,2,1,0.003,0.2,0.2,955150,438,0,26387,26387,0,0,0,146923477,0,145710067,0,0.0,0.0,0.0,14594,32717,212.49,0,0,0,0,SUCCESS,,,,,,,,,,,,,,,,,,legacy,True,results/exp1/experiment1_tightness.csv,146923477.0,1213410.0,results/exp1/experiment1_tightness.csv,True
2026-07-05 00:14:31,Pre-HAUSPM,SIGN,3,1,0.003,0.2,0.2,1316615,584,0,28929,28930,0,0,0,146118210,0,145052421,0,0.0,0.0,0.0,12887,28983,75.35,0,0,0,0,SUCCESS,,,,,,,,,,,,,,,,,,legacy,True,results/exp1/experiment1_tightness.csv,146118210.0,1065789.0,results/exp1/experiment1_tightness.csv,True
2026-07-05 00:15:05,Pre-HAUSPM,SIGN,4,1,0.003,0.2,0.2,1668652,730,0,33641,33641,0,0,0,152049944,0,151023735,0,0.0,0.0,0.0,12666,28413,90.19,0,0,0,0,SUCCESS,,,,,,,,,,,,,,,,,,legacy,True,results/exp1/experiment1_tightness.csv,152049944.0,1026209.0,results/exp1/experiment1_tightness.csv,True
2026-07-05 00:15:28,Pre-HAUSPM,SIGN,0,2,0.003,0.2,0.2,319686,146,0,22351,22352,0,0,0,192985412,0,190160260,0,0.0,0.0,0.0,23387,58493,249.58,0,0,0,0,SUCCESS,,,,,,,,,,,,,,,,,,legacy,True,results/exp1/experiment1_tightness.csv,192985412.0,2825152.0,results/exp1/experiment1_tightness.csv,True
2026-07-05 00:15:56,Pre-HAUSPM,SIGN,1,2,0.003,0.2,0.2,642036,292,0,26834,26834,0,0,0,178595999,0,176874177,0,0.0,0.0,0.0,17303,38742,69.0,0,0,0,0,SUCCESS,,,,,,,,,,,,,,,,,,legacy,True,results/exp1/experiment1_tightness.csv,178595999.0,1721822.0,results/exp1/experiment1_tightness.csv,True
2026-07-05 00:16:22,Pre-HAUSPM,SIGN,2,2,0.003,0.2,0.2,955150,438,0,26425,26425,0,0,0,146923477,0,145710067,0,0.0,0.0,0.0,14594,32717,212.48,0,0,0,0,SUCCESS,,,,,,,,,,,,,,,,,,legacy,True,results/exp1/experiment1_tightness.csv,146923477.0,1213410.0,results/exp1/experiment1_tightness.csv,True
2026-07-05 00:16:52,Pre-HAUSPM,SIGN,3,2,0.003,0.2,0.2,1316615,584,0,28979,28980,0,0,0,146118210,0,145052421,0,0.0,0.0,0.0,12887,28983,155.81,0,0,0,0,SUCCESS,,,,,,,,,,,,,,,,,,legacy,True,results/exp1/experiment1_tightness.csv,146118210.0,1065789.0,results/exp1/experiment1_tightness.csv,True
2026-07-05 00:17:26,Pre-HAUSPM,SIGN,4,2,0.003,0.2,0.2,1668652,730,0,33687,33688,0,0,0,152049944,0,151023735,0,0.0,0.0,0.0,12666,28413,34.57,0,0,0,0,SUCCESS,,,,,,,,,,,,,,,,,,legacy,True,results/exp1/experiment1_tightness.csv,152049944.0,1026209.0,results/exp1/experiment1_tightness.csv,True
,HAUSP-UB-L1,BIBLE,0,0,0.001,0.0,0.2,0,0,0,0,0,0,0,0,0,0,0,0,0.0,0.0,0.0,0,0,0.0,0,0,0,0,OT,0.0,0.0,,,,,,,,,,,,used,,,,20260904-1357,False,results-2026-09/exp1/experiment1_tightness.csv,0.0,0.0,results-2026-09/exp1/experiment1_tightness.csv,False
,HAUSP-UB-L1,BIBLE,1,0,0.001,0.0,0.2,0,0,0,0,0,0,0,0,0,0,0,0,0.0,0.0,0.0,0,0,0.0,0,0,0,0,SKIPPED,0.0,0.0,,,,,,,,,,,,used,,,,20260904-1357,False,results-2026-09/exp1/experiment1_tightness.csv,0.0,0.0,results-2026-09/exp1/experiment1_tightness.csv,False
,HAUSP-UB-L1,BIBLE,2,0,0.001,0.0,0.2,0,0,0,0,0,0,0,0,0,0,0,0,0.0,0.0,0.0,0,0,0.0,0,0,0,0,SKIPPED,0.0,0.0,,,,,,,,,,,,used,,,,20260904-1357,False,results-2026-09/exp1/experiment1_tightness.csv,0.0,0.0,results-2026-09/exp1/experiment1_tightness.csv,False
,HAUSP-UB-L1,BIBLE,3,0,0.001,0.0,0.2,0,0,0,0,0,0,0,0,0,0,0,0,0.0,0.0,0.0,0,0,0.0,0,0,0,0,SKIPPED,0.0,0.0,,,,,,,,,,,,used,,,,20260904-1357,False,results-2026-09/exp1/experiment1_tightness.csv,0.0,0.0,results-2026-09/exp1/experiment1_tightness.csv,False
,HAUSP-UB-L1,BIBLE,4,0,0.001,0.0,0.2,0,0,0,0,0,0,0,0,0,0,0,0,0.0,0.0,0.0,0,0,0.0,0,0,0,0,SKIPPED,0.0,0.0,,,,,,,,,,,,used,,,,20260904-1357,False,results-2026-09/exp1/experiment1_tightness.csv,0.0,0.0,results-2026-09/exp1/experiment1_tightness.csv,False
,HAUSP-UB-L1,BMS1_SPMF,0,0,0.0035,0.0,0.2,0,0,0,0,0,0,0,0,0,0,0,0,0.0,0.0,0.0,0,0,0.0,0,0,0,0,OT,0.0,0.0,,,,,,,,,,,,used,,,,20260904-1357,False,results-2026-09/exp1/experiment1_tightness.csv,0.0,0.0,results-2026-09/exp1/experiment1_tightness.csv,False
,HAUSP-UB-L1,BMS1_SPMF,1,0,0.0035,0.0,0.2,0,0,0,0,0,0,0,0,0,0,0,0,0.0,0.0,0.0,0,0,0.0,0,0,0,0,SKIPPED,0.0,0.0,,,,,,,,,,,,used,,,,20260904-1357,False,results-2026-09/exp1/experiment1_tightness.csv,0.0,0.0,results-2026-09/exp1/experiment1_tightness.csv,False
,HAUSP-UB-L1,BMS1_SPMF,2,0,0.0035,0.0,0.2,0,0,0,0,0,0,0,0,0,0,0,0,0.0,0.0,0.0,0,0,0.0,0,0,0,0,SKIPPED,0.0,0.0,,,,,,,,,,,,used,,,,20260904-1357,False,results-2026-09/exp1/experiment1_tightness.csv,0.0,0.0,results-2026-09/exp1/experiment1_tightness.csv,False
,HAUSP-UB-L1,BMS1_SPMF,3,0,0.0035,0.0,0.2,0,0,0,0,0,0,0,0,0,0,0,0,0.0,0.0,0.0,0,0,0.0,0,0,0,0,SKIPPED,0.0,0.0,,,,,,,,,,,,used,,,,20260904-1357,False,results-2026-09/exp1/experiment1_tightness.csv,0.0,0.0,results-2026-09/exp1/experiment1_tightness.csv,False
,HAUSP-UB-L1,BMS1_SPMF,4,0,0.0035,0.0,0.2,0,0,0,0,0,0,0,0,0,0,0,0,0.0,0.0,0.0,0,0,0.0,0,0,0,0,SKIPPED,0.0,0.0,,,,,,,,,,,,used,,,,20260904-1357,False,results-2026-09/exp1/experiment1_tightness.csv,0.0,0.0,results-2026-09/exp1/experiment1_tightness.csv,False
,HAUSP-UB-L1,FIFA,0,0,0.012,0.0,0.2,0,0,0,0,0,0,0,0,0,0,0,0,0.0,0.0,0.0,0,0,0.0,0,0,0,0,OT,0.0,0.0,,,,,,,,,,,,used,,,,20260904-1357,False,results-2026-09/exp1/experiment1_tightness.csv,0.0,0.0,results-2026-09/exp1/experiment1_tightness.csv,False
,HAUSP-UB-L1,FIFA,1,0,0.012,0.0,0.2,0,0,0,0,0,0,0,0,0,0,0,0,0.0,0.0,0.0,0,0,0.0,0,0,0,0,SKIPPED,0.0,0.0,,,,,,,,,,,,used,,,,20260904-1357,False,results-2026-09/exp1/experiment1_tightness.csv,0.0,0.0,results-2026-09/exp1/experiment1_tightness.csv,False
,HAUSP-UB-L1,FIFA,2,0,0.012,0.0,0.2,0,0,0,0,0,0,0,0,0,0,0,0,0.0,0.0,0.0,0,0,0.0,0,0,0,0,SKIPPED,0.0,0.0,,,,,,,,,,,,used,,,,20260904-1357,False,results-2026-09/exp1/experiment1_tightness.csv,0.0,0.0,results-2026-09/exp1/experiment1_tightness.csv,False
,HAUSP-UB-L1,FIFA,3,0,0.012,0.0,0.2,0,0,0,0,0,0,0,0,0,0,0,0,0.0,0.0,0.0,0,0,0.0,0,0,0,0,SKIPPED,0.0,0.0,,,,,,,,,,,,used,,,,20260904-1357,False,results-2026-09/exp1/experiment1_tightness.csv,0.0,0.0,results-2026-09/exp1/experiment1_tightness.csv,False
,HAUSP-UB-L1,FIFA,4,0,0.012,0.0,0.2,0,0,0,0,0,0,0,0,0,0,0,0,0.0,0.0,0.0,0,0,0.0,0,0,0,0,SKIPPED,0.0,0.0,,,,,,,,,,,,used,,,,20260904-1357,False,results-2026-09/exp1/experiment1_tightness.csv,0.0,0.0,results-2026-09/exp1/experiment1_tightness.csv,False
,HAUSP-UB-L1,KOSARAK,0,0,0.003,0.0,0.2,0,0,0,0,0,0,0,0,0,0,0,0,0.0,0.0,0.0,0,0,0.0,0,0,0,0,OT,0.0,0.0,,,,,,,,,,,,used,,,,20260904-1357,False,results-2026-09/exp1/experiment1_tightness.csv,0.0,0.0,results-2026-09/exp1/experiment1_tightness.csv,False
,HAUSP-UB-L1,KOSARAK,1,0,0.003,0.0,0.2,0,0,0,0,0,0,0,0,0,0,0,0,0.0,0.0,0.0,0,0,0.0,0,0,0,0,SKIPPED,0.0,0.0,,,,,,,,,,,,used,,,,20260904-1357,False,results-2026-09/exp1/experiment1_tightness.csv,0.0,0.0,results-2026-09/exp1/experiment1_tightness.csv,False
,HAUSP-UB-L1,KOSARAK,2,0,0.003,0.0,0.2,0,0,0,0,0,0,0,0,0,0,0,0,0.0,0.0,0.0,0,0,0.0,0,0,0,0,SKIPPED,0.0,0.0,,,,,,,,,,,,used,,,,20260904-1357,False,results-2026-09/exp1/experiment1_tightness.csv,0.0,0.0,results-2026-09/exp1/experiment1_tightness.csv,False
,HAUSP-UB-L1,KOSARAK,3,0,0.003,0.0,0.2,0,0,0,0,0,0,0,0,0,0,0,0,0.0,0.0,0.0,0,0,0.0,0,0,0,0,SKIPPED,0.0,0.0,,,,,,,,,,,,used,,,,20260904-1357,False,results-2026-09/exp1/experiment1_tightness.csv,0.0,0.0,results-2026-09/exp1/experiment1_tightness.csv,False
,HAUSP-UB-L1,KOSARAK,4,0,0.003,0.0,0.2,0,0,0,0,0,0,0,0,0,0,0,0,0.0,0.0,0.0,0,0,0.0,0,0,0,0,SKIPPED,0.0,0.0,,,,,,,,,,,,used,,,,20260904-1357,False,results-2026-09/exp1/experiment1_tightness.csv,0.0,0.0,results-2026-09/exp1/experiment1_tightness.csv,False
,HAUSP-UB-L1,LEVIATHAN,0,0,0.003,0.0,0.2,0,0,0,0,0,0,0,0,0,0,0,0,0.0,0.0,0.0,0,0,0.0,0,0,0,0,OT,0.0,0.0,,,,,,,,,,,,used,,,,20260904-1357,False,results-2026-09/exp1/experiment1_tightness.csv,0.0,0.0,results-2026-09/exp1/experiment1_tightness.csv,False
,HAUSP-UB-L1,LEVIATHAN,1,0,0.003,0.0,0.2,0,0,0,0,0,0,0,0,0,0,0,0,0.0,0.0,0.0,0,0,0.0,0,0,0,0,SKIPPED,0.0,0.0,,,,,,,,,,,,used,,,,20260904-1357,False,results-2026-09/exp1/experiment1_tightness.csv,0.0,0.0,results-2026-09/exp1/experiment1_tightness.csv,False
,HAUSP-UB-L1,LEVIATHAN,2,0,0.003,0.0,0.2,0,0,0,0,0,0,0,0,0,0,0,0,0.0,0.0,0.0,0,0,0.0,0,0,0,0,SKIPPED,0.0,0.0,,,,,,,,,,,,used,,,,20260904-1357,False,results-2026-09/exp1/experiment1_tightness.csv,0.0,0.0,results-2026-09/exp1/experiment1_tightness.csv,False
,HAUSP-UB-L1,LEVIATHAN,3,0,0.003,0.0,0.2,0,0,0,0,0,0,0,0,0,0,0,0,0.0,0.0,0.0,0,0,0.0,0,0,0,0,SKIPPED,0.0,0.0,,,,,,,,,,,,used,,,,20260904-1357,False,results-2026-09/exp1/experiment1_tightness.csv,0.0,0.0,results-2026-09/exp1/experiment1_tightness.csv,False
,HAUSP-UB-L1,LEVIATHAN,4,0,0.003,0.0,0.2,0,0,0,0,0,0,0,0,0,0,0,0,0.0,0.0,0.0,0,0,0.0,0,0,0,0,SKIPPED,0.0,0.0,,,,,,,,,,,,used,,,,20260904-1357,False,results-2026-09/exp1/experiment1_tightness.csv,0.0,0.0,results-2026-09/exp1/experiment1_tightness.csv,False
,HAUSP-UB-L1,SIGN,0,0,0.003,0.0,0.2,0,0,0,0,0,0,0,0,0,0,0,0,0.0,0.0,0.0,0,0,0.0,0,0,0,0,OT,0.0,0.0,,,,,,,,,,,,used,,,,20260904-1357,False,results-2026-09/exp1/experiment1_tightness.csv,0.0,0.0,results-2026-09/exp1/experiment1_tightness.csv,False
,HAUSP-UB-L1,SIGN,1,0,0.003,0.0,0.2,0,0,0,0,0,0,0,0,0,0,0,0,0.0,0.0,0.0,0,0,0.0,0,0,0,0,SKIPPED,0.0,0.0,,,,,,,,,,,,used,,,,20260904-1357,False,results-2026-09/exp1/experiment1_tightness.csv,0.0,0.0,results-2026-09/exp1/experiment1_tightness.csv,False
,HAUSP-UB-L1,SIGN,2,0,0.003,0.0,0.2,0,0,0,0,0,0,0,0,0,0,0,0,0.0,0.0,0.0,0,0,0.0,0,0,0,0,SKIPPED,0.0,0.0,,,,,,,,,,,,used,,,,20260904-1357,False,results-2026-09/exp1/experiment1_tightness.csv,0.0,0.0,results-2026-09/exp1/experiment1_tightness.csv,False
,HAUSP-UB-L1,SIGN,3,0,0.003,0.0,0.2,0,0,0,0,0,0,0,0,0,0,0,0,0.0,0.0,0.0,0,0,0.0,0,0,0,0,SKIPPED,0.0,0.0,,,,,,,,,,,,used,,,,20260904-1357,False,results-2026-09/exp1/experiment1_tightness.csv,0.0,0.0,results-2026-09/exp1/experiment1_tightness.csv,False
,HAUSP-UB-L1,SIGN,4,0,0.003,0.0,0.2,0,0,0,0,0,0,0,0,0,0,0,0,0.0,0.0,0.0,0,0,0.0,0,0,0,0,SKIPPED,0.0,0.0,,,,,,,,,,,,used,,,,20260904-1357,False,results-2026-09/exp1/experiment1_tightness.csv,0.0,0.0,results-2026-09/exp1/experiment1_tightness.csv,False
,HAUSP-UB-L1,C8T1S5I8N5K,0,0,0.0002,0.0,0.2,0,0,0,0,0,0,0,0,0,0,0,0,0.0,0.0,0.0,0,0,0.0,0,0,0,0,OT,0.0,0.0,,,,,,,,,,,,used,,,,20260904-1357,False,results-2026-09/exp1/experiment1_tightness.csv,0.0,0.0,results-2026-09/exp1/experiment1_tightness.csv,False
,HAUSP-UB-L1,C8T1S5I8N5K,1,0,0.0002,0.0,0.2,0,0,0,0,0,0,0,0,0,0,0,0,0.0,0.0,0.0,0,0,0.0,0,0,0,0,SKIPPED,0.0,0.0,,,,,,,,,,,,used,,,,20260904-1357,False,results-2026-09/exp1/experiment1_tightness.csv,0.0,0.0,results-2026-09/exp1/experiment1_tightness.csv,False
,HAUSP-UB-L1,C8T1S5I8N5K,2,0,0.0002,0.0,0.2,0,0,0,0,0,0,0,0,0,0,0,0,0.0,0.0,0.0,0,0,0.0,0,0,0,0,SKIPPED,0.0,0.0,,,,,,,,,,,,used,,,,20260904-1357,False,results-2026-09/exp1/experiment1_tightness.csv,0.0,0.0,results-2026-09/exp1/experiment1_tightness.csv,False
,HAUSP-UB-L1,C8T1S5I8N5K,3,0,0.0002,0.0,0.2,0,0,0,0,0,0,0,0,0,0,0,0,0.0,0.0,0.0,0,0,0.0,0,0,0,0,SKIPPED,0.0,0.0,,,,,,,,,,,,used,,,,20260904-1357,False,results-2026-09/exp1/experiment1_tightness.csv,0.0,0.0,results-2026-09/exp1/experiment1_tightness.csv,False
,HAUSP-UB-L1,C8T1S5I8N5K,4,0,0.0002,0.0,0.2,0,0,0,0,0,0,0,0,0,0,0,0,0.0,0.0,0.0,0,0,0.0,0,0,0,0,SKIPPED,0.0,0.0,,,,,,,,,,,,used,,,,20260904-1357,False,results-2026-09/exp1/experiment1_tightness.csv,0.0,0.0,results-2026-09/exp1/experiment1_tightness.csv,False
2026-09-05 00:28:22,EHAUSM-R,LEVIATHAN,0,0,0.003,0.0,0.2,2833171,1166,30,757,787,0,0,0,2369635,2739,2352790,0,0.451577,0.0,0.0,4440,0,91.27,0,0,0,0,SUCCESS,0.0,0.0,,,,,,,,,,,,used,,,,20260905-0028,False,results-2026-09/exp1/experiment1_tightness.csv,2369635.0,16845.0,results-2026-09/exp1/experiment1_tightness.csv,True
2026-09-05 00:28:24,EHAUSM-R,LEVIATHAN,1,0,0.003,0.0,0.2,5742029,2332,24,1768,1793,0,0,0,4381765,4516,4358708,0,0.44328,0.0,0.0,5965,0,73.85,0,0,0,0,SUCCESS,0.0,0.0,,,,,,,,,,,,used,,,,20260905-0028,False,results-2026-09/exp1/experiment1_tightness.csv,4381765.0,23057.0,results-2026-09/exp1/experiment1_tightness.csv,True
2026-09-05 00:28:27,EHAUSM-R,LEVIATHAN,2,0,0.003,0.0,0.2,8655898,3498,9,2929,2939,0,0,0,5564058,5931,5538626,0,0.442553,0.0,0.0,6387,0,64.19,0,0,0,0,SUCCESS,0.0,0.0,,,,,,,,,,,,used,,,,20260905-0028,False,results-2026-09/exp1/experiment1_tightness.csv,5564058.0,25432.0,results-2026-09/exp1/experiment1_tightness.csv,True
2026-09-05 00:28:31,EHAUSM-R,LEVIATHAN,3,0,0.003,0.0,0.2,11406844,4664,19,3834,3854,0,0,0,6078888,6893,6053759,0,0.438996,0.0,0.0,6281,0,221.37,0,0,0,0,SUCCESS,0.0,0.0,,,,,,,,,,,,used,,,,20260905-0028,False,results-2026-09/exp1/experiment1_tightness.csv,6078888.0,25129.0,results-2026-09/exp1/experiment1_tightness.csv,True
2026-09-05 00:28:36,EHAUSM-R,LEVIATHAN,4,0,0.003,0.0,0.2,14156241,5834,17,4963,4980,0,0,0,6599011,7777,6572852,0,0.439127,0.0,0.0,6511,0,287.18,0,0,0,0,SUCCESS,0.0,0.0,,,,,,,,,,,,used,,,,20260905-0028,False,results-2026-09/exp1/experiment1_tightness.csv,6599011.0,26159.0,results-2026-09/exp1/experiment1_tightness.csv,True
2026-09-05 00:28:38,EHAUSM-R,LEVIATHAN,0,1,0.003,0.0,0.2,2833171,1166,10,694,705,0,0,0,2369635,2739,2352790,0,0.451577,0.0,0.0,4440,0,203.25,0,0,0,0,SUCCESS,0.0,0.0,,,,,,,,,,,,used,,,,20260905-0028,False,results-2026-09/exp1/experiment1_tightness.csv,2369635.0,16845.0,results-2026-09/exp1/experiment1_tightness.csv,True
2026-09-05 00:28:40,EHAUSM-R,LEVIATHAN,1,1,0.003,0.0,0.2,5742029,2332,9,1783,1793,0,0,0,4381765,4516,4358708,0,0.44328,0.0,0.0,5965,0,280.36,0,0,0,0,SUCCESS,0.0,0.0,,,,,,,,,,,,used,,,,20260905-0028,False,results-2026-09/exp1/experiment1_tightness.csv,4381765.0,23057.0,results-2026-09/exp1/experiment1_tightness.csv,True
2026-09-05 00:28:43,EHAUSM-R,LEVIATHAN,2,1,0.003,0.0,0.2,8655898,3498,10,2945,2956,0,0,0,5564058,5931,5538626,0,0.442553,0.0,0.0,6387,0,78.66,0,0,0,0,SUCCESS,0.0,0.0,,,,,,,,,,,,used,,,,20260905-0028,False,results-2026-09/exp1/experiment1_tightness.csv,5564058.0,25432.0,results-2026-09/exp1/experiment1_tightness.csv,True
2026-09-05 00:28:47,EHAUSM-R,LEVIATHAN,3,1,0.003,0.0,0.2,11406844,4664,13,3833,3846,0,0,0,6078888,6893,6053759,0,0.438996,0.0,0.0,6281,0,119.36,0,0,0,0,SUCCESS,0.0,0.0,,,,,,,,,,,,used,,,,20260905-0028,False,results-2026-09/exp1/experiment1_tightness.csv,6078888.0,25129.0,results-2026-09/exp1/experiment1_tightness.csv,True
2026-09-05 00:28:52,EHAUSM-R,LEVIATHAN,4,1,0.003,0.0,0.2,14156241,5834,16,4962,4979,0,0,0,6599011,7777,6572852,0,0.439127,0.0,0.0,6511,0,271.56,0,0,0,0,SUCCESS,0.0,0.0,,,,,,,,,,,,used,,,,20260905-0028,False,results-2026-09/exp1/experiment1_tightness.csv,6599011.0,26159.0,results-2026-09/exp1/experiment1_tightness.csv,True
2026-09-05 00:28:54,EHAUSM-R,LEVIATHAN,0,2,0.003,0.0,0.2,2833171,1166,9,694,704,0,0,0,2369635,2739,2352790,0,0.451577,0.0,0.0,4440,0,75.19,0,0,0,0,SUCCESS,0.0,0.0,,,,,,,,,,,,used,,,,20260905-0028,False,results-2026-09/exp1/experiment1_tightness.csv,2369635.0,16845.0,results-2026-09/exp1/experiment1_tightness.csv,True
2026-09-05 00:28:56,EHAUSM-R,LEVIATHAN,1,2,0.003,0.0,0.2,5742029,2332,6,1765,1772,0,0,0,4381765,4516,4358708,0,0.44328,0.0,0.0,5965,0,70.47,0,0,0,0,SUCCESS,0.0,0.0,,,,,,,,,,,,used,,,,20260905-0028,False,results-2026-09/exp1/experiment1_tightness.csv,4381765.0,23057.0,results-2026-09/exp1/experiment1_tightness.csv,True
2026-09-05 00:28:59,EHAUSM-R,LEVIATHAN,2,2,0.003,0.0,0.2,8655898,3498,10,2946,2957,0,0,0,5564058,5931,5538626,0,0.442553,0.0,0.0,6387,0,111.18,0,0,0,0,SUCCESS,0.0,0.0,,,,,,,,,,,,used,,,,20260905-0028,False,results-2026-09/exp1/experiment1_tightness.csv,5564058.0,25432.0,results-2026-09/exp1/experiment1_tightness.csv,True
2026-09-05 00:29:03,EHAUSM-R,LEVIATHAN,3,2,0.003,0.0,0.2,11406844,4664,14,3846,3861,0,0,0,6078888,6893,6053759,0,0.438996,0.0,0.0,6281,0,119.19,0,0,0,0,SUCCESS,0.0,0.0,,,,,,,,,,,,used,,,,20260905-0028,False,results-2026-09/exp1/experiment1_tightness.csv,6078888.0,25129.0,results-2026-09/exp1/experiment1_tightness.csv,True
2026-09-05 00:29:08,EHAUSM-R,LEVIATHAN,4,2,0.003,0.0,0.2,14156241,5834,16,4968,4984,0,0,0,6599011,7777,6572852,0,0.439127,0.0,0.0,6511,0,271.24,0,0,0,0,SUCCESS,0.0,0.0,,,,,,,,,,,,used,,,,20260905-0028,False,results-2026-09/exp1/experiment1_tightness.csv,6599011.0,26159.0,results-2026-09/exp1/experiment1_tightness.csv,True
2026-09-05 00:29:10,EHAUSM-I,LEVIATHAN,0,0,0.003,0.0,0.2,2833171,1166,32,912,945,0,0,0,2369635,2739,2352790,0,0.575573,0.0,0.0,4440,0,84.39,0,0,0,0,SUCCESS,0.0,1.0,,,,,,,,,,,,used,,,,20260905-0028,False,results-2026-09/exp1/experiment1_tightness.csv,2369635.0,16845.0,results-2026-09/exp1/experiment1_tightness.csv,True
2026-09-05 00:29:12,EHAUSM-I,LEVIATHAN,1,0,0.003,0.0,0.2,5742029,2332,9,2152,2162,0,0,0,3424588,4516,3401531,0,0.545816,0.0,0.0,5965,0,588.22,0,0,0,0,SUCCESS,0.0,1.0,,,,,,,,,,,,used,,,,20260905-0028,False,results-2026-09/exp1/experiment1_tightness.csv,3424588.0,23057.0,results-2026-09/exp1/experiment1_tightness.csv,True
2026-09-05 00:29:16,EHAUSM-I,LEVIATHAN,2,0,0.003,0.0,0.2,8655898,3498,17,3311,3329,0,0,0,3685862,5931,3660430,0,0.529942,0.0,0.0,6387,0,966.02,0,0,0,0,SUCCESS,0.0,1.0,,,,,,,,,,,,used,,,,20260905-0028,False,results-2026-09/exp1/experiment1_tightness.csv,3685862.0,25432.0,results-2026-09/exp1/experiment1_tightness.csv,True
2026-09-05 00:29:20,EHAUSM-I,LEVIATHAN,3,0,0.003,0.0,0.2,11406844,4664,7,4265,4272,0,0,0,3369763,6893,3344634,0,0.517678,0.0,0.0,6281,0,831.51,0,0,0,0,SUCCESS,0.0,1.0,,,,,,,,,,,,used,,,,20260905-0028,False,results-2026-09/exp1/experiment1_tightness.csv,3369763.0,25129.0,results-2026-09/exp1/experiment1_tightness.csv,True
2026-09-05 00:29:26,EHAUSM-I,LEVIATHAN,4,0,0.003,0.0,0.2,14156241,5834,8,5536,5545,0,0,0,3692419,7777,3666260,0,0.510458,0.0,0.0,6511,0,894.77,0,0,0,0,SUCCESS,0.0,1.0,,,,,,,,,,,,used,,,,20260905-0028,False,results-2026-09/exp1/experiment1_tightness.csv,3692419.0,26159.0,results-2026-09/exp1/experiment1_tightness.csv,True
2026-09-05 00:29:28,EHAUSM-I,LEVIATHAN,0,1,0.003,0.0,0.2,2833171,1166,9,868,878,0,0,0,2369635,2739,2352790,0,0.575573,0.0,0.0,4440,0,171.9,0,0,0,0,SUCCESS,0.0,1.0,,,,,,,,,,,,used,,,,20260905-0028,False,results-2026-09/exp1/experiment1_tightness.csv,2369635.0,16845.0,results-2026-09/exp1/experiment1_tightness.csv,True
2026-09-05 00:29:30,EHAUSM-I,LEVIATHAN,1,1,0.003,0.0,0.2,5742029,2332,8,2119,2128,0,0,0,3424588,4516,3401531,0,0.545816,0.0,0.0,5965,0,445.13,0,0,0,0,SUCCESS,0.0,1.0,,,,,,,,,,,,used,,,,20260905-0028,False,results-2026-09/exp1/experiment1_tightness.csv,3424588.0,23057.0,results-2026-09/exp1/experiment1_tightness.csv,True
2026-09-05 00:29:34,EHAUSM-I,LEVIATHAN,2,1,0.003,0.0,0.2,8655898,3498,8,3311,3320,0,0,0,3685862,5931,3660430,0,0.529942,0.0,0.0,6387,0,858.12,0,0,0,0,SUCCESS,0.0,1.0,,,,,,,,,,,,used,,,,20260905-0028,False,results-2026-09/exp1/experiment1_tightness.csv,3685862.0,25432.0,results-2026-09/exp1/experiment1_tightness.csv,True
2026-09-05 00:29:38,EHAUSM-I,LEVIATHAN,3,1,0.003,0.0,0.2,11406844,4664,9,4268,4278,0,0,0,3369763,6893,3344634,0,0.517678,0.0,0.0,6281,0,679.54,0,0,0,0,SUCCESS,0.0,1.0,,,,,,,,,,,,used,,,,20260905-0028,False,results-2026-09/exp1/experiment1_tightness.csv,3369763.0,25129.0,results-2026-09/exp1/experiment1_tightness.csv,True
2026-09-05 00:29:44,EHAUSM-I,LEVIATHAN,4,1,0.003,0.0,0.2,14156241,5834,9,5537,5547,0,0,0,3692419,7777,3666260,0,0.510458,0.0,0.0,6511,0,903.9,0,0,0,0,SUCCESS,0.0,1.0,,,,,,,,,,,,used,,,,20260905-0028,False,results-2026-09/exp1/experiment1_tightness.csv,3692419.0,26159.0,results-2026-09/exp1/experiment1_tightness.csv,True
2026-09-05 00:29:45,EHAUSM-I,LEVIATHAN,0,2,0.003,0.0,0.2,2833171,1166,10,875,886,0,0,0,2369635,2739,2352790,0,0.575573,0.0,0.0,4440,0,186.8,0,0,0,0,SUCCESS,0.0,1.0,,,,,,,,,,,,used,,,,20260905-0028,False,results-2026-09/exp1/experiment1_tightness.csv,2369635.0,16845.0,results-2026-09/exp1/experiment1_tightness.csv,True
2026-09-05 00:29:48,EHAUSM-I,LEVIATHAN,1,2,0.003,0.0,0.2,5742029,2332,5,2121,2127,0,0,0,3424588,4516,3401531,0,0.545816,0.0,0.0,5965,0,350.0,0,0,0,0,SUCCESS,0.0,1.0,,,,,,,,,,,,used,,,,20260905-0028,False,results-2026-09/exp1/experiment1_tightness.csv,3424588.0,23057.0,results-2026-09/exp1/experiment1_tightness.csv,True
2026-09-05 00:29:51,EHAUSM-I,LEVIATHAN,2,2,0.003,0.0,0.2,8655898,3498,6,3310,3317,0,0,0,3685862,5931,3660430,0,0.529942,0.0,0.0,6387,0,860.27,0,0,0,0,SUCCESS,0.0,1.0,,,,,,,,,,,,used,,,,20260905-0028,False,results-2026-09/exp1/experiment1_tightness.csv,3685862.0,25432.0,results-2026-09/exp1/experiment1_tightness.csv,True
2026-09-05 00:29:56,EHAUSM-I,LEVIATHAN,3,2,0.003,0.0,0.2,11406844,4664,7,4266,4273,0,0,0,3369763,6893,3344634,0,0.517678,0.0,0.0,6281,0,676.94,0,0,0,0,SUCCESS,0.0,1.0,,,,,,,,,,,,used,,,,20260905-0028,False,results-2026-09/exp1/experiment1_tightness.csv,3369763.0,25129.0,results-2026-09/exp1/experiment1_tightness.csv,True
2026-09-05 00:30:02,EHAUSM-I,LEVIATHAN,4,2,0.003,0.0,0.2,14156241,5834,9,5533,5542,0,0,0,3692419,7777,3666260,0,0.510458,0.0,0.0,6511,0,1229.05,0,0,0,0,SUCCESS,0.0,1.0,,,,,,,,,,,,used,,,,20260905-0028,False,results-2026-09/exp1/experiment1_tightness.csv,3692419.0,26159.0,results-2026-09/exp1/experiment1_tightness.csv,True
2026-09-05 00:30:03,Pre-HAUSPM,LEVIATHAN,0,0,0.003,0.2,0.2,2833171,1166,10,1075,1085,0,0,0,6955860,0,6928715,0,0.0,0.0,0.0,4440,9305,233.94,0,0,0,0,SUCCESS,0.0,2.0,,,,,,1.0,0.0,2833171.0,0.0,,,used,,,,20260905-0028,False,results-2026-09/exp1/experiment1_tightness.csv,6955860.0,27145.0,results-2026-09/exp1/experiment1_tightness.csv,True
2026-09-05 00:30:06,Pre-HAUSPM,LEVIATHAN,1,0,0.003,0.2,0.2,5742029,2332,2,2579,2581,0,0,0,15831737,0,15794775,0,0.0,0.0,0.0,5965,11932,261.85,0,0,0,0,SUCCESS,0.0,2.0,,,,,,1.0,0.0,2908858.0,1705.0,,,used,,,,20260905-0028,False,results-2026-09/exp1/experiment1_tightness.csv,15831737.0,36962.0,results-2026-09/exp1/experiment1_tightness.csv,True
2026-09-05 00:30:11,Pre-HAUSPM,LEVIATHAN,2,0,0.003,0.2,0.2,8655898,3498,1,4248,4250,0,0,0,24273190,0,24232801,0,0.0,0.0,0.0,6387,12725,207.51,0,0,0,0,SUCCESS,0.0,2.0,,,,,,1.0,0.0,2913869.0,3456.0,,,used,,,,20260905-0028,False,results-2026-09/exp1/experiment1_tightness.csv,24273190.0,40389.0,results-2026-09/exp1/experiment1_tightness.csv,True
2026-09-05 00:30:17,Pre-HAUSPM,LEVIATHAN,3,0,0.003,0.2,0.2,11406844,4664,0,5474,5475,0,0,0,29430526,0,29390526,0,0.0,0.0,0.0,6281,12467,294.58,0,0,0,0,SUCCESS,0.0,2.0,,,,,,1.0,0.0,2750946.0,5209.0,,,used,,,,20260905-0028,False,results-2026-09/exp1/experiment1_tightness.csv,29430526.0,40000.0,results-2026-09/exp1/experiment1_tightness.csv,True
2026-09-05 00:30:24,Pre-HAUSPM,LEVIATHAN,4,0,0.003,0.2,0.2,14156241,5834,0,7066,7067,0,0,0,36239222,0,36197393,0,0.0,0.0,0.0,6511,12869,329.52,0,0,0,0,SUCCESS,0.0,2.0,,,,,,1.0,0.0,2749397.0,6865.0,,,used,,,,20260905-0028,False,results-2026-09/exp1/experiment1_tightness.csv,36239222.0,41829.0,results-2026-09/exp1/experiment1_tightness.csv,True
2026-09-05 00:30:26,Pre-HAUSPM,LEVIATHAN,0,1,0.003,0.2,0.2,2833171,1166,2,1069,1071,0,0,0,6955860,0,6928715,0,0.0,0.0,0.0,4440,9305,75.66,0,0,0,0,SUCCESS,0.0,2.0,,,,,,1.0,0.0,2833171.0,0.0,,,used,,,,20260905-0028,False,results-2026-09/exp1/experiment1_tightness.csv,6955860.0,27145.0,results-2026-09/exp1/experiment1_tightness.csv,True
2026-09-05 00:30:28,Pre-HAUSPM,LEVIATHAN,1,1,0.003,0.2,0.2,5742029,2332,0,2571,2571,0,0,0,15831737,0,15794775,0,0.0,0.0,0.0,5965,11932,223.86,0,0,0,0,SUCCESS,0.0,2.0,,,,,,1.0,0.0,2908858.0,1705.0,,,used,,,,20260905-0028,False,results-2026-09/exp1/experiment1_tightness.csv,15831737.0,36962.0,results-2026-09/exp1/experiment1_tightness.csv,True
2026-09-05 00:30:33,Pre-HAUSPM,LEVIATHAN,2,1,0.003,0.2,0.2,8655898,3498,0,4239,4240,0,0,0,24273190,0,24232801,0,0.0,0.0,0.0,6387,12725,287.68,0,0,0,0,SUCCESS,0.0,2.0,,,,,,1.0,0.0,2913869.0,3456.0,,,used,,,,20260905-0028,False,results-2026-09/exp1/experiment1_tightness.csv,24273190.0,40389.0,results-2026-09/exp1/experiment1_tightness.csv,True
2026-09-05 00:30:39,Pre-HAUSPM,LEVIATHAN,3,1,0.003,0.2,0.2,11406844,4664,0,5462,5463,0,0,0,29430526,0,29390526,0,0.0,0.0,0.0,6281,12467,294.91,0,0,0,0,SUCCESS,0.0,2.0,,,,,,1.0,0.0,2750946.0,5209.0,,,used,,,,20260905-0028,False,results-2026-09/exp1/experiment1_tightness.csv,29430526.0,40000.0,results-2026-09/exp1/experiment1_tightness.csv,True
2026-09-05 00:30:46,Pre-HAUSPM,LEVIATHAN,4,1,0.003,0.2,0.2,14156241,5834,0,7071,7072,0,0,0,36239222,0,36197393,0,0.0,0.0,0.0,6511,12869,298.24,0,0,0,0,SUCCESS,0.0,2.0,,,,,,1.0,0.0,2749397.0,6865.0,,,used,,,,20260905-0028,False,results-2026-09/exp1/experiment1_tightness.csv,36239222.0,41829.0,results-2026-09/exp1/experiment1_tightness.csv,True
2026-09-05 00:30:48,Pre-HAUSPM,LEVIATHAN,0,2,0.003,0.2,0.2,2833171,1166,2,1063,1065,0,0,0,6955860,0,6928715,0,0.0,0.0,0.0,4440,9305,75.68,0,0,0,0,SUCCESS,0.0,2.0,,,,,,1.0,0.0,2833171.0,0.0,,,used,,,,20260905-0028,False,results-2026-09/exp1/experiment1_tightness.csv,6955860.0,27145.0,results-2026-09/exp1/experiment1_tightness.csv,True
2026-09-05 00:30:51,Pre-HAUSPM,LEVIATHAN,1,2,0.003,0.2,0.2,5742029,2332,0,2577,2578,0,0,0,15831737,0,15794775,0,0.0,0.0,0.0,5965,11932,223.85,0,0,0,0,SUCCESS,0.0,2.0,,,,,,1.0,0.0,2908858.0,1705.0,,,used,,,,20260905-0028,False,results-2026-09/exp1/experiment1_tightness.csv,15831737.0,36962.0,results-2026-09/exp1/experiment1_tightness.csv,True
2026-09-05 00:30:55,Pre-HAUSPM,LEVIATHAN,2,2,0.003,0.2,0.2,8655898,3498,0,4235,4236,0,0,0,24273190,0,24232801,0,0.0,0.0,0.0,6387,12725,287.75,0,0,0,0,SUCCESS,0.0,2.0,,,,,,1.0,0.0,2913869.0,3456.0,,,used,,,,20260905-0028,False,results-2026-09/exp1/experiment1_tightness.csv,24273190.0,40389.0,results-2026-09/exp1/experiment1_tightness.csv,True
2026-09-05 00:31:01,Pre-HAUSPM,LEVIATHAN,3,2,0.003,0.2,0.2,11406844,4664,0,5454,5455,0,0,0,29430526,0,29390526,0,0.0,0.0,0.0,6281,12467,295.05,0,0,0,0,SUCCESS,0.0,2.0,,,,,,1.0,0.0,2750946.0,5209.0,,,used,,,,20260905-0028,False,results-2026-09/exp1/experiment1_tightness.csv,29430526.0,40000.0,results-2026-09/exp1/experiment1_tightness.csv,True
2026-09-05 00:31:08,Pre-HAUSPM,LEVIATHAN,4,2,0.003,0.2,0.2,14156241,5834,0,7051,7052,0,0,0,36239222,0,36197393,0,0.0,0.0,0.0,6511,12869,329.53,0,0,0,0,SUCCESS,0.0,2.0,,,,,,1.0,0.0,2749397.0,6865.0,,,used,,,,20260905-0028,False,results-2026-09/exp1/experiment1_tightness.csv,36239222.0,41829.0,results-2026-09/exp1/experiment1_tightness.csv,True
,HAUSP-UB-L1,LEVIATHAN,0,1,0.003,0.0,0.2,0,0,0,0,0,0,0,0,0,0,0,0,0.0,0.0,0.0,0,0,0.0,0,0,0,0,OT,0.0,3.0,,,,,,,,,,,,used,,,,20260905-0028,False,results-2026-09/exp1/experiment1_tightness.csv,0.0,0.0,results-2026-09/exp1/experiment1_tightness.csv,False
,HAUSP-UB-L1,LEVIATHAN,1,1,0.003,0.0,0.2,0,0,0,0,0,0,0,0,0,0,0,0,0.0,0.0,0.0,0,0,0.0,0,0,0,0,SKIPPED,0.0,3.0,,,,,,,,,,,,used,,,,20260905-0028,False,results-2026-09/exp1/experiment1_tightness.csv,0.0,0.0,results-2026-09/exp1/experiment1_tightness.csv,False
,HAUSP-UB-L1,LEVIATHAN,2,1,0.003,0.0,0.2,0,0,0,0,0,0,0,0,0,0,0,0,0.0,0.0,0.0,0,0,0.0,0,0,0,0,SKIPPED,0.0,3.0,,,,,,,,,,,,used,,,,20260905-0028,False,results-2026-09/exp1/experiment1_tightness.csv,0.0,0.0,results-2026-09/exp1/experiment1_tightness.csv,False
,HAUSP-UB-L1,LEVIATHAN,3,1,0.003,0.0,0.2,0,0,0,0,0,0,0,0,0,0,0,0,0.0,0.0,0.0,0,0,0.0,0,0,0,0,SKIPPED,0.0,3.0,,,,,,,,,,,,used,,,,20260905-0028,False,results-2026-09/exp1/experiment1_tightness.csv,0.0,0.0,results-2026-09/exp1/experiment1_tightness.csv,False
,HAUSP-UB-L1,LEVIATHAN,4,1,0.003,0.0,0.2,0,0,0,0,0,0,0,0,0,0,0,0,0.0,0.0,0.0,0,0,0.0,0,0,0,0,SKIPPED,0.0,3.0,,,,,,,,,,,,used,,,,20260905-0028,False,results-2026-09/exp1/experiment1_tightness.csv,0.0,0.0,results-2026-09/exp1/experiment1_tightness.csv,False
2026-09-05 02:01:15,HAUSP-UB,LEVIATHAN,0,0,0.003,0.0,0.2,2833171,1166,12,343,355,0,21,7,2192133,3333,2173480,1214,0.0,0.363978,0.376474,4440,0,78.26,2194872,2190206,4666,4038,SUCCESS,17202.0,4.0,,2751744.0,1192704.0,8505360.0,1136384.0,,,,,357.0,594.0,used,,,,20260905-0028,False,results-2026-09/exp1/experiment1_tightness.csv,2192133.0,17202.0,results-2026-09/exp1/experiment1_tightness.csv,True
2026-09-05 02:01:16,HAUSP-UB,LEVIATHAN,1,0,0.003,0.0,0.2,5742029,2332,23,712,736,0,32,10,4030364,5060,4005126,1637,0.0,0.369428,0.382278,5965,0,118.12,4030842,4029152,2318,5731,SUCCESS,23380.0,4.0,,6321280.0,2485664.0,16893968.0,5427072.0,,,,,323.0,544.0,used,,,,20260905-0028,False,results-2026-09/exp1/experiment1_tightness.csv,4030364.0,23380.0,results-2026-09/exp1/experiment1_tightness.csv,True
2026-09-05 02:01:17,HAUSP-UB,LEVIATHAN,2,0,0.003,0.0,0.2,8655898,3498,14,1172,1186,0,39,11,5067872,6468,5040244,1659,0.0,0.371106,0.383258,6387,0,131.48,5068072,5066656,2041,7137,SUCCESS,25753.0,4.0,,11534592.0,3784224.0,16945488.0,13622528.0,,,,,321.0,537.0,used,,,,20260905-0028,False,results-2026-09/exp1/experiment1_tightness.csv,5067872.0,25753.0,results-2026-09/exp1/experiment1_tightness.csv,True
2026-09-05 02:01:19,HAUSP-UB,LEVIATHAN,3,0,0.003,0.0,0.2,11406844,4664,12,1522,1535,0,41,11,5503713,7425,5476314,1738,0.0,0.365936,0.378513,6281,0,156.46,5503469,5502479,1625,8110,SUCCESS,25454.0,4.0,,16881664.0,5049280.0,16945488.0,26786432.0,,,,,325.0,532.0,used,,,,20260905-0028,False,results-2026-09/exp1/experiment1_tightness.csv,5503713.0,25454.0,results-2026-09/exp1/experiment1_tightness.csv,True
2026-09-05 02:01:21,HAUSP-UB,LEVIATHAN,4,0,0.003,0.0,0.2,14156241,5834,34,2006,2041,0,46,11,5958464,8336,5929969,1777,0.0,0.366961,0.379732,6511,0,208.87,5958131,5957214,1569,9025,SUCCESS,26495.0,4.0,,20940544.0,6312032.0,33754736.0,44548480.0,,,,,336.0,559.0,used,,,,20260905-0028,False,results-2026-09/exp1/experiment1_tightness.csv,5958464.0,26495.0,results-2026-09/exp1/experiment1_tightness.csv,True
2026-09-05 02:01:22,HAUSP-UB,LEVIATHAN,0,1,0.003,0.0,0.2,2833171,1166,10,280,290,0,19,7,2192133,3333,2173480,1214,0.0,0.363978,0.376474,4440,0,81.12,2194872,2190206,4666,4038,SUCCESS,17202.0,4.0,,3180800.0,1192704.0,8505360.0,1136384.0,,,,,357.0,594.0,used,,,,20260905-0028,False,results-2026-09/exp1/experiment1_tightness.csv,2192133.0,17202.0,results-2026-09/exp1/experiment1_tightness.csv,True
2026-09-05 02:01:23,HAUSP-UB,LEVIATHAN,1,1,0.003,0.0,0.2,5742029,2332,12,713,726,0,32,10,4030364,5060,4005126,1637,0.0,0.369428,0.382278,5965,0,121.89,4030842,4029152,2318,5731,SUCCESS,23380.0,4.0,,7332992.0,2485664.0,16893968.0,5427072.0,,,,,323.0,544.0,used,,,,20260905-0028,False,results-2026-09/exp1/experiment1_tightness.csv,4030364.0,23380.0,results-2026-09/exp1/experiment1_tightness.csv,True
2026-09-05 02:01:25,HAUSP-UB,LEVIATHAN,2,1,0.003,0.0,0.2,8655898,3498,11,1167,1178,0,39,11,5067872,6468,5040244,1659,0.0,0.371106,0.383258,6387,0,132.93,5068072,5066656,2041,7137,SUCCESS,25753.0,4.0,,11913472.0,3784224.0,16945488.0,13622528.0,,,,,321.0,537.0,used,,,,20260905-0028,False,results-2026-09/exp1/experiment1_tightness.csv,5067872.0,25753.0,results-2026-09/exp1/experiment1_tightness.csv,True
2026-09-05 02:01:26,HAUSP-UB,LEVIATHAN,3,1,0.003,0.0,0.2,11406844,4664,11,1507,1518,0,42,11,5503713,7425,5476314,1738,0.0,0.365936,0.378513,6281,0,157.69,5503469,5502479,1625,8110,SUCCESS,25454.0,4.0,,16881664.0,5049280.0,16945488.0,26786432.0,,,,,325.0,532.0,used,,,,20260905-0028,False,results-2026-09/exp1/experiment1_tightness.csv,5503713.0,25454.0,results-2026-09/exp1/experiment1_tightness.csv,True
2026-09-05 02:01:29,HAUSP-UB,LEVIATHAN,4,1,0.003,0.0,0.2,14156241,5834,17,1947,1965,0,45,11,5958464,8336,5929969,1777,0.0,0.366961,0.379732,6511,0,248.8,5958131,5957214,1569,9025,SUCCESS,26495.0,4.0,,20940544.0,6312032.0,33754736.0,44548480.0,,,,,336.0,559.0,used,,,,20260905-0028,False,results-2026-09/exp1/experiment1_tightness.csv,5958464.0,26495.0,results-2026-09/exp1/experiment1_tightness.csv,True
2026-09-05 02:01:29,HAUSP-UB,LEVIATHAN,0,2,0.003,0.0,0.2,2833171,1166,10,280,290,0,19,7,2192133,3333,2173480,1214,0.0,0.363978,0.376474,4440,0,81.12,2194872,2190206,4666,4038,SUCCESS,17202.0,4.0,,3180800.0,1192704.0,8505360.0,1136384.0,,,,,357.0,594.0,used,,,,20260905-0028,False,results-2026-09/exp1/experiment1_tightness.csv,2192133.0,17202.0,results-2026-09/exp1/experiment1_tightness.csv,True
2026-09-05 02:01:30,HAUSP-UB,LEVIATHAN,1,2,0.003,0.0,0.2,5742029,2332,13,714,727,0,33,10,4030364,5060,4005126,1637,0.0,0.369428,0.382278,5965,0,122.24,4030842,4029152,2318,5731,SUCCESS,23380.0,4.0,,7332992.0,2485664.0,16893968.0,5427072.0,,,,,323.0,544.0,used,,,,20260905-0028,False,results-2026-09/exp1/experiment1_tightness.csv,4030364.0,23380.0,results-2026-09/exp1/experiment1_tightness.csv,True
2026-09-05 02:01:32,HAUSP-UB,LEVIATHAN,2,2,0.003,0.0,0.2,8655898,3498,10,1166,1177,0,40,11,5067872,6468,5040244,1659,0.0,0.371106,0.383258,6387,0,133.01,5068072,5066656,2041,7137,SUCCESS,25753.0,4.0,,12196096.0,3784224.0,16945488.0,13622528.0,,,,,321.0,537.0,used,,,,20260905-0028,False,results-2026-09/exp1/experiment1_tightness.csv,5067872.0,25753.0,results-2026-09/exp1/experiment1_tightness.csv,True
2026-09-05 02:01:33,HAUSP-UB,LEVIATHAN,3,2,0.003,0.0,0.2,11406844,4664,10,1504,1515,0,42,11,5503713,7425,5476314,1738,0.0,0.365936,0.378513,6281,0,156.08,5503469,5502479,1625,8110,SUCCESS,25454.0,4.0,,16881664.0,5049280.0,16945488.0,26786432.0,,,,,325.0,532.0,used,,,,20260905-0028,False,results-2026-09/exp1/experiment1_tightness.csv,5503713.0,25454.0,results-2026-09/exp1/experiment1_tightness.csv,True
2026-09-05 02:01:36,HAUSP-UB,LEVIATHAN,4,2,0.003,0.0,0.2,14156241,5834,18,1949,1967,0,46,11,5958464,8336,5929969,1777,0.0,0.366961,0.379732,6511,0,208.57,5958131,5957214,1569,9025,SUCCESS,26495.0,4.0,,20940544.0,6312032.0,33754736.0,44548480.0,,,,,336.0,559.0,used,,,,20260905-0028,False,results-2026-09/exp1/experiment1_tightness.csv,5958464.0,26495.0,results-2026-09/exp1/experiment1_tightness.csv,True
2026-09-05 02:01:37,HAUSP-UB,LEVIATHAN,0,3,0.003,0.0,0.2,2833171,1166,10,280,290,0,19,7,2192133,3333,2173480,1214,0.0,0.363978,0.376474,4440,0,81.12,2194872,2190206,4666,4038,SUCCESS,17202.0,4.0,,3180800.0,1192704.0,8505360.0,1136384.0,,,,,357.0,594.0,used,,,,20260905-0028,False,results-2026-09/exp1/experiment1_tightness.csv,2192133.0,17202.0,results-2026-09/exp1/experiment1_tightness.csv,True
2026-09-05 02:01:37,HAUSP-UB,LEVIATHAN,1,3,0.003,0.0,0.2,5742029,2332,13,715,728,0,32,10,4030364,5060,4005126,1637,0.0,0.369428,0.382278,5965,0,122.03,4030842,4029152,2318,5731,SUCCESS,23380.0,4.0,,7332992.0,2485664.0,16893968.0,5427072.0,,,,,323.0,544.0,used,,,,20260905-0028,False,results-2026-09/exp1/experiment1_tightness.csv,4030364.0,23380.0,results-2026-09/exp1/experiment1_tightness.csv,True
2026-09-05 02:01:39,HAUSP-UB,LEVIATHAN,2,3,0.003,0.0,0.2,8655898,3498,10,1164,1175,0,39,11,5067872,6468,5040244,1659,0.0,0.371106,0.383258,6387,0,133.01,5068072,5066656,2041,7137,SUCCESS,25753.0,4.0,,12196096.0,3784224.0,16945488.0,13622528.0,,,,,321.0,537.0,used,,,,20260905-0028,False,results-2026-09/exp1/experiment1_tightness.csv,5067872.0,25753.0,results-2026-09/exp1/experiment1_tightness.csv,True
2026-09-05 02:01:41,HAUSP-UB,LEVIATHAN,3,3,0.003,0.0,0.2,11406844,4664,10,1511,1522,0,42,11,5503713,7425,5476314,1738,0.0,0.365936,0.378513,6281,0,156.1,5503469,5502479,1625,8110,SUCCESS,25454.0,4.0,,16881664.0,5049280.0,16945488.0,26786432.0,,,,,325.0,532.0,used,,,,20260905-0028,False,results-2026-09/exp1/experiment1_tightness.csv,5503713.0,25454.0,results-2026-09/exp1/experiment1_tightness.csv,True
2026-09-05 02:01:43,HAUSP-UB,LEVIATHAN,4,3,0.003,0.0,0.2,14156241,5834,18,1950,1968,0,46,11,5958464,8336,5929969,1777,0.0,0.366961,0.379732,6511,0,208.75,5958131,5957214,1569,9025,SUCCESS,26495.0,4.0,,20940544.0,6312032.0,33754736.0,44548480.0,,,,,336.0,559.0,used,,,,20260905-0028,False,results-2026-09/exp1/experiment1_tightness.csv,5958464.0,26495.0,results-2026-09/exp1/experiment1_tightness.csv,True
2026-09-05 02:01:44,HAUSP-UB,LEVIATHAN,0,4,0.003,0.0,0.2,2833171,1166,10,281,291,0,19,7,2192133,3333,2173480,1214,0.0,0.363978,0.376474,4440,0,81.12,2194872,2190206,4666,4038,SUCCESS,17202.0,4.0,,3180800.0,1192704.0,8505360.0,1136384.0,,,,,357.0,594.0,used,,,,20260905-0028,False,results-2026-09/exp1/experiment1_tightness.csv,2192133.0,17202.0,results-2026-09/exp1/experiment1_tightness.csv,True
2026-09-05 02:01:45,HAUSP-UB,LEVIATHAN,1,4,0.003,0.0,0.2,5742029,2332,12,714,727,0,33,10,4030364,5060,4005126,1637,0.0,0.369428,0.382278,5965,0,121.87,4030842,4029152,2318,5731,SUCCESS,23380.0,4.0,,7332992.0,2485664.0,16893968.0,5427072.0,,,,,323.0,544.0,used,,,,20260905-0028,False,results-2026-09/exp1/experiment1_tightness.csv,4030364.0,23380.0,results-2026-09/exp1/experiment1_tightness.csv,True
2026-09-05 02:01:46,HAUSP-UB,LEVIATHAN,2,4,0.003,0.0,0.2,8655898,3498,10,1168,1179,0,40,11,5067872,6468,5040244,1659,0.0,0.371106,0.383258,6387,0,132.93,5068072,5066656,2041,7137,SUCCESS,25753.0,4.0,,11913472.0,3784224.0,16945488.0,13622528.0,,,,,321.0,537.0,used,,,,20260905-0028,False,results-2026-09/exp1/experiment1_tightness.csv,5067872.0,25753.0,results-2026-09/exp1/experiment1_tightness.csv,True
2026-09-05 02:01:48,HAUSP-UB,LEVIATHAN,3,4,0.003,0.0,0.2,11406844,4664,11,1510,1521,0,42,11,5503713,7425,5476314,1738,0.0,0.365936,0.378513,6281,0,157.69,5503469,5502479,1625,8110,SUCCESS,25454.0,4.0,,16881664.0,5049280.0,16945488.0,26786432.0,,,,,325.0,532.0,used,,,,20260905-0028,False,results-2026-09/exp1/experiment1_tightness.csv,5503713.0,25454.0,results-2026-09/exp1/experiment1_tightness.csv,True
2026-09-05 02:01:50,HAUSP-UB,LEVIATHAN,4,4,0.003,0.0,0.2,14156241,5834,17,1943,1961,0,46,11,5958464,8336,5929969,1777,0.0,0.366961,0.379732,6511,0,248.85,5958131,5957214,1569,9025,SUCCESS,26495.0,4.0,,20940544.0,6312032.0,33754736.0,44548480.0,,,,,336.0,559.0,used,,,,20260905-0028,False,results-2026-09/exp1/experiment1_tightness.csv,5958464.0,26495.0,results-2026-09/exp1/experiment1_tightness.csv,True
2026-09-05 02:01:51,HAUSP-UB,LEVIATHAN,0,5,0.003,0.0,0.2,2833171,1166,10,280,290,0,19,7,2192133,3333,2173480,1214,0.0,0.363978,0.376474,4440,0,81.12,2194872,2190206,4666,4038,SUCCESS,17202.0,4.0,,3180800.0,1192704.0,8505360.0,1136384.0,,,,,357.0,594.0,used,,,,20260905-0028,False,results-2026-09/exp1/experiment1_tightness.csv,2192133.0,17202.0,results-2026-09/exp1/experiment1_tightness.csv,True
2026-09-05 02:01:52,HAUSP-UB,LEVIATHAN,1,5,0.003,0.0,0.2,5742029,2332,13,715,728,0,33,10,4030364,5060,4005126,1637,0.0,0.369428,0.382278,5965,0,122.31,4030842,4029152,2318,5731,SUCCESS,23380.0,4.0,,7332992.0,2485664.0,16893968.0,5427072.0,,,,,323.0,544.0,used,,,,20260905-0028,False,results-2026-09/exp1/experiment1_tightness.csv,4030364.0,23380.0,results-2026-09/exp1/experiment1_tightness.csv,True
2026-09-05 02:01:53,HAUSP-UB,LEVIATHAN,2,5,0.003,0.0,0.2,8655898,3498,11,1164,1175,0,40,11,5067872,6468,5040244,1659,0.0,0.371106,0.383258,6387,0,133.01,5068072,5066656,2041,7137,SUCCESS,25753.0,4.0,,12196096.0,3784224.0,16945488.0,13622528.0,,,,,321.0,537.0,used,,,,20260905-0028,False,results-2026-09/exp1/experiment1_tightness.csv,5067872.0,25753.0,results-2026-09/exp1/experiment1_tightness.csv,True
2026-09-05 02:01:55,HAUSP-UB,LEVIATHAN,3,5,0.003,0.0,0.2,11406844,4664,11,1506,1517,0,42,11,5503713,7425,5476314,1738,0.0,0.365936,0.378513,6281,0,156.08,5503469,5502479,1625,8110,SUCCESS,25454.0,4.0,,16881664.0,5049280.0,16945488.0,26786432.0,,,,,325.0,532.0,used,,,,20260905-0028,False,results-2026-09/exp1/experiment1_tightness.csv,5503713.0,25454.0,results-2026-09/exp1/experiment1_tightness.csv,True
2026-09-05 02:01:57,HAUSP-UB,LEVIATHAN,4,5,0.003,0.0,0.2,14156241,5834,18,1948,1966,0,46,12,5958464,8336,5929969,1777,0.0,0.366961,0.379732,6511,0,208.45,5958131,5957214,1569,9025,SUCCESS,26495.0,4.0,,20940544.0,6312032.0,33754736.0,44548480.0,,,,,336.0,559.0,used,,,,20260905-0028,False,results-2026-09/exp1/experiment1_tightness.csv,5958464.0,26495.0,results-2026-09/exp1/experiment1_tightness.csv,True
2026-09-05 02:01:58,HAUSP-UB,LEVIATHAN,0,6,0.003,0.0,0.2,2833171,1166,10,280,290,0,19,7,2192133,3333,2173480,1214,0.0,0.363978,0.376474,4440,0,81.12,2194872,2190206,4666,4038,SUCCESS,17202.0,4.0,,3180800.0,1192704.0,8505360.0,1136384.0,,,,,357.0,594.0,used,,,,20260905-0028,False,results-2026-09/exp1/experiment1_tightness.csv,2192133.0,17202.0,results-2026-09/exp1/experiment1_tightness.csv,True
2026-09-05 02:01:59,HAUSP-UB,LEVIATHAN,1,6,0.003,0.0,0.2,5742029,2332,13,714,727,0,33,10,4030364,5060,4005126,1637,0.0,0.369428,0.382278,5965,0,121.68,4030842,4029152,2318,5731,SUCCESS,23380.0,4.0,,7332992.0,2485664.0,16893968.0,5427072.0,,,,,323.0,544.0,used,,,,20260905-0028,False,results-2026-09/exp1/experiment1_tightness.csv,4030364.0,23380.0,results-2026-09/exp1/experiment1_tightness.csv,True
2026-09-05 02:02:00,HAUSP-UB,LEVIATHAN,2,6,0.003,0.0,0.2,8655898,3498,10,1165,1176,0,40,11,5067872,6468,5040244,1659,0.0,0.371106,0.383258,6387,0,133.01,5068072,5066656,2041,7137,SUCCESS,25753.0,4.0,,12196096.0,3784224.0,16945488.0,13622528.0,,,,,321.0,537.0,used,,,,20260905-0028,False,results-2026-09/exp1/experiment1_tightness.csv,5067872.0,25753.0,results-2026-09/exp1/experiment1_tightness.csv,True
2026-09-05 02:02:02,HAUSP-UB,LEVIATHAN,3,6,0.003,0.0,0.2,11406844,4664,10,1507,1518,0,42,11,5503713,7425,5476314,1738,0.0,0.365936,0.378513,6281,0,156.1,5503469,5502479,1625,8110,SUCCESS,25454.0,4.0,,16881664.0,5049280.0,16945488.0,26786432.0,,,,,325.0,532.0,used,,,,20260905-0028,False,results-2026-09/exp1/experiment1_tightness.csv,5503713.0,25454.0,results-2026-09/exp1/experiment1_tightness.csv,True
2026-09-05 02:02:04,HAUSP-UB,LEVIATHAN,4,6,0.003,0.0,0.2,14156241,5834,18,1955,1973,0,46,11,5958464,8336,5929969,1777,0.0,0.366961,0.379732,6511,0,208.56,5958131,5957214,1569,9025,SUCCESS,26495.0,4.0,,20940544.0,6312032.0,33754736.0,44548480.0,,,,,336.0,559.0,used,,,,20260905-0028,False,results-2026-09/exp1/experiment1_tightness.csv,5958464.0,26495.0,results-2026-09/exp1/experiment1_tightness.csv,True
2026-09-05 02:02:05,HAUSP-UB,LEVIATHAN,0,7,0.003,0.0,0.2,2833171,1166,10,280,290,0,19,7,2192133,3333,2173480,1214,0.0,0.363978,0.376474,4440,0,81.12,2194872,2190206,4666,4038,SUCCESS,17202.0,4.0,,3180800.0,1192704.0,8505360.0,1136384.0,,,,,357.0,594.0,used,,,,20260905-0028,False,results-2026-09/exp1/experiment1_tightness.csv,2192133.0,17202.0,results-2026-09/exp1/experiment1_tightness.csv,True
2026-09-05 02:02:06,HAUSP-UB,LEVIATHAN,1,7,0.003,0.0,0.2,5742029,2332,12,715,727,0,33,10,4030364,5060,4005126,1637,0.0,0.369428,0.382278,5965,0,121.64,4030842,4029152,2318,5731,SUCCESS,23380.0,4.0,,7332992.0,2485664.0,16893968.0,5427072.0,,,,,323.0,544.0,used,,,,20260905-0028,False,results-2026-09/exp1/experiment1_tightness.csv,4030364.0,23380.0,results-2026-09/exp1/experiment1_tightness.csv,True
2026-09-05 02:02:07,HAUSP-UB,LEVIATHAN,2,7,0.003,0.0,0.2,8655898,3498,11,1164,1175,0,40,11,5067872,6468,5040244,1659,0.0,0.371106,0.383258,6387,0,132.93,5068072,5066656,2041,7137,SUCCESS,25753.0,4.0,,11913472.0,3784224.0,16945488.0,13622528.0,,,,,321.0,537.0,used,,,,20260905-0028,False,results-2026-09/exp1/experiment1_tightness.csv,5067872.0,25753.0,results-2026-09/exp1/experiment1_tightness.csv,True
2026-09-05 02:02:09,HAUSP-UB,LEVIATHAN,3,7,0.003,0.0,0.2,11406844,4664,11,1510,1522,0,42,11,5503713,7425,5476314,1738,0.0,0.365936,0.378513,6281,0,157.69,5503469,5502479,1625,8110,SUCCESS,25454.0,4.0,,16881664.0,5049280.0,16945488.0,26786432.0,,,,,325.0,532.0,used,,,,20260905-0028,False,results-2026-09/exp1/experiment1_tightness.csv,5503713.0,25454.0,results-2026-09/exp1/experiment1_tightness.csv,True
2026-09-05 02:02:11,HAUSP-UB,LEVIATHAN,4,7,0.003,0.0,0.2,14156241,5834,17,1944,1962,0,46,11,5958464,8336,5929969,1777,0.0,0.366961,0.379732,6511,0,248.82,5958131,5957214,1569,9025,SUCCESS,26495.0,4.0,,20940544.0,6312032.0,33754736.0,44548480.0,,,,,336.0,559.0,used,,,,20260905-0028,False,results-2026-09/exp1/experiment1_tightness.csv,5958464.0,26495.0,results-2026-09/exp1/experiment1_tightness.csv,True
2026-09-05 02:02:12,HAUSP-UB,LEVIATHAN,0,8,0.003,0.0,0.2,2833171,1166,10,279,289,0,19,7,2192133,3333,2173480,1214,0.0,0.363978,0.376474,4440,0,81.12,2194872,2190206,4666,4038,SUCCESS,17202.0,4.0,,3180800.0,1192704.0,8505360.0,1136384.0,,,,,357.0,594.0,used,,,,20260905-0028,False,results-2026-09/exp1/experiment1_tightness.csv,2192133.0,17202.0,results-2026-09/exp1/experiment1_tightness.csv,True
2026-09-05 02:02:13,HAUSP-UB,LEVIATHAN,1,8,0.003,0.0,0.2,5742029,2332,13,713,727,0,32,10,4030364,5060,4005126,1637,0.0,0.369428,0.382278,5965,0,122.17,4030842,4029152,2318,5731,SUCCESS,23380.0,4.0,,7332992.0,2485664.0,16893968.0,5427072.0,,,,,323.0,544.0,used,,,,20260905-0028,False,results-2026-09/exp1/experiment1_tightness.csv,4030364.0,23380.0,results-2026-09/exp1/experiment1_tightness.csv,True
2026-09-05 02:02:14,HAUSP-UB,LEVIATHAN,2,8,0.003,0.0,0.2,8655898,3498,11,1166,1177,0,40,11,5067872,6468,5040244,1659,0.0,0.371106,0.383258,6387,0,133.01,5068072,5066656,2041,7137,SUCCESS,25753.0,4.0,,12196096.0,3784224.0,16945488.0,13622528.0,,,,,321.0,537.0,used,,,,20260905-0028,False,results-2026-09/exp1/experiment1_tightness.csv,5067872.0,25753.0,results-2026-09/exp1/experiment1_tightness.csv,True
2026-09-05 02:02:16,HAUSP-UB,LEVIATHAN,3,8,0.003,0.0,0.2,11406844,4664,11,1504,1516,0,42,11,5503713,7425,5476314,1738,0.0,0.365936,0.378513,6281,0,156.08,5503469,5502479,1625,8110,SUCCESS,25454.0,4.0,,16881664.0,5049280.0,16945488.0,26786432.0,,,,,325.0,532.0,used,,,,20260905-0028,False,results-2026-09/exp1/experiment1_tightness.csv,5503713.0,25454.0,results-2026-09/exp1/experiment1_tightness.csv,True
2026-09-05 02:02:18,HAUSP-UB,LEVIATHAN,4,8,0.003,0.0,0.2,14156241,5834,18,1949,1967,0,46,11,5958464,8336,5929969,1777,0.0,0.366961,0.379732,6511,0,208.6,5958131,5957214,1569,9025,SUCCESS,26495.0,4.0,,20940544.0,6312032.0,33754736.0,44548480.0,,,,,336.0,559.0,used,,,,20260905-0028,False,results-2026-09/exp1/experiment1_tightness.csv,5958464.0,26495.0,results-2026-09/exp1/experiment1_tightness.csv,True
2026-09-05 02:02:19,HAUSP-UB,LEVIATHAN,0,9,0.003,0.0,0.2,2833171,1166,10,280,290,0,19,7,2192133,3333,2173480,1214,0.0,0.363978,0.376474,4440,0,81.12,2194872,2190206,4666,4038,SUCCESS,17202.0,4.0,,3180800.0,1192704.0,8505360.0,1136384.0,,,,,357.0,594.0,used,,,,20260905-0028,False,results-2026-09/exp1/experiment1_tightness.csv,2192133.0,17202.0,results-2026-09/exp1/experiment1_tightness.csv,True
2026-09-05 02:02:20,HAUSP-UB,LEVIATHAN,1,9,0.003,0.0,0.2,5742029,2332,13,716,730,0,33,10,4030364,5060,4005126,1637,0.0,0.369428,0.382278,5965,0,122.04,4030842,4029152,2318,5731,SUCCESS,23380.0,4.0,,7332992.0,2485664.0,16893968.0,5427072.0,,,,,323.0,544.0,used,,,,20260905-0028,False,results-2026-09/exp1/experiment1_tightness.csv,4030364.0,23380.0,results-2026-09/exp1/experiment1_tightness.csv,True
2026-09-05 02:02:22,HAUSP-UB,LEVIATHAN,2,9,0.003,0.0,0.2,8655898,3498,10,1164,1175,0,40,11,5067872,6468,5040244,1659,0.0,0.371106,0.383258,6387,0,133.01,5068072,5066656,2041,7137,SUCCESS,25753.0,4.0,,12196096.0,3784224.0,16945488.0,13622528.0,,,,,321.0,537.0,used,,,,20260905-0028,False,results-2026-09/exp1/experiment1_tightness.csv,5067872.0,25753.0,results-2026-09/exp1/experiment1_tightness.csv,True
2026-09-05 02:02:23,HAUSP-UB,LEVIATHAN,3,9,0.003,0.0,0.2,11406844,4664,11,1503,1515,0,42,11,5503713,7425,5476314,1738,0.0,0.365936,0.378513,6281,0,156.1,5503469,5502479,1625,8110,SUCCESS,25454.0,4.0,,16881664.0,5049280.0,16945488.0,26786432.0,,,,,325.0,532.0,used,,,,20260905-0028,False,results-2026-09/exp1/experiment1_tightness.csv,5503713.0,25454.0,results-2026-09/exp1/experiment1_tightness.csv,True
2026-09-05 02:02:25,HAUSP-UB,LEVIATHAN,4,9,0.003,0.0,0.2,14156241,5834,17,1950,1968,0,46,11,5958464,8336,5929969,1777,0.0,0.366961,0.379732,6511,0,208.81,5958131,5957214,1569,9025,SUCCESS,26495.0,4.0,,20940544.0,6312032.0,33754736.0,44548480.0,,,,,336.0,559.0,used,,,,20260905-0028,False,results-2026-09/exp1/experiment1_tightness.csv,5958464.0,26495.0,results-2026-09/exp1/experiment1_tightness.csv,True
2026-09-05 02:02:27,EHAUSM-R,C8T1S5I8N5K,0,0,0.0002,0.0,0.2,9488004,9426,84,685,770,0,0,0,4135232,15686,3992155,0,0.308031,0.0,0.0,6078,0,919.68,0,0,0,0,SUCCESS,0.0,0.0,,,,,,,,,,,,used,,,,20260905-0028,False,results-2026-09/exp1/experiment1_tightness.csv,4135232.0,143077.0,results-2026-09/exp1/experiment1_tightness.csv,True
2026-09-05 02:02:28,EHAUSM-R,C8T1S5I8N5K,1,0,0.0002,0.0,0.2,18951306,18852,24,673,698,0,0,0,3362678,23506,3264598,0,0.318953,0.0,0.0,4680,0,367.2,0,0,0,0,SUCCESS,0.0,0.0,,,,,,,,,,,,used,,,,20260905-0028,False,results-2026-09/exp1/experiment1_tightness.csv,3362678.0,98080.0,results-2026-09/exp1/experiment1_tightness.csv,True
2026-09-05 02:02:29,EHAUSM-R,C8T1S5I8N5K,2,0,0.0002,0.0,0.2,28544670,28278,36,858,894,0,0,0,3274060,27246,3185156,0,0.304781,0.0,0.0,3088,0,319.61,0,0,0,0,SUCCESS,0.0,0.0,,,,,,,,,,,,used,,,,20260905-0028,False,results-2026-09/exp1/experiment1_tightness.csv,3274060.0,88904.0,results-2026-09/exp1/experiment1_tightness.csv,True
2026-09-05 02:02:30,EHAUSM-R,C8T1S5I8N5K,3,0,0.0002,0.0,0.2,38016389,37704,46,1032,1079,0,0,0,2977067,29682,2896039,0,0.296094,0.0,0.0,2428,0,349.1,0,0,0,0,SUCCESS,0.0,0.0,,,,,,,,,,,,used,,,,20260905-0028,False,results-2026-09/exp1/experiment1_tightness.csv,2977067.0,81028.0,results-2026-09/exp1/experiment1_tightness.csv,True
2026-09-05 02:02:32,EHAUSM-R,C8T1S5I8N5K,4,0,0.0002,0.0,0.2,47416411,47133,62,1187,1250,0,0,0,3020056,30941,2941503,0,0.29758,0.0,0.0,2623,0,414.54,0,0,0,0,SUCCESS,0.0,0.0,,,,,,,,,,,,used,,,,20260905-0028,False,results-2026-09/exp1/experiment1_tightness.csv,3020056.0,78553.0,results-2026-09/exp1/experiment1_tightness.csv,True
2026-09-05 02:02:33,EHAUSM-R,C8T1S5I8N5K,0,1,0.0002,0.0,0.2,9488004,9426,25,552,577,0,0,0,4135232,15686,3992155,0,0.308031,0.0,0.0,6078,0,654.91,0,0,0,0,SUCCESS,0.0,0.0,,,,,,,,,,,,used,,,,20260905-0028,False,results-2026-09/exp1/experiment1_tightness.csv,4135232.0,143077.0,results-2026-09/exp1/experiment1_tightness.csv,True
2026-09-05 02:02:34,EHAUSM-R,C8T1S5I8N5K,1,1,0.0002,0.0,0.2,18951306,18852,23,687,711,0,0,0,3362678,23506,3264598,0,0.318953,0.0,0.0,4680,0,318.47,0,0,0,0,SUCCESS,0.0,0.0,,,,,,,,,,,,used,,,,20260905-0028,False,results-2026-09/exp1/experiment1_tightness.csv,3362678.0,98080.0,results-2026-09/exp1/experiment1_tightness.csv,True
2026-09-05 02:02:35,EHAUSM-R,C8T1S5I8N5K,2,1,0.0002,0.0,0.2,28544670,28278,35,856,891,0,0,0,3274060,27246,3185156,0,0.304781,0.0,0.0,3088,0,304.48,0,0,0,0,SUCCESS,0.0,0.0,,,,,,,,,,,,used,,,,20260905-0028,False,results-2026-09/exp1/experiment1_tightness.csv,3274060.0,88904.0,results-2026-09/exp1/experiment1_tightness.csv,True
2026-09-05 02:02:36,EHAUSM-R,C8T1S5I8N5K,3,1,0.0002,0.0,0.2,38016389,37704,44,1014,1058,0,0,0,2977067,29682,2896039,0,0.296094,0.0,0.0,2428,0,1118.45,0,0,0,0,SUCCESS,0.0,0.0,,,,,,,,,,,,used,,,,20260905-0028,False,results-2026-09/exp1/experiment1_tightness.csv,2977067.0,81028.0,results-2026-09/exp1/experiment1_tightness.csv,True
2026-09-05 02:02:38,EHAUSM-R,C8T1S5I8N5K,4,1,0.0002,0.0,0.2,47416411,47133,59,1189,1249,0,0,0,3020056,30941,2941503,0,0.29758,0.0,0.0,2623,0,285.65,0,0,0,0,SUCCESS,0.0,0.0,,,,,,,,,,,,used,,,,20260905-0028,False,results-2026-09/exp1/experiment1_tightness.csv,3020056.0,78553.0,results-2026-09/exp1/experiment1_tightness.csv,True
2026-09-05 02:02:39,EHAUSM-R,C8T1S5I8N5K,0,2,0.0002,0.0,0.2,9488004,9426,24,547,572,0,0,0,4135232,15686,3992155,0,0.308031,0.0,0.0,6078,0,335.11,0,0,0,0,SUCCESS,0.0,0.0,,,,,,,,,,,,used,,,,20260905-0028,False,results-2026-09/exp1/experiment1_tightness.csv,4135232.0,143077.0,results-2026-09/exp1/experiment1_tightness.csv,True
2026-09-05 02:02:40,EHAUSM-R,C8T1S5I8N5K,1,2,0.0002,0.0,0.2,18951306,18852,25,679,704,0,0,0,3362678,23506,3264598,0,0.318953,0.0,0.0,4680,0,463.19,0,0,0,0,SUCCESS,0.0,0.0,,,,,,,,,,,,used,,,,20260905-0028,False,results-2026-09/exp1/experiment1_tightness.csv,3362678.0,98080.0,results-2026-09/exp1/experiment1_tightness.csv,True
2026-09-05 02:02:41,EHAUSM-R,C8T1S5I8N5K,2,2,0.0002,0.0,0.2,28544670,28278,35,915,951,0,0,0,3274060,27246,3185156,0,0.304781,0.0,0.0,3088,0,415.54,0,0,0,0,SUCCESS,0.0,0.0,,,,,,,,,,,,used,,,,20260905-0028,False,results-2026-09/exp1/experiment1_tightness.csv,3274060.0,88904.0,results-2026-09/exp1/experiment1_tightness.csv,True
2026-09-05 02:02:42,EHAUSM-R,C8T1S5I8N5K,3,2,0.0002,0.0,0.2,38016389,37704,48,976,1025,0,0,0,2977067,29682,2896039,0,0.296094,0.0,0.0,2428,0,472.76,0,0,0,0,SUCCESS,0.0,0.0,,,,,,,,,,,,used,,,,20260905-0028,False,results-2026-09/exp1/experiment1_tightness.csv,2977067.0,81028.0,results-2026-09/exp1/experiment1_tightness.csv,True
2026-09-05 02:02:44,EHAUSM-R,C8T1S5I8N5K,4,2,0.0002,0.0,0.2,47416411,47133,59,1237,1297,0,0,0,3020056,30941,2941503,0,0.29758,0.0,0.0,2623,0,1357.89,0,0,0,0,SUCCESS,0.0,0.0,,,,,,,,,,,,used,,,,20260905-0028,False,results-2026-09/exp1/experiment1_tightness.csv,3020056.0,78553.0,results-2026-09/exp1/experiment1_tightness.csv,True
2026-09-05 02:02:45,EHAUSM-R,C8T1S5I8N5K,0,3,0.0002,0.0,0.2,9488004,9426,24,553,577,0,0,0,4135232,15686,3992155,0,0.308031,0.0,0.0,6078,0,750.6,0,0,0,0,SUCCESS,0.0,0.0,,,,,,,,,,,,used,,,,20260905-0028,False,results-2026-09/exp1/experiment1_tightness.csv,4135232.0,143077.0,results-2026-09/exp1/experiment1_tightness.csv,True
2026-09-05 02:02:46,EHAUSM-R,C8T1S5I8N5K,1,3,0.0002,0.0,0.2,18951306,18852,24,675,700,0,0,0,3362678,23506,3264598,0,0.318953,0.0,0.0,4680,0,504.84,0,0,0,0,SUCCESS,0.0,0.0,,,,,,,,,,,,used,,,,20260905-0028,False,results-2026-09/exp1/experiment1_tightness.csv,3362678.0,98080.0,results-2026-09/exp1/experiment1_tightness.csv,True
2026-09-05 02:02:47,EHAUSM-R,C8T1S5I8N5K,2,3,0.0002,0.0,0.2,28544670,28278,35,917,952,0,0,0,3274060,27246,3185156,0,0.304781,0.0,0.0,3088,0,430.97,0,0,0,0,SUCCESS,0.0,0.0,,,,,,,,,,,,used,,,,20260905-0028,False,results-2026-09/exp1/experiment1_tightness.csv,3274060.0,88904.0,results-2026-09/exp1/experiment1_tightness.csv,True
2026-09-05 02:02:48,EHAUSM-R,C8T1S5I8N5K,3,3,0.0002,0.0,0.2,38016389,37704,48,976,1025,0,0,0,2977067,29682,2896039,0,0.296094,0.0,0.0,2428,0,559.12,0,0,0,0,SUCCESS,0.0,0.0,,,,,,,,,,,,used,,,,20260905-0028,False,results-2026-09/exp1/experiment1_tightness.csv,2977067.0,81028.0,results-2026-09/exp1/experiment1_tightness.csv,True
2026-09-05 02:02:50,EHAUSM-R,C8T1S5I8N5K,4,3,0.0002,0.0,0.2,47416411,47133,55,1238,1294,0,0,0,3020056,30941,2941503,0,0.29758,0.0,0.0,2623,0,1357.72,0,0,0,0,SUCCESS,0.0,0.0,,,,,,,,,,,,used,,,,20260905-0028,False,results-2026-09/exp1/experiment1_tightness.csv,3020056.0,78553.0,results-2026-09/exp1/experiment1_tightness.csv,True
2026-09-05 02:02:51,EHAUSM-R,C8T1S5I8N5K,0,4,0.0002,0.0,0.2,9488004,9426,23,553,576,0,0,0,4135232,15686,3992155,0,0.308031,0.0,0.0,6078,0,750.37,0,0,0,0,SUCCESS,0.0,0.0,,,,,,,,,,,,used,,,,20260905-0028,False,results-2026-09/exp1/experiment1_tightness.csv,4135232.0,143077.0,results-2026-09/exp1/experiment1_tightness.csv,True
2026-09-05 02:02:52,EHAUSM-R,C8T1S5I8N5K,1,4,0.0002,0.0,0.2,18951306,18852,24,675,700,0,0,0,3362678,23506,3264598,0,0.318953,0.0,0.0,4680,0,505.89,0,0,0,0,SUCCESS,0.0,0.0,,,,,,,,,,,,used,,,,20260905-0028,False,results-2026-09/exp1/experiment1_tightness.csv,3362678.0,98080.0,results-2026-09/exp1/experiment1_tightness.csv,True
2026-09-05 02:02:53,EHAUSM-R,C8T1S5I8N5K,2,4,0.0002,0.0,0.2,28544670,28278,36,917,953,0,0,0,3274060,27246,3185156,0,0.304781,0.0,0.0,3088,0,432.41,0,0,0,0,SUCCESS,0.0,0.0,,,,,,,,,,,,used,,,,20260905-0028,False,results-2026-09/exp1/experiment1_tightness.csv,3274060.0,88904.0,results-2026-09/exp1/experiment1_tightness.csv,True
2026-09-05 02:02:54,EHAUSM-R,C8T1S5I8N5K,3,4,0.0002,0.0,0.2,38016389,37704,48,981,1029,0,0,0,2977067,29682,2896039,0,0.296094,0.0,0.0,2428,0,570.75,0,0,0,0,SUCCESS,0.0,0.0,,,,,,,,,,,,used,,,,20260905-0028,False,results-2026-09/exp1/experiment1_tightness.csv,2977067.0,81028.0,results-2026-09/exp1/experiment1_tightness.csv,True
2026-09-05 02:02:56,EHAUSM-R,C8T1S5I8N5K,4,4,0.0002,0.0,0.2,47416411,47133,55,1248,1303,0,0,0,3020056,30941,2941503,0,0.29758,0.0,0.0,2623,0,1353.47,0,0,0,0,SUCCESS,0.0,0.0,,,,,,,,,,,,used,,,,20260905-0028,False,results-2026-09/exp1/experiment1_tightness.csv,3020056.0,78553.0,results-2026-09/exp1/experiment1_tightness.csv,True
2026-09-05 02:02:57,EHAUSM-R,C8T1S5I8N5K,0,5,0.0002,0.0,0.2,9488004,9426,24,557,581,0,0,0,4135232,15686,3992155,0,0.308031,0.0,0.0,6078,0,750.19,0,0,0,0,SUCCESS,0.0,0.0,,,,,,,,,,,,used,,,,20260905-0028,False,results-2026-09/exp1/experiment1_tightness.csv,4135232.0,143077.0,results-2026-09/exp1/experiment1_tightness.csv,True
2026-09-05 02:02:58,EHAUSM-R,C8T1S5I8N5K,1,5,0.0002,0.0,0.2,18951306,18852,24,676,700,0,0,0,3362678,23506,3264598,0,0.318953,0.0,0.0,4680,0,505.91,0,0,0,0,SUCCESS,0.0,0.0,,,,,,,,,,,,used,,,,20260905-0028,False,results-2026-09/exp1/experiment1_tightness.csv,3362678.0,98080.0,results-2026-09/exp1/experiment1_tightness.csv,True
2026-09-05 02:02:59,EHAUSM-R,C8T1S5I8N5K,2,5,0.0002,0.0,0.2,28544670,28278,35,915,950,0,0,0,3274060,27246,3185156,0,0.304781,0.0,0.0,3088,0,432.26,0,0,0,0,SUCCESS,0.0,0.0,,,,,,,,,,,,used,,,,20260905-0028,False,results-2026-09/exp1/experiment1_tightness.csv,3274060.0,88904.0,results-2026-09/exp1/experiment1_tightness.csv,True
2026-09-05 02:03:00,EHAUSM-R,C8T1S5I8N5K,3,5,0.0002,0.0,0.2,38016389,37704,47,980,1028,0,0,0,2977067,29682,2896039,0,0.296094,0.0,0.0,2428,0,560.8,0,0,0,0,SUCCESS,0.0,0.0,,,,,,,,,,,,used,,,,20260905-0028,False,results-2026-09/exp1/experiment1_tightness.csv,2977067.0,81028.0,results-2026-09/exp1/experiment1_tightness.csv,True
2026-09-05 02:03:02,EHAUSM-R,C8T1S5I8N5K,4,5,0.0002,0.0,0.2,47416411,47133,55,1248,1304,0,0,0,3020056,30941,2941503,0,0.29758,0.0,0.0,2623,0,1358.99,0,0,0,0,SUCCESS,0.0,0.0,,,,,,,,,,,,used,,,,20260905-0028,False,results-2026-09/exp1/experiment1_tightness.csv,3020056.0,78553.0,results-2026-09/exp1/experiment1_tightness.csv,True
2026-09-05 02:03:03,EHAUSM-R,C8T1S5I8N5K,0,6,0.0002,0.0,0.2,9488004,9426,23,555,579,0,0,0,4135232,15686,3992155,0,0.308031,0.0,0.0,6078,0,750.34,0,0,0,0,SUCCESS,0.0,0.0,,,,,,,,,,,,used,,,,20260905-0028,False,results-2026-09/exp1/experiment1_tightness.csv,4135232.0,143077.0,results-2026-09/exp1/experiment1_tightness.csv,True
2026-09-05 02:03:04,EHAUSM-R,C8T1S5I8N5K,1,6,0.0002,0.0,0.2,18951306,18852,24,675,699,0,0,0,3362678,23506,3264598,0,0.318953,0.0,0.0,4680,0,504.87,0,0,0,0,SUCCESS,0.0,0.0,,,,,,,,,,,,used,,,,20260905-0028,False,results-2026-09/exp1/experiment1_tightness.csv,3362678.0,98080.0,results-2026-09/exp1/experiment1_tightness.csv,True
2026-09-05 02:03:05,EHAUSM-R,C8T1S5I8N5K,2,6,0.0002,0.0,0.2,28544670,28278,35,912,948,0,0,0,3274060,27246,3185156,0,0.304781,0.0,0.0,3088,0,431.57,0,0,0,0,SUCCESS,0.0,0.0,,,,,,,,,,,,used,,,,20260905-0028,False,results-2026-09/exp1/experiment1_tightness.csv,3274060.0,88904.0,results-2026-09/exp1/experiment1_tightness.csv,True
2026-09-05 02:03:06,EHAUSM-R,C8T1S5I8N5K,3,6,0.0002,0.0,0.2,38016389,37704,47,979,1027,0,0,0,2977067,29682,2896039,0,0.296094,0.0,0.0,2428,0,570.61,0,0,0,0,SUCCESS,0.0,0.0,,,,,,,,,,,,used,,,,20260905-0028,False,results-2026-09/exp1/experiment1_tightness.csv,2977067.0,81028.0,results-2026-09/exp1/experiment1_tightness.csv,True
2026-09-05 02:03:08,EHAUSM-R,C8T1S5I8N5K,4,6,0.0002,0.0,0.2,47416411,47133,55,1247,1302,0,0,0,3020056,30941,2941503,0,0.29758,0.0,0.0,2623,0,1353.83,0,0,0,0,SUCCESS,0.0,0.0,,,,,,,,,,,,used,,,,20260905-0028,False,results-2026-09/exp1/experiment1_tightness.csv,3020056.0,78553.0,results-2026-09/exp1/experiment1_tightness.csv,True
2026-09-05 02:03:09,EHAUSM-R,C8T1S5I8N5K,0,7,0.0002,0.0,0.2,9488004,9426,23,558,581,0,0,0,4135232,15686,3992155,0,0.308031,0.0,0.0,6078,0,750.48,0,0,0,0,SUCCESS,0.0,0.0,,,,,,,,,,,,used,,,,20260905-0028,False,results-2026-09/exp1/experiment1_tightness.csv,4135232.0,143077.0,results-2026-09/exp1/experiment1_tightness.csv,True
2026-09-05 02:03:10,EHAUSM-R,C8T1S5I8N5K,1,7,0.0002,0.0,0.2,18951306,18852,24,675,699,0,0,0,3362678,23506,3264598,0,0.318953,0.0,0.0,4680,0,505.57,0,0,0,0,SUCCESS,0.0,0.0,,,,,,,,,,,,used,,,,20260905-0028,False,results-2026-09/exp1/experiment1_tightness.csv,3362678.0,98080.0,results-2026-09/exp1/experiment1_tightness.csv,True
2026-09-05 02:03:11,EHAUSM-R,C8T1S5I8N5K,2,7,0.0002,0.0,0.2,28544670,28278,35,918,954,0,0,0,3274060,27246,3185156,0,0.304781,0.0,0.0,3088,0,430.79,0,0,0,0,SUCCESS,0.0,0.0,,,,,,,,,,,,used,,,,20260905-0028,False,results-2026-09/exp1/experiment1_tightness.csv,3274060.0,88904.0,results-2026-09/exp1/experiment1_tightness.csv,True
2026-09-05 02:03:12,EHAUSM-R,C8T1S5I8N5K,3,7,0.0002,0.0,0.2,38016389,37704,49,973,1022,0,0,0,2977067,29682,2896039,0,0.296094,0.0,0.0,2428,0,569.68,0,0,0,0,SUCCESS,0.0,0.0,,,,,,,,,,,,used,,,,20260905-0028,False,results-2026-09/exp1/experiment1_tightness.csv,2977067.0,81028.0,results-2026-09/exp1/experiment1_tightness.csv,True
2026-09-05 02:03:14,EHAUSM-R,C8T1S5I8N5K,4,7,0.0002,0.0,0.2,47416411,47133,54,1237,1291,0,0,0,3020056,30941,2941503,0,0.29758,0.0,0.0,2623,0,1357.82,0,0,0,0,SUCCESS,0.0,0.0,,,,,,,,,,,,used,,,,20260905-0028,False,results-2026-09/exp1/experiment1_tightness.csv,3020056.0,78553.0,results-2026-09/exp1/experiment1_tightness.csv,True
2026-09-05 02:03:15,EHAUSM-R,C8T1S5I8N5K,0,8,0.0002,0.0,0.2,9488004,9426,23,559,583,0,0,0,4135232,15686,3992155,0,0.308031,0.0,0.0,6078,0,750.45,0,0,0,0,SUCCESS,0.0,0.0,,,,,,,,,,,,used,,,,20260905-0028,False,results-2026-09/exp1/experiment1_tightness.csv,4135232.0,143077.0,results-2026-09/exp1/experiment1_tightness.csv,True
2026-09-05 02:03:16,EHAUSM-R,C8T1S5I8N5K,1,8,0.0002,0.0,0.2,18951306,18852,25,677,703,0,0,0,3362678,23506,3264598,0,0.318953,0.0,0.0,4680,0,505.24,0,0,0,0,SUCCESS,0.0,0.0,,,,,,,,,,,,used,,,,20260905-0028,False,results-2026-09/exp1/experiment1_tightness.csv,3362678.0,98080.0,results-2026-09/exp1/experiment1_tightness.csv,True
2026-09-05 02:03:17,EHAUSM-R,C8T1S5I8N5K,2,8,0.0002,0.0,0.2,28544670,28278,36,914,950,0,0,0,3274060,27246,3185156,0,0.304781,0.0,0.0,3088,0,431.76,0,0,0,0,SUCCESS,0.0,0.0,,,,,,,,,,,,used,,,,20260905-0028,False,results-2026-09/exp1/experiment1_tightness.csv,3274060.0,88904.0,results-2026-09/exp1/experiment1_tightness.csv,True
2026-09-05 02:03:18,EHAUSM-R,C8T1S5I8N5K,3,8,0.0002,0.0,0.2,38016389,37704,48,977,1026,0,0,0,2977067,29682,2896039,0,0.296094,0.0,0.0,2428,0,570.31,0,0,0,0,SUCCESS,0.0,0.0,,,,,,,,,,,,used,,,,20260905-0028,False,results-2026-09/exp1/experiment1_tightness.csv,2977067.0,81028.0,results-2026-09/exp1/experiment1_tightness.csv,True
2026-09-05 02:03:20,EHAUSM-R,C8T1S5I8N5K,4,8,0.0002,0.0,0.2,47416411,47133,56,1246,1303,0,0,0,3020056,30941,2941503,0,0.29758,0.0,0.0,2623,0,1352.91,0,0,0,0,SUCCESS,0.0,0.0,,,,,,,,,,,,used,,,,20260905-0028,False,results-2026-09/exp1/experiment1_tightness.csv,3020056.0,78553.0,results-2026-09/exp1/experiment1_tightness.csv,True
2026-09-05 02:03:21,EHAUSM-R,C8T1S5I8N5K,0,9,0.0002,0.0,0.2,9488004,9426,22,556,579,0,0,0,4135232,15686,3992155,0,0.308031,0.0,0.0,6078,0,750.11,0,0,0,0,SUCCESS,0.0,0.0,,,,,,,,,,,,used,,,,20260905-0028,False,results-2026-09/exp1/experiment1_tightness.csv,4135232.0,143077.0,results-2026-09/exp1/experiment1_tightness.csv,True
2026-09-05 02:03:22,EHAUSM-R,C8T1S5I8N5K,1,9,0.0002,0.0,0.2,18951306,18852,24,676,700,0,0,0,3362678,23506,3264598,0,0.318953,0.0,0.0,4680,0,505.53,0,0,0,0,SUCCESS,0.0,0.0,,,,,,,,,,,,used,,,,20260905-0028,False,results-2026-09/exp1/experiment1_tightness.csv,3362678.0,98080.0,results-2026-09/exp1/experiment1_tightness.csv,True
2026-09-05 02:03:23,EHAUSM-R,C8T1S5I8N5K,2,9,0.0002,0.0,0.2,28544670,28278,35,915,951,0,0,0,3274060,27246,3185156,0,0.304781,0.0,0.0,3088,0,430.78,0,0,0,0,SUCCESS,0.0,0.0,,,,,,,,,,,,used,,,,20260905-0028,False,results-2026-09/exp1/experiment1_tightness.csv,3274060.0,88904.0,results-2026-09/exp1/experiment1_tightness.csv,True
2026-09-05 02:03:24,EHAUSM-R,C8T1S5I8N5K,3,9,0.0002,0.0,0.2,38016389,37704,48,978,1027,0,0,0,2977067,29682,2896039,0,0.296094,0.0,0.0,2428,0,569.98,0,0,0,0,SUCCESS,0.0,0.0,,,,,,,,,,,,used,,,,20260905-0028,False,results-2026-09/exp1/experiment1_tightness.csv,2977067.0,81028.0,results-2026-09/exp1/experiment1_tightness.csv,True
2026-09-05 02:03:26,EHAUSM-R,C8T1S5I8N5K,4,9,0.0002,0.0,0.2,47416411,47133,55,1244,1299,0,0,0,3020056,30941,2941503,0,0.29758,0.0,0.0,2623,0,1357.75,0,0,0,0,SUCCESS,0.0,0.0,,,,,,,,,,,,used,,,,20260905-0028,False,results-2026-09/exp1/experiment1_tightness.csv,3020056.0,78553.0,results-2026-09/exp1/experiment1_tightness.csv,True
2026-09-05 02:03:27,EHAUSM-I,C8T1S5I8N5K,0,0,0.0002,0.0,0.2,9488004,9426,111,824,936,0,0,0,4135232,15686,3992155,0,0.468141,0.0,0.0,6078,0,437.8,0,0,0,0,SUCCESS,0.0,1.0,,,,,,,,,,,,used,,,,20260905-0028,False,results-2026-09/exp1/experiment1_tightness.csv,4135232.0,143077.0,results-2026-09/exp1/experiment1_tightness.csv,True
2026-09-05 02:03:29,EHAUSM-I,C8T1S5I8N5K,1,0,0.0002,0.0,0.2,18951306,18852,25,909,935,0,0,0,2897595,23506,2799515,0,0.465351,0.0,0.0,4680,0,1242.3,0,0,0,0,SUCCESS,0.0,1.0,,,,,,,,,,,,used,,,,20260905-0028,False,results-2026-09/exp1/experiment1_tightness.csv,2897595.0,98080.0,results-2026-09/exp1/experiment1_tightness.csv,True
2026-09-05 02:03:30,EHAUSM-I,C8T1S5I8N5K,2,0,0.0002,0.0,0.2,28544670,28278,30,1017,1047,0,0,0,2568198,27246,2479294,0,0.444687,0.0,0.0,3088,0,1534.4,0,0,0,0,SUCCESS,0.0,1.0,,,,,,,,,,,,used,,,,20260905-0028,False,results-2026-09/exp1/experiment1_tightness.csv,2568198.0,88904.0,results-2026-09/exp1/experiment1_tightness.csv,True
2026-09-05 02:03:31,EHAUSM-I,C8T1S5I8N5K,3,0,0.0002,0.0,0.2,38016389,37704,37,1086,1123,0,0,0,1943701,29682,1862673,0,0.427942,0.0,0.0,2428,0,1202.71,0,0,0,0,SUCCESS,0.0,1.0,,,,,,,,,,,,used,,,,20260905-0028,False,results-2026-09/exp1/experiment1_tightness.csv,1943701.0,81028.0,results-2026-09/exp1/experiment1_tightness.csv,True
2026-09-05 02:03:33,EHAUSM-I,C8T1S5I8N5K,4,0,0.0002,0.0,0.2,47416411,47133,42,1308,1351,0,0,0,2031333,30941,1952780,0,0.43251,0.0,0.0,2623,0,1362.78,0,0,0,0,SUCCESS,0.0,1.0,,,,,,,,,,,,used,,,,20260905-0028,False,results-2026-09/exp1/experiment1_tightness.csv,2031333.0,78553.0,results-2026-09/exp1/experiment1_tightness.csv,True
2026-09-05 02:03:34,EHAUSM-I,C8T1S5I8N5K,0,1,0.0002,0.0,0.2,9488004,9426,40,741,782,0,0,0,4135232,15686,3992155,0,0.468141,0.0,0.0,6078,0,638.67,0,0,0,0,SUCCESS,0.0,1.0,,,,,,,,,,,,used,,,,20260905-0028,False,results-2026-09/exp1/experiment1_tightness.csv,4135232.0,143077.0,results-2026-09/exp1/experiment1_tightness.csv,True
2026-09-05 02:03:35,EHAUSM-I,C8T1S5I8N5K,1,1,0.0002,0.0,0.2,18951306,18852,25,844,869,0,0,0,2897595,23506,2799515,0,0.465351,0.0,0.0,4680,0,1214.95,0,0,0,0,SUCCESS,0.0,1.0,,,,,,,,,,,,used,,,,20260905-0028,False,results-2026-09/exp1/experiment1_tightness.csv,2897595.0,98080.0,results-2026-09/exp1/experiment1_tightness.csv,True
2026-09-05 02:03:37,EHAUSM-I,C8T1S5I8N5K,2,1,0.0002,0.0,0.2,28544670,28278,30,1011,1042,0,0,0,2568198,27246,2479294,0,0.444687,0.0,0.0,3088,0,1379.15,0,0,0,0,SUCCESS,0.0,1.0,,,,,,,,,,,,used,,,,20260905-0028,False,results-2026-09/exp1/experiment1_tightness.csv,2568198.0,88904.0,results-2026-09/exp1/experiment1_tightness.csv,True
2026-09-05 02:03:38,EHAUSM-I,C8T1S5I8N5K,3,1,0.0002,0.0,0.2,38016389,37704,35,1084,1119,0,0,0,1943701,29682,1862673,0,0.427942,0.0,0.0,2428,0,1118.71,0,0,0,0,SUCCESS,0.0,1.0,,,,,,,,,,,,used,,,,20260905-0028,False,results-2026-09/exp1/experiment1_tightness.csv,1943701.0,81028.0,results-2026-09/exp1/experiment1_tightness.csv,True
2026-09-05 02:03:40,EHAUSM-I,C8T1S5I8N5K,4,1,0.0002,0.0,0.2,47416411,47133,40,1312,1353,0,0,0,2031333,30941,1952780,0,0.43251,0.0,0.0,2623,0,1426.71,0,0,0,0,SUCCESS,0.0,1.0,,,,,,,,,,,,used,,,,20260905-0028,False,results-2026-09/exp1/experiment1_tightness.csv,2031333.0,78553.0,results-2026-09/exp1/experiment1_tightness.csv,True
2026-09-05 02:03:41,EHAUSM-I,C8T1S5I8N5K,0,2,0.0002,0.0,0.2,9488004,9426,42,723,766,0,0,0,4135232,15686,3992155,0,0.468141,0.0,0.0,6078,0,961.18,0,0,0,0,SUCCESS,0.0,1.0,,,,,,,,,,,,used,,,,20260905-0028,False,results-2026-09/exp1/experiment1_tightness.csv,4135232.0,143077.0,results-2026-09/exp1/experiment1_tightness.csv,True
2026-09-05 02:03:42,EHAUSM-I,C8T1S5I8N5K,1,2,0.0002,0.0,0.2,18951306,18852,26,915,942,0,0,0,2897595,23506,2799515,0,0.465351,0.0,0.0,4680,0,883.69,0,0,0,0,SUCCESS,0.0,1.0,,,,,,,,,,,,used,,,,20260905-0028,False,results-2026-09/exp1/experiment1_tightness.csv,2897595.0,98080.0,results-2026-09/exp1/experiment1_tightness.csv,True
2026-09-05 02:03:44,EHAUSM-I,C8T1S5I8N5K,2,2,0.0002,0.0,0.2,28544670,28278,30,1034,1064,0,0,0,2568198,27246,2479294,0,0.444687,0.0,0.0,3088,0,1722.65,0,0,0,0,SUCCESS,0.0,1.0,,,,,,,,,,,,used,,,,20260905-0028,False,results-2026-09/exp1/experiment1_tightness.csv,2568198.0,88904.0,results-2026-09/exp1/experiment1_tightness.csv,True
2026-09-05 02:03:45,EHAUSM-I,C8T1S5I8N5K,3,2,0.0002,0.0,0.2,38016389,37704,35,1086,1121,0,0,0,1943701,29682,1862673,0,0.427942,0.0,0.0,2428,0,1159.8,0,0,0,0,SUCCESS,0.0,1.0,,,,,,,,,,,,used,,,,20260905-0028,False,results-2026-09/exp1/experiment1_tightness.csv,1943701.0,81028.0,results-2026-09/exp1/experiment1_tightness.csv,True
2026-09-05 02:03:47,EHAUSM-I,C8T1S5I8N5K,4,2,0.0002,0.0,0.2,47416411,47133,42,1312,1355,0,0,0,2031333,30941,1952780,0,0.43251,0.0,0.0,2623,0,1351.87,0,0,0,0,SUCCESS,0.0,1.0,,,,,,,,,,,,used,,,,20260905-0028,False,results-2026-09/exp1/experiment1_tightness.csv,2031333.0,78553.0,results-2026-09/exp1/experiment1_tightness.csv,True
2026-09-05 02:03:48,EHAUSM-I,C8T1S5I8N5K,0,3,0.0002,0.0,0.2,9488004,9426,41,739,781,0,0,0,4135232,15686,3992155,0,0.468141,0.0,0.0,6078,0,623.27,0,0,0,0,SUCCESS,0.0,1.0,,,,,,,,,,,,used,,,,20260905-0028,False,results-2026-09/exp1/experiment1_tightness.csv,4135232.0,143077.0,results-2026-09/exp1/experiment1_tightness.csv,True
2026-09-05 02:03:49,EHAUSM-I,C8T1S5I8N5K,1,3,0.0002,0.0,0.2,18951306,18852,25,856,883,0,0,0,2897595,23506,2799515,0,0.465351,0.0,0.0,4680,0,1312.66,0,0,0,0,SUCCESS,0.0,1.0,,,,,,,,,,,,used,,,,20260905-0028,False,results-2026-09/exp1/experiment1_tightness.csv,2897595.0,98080.0,results-2026-09/exp1/experiment1_tightness.csv,True
2026-09-05 02:03:50,EHAUSM-I,C8T1S5I8N5K,2,3,0.0002,0.0,0.2,28544670,28278,29,1016,1046,0,0,0,2568198,27246,2479294,0,0.444687,0.0,0.0,3088,0,1469.94,0,0,0,0,SUCCESS,0.0,1.0,,,,,,,,,,,,used,,,,20260905-0028,False,results-2026-09/exp1/experiment1_tightness.csv,2568198.0,88904.0,results-2026-09/exp1/experiment1_tightness.csv,True
2026-09-05 02:03:52,EHAUSM-I,C8T1S5I8N5K,3,3,0.0002,0.0,0.2,38016389,37704,38,1085,1123,0,0,0,1943701,29682,1862673,0,0.427942,0.0,0.0,2428,0,1139.88,0,0,0,0,SUCCESS,0.0,1.0,,,,,,,,,,,,used,,,,20260905-0028,False,results-2026-09/exp1/experiment1_tightness.csv,1943701.0,81028.0,results-2026-09/exp1/experiment1_tightness.csv,True
2026-09-05 02:03:53,EHAUSM-I,C8T1S5I8N5K,4,3,0.0002,0.0,0.2,47416411,47133,42,1308,1351,0,0,0,2031333,30941,1952780,0,0.43251,0.0,0.0,2623,0,1370.58,0,0,0,0,SUCCESS,0.0,1.0,,,,,,,,,,,,used,,,,20260905-0028,False,results-2026-09/exp1/experiment1_tightness.csv,2031333.0,78553.0,results-2026-09/exp1/experiment1_tightness.csv,True
2026-09-05 02:03:55,EHAUSM-I,C8T1S5I8N5K,0,4,0.0002,0.0,0.2,9488004,9426,42,728,770,0,0,0,4135232,15686,3992155,0,0.468141,0.0,0.0,6078,0,385.85,0,0,0,0,SUCCESS,0.0,1.0,,,,,,,,,,,,used,,,,20260905-0028,False,results-2026-09/exp1/experiment1_tightness.csv,4135232.0,143077.0,results-2026-09/exp1/experiment1_tightness.csv,True
2026-09-05 02:03:56,EHAUSM-I,C8T1S5I8N5K,1,4,0.0002,0.0,0.2,18951306,18852,26,854,881,0,0,0,2897595,23506,2799515,0,0.465351,0.0,0.0,4680,0,1310.29,0,0,0,0,SUCCESS,0.0,1.0,,,,,,,,,,,,used,,,,20260905-0028,False,results-2026-09/exp1/experiment1_tightness.csv,2897595.0,98080.0,results-2026-09/exp1/experiment1_tightness.csv,True
2026-09-05 02:03:57,EHAUSM-I,C8T1S5I8N5K,2,4,0.0002,0.0,0.2,28544670,28278,31,1011,1042,0,0,0,2568198,27246,2479294,0,0.444687,0.0,0.0,3088,0,1350.93,0,0,0,0,SUCCESS,0.0,1.0,,,,,,,,,,,,used,,,,20260905-0028,False,results-2026-09/exp1/experiment1_tightness.csv,2568198.0,88904.0,results-2026-09/exp1/experiment1_tightness.csv,True
2026-09-05 02:03:59,EHAUSM-I,C8T1S5I8N5K,3,4,0.0002,0.0,0.2,38016389,37704,36,1091,1128,0,0,0,1943701,29682,1862673,0,0.427942,0.0,0.0,2428,0,1190.13,0,0,0,0,SUCCESS,0.0,1.0,,,,,,,,,,,,used,,,,20260905-0028,False,results-2026-09/exp1/experiment1_tightness.csv,1943701.0,81028.0,results-2026-09/exp1/experiment1_tightness.csv,True
2026-09-05 02:04:00,EHAUSM-I,C8T1S5I8N5K,4,4,0.0002,0.0,0.2,47416411,47133,43,1316,1360,0,0,0,2031333,30941,1952780,0,0.43251,0.0,0.0,2623,0,1366.62,0,0,0,0,SUCCESS,0.0,1.0,,,,,,,,,,,,used,,,,20260905-0028,False,results-2026-09/exp1/experiment1_tightness.csv,2031333.0,78553.0,results-2026-09/exp1/experiment1_tightness.csv,True
2026-09-05 02:04:02,EHAUSM-I,C8T1S5I8N5K,0,5,0.0002,0.0,0.2,9488004,9426,42,722,765,0,0,0,4135232,15686,3992155,0,0.468141,0.0,0.0,6078,0,947.46,0,0,0,0,SUCCESS,0.0,1.0,,,,,,,,,,,,used,,,,20260905-0028,False,results-2026-09/exp1/experiment1_tightness.csv,4135232.0,143077.0,results-2026-09/exp1/experiment1_tightness.csv,True
2026-09-05 02:04:03,EHAUSM-I,C8T1S5I8N5K,1,5,0.0002,0.0,0.2,18951306,18852,26,910,937,0,0,0,2897595,23506,2799515,0,0.465351,0.0,0.0,4680,0,778.73,0,0,0,0,SUCCESS,0.0,1.0,,,,,,,,,,,,used,,,,20260905-0028,False,results-2026-09/exp1/experiment1_tightness.csv,2897595.0,98080.0,results-2026-09/exp1/experiment1_tightness.csv,True
2026-09-05 02:04:04,EHAUSM-I,C8T1S5I8N5K,2,5,0.0002,0.0,0.2,28544670,28278,30,1043,1074,0,0,0,2568198,27246,2479294,0,0.444687,0.0,0.0,3088,0,1805.2,0,0,0,0,SUCCESS,0.0,1.0,,,,,,,,,,,,used,,,,20260905-0028,False,results-2026-09/exp1/experiment1_tightness.csv,2568198.0,88904.0,results-2026-09/exp1/experiment1_tightness.csv,True
2026-09-05 02:04:06,EHAUSM-I,C8T1S5I8N5K,3,5,0.0002,0.0,0.2,38016389,37704,36,1091,1128,0,0,0,1943701,29682,1862673,0,0.427942,0.0,0.0,2428,0,1098.69,0,0,0,0,SUCCESS,0.0,1.0,,,,,,,,,,,,used,,,,20260905-0028,False,results-2026-09/exp1/experiment1_tightness.csv,1943701.0,81028.0,results-2026-09/exp1/experiment1_tightness.csv,True
2026-09-05 02:04:07,EHAUSM-I,C8T1S5I8N5K,4,5,0.0002,0.0,0.2,47416411,47133,42,1311,1354,0,0,0,2031333,30941,1952780,0,0.43251,0.0,0.0,2623,0,1354.77,0,0,0,0,SUCCESS,0.0,1.0,,,,,,,,,,,,used,,,,20260905-0028,False,results-2026-09/exp1/experiment1_tightness.csv,2031333.0,78553.0,results-2026-09/exp1/experiment1_tightness.csv,True
2026-09-05 02:04:09,EHAUSM-I,C8T1S5I8N5K,0,6,0.0002,0.0,0.2,9488004,9426,42,724,766,0,0,0,4135232,15686,3992155,0,0.468141,0.0,0.0,6078,0,962.24,0,0,0,0,SUCCESS,0.0,1.0,,,,,,,,,,,,used,,,,20260905-0028,False,results-2026-09/exp1/experiment1_tightness.csv,4135232.0,143077.0,results-2026-09/exp1/experiment1_tightness.csv,True
2026-09-05 02:04:10,EHAUSM-I,C8T1S5I8N5K,1,6,0.0002,0.0,0.2,18951306,18852,26,913,940,0,0,0,2897595,23506,2799515,0,0.465351,0.0,0.0,4680,0,883.21,0,0,0,0,SUCCESS,0.0,1.0,,,,,,,,,,,,used,,,,20260905-0028,False,results-2026-09/exp1/experiment1_tightness.csv,2897595.0,98080.0,results-2026-09/exp1/experiment1_tightness.csv,True
2026-09-05 02:04:11,EHAUSM-I,C8T1S5I8N5K,2,6,0.0002,0.0,0.2,28544670,28278,32,1036,1068,0,0,0,2568198,27246,2479294,0,0.444687,0.0,0.0,3088,0,1717.2,0,0,0,0,SUCCESS,0.0,1.0,,,,,,,,,,,,used,,,,20260905-0028,False,results-2026-09/exp1/experiment1_tightness.csv,2568198.0,88904.0,results-2026-09/exp1/experiment1_tightness.csv,True
2026-09-05 02:04:12,EHAUSM-I,C8T1S5I8N5K,3,6,0.0002,0.0,0.2,38016389,37704,36,1088,1125,0,0,0,1943701,29682,1862673,0,0.427942,0.0,0.0,2428,0,1152.09,0,0,0,0,SUCCESS,0.0,1.0,,,,,,,,,,,,used,,,,20260905-0028,False,results-2026-09/exp1/experiment1_tightness.csv,1943701.0,81028.0,results-2026-09/exp1/experiment1_tightness.csv,True
2026-09-05 02:04:14,EHAUSM-I,C8T1S5I8N5K,4,6,0.0002,0.0,0.2,47416411,47133,41,1317,1359,0,0,0,2031333,30941,1952780,0,0.43251,0.0,0.0,2623,0,1430.41,0,0,0,0,SUCCESS,0.0,1.0,,,,,,,,,,,,used,,,,20260905-0028,False,results-2026-09/exp1/experiment1_tightness.csv,2031333.0,78553.0,results-2026-09/exp1/experiment1_tightness.csv,True
2026-09-05 02:04:15,EHAUSM-I,C8T1S5I8N5K,0,7,0.0002,0.0,0.2,9488004,9426,40,741,781,0,0,0,4135232,15686,3992155,0,0.468141,0.0,0.0,6078,0,637.78,0,0,0,0,SUCCESS,0.0,1.0,,,,,,,,,,,,used,,,,20260905-0028,False,results-2026-09/exp1/experiment1_tightness.csv,4135232.0,143077.0,results-2026-09/exp1/experiment1_tightness.csv,True
2026-09-05 02:04:17,EHAUSM-I,C8T1S5I8N5K,1,7,0.0002,0.0,0.2,18951306,18852,25,845,871,0,0,0,2897595,23506,2799515,0,0.465351,0.0,0.0,4680,0,1215.08,0,0,0,0,SUCCESS,0.0,1.0,,,,,,,,,,,,used,,,,20260905-0028,False,results-2026-09/exp1/experiment1_tightness.csv,2897595.0,98080.0,results-2026-09/exp1/experiment1_tightness.csv,True
2026-09-05 02:04:18,EHAUSM-I,C8T1S5I8N5K,2,7,0.0002,0.0,0.2,28544670,28278,30,1017,1048,0,0,0,2568198,27246,2479294,0,0.444687,0.0,0.0,3088,0,1439.06,0,0,0,0,SUCCESS,0.0,1.0,,,,,,,,,,,,used,,,,20260905-0028,False,results-2026-09/exp1/experiment1_tightness.csv,2568198.0,88904.0,results-2026-09/exp1/experiment1_tightness.csv,True
2026-09-05 02:04:19,EHAUSM-I,C8T1S5I8N5K,3,7,0.0002,0.0,0.2,38016389,37704,37,1087,1125,0,0,0,1943701,29682,1862673,0,0.427942,0.0,0.0,2428,0,1118.63,0,0,0,0,SUCCESS,0.0,1.0,,,,,,,,,,,,used,,,,20260905-0028,False,results-2026-09/exp1/experiment1_tightness.csv,1943701.0,81028.0,results-2026-09/exp1/experiment1_tightness.csv,True
2026-09-05 02:04:21,EHAUSM-I,C8T1S5I8N5K,4,7,0.0002,0.0,0.2,47416411,47133,43,1311,1354,0,0,0,2031333,30941,1952780,0,0.43251,0.0,0.0,2623,0,1360.29,0,0,0,0,SUCCESS,0.0,1.0,,,,,,,,,,,,used,,,,20260905-0028,False,results-2026-09/exp1/experiment1_tightness.csv,2031333.0,78553.0,results-2026-09/exp1/experiment1_tightness.csv,True
2026-09-05 02:04:22,EHAUSM-I,C8T1S5I8N5K,0,8,0.0002,0.0,0.2,9488004,9426,43,723,767,0,0,0,4135232,15686,3992155,0,0.468141,0.0,0.0,6078,0,960.8,0,0,0,0,SUCCESS,0.0,1.0,,,,,,,,,,,,used,,,,20260905-0028,False,results-2026-09/exp1/experiment1_tightness.csv,4135232.0,143077.0,results-2026-09/exp1/experiment1_tightness.csv,True
2026-09-05 02:04:23,EHAUSM-I,C8T1S5I8N5K,1,8,0.0002,0.0,0.2,18951306,18852,25,910,936,0,0,0,2897595,23506,2799515,0,0.465351,0.0,0.0,4680,0,881.08,0,0,0,0,SUCCESS,0.0,1.0,,,,,,,,,,,,used,,,,20260905-0028,False,results-2026-09/exp1/experiment1_tightness.csv,2897595.0,98080.0,results-2026-09/exp1/experiment1_tightness.csv,True
2026-09-05 02:04:25,EHAUSM-I,C8T1S5I8N5K,2,8,0.0002,0.0,0.2,28544670,28278,31,1041,1072,0,0,0,2568198,27246,2479294,0,0.444687,0.0,0.0,3088,0,1810.61,0,0,0,0,SUCCESS,0.0,1.0,,,,,,,,,,,,used,,,,20260905-0028,False,results-2026-09/exp1/experiment1_tightness.csv,2568198.0,88904.0,results-2026-09/exp1/experiment1_tightness.csv,True
2026-09-05 02:04:26,EHAUSM-I,C8T1S5I8N5K,3,8,0.0002,0.0,0.2,38016389,37704,37,1091,1129,0,0,0,1943701,29682,1862673,0,0.427942,0.0,0.0,2428,0,1170.49,0,0,0,0,SUCCESS,0.0,1.0,,,,,,,,,,,,used,,,,20260905-0028,False,results-2026-09/exp1/experiment1_tightness.csv,1943701.0,81028.0,results-2026-09/exp1/experiment1_tightness.csv,True
2026-09-05 02:04:28,EHAUSM-I,C8T1S5I8N5K,4,8,0.0002,0.0,0.2,47416411,47133,42,1319,1361,0,0,0,2031333,30941,1952780,0,0.43251,0.0,0.0,2623,0,1345.07,0,0,0,0,SUCCESS,0.0,1.0,,,,,,,,,,,,used,,,,20260905-0028,False,results-2026-09/exp1/experiment1_tightness.csv,2031333.0,78553.0,results-2026-09/exp1/experiment1_tightness.csv,True
2026-09-05 02:04:29,EHAUSM-I,C8T1S5I8N5K,0,9,0.0002,0.0,0.2,9488004,9426,42,723,766,0,0,0,4135232,15686,3992155,0,0.468141,0.0,0.0,6078,0,963.96,0,0,0,0,SUCCESS,0.0,1.0,,,,,,,,,,,,used,,,,20260905-0028,False,results-2026-09/exp1/experiment1_tightness.csv,4135232.0,143077.0,results-2026-09/exp1/experiment1_tightness.csv,True
2026-09-05 02:04:30,EHAUSM-I,C8T1S5I8N5K,1,9,0.0002,0.0,0.2,18951306,18852,26,913,939,0,0,0,2897595,23506,2799515,0,0.465351,0.0,0.0,4680,0,780.91,0,0,0,0,SUCCESS,0.0,1.0,,,,,,,,,,,,used,,,,20260905-0028,False,results-2026-09/exp1/experiment1_tightness.csv,2897595.0,98080.0,results-2026-09/exp1/experiment1_tightness.csv,True
2026-09-05 02:04:32,EHAUSM-I,C8T1S5I8N5K,2,9,0.0002,0.0,0.2,28544670,28278,30,1042,1073,0,0,0,2568198,27246,2479294,0,0.444687,0.0,0.0,3088,0,1838.57,0,0,0,0,SUCCESS,0.0,1.0,,,,,,,,,,,,used,,,,20260905-0028,False,results-2026-09/exp1/experiment1_tightness.csv,2568198.0,88904.0,results-2026-09/exp1/experiment1_tightness.csv,True
2026-09-05 02:04:33,EHAUSM-I,C8T1S5I8N5K,3,9,0.0002,0.0,0.2,38016389,37704,36,1089,1126,0,0,0,1943701,29682,1862673,0,0.427942,0.0,0.0,2428,0,1017.83,0,0,0,0,SUCCESS,0.0,1.0,,,,,,,,,,,,used,,,,20260905-0028,False,results-2026-09/exp1/experiment1_tightness.csv,1943701.0,81028.0,results-2026-09/exp1/experiment1_tightness.csv,True
2026-09-05 02:04:35,EHAUSM-I,C8T1S5I8N5K,4,9,0.0002,0.0,0.2,47416411,47133,39,1311,1350,0,0,0,2031333,30941,1952780,0,0.43251,0.0,0.0,2623,0,1433.07,0,0,0,0,SUCCESS,0.0,1.0,,,,,,,,,,,,used,,,,20260905-0028,False,results-2026-09/exp1/experiment1_tightness.csv,2031333.0,78553.0,results-2026-09/exp1/experiment1_tightness.csv,True
2026-09-05 02:04:37,Pre-HAUSPM,C8T1S5I8N5K,0,0,0.0002,0.2,0.2,9488004,9426,11,2136,2147,0,0,0,21109469,0,20750611,0,0.0,0.0,0.0,6078,62730,346.47,0,0,0,0,SUCCESS,0.0,2.0,,,,,,1.0,0.0,9488004.0,0.0,,,used,,,,20260905-0028,False,results-2026-09/exp1/experiment1_tightness.csv,21109469.0,358858.0,results-2026-09/exp1/experiment1_tightness.csv,True
2026-09-05 02:04:39,Pre-HAUSPM,C8T1S5I8N5K,1,0,0.0002,0.2,0.2,18951306,18852,2,1831,1834,0,0,0,16792668,0,16596308,0,0.0,0.0,0.0,4680,59955,336.83,0,0,0,0,SUCCESS,0.0,2.0,,,,,,1.0,0.0,9463302.0,380.0,,,used,,,,20260905-0028,False,results-2026-09/exp1/experiment1_tightness.csv,16792668.0,196360.0,results-2026-09/exp1/experiment1_tightness.csv,True
2026-09-05 02:04:42,Pre-HAUSPM,C8T1S5I8N5K,2,0,0.0002,0.2,0.2,28544670,28278,2,2337,2340,0,0,0,17890707,0,17715854,0,0.0,0.0,0.0,3088,53952,1005.21,0,0,0,0,SUCCESS,0.0,2.0,,,,,,1.0,0.0,9593364.0,758.0,,,used,,,,20260905-0028,False,results-2026-09/exp1/experiment1_tightness.csv,17890707.0,174853.0,results-2026-09/exp1/experiment1_tightness.csv,True
2026-09-05 02:04:45,Pre-HAUSPM,C8T1S5I8N5K,3,0,0.0002,0.2,0.2,38016389,37704,2,2765,2767,0,0,0,19131261,0,18967121,0,0.0,0.0,0.0,2428,51304,680.55,0,0,0,0,SUCCESS,0.0,2.0,,,,,,1.0,0.0,9471719.0,1142.0,,,used,,,,20260905-0028,False,results-2026-09/exp1/experiment1_tightness.csv,19131261.0,164140.0,results-2026-09/exp1/experiment1_tightness.csv,True
2026-09-05 02:04:48,Pre-HAUSPM,C8T1S5I8N5K,4,0,0.0002,0.2,0.2,47416411,47133,2,3146,3148,0,0,0,19323837,0,19169868,0,0.0,0.0,0.0,2623,51786,948.54,0,0,0,0,SUCCESS,0.0,2.0,,,,,,1.0,0.0,9400022.0,1521.0,,,used,,,,20260905-0028,False,results-2026-09/exp1/experiment1_tightness.csv,19323837.0,153969.0,results-2026-09/exp1/experiment1_tightness.csv,True
2026-09-05 02:04:51,Pre-HAUSPM,C8T1S5I8N5K,0,1,0.0002,0.2,0.2,9488004,9426,1,1835,1837,0,0,0,21109469,0,20750611,0,0.0,0.0,0.0,6078,62730,559.65,0,0,0,0,SUCCESS,0.0,2.0,,,,,,1.0,0.0,9488004.0,0.0,,,used,,,,20260905-0028,False,results-2026-09/exp1/experiment1_tightness.csv,21109469.0,358858.0,results-2026-09/exp1/experiment1_tightness.csv,True
2026-09-05 02:04:53,Pre-HAUSPM,C8T1S5I8N5K,1,1,0.0002,0.2,0.2,18951306,18852,2,1892,1894,0,0,0,16792668,0,16596308,0,0.0,0.0,0.0,4680,59955,424.48,0,0,0,0,SUCCESS,0.0,2.0,,,,,,1.0,0.0,9463302.0,380.0,,,used,,,,20260905-0028,False,results-2026-09/exp1/experiment1_tightness.csv,16792668.0,196360.0,results-2026-09/exp1/experiment1_tightness.csv,True
2026-09-05 02:04:56,Pre-HAUSPM,C8T1S5I8N5K,2,1,0.0002,0.2,0.2,28544670,28278,2,2346,2348,0,0,0,17890707,0,17715854,0,0.0,0.0,0.0,3088,53952,323.08,0,0,0,0,SUCCESS,0.0,2.0,,,,,,1.0,0.0,9593364.0,758.0,,,used,,,,20260905-0028,False,results-2026-09/exp1/experiment1_tightness.csv,17890707.0,174853.0,results-2026-09/exp1/experiment1_tightness.csv,True
2026-09-05 02:04:59,Pre-HAUSPM,C8T1S5I8N5K,3,1,0.0002,0.2,0.2,38016389,37704,1,2767,2769,0,0,0,19131261,0,18967121,0,0.0,0.0,0.0,2428,51304,878.12,0,0,0,0,SUCCESS,0.0,2.0,,,,,,1.0,0.0,9471719.0,1142.0,,,used,,,,20260905-0028,False,results-2026-09/exp1/experiment1_tightness.csv,19131261.0,164140.0,results-2026-09/exp1/experiment1_tightness.csv,True
2026-09-05 02:05:02,Pre-HAUSPM,C8T1S5I8N5K,4,1,0.0002,0.2,0.2,47416411,47133,2,3180,3183,0,0,0,19323837,0,19169868,0,0.0,0.0,0.0,2623,51786,974.6,0,0,0,0,SUCCESS,0.0,2.0,,,,,,1.0,0.0,9400022.0,1521.0,,,used,,,,20260905-0028,False,results-2026-09/exp1/experiment1_tightness.csv,19323837.0,153969.0,results-2026-09/exp1/experiment1_tightness.csv,True
2026-09-05 02:05:05,Pre-HAUSPM,C8T1S5I8N5K,0,2,0.0002,0.2,0.2,9488004,9426,1,2001,2002,0,0,0,21109469,0,20750611,0,0.0,0.0,0.0,6078,62730,2118.59,0,0,0,0,SUCCESS,0.0,2.0,,,,,,1.0,0.0,9488004.0,0.0,,,used,,,,20260905-0028,False,results-2026-09/exp1/experiment1_tightness.csv,21109469.0,358858.0,results-2026-09/exp1/experiment1_tightness.csv,True
2026-09-05 02:05:07,Pre-HAUSPM,C8T1S5I8N5K,1,2,0.0002,0.2,0.2,18951306,18852,1,1820,1822,0,0,0,16792668,0,16596308,0,0.0,0.0,0.0,4680,59955,673.76,0,0,0,0,SUCCESS,0.0,2.0,,,,,,1.0,0.0,9463302.0,380.0,,,used,,,,20260905-0028,False,results-2026-09/exp1/experiment1_tightness.csv,16792668.0,196360.0,results-2026-09/exp1/experiment1_tightness.csv,True
2026-09-05 02:05:09,Pre-HAUSPM,C8T1S5I8N5K,2,2,0.0002,0.2,0.2,28544670,28278,2,2343,2346,0,0,0,17890707,0,17715854,0,0.0,0.0,0.0,3088,53952,807.61,0,0,0,0,SUCCESS,0.0,2.0,,,,,,1.0,0.0,9593364.0,758.0,,,used,,,,20260905-0028,False,results-2026-09/exp1/experiment1_tightness.csv,17890707.0,174853.0,results-2026-09/exp1/experiment1_tightness.csv,True
2026-09-05 02:05:12,Pre-HAUSPM,C8T1S5I8N5K,3,2,0.0002,0.2,0.2,38016389,37704,1,2764,2765,0,0,0,19131261,0,18967121,0,0.0,0.0,0.0,2428,51304,929.41,0,0,0,0,SUCCESS,0.0,2.0,,,,,,1.0,0.0,9471719.0,1142.0,,,used,,,,20260905-0028,False,results-2026-09/exp1/experiment1_tightness.csv,19131261.0,164140.0,results-2026-09/exp1/experiment1_tightness.csv,True
2026-09-05 02:05:16,Pre-HAUSPM,C8T1S5I8N5K,4,2,0.0002,0.2,0.2,47416411,47133,1,3148,3150,0,0,0,19323837,0,19169868,0,0.0,0.0,0.0,2623,51786,262.62,0,0,0,0,SUCCESS,0.0,2.0,,,,,,1.0,0.0,9400022.0,1521.0,,,used,,,,20260905-0028,False,results-2026-09/exp1/experiment1_tightness.csv,19323837.0,153969.0,results-2026-09/exp1/experiment1_tightness.csv,True
,HAUSP-UB-L1,C8T1S5I8N5K,0,1,0.0002,0.0,0.2,0,0,0,0,0,0,0,0,0,0,0,0,0.0,0.0,0.0,0,0,0.0,0,0,0,0,OT,0.0,3.0,,,,,,,,,,,,used,,,,20260905-0028,False,results-2026-09/exp1/experiment1_tightness.csv,0.0,0.0,results-2026-09/exp1/experiment1_tightness.csv,False
,HAUSP-UB-L1,C8T1S5I8N5K,1,1,0.0002,0.0,0.2,0,0,0,0,0,0,0,0,0,0,0,0,0.0,0.0,0.0,0,0,0.0,0,0,0,0,SKIPPED,0.0,3.0,,,,,,,,,,,,used,,,,20260905-0028,False,results-2026-09/exp1/experiment1_tightness.csv,0.0,0.0,results-2026-09/exp1/experiment1_tightness.csv,False
,HAUSP-UB-L1,C8T1S5I8N5K,2,1,0.0002,0.0,0.2,0,0,0,0,0,0,0,0,0,0,0,0,0.0,0.0,0.0,0,0,0.0,0,0,0,0,SKIPPED,0.0,3.0,,,,,,,,,,,,used,,,,20260905-0028,False,results-2026-09/exp1/experiment1_tightness.csv,0.0,0.0,results-2026-09/exp1/experiment1_tightness.csv,False
,HAUSP-UB-L1,C8T1S5I8N5K,3,1,0.0002,0.0,0.2,0,0,0,0,0,0,0,0,0,0,0,0,0.0,0.0,0.0,0,0,0.0,0,0,0,0,SKIPPED,0.0,3.0,,,,,,,,,,,,used,,,,20260905-0028,False,results-2026-09/exp1/experiment1_tightness.csv,0.0,0.0,results-2026-09/exp1/experiment1_tightness.csv,False
,HAUSP-UB-L1,C8T1S5I8N5K,4,1,0.0002,0.0,0.2,0,0,0,0,0,0,0,0,0,0,0,0,0.0,0.0,0.0,0,0,0.0,0,0,0,0,SKIPPED,0.0,3.0,,,,,,,,,,,,used,,,,20260905-0028,False,results-2026-09/exp1/experiment1_tightness.csv,0.0,0.0,results-2026-09/exp1/experiment1_tightness.csv,False
2026-09-05 03:35:23,HAUSP-UB,C8T1S5I8N5K,0,0,0.0002,0.0,0.2,9488004,9426,164,971,1136,20,105,72,3612306,29547,3443540,11828,0.0,0.242173,0.250249,6078,0,1588.86,3627992,3576089,51903,51042,SUCCESS,154905.0,4.0,,145920.0,4438024.0,121991456.0,7045632.0,,,,,11828.0,13861.0,used,,,,20260905-0028,False,results-2026-09/exp1/experiment1_tightness.csv,3612306.0,154905.0,results-2026-09/exp1/experiment1_tightness.csv,True
2026-09-05 03:35:24,HAUSP-UB,C8T1S5I8N5K,1,0,0.0002,0.0,0.2,18951306,18852,75,697,772,5,65,52,2604870,38503,2479297,12496,0.0,0.225775,0.235845,4680,0,1523.57,2577334,2568309,9886,60186,SUCCESS,110576.0,4.0,,204544.0,8864368.0,121991456.0,10422528.0,,,,,12496.0,14997.0,used,,,,20260905-0028,False,results-2026-09/exp1/experiment1_tightness.csv,2604870.0,110576.0,results-2026-09/exp1/experiment1_tightness.csv,True
2026-09-05 03:35:25,HAUSP-UB,C8T1S5I8N5K,2,0,0.0002,0.0,0.2,28544670,28278,92,825,918,4,59,48,2330879,42907,2214040,12274,0.0,0.212608,0.222879,3088,0,1629.44,2297939,2293866,4815,64372,SUCCESS,101178.0,4.0,,197376.0,13348488.0,155545888.0,14122496.0,,,,,12274.0,15661.0,used,,,,20260905-0028,False,results-2026-09/exp1/experiment1_tightness.csv,2330879.0,101178.0,results-2026-09/exp1/experiment1_tightness.csv,True
2026-09-05 03:35:27,HAUSP-UB,C8T1S5I8N5K,3,0,0.0002,0.0,0.2,38016389,37704,72,859,932,4,53,44,1916245,45276,1807217,12406,0.0,0.210993,0.221967,2428,0,1543.88,1881555,1879089,3095,66784,SUCCESS,93432.0,4.0,,333056.0,17779144.0,155545888.0,17971072.0,,,,,12404.0,15594.0,used,,,,20260905-0028,False,results-2026-09/exp1/experiment1_tightness.csv,1916245.0,93432.0,results-2026-09/exp1/experiment1_tightness.csv,True
2026-09-05 03:35:28,HAUSP-UB,C8T1S5I8N5K,4,0,0.0002,0.0,0.2,47416411,47133,72,1013,1085,4,51,43,1906734,46615,1799929,12578,0.0,0.208598,0.21984,2623,0,1580.53,1870891,1869456,2118,68240,SUCCESS,91130.0,4.0,,350464.0,22186560.0,155545888.0,22001536.0,,,,,12577.0,15674.0,used,,,,20260905-0028,False,results-2026-09/exp1/experiment1_tightness.csv,1906734.0,91130.0,results-2026-09/exp1/experiment1_tightness.csv,True
2026-09-05 03:35:29,HAUSP-UB,C8T1S5I8N5K,0,1,0.0002,0.0,0.2,9488004,9426,96,640,737,4,92,73,3612306,29547,3443540,11828,0.0,0.242173,0.250249,6078,0,1580.92,3627992,3576089,51903,51042,SUCCESS,154905.0,4.0,,150144.0,4438024.0,121991456.0,7045632.0,,,,,11828.0,13861.0,used,,,,20260905-0028,False,results-2026-09/exp1/experiment1_tightness.csv,3612306.0,154905.0,results-2026-09/exp1/experiment1_tightness.csv,True
2026-09-05 03:35:30,HAUSP-UB,C8T1S5I8N5K,1,1,0.0002,0.0,0.2,18951306,18852,74,667,741,4,63,52,2604870,38503,2479297,12496,0.0,0.225775,0.235845,4680,0,1522.88,2577334,2568309,9886,60186,SUCCESS,110576.0,4.0,,204544.0,8864368.0,121991456.0,10422528.0,,,,,12496.0,14997.0,used,,,,20260905-0028,False,results-2026-09/exp1/experiment1_tightness.csv,2604870.0,110576.0,results-2026-09/exp1/experiment1_tightness.csv,True
2026-09-05 03:35:31,HAUSP-UB,C8T1S5I8N5K,2,1,0.0002,0.0,0.2,28544670,28278,88,786,874,4,59,48,2330879,42907,2214040,12274,0.0,0.212608,0.222879,3088,0,1628.4,2297939,2293866,4815,64372,SUCCESS,101178.0,4.0,,197376.0,13348488.0,155545888.0,14122496.0,,,,,12274.0,15661.0,used,,,,20260905-0028,False,results-2026-09/exp1/experiment1_tightness.csv,2330879.0,101178.0,results-2026-09/exp1/experiment1_tightness.csv,True
2026-09-05 03:35:32,HAUSP-UB,C8T1S5I8N5K,3,1,0.0002,0.0,0.2,38016389,37704,71,841,913,4,53,45,1916245,45276,1807217,12406,0.0,0.210993,0.221967,2428,0,1543.59,1881555,1879089,3095,66784,SUCCESS,93432.0,4.0,,333056.0,17779144.0,155545888.0,17971072.0,,,,,12404.0,15594.0,used,,,,20260905-0028,False,results-2026-09/exp1/experiment1_tightness.csv,1916245.0,93432.0,results-2026-09/exp1/experiment1_tightness.csv,True
2026-09-05 03:35:34,HAUSP-UB,C8T1S5I8N5K,4,1,0.0002,0.0,0.2,47416411,47133,73,978,1051,4,52,43,1906734,46615,1799929,12578,0.0,0.208598,0.21984,2623,0,1580.87,1870891,1869456,2118,68240,SUCCESS,91130.0,4.0,,350464.0,22186560.0,155545888.0,22001536.0,,,,,12577.0,15674.0,used,,,,20260905-0028,False,results-2026-09/exp1/experiment1_tightness.csv,1906734.0,91130.0,results-2026-09/exp1/experiment1_tightness.csv,True
2026-09-05 03:35:35,HAUSP-UB,C8T1S5I8N5K,0,2,0.0002,0.0,0.2,9488004,9426,83,646,730,4,93,73,3612306,29547,3443540,11828,0.0,0.242173,0.250249,6078,0,1580.92,3627992,3576089,51903,51042,SUCCESS,154905.0,4.0,,150144.0,4438024.0,121991456.0,7045632.0,,,,,11828.0,13861.0,used,,,,20260905-0028,False,results-2026-09/exp1/experiment1_tightness.csv,3612306.0,154905.0,results-2026-09/exp1/experiment1_tightness.csv,True
2026-09-05 03:35:36,HAUSP-UB,C8T1S5I8N5K,1,2,0.0002,0.0,0.2,18951306,18852,73,691,765,4,66,53,2604870,38503,2479297,12496,0.0,0.225775,0.235845,4680,0,1522.96,2577334,2568309,9886,60186,SUCCESS,110576.0,4.0,,204544.0,8864368.0,121991456.0,10422528.0,,,,,12496.0,14997.0,used,,,,20260905-0028,False,results-2026-09/exp1/experiment1_tightness.csv,2604870.0,110576.0,results-2026-09/exp1/experiment1_tightness.csv,True
2026-09-05 03:35:37,HAUSP-UB,C8T1S5I8N5K,2,2,0.0002,0.0,0.2,28544670,28278,86,789,876,4,59,49,2330879,42907,2214040,12274,0.0,0.212608,0.222879,3088,0,1628.46,2297939,2293866,4815,64372,SUCCESS,101178.0,4.0,,197376.0,13348488.0,155545888.0,14122496.0,,,,,12274.0,15661.0,used,,,,20260905-0028,False,results-2026-09/exp1/experiment1_tightness.csv,2330879.0,101178.0,results-2026-09/exp1/experiment1_tightness.csv,True
2026-09-05 03:35:38,HAUSP-UB,C8T1S5I8N5K,3,2,0.0002,0.0,0.2,38016389,37704,73,836,909,4,53,44,1916245,45276,1807217,12406,0.0,0.210993,0.221967,2428,0,1547.25,1881555,1879089,3095,66784,SUCCESS,93432.0,4.0,,333056.0,17779144.0,155545888.0,17971072.0,,,,,12404.0,15594.0,used,,,,20260905-0028,False,results-2026-09/exp1/experiment1_tightness.csv,1916245.0,93432.0,results-2026-09/exp1/experiment1_tightness.csv,True
2026-09-05 03:35:39,HAUSP-UB,C8T1S5I8N5K,4,2,0.0002,0.0,0.2,47416411,47133,73,986,1060,4,52,44,1906734,46615,1799929,12578,0.0,0.208598,0.21984,2623,0,1581.54,1870891,1869456,2118,68240,SUCCESS,91130.0,4.0,,350464.0,22186560.0,155545888.0,22001536.0,,,,,12577.0,15674.0,used,,,,20260905-0028,False,results-2026-09/exp1/experiment1_tightness.csv,1906734.0,91130.0,results-2026-09/exp1/experiment1_tightness.csv,True
2026-09-05 03:35:41,HAUSP-UB,C8T1S5I8N5K,0,3,0.0002,0.0,0.2,9488004,9426,92,656,748,4,93,73,3612306,29547,3443540,11828,0.0,0.242173,0.250249,6078,0,1583.18,3627992,3576089,51903,51042,SUCCESS,154905.0,4.0,,145920.0,4438024.0,121991456.0,7045632.0,,,,,11828.0,13861.0,used,,,,20260905-0028,False,results-2026-09/exp1/experiment1_tightness.csv,3612306.0,154905.0,results-2026-09/exp1/experiment1_tightness.csv,True
2026-09-05 03:35:42,HAUSP-UB,C8T1S5I8N5K,1,3,0.0002,0.0,0.2,18951306,18852,73,677,750,4,66,54,2604870,38503,2479297,12496,0.0,0.225775,0.235845,4680,0,1523.57,2577334,2568309,9886,60186,SUCCESS,110576.0,4.0,,204544.0,8864368.0,121991456.0,10422528.0,,,,,12496.0,14997.0,used,,,,20260905-0028,False,results-2026-09/exp1/experiment1_tightness.csv,2604870.0,110576.0,results-2026-09/exp1/experiment1_tightness.csv,True
2026-09-05 03:35:43,HAUSP-UB,C8T1S5I8N5K,2,3,0.0002,0.0,0.2,28544670,28278,92,795,888,4,60,49,2330879,42907,2214040,12274,0.0,0.212608,0.222879,3088,0,1629.33,2297939,2293866,4815,64372,SUCCESS,101178.0,4.0,,197376.0,13348488.0,155545888.0,14122496.0,,,,,12274.0,15661.0,used,,,,20260905-0028,False,results-2026-09/exp1/experiment1_tightness.csv,2330879.0,101178.0,results-2026-09/exp1/experiment1_tightness.csv,True
2026-09-05 03:35:44,HAUSP-UB,C8T1S5I8N5K,3,3,0.0002,0.0,0.2,38016389,37704,72,838,910,4,53,44,1916245,45276,1807217,12406,0.0,0.210993,0.221967,2428,0,1544.02,1881555,1879089,3095,66784,SUCCESS,93432.0,4.0,,333056.0,17779144.0,155545888.0,17971072.0,,,,,12404.0,15594.0,used,,,,20260905-0028,False,results-2026-09/exp1/experiment1_tightness.csv,1916245.0,93432.0,results-2026-09/exp1/experiment1_tightness.csv,True
2026-09-05 03:35:45,HAUSP-UB,C8T1S5I8N5K,4,3,0.0002,0.0,0.2,47416411,47133,74,979,1053,4,52,43,1906734,46615,1799929,12578,0.0,0.208598,0.21984,2623,0,1579.72,1870891,1869456,2118,68240,SUCCESS,91130.0,4.0,,350464.0,22186560.0,155545888.0,22001536.0,,,,,12577.0,15674.0,used,,,,20260905-0028,False,results-2026-09/exp1/experiment1_tightness.csv,1906734.0,91130.0,results-2026-09/exp1/experiment1_tightness.csv,True
2026-09-05 03:35:46,HAUSP-UB,C8T1S5I8N5K,0,4,0.0002,0.0,0.2,9488004,9426,86,648,735,4,94,74,3612306,29547,3443540,11828,0.0,0.242173,0.250249,6078,0,1580.92,3627992,3576089,51903,51042,SUCCESS,154905.0,4.0,,150144.0,4438024.0,121991456.0,7045632.0,,,,,11828.0,13861.0,used,,,,20260905-0028,False,results-2026-09/exp1/experiment1_tightness.csv,3612306.0,154905.0,results-2026-09/exp1/experiment1_tightness.csv,True
2026-09-05 03:35:47,HAUSP-UB,C8T1S5I8N5K,1,4,0.0002,0.0,0.2,18951306,18852,74,688,762,4,67,54,2604870,38503,2479297,12496,0.0,0.225775,0.235845,4680,0,1522.89,2577334,2568309,9886,60186,SUCCESS,110576.0,4.0,,204544.0,8864368.0,121991456.0,10422528.0,,,,,12496.0,14997.0,used,,,,20260905-0028,False,results-2026-09/exp1/experiment1_tightness.csv,2604870.0,110576.0,results-2026-09/exp1/experiment1_tightness.csv,True
2026-09-05 03:35:48,HAUSP-UB,C8T1S5I8N5K,2,4,0.0002,0.0,0.2,28544670,28278,92,803,895,4,60,49,2330879,42907,2214040,12274,0.0,0.212608,0.222879,3088,0,1633.08,2297939,2293866,4815,64372,SUCCESS,101178.0,4.0,,217472.0,13348488.0,155545888.0,14122496.0,,,,,12274.0,15661.0,used,,,,20260905-0028,False,results-2026-09/exp1/experiment1_tightness.csv,2330879.0,101178.0,results-2026-09/exp1/experiment1_tightness.csv,True
2026-09-05 03:35:49,HAUSP-UB,C8T1S5I8N5K,3,4,0.0002,0.0,0.2,38016389,37704,72,841,914,4,53,45,1916245,45276,1807217,12406,0.0,0.210993,0.221967,2428,0,1543.72,1881555,1879089,3095,66784,SUCCESS,93432.0,4.0,,333056.0,17779144.0,155545888.0,17971072.0,,,,,12404.0,15594.0,used,,,,20260905-0028,False,results-2026-09/exp1/experiment1_tightness.csv,1916245.0,93432.0,results-2026-09/exp1/experiment1_tightness.csv,True
2026-09-05 03:35:51,HAUSP-UB,C8T1S5I8N5K,4,4,0.0002,0.0,0.2,47416411,47133,74,989,1064,4,53,44,1906734,46615,1799929,12578,0.0,0.208598,0.21984,2623,0,1579.36,1870891,1869456,2118,68240,SUCCESS,91130.0,4.0,,350464.0,22186560.0,155545888.0,22001536.0,,,,,12577.0,15674.0,used,,,,20260905-0028,False,results-2026-09/exp1/experiment1_tightness.csv,1906734.0,91130.0,results-2026-09/exp1/experiment1_tightness.csv,True
2026-09-05 03:35:52,HAUSP-UB,C8T1S5I8N5K,0,5,0.0002,0.0,0.2,9488004,9426,83,651,735,4,95,75,3612306,29547,3443540,11828,0.0,0.242173,0.250249,6078,0,1580.92,3627992,3576089,51903,51042,SUCCESS,154905.0,4.0,,150144.0,4438024.0,121991456.0,7045632.0,,,,,11828.0,13861.0,used,,,,20260905-0028,False,results-2026-09/exp1/experiment1_tightness.csv,3612306.0,154905.0,results-2026-09/exp1/experiment1_tightness.csv,True
2026-09-05 03:35:53,HAUSP-UB,C8T1S5I8N5K,1,5,0.0002,0.0,0.2,18951306,18852,74,683,758,4,65,53,2604870,38503,2479297,12496,0.0,0.225775,0.235845,4680,0,1522.93,2577334,2568309,9886,60186,SUCCESS,110576.0,4.0,,204544.0,8864368.0,121991456.0,10422528.0,,,,,12496.0,14997.0,used,,,,20260905-0028,False,results-2026-09/exp1/experiment1_tightness.csv,2604870.0,110576.0,results-2026-09/exp1/experiment1_tightness.csv,True
2026-09-05 03:35:54,HAUSP-UB,C8T1S5I8N5K,2,5,0.0002,0.0,0.2,28544670,28278,83,795,879,4,58,48,2330879,42907,2214040,12274,0.0,0.212608,0.222879,3088,0,1630.43,2297939,2293866,4815,64372,SUCCESS,101178.0,4.0,,197376.0,13348488.0,155545888.0,14122496.0,,,,,12274.0,15661.0,used,,,,20260905-0028,False,results-2026-09/exp1/experiment1_tightness.csv,2330879.0,101178.0,results-2026-09/exp1/experiment1_tightness.csv,True
2026-09-05 03:35:55,HAUSP-UB,C8T1S5I8N5K,3,5,0.0002,0.0,0.2,38016389,37704,73,845,918,4,53,45,1916245,45276,1807217,12406,0.0,0.210993,0.221967,2428,0,1544.73,1881555,1879089,3095,66784,SUCCESS,93432.0,4.0,,333056.0,17779144.0,155545888.0,17971072.0,,,,,12404.0,15594.0,used,,,,20260905-0028,False,results-2026-09/exp1/experiment1_tightness.csv,1916245.0,93432.0,results-2026-09/exp1/experiment1_tightness.csv,True
2026-09-05 03:35:56,HAUSP-UB,C8T1S5I8N5K,4,5,0.0002,0.0,0.2,47416411,47133,74,1002,1076,4,53,44,1906734,46615,1799929,12578,0.0,0.208598,0.21984,2623,0,1579.73,1870891,1869456,2118,68240,SUCCESS,91130.0,4.0,,350464.0,22186560.0,155545888.0,22001536.0,,,,,12577.0,15674.0,used,,,,20260905-0028,False,results-2026-09/exp1/experiment1_tightness.csv,1906734.0,91130.0,results-2026-09/exp1/experiment1_tightness.csv,True
2026-09-05 03:35:58,HAUSP-UB,C8T1S5I8N5K,0,6,0.0002,0.0,0.2,9488004,9426,84,652,736,4,96,76,3612306,29547,3443540,11828,0.0,0.242173,0.250249,6078,0,1580.92,3627992,3576089,51903,51042,SUCCESS,154905.0,4.0,,150144.0,4438024.0,121991456.0,7045632.0,,,,,11828.0,13861.0,used,,,,20260905-0028,False,results-2026-09/exp1/experiment1_tightness.csv,3612306.0,154905.0,results-2026-09/exp1/experiment1_tightness.csv,True
2026-09-05 03:35:59,HAUSP-UB,C8T1S5I8N5K,1,6,0.0002,0.0,0.2,18951306,18852,73,691,765,4,67,54,2604870,38503,2479297,12496,0.0,0.225775,0.235845,4680,0,1522.93,2577334,2568309,9886,60186,SUCCESS,110576.0,4.0,,204544.0,8864368.0,121991456.0,10422528.0,,,,,12496.0,14997.0,used,,,,20260905-0028,False,results-2026-09/exp1/experiment1_tightness.csv,2604870.0,110576.0,results-2026-09/exp1/experiment1_tightness.csv,True
2026-09-05 03:36:00,HAUSP-UB,C8T1S5I8N5K,2,6,0.0002,0.0,0.2,28544670,28278,83,804,887,4,61,50,2330879,42907,2214040,12274,0.0,0.212608,0.222879,3088,0,1630.43,2297939,2293866,4815,64372,SUCCESS,101178.0,4.0,,197376.0,13348488.0,155545888.0,14122496.0,,,,,12274.0,15661.0,used,,,,20260905-0028,False,results-2026-09/exp1/experiment1_tightness.csv,2330879.0,101178.0,results-2026-09/exp1/experiment1_tightness.csv,True
2026-09-05 03:36:01,HAUSP-UB,C8T1S5I8N5K,3,6,0.0002,0.0,0.2,38016389,37704,74,846,920,4,54,45,1916245,45276,1807217,12406,0.0,0.210993,0.221967,2428,0,1544.73,1881555,1879089,3095,66784,SUCCESS,93432.0,4.0,,333056.0,17779144.0,155545888.0,17971072.0,,,,,12404.0,15594.0,used,,,,20260905-0028,False,results-2026-09/exp1/experiment1_tightness.csv,1916245.0,93432.0,results-2026-09/exp1/experiment1_tightness.csv,True
2026-09-05 03:36:02,HAUSP-UB,C8T1S5I8N5K,4,6,0.0002,0.0,0.2,47416411,47133,74,993,1067,4,53,45,1906734,46615,1799929,12578,0.0,0.208598,0.21984,2623,0,1579.73,1870891,1869456,2118,68240,SUCCESS,91130.0,4.0,,350464.0,22186560.0,155545888.0,22001536.0,,,,,12577.0,15674.0,used,,,,20260905-0028,False,results-2026-09/exp1/experiment1_tightness.csv,1906734.0,91130.0,results-2026-09/exp1/experiment1_tightness.csv,True
2026-09-05 03:36:04,HAUSP-UB,C8T1S5I8N5K,0,7,0.0002,0.0,0.2,9488004,9426,82,647,729,4,95,74,3612306,29547,3443540,11828,0.0,0.242173,0.250249,6078,0,1580.92,3627992,3576089,51903,51042,SUCCESS,154905.0,4.0,,150144.0,4438024.0,121991456.0,7045632.0,,,,,11828.0,13861.0,used,,,,20260905-0028,False,results-2026-09/exp1/experiment1_tightness.csv,3612306.0,154905.0,results-2026-09/exp1/experiment1_tightness.csv,True
2026-09-05 03:36:04,HAUSP-UB,C8T1S5I8N5K,1,7,0.0002,0.0,0.2,18951306,18852,75,689,764,4,66,54,2604870,38503,2479297,12496,0.0,0.225775,0.235845,4680,0,1522.93,2577334,2568309,9886,60186,SUCCESS,110576.0,4.0,,204544.0,8864368.0,121991456.0,10422528.0,,,,,12496.0,14997.0,used,,,,20260905-0028,False,results-2026-09/exp1/experiment1_tightness.csv,2604870.0,110576.0,results-2026-09/exp1/experiment1_tightness.csv,True
2026-09-05 03:36:06,HAUSP-UB,C8T1S5I8N5K,2,7,0.0002,0.0,0.2,28544670,28278,84,805,890,4,60,49,2330879,42907,2214040,12274,0.0,0.212608,0.222879,3088,0,1630.44,2297939,2293866,4815,64372,SUCCESS,101178.0,4.0,,197376.0,13348488.0,155545888.0,14122496.0,,,,,12274.0,15661.0,used,,,,20260905-0028,False,results-2026-09/exp1/experiment1_tightness.csv,2330879.0,101178.0,results-2026-09/exp1/experiment1_tightness.csv,True
2026-09-05 03:36:07,HAUSP-UB,C8T1S5I8N5K,3,7,0.0002,0.0,0.2,38016389,37704,72,852,925,4,54,46,1916245,45276,1807217,12406,0.0,0.210993,0.221967,2428,0,1544.73,1881555,1879089,3095,66784,SUCCESS,93432.0,4.0,,333056.0,17779144.0,155545888.0,17971072.0,,,,,12404.0,15594.0,used,,,,20260905-0028,False,results-2026-09/exp1/experiment1_tightness.csv,1916245.0,93432.0,results-2026-09/exp1/experiment1_tightness.csv,True
2026-09-05 03:36:08,HAUSP-UB,C8T1S5I8N5K,4,7,0.0002,0.0,0.2,47416411,47133,74,994,1068,4,53,44,1906734,46615,1799929,12578,0.0,0.208598,0.21984,2623,0,1579.73,1870891,1869456,2118,68240,SUCCESS,91130.0,4.0,,350464.0,22186560.0,155545888.0,22001536.0,,,,,12577.0,15674.0,used,,,,20260905-0028,False,results-2026-09/exp1/experiment1_tightness.csv,1906734.0,91130.0,results-2026-09/exp1/experiment1_tightness.csv,True
2026-09-05 03:36:09,HAUSP-UB,C8T1S5I8N5K,0,8,0.0002,0.0,0.2,9488004,9426,82,651,733,4,94,75,3612306,29547,3443540,11828,0.0,0.242173,0.250249,6078,0,1580.92,3627992,3576089,51903,51042,SUCCESS,154905.0,4.0,,150144.0,4438024.0,121991456.0,7045632.0,,,,,11828.0,13861.0,used,,,,20260905-0028,False,results-2026-09/exp1/experiment1_tightness.csv,3612306.0,154905.0,results-2026-09/exp1/experiment1_tightness.csv,True
2026-09-05 03:36:10,HAUSP-UB,C8T1S5I8N5K,1,8,0.0002,0.0,0.2,18951306,18852,75,687,762,4,65,54,2604870,38503,2479297,12496,0.0,0.225775,0.235845,4680,0,1522.93,2577334,2568309,9886,60186,SUCCESS,110576.0,4.0,,204544.0,8864368.0,121991456.0,10422528.0,,,,,12496.0,14997.0,used,,,,20260905-0028,False,results-2026-09/exp1/experiment1_tightness.csv,2604870.0,110576.0,results-2026-09/exp1/experiment1_tightness.csv,True
2026-09-05 03:36:11,HAUSP-UB,C8T1S5I8N5K,2,8,0.0002,0.0,0.2,28544670,28278,82,812,895,4,61,49,2330879,42907,2214040,12274,0.0,0.212608,0.222879,3088,0,1630.44,2297939,2293866,4815,64372,SUCCESS,101178.0,4.0,,197376.0,13348488.0,155545888.0,14122496.0,,,,,12274.0,15661.0,used,,,,20260905-0028,False,results-2026-09/exp1/experiment1_tightness.csv,2330879.0,101178.0,results-2026-09/exp1/experiment1_tightness.csv,True
2026-09-05 03:36:12,HAUSP-UB,C8T1S5I8N5K,3,8,0.0002,0.0,0.2,38016389,37704,73,849,923,4,53,46,1916245,45276,1807217,12406,0.0,0.210993,0.221967,2428,0,1544.73,1881555,1879089,3095,66784,SUCCESS,93432.0,4.0,,333056.0,17779144.0,155545888.0,17971072.0,,,,,12404.0,15594.0,used,,,,20260905-0028,False,results-2026-09/exp1/experiment1_tightness.csv,1916245.0,93432.0,results-2026-09/exp1/experiment1_tightness.csv,True
2026-09-05 03:36:14,HAUSP-UB,C8T1S5I8N5K,4,8,0.0002,0.0,0.2,47416411,47133,76,989,1065,4,52,44,1906734,46615,1799929,12578,0.0,0.208598,0.21984,2623,0,1579.73,1870891,1869456,2118,68240,SUCCESS,91130.0,4.0,,350464.0,22186560.0,155545888.0,22001536.0,,,,,12577.0,15674.0,used,,,,20260905-0028,False,results-2026-09/exp1/experiment1_tightness.csv,1906734.0,91130.0,results-2026-09/exp1/experiment1_tightness.csv,True
2026-09-05 03:36:15,HAUSP-UB,C8T1S5I8N5K,0,9,0.0002,0.0,0.2,9488004,9426,83,649,733,4,94,74,3612306,29547,3443540,11828,0.0,0.242173,0.250249,6078,0,1580.92,3627992,3576089,51903,51042,SUCCESS,154905.0,4.0,,150144.0,4438024.0,121991456.0,7045632.0,,,,,11828.0,13861.0,used,,,,20260905-0028,False,results-2026-09/exp1/experiment1_tightness.csv,3612306.0,154905.0,results-2026-09/exp1/experiment1_tightness.csv,True
2026-09-05 03:36:16,HAUSP-UB,C8T1S5I8N5K,1,9,0.0002,0.0,0.2,18951306,18852,74,688,763,4,65,54,2604870,38503,2479297,12496,0.0,0.225775,0.235845,4680,0,1522.93,2577334,2568309,9886,60186,SUCCESS,110576.0,4.0,,204544.0,8864368.0,121991456.0,10422528.0,,,,,12496.0,14997.0,used,,,,20260905-0028,False,results-2026-09/exp1/experiment1_tightness.csv,2604870.0,110576.0,results-2026-09/exp1/experiment1_tightness.csv,True
2026-09-05 03:36:17,HAUSP-UB,C8T1S5I8N5K,2,9,0.0002,0.0,0.2,28544670,28278,84,805,889,4,61,50,2330879,42907,2214040,12274,0.0,0.212608,0.222879,3088,0,1630.44,2297939,2293866,4815,64372,SUCCESS,101178.0,4.0,,197376.0,13348488.0,155545888.0,14122496.0,,,,,12274.0,15661.0,used,,,,20260905-0028,False,results-2026-09/exp1/experiment1_tightness.csv,2330879.0,101178.0,results-2026-09/exp1/experiment1_tightness.csv,True
2026-09-05 03:36:18,HAUSP-UB,C8T1S5I8N5K,3,9,0.0002,0.0,0.2,38016389,37704,73,849,923,4,54,45,1916245,45276,1807217,12406,0.0,0.210993,0.221967,2428,0,1544.73,1881555,1879089,3095,66784,SUCCESS,93432.0,4.0,,333056.0,17779144.0,155545888.0,17971072.0,,,,,12404.0,15594.0,used,,,,20260905-0028,False,results-2026-09/exp1/experiment1_tightness.csv,1916245.0,93432.0,results-2026-09/exp1/experiment1_tightness.csv,True
2026-09-05 03:36:19,HAUSP-UB,C8T1S5I8N5K,4,9,0.0002,0.0,0.2,47416411,47133,75,993,1068,4,53,44,1906734,46615,1799929,12578,0.0,0.208598,0.21984,2623,0,1579.73,1870891,1869456,2118,68240,SUCCESS,91130.0,4.0,,350464.0,22186560.0,155545888.0,22001536.0,,,,,12577.0,15674.0,used,,,,20260905-0028,False,results-2026-09/exp1/experiment1_tightness.csv,1906734.0,91130.0,results-2026-09/exp1/experiment1_tightness.csv,True
2026-09-09 22:56:24,HAUSP-UB[noEUCS],BIBLE,0,0,0.001,0.0,0.2,7617167,7273,41,3039,3081,7,169,46,25214943,5060,25092666,5332,0.0,0.240219,0.246177,9964,0,207.82,25219342,25211753,7589,6208,SUCCESS,116722.0,0.0,,32143488.0,5506208.0,0.0,4278784.0,,,,,438.0,661.0,used,,,,20260909-2256,False,results-2026-09/exp1/experiment1_tightness.csv,25214943.0,116722.0,results-2026-09/exp1/experiment1_tightness.csv,True
2026-09-09 22:56:29,HAUSP-UB[noEUCS],BIBLE,1,0,0.001,0.0,0.2,15283678,14546,18,4250,4269,3,169,34,25415115,7802,25323890,4700,0.0,0.271234,0.279246,10469,0,306.28,25415995,25413350,4026,8894,SUCCESS,86236.0,0.0,,60079360.0,10770464.0,0.0,40111616.0,,,,,425.0,714.0,used,,,,20260909-2256,False,results-2026-09/exp1/experiment1_tightness.csv,25415115.0,86236.0,results-2026-09/exp1/experiment1_tightness.csv,True
2026-09-09 22:56:34,HAUSP-UB[noEUCS],BIBLE,2,0,0.001,0.0,0.2,21271931,21819,23,4458,4482,1,142,26,21229906,9874,21160285,3568,0.0,0.273117,0.281164,8283,0,345.73,21230147,21228174,3313,10949,SUCCESS,65736.0,0.0,,70266880.0,15002144.0,0.0,103838336.0,,,,,422.0,739.0,used,,,,20260909-2256,False,results-2026-09/exp1/experiment1_tightness.csv,21229906.0,65736.0,results-2026-09/exp1/experiment1_tightness.csv,True
2026-09-09 22:56:40,HAUSP-UB[noEUCS],BIBLE,3,0,0.001,0.0,0.2,28633935,29092,10,6440,6451,2,167,28,25139190,11155,25065620,3761,0.0,0.269625,0.277551,8226,0,458.23,25138643,25137351,2550,12232,SUCCESS,69470.0,0.0,,89202688.0,20253760.0,0.0,177078528.0,,,,,414.0,753.0,used,,,,20260909-2256,False,results-2026-09/exp1/experiment1_tightness.csv,25139190.0,69470.0,results-2026-09/exp1/experiment1_tightness.csv,True
2026-09-09 22:56:47,HAUSP-UB[noEUCS],BIBLE,4,0,0.001,0.0,0.2,35550162,36369,10,6469,6479,2,141,22,21936545,12820,21877203,2933,0.0,0.261646,0.269156,6713,0,656.38,21936367,21934699,2935,13905,SUCCESS,56071.0,0.0,,96827392.0,25186112.0,0.0,269986048.0,,,,,428.0,766.0,used,,,,20260909-2256,False,results-2026-09/exp1/experiment1_tightness.csv,21936545.0,56071.0,results-2026-09/exp1/experiment1_tightness.csv,True
2026-09-09 22:56:51,HAUSP-UB[noEUCS],BIBLE,0,1,0.001,0.0,0.2,7617167,7273,24,2866,2891,4,178,45,25214943,5060,25092666,5332,0.0,0.240219,0.246177,9964,0,201.2,25219342,25211753,7589,6208,SUCCESS,116722.0,0.0,,32012416.0,5506208.0,0.0,4278784.0,,,,,438.0,661.0,used,,,,20260909-2256,False,results-2026-09/exp1/experiment1_tightness.csv,25214943.0,116722.0,results-2026-09/exp1/experiment1_tightness.csv,True
2026-09-09 22:56:55,HAUSP-UB[noEUCS],BIBLE,1,1,0.001,0.0,0.2,15283678,14546,15,4261,4277,4,168,34,25415115,7802,25323890,4700,0.0,0.271234,0.279246,10469,0,263.69,25415995,25413350,4026,8894,SUCCESS,86236.0,0.0,,43136256.0,10770464.0,0.0,40111616.0,,,,,425.0,714.0,used,,,,20260909-2256,False,results-2026-09/exp1/experiment1_tightness.csv,25415115.0,86236.0,results-2026-09/exp1/experiment1_tightness.csv,True
2026-09-09 22:57:00,HAUSP-UB[noEUCS],BIBLE,2,1,0.001,0.0,0.2,21271931,21819,7,4507,4515,1,140,26,21229906,9874,21160285,3568,0.0,0.273117,0.281164,8283,0,339.04,21230147,21228174,3313,10949,SUCCESS,65736.0,0.0,,64319488.0,15002144.0,0.0,103838336.0,,,,,422.0,739.0,used,,,,20260909-2256,False,results-2026-09/exp1/experiment1_tightness.csv,21229906.0,65736.0,results-2026-09/exp1/experiment1_tightness.csv,True
2026-09-09 22:57:07,HAUSP-UB[noEUCS],BIBLE,3,1,0.001,0.0,0.2,28633935,29092,11,6448,6459,2,164,27,25139190,11155,25065620,3761,0.0,0.269625,0.277551,8226,0,492.5,25138643,25137351,2550,12232,SUCCESS,69470.0,0.0,,89202688.0,20253760.0,0.0,177078528.0,,,,,414.0,753.0,used,,,,20260909-2256,False,results-2026-09/exp1/experiment1_tightness.csv,25139190.0,69470.0,results-2026-09/exp1/experiment1_tightness.csv,True
2026-09-09 22:57:13,HAUSP-UB[noEUCS],BIBLE,4,1,0.001,0.0,0.2,35550162,36369,10,6479,6490,2,143,22,21936545,12820,21877203,2933,0.0,0.261646,0.269156,6713,0,655.52,21936367,21934699,2935,13905,SUCCESS,56071.0,0.0,,98629632.0,25186112.0,0.0,269986048.0,,,,,428.0,766.0,used,,,,20260909-2256,False,results-2026-09/exp1/experiment1_tightness.csv,21936545.0,56071.0,results-2026-09/exp1/experiment1_tightness.csv,True
2026-09-09 22:57:17,HAUSP-UB[noEUCS],BIBLE,0,2,0.001,0.0,0.2,7617167,7273,10,2887,2898,3,178,45,25214943,5060,25092666,5332,0.0,0.240219,0.246177,9964,0,196.03,25219342,25211753,7589,6208,SUCCESS,116722.0,0.0,,32159872.0,5506208.0,0.0,4278784.0,,,,,438.0,661.0,used,,,,20260909-2256,False,results-2026-09/exp1/experiment1_tightness.csv,25214943.0,116722.0,results-2026-09/exp1/experiment1_tightness.csv,True
2026-09-09 22:57:21,HAUSP-UB[noEUCS],BIBLE,1,2,0.001,0.0,0.2,15283678,14546,9,4259,4268,2,169,33,25415115,7802,25323890,4700,0.0,0.271234,0.279246,10469,0,260.86,25415995,25413350,4026,8894,SUCCESS,86236.0,0.0,,44139776.0,10770464.0,0.0,40111616.0,,,,,425.0,714.0,used,,,,20260909-2256,False,results-2026-09/exp1/experiment1_tightness.csv,25415115.0,86236.0,results-2026-09/exp1/experiment1_tightness.csv,True
2026-09-09 22:57:26,HAUSP-UB[noEUCS],BIBLE,2,2,0.001,0.0,0.2,21271931,21819,7,4499,4507,2,141,26,21229906,9874,21160285,3568,0.0,0.273117,0.281164,8283,0,332.04,21230147,21228174,3313,10949,SUCCESS,65736.0,0.0,,70053888.0,15002144.0,0.0,103838336.0,,,,,422.0,739.0,used,,,,20260909-2256,False,results-2026-09/exp1/experiment1_tightness.csv,21229906.0,65736.0,results-2026-09/exp1/experiment1_tightness.csv,True
2026-09-09 22:57:33,HAUSP-UB[noEUCS],BIBLE,3,2,0.001,0.0,0.2,28633935,29092,10,6423,6434,2,166,27,25139190,11155,25065620,3761,0.0,0.269625,0.277551,8226,0,495.8,25138643,25137351,2550,12232,SUCCESS,69470.0,0.0,,89382912.0,20253760.0,0.0,177078528.0,,,,,414.0,753.0,used,,,,20260909-2256,False,results-2026-09/exp1/experiment1_tightness.csv,25139190.0,69470.0,results-2026-09/exp1/experiment1_tightness.csv,True
2026-09-09 22:57:40,HAUSP-UB[noEUCS],BIBLE,4,2,0.001,0.0,0.2,35550162,36369,10,6482,6492,2,143,22,21936545,12820,21877203,2933,0.0,0.261646,0.269156,6713,0,655.79,21936367,21934699,2935,13905,SUCCESS,56071.0,0.0,,98629632.0,25186112.0,0.0,269986048.0,,,,,428.0,766.0,used,,,,20260909-2256,False,results-2026-09/exp1/experiment1_tightness.csv,21936545.0,56071.0,results-2026-09/exp1/experiment1_tightness.csv,True
2026-09-09 22:57:45,HAUSP-UB[noEUCS],BMS1_SPMF,0,0,0.0035,0.0,0.2,1577987,11920,2,4521,4524,0,663,183,100789904,19,100321836,67,0.0,0.043005,0.043066,100,0,39.43,100789922,100788944,978,335,SUCCESS,468067.0,0.0,,567936.0,1012928.0,0.0,730112.0,,,,,67.0,1.0,used,,,,20260909-2256,False,results-2026-09/exp1/experiment1_tightness.csv,100789904.0,468067.0,results-2026-09/exp1/experiment1_tightness.csv,True
2026-09-09 22:57:45,HAUSP-UB[noEUCS],BMS1_SPMF,1,0,0.0035,0.0,0.2,2805280,23840,2,193,196,0,21,5,3046411,24,3032202,98,0.0,0.042039,0.044379,97,0,41.94,3046098,3046098,458,338,SUCCESS,14207.0,0.0,,975232.0,1844768.0,0.0,1304448.0,,,,,98.0,2.0,used,,,,20260909-2256,False,results-2026-09/exp1/experiment1_tightness.csv,3046411.0,14207.0,results-2026-09/exp1/experiment1_tightness.csv,True
2026-09-09 22:57:45,HAUSP-UB[noEUCS],BMS1_SPMF,2,0,0.0035,0.0,0.2,4090185,35760,2,68,71,0,5,1,611388,74,608187,117,0.0,0.064957,0.07524,94,0,46.11,611111,611111,418,387,SUCCESS,3188.0,0.0,,1274752.0,2728384.0,0.0,2031872.0,,,,,117.0,13.0,used,,,,20260909-2256,False,results-2026-09/exp1/experiment1_tightness.csv,611388.0,3188.0,results-2026-09/exp1/experiment1_tightness.csv,True
2026-09-09 22:57:46,HAUSP-UB[noEUCS],BMS1_SPMF,3,0,0.0035,0.0,0.2,5578380,47680,2,97,100,0,5,1,671378,72,667788,112,0.0,0.057647,0.067303,93,0,50.48,671036,671036,346,389,SUCCESS,3563.0,0.0,,1860480.0,3699328.0,0.0,2677888.0,,,,,112.0,27.0,used,,,,20260909-2256,False,results-2026-09/exp1/experiment1_tightness.csv,671378.0,3563.0,results-2026-09/exp1/experiment1_tightness.csv,True
2026-09-09 22:58:10,HAUSP-UB[noEUCS],BMS1_SPMF,4,0,0.0035,0.0,0.2,7229030,59601,3,24422,24425,0,773,262,103110382,170,102437014,87,0.0,0.039763,0.039814,93,0,58.7,103110126,103110126,562,497,SUCCESS,673331.0,0.0,,2163840.0,4788416.0,0.0,3846016.0,,,,,87.0,37.0,used,,,,20260909-2256,False,results-2026-09/exp1/experiment1_tightness.csv,103110382.0,673331.0,results-2026-09/exp1/experiment1_tightness.csv,True
2026-09-09 22:58:16,HAUSP-UB[noEUCS],BMS1_SPMF,0,1,0.0035,0.0,0.2,1577987,11920,3,4512,4516,1,662,182,100789904,19,100321836,67,0.0,0.043005,0.043066,100,0,39.25,100789922,100788944,978,335,SUCCESS,468067.0,0.0,,567936.0,1012928.0,0.0,730112.0,,,,,67.0,1.0,used,,,,20260909-2256,False,results-2026-09/exp1/experiment1_tightness.csv,100789904.0,468067.0,results-2026-09/exp1/experiment1_tightness.csv,True
2026-09-09 22:58:16,HAUSP-UB[noEUCS],BMS1_SPMF,1,1,0.0035,0.0,0.2,2805280,23840,2,193,196,0,21,6,3046411,24,3032202,98,0.0,0.042039,0.044379,97,0,41.88,3046098,3046098,458,338,SUCCESS,14207.0,0.0,,975232.0,1844768.0,0.0,1304448.0,,,,,98.0,2.0,used,,,,20260909-2256,False,results-2026-09/exp1/experiment1_tightness.csv,3046411.0,14207.0,results-2026-09/exp1/experiment1_tightness.csv,True
2026-09-09 22:58:16,HAUSP-UB[noEUCS],BMS1_SPMF,2,1,0.0035,0.0,0.2,4090185,35760,2,69,72,0,5,1,611388,74,608187,117,0.0,0.064957,0.07524,94,0,45.99,611111,611111,418,387,SUCCESS,3188.0,0.0,,1274752.0,2728384.0,0.0,2031872.0,,,,,117.0,13.0,used,,,,20260909-2256,False,results-2026-09/exp1/experiment1_tightness.csv,611388.0,3188.0,results-2026-09/exp1/experiment1_tightness.csv,True
2026-09-09 22:58:17,HAUSP-UB[noEUCS],BMS1_SPMF,3,1,0.0035,0.0,0.2,5578380,47680,2,97,100,0,5,1,671378,72,667788,112,0.0,0.057647,0.067303,93,0,50.38,671036,671036,346,389,SUCCESS,3563.0,0.0,,1860480.0,3699328.0,0.0,2677888.0,,,,,112.0,27.0,used,,,,20260909-2256,False,results-2026-09/exp1/experiment1_tightness.csv,671378.0,3563.0,results-2026-09/exp1/experiment1_tightness.csv,True
2026-09-09 22:58:41,HAUSP-UB[noEUCS],BMS1_SPMF,4,1,0.0035,0.0,0.2,7229030,59601,3,24453,24456,0,773,264,103110382,170,102437014,87,0.0,0.039763,0.039814,93,0,58.61,103110126,103110126,562,497,SUCCESS,673331.0,0.0,,2163840.0,4788416.0,0.0,3846016.0,,,,,87.0,37.0,used,,,,20260909-2256,False,results-2026-09/exp1/experiment1_tightness.csv,103110382.0,673331.0,results-2026-09/exp1/experiment1_tightness.csv,True
2026-09-09 22:58:46,HAUSP-UB[noEUCS],BMS1_SPMF,0,2,0.0035,0.0,0.2,1577987,11920,3,4524,4527,0,665,184,100789904,19,100321836,67,0.0,0.043005,0.043066,100,0,39.24,100789922,100788944,978,335,SUCCESS,468067.0,0.0,,567936.0,1012928.0,0.0,730112.0,,,,,67.0,1.0,used,,,,20260909-2256,False,results-2026-09/exp1/experiment1_tightness.csv,100789904.0,468067.0,results-2026-09/exp1/experiment1_tightness.csv,True
2026-09-09 22:58:47,HAUSP-UB[noEUCS],BMS1_SPMF,1,2,0.0035,0.0,0.2,2805280,23840,2,193,196,0,21,5,3046411,24,3032202,98,0.0,0.042039,0.044379,97,0,41.88,3046098,3046098,458,338,SUCCESS,14207.0,0.0,,975232.0,1844768.0,0.0,1304448.0,,,,,98.0,2.0,used,,,,20260909-2256,False,results-2026-09/exp1/experiment1_tightness.csv,3046411.0,14207.0,results-2026-09/exp1/experiment1_tightness.csv,True
2026-09-09 22:58:47,HAUSP-UB[noEUCS],BMS1_SPMF,2,2,0.0035,0.0,0.2,4090185,35760,2,67,69,0,5,1,611388,74,608187,117,0.0,0.064957,0.07524,94,0,45.99,611111,611111,418,387,SUCCESS,3188.0,0.0,,1274752.0,2728384.0,0.0,2031872.0,,,,,117.0,13.0,used,,,,20260909-2256,False,results-2026-09/exp1/experiment1_tightness.csv,611388.0,3188.0,results-2026-09/exp1/experiment1_tightness.csv,True
2026-09-09 22:58:47,HAUSP-UB[noEUCS],BMS1_SPMF,3,2,0.0035,0.0,0.2,5578380,47680,2,98,101,0,5,1,671378,72,667788,112,0.0,0.057647,0.067303,93,0,50.38,671036,671036,346,389,SUCCESS,3563.0,0.0,,1860480.0,3699328.0,0.0,2677888.0,,,,,112.0,27.0,used,,,,20260909-2256,False,results-2026-09/exp1/experiment1_tightness.csv,671378.0,3563.0,results-2026-09/exp1/experiment1_tightness.csv,True
2026-09-09 22:59:12,HAUSP-UB[noEUCS],BMS1_SPMF,4,2,0.0035,0.0,0.2,7229030,59601,3,24407,24410,0,774,263,103110382,170,102437014,87,0.0,0.039763,0.039814,93,0,58.61,103110126,103110126,562,497,SUCCESS,673331.0,0.0,,2163840.0,4788416.0,0.0,3846016.0,,,,,87.0,37.0,used,,,,20260909-2256,False,results-2026-09/exp1/experiment1_tightness.csv,103110382.0,673331.0,results-2026-09/exp1/experiment1_tightness.csv,True
2026-09-09 22:59:34,HAUSP-UB[noEUCS],FIFA,0,0,0.012,0.0,0.2,7402552,4090,7,20805,20813,1,204,60,25763977,2017,25611986,322,0.0,0.095972,0.09607,231,0,133.21,25765835,25763184,2651,2316,SUCCESS,151622.0,0.0,,8212480.0,4892320.0,0.0,3450624.0,,,,,112.0,159.0,used,,,,20260909-2256,False,results-2026-09/exp1/experiment1_tightness.csv,25763977.0,151622.0,results-2026-09/exp1/experiment1_tightness.csv,True
2026-09-09 23:00:10,HAUSP-UB[noEUCS],FIFA,1,0,0.012,0.0,0.2,14678365,8180,6,36427,36434,1,204,52,23458022,2329,23327309,298,0.0,0.096672,0.09678,215,0,166.66,23457886,23457568,653,2627,SUCCESS,130375.0,0.0,,17383424.0,9695616.0,0.0,14728192.0,,,,,109.0,149.0,used,,,,20260909-2256,False,results-2026-09/exp1/experiment1_tightness.csv,23458022.0,130375.0,results-2026-09/exp1/experiment1_tightness.csv,True
2026-09-09 23:01:07,HAUSP-UB[noEUCS],FIFA,2,0,0.012,0.0,0.2,21657235,12270,6,56156,56163,1,219,54,23893546,2515,23758249,312,0.0,0.09711,0.097222,280,0,189.13,23893283,23893102,523,2811,SUCCESS,134941.0,0.0,,22937600.0,14372960.0,0.0,28737152.0,,,,,107.0,151.0,used,,,,20260909-2256,False,results-2026-09/exp1/experiment1_tightness.csv,23893546.0,134941.0,results-2026-09/exp1/experiment1_tightness.csv,True
2026-09-09 23:02:22,HAUSP-UB[noEUCS],FIFA,3,0,0.012,0.0,0.2,28870802,16360,6,74694,74700,1,234,55,23966676,2612,23830349,299,0.0,0.09581,0.095917,346,0,213.97,23966314,23966223,430,2907,SUCCESS,135970.0,0.0,,34799616.0,19130880.0,0.0,36989568.0,,,,,105.0,163.0,used,,,,20260909-2256,False,results-2026-09/exp1/experiment1_tightness.csv,23966676.0,135970.0,results-2026-09/exp1/experiment1_tightness.csv,True
2026-09-09 23:03:51,HAUSP-UB[noEUCS],FIFA,4,0,0.012,0.0,0.2,35721991,20450,8,89025,89034,1,236,54,22652772,2701,22523748,267,0.0,0.096915,0.097026,334,0,234.98,22652401,22652321,414,2990,SUCCESS,128691.0,0.0,,42729472.0,23714944.0,0.0,48006784.0,,,,,99.0,165.0,used,,,,20260909-2256,False,results-2026-09/exp1/experiment1_tightness.csv,22652772.0,128691.0,results-2026-09/exp1/experiment1_tightness.csv,True
2026-09-09 23:04:13,HAUSP-UB[noEUCS],FIFA,0,1,0.012,0.0,0.2,7402552,4090,8,20874,20882,1,203,60,25763977,2017,25611986,322,0.0,0.095972,0.09607,231,0,132.85,25765835,25763184,2651,2316,SUCCESS,151622.0,0.0,,8212480.0,4892320.0,0.0,3450624.0,,,,,112.0,159.0,used,,,,20260909-2256,False,results-2026-09/exp1/experiment1_tightness.csv,25763977.0,151622.0,results-2026-09/exp1/experiment1_tightness.csv,True
2026-09-09 23:04:49,HAUSP-UB[noEUCS],FIFA,1,1,0.012,0.0,0.2,14678365,8180,7,36421,36429,1,195,52,23458022,2329,23327309,298,0.0,0.096672,0.09678,215,0,164.46,23457886,23457568,653,2627,SUCCESS,130375.0,0.0,,16752640.0,9695616.0,0.0,14728192.0,,,,,109.0,149.0,used,,,,20260909-2256,False,results-2026-09/exp1/experiment1_tightness.csv,23458022.0,130375.0,results-2026-09/exp1/experiment1_tightness.csv,True
2026-09-09 23:05:46,HAUSP-UB[noEUCS],FIFA,2,1,0.012,0.0,0.2,21657235,12270,7,55955,55963,1,217,55,23893546,2515,23758249,312,0.0,0.09711,0.097222,280,0,187.15,23893283,23893102,523,2811,SUCCESS,134941.0,0.0,,22331392.0,14372960.0,0.0,28737152.0,,,,,107.0,151.0,used,,,,20260909-2256,False,results-2026-09/exp1/experiment1_tightness.csv,23893546.0,134941.0,results-2026-09/exp1/experiment1_tightness.csv,True
2026-09-09 23:07:01,HAUSP-UB[noEUCS],FIFA,3,1,0.012,0.0,0.2,28870802,16360,7,74580,74588,1,229,56,23966676,2612,23830349,299,0.0,0.09581,0.095917,346,0,214.05,23966314,23966223,430,2907,SUCCESS,135970.0,0.0,,34799616.0,19130880.0,0.0,36989568.0,,,,,105.0,163.0,used,,,,20260909-2256,False,results-2026-09/exp1/experiment1_tightness.csv,23966676.0,135970.0,results-2026-09/exp1/experiment1_tightness.csv,True
2026-09-09 23:08:30,HAUSP-UB[noEUCS],FIFA,4,1,0.012,0.0,0.2,35721991,20450,6,88920,88927,1,237,54,22652772,2701,22523748,267,0.0,0.096915,0.097026,334,0,234.42,22652401,22652321,414,2990,SUCCESS,128691.0,0.0,,42729472.0,23714944.0,0.0,48006784.0,,,,,99.0,165.0,used,,,,20260909-2256,False,results-2026-09/exp1/experiment1_tightness.csv,22652772.0,128691.0,results-2026-09/exp1/experiment1_tightness.csv,True
2026-09-09 23:08:51,HAUSP-UB[noEUCS],FIFA,0,2,0.012,0.0,0.2,7402552,4090,7,20863,20871,1,203,60,25763977,2017,25611986,322,0.0,0.095972,0.09607,231,0,132.85,25765835,25763184,2651,2316,SUCCESS,151622.0,0.0,,8470528.0,4892320.0,0.0,3450624.0,,,,,112.0,159.0,used,,,,20260909-2256,False,results-2026-09/exp1/experiment1_tightness.csv,25763977.0,151622.0,results-2026-09/exp1/experiment1_tightness.csv,True
2026-09-09 23:09:28,HAUSP-UB[noEUCS],FIFA,1,2,0.012,0.0,0.2,14678365,8180,7,36403,36410,1,197,52,23458022,2329,23327309,298,0.0,0.096672,0.09678,215,0,164.46,23457886,23457568,653,2627,SUCCESS,130375.0,0.0,,17154048.0,9695616.0,0.0,14728192.0,,,,,109.0,149.0,used,,,,20260909-2256,False,results-2026-09/exp1/experiment1_tightness.csv,23458022.0,130375.0,results-2026-09/exp1/experiment1_tightness.csv,True
2026-09-09 23:10:24,HAUSP-UB[noEUCS],FIFA,2,2,0.012,0.0,0.2,21657235,12270,7,55979,55987,1,215,54,23893546,2515,23758249,312,0.0,0.09711,0.097222,280,0,187.2,23893283,23893102,523,2811,SUCCESS,134941.0,0.0,,22659072.0,14372960.0,0.0,28737152.0,,,,,107.0,151.0,used,,,,20260909-2256,False,results-2026-09/exp1/experiment1_tightness.csv,23893546.0,134941.0,results-2026-09/exp1/experiment1_tightness.csv,True
2026-09-09 23:11:40,HAUSP-UB[noEUCS],FIFA,3,2,0.012,0.0,0.2,28870802,16360,7,74937,74945,1,234,56,23966676,2612,23830349,299,0.0,0.09581,0.095917,346,0,213.61,23966314,23966223,430,2907,SUCCESS,135970.0,0.0,,34799616.0,19130880.0,0.0,36989568.0,,,,,105.0,163.0,used,,,,20260909-2256,False,results-2026-09/exp1/experiment1_tightness.csv,23966676.0,135970.0,results-2026-09/exp1/experiment1_tightness.csv,True
2026-09-09 23:13:09,HAUSP-UB[noEUCS],FIFA,4,2,0.012,0.0,0.2,35721991,20450,6,88767,88774,1,236,54,22652772,2701,22523748,267,0.0,0.096915,0.097026,334,0,234.17,22652401,22652321,414,2990,SUCCESS,128691.0,0.0,,42729472.0,23714944.0,0.0,48006784.0,,,,,99.0,165.0,used,,,,20260909-2256,False,results-2026-09/exp1/experiment1_tightness.csv,22652772.0,128691.0,results-2026-09/exp1/experiment1_tightness.csv,True
2026-09-09 23:13:28,HAUSP-UB[noEUCS],KOSARAK,0,0,0.003,0.0,0.2,79636688,198000,69,16947,17017,15,308,18,51567664,25266,51520192,1585,0.0,0.027989,0.029411,103,0,1460.29,51591851,51559704,32147,28708,SUCCESS,46393.0,0.0,,84082688.0,50955040.0,0.0,37820544.0,,,,,1585.0,1079.0,used,,,,20260909-2256,False,results-2026-09/exp1/experiment1_tightness.csv,51567664.0,46393.0,results-2026-09/exp1/experiment1_tightness.csv,True
2026-09-09 23:14:10,HAUSP-UB[noEUCS],KOSARAK,1,0,0.003,0.0,0.2,161031299,396000,74,41385,41460,15,428,22,67909611,30459,67854517,1532,0.0,0.026252,0.027432,102,0,1850.6,67910250,67904881,8808,33988,SUCCESS,53982.0,0.0,,159506432.0,103047712.0,0.0,159067648.0,,,,,1532.0,1112.0,used,,,,20260909-2256,False,results-2026-09/exp1/experiment1_tightness.csv,67909611.0,53982.0,results-2026-09/exp1/experiment1_tightness.csv,True
2026-09-09 23:15:06,HAUSP-UB[noEUCS],KOSARAK,2,0,0.003,0.0,0.2,240799749,594000,74,56000,56075,15,382,20,58594053,33508,58545243,1521,0.0,0.02838,0.029705,104,0,2253.65,58592514,58589619,6423,36960,SUCCESS,47751.0,0.0,,219889664.0,154076512.0,0.0,330810368.0,,,,,1521.0,1059.0,used,,,,20260909-2256,False,results-2026-09/exp1/experiment1_tightness.csv,58594053.0,47751.0,results-2026-09/exp1/experiment1_tightness.csv,True
2026-09-09 23:16:40,HAUSP-UB[noEUCS],KOSARAK,3,0,0.003,0.0,0.2,321393622,792000,77,93306,93384,15,524,26,77736196,35900,77676008,1548,0.0,0.027469,0.028528,101,0,2603.28,77734045,77731391,6105,39483,SUCCESS,59097.0,0.0,,250822656.0,205662048.0,0.0,528886528.0,,,,,1548.0,1091.0,used,,,,20260909-2256,False,results-2026-09/exp1/experiment1_tightness.csv,77736196.0,59097.0,results-2026-09/exp1/experiment1_tightness.csv,True
2026-09-09 23:18:31,HAUSP-UB[noEUCS],KOSARAK,4,0,0.003,0.0,0.2,400890653,990002,77,109573,109651,11,505,24,71686014,37724,71630223,1537,0.0,0.027545,0.028679,103,0,2916.24,71683160,71681410,5332,41270,SUCCESS,54696.0,0.0,,287637504.0,256608480.0,0.0,712001920.0,,,,,1537.0,1095.0,used,,,,20260909-2256,False,results-2026-09/exp1/experiment1_tightness.csv,71686014.0,54696.0,results-2026-09/exp1/experiment1_tightness.csv,True
2026-09-09 23:18:49,HAUSP-UB[noEUCS],KOSARAK,0,1,0.003,0.0,0.2,79636688,198000,75,17098,17174,15,306,19,51567664,25266,51520192,1585,0.0,0.027989,0.029411,103,0,1452.29,51591851,51559704,32147,28708,SUCCESS,46393.0,0.0,,81338368.0,50955040.0,0.0,37820544.0,,,,,1585.0,1079.0,used,,,,20260909-2256,False,results-2026-09/exp1/experiment1_tightness.csv,51567664.0,46393.0,results-2026-09/exp1/experiment1_tightness.csv,True
2026-09-09 23:19:31,HAUSP-UB[noEUCS],KOSARAK,1,1,0.003,0.0,0.2,161031299,396000,73,41161,41234,15,424,22,67909611,30459,67854517,1532,0.0,0.026252,0.027432,102,0,1850.83,67910250,67904881,8808,33988,SUCCESS,53982.0,0.0,,160055296.0,103047712.0,0.0,159067648.0,,,,,1532.0,1112.0,used,,,,20260909-2256,False,results-2026-09/exp1/experiment1_tightness.csv,67909611.0,53982.0,results-2026-09/exp1/experiment1_tightness.csv,True
2026-09-09 23:20:27,HAUSP-UB[noEUCS],KOSARAK,2,1,0.003,0.0,0.2,240799749,594000,71,55942,56014,14,393,20,58594053,33508,58545243,1521,0.0,0.02838,0.029705,104,0,2254.24,58592514,58589619,6423,36960,SUCCESS,47751.0,0.0,,221290496.0,154076512.0,0.0,330810368.0,,,,,1521.0,1059.0,used,,,,20260909-2256,False,results-2026-09/exp1/experiment1_tightness.csv,58594053.0,47751.0,results-2026-09/exp1/experiment1_tightness.csv,True
2026-09-09 23:22:01,HAUSP-UB[noEUCS],KOSARAK,3,1,0.003,0.0,0.2,321393622,792000,74,93617,93692,15,528,27,77736196,35900,77676008,1548,0.0,0.027469,0.028528,101,0,2698.78,77734045,77731391,6105,39483,SUCCESS,59097.0,0.0,,288366592.0,205662048.0,0.0,528886528.0,,,,,1548.0,1091.0,used,,,,20260909-2256,False,results-2026-09/exp1/experiment1_tightness.csv,77736196.0,59097.0,results-2026-09/exp1/experiment1_tightness.csv,True
2026-09-09 23:23:52,HAUSP-UB[noEUCS],KOSARAK,4,1,0.003,0.0,0.2,400890653,990002,74,109804,109879,11,516,26,71686014,37724,71630223,1537,0.0,0.027545,0.028679,103,0,2917.57,71683160,71681410,5332,41270,SUCCESS,54696.0,0.0,,287637504.0,256608480.0,0.0,712001920.0,,,,,1537.0,1095.0,used,,,,20260909-2256,False,results-2026-09/exp1/experiment1_tightness.csv,71686014.0,54696.0,results-2026-09/exp1/experiment1_tightness.csv,True
2026-09-09 23:24:10,HAUSP-UB[noEUCS],KOSARAK,0,2,0.003,0.0,0.2,79636688,198000,70,16942,17012,15,308,19,51567664,25266,51520192,1585,0.0,0.027989,0.029411,103,0,1452.29,51591851,51559704,32147,28708,SUCCESS,46393.0,0.0,,84029440.0,50955040.0,0.0,37820544.0,,,,,1585.0,1079.0,used,,,,20260909-2256,False,results-2026-09/exp1/experiment1_tightness.csv,51567664.0,46393.0,results-2026-09/exp1/experiment1_tightness.csv,True
2026-09-09 23:24:51,HAUSP-UB[noEUCS],KOSARAK,1,2,0.003,0.0,0.2,161031299,396000,73,40883,40957,15,426,22,67909611,30459,67854517,1532,0.0,0.026252,0.027432,102,0,1842.78,67910250,67904881,8808,33988,SUCCESS,53982.0,0.0,,159506432.0,103047712.0,0.0,159067648.0,,,,,1532.0,1112.0,used,,,,20260909-2256,False,results-2026-09/exp1/experiment1_tightness.csv,67909611.0,53982.0,results-2026-09/exp1/experiment1_tightness.csv,True
2026-09-09 23:25:48,HAUSP-UB[noEUCS],KOSARAK,2,2,0.003,0.0,0.2,240799749,594000,72,56172,56244,15,388,20,58594053,33508,58545243,1521,0.0,0.02838,0.029705,104,0,2245.72,58592514,58589619,6423,36960,SUCCESS,47751.0,0.0,,219889664.0,154076512.0,0.0,330810368.0,,,,,1521.0,1059.0,used,,,,20260909-2256,False,results-2026-09/exp1/experiment1_tightness.csv,58594053.0,47751.0,results-2026-09/exp1/experiment1_tightness.csv,True
2026-09-09 23:27:22,HAUSP-UB[noEUCS],KOSARAK,3,2,0.003,0.0,0.2,321393622,792000,77,93190,93267,16,524,26,77736196,35900,77676008,1548,0.0,0.027469,0.028528,101,0,2595.08,77734045,77731391,6105,39483,SUCCESS,59097.0,0.0,,250822656.0,205662048.0,0.0,528886528.0,,,,,1548.0,1091.0,used,,,,20260909-2256,False,results-2026-09/exp1/experiment1_tightness.csv,77736196.0,59097.0,results-2026-09/exp1/experiment1_tightness.csv,True
2026-09-09 23:29:13,HAUSP-UB[noEUCS],KOSARAK,4,2,0.003,0.0,0.2,400890653,990002,76,110043,110120,12,505,25,71686014,37724,71630223,1537,0.0,0.027545,0.028679,103,0,3147.68,71683160,71681410,5332,41270,SUCCESS,54696.0,0.0,,351305728.0,256608480.0,0.0,712001920.0,,,,,1537.0,1095.0,used,,,,20260909-2256,False,results-2026-09/exp1/experiment1_tightness.csv,71686014.0,54696.0,results-2026-09/exp1/experiment1_tightness.csv,True
2026-09-09 23:29:14,HAUSP-UB[noEUCS],LEVIATHAN,0,0,0.003,0.0,0.2,2833171,1166,2,240,242,0,19,7,2369635,3333,2350982,1214,0.0,0.363978,0.376474,4440,0,46.3,2372374,2367666,4708,4038,SUCCESS,17202.0,0.0,,3580928.0,1192704.0,0.0,1136384.0,,,,,357.0,594.0,used,,,,20260909-2256,False,results-2026-09/exp1/experiment1_tightness.csv,2369635.0,17202.0,results-2026-09/exp1/experiment1_tightness.csv,True
2026-09-09 23:29:14,HAUSP-UB[noEUCS],LEVIATHAN,1,0,0.003,0.0,0.2,5742029,2332,2,594,597,0,32,9,4381765,5060,4356527,1637,0.0,0.369428,0.382278,5965,0,62.66,4382243,4380552,2361,5731,SUCCESS,23380.0,0.0,,7950336.0,2485664.0,0.0,5703040.0,,,,,323.0,544.0,used,,,,20260909-2256,False,results-2026-09/exp1/experiment1_tightness.csv,4381765.0,23380.0,results-2026-09/exp1/experiment1_tightness.csv,True
2026-09-09 23:29:16,HAUSP-UB[noEUCS],LEVIATHAN,2,0,0.003,0.0,0.2,8655898,3498,2,983,986,0,39,10,5564058,6468,5536430,1659,0.0,0.371106,0.383258,6387,0,74.66,5564258,5562851,2075,7137,SUCCESS,25753.0,0.0,,12101376.0,3784224.0,0.0,14546944.0,,,,,321.0,537.0,used,,,,20260909-2256,False,results-2026-09/exp1/experiment1_tightness.csv,5564058.0,25753.0,results-2026-09/exp1/experiment1_tightness.csv,True
2026-09-09 23:29:17,HAUSP-UB[noEUCS],LEVIATHAN,3,0,0.003,0.0,0.2,11406844,4664,3,1281,1284,0,42,10,6078888,7425,6051489,1738,0.0,0.365936,0.378513,6281,0,102.44,6078644,6077656,1657,8110,SUCCESS,25454.0,0.0,,17690624.0,5049280.0,0.0,28472704.0,,,,,325.0,532.0,used,,,,20260909-2256,False,results-2026-09/exp1/experiment1_tightness.csv,6078888.0,25454.0,results-2026-09/exp1/experiment1_tightness.csv,True
2026-09-09 23:29:19,HAUSP-UB[noEUCS],LEVIATHAN,4,0,0.003,0.0,0.2,14156241,5834,3,1650,1654,0,45,10,6599011,8336,6570516,1777,0.0,0.366961,0.379732,6511,0,135.46,6598678,6597758,1604,9025,SUCCESS,26495.0,0.0,,22585344.0,6312032.0,0.0,47054080.0,,,,,336.0,559.0,used,,,,20260909-2256,False,results-2026-09/exp1/experiment1_tightness.csv,6599011.0,26495.0,results-2026-09/exp1/experiment1_tightness.csv,True
2026-09-09 23:29:20,HAUSP-UB[noEUCS],LEVIATHAN,0,1,0.003,0.0,0.2,2833171,1166,3,244,248,0,20,7,2369635,3333,2350982,1214,0.0,0.363978,0.376474,4440,0,46.15,2372374,2367666,4708,4038,SUCCESS,17202.0,0.0,,3580928.0,1192704.0,0.0,1136384.0,,,,,357.0,594.0,used,,,,20260909-2256,False,results-2026-09/exp1/experiment1_tightness.csv,2369635.0,17202.0,results-2026-09/exp1/experiment1_tightness.csv,True
2026-09-09 23:29:21,HAUSP-UB[noEUCS],LEVIATHAN,1,1,0.003,0.0,0.2,5742029,2332,2,594,597,0,32,9,4381765,5060,4356527,1637,0.0,0.369428,0.382278,5965,0,56.09,4382243,4380552,2361,5731,SUCCESS,23380.0,0.0,,7950336.0,2485664.0,0.0,5703040.0,,,,,323.0,544.0,used,,,,20260909-2256,False,results-2026-09/exp1/experiment1_tightness.csv,4381765.0,23380.0,results-2026-09/exp1/experiment1_tightness.csv,True
2026-09-09 23:29:22,HAUSP-UB[noEUCS],LEVIATHAN,2,1,0.003,0.0,0.2,8655898,3498,2,981,984,0,39,10,5564058,6468,5536430,1659,0.0,0.371106,0.383258,6387,0,74.47,5564258,5562851,2075,7137,SUCCESS,25753.0,0.0,,12101376.0,3784224.0,0.0,14546944.0,,,,,321.0,537.0,used,,,,20260909-2256,False,results-2026-09/exp1/experiment1_tightness.csv,5564058.0,25753.0,results-2026-09/exp1/experiment1_tightness.csv,True
2026-09-09 23:29:23,HAUSP-UB[noEUCS],LEVIATHAN,3,1,0.003,0.0,0.2,11406844,4664,3,1276,1280,0,42,10,6078888,7425,6051489,1738,0.0,0.365936,0.378513,6281,0,102.81,6078644,6077656,1657,8110,SUCCESS,25454.0,0.0,,17690624.0,5049280.0,0.0,28472704.0,,,,,325.0,532.0,used,,,,20260909-2256,False,results-2026-09/exp1/experiment1_tightness.csv,6078888.0,25454.0,results-2026-09/exp1/experiment1_tightness.csv,True
2026-09-09 23:29:25,HAUSP-UB[noEUCS],LEVIATHAN,4,1,0.003,0.0,0.2,14156241,5834,3,1642,1645,0,44,10,6599011,8336,6570516,1777,0.0,0.366961,0.379732,6511,0,136.09,6598678,6597758,1604,9025,SUCCESS,26495.0,0.0,,22585344.0,6312032.0,0.0,47054080.0,,,,,336.0,559.0,used,,,,20260909-2256,False,results-2026-09/exp1/experiment1_tightness.csv,6599011.0,26495.0,results-2026-09/exp1/experiment1_tightness.csv,True
2026-09-09 23:29:26,HAUSP-UB[noEUCS],LEVIATHAN,0,2,0.003,0.0,0.2,2833171,1166,3,245,248,0,20,7,2369635,3333,2350982,1214,0.0,0.363978,0.376474,4440,0,46.15,2372374,2367666,4708,4038,SUCCESS,17202.0,0.0,,3580928.0,1192704.0,0.0,1136384.0,,,,,357.0,594.0,used,,,,20260909-2256,False,results-2026-09/exp1/experiment1_tightness.csv,2369635.0,17202.0,results-2026-09/exp1/experiment1_tightness.csv,True
2026-09-09 23:29:27,HAUSP-UB[noEUCS],LEVIATHAN,1,2,0.003,0.0,0.2,5742029,2332,2,594,596,0,32,9,4381765,5060,4356527,1637,0.0,0.369428,0.382278,5965,0,56.07,4382243,4380552,2361,5731,SUCCESS,23380.0,0.0,,7950336.0,2485664.0,0.0,5703040.0,,,,,323.0,544.0,used,,,,20260909-2256,False,results-2026-09/exp1/experiment1_tightness.csv,4381765.0,23380.0,results-2026-09/exp1/experiment1_tightness.csv,True
2026-09-09 23:29:28,HAUSP-UB[noEUCS],LEVIATHAN,2,2,0.003,0.0,0.2,8655898,3498,2,979,982,0,39,10,5564058,6468,5536430,1659,0.0,0.371106,0.383258,6387,0,74.33,5564258,5562851,2075,7137,SUCCESS,25753.0,0.0,,12101376.0,3784224.0,0.0,14546944.0,,,,,321.0,537.0,used,,,,20260909-2256,False,results-2026-09/exp1/experiment1_tightness.csv,5564058.0,25753.0,results-2026-09/exp1/experiment1_tightness.csv,True
2026-09-09 23:29:30,HAUSP-UB[noEUCS],LEVIATHAN,3,2,0.003,0.0,0.2,11406844,4664,3,1278,1281,0,42,10,6078888,7425,6051489,1738,0.0,0.365936,0.378513,6281,0,102.81,6078644,6077656,1657,8110,SUCCESS,25454.0,0.0,,17690624.0,5049280.0,0.0,28472704.0,,,,,325.0,532.0,used,,,,20260909-2256,False,results-2026-09/exp1/experiment1_tightness.csv,6078888.0,25454.0,results-2026-09/exp1/experiment1_tightness.csv,True
2026-09-09 23:29:32,HAUSP-UB[noEUCS],LEVIATHAN,4,2,0.003,0.0,0.2,14156241,5834,3,1644,1647,0,45,10,6599011,8336,6570516,1777,0.0,0.366961,0.379732,6511,0,136.09,6598678,6597758,1604,9025,SUCCESS,26495.0,0.0,,22585344.0,6312032.0,0.0,47054080.0,,,,,336.0,559.0,used,,,,20260909-2256,False,results-2026-09/exp1/experiment1_tightness.csv,6599011.0,26495.0,results-2026-09/exp1/experiment1_tightness.csv,True
2026-09-09 23:29:32,HAUSP-UB[noEUCS],LEVIATHAN,0,3,0.003,0.0,0.2,2833171,1166,3,246,249,0,20,7,2369635,3333,2350982,1214,0.0,0.363978,0.376474,4440,0,46.15,2372374,2367666,4708,4038,SUCCESS,17202.0,0.0,,3580928.0,1192704.0,0.0,1136384.0,,,,,357.0,594.0,used,,,,20260909-2256,False,results-2026-09/exp1/experiment1_tightness.csv,2369635.0,17202.0,results-2026-09/exp1/experiment1_tightness.csv,True
2026-09-09 23:29:33,HAUSP-UB[noEUCS],LEVIATHAN,1,3,0.003,0.0,0.2,5742029,2332,2,594,597,0,32,9,4381765,5060,4356527,1637,0.0,0.369428,0.382278,5965,0,56.19,4382243,4380552,2361,5731,SUCCESS,23380.0,0.0,,7950336.0,2485664.0,0.0,5703040.0,,,,,323.0,544.0,used,,,,20260909-2256,False,results-2026-09/exp1/experiment1_tightness.csv,4381765.0,23380.0,results-2026-09/exp1/experiment1_tightness.csv,True
2026-09-09 23:29:34,HAUSP-UB[noEUCS],LEVIATHAN,2,3,0.003,0.0,0.2,8655898,3498,2,982,985,0,39,10,5564058,6468,5536430,1659,0.0,0.371106,0.383258,6387,0,73.79,5564258,5562851,2075,7137,SUCCESS,25753.0,0.0,,12101376.0,3784224.0,0.0,14546944.0,,,,,321.0,537.0,used,,,,20260909-2256,False,results-2026-09/exp1/experiment1_tightness.csv,5564058.0,25753.0,results-2026-09/exp1/experiment1_tightness.csv,True
2026-09-09 23:29:36,HAUSP-UB[noEUCS],LEVIATHAN,3,3,0.003,0.0,0.2,11406844,4664,3,1278,1282,0,42,10,6078888,7425,6051489,1738,0.0,0.365936,0.378513,6281,0,102.97,6078644,6077656,1657,8110,SUCCESS,25454.0,0.0,,17690624.0,5049280.0,0.0,28472704.0,,,,,325.0,532.0,used,,,,20260909-2256,False,results-2026-09/exp1/experiment1_tightness.csv,6078888.0,25454.0,results-2026-09/exp1/experiment1_tightness.csv,True
2026-09-09 23:29:38,HAUSP-UB[noEUCS],LEVIATHAN,4,3,0.003,0.0,0.2,14156241,5834,3,1644,1647,0,45,10,6599011,8336,6570516,1777,0.0,0.366961,0.379732,6511,0,136.09,6598678,6597758,1604,9025,SUCCESS,26495.0,0.0,,22585344.0,6312032.0,0.0,47054080.0,,,,,336.0,559.0,used,,,,20260909-2256,False,results-2026-09/exp1/experiment1_tightness.csv,6599011.0,26495.0,results-2026-09/exp1/experiment1_tightness.csv,True
2026-09-09 23:29:39,HAUSP-UB[noEUCS],LEVIATHAN,0,4,0.003,0.0,0.2,2833171,1166,3,246,250,0,20,7,2369635,3333,2350982,1214,0.0,0.363978,0.376474,4440,0,46.15,2372374,2367666,4708,4038,SUCCESS,17202.0,0.0,,3580928.0,1192704.0,0.0,1136384.0,,,,,357.0,594.0,used,,,,20260909-2256,False,results-2026-09/exp1/experiment1_tightness.csv,2369635.0,17202.0,results-2026-09/exp1/experiment1_tightness.csv,True
2026-09-09 23:29:40,HAUSP-UB[noEUCS],LEVIATHAN,1,4,0.003,0.0,0.2,5742029,2332,2,595,598,0,32,9,4381765,5060,4356527,1637,0.0,0.369428,0.382278,5965,0,56.72,4382243,4380552,2361,5731,SUCCESS,23380.0,0.0,,7950336.0,2485664.0,0.0,5703040.0,,,,,323.0,544.0,used,,,,20260909-2256,False,results-2026-09/exp1/experiment1_tightness.csv,4381765.0,23380.0,results-2026-09/exp1/experiment1_tightness.csv,True
2026-09-09 23:29:41,HAUSP-UB[noEUCS],LEVIATHAN,2,4,0.003,0.0,0.2,8655898,3498,2,981,984,0,40,10,5564058,6468,5536430,1659,0.0,0.371106,0.383258,6387,0,74.07,5564258,5562851,2075,7137,SUCCESS,25753.0,0.0,,12101376.0,3784224.0,0.0,14546944.0,,,,,321.0,537.0,used,,,,20260909-2256,False,results-2026-09/exp1/experiment1_tightness.csv,5564058.0,25753.0,results-2026-09/exp1/experiment1_tightness.csv,True
2026-09-09 23:29:42,HAUSP-UB[noEUCS],LEVIATHAN,3,4,0.003,0.0,0.2,11406844,4664,3,1280,1283,0,42,10,6078888,7425,6051489,1738,0.0,0.365936,0.378513,6281,0,102.96,6078644,6077656,1657,8110,SUCCESS,25454.0,0.0,,17690624.0,5049280.0,0.0,28472704.0,,,,,325.0,532.0,used,,,,20260909-2256,False,results-2026-09/exp1/experiment1_tightness.csv,6078888.0,25454.0,results-2026-09/exp1/experiment1_tightness.csv,True
2026-09-09 23:29:44,HAUSP-UB[noEUCS],LEVIATHAN,4,4,0.003,0.0,0.2,14156241,5834,2,1642,1646,0,45,10,6599011,8336,6570516,1777,0.0,0.366961,0.379732,6511,0,136.09,6598678,6597758,1604,9025,SUCCESS,26495.0,0.0,,22585344.0,6312032.0,0.0,47054080.0,,,,,336.0,559.0,used,,,,20260909-2256,False,results-2026-09/exp1/experiment1_tightness.csv,6599011.0,26495.0,results-2026-09/exp1/experiment1_tightness.csv,True
2026-09-09 23:29:45,HAUSP-UB[noEUCS],LEVIATHAN,0,5,0.003,0.0,0.2,2833171,1166,3,248,252,0,20,7,2369635,3333,2350982,1214,0.0,0.363978,0.376474,4440,0,46.15,2372374,2367666,4708,4038,SUCCESS,17202.0,0.0,,3580928.0,1192704.0,0.0,1136384.0,,,,,357.0,594.0,used,,,,20260909-2256,False,results-2026-09/exp1/experiment1_tightness.csv,2369635.0,17202.0,results-2026-09/exp1/experiment1_tightness.csv,True
2026-09-09 23:29:46,HAUSP-UB[noEUCS],LEVIATHAN,1,5,0.003,0.0,0.2,5742029,2332,2,595,597,0,32,9,4381765,5060,4356527,1637,0.0,0.369428,0.382278,5965,0,56.26,4382243,4380552,2361,5731,SUCCESS,23380.0,0.0,,7950336.0,2485664.0,0.0,5703040.0,,,,,323.0,544.0,used,,,,20260909-2256,False,results-2026-09/exp1/experiment1_tightness.csv,4381765.0,23380.0,results-2026-09/exp1/experiment1_tightness.csv,True
2026-09-09 23:29:47,HAUSP-UB[noEUCS],LEVIATHAN,2,5,0.003,0.0,0.2,8655898,3498,2,980,983,0,39,10,5564058,6468,5536430,1659,0.0,0.371106,0.383258,6387,0,74.38,5564258,5562851,2075,7137,SUCCESS,25753.0,0.0,,12101376.0,3784224.0,0.0,14546944.0,,,,,321.0,537.0,used,,,,20260909-2256,False,results-2026-09/exp1/experiment1_tightness.csv,5564058.0,25753.0,results-2026-09/exp1/experiment1_tightness.csv,True
2026-09-09 23:29:49,HAUSP-UB[noEUCS],LEVIATHAN,3,5,0.003,0.0,0.2,11406844,4664,3,1281,1284,0,42,10,6078888,7425,6051489,1738,0.0,0.365936,0.378513,6281,0,102.56,6078644,6077656,1657,8110,SUCCESS,25454.0,0.0,,17690624.0,5049280.0,0.0,28472704.0,,,,,325.0,532.0,used,,,,20260909-2256,False,results-2026-09/exp1/experiment1_tightness.csv,6078888.0,25454.0,results-2026-09/exp1/experiment1_tightness.csv,True
2026-09-09 23:29:50,HAUSP-UB[noEUCS],LEVIATHAN,4,5,0.003,0.0,0.2,14156241,5834,4,1643,1648,0,45,10,6599011,8336,6570516,1777,0.0,0.366961,0.379732,6511,0,136.09,6598678,6597758,1604,9025,SUCCESS,26495.0,0.0,,22585344.0,6312032.0,0.0,47054080.0,,,,,336.0,559.0,used,,,,20260909-2256,False,results-2026-09/exp1/experiment1_tightness.csv,6599011.0,26495.0,results-2026-09/exp1/experiment1_tightness.csv,True
2026-09-09 23:29:51,HAUSP-UB[noEUCS],LEVIATHAN,0,6,0.003,0.0,0.2,2833171,1166,3,247,250,0,20,7,2369635,3333,2350982,1214,0.0,0.363978,0.376474,4440,0,46.15,2372374,2367666,4708,4038,SUCCESS,17202.0,0.0,,3580928.0,1192704.0,0.0,1136384.0,,,,,357.0,594.0,used,,,,20260909-2256,False,results-2026-09/exp1/experiment1_tightness.csv,2369635.0,17202.0,results-2026-09/exp1/experiment1_tightness.csv,True
2026-09-09 23:29:52,HAUSP-UB[noEUCS],LEVIATHAN,1,6,0.003,0.0,0.2,5742029,2332,2,594,596,0,32,9,4381765,5060,4356527,1637,0.0,0.369428,0.382278,5965,0,56.72,4382243,4380552,2361,5731,SUCCESS,23380.0,0.0,,7950336.0,2485664.0,0.0,5703040.0,,,,,323.0,544.0,used,,,,20260909-2256,False,results-2026-09/exp1/experiment1_tightness.csv,4381765.0,23380.0,results-2026-09/exp1/experiment1_tightness.csv,True
2026-09-09 23:29:53,HAUSP-UB[noEUCS],LEVIATHAN,2,6,0.003,0.0,0.2,8655898,3498,2,981,984,0,39,10,5564058,6468,5536430,1659,0.0,0.371106,0.383258,6387,0,74.01,5564258,5562851,2075,7137,SUCCESS,25753.0,0.0,,12101376.0,3784224.0,0.0,14546944.0,,,,,321.0,537.0,used,,,,20260909-2256,False,results-2026-09/exp1/experiment1_tightness.csv,5564058.0,25753.0,results-2026-09/exp1/experiment1_tightness.csv,True
2026-09-09 23:29:55,HAUSP-UB[noEUCS],LEVIATHAN,3,6,0.003,0.0,0.2,11406844,4664,3,1280,1283,0,42,10,6078888,7425,6051489,1738,0.0,0.365936,0.378513,6281,0,102.97,6078644,6077656,1657,8110,SUCCESS,25454.0,0.0,,17690624.0,5049280.0,0.0,28472704.0,,,,,325.0,532.0,used,,,,20260909-2256,False,results-2026-09/exp1/experiment1_tightness.csv,6078888.0,25454.0,results-2026-09/exp1/experiment1_tightness.csv,True
2026-09-09 23:29:57,HAUSP-UB[noEUCS],LEVIATHAN,4,6,0.003,0.0,0.2,14156241,5834,3,1642,1645,0,45,10,6599011,8336,6570516,1777,0.0,0.366961,0.379732,6511,0,136.09,6598678,6597758,1604,9025,SUCCESS,26495.0,0.0,,22585344.0,6312032.0,0.0,47054080.0,,,,,336.0,559.0,used,,,,20260909-2256,False,results-2026-09/exp1/experiment1_tightness.csv,6599011.0,26495.0,results-2026-09/exp1/experiment1_tightness.csv,True
2026-09-09 23:29:58,HAUSP-UB[noEUCS],LEVIATHAN,0,7,0.003,0.0,0.2,2833171,1166,3,245,249,0,20,7,2369635,3333,2350982,1214,0.0,0.363978,0.376474,4440,0,46.15,2372374,2367666,4708,4038,SUCCESS,17202.0,0.0,,3580928.0,1192704.0,0.0,1136384.0,,,,,357.0,594.0,used,,,,20260909-2256,False,results-2026-09/exp1/experiment1_tightness.csv,2369635.0,17202.0,results-2026-09/exp1/experiment1_tightness.csv,True
2026-09-09 23:29:58,HAUSP-UB[noEUCS],LEVIATHAN,1,7,0.003,0.0,0.2,5742029,2332,2,594,597,0,32,9,4381765,5060,4356527,1637,0.0,0.369428,0.382278,5965,0,56.26,4382243,4380552,2361,5731,SUCCESS,23380.0,0.0,,7950336.0,2485664.0,0.0,5703040.0,,,,,323.0,544.0,used,,,,20260909-2256,False,results-2026-09/exp1/experiment1_tightness.csv,4381765.0,23380.0,results-2026-09/exp1/experiment1_tightness.csv,True
2026-09-09 23:30:00,HAUSP-UB[noEUCS],LEVIATHAN,2,7,0.003,0.0,0.2,8655898,3498,2,980,983,0,39,10,5564058,6468,5536430,1659,0.0,0.371106,0.383258,6387,0,73.95,5564258,5562851,2075,7137,SUCCESS,25753.0,0.0,,12101376.0,3784224.0,0.0,14546944.0,,,,,321.0,537.0,used,,,,20260909-2256,False,results-2026-09/exp1/experiment1_tightness.csv,5564058.0,25753.0,results-2026-09/exp1/experiment1_tightness.csv,True
2026-09-09 23:30:01,HAUSP-UB[noEUCS],LEVIATHAN,3,7,0.003,0.0,0.2,11406844,4664,3,1281,1284,0,42,10,6078888,7425,6051489,1738,0.0,0.365936,0.378513,6281,0,102.26,6078644,6077656,1657,8110,SUCCESS,25454.0,0.0,,17690624.0,5049280.0,0.0,28472704.0,,,,,325.0,532.0,used,,,,20260909-2256,False,results-2026-09/exp1/experiment1_tightness.csv,6078888.0,25454.0,results-2026-09/exp1/experiment1_tightness.csv,True
2026-09-09 23:30:03,HAUSP-UB[noEUCS],LEVIATHAN,4,7,0.003,0.0,0.2,14156241,5834,4,1646,1651,0,45,10,6599011,8336,6570516,1777,0.0,0.366961,0.379732,6511,0,136.09,6598678,6597758,1604,9025,SUCCESS,26495.0,0.0,,22585344.0,6312032.0,0.0,47054080.0,,,,,336.0,559.0,used,,,,20260909-2256,False,results-2026-09/exp1/experiment1_tightness.csv,6599011.0,26495.0,results-2026-09/exp1/experiment1_tightness.csv,True
2026-09-09 23:30:04,HAUSP-UB[noEUCS],LEVIATHAN,0,8,0.003,0.0,0.2,2833171,1166,3,248,252,0,20,7,2369635,3333,2350982,1214,0.0,0.363978,0.376474,4440,0,46.15,2372374,2367666,4708,4038,SUCCESS,17202.0,0.0,,3580928.0,1192704.0,0.0,1136384.0,,,,,357.0,594.0,used,,,,20260909-2256,False,results-2026-09/exp1/experiment1_tightness.csv,2369635.0,17202.0,results-2026-09/exp1/experiment1_tightness.csv,True
2026-09-09 23:30:05,HAUSP-UB[noEUCS],LEVIATHAN,1,8,0.003,0.0,0.2,5742029,2332,2,598,601,0,32,9,4381765,5060,4356527,1637,0.0,0.369428,0.382278,5965,0,56.16,4382243,4380552,2361,5731,SUCCESS,23380.0,0.0,,7950336.0,2485664.0,0.0,5703040.0,,,,,323.0,544.0,used,,,,20260909-2256,False,results-2026-09/exp1/experiment1_tightness.csv,4381765.0,23380.0,results-2026-09/exp1/experiment1_tightness.csv,True
2026-09-09 23:30:06,HAUSP-UB[noEUCS],LEVIATHAN,2,8,0.003,0.0,0.2,8655898,3498,2,980,983,0,40,10,5564058,6468,5536430,1659,0.0,0.371106,0.383258,6387,0,73.49,5564258,5562851,2075,7137,SUCCESS,25753.0,0.0,,12101376.0,3784224.0,0.0,14546944.0,,,,,321.0,537.0,used,,,,20260909-2256,False,results-2026-09/exp1/experiment1_tightness.csv,5564058.0,25753.0,results-2026-09/exp1/experiment1_tightness.csv,True
2026-09-09 23:30:07,HAUSP-UB[noEUCS],LEVIATHAN,3,8,0.003,0.0,0.2,11406844,4664,3,1281,1284,0,43,10,6078888,7425,6051489,1738,0.0,0.365936,0.378513,6281,0,103.06,6078644,6077656,1657,8110,SUCCESS,25454.0,0.0,,17690624.0,5049280.0,0.0,28472704.0,,,,,325.0,532.0,used,,,,20260909-2256,False,results-2026-09/exp1/experiment1_tightness.csv,6078888.0,25454.0,results-2026-09/exp1/experiment1_tightness.csv,True
2026-09-09 23:30:09,HAUSP-UB[noEUCS],LEVIATHAN,4,8,0.003,0.0,0.2,14156241,5834,3,1644,1648,0,45,10,6599011,8336,6570516,1777,0.0,0.366961,0.379732,6511,0,136.09,6598678,6597758,1604,9025,SUCCESS,26495.0,0.0,,22585344.0,6312032.0,0.0,47054080.0,,,,,336.0,559.0,used,,,,20260909-2256,False,results-2026-09/exp1/experiment1_tightness.csv,6599011.0,26495.0,results-2026-09/exp1/experiment1_tightness.csv,True
2026-09-09 23:30:10,HAUSP-UB[noEUCS],LEVIATHAN,0,9,0.003,0.0,0.2,2833171,1166,3,248,251,0,20,7,2369635,3333,2350982,1214,0.0,0.363978,0.376474,4440,0,46.15,2372374,2367666,4708,4038,SUCCESS,17202.0,0.0,,3580928.0,1192704.0,0.0,1136384.0,,,,,357.0,594.0,used,,,,20260909-2256,False,results-2026-09/exp1/experiment1_tightness.csv,2369635.0,17202.0,results-2026-09/exp1/experiment1_tightness.csv,True
2026-09-09 23:30:11,HAUSP-UB[noEUCS],LEVIATHAN,1,9,0.003,0.0,0.2,5742029,2332,2,594,597,0,32,9,4381765,5060,4356527,1637,0.0,0.369428,0.382278,5965,0,55.87,4382243,4380552,2361,5731,SUCCESS,23380.0,0.0,,7950336.0,2485664.0,0.0,5703040.0,,,,,323.0,544.0,used,,,,20260909-2256,False,results-2026-09/exp1/experiment1_tightness.csv,4381765.0,23380.0,results-2026-09/exp1/experiment1_tightness.csv,True
2026-09-09 23:30:12,HAUSP-UB[noEUCS],LEVIATHAN,2,9,0.003,0.0,0.2,8655898,3498,2,978,981,0,39,10,5564058,6468,5536430,1659,0.0,0.371106,0.383258,6387,0,73.84,5564258,5562851,2075,7137,SUCCESS,25753.0,0.0,,12101376.0,3784224.0,0.0,14546944.0,,,,,321.0,537.0,used,,,,20260909-2256,False,results-2026-09/exp1/experiment1_tightness.csv,5564058.0,25753.0,results-2026-09/exp1/experiment1_tightness.csv,True
2026-09-09 23:30:14,HAUSP-UB[noEUCS],LEVIATHAN,3,9,0.003,0.0,0.2,11406844,4664,3,1275,1279,0,42,10,6078888,7425,6051489,1738,0.0,0.365936,0.378513,6281,0,103.4,6078644,6077656,1657,8110,SUCCESS,25454.0,0.0,,17690624.0,5049280.0,0.0,28472704.0,,,,,325.0,532.0,used,,,,20260909-2256,False,results-2026-09/exp1/experiment1_tightness.csv,6078888.0,25454.0,results-2026-09/exp1/experiment1_tightness.csv,True
2026-09-09 23:30:15,HAUSP-UB[noEUCS],LEVIATHAN,4,9,0.003,0.0,0.2,14156241,5834,3,1643,1646,0,45,10,6599011,8336,6570516,1777,0.0,0.366961,0.379732,6511,0,136.09,6598678,6597758,1604,9025,SUCCESS,26495.0,0.0,,22585344.0,6312032.0,0.0,47054080.0,,,,,336.0,559.0,used,,,,20260909-2256,False,results-2026-09/exp1/experiment1_tightness.csv,6599011.0,26495.0,results-2026-09/exp1/experiment1_tightness.csv,True
2026-09-09 23:30:22,HAUSP-UB[noEUCS],SIGN,0,0,0.003,0.0,0.2,319686,146,1,5690,5692,0,1066,544,106349081,2,104965474,143,0.0,0.178773,0.178783,23387,0,26.13,106349081,106348144,937,217,SUCCESS,1383605.0,0.0,,1105408.0,242848.0,0.0,179968.0,,,,,143.0,2.0,used,,,,20260909-2256,False,results-2026-09/exp1/experiment1_tightness.csv,106349081.0,1383605.0,results-2026-09/exp1/experiment1_tightness.csv,True
2026-09-09 23:30:28,HAUSP-UB[noEUCS],SIGN,1,0,0.003,0.0,0.2,642036,292,0,6359,6360,0,891,365,102988598,22,102048886,61,0.0,0.181681,0.181697,17303,0,26.54,102988384,102988316,788,246,SUCCESS,939693.0,0.0,,2228736.0,486720.0,0.0,400768.0,,,,,61.0,19.0,used,,,,20260909-2256,False,results-2026-09/exp1/experiment1_tightness.csv,102988598.0,939693.0,results-2026-09/exp1/experiment1_tightness.csv,True
2026-09-09 23:30:35,HAUSP-UB[noEUCS],SIGN,2,0,0.003,0.0,0.2,955150,438,0,6160,6161,0,676,270,85023548,33,84336125,53,0.0,0.18486,0.184882,14594,0,25.92,85023314,85023311,762,255,SUCCESS,687402.0,0.0,,3246080.0,721888.0,0.0,577536.0,,,,,53.0,21.0,used,,,,20260909-2256,False,results-2026-09/exp1/experiment1_tightness.csv,85023548.0,687402.0,results-2026-09/exp1/experiment1_tightness.csv,True
2026-09-09 23:30:42,HAUSP-UB[noEUCS],SIGN,3,0,0.003,0.0,0.2,1316615,584,0,6725,6726,0,638,238,84148511,30,83536262,65,0.0,0.177132,0.177159,12887,0,26.0,84148270,84148270,749,267,SUCCESS,612233.0,0.0,,4172800.0,963200.0,0.0,819072.0,,,,,65.0,16.0,used,,,,20260909-2256,False,results-2026-09/exp1/experiment1_tightness.csv,84148511.0,612233.0,results-2026-09/exp1/experiment1_tightness.csv,True
2026-09-09 23:30:50,HAUSP-UB[noEUCS],SIGN,4,0,0.003,0.0,0.2,1668652,730,0,7903,7904,0,657,233,87193705,32,86599744,60,0.0,0.176058,0.176085,12666,0,28.13,87193456,87193443,754,267,SUCCESS,593947.0,0.0,,5608448.0,1214656.0,0.0,1015808.0,,,,,60.0,14.0,used,,,,20260909-2256,False,results-2026-09/exp1/experiment1_tightness.csv,87193705.0,593947.0,results-2026-09/exp1/experiment1_tightness.csv,True
2026-09-09 23:30:56,HAUSP-UB[noEUCS],SIGN,0,1,0.003,0.0,0.2,319686,146,1,5689,5690,0,1065,544,106349081,2,104965474,143,0.0,0.178773,0.178783,23387,0,26.13,106349081,106348144,937,217,SUCCESS,1383605.0,0.0,,1105408.0,242848.0,0.0,179968.0,,,,,143.0,2.0,used,,,,20260909-2256,False,results-2026-09/exp1/experiment1_tightness.csv,106349081.0,1383605.0,results-2026-09/exp1/experiment1_tightness.csv,True
2026-09-09 23:31:03,HAUSP-UB[noEUCS],SIGN,1,1,0.003,0.0,0.2,642036,292,0,6378,6378,0,895,366,102988598,22,102048886,61,0.0,0.181681,0.181697,17303,0,26.54,102988384,102988316,788,246,SUCCESS,939693.0,0.0,,2228736.0,486720.0,0.0,400768.0,,,,,61.0,19.0,used,,,,20260909-2256,False,results-2026-09/exp1/experiment1_tightness.csv,102988598.0,939693.0,results-2026-09/exp1/experiment1_tightness.csv,True
2026-09-09 23:31:09,HAUSP-UB[noEUCS],SIGN,2,1,0.003,0.0,0.2,955150,438,0,6162,6163,0,678,269,85023548,33,84336125,53,0.0,0.18486,0.184882,14594,0,25.92,85023314,85023311,762,255,SUCCESS,687402.0,0.0,,3246080.0,721888.0,0.0,577536.0,,,,,53.0,21.0,used,,,,20260909-2256,False,results-2026-09/exp1/experiment1_tightness.csv,85023548.0,687402.0,results-2026-09/exp1/experiment1_tightness.csv,True
2026-09-09 23:31:16,HAUSP-UB[noEUCS],SIGN,3,1,0.003,0.0,0.2,1316615,584,0,6728,6728,0,641,240,84148511,30,83536262,65,0.0,0.177132,0.177159,12887,0,26.0,84148270,84148270,749,267,SUCCESS,612233.0,0.0,,4172800.0,963200.0,0.0,819072.0,,,,,65.0,16.0,used,,,,20260909-2256,False,results-2026-09/exp1/experiment1_tightness.csv,84148511.0,612233.0,results-2026-09/exp1/experiment1_tightness.csv,True
2026-09-09 23:31:24,HAUSP-UB[noEUCS],SIGN,4,1,0.003,0.0,0.2,1668652,730,0,7898,7898,0,661,231,87193705,32,86599744,60,0.0,0.176058,0.176085,12666,0,28.13,87193456,87193443,754,267,SUCCESS,593947.0,0.0,,5608448.0,1214656.0,0.0,1015808.0,,,,,60.0,14.0,used,,,,20260909-2256,False,results-2026-09/exp1/experiment1_tightness.csv,87193705.0,593947.0,results-2026-09/exp1/experiment1_tightness.csv,True
2026-09-09 23:31:30,HAUSP-UB[noEUCS],SIGN,0,2,0.003,0.0,0.2,319686,146,1,5684,5686,0,1067,542,106349081,2,104965474,143,0.0,0.178773,0.178783,23387,0,26.13,106349081,106348144,937,217,SUCCESS,1383605.0,0.0,,1105408.0,242848.0,0.0,179968.0,,,,,143.0,2.0,used,,,,20260909-2256,False,results-2026-09/exp1/experiment1_tightness.csv,106349081.0,1383605.0,results-2026-09/exp1/experiment1_tightness.csv,True
2026-09-09 23:31:37,HAUSP-UB[noEUCS],SIGN,1,2,0.003,0.0,0.2,642036,292,0,6388,6389,0,895,368,102988598,22,102048886,61,0.0,0.181681,0.181697,17303,0,26.54,102988384,102988316,788,246,SUCCESS,939693.0,0.0,,2228736.0,486720.0,0.0,400768.0,,,,,61.0,19.0,used,,,,20260909-2256,False,results-2026-09/exp1/experiment1_tightness.csv,102988598.0,939693.0,results-2026-09/exp1/experiment1_tightness.csv,True
2026-09-09 23:31:43,HAUSP-UB[noEUCS],SIGN,2,2,0.003,0.0,0.2,955150,438,0,6162,6162,0,678,269,85023548,33,84336125,53,0.0,0.18486,0.184882,14594,0,25.92,85023314,85023311,762,255,SUCCESS,687402.0,0.0,,3246080.0,721888.0,0.0,577536.0,,,,,53.0,21.0,used,,,,20260909-2256,False,results-2026-09/exp1/experiment1_tightness.csv,85023548.0,687402.0,results-2026-09/exp1/experiment1_tightness.csv,True
2026-09-09 23:31:50,HAUSP-UB[noEUCS],SIGN,3,2,0.003,0.0,0.2,1316615,584,0,6746,6747,0,643,239,84148511,30,83536262,65,0.0,0.177132,0.177159,12887,0,26.0,84148270,84148270,749,267,SUCCESS,612233.0,0.0,,4172800.0,963200.0,0.0,819072.0,,,,,65.0,16.0,used,,,,20260909-2256,False,results-2026-09/exp1/experiment1_tightness.csv,84148511.0,612233.0,results-2026-09/exp1/experiment1_tightness.csv,True
2026-09-09 23:31:58,HAUSP-UB[noEUCS],SIGN,4,2,0.003,0.0,0.2,1668652,730,0,7909,7909,0,660,232,87193705,32,86599744,60,0.0,0.176058,0.176085,12666,0,28.13,87193456,87193443,754,267,SUCCESS,593947.0,0.0,,5608448.0,1214656.0,0.0,1015808.0,,,,,60.0,14.0,used,,,,20260909-2256,False,results-2026-09/exp1/experiment1_tightness.csv,87193705.0,593947.0,results-2026-09/exp1/experiment1_tightness.csv,True
2026-09-09 23:32:00,HAUSP-UB[noEUCS],C8T1S5I8N5K,0,0,0.0002,0.0,0.2,9488004,9426,39,795,834,7,94,62,4135232,29547,3966466,11828,0.0,0.242173,0.250249,6078,0,483.71,4150918,4098606,52312,51042,SUCCESS,154905.0,0.0,,218112.0,4438024.0,0.0,7045632.0,,,,,11828.0,13861.0,used,,,,20260909-2256,False,results-2026-09/exp1/experiment1_tightness.csv,4135232.0,154905.0,results-2026-09/exp1/experiment1_tightness.csv,True
2026-09-09 23:32:01,HAUSP-UB[noEUCS],C8T1S5I8N5K,1,0,0.0002,0.0,0.2,18951306,18852,29,529,558,11,57,44,3362678,38503,3237105,12496,0.0,0.225775,0.235845,4680,0,542.09,3335142,3325478,10934,60186,SUCCESS,110576.0,0.0,,360192.0,8864368.0,0.0,10426496.0,,,,,12496.0,14997.0,used,,,,20260909-2256,False,results-2026-09/exp1/experiment1_tightness.csv,3362678.0,110576.0,results-2026-09/exp1/experiment1_tightness.csv,True
2026-09-09 23:32:01,HAUSP-UB[noEUCS],C8T1S5I8N5K,2,0,0.0002,0.0,0.2,28544670,28278,29,620,650,10,53,40,3274060,42907,3157221,12274,0.0,0.212608,0.222879,3088,0,552.82,3241120,3236683,6227,64372,SUCCESS,101178.0,0.0,,406400.0,13348488.0,0.0,14157056.0,,,,,12274.0,15661.0,used,,,,20260909-2256,False,results-2026-09/exp1/experiment1_tightness.csv,3274060.0,101178.0,results-2026-09/exp1/experiment1_tightness.csv,True
2026-09-09 23:32:02,HAUSP-UB[noEUCS],C8T1S5I8N5K,3,0,0.0002,0.0,0.2,38016389,37704,29,664,693,10,48,37,2977067,45276,2868039,12406,0.0,0.210993,0.221967,2428,0,530.47,2942377,2939734,4684,66784,SUCCESS,93432.0,0.0,,727424.0,17779144.0,0.0,18058624.0,,,,,12404.0,15594.0,used,,,,20260909-2256,False,results-2026-09/exp1/experiment1_tightness.csv,2977067.0,93432.0,results-2026-09/exp1/experiment1_tightness.csv,True
2026-09-09 23:32:03,HAUSP-UB[noEUCS],C8T1S5I8N5K,4,0,0.0002,0.0,0.2,47416411,47133,29,779,809,10,47,36,3020056,46615,2913251,12578,0.0,0.208598,0.21984,2623,0,566.26,2984213,2982598,3887,68240,SUCCESS,91130.0,0.0,,648320.0,22186560.0,0.0,22259328.0,,,,,12577.0,15674.0,used,,,,20260909-2256,False,results-2026-09/exp1/experiment1_tightness.csv,3020056.0,91130.0,results-2026-09/exp1/experiment1_tightness.csv,True
2026-09-09 23:32:05,HAUSP-UB[noEUCS],C8T1S5I8N5K,0,1,0.0002,0.0,0.2,9488004,9426,36,512,549,7,80,62,4135232,29547,3966466,11828,0.0,0.242173,0.250249,6078,0,481.58,4150918,4098606,52312,51042,SUCCESS,154905.0,0.0,,218112.0,4438024.0,0.0,7045632.0,,,,,11828.0,13861.0,used,,,,20260909-2256,False,results-2026-09/exp1/experiment1_tightness.csv,4135232.0,154905.0,results-2026-09/exp1/experiment1_tightness.csv,True
2026-09-09 23:32:05,HAUSP-UB[noEUCS],C8T1S5I8N5K,1,1,0.0002,0.0,0.2,18951306,18852,27,539,567,10,57,44,3362678,38503,3237105,12496,0.0,0.225775,0.235845,4680,0,541.9,3335142,3325478,10934,60186,SUCCESS,110576.0,0.0,,377216.0,8864368.0,0.0,10426496.0,,,,,12496.0,14997.0,used,,,,20260909-2256,False,results-2026-09/exp1/experiment1_tightness.csv,3362678.0,110576.0,results-2026-09/exp1/experiment1_tightness.csv,True
2026-09-09 23:32:06,HAUSP-UB[noEUCS],C8T1S5I8N5K,2,1,0.0002,0.0,0.2,28544670,28278,28,632,660,10,52,40,3274060,42907,3157221,12274,0.0,0.212608,0.222879,3088,0,551.85,3241120,3236683,6227,64372,SUCCESS,101178.0,0.0,,450176.0,13348488.0,0.0,14157056.0,,,,,12274.0,15661.0,used,,,,20260909-2256,False,results-2026-09/exp1/experiment1_tightness.csv,3274060.0,101178.0,results-2026-09/exp1/experiment1_tightness.csv,True
2026-09-09 23:32:07,HAUSP-UB[noEUCS],C8T1S5I8N5K,3,1,0.0002,0.0,0.2,38016389,37704,29,656,685,10,48,37,2977067,45276,2868039,12406,0.0,0.210993,0.221967,2428,0,522.22,2942377,2939734,4684,66784,SUCCESS,93432.0,0.0,,0.0,17779144.0,0.0,18058624.0,,,,,12404.0,15594.0,used,,,,20260909-2256,False,results-2026-09/exp1/experiment1_tightness.csv,2977067.0,93432.0,results-2026-09/exp1/experiment1_tightness.csv,True
2026-09-09 23:32:08,HAUSP-UB[noEUCS],C8T1S5I8N5K,4,1,0.0002,0.0,0.2,47416411,47133,29,771,800,10,48,36,3020056,46615,2913251,12578,0.0,0.208598,0.21984,2623,0,565.22,2984213,2982598,3887,68240,SUCCESS,91130.0,0.0,,648320.0,22186560.0,0.0,22259328.0,,,,,12577.0,15674.0,used,,,,20260909-2256,False,results-2026-09/exp1/experiment1_tightness.csv,3020056.0,91130.0,results-2026-09/exp1/experiment1_tightness.csv,True
2026-09-09 23:32:09,HAUSP-UB[noEUCS],C8T1S5I8N5K,0,2,0.0002,0.0,0.2,9488004,9426,37,523,561,7,81,61,4135232,29547,3966466,11828,0.0,0.242173,0.250249,6078,0,482.28,4150918,4098606,52312,51042,SUCCESS,154905.0,0.0,,218112.0,4438024.0,0.0,7045632.0,,,,,11828.0,13861.0,used,,,,20260909-2256,False,results-2026-09/exp1/experiment1_tightness.csv,4135232.0,154905.0,results-2026-09/exp1/experiment1_tightness.csv,True
2026-09-09 23:32:10,HAUSP-UB[noEUCS],C8T1S5I8N5K,1,2,0.0002,0.0,0.2,18951306,18852,27,551,579,10,57,44,3362678,38503,3237105,12496,0.0,0.225775,0.235845,4680,0,535.37,3335142,3325478,10934,60186,SUCCESS,110576.0,0.0,,360192.0,8864368.0,0.0,10426496.0,,,,,12496.0,14997.0,used,,,,20260909-2256,False,results-2026-09/exp1/experiment1_tightness.csv,3362678.0,110576.0,results-2026-09/exp1/experiment1_tightness.csv,True
2026-09-09 23:32:11,HAUSP-UB[noEUCS],C8T1S5I8N5K,2,2,0.0002,0.0,0.2,28544670,28278,28,628,656,10,52,40,3274060,42907,3157221,12274,0.0,0.212608,0.222879,3088,0,545.86,3241120,3236683,6227,64372,SUCCESS,101178.0,0.0,,392832.0,13348488.0,0.0,14157056.0,,,,,12274.0,15661.0,used,,,,20260909-2256,False,results-2026-09/exp1/experiment1_tightness.csv,3274060.0,101178.0,results-2026-09/exp1/experiment1_tightness.csv,True
2026-09-09 23:32:12,HAUSP-UB[noEUCS],C8T1S5I8N5K,3,2,0.0002,0.0,0.2,38016389,37704,29,675,704,10,48,36,2977067,45276,2868039,12406,0.0,0.210993,0.221967,2428,0,521.7,2942377,2939734,4684,66784,SUCCESS,93432.0,0.0,,0.0,17779144.0,0.0,18058624.0,,,,,12404.0,15594.0,used,,,,20260909-2256,False,results-2026-09/exp1/experiment1_tightness.csv,2977067.0,93432.0,results-2026-09/exp1/experiment1_tightness.csv,True
2026-09-09 23:32:13,HAUSP-UB[noEUCS],C8T1S5I8N5K,4,2,0.0002,0.0,0.2,47416411,47133,29,794,823,10,48,36,3020056,46615,2913251,12578,0.0,0.208598,0.21984,2623,0,563.86,2984213,2982598,3887,68240,SUCCESS,91130.0,0.0,,648320.0,22186560.0,0.0,22259328.0,,,,,12577.0,15674.0,used,,,,20260909-2256,False,results-2026-09/exp1/experiment1_tightness.csv,3020056.0,91130.0,results-2026-09/exp1/experiment1_tightness.csv,True
2026-09-09 23:32:14,HAUSP-UB[noEUCS],C8T1S5I8N5K,0,3,0.0002,0.0,0.2,9488004,9426,36,512,549,7,80,61,4135232,29547,3966466,11828,0.0,0.242173,0.250249,6078,0,481.64,4150918,4098606,52312,51042,SUCCESS,154905.0,0.0,,218112.0,4438024.0,0.0,7045632.0,,,,,11828.0,13861.0,used,,,,20260909-2256,False,results-2026-09/exp1/experiment1_tightness.csv,4135232.0,154905.0,results-2026-09/exp1/experiment1_tightness.csv,True
2026-09-09 23:32:15,HAUSP-UB[noEUCS],C8T1S5I8N5K,1,3,0.0002,0.0,0.2,18951306,18852,28,540,569,11,57,43,3362678,38503,3237105,12496,0.0,0.225775,0.235845,4680,0,535.22,3335142,3325478,10934,60186,SUCCESS,110576.0,0.0,,360192.0,8864368.0,0.0,10426496.0,,,,,12496.0,14997.0,used,,,,20260909-2256,False,results-2026-09/exp1/experiment1_tightness.csv,3362678.0,110576.0,results-2026-09/exp1/experiment1_tightness.csv,True
2026-09-09 23:32:16,HAUSP-UB[noEUCS],C8T1S5I8N5K,2,3,0.0002,0.0,0.2,28544670,28278,28,618,647,10,52,40,3274060,42907,3157221,12274,0.0,0.212608,0.222879,3088,0,545.86,3241120,3236683,6227,64372,SUCCESS,101178.0,0.0,,392832.0,13348488.0,0.0,14157056.0,,,,,12274.0,15661.0,used,,,,20260909-2256,False,results-2026-09/exp1/experiment1_tightness.csv,3274060.0,101178.0,results-2026-09/exp1/experiment1_tightness.csv,True
2026-09-09 23:32:17,HAUSP-UB[noEUCS],C8T1S5I8N5K,3,3,0.0002,0.0,0.2,38016389,37704,29,665,695,10,48,37,2977067,45276,2868039,12406,0.0,0.210993,0.221967,2428,0,521.7,2942377,2939734,4684,66784,SUCCESS,93432.0,0.0,,0.0,17779144.0,0.0,18058624.0,,,,,12404.0,15594.0,used,,,,20260909-2256,False,results-2026-09/exp1/experiment1_tightness.csv,2977067.0,93432.0,results-2026-09/exp1/experiment1_tightness.csv,True
2026-09-09 23:32:18,HAUSP-UB[noEUCS],C8T1S5I8N5K,4,3,0.0002,0.0,0.2,47416411,47133,31,783,815,11,48,36,3020056,46615,2913251,12578,0.0,0.208598,0.21984,2623,0,563.86,2984213,2982598,3887,68240,SUCCESS,91130.0,0.0,,648320.0,22186560.0,0.0,22259328.0,,,,,12577.0,15674.0,used,,,,20260909-2256,False,results-2026-09/exp1/experiment1_tightness.csv,3020056.0,91130.0,results-2026-09/exp1/experiment1_tightness.csv,True
2026-09-09 23:32:19,HAUSP-UB[noEUCS],C8T1S5I8N5K,0,4,0.0002,0.0,0.2,9488004,9426,37,504,541,7,81,61,4135232,29547,3966466,11828,0.0,0.242173,0.250249,6078,0,482.26,4150918,4098606,52312,51042,SUCCESS,154905.0,0.0,,218112.0,4438024.0,0.0,7045632.0,,,,,11828.0,13861.0,used,,,,20260909-2256,False,results-2026-09/exp1/experiment1_tightness.csv,4135232.0,154905.0,results-2026-09/exp1/experiment1_tightness.csv,True
2026-09-09 23:32:20,HAUSP-UB[noEUCS],C8T1S5I8N5K,1,4,0.0002,0.0,0.2,18951306,18852,31,528,560,12,57,43,3362678,38503,3237105,12496,0.0,0.225775,0.235845,4680,0,535.35,3335142,3325478,10934,60186,SUCCESS,110576.0,0.0,,360192.0,8864368.0,0.0,10426496.0,,,,,12496.0,14997.0,used,,,,20260909-2256,False,results-2026-09/exp1/experiment1_tightness.csv,3362678.0,110576.0,results-2026-09/exp1/experiment1_tightness.csv,True
2026-09-09 23:32:21,HAUSP-UB[noEUCS],C8T1S5I8N5K,2,4,0.0002,0.0,0.2,28544670,28278,30,615,646,11,53,40,3274060,42907,3157221,12274,0.0,0.212608,0.222879,3088,0,545.86,3241120,3236683,6227,64372,SUCCESS,101178.0,0.0,,392832.0,13348488.0,0.0,14157056.0,,,,,12274.0,15661.0,used,,,,20260909-2256,False,results-2026-09/exp1/experiment1_tightness.csv,3274060.0,101178.0,results-2026-09/exp1/experiment1_tightness.csv,True
2026-09-09 23:32:22,HAUSP-UB[noEUCS],C8T1S5I8N5K,3,4,0.0002,0.0,0.2,38016389,37704,29,660,689,10,48,37,2977067,45276,2868039,12406,0.0,0.210993,0.221967,2428,0,521.7,2942377,2939734,4684,66784,SUCCESS,93432.0,0.0,,0.0,17779144.0,0.0,18058624.0,,,,,12404.0,15594.0,used,,,,20260909-2256,False,results-2026-09/exp1/experiment1_tightness.csv,2977067.0,93432.0,results-2026-09/exp1/experiment1_tightness.csv,True
2026-09-09 23:32:23,HAUSP-UB[noEUCS],C8T1S5I8N5K,4,4,0.0002,0.0,0.2,47416411,47133,30,774,805,11,48,36,3020056,46615,2913251,12578,0.0,0.208598,0.21984,2623,0,563.86,2984213,2982598,3887,68240,SUCCESS,91130.0,0.0,,648320.0,22186560.0,0.0,22259328.0,,,,,12577.0,15674.0,used,,,,20260909-2256,False,results-2026-09/exp1/experiment1_tightness.csv,3020056.0,91130.0,results-2026-09/exp1/experiment1_tightness.csv,True
2026-09-09 23:32:24,HAUSP-UB[noEUCS],C8T1S5I8N5K,0,5,0.0002,0.0,0.2,9488004,9426,35,515,551,7,80,61,4135232,29547,3966466,11828,0.0,0.242173,0.250249,6078,0,481.91,4150918,4098606,52312,51042,SUCCESS,154905.0,0.0,,218112.0,4438024.0,0.0,7045632.0,,,,,11828.0,13861.0,used,,,,20260909-2256,False,results-2026-09/exp1/experiment1_tightness.csv,4135232.0,154905.0,results-2026-09/exp1/experiment1_tightness.csv,True
2026-09-09 23:32:25,HAUSP-UB[noEUCS],C8T1S5I8N5K,1,5,0.0002,0.0,0.2,18951306,18852,29,538,568,12,57,44,3362678,38503,3237105,12496,0.0,0.225775,0.235845,4680,0,535.25,3335142,3325478,10934,60186,SUCCESS,110576.0,0.0,,360192.0,8864368.0,0.0,10426496.0,,,,,12496.0,14997.0,used,,,,20260909-2256,False,results-2026-09/exp1/experiment1_tightness.csv,3362678.0,110576.0,results-2026-09/exp1/experiment1_tightness.csv,True
2026-09-09 23:32:25,HAUSP-UB[noEUCS],C8T1S5I8N5K,2,5,0.0002,0.0,0.2,28544670,28278,30,623,654,11,53,40,3274060,42907,3157221,12274,0.0,0.212608,0.222879,3088,0,545.86,3241120,3236683,6227,64372,SUCCESS,101178.0,0.0,,392832.0,13348488.0,0.0,14157056.0,,,,,12274.0,15661.0,used,,,,20260909-2256,False,results-2026-09/exp1/experiment1_tightness.csv,3274060.0,101178.0,results-2026-09/exp1/experiment1_tightness.csv,True
2026-09-09 23:32:26,HAUSP-UB[noEUCS],C8T1S5I8N5K,3,5,0.0002,0.0,0.2,38016389,37704,29,670,699,10,48,37,2977067,45276,2868039,12406,0.0,0.210993,0.221967,2428,0,521.7,2942377,2939734,4684,66784,SUCCESS,93432.0,0.0,,0.0,17779144.0,0.0,18058624.0,,,,,12404.0,15594.0,used,,,,20260909-2256,False,results-2026-09/exp1/experiment1_tightness.csv,2977067.0,93432.0,results-2026-09/exp1/experiment1_tightness.csv,True
2026-09-09 23:32:27,HAUSP-UB[noEUCS],C8T1S5I8N5K,4,5,0.0002,0.0,0.2,47416411,47133,30,784,815,10,48,36,3020056,46615,2913251,12578,0.0,0.208598,0.21984,2623,0,563.86,2984213,2982598,3887,68240,SUCCESS,91130.0,0.0,,648320.0,22186560.0,0.0,22259328.0,,,,,12577.0,15674.0,used,,,,20260909-2256,False,results-2026-09/exp1/experiment1_tightness.csv,3020056.0,91130.0,results-2026-09/exp1/experiment1_tightness.csv,True
2026-09-09 23:32:29,HAUSP-UB[noEUCS],C8T1S5I8N5K,0,6,0.0002,0.0,0.2,9488004,9426,36,519,556,7,81,62,4135232,29547,3966466,11828,0.0,0.242173,0.250249,6078,0,482.09,4150918,4098606,52312,51042,SUCCESS,154905.0,0.0,,218112.0,4438024.0,0.0,7045632.0,,,,,11828.0,13861.0,used,,,,20260909-2256,False,results-2026-09/exp1/experiment1_tightness.csv,4135232.0,154905.0,results-2026-09/exp1/experiment1_tightness.csv,True
2026-09-09 23:32:29,HAUSP-UB[noEUCS],C8T1S5I8N5K,1,6,0.0002,0.0,0.2,18951306,18852,32,538,571,12,57,43,3362678,38503,3237105,12496,0.0,0.225775,0.235845,4680,0,535.28,3335142,3325478,10934,60186,SUCCESS,110576.0,0.0,,360192.0,8864368.0,0.0,10426496.0,,,,,12496.0,14997.0,used,,,,20260909-2256,False,results-2026-09/exp1/experiment1_tightness.csv,3362678.0,110576.0,results-2026-09/exp1/experiment1_tightness.csv,True
2026-09-09 23:32:30,HAUSP-UB[noEUCS],C8T1S5I8N5K,2,6,0.0002,0.0,0.2,28544670,28278,32,623,656,12,52,40,3274060,42907,3157221,12274,0.0,0.212608,0.222879,3088,0,545.86,3241120,3236683,6227,64372,SUCCESS,101178.0,0.0,,392832.0,13348488.0,0.0,14157056.0,,,,,12274.0,15661.0,used,,,,20260909-2256,False,results-2026-09/exp1/experiment1_tightness.csv,3274060.0,101178.0,results-2026-09/exp1/experiment1_tightness.csv,True
2026-09-09 23:32:31,HAUSP-UB[noEUCS],C8T1S5I8N5K,3,6,0.0002,0.0,0.2,38016389,37704,31,664,696,12,48,37,2977067,45276,2868039,12406,0.0,0.210993,0.221967,2428,0,521.7,2942377,2939734,4684,66784,SUCCESS,93432.0,0.0,,0.0,17779144.0,0.0,18058624.0,,,,,12404.0,15594.0,used,,,,20260909-2256,False,results-2026-09/exp1/experiment1_tightness.csv,2977067.0,93432.0,results-2026-09/exp1/experiment1_tightness.csv,True
2026-09-09 23:32:32,HAUSP-UB[noEUCS],C8T1S5I8N5K,4,6,0.0002,0.0,0.2,47416411,47133,30,782,812,10,48,36,3020056,46615,2913251,12578,0.0,0.208598,0.21984,2623,0,563.86,2984213,2982598,3887,68240,SUCCESS,91130.0,0.0,,648320.0,22186560.0,0.0,22259328.0,,,,,12577.0,15674.0,used,,,,20260909-2256,False,results-2026-09/exp1/experiment1_tightness.csv,3020056.0,91130.0,results-2026-09/exp1/experiment1_tightness.csv,True
2026-09-09 23:32:33,HAUSP-UB[noEUCS],C8T1S5I8N5K,0,7,0.0002,0.0,0.2,9488004,9426,36,504,540,7,80,61,4135232,29547,3966466,11828,0.0,0.242173,0.250249,6078,0,482.04,4150918,4098606,52312,51042,SUCCESS,154905.0,0.0,,218112.0,4438024.0,0.0,7045632.0,,,,,11828.0,13861.0,used,,,,20260909-2256,False,results-2026-09/exp1/experiment1_tightness.csv,4135232.0,154905.0,results-2026-09/exp1/experiment1_tightness.csv,True
2026-09-09 23:32:34,HAUSP-UB[noEUCS],C8T1S5I8N5K,1,7,0.0002,0.0,0.2,18951306,18852,28,527,556,10,57,43,3362678,38503,3237105,12496,0.0,0.225775,0.235845,4680,0,535.39,3335142,3325478,10934,60186,SUCCESS,110576.0,0.0,,360192.0,8864368.0,0.0,10426496.0,,,,,12496.0,14997.0,used,,,,20260909-2256,False,results-2026-09/exp1/experiment1_tightness.csv,3362678.0,110576.0,results-2026-09/exp1/experiment1_tightness.csv,True
2026-09-09 23:32:35,HAUSP-UB[noEUCS],C8T1S5I8N5K,2,7,0.0002,0.0,0.2,28544670,28278,31,617,649,12,53,40,3274060,42907,3157221,12274,0.0,0.212608,0.222879,3088,0,545.86,3241120,3236683,6227,64372,SUCCESS,101178.0,0.0,,392832.0,13348488.0,0.0,14157056.0,,,,,12274.0,15661.0,used,,,,20260909-2256,False,results-2026-09/exp1/experiment1_tightness.csv,3274060.0,101178.0,results-2026-09/exp1/experiment1_tightness.csv,True
2026-09-09 23:32:36,HAUSP-UB[noEUCS],C8T1S5I8N5K,3,7,0.0002,0.0,0.2,38016389,37704,30,670,700,10,49,37,2977067,45276,2868039,12406,0.0,0.210993,0.221967,2428,0,521.7,2942377,2939734,4684,66784,SUCCESS,93432.0,0.0,,0.0,17779144.0,0.0,18058624.0,,,,,12404.0,15594.0,used,,,,20260909-2256,False,results-2026-09/exp1/experiment1_tightness.csv,2977067.0,93432.0,results-2026-09/exp1/experiment1_tightness.csv,True
2026-09-09 23:32:37,HAUSP-UB[noEUCS],C8T1S5I8N5K,4,7,0.0002,0.0,0.2,47416411,47133,29,783,813,10,48,36,3020056,46615,2913251,12578,0.0,0.208598,0.21984,2623,0,563.86,2984213,2982598,3887,68240,SUCCESS,91130.0,0.0,,648320.0,22186560.0,0.0,22259328.0,,,,,12577.0,15674.0,used,,,,20260909-2256,False,results-2026-09/exp1/experiment1_tightness.csv,3020056.0,91130.0,results-2026-09/exp1/experiment1_tightness.csv,True
2026-09-09 23:32:38,HAUSP-UB[noEUCS],C8T1S5I8N5K,0,8,0.0002,0.0,0.2,9488004,9426,36,512,549,7,80,61,4135232,29547,3966466,11828,0.0,0.242173,0.250249,6078,0,481.87,4150918,4098606,52312,51042,SUCCESS,154905.0,0.0,,218112.0,4438024.0,0.0,7045632.0,,,,,11828.0,13861.0,used,,,,20260909-2256,False,results-2026-09/exp1/experiment1_tightness.csv,4135232.0,154905.0,results-2026-09/exp1/experiment1_tightness.csv,True
2026-09-09 23:32:39,HAUSP-UB[noEUCS],C8T1S5I8N5K,1,8,0.0002,0.0,0.2,18951306,18852,31,537,569,12,57,43,3362678,38503,3237105,12496,0.0,0.225775,0.235845,4680,0,535.33,3335142,3325478,10934,60186,SUCCESS,110576.0,0.0,,360192.0,8864368.0,0.0,10426496.0,,,,,12496.0,14997.0,used,,,,20260909-2256,False,results-2026-09/exp1/experiment1_tightness.csv,3362678.0,110576.0,results-2026-09/exp1/experiment1_tightness.csv,True
2026-09-09 23:32:40,HAUSP-UB[noEUCS],C8T1S5I8N5K,2,8,0.0002,0.0,0.2,28544670,28278,29,623,653,10,53,40,3274060,42907,3157221,12274,0.0,0.212608,0.222879,3088,0,545.86,3241120,3236683,6227,64372,SUCCESS,101178.0,0.0,,392832.0,13348488.0,0.0,14157056.0,,,,,12274.0,15661.0,used,,,,20260909-2256,False,results-2026-09/exp1/experiment1_tightness.csv,3274060.0,101178.0,results-2026-09/exp1/experiment1_tightness.csv,True
2026-09-09 23:32:41,HAUSP-UB[noEUCS],C8T1S5I8N5K,3,8,0.0002,0.0,0.2,38016389,37704,29,665,695,10,48,37,2977067,45276,2868039,12406,0.0,0.210993,0.221967,2428,0,521.7,2942377,2939734,4684,66784,SUCCESS,93432.0,0.0,,0.0,17779144.0,0.0,18058624.0,,,,,12404.0,15594.0,used,,,,20260909-2256,False,results-2026-09/exp1/experiment1_tightness.csv,2977067.0,93432.0,results-2026-09/exp1/experiment1_tightness.csv,True
2026-09-09 23:32:42,HAUSP-UB[noEUCS],C8T1S5I8N5K,4,8,0.0002,0.0,0.2,47416411,47133,31,782,814,12,48,36,3020056,46615,2913251,12578,0.0,0.208598,0.21984,2623,0,563.86,2984213,2982598,3887,68240,SUCCESS,91130.0,0.0,,648320.0,22186560.0,0.0,22259328.0,,,,,12577.0,15674.0,used,,,,20260909-2256,False,results-2026-09/exp1/experiment1_tightness.csv,3020056.0,91130.0,results-2026-09/exp1/experiment1_tightness.csv,True
2026-09-09 23:32:43,HAUSP-UB[noEUCS],C8T1S5I8N5K,0,9,0.0002,0.0,0.2,9488004,9426,36,511,547,7,80,61,4135232,29547,3966466,11828,0.0,0.242173,0.250249,6078,0,481.68,4150918,4098606,52312,51042,SUCCESS,154905.0,0.0,,218112.0,4438024.0,0.0,7045632.0,,,,,11828.0,13861.0,used,,,,20260909-2256,False,results-2026-09/exp1/experiment1_tightness.csv,4135232.0,154905.0,results-2026-09/exp1/experiment1_tightness.csv,True
2026-09-09 23:32:44,HAUSP-UB[noEUCS],C8T1S5I8N5K,1,9,0.0002,0.0,0.2,18951306,18852,29,536,566,10,57,43,3362678,38503,3237105,12496,0.0,0.225775,0.235845,4680,0,536.09,3335142,3325478,10934,60186,SUCCESS,110576.0,0.0,,360192.0,8864368.0,0.0,10426496.0,,,,,12496.0,14997.0,used,,,,20260909-2256,False,results-2026-09/exp1/experiment1_tightness.csv,3362678.0,110576.0,results-2026-09/exp1/experiment1_tightness.csv,True
2026-09-09 23:32:45,HAUSP-UB[noEUCS],C8T1S5I8N5K,2,9,0.0002,0.0,0.2,28544670,28278,30,632,663,12,52,39,3274060,42907,3157221,12274,0.0,0.212608,0.222879,3088,0,547.53,3241120,3236683,6227,64372,SUCCESS,101178.0,0.0,,392832.0,13348488.0,0.0,14157056.0,,,,,12274.0,15661.0,used,,,,20260909-2256,False,results-2026-09/exp1/experiment1_tightness.csv,3274060.0,101178.0,results-2026-09/exp1/experiment1_tightness.csv,True
2026-09-09 23:32:45,HAUSP-UB[noEUCS],C8T1S5I8N5K,3,9,0.0002,0.0,0.2,38016389,37704,31,660,691,12,47,36,2977067,45276,2868039,12406,0.0,0.210993,0.221967,2428,0,521.68,2942377,2939734,4684,66784,SUCCESS,93432.0,0.0,,0.0,17779144.0,0.0,18058624.0,,,,,12404.0,15594.0,used,,,,20260909-2256,False,results-2026-09/exp1/experiment1_tightness.csv,2977067.0,93432.0,results-2026-09/exp1/experiment1_tightness.csv,True
2026-09-09 23:32:46,HAUSP-UB[noEUCS],C8T1S5I8N5K,4,9,0.0002,0.0,0.2,47416411,47133,31,773,804,11,47,35,3020056,46615,2913251,12578,0.0,0.208598,0.21984,2623,0,564.54,2984213,2982598,3887,68240,SUCCESS,91130.0,0.0,,648320.0,22186560.0,0.0,22259328.0,,,,,12577.0,15674.0,used,,,,20260909-2256,False,results-2026-09/exp1/experiment1_tightness.csv,3020056.0,91130.0,results-2026-09/exp1/experiment1_tightness.csv,True
