Timestamp,Algorithm,Dataset,BatchID,RunIndex,MinUtil,mu,DeltaRatio,TotalDBUtil,CumulativeDBSize,tScan(ms),tMining(ms),tTotal(ms),tLayer1(ms),tLayer2(ms),tLayer3(ms),Cand,PrunedL1(SWU),PrunedL2(IAUUB),PrunedL3(MFUUB),TightnessPEAU,TightnessIAUUB,TightnessMFUUB,HAUSP,SHAUS,MemPeak(MB),PoolBorrows,PoolReuses,PoolPeakLive,AudulActive,Status,Recursed,ArmOrder,Schedule,PoolBytes,FlatBytes,EucsBytes,AudulRootBytes,RescanTriggered,BufferUtil,BufferTested,SafetyBound,PrunedL3Node,PrunedL1Root,MemMode,MemLive(MB),MemRetained(MB),GcForced,RunID,Legacy,SourceFile,CandUnified,RecursedUnified,CountSource,ok
2026-06-30 10:55:23,EHAUSM-R,BIBLE,1,0,0.0005,0.0,0.05,35550162,36369,109,43180,43298,0,0,0,90922505,10979,90699589,0,0.355649,0.0,0.0,29772,0,474.3,0,0,0,0,SUCCESS,,,,,,,,,,,,,,,,,,legacy,True,results/exp3/experiment3_scalability.csv,90922505.0,222916.0,results/exp3/experiment3_scalability.csv,True
2026-06-30 10:56:58,EHAUSM-I,BIBLE,1,0,0.0005,0.0,0.05,35550162,36369,48,39869,39917,0,0,0,23299890,10979,23076974,0,0.482942,0.0,0.0,29772,0,2761.33,0,0,0,0,SUCCESS,,,,,,,,,,,,,,,,,,legacy,True,results/exp3/experiment3_scalability.csv,23299890.0,222916.0,results/exp3/experiment3_scalability.csv,True
2026-06-30 10:59:20,HAUSP-UB,BIBLE,1,0,0.0005,0.0,0.05,35550162,36369,42,15148,15191,1,435,89,223663,12054,83293828,11096,0.0,0.29014,0.297948,29772,0,540.77,83527661,83526030,3853,13905,SUCCESS,,,,,,,,,,,,,,,,,,legacy,True,results/exp3/experiment3_scalability.csv,83528915.0,223663.0,results-2026-09/counts/exp3/experiment3_scalability.csv,True
2026-06-30 11:00:04,EHAUSM-R,BIBLE,1,0,0.0005,0.0,0.1,35550162,36369,87,43329,43416,0,0,0,90922505,10979,90699589,0,0.355649,0.0,0.0,29772,0,542.23,0,0,0,0,SUCCESS,,,,,,,,,,,,,,,,,,legacy,True,results/exp3/experiment3_scalability.csv,90922505.0,222916.0,results/exp3/experiment3_scalability.csv,True
2026-06-30 11:01:39,EHAUSM-I,BIBLE,1,0,0.0005,0.0,0.1,35550162,36369,20,39821,39841,0,0,0,23299890,10979,23076974,0,0.482942,0.0,0.0,29772,0,5916.0,0,0,0,0,SUCCESS,,,,,,,,,,,,,,,,,,legacy,True,results/exp3/experiment3_scalability.csv,23299890.0,222916.0,results/exp3/experiment3_scalability.csv,True
2026-06-30 11:04:04,HAUSP-UB,BIBLE,1,0,0.0005,0.0,0.1,35550162,36369,33,15740,15774,1,447,89,223663,12054,83293828,11096,0.0,0.29014,0.297948,29772,0,508.46,83527661,83526030,3853,13905,SUCCESS,,,,,,,,,,,,,,,,,,legacy,True,results/exp3/experiment3_scalability.csv,83528915.0,223663.0,results-2026-09/counts/exp3/experiment3_scalability.csv,True
2026-06-30 11:04:47,EHAUSM-R,BIBLE,1,0,0.0005,0.0,0.15,35550162,36369,243,41663,41907,0,0,0,90922505,10979,90699589,0,0.355649,0.0,0.0,29772,0,253.61,0,0,0,0,SUCCESS,,,,,,,,,,,,,,,,,,legacy,True,results/exp3/experiment3_scalability.csv,90922505.0,222916.0,results/exp3/experiment3_scalability.csv,True
2026-06-30 11:06:22,EHAUSM-I,BIBLE,1,0,0.0005,0.0,0.15,35550162,36369,19,39888,39907,0,0,0,23299890,10979,23076974,0,0.482942,0.0,0.0,29772,0,7658.81,0,0,0,0,SUCCESS,,,,,,,,,,,,,,,,,,legacy,True,results/exp3/experiment3_scalability.csv,23299890.0,222916.0,results/exp3/experiment3_scalability.csv,True
2026-06-30 11:08:46,HAUSP-UB,BIBLE,1,0,0.0005,0.0,0.15,35550162,36369,33,15342,15376,1,442,89,223663,12054,83293828,11096,0.0,0.29014,0.297948,29772,0,521.96,83527661,83526030,3853,13905,SUCCESS,,,,,,,,,,,,,,,,,,legacy,True,results/exp3/experiment3_scalability.csv,83528915.0,223663.0,results-2026-09/counts/exp3/experiment3_scalability.csv,True
2026-06-30 11:09:29,EHAUSM-R,BIBLE,1,0,0.0005,0.0,0.2,35550162,36369,248,41752,42000,0,0,0,90922505,10979,90699589,0,0.355649,0.0,0.0,29772,0,1628.1,0,0,0,0,SUCCESS,,,,,,,,,,,,,,,,,,legacy,True,results/exp3/experiment3_scalability.csv,90922505.0,222916.0,results/exp3/experiment3_scalability.csv,True
2026-06-30 11:11:04,EHAUSM-I,BIBLE,1,0,0.0005,0.0,0.2,35550162,36369,19,39962,39982,0,0,0,23299890,10979,23076974,0,0.482942,0.0,0.0,29772,0,3756.0,0,0,0,0,SUCCESS,,,,,,,,,,,,,,,,,,legacy,True,results/exp3/experiment3_scalability.csv,23299890.0,222916.0,results/exp3/experiment3_scalability.csv,True
2026-06-30 11:13:30,HAUSP-UB,BIBLE,1,0,0.0005,0.0,0.2,35550162,36369,33,16067,16101,1,446,89,223663,12054,83293828,11096,0.0,0.29014,0.297948,29772,0,518.15,83527661,83526030,3853,13905,SUCCESS,,,,,,,,,,,,,,,,,,legacy,True,results/exp3/experiment3_scalability.csv,83528915.0,223663.0,results-2026-09/counts/exp3/experiment3_scalability.csv,True
2026-06-30 11:14:16,EHAUSM-R,BMS1_SPMF,1,0,0.0035,0.0,0.05,7229030,59601,86,45268,45355,0,0,0,103110382,133,102437138,0,0.090065,0.0,0.0,93,0,104.36,0,0,0,0,SUCCESS,,,,,,,,,,,,,,,,,,legacy,True,results/exp3/experiment3_scalability.csv,103110382.0,673244.0,results/exp3/experiment3_scalability.csv,True
2026-06-30 11:15:14,EHAUSM-I,BMS1_SPMF,1,0,0.0035,0.0,0.05,7229030,59601,9,57048,57058,0,0,0,77822471,133,77149227,0,0.195364,0.0,0.0,93,0,2648.27,0,0,0,0,SUCCESS,,,,,,,,,,,,,,,,,,legacy,True,results/exp3/experiment3_scalability.csv,77822471.0,673244.0,results/exp3/experiment3_scalability.csv,True
2026-06-30 11:26:20,HAUSP-UB,BMS1_SPMF,1,0,0.0035,0.0,0.05,7229030,59601,4,25843,25848,0,619,259,673331,170,101041040,87,0.0,0.039763,0.039814,93,0,77.23,101714152,101713931,562,497,SUCCESS,,,,,,,,,,,,,,,,,,legacy,True,results/exp3/experiment3_scalability.csv,101714408.0,673331.0,results-2026-09/counts/exp3/experiment3_scalability.csv,True
2026-06-30 11:27:07,EHAUSM-R,BMS1_SPMF,1,0,0.0035,0.0,0.1,7229030,59601,86,46350,46437,0,0,0,103110382,133,102437138,0,0.090065,0.0,0.0,93,0,143.9,0,0,0,0,SUCCESS,,,,,,,,,,,,,,,,,,legacy,True,results/exp3/experiment3_scalability.csv,103110382.0,673244.0,results/exp3/experiment3_scalability.csv,True
2026-06-30 11:28:08,EHAUSM-I,BMS1_SPMF,1,0,0.0035,0.0,0.1,7229030,59601,9,59056,59066,0,0,0,77822471,133,77149227,0,0.195364,0.0,0.0,93,0,1557.93,0,0,0,0,SUCCESS,,,,,,,,,,,,,,,,,,legacy,True,results/exp3/experiment3_scalability.csv,77822471.0,673244.0,results/exp3/experiment3_scalability.csv,True
2026-06-30 11:39:12,HAUSP-UB,BMS1_SPMF,1,0,0.0035,0.0,0.1,7229030,59601,4,25850,25855,0,627,259,673331,170,101041040,87,0.0,0.039763,0.039814,93,0,77.88,101714152,101713931,562,497,SUCCESS,,,,,,,,,,,,,,,,,,legacy,True,results/exp3/experiment3_scalability.csv,101714408.0,673331.0,results-2026-09/counts/exp3/experiment3_scalability.csv,True
2026-06-30 11:39:59,EHAUSM-R,BMS1_SPMF,1,0,0.0035,0.0,0.15,7229030,59601,82,46307,46390,0,0,0,103110382,133,102437138,0,0.090065,0.0,0.0,93,0,332.78,0,0,0,0,SUCCESS,,,,,,,,,,,,,,,,,,legacy,True,results/exp3/experiment3_scalability.csv,103110382.0,673244.0,results/exp3/experiment3_scalability.csv,True
2026-06-30 11:40:59,EHAUSM-I,BMS1_SPMF,1,0,0.0035,0.0,0.15,7229030,59601,9,58727,58737,0,0,0,77822471,133,77149227,0,0.195364,0.0,0.0,93,0,2547.07,0,0,0,0,SUCCESS,,,,,,,,,,,,,,,,,,legacy,True,results/exp3/experiment3_scalability.csv,77822471.0,673244.0,results/exp3/experiment3_scalability.csv,True
2026-06-30 11:51:47,HAUSP-UB,BMS1_SPMF,1,0,0.0035,0.0,0.15,7229030,59601,4,25940,25946,0,620,259,673331,170,101041040,87,0.0,0.039763,0.039814,93,0,77.97,101714152,101713931,562,497,SUCCESS,,,,,,,,,,,,,,,,,,legacy,True,results/exp3/experiment3_scalability.csv,101714408.0,673331.0,results-2026-09/counts/exp3/experiment3_scalability.csv,True
2026-06-30 11:52:34,EHAUSM-R,BMS1_SPMF,1,0,0.0035,0.0,0.2,7229030,59601,82,46257,46340,0,0,0,103110382,133,102437138,0,0.090065,0.0,0.0,93,0,171.85,0,0,0,0,SUCCESS,,,,,,,,,,,,,,,,,,legacy,True,results/exp3/experiment3_scalability.csv,103110382.0,673244.0,results/exp3/experiment3_scalability.csv,True
2026-06-30 11:53:33,EHAUSM-I,BMS1_SPMF,1,0,0.0035,0.0,0.2,7229030,59601,9,58078,58088,0,0,0,77822471,133,77149227,0,0.195364,0.0,0.0,93,0,2183.44,0,0,0,0,SUCCESS,,,,,,,,,,,,,,,,,,legacy,True,results/exp3/experiment3_scalability.csv,77822471.0,673244.0,results/exp3/experiment3_scalability.csv,True
2026-06-30 12:05:01,HAUSP-UB,BMS1_SPMF,1,0,0.0035,0.0,0.2,7229030,59601,4,25925,25930,0,623,259,673331,170,101041040,87,0.0,0.039763,0.039814,93,0,77.97,101714152,101713931,562,497,SUCCESS,,,,,,,,,,,,,,,,,,legacy,True,results/exp3/experiment3_scalability.csv,101714408.0,673331.0,results-2026-09/counts/exp3/experiment3_scalability.csv,True
2026-06-30 12:08:50,EHAUSM-R,FIFA,1,0,0.012,0.0,0.05,35721991,20450,219,227870,228090,0,0,0,22652772,2536,22524180,0,0.134802,0.0,0.0,334,0,479.08,0,0,0,0,SUCCESS,,,,,,,,,,,,,,,,,,legacy,True,results/exp3/experiment3_scalability.csv,22652772.0,128592.0,results/exp3/experiment3_scalability.csv,True
2026-06-30 12:16:57,EHAUSM-I,FIFA,1,0,0.012,0.0,0.05,35721991,20450,16,247222,247238,0,0,0,21307703,2536,21179111,0,0.206729,0.0,0.0,334,0,4511.04,0,0,0,0,SUCCESS,,,,,,,,,,,,,,,,,,legacy,True,results/exp3/experiment3_scalability.csv,21307703.0,128592.0,results/exp3/experiment3_scalability.csv,True
2026-06-30 12:25:50,HAUSP-UB,FIFA,1,0,0.012,0.0,0.05,35721991,20450,18,90666,90685,0,202,54,128691,2701,20655889,267,0.0,0.096915,0.097026,334,0,605.43,20784542,20784461,414,2990,SUCCESS,,,,,,,,,,,,,,,,,,legacy,True,results/exp3/experiment3_scalability.csv,20784913.0,128691.0,results-2026-09/counts/exp3/experiment3_scalability.csv,True
2026-06-30 12:29:40,EHAUSM-R,FIFA,1,0,0.012,0.0,0.1,35721991,20450,218,228298,228517,0,0,0,22652772,2536,22524180,0,0.134802,0.0,0.0,334,0,153.32,0,0,0,0,SUCCESS,,,,,,,,,,,,,,,,,,legacy,True,results/exp3/experiment3_scalability.csv,22652772.0,128592.0,results/exp3/experiment3_scalability.csv,True
2026-06-30 12:37:45,EHAUSM-I,FIFA,1,0,0.012,0.0,0.1,35721991,20450,15,247231,247246,0,0,0,21307703,2536,21179111,0,0.206729,0.0,0.0,334,0,7201.72,0,0,0,0,SUCCESS,,,,,,,,,,,,,,,,,,legacy,True,results/exp3/experiment3_scalability.csv,21307703.0,128592.0,results/exp3/experiment3_scalability.csv,True
2026-06-30 12:46:16,HAUSP-UB,FIFA,1,0,0.012,0.0,0.1,35721991,20450,9,87852,87862,0,204,54,128691,2701,20655889,267,0.0,0.096915,0.097026,334,0,601.87,20784542,20784461,414,2990,SUCCESS,,,,,,,,,,,,,,,,,,legacy,True,results/exp3/experiment3_scalability.csv,20784913.0,128691.0,results-2026-09/counts/exp3/experiment3_scalability.csv,True
2026-06-30 12:50:06,EHAUSM-R,FIFA,1,0,0.012,0.0,0.15,35721991,20450,220,228912,229132,0,0,0,22652772,2536,22524180,0,0.134802,0.0,0.0,334,0,190.5,0,0,0,0,SUCCESS,,,,,,,,,,,,,,,,,,legacy,True,results/exp3/experiment3_scalability.csv,22652772.0,128592.0,results/exp3/experiment3_scalability.csv,True
2026-06-30 17:46:57,EHAUSM-I,FIFA,1,0,0.012,0.0,0.15,35721991,20450,46,234248,234294,0,0,0,21307703,2536,21179111,0,0.206729,0.0,0.0,334,0,4837.45,0,0,0,0,SUCCESS,,,,,,,,,,,,,,,,,,legacy,True,results/exp3/experiment3_scalability.csv,21307703.0,128592.0,results/exp3/experiment3_scalability.csv,True
2026-06-30 17:55:41,HAUSP-UB,FIFA,1,0,0.012,0.0,0.15,35721991,20450,83,91637,91721,0,161,54,128691,2701,20655889,267,0.0,0.096915,0.097026,334,0,604.79,20784542,20784461,414,2990,SUCCESS,,,,,,,,,,,,,,,,,,legacy,True,results/exp3/experiment3_scalability.csv,20784913.0,128691.0,results-2026-09/counts/exp3/experiment3_scalability.csv,True
2026-06-30 17:59:22,EHAUSM-R,FIFA,1,0,0.012,0.0,0.2,35721991,20450,83,220072,220156,0,0,0,22652772,2536,22524180,0,0.134802,0.0,0.0,334,0,372.04,0,0,0,0,SUCCESS,,,,,,,,,,,,,,,,,,legacy,True,results/exp3/experiment3_scalability.csv,22652772.0,128592.0,results/exp3/experiment3_scalability.csv,True
2026-06-30 18:07:26,EHAUSM-I,FIFA,1,0,0.012,0.0,0.2,35721991,20450,82,245577,245660,0,0,0,21307703,2536,21179111,0,0.206729,0.0,0.0,334,0,4551.85,0,0,0,0,SUCCESS,,,,,,,,,,,,,,,,,,legacy,True,results/exp3/experiment3_scalability.csv,21307703.0,128592.0,results/exp3/experiment3_scalability.csv,True
2026-06-30 18:15:54,HAUSP-UB,FIFA,1,0,0.012,0.0,0.2,35721991,20450,9,89249,89259,0,179,53,128691,2701,20655889,267,0.0,0.096915,0.097026,334,0,605.99,20784542,20784461,414,2990,SUCCESS,,,,,,,,,,,,,,,,,,legacy,True,results/exp3/experiment3_scalability.csv,20784913.0,128691.0,results-2026-09/counts/exp3/experiment3_scalability.csv,True
2026-06-30 18:16:46,EHAUSM-R,KOSARAK,1,0,0.005,0.0,0.05,400890653,990002,873,49604,50478,0,0,0,5996043,37412,5988990,0,0.025962,0.0,0.0,44,0,4104.54,0,0,0,0,SUCCESS,,,,,,,,,,,,,,,,,,legacy,True,results/exp3/experiment3_scalability.csv,5996043.0,7053.0,results/exp3/experiment3_scalability.csv,True
2026-06-30 18:18:32,EHAUSM-I,KOSARAK,1,0,0.005,0.0,0.05,400890653,990002,353,53554,53907,0,0,0,5705752,37412,5698699,0,0.054437,0.0,0.0,44,0,6482.33,0,0,0,0,SUCCESS,,,,,,,,,,,,,,,,,,legacy,True,results/exp3/experiment3_scalability.csv,5705752.0,7053.0,results/exp3/experiment3_scalability.csv,True
2026-06-30 18:20:56,HAUSP-UB,KOSARAK,1,0,0.005,0.0,0.05,400890653,990002,1658,22635,24294,10,28,4,8432,38834,3134331,1379,0.0,0.027005,0.032215,44,0,3825.61,3142114,3140344,3823,41270,SUCCESS,,,,,,,,,,,,,,,,,,legacy,True,results/exp3/experiment3_scalability.csv,3144185.0,8432.0,results-2026-09/counts/exp3/experiment3_scalability.csv,True
2026-06-30 18:21:50,EHAUSM-R,KOSARAK,1,0,0.005,0.0,0.1,400890653,990002,831,51124,51955,0,0,0,5996043,37412,5988990,0,0.025962,0.0,0.0,44,0,4004.11,0,0,0,0,SUCCESS,,,,,,,,,,,,,,,,,,legacy,True,results/exp3/experiment3_scalability.csv,5996043.0,7053.0,results/exp3/experiment3_scalability.csv,True
2026-06-30 18:23:37,EHAUSM-I,KOSARAK,1,0,0.005,0.0,0.1,400890653,990002,355,54088,54444,0,0,0,5705752,37412,5698699,0,0.054437,0.0,0.0,44,0,4028.99,0,0,0,0,SUCCESS,,,,,,,,,,,,,,,,,,legacy,True,results/exp3/experiment3_scalability.csv,5705752.0,7053.0,results/exp3/experiment3_scalability.csv,True
2026-06-30 18:26:01,HAUSP-UB,KOSARAK,1,0,0.005,0.0,0.1,400890653,990002,1660,22821,24482,10,29,4,8432,38834,3134331,1379,0.0,0.027005,0.032215,44,0,4600.75,3142114,3140344,3823,41270,SUCCESS,,,,,,,,,,,,,,,,,,legacy,True,results/exp3/experiment3_scalability.csv,3144185.0,8432.0,results-2026-09/counts/exp3/experiment3_scalability.csv,True
2026-06-30 18:26:55,EHAUSM-R,KOSARAK,1,0,0.005,0.0,0.15,400890653,990002,682,50409,51092,0,0,0,5996043,37412,5988990,0,0.025962,0.0,0.0,44,0,2976.53,0,0,0,0,SUCCESS,,,,,,,,,,,,,,,,,,legacy,True,results/exp3/experiment3_scalability.csv,5996043.0,7053.0,results/exp3/experiment3_scalability.csv,True
2026-06-30 18:28:40,EHAUSM-I,KOSARAK,1,0,0.005,0.0,0.15,400890653,990002,352,53544,53896,0,0,0,5705752,37412,5698699,0,0.054437,0.0,0.0,44,0,5266.3,0,0,0,0,SUCCESS,,,,,,,,,,,,,,,,,,legacy,True,results/exp3/experiment3_scalability.csv,5705752.0,7053.0,results/exp3/experiment3_scalability.csv,True
2026-06-30 18:31:05,HAUSP-UB,KOSARAK,1,0,0.005,0.0,0.15,400890653,990002,1650,22341,23991,8,30,4,8432,38834,3134331,1379,0.0,0.027005,0.032215,44,0,3826.04,3142114,3140344,3823,41270,SUCCESS,,,,,,,,,,,,,,,,,,legacy,True,results/exp3/experiment3_scalability.csv,3144185.0,8432.0,results-2026-09/counts/exp3/experiment3_scalability.csv,True
2026-06-30 18:31:58,EHAUSM-R,KOSARAK,1,0,0.005,0.0,0.2,400890653,990002,629,50294,50924,0,0,0,5996043,37412,5988990,0,0.025962,0.0,0.0,44,0,6211.62,0,0,0,0,SUCCESS,,,,,,,,,,,,,,,,,,legacy,True,results/exp3/experiment3_scalability.csv,5996043.0,7053.0,results/exp3/experiment3_scalability.csv,True
2026-06-30 18:33:44,EHAUSM-I,KOSARAK,1,0,0.005,0.0,0.2,400890653,990002,354,53168,53523,0,0,0,5705752,37412,5698699,0,0.054437,0.0,0.0,44,0,2640.65,0,0,0,0,SUCCESS,,,,,,,,,,,,,,,,,,legacy,True,results/exp3/experiment3_scalability.csv,5705752.0,7053.0,results/exp3/experiment3_scalability.csv,True
2026-06-30 18:36:08,HAUSP-UB,KOSARAK,1,0,0.005,0.0,0.2,400890653,990002,1650,22502,24152,8,28,4,8432,38834,3134331,1379,0.0,0.027005,0.032215,44,0,4606.1,3142114,3140344,3823,41270,SUCCESS,,,,,,,,,,,,,,,,,,legacy,True,results/exp3/experiment3_scalability.csv,3144185.0,8432.0,results-2026-09/counts/exp3/experiment3_scalability.csv,True
2026-06-30 18:38:41,EHAUSM-R,SIGN,1,0,0.003,0.0,0.05,1668652,730,9,25188,25198,0,0,0,87193705,18,86599818,0,0.28466,0.0,0.0,12666,0,56.6,0,0,0,0,SUCCESS,,,,,,,,,,,,,,,,,,legacy,True,results/exp3/experiment3_scalability.csv,87193705.0,593887.0,results/exp3/experiment3_scalability.csv,True
2026-06-30 18:39:34,EHAUSM-I,SIGN,1,0,0.003,0.0,0.05,1668652,730,0,26280,26281,0,0,0,45117749,18,44523862,0,0.411298,0.0,0.0,12666,0,4592.44,0,0,0,0,SUCCESS,,,,,,,,,,,,,,,,,,legacy,True,results/exp3/experiment3_scalability.csv,45117749.0,593887.0,results/exp3/experiment3_scalability.csv,True
2026-06-30 18:40:51,HAUSP-UB,SIGN,1,0,0.003,0.0,0.05,1668652,730,0,8246,8247,0,543,229,593947,32,86030002,60,0.0,0.176058,0.176085,12666,0,110.48,86623714,86623697,754,267,SUCCESS,,,,,,,,,,,,,,,,,,legacy,True,results/exp3/experiment3_scalability.csv,86623963.0,593947.0,results-2026-09/counts/exp3/experiment3_scalability.csv,True
2026-06-30 18:41:17,EHAUSM-R,SIGN,1,0,0.003,0.0,0.1,1668652,730,10,25297,25307,0,0,0,87193705,18,86599818,0,0.28466,0.0,0.0,12666,0,88.84,0,0,0,0,SUCCESS,,,,,,,,,,,,,,,,,,legacy,True,results/exp3/experiment3_scalability.csv,87193705.0,593887.0,results/exp3/experiment3_scalability.csv,True
2026-06-30 18:42:11,EHAUSM-I,SIGN,1,0,0.003,0.0,0.1,1668652,730,0,26151,26152,0,0,0,45117749,18,44523862,0,0.411298,0.0,0.0,12666,0,3576.0,0,0,0,0,SUCCESS,,,,,,,,,,,,,,,,,,legacy,True,results/exp3/experiment3_scalability.csv,45117749.0,593887.0,results/exp3/experiment3_scalability.csv,True
2026-06-30 18:43:28,HAUSP-UB,SIGN,1,0,0.003,0.0,0.1,1668652,730,0,8289,8289,0,542,229,593947,32,86030002,60,0.0,0.176058,0.176085,12666,0,109.16,86623714,86623697,754,267,SUCCESS,,,,,,,,,,,,,,,,,,legacy,True,results/exp3/experiment3_scalability.csv,86623963.0,593947.0,results-2026-09/counts/exp3/experiment3_scalability.csv,True
2026-06-30 18:43:53,EHAUSM-R,SIGN,1,0,0.003,0.0,0.15,1668652,730,6,25296,25303,0,0,0,87193705,18,86599818,0,0.28466,0.0,0.0,12666,0,164.43,0,0,0,0,SUCCESS,,,,,,,,,,,,,,,,,,legacy,True,results/exp3/experiment3_scalability.csv,87193705.0,593887.0,results/exp3/experiment3_scalability.csv,True
2026-06-30 18:44:47,EHAUSM-I,SIGN,1,0,0.003,0.0,0.15,1668652,730,0,26273,26274,0,0,0,45117749,18,44523862,0,0.411298,0.0,0.0,12666,0,5282.16,0,0,0,0,SUCCESS,,,,,,,,,,,,,,,,,,legacy,True,results/exp3/experiment3_scalability.csv,45117749.0,593887.0,results/exp3/experiment3_scalability.csv,True
2026-06-30 18:46:04,HAUSP-UB,SIGN,1,0,0.003,0.0,0.15,1668652,730,0,8260,8261,0,543,229,593947,32,86030002,60,0.0,0.176058,0.176085,12666,0,108.73,86623714,86623697,754,267,SUCCESS,,,,,,,,,,,,,,,,,,legacy,True,results/exp3/experiment3_scalability.csv,86623963.0,593947.0,results-2026-09/counts/exp3/experiment3_scalability.csv,True
2026-06-30 18:46:30,EHAUSM-R,SIGN,1,0,0.003,0.0,0.2,1668652,730,7,25304,25311,0,0,0,87193705,18,86599818,0,0.28466,0.0,0.0,12666,0,18.61,0,0,0,0,SUCCESS,,,,,,,,,,,,,,,,,,legacy,True,results/exp3/experiment3_scalability.csv,87193705.0,593887.0,results/exp3/experiment3_scalability.csv,True
2026-06-30 18:47:24,EHAUSM-I,SIGN,1,0,0.003,0.0,0.2,1668652,730,0,26302,26302,0,0,0,45117749,18,44523862,0,0.411298,0.0,0.0,12666,0,3316.0,0,0,0,0,SUCCESS,,,,,,,,,,,,,,,,,,legacy,True,results/exp3/experiment3_scalability.csv,45117749.0,593887.0,results/exp3/experiment3_scalability.csv,True
2026-06-30 18:48:41,HAUSP-UB,SIGN,1,0,0.003,0.0,0.2,1668652,730,0,8257,8258,0,544,228,593947,32,86030002,60,0.0,0.176058,0.176085,12666,0,108.38,86623714,86623697,754,267,SUCCESS,,,,,,,,,,,,,,,,,,legacy,True,results/exp3/experiment3_scalability.csv,86623963.0,593947.0,results-2026-09/counts/exp3/experiment3_scalability.csv,True
2026-07-01 13:51:03,EHAUSM-R,BIBLE,1,1,0.0005,0.0,0.05,35550162,36369,92,42807,42908,0,0,0,90922505,10979,90699589,0,0.355649,0.0,0.0,29772,0,390.31,0,0,0,0,SUCCESS,,,,,,,,,,,,,,,,,,legacy,True,results/exp3/experiment3_scalability.csv,90922505.0,222916.0,results/exp3/experiment3_scalability.csv,True
2026-07-01 13:51:47,EHAUSM-R,BIBLE,1,2,0.0005,0.0,0.05,35550162,36369,110,42699,42809,0,0,0,90922505,10979,90699589,0,0.355649,0.0,0.0,29772,0,277.77,0,0,0,0,SUCCESS,,,,,,,,,,,,,,,,,,legacy,True,results/exp3/experiment3_scalability.csv,90922505.0,222916.0,results/exp3/experiment3_scalability.csv,True
2026-07-01 13:53:19,EHAUSM-I,BIBLE,1,1,0.0005,0.0,0.05,35550162,36369,27,38517,38545,0,0,0,23299890,10979,23076974,0,0.482942,0.0,0.0,29772,0,3159.89,0,0,0,0,SUCCESS,,,,,,,,,,,,,,,,,,legacy,True,results/exp3/experiment3_scalability.csv,23299890.0,222916.0,results/exp3/experiment3_scalability.csv,True
2026-07-01 13:54:51,EHAUSM-I,BIBLE,1,2,0.0005,0.0,0.05,35550162,36369,19,38482,38501,0,0,0,23299890,10979,23076974,0,0.482942,0.0,0.0,29772,0,4838.57,0,0,0,0,SUCCESS,,,,,,,,,,,,,,,,,,legacy,True,results/exp3/experiment3_scalability.csv,23299890.0,222916.0,results/exp3/experiment3_scalability.csv,True
2026-07-01 13:59:04,HAUSP-UB,BIBLE,1,1,0.0005,0.0,0.05,35550162,36369,38,15878,15916,1,326,89,223663,12054,83293828,11096,0.0,0.29014,0.297948,29772,0,521.15,83527661,83526030,3853,13905,SUCCESS,,,,,,,,,,,,,,,,,,legacy,True,results/exp3/experiment3_scalability.csv,83528915.0,223663.0,results-2026-09/counts/exp3/experiment3_scalability.csv,True
2026-07-01 13:59:37,HAUSP-UB,BIBLE,1,2,0.0005,0.0,0.05,35550162,36369,37,15874,15912,2,349,89,223663,12054,83293828,11096,0.0,0.29014,0.297948,29772,0,524.09,83527661,83526030,3853,13905,SUCCESS,,,,,,,,,,,,,,,,,,legacy,True,results/exp3/experiment3_scalability.csv,83528915.0,223663.0,results-2026-09/counts/exp3/experiment3_scalability.csv,True
2026-07-01 14:00:20,EHAUSM-R,BIBLE,1,1,0.0005,0.0,0.1,35550162,36369,86,42496,42582,0,0,0,90922505,10979,90699589,0,0.355649,0.0,0.0,29772,0,419.79,0,0,0,0,SUCCESS,,,,,,,,,,,,,,,,,,legacy,True,results/exp3/experiment3_scalability.csv,90922505.0,222916.0,results/exp3/experiment3_scalability.csv,True
2026-07-01 14:01:03,EHAUSM-R,BIBLE,1,2,0.0005,0.0,0.1,35550162,36369,61,42365,42427,0,0,0,90922505,10979,90699589,0,0.355649,0.0,0.0,29772,0,333.83,0,0,0,0,SUCCESS,,,,,,,,,,,,,,,,,,legacy,True,results/exp3/experiment3_scalability.csv,90922505.0,222916.0,results/exp3/experiment3_scalability.csv,True
2026-07-01 14:02:35,EHAUSM-I,BIBLE,1,1,0.0005,0.0,0.1,35550162,36369,17,38326,38344,0,0,0,23299890,10979,23076974,0,0.482942,0.0,0.0,29772,0,4595.35,0,0,0,0,SUCCESS,,,,,,,,,,,,,,,,,,legacy,True,results/exp3/experiment3_scalability.csv,23299890.0,222916.0,results/exp3/experiment3_scalability.csv,True
2026-07-01 14:04:07,EHAUSM-I,BIBLE,1,2,0.0005,0.0,0.1,35550162,36369,17,38354,38371,0,0,0,23299890,10979,23076974,0,0.482942,0.0,0.0,29772,0,5359.35,0,0,0,0,SUCCESS,,,,,,,,,,,,,,,,,,legacy,True,results/exp3/experiment3_scalability.csv,23299890.0,222916.0,results/exp3/experiment3_scalability.csv,True
2026-07-01 14:08:21,HAUSP-UB,BIBLE,1,1,0.0005,0.0,0.1,35550162,36369,34,15471,15505,1,450,88,223663,12054,83293828,11096,0.0,0.29014,0.297948,29772,0,514.85,83527661,83526030,3853,13905,SUCCESS,,,,,,,,,,,,,,,,,,legacy,True,results/exp3/experiment3_scalability.csv,83528915.0,223663.0,results-2026-09/counts/exp3/experiment3_scalability.csv,True
2026-07-01 14:08:53,HAUSP-UB,BIBLE,1,2,0.0005,0.0,0.1,35550162,36369,33,15451,15484,1,452,88,223663,12054,83293828,11096,0.0,0.29014,0.297948,29772,0,601.59,83527661,83526030,3853,13905,SUCCESS,,,,,,,,,,,,,,,,,,legacy,True,results/exp3/experiment3_scalability.csv,83528915.0,223663.0,results-2026-09/counts/exp3/experiment3_scalability.csv,True
2026-07-01 14:09:36,EHAUSM-R,BIBLE,1,1,0.0005,0.0,0.15,35550162,36369,263,42170,42434,0,0,0,90922505,10979,90699589,0,0.355649,0.0,0.0,29772,0,381.92,0,0,0,0,SUCCESS,,,,,,,,,,,,,,,,,,legacy,True,results/exp3/experiment3_scalability.csv,90922505.0,222916.0,results/exp3/experiment3_scalability.csv,True
2026-07-01 14:10:18,EHAUSM-R,BIBLE,1,2,0.0005,0.0,0.15,35550162,36369,62,42038,42101,0,0,0,90922505,10979,90699589,0,0.355649,0.0,0.0,29772,0,286.38,0,0,0,0,SUCCESS,,,,,,,,,,,,,,,,,,legacy,True,results/exp3/experiment3_scalability.csv,90922505.0,222916.0,results/exp3/experiment3_scalability.csv,True
2026-07-01 14:11:51,EHAUSM-I,BIBLE,1,1,0.0005,0.0,0.15,35550162,36369,17,38364,38382,0,0,0,23299890,10979,23076974,0,0.482942,0.0,0.0,29772,0,6773.27,0,0,0,0,SUCCESS,,,,,,,,,,,,,,,,,,legacy,True,results/exp3/experiment3_scalability.csv,23299890.0,222916.0,results/exp3/experiment3_scalability.csv,True
2026-07-01 14:13:24,EHAUSM-I,BIBLE,1,2,0.0005,0.0,0.15,35550162,36369,17,38684,38702,0,0,0,23299890,10979,23076974,0,0.482942,0.0,0.0,29772,0,3559.86,0,0,0,0,SUCCESS,,,,,,,,,,,,,,,,,,legacy,True,results/exp3/experiment3_scalability.csv,23299890.0,222916.0,results/exp3/experiment3_scalability.csv,True
2026-07-01 14:17:38,HAUSP-UB,BIBLE,1,1,0.0005,0.0,0.15,35550162,36369,34,15653,15687,1,452,88,223663,12054,83293828,11096,0.0,0.29014,0.297948,29772,0,544.78,83527661,83526030,3853,13905,SUCCESS,,,,,,,,,,,,,,,,,,legacy,True,results/exp3/experiment3_scalability.csv,83528915.0,223663.0,results-2026-09/counts/exp3/experiment3_scalability.csv,True
2026-07-01 14:18:11,HAUSP-UB,BIBLE,1,2,0.0005,0.0,0.15,35550162,36369,34,15782,15817,1,457,88,223663,12054,83293828,11096,0.0,0.29014,0.297948,29772,0,522.07,83527661,83526030,3853,13905,SUCCESS,,,,,,,,,,,,,,,,,,legacy,True,results/exp3/experiment3_scalability.csv,83528915.0,223663.0,results-2026-09/counts/exp3/experiment3_scalability.csv,True
2026-07-01 14:18:54,EHAUSM-R,BIBLE,1,1,0.0005,0.0,0.2,35550162,36369,237,42667,42905,0,0,0,90922505,10979,90699589,0,0.355649,0.0,0.0,29772,0,376.73,0,0,0,0,SUCCESS,,,,,,,,,,,,,,,,,,legacy,True,results/exp3/experiment3_scalability.csv,90922505.0,222916.0,results/exp3/experiment3_scalability.csv,True
2026-07-01 14:19:37,EHAUSM-R,BIBLE,1,2,0.0005,0.0,0.2,35550162,36369,49,42428,42477,0,0,0,90922505,10979,90699589,0,0.355649,0.0,0.0,29772,0,492.79,0,0,0,0,SUCCESS,,,,,,,,,,,,,,,,,,legacy,True,results/exp3/experiment3_scalability.csv,90922505.0,222916.0,results/exp3/experiment3_scalability.csv,True
2026-07-01 14:21:10,EHAUSM-I,BIBLE,1,1,0.0005,0.0,0.2,35550162,36369,18,38726,38745,0,0,0,23299890,10979,23076974,0,0.482942,0.0,0.0,29772,0,5319.6,0,0,0,0,SUCCESS,,,,,,,,,,,,,,,,,,legacy,True,results/exp3/experiment3_scalability.csv,23299890.0,222916.0,results/exp3/experiment3_scalability.csv,True
2026-07-01 14:22:43,EHAUSM-I,BIBLE,1,2,0.0005,0.0,0.2,35550162,36369,17,38822,38840,0,0,0,23299890,10979,23076974,0,0.482942,0.0,0.0,29772,0,3321.54,0,0,0,0,SUCCESS,,,,,,,,,,,,,,,,,,legacy,True,results/exp3/experiment3_scalability.csv,23299890.0,222916.0,results/exp3/experiment3_scalability.csv,True
2026-07-01 14:27:00,HAUSP-UB,BIBLE,1,1,0.0005,0.0,0.2,35550162,36369,33,15429,15463,1,430,89,223663,12054,83293828,11096,0.0,0.29014,0.297948,29772,0,521.08,83527661,83526030,3853,13905,SUCCESS,,,,,,,,,,,,,,,,,,legacy,True,results/exp3/experiment3_scalability.csv,83528915.0,223663.0,results-2026-09/counts/exp3/experiment3_scalability.csv,True
2026-07-01 14:27:32,HAUSP-UB,BIBLE,1,2,0.0005,0.0,0.2,35550162,36369,32,15534,15567,1,446,89,223663,12054,83293828,11096,0.0,0.29014,0.297948,29772,0,520.29,83527661,83526030,3853,13905,SUCCESS,,,,,,,,,,,,,,,,,,legacy,True,results/exp3/experiment3_scalability.csv,83528915.0,223663.0,results-2026-09/counts/exp3/experiment3_scalability.csv,True
2026-07-01 14:28:20,EHAUSM-R,BMS1_SPMF,1,1,0.0035,0.0,0.05,7229030,59601,82,47054,47137,0,0,0,103110382,133,102437138,0,0.090065,0.0,0.0,93,0,63.8,0,0,0,0,SUCCESS,,,,,,,,,,,,,,,,,,legacy,True,results/exp3/experiment3_scalability.csv,103110382.0,673244.0,results/exp3/experiment3_scalability.csv,True
2026-07-01 14:29:07,EHAUSM-R,BMS1_SPMF,1,2,0.0035,0.0,0.05,7229030,59601,26,47095,47122,0,0,0,103110382,133,102437138,0,0.090065,0.0,0.0,93,0,340.0,0,0,0,0,SUCCESS,,,,,,,,,,,,,,,,,,legacy,True,results/exp3/experiment3_scalability.csv,103110382.0,673244.0,results/exp3/experiment3_scalability.csv,True
2026-07-01 14:30:04,EHAUSM-I,BMS1_SPMF,1,1,0.0035,0.0,0.05,7229030,59601,9,55565,55574,0,0,0,77822471,133,77149227,0,0.195364,0.0,0.0,93,0,1058.84,0,0,0,0,SUCCESS,,,,,,,,,,,,,,,,,,legacy,True,results/exp3/experiment3_scalability.csv,77822471.0,673244.0,results/exp3/experiment3_scalability.csv,True
2026-07-01 14:31:00,EHAUSM-I,BMS1_SPMF,1,2,0.0035,0.0,0.05,7229030,59601,8,55283,55292,0,0,0,77822471,133,77149227,0,0.195364,0.0,0.0,93,0,1738.31,0,0,0,0,SUCCESS,,,,,,,,,,,,,,,,,,legacy,True,results/exp3/experiment3_scalability.csv,77822471.0,673244.0,results/exp3/experiment3_scalability.csv,True
2026-07-01 14:52:23,HAUSP-UB,BMS1_SPMF,1,1,0.0035,0.0,0.05,7229030,59601,4,26224,26229,0,622,259,673331,170,101041040,87,0.0,0.039763,0.039814,93,0,77.73,101714152,101713931,562,497,SUCCESS,,,,,,,,,,,,,,,,,,legacy,True,results/exp3/experiment3_scalability.csv,101714408.0,673331.0,results-2026-09/counts/exp3/experiment3_scalability.csv,True
2026-07-01 14:52:50,HAUSP-UB,BMS1_SPMF,1,2,0.0035,0.0,0.05,7229030,59601,4,25986,25991,0,622,258,673331,170,101041040,87,0.0,0.039763,0.039814,93,0,72.77,101714152,101713931,562,497,SUCCESS,,,,,,,,,,,,,,,,,,legacy,True,results/exp3/experiment3_scalability.csv,101714408.0,673331.0,results-2026-09/counts/exp3/experiment3_scalability.csv,True
2026-07-01 14:53:38,EHAUSM-R,BMS1_SPMF,1,1,0.0035,0.0,0.1,7229030,59601,84,47221,47305,0,0,0,103110382,133,102437138,0,0.090065,0.0,0.0,93,0,204.11,0,0,0,0,SUCCESS,,,,,,,,,,,,,,,,,,legacy,True,results/exp3/experiment3_scalability.csv,103110382.0,673244.0,results/exp3/experiment3_scalability.csv,True
2026-07-01 14:54:25,EHAUSM-R,BMS1_SPMF,1,2,0.0035,0.0,0.1,7229030,59601,29,47301,47331,0,0,0,103110382,133,102437138,0,0.090065,0.0,0.0,93,0,171.54,0,0,0,0,SUCCESS,,,,,,,,,,,,,,,,,,legacy,True,results/exp3/experiment3_scalability.csv,103110382.0,673244.0,results/exp3/experiment3_scalability.csv,True
2026-07-01 14:55:22,EHAUSM-I,BMS1_SPMF,1,1,0.0035,0.0,0.1,7229030,59601,9,55361,55371,0,0,0,77822471,133,77149227,0,0.195364,0.0,0.0,93,0,2470.17,0,0,0,0,SUCCESS,,,,,,,,,,,,,,,,,,legacy,True,results/exp3/experiment3_scalability.csv,77822471.0,673244.0,results/exp3/experiment3_scalability.csv,True
2026-07-01 14:56:18,EHAUSM-I,BMS1_SPMF,1,2,0.0035,0.0,0.1,7229030,59601,9,55034,55043,0,0,0,77822471,133,77149227,0,0.195364,0.0,0.0,93,0,1596.0,0,0,0,0,SUCCESS,,,,,,,,,,,,,,,,,,legacy,True,results/exp3/experiment3_scalability.csv,77822471.0,673244.0,results/exp3/experiment3_scalability.csv,True
2026-07-01 15:17:49,HAUSP-UB,BMS1_SPMF,1,1,0.0035,0.0,0.1,7229030,59601,5,26039,26044,0,625,259,673331,170,101041040,87,0.0,0.039763,0.039814,93,0,78.0,101714152,101713931,562,497,SUCCESS,,,,,,,,,,,,,,,,,,legacy,True,results/exp3/experiment3_scalability.csv,101714408.0,673331.0,results-2026-09/counts/exp3/experiment3_scalability.csv,True
2026-07-01 15:18:15,HAUSP-UB,BMS1_SPMF,1,2,0.0035,0.0,0.1,7229030,59601,4,26120,26125,0,626,259,673331,170,101041040,87,0.0,0.039763,0.039814,93,0,73.04,101714152,101713931,562,497,SUCCESS,,,,,,,,,,,,,,,,,,legacy,True,results/exp3/experiment3_scalability.csv,101714408.0,673331.0,results-2026-09/counts/exp3/experiment3_scalability.csv,True
2026-07-01 15:19:06,EHAUSM-R,BMS1_SPMF,1,1,0.0035,0.0,0.15,7229030,59601,84,49485,49570,0,0,0,103110382,133,102437138,0,0.090065,0.0,0.0,93,0,140.1,0,0,0,0,SUCCESS,,,,,,,,,,,,,,,,,,legacy,True,results/exp3/experiment3_scalability.csv,103110382.0,673244.0,results/exp3/experiment3_scalability.csv,True
2026-07-01 15:19:55,EHAUSM-R,BMS1_SPMF,1,2,0.0035,0.0,0.15,7229030,59601,30,49178,49209,0,0,0,103110382,133,102437138,0,0.090065,0.0,0.0,93,0,315.72,0,0,0,0,SUCCESS,,,,,,,,,,,,,,,,,,legacy,True,results/exp3/experiment3_scalability.csv,103110382.0,673244.0,results/exp3/experiment3_scalability.csv,True
2026-07-01 15:20:54,EHAUSM-I,BMS1_SPMF,1,1,0.0035,0.0,0.15,7229030,59601,9,57892,57901,0,0,0,77822471,133,77149227,0,0.195364,0.0,0.0,93,0,1641.04,0,0,0,0,SUCCESS,,,,,,,,,,,,,,,,,,legacy,True,results/exp3/experiment3_scalability.csv,77822471.0,673244.0,results/exp3/experiment3_scalability.csv,True
2026-07-01 15:21:53,EHAUSM-I,BMS1_SPMF,1,2,0.0035,0.0,0.15,7229030,59601,9,57834,57843,0,0,0,77822471,133,77149227,0,0.195364,0.0,0.0,93,0,1044.71,0,0,0,0,SUCCESS,,,,,,,,,,,,,,,,,,legacy,True,results/exp3/experiment3_scalability.csv,77822471.0,673244.0,results/exp3/experiment3_scalability.csv,True
2026-07-01 15:43:38,HAUSP-UB,BMS1_SPMF,1,1,0.0035,0.0,0.15,7229030,59601,4,26155,26160,0,627,261,673331,170,101041040,87,0.0,0.039763,0.039814,93,0,77.86,101714152,101713931,562,497,SUCCESS,,,,,,,,,,,,,,,,,,legacy,True,results/exp3/experiment3_scalability.csv,101714408.0,673331.0,results-2026-09/counts/exp3/experiment3_scalability.csv,True
2026-07-01 15:44:04,HAUSP-UB,BMS1_SPMF,1,2,0.0035,0.0,0.15,7229030,59601,4,26122,26127,0,621,260,673331,170,101041040,87,0.0,0.039763,0.039814,93,0,73.04,101714152,101713931,562,497,SUCCESS,,,,,,,,,,,,,,,,,,legacy,True,results/exp3/experiment3_scalability.csv,101714408.0,673331.0,results-2026-09/counts/exp3/experiment3_scalability.csv,True
2026-07-01 15:44:54,EHAUSM-R,BMS1_SPMF,1,1,0.0035,0.0,0.2,7229030,59601,82,49245,49328,0,0,0,103110382,133,102437138,0,0.090065,0.0,0.0,93,0,215.8,0,0,0,0,SUCCESS,,,,,,,,,,,,,,,,,,legacy,True,results/exp3/experiment3_scalability.csv,103110382.0,673244.0,results/exp3/experiment3_scalability.csv,True
2026-07-01 15:45:44,EHAUSM-R,BMS1_SPMF,1,2,0.0035,0.0,0.2,7229030,59601,29,49042,49071,0,0,0,103110382,133,102437138,0,0.090065,0.0,0.0,93,0,107.59,0,0,0,0,SUCCESS,,,,,,,,,,,,,,,,,,legacy,True,results/exp3/experiment3_scalability.csv,103110382.0,673244.0,results/exp3/experiment3_scalability.csv,True
2026-07-01 15:46:44,EHAUSM-I,BMS1_SPMF,1,1,0.0035,0.0,0.2,7229030,59601,9,59040,59049,0,0,0,77822471,133,77149227,0,0.195364,0.0,0.0,93,0,865.16,0,0,0,0,SUCCESS,,,,,,,,,,,,,,,,,,legacy,True,results/exp3/experiment3_scalability.csv,77822471.0,673244.0,results/exp3/experiment3_scalability.csv,True
2026-07-01 15:47:44,EHAUSM-I,BMS1_SPMF,1,2,0.0035,0.0,0.2,7229030,59601,8,58985,58994,0,0,0,77822471,133,77149227,0,0.195364,0.0,0.0,93,0,1626.44,0,0,0,0,SUCCESS,,,,,,,,,,,,,,,,,,legacy,True,results/exp3/experiment3_scalability.csv,77822471.0,673244.0,results/exp3/experiment3_scalability.csv,True
2026-07-01 16:09:20,HAUSP-UB,BMS1_SPMF,1,1,0.0035,0.0,0.2,7229030,59601,4,26317,26322,0,638,259,673331,170,101041040,87,0.0,0.039763,0.039814,93,0,77.86,101714152,101713931,562,497,SUCCESS,,,,,,,,,,,,,,,,,,legacy,True,results/exp3/experiment3_scalability.csv,101714408.0,673331.0,results-2026-09/counts/exp3/experiment3_scalability.csv,True
2026-07-01 16:09:46,HAUSP-UB,BMS1_SPMF,1,2,0.0035,0.0,0.2,7229030,59601,4,25893,25897,0,638,260,673331,170,101041040,87,0.0,0.039763,0.039814,93,0,73.04,101714152,101713931,562,497,SUCCESS,,,,,,,,,,,,,,,,,,legacy,True,results/exp3/experiment3_scalability.csv,101714408.0,673331.0,results-2026-09/counts/exp3/experiment3_scalability.csv,True
2026-07-01 16:13:35,EHAUSM-R,FIFA,1,1,0.012,0.0,0.05,35721991,20450,262,227326,227588,0,0,0,22652772,2536,22524180,0,0.134802,0.0,0.0,334,0,242.45,0,0,0,0,SUCCESS,,,,,,,,,,,,,,,,,,legacy,True,results/exp3/experiment3_scalability.csv,22652772.0,128592.0,results/exp3/experiment3_scalability.csv,True
2026-07-01 16:17:24,EHAUSM-R,FIFA,1,2,0.012,0.0,0.05,35721991,20450,220,227888,228109,0,0,0,22652772,2536,22524180,0,0.134802,0.0,0.0,334,0,478.37,0,0,0,0,SUCCESS,,,,,,,,,,,,,,,,,,legacy,True,results/exp3/experiment3_scalability.csv,22652772.0,128592.0,results/exp3/experiment3_scalability.csv,True
2026-07-01 16:25:41,EHAUSM-I,FIFA,1,1,0.012,0.0,0.05,35721991,20450,14,252953,252968,0,0,0,21307703,2536,21179111,0,0.206729,0.0,0.0,334,0,5934.28,0,0,0,0,SUCCESS,,,,,,,,,,,,,,,,,,legacy,True,results/exp3/experiment3_scalability.csv,21307703.0,128592.0,results/exp3/experiment3_scalability.csv,True
2026-07-01 16:33:56,EHAUSM-I,FIFA,1,2,0.012,0.0,0.05,35721991,20450,17,250938,250956,0,0,0,21307703,2536,21179111,0,0.206729,0.0,0.0,334,0,5195.96,0,0,0,0,SUCCESS,,,,,,,,,,,,,,,,,,legacy,True,results/exp3/experiment3_scalability.csv,21307703.0,128592.0,results/exp3/experiment3_scalability.csv,True
2026-07-01 16:48:19,HAUSP-UB,FIFA,1,1,0.012,0.0,0.05,35721991,20450,19,85114,85134,0,186,52,128691,2701,20655889,267,0.0,0.096915,0.097026,334,0,605.15,20784542,20784461,414,2990,SUCCESS,,,,,,,,,,,,,,,,,,legacy,True,results/exp3/experiment3_scalability.csv,20784913.0,128691.0,results-2026-09/counts/exp3/experiment3_scalability.csv,True
2026-07-01 16:50:55,HAUSP-UB,FIFA,1,2,0.012,0.0,0.05,35721991,20450,9,84131,84141,0,188,53,128691,2701,20655889,267,0.0,0.096915,0.097026,334,0,607.03,20784542,20784461,414,2990,SUCCESS,,,,,,,,,,,,,,,,,,legacy,True,results/exp3/experiment3_scalability.csv,20784913.0,128691.0,results-2026-09/counts/exp3/experiment3_scalability.csv,True
2026-07-01 16:54:46,EHAUSM-R,FIFA,1,1,0.012,0.0,0.1,35721991,20450,262,229555,229817,0,0,0,22652772,2536,22524180,0,0.134802,0.0,0.0,334,0,758.8,0,0,0,0,SUCCESS,,,,,,,,,,,,,,,,,,legacy,True,results/exp3/experiment3_scalability.csv,22652772.0,128592.0,results/exp3/experiment3_scalability.csv,True
2026-07-01 16:58:36,EHAUSM-R,FIFA,1,2,0.012,0.0,0.1,35721991,20450,221,229686,229908,0,0,0,22652772,2536,22524180,0,0.134802,0.0,0.0,334,0,344.6,0,0,0,0,SUCCESS,,,,,,,,,,,,,,,,,,legacy,True,results/exp3/experiment3_scalability.csv,22652772.0,128592.0,results/exp3/experiment3_scalability.csv,True
2026-07-01 17:06:28,EHAUSM-I,FIFA,1,1,0.012,0.0,0.1,35721991,20450,15,239714,239729,0,0,0,21307703,2536,21179111,0,0.206729,0.0,0.0,334,0,8171.13,0,0,0,0,SUCCESS,,,,,,,,,,,,,,,,,,legacy,True,results/exp3/experiment3_scalability.csv,21307703.0,128592.0,results/exp3/experiment3_scalability.csv,True
2026-07-01 17:14:19,EHAUSM-I,FIFA,1,2,0.012,0.0,0.1,35721991,20450,17,238337,238354,0,0,0,21307703,2536,21179111,0,0.206729,0.0,0.0,334,0,6298.93,0,0,0,0,SUCCESS,,,,,,,,,,,,,,,,,,legacy,True,results/exp3/experiment3_scalability.csv,21307703.0,128592.0,results/exp3/experiment3_scalability.csv,True
2026-07-01 17:29:10,HAUSP-UB,FIFA,1,1,0.012,0.0,0.1,35721991,20450,10,86114,86124,1,195,53,128691,2701,20655889,267,0.0,0.096915,0.097026,334,0,612.11,20784542,20784461,414,2990,SUCCESS,,,,,,,,,,,,,,,,,,legacy,True,results/exp3/experiment3_scalability.csv,20784913.0,128691.0,results-2026-09/counts/exp3/experiment3_scalability.csv,True
2026-07-01 17:31:48,HAUSP-UB,FIFA,1,2,0.012,0.0,0.1,35721991,20450,9,85020,85029,1,194,52,128691,2701,20655889,267,0.0,0.096915,0.097026,334,0,608.69,20784542,20784461,414,2990,SUCCESS,,,,,,,,,,,,,,,,,,legacy,True,results/exp3/experiment3_scalability.csv,20784913.0,128691.0,results-2026-09/counts/exp3/experiment3_scalability.csv,True
2026-07-01 17:35:23,EHAUSM-R,FIFA,1,1,0.012,0.0,0.15,35721991,20450,270,214068,214339,0,0,0,22652772,2536,22524180,0,0.134802,0.0,0.0,334,0,377.61,0,0,0,0,SUCCESS,,,,,,,,,,,,,,,,,,legacy,True,results/exp3/experiment3_scalability.csv,22652772.0,128592.0,results/exp3/experiment3_scalability.csv,True
2026-07-01 17:38:58,EHAUSM-R,FIFA,1,2,0.012,0.0,0.15,35721991,20450,157,214202,214359,0,0,0,22652772,2536,22524180,0,0.134802,0.0,0.0,334,0,363.09,0,0,0,0,SUCCESS,,,,,,,,,,,,,,,,,,legacy,True,results/exp3/experiment3_scalability.csv,22652772.0,128592.0,results/exp3/experiment3_scalability.csv,True
2026-07-01 17:47:04,EHAUSM-I,FIFA,1,1,0.012,0.0,0.15,35721991,20450,15,246642,246657,0,0,0,21307703,2536,21179111,0,0.206729,0.0,0.0,334,0,4711.79,0,0,0,0,SUCCESS,,,,,,,,,,,,,,,,,,legacy,True,results/exp3/experiment3_scalability.csv,21307703.0,128592.0,results/exp3/experiment3_scalability.csv,True
2026-07-01 17:55:10,EHAUSM-I,FIFA,1,2,0.012,0.0,0.15,35721991,20450,14,245976,245991,0,0,0,21307703,2536,21179111,0,0.206729,0.0,0.0,334,0,6016.24,0,0,0,0,SUCCESS,,,,,,,,,,,,,,,,,,legacy,True,results/exp3/experiment3_scalability.csv,21307703.0,128592.0,results/exp3/experiment3_scalability.csv,True
2026-07-01 18:10:05,HAUSP-UB,FIFA,1,1,0.012,0.0,0.15,35721991,20450,8,84604,84613,0,186,53,128691,2701,20655889,267,0.0,0.096915,0.097026,334,0,606.33,20784542,20784461,414,2990,SUCCESS,,,,,,,,,,,,,,,,,,legacy,True,results/exp3/experiment3_scalability.csv,20784913.0,128691.0,results-2026-09/counts/exp3/experiment3_scalability.csv,True
2026-07-01 18:12:43,HAUSP-UB,FIFA,1,2,0.012,0.0,0.15,35721991,20450,8,85204,85213,0,189,53,128691,2701,20655889,267,0.0,0.096915,0.097026,334,0,609.08,20784542,20784461,414,2990,SUCCESS,,,,,,,,,,,,,,,,,,legacy,True,results/exp3/experiment3_scalability.csv,20784913.0,128691.0,results-2026-09/counts/exp3/experiment3_scalability.csv,True
2026-07-01 18:16:24,EHAUSM-R,FIFA,1,1,0.012,0.0,0.2,35721991,20450,219,219599,219818,0,0,0,22652772,2536,22524180,0,0.134802,0.0,0.0,334,0,197.71,0,0,0,0,SUCCESS,,,,,,,,,,,,,,,,,,legacy,True,results/exp3/experiment3_scalability.csv,22652772.0,128592.0,results/exp3/experiment3_scalability.csv,True
2026-07-01 18:20:06,EHAUSM-R,FIFA,1,2,0.012,0.0,0.2,35721991,20450,220,220563,220784,0,0,0,22652772,2536,22524180,0,0.134802,0.0,0.0,334,0,453.26,0,0,0,0,SUCCESS,,,,,,,,,,,,,,,,,,legacy,True,results/exp3/experiment3_scalability.csv,22652772.0,128592.0,results/exp3/experiment3_scalability.csv,True
2026-07-01 18:27:56,EHAUSM-I,FIFA,1,1,0.012,0.0,0.2,35721991,20450,14,238669,238684,0,0,0,21307703,2536,21179111,0,0.206729,0.0,0.0,334,0,4641.56,0,0,0,0,SUCCESS,,,,,,,,,,,,,,,,,,legacy,True,results/exp3/experiment3_scalability.csv,21307703.0,128592.0,results/exp3/experiment3_scalability.csv,True
2026-07-01 18:35:50,EHAUSM-I,FIFA,1,2,0.012,0.0,0.2,35721991,20450,16,238268,238285,0,0,0,21307703,2536,21179111,0,0.206729,0.0,0.0,334,0,7649.48,0,0,0,0,SUCCESS,,,,,,,,,,,,,,,,,,legacy,True,results/exp3/experiment3_scalability.csv,21307703.0,128592.0,results/exp3/experiment3_scalability.csv,True
2026-07-01 18:50:42,HAUSP-UB,FIFA,1,1,0.012,0.0,0.2,35721991,20450,8,85358,85367,0,185,55,128691,2701,20655889,267,0.0,0.096915,0.097026,334,0,606.32,20784542,20784461,414,2990,SUCCESS,,,,,,,,,,,,,,,,,,legacy,True,results/exp3/experiment3_scalability.csv,20784913.0,128691.0,results-2026-09/counts/exp3/experiment3_scalability.csv,True
2026-07-01 18:53:19,HAUSP-UB,FIFA,1,2,0.012,0.0,0.2,35721991,20450,8,85438,85446,0,195,55,128691,2701,20655889,267,0.0,0.096915,0.097026,334,0,605.96,20784542,20784461,414,2990,SUCCESS,,,,,,,,,,,,,,,,,,legacy,True,results/exp3/experiment3_scalability.csv,20784913.0,128691.0,results-2026-09/counts/exp3/experiment3_scalability.csv,True
2026-07-01 18:54:13,EHAUSM-R,KOSARAK,1,1,0.005,0.0,0.05,400890653,990002,829,50729,51559,0,0,0,5996043,37412,5988990,0,0.025962,0.0,0.0,44,0,4487.5,0,0,0,0,SUCCESS,,,,,,,,,,,,,,,,,,legacy,True,results/exp3/experiment3_scalability.csv,5996043.0,7053.0,results/exp3/experiment3_scalability.csv,True
2026-07-01 18:55:04,EHAUSM-R,KOSARAK,1,2,0.005,0.0,0.05,400890653,990002,671,50622,51293,0,0,0,5996043,37412,5988990,0,0.025962,0.0,0.0,44,0,2299.7,0,0,0,0,SUCCESS,,,,,,,,,,,,,,,,,,legacy,True,results/exp3/experiment3_scalability.csv,5996043.0,7053.0,results/exp3/experiment3_scalability.csv,True
2026-07-01 18:56:49,EHAUSM-I,KOSARAK,1,1,0.005,0.0,0.05,400890653,990002,367,52375,52743,0,0,0,5705752,37412,5698699,0,0.054437,0.0,0.0,44,0,3506.58,0,0,0,0,SUCCESS,,,,,,,,,,,,,,,,,,legacy,True,results/exp3/experiment3_scalability.csv,5705752.0,7053.0,results/exp3/experiment3_scalability.csv,True
2026-07-01 18:58:32,EHAUSM-I,KOSARAK,1,2,0.005,0.0,0.05,400890653,990002,353,52099,52453,0,0,0,5705752,37412,5698699,0,0.054437,0.0,0.0,44,0,4147.34,0,0,0,0,SUCCESS,,,,,,,,,,,,,,,,,,legacy,True,results/exp3/experiment3_scalability.csv,5705752.0,7053.0,results/exp3/experiment3_scalability.csv,True
2026-07-01 19:02:41,HAUSP-UB,KOSARAK,1,1,0.005,0.0,0.05,400890653,990002,1511,22609,24120,9,27,4,8432,38834,3134331,1379,0.0,0.027005,0.032215,44,0,3896.5,3142114,3140344,3823,41270,SUCCESS,,,,,,,,,,,,,,,,,,legacy,True,results/exp3/experiment3_scalability.csv,3144185.0,8432.0,results-2026-09/counts/exp3/experiment3_scalability.csv,True
2026-07-01 19:03:32,HAUSP-UB,KOSARAK,1,2,0.005,0.0,0.05,400890653,990002,1648,22728,24376,9,28,4,8432,38834,3134331,1379,0.0,0.027005,0.032215,44,0,3357.64,3142114,3140344,3823,41270,SUCCESS,,,,,,,,,,,,,,,,,,legacy,True,results/exp3/experiment3_scalability.csv,3144185.0,8432.0,results-2026-09/counts/exp3/experiment3_scalability.csv,True
2026-07-01 19:04:26,EHAUSM-R,KOSARAK,1,1,0.005,0.0,0.1,400890653,990002,682,51196,51879,0,0,0,5996043,37412,5988990,0,0.025962,0.0,0.0,44,0,3435.89,0,0,0,0,SUCCESS,,,,,,,,,,,,,,,,,,legacy,True,results/exp3/experiment3_scalability.csv,5996043.0,7053.0,results/exp3/experiment3_scalability.csv,True
2026-07-01 19:05:18,EHAUSM-R,KOSARAK,1,2,0.005,0.0,0.1,400890653,990002,639,51186,51826,0,0,0,5996043,37412,5988990,0,0.025962,0.0,0.0,44,0,4371.56,0,0,0,0,SUCCESS,,,,,,,,,,,,,,,,,,legacy,True,results/exp3/experiment3_scalability.csv,5996043.0,7053.0,results/exp3/experiment3_scalability.csv,True
2026-07-01 19:07:02,EHAUSM-I,KOSARAK,1,1,0.005,0.0,0.1,400890653,990002,356,52788,53145,0,0,0,5705752,37412,5698699,0,0.054437,0.0,0.0,44,0,2535.8,0,0,0,0,SUCCESS,,,,,,,,,,,,,,,,,,legacy,True,results/exp3/experiment3_scalability.csv,5705752.0,7053.0,results/exp3/experiment3_scalability.csv,True
2026-07-01 19:08:46,EHAUSM-I,KOSARAK,1,2,0.005,0.0,0.1,400890653,990002,355,52747,53102,0,0,0,5705752,37412,5698699,0,0.054437,0.0,0.0,44,0,3320.61,0,0,0,0,SUCCESS,,,,,,,,,,,,,,,,,,legacy,True,results/exp3/experiment3_scalability.csv,5705752.0,7053.0,results/exp3/experiment3_scalability.csv,True
2026-07-01 19:12:54,HAUSP-UB,KOSARAK,1,1,0.005,0.0,0.1,400890653,990002,1648,22352,24001,9,28,4,8432,38834,3134331,1379,0.0,0.027005,0.032215,44,0,4605.06,3142114,3140344,3823,41270,SUCCESS,,,,,,,,,,,,,,,,,,legacy,True,results/exp3/experiment3_scalability.csv,3144185.0,8432.0,results-2026-09/counts/exp3/experiment3_scalability.csv,True
2026-07-01 19:13:46,HAUSP-UB,KOSARAK,1,2,0.005,0.0,0.1,400890653,990002,1641,23205,24847,10,27,4,8432,38834,3134331,1379,0.0,0.027005,0.032215,44,0,4217.03,3142114,3140344,3823,41270,SUCCESS,,,,,,,,,,,,,,,,,,legacy,True,results/exp3/experiment3_scalability.csv,3144185.0,8432.0,results-2026-09/counts/exp3/experiment3_scalability.csv,True
2026-07-01 19:14:39,EHAUSM-R,KOSARAK,1,1,0.005,0.0,0.15,400890653,990002,660,50637,51298,0,0,0,5996043,37412,5988990,0,0.025962,0.0,0.0,44,0,3527.38,0,0,0,0,SUCCESS,,,,,,,,,,,,,,,,,,legacy,True,results/exp3/experiment3_scalability.csv,5996043.0,7053.0,results/exp3/experiment3_scalability.csv,True
2026-07-01 19:15:31,EHAUSM-R,KOSARAK,1,2,0.005,0.0,0.15,400890653,990002,628,50569,51197,0,0,0,5996043,37412,5988990,0,0.025962,0.0,0.0,44,0,2269.58,0,0,0,0,SUCCESS,,,,,,,,,,,,,,,,,,legacy,True,results/exp3/experiment3_scalability.csv,5996043.0,7053.0,results/exp3/experiment3_scalability.csv,True
2026-07-01 19:17:14,EHAUSM-I,KOSARAK,1,1,0.005,0.0,0.15,400890653,990002,352,52112,52464,0,0,0,5705752,37412,5698699,0,0.054437,0.0,0.0,44,0,7134.2,0,0,0,0,SUCCESS,,,,,,,,,,,,,,,,,,legacy,True,results/exp3/experiment3_scalability.csv,5705752.0,7053.0,results/exp3/experiment3_scalability.csv,True
2026-07-01 19:18:57,EHAUSM-I,KOSARAK,1,2,0.005,0.0,0.15,400890653,990002,352,52057,52409,0,0,0,5705752,37412,5698699,0,0.054437,0.0,0.0,44,0,3358.08,0,0,0,0,SUCCESS,,,,,,,,,,,,,,,,,,legacy,True,results/exp3/experiment3_scalability.csv,5705752.0,7053.0,results/exp3/experiment3_scalability.csv,True
2026-07-01 19:23:03,HAUSP-UB,KOSARAK,1,1,0.005,0.0,0.15,400890653,990002,1641,22068,23710,10,28,4,8432,38834,3134331,1379,0.0,0.027005,0.032215,44,0,3836.29,3142114,3140344,3823,41270,SUCCESS,,,,,,,,,,,,,,,,,,legacy,True,results/exp3/experiment3_scalability.csv,3144185.0,8432.0,results-2026-09/counts/exp3/experiment3_scalability.csv,True
2026-07-01 19:23:54,HAUSP-UB,KOSARAK,1,2,0.005,0.0,0.15,400890653,990002,1644,22736,24381,10,27,4,8432,38834,3134331,1379,0.0,0.027005,0.032215,44,0,3512.43,3142114,3140344,3823,41270,SUCCESS,,,,,,,,,,,,,,,,,,legacy,True,results/exp3/experiment3_scalability.csv,3144185.0,8432.0,results-2026-09/counts/exp3/experiment3_scalability.csv,True
2026-07-01 19:24:47,EHAUSM-R,KOSARAK,1,1,0.005,0.0,0.2,400890653,990002,664,49883,50547,0,0,0,5996043,37412,5988990,0,0.025962,0.0,0.0,44,0,2779.2,0,0,0,0,SUCCESS,,,,,,,,,,,,,,,,,,legacy,True,results/exp3/experiment3_scalability.csv,5996043.0,7053.0,results/exp3/experiment3_scalability.csv,True
2026-07-01 19:25:38,EHAUSM-R,KOSARAK,1,2,0.005,0.0,0.2,400890653,990002,644,49985,50630,0,0,0,5996043,37412,5988990,0,0.025962,0.0,0.0,44,0,3055.84,0,0,0,0,SUCCESS,,,,,,,,,,,,,,,,,,legacy,True,results/exp3/experiment3_scalability.csv,5996043.0,7053.0,results/exp3/experiment3_scalability.csv,True
2026-07-01 19:27:20,EHAUSM-I,KOSARAK,1,1,0.005,0.0,0.2,400890653,990002,354,51526,51881,0,0,0,5705752,37412,5698699,0,0.054437,0.0,0.0,44,0,2426.17,0,0,0,0,SUCCESS,,,,,,,,,,,,,,,,,,legacy,True,results/exp3/experiment3_scalability.csv,5705752.0,7053.0,results/exp3/experiment3_scalability.csv,True
2026-07-01 19:29:03,EHAUSM-I,KOSARAK,1,2,0.005,0.0,0.2,400890653,990002,351,51441,51793,0,0,0,5705752,37412,5698699,0,0.054437,0.0,0.0,44,0,6024.96,0,0,0,0,SUCCESS,,,,,,,,,,,,,,,,,,legacy,True,results/exp3/experiment3_scalability.csv,5705752.0,7053.0,results/exp3/experiment3_scalability.csv,True
2026-07-01 19:33:11,HAUSP-UB,KOSARAK,1,1,0.005,0.0,0.2,400890653,990002,1644,22775,24419,8,28,4,8432,38834,3134331,1379,0.0,0.027005,0.032215,44,0,4604.73,3142114,3140344,3823,41270,SUCCESS,,,,,,,,,,,,,,,,,,legacy,True,results/exp3/experiment3_scalability.csv,3144185.0,8432.0,results-2026-09/counts/exp3/experiment3_scalability.csv,True
2026-07-01 19:34:02,HAUSP-UB,KOSARAK,1,2,0.005,0.0,0.2,400890653,990002,1642,22380,24022,8,28,4,8432,38834,3134331,1379,0.0,0.027005,0.032215,44,0,3745.2,3142114,3140344,3823,41270,SUCCESS,,,,,,,,,,,,,,,,,,legacy,True,results/exp3/experiment3_scalability.csv,3144185.0,8432.0,results-2026-09/counts/exp3/experiment3_scalability.csv,True
2026-07-01 19:38:49,EHAUSM-R,SIGN,1,1,0.003,0.0,0.05,1668652,730,11,25204,25216,0,0,0,87193705,18,86599818,0,0.28466,0.0,0.0,12666,0,170.41,0,0,0,0,SUCCESS,,,,,,,,,,,,,,,,,,legacy,True,results/exp3/experiment3_scalability.csv,87193705.0,593887.0,results/exp3/experiment3_scalability.csv,True
2026-07-01 19:39:14,EHAUSM-R,SIGN,1,2,0.003,0.0,0.05,1668652,730,4,25036,25041,0,0,0,87193705,18,86599818,0,0.28466,0.0,0.0,12666,0,60.8,0,0,0,0,SUCCESS,,,,,,,,,,,,,,,,,,legacy,True,results/exp3/experiment3_scalability.csv,87193705.0,593887.0,results/exp3/experiment3_scalability.csv,True
2026-07-01 19:40:06,EHAUSM-I,SIGN,1,1,0.003,0.0,0.05,1668652,730,0,25520,25521,0,0,0,45117749,18,44523862,0,0.411298,0.0,0.0,12666,0,2737.61,0,0,0,0,SUCCESS,,,,,,,,,,,,,,,,,,legacy,True,results/exp3/experiment3_scalability.csv,45117749.0,593887.0,results/exp3/experiment3_scalability.csv,True
2026-07-01 19:40:59,EHAUSM-I,SIGN,1,2,0.003,0.0,0.05,1668652,730,0,25478,25478,0,0,0,45117749,18,44523862,0,0.411298,0.0,0.0,12666,0,2101.2,0,0,0,0,SUCCESS,,,,,,,,,,,,,,,,,,legacy,True,results/exp3/experiment3_scalability.csv,45117749.0,593887.0,results/exp3/experiment3_scalability.csv,True
2026-07-01 19:43:23,HAUSP-UB,SIGN,1,1,0.003,0.0,0.05,1668652,730,0,7957,7958,0,540,229,593947,32,86030002,60,0.0,0.176058,0.176085,12666,0,109.3,86623714,86623697,754,267,SUCCESS,,,,,,,,,,,,,,,,,,legacy,True,results/exp3/experiment3_scalability.csv,86623963.0,593947.0,results-2026-09/counts/exp3/experiment3_scalability.csv,True
2026-07-01 19:43:38,HAUSP-UB,SIGN,1,2,0.003,0.0,0.05,1668652,730,0,7979,7980,0,542,230,593947,32,86030002,60,0.0,0.176058,0.176085,12666,0,108.39,86623714,86623697,754,267,SUCCESS,,,,,,,,,,,,,,,,,,legacy,True,results/exp3/experiment3_scalability.csv,86623963.0,593947.0,results-2026-09/counts/exp3/experiment3_scalability.csv,True
2026-07-01 19:44:03,EHAUSM-R,SIGN,1,1,0.003,0.0,0.1,1668652,730,11,25125,25137,0,0,0,87193705,18,86599818,0,0.28466,0.0,0.0,12666,0,92.42,0,0,0,0,SUCCESS,,,,,,,,,,,,,,,,,,legacy,True,results/exp3/experiment3_scalability.csv,87193705.0,593887.0,results/exp3/experiment3_scalability.csv,True
2026-07-01 19:44:29,EHAUSM-R,SIGN,1,2,0.003,0.0,0.1,1668652,730,5,25037,25043,0,0,0,87193705,18,86599818,0,0.28466,0.0,0.0,12666,0,36.65,0,0,0,0,SUCCESS,,,,,,,,,,,,,,,,,,legacy,True,results/exp3/experiment3_scalability.csv,87193705.0,593887.0,results/exp3/experiment3_scalability.csv,True
2026-07-01 19:45:21,EHAUSM-I,SIGN,1,1,0.003,0.0,0.1,1668652,730,0,25715,25716,0,0,0,45117749,18,44523862,0,0.411298,0.0,0.0,12666,0,6556.0,0,0,0,0,SUCCESS,,,,,,,,,,,,,,,,,,legacy,True,results/exp3/experiment3_scalability.csv,45117749.0,593887.0,results/exp3/experiment3_scalability.csv,True
2026-07-01 19:46:14,EHAUSM-I,SIGN,1,2,0.003,0.0,0.1,1668652,730,0,25760,25761,0,0,0,45117749,18,44523862,0,0.411298,0.0,0.0,12666,0,5184.0,0,0,0,0,SUCCESS,,,,,,,,,,,,,,,,,,legacy,True,results/exp3/experiment3_scalability.csv,45117749.0,593887.0,results/exp3/experiment3_scalability.csv,True
2026-07-01 19:48:38,HAUSP-UB,SIGN,1,1,0.003,0.0,0.1,1668652,730,0,7971,7971,0,541,229,593947,32,86030002,60,0.0,0.176058,0.176085,12666,0,110.67,86623714,86623697,754,267,SUCCESS,,,,,,,,,,,,,,,,,,legacy,True,results/exp3/experiment3_scalability.csv,86623963.0,593947.0,results-2026-09/counts/exp3/experiment3_scalability.csv,True
2026-07-01 19:48:53,HAUSP-UB,SIGN,1,2,0.003,0.0,0.1,1668652,730,0,7964,7965,0,542,230,593947,32,86030002,60,0.0,0.176058,0.176085,12666,0,108.38,86623714,86623697,754,267,SUCCESS,,,,,,,,,,,,,,,,,,legacy,True,results/exp3/experiment3_scalability.csv,86623963.0,593947.0,results-2026-09/counts/exp3/experiment3_scalability.csv,True
2026-07-01 19:49:19,EHAUSM-R,SIGN,1,1,0.003,0.0,0.15,1668652,730,12,25042,25054,0,0,0,87193705,18,86599818,0,0.28466,0.0,0.0,12666,0,140.5,0,0,0,0,SUCCESS,,,,,,,,,,,,,,,,,,legacy,True,results/exp3/experiment3_scalability.csv,87193705.0,593887.0,results/exp3/experiment3_scalability.csv,True
2026-07-01 19:49:44,EHAUSM-R,SIGN,1,2,0.003,0.0,0.15,1668652,730,4,24939,24944,0,0,0,87193705,18,86599818,0,0.28466,0.0,0.0,12666,0,95.04,0,0,0,0,SUCCESS,,,,,,,,,,,,,,,,,,legacy,True,results/exp3/experiment3_scalability.csv,87193705.0,593887.0,results/exp3/experiment3_scalability.csv,True
2026-07-01 19:50:37,EHAUSM-I,SIGN,1,1,0.003,0.0,0.15,1668652,730,0,25741,25742,0,0,0,45117749,18,44523862,0,0.411298,0.0,0.0,12666,0,5041.61,0,0,0,0,SUCCESS,,,,,,,,,,,,,,,,,,legacy,True,results/exp3/experiment3_scalability.csv,45117749.0,593887.0,results/exp3/experiment3_scalability.csv,True
2026-07-01 19:51:29,EHAUSM-I,SIGN,1,2,0.003,0.0,0.15,1668652,730,0,25613,25614,0,0,0,45117749,18,44523862,0,0.411298,0.0,0.0,12666,0,4560.0,0,0,0,0,SUCCESS,,,,,,,,,,,,,,,,,,legacy,True,results/exp3/experiment3_scalability.csv,45117749.0,593887.0,results/exp3/experiment3_scalability.csv,True
2026-07-01 19:53:53,HAUSP-UB,SIGN,1,1,0.003,0.0,0.15,1668652,730,0,7974,7974,0,540,229,593947,32,86030002,60,0.0,0.176058,0.176085,12666,0,110.83,86623714,86623697,754,267,SUCCESS,,,,,,,,,,,,,,,,,,legacy,True,results/exp3/experiment3_scalability.csv,86623963.0,593947.0,results-2026-09/counts/exp3/experiment3_scalability.csv,True
2026-07-01 19:54:08,HAUSP-UB,SIGN,1,2,0.003,0.0,0.15,1668652,730,0,7967,7968,0,539,230,593947,32,86030002,60,0.0,0.176058,0.176085,12666,0,108.17,86623714,86623697,754,267,SUCCESS,,,,,,,,,,,,,,,,,,legacy,True,results/exp3/experiment3_scalability.csv,86623963.0,593947.0,results-2026-09/counts/exp3/experiment3_scalability.csv,True
2026-07-01 19:54:34,EHAUSM-R,SIGN,1,1,0.003,0.0,0.2,1668652,730,11,25063,25074,0,0,0,87193705,18,86599818,0,0.28466,0.0,0.0,12666,0,15.16,0,0,0,0,SUCCESS,,,,,,,,,,,,,,,,,,legacy,True,results/exp3/experiment3_scalability.csv,87193705.0,593887.0,results/exp3/experiment3_scalability.csv,True
2026-07-01 19:54:59,EHAUSM-R,SIGN,1,2,0.003,0.0,0.2,1668652,730,5,24963,24969,0,0,0,87193705,18,86599818,0,0.28466,0.0,0.0,12666,0,39.01,0,0,0,0,SUCCESS,,,,,,,,,,,,,,,,,,legacy,True,results/exp3/experiment3_scalability.csv,87193705.0,593887.0,results/exp3/experiment3_scalability.csv,True
2026-07-01 19:55:52,EHAUSM-I,SIGN,1,1,0.003,0.0,0.2,1668652,730,0,25678,25678,0,0,0,45117749,18,44523862,0,0.411298,0.0,0.0,12666,0,2864.0,0,0,0,0,SUCCESS,,,,,,,,,,,,,,,,,,legacy,True,results/exp3/experiment3_scalability.csv,45117749.0,593887.0,results/exp3/experiment3_scalability.csv,True
2026-07-01 19:56:44,EHAUSM-I,SIGN,1,2,0.003,0.0,0.2,1668652,730,0,25591,25591,0,0,0,45117749,18,44523862,0,0.411298,0.0,0.0,12666,0,3480.0,0,0,0,0,SUCCESS,,,,,,,,,,,,,,,,,,legacy,True,results/exp3/experiment3_scalability.csv,45117749.0,593887.0,results/exp3/experiment3_scalability.csv,True
2026-07-01 19:59:08,HAUSP-UB,SIGN,1,1,0.003,0.0,0.2,1668652,730,0,7959,7960,0,539,230,593947,32,86030002,60,0.0,0.176058,0.176085,12666,0,109.38,86623714,86623697,754,267,SUCCESS,,,,,,,,,,,,,,,,,,legacy,True,results/exp3/experiment3_scalability.csv,86623963.0,593947.0,results-2026-09/counts/exp3/experiment3_scalability.csv,True
2026-07-01 19:59:23,HAUSP-UB,SIGN,1,2,0.003,0.0,0.2,1668652,730,0,7969,7970,0,540,229,593947,32,86030002,60,0.0,0.176058,0.176085,12666,0,108.27,86623714,86623697,754,267,SUCCESS,,,,,,,,,,,,,,,,,,legacy,True,results/exp3/experiment3_scalability.csv,86623963.0,593947.0,results-2026-09/counts/exp3/experiment3_scalability.csv,True
2026-07-05 02:44:14,Pre-HAUSPM,BIBLE,1,0,0.0005,0.2,0.05,35550162,36369,2,54954,54957,0,0,0,233525643,0,233174313,0,0.0,0.0,0.0,29772,51666,732.82,0,0,0,0,SUCCESS,,,,,,,,,,,,,,,,,,legacy,True,results/exp3/experiment3_scalability.csv,233525643.0,351330.0,results/exp3/experiment3_scalability.csv,True
2026-07-05 02:46:08,Pre-HAUSPM,BIBLE,1,1,0.0005,0.2,0.05,35550162,36369,2,54927,54929,0,0,0,233525643,0,233174313,0,0.0,0.0,0.0,29772,51666,532.04,0,0,0,0,SUCCESS,,,,,,,,,,,,,,,,,,legacy,True,results/exp3/experiment3_scalability.csv,233525643.0,351330.0,results/exp3/experiment3_scalability.csv,True
2026-07-05 02:48:01,Pre-HAUSPM,BIBLE,1,2,0.0005,0.2,0.05,35550162,36369,1,54815,54817,0,0,0,233525643,0,233174313,0,0.0,0.0,0.0,29772,51666,493.99,0,0,0,0,SUCCESS,,,,,,,,,,,,,,,,,,legacy,True,results/exp3/experiment3_scalability.csv,233525643.0,351330.0,results/exp3/experiment3_scalability.csv,True
2026-07-05 02:49:54,Pre-HAUSPM,BIBLE,1,0,0.0005,0.2,0.1,35550162,36369,1,54833,54835,0,0,0,233525643,0,233174313,0,0.0,0.0,0.0,29772,51666,1358.95,0,0,0,0,SUCCESS,,,,,,,,,,,,,,,,,,legacy,True,results/exp3/experiment3_scalability.csv,233525643.0,351330.0,results/exp3/experiment3_scalability.csv,True
2026-07-05 02:51:47,Pre-HAUSPM,BIBLE,1,1,0.0005,0.2,0.1,35550162,36369,1,54940,54941,0,0,0,233525643,0,233174313,0,0.0,0.0,0.0,29772,51666,667.24,0,0,0,0,SUCCESS,,,,,,,,,,,,,,,,,,legacy,True,results/exp3/experiment3_scalability.csv,233525643.0,351330.0,results/exp3/experiment3_scalability.csv,True
2026-07-05 02:53:41,Pre-HAUSPM,BIBLE,1,2,0.0005,0.2,0.1,35550162,36369,1,54891,54893,0,0,0,233525643,0,233174313,0,0.0,0.0,0.0,29772,51666,453.09,0,0,0,0,SUCCESS,,,,,,,,,,,,,,,,,,legacy,True,results/exp3/experiment3_scalability.csv,233525643.0,351330.0,results/exp3/experiment3_scalability.csv,True
2026-07-05 02:55:34,Pre-HAUSPM,BIBLE,1,0,0.0005,0.2,0.15,35550162,36369,1,54708,54710,0,0,0,233525643,0,233174313,0,0.0,0.0,0.0,29772,51666,1011.74,0,0,0,0,SUCCESS,,,,,,,,,,,,,,,,,,legacy,True,results/exp3/experiment3_scalability.csv,233525643.0,351330.0,results/exp3/experiment3_scalability.csv,True
2026-07-05 02:57:26,Pre-HAUSPM,BIBLE,1,1,0.0005,0.2,0.15,35550162,36369,1,54648,54650,0,0,0,233525643,0,233174313,0,0.0,0.0,0.0,29772,51666,441.18,0,0,0,0,SUCCESS,,,,,,,,,,,,,,,,,,legacy,True,results/exp3/experiment3_scalability.csv,233525643.0,351330.0,results/exp3/experiment3_scalability.csv,True
2026-07-05 02:59:19,Pre-HAUSPM,BIBLE,1,2,0.0005,0.2,0.15,35550162,36369,1,54613,54615,0,0,0,233525643,0,233174313,0,0.0,0.0,0.0,29772,51666,507.57,0,0,0,0,SUCCESS,,,,,,,,,,,,,,,,,,legacy,True,results/exp3/experiment3_scalability.csv,233525643.0,351330.0,results/exp3/experiment3_scalability.csv,True
2026-07-05 03:01:12,Pre-HAUSPM,BIBLE,1,0,0.0005,0.2,0.2,35550162,36369,1,54825,54826,0,0,0,233525643,0,233174313,0,0.0,0.0,0.0,29772,51666,812.64,0,0,0,0,SUCCESS,,,,,,,,,,,,,,,,,,legacy,True,results/exp3/experiment3_scalability.csv,233525643.0,351330.0,results/exp3/experiment3_scalability.csv,True
2026-07-05 03:03:06,Pre-HAUSPM,BIBLE,1,1,0.0005,0.2,0.2,35550162,36369,1,55040,55042,0,0,0,233525643,0,233174313,0,0.0,0.0,0.0,29772,51666,437.83,0,0,0,0,SUCCESS,,,,,,,,,,,,,,,,,,legacy,True,results/exp3/experiment3_scalability.csv,233525643.0,351330.0,results/exp3/experiment3_scalability.csv,True
2026-07-05 03:04:59,Pre-HAUSPM,BIBLE,1,2,0.0005,0.2,0.2,35550162,36369,1,54790,54792,0,0,0,233525643,0,233174313,0,0.0,0.0,0.0,29772,51666,780.26,0,0,0,0,SUCCESS,,,,,,,,,,,,,,,,,,legacy,True,results/exp3/experiment3_scalability.csv,233525643.0,351330.0,results/exp3/experiment3_scalability.csv,True
2026-07-05 03:15:35,Pre-HAUSPM,BMS1_SPMF,1,0,0.0035,0.2,0.05,7229030,59601,2,631813,631815,0,0,0,1676792519,0,1666927129,0,0.0,0.0,0.0,93,403,254.48,0,0,0,0,SUCCESS,,,,,,,,,,,,,,,,,,legacy,True,results/exp3/experiment3_scalability.csv,1676792519.0,9865390.0,results/exp3/experiment3_scalability.csv,True
2026-07-05 03:26:10,Pre-HAUSPM,BMS1_SPMF,1,1,0.0035,0.2,0.05,7229030,59601,2,630683,630685,0,0,0,1676792519,0,1666927129,0,0.0,0.0,0.0,93,403,214.73,0,0,0,0,SUCCESS,,,,,,,,,,,,,,,,,,legacy,True,results/exp3/experiment3_scalability.csv,1676792519.0,9865390.0,results/exp3/experiment3_scalability.csv,True
2026-07-05 03:36:44,Pre-HAUSPM,BMS1_SPMF,1,2,0.0035,0.2,0.05,7229030,59601,2,629264,629266,0,0,0,1676792519,0,1666927129,0,0.0,0.0,0.0,93,403,198.91,0,0,0,0,SUCCESS,,,,,,,,,,,,,,,,,,legacy,True,results/exp3/experiment3_scalability.csv,1676792519.0,9865390.0,results/exp3/experiment3_scalability.csv,True
2026-07-05 03:47:25,Pre-HAUSPM,BMS1_SPMF,1,0,0.0035,0.2,0.1,7229030,59601,2,636051,636054,0,0,0,1676792519,0,1666927129,0,0.0,0.0,0.0,93,403,156.37,0,0,0,0,SUCCESS,,,,,,,,,,,,,,,,,,legacy,True,results/exp3/experiment3_scalability.csv,1676792519.0,9865390.0,results/exp3/experiment3_scalability.csv,True
2026-07-05 03:58:01,Pre-HAUSPM,BMS1_SPMF,1,1,0.0035,0.2,0.1,7229030,59601,2,631871,631873,0,0,0,1676792519,0,1666927129,0,0.0,0.0,0.0,93,403,235.57,0,0,0,0,SUCCESS,,,,,,,,,,,,,,,,,,legacy,True,results/exp3/experiment3_scalability.csv,1676792519.0,9865390.0,results/exp3/experiment3_scalability.csv,True
2026-07-05 04:08:41,Pre-HAUSPM,BMS1_SPMF,1,2,0.0035,0.2,0.1,7229030,59601,2,635398,635401,0,0,0,1676792519,0,1666927129,0,0.0,0.0,0.0,93,403,272.24,0,0,0,0,SUCCESS,,,,,,,,,,,,,,,,,,legacy,True,results/exp3/experiment3_scalability.csv,1676792519.0,9865390.0,results/exp3/experiment3_scalability.csv,True
2026-07-05 04:19:04,Pre-HAUSPM,BMS1_SPMF,1,0,0.0035,0.2,0.15,7229030,59601,2,618976,618978,0,0,0,1676792519,0,1666927129,0,0.0,0.0,0.0,93,403,306.24,0,0,0,0,SUCCESS,,,,,,,,,,,,,,,,,,legacy,True,results/exp3/experiment3_scalability.csv,1676792519.0,9865390.0,results/exp3/experiment3_scalability.csv,True
2026-07-05 04:29:30,Pre-HAUSPM,BMS1_SPMF,1,1,0.0035,0.2,0.15,7229030,59601,2,621170,621173,0,0,0,1676792519,0,1666927129,0,0.0,0.0,0.0,93,403,202.78,0,0,0,0,SUCCESS,,,,,,,,,,,,,,,,,,legacy,True,results/exp3/experiment3_scalability.csv,1676792519.0,9865390.0,results/exp3/experiment3_scalability.csv,True
2026-07-05 04:39:54,Pre-HAUSPM,BMS1_SPMF,1,2,0.0035,0.2,0.15,7229030,59601,2,619966,619968,0,0,0,1676792519,0,1666927129,0,0.0,0.0,0.0,93,403,302.14,0,0,0,0,SUCCESS,,,,,,,,,,,,,,,,,,legacy,True,results/exp3/experiment3_scalability.csv,1676792519.0,9865390.0,results/exp3/experiment3_scalability.csv,True
2026-07-05 04:50:19,Pre-HAUSPM,BMS1_SPMF,1,0,0.0035,0.2,0.2,7229030,59601,2,620663,620666,0,0,0,1676792519,0,1666927129,0,0.0,0.0,0.0,93,403,175.62,0,0,0,0,SUCCESS,,,,,,,,,,,,,,,,,,legacy,True,results/exp3/experiment3_scalability.csv,1676792519.0,9865390.0,results/exp3/experiment3_scalability.csv,True
2026-07-05 05:00:45,Pre-HAUSPM,BMS1_SPMF,1,1,0.0035,0.2,0.2,7229030,59601,2,621391,621393,0,0,0,1676792519,0,1666927129,0,0.0,0.0,0.0,93,403,171.09,0,0,0,0,SUCCESS,,,,,,,,,,,,,,,,,,legacy,True,results/exp3/experiment3_scalability.csv,1676792519.0,9865390.0,results/exp3/experiment3_scalability.csv,True
2026-07-05 05:11:10,Pre-HAUSPM,BMS1_SPMF,1,2,0.0035,0.2,0.2,7229030,59601,2,621441,621444,0,0,0,1676792519,0,1666927129,0,0.0,0.0,0.0,93,403,78.07,0,0,0,0,SUCCESS,,,,,,,,,,,,,,,,,,legacy,True,results/exp3/experiment3_scalability.csv,1676792519.0,9865390.0,results/exp3/experiment3_scalability.csv,True
2026-07-05 05:23:32,Pre-HAUSPM,FIFA,1,0,0.012,0.2,0.05,35721991,20450,15,400138,400153,0,0,0,258550364,0,258282334,0,0.0,0.0,0.0,334,2199,419.79,0,0,0,0,SUCCESS,,,,,,,,,,,,,,,,,,legacy,True,results/exp3/experiment3_scalability.csv,258550364.0,268030.0,results/exp3/experiment3_scalability.csv,True
2026-07-05 05:35:54,Pre-HAUSPM,FIFA,1,1,0.012,0.2,0.05,35721991,20450,1,400814,400815,0,0,0,258550364,0,258282334,0,0.0,0.0,0.0,334,2199,188.58,0,0,0,0,SUCCESS,,,,,,,,,,,,,,,,,,legacy,True,results/exp3/experiment3_scalability.csv,258550364.0,268030.0,results/exp3/experiment3_scalability.csv,True
2026-07-05 05:48:17,Pre-HAUSPM,FIFA,1,2,0.012,0.2,0.05,35721991,20450,1,401296,401297,0,0,0,258550364,0,258282334,0,0.0,0.0,0.0,334,2199,428.2,0,0,0,0,SUCCESS,,,,,,,,,,,,,,,,,,legacy,True,results/exp3/experiment3_scalability.csv,258550364.0,268030.0,results/exp3/experiment3_scalability.csv,True
2026-07-05 06:00:38,Pre-HAUSPM,FIFA,1,0,0.012,0.2,0.1,35721991,20450,1,399410,399411,0,0,0,258550364,0,258282334,0,0.0,0.0,0.0,334,2199,197.35,0,0,0,0,SUCCESS,,,,,,,,,,,,,,,,,,legacy,True,results/exp3/experiment3_scalability.csv,258550364.0,268030.0,results/exp3/experiment3_scalability.csv,True
2026-07-05 06:13:08,Pre-HAUSPM,FIFA,1,1,0.012,0.2,0.1,35721991,20450,1,403377,403379,0,0,0,258550364,0,258282334,0,0.0,0.0,0.0,334,2199,204.39,0,0,0,0,SUCCESS,,,,,,,,,,,,,,,,,,legacy,True,results/exp3/experiment3_scalability.csv,258550364.0,268030.0,results/exp3/experiment3_scalability.csv,True
2026-07-05 12:34:39,Pre-HAUSPM,FIFA,1,2,0.012,0.2,0.1,35721991,20450,5,386272,386277,0,0,0,258550364,0,258282334,0,0.0,0.0,0.0,334,2199,331.41,0,0,0,0,SUCCESS,,,,,,,,,,,,,,,,,,legacy,True,results/exp3/experiment3_scalability.csv,258550364.0,268030.0,results/exp3/experiment3_scalability.csv,True
2026-07-05 12:46:25,Pre-HAUSPM,FIFA,1,0,0.012,0.2,0.15,35721991,20450,1,379650,379652,0,0,0,258550364,0,258282334,0,0.0,0.0,0.0,334,2199,350.07,0,0,0,0,SUCCESS,,,,,,,,,,,,,,,,,,legacy,True,results/exp3/experiment3_scalability.csv,258550364.0,268030.0,results/exp3/experiment3_scalability.csv,True
2026-07-05 12:58:05,Pre-HAUSPM,FIFA,1,1,0.012,0.2,0.15,35721991,20450,1,378198,378200,0,0,0,258550364,0,258282334,0,0.0,0.0,0.0,334,2199,482.54,0,0,0,0,SUCCESS,,,,,,,,,,,,,,,,,,legacy,True,results/exp3/experiment3_scalability.csv,258550364.0,268030.0,results/exp3/experiment3_scalability.csv,True
2026-07-05 13:09:45,Pre-HAUSPM,FIFA,1,2,0.012,0.2,0.15,35721991,20450,1,377243,377244,0,0,0,258550364,0,258282334,0,0.0,0.0,0.0,334,2199,514.61,0,0,0,0,SUCCESS,,,,,,,,,,,,,,,,,,legacy,True,results/exp3/experiment3_scalability.csv,258550364.0,268030.0,results/exp3/experiment3_scalability.csv,True
2026-07-05 13:21:23,Pre-HAUSPM,FIFA,1,0,0.012,0.2,0.2,35721991,20450,1,377070,377071,0,0,0,258550364,0,258282334,0,0.0,0.0,0.0,334,2199,299.46,0,0,0,0,SUCCESS,,,,,,,,,,,,,,,,,,legacy,True,results/exp3/experiment3_scalability.csv,258550364.0,268030.0,results/exp3/experiment3_scalability.csv,True
2026-07-05 13:33:03,Pre-HAUSPM,FIFA,1,1,0.012,0.2,0.2,35721991,20450,12,377389,377402,0,0,0,258550364,0,258282334,0,0.0,0.0,0.0,334,2199,467.29,0,0,0,0,SUCCESS,,,,,,,,,,,,,,,,,,legacy,True,results/exp3/experiment3_scalability.csv,258550364.0,268030.0,results/exp3/experiment3_scalability.csv,True
2026-07-05 13:44:42,Pre-HAUSPM,FIFA,1,2,0.012,0.2,0.2,35721991,20450,1,376989,376991,0,0,0,258550364,0,258282334,0,0.0,0.0,0.0,334,2199,222.14,0,0,0,0,SUCCESS,,,,,,,,,,,,,,,,,,legacy,True,results/exp3/experiment3_scalability.csv,258550364.0,268030.0,results/exp3/experiment3_scalability.csv,True
2026-07-05 13:47:53,Pre-HAUSPM,KOSARAK,1,0,0.005,0.2,0.05,400890653,990002,42,100333,100376,0,0,0,133884425,0,133868921,0,0.0,0.0,0.0,44,4214,4091.65,0,0,0,0,SUCCESS,,,,,,,,,,,,,,,,,,legacy,True,results/exp3/experiment3_scalability.csv,133884425.0,15504.0,results/exp3/experiment3_scalability.csv,True
2026-07-05 13:51:02,Pre-HAUSPM,KOSARAK,1,1,0.005,0.2,0.05,400890653,990002,45,100680,100725,0,0,0,133884425,0,133868921,0,0.0,0.0,0.0,44,4214,2564.13,0,0,0,0,SUCCESS,,,,,,,,,,,,,,,,,,legacy,True,results/exp3/experiment3_scalability.csv,133884425.0,15504.0,results/exp3/experiment3_scalability.csv,True
2026-07-05 13:54:11,Pre-HAUSPM,KOSARAK,1,2,0.005,0.2,0.05,400890653,990002,38,100682,100720,0,0,0,133884425,0,133868921,0,0.0,0.0,0.0,44,4214,6475.06,0,0,0,0,SUCCESS,,,,,,,,,,,,,,,,,,legacy,True,results/exp3/experiment3_scalability.csv,133884425.0,15504.0,results/exp3/experiment3_scalability.csv,True
2026-07-05 13:57:27,Pre-HAUSPM,KOSARAK,1,0,0.005,0.2,0.1,400890653,990002,39,104584,104623,0,0,0,133884425,0,133868921,0,0.0,0.0,0.0,44,4214,3102.96,0,0,0,0,SUCCESS,,,,,,,,,,,,,,,,,,legacy,True,results/exp3/experiment3_scalability.csv,133884425.0,15504.0,results/exp3/experiment3_scalability.csv,True
2026-07-05 14:00:42,Pre-HAUSPM,KOSARAK,1,1,0.005,0.2,0.1,400890653,990002,40,103995,104035,0,0,0,133884425,0,133868921,0,0.0,0.0,0.0,44,4214,5699.42,0,0,0,0,SUCCESS,,,,,,,,,,,,,,,,,,legacy,True,results/exp3/experiment3_scalability.csv,133884425.0,15504.0,results/exp3/experiment3_scalability.csv,True
2026-07-05 14:03:57,Pre-HAUSPM,KOSARAK,1,2,0.005,0.2,0.1,400890653,990002,40,104433,104473,0,0,0,133884425,0,133868921,0,0.0,0.0,0.0,44,4214,5506.73,0,0,0,0,SUCCESS,,,,,,,,,,,,,,,,,,legacy,True,results/exp3/experiment3_scalability.csv,133884425.0,15504.0,results/exp3/experiment3_scalability.csv,True
2026-07-05 14:07:13,Pre-HAUSPM,KOSARAK,1,0,0.005,0.2,0.15,400890653,990002,40,104413,104453,0,0,0,133884425,0,133868921,0,0.0,0.0,0.0,44,4214,5949.88,0,0,0,0,SUCCESS,,,,,,,,,,,,,,,,,,legacy,True,results/exp3/experiment3_scalability.csv,133884425.0,15504.0,results/exp3/experiment3_scalability.csv,True
2026-07-05 14:10:27,Pre-HAUSPM,KOSARAK,1,1,0.005,0.2,0.15,400890653,990002,39,103473,103513,0,0,0,133884425,0,133868921,0,0.0,0.0,0.0,44,4214,6648.18,0,0,0,0,SUCCESS,,,,,,,,,,,,,,,,,,legacy,True,results/exp3/experiment3_scalability.csv,133884425.0,15504.0,results/exp3/experiment3_scalability.csv,True
2026-07-05 14:13:40,Pre-HAUSPM,KOSARAK,1,2,0.005,0.2,0.15,400890653,990002,39,103500,103540,0,0,0,133884425,0,133868921,0,0.0,0.0,0.0,44,4214,1941.0,0,0,0,0,SUCCESS,,,,,,,,,,,,,,,,,,legacy,True,results/exp3/experiment3_scalability.csv,133884425.0,15504.0,results/exp3/experiment3_scalability.csv,True
2026-07-05 14:16:55,Pre-HAUSPM,KOSARAK,1,0,0.005,0.2,0.2,400890653,990002,40,103404,103444,0,0,0,133884425,0,133868921,0,0.0,0.0,0.0,44,4214,2335.49,0,0,0,0,SUCCESS,,,,,,,,,,,,,,,,,,legacy,True,results/exp3/experiment3_scalability.csv,133884425.0,15504.0,results/exp3/experiment3_scalability.csv,True
2026-07-05 14:20:08,Pre-HAUSPM,KOSARAK,1,1,0.005,0.2,0.2,400890653,990002,40,103539,103580,0,0,0,133884425,0,133868921,0,0.0,0.0,0.0,44,4214,5776.94,0,0,0,0,SUCCESS,,,,,,,,,,,,,,,,,,legacy,True,results/exp3/experiment3_scalability.csv,133884425.0,15504.0,results/exp3/experiment3_scalability.csv,True
2026-07-05 14:23:22,Pre-HAUSPM,KOSARAK,1,2,0.005,0.2,0.2,400890653,990002,40,103493,103533,0,0,0,133884425,0,133868921,0,0.0,0.0,0.0,44,4214,4762.94,0,0,0,0,SUCCESS,,,,,,,,,,,,,,,,,,legacy,True,results/exp3/experiment3_scalability.csv,133884425.0,15504.0,results/exp3/experiment3_scalability.csv,True
2026-07-05 14:27:06,Pre-HAUSPM,SIGN,1,0,0.003,0.2,0.05,1668652,730,0,33558,33559,0,0,0,152049944,0,151023735,0,0.0,0.0,0.0,12666,28413,79.56,0,0,0,0,SUCCESS,,,,,,,,,,,,,,,,,,legacy,True,results/exp3/experiment3_scalability.csv,152049944.0,1026209.0,results/exp3/experiment3_scalability.csv,True
2026-07-05 14:28:09,Pre-HAUSPM,SIGN,1,1,0.003,0.2,0.05,1668652,730,0,33540,33540,0,0,0,152049944,0,151023735,0,0.0,0.0,0.0,12666,28413,59.95,0,0,0,0,SUCCESS,,,,,,,,,,,,,,,,,,legacy,True,results/exp3/experiment3_scalability.csv,152049944.0,1026209.0,results/exp3/experiment3_scalability.csv,True
2026-07-05 14:29:12,Pre-HAUSPM,SIGN,1,2,0.003,0.2,0.05,1668652,730,0,33475,33475,0,0,0,152049944,0,151023735,0,0.0,0.0,0.0,12666,28413,195.4,0,0,0,0,SUCCESS,,,,,,,,,,,,,,,,,,legacy,True,results/exp3/experiment3_scalability.csv,152049944.0,1026209.0,results/exp3/experiment3_scalability.csv,True
2026-07-05 14:30:15,Pre-HAUSPM,SIGN,1,0,0.003,0.2,0.1,1668652,730,0,33452,33452,0,0,0,152049944,0,151023735,0,0.0,0.0,0.0,12666,28413,203.22,0,0,0,0,SUCCESS,,,,,,,,,,,,,,,,,,legacy,True,results/exp3/experiment3_scalability.csv,152049944.0,1026209.0,results/exp3/experiment3_scalability.csv,True
2026-07-05 14:31:18,Pre-HAUSPM,SIGN,1,1,0.003,0.2,0.1,1668652,730,0,33473,33474,0,0,0,152049944,0,151023735,0,0.0,0.0,0.0,12666,28413,76.53,0,0,0,0,SUCCESS,,,,,,,,,,,,,,,,,,legacy,True,results/exp3/experiment3_scalability.csv,152049944.0,1026209.0,results/exp3/experiment3_scalability.csv,True
2026-07-05 14:32:21,Pre-HAUSPM,SIGN,1,2,0.003,0.2,0.1,1668652,730,0,33490,33490,0,0,0,152049944,0,151023735,0,0.0,0.0,0.0,12666,28413,321.94,0,0,0,0,SUCCESS,,,,,,,,,,,,,,,,,,legacy,True,results/exp3/experiment3_scalability.csv,152049944.0,1026209.0,results/exp3/experiment3_scalability.csv,True
2026-07-05 14:33:25,Pre-HAUSPM,SIGN,1,0,0.003,0.2,0.15,1668652,730,0,33510,33510,0,0,0,152049944,0,151023735,0,0.0,0.0,0.0,12666,28413,137.54,0,0,0,0,SUCCESS,,,,,,,,,,,,,,,,,,legacy,True,results/exp3/experiment3_scalability.csv,152049944.0,1026209.0,results/exp3/experiment3_scalability.csv,True
2026-07-05 14:34:28,Pre-HAUSPM,SIGN,1,1,0.003,0.2,0.15,1668652,730,0,33448,33448,0,0,0,152049944,0,151023735,0,0.0,0.0,0.0,12666,28413,177.99,0,0,0,0,SUCCESS,,,,,,,,,,,,,,,,,,legacy,True,results/exp3/experiment3_scalability.csv,152049944.0,1026209.0,results/exp3/experiment3_scalability.csv,True
2026-07-05 14:35:31,Pre-HAUSPM,SIGN,1,2,0.003,0.2,0.15,1668652,730,0,33448,33448,0,0,0,152049944,0,151023735,0,0.0,0.0,0.0,12666,28413,114.54,0,0,0,0,SUCCESS,,,,,,,,,,,,,,,,,,legacy,True,results/exp3/experiment3_scalability.csv,152049944.0,1026209.0,results/exp3/experiment3_scalability.csv,True
2026-07-05 14:36:34,Pre-HAUSPM,SIGN,1,0,0.003,0.2,0.2,1668652,730,0,33513,33513,0,0,0,152049944,0,151023735,0,0.0,0.0,0.0,12666,28413,108.53,0,0,0,0,SUCCESS,,,,,,,,,,,,,,,,,,legacy,True,results/exp3/experiment3_scalability.csv,152049944.0,1026209.0,results/exp3/experiment3_scalability.csv,True
2026-07-05 14:37:37,Pre-HAUSPM,SIGN,1,1,0.003,0.2,0.2,1668652,730,0,33491,33491,0,0,0,152049944,0,151023735,0,0.0,0.0,0.0,12666,28413,155.51,0,0,0,0,SUCCESS,,,,,,,,,,,,,,,,,,legacy,True,results/exp3/experiment3_scalability.csv,152049944.0,1026209.0,results/exp3/experiment3_scalability.csv,True
2026-07-05 14:38:40,Pre-HAUSPM,SIGN,1,2,0.003,0.2,0.2,1668652,730,0,33486,33486,0,0,0,152049944,0,151023735,0,0.0,0.0,0.0,12666,28413,82.73,0,0,0,0,SUCCESS,,,,,,,,,,,,,,,,,,legacy,True,results/exp3/experiment3_scalability.csv,152049944.0,1026209.0,results/exp3/experiment3_scalability.csv,True
2026-09-06 21:11:27,EHAUSM-R,LEVIATHAN,1,0,0.003,0.0,0.05,14156241,5834,49,5074,5124,0,0,0,6599011,7777,6572852,0,0.439127,0.0,0.0,6511,0,82.9,0,0,0,0,SUCCESS,0.0,0.0,,,,,,,,,,,,used,,,,20260906-2111,False,results-2026-09/exp3/experiment3_scalability.csv,6599011.0,26159.0,results-2026-09/exp3/experiment3_scalability.csv,True
2026-09-06 21:11:32,EHAUSM-R,LEVIATHAN,1,1,0.003,0.0,0.05,14156241,5834,52,4951,5004,0,0,0,6599011,7777,6572852,0,0.439127,0.0,0.0,6511,0,102.84,0,0,0,0,SUCCESS,0.0,0.0,,,,,,,,,,,,used,,,,20260906-2111,False,results-2026-09/exp3/experiment3_scalability.csv,6599011.0,26159.0,results-2026-09/exp3/experiment3_scalability.csv,True
2026-09-06 21:11:37,EHAUSM-R,LEVIATHAN,1,2,0.003,0.0,0.05,14156241,5834,17,4980,4997,0,0,0,6599011,7777,6572852,0,0.439127,0.0,0.0,6511,0,147.07,0,0,0,0,SUCCESS,0.0,0.0,,,,,,,,,,,,used,,,,20260906-2111,False,results-2026-09/exp3/experiment3_scalability.csv,6599011.0,26159.0,results-2026-09/exp3/experiment3_scalability.csv,True
2026-09-06 21:11:43,EHAUSM-R,LEVIATHAN,1,3,0.003,0.0,0.05,14156241,5834,16,5009,5026,0,0,0,6599011,7777,6572852,0,0.439127,0.0,0.0,6511,0,94.95,0,0,0,0,SUCCESS,0.0,0.0,,,,,,,,,,,,used,,,,20260906-2111,False,results-2026-09/exp3/experiment3_scalability.csv,6599011.0,26159.0,results-2026-09/exp3/experiment3_scalability.csv,True
2026-09-06 21:11:48,EHAUSM-R,LEVIATHAN,1,4,0.003,0.0,0.05,14156241,5834,16,5014,5030,0,0,0,6599011,7777,6572852,0,0.439127,0.0,0.0,6511,0,174.81,0,0,0,0,SUCCESS,0.0,0.0,,,,,,,,,,,,used,,,,20260906-2111,False,results-2026-09/exp3/experiment3_scalability.csv,6599011.0,26159.0,results-2026-09/exp3/experiment3_scalability.csv,True
2026-09-06 21:11:53,EHAUSM-R,LEVIATHAN,1,5,0.003,0.0,0.05,14156241,5834,16,5033,5049,0,0,0,6599011,7777,6572852,0,0.439127,0.0,0.0,6511,0,47.09,0,0,0,0,SUCCESS,0.0,0.0,,,,,,,,,,,,used,,,,20260906-2111,False,results-2026-09/exp3/experiment3_scalability.csv,6599011.0,26159.0,results-2026-09/exp3/experiment3_scalability.csv,True
2026-09-06 21:11:58,EHAUSM-R,LEVIATHAN,1,6,0.003,0.0,0.05,14156241,5834,17,5041,5059,0,0,0,6599011,7777,6572852,0,0.439127,0.0,0.0,6511,0,191.53,0,0,0,0,SUCCESS,0.0,0.0,,,,,,,,,,,,used,,,,20260906-2111,False,results-2026-09/exp3/experiment3_scalability.csv,6599011.0,26159.0,results-2026-09/exp3/experiment3_scalability.csv,True
2026-09-06 21:12:04,EHAUSM-R,LEVIATHAN,1,7,0.003,0.0,0.05,14156241,5834,17,5039,5057,0,0,0,6599011,7777,6572852,0,0.439127,0.0,0.0,6511,0,95.02,0,0,0,0,SUCCESS,0.0,0.0,,,,,,,,,,,,used,,,,20260906-2111,False,results-2026-09/exp3/experiment3_scalability.csv,6599011.0,26159.0,results-2026-09/exp3/experiment3_scalability.csv,True
2026-09-06 21:12:09,EHAUSM-R,LEVIATHAN,1,8,0.003,0.0,0.05,14156241,5834,16,5043,5060,0,0,0,6599011,7777,6572852,0,0.439127,0.0,0.0,6511,0,174.86,0,0,0,0,SUCCESS,0.0,0.0,,,,,,,,,,,,used,,,,20260906-2111,False,results-2026-09/exp3/experiment3_scalability.csv,6599011.0,26159.0,results-2026-09/exp3/experiment3_scalability.csv,True
2026-09-06 21:12:14,EHAUSM-R,LEVIATHAN,1,9,0.003,0.0,0.05,14156241,5834,16,5050,5066,0,0,0,6599011,7777,6572852,0,0.439127,0.0,0.0,6511,0,46.86,0,0,0,0,SUCCESS,0.0,0.0,,,,,,,,,,,,used,,,,20260906-2111,False,results-2026-09/exp3/experiment3_scalability.csv,6599011.0,26159.0,results-2026-09/exp3/experiment3_scalability.csv,True
2026-09-06 21:12:25,EHAUSM-I,LEVIATHAN,1,0,0.003,0.0,0.05,14156241,5834,14,5473,5488,0,0,0,3689991,7777,3663832,0,0.510413,0.0,0.0,6511,0,1121.27,0,0,0,0,SUCCESS,0.0,1.0,,,,,,,,,,,,used,,,,20260906-2111,False,results-2026-09/exp3/experiment3_scalability.csv,3689991.0,26159.0,results-2026-09/exp3/experiment3_scalability.csv,True
2026-09-06 21:12:35,EHAUSM-I,LEVIATHAN,1,1,0.003,0.0,0.05,14156241,5834,4,5456,5460,0,0,0,3689991,7777,3663832,0,0.510413,0.0,0.0,6511,0,1129.98,0,0,0,0,SUCCESS,0.0,1.0,,,,,,,,,,,,used,,,,20260906-2111,False,results-2026-09/exp3/experiment3_scalability.csv,3689991.0,26159.0,results-2026-09/exp3/experiment3_scalability.csv,True
2026-09-06 21:12:46,EHAUSM-I,LEVIATHAN,1,2,0.003,0.0,0.05,14156241,5834,3,5440,5444,0,0,0,3689991,7777,3663832,0,0.510413,0.0,0.0,6511,0,489.05,0,0,0,0,SUCCESS,0.0,1.0,,,,,,,,,,,,used,,,,20260906-2111,False,results-2026-09/exp3/experiment3_scalability.csv,3689991.0,26159.0,results-2026-09/exp3/experiment3_scalability.csv,True
2026-09-06 21:12:56,EHAUSM-I,LEVIATHAN,1,3,0.003,0.0,0.05,14156241,5834,3,5417,5421,0,0,0,3689991,7777,3663832,0,0.510413,0.0,0.0,6511,0,790.72,0,0,0,0,SUCCESS,0.0,1.0,,,,,,,,,,,,used,,,,20260906-2111,False,results-2026-09/exp3/experiment3_scalability.csv,3689991.0,26159.0,results-2026-09/exp3/experiment3_scalability.csv,True
2026-09-06 21:13:06,EHAUSM-I,LEVIATHAN,1,4,0.003,0.0,0.05,14156241,5834,3,5416,5420,0,0,0,3689991,7777,3663832,0,0.510413,0.0,0.0,6511,0,585.95,0,0,0,0,SUCCESS,0.0,1.0,,,,,,,,,,,,used,,,,20260906-2111,False,results-2026-09/exp3/experiment3_scalability.csv,3689991.0,26159.0,results-2026-09/exp3/experiment3_scalability.csv,True
2026-09-06 21:13:17,EHAUSM-I,LEVIATHAN,1,5,0.003,0.0,0.05,14156241,5834,3,5419,5423,0,0,0,3689991,7777,3663832,0,0.510413,0.0,0.0,6511,0,618.91,0,0,0,0,SUCCESS,0.0,1.0,,,,,,,,,,,,used,,,,20260906-2111,False,results-2026-09/exp3/experiment3_scalability.csv,3689991.0,26159.0,results-2026-09/exp3/experiment3_scalability.csv,True
2026-09-06 21:13:27,EHAUSM-I,LEVIATHAN,1,6,0.003,0.0,0.05,14156241,5834,3,5419,5423,0,0,0,3689991,7777,3663832,0,0.510413,0.0,0.0,6511,0,599.73,0,0,0,0,SUCCESS,0.0,1.0,,,,,,,,,,,,used,,,,20260906-2111,False,results-2026-09/exp3/experiment3_scalability.csv,3689991.0,26159.0,results-2026-09/exp3/experiment3_scalability.csv,True
2026-09-06 21:13:38,EHAUSM-I,LEVIATHAN,1,7,0.003,0.0,0.05,14156241,5834,4,5422,5426,0,0,0,3689991,7777,3663832,0,0.510413,0.0,0.0,6511,0,618.4,0,0,0,0,SUCCESS,0.0,1.0,,,,,,,,,,,,used,,,,20260906-2111,False,results-2026-09/exp3/experiment3_scalability.csv,3689991.0,26159.0,results-2026-09/exp3/experiment3_scalability.csv,True
2026-09-06 21:13:48,EHAUSM-I,LEVIATHAN,1,8,0.003,0.0,0.05,14156241,5834,3,5434,5438,0,0,0,3689991,7777,3663832,0,0.510413,0.0,0.0,6511,0,622.85,0,0,0,0,SUCCESS,0.0,1.0,,,,,,,,,,,,used,,,,20260906-2111,False,results-2026-09/exp3/experiment3_scalability.csv,3689991.0,26159.0,results-2026-09/exp3/experiment3_scalability.csv,True
2026-09-06 21:13:58,EHAUSM-I,LEVIATHAN,1,9,0.003,0.0,0.05,14156241,5834,3,5435,5440,0,0,0,3689991,7777,3663832,0,0.510413,0.0,0.0,6511,0,634.9,0,0,0,0,SUCCESS,0.0,1.0,,,,,,,,,,,,used,,,,20260906-2111,False,results-2026-09/exp3/experiment3_scalability.csv,3689991.0,26159.0,results-2026-09/exp3/experiment3_scalability.csv,True
2026-09-06 21:14:11,Pre-HAUSPM,LEVIATHAN,1,0,0.003,0.2,0.05,14156241,5834,5,7054,7059,0,0,0,36239222,0,36197393,0,0.0,0.0,0.0,6511,12869,460.72,0,0,0,0,SUCCESS,0.0,2.0,,,,,,1.0,0.0,2742799.0,6869.0,,,used,,,,20260906-2111,False,results-2026-09/exp3/experiment3_scalability.csv,36239222.0,41829.0,results-2026-09/exp3/experiment3_scalability.csv,True
2026-09-06 21:14:24,Pre-HAUSPM,LEVIATHAN,1,1,0.003,0.2,0.05,14156241,5834,0,7051,7052,0,0,0,36239222,0,36197393,0,0.0,0.0,0.0,6511,12869,312.81,0,0,0,0,SUCCESS,0.0,2.0,,,,,,1.0,0.0,2742799.0,6869.0,,,used,,,,20260906-2111,False,results-2026-09/exp3/experiment3_scalability.csv,36239222.0,41829.0,results-2026-09/exp3/experiment3_scalability.csv,True
2026-09-06 21:14:37,Pre-HAUSPM,LEVIATHAN,1,2,0.003,0.2,0.05,14156241,5834,0,7047,7047,0,0,0,36239222,0,36197393,0,0.0,0.0,0.0,6511,12869,246.94,0,0,0,0,SUCCESS,0.0,2.0,,,,,,1.0,0.0,2742799.0,6869.0,,,used,,,,20260906-2111,False,results-2026-09/exp3/experiment3_scalability.csv,36239222.0,41829.0,results-2026-09/exp3/experiment3_scalability.csv,True
2026-09-06 21:14:50,Pre-HAUSPM,LEVIATHAN,1,3,0.003,0.2,0.05,14156241,5834,0,7068,7069,0,0,0,36239222,0,36197393,0,0.0,0.0,0.0,6511,12869,417.4,0,0,0,0,SUCCESS,0.0,2.0,,,,,,1.0,0.0,2742799.0,6869.0,,,used,,,,20260906-2111,False,results-2026-09/exp3/experiment3_scalability.csv,36239222.0,41829.0,results-2026-09/exp3/experiment3_scalability.csv,True
2026-09-06 21:15:03,Pre-HAUSPM,LEVIATHAN,1,4,0.003,0.2,0.05,14156241,5834,0,7062,7063,0,0,0,36239222,0,36197393,0,0.0,0.0,0.0,6511,12869,593.3,0,0,0,0,SUCCESS,0.0,2.0,,,,,,1.0,0.0,2742799.0,6869.0,,,used,,,,20260906-2111,False,results-2026-09/exp3/experiment3_scalability.csv,36239222.0,41829.0,results-2026-09/exp3/experiment3_scalability.csv,True
2026-09-06 21:15:16,Pre-HAUSPM,LEVIATHAN,1,5,0.003,0.2,0.05,14156241,5834,0,7052,7053,0,0,0,36239222,0,36197393,0,0.0,0.0,0.0,6511,12869,463.4,0,0,0,0,SUCCESS,0.0,2.0,,,,,,1.0,0.0,2742799.0,6869.0,,,used,,,,20260906-2111,False,results-2026-09/exp3/experiment3_scalability.csv,36239222.0,41829.0,results-2026-09/exp3/experiment3_scalability.csv,True
2026-09-06 21:15:28,Pre-HAUSPM,LEVIATHAN,1,6,0.003,0.2,0.05,14156241,5834,0,7042,7043,0,0,0,36239222,0,36197393,0,0.0,0.0,0.0,6511,12869,193.24,0,0,0,0,SUCCESS,0.0,2.0,,,,,,1.0,0.0,2742799.0,6869.0,,,used,,,,20260906-2111,False,results-2026-09/exp3/experiment3_scalability.csv,36239222.0,41829.0,results-2026-09/exp3/experiment3_scalability.csv,True
2026-09-06 21:15:41,Pre-HAUSPM,LEVIATHAN,1,7,0.003,0.2,0.05,14156241,5834,0,7035,7036,0,0,0,36239222,0,36197393,0,0.0,0.0,0.0,6511,12869,192.68,0,0,0,0,SUCCESS,0.0,2.0,,,,,,1.0,0.0,2742799.0,6869.0,,,used,,,,20260906-2111,False,results-2026-09/exp3/experiment3_scalability.csv,36239222.0,41829.0,results-2026-09/exp3/experiment3_scalability.csv,True
2026-09-06 21:15:54,Pre-HAUSPM,LEVIATHAN,1,8,0.003,0.2,0.05,14156241,5834,0,7045,7046,0,0,0,36239222,0,36197393,0,0.0,0.0,0.0,6511,12869,338.2,0,0,0,0,SUCCESS,0.0,2.0,,,,,,1.0,0.0,2742799.0,6869.0,,,used,,,,20260906-2111,False,results-2026-09/exp3/experiment3_scalability.csv,36239222.0,41829.0,results-2026-09/exp3/experiment3_scalability.csv,True
2026-09-06 21:16:07,Pre-HAUSPM,LEVIATHAN,1,9,0.003,0.2,0.05,14156241,5834,0,7046,7047,0,0,0,36239222,0,36197393,0,0.0,0.0,0.0,6511,12869,304.94,0,0,0,0,SUCCESS,0.0,2.0,,,,,,1.0,0.0,2742799.0,6869.0,,,used,,,,20260906-2111,False,results-2026-09/exp3/experiment3_scalability.csv,36239222.0,41829.0,results-2026-09/exp3/experiment3_scalability.csv,True
2026-09-06 21:16:11,HAUSP-UB,LEVIATHAN,1,0,0.003,0.0,0.05,14156241,5834,26,1808,1835,2,46,10,5958464,8336,5929969,1777,0.0,0.366961,0.379732,6511,0,164.38,5958130,5957213,1568,9025,SUCCESS,26495.0,3.0,,0.0,6312032.0,33739184.0,21993088.0,,,,,336.0,559.0,used,,,,20260906-2111,False,results-2026-09/exp3/experiment3_scalability.csv,5958464.0,26495.0,results-2026-09/exp3/experiment3_scalability.csv,True
2026-09-06 21:16:14,HAUSP-UB,LEVIATHAN,1,1,0.003,0.0,0.05,14156241,5834,18,1809,1828,0,48,10,5958464,8336,5929969,1777,0.0,0.366961,0.379732,6511,0,235.98,5958130,5957213,1568,9025,SUCCESS,26495.0,3.0,,20989696.0,6312032.0,33739184.0,21993088.0,,,,,336.0,559.0,used,,,,20260906-2111,False,results-2026-09/exp3/experiment3_scalability.csv,5958464.0,26495.0,results-2026-09/exp3/experiment3_scalability.csv,True
2026-09-06 21:16:18,HAUSP-UB,LEVIATHAN,1,2,0.003,0.0,0.05,14156241,5834,18,1786,1805,0,47,10,5958464,8336,5929969,1777,0.0,0.366961,0.379732,6511,0,163.72,5958130,5957213,1568,9025,SUCCESS,26495.0,3.0,,0.0,6312032.0,33739184.0,21993088.0,,,,,336.0,559.0,used,,,,20260906-2111,False,results-2026-09/exp3/experiment3_scalability.csv,5958464.0,26495.0,results-2026-09/exp3/experiment3_scalability.csv,True
2026-09-06 21:16:21,HAUSP-UB,LEVIATHAN,1,3,0.003,0.0,0.05,14156241,5834,17,1788,1805,0,47,10,5958464,8336,5929969,1777,0.0,0.366961,0.379732,6511,0,201.87,5958130,5957213,1568,9025,SUCCESS,26495.0,3.0,,20481792.0,6312032.0,33739184.0,21993088.0,,,,,336.0,559.0,used,,,,20260906-2111,False,results-2026-09/exp3/experiment3_scalability.csv,5958464.0,26495.0,results-2026-09/exp3/experiment3_scalability.csv,True
2026-09-06 21:16:24,HAUSP-UB,LEVIATHAN,1,4,0.003,0.0,0.05,14156241,5834,17,1800,1818,0,48,10,5958464,8336,5929969,1777,0.0,0.366961,0.379732,6511,0,165.84,5958130,5957213,1568,9025,SUCCESS,26495.0,3.0,,20989696.0,6312032.0,33739184.0,21993088.0,,,,,336.0,559.0,used,,,,20260906-2111,False,results-2026-09/exp3/experiment3_scalability.csv,5958464.0,26495.0,results-2026-09/exp3/experiment3_scalability.csv,True
2026-09-06 21:16:28,HAUSP-UB,LEVIATHAN,1,5,0.003,0.0,0.05,14156241,5834,17,1796,1814,0,47,10,5958464,8336,5929969,1777,0.0,0.366961,0.379732,6511,0,170.15,5958130,5957213,1568,9025,SUCCESS,26495.0,3.0,,0.0,6312032.0,33739184.0,21993088.0,,,,,336.0,559.0,used,,,,20260906-2111,False,results-2026-09/exp3/experiment3_scalability.csv,5958464.0,26495.0,results-2026-09/exp3/experiment3_scalability.csv,True
2026-09-06 21:16:31,HAUSP-UB,LEVIATHAN,1,6,0.003,0.0,0.05,14156241,5834,18,1794,1812,0,47,10,5958464,8336,5929969,1777,0.0,0.366961,0.379732,6511,0,204.72,5958130,5957213,1568,9025,SUCCESS,26495.0,3.0,,20481792.0,6312032.0,33739184.0,21993088.0,,,,,336.0,559.0,used,,,,20260906-2111,False,results-2026-09/exp3/experiment3_scalability.csv,5958464.0,26495.0,results-2026-09/exp3/experiment3_scalability.csv,True
2026-09-06 21:16:35,HAUSP-UB,LEVIATHAN,1,7,0.003,0.0,0.05,14156241,5834,18,1800,1818,0,48,10,5958464,8336,5929969,1777,0.0,0.366961,0.379732,6511,0,166.88,5958130,5957213,1568,9025,SUCCESS,26495.0,3.0,,20989696.0,6312032.0,33739184.0,21993088.0,,,,,336.0,559.0,used,,,,20260906-2111,False,results-2026-09/exp3/experiment3_scalability.csv,5958464.0,26495.0,results-2026-09/exp3/experiment3_scalability.csv,True
2026-09-06 21:16:38,HAUSP-UB,LEVIATHAN,1,8,0.003,0.0,0.05,14156241,5834,18,1788,1806,0,48,10,5958464,8336,5929969,1777,0.0,0.366961,0.379732,6511,0,163.73,5958130,5957213,1568,9025,SUCCESS,26495.0,3.0,,0.0,6312032.0,33739184.0,21993088.0,,,,,336.0,559.0,used,,,,20260906-2111,False,results-2026-09/exp3/experiment3_scalability.csv,5958464.0,26495.0,results-2026-09/exp3/experiment3_scalability.csv,True
2026-09-06 21:16:42,HAUSP-UB,LEVIATHAN,1,9,0.003,0.0,0.05,14156241,5834,19,1790,1809,0,47,10,5958464,8336,5929969,1777,0.0,0.366961,0.379732,6511,0,204.56,5958130,5957213,1568,9025,SUCCESS,26495.0,3.0,,20989696.0,6312032.0,33739184.0,21993088.0,,,,,336.0,559.0,used,,,,20260906-2111,False,results-2026-09/exp3/experiment3_scalability.csv,5958464.0,26495.0,results-2026-09/exp3/experiment3_scalability.csv,True
2026-09-06 21:16:47,EHAUSM-R,LEVIATHAN,1,0,0.003,0.0,0.1,14156241,5834,28,5121,5150,0,0,0,6599011,7777,6572852,0,0.439127,0.0,0.0,6511,0,58.28,0,0,0,0,SUCCESS,0.0,0.0,,,,,,,,,,,,used,,,,20260906-2111,False,results-2026-09/exp3/experiment3_scalability.csv,6599011.0,26159.0,results-2026-09/exp3/experiment3_scalability.csv,True
2026-09-06 21:16:53,EHAUSM-R,LEVIATHAN,1,1,0.003,0.0,0.1,14156241,5834,20,5011,5032,0,0,0,6599011,7777,6572852,0,0.439127,0.0,0.0,6511,0,166.9,0,0,0,0,SUCCESS,0.0,0.0,,,,,,,,,,,,used,,,,20260906-2111,False,results-2026-09/exp3/experiment3_scalability.csv,6599011.0,26159.0,results-2026-09/exp3/experiment3_scalability.csv,True
2026-09-06 21:16:58,EHAUSM-R,LEVIATHAN,1,2,0.003,0.0,0.1,14156241,5834,18,5002,5021,0,0,0,6599011,7777,6572852,0,0.439127,0.0,0.0,6511,0,158.57,0,0,0,0,SUCCESS,0.0,0.0,,,,,,,,,,,,used,,,,20260906-2111,False,results-2026-09/exp3/experiment3_scalability.csv,6599011.0,26159.0,results-2026-09/exp3/experiment3_scalability.csv,True
2026-09-06 21:17:03,EHAUSM-R,LEVIATHAN,1,3,0.003,0.0,0.1,14156241,5834,17,5014,5032,0,0,0,6599011,7777,6572852,0,0.439127,0.0,0.0,6511,0,158.56,0,0,0,0,SUCCESS,0.0,0.0,,,,,,,,,,,,used,,,,20260906-2111,False,results-2026-09/exp3/experiment3_scalability.csv,6599011.0,26159.0,results-2026-09/exp3/experiment3_scalability.csv,True
2026-09-06 21:17:08,EHAUSM-R,LEVIATHAN,1,4,0.003,0.0,0.1,14156241,5834,17,5002,5020,0,0,0,6599011,7777,6572852,0,0.439127,0.0,0.0,6511,0,158.81,0,0,0,0,SUCCESS,0.0,0.0,,,,,,,,,,,,used,,,,20260906-2111,False,results-2026-09/exp3/experiment3_scalability.csv,6599011.0,26159.0,results-2026-09/exp3/experiment3_scalability.csv,True
2026-09-06 21:17:14,EHAUSM-R,LEVIATHAN,1,5,0.003,0.0,0.1,14156241,5834,17,5005,5023,0,0,0,6599011,7777,6572852,0,0.439127,0.0,0.0,6511,0,46.43,0,0,0,0,SUCCESS,0.0,0.0,,,,,,,,,,,,used,,,,20260906-2111,False,results-2026-09/exp3/experiment3_scalability.csv,6599011.0,26159.0,results-2026-09/exp3/experiment3_scalability.csv,True
2026-09-06 21:17:19,EHAUSM-R,LEVIATHAN,1,6,0.003,0.0,0.1,14156241,5834,17,5000,5018,0,0,0,6599011,7777,6572852,0,0.439127,0.0,0.0,6511,0,143.25,0,0,0,0,SUCCESS,0.0,0.0,,,,,,,,,,,,used,,,,20260906-2111,False,results-2026-09/exp3/experiment3_scalability.csv,6599011.0,26159.0,results-2026-09/exp3/experiment3_scalability.csv,True
2026-09-06 21:17:24,EHAUSM-R,LEVIATHAN,1,7,0.003,0.0,0.1,14156241,5834,16,4993,5010,0,0,0,6599011,7777,6572852,0,0.439127,0.0,0.0,6511,0,223.36,0,0,0,0,SUCCESS,0.0,0.0,,,,,,,,,,,,used,,,,20260906-2111,False,results-2026-09/exp3/experiment3_scalability.csv,6599011.0,26159.0,results-2026-09/exp3/experiment3_scalability.csv,True
2026-09-06 21:17:29,EHAUSM-R,LEVIATHAN,1,8,0.003,0.0,0.1,14156241,5834,17,4993,5011,0,0,0,6599011,7777,6572852,0,0.439127,0.0,0.0,6511,0,94.35,0,0,0,0,SUCCESS,0.0,0.0,,,,,,,,,,,,used,,,,20260906-2111,False,results-2026-09/exp3/experiment3_scalability.csv,6599011.0,26159.0,results-2026-09/exp3/experiment3_scalability.csv,True
2026-09-06 21:17:35,EHAUSM-R,LEVIATHAN,1,9,0.003,0.0,0.1,14156241,5834,17,4995,5012,0,0,0,6599011,7777,6572852,0,0.439127,0.0,0.0,6511,0,143.15,0,0,0,0,SUCCESS,0.0,0.0,,,,,,,,,,,,used,,,,20260906-2111,False,results-2026-09/exp3/experiment3_scalability.csv,6599011.0,26159.0,results-2026-09/exp3/experiment3_scalability.csv,True
2026-09-06 21:17:45,EHAUSM-I,LEVIATHAN,1,0,0.003,0.0,0.1,14156241,5834,4,5423,5427,0,0,0,3689991,7777,3663832,0,0.510413,0.0,0.0,6511,0,718.7,0,0,0,0,SUCCESS,0.0,1.0,,,,,,,,,,,,used,,,,20260906-2111,False,results-2026-09/exp3/experiment3_scalability.csv,3689991.0,26159.0,results-2026-09/exp3/experiment3_scalability.csv,True
2026-09-06 21:17:56,EHAUSM-I,LEVIATHAN,1,1,0.003,0.0,0.1,14156241,5834,4,5432,5436,0,0,0,3689991,7777,3663832,0,0.510413,0.0,0.0,6511,0,716.72,0,0,0,0,SUCCESS,0.0,1.0,,,,,,,,,,,,used,,,,20260906-2111,False,results-2026-09/exp3/experiment3_scalability.csv,3689991.0,26159.0,results-2026-09/exp3/experiment3_scalability.csv,True
2026-09-06 21:18:06,EHAUSM-I,LEVIATHAN,1,2,0.003,0.0,0.1,14156241,5834,4,5442,5446,0,0,0,3689991,7777,3663832,0,0.510413,0.0,0.0,6511,0,355.79,0,0,0,0,SUCCESS,0.0,1.0,,,,,,,,,,,,used,,,,20260906-2111,False,results-2026-09/exp3/experiment3_scalability.csv,3689991.0,26159.0,results-2026-09/exp3/experiment3_scalability.csv,True
2026-09-06 21:18:17,EHAUSM-I,LEVIATHAN,1,3,0.003,0.0,0.1,14156241,5834,3,5426,5430,0,0,0,3689991,7777,3663832,0,0.510413,0.0,0.0,6511,0,1025.02,0,0,0,0,SUCCESS,0.0,1.0,,,,,,,,,,,,used,,,,20260906-2111,False,results-2026-09/exp3/experiment3_scalability.csv,3689991.0,26159.0,results-2026-09/exp3/experiment3_scalability.csv,True
2026-09-06 21:18:27,EHAUSM-I,LEVIATHAN,1,4,0.003,0.0,0.1,14156241,5834,3,5424,5428,0,0,0,3689991,7777,3663832,0,0.510413,0.0,0.0,6511,0,609.05,0,0,0,0,SUCCESS,0.0,1.0,,,,,,,,,,,,used,,,,20260906-2111,False,results-2026-09/exp3/experiment3_scalability.csv,3689991.0,26159.0,results-2026-09/exp3/experiment3_scalability.csv,True
2026-09-06 21:18:37,EHAUSM-I,LEVIATHAN,1,5,0.003,0.0,0.1,14156241,5834,3,5434,5438,0,0,0,3689991,7777,3663832,0,0.510413,0.0,0.0,6511,0,995.48,0,0,0,0,SUCCESS,0.0,1.0,,,,,,,,,,,,used,,,,20260906-2111,False,results-2026-09/exp3/experiment3_scalability.csv,3689991.0,26159.0,results-2026-09/exp3/experiment3_scalability.csv,True
2026-09-06 21:18:48,EHAUSM-I,LEVIATHAN,1,6,0.003,0.0,0.1,14156241,5834,3,5439,5443,0,0,0,3689991,7777,3663832,0,0.510413,0.0,0.0,6511,0,479.77,0,0,0,0,SUCCESS,0.0,1.0,,,,,,,,,,,,used,,,,20260906-2111,False,results-2026-09/exp3/experiment3_scalability.csv,3689991.0,26159.0,results-2026-09/exp3/experiment3_scalability.csv,True
2026-09-06 21:18:58,EHAUSM-I,LEVIATHAN,1,7,0.003,0.0,0.1,14156241,5834,3,5433,5437,0,0,0,3689991,7777,3663832,0,0.510413,0.0,0.0,6511,0,873.76,0,0,0,0,SUCCESS,0.0,1.0,,,,,,,,,,,,used,,,,20260906-2111,False,results-2026-09/exp3/experiment3_scalability.csv,3689991.0,26159.0,results-2026-09/exp3/experiment3_scalability.csv,True
2026-09-06 21:19:09,EHAUSM-I,LEVIATHAN,1,8,0.003,0.0,0.1,14156241,5834,3,5441,5445,0,0,0,3689991,7777,3663832,0,0.510413,0.0,0.0,6511,0,1024.78,0,0,0,0,SUCCESS,0.0,1.0,,,,,,,,,,,,used,,,,20260906-2111,False,results-2026-09/exp3/experiment3_scalability.csv,3689991.0,26159.0,results-2026-09/exp3/experiment3_scalability.csv,True
2026-09-06 21:19:19,EHAUSM-I,LEVIATHAN,1,9,0.003,0.0,0.1,14156241,5834,3,5435,5439,0,0,0,3689991,7777,3663832,0,0.510413,0.0,0.0,6511,0,997.53,0,0,0,0,SUCCESS,0.0,1.0,,,,,,,,,,,,used,,,,20260906-2111,False,results-2026-09/exp3/experiment3_scalability.csv,3689991.0,26159.0,results-2026-09/exp3/experiment3_scalability.csv,True
2026-09-06 21:19:32,Pre-HAUSPM,LEVIATHAN,1,0,0.003,0.2,0.1,14156241,5834,0,7123,7123,0,0,0,36239222,0,36197393,0,0.0,0.0,0.0,6511,12869,273.88,0,0,0,0,SUCCESS,0.0,2.0,,,,,,1.0,0.0,2742799.0,6869.0,,,used,,,,20260906-2111,False,results-2026-09/exp3/experiment3_scalability.csv,36239222.0,41829.0,results-2026-09/exp3/experiment3_scalability.csv,True
2026-09-06 21:19:45,Pre-HAUSPM,LEVIATHAN,1,1,0.003,0.2,0.1,14156241,5834,0,7138,7138,0,0,0,36239222,0,36197393,0,0.0,0.0,0.0,6511,12869,321.71,0,0,0,0,SUCCESS,0.0,2.0,,,,,,1.0,0.0,2742799.0,6869.0,,,used,,,,20260906-2111,False,results-2026-09/exp3/experiment3_scalability.csv,36239222.0,41829.0,results-2026-09/exp3/experiment3_scalability.csv,True
2026-09-06 21:19:58,Pre-HAUSPM,LEVIATHAN,1,2,0.003,0.2,0.1,14156241,5834,0,7132,7132,0,0,0,36239222,0,36197393,0,0.0,0.0,0.0,6511,12869,256.47,0,0,0,0,SUCCESS,0.0,2.0,,,,,,1.0,0.0,2742799.0,6869.0,,,used,,,,20260906-2111,False,results-2026-09/exp3/experiment3_scalability.csv,36239222.0,41829.0,results-2026-09/exp3/experiment3_scalability.csv,True
2026-09-06 21:20:11,Pre-HAUSPM,LEVIATHAN,1,3,0.003,0.2,0.1,14156241,5834,0,7122,7122,0,0,0,36239222,0,36197393,0,0.0,0.0,0.0,6511,12869,224.79,0,0,0,0,SUCCESS,0.0,2.0,,,,,,1.0,0.0,2742799.0,6869.0,,,used,,,,20260906-2111,False,results-2026-09/exp3/experiment3_scalability.csv,36239222.0,41829.0,results-2026-09/exp3/experiment3_scalability.csv,True
2026-09-06 21:20:24,Pre-HAUSPM,LEVIATHAN,1,4,0.003,0.2,0.1,14156241,5834,0,7115,7115,0,0,0,36239222,0,36197393,0,0.0,0.0,0.0,6511,12869,111.8,0,0,0,0,SUCCESS,0.0,2.0,,,,,,1.0,0.0,2742799.0,6869.0,,,used,,,,20260906-2111,False,results-2026-09/exp3/experiment3_scalability.csv,36239222.0,41829.0,results-2026-09/exp3/experiment3_scalability.csv,True
2026-09-06 21:20:37,Pre-HAUSPM,LEVIATHAN,1,5,0.003,0.2,0.1,14156241,5834,0,7137,7138,0,0,0,36239222,0,36197393,0,0.0,0.0,0.0,6511,12869,576.12,0,0,0,0,SUCCESS,0.0,2.0,,,,,,1.0,0.0,2742799.0,6869.0,,,used,,,,20260906-2111,False,results-2026-09/exp3/experiment3_scalability.csv,36239222.0,41829.0,results-2026-09/exp3/experiment3_scalability.csv,True
2026-09-06 21:20:50,Pre-HAUSPM,LEVIATHAN,1,6,0.003,0.2,0.1,14156241,5834,0,7130,7131,0,0,0,36239222,0,36197393,0,0.0,0.0,0.0,6511,12869,129.37,0,0,0,0,SUCCESS,0.0,2.0,,,,,,1.0,0.0,2742799.0,6869.0,,,used,,,,20260906-2111,False,results-2026-09/exp3/experiment3_scalability.csv,36239222.0,41829.0,results-2026-09/exp3/experiment3_scalability.csv,True
2026-09-06 21:21:03,Pre-HAUSPM,LEVIATHAN,1,7,0.003,0.2,0.1,14156241,5834,0,7151,7151,0,0,0,36239222,0,36197393,0,0.0,0.0,0.0,6511,12869,192.85,0,0,0,0,SUCCESS,0.0,2.0,,,,,,1.0,0.0,2742799.0,6869.0,,,used,,,,20260906-2111,False,results-2026-09/exp3/experiment3_scalability.csv,36239222.0,41829.0,results-2026-09/exp3/experiment3_scalability.csv,True
2026-09-06 21:21:16,Pre-HAUSPM,LEVIATHAN,1,8,0.003,0.2,0.1,14156241,5834,0,7157,7158,0,0,0,36239222,0,36197393,0,0.0,0.0,0.0,6511,12869,209.48,0,0,0,0,SUCCESS,0.0,2.0,,,,,,1.0,0.0,2742799.0,6869.0,,,used,,,,20260906-2111,False,results-2026-09/exp3/experiment3_scalability.csv,36239222.0,41829.0,results-2026-09/exp3/experiment3_scalability.csv,True
2026-09-06 21:21:29,Pre-HAUSPM,LEVIATHAN,1,9,0.003,0.2,0.1,14156241,5834,0,7132,7133,0,0,0,36239222,0,36197393,0,0.0,0.0,0.0,6511,12869,353.84,0,0,0,0,SUCCESS,0.0,2.0,,,,,,1.0,0.0,2742799.0,6869.0,,,used,,,,20260906-2111,False,results-2026-09/exp3/experiment3_scalability.csv,36239222.0,41829.0,results-2026-09/exp3/experiment3_scalability.csv,True
2026-09-06 21:21:33,HAUSP-UB,LEVIATHAN,1,0,0.003,0.0,0.1,14156241,5834,19,1796,1815,0,48,10,5958464,8336,5929969,1777,0.0,0.366961,0.379732,6511,0,163.43,5958130,5957213,1568,9025,SUCCESS,26495.0,3.0,,0.0,6312032.0,33739184.0,21993088.0,,,,,336.0,559.0,used,,,,20260906-2111,False,results-2026-09/exp3/experiment3_scalability.csv,5958464.0,26495.0,results-2026-09/exp3/experiment3_scalability.csv,True
2026-09-06 21:21:36,HAUSP-UB,LEVIATHAN,1,1,0.003,0.0,0.1,14156241,5834,18,1793,1811,0,48,10,5958464,8336,5929969,1777,0.0,0.366961,0.379732,6511,0,208.76,5958130,5957213,1568,9025,SUCCESS,26495.0,3.0,,20989696.0,6312032.0,33739184.0,21993088.0,,,,,336.0,559.0,used,,,,20260906-2111,False,results-2026-09/exp3/experiment3_scalability.csv,5958464.0,26495.0,results-2026-09/exp3/experiment3_scalability.csv,True
2026-09-06 21:21:40,HAUSP-UB,LEVIATHAN,1,2,0.003,0.0,0.1,14156241,5834,18,1796,1815,0,48,10,5958464,8336,5929969,1777,0.0,0.366961,0.379732,6511,0,166.08,5958130,5957213,1568,9025,SUCCESS,26495.0,3.0,,20989696.0,6312032.0,33739184.0,21993088.0,,,,,336.0,559.0,used,,,,20260906-2111,False,results-2026-09/exp3/experiment3_scalability.csv,5958464.0,26495.0,results-2026-09/exp3/experiment3_scalability.csv,True
2026-09-06 21:21:43,HAUSP-UB,LEVIATHAN,1,3,0.003,0.0,0.1,14156241,5834,18,1789,1807,0,48,10,5958464,8336,5929969,1777,0.0,0.366961,0.379732,6511,0,164.03,5958130,5957213,1568,9025,SUCCESS,26495.0,3.0,,0.0,6312032.0,33739184.0,21993088.0,,,,,336.0,559.0,used,,,,20260906-2111,False,results-2026-09/exp3/experiment3_scalability.csv,5958464.0,26495.0,results-2026-09/exp3/experiment3_scalability.csv,True
2026-09-06 21:21:47,HAUSP-UB,LEVIATHAN,1,4,0.003,0.0,0.1,14156241,5834,17,1792,1810,0,48,10,5958464,8336,5929969,1777,0.0,0.366961,0.379732,6511,0,205.68,5958130,5957213,1568,9025,SUCCESS,26495.0,3.0,,20989696.0,6312032.0,33739184.0,21993088.0,,,,,336.0,559.0,used,,,,20260906-2111,False,results-2026-09/exp3/experiment3_scalability.csv,5958464.0,26495.0,results-2026-09/exp3/experiment3_scalability.csv,True
2026-09-06 21:21:50,HAUSP-UB,LEVIATHAN,1,5,0.003,0.0,0.1,14156241,5834,18,1789,1808,0,49,10,5958464,8336,5929969,1777,0.0,0.366961,0.379732,6511,0,164.65,5958130,5957213,1568,9025,SUCCESS,26495.0,3.0,,0.0,6312032.0,33739184.0,21993088.0,,,,,336.0,559.0,used,,,,20260906-2111,False,results-2026-09/exp3/experiment3_scalability.csv,5958464.0,26495.0,results-2026-09/exp3/experiment3_scalability.csv,True
2026-09-06 21:21:54,HAUSP-UB,LEVIATHAN,1,6,0.003,0.0,0.1,14156241,5834,18,1793,1811,0,48,10,5958464,8336,5929969,1777,0.0,0.366961,0.379732,6511,0,207.44,5958130,5957213,1568,9025,SUCCESS,26495.0,3.0,,20989696.0,6312032.0,33739184.0,21993088.0,,,,,336.0,559.0,used,,,,20260906-2111,False,results-2026-09/exp3/experiment3_scalability.csv,5958464.0,26495.0,results-2026-09/exp3/experiment3_scalability.csv,True
2026-09-06 21:21:57,HAUSP-UB,LEVIATHAN,1,7,0.003,0.0,0.1,14156241,5834,18,1802,1821,0,50,10,5958464,8336,5929969,1777,0.0,0.366961,0.379732,6511,0,166.15,5958130,5957213,1568,9025,SUCCESS,26495.0,3.0,,20989696.0,6312032.0,33739184.0,21993088.0,,,,,336.0,559.0,used,,,,20260906-2111,False,results-2026-09/exp3/experiment3_scalability.csv,5958464.0,26495.0,results-2026-09/exp3/experiment3_scalability.csv,True
2026-09-06 21:22:01,HAUSP-UB,LEVIATHAN,1,8,0.003,0.0,0.1,14156241,5834,17,1794,1812,0,53,11,5958464,8336,5929969,1777,0.0,0.366961,0.379732,6511,0,163.85,5958130,5957213,1568,9025,SUCCESS,26495.0,3.0,,0.0,6312032.0,33739184.0,21993088.0,,,,,336.0,559.0,used,,,,20260906-2111,False,results-2026-09/exp3/experiment3_scalability.csv,5958464.0,26495.0,results-2026-09/exp3/experiment3_scalability.csv,True
2026-09-06 21:22:04,HAUSP-UB,LEVIATHAN,1,9,0.003,0.0,0.1,14156241,5834,18,1784,1802,0,48,10,5958464,8336,5929969,1777,0.0,0.366961,0.379732,6511,0,206.22,5958130,5957213,1568,9025,SUCCESS,26495.0,3.0,,20481792.0,6312032.0,33739184.0,21993088.0,,,,,336.0,559.0,used,,,,20260906-2111,False,results-2026-09/exp3/experiment3_scalability.csv,5958464.0,26495.0,results-2026-09/exp3/experiment3_scalability.csv,True
2026-09-06 21:22:10,EHAUSM-R,LEVIATHAN,1,0,0.003,0.0,0.15,14156241,5834,71,5070,5142,0,0,0,6599011,7777,6572852,0,0.439127,0.0,0.0,6511,0,106.84,0,0,0,0,SUCCESS,0.0,0.0,,,,,,,,,,,,used,,,,20260906-2111,False,results-2026-09/exp3/experiment3_scalability.csv,6599011.0,26159.0,results-2026-09/exp3/experiment3_scalability.csv,True
2026-09-06 21:22:15,EHAUSM-R,LEVIATHAN,1,1,0.003,0.0,0.15,14156241,5834,19,4991,5010,0,0,0,6599011,7777,6572852,0,0.439127,0.0,0.0,6511,0,62.79,0,0,0,0,SUCCESS,0.0,0.0,,,,,,,,,,,,used,,,,20260906-2111,False,results-2026-09/exp3/experiment3_scalability.csv,6599011.0,26159.0,results-2026-09/exp3/experiment3_scalability.csv,True
2026-09-06 21:22:20,EHAUSM-R,LEVIATHAN,1,2,0.003,0.0,0.15,14156241,5834,17,4986,5004,0,0,0,6599011,7777,6572852,0,0.439127,0.0,0.0,6511,0,158.54,0,0,0,0,SUCCESS,0.0,0.0,,,,,,,,,,,,used,,,,20260906-2111,False,results-2026-09/exp3/experiment3_scalability.csv,6599011.0,26159.0,results-2026-09/exp3/experiment3_scalability.csv,True
2026-09-06 21:22:26,EHAUSM-R,LEVIATHAN,1,3,0.003,0.0,0.15,14156241,5834,13,5005,5018,0,0,0,6599011,7777,6572852,0,0.439127,0.0,0.0,6511,0,46.54,0,0,0,0,SUCCESS,0.0,0.0,,,,,,,,,,,,used,,,,20260906-2111,False,results-2026-09/exp3/experiment3_scalability.csv,6599011.0,26159.0,results-2026-09/exp3/experiment3_scalability.csv,True
2026-09-06 21:22:31,EHAUSM-R,LEVIATHAN,1,4,0.003,0.0,0.15,14156241,5834,17,5002,5020,0,0,0,6599011,7777,6572852,0,0.439127,0.0,0.0,6511,0,142.89,0,0,0,0,SUCCESS,0.0,0.0,,,,,,,,,,,,used,,,,20260906-2111,False,results-2026-09/exp3/experiment3_scalability.csv,6599011.0,26159.0,results-2026-09/exp3/experiment3_scalability.csv,True
2026-09-06 21:22:36,EHAUSM-R,LEVIATHAN,1,5,0.003,0.0,0.15,14156241,5834,17,5001,5019,0,0,0,6599011,7777,6572852,0,0.439127,0.0,0.0,6511,0,223.33,0,0,0,0,SUCCESS,0.0,0.0,,,,,,,,,,,,used,,,,20260906-2111,False,results-2026-09/exp3/experiment3_scalability.csv,6599011.0,26159.0,results-2026-09/exp3/experiment3_scalability.csv,True
2026-09-06 21:22:41,EHAUSM-R,LEVIATHAN,1,6,0.003,0.0,0.15,14156241,5834,17,5033,5051,0,0,0,6599011,7777,6572852,0,0.439127,0.0,0.0,6511,0,110.62,0,0,0,0,SUCCESS,0.0,0.0,,,,,,,,,,,,used,,,,20260906-2111,False,results-2026-09/exp3/experiment3_scalability.csv,6599011.0,26159.0,results-2026-09/exp3/experiment3_scalability.csv,True
2026-09-06 21:22:47,EHAUSM-R,LEVIATHAN,1,7,0.003,0.0,0.15,14156241,5834,17,5005,5023,0,0,0,6599011,7777,6572852,0,0.439127,0.0,0.0,6511,0,223.29,0,0,0,0,SUCCESS,0.0,0.0,,,,,,,,,,,,used,,,,20260906-2111,False,results-2026-09/exp3/experiment3_scalability.csv,6599011.0,26159.0,results-2026-09/exp3/experiment3_scalability.csv,True
2026-09-06 21:22:52,EHAUSM-R,LEVIATHAN,1,8,0.003,0.0,0.15,14156241,5834,17,5013,5031,0,0,0,6599011,7777,6572852,0,0.439127,0.0,0.0,6511,0,110.85,0,0,0,0,SUCCESS,0.0,0.0,,,,,,,,,,,,used,,,,20260906-2111,False,results-2026-09/exp3/experiment3_scalability.csv,6599011.0,26159.0,results-2026-09/exp3/experiment3_scalability.csv,True
2026-09-06 21:22:57,EHAUSM-R,LEVIATHAN,1,9,0.003,0.0,0.15,14156241,5834,17,5020,5037,0,0,0,6599011,7777,6572852,0,0.439127,0.0,0.0,6511,0,223.16,0,0,0,0,SUCCESS,0.0,0.0,,,,,,,,,,,,used,,,,20260906-2111,False,results-2026-09/exp3/experiment3_scalability.csv,6599011.0,26159.0,results-2026-09/exp3/experiment3_scalability.csv,True
2026-09-06 21:23:08,EHAUSM-I,LEVIATHAN,1,0,0.003,0.0,0.15,14156241,5834,4,5466,5470,0,0,0,3689991,7777,3663832,0,0.510413,0.0,0.0,6511,0,633.92,0,0,0,0,SUCCESS,0.0,1.0,,,,,,,,,,,,used,,,,20260906-2111,False,results-2026-09/exp3/experiment3_scalability.csv,3689991.0,26159.0,results-2026-09/exp3/experiment3_scalability.csv,True
2026-09-06 21:23:18,EHAUSM-I,LEVIATHAN,1,1,0.003,0.0,0.15,14156241,5834,4,5481,5485,0,0,0,3689991,7777,3663832,0,0.510413,0.0,0.0,6511,0,594.58,0,0,0,0,SUCCESS,0.0,1.0,,,,,,,,,,,,used,,,,20260906-2111,False,results-2026-09/exp3/experiment3_scalability.csv,3689991.0,26159.0,results-2026-09/exp3/experiment3_scalability.csv,True
2026-09-06 21:23:29,EHAUSM-I,LEVIATHAN,1,2,0.003,0.0,0.15,14156241,5834,3,5473,5478,0,0,0,3689991,7777,3663832,0,0.510413,0.0,0.0,6511,0,646.02,0,0,0,0,SUCCESS,0.0,1.0,,,,,,,,,,,,used,,,,20260906-2111,False,results-2026-09/exp3/experiment3_scalability.csv,3689991.0,26159.0,results-2026-09/exp3/experiment3_scalability.csv,True
2026-09-06 21:23:39,EHAUSM-I,LEVIATHAN,1,3,0.003,0.0,0.15,14156241,5834,3,5483,5487,0,0,0,3689991,7777,3663832,0,0.510413,0.0,0.0,6511,0,646.0,0,0,0,0,SUCCESS,0.0,1.0,,,,,,,,,,,,used,,,,20260906-2111,False,results-2026-09/exp3/experiment3_scalability.csv,3689991.0,26159.0,results-2026-09/exp3/experiment3_scalability.csv,True
2026-09-06 21:23:50,EHAUSM-I,LEVIATHAN,1,4,0.003,0.0,0.15,14156241,5834,4,5444,5448,0,0,0,3689991,7777,3663832,0,0.510413,0.0,0.0,6511,0,626.37,0,0,0,0,SUCCESS,0.0,1.0,,,,,,,,,,,,used,,,,20260906-2111,False,results-2026-09/exp3/experiment3_scalability.csv,3689991.0,26159.0,results-2026-09/exp3/experiment3_scalability.csv,True
2026-09-06 21:24:00,EHAUSM-I,LEVIATHAN,1,5,0.003,0.0,0.15,14156241,5834,3,5434,5438,0,0,0,3689991,7777,3663832,0,0.510413,0.0,0.0,6511,0,643.56,0,0,0,0,SUCCESS,0.0,1.0,,,,,,,,,,,,used,,,,20260906-2111,False,results-2026-09/exp3/experiment3_scalability.csv,3689991.0,26159.0,results-2026-09/exp3/experiment3_scalability.csv,True
2026-09-06 21:24:11,EHAUSM-I,LEVIATHAN,1,6,0.003,0.0,0.15,14156241,5834,3,5446,5450,0,0,0,3689991,7777,3663832,0,0.510413,0.0,0.0,6511,0,615.27,0,0,0,0,SUCCESS,0.0,1.0,,,,,,,,,,,,used,,,,20260906-2111,False,results-2026-09/exp3/experiment3_scalability.csv,3689991.0,26159.0,results-2026-09/exp3/experiment3_scalability.csv,True
2026-09-06 21:24:21,EHAUSM-I,LEVIATHAN,1,7,0.003,0.0,0.15,14156241,5834,3,5444,5448,0,0,0,3689991,7777,3663832,0,0.510413,0.0,0.0,6511,0,601.24,0,0,0,0,SUCCESS,0.0,1.0,,,,,,,,,,,,used,,,,20260906-2111,False,results-2026-09/exp3/experiment3_scalability.csv,3689991.0,26159.0,results-2026-09/exp3/experiment3_scalability.csv,True
2026-09-06 21:24:31,EHAUSM-I,LEVIATHAN,1,8,0.003,0.0,0.15,14156241,5834,4,5439,5443,0,0,0,3689991,7777,3663832,0,0.510413,0.0,0.0,6511,0,694.75,0,0,0,0,SUCCESS,0.0,1.0,,,,,,,,,,,,used,,,,20260906-2111,False,results-2026-09/exp3/experiment3_scalability.csv,3689991.0,26159.0,results-2026-09/exp3/experiment3_scalability.csv,True
2026-09-06 21:24:42,EHAUSM-I,LEVIATHAN,1,9,0.003,0.0,0.15,14156241,5834,3,5436,5440,0,0,0,3689991,7777,3663832,0,0.510413,0.0,0.0,6511,0,628.75,0,0,0,0,SUCCESS,0.0,1.0,,,,,,,,,,,,used,,,,20260906-2111,False,results-2026-09/exp3/experiment3_scalability.csv,3689991.0,26159.0,results-2026-09/exp3/experiment3_scalability.csv,True
2026-09-06 21:24:55,Pre-HAUSPM,LEVIATHAN,1,0,0.003,0.2,0.15,14156241,5834,0,7126,7126,0,0,0,36239222,0,36197393,0,0.0,0.0,0.0,6511,12869,192.97,0,0,0,0,SUCCESS,0.0,2.0,,,,,,1.0,0.0,2742799.0,6869.0,,,used,,,,20260906-2111,False,results-2026-09/exp3/experiment3_scalability.csv,36239222.0,41829.0,results-2026-09/exp3/experiment3_scalability.csv,True
2026-09-06 21:25:08,Pre-HAUSPM,LEVIATHAN,1,1,0.003,0.2,0.15,14156241,5834,0,7131,7131,0,0,0,36239222,0,36197393,0,0.0,0.0,0.0,6511,12869,146.63,0,0,0,0,SUCCESS,0.0,2.0,,,,,,1.0,0.0,2742799.0,6869.0,,,used,,,,20260906-2111,False,results-2026-09/exp3/experiment3_scalability.csv,36239222.0,41829.0,results-2026-09/exp3/experiment3_scalability.csv,True
2026-09-06 21:25:21,Pre-HAUSPM,LEVIATHAN,1,2,0.003,0.2,0.15,14156241,5834,0,7155,7155,0,0,0,36239222,0,36197393,0,0.0,0.0,0.0,6511,12869,177.38,0,0,0,0,SUCCESS,0.0,2.0,,,,,,1.0,0.0,2742799.0,6869.0,,,used,,,,20260906-2111,False,results-2026-09/exp3/experiment3_scalability.csv,36239222.0,41829.0,results-2026-09/exp3/experiment3_scalability.csv,True
2026-09-06 21:25:34,Pre-HAUSPM,LEVIATHAN,1,3,0.003,0.2,0.15,14156241,5834,0,7114,7114,0,0,0,36239222,0,36197393,0,0.0,0.0,0.0,6511,12869,256.78,0,0,0,0,SUCCESS,0.0,2.0,,,,,,1.0,0.0,2742799.0,6869.0,,,used,,,,20260906-2111,False,results-2026-09/exp3/experiment3_scalability.csv,36239222.0,41829.0,results-2026-09/exp3/experiment3_scalability.csv,True
2026-09-06 21:25:47,Pre-HAUSPM,LEVIATHAN,1,4,0.003,0.2,0.15,14156241,5834,0,7128,7129,0,0,0,36239222,0,36197393,0,0.0,0.0,0.0,6511,12869,288.54,0,0,0,0,SUCCESS,0.0,2.0,,,,,,1.0,0.0,2742799.0,6869.0,,,used,,,,20260906-2111,False,results-2026-09/exp3/experiment3_scalability.csv,36239222.0,41829.0,results-2026-09/exp3/experiment3_scalability.csv,True
2026-09-06 21:26:00,Pre-HAUSPM,LEVIATHAN,1,5,0.003,0.2,0.15,14156241,5834,0,7116,7117,0,0,0,36239222,0,36197393,0,0.0,0.0,0.0,6511,12869,192.96,0,0,0,0,SUCCESS,0.0,2.0,,,,,,1.0,0.0,2742799.0,6869.0,,,used,,,,20260906-2111,False,results-2026-09/exp3/experiment3_scalability.csv,36239222.0,41829.0,results-2026-09/exp3/experiment3_scalability.csv,True
2026-09-06 21:26:13,Pre-HAUSPM,LEVIATHAN,1,6,0.003,0.2,0.15,14156241,5834,0,7076,7076,0,0,0,36239222,0,36197393,0,0.0,0.0,0.0,6511,12869,165.02,0,0,0,0,SUCCESS,0.0,2.0,,,,,,1.0,0.0,2742799.0,6869.0,,,used,,,,20260906-2111,False,results-2026-09/exp3/experiment3_scalability.csv,36239222.0,41829.0,results-2026-09/exp3/experiment3_scalability.csv,True
2026-09-06 21:26:26,Pre-HAUSPM,LEVIATHAN,1,7,0.003,0.2,0.15,14156241,5834,0,7078,7079,0,0,0,36239222,0,36197393,0,0.0,0.0,0.0,6511,12869,192.74,0,0,0,0,SUCCESS,0.0,2.0,,,,,,1.0,0.0,2742799.0,6869.0,,,used,,,,20260906-2111,False,results-2026-09/exp3/experiment3_scalability.csv,36239222.0,41829.0,results-2026-09/exp3/experiment3_scalability.csv,True
2026-09-06 21:26:39,Pre-HAUSPM,LEVIATHAN,1,8,0.003,0.2,0.15,14156241,5834,0,7074,7074,0,0,0,36239222,0,36197393,0,0.0,0.0,0.0,6511,12869,192.78,0,0,0,0,SUCCESS,0.0,2.0,,,,,,1.0,0.0,2742799.0,6869.0,,,used,,,,20260906-2111,False,results-2026-09/exp3/experiment3_scalability.csv,36239222.0,41829.0,results-2026-09/exp3/experiment3_scalability.csv,True
2026-09-06 21:26:51,Pre-HAUSPM,LEVIATHAN,1,9,0.003,0.2,0.15,14156241,5834,0,7093,7094,0,0,0,36239222,0,36197393,0,0.0,0.0,0.0,6511,12869,212.06,0,0,0,0,SUCCESS,0.0,2.0,,,,,,1.0,0.0,2742799.0,6869.0,,,used,,,,20260906-2111,False,results-2026-09/exp3/experiment3_scalability.csv,36239222.0,41829.0,results-2026-09/exp3/experiment3_scalability.csv,True
2026-09-06 21:26:55,HAUSP-UB,LEVIATHAN,1,0,0.003,0.0,0.15,14156241,5834,17,1795,1813,0,48,10,5958464,8336,5929969,1777,0.0,0.366961,0.379732,6511,0,167.57,5958130,5957213,1568,9025,SUCCESS,26495.0,3.0,,0.0,6312032.0,33739184.0,21993088.0,,,,,336.0,559.0,used,,,,20260906-2111,False,results-2026-09/exp3/experiment3_scalability.csv,5958464.0,26495.0,results-2026-09/exp3/experiment3_scalability.csv,True
2026-09-06 21:26:58,HAUSP-UB,LEVIATHAN,1,1,0.003,0.0,0.15,14156241,5834,18,1782,1800,0,48,10,5958464,8336,5929969,1777,0.0,0.366961,0.379732,6511,0,213.06,5958130,5957213,1568,9025,SUCCESS,26495.0,3.0,,20989696.0,6312032.0,33739184.0,21993088.0,,,,,336.0,559.0,used,,,,20260906-2111,False,results-2026-09/exp3/experiment3_scalability.csv,5958464.0,26495.0,results-2026-09/exp3/experiment3_scalability.csv,True
2026-09-06 21:27:02,HAUSP-UB,LEVIATHAN,1,2,0.003,0.0,0.15,14156241,5834,18,1778,1796,0,48,10,5958464,8336,5929969,1777,0.0,0.366961,0.379732,6511,0,163.55,5958130,5957213,1568,9025,SUCCESS,26495.0,3.0,,0.0,6312032.0,33739184.0,21993088.0,,,,,336.0,559.0,used,,,,20260906-2111,False,results-2026-09/exp3/experiment3_scalability.csv,5958464.0,26495.0,results-2026-09/exp3/experiment3_scalability.csv,True
2026-09-06 21:27:05,HAUSP-UB,LEVIATHAN,1,3,0.003,0.0,0.15,14156241,5834,18,1785,1804,0,48,10,5958464,8336,5929969,1777,0.0,0.366961,0.379732,6511,0,203.08,5958130,5957213,1568,9025,SUCCESS,26495.0,3.0,,20481792.0,6312032.0,33739184.0,21993088.0,,,,,336.0,559.0,used,,,,20260906-2111,False,results-2026-09/exp3/experiment3_scalability.csv,5958464.0,26495.0,results-2026-09/exp3/experiment3_scalability.csv,True
2026-09-06 21:27:09,HAUSP-UB,LEVIATHAN,1,4,0.003,0.0,0.15,14156241,5834,18,1784,1803,0,48,10,5958464,8336,5929969,1777,0.0,0.366961,0.379732,6511,0,166.98,5958130,5957213,1568,9025,SUCCESS,26495.0,3.0,,20989696.0,6312032.0,33739184.0,21993088.0,,,,,336.0,559.0,used,,,,20260906-2111,False,results-2026-09/exp3/experiment3_scalability.csv,5958464.0,26495.0,results-2026-09/exp3/experiment3_scalability.csv,True
2026-09-06 21:27:12,HAUSP-UB,LEVIATHAN,1,5,0.003,0.0,0.15,14156241,5834,18,1773,1792,0,48,10,5958464,8336,5929969,1777,0.0,0.366961,0.379732,6511,0,164.06,5958130,5957213,1568,9025,SUCCESS,26495.0,3.0,,0.0,6312032.0,33739184.0,21993088.0,,,,,336.0,559.0,used,,,,20260906-2111,False,results-2026-09/exp3/experiment3_scalability.csv,5958464.0,26495.0,results-2026-09/exp3/experiment3_scalability.csv,True
2026-09-06 21:27:16,HAUSP-UB,LEVIATHAN,1,6,0.003,0.0,0.15,14156241,5834,18,1777,1796,0,48,10,5958464,8336,5929969,1777,0.0,0.366961,0.379732,6511,0,208.26,5958130,5957213,1568,9025,SUCCESS,26495.0,3.0,,20989696.0,6312032.0,33739184.0,21993088.0,,,,,336.0,559.0,used,,,,20260906-2111,False,results-2026-09/exp3/experiment3_scalability.csv,5958464.0,26495.0,results-2026-09/exp3/experiment3_scalability.csv,True
2026-09-06 21:27:19,HAUSP-UB,LEVIATHAN,1,7,0.003,0.0,0.15,14156241,5834,17,1785,1803,0,50,10,5958464,8336,5929969,1777,0.0,0.366961,0.379732,6511,0,170.29,5958130,5957213,1568,9025,SUCCESS,26495.0,3.0,,0.0,6312032.0,33739184.0,21993088.0,,,,,336.0,559.0,used,,,,20260906-2111,False,results-2026-09/exp3/experiment3_scalability.csv,5958464.0,26495.0,results-2026-09/exp3/experiment3_scalability.csv,True
2026-09-06 21:27:23,HAUSP-UB,LEVIATHAN,1,8,0.003,0.0,0.15,14156241,5834,17,1797,1815,0,48,10,5958464,8336,5929969,1777,0.0,0.366961,0.379732,6511,0,203.24,5958130,5957213,1568,9025,SUCCESS,26495.0,3.0,,20481792.0,6312032.0,33739184.0,21993088.0,,,,,336.0,559.0,used,,,,20260906-2111,False,results-2026-09/exp3/experiment3_scalability.csv,5958464.0,26495.0,results-2026-09/exp3/experiment3_scalability.csv,True
2026-09-06 21:27:26,HAUSP-UB,LEVIATHAN,1,9,0.003,0.0,0.15,14156241,5834,17,1785,1803,0,48,10,5958464,8336,5929969,1777,0.0,0.366961,0.379732,6511,0,169.87,5958130,5957213,1568,9025,SUCCESS,26495.0,3.0,,0.0,6312032.0,33739184.0,21993088.0,,,,,336.0,559.0,used,,,,20260906-2111,False,results-2026-09/exp3/experiment3_scalability.csv,5958464.0,26495.0,results-2026-09/exp3/experiment3_scalability.csv,True
2026-09-06 21:27:32,EHAUSM-R,LEVIATHAN,1,0,0.003,0.0,0.2,14156241,5834,18,4966,4984,0,0,0,6599011,7777,6572852,0,0.439127,0.0,0.0,6511,0,125.25,0,0,0,0,SUCCESS,0.0,0.0,,,,,,,,,,,,used,,,,20260906-2111,False,results-2026-09/exp3/experiment3_scalability.csv,6599011.0,26159.0,results-2026-09/exp3/experiment3_scalability.csv,True
2026-09-06 21:27:37,EHAUSM-R,LEVIATHAN,1,1,0.003,0.0,0.2,14156241,5834,18,4966,4985,0,0,0,6599011,7777,6572852,0,0.439127,0.0,0.0,6511,0,158.81,0,0,0,0,SUCCESS,0.0,0.0,,,,,,,,,,,,used,,,,20260906-2111,False,results-2026-09/exp3/experiment3_scalability.csv,6599011.0,26159.0,results-2026-09/exp3/experiment3_scalability.csv,True
2026-09-06 21:27:42,EHAUSM-R,LEVIATHAN,1,2,0.003,0.0,0.2,14156241,5834,18,4975,4994,0,0,0,6599011,7777,6572852,0,0.439127,0.0,0.0,6511,0,158.67,0,0,0,0,SUCCESS,0.0,0.0,,,,,,,,,,,,used,,,,20260906-2111,False,results-2026-09/exp3/experiment3_scalability.csv,6599011.0,26159.0,results-2026-09/exp3/experiment3_scalability.csv,True
2026-09-06 21:27:47,EHAUSM-R,LEVIATHAN,1,3,0.003,0.0,0.2,14156241,5834,17,4963,4981,0,0,0,6599011,7777,6572852,0,0.439127,0.0,0.0,6511,0,46.54,0,0,0,0,SUCCESS,0.0,0.0,,,,,,,,,,,,used,,,,20260906-2111,False,results-2026-09/exp3/experiment3_scalability.csv,6599011.0,26159.0,results-2026-09/exp3/experiment3_scalability.csv,True
2026-09-06 21:27:52,EHAUSM-R,LEVIATHAN,1,4,0.003,0.0,0.2,14156241,5834,18,4971,4989,0,0,0,6599011,7777,6572852,0,0.439127,0.0,0.0,6511,0,143.05,0,0,0,0,SUCCESS,0.0,0.0,,,,,,,,,,,,used,,,,20260906-2111,False,results-2026-09/exp3/experiment3_scalability.csv,6599011.0,26159.0,results-2026-09/exp3/experiment3_scalability.csv,True
2026-09-06 21:27:58,EHAUSM-R,LEVIATHAN,1,5,0.003,0.0,0.2,14156241,5834,18,4954,4973,0,0,0,6599011,7777,6572852,0,0.439127,0.0,0.0,6511,0,223.25,0,0,0,0,SUCCESS,0.0,0.0,,,,,,,,,,,,used,,,,20260906-2111,False,results-2026-09/exp3/experiment3_scalability.csv,6599011.0,26159.0,results-2026-09/exp3/experiment3_scalability.csv,True
2026-09-06 21:28:03,EHAUSM-R,LEVIATHAN,1,6,0.003,0.0,0.2,14156241,5834,18,4980,4998,0,0,0,6599011,7777,6572852,0,0.439127,0.0,0.0,6511,0,110.86,0,0,0,0,SUCCESS,0.0,0.0,,,,,,,,,,,,used,,,,20260906-2111,False,results-2026-09/exp3/experiment3_scalability.csv,6599011.0,26159.0,results-2026-09/exp3/experiment3_scalability.csv,True
2026-09-06 21:28:08,EHAUSM-R,LEVIATHAN,1,7,0.003,0.0,0.2,14156241,5834,17,4958,4976,0,0,0,6599011,7777,6572852,0,0.439127,0.0,0.0,6511,0,223.43,0,0,0,0,SUCCESS,0.0,0.0,,,,,,,,,,,,used,,,,20260906-2111,False,results-2026-09/exp3/experiment3_scalability.csv,6599011.0,26159.0,results-2026-09/exp3/experiment3_scalability.csv,True
2026-09-06 21:28:13,EHAUSM-R,LEVIATHAN,1,8,0.003,0.0,0.2,14156241,5834,18,4959,4977,0,0,0,6599011,7777,6572852,0,0.439127,0.0,0.0,6511,0,110.74,0,0,0,0,SUCCESS,0.0,0.0,,,,,,,,,,,,used,,,,20260906-2111,False,results-2026-09/exp3/experiment3_scalability.csv,6599011.0,26159.0,results-2026-09/exp3/experiment3_scalability.csv,True
2026-09-06 21:28:18,EHAUSM-R,LEVIATHAN,1,9,0.003,0.0,0.2,14156241,5834,18,4963,4981,0,0,0,6599011,7777,6572852,0,0.439127,0.0,0.0,6511,0,223.28,0,0,0,0,SUCCESS,0.0,0.0,,,,,,,,,,,,used,,,,20260906-2111,False,results-2026-09/exp3/experiment3_scalability.csv,6599011.0,26159.0,results-2026-09/exp3/experiment3_scalability.csv,True
2026-09-06 21:28:29,EHAUSM-I,LEVIATHAN,1,0,0.003,0.0,0.2,14156241,5834,4,5423,5428,0,0,0,3689991,7777,3663832,0,0.510413,0.0,0.0,6511,0,782.42,0,0,0,0,SUCCESS,0.0,1.0,,,,,,,,,,,,used,,,,20260906-2111,False,results-2026-09/exp3/experiment3_scalability.csv,3689991.0,26159.0,results-2026-09/exp3/experiment3_scalability.csv,True
2026-09-06 21:28:39,EHAUSM-I,LEVIATHAN,1,1,0.003,0.0,0.2,14156241,5834,3,5395,5399,0,0,0,3689991,7777,3663832,0,0.510413,0.0,0.0,6511,0,936.99,0,0,0,0,SUCCESS,0.0,1.0,,,,,,,,,,,,used,,,,20260906-2111,False,results-2026-09/exp3/experiment3_scalability.csv,3689991.0,26159.0,results-2026-09/exp3/experiment3_scalability.csv,True
2026-09-06 21:28:49,EHAUSM-I,LEVIATHAN,1,2,0.003,0.0,0.2,14156241,5834,3,5398,5402,0,0,0,3689991,7777,3663832,0,0.510413,0.0,0.0,6511,0,630.88,0,0,0,0,SUCCESS,0.0,1.0,,,,,,,,,,,,used,,,,20260906-2111,False,results-2026-09/exp3/experiment3_scalability.csv,3689991.0,26159.0,results-2026-09/exp3/experiment3_scalability.csv,True
2026-09-06 21:29:00,EHAUSM-I,LEVIATHAN,1,3,0.003,0.0,0.2,14156241,5834,4,5398,5402,0,0,0,3689991,7777,3663832,0,0.510413,0.0,0.0,6511,0,1058.58,0,0,0,0,SUCCESS,0.0,1.0,,,,,,,,,,,,used,,,,20260906-2111,False,results-2026-09/exp3/experiment3_scalability.csv,3689991.0,26159.0,results-2026-09/exp3/experiment3_scalability.csv,True
2026-09-06 21:29:10,EHAUSM-I,LEVIATHAN,1,4,0.003,0.0,0.2,14156241,5834,3,5397,5401,0,0,0,3689991,7777,3663832,0,0.510413,0.0,0.0,6511,0,664.68,0,0,0,0,SUCCESS,0.0,1.0,,,,,,,,,,,,used,,,,20260906-2111,False,results-2026-09/exp3/experiment3_scalability.csv,3689991.0,26159.0,results-2026-09/exp3/experiment3_scalability.csv,True
2026-09-06 21:29:21,EHAUSM-I,LEVIATHAN,1,5,0.003,0.0,0.2,14156241,5834,3,5405,5408,0,0,0,3689991,7777,3663832,0,0.510413,0.0,0.0,6511,0,658.49,0,0,0,0,SUCCESS,0.0,1.0,,,,,,,,,,,,used,,,,20260906-2111,False,results-2026-09/exp3/experiment3_scalability.csv,3689991.0,26159.0,results-2026-09/exp3/experiment3_scalability.csv,True
2026-09-06 21:29:31,EHAUSM-I,LEVIATHAN,1,6,0.003,0.0,0.2,14156241,5834,4,5423,5428,0,0,0,3689991,7777,3663832,0,0.510413,0.0,0.0,6511,0,856.04,0,0,0,0,SUCCESS,0.0,1.0,,,,,,,,,,,,used,,,,20260906-2111,False,results-2026-09/exp3/experiment3_scalability.csv,3689991.0,26159.0,results-2026-09/exp3/experiment3_scalability.csv,True
2026-09-06 21:29:41,EHAUSM-I,LEVIATHAN,1,7,0.003,0.0,0.2,14156241,5834,3,5399,5403,0,0,0,3689991,7777,3663832,0,0.510413,0.0,0.0,6511,0,933.84,0,0,0,0,SUCCESS,0.0,1.0,,,,,,,,,,,,used,,,,20260906-2111,False,results-2026-09/exp3/experiment3_scalability.csv,3689991.0,26159.0,results-2026-09/exp3/experiment3_scalability.csv,True
2026-09-06 21:29:52,EHAUSM-I,LEVIATHAN,1,8,0.003,0.0,0.2,14156241,5834,4,5427,5431,0,0,0,3689991,7777,3663832,0,0.510413,0.0,0.0,6511,0,1093.94,0,0,0,0,SUCCESS,0.0,1.0,,,,,,,,,,,,used,,,,20260906-2111,False,results-2026-09/exp3/experiment3_scalability.csv,3689991.0,26159.0,results-2026-09/exp3/experiment3_scalability.csv,True
2026-09-06 21:30:02,EHAUSM-I,LEVIATHAN,1,9,0.003,0.0,0.2,14156241,5834,3,5395,5399,0,0,0,3689991,7777,3663832,0,0.510413,0.0,0.0,6511,0,927.48,0,0,0,0,SUCCESS,0.0,1.0,,,,,,,,,,,,used,,,,20260906-2111,False,results-2026-09/exp3/experiment3_scalability.csv,3689991.0,26159.0,results-2026-09/exp3/experiment3_scalability.csv,True
2026-09-06 21:30:15,Pre-HAUSPM,LEVIATHAN,1,0,0.003,0.2,0.2,14156241,5834,0,7045,7045,0,0,0,36239222,0,36197393,0,0.0,0.0,0.0,6511,12869,147.42,0,0,0,0,SUCCESS,0.0,2.0,,,,,,1.0,0.0,2742799.0,6869.0,,,used,,,,20260906-2111,False,results-2026-09/exp3/experiment3_scalability.csv,36239222.0,41829.0,results-2026-09/exp3/experiment3_scalability.csv,True
2026-09-06 21:30:28,Pre-HAUSPM,LEVIATHAN,1,1,0.003,0.2,0.2,14156241,5834,0,7053,7054,0,0,0,36239222,0,36197393,0,0.0,0.0,0.0,6511,12869,257.05,0,0,0,0,SUCCESS,0.0,2.0,,,,,,1.0,0.0,2742799.0,6869.0,,,used,,,,20260906-2111,False,results-2026-09/exp3/experiment3_scalability.csv,36239222.0,41829.0,results-2026-09/exp3/experiment3_scalability.csv,True
2026-09-06 21:30:41,Pre-HAUSPM,LEVIATHAN,1,2,0.003,0.2,0.2,14156241,5834,0,7048,7048,0,0,0,36239222,0,36197393,0,0.0,0.0,0.0,6511,12869,164.68,0,0,0,0,SUCCESS,0.0,2.0,,,,,,1.0,0.0,2742799.0,6869.0,,,used,,,,20260906-2111,False,results-2026-09/exp3/experiment3_scalability.csv,36239222.0,41829.0,results-2026-09/exp3/experiment3_scalability.csv,True
2026-09-06 21:30:54,Pre-HAUSPM,LEVIATHAN,1,3,0.003,0.2,0.2,14156241,5834,0,7064,7064,0,0,0,36239222,0,36197393,0,0.0,0.0,0.0,6511,12869,353.63,0,0,0,0,SUCCESS,0.0,2.0,,,,,,1.0,0.0,2742799.0,6869.0,,,used,,,,20260906-2111,False,results-2026-09/exp3/experiment3_scalability.csv,36239222.0,41829.0,results-2026-09/exp3/experiment3_scalability.csv,True
2026-09-06 21:31:06,Pre-HAUSPM,LEVIATHAN,1,4,0.003,0.2,0.2,14156241,5834,0,7070,7070,0,0,0,36239222,0,36197393,0,0.0,0.0,0.0,6511,12869,256.56,0,0,0,0,SUCCESS,0.0,2.0,,,,,,1.0,0.0,2742799.0,6869.0,,,used,,,,20260906-2111,False,results-2026-09/exp3/experiment3_scalability.csv,36239222.0,41829.0,results-2026-09/exp3/experiment3_scalability.csv,True
2026-09-06 21:31:19,Pre-HAUSPM,LEVIATHAN,1,5,0.003,0.2,0.2,14156241,5834,0,7061,7061,0,0,0,36239222,0,36197393,0,0.0,0.0,0.0,6511,12869,288.87,0,0,0,0,SUCCESS,0.0,2.0,,,,,,1.0,0.0,2742799.0,6869.0,,,used,,,,20260906-2111,False,results-2026-09/exp3/experiment3_scalability.csv,36239222.0,41829.0,results-2026-09/exp3/experiment3_scalability.csv,True
2026-09-06 21:31:32,Pre-HAUSPM,LEVIATHAN,1,6,0.003,0.2,0.2,14156241,5834,0,7058,7059,0,0,0,36239222,0,36197393,0,0.0,0.0,0.0,6511,12869,212.04,0,0,0,0,SUCCESS,0.0,2.0,,,,,,1.0,0.0,2742799.0,6869.0,,,used,,,,20260906-2111,False,results-2026-09/exp3/experiment3_scalability.csv,36239222.0,41829.0,results-2026-09/exp3/experiment3_scalability.csv,True
2026-09-06 21:31:45,Pre-HAUSPM,LEVIATHAN,1,7,0.003,0.2,0.2,14156241,5834,0,7055,7056,0,0,0,36239222,0,36197393,0,0.0,0.0,0.0,6511,12869,83.29,0,0,0,0,SUCCESS,0.0,2.0,,,,,,1.0,0.0,2742799.0,6869.0,,,used,,,,20260906-2111,False,results-2026-09/exp3/experiment3_scalability.csv,36239222.0,41829.0,results-2026-09/exp3/experiment3_scalability.csv,True
2026-09-06 21:31:58,Pre-HAUSPM,LEVIATHAN,1,8,0.003,0.2,0.2,14156241,5834,0,7059,7059,0,0,0,36239222,0,36197393,0,0.0,0.0,0.0,6511,12869,337.79,0,0,0,0,SUCCESS,0.0,2.0,,,,,,1.0,0.0,2742799.0,6869.0,,,used,,,,20260906-2111,False,results-2026-09/exp3/experiment3_scalability.csv,36239222.0,41829.0,results-2026-09/exp3/experiment3_scalability.csv,True
2026-09-06 21:32:11,Pre-HAUSPM,LEVIATHAN,1,9,0.003,0.2,0.2,14156241,5834,0,7058,7058,0,0,0,36239222,0,36197393,0,0.0,0.0,0.0,6511,12869,114.02,0,0,0,0,SUCCESS,0.0,2.0,,,,,,1.0,0.0,2742799.0,6869.0,,,used,,,,20260906-2111,False,results-2026-09/exp3/experiment3_scalability.csv,36239222.0,41829.0,results-2026-09/exp3/experiment3_scalability.csv,True
2026-09-06 21:32:14,HAUSP-UB,LEVIATHAN,1,0,0.003,0.0,0.2,14156241,5834,18,1746,1765,0,49,10,5958464,8336,5929969,1777,0.0,0.366961,0.379732,6511,0,168.47,5958130,5957213,1568,9025,SUCCESS,26495.0,3.0,,0.0,6312032.0,33739184.0,21993088.0,,,,,336.0,559.0,used,,,,20260906-2111,False,results-2026-09/exp3/experiment3_scalability.csv,5958464.0,26495.0,results-2026-09/exp3/experiment3_scalability.csv,True
2026-09-06 21:32:18,HAUSP-UB,LEVIATHAN,1,1,0.003,0.0,0.2,14156241,5834,18,1735,1754,0,49,10,5958464,8336,5929969,1777,0.0,0.366961,0.379732,6511,0,209.67,5958130,5957213,1568,9025,SUCCESS,26495.0,3.0,,20989696.0,6312032.0,33739184.0,21993088.0,,,,,336.0,559.0,used,,,,20260906-2111,False,results-2026-09/exp3/experiment3_scalability.csv,5958464.0,26495.0,results-2026-09/exp3/experiment3_scalability.csv,True
2026-09-06 21:32:21,HAUSP-UB,LEVIATHAN,1,2,0.003,0.0,0.2,14156241,5834,18,1743,1761,0,49,10,5958464,8336,5929969,1777,0.0,0.366961,0.379732,6511,0,166.33,5958130,5957213,1568,9025,SUCCESS,26495.0,3.0,,20989696.0,6312032.0,33739184.0,21993088.0,,,,,336.0,559.0,used,,,,20260906-2111,False,results-2026-09/exp3/experiment3_scalability.csv,5958464.0,26495.0,results-2026-09/exp3/experiment3_scalability.csv,True
2026-09-06 21:32:25,HAUSP-UB,LEVIATHAN,1,3,0.003,0.0,0.2,14156241,5834,18,1737,1756,0,49,10,5958464,8336,5929969,1777,0.0,0.366961,0.379732,6511,0,163.44,5958130,5957213,1568,9025,SUCCESS,26495.0,3.0,,0.0,6312032.0,33739184.0,21993088.0,,,,,336.0,559.0,used,,,,20260906-2111,False,results-2026-09/exp3/experiment3_scalability.csv,5958464.0,26495.0,results-2026-09/exp3/experiment3_scalability.csv,True
2026-09-06 21:32:28,HAUSP-UB,LEVIATHAN,1,4,0.003,0.0,0.2,14156241,5834,18,1736,1754,0,49,10,5958464,8336,5929969,1777,0.0,0.366961,0.379732,6511,0,209.27,5958130,5957213,1568,9025,SUCCESS,26495.0,3.0,,20989696.0,6312032.0,33739184.0,21993088.0,,,,,336.0,559.0,used,,,,20260906-2111,False,results-2026-09/exp3/experiment3_scalability.csv,5958464.0,26495.0,results-2026-09/exp3/experiment3_scalability.csv,True
2026-09-06 21:32:31,HAUSP-UB,LEVIATHAN,1,5,0.003,0.0,0.2,14156241,5834,18,1743,1761,0,49,10,5958464,8336,5929969,1777,0.0,0.366961,0.379732,6511,0,165.41,5958130,5957213,1568,9025,SUCCESS,26495.0,3.0,,20989696.0,6312032.0,33739184.0,21993088.0,,,,,336.0,559.0,used,,,,20260906-2111,False,results-2026-09/exp3/experiment3_scalability.csv,5958464.0,26495.0,results-2026-09/exp3/experiment3_scalability.csv,True
2026-09-06 21:32:35,HAUSP-UB,LEVIATHAN,1,6,0.003,0.0,0.2,14156241,5834,18,1743,1761,0,49,10,5958464,8336,5929969,1777,0.0,0.366961,0.379732,6511,0,163.75,5958130,5957213,1568,9025,SUCCESS,26495.0,3.0,,0.0,6312032.0,33739184.0,21993088.0,,,,,336.0,559.0,used,,,,20260906-2111,False,results-2026-09/exp3/experiment3_scalability.csv,5958464.0,26495.0,results-2026-09/exp3/experiment3_scalability.csv,True
2026-09-06 21:32:38,HAUSP-UB,LEVIATHAN,1,7,0.003,0.0,0.2,14156241,5834,17,1735,1753,0,49,10,5958464,8336,5929969,1777,0.0,0.366961,0.379732,6511,0,201.64,5958130,5957213,1568,9025,SUCCESS,26495.0,3.0,,20481792.0,6312032.0,33739184.0,21993088.0,,,,,336.0,559.0,used,,,,20260906-2111,False,results-2026-09/exp3/experiment3_scalability.csv,5958464.0,26495.0,results-2026-09/exp3/experiment3_scalability.csv,True
2026-09-06 21:32:42,HAUSP-UB,LEVIATHAN,1,8,0.003,0.0,0.2,14156241,5834,18,1757,1775,0,49,10,5958464,8336,5929969,1777,0.0,0.366961,0.379732,6511,0,164.87,5958130,5957213,1568,9025,SUCCESS,26495.0,3.0,,20989696.0,6312032.0,33739184.0,21993088.0,,,,,336.0,559.0,used,,,,20260906-2111,False,results-2026-09/exp3/experiment3_scalability.csv,5958464.0,26495.0,results-2026-09/exp3/experiment3_scalability.csv,True
2026-09-06 21:32:45,HAUSP-UB,LEVIATHAN,1,9,0.003,0.0,0.2,14156241,5834,17,1734,1752,0,49,10,5958464,8336,5929969,1777,0.0,0.366961,0.379732,6511,0,163.99,5958130,5957213,1568,9025,SUCCESS,26495.0,3.0,,0.0,6312032.0,33739184.0,21993088.0,,,,,336.0,559.0,used,,,,20260906-2111,False,results-2026-09/exp3/experiment3_scalability.csv,5958464.0,26495.0,results-2026-09/exp3/experiment3_scalability.csv,True
2026-09-06 21:32:47,EHAUSM-R,C8T1S5I8N5K,1,0,0.0002,0.0,0.05,47416411,47133,247,1355,1603,0,0,0,3020056,30941,2941503,0,0.29758,0.0,0.0,2623,0,677.77,0,0,0,0,SUCCESS,0.0,0.0,,,,,,,,,,,,used,,,,20260906-2111,False,results-2026-09/exp3/experiment3_scalability.csv,3020056.0,78553.0,results-2026-09/exp3/experiment3_scalability.csv,True
2026-09-06 21:32:49,EHAUSM-R,C8T1S5I8N5K,1,1,0.0002,0.0,0.05,47416411,47133,90,1223,1314,0,0,0,3020056,30941,2941503,0,0.29758,0.0,0.0,2623,0,644.21,0,0,0,0,SUCCESS,0.0,0.0,,,,,,,,,,,,used,,,,20260906-2111,False,results-2026-09/exp3/experiment3_scalability.csv,3020056.0,78553.0,results-2026-09/exp3/experiment3_scalability.csv,True
2026-09-06 21:32:50,EHAUSM-R,C8T1S5I8N5K,1,2,0.0002,0.0,0.05,47416411,47133,90,1227,1318,0,0,0,3020056,30941,2941503,0,0.29758,0.0,0.0,2623,0,209.12,0,0,0,0,SUCCESS,0.0,0.0,,,,,,,,,,,,used,,,,20260906-2111,False,results-2026-09/exp3/experiment3_scalability.csv,3020056.0,78553.0,results-2026-09/exp3/experiment3_scalability.csv,True
2026-09-06 21:32:52,EHAUSM-R,C8T1S5I8N5K,1,3,0.0002,0.0,0.05,47416411,47133,93,1226,1320,0,0,0,3020056,30941,2941503,0,0.29758,0.0,0.0,2623,0,207.57,0,0,0,0,SUCCESS,0.0,0.0,,,,,,,,,,,,used,,,,20260906-2111,False,results-2026-09/exp3/experiment3_scalability.csv,3020056.0,78553.0,results-2026-09/exp3/experiment3_scalability.csv,True
2026-09-06 21:32:53,EHAUSM-R,C8T1S5I8N5K,1,4,0.0002,0.0,0.05,47416411,47133,92,1224,1317,0,0,0,3020056,30941,2941503,0,0.29758,0.0,0.0,2623,0,191.13,0,0,0,0,SUCCESS,0.0,0.0,,,,,,,,,,,,used,,,,20260906-2111,False,results-2026-09/exp3/experiment3_scalability.csv,3020056.0,78553.0,results-2026-09/exp3/experiment3_scalability.csv,True
2026-09-06 21:32:55,EHAUSM-R,C8T1S5I8N5K,1,5,0.0002,0.0,0.05,47416411,47133,92,1225,1318,0,0,0,3020056,30941,2941503,0,0.29758,0.0,0.0,2623,0,191.79,0,0,0,0,SUCCESS,0.0,0.0,,,,,,,,,,,,used,,,,20260906-2111,False,results-2026-09/exp3/experiment3_scalability.csv,3020056.0,78553.0,results-2026-09/exp3/experiment3_scalability.csv,True
2026-09-06 21:32:56,EHAUSM-R,C8T1S5I8N5K,1,6,0.0002,0.0,0.05,47416411,47133,93,1223,1317,0,0,0,3020056,30941,2941503,0,0.29758,0.0,0.0,2623,0,193.66,0,0,0,0,SUCCESS,0.0,0.0,,,,,,,,,,,,used,,,,20260906-2111,False,results-2026-09/exp3/experiment3_scalability.csv,3020056.0,78553.0,results-2026-09/exp3/experiment3_scalability.csv,True
2026-09-06 21:32:58,EHAUSM-R,C8T1S5I8N5K,1,7,0.0002,0.0,0.05,47416411,47133,93,1225,1319,0,0,0,3020056,30941,2941503,0,0.29758,0.0,0.0,2623,0,192.79,0,0,0,0,SUCCESS,0.0,0.0,,,,,,,,,,,,used,,,,20260906-2111,False,results-2026-09/exp3/experiment3_scalability.csv,3020056.0,78553.0,results-2026-09/exp3/experiment3_scalability.csv,True
2026-09-06 21:32:59,EHAUSM-R,C8T1S5I8N5K,1,8,0.0002,0.0,0.05,47416411,47133,93,1222,1316,0,0,0,3020056,30941,2941503,0,0.29758,0.0,0.0,2623,0,191.18,0,0,0,0,SUCCESS,0.0,0.0,,,,,,,,,,,,used,,,,20260906-2111,False,results-2026-09/exp3/experiment3_scalability.csv,3020056.0,78553.0,results-2026-09/exp3/experiment3_scalability.csv,True
2026-09-06 21:33:01,EHAUSM-R,C8T1S5I8N5K,1,9,0.0002,0.0,0.05,47416411,47133,92,1224,1317,0,0,0,3020056,30941,2941503,0,0.29758,0.0,0.0,2623,0,191.86,0,0,0,0,SUCCESS,0.0,0.0,,,,,,,,,,,,used,,,,20260906-2111,False,results-2026-09/exp3/experiment3_scalability.csv,3020056.0,78553.0,results-2026-09/exp3/experiment3_scalability.csv,True
2026-09-06 21:33:04,EHAUSM-I,C8T1S5I8N5K,1,0,0.0002,0.0,0.05,47416411,47133,41,1361,1402,0,0,0,2031329,30941,1952776,0,0.43251,0.0,0.0,2623,0,997.35,0,0,0,0,SUCCESS,0.0,1.0,,,,,,,,,,,,used,,,,20260906-2111,False,results-2026-09/exp3/experiment3_scalability.csv,2031329.0,78553.0,results-2026-09/exp3/experiment3_scalability.csv,True
2026-09-06 21:33:07,EHAUSM-I,C8T1S5I8N5K,1,1,0.0002,0.0,0.05,47416411,47133,40,1268,1308,0,0,0,2031329,30941,1952776,0,0.43251,0.0,0.0,2623,0,1008.22,0,0,0,0,SUCCESS,0.0,1.0,,,,,,,,,,,,used,,,,20260906-2111,False,results-2026-09/exp3/experiment3_scalability.csv,2031329.0,78553.0,results-2026-09/exp3/experiment3_scalability.csv,True
2026-09-06 21:33:10,EHAUSM-I,C8T1S5I8N5K,1,2,0.0002,0.0,0.05,47416411,47133,40,1266,1306,0,0,0,2031329,30941,1952776,0,0.43251,0.0,0.0,2623,0,1004.05,0,0,0,0,SUCCESS,0.0,1.0,,,,,,,,,,,,used,,,,20260906-2111,False,results-2026-09/exp3/experiment3_scalability.csv,2031329.0,78553.0,results-2026-09/exp3/experiment3_scalability.csv,True
2026-09-06 21:33:13,EHAUSM-I,C8T1S5I8N5K,1,3,0.0002,0.0,0.05,47416411,47133,39,1268,1308,0,0,0,2031329,30941,1952776,0,0.43251,0.0,0.0,2623,0,1001.02,0,0,0,0,SUCCESS,0.0,1.0,,,,,,,,,,,,used,,,,20260906-2111,False,results-2026-09/exp3/experiment3_scalability.csv,2031329.0,78553.0,results-2026-09/exp3/experiment3_scalability.csv,True
2026-09-06 21:33:15,EHAUSM-I,C8T1S5I8N5K,1,4,0.0002,0.0,0.05,47416411,47133,40,1269,1310,0,0,0,2031329,30941,1952776,0,0.43251,0.0,0.0,2623,0,1001.49,0,0,0,0,SUCCESS,0.0,1.0,,,,,,,,,,,,used,,,,20260906-2111,False,results-2026-09/exp3/experiment3_scalability.csv,2031329.0,78553.0,results-2026-09/exp3/experiment3_scalability.csv,True
2026-09-06 21:33:18,EHAUSM-I,C8T1S5I8N5K,1,5,0.0002,0.0,0.05,47416411,47133,40,1269,1310,0,0,0,2031329,30941,1952776,0,0.43251,0.0,0.0,2623,0,1020.04,0,0,0,0,SUCCESS,0.0,1.0,,,,,,,,,,,,used,,,,20260906-2111,False,results-2026-09/exp3/experiment3_scalability.csv,2031329.0,78553.0,results-2026-09/exp3/experiment3_scalability.csv,True
2026-09-06 21:33:21,EHAUSM-I,C8T1S5I8N5K,1,6,0.0002,0.0,0.05,47416411,47133,40,1267,1307,0,0,0,2031329,30941,1952776,0,0.43251,0.0,0.0,2623,0,1018.29,0,0,0,0,SUCCESS,0.0,1.0,,,,,,,,,,,,used,,,,20260906-2111,False,results-2026-09/exp3/experiment3_scalability.csv,2031329.0,78553.0,results-2026-09/exp3/experiment3_scalability.csv,True
2026-09-06 21:33:24,EHAUSM-I,C8T1S5I8N5K,1,7,0.0002,0.0,0.05,47416411,47133,40,1267,1308,0,0,0,2031329,30941,1952776,0,0.43251,0.0,0.0,2623,0,1016.91,0,0,0,0,SUCCESS,0.0,1.0,,,,,,,,,,,,used,,,,20260906-2111,False,results-2026-09/exp3/experiment3_scalability.csv,2031329.0,78553.0,results-2026-09/exp3/experiment3_scalability.csv,True
2026-09-06 21:33:27,EHAUSM-I,C8T1S5I8N5K,1,8,0.0002,0.0,0.05,47416411,47133,40,1266,1307,0,0,0,2031329,30941,1952776,0,0.43251,0.0,0.0,2623,0,1015.64,0,0,0,0,SUCCESS,0.0,1.0,,,,,,,,,,,,used,,,,20260906-2111,False,results-2026-09/exp3/experiment3_scalability.csv,2031329.0,78553.0,results-2026-09/exp3/experiment3_scalability.csv,True
2026-09-06 21:33:29,EHAUSM-I,C8T1S5I8N5K,1,9,0.0002,0.0,0.05,47416411,47133,40,1266,1306,0,0,0,2031329,30941,1952776,0,0.43251,0.0,0.0,2623,0,1009.71,0,0,0,0,SUCCESS,0.0,1.0,,,,,,,,,,,,used,,,,20260906-2111,False,results-2026-09/exp3/experiment3_scalability.csv,2031329.0,78553.0,results-2026-09/exp3/experiment3_scalability.csv,True
2026-09-06 21:33:35,Pre-HAUSPM,C8T1S5I8N5K,1,0,0.0002,0.2,0.05,47416411,47133,1,2980,2982,0,0,0,19323837,0,19169868,0,0.0,0.0,0.0,2623,51786,896.03,0,0,0,0,SUCCESS,0.0,2.0,,,,,,1.0,0.0,9398114.0,1521.0,,,used,,,,20260906-2111,False,results-2026-09/exp3/experiment3_scalability.csv,19323837.0,153969.0,results-2026-09/exp3/experiment3_scalability.csv,True
2026-09-06 21:33:41,Pre-HAUSPM,C8T1S5I8N5K,1,1,0.0002,0.2,0.05,47416411,47133,1,2979,2981,0,0,0,19323837,0,19169868,0,0.0,0.0,0.0,2623,51786,2181.08,0,0,0,0,SUCCESS,0.0,2.0,,,,,,1.0,0.0,9398114.0,1521.0,,,used,,,,20260906-2111,False,results-2026-09/exp3/experiment3_scalability.csv,19323837.0,153969.0,results-2026-09/exp3/experiment3_scalability.csv,True
2026-09-06 21:33:47,Pre-HAUSPM,C8T1S5I8N5K,1,2,0.0002,0.2,0.05,47416411,47133,1,2979,2981,0,0,0,19323837,0,19169868,0,0.0,0.0,0.0,2623,51786,922.91,0,0,0,0,SUCCESS,0.0,2.0,,,,,,1.0,0.0,9398114.0,1521.0,,,used,,,,20260906-2111,False,results-2026-09/exp3/experiment3_scalability.csv,19323837.0,153969.0,results-2026-09/exp3/experiment3_scalability.csv,True
2026-09-06 21:33:53,Pre-HAUSPM,C8T1S5I8N5K,1,3,0.0002,0.2,0.05,47416411,47133,1,2990,2992,0,0,0,19323837,0,19169868,0,0.0,0.0,0.0,2623,51786,382.07,0,0,0,0,SUCCESS,0.0,2.0,,,,,,1.0,0.0,9398114.0,1521.0,,,used,,,,20260906-2111,False,results-2026-09/exp3/experiment3_scalability.csv,19323837.0,153969.0,results-2026-09/exp3/experiment3_scalability.csv,True
2026-09-06 21:33:59,Pre-HAUSPM,C8T1S5I8N5K,1,4,0.0002,0.2,0.05,47416411,47133,1,2980,2982,0,0,0,19323837,0,19169868,0,0.0,0.0,0.0,2623,51786,2280.15,0,0,0,0,SUCCESS,0.0,2.0,,,,,,1.0,0.0,9398114.0,1521.0,,,used,,,,20260906-2111,False,results-2026-09/exp3/experiment3_scalability.csv,19323837.0,153969.0,results-2026-09/exp3/experiment3_scalability.csv,True
2026-09-06 21:34:05,Pre-HAUSPM,C8T1S5I8N5K,1,5,0.0002,0.2,0.05,47416411,47133,1,2976,2978,0,0,0,19323837,0,19169868,0,0.0,0.0,0.0,2623,51786,747.13,0,0,0,0,SUCCESS,0.0,2.0,,,,,,1.0,0.0,9398114.0,1521.0,,,used,,,,20260906-2111,False,results-2026-09/exp3/experiment3_scalability.csv,19323837.0,153969.0,results-2026-09/exp3/experiment3_scalability.csv,True
2026-09-06 21:34:12,Pre-HAUSPM,C8T1S5I8N5K,1,6,0.0002,0.2,0.05,47416411,47133,1,3084,3086,0,0,0,19323837,0,19169868,0,0.0,0.0,0.0,2623,51786,633.87,0,0,0,0,SUCCESS,0.0,2.0,,,,,,1.0,0.0,9398114.0,1521.0,,,used,,,,20260906-2111,False,results-2026-09/exp3/experiment3_scalability.csv,19323837.0,153969.0,results-2026-09/exp3/experiment3_scalability.csv,True
2026-09-06 21:34:18,Pre-HAUSPM,C8T1S5I8N5K,1,7,0.0002,0.2,0.05,47416411,47133,1,3084,3086,0,0,0,19323837,0,19169868,0,0.0,0.0,0.0,2623,51786,336.54,0,0,0,0,SUCCESS,0.0,2.0,,,,,,1.0,0.0,9398114.0,1521.0,,,used,,,,20260906-2111,False,results-2026-09/exp3/experiment3_scalability.csv,19323837.0,153969.0,results-2026-09/exp3/experiment3_scalability.csv,True
2026-09-06 21:34:24,Pre-HAUSPM,C8T1S5I8N5K,1,8,0.0002,0.2,0.05,47416411,47133,1,2978,2980,0,0,0,19323837,0,19169868,0,0.0,0.0,0.0,2623,51786,493.17,0,0,0,0,SUCCESS,0.0,2.0,,,,,,1.0,0.0,9398114.0,1521.0,,,used,,,,20260906-2111,False,results-2026-09/exp3/experiment3_scalability.csv,19323837.0,153969.0,results-2026-09/exp3/experiment3_scalability.csv,True
2026-09-06 21:34:30,Pre-HAUSPM,C8T1S5I8N5K,1,9,0.0002,0.2,0.05,47416411,47133,1,2980,2982,0,0,0,19323837,0,19169868,0,0.0,0.0,0.0,2623,51786,2485.85,0,0,0,0,SUCCESS,0.0,2.0,,,,,,1.0,0.0,9398114.0,1521.0,,,used,,,,20260906-2111,False,results-2026-09/exp3/experiment3_scalability.csv,19323837.0,153969.0,results-2026-09/exp3/experiment3_scalability.csv,True
2026-09-06 21:34:32,HAUSP-UB,C8T1S5I8N5K,1,0,0.0002,0.0,0.05,47416411,47133,69,881,951,4,43,35,1906734,46615,1799929,12578,0.0,0.208598,0.21984,2623,0,1018.96,1870891,1869456,2118,68240,SUCCESS,91130.0,3.0,,350464.0,22186560.0,155545888.0,21701248.0,,,,,12577.0,15674.0,used,,,,20260906-2111,False,results-2026-09/exp3/experiment3_scalability.csv,1906734.0,91130.0,results-2026-09/exp3/experiment3_scalability.csv,True
2026-09-06 21:34:34,HAUSP-UB,C8T1S5I8N5K,1,1,0.0002,0.0,0.05,47416411,47133,67,885,953,4,43,35,1906734,46615,1799929,12578,0.0,0.208598,0.21984,2623,0,921.92,1870891,1869456,2118,68240,SUCCESS,91130.0,3.0,,350464.0,22186560.0,155545888.0,21701248.0,,,,,12577.0,15674.0,used,,,,20260906-2111,False,results-2026-09/exp3/experiment3_scalability.csv,1906734.0,91130.0,results-2026-09/exp3/experiment3_scalability.csv,True
2026-09-06 21:34:36,HAUSP-UB,C8T1S5I8N5K,1,2,0.0002,0.0,0.05,47416411,47133,66,880,947,4,43,35,1906734,46615,1799929,12578,0.0,0.208598,0.21984,2623,0,1018.22,1870891,1869456,2118,68240,SUCCESS,91130.0,3.0,,350464.0,22186560.0,155545888.0,21701248.0,,,,,12577.0,15674.0,used,,,,20260906-2111,False,results-2026-09/exp3/experiment3_scalability.csv,1906734.0,91130.0,results-2026-09/exp3/experiment3_scalability.csv,True
2026-09-06 21:34:39,HAUSP-UB,C8T1S5I8N5K,1,3,0.0002,0.0,0.05,47416411,47133,67,890,957,4,43,35,1906734,46615,1799929,12578,0.0,0.208598,0.21984,2623,0,920.84,1870891,1869456,2118,68240,SUCCESS,91130.0,3.0,,350464.0,22186560.0,155545888.0,21701248.0,,,,,12577.0,15674.0,used,,,,20260906-2111,False,results-2026-09/exp3/experiment3_scalability.csv,1906734.0,91130.0,results-2026-09/exp3/experiment3_scalability.csv,True
2026-09-06 21:34:41,HAUSP-UB,C8T1S5I8N5K,1,4,0.0002,0.0,0.05,47416411,47133,67,909,976,4,43,35,1906734,46615,1799929,12578,0.0,0.208598,0.21984,2623,0,1018.62,1870891,1869456,2118,68240,SUCCESS,91130.0,3.0,,350464.0,22186560.0,155545888.0,21701248.0,,,,,12577.0,15674.0,used,,,,20260906-2111,False,results-2026-09/exp3/experiment3_scalability.csv,1906734.0,91130.0,results-2026-09/exp3/experiment3_scalability.csv,True
2026-09-06 21:34:43,HAUSP-UB,C8T1S5I8N5K,1,5,0.0002,0.0,0.05,47416411,47133,67,885,952,4,43,35,1906734,46615,1799929,12578,0.0,0.208598,0.21984,2623,0,920.97,1870891,1869456,2118,68240,SUCCESS,91130.0,3.0,,350464.0,22186560.0,155545888.0,21701248.0,,,,,12577.0,15674.0,used,,,,20260906-2111,False,results-2026-09/exp3/experiment3_scalability.csv,1906734.0,91130.0,results-2026-09/exp3/experiment3_scalability.csv,True
2026-09-06 21:34:45,HAUSP-UB,C8T1S5I8N5K,1,6,0.0002,0.0,0.05,47416411,47133,68,887,956,4,43,35,1906734,46615,1799929,12578,0.0,0.208598,0.21984,2623,0,1018.25,1870891,1869456,2118,68240,SUCCESS,91130.0,3.0,,350464.0,22186560.0,155545888.0,21701248.0,,,,,12577.0,15674.0,used,,,,20260906-2111,False,results-2026-09/exp3/experiment3_scalability.csv,1906734.0,91130.0,results-2026-09/exp3/experiment3_scalability.csv,True
2026-09-06 21:34:48,HAUSP-UB,C8T1S5I8N5K,1,7,0.0002,0.0,0.05,47416411,47133,67,889,956,4,43,35,1906734,46615,1799929,12578,0.0,0.208598,0.21984,2623,0,921.06,1870891,1869456,2118,68240,SUCCESS,91130.0,3.0,,350464.0,22186560.0,155545888.0,21701248.0,,,,,12577.0,15674.0,used,,,,20260906-2111,False,results-2026-09/exp3/experiment3_scalability.csv,1906734.0,91130.0,results-2026-09/exp3/experiment3_scalability.csv,True
2026-09-06 21:34:50,HAUSP-UB,C8T1S5I8N5K,1,8,0.0002,0.0,0.05,47416411,47133,68,897,966,4,43,35,1906734,46615,1799929,12578,0.0,0.208598,0.21984,2623,0,1018.47,1870891,1869456,2118,68240,SUCCESS,91130.0,3.0,,350464.0,22186560.0,155545888.0,21701248.0,,,,,12577.0,15674.0,used,,,,20260906-2111,False,results-2026-09/exp3/experiment3_scalability.csv,1906734.0,91130.0,results-2026-09/exp3/experiment3_scalability.csv,True
2026-09-06 21:34:52,HAUSP-UB,C8T1S5I8N5K,1,9,0.0002,0.0,0.05,47416411,47133,67,910,977,4,43,35,1906734,46615,1799929,12578,0.0,0.208598,0.21984,2623,0,1021.21,1870891,1869456,2118,68240,SUCCESS,91130.0,3.0,,350464.0,22186560.0,155545888.0,21701248.0,,,,,12577.0,15674.0,used,,,,20260906-2111,False,results-2026-09/exp3/experiment3_scalability.csv,1906734.0,91130.0,results-2026-09/exp3/experiment3_scalability.csv,True
2026-09-06 21:34:54,HAUSP-UB,C8T1S5I8N5K,1,10,0.0002,0.0,0.05,47416411,47133,67,882,950,4,43,35,1906734,46615,1799929,12578,0.0,0.208598,0.21984,2623,0,1023.81,1870891,1869456,2118,68240,SUCCESS,91130.0,3.0,,350464.0,22186560.0,155545888.0,21701248.0,,,,,12577.0,15674.0,used,,,,20260906-2111,False,results-2026-09/exp3/experiment3_scalability.csv,1906734.0,91130.0,results-2026-09/exp3/experiment3_scalability.csv,True
2026-09-06 21:34:57,HAUSP-UB,C8T1S5I8N5K,1,11,0.0002,0.0,0.05,47416411,47133,67,885,952,4,43,35,1906734,46615,1799929,12578,0.0,0.208598,0.21984,2623,0,918.66,1870891,1869456,2118,68240,SUCCESS,91130.0,3.0,,341504.0,22186560.0,155545888.0,21701248.0,,,,,12577.0,15674.0,used,,,,20260906-2111,False,results-2026-09/exp3/experiment3_scalability.csv,1906734.0,91130.0,results-2026-09/exp3/experiment3_scalability.csv,True
2026-09-06 21:34:59,HAUSP-UB,C8T1S5I8N5K,1,12,0.0002,0.0,0.05,47416411,47133,65,878,944,4,43,35,1906734,46615,1799929,12578,0.0,0.208598,0.21984,2623,0,922.4,1870891,1869456,2118,68240,SUCCESS,91130.0,3.0,,0.0,22186560.0,155545888.0,21701248.0,,,,,12577.0,15674.0,used,,,,20260906-2111,False,results-2026-09/exp3/experiment3_scalability.csv,1906734.0,91130.0,results-2026-09/exp3/experiment3_scalability.csv,True
2026-09-06 21:35:01,HAUSP-UB,C8T1S5I8N5K,1,13,0.0002,0.0,0.05,47416411,47133,67,890,958,4,43,35,1906734,46615,1799929,12578,0.0,0.208598,0.21984,2623,0,1018.33,1870891,1869456,2118,68240,SUCCESS,91130.0,3.0,,350464.0,22186560.0,155545888.0,21701248.0,,,,,12577.0,15674.0,used,,,,20260906-2111,False,results-2026-09/exp3/experiment3_scalability.csv,1906734.0,91130.0,results-2026-09/exp3/experiment3_scalability.csv,True
2026-09-06 21:35:03,HAUSP-UB,C8T1S5I8N5K,1,14,0.0002,0.0,0.05,47416411,47133,66,892,959,4,43,35,1906734,46615,1799929,12578,0.0,0.208598,0.21984,2623,0,918.9,1870891,1869456,2118,68240,SUCCESS,91130.0,3.0,,341504.0,22186560.0,155545888.0,21701248.0,,,,,12577.0,15674.0,used,,,,20260906-2111,False,results-2026-09/exp3/experiment3_scalability.csv,1906734.0,91130.0,results-2026-09/exp3/experiment3_scalability.csv,True
2026-09-06 21:35:05,EHAUSM-R,C8T1S5I8N5K,1,0,0.0002,0.0,0.1,47416411,47133,83,1213,1296,0,0,0,3020056,30941,2941503,0,0.29758,0.0,0.0,2623,0,759.89,0,0,0,0,SUCCESS,0.0,0.0,,,,,,,,,,,,used,,,,20260906-2111,False,results-2026-09/exp3/experiment3_scalability.csv,3020056.0,78553.0,results-2026-09/exp3/experiment3_scalability.csv,True
2026-09-06 21:35:07,EHAUSM-R,C8T1S5I8N5K,1,1,0.0002,0.0,0.1,47416411,47133,81,1209,1291,0,0,0,3020056,30941,2941503,0,0.29758,0.0,0.0,2623,0,767.74,0,0,0,0,SUCCESS,0.0,0.0,,,,,,,,,,,,used,,,,20260906-2111,False,results-2026-09/exp3/experiment3_scalability.csv,3020056.0,78553.0,results-2026-09/exp3/experiment3_scalability.csv,True
2026-09-06 21:35:08,EHAUSM-R,C8T1S5I8N5K,1,2,0.0002,0.0,0.1,47416411,47133,81,1214,1296,0,0,0,3020056,30941,2941503,0,0.29758,0.0,0.0,2623,0,544.28,0,0,0,0,SUCCESS,0.0,0.0,,,,,,,,,,,,used,,,,20260906-2111,False,results-2026-09/exp3/experiment3_scalability.csv,3020056.0,78553.0,results-2026-09/exp3/experiment3_scalability.csv,True
2026-09-06 21:35:10,EHAUSM-R,C8T1S5I8N5K,1,3,0.0002,0.0,0.1,47416411,47133,81,1211,1293,0,0,0,3020056,30941,2941503,0,0.29758,0.0,0.0,2623,0,768.57,0,0,0,0,SUCCESS,0.0,0.0,,,,,,,,,,,,used,,,,20260906-2111,False,results-2026-09/exp3/experiment3_scalability.csv,3020056.0,78553.0,results-2026-09/exp3/experiment3_scalability.csv,True
2026-09-06 21:35:11,EHAUSM-R,C8T1S5I8N5K,1,4,0.0002,0.0,0.1,47416411,47133,83,1215,1299,0,0,0,3020056,30941,2941503,0,0.29758,0.0,0.0,2623,0,544.3,0,0,0,0,SUCCESS,0.0,0.0,,,,,,,,,,,,used,,,,20260906-2111,False,results-2026-09/exp3/experiment3_scalability.csv,3020056.0,78553.0,results-2026-09/exp3/experiment3_scalability.csv,True
2026-09-06 21:35:13,EHAUSM-R,C8T1S5I8N5K,1,5,0.0002,0.0,0.1,47416411,47133,82,1208,1291,0,0,0,3020056,30941,2941503,0,0.29758,0.0,0.0,2623,0,767.92,0,0,0,0,SUCCESS,0.0,0.0,,,,,,,,,,,,used,,,,20260906-2111,False,results-2026-09/exp3/experiment3_scalability.csv,3020056.0,78553.0,results-2026-09/exp3/experiment3_scalability.csv,True
2026-09-06 21:35:14,EHAUSM-R,C8T1S5I8N5K,1,6,0.0002,0.0,0.1,47416411,47133,80,1212,1292,0,0,0,3020056,30941,2941503,0,0.29758,0.0,0.0,2623,0,545.08,0,0,0,0,SUCCESS,0.0,0.0,,,,,,,,,,,,used,,,,20260906-2111,False,results-2026-09/exp3/experiment3_scalability.csv,3020056.0,78553.0,results-2026-09/exp3/experiment3_scalability.csv,True
2026-09-06 21:35:16,EHAUSM-R,C8T1S5I8N5K,1,7,0.0002,0.0,0.1,47416411,47133,86,1205,1291,0,0,0,3020056,30941,2941503,0,0.29758,0.0,0.0,2623,0,797.93,0,0,0,0,SUCCESS,0.0,0.0,,,,,,,,,,,,used,,,,20260906-2111,False,results-2026-09/exp3/experiment3_scalability.csv,3020056.0,78553.0,results-2026-09/exp3/experiment3_scalability.csv,True
2026-09-06 21:35:17,EHAUSM-R,C8T1S5I8N5K,1,8,0.0002,0.0,0.1,47416411,47133,83,1206,1290,0,0,0,3020056,30941,2941503,0,0.29758,0.0,0.0,2623,0,782.11,0,0,0,0,SUCCESS,0.0,0.0,,,,,,,,,,,,used,,,,20260906-2111,False,results-2026-09/exp3/experiment3_scalability.csv,3020056.0,78553.0,results-2026-09/exp3/experiment3_scalability.csv,True
2026-09-06 21:35:19,EHAUSM-R,C8T1S5I8N5K,1,9,0.0002,0.0,0.1,47416411,47133,82,1212,1294,0,0,0,3020056,30941,2941503,0,0.29758,0.0,0.0,2623,0,765.48,0,0,0,0,SUCCESS,0.0,0.0,,,,,,,,,,,,used,,,,20260906-2111,False,results-2026-09/exp3/experiment3_scalability.csv,3020056.0,78553.0,results-2026-09/exp3/experiment3_scalability.csv,True
2026-09-06 21:35:22,EHAUSM-I,C8T1S5I8N5K,1,0,0.0002,0.0,0.1,47416411,47133,42,1269,1312,0,0,0,2031329,30941,1952776,0,0.43251,0.0,0.0,2623,0,1966.74,0,0,0,0,SUCCESS,0.0,1.0,,,,,,,,,,,,used,,,,20260906-2111,False,results-2026-09/exp3/experiment3_scalability.csv,2031329.0,78553.0,results-2026-09/exp3/experiment3_scalability.csv,True
2026-09-06 21:35:25,EHAUSM-I,C8T1S5I8N5K,1,1,0.0002,0.0,0.1,47416411,47133,40,1253,1294,0,0,0,2031329,30941,1952776,0,0.43251,0.0,0.0,2623,0,1284.39,0,0,0,0,SUCCESS,0.0,1.0,,,,,,,,,,,,used,,,,20260906-2111,False,results-2026-09/exp3/experiment3_scalability.csv,2031329.0,78553.0,results-2026-09/exp3/experiment3_scalability.csv,True
2026-09-06 21:35:27,EHAUSM-I,C8T1S5I8N5K,1,2,0.0002,0.0,0.1,47416411,47133,40,1252,1292,0,0,0,2031329,30941,1952776,0,0.43251,0.0,0.0,2623,0,1279.39,0,0,0,0,SUCCESS,0.0,1.0,,,,,,,,,,,,used,,,,20260906-2111,False,results-2026-09/exp3/experiment3_scalability.csv,2031329.0,78553.0,results-2026-09/exp3/experiment3_scalability.csv,True
2026-09-06 21:35:30,EHAUSM-I,C8T1S5I8N5K,1,3,0.0002,0.0,0.1,47416411,47133,40,1252,1293,0,0,0,2031329,30941,1952776,0,0.43251,0.0,0.0,2623,0,1295.94,0,0,0,0,SUCCESS,0.0,1.0,,,,,,,,,,,,used,,,,20260906-2111,False,results-2026-09/exp3/experiment3_scalability.csv,2031329.0,78553.0,results-2026-09/exp3/experiment3_scalability.csv,True
2026-09-06 21:35:33,EHAUSM-I,C8T1S5I8N5K,1,4,0.0002,0.0,0.1,47416411,47133,40,1254,1294,0,0,0,2031329,30941,1952776,0,0.43251,0.0,0.0,2623,0,1308.34,0,0,0,0,SUCCESS,0.0,1.0,,,,,,,,,,,,used,,,,20260906-2111,False,results-2026-09/exp3/experiment3_scalability.csv,2031329.0,78553.0,results-2026-09/exp3/experiment3_scalability.csv,True
2026-09-06 21:35:36,EHAUSM-I,C8T1S5I8N5K,1,5,0.0002,0.0,0.1,47416411,47133,39,1254,1293,0,0,0,2031329,30941,1952776,0,0.43251,0.0,0.0,2623,0,1296.31,0,0,0,0,SUCCESS,0.0,1.0,,,,,,,,,,,,used,,,,20260906-2111,False,results-2026-09/exp3/experiment3_scalability.csv,2031329.0,78553.0,results-2026-09/exp3/experiment3_scalability.csv,True
2026-09-06 21:35:39,EHAUSM-I,C8T1S5I8N5K,1,6,0.0002,0.0,0.1,47416411,47133,40,1254,1294,0,0,0,2031329,30941,1952776,0,0.43251,0.0,0.0,2623,0,1352.15,0,0,0,0,SUCCESS,0.0,1.0,,,,,,,,,,,,used,,,,20260906-2111,False,results-2026-09/exp3/experiment3_scalability.csv,2031329.0,78553.0,results-2026-09/exp3/experiment3_scalability.csv,True
2026-09-06 21:35:41,EHAUSM-I,C8T1S5I8N5K,1,7,0.0002,0.0,0.1,47416411,47133,40,1250,1290,0,0,0,2031329,30941,1952776,0,0.43251,0.0,0.0,2623,0,1291.19,0,0,0,0,SUCCESS,0.0,1.0,,,,,,,,,,,,used,,,,20260906-2111,False,results-2026-09/exp3/experiment3_scalability.csv,2031329.0,78553.0,results-2026-09/exp3/experiment3_scalability.csv,True
2026-09-06 21:35:44,EHAUSM-I,C8T1S5I8N5K,1,8,0.0002,0.0,0.1,47416411,47133,40,1253,1293,0,0,0,2031329,30941,1952776,0,0.43251,0.0,0.0,2623,0,1297.79,0,0,0,0,SUCCESS,0.0,1.0,,,,,,,,,,,,used,,,,20260906-2111,False,results-2026-09/exp3/experiment3_scalability.csv,2031329.0,78553.0,results-2026-09/exp3/experiment3_scalability.csv,True
2026-09-06 21:35:47,EHAUSM-I,C8T1S5I8N5K,1,9,0.0002,0.0,0.1,47416411,47133,41,1256,1297,0,0,0,2031329,30941,1952776,0,0.43251,0.0,0.0,2623,0,1282.17,0,0,0,0,SUCCESS,0.0,1.0,,,,,,,,,,,,used,,,,20260906-2111,False,results-2026-09/exp3/experiment3_scalability.csv,2031329.0,78553.0,results-2026-09/exp3/experiment3_scalability.csv,True
2026-09-06 21:35:53,Pre-HAUSPM,C8T1S5I8N5K,1,0,0.0002,0.2,0.1,47416411,47133,2,2976,2978,0,0,0,19323837,0,19169868,0,0.0,0.0,0.0,2623,51786,197.17,0,0,0,0,SUCCESS,0.0,2.0,,,,,,1.0,0.0,9398114.0,1521.0,,,used,,,,20260906-2111,False,results-2026-09/exp3/experiment3_scalability.csv,19323837.0,153969.0,results-2026-09/exp3/experiment3_scalability.csv,True
2026-09-06 21:35:59,Pre-HAUSPM,C8T1S5I8N5K,1,1,0.0002,0.2,0.1,47416411,47133,2,2964,2966,0,0,0,19323837,0,19169868,0,0.0,0.0,0.0,2623,51786,2161.8,0,0,0,0,SUCCESS,0.0,2.0,,,,,,1.0,0.0,9398114.0,1521.0,,,used,,,,20260906-2111,False,results-2026-09/exp3/experiment3_scalability.csv,19323837.0,153969.0,results-2026-09/exp3/experiment3_scalability.csv,True
2026-09-06 21:36:05,Pre-HAUSPM,C8T1S5I8N5K,1,2,0.0002,0.2,0.1,47416411,47133,2,3068,3070,0,0,0,19323837,0,19169868,0,0.0,0.0,0.0,2623,51786,292.94,0,0,0,0,SUCCESS,0.0,2.0,,,,,,1.0,0.0,9398114.0,1521.0,,,used,,,,20260906-2111,False,results-2026-09/exp3/experiment3_scalability.csv,19323837.0,153969.0,results-2026-09/exp3/experiment3_scalability.csv,True
2026-09-06 21:36:11,Pre-HAUSPM,C8T1S5I8N5K,1,3,0.0002,0.2,0.1,47416411,47133,1,2993,2995,0,0,0,19323837,0,19169868,0,0.0,0.0,0.0,2623,51786,415.0,0,0,0,0,SUCCESS,0.0,2.0,,,,,,1.0,0.0,9398114.0,1521.0,,,used,,,,20260906-2111,False,results-2026-09/exp3/experiment3_scalability.csv,19323837.0,153969.0,results-2026-09/exp3/experiment3_scalability.csv,True
2026-09-06 21:36:17,Pre-HAUSPM,C8T1S5I8N5K,1,4,0.0002,0.2,0.1,47416411,47133,1,3001,3003,0,0,0,19323837,0,19169868,0,0.0,0.0,0.0,2623,51786,322.42,0,0,0,0,SUCCESS,0.0,2.0,,,,,,1.0,0.0,9398114.0,1521.0,,,used,,,,20260906-2111,False,results-2026-09/exp3/experiment3_scalability.csv,19323837.0,153969.0,results-2026-09/exp3/experiment3_scalability.csv,True
2026-09-06 21:36:23,Pre-HAUSPM,C8T1S5I8N5K,1,5,0.0002,0.2,0.1,47416411,47133,1,2967,2969,0,0,0,19323837,0,19169868,0,0.0,0.0,0.0,2623,51786,1282.83,0,0,0,0,SUCCESS,0.0,2.0,,,,,,1.0,0.0,9398114.0,1521.0,,,used,,,,20260906-2111,False,results-2026-09/exp3/experiment3_scalability.csv,19323837.0,153969.0,results-2026-09/exp3/experiment3_scalability.csv,True
2026-09-06 21:36:29,Pre-HAUSPM,C8T1S5I8N5K,1,6,0.0002,0.2,0.1,47416411,47133,1,3021,3023,0,0,0,19323837,0,19169868,0,0.0,0.0,0.0,2623,51786,843.65,0,0,0,0,SUCCESS,0.0,2.0,,,,,,1.0,0.0,9398114.0,1521.0,,,used,,,,20260906-2111,False,results-2026-09/exp3/experiment3_scalability.csv,19323837.0,153969.0,results-2026-09/exp3/experiment3_scalability.csv,True
2026-09-06 21:36:35,Pre-HAUSPM,C8T1S5I8N5K,1,7,0.0002,0.2,0.1,47416411,47133,2,2993,2995,0,0,0,19323837,0,19169868,0,0.0,0.0,0.0,2623,51786,226.48,0,0,0,0,SUCCESS,0.0,2.0,,,,,,1.0,0.0,9398114.0,1521.0,,,used,,,,20260906-2111,False,results-2026-09/exp3/experiment3_scalability.csv,19323837.0,153969.0,results-2026-09/exp3/experiment3_scalability.csv,True
2026-09-06 21:36:41,Pre-HAUSPM,C8T1S5I8N5K,1,8,0.0002,0.2,0.1,47416411,47133,1,2969,2971,0,0,0,19323837,0,19169868,0,0.0,0.0,0.0,2623,51786,1283.83,0,0,0,0,SUCCESS,0.0,2.0,,,,,,1.0,0.0,9398114.0,1521.0,,,used,,,,20260906-2111,False,results-2026-09/exp3/experiment3_scalability.csv,19323837.0,153969.0,results-2026-09/exp3/experiment3_scalability.csv,True
2026-09-06 21:36:47,Pre-HAUSPM,C8T1S5I8N5K,1,9,0.0002,0.2,0.1,47416411,47133,2,3030,3032,0,0,0,19323837,0,19169868,0,0.0,0.0,0.0,2623,51786,981.29,0,0,0,0,SUCCESS,0.0,2.0,,,,,,1.0,0.0,9398114.0,1521.0,,,used,,,,20260906-2111,False,results-2026-09/exp3/experiment3_scalability.csv,19323837.0,153969.0,results-2026-09/exp3/experiment3_scalability.csv,True
2026-09-06 21:36:49,HAUSP-UB,C8T1S5I8N5K,1,0,0.0002,0.0,0.1,47416411,47133,66,912,979,4,43,35,1906734,46615,1799929,12578,0.0,0.208598,0.21984,2623,0,1023.34,1870891,1869456,2118,68240,SUCCESS,91130.0,3.0,,341504.0,22186560.0,155545888.0,21701248.0,,,,,12577.0,15674.0,used,,,,20260906-2111,False,results-2026-09/exp3/experiment3_scalability.csv,1906734.0,91130.0,results-2026-09/exp3/experiment3_scalability.csv,True
2026-09-06 21:36:51,HAUSP-UB,C8T1S5I8N5K,1,1,0.0002,0.0,0.1,47416411,47133,67,885,952,4,43,35,1906734,46615,1799929,12578,0.0,0.208598,0.21984,2623,0,916.57,1870891,1869456,2118,68240,SUCCESS,91130.0,3.0,,350464.0,22186560.0,155545888.0,21701248.0,,,,,12577.0,15674.0,used,,,,20260906-2111,False,results-2026-09/exp3/experiment3_scalability.csv,1906734.0,91130.0,results-2026-09/exp3/experiment3_scalability.csv,True
2026-09-06 21:36:53,HAUSP-UB,C8T1S5I8N5K,1,2,0.0002,0.0,0.1,47416411,47133,66,877,943,4,43,35,1906734,46615,1799929,12578,0.0,0.208598,0.21984,2623,0,854.34,1870891,1869456,2118,68240,SUCCESS,91130.0,3.0,,350464.0,22186560.0,155545888.0,21701248.0,,,,,12577.0,15674.0,used,,,,20260906-2111,False,results-2026-09/exp3/experiment3_scalability.csv,1906734.0,91130.0,results-2026-09/exp3/experiment3_scalability.csv,True
2026-09-06 21:36:56,HAUSP-UB,C8T1S5I8N5K,1,3,0.0002,0.0,0.1,47416411,47133,68,943,1011,4,43,35,1906734,46615,1799929,12578,0.0,0.208598,0.21984,2623,0,976.26,1870891,1869456,2118,68240,SUCCESS,91130.0,3.0,,341504.0,22186560.0,155545888.0,21701248.0,,,,,12577.0,15674.0,used,,,,20260906-2111,False,results-2026-09/exp3/experiment3_scalability.csv,1906734.0,91130.0,results-2026-09/exp3/experiment3_scalability.csv,True
2026-09-06 21:36:58,HAUSP-UB,C8T1S5I8N5K,1,4,0.0002,0.0,0.1,47416411,47133,68,895,963,4,43,35,1906734,46615,1799929,12578,0.0,0.208598,0.21984,2623,0,915.87,1870891,1869456,2118,68240,SUCCESS,91130.0,3.0,,350464.0,22186560.0,155545888.0,21701248.0,,,,,12577.0,15674.0,used,,,,20260906-2111,False,results-2026-09/exp3/experiment3_scalability.csv,1906734.0,91130.0,results-2026-09/exp3/experiment3_scalability.csv,True
2026-09-06 21:37:00,HAUSP-UB,C8T1S5I8N5K,1,5,0.0002,0.0,0.1,47416411,47133,66,876,942,4,43,35,1906734,46615,1799929,12578,0.0,0.208598,0.21984,2623,0,855.6,1870891,1869456,2118,68240,SUCCESS,91130.0,3.0,,350464.0,22186560.0,155545888.0,21701248.0,,,,,12577.0,15674.0,used,,,,20260906-2111,False,results-2026-09/exp3/experiment3_scalability.csv,1906734.0,91130.0,results-2026-09/exp3/experiment3_scalability.csv,True
2026-09-06 21:37:03,HAUSP-UB,C8T1S5I8N5K,1,6,0.0002,0.0,0.1,47416411,47133,67,921,989,4,43,35,1906734,46615,1799929,12578,0.0,0.208598,0.21984,2623,0,954.5,1870891,1869456,2118,68240,SUCCESS,91130.0,3.0,,350464.0,22186560.0,155545888.0,21701248.0,,,,,12577.0,15674.0,used,,,,20260906-2111,False,results-2026-09/exp3/experiment3_scalability.csv,1906734.0,91130.0,results-2026-09/exp3/experiment3_scalability.csv,True
2026-09-06 21:37:05,HAUSP-UB,C8T1S5I8N5K,1,7,0.0002,0.0,0.1,47416411,47133,67,904,971,4,43,35,1906734,46615,1799929,12578,0.0,0.208598,0.21984,2623,0,916.72,1870891,1869456,2118,68240,SUCCESS,91130.0,3.0,,350464.0,22186560.0,155545888.0,21701248.0,,,,,12577.0,15674.0,used,,,,20260906-2111,False,results-2026-09/exp3/experiment3_scalability.csv,1906734.0,91130.0,results-2026-09/exp3/experiment3_scalability.csv,True
2026-09-06 21:37:07,HAUSP-UB,C8T1S5I8N5K,1,8,0.0002,0.0,0.1,47416411,47133,66,875,941,4,43,35,1906734,46615,1799929,12578,0.0,0.208598,0.21984,2623,0,856.26,1870891,1869456,2118,68240,SUCCESS,91130.0,3.0,,350464.0,22186560.0,155545888.0,21701248.0,,,,,12577.0,15674.0,used,,,,20260906-2111,False,results-2026-09/exp3/experiment3_scalability.csv,1906734.0,91130.0,results-2026-09/exp3/experiment3_scalability.csv,True
2026-09-06 21:37:09,HAUSP-UB,C8T1S5I8N5K,1,9,0.0002,0.0,0.1,47416411,47133,67,924,992,4,43,35,1906734,46615,1799929,12578,0.0,0.208598,0.21984,2623,0,958.21,1870891,1869456,2118,68240,SUCCESS,91130.0,3.0,,350464.0,22186560.0,155545888.0,21701248.0,,,,,12577.0,15674.0,used,,,,20260906-2111,False,results-2026-09/exp3/experiment3_scalability.csv,1906734.0,91130.0,results-2026-09/exp3/experiment3_scalability.csv,True
2026-09-06 21:37:12,HAUSP-UB,C8T1S5I8N5K,1,10,0.0002,0.0,0.1,47416411,47133,67,950,1017,4,43,35,1906734,46615,1799929,12578,0.0,0.208598,0.21984,2623,0,916.85,1870891,1869456,2118,68240,SUCCESS,91130.0,3.0,,350464.0,22186560.0,155545888.0,21701248.0,,,,,12577.0,15674.0,used,,,,20260906-2111,False,results-2026-09/exp3/experiment3_scalability.csv,1906734.0,91130.0,results-2026-09/exp3/experiment3_scalability.csv,True
2026-09-06 21:37:14,HAUSP-UB,C8T1S5I8N5K,1,11,0.0002,0.0,0.1,47416411,47133,66,874,941,4,43,35,1906734,46615,1799929,12578,0.0,0.208598,0.21984,2623,0,855.3,1870891,1869456,2118,68240,SUCCESS,91130.0,3.0,,350464.0,22186560.0,155545888.0,21701248.0,,,,,12577.0,15674.0,used,,,,20260906-2111,False,results-2026-09/exp3/experiment3_scalability.csv,1906734.0,91130.0,results-2026-09/exp3/experiment3_scalability.csv,True
2026-09-06 21:37:16,HAUSP-UB,C8T1S5I8N5K,1,12,0.0002,0.0,0.1,47416411,47133,67,915,982,4,43,35,1906734,46615,1799929,12578,0.0,0.208598,0.21984,2623,0,954.31,1870891,1869456,2118,68240,SUCCESS,91130.0,3.0,,350464.0,22186560.0,155545888.0,21701248.0,,,,,12577.0,15674.0,used,,,,20260906-2111,False,results-2026-09/exp3/experiment3_scalability.csv,1906734.0,91130.0,results-2026-09/exp3/experiment3_scalability.csv,True
2026-09-06 21:37:18,HAUSP-UB,C8T1S5I8N5K,1,13,0.0002,0.0,0.1,47416411,47133,67,884,951,4,43,35,1906734,46615,1799929,12578,0.0,0.208598,0.21984,2623,0,914.82,1870891,1869456,2118,68240,SUCCESS,91130.0,3.0,,350464.0,22186560.0,155545888.0,21701248.0,,,,,12577.0,15674.0,used,,,,20260906-2111,False,results-2026-09/exp3/experiment3_scalability.csv,1906734.0,91130.0,results-2026-09/exp3/experiment3_scalability.csv,True
2026-09-06 21:37:21,HAUSP-UB,C8T1S5I8N5K,1,14,0.0002,0.0,0.1,47416411,47133,66,900,967,4,43,35,1906734,46615,1799929,12578,0.0,0.208598,0.21984,2623,0,854.96,1870891,1869456,2118,68240,SUCCESS,91130.0,3.0,,350464.0,22186560.0,155545888.0,21701248.0,,,,,12577.0,15674.0,used,,,,20260906-2111,False,results-2026-09/exp3/experiment3_scalability.csv,1906734.0,91130.0,results-2026-09/exp3/experiment3_scalability.csv,True
2026-09-06 21:37:23,EHAUSM-R,C8T1S5I8N5K,1,0,0.0002,0.0,0.15,47416411,47133,83,1215,1299,0,0,0,3020056,30941,2941503,0,0.29758,0.0,0.0,2623,0,759.51,0,0,0,0,SUCCESS,0.0,0.0,,,,,,,,,,,,used,,,,20260906-2111,False,results-2026-09/exp3/experiment3_scalability.csv,3020056.0,78553.0,results-2026-09/exp3/experiment3_scalability.csv,True
2026-09-06 21:37:24,EHAUSM-R,C8T1S5I8N5K,1,1,0.0002,0.0,0.15,47416411,47133,84,1214,1298,0,0,0,3020056,30941,2941503,0,0.29758,0.0,0.0,2623,0,250.19,0,0,0,0,SUCCESS,0.0,0.0,,,,,,,,,,,,used,,,,20260906-2111,False,results-2026-09/exp3/experiment3_scalability.csv,3020056.0,78553.0,results-2026-09/exp3/experiment3_scalability.csv,True
2026-09-06 21:37:26,EHAUSM-R,C8T1S5I8N5K,1,2,0.0002,0.0,0.15,47416411,47133,83,1209,1293,0,0,0,3020056,30941,2941503,0,0.29758,0.0,0.0,2623,0,486.79,0,0,0,0,SUCCESS,0.0,0.0,,,,,,,,,,,,used,,,,20260906-2111,False,results-2026-09/exp3/experiment3_scalability.csv,3020056.0,78553.0,results-2026-09/exp3/experiment3_scalability.csv,True
2026-09-06 21:37:27,EHAUSM-R,C8T1S5I8N5K,1,3,0.0002,0.0,0.15,47416411,47133,83,1208,1291,0,0,0,3020056,30941,2941503,0,0.29758,0.0,0.0,2623,0,486.39,0,0,0,0,SUCCESS,0.0,0.0,,,,,,,,,,,,used,,,,20260906-2111,False,results-2026-09/exp3/experiment3_scalability.csv,3020056.0,78553.0,results-2026-09/exp3/experiment3_scalability.csv,True
2026-09-06 21:37:29,EHAUSM-R,C8T1S5I8N5K,1,4,0.0002,0.0,0.15,47416411,47133,84,1209,1293,0,0,0,3020056,30941,2941503,0,0.29758,0.0,0.0,2623,0,487.05,0,0,0,0,SUCCESS,0.0,0.0,,,,,,,,,,,,used,,,,20260906-2111,False,results-2026-09/exp3/experiment3_scalability.csv,3020056.0,78553.0,results-2026-09/exp3/experiment3_scalability.csv,True
2026-09-06 21:37:30,EHAUSM-R,C8T1S5I8N5K,1,5,0.0002,0.0,0.15,47416411,47133,81,1208,1290,0,0,0,3020056,30941,2941503,0,0.29758,0.0,0.0,2623,0,447.63,0,0,0,0,SUCCESS,0.0,0.0,,,,,,,,,,,,used,,,,20260906-2111,False,results-2026-09/exp3/experiment3_scalability.csv,3020056.0,78553.0,results-2026-09/exp3/experiment3_scalability.csv,True
2026-09-06 21:37:32,EHAUSM-R,C8T1S5I8N5K,1,6,0.0002,0.0,0.15,47416411,47133,81,1209,1291,0,0,0,3020056,30941,2941503,0,0.29758,0.0,0.0,2623,0,302.65,0,0,0,0,SUCCESS,0.0,0.0,,,,,,,,,,,,used,,,,20260906-2111,False,results-2026-09/exp3/experiment3_scalability.csv,3020056.0,78553.0,results-2026-09/exp3/experiment3_scalability.csv,True
2026-09-06 21:37:33,EHAUSM-R,C8T1S5I8N5K,1,7,0.0002,0.0,0.15,47416411,47133,81,1205,1287,0,0,0,3020056,30941,2941503,0,0.29758,0.0,0.0,2623,0,258.56,0,0,0,0,SUCCESS,0.0,0.0,,,,,,,,,,,,used,,,,20260906-2111,False,results-2026-09/exp3/experiment3_scalability.csv,3020056.0,78553.0,results-2026-09/exp3/experiment3_scalability.csv,True
2026-09-06 21:37:35,EHAUSM-R,C8T1S5I8N5K,1,8,0.0002,0.0,0.15,47416411,47133,83,1208,1292,0,0,0,3020056,30941,2941503,0,0.29758,0.0,0.0,2623,0,463.11,0,0,0,0,SUCCESS,0.0,0.0,,,,,,,,,,,,used,,,,20260906-2111,False,results-2026-09/exp3/experiment3_scalability.csv,3020056.0,78553.0,results-2026-09/exp3/experiment3_scalability.csv,True
2026-09-06 21:37:36,EHAUSM-R,C8T1S5I8N5K,1,9,0.0002,0.0,0.15,47416411,47133,84,1209,1293,0,0,0,3020056,30941,2941503,0,0.29758,0.0,0.0,2623,0,301.87,0,0,0,0,SUCCESS,0.0,0.0,,,,,,,,,,,,used,,,,20260906-2111,False,results-2026-09/exp3/experiment3_scalability.csv,3020056.0,78553.0,results-2026-09/exp3/experiment3_scalability.csv,True
2026-09-06 21:37:39,EHAUSM-I,C8T1S5I8N5K,1,0,0.0002,0.0,0.15,47416411,47133,40,1268,1309,0,0,0,2031329,30941,1952776,0,0.43251,0.0,0.0,2623,0,1854.51,0,0,0,0,SUCCESS,0.0,1.0,,,,,,,,,,,,used,,,,20260906-2111,False,results-2026-09/exp3/experiment3_scalability.csv,2031329.0,78553.0,results-2026-09/exp3/experiment3_scalability.csv,True
2026-09-06 21:37:42,EHAUSM-I,C8T1S5I8N5K,1,1,0.0002,0.0,0.15,47416411,47133,41,1263,1305,0,0,0,2031329,30941,1952776,0,0.43251,0.0,0.0,2623,0,1446.26,0,0,0,0,SUCCESS,0.0,1.0,,,,,,,,,,,,used,,,,20260906-2111,False,results-2026-09/exp3/experiment3_scalability.csv,2031329.0,78553.0,results-2026-09/exp3/experiment3_scalability.csv,True
2026-09-06 21:37:45,EHAUSM-I,C8T1S5I8N5K,1,2,0.0002,0.0,0.15,47416411,47133,40,1252,1293,0,0,0,2031329,30941,1952776,0,0.43251,0.0,0.0,2623,0,1434.43,0,0,0,0,SUCCESS,0.0,1.0,,,,,,,,,,,,used,,,,20260906-2111,False,results-2026-09/exp3/experiment3_scalability.csv,2031329.0,78553.0,results-2026-09/exp3/experiment3_scalability.csv,True
2026-09-06 21:37:48,EHAUSM-I,C8T1S5I8N5K,1,3,0.0002,0.0,0.15,47416411,47133,40,1259,1300,0,0,0,2031329,30941,1952776,0,0.43251,0.0,0.0,2623,0,1439.47,0,0,0,0,SUCCESS,0.0,1.0,,,,,,,,,,,,used,,,,20260906-2111,False,results-2026-09/exp3/experiment3_scalability.csv,2031329.0,78553.0,results-2026-09/exp3/experiment3_scalability.csv,True
2026-09-06 21:37:50,EHAUSM-I,C8T1S5I8N5K,1,4,0.0002,0.0,0.15,47416411,47133,40,1268,1308,0,0,0,2031329,30941,1952776,0,0.43251,0.0,0.0,2623,0,1002.07,0,0,0,0,SUCCESS,0.0,1.0,,,,,,,,,,,,used,,,,20260906-2111,False,results-2026-09/exp3/experiment3_scalability.csv,2031329.0,78553.0,results-2026-09/exp3/experiment3_scalability.csv,True
2026-09-06 21:37:53,EHAUSM-I,C8T1S5I8N5K,1,5,0.0002,0.0,0.15,47416411,47133,41,1254,1295,0,0,0,2031329,30941,1952776,0,0.43251,0.0,0.0,2623,0,1460.11,0,0,0,0,SUCCESS,0.0,1.0,,,,,,,,,,,,used,,,,20260906-2111,False,results-2026-09/exp3/experiment3_scalability.csv,2031329.0,78553.0,results-2026-09/exp3/experiment3_scalability.csv,True
2026-09-06 21:37:56,EHAUSM-I,C8T1S5I8N5K,1,6,0.0002,0.0,0.15,47416411,47133,41,1255,1296,0,0,0,2031329,30941,1952776,0,0.43251,0.0,0.0,2623,0,1444.78,0,0,0,0,SUCCESS,0.0,1.0,,,,,,,,,,,,used,,,,20260906-2111,False,results-2026-09/exp3/experiment3_scalability.csv,2031329.0,78553.0,results-2026-09/exp3/experiment3_scalability.csv,True
2026-09-06 21:37:59,EHAUSM-I,C8T1S5I8N5K,1,7,0.0002,0.0,0.15,47416411,47133,41,1256,1297,0,0,0,2031329,30941,1952776,0,0.43251,0.0,0.0,2623,0,1458.22,0,0,0,0,SUCCESS,0.0,1.0,,,,,,,,,,,,used,,,,20260906-2111,False,results-2026-09/exp3/experiment3_scalability.csv,2031329.0,78553.0,results-2026-09/exp3/experiment3_scalability.csv,True
2026-09-06 21:38:02,EHAUSM-I,C8T1S5I8N5K,1,8,0.0002,0.0,0.15,47416411,47133,39,1264,1304,0,0,0,2031329,30941,1952776,0,0.43251,0.0,0.0,2623,0,994.75,0,0,0,0,SUCCESS,0.0,1.0,,,,,,,,,,,,used,,,,20260906-2111,False,results-2026-09/exp3/experiment3_scalability.csv,2031329.0,78553.0,results-2026-09/exp3/experiment3_scalability.csv,True
2026-09-06 21:38:04,EHAUSM-I,C8T1S5I8N5K,1,9,0.0002,0.0,0.15,47416411,47133,41,1254,1296,0,0,0,2031329,30941,1952776,0,0.43251,0.0,0.0,2623,0,1437.24,0,0,0,0,SUCCESS,0.0,1.0,,,,,,,,,,,,used,,,,20260906-2111,False,results-2026-09/exp3/experiment3_scalability.csv,2031329.0,78553.0,results-2026-09/exp3/experiment3_scalability.csv,True
2026-09-06 21:38:10,Pre-HAUSPM,C8T1S5I8N5K,1,0,0.0002,0.2,0.15,47416411,47133,2,2974,2976,0,0,0,19323837,0,19169868,0,0.0,0.0,0.0,2623,51786,907.62,0,0,0,0,SUCCESS,0.0,2.0,,,,,,1.0,0.0,9398114.0,1521.0,,,used,,,,20260906-2111,False,results-2026-09/exp3/experiment3_scalability.csv,19323837.0,153969.0,results-2026-09/exp3/experiment3_scalability.csv,True
2026-09-06 21:38:16,Pre-HAUSPM,C8T1S5I8N5K,1,1,0.0002,0.2,0.15,47416411,47133,2,2986,2988,0,0,0,19323837,0,19169868,0,0.0,0.0,0.0,2623,51786,555.24,0,0,0,0,SUCCESS,0.0,2.0,,,,,,1.0,0.0,9398114.0,1521.0,,,used,,,,20260906-2111,False,results-2026-09/exp3/experiment3_scalability.csv,19323837.0,153969.0,results-2026-09/exp3/experiment3_scalability.csv,True
2026-09-06 21:38:22,Pre-HAUSPM,C8T1S5I8N5K,1,2,0.0002,0.2,0.15,47416411,47133,1,2974,2976,0,0,0,19323837,0,19169868,0,0.0,0.0,0.0,2623,51786,2281.37,0,0,0,0,SUCCESS,0.0,2.0,,,,,,1.0,0.0,9398114.0,1521.0,,,used,,,,20260906-2111,False,results-2026-09/exp3/experiment3_scalability.csv,19323837.0,153969.0,results-2026-09/exp3/experiment3_scalability.csv,True
2026-09-06 21:38:28,Pre-HAUSPM,C8T1S5I8N5K,1,3,0.0002,0.2,0.15,47416411,47133,1,2999,3002,0,0,0,19323837,0,19169868,0,0.0,0.0,0.0,2623,51786,660.64,0,0,0,0,SUCCESS,0.0,2.0,,,,,,1.0,0.0,9398114.0,1521.0,,,used,,,,20260906-2111,False,results-2026-09/exp3/experiment3_scalability.csv,19323837.0,153969.0,results-2026-09/exp3/experiment3_scalability.csv,True
2026-09-06 21:38:35,Pre-HAUSPM,C8T1S5I8N5K,1,4,0.0002,0.2,0.15,47416411,47133,1,3123,3125,0,0,0,19323837,0,19169868,0,0.0,0.0,0.0,2623,51786,1279.65,0,0,0,0,SUCCESS,0.0,2.0,,,,,,1.0,0.0,9398114.0,1521.0,,,used,,,,20260906-2111,False,results-2026-09/exp3/experiment3_scalability.csv,19323837.0,153969.0,results-2026-09/exp3/experiment3_scalability.csv,True
2026-09-06 21:38:40,Pre-HAUSPM,C8T1S5I8N5K,1,5,0.0002,0.2,0.15,47416411,47133,1,3009,3011,0,0,0,19323837,0,19169868,0,0.0,0.0,0.0,2623,51786,518.96,0,0,0,0,SUCCESS,0.0,2.0,,,,,,1.0,0.0,9398114.0,1521.0,,,used,,,,20260906-2111,False,results-2026-09/exp3/experiment3_scalability.csv,19323837.0,153969.0,results-2026-09/exp3/experiment3_scalability.csv,True
2026-09-06 21:38:47,Pre-HAUSPM,C8T1S5I8N5K,1,6,0.0002,0.2,0.15,47416411,47133,1,3126,3128,0,0,0,19323837,0,19169868,0,0.0,0.0,0.0,2623,51786,1265.48,0,0,0,0,SUCCESS,0.0,2.0,,,,,,1.0,0.0,9398114.0,1521.0,,,used,,,,20260906-2111,False,results-2026-09/exp3/experiment3_scalability.csv,19323837.0,153969.0,results-2026-09/exp3/experiment3_scalability.csv,True
2026-09-06 21:38:53,Pre-HAUSPM,C8T1S5I8N5K,1,7,0.0002,0.2,0.15,47416411,47133,1,3003,3005,0,0,0,19323837,0,19169868,0,0.0,0.0,0.0,2623,51786,244.33,0,0,0,0,SUCCESS,0.0,2.0,,,,,,1.0,0.0,9398114.0,1521.0,,,used,,,,20260906-2111,False,results-2026-09/exp3/experiment3_scalability.csv,19323837.0,153969.0,results-2026-09/exp3/experiment3_scalability.csv,True
2026-09-06 21:38:59,Pre-HAUSPM,C8T1S5I8N5K,1,8,0.0002,0.2,0.15,47416411,47133,2,3035,3037,0,0,0,19323837,0,19169868,0,0.0,0.0,0.0,2623,51786,720.83,0,0,0,0,SUCCESS,0.0,2.0,,,,,,1.0,0.0,9398114.0,1521.0,,,used,,,,20260906-2111,False,results-2026-09/exp3/experiment3_scalability.csv,19323837.0,153969.0,results-2026-09/exp3/experiment3_scalability.csv,True
2026-09-06 21:39:05,Pre-HAUSPM,C8T1S5I8N5K,1,9,0.0002,0.2,0.15,47416411,47133,1,3031,3033,0,0,0,19323837,0,19169868,0,0.0,0.0,0.0,2623,51786,466.73,0,0,0,0,SUCCESS,0.0,2.0,,,,,,1.0,0.0,9398114.0,1521.0,,,used,,,,20260906-2111,False,results-2026-09/exp3/experiment3_scalability.csv,19323837.0,153969.0,results-2026-09/exp3/experiment3_scalability.csv,True
2026-09-06 21:39:07,HAUSP-UB,C8T1S5I8N5K,1,0,0.0002,0.0,0.15,47416411,47133,66,885,952,4,43,35,1906734,46615,1799929,12578,0.0,0.208598,0.21984,2623,0,1022.63,1870891,1869456,2118,68240,SUCCESS,91130.0,3.0,,350464.0,22186560.0,155545888.0,21701248.0,,,,,12577.0,15674.0,used,,,,20260906-2111,False,results-2026-09/exp3/experiment3_scalability.csv,1906734.0,91130.0,results-2026-09/exp3/experiment3_scalability.csv,True
2026-09-06 21:39:09,HAUSP-UB,C8T1S5I8N5K,1,1,0.0002,0.0,0.15,47416411,47133,68,912,981,4,43,35,1906734,46615,1799929,12578,0.0,0.208598,0.21984,2623,0,967.97,1870891,1869456,2118,68240,SUCCESS,91130.0,3.0,,350464.0,22186560.0,155545888.0,21701248.0,,,,,12577.0,15674.0,used,,,,20260906-2111,False,results-2026-09/exp3/experiment3_scalability.csv,1906734.0,91130.0,results-2026-09/exp3/experiment3_scalability.csv,True
2026-09-06 21:39:11,HAUSP-UB,C8T1S5I8N5K,1,2,0.0002,0.0,0.15,47416411,47133,66,885,952,4,43,35,1906734,46615,1799929,12578,0.0,0.208598,0.21984,2623,0,1022.37,1870891,1869456,2118,68240,SUCCESS,91130.0,3.0,,350464.0,22186560.0,155545888.0,21701248.0,,,,,12577.0,15674.0,used,,,,20260906-2111,False,results-2026-09/exp3/experiment3_scalability.csv,1906734.0,91130.0,results-2026-09/exp3/experiment3_scalability.csv,True
2026-09-06 21:39:14,HAUSP-UB,C8T1S5I8N5K,1,3,0.0002,0.0,0.15,47416411,47133,69,909,979,4,43,35,1906734,46615,1799929,12578,0.0,0.208598,0.21984,2623,0,1019.29,1870891,1869456,2118,68240,SUCCESS,91130.0,3.0,,350464.0,22186560.0,155545888.0,21701248.0,,,,,12577.0,15674.0,used,,,,20260906-2111,False,results-2026-09/exp3/experiment3_scalability.csv,1906734.0,91130.0,results-2026-09/exp3/experiment3_scalability.csv,True
2026-09-06 21:39:16,HAUSP-UB,C8T1S5I8N5K,1,4,0.0002,0.0,0.15,47416411,47133,67,895,962,4,43,35,1906734,46615,1799929,12578,0.0,0.208598,0.21984,2623,0,967.28,1870891,1869456,2118,68240,SUCCESS,91130.0,3.0,,350464.0,22186560.0,155545888.0,21701248.0,,,,,12577.0,15674.0,used,,,,20260906-2111,False,results-2026-09/exp3/experiment3_scalability.csv,1906734.0,91130.0,results-2026-09/exp3/experiment3_scalability.csv,True
2026-09-06 21:39:18,HAUSP-UB,C8T1S5I8N5K,1,5,0.0002,0.0,0.15,47416411,47133,66,874,940,4,43,35,1906734,46615,1799929,12578,0.0,0.208598,0.21984,2623,0,1023.37,1870891,1869456,2118,68240,SUCCESS,91130.0,3.0,,350464.0,22186560.0,155545888.0,21701248.0,,,,,12577.0,15674.0,used,,,,20260906-2111,False,results-2026-09/exp3/experiment3_scalability.csv,1906734.0,91130.0,results-2026-09/exp3/experiment3_scalability.csv,True
2026-09-06 21:39:20,HAUSP-UB,C8T1S5I8N5K,1,6,0.0002,0.0,0.15,47416411,47133,67,894,961,4,43,35,1906734,46615,1799929,12578,0.0,0.208598,0.21984,2623,0,968.5,1870891,1869456,2118,68240,SUCCESS,91130.0,3.0,,350464.0,22186560.0,155545888.0,21701248.0,,,,,12577.0,15674.0,used,,,,20260906-2111,False,results-2026-09/exp3/experiment3_scalability.csv,1906734.0,91130.0,results-2026-09/exp3/experiment3_scalability.csv,True
2026-09-06 21:39:23,HAUSP-UB,C8T1S5I8N5K,1,7,0.0002,0.0,0.15,47416411,47133,66,880,946,4,43,35,1906734,46615,1799929,12578,0.0,0.208598,0.21984,2623,0,1023.27,1870891,1869456,2118,68240,SUCCESS,91130.0,3.0,,350464.0,22186560.0,155545888.0,21701248.0,,,,,12577.0,15674.0,used,,,,20260906-2111,False,results-2026-09/exp3/experiment3_scalability.csv,1906734.0,91130.0,results-2026-09/exp3/experiment3_scalability.csv,True
2026-09-06 21:39:25,HAUSP-UB,C8T1S5I8N5K,1,8,0.0002,0.0,0.15,47416411,47133,67,910,978,4,43,35,1906734,46615,1799929,12578,0.0,0.208598,0.21984,2623,0,967.59,1870891,1869456,2118,68240,SUCCESS,91130.0,3.0,,350464.0,22186560.0,155545888.0,21701248.0,,,,,12577.0,15674.0,used,,,,20260906-2111,False,results-2026-09/exp3/experiment3_scalability.csv,1906734.0,91130.0,results-2026-09/exp3/experiment3_scalability.csv,True
2026-09-06 21:39:27,HAUSP-UB,C8T1S5I8N5K,1,9,0.0002,0.0,0.15,47416411,47133,66,872,938,4,43,35,1906734,46615,1799929,12578,0.0,0.208598,0.21984,2623,0,1023.27,1870891,1869456,2118,68240,SUCCESS,91130.0,3.0,,350464.0,22186560.0,155545888.0,21701248.0,,,,,12577.0,15674.0,used,,,,20260906-2111,False,results-2026-09/exp3/experiment3_scalability.csv,1906734.0,91130.0,results-2026-09/exp3/experiment3_scalability.csv,True
2026-09-06 21:39:29,HAUSP-UB,C8T1S5I8N5K,1,10,0.0002,0.0,0.15,47416411,47133,67,933,1000,4,43,35,1906734,46615,1799929,12578,0.0,0.208598,0.21984,2623,0,967.59,1870891,1869456,2118,68240,SUCCESS,91130.0,3.0,,350464.0,22186560.0,155545888.0,21701248.0,,,,,12577.0,15674.0,used,,,,20260906-2111,False,results-2026-09/exp3/experiment3_scalability.csv,1906734.0,91130.0,results-2026-09/exp3/experiment3_scalability.csv,True
2026-09-06 21:39:32,HAUSP-UB,C8T1S5I8N5K,1,11,0.0002,0.0,0.15,47416411,47133,67,872,940,4,43,35,1906734,46615,1799929,12578,0.0,0.208598,0.21984,2623,0,1022.65,1870891,1869456,2118,68240,SUCCESS,91130.0,3.0,,350464.0,22186560.0,155545888.0,21701248.0,,,,,12577.0,15674.0,used,,,,20260906-2111,False,results-2026-09/exp3/experiment3_scalability.csv,1906734.0,91130.0,results-2026-09/exp3/experiment3_scalability.csv,True
2026-09-06 21:39:34,HAUSP-UB,C8T1S5I8N5K,1,12,0.0002,0.0,0.15,47416411,47133,67,952,1019,4,43,35,1906734,46615,1799929,12578,0.0,0.208598,0.21984,2623,0,966.66,1870891,1869456,2118,68240,SUCCESS,91130.0,3.0,,350464.0,22186560.0,155545888.0,21701248.0,,,,,12577.0,15674.0,used,,,,20260906-2111,False,results-2026-09/exp3/experiment3_scalability.csv,1906734.0,91130.0,results-2026-09/exp3/experiment3_scalability.csv,True
2026-09-06 21:39:36,HAUSP-UB,C8T1S5I8N5K,1,13,0.0002,0.0,0.15,47416411,47133,67,928,995,4,43,35,1906734,46615,1799929,12578,0.0,0.208598,0.21984,2623,0,1022.29,1870891,1869456,2118,68240,SUCCESS,91130.0,3.0,,350464.0,22186560.0,155545888.0,21701248.0,,,,,12577.0,15674.0,used,,,,20260906-2111,False,results-2026-09/exp3/experiment3_scalability.csv,1906734.0,91130.0,results-2026-09/exp3/experiment3_scalability.csv,True
2026-09-06 21:39:39,HAUSP-UB,C8T1S5I8N5K,1,14,0.0002,0.0,0.15,47416411,47133,67,923,991,4,43,35,1906734,46615,1799929,12578,0.0,0.208598,0.21984,2623,0,969.51,1870891,1869456,2118,68240,SUCCESS,91130.0,3.0,,350464.0,22186560.0,155545888.0,21701248.0,,,,,12577.0,15674.0,used,,,,20260906-2111,False,results-2026-09/exp3/experiment3_scalability.csv,1906734.0,91130.0,results-2026-09/exp3/experiment3_scalability.csv,True
2026-09-06 21:39:41,EHAUSM-R,C8T1S5I8N5K,1,0,0.0002,0.0,0.2,47416411,47133,78,1207,1286,0,0,0,3020056,30941,2941503,0,0.29758,0.0,0.0,2623,0,600.75,0,0,0,0,SUCCESS,0.0,0.0,,,,,,,,,,,,used,,,,20260906-2111,False,results-2026-09/exp3/experiment3_scalability.csv,3020056.0,78553.0,results-2026-09/exp3/experiment3_scalability.csv,True
2026-09-06 21:39:42,EHAUSM-R,C8T1S5I8N5K,1,1,0.0002,0.0,0.2,47416411,47133,83,1208,1291,0,0,0,3020056,30941,2941503,0,0.29758,0.0,0.0,2623,0,486.23,0,0,0,0,SUCCESS,0.0,0.0,,,,,,,,,,,,used,,,,20260906-2111,False,results-2026-09/exp3/experiment3_scalability.csv,3020056.0,78553.0,results-2026-09/exp3/experiment3_scalability.csv,True
2026-09-06 21:39:44,EHAUSM-R,C8T1S5I8N5K,1,2,0.0002,0.0,0.2,47416411,47133,81,1209,1290,0,0,0,3020056,30941,2941503,0,0.29758,0.0,0.0,2623,0,485.51,0,0,0,0,SUCCESS,0.0,0.0,,,,,,,,,,,,used,,,,20260906-2111,False,results-2026-09/exp3/experiment3_scalability.csv,3020056.0,78553.0,results-2026-09/exp3/experiment3_scalability.csv,True
2026-09-06 21:39:45,EHAUSM-R,C8T1S5I8N5K,1,3,0.0002,0.0,0.2,47416411,47133,83,1209,1293,0,0,0,3020056,30941,2941503,0,0.29758,0.0,0.0,2623,0,486.65,0,0,0,0,SUCCESS,0.0,0.0,,,,,,,,,,,,used,,,,20260906-2111,False,results-2026-09/exp3/experiment3_scalability.csv,3020056.0,78553.0,results-2026-09/exp3/experiment3_scalability.csv,True
2026-09-06 21:39:47,EHAUSM-R,C8T1S5I8N5K,1,4,0.0002,0.0,0.2,47416411,47133,84,1211,1296,0,0,0,3020056,30941,2941503,0,0.29758,0.0,0.0,2623,0,486.4,0,0,0,0,SUCCESS,0.0,0.0,,,,,,,,,,,,used,,,,20260906-2111,False,results-2026-09/exp3/experiment3_scalability.csv,3020056.0,78553.0,results-2026-09/exp3/experiment3_scalability.csv,True
2026-09-06 21:39:48,EHAUSM-R,C8T1S5I8N5K,1,5,0.0002,0.0,0.2,47416411,47133,82,1215,1297,0,0,0,3020056,30941,2941503,0,0.29758,0.0,0.0,2623,0,486.04,0,0,0,0,SUCCESS,0.0,0.0,,,,,,,,,,,,used,,,,20260906-2111,False,results-2026-09/exp3/experiment3_scalability.csv,3020056.0,78553.0,results-2026-09/exp3/experiment3_scalability.csv,True
2026-09-06 21:39:50,EHAUSM-R,C8T1S5I8N5K,1,6,0.0002,0.0,0.2,47416411,47133,84,1210,1294,0,0,0,3020056,30941,2941503,0,0.29758,0.0,0.0,2623,0,486.04,0,0,0,0,SUCCESS,0.0,0.0,,,,,,,,,,,,used,,,,20260906-2111,False,results-2026-09/exp3/experiment3_scalability.csv,3020056.0,78553.0,results-2026-09/exp3/experiment3_scalability.csv,True
2026-09-06 21:39:51,EHAUSM-R,C8T1S5I8N5K,1,7,0.0002,0.0,0.2,47416411,47133,82,1207,1290,0,0,0,3020056,30941,2941503,0,0.29758,0.0,0.0,2623,0,486.81,0,0,0,0,SUCCESS,0.0,0.0,,,,,,,,,,,,used,,,,20260906-2111,False,results-2026-09/exp3/experiment3_scalability.csv,3020056.0,78553.0,results-2026-09/exp3/experiment3_scalability.csv,True
2026-09-06 21:39:53,EHAUSM-R,C8T1S5I8N5K,1,8,0.0002,0.0,0.2,47416411,47133,82,1207,1290,0,0,0,3020056,30941,2941503,0,0.29758,0.0,0.0,2623,0,486.61,0,0,0,0,SUCCESS,0.0,0.0,,,,,,,,,,,,used,,,,20260906-2111,False,results-2026-09/exp3/experiment3_scalability.csv,3020056.0,78553.0,results-2026-09/exp3/experiment3_scalability.csv,True
2026-09-06 21:39:54,EHAUSM-R,C8T1S5I8N5K,1,9,0.0002,0.0,0.2,47416411,47133,84,1210,1295,0,0,0,3020056,30941,2941503,0,0.29758,0.0,0.0,2623,0,486.13,0,0,0,0,SUCCESS,0.0,0.0,,,,,,,,,,,,used,,,,20260906-2111,False,results-2026-09/exp3/experiment3_scalability.csv,3020056.0,78553.0,results-2026-09/exp3/experiment3_scalability.csv,True
2026-09-06 21:39:57,EHAUSM-I,C8T1S5I8N5K,1,0,0.0002,0.0,0.2,47416411,47133,41,1256,1297,0,0,0,2031329,30941,1952776,0,0.43251,0.0,0.0,2623,0,448.08,0,0,0,0,SUCCESS,0.0,1.0,,,,,,,,,,,,used,,,,20260906-2111,False,results-2026-09/exp3/experiment3_scalability.csv,2031329.0,78553.0,results-2026-09/exp3/experiment3_scalability.csv,True
2026-09-06 21:40:00,EHAUSM-I,C8T1S5I8N5K,1,1,0.0002,0.0,0.2,47416411,47133,41,1243,1284,0,0,0,2031329,30941,1952776,0,0.43251,0.0,0.0,2623,0,1784.6,0,0,0,0,SUCCESS,0.0,1.0,,,,,,,,,,,,used,,,,20260906-2111,False,results-2026-09/exp3/experiment3_scalability.csv,2031329.0,78553.0,results-2026-09/exp3/experiment3_scalability.csv,True
2026-09-06 21:40:03,EHAUSM-I,C8T1S5I8N5K,1,2,0.0002,0.0,0.2,47416411,47133,38,1244,1283,0,0,0,2031329,30941,1952776,0,0.43251,0.0,0.0,2623,0,1667.12,0,0,0,0,SUCCESS,0.0,1.0,,,,,,,,,,,,used,,,,20260906-2111,False,results-2026-09/exp3/experiment3_scalability.csv,2031329.0,78553.0,results-2026-09/exp3/experiment3_scalability.csv,True
2026-09-06 21:40:06,EHAUSM-I,C8T1S5I8N5K,1,3,0.0002,0.0,0.2,47416411,47133,39,1239,1279,0,0,0,2031329,30941,1952776,0,0.43251,0.0,0.0,2623,0,1665.65,0,0,0,0,SUCCESS,0.0,1.0,,,,,,,,,,,,used,,,,20260906-2111,False,results-2026-09/exp3/experiment3_scalability.csv,2031329.0,78553.0,results-2026-09/exp3/experiment3_scalability.csv,True
2026-09-06 21:40:08,EHAUSM-I,C8T1S5I8N5K,1,4,0.0002,0.0,0.2,47416411,47133,38,1241,1279,0,0,0,2031329,30941,1952776,0,0.43251,0.0,0.0,2623,0,1679.83,0,0,0,0,SUCCESS,0.0,1.0,,,,,,,,,,,,used,,,,20260906-2111,False,results-2026-09/exp3/experiment3_scalability.csv,2031329.0,78553.0,results-2026-09/exp3/experiment3_scalability.csv,True
2026-09-06 21:40:11,EHAUSM-I,C8T1S5I8N5K,1,5,0.0002,0.0,0.2,47416411,47133,40,1237,1277,0,0,0,2031329,30941,1952776,0,0.43251,0.0,0.0,2623,0,1675.54,0,0,0,0,SUCCESS,0.0,1.0,,,,,,,,,,,,used,,,,20260906-2111,False,results-2026-09/exp3/experiment3_scalability.csv,2031329.0,78553.0,results-2026-09/exp3/experiment3_scalability.csv,True
2026-09-06 21:40:14,EHAUSM-I,C8T1S5I8N5K,1,6,0.0002,0.0,0.2,47416411,47133,40,1237,1277,0,0,0,2031329,30941,1952776,0,0.43251,0.0,0.0,2623,0,1660.04,0,0,0,0,SUCCESS,0.0,1.0,,,,,,,,,,,,used,,,,20260906-2111,False,results-2026-09/exp3/experiment3_scalability.csv,2031329.0,78553.0,results-2026-09/exp3/experiment3_scalability.csv,True
2026-09-06 21:40:17,EHAUSM-I,C8T1S5I8N5K,1,7,0.0002,0.0,0.2,47416411,47133,39,1239,1279,0,0,0,2031329,30941,1952776,0,0.43251,0.0,0.0,2623,0,1668.93,0,0,0,0,SUCCESS,0.0,1.0,,,,,,,,,,,,used,,,,20260906-2111,False,results-2026-09/exp3/experiment3_scalability.csv,2031329.0,78553.0,results-2026-09/exp3/experiment3_scalability.csv,True
2026-09-06 21:40:20,EHAUSM-I,C8T1S5I8N5K,1,8,0.0002,0.0,0.2,47416411,47133,39,1238,1278,0,0,0,2031329,30941,1952776,0,0.43251,0.0,0.0,2623,0,1664.82,0,0,0,0,SUCCESS,0.0,1.0,,,,,,,,,,,,used,,,,20260906-2111,False,results-2026-09/exp3/experiment3_scalability.csv,2031329.0,78553.0,results-2026-09/exp3/experiment3_scalability.csv,True
2026-09-06 21:40:22,EHAUSM-I,C8T1S5I8N5K,1,9,0.0002,0.0,0.2,47416411,47133,40,1236,1276,0,0,0,2031329,30941,1952776,0,0.43251,0.0,0.0,2623,0,1665.17,0,0,0,0,SUCCESS,0.0,1.0,,,,,,,,,,,,used,,,,20260906-2111,False,results-2026-09/exp3/experiment3_scalability.csv,2031329.0,78553.0,results-2026-09/exp3/experiment3_scalability.csv,True
2026-09-06 21:40:28,Pre-HAUSPM,C8T1S5I8N5K,1,0,0.0002,0.2,0.2,47416411,47133,1,2967,2969,0,0,0,19323837,0,19169868,0,0.0,0.0,0.0,2623,51786,208.28,0,0,0,0,SUCCESS,0.0,2.0,,,,,,1.0,0.0,9398114.0,1521.0,,,used,,,,20260906-2111,False,results-2026-09/exp3/experiment3_scalability.csv,19323837.0,153969.0,results-2026-09/exp3/experiment3_scalability.csv,True
2026-09-06 21:40:34,Pre-HAUSPM,C8T1S5I8N5K,1,1,0.0002,0.2,0.2,47416411,47133,2,2964,2966,0,0,0,19323837,0,19169868,0,0.0,0.0,0.0,2623,51786,981.65,0,0,0,0,SUCCESS,0.0,2.0,,,,,,1.0,0.0,9398114.0,1521.0,,,used,,,,20260906-2111,False,results-2026-09/exp3/experiment3_scalability.csv,19323837.0,153969.0,results-2026-09/exp3/experiment3_scalability.csv,True
2026-09-06 21:40:40,Pre-HAUSPM,C8T1S5I8N5K,1,2,0.0002,0.2,0.2,47416411,47133,1,2960,2962,0,0,0,19323837,0,19169868,0,0.0,0.0,0.0,2623,51786,2149.0,0,0,0,0,SUCCESS,0.0,2.0,,,,,,1.0,0.0,9398114.0,1521.0,,,used,,,,20260906-2111,False,results-2026-09/exp3/experiment3_scalability.csv,19323837.0,153969.0,results-2026-09/exp3/experiment3_scalability.csv,True
2026-09-06 21:40:46,Pre-HAUSPM,C8T1S5I8N5K,1,3,0.0002,0.2,0.2,47416411,47133,2,2963,2965,0,0,0,19323837,0,19169868,0,0.0,0.0,0.0,2623,51786,982.24,0,0,0,0,SUCCESS,0.0,2.0,,,,,,1.0,0.0,9398114.0,1521.0,,,used,,,,20260906-2111,False,results-2026-09/exp3/experiment3_scalability.csv,19323837.0,153969.0,results-2026-09/exp3/experiment3_scalability.csv,True
2026-09-06 21:40:52,Pre-HAUSPM,C8T1S5I8N5K,1,4,0.0002,0.2,0.2,47416411,47133,1,2958,2960,0,0,0,19323837,0,19169868,0,0.0,0.0,0.0,2623,51786,2148.31,0,0,0,0,SUCCESS,0.0,2.0,,,,,,1.0,0.0,9398114.0,1521.0,,,used,,,,20260906-2111,False,results-2026-09/exp3/experiment3_scalability.csv,19323837.0,153969.0,results-2026-09/exp3/experiment3_scalability.csv,True
2026-09-06 21:40:58,Pre-HAUSPM,C8T1S5I8N5K,1,5,0.0002,0.2,0.2,47416411,47133,2,2962,2964,0,0,0,19323837,0,19169868,0,0.0,0.0,0.0,2623,51786,983.98,0,0,0,0,SUCCESS,0.0,2.0,,,,,,1.0,0.0,9398114.0,1521.0,,,used,,,,20260906-2111,False,results-2026-09/exp3/experiment3_scalability.csv,19323837.0,153969.0,results-2026-09/exp3/experiment3_scalability.csv,True
2026-09-06 21:41:04,Pre-HAUSPM,C8T1S5I8N5K,1,6,0.0002,0.2,0.2,47416411,47133,2,2966,2968,0,0,0,19323837,0,19169868,0,0.0,0.0,0.0,2623,51786,2151.74,0,0,0,0,SUCCESS,0.0,2.0,,,,,,1.0,0.0,9398114.0,1521.0,,,used,,,,20260906-2111,False,results-2026-09/exp3/experiment3_scalability.csv,19323837.0,153969.0,results-2026-09/exp3/experiment3_scalability.csv,True
2026-09-06 21:41:10,Pre-HAUSPM,C8T1S5I8N5K,1,7,0.0002,0.2,0.2,47416411,47133,1,2969,2971,0,0,0,19323837,0,19169868,0,0.0,0.0,0.0,2623,51786,984.39,0,0,0,0,SUCCESS,0.0,2.0,,,,,,1.0,0.0,9398114.0,1521.0,,,used,,,,20260906-2111,False,results-2026-09/exp3/experiment3_scalability.csv,19323837.0,153969.0,results-2026-09/exp3/experiment3_scalability.csv,True
2026-09-06 21:41:16,Pre-HAUSPM,C8T1S5I8N5K,1,8,0.0002,0.2,0.2,47416411,47133,1,2963,2965,0,0,0,19323837,0,19169868,0,0.0,0.0,0.0,2623,51786,2150.53,0,0,0,0,SUCCESS,0.0,2.0,,,,,,1.0,0.0,9398114.0,1521.0,,,used,,,,20260906-2111,False,results-2026-09/exp3/experiment3_scalability.csv,19323837.0,153969.0,results-2026-09/exp3/experiment3_scalability.csv,True
2026-09-06 21:41:22,Pre-HAUSPM,C8T1S5I8N5K,1,9,0.0002,0.2,0.2,47416411,47133,2,2963,2965,0,0,0,19323837,0,19169868,0,0.0,0.0,0.0,2623,51786,1045.66,0,0,0,0,SUCCESS,0.0,2.0,,,,,,1.0,0.0,9398114.0,1521.0,,,used,,,,20260906-2111,False,results-2026-09/exp3/experiment3_scalability.csv,19323837.0,153969.0,results-2026-09/exp3/experiment3_scalability.csv,True
2026-09-06 21:41:24,HAUSP-UB,C8T1S5I8N5K,1,0,0.0002,0.0,0.2,47416411,47133,67,904,972,4,43,35,1906734,46615,1799929,12578,0.0,0.208598,0.21984,2623,0,1021.87,1870891,1869456,2118,68240,SUCCESS,91130.0,3.0,,341504.0,22186560.0,155545888.0,21701248.0,,,,,12577.0,15674.0,used,,,,20260906-2111,False,results-2026-09/exp3/experiment3_scalability.csv,1906734.0,91130.0,results-2026-09/exp3/experiment3_scalability.csv,True
2026-09-06 21:41:27,HAUSP-UB,C8T1S5I8N5K,1,1,0.0002,0.0,0.2,47416411,47133,67,896,963,4,43,35,1906734,46615,1799929,12578,0.0,0.208598,0.21984,2623,0,918.34,1870891,1869456,2118,68240,SUCCESS,91130.0,3.0,,350464.0,22186560.0,155545888.0,21701248.0,,,,,12577.0,15674.0,used,,,,20260906-2111,False,results-2026-09/exp3/experiment3_scalability.csv,1906734.0,91130.0,results-2026-09/exp3/experiment3_scalability.csv,True
2026-09-06 21:41:29,HAUSP-UB,C8T1S5I8N5K,1,2,0.0002,0.0,0.2,47416411,47133,66,902,968,4,43,35,1906734,46615,1799929,12578,0.0,0.208598,0.21984,2623,0,854.67,1870891,1869456,2118,68240,SUCCESS,91130.0,3.0,,350464.0,22186560.0,155545888.0,21701248.0,,,,,12577.0,15674.0,used,,,,20260906-2111,False,results-2026-09/exp3/experiment3_scalability.csv,1906734.0,91130.0,results-2026-09/exp3/experiment3_scalability.csv,True
2026-09-06 21:41:31,HAUSP-UB,C8T1S5I8N5K,1,3,0.0002,0.0,0.2,47416411,47133,67,906,973,4,43,35,1906734,46615,1799929,12578,0.0,0.208598,0.21984,2623,0,919.59,1870891,1869456,2118,68240,SUCCESS,91130.0,3.0,,350464.0,22186560.0,155545888.0,21701248.0,,,,,12577.0,15674.0,used,,,,20260906-2111,False,results-2026-09/exp3/experiment3_scalability.csv,1906734.0,91130.0,results-2026-09/exp3/experiment3_scalability.csv,True
2026-09-06 21:41:33,HAUSP-UB,C8T1S5I8N5K,1,4,0.0002,0.0,0.2,47416411,47133,65,901,967,4,43,35,1906734,46615,1799929,12578,0.0,0.208598,0.21984,2623,0,855.36,1870891,1869456,2118,68240,SUCCESS,91130.0,3.0,,350464.0,22186560.0,155545888.0,21701248.0,,,,,12577.0,15674.0,used,,,,20260906-2111,False,results-2026-09/exp3/experiment3_scalability.csv,1906734.0,91130.0,results-2026-09/exp3/experiment3_scalability.csv,True
2026-09-06 21:41:36,HAUSP-UB,C8T1S5I8N5K,1,5,0.0002,0.0,0.2,47416411,47133,67,904,972,4,43,35,1906734,46615,1799929,12578,0.0,0.208598,0.21984,2623,0,927.82,1870891,1869456,2118,68240,SUCCESS,91130.0,3.0,,350464.0,22186560.0,155545888.0,21701248.0,,,,,12577.0,15674.0,used,,,,20260906-2111,False,results-2026-09/exp3/experiment3_scalability.csv,1906734.0,91130.0,results-2026-09/exp3/experiment3_scalability.csv,True
2026-09-06 21:41:38,HAUSP-UB,C8T1S5I8N5K,1,6,0.0002,0.0,0.2,47416411,47133,67,898,965,4,43,35,1906734,46615,1799929,12578,0.0,0.208598,0.21984,2623,0,855.27,1870891,1869456,2118,68240,SUCCESS,91130.0,3.0,,350464.0,22186560.0,155545888.0,21701248.0,,,,,12577.0,15674.0,used,,,,20260906-2111,False,results-2026-09/exp3/experiment3_scalability.csv,1906734.0,91130.0,results-2026-09/exp3/experiment3_scalability.csv,True
2026-09-06 21:41:40,HAUSP-UB,C8T1S5I8N5K,1,7,0.0002,0.0,0.2,47416411,47133,67,905,972,4,43,35,1906734,46615,1799929,12578,0.0,0.208598,0.21984,2623,0,927.25,1870891,1869456,2118,68240,SUCCESS,91130.0,3.0,,350464.0,22186560.0,155545888.0,21701248.0,,,,,12577.0,15674.0,used,,,,20260906-2111,False,results-2026-09/exp3/experiment3_scalability.csv,1906734.0,91130.0,results-2026-09/exp3/experiment3_scalability.csv,True
2026-09-06 21:41:42,HAUSP-UB,C8T1S5I8N5K,1,8,0.0002,0.0,0.2,47416411,47133,66,898,965,4,43,35,1906734,46615,1799929,12578,0.0,0.208598,0.21984,2623,0,855.18,1870891,1869456,2118,68240,SUCCESS,91130.0,3.0,,350464.0,22186560.0,155545888.0,21701248.0,,,,,12577.0,15674.0,used,,,,20260906-2111,False,results-2026-09/exp3/experiment3_scalability.csv,1906734.0,91130.0,results-2026-09/exp3/experiment3_scalability.csv,True
2026-09-06 21:41:45,HAUSP-UB,C8T1S5I8N5K,1,9,0.0002,0.0,0.2,47416411,47133,67,928,995,4,43,35,1906734,46615,1799929,12578,0.0,0.208598,0.21984,2623,0,926.51,1870891,1869456,2118,68240,SUCCESS,91130.0,3.0,,350464.0,22186560.0,155545888.0,21701248.0,,,,,12577.0,15674.0,used,,,,20260906-2111,False,results-2026-09/exp3/experiment3_scalability.csv,1906734.0,91130.0,results-2026-09/exp3/experiment3_scalability.csv,True
2026-09-06 21:41:47,HAUSP-UB,C8T1S5I8N5K,1,10,0.0002,0.0,0.2,47416411,47133,66,911,978,4,43,35,1906734,46615,1799929,12578,0.0,0.208598,0.21984,2623,0,854.84,1870891,1869456,2118,68240,SUCCESS,91130.0,3.0,,350464.0,22186560.0,155545888.0,21701248.0,,,,,12577.0,15674.0,used,,,,20260906-2111,False,results-2026-09/exp3/experiment3_scalability.csv,1906734.0,91130.0,results-2026-09/exp3/experiment3_scalability.csv,True
2026-09-06 21:41:49,HAUSP-UB,C8T1S5I8N5K,1,11,0.0002,0.0,0.2,47416411,47133,67,894,961,4,43,35,1906734,46615,1799929,12578,0.0,0.208598,0.21984,2623,0,973.6,1870891,1869456,2118,68240,SUCCESS,91130.0,3.0,,350464.0,22186560.0,155545888.0,21701248.0,,,,,12577.0,15674.0,used,,,,20260906-2111,False,results-2026-09/exp3/experiment3_scalability.csv,1906734.0,91130.0,results-2026-09/exp3/experiment3_scalability.csv,True
2026-09-06 21:41:52,HAUSP-UB,C8T1S5I8N5K,1,12,0.0002,0.0,0.2,47416411,47133,68,920,989,4,43,35,1906734,46615,1799929,12578,0.0,0.208598,0.21984,2623,0,1027.73,1870891,1869456,2118,68240,SUCCESS,91130.0,3.0,,350464.0,22186560.0,155545888.0,21701248.0,,,,,12577.0,15674.0,used,,,,20260906-2111,False,results-2026-09/exp3/experiment3_scalability.csv,1906734.0,91130.0,results-2026-09/exp3/experiment3_scalability.csv,True
2026-09-06 21:41:54,HAUSP-UB,C8T1S5I8N5K,1,13,0.0002,0.0,0.2,47416411,47133,67,897,964,4,43,35,1906734,46615,1799929,12578,0.0,0.208598,0.21984,2623,0,915.55,1870891,1869456,2118,68240,SUCCESS,91130.0,3.0,,350464.0,22186560.0,155545888.0,21701248.0,,,,,12577.0,15674.0,used,,,,20260906-2111,False,results-2026-09/exp3/experiment3_scalability.csv,1906734.0,91130.0,results-2026-09/exp3/experiment3_scalability.csv,True
2026-09-06 21:41:56,HAUSP-UB,C8T1S5I8N5K,1,14,0.0002,0.0,0.2,47416411,47133,66,901,968,4,43,35,1906734,46615,1799929,12578,0.0,0.208598,0.21984,2623,0,858.62,1870891,1869456,2118,68240,SUCCESS,91130.0,3.0,,350464.0,22186560.0,155545888.0,21701248.0,,,,,12577.0,15674.0,used,,,,20260906-2111,False,results-2026-09/exp3/experiment3_scalability.csv,1906734.0,91130.0,results-2026-09/exp3/experiment3_scalability.csv,True
2026-09-09 13:18:11,HAUSP-UB[noEUCS],BIBLE,1,0,0.0005,0.0,0.05,35550162,36369,12,14308,14321,1,594,89,90922505,12054,90687418,11096,0.0,0.29014,0.297948,29772,0,463.06,90921251,90919615,3861,13905,SUCCESS,223663.0,0.0,,145203712.0,25186112.0,0.0,119022464.0,,,,,747.0,1075.0,used,,,,20260909-1317,False,results-2026-09/exp3/experiment3_scalability.csv,90922505.0,223663.0,results-2026-09/exp3/experiment3_scalability.csv,True
2026-09-09 13:18:41,HAUSP-UB[noEUCS],BIBLE,1,1,0.0005,0.0,0.05,35550162,36369,5,14385,14390,1,613,88,90922505,12054,90687418,11096,0.0,0.29014,0.297948,29772,0,457.94,90921251,90919615,3861,13905,SUCCESS,223663.0,0.0,,136847872.0,25186112.0,0.0,119022464.0,,,,,747.0,1075.0,used,,,,20260909-1317,False,results-2026-09/exp3/experiment3_scalability.csv,90922505.0,223663.0,results-2026-09/exp3/experiment3_scalability.csv,True
2026-09-09 13:19:11,HAUSP-UB[noEUCS],BIBLE,1,2,0.0005,0.0,0.05,35550162,36369,5,14307,14313,1,600,89,90922505,12054,90687418,11096,0.0,0.29014,0.297948,29772,0,665.24,90921251,90919615,3861,13905,SUCCESS,223663.0,0.0,,137757184.0,25186112.0,0.0,119022464.0,,,,,747.0,1075.0,used,,,,20260909-1317,False,results-2026-09/exp3/experiment3_scalability.csv,90922505.0,223663.0,results-2026-09/exp3/experiment3_scalability.csv,True
2026-09-09 13:19:41,HAUSP-UB[noEUCS],BIBLE,1,0,0.0005,0.0,0.1,35550162,36369,5,14360,14366,1,591,88,90922505,12054,90687418,11096,0.0,0.29014,0.297948,29772,0,548.26,90921251,90919615,3861,13905,SUCCESS,223663.0,0.0,,145203712.0,25186112.0,0.0,119022464.0,,,,,747.0,1075.0,used,,,,20260909-1317,False,results-2026-09/exp3/experiment3_scalability.csv,90922505.0,223663.0,results-2026-09/exp3/experiment3_scalability.csv,True
2026-09-09 13:20:10,HAUSP-UB[noEUCS],BIBLE,1,1,0.0005,0.0,0.1,35550162,36369,4,14335,14340,1,597,89,90922505,12054,90687418,11096,0.0,0.29014,0.297948,29772,0,478.65,90921251,90919615,3861,13905,SUCCESS,223663.0,0.0,,145203712.0,25186112.0,0.0,119022464.0,,,,,747.0,1075.0,used,,,,20260909-1317,False,results-2026-09/exp3/experiment3_scalability.csv,90922505.0,223663.0,results-2026-09/exp3/experiment3_scalability.csv,True
2026-09-09 13:20:40,HAUSP-UB[noEUCS],BIBLE,1,2,0.0005,0.0,0.1,35550162,36369,4,14374,14379,1,591,89,90922505,12054,90687418,11096,0.0,0.29014,0.297948,29772,0,464.61,90921251,90919615,3861,13905,SUCCESS,223663.0,0.0,,145203712.0,25186112.0,0.0,119022464.0,,,,,747.0,1075.0,used,,,,20260909-1317,False,results-2026-09/exp3/experiment3_scalability.csv,90922505.0,223663.0,results-2026-09/exp3/experiment3_scalability.csv,True
2026-09-09 13:21:10,HAUSP-UB[noEUCS],BIBLE,1,0,0.0005,0.0,0.15,35550162,36369,5,14339,14345,1,593,89,90922505,12054,90687418,11096,0.0,0.29014,0.297948,29772,0,623.41,90921251,90919615,3861,13905,SUCCESS,223663.0,0.0,,126034432.0,25186112.0,0.0,119022464.0,,,,,747.0,1075.0,used,,,,20260909-1317,False,results-2026-09/exp3/experiment3_scalability.csv,90922505.0,223663.0,results-2026-09/exp3/experiment3_scalability.csv,True
2026-09-09 13:21:39,HAUSP-UB[noEUCS],BIBLE,1,1,0.0005,0.0,0.15,35550162,36369,5,14334,14339,1,602,89,90922505,12054,90687418,11096,0.0,0.29014,0.297948,29772,0,472.96,90921251,90919615,3861,13905,SUCCESS,223663.0,0.0,,145203712.0,25186112.0,0.0,119022464.0,,,,,747.0,1075.0,used,,,,20260909-1317,False,results-2026-09/exp3/experiment3_scalability.csv,90922505.0,223663.0,results-2026-09/exp3/experiment3_scalability.csv,True
2026-09-09 13:22:09,HAUSP-UB[noEUCS],BIBLE,1,2,0.0005,0.0,0.15,35550162,36369,5,14409,14414,1,595,89,90922505,12054,90687418,11096,0.0,0.29014,0.297948,29772,0,479.12,90921251,90919615,3861,13905,SUCCESS,223663.0,0.0,,145203712.0,25186112.0,0.0,119022464.0,,,,,747.0,1075.0,used,,,,20260909-1317,False,results-2026-09/exp3/experiment3_scalability.csv,90922505.0,223663.0,results-2026-09/exp3/experiment3_scalability.csv,True
2026-09-09 13:22:39,HAUSP-UB[noEUCS],BIBLE,1,0,0.0005,0.0,0.2,35550162,36369,5,14324,14330,1,596,89,90922505,12054,90687418,11096,0.0,0.29014,0.297948,29772,0,671.06,90921251,90919615,3861,13905,SUCCESS,223663.0,0.0,,133313024.0,25186112.0,0.0,119022464.0,,,,,747.0,1075.0,used,,,,20260909-1317,False,results-2026-09/exp3/experiment3_scalability.csv,90922505.0,223663.0,results-2026-09/exp3/experiment3_scalability.csv,True
2026-09-09 13:23:09,HAUSP-UB[noEUCS],BIBLE,1,1,0.0005,0.0,0.2,35550162,36369,4,14426,14431,1,598,89,90922505,12054,90687418,11096,0.0,0.29014,0.297948,29772,0,486.69,90921251,90919615,3861,13905,SUCCESS,223663.0,0.0,,145203712.0,25186112.0,0.0,119022464.0,,,,,747.0,1075.0,used,,,,20260909-1317,False,results-2026-09/exp3/experiment3_scalability.csv,90922505.0,223663.0,results-2026-09/exp3/experiment3_scalability.csv,True
2026-09-09 13:23:38,HAUSP-UB[noEUCS],BIBLE,1,2,0.0005,0.0,0.2,35550162,36369,4,14345,14350,1,592,89,90922505,12054,90687418,11096,0.0,0.29014,0.297948,29772,0,469.95,90921251,90919615,3861,13905,SUCCESS,223663.0,0.0,,145203712.0,25186112.0,0.0,119022464.0,,,,,747.0,1075.0,used,,,,20260909-1317,False,results-2026-09/exp3/experiment3_scalability.csv,90922505.0,223663.0,results-2026-09/exp3/experiment3_scalability.csv,True
2026-09-09 13:24:04,HAUSP-UB[noEUCS],BMS1_SPMF,1,0,0.0035,0.0,0.05,7229030,59601,1,25377,25378,0,876,265,103110382,170,102437014,87,0.0,0.039763,0.039814,93,0,61.97,103110126,103109908,562,497,SUCCESS,673331.0,0.0,,1473536.0,4788416.0,0.0,3720704.0,,,,,87.0,37.0,used,,,,20260909-1317,False,results-2026-09/exp3/experiment3_scalability.csv,103110382.0,673331.0,results-2026-09/exp3/experiment3_scalability.csv,True
2026-09-09 13:24:30,HAUSP-UB[noEUCS],BMS1_SPMF,1,1,0.0035,0.0,0.05,7229030,59601,1,25716,25717,0,869,267,103110382,170,102437014,87,0.0,0.039763,0.039814,93,0,62.14,103110126,103109908,562,497,SUCCESS,673331.0,0.0,,1682432.0,4788416.0,0.0,3720704.0,,,,,87.0,37.0,used,,,,20260909-1317,False,results-2026-09/exp3/experiment3_scalability.csv,103110382.0,673331.0,results-2026-09/exp3/experiment3_scalability.csv,True
2026-09-09 13:24:56,HAUSP-UB[noEUCS],BMS1_SPMF,1,2,0.0035,0.0,0.05,7229030,59601,1,25657,25659,0,780,263,103110382,170,102437014,87,0.0,0.039763,0.039814,93,0,56.47,103110126,103109908,562,497,SUCCESS,673331.0,0.0,,2018304.0,4788416.0,0.0,3720704.0,,,,,87.0,37.0,used,,,,20260909-1317,False,results-2026-09/exp3/experiment3_scalability.csv,103110382.0,673331.0,results-2026-09/exp3/experiment3_scalability.csv,True
2026-09-09 13:25:22,HAUSP-UB[noEUCS],BMS1_SPMF,1,0,0.0035,0.0,0.1,7229030,59601,1,25390,25392,0,868,263,103110382,170,102437014,87,0.0,0.039763,0.039814,93,0,61.55,103110126,103109908,562,497,SUCCESS,673331.0,0.0,,1123328.0,4788416.0,0.0,3720704.0,,,,,87.0,37.0,used,,,,20260909-1317,False,results-2026-09/exp3/experiment3_scalability.csv,103110382.0,673331.0,results-2026-09/exp3/experiment3_scalability.csv,True
2026-09-09 13:25:48,HAUSP-UB[noEUCS],BMS1_SPMF,1,1,0.0035,0.0,0.1,7229030,59601,1,25447,25449,0,871,262,103110382,170,102437014,87,0.0,0.039763,0.039814,93,0,61.61,103110126,103109908,562,497,SUCCESS,673331.0,0.0,,1473536.0,4788416.0,0.0,3720704.0,,,,,87.0,37.0,used,,,,20260909-1317,False,results-2026-09/exp3/experiment3_scalability.csv,103110382.0,673331.0,results-2026-09/exp3/experiment3_scalability.csv,True
2026-09-09 13:26:14,HAUSP-UB[noEUCS],BMS1_SPMF,1,2,0.0035,0.0,0.1,7229030,59601,1,25180,25181,0,822,263,103110382,170,102437014,87,0.0,0.039763,0.039814,93,0,61.82,103110126,103109908,562,497,SUCCESS,673331.0,0.0,,1682432.0,4788416.0,0.0,3720704.0,,,,,87.0,37.0,used,,,,20260909-1317,False,results-2026-09/exp3/experiment3_scalability.csv,103110382.0,673331.0,results-2026-09/exp3/experiment3_scalability.csv,True
2026-09-09 13:26:40,HAUSP-UB[noEUCS],BMS1_SPMF,1,0,0.0035,0.0,0.15,7229030,59601,1,25436,25438,0,869,263,103110382,170,102437014,87,0.0,0.039763,0.039814,93,0,62.14,103110126,103109908,562,497,SUCCESS,673331.0,0.0,,1473536.0,4788416.0,0.0,3720704.0,,,,,87.0,37.0,used,,,,20260909-1317,False,results-2026-09/exp3/experiment3_scalability.csv,103110382.0,673331.0,results-2026-09/exp3/experiment3_scalability.csv,True
2026-09-09 13:27:05,HAUSP-UB[noEUCS],BMS1_SPMF,1,1,0.0035,0.0,0.15,7229030,59601,1,25285,25286,0,860,263,103110382,170,102437014,87,0.0,0.039763,0.039814,93,0,62.14,103110126,103109908,562,497,SUCCESS,673331.0,0.0,,1682432.0,4788416.0,0.0,3720704.0,,,,,87.0,37.0,used,,,,20260909-1317,False,results-2026-09/exp3/experiment3_scalability.csv,103110382.0,673331.0,results-2026-09/exp3/experiment3_scalability.csv,True
2026-09-09 13:27:31,HAUSP-UB[noEUCS],BMS1_SPMF,1,2,0.0035,0.0,0.15,7229030,59601,1,25263,25264,0,814,262,103110382,170,102437014,87,0.0,0.039763,0.039814,93,0,62.14,103110126,103109908,562,497,SUCCESS,673331.0,0.0,,1682432.0,4788416.0,0.0,3720704.0,,,,,87.0,37.0,used,,,,20260909-1317,False,results-2026-09/exp3/experiment3_scalability.csv,103110382.0,673331.0,results-2026-09/exp3/experiment3_scalability.csv,True
2026-09-09 13:27:57,HAUSP-UB[noEUCS],BMS1_SPMF,1,0,0.0035,0.0,0.2,7229030,59601,1,25377,25378,0,874,263,103110382,170,102437014,87,0.0,0.039763,0.039814,93,0,61.6,103110126,103109908,562,497,SUCCESS,673331.0,0.0,,1123328.0,4788416.0,0.0,3720704.0,,,,,87.0,37.0,used,,,,20260909-1317,False,results-2026-09/exp3/experiment3_scalability.csv,103110382.0,673331.0,results-2026-09/exp3/experiment3_scalability.csv,True
2026-09-09 13:28:23,HAUSP-UB[noEUCS],BMS1_SPMF,1,1,0.0035,0.0,0.2,7229030,59601,1,25462,25463,0,870,264,103110382,170,102437014,87,0.0,0.039763,0.039814,93,0,61.61,103110126,103109908,562,497,SUCCESS,673331.0,0.0,,1473536.0,4788416.0,0.0,3720704.0,,,,,87.0,37.0,used,,,,20260909-1317,False,results-2026-09/exp3/experiment3_scalability.csv,103110382.0,673331.0,results-2026-09/exp3/experiment3_scalability.csv,True
2026-09-09 13:28:48,HAUSP-UB[noEUCS],BMS1_SPMF,1,2,0.0035,0.0,0.2,7229030,59601,1,25329,25331,0,819,263,103110382,170,102437014,87,0.0,0.039763,0.039814,93,0,61.82,103110126,103109908,562,497,SUCCESS,673331.0,0.0,,1682432.0,4788416.0,0.0,3720704.0,,,,,87.0,37.0,used,,,,20260909-1317,False,results-2026-09/exp3/experiment3_scalability.csv,103110382.0,673331.0,results-2026-09/exp3/experiment3_scalability.csv,True
2026-09-09 13:31:38,HAUSP-UB[noEUCS],FIFA,1,0,0.012,0.0,0.05,35721991,20450,3,92207,92210,0,279,54,22652772,2701,22523748,267,0.0,0.096915,0.097026,334,0,220.19,22652401,22652321,414,2990,SUCCESS,128691.0,0.0,,41910272.0,23714944.0,0.0,24383104.0,,,,,99.0,165.0,used,,,,20260909-1317,False,results-2026-09/exp3/experiment3_scalability.csv,22652772.0,128691.0,results-2026-09/exp3/experiment3_scalability.csv,True
2026-09-09 13:34:28,HAUSP-UB[noEUCS],FIFA,1,1,0.012,0.0,0.05,35721991,20450,4,92855,92860,0,276,54,22652772,2701,22523748,267,0.0,0.096915,0.097026,334,0,226.11,22652401,22652321,414,2990,SUCCESS,128691.0,0.0,,42139648.0,23714944.0,0.0,24383104.0,,,,,99.0,165.0,used,,,,20260909-1317,False,results-2026-09/exp3/experiment3_scalability.csv,22652772.0,128691.0,results-2026-09/exp3/experiment3_scalability.csv,True
2026-09-09 13:37:17,HAUSP-UB[noEUCS],FIFA,1,2,0.012,0.0,0.05,35721991,20450,3,92204,92207,0,276,55,22652772,2701,22523748,267,0.0,0.096915,0.097026,334,0,220.06,22652401,22652321,414,2990,SUCCESS,128691.0,0.0,,42139648.0,23714944.0,0.0,24383104.0,,,,,99.0,165.0,used,,,,20260909-1317,False,results-2026-09/exp3/experiment3_scalability.csv,22652772.0,128691.0,results-2026-09/exp3/experiment3_scalability.csv,True
2026-09-09 13:40:05,HAUSP-UB[noEUCS],FIFA,1,0,0.012,0.0,0.1,35721991,20450,3,91821,91825,0,282,54,22652772,2701,22523748,267,0.0,0.096915,0.097026,334,0,216.07,22652401,22652321,414,2990,SUCCESS,128691.0,0.0,,41910272.0,23714944.0,0.0,24383104.0,,,,,99.0,165.0,used,,,,20260909-1317,False,results-2026-09/exp3/experiment3_scalability.csv,22652772.0,128691.0,results-2026-09/exp3/experiment3_scalability.csv,True
2026-09-09 13:42:54,HAUSP-UB[noEUCS],FIFA,1,1,0.012,0.0,0.1,35721991,20450,3,91677,91680,0,288,54,22652772,2701,22523748,267,0.0,0.096915,0.097026,334,0,227.95,22652401,22652321,414,2990,SUCCESS,128691.0,0.0,,26542080.0,23714944.0,0.0,24383104.0,,,,,99.0,165.0,used,,,,20260909-1317,False,results-2026-09/exp3/experiment3_scalability.csv,22652772.0,128691.0,results-2026-09/exp3/experiment3_scalability.csv,True
2026-09-09 13:45:43,HAUSP-UB[noEUCS],FIFA,1,2,0.012,0.0,0.1,35721991,20450,3,91920,91924,0,289,54,22652772,2701,22523748,267,0.0,0.096915,0.097026,334,0,227.94,22652401,22652321,414,2990,SUCCESS,128691.0,0.0,,26542080.0,23714944.0,0.0,24383104.0,,,,,99.0,165.0,used,,,,20260909-1317,False,results-2026-09/exp3/experiment3_scalability.csv,22652772.0,128691.0,results-2026-09/exp3/experiment3_scalability.csv,True
2026-09-09 13:48:33,HAUSP-UB[noEUCS],FIFA,1,0,0.012,0.0,0.15,35721991,20450,3,91678,91681,0,258,55,22652772,2701,22523748,267,0.0,0.096915,0.097026,334,0,242.69,22652401,22652321,414,2990,SUCCESS,128691.0,0.0,,33357824.0,23714944.0,0.0,24383104.0,,,,,99.0,165.0,used,,,,20260909-1317,False,results-2026-09/exp3/experiment3_scalability.csv,22652772.0,128691.0,results-2026-09/exp3/experiment3_scalability.csv,True
2026-09-09 13:51:21,HAUSP-UB[noEUCS],FIFA,1,1,0.012,0.0,0.15,35721991,20450,3,91083,91086,0,224,53,22652772,2701,22523748,267,0.0,0.096915,0.097026,334,0,227.77,22652401,22652321,414,2990,SUCCESS,128691.0,0.0,,26542080.0,23714944.0,0.0,24383104.0,,,,,99.0,165.0,used,,,,20260909-1317,False,results-2026-09/exp3/experiment3_scalability.csv,22652772.0,128691.0,results-2026-09/exp3/experiment3_scalability.csv,True
2026-09-09 13:54:10,HAUSP-UB[noEUCS],FIFA,1,2,0.012,0.0,0.15,35721991,20450,3,91694,91697,0,225,53,22652772,2701,22523748,267,0.0,0.096915,0.097026,334,0,227.91,22652401,22652321,414,2990,SUCCESS,128691.0,0.0,,26542080.0,23714944.0,0.0,24383104.0,,,,,99.0,165.0,used,,,,20260909-1317,False,results-2026-09/exp3/experiment3_scalability.csv,22652772.0,128691.0,results-2026-09/exp3/experiment3_scalability.csv,True
2026-09-09 13:56:58,HAUSP-UB[noEUCS],FIFA,1,0,0.012,0.0,0.2,35721991,20450,3,91255,91258,0,226,53,22652772,2701,22523748,267,0.0,0.096915,0.097026,334,0,228.15,22652401,22652321,414,2990,SUCCESS,128691.0,0.0,,26542080.0,23714944.0,0.0,24383104.0,,,,,99.0,165.0,used,,,,20260909-1317,False,results-2026-09/exp3/experiment3_scalability.csv,22652772.0,128691.0,results-2026-09/exp3/experiment3_scalability.csv,True
2026-09-09 13:59:48,HAUSP-UB[noEUCS],FIFA,1,1,0.012,0.0,0.2,35721991,20450,3,92517,92520,0,226,53,22652772,2701,22523748,267,0.0,0.096915,0.097026,334,0,228.52,22652401,22652321,414,2990,SUCCESS,128691.0,0.0,,26542080.0,23714944.0,0.0,24383104.0,,,,,99.0,165.0,used,,,,20260909-1317,False,results-2026-09/exp3/experiment3_scalability.csv,22652772.0,128691.0,results-2026-09/exp3/experiment3_scalability.csv,True
2026-09-09 14:02:37,HAUSP-UB[noEUCS],FIFA,1,2,0.012,0.0,0.2,35721991,20450,3,92092,92096,0,256,54,22652772,2701,22523748,267,0.0,0.096915,0.097026,334,0,228.27,22652401,22652321,414,2990,SUCCESS,128691.0,0.0,,26542080.0,23714944.0,0.0,24383104.0,,,,,99.0,165.0,used,,,,20260909-1317,False,results-2026-09/exp3/experiment3_scalability.csv,22652772.0,128691.0,results-2026-09/exp3/experiment3_scalability.csv,True
2026-09-09 14:03:21,HAUSP-UB[noEUCS],KOSARAK,1,0,0.005,0.0,0.05,400890653,990002,67,22955,23022,10,50,4,5996043,38834,5986189,1379,0.0,0.027005,0.032215,44,0,2662.82,5993972,5992240,4222,41270,SUCCESS,8432.0,0.0,,245252096.0,256608480.0,0.0,341789824.0,,,,,1379.0,1422.0,used,,,,20260909-1317,False,results-2026-09/exp3/experiment3_scalability.csv,5996043.0,8432.0,results-2026-09/exp3/experiment3_scalability.csv,True
2026-09-09 14:04:03,HAUSP-UB[noEUCS],KOSARAK,1,1,0.005,0.0,0.05,400890653,990002,66,22978,23044,10,50,4,5996043,38834,5986189,1379,0.0,0.027005,0.032215,44,0,2662.82,5993972,5992240,4222,41270,SUCCESS,8432.0,0.0,,245252096.0,256608480.0,0.0,341789824.0,,,,,1379.0,1422.0,used,,,,20260909-1317,False,results-2026-09/exp3/experiment3_scalability.csv,5996043.0,8432.0,results-2026-09/exp3/experiment3_scalability.csv,True
2026-09-09 14:04:45,HAUSP-UB[noEUCS],KOSARAK,1,2,0.005,0.0,0.05,400890653,990002,72,23088,23160,10,52,4,5996043,38834,5986189,1379,0.0,0.027005,0.032215,44,0,2662.82,5993972,5992240,4222,41270,SUCCESS,8432.0,0.0,,245252096.0,256608480.0,0.0,341789824.0,,,,,1379.0,1422.0,used,,,,20260909-1317,False,results-2026-09/exp3/experiment3_scalability.csv,5996043.0,8432.0,results-2026-09/exp3/experiment3_scalability.csv,True
2026-09-09 14:05:29,HAUSP-UB[noEUCS],KOSARAK,1,0,0.005,0.0,0.1,400890653,990002,59,23082,23142,7,51,4,5996043,38834,5986189,1379,0.0,0.027005,0.032215,44,0,2653.91,5993972,5992240,4222,41270,SUCCESS,8432.0,0.0,,245252096.0,256608480.0,0.0,341789824.0,,,,,1379.0,1422.0,used,,,,20260909-1317,False,results-2026-09/exp3/experiment3_scalability.csv,5996043.0,8432.0,results-2026-09/exp3/experiment3_scalability.csv,True
2026-09-09 14:06:12,HAUSP-UB[noEUCS],KOSARAK,1,1,0.005,0.0,0.1,400890653,990002,64,23059,23124,7,52,4,5996043,38834,5986189,1379,0.0,0.027005,0.032215,44,0,2661.5,5993972,5992240,4222,41270,SUCCESS,8432.0,0.0,,245252096.0,256608480.0,0.0,341789824.0,,,,,1379.0,1422.0,used,,,,20260909-1317,False,results-2026-09/exp3/experiment3_scalability.csv,5996043.0,8432.0,results-2026-09/exp3/experiment3_scalability.csv,True
2026-09-09 14:06:54,HAUSP-UB[noEUCS],KOSARAK,1,2,0.005,0.0,0.1,400890653,990002,59,23009,23069,7,51,4,5996043,38834,5986189,1379,0.0,0.027005,0.032215,44,0,2653.91,5993972,5992240,4222,41270,SUCCESS,8432.0,0.0,,245252096.0,256608480.0,0.0,341789824.0,,,,,1379.0,1422.0,used,,,,20260909-1317,False,results-2026-09/exp3/experiment3_scalability.csv,5996043.0,8432.0,results-2026-09/exp3/experiment3_scalability.csv,True
2026-09-09 14:07:38,HAUSP-UB[noEUCS],KOSARAK,1,0,0.005,0.0,0.15,400890653,990002,73,23170,23244,11,51,4,5996043,38834,5986189,1379,0.0,0.027005,0.032215,44,0,2653.27,5993972,5992240,4222,41270,SUCCESS,8432.0,0.0,,245252096.0,256608480.0,0.0,341789824.0,,,,,1379.0,1422.0,used,,,,20260909-1317,False,results-2026-09/exp3/experiment3_scalability.csv,5996043.0,8432.0,results-2026-09/exp3/experiment3_scalability.csv,True
2026-09-09 14:08:20,HAUSP-UB[noEUCS],KOSARAK,1,1,0.005,0.0,0.15,400890653,990002,68,22956,23025,11,52,4,5996043,38834,5986189,1379,0.0,0.027005,0.032215,44,0,2653.27,5993972,5992240,4222,41270,SUCCESS,8432.0,0.0,,245252096.0,256608480.0,0.0,341789824.0,,,,,1379.0,1422.0,used,,,,20260909-1317,False,results-2026-09/exp3/experiment3_scalability.csv,5996043.0,8432.0,results-2026-09/exp3/experiment3_scalability.csv,True
2026-09-09 14:09:03,HAUSP-UB[noEUCS],KOSARAK,1,2,0.005,0.0,0.15,400890653,990002,68,22977,23046,11,51,3,5996043,38834,5986189,1379,0.0,0.027005,0.032215,44,0,2669.27,5993972,5992240,4222,41270,SUCCESS,8432.0,0.0,,245252096.0,256608480.0,0.0,341789824.0,,,,,1379.0,1422.0,used,,,,20260909-1317,False,results-2026-09/exp3/experiment3_scalability.csv,5996043.0,8432.0,results-2026-09/exp3/experiment3_scalability.csv,True
2026-09-09 14:09:47,HAUSP-UB[noEUCS],KOSARAK,1,0,0.005,0.0,0.2,400890653,990002,59,23255,23315,7,50,4,5996043,38834,5986189,1379,0.0,0.027005,0.032215,44,0,2645.77,5993972,5992240,4222,41270,SUCCESS,8432.0,0.0,,245252096.0,256608480.0,0.0,341789824.0,,,,,1379.0,1422.0,used,,,,20260909-1317,False,results-2026-09/exp3/experiment3_scalability.csv,5996043.0,8432.0,results-2026-09/exp3/experiment3_scalability.csv,True
2026-09-09 14:10:29,HAUSP-UB[noEUCS],KOSARAK,1,1,0.005,0.0,0.2,400890653,990002,59,22946,23006,7,51,4,5996043,38834,5986189,1379,0.0,0.027005,0.032215,44,0,2653.77,5993972,5992240,4222,41270,SUCCESS,8432.0,0.0,,245252096.0,256608480.0,0.0,341789824.0,,,,,1379.0,1422.0,used,,,,20260909-1317,False,results-2026-09/exp3/experiment3_scalability.csv,5996043.0,8432.0,results-2026-09/exp3/experiment3_scalability.csv,True
2026-09-09 14:11:11,HAUSP-UB[noEUCS],KOSARAK,1,2,0.005,0.0,0.2,400890653,990002,59,22974,23034,7,51,4,5996043,38834,5986189,1379,0.0,0.027005,0.032215,44,0,2677.77,5993972,5992240,4222,41270,SUCCESS,8432.0,0.0,,245252096.0,256608480.0,0.0,341789824.0,,,,,1379.0,1422.0,used,,,,20260909-1317,False,results-2026-09/exp3/experiment3_scalability.csv,5996043.0,8432.0,results-2026-09/exp3/experiment3_scalability.csv,True
2026-09-09 14:11:15,HAUSP-UB[noEUCS],LEVIATHAN,1,0,0.003,0.0,0.05,14156241,5834,1,1647,1649,0,47,10,6599011,8336,6570516,1777,0.0,0.366961,0.379732,6511,0,133.1,6598677,6597757,1603,9025,SUCCESS,26495.0,0.0,,20701184.0,6312032.0,0.0,22907520.0,,,,,336.0,559.0,used,,,,20260909-1317,False,results-2026-09/exp3/experiment3_scalability.csv,6599011.0,26495.0,results-2026-09/exp3/experiment3_scalability.csv,True
2026-09-09 14:11:18,HAUSP-UB[noEUCS],LEVIATHAN,1,1,0.003,0.0,0.05,14156241,5834,1,1642,1643,0,45,10,6599011,8336,6570516,1777,0.0,0.366961,0.379732,6511,0,97.61,6598677,6597757,1603,9025,SUCCESS,26495.0,0.0,,20701184.0,6312032.0,0.0,22907520.0,,,,,336.0,559.0,used,,,,20260909-1317,False,results-2026-09/exp3/experiment3_scalability.csv,6599011.0,26495.0,results-2026-09/exp3/experiment3_scalability.csv,True
2026-09-09 14:11:21,HAUSP-UB[noEUCS],LEVIATHAN,1,2,0.003,0.0,0.05,14156241,5834,1,1649,1651,0,46,10,6599011,8336,6570516,1777,0.0,0.366961,0.379732,6511,0,126.21,6598677,6597757,1603,9025,SUCCESS,26495.0,0.0,,22691840.0,6312032.0,0.0,22907520.0,,,,,336.0,559.0,used,,,,20260909-1317,False,results-2026-09/exp3/experiment3_scalability.csv,6599011.0,26495.0,results-2026-09/exp3/experiment3_scalability.csv,True
2026-09-09 14:11:24,HAUSP-UB[noEUCS],LEVIATHAN,1,3,0.003,0.0,0.05,14156241,5834,1,1646,1647,0,45,10,6599011,8336,6570516,1777,0.0,0.366961,0.379732,6511,0,95.27,6598677,6597757,1603,9025,SUCCESS,26495.0,0.0,,20701184.0,6312032.0,0.0,22907520.0,,,,,336.0,559.0,used,,,,20260909-1317,False,results-2026-09/exp3/experiment3_scalability.csv,6599011.0,26495.0,results-2026-09/exp3/experiment3_scalability.csv,True
2026-09-09 14:11:28,HAUSP-UB[noEUCS],LEVIATHAN,1,4,0.003,0.0,0.05,14156241,5834,1,1642,1644,0,45,10,6599011,8336,6570516,1777,0.0,0.366961,0.379732,6511,0,117.88,6598677,6597757,1603,9025,SUCCESS,26495.0,0.0,,22691840.0,6312032.0,0.0,22907520.0,,,,,336.0,559.0,used,,,,20260909-1317,False,results-2026-09/exp3/experiment3_scalability.csv,6599011.0,26495.0,results-2026-09/exp3/experiment3_scalability.csv,True
2026-09-09 14:11:31,HAUSP-UB[noEUCS],LEVIATHAN,1,5,0.003,0.0,0.05,14156241,5834,1,1647,1649,0,45,10,6599011,8336,6570516,1777,0.0,0.366961,0.379732,6511,0,95.71,6598677,6597757,1603,9025,SUCCESS,26495.0,0.0,,20701184.0,6312032.0,0.0,22907520.0,,,,,336.0,559.0,used,,,,20260909-1317,False,results-2026-09/exp3/experiment3_scalability.csv,6599011.0,26495.0,results-2026-09/exp3/experiment3_scalability.csv,True
2026-09-09 14:11:34,HAUSP-UB[noEUCS],LEVIATHAN,1,6,0.003,0.0,0.05,14156241,5834,1,1643,1645,0,45,10,6599011,8336,6570516,1777,0.0,0.366961,0.379732,6511,0,118.4,6598677,6597757,1603,9025,SUCCESS,26495.0,0.0,,22691840.0,6312032.0,0.0,22907520.0,,,,,336.0,559.0,used,,,,20260909-1317,False,results-2026-09/exp3/experiment3_scalability.csv,6599011.0,26495.0,results-2026-09/exp3/experiment3_scalability.csv,True
2026-09-09 14:11:37,HAUSP-UB[noEUCS],LEVIATHAN,1,7,0.003,0.0,0.05,14156241,5834,1,1661,1662,0,45,10,6599011,8336,6570516,1777,0.0,0.366961,0.379732,6511,0,96.21,6598677,6597757,1603,9025,SUCCESS,26495.0,0.0,,20701184.0,6312032.0,0.0,22907520.0,,,,,336.0,559.0,used,,,,20260909-1317,False,results-2026-09/exp3/experiment3_scalability.csv,6599011.0,26495.0,results-2026-09/exp3/experiment3_scalability.csv,True
2026-09-09 14:11:40,HAUSP-UB[noEUCS],LEVIATHAN,1,8,0.003,0.0,0.05,14156241,5834,1,1646,1647,0,45,10,6599011,8336,6570516,1777,0.0,0.366961,0.379732,6511,0,118.56,6598677,6597757,1603,9025,SUCCESS,26495.0,0.0,,22691840.0,6312032.0,0.0,22907520.0,,,,,336.0,559.0,used,,,,20260909-1317,False,results-2026-09/exp3/experiment3_scalability.csv,6599011.0,26495.0,results-2026-09/exp3/experiment3_scalability.csv,True
2026-09-09 14:11:43,HAUSP-UB[noEUCS],LEVIATHAN,1,9,0.003,0.0,0.05,14156241,5834,1,1662,1664,0,45,10,6599011,8336,6570516,1777,0.0,0.366961,0.379732,6511,0,95.05,6598677,6597757,1603,9025,SUCCESS,26495.0,0.0,,20701184.0,6312032.0,0.0,22907520.0,,,,,336.0,559.0,used,,,,20260909-1317,False,results-2026-09/exp3/experiment3_scalability.csv,6599011.0,26495.0,results-2026-09/exp3/experiment3_scalability.csv,True
2026-09-09 14:11:47,HAUSP-UB[noEUCS],LEVIATHAN,1,0,0.003,0.0,0.1,14156241,5834,1,1647,1648,0,45,10,6599011,8336,6570516,1777,0.0,0.366961,0.379732,6511,0,95.9,6598677,6597757,1603,9025,SUCCESS,26495.0,0.0,,20701184.0,6312032.0,0.0,22907520.0,,,,,336.0,559.0,used,,,,20260909-1317,False,results-2026-09/exp3/experiment3_scalability.csv,6599011.0,26495.0,results-2026-09/exp3/experiment3_scalability.csv,True
2026-09-09 14:11:50,HAUSP-UB[noEUCS],LEVIATHAN,1,1,0.003,0.0,0.1,14156241,5834,1,1648,1649,0,45,10,6599011,8336,6570516,1777,0.0,0.366961,0.379732,6511,0,98.45,6598677,6597757,1603,9025,SUCCESS,26495.0,0.0,,22691840.0,6312032.0,0.0,22907520.0,,,,,336.0,559.0,used,,,,20260909-1317,False,results-2026-09/exp3/experiment3_scalability.csv,6599011.0,26495.0,results-2026-09/exp3/experiment3_scalability.csv,True
2026-09-09 14:11:53,HAUSP-UB[noEUCS],LEVIATHAN,1,2,0.003,0.0,0.1,14156241,5834,1,1658,1659,0,45,10,6599011,8336,6570516,1777,0.0,0.366961,0.379732,6511,0,96.69,6598677,6597757,1603,9025,SUCCESS,26495.0,0.0,,20701184.0,6312032.0,0.0,22907520.0,,,,,336.0,559.0,used,,,,20260909-1317,False,results-2026-09/exp3/experiment3_scalability.csv,6599011.0,26495.0,results-2026-09/exp3/experiment3_scalability.csv,True
2026-09-09 14:11:56,HAUSP-UB[noEUCS],LEVIATHAN,1,3,0.003,0.0,0.1,14156241,5834,1,1645,1646,0,45,10,6599011,8336,6570516,1777,0.0,0.366961,0.379732,6511,0,117.69,6598677,6597757,1603,9025,SUCCESS,26495.0,0.0,,22691840.0,6312032.0,0.0,22907520.0,,,,,336.0,559.0,used,,,,20260909-1317,False,results-2026-09/exp3/experiment3_scalability.csv,6599011.0,26495.0,results-2026-09/exp3/experiment3_scalability.csv,True
2026-09-09 14:11:59,HAUSP-UB[noEUCS],LEVIATHAN,1,4,0.003,0.0,0.1,14156241,5834,1,1641,1643,0,45,10,6599011,8336,6570516,1777,0.0,0.366961,0.379732,6511,0,94.6,6598677,6597757,1603,9025,SUCCESS,26495.0,0.0,,20701184.0,6312032.0,0.0,22907520.0,,,,,336.0,559.0,used,,,,20260909-1317,False,results-2026-09/exp3/experiment3_scalability.csv,6599011.0,26495.0,results-2026-09/exp3/experiment3_scalability.csv,True
2026-09-09 14:12:02,HAUSP-UB[noEUCS],LEVIATHAN,1,5,0.003,0.0,0.1,14156241,5834,1,1645,1647,0,45,10,6599011,8336,6570516,1777,0.0,0.366961,0.379732,6511,0,118.2,6598677,6597757,1603,9025,SUCCESS,26495.0,0.0,,22691840.0,6312032.0,0.0,22907520.0,,,,,336.0,559.0,used,,,,20260909-1317,False,results-2026-09/exp3/experiment3_scalability.csv,6599011.0,26495.0,results-2026-09/exp3/experiment3_scalability.csv,True
2026-09-09 14:12:06,HAUSP-UB[noEUCS],LEVIATHAN,1,6,0.003,0.0,0.1,14156241,5834,1,1665,1666,0,45,10,6599011,8336,6570516,1777,0.0,0.366961,0.379732,6511,0,95.03,6598677,6597757,1603,9025,SUCCESS,26495.0,0.0,,20701184.0,6312032.0,0.0,22907520.0,,,,,336.0,559.0,used,,,,20260909-1317,False,results-2026-09/exp3/experiment3_scalability.csv,6599011.0,26495.0,results-2026-09/exp3/experiment3_scalability.csv,True
2026-09-09 14:12:09,HAUSP-UB[noEUCS],LEVIATHAN,1,7,0.003,0.0,0.1,14156241,5834,1,1656,1657,0,45,10,6599011,8336,6570516,1777,0.0,0.366961,0.379732,6511,0,118.04,6598677,6597757,1603,9025,SUCCESS,26495.0,0.0,,22691840.0,6312032.0,0.0,22907520.0,,,,,336.0,559.0,used,,,,20260909-1317,False,results-2026-09/exp3/experiment3_scalability.csv,6599011.0,26495.0,results-2026-09/exp3/experiment3_scalability.csv,True
2026-09-09 14:12:12,HAUSP-UB[noEUCS],LEVIATHAN,1,8,0.003,0.0,0.1,14156241,5834,1,1645,1646,0,45,10,6599011,8336,6570516,1777,0.0,0.366961,0.379732,6511,0,95.37,6598677,6597757,1603,9025,SUCCESS,26495.0,0.0,,20701184.0,6312032.0,0.0,22907520.0,,,,,336.0,559.0,used,,,,20260909-1317,False,results-2026-09/exp3/experiment3_scalability.csv,6599011.0,26495.0,results-2026-09/exp3/experiment3_scalability.csv,True
2026-09-09 14:12:15,HAUSP-UB[noEUCS],LEVIATHAN,1,9,0.003,0.0,0.1,14156241,5834,1,1648,1649,0,45,10,6599011,8336,6570516,1777,0.0,0.366961,0.379732,6511,0,118.33,6598677,6597757,1603,9025,SUCCESS,26495.0,0.0,,22691840.0,6312032.0,0.0,22907520.0,,,,,336.0,559.0,used,,,,20260909-1317,False,results-2026-09/exp3/experiment3_scalability.csv,6599011.0,26495.0,results-2026-09/exp3/experiment3_scalability.csv,True
2026-09-09 14:12:19,HAUSP-UB[noEUCS],LEVIATHAN,1,0,0.003,0.0,0.15,14156241,5834,1,1644,1645,0,46,10,6599011,8336,6570516,1777,0.0,0.366961,0.379732,6511,0,94.25,6598677,6597757,1603,9025,SUCCESS,26495.0,0.0,,20701184.0,6312032.0,0.0,22907520.0,,,,,336.0,559.0,used,,,,20260909-1317,False,results-2026-09/exp3/experiment3_scalability.csv,6599011.0,26495.0,results-2026-09/exp3/experiment3_scalability.csv,True
2026-09-09 14:12:22,HAUSP-UB[noEUCS],LEVIATHAN,1,1,0.003,0.0,0.15,14156241,5834,1,1646,1648,0,45,10,6599011,8336,6570516,1777,0.0,0.366961,0.379732,6511,0,99.88,6598677,6597757,1603,9025,SUCCESS,26495.0,0.0,,22691840.0,6312032.0,0.0,22907520.0,,,,,336.0,559.0,used,,,,20260909-1317,False,results-2026-09/exp3/experiment3_scalability.csv,6599011.0,26495.0,results-2026-09/exp3/experiment3_scalability.csv,True
2026-09-09 14:12:25,HAUSP-UB[noEUCS],LEVIATHAN,1,2,0.003,0.0,0.15,14156241,5834,1,1644,1645,0,45,10,6599011,8336,6570516,1777,0.0,0.366961,0.379732,6511,0,94.82,6598677,6597757,1603,9025,SUCCESS,26495.0,0.0,,20701184.0,6312032.0,0.0,22907520.0,,,,,336.0,559.0,used,,,,20260909-1317,False,results-2026-09/exp3/experiment3_scalability.csv,6599011.0,26495.0,results-2026-09/exp3/experiment3_scalability.csv,True
2026-09-09 14:12:28,HAUSP-UB[noEUCS],LEVIATHAN,1,3,0.003,0.0,0.15,14156241,5834,1,1646,1647,0,45,10,6599011,8336,6570516,1777,0.0,0.366961,0.379732,6511,0,118.13,6598677,6597757,1603,9025,SUCCESS,26495.0,0.0,,22691840.0,6312032.0,0.0,22907520.0,,,,,336.0,559.0,used,,,,20260909-1317,False,results-2026-09/exp3/experiment3_scalability.csv,6599011.0,26495.0,results-2026-09/exp3/experiment3_scalability.csv,True
2026-09-09 14:12:31,HAUSP-UB[noEUCS],LEVIATHAN,1,4,0.003,0.0,0.15,14156241,5834,1,1643,1644,0,45,10,6599011,8336,6570516,1777,0.0,0.366961,0.379732,6511,0,95.34,6598677,6597757,1603,9025,SUCCESS,26495.0,0.0,,20701184.0,6312032.0,0.0,22907520.0,,,,,336.0,559.0,used,,,,20260909-1317,False,results-2026-09/exp3/experiment3_scalability.csv,6599011.0,26495.0,results-2026-09/exp3/experiment3_scalability.csv,True
2026-09-09 14:12:34,HAUSP-UB[noEUCS],LEVIATHAN,1,5,0.003,0.0,0.15,14156241,5834,1,1643,1644,0,45,10,6599011,8336,6570516,1777,0.0,0.366961,0.379732,6511,0,118.26,6598677,6597757,1603,9025,SUCCESS,26495.0,0.0,,22691840.0,6312032.0,0.0,22907520.0,,,,,336.0,559.0,used,,,,20260909-1317,False,results-2026-09/exp3/experiment3_scalability.csv,6599011.0,26495.0,results-2026-09/exp3/experiment3_scalability.csv,True
2026-09-09 14:12:37,HAUSP-UB[noEUCS],LEVIATHAN,1,6,0.003,0.0,0.15,14156241,5834,1,1666,1668,0,45,10,6599011,8336,6570516,1777,0.0,0.366961,0.379732,6511,0,94.48,6598677,6597757,1603,9025,SUCCESS,26495.0,0.0,,20701184.0,6312032.0,0.0,22907520.0,,,,,336.0,559.0,used,,,,20260909-1317,False,results-2026-09/exp3/experiment3_scalability.csv,6599011.0,26495.0,results-2026-09/exp3/experiment3_scalability.csv,True
2026-09-09 14:12:41,HAUSP-UB[noEUCS],LEVIATHAN,1,7,0.003,0.0,0.15,14156241,5834,1,1641,1643,0,45,10,6599011,8336,6570516,1777,0.0,0.366961,0.379732,6511,0,117.92,6598677,6597757,1603,9025,SUCCESS,26495.0,0.0,,22691840.0,6312032.0,0.0,22907520.0,,,,,336.0,559.0,used,,,,20260909-1317,False,results-2026-09/exp3/experiment3_scalability.csv,6599011.0,26495.0,results-2026-09/exp3/experiment3_scalability.csv,True
2026-09-09 14:12:44,HAUSP-UB[noEUCS],LEVIATHAN,1,8,0.003,0.0,0.15,14156241,5834,1,1662,1663,0,45,10,6599011,8336,6570516,1777,0.0,0.366961,0.379732,6511,0,95.15,6598677,6597757,1603,9025,SUCCESS,26495.0,0.0,,20701184.0,6312032.0,0.0,22907520.0,,,,,336.0,559.0,used,,,,20260909-1317,False,results-2026-09/exp3/experiment3_scalability.csv,6599011.0,26495.0,results-2026-09/exp3/experiment3_scalability.csv,True
2026-09-09 14:12:47,HAUSP-UB[noEUCS],LEVIATHAN,1,9,0.003,0.0,0.15,14156241,5834,1,1645,1646,0,45,10,6599011,8336,6570516,1777,0.0,0.366961,0.379732,6511,0,118.11,6598677,6597757,1603,9025,SUCCESS,26495.0,0.0,,22691840.0,6312032.0,0.0,22907520.0,,,,,336.0,559.0,used,,,,20260909-1317,False,results-2026-09/exp3/experiment3_scalability.csv,6599011.0,26495.0,results-2026-09/exp3/experiment3_scalability.csv,True
2026-09-09 14:12:50,HAUSP-UB[noEUCS],LEVIATHAN,1,0,0.003,0.0,0.2,14156241,5834,1,1645,1647,0,46,10,6599011,8336,6570516,1777,0.0,0.366961,0.379732,6511,0,95.13,6598677,6597757,1603,9025,SUCCESS,26495.0,0.0,,20701184.0,6312032.0,0.0,22907520.0,,,,,336.0,559.0,used,,,,20260909-1317,False,results-2026-09/exp3/experiment3_scalability.csv,6599011.0,26495.0,results-2026-09/exp3/experiment3_scalability.csv,True
2026-09-09 14:12:53,HAUSP-UB[noEUCS],LEVIATHAN,1,1,0.003,0.0,0.2,14156241,5834,1,1643,1644,0,45,10,6599011,8336,6570516,1777,0.0,0.366961,0.379732,6511,0,98.99,6598677,6597757,1603,9025,SUCCESS,26495.0,0.0,,22691840.0,6312032.0,0.0,22907520.0,,,,,336.0,559.0,used,,,,20260909-1317,False,results-2026-09/exp3/experiment3_scalability.csv,6599011.0,26495.0,results-2026-09/exp3/experiment3_scalability.csv,True
2026-09-09 14:12:57,HAUSP-UB[noEUCS],LEVIATHAN,1,2,0.003,0.0,0.2,14156241,5834,1,1644,1646,0,45,10,6599011,8336,6570516,1777,0.0,0.366961,0.379732,6511,0,95.72,6598677,6597757,1603,9025,SUCCESS,26495.0,0.0,,20701184.0,6312032.0,0.0,22907520.0,,,,,336.0,559.0,used,,,,20260909-1317,False,results-2026-09/exp3/experiment3_scalability.csv,6599011.0,26495.0,results-2026-09/exp3/experiment3_scalability.csv,True
2026-09-09 14:13:00,HAUSP-UB[noEUCS],LEVIATHAN,1,3,0.003,0.0,0.2,14156241,5834,1,1644,1646,0,45,10,6599011,8336,6570516,1777,0.0,0.366961,0.379732,6511,0,118.16,6598677,6597757,1603,9025,SUCCESS,26495.0,0.0,,22691840.0,6312032.0,0.0,22907520.0,,,,,336.0,559.0,used,,,,20260909-1317,False,results-2026-09/exp3/experiment3_scalability.csv,6599011.0,26495.0,results-2026-09/exp3/experiment3_scalability.csv,True
2026-09-09 14:13:03,HAUSP-UB[noEUCS],LEVIATHAN,1,4,0.003,0.0,0.2,14156241,5834,1,1666,1667,0,46,10,6599011,8336,6570516,1777,0.0,0.366961,0.379732,6511,0,95.47,6598677,6597757,1603,9025,SUCCESS,26495.0,0.0,,20701184.0,6312032.0,0.0,22907520.0,,,,,336.0,559.0,used,,,,20260909-1317,False,results-2026-09/exp3/experiment3_scalability.csv,6599011.0,26495.0,results-2026-09/exp3/experiment3_scalability.csv,True
2026-09-09 14:13:06,HAUSP-UB[noEUCS],LEVIATHAN,1,5,0.003,0.0,0.2,14156241,5834,1,1644,1646,0,45,10,6599011,8336,6570516,1777,0.0,0.366961,0.379732,6511,0,118.43,6598677,6597757,1603,9025,SUCCESS,26495.0,0.0,,22691840.0,6312032.0,0.0,22907520.0,,,,,336.0,559.0,used,,,,20260909-1317,False,results-2026-09/exp3/experiment3_scalability.csv,6599011.0,26495.0,results-2026-09/exp3/experiment3_scalability.csv,True
2026-09-09 14:13:09,HAUSP-UB[noEUCS],LEVIATHAN,1,6,0.003,0.0,0.2,14156241,5834,1,1652,1653,0,45,10,6599011,8336,6570516,1777,0.0,0.366961,0.379732,6511,0,95.86,6598677,6597757,1603,9025,SUCCESS,26495.0,0.0,,20701184.0,6312032.0,0.0,22907520.0,,,,,336.0,559.0,used,,,,20260909-1317,False,results-2026-09/exp3/experiment3_scalability.csv,6599011.0,26495.0,results-2026-09/exp3/experiment3_scalability.csv,True
2026-09-09 14:13:12,HAUSP-UB[noEUCS],LEVIATHAN,1,7,0.003,0.0,0.2,14156241,5834,1,1645,1647,0,45,10,6599011,8336,6570516,1777,0.0,0.366961,0.379732,6511,0,118.17,6598677,6597757,1603,9025,SUCCESS,26495.0,0.0,,22691840.0,6312032.0,0.0,22907520.0,,,,,336.0,559.0,used,,,,20260909-1317,False,results-2026-09/exp3/experiment3_scalability.csv,6599011.0,26495.0,results-2026-09/exp3/experiment3_scalability.csv,True
2026-09-09 14:13:16,HAUSP-UB[noEUCS],LEVIATHAN,1,8,0.003,0.0,0.2,14156241,5834,1,1663,1664,0,46,10,6599011,8336,6570516,1777,0.0,0.366961,0.379732,6511,0,96.16,6598677,6597757,1603,9025,SUCCESS,26495.0,0.0,,20701184.0,6312032.0,0.0,22907520.0,,,,,336.0,559.0,used,,,,20260909-1317,False,results-2026-09/exp3/experiment3_scalability.csv,6599011.0,26495.0,results-2026-09/exp3/experiment3_scalability.csv,True
2026-09-09 14:13:19,HAUSP-UB[noEUCS],LEVIATHAN,1,9,0.003,0.0,0.2,14156241,5834,1,1643,1645,0,45,10,6599011,8336,6570516,1777,0.0,0.366961,0.379732,6511,0,118.44,6598677,6597757,1603,9025,SUCCESS,26495.0,0.0,,22691840.0,6312032.0,0.0,22907520.0,,,,,336.0,559.0,used,,,,20260909-1317,False,results-2026-09/exp3/experiment3_scalability.csv,6599011.0,26495.0,results-2026-09/exp3/experiment3_scalability.csv,True
2026-09-09 14:13:34,HAUSP-UB[noEUCS],SIGN,1,0,0.003,0.0,0.05,1668652,730,0,8092,8092,0,654,233,87193705,32,86599744,60,0.0,0.176058,0.176085,12666,0,24.41,87193456,87193439,754,267,SUCCESS,593947.0,0.0,,5456000.0,1214656.0,0.0,905472.0,,,,,60.0,14.0,used,,,,20260909-1317,False,results-2026-09/exp3/experiment3_scalability.csv,87193705.0,593947.0,results-2026-09/exp3/experiment3_scalability.csv,True
2026-09-09 14:13:49,HAUSP-UB[noEUCS],SIGN,1,1,0.003,0.0,0.05,1668652,730,0,8092,8093,0,654,234,87193705,32,86599744,60,0.0,0.176058,0.176085,12666,0,24.38,87193456,87193439,754,267,SUCCESS,593947.0,0.0,,5456000.0,1214656.0,0.0,905472.0,,,,,60.0,14.0,used,,,,20260909-1317,False,results-2026-09/exp3/experiment3_scalability.csv,87193705.0,593947.0,results-2026-09/exp3/experiment3_scalability.csv,True
2026-09-09 14:14:05,HAUSP-UB[noEUCS],SIGN,1,2,0.003,0.0,0.05,1668652,730,0,8092,8092,0,654,234,87193705,32,86599744,60,0.0,0.176058,0.176085,12666,0,24.37,87193456,87193439,754,267,SUCCESS,593947.0,0.0,,5456000.0,1214656.0,0.0,905472.0,,,,,60.0,14.0,used,,,,20260909-1317,False,results-2026-09/exp3/experiment3_scalability.csv,87193705.0,593947.0,results-2026-09/exp3/experiment3_scalability.csv,True
2026-09-09 14:14:20,HAUSP-UB[noEUCS],SIGN,1,3,0.003,0.0,0.05,1668652,730,0,8098,8098,0,653,233,87193705,32,86599744,60,0.0,0.176058,0.176085,12666,0,24.36,87193456,87193439,754,267,SUCCESS,593947.0,0.0,,5456000.0,1214656.0,0.0,905472.0,,,,,60.0,14.0,used,,,,20260909-1317,False,results-2026-09/exp3/experiment3_scalability.csv,87193705.0,593947.0,results-2026-09/exp3/experiment3_scalability.csv,True
2026-09-09 14:14:35,HAUSP-UB[noEUCS],SIGN,1,4,0.003,0.0,0.05,1668652,730,0,8089,8089,0,652,234,87193705,32,86599744,60,0.0,0.176058,0.176085,12666,0,24.36,87193456,87193439,754,267,SUCCESS,593947.0,0.0,,5456000.0,1214656.0,0.0,905472.0,,,,,60.0,14.0,used,,,,20260909-1317,False,results-2026-09/exp3/experiment3_scalability.csv,87193705.0,593947.0,results-2026-09/exp3/experiment3_scalability.csv,True
2026-09-09 14:14:50,HAUSP-UB[noEUCS],SIGN,1,5,0.003,0.0,0.05,1668652,730,0,8087,8087,0,651,234,87193705,32,86599744,60,0.0,0.176058,0.176085,12666,0,24.36,87193456,87193439,754,267,SUCCESS,593947.0,0.0,,5456000.0,1214656.0,0.0,905472.0,,,,,60.0,14.0,used,,,,20260909-1317,False,results-2026-09/exp3/experiment3_scalability.csv,87193705.0,593947.0,results-2026-09/exp3/experiment3_scalability.csv,True
2026-09-09 14:15:05,HAUSP-UB[noEUCS],SIGN,1,6,0.003,0.0,0.05,1668652,730,0,8090,8091,0,650,234,87193705,32,86599744,60,0.0,0.176058,0.176085,12666,0,24.36,87193456,87193439,754,267,SUCCESS,593947.0,0.0,,5456000.0,1214656.0,0.0,905472.0,,,,,60.0,14.0,used,,,,20260909-1317,False,results-2026-09/exp3/experiment3_scalability.csv,87193705.0,593947.0,results-2026-09/exp3/experiment3_scalability.csv,True
2026-09-09 14:15:21,HAUSP-UB[noEUCS],SIGN,1,7,0.003,0.0,0.05,1668652,730,0,8089,8089,0,652,233,87193705,32,86599744,60,0.0,0.176058,0.176085,12666,0,24.36,87193456,87193439,754,267,SUCCESS,593947.0,0.0,,5456000.0,1214656.0,0.0,905472.0,,,,,60.0,14.0,used,,,,20260909-1317,False,results-2026-09/exp3/experiment3_scalability.csv,87193705.0,593947.0,results-2026-09/exp3/experiment3_scalability.csv,True
2026-09-09 14:15:36,HAUSP-UB[noEUCS],SIGN,1,8,0.003,0.0,0.05,1668652,730,0,8085,8085,0,652,233,87193705,32,86599744,60,0.0,0.176058,0.176085,12666,0,24.36,87193456,87193439,754,267,SUCCESS,593947.0,0.0,,5456000.0,1214656.0,0.0,905472.0,,,,,60.0,14.0,used,,,,20260909-1317,False,results-2026-09/exp3/experiment3_scalability.csv,87193705.0,593947.0,results-2026-09/exp3/experiment3_scalability.csv,True
2026-09-09 14:15:51,HAUSP-UB[noEUCS],SIGN,1,9,0.003,0.0,0.05,1668652,730,0,8089,8089,0,651,234,87193705,32,86599744,60,0.0,0.176058,0.176085,12666,0,24.36,87193456,87193439,754,267,SUCCESS,593947.0,0.0,,5456000.0,1214656.0,0.0,905472.0,,,,,60.0,14.0,used,,,,20260909-1317,False,results-2026-09/exp3/experiment3_scalability.csv,87193705.0,593947.0,results-2026-09/exp3/experiment3_scalability.csv,True
2026-09-09 14:16:06,HAUSP-UB[noEUCS],SIGN,1,0,0.003,0.0,0.1,1668652,730,0,8096,8096,0,654,233,87193705,32,86599744,60,0.0,0.176058,0.176085,12666,0,24.41,87193456,87193439,754,267,SUCCESS,593947.0,0.0,,5456000.0,1214656.0,0.0,905472.0,,,,,60.0,14.0,used,,,,20260909-1317,False,results-2026-09/exp3/experiment3_scalability.csv,87193705.0,593947.0,results-2026-09/exp3/experiment3_scalability.csv,True
2026-09-09 14:16:22,HAUSP-UB[noEUCS],SIGN,1,1,0.003,0.0,0.1,1668652,730,0,8086,8086,0,651,232,87193705,32,86599744,60,0.0,0.176058,0.176085,12666,0,24.38,87193456,87193439,754,267,SUCCESS,593947.0,0.0,,5456000.0,1214656.0,0.0,905472.0,,,,,60.0,14.0,used,,,,20260909-1317,False,results-2026-09/exp3/experiment3_scalability.csv,87193705.0,593947.0,results-2026-09/exp3/experiment3_scalability.csv,True
2026-09-09 14:16:37,HAUSP-UB[noEUCS],SIGN,1,2,0.003,0.0,0.1,1668652,730,0,8095,8095,0,653,233,87193705,32,86599744,60,0.0,0.176058,0.176085,12666,0,24.37,87193456,87193439,754,267,SUCCESS,593947.0,0.0,,5456000.0,1214656.0,0.0,905472.0,,,,,60.0,14.0,used,,,,20260909-1317,False,results-2026-09/exp3/experiment3_scalability.csv,87193705.0,593947.0,results-2026-09/exp3/experiment3_scalability.csv,True
2026-09-09 14:16:52,HAUSP-UB[noEUCS],SIGN,1,3,0.003,0.0,0.1,1668652,730,0,8089,8089,0,654,233,87193705,32,86599744,60,0.0,0.176058,0.176085,12666,0,24.36,87193456,87193439,754,267,SUCCESS,593947.0,0.0,,5456000.0,1214656.0,0.0,905472.0,,,,,60.0,14.0,used,,,,20260909-1317,False,results-2026-09/exp3/experiment3_scalability.csv,87193705.0,593947.0,results-2026-09/exp3/experiment3_scalability.csv,True
2026-09-09 14:17:07,HAUSP-UB[noEUCS],SIGN,1,4,0.003,0.0,0.1,1668652,730,0,8228,8228,0,660,236,87193705,32,86599744,60,0.0,0.176058,0.176085,12666,0,24.36,87193456,87193439,754,267,SUCCESS,593947.0,0.0,,5456000.0,1214656.0,0.0,905472.0,,,,,60.0,14.0,used,,,,20260909-1317,False,results-2026-09/exp3/experiment3_scalability.csv,87193705.0,593947.0,results-2026-09/exp3/experiment3_scalability.csv,True
2026-09-09 14:17:23,HAUSP-UB[noEUCS],SIGN,1,5,0.003,0.0,0.1,1668652,730,0,8147,8147,0,652,234,87193705,32,86599744,60,0.0,0.176058,0.176085,12666,0,24.36,87193456,87193439,754,267,SUCCESS,593947.0,0.0,,5456000.0,1214656.0,0.0,905472.0,,,,,60.0,14.0,used,,,,20260909-1317,False,results-2026-09/exp3/experiment3_scalability.csv,87193705.0,593947.0,results-2026-09/exp3/experiment3_scalability.csv,True
2026-09-09 14:17:38,HAUSP-UB[noEUCS],SIGN,1,6,0.003,0.0,0.1,1668652,730,0,8145,8145,0,652,232,87193705,32,86599744,60,0.0,0.176058,0.176085,12666,0,24.36,87193456,87193439,754,267,SUCCESS,593947.0,0.0,,5456000.0,1214656.0,0.0,905472.0,,,,,60.0,14.0,used,,,,20260909-1317,False,results-2026-09/exp3/experiment3_scalability.csv,87193705.0,593947.0,results-2026-09/exp3/experiment3_scalability.csv,True
2026-09-09 14:17:53,HAUSP-UB[noEUCS],SIGN,1,7,0.003,0.0,0.1,1668652,730,0,8123,8123,0,651,233,87193705,32,86599744,60,0.0,0.176058,0.176085,12666,0,24.36,87193456,87193439,754,267,SUCCESS,593947.0,0.0,,5456000.0,1214656.0,0.0,905472.0,,,,,60.0,14.0,used,,,,20260909-1317,False,results-2026-09/exp3/experiment3_scalability.csv,87193705.0,593947.0,results-2026-09/exp3/experiment3_scalability.csv,True
2026-09-09 14:18:08,HAUSP-UB[noEUCS],SIGN,1,8,0.003,0.0,0.1,1668652,730,0,8118,8119,0,652,232,87193705,32,86599744,60,0.0,0.176058,0.176085,12666,0,24.36,87193456,87193439,754,267,SUCCESS,593947.0,0.0,,5456000.0,1214656.0,0.0,905472.0,,,,,60.0,14.0,used,,,,20260909-1317,False,results-2026-09/exp3/experiment3_scalability.csv,87193705.0,593947.0,results-2026-09/exp3/experiment3_scalability.csv,True
2026-09-09 14:18:24,HAUSP-UB[noEUCS],SIGN,1,9,0.003,0.0,0.1,1668652,730,0,8113,8113,0,649,233,87193705,32,86599744,60,0.0,0.176058,0.176085,12666,0,24.36,87193456,87193439,754,267,SUCCESS,593947.0,0.0,,5456000.0,1214656.0,0.0,905472.0,,,,,60.0,14.0,used,,,,20260909-1317,False,results-2026-09/exp3/experiment3_scalability.csv,87193705.0,593947.0,results-2026-09/exp3/experiment3_scalability.csv,True
2026-09-09 14:18:39,HAUSP-UB[noEUCS],SIGN,1,0,0.003,0.0,0.15,1668652,730,0,8125,8125,0,652,232,87193705,32,86599744,60,0.0,0.176058,0.176085,12666,0,24.41,87193456,87193439,754,267,SUCCESS,593947.0,0.0,,5456000.0,1214656.0,0.0,905472.0,,,,,60.0,14.0,used,,,,20260909-1317,False,results-2026-09/exp3/experiment3_scalability.csv,87193705.0,593947.0,results-2026-09/exp3/experiment3_scalability.csv,True
2026-09-09 14:18:54,HAUSP-UB[noEUCS],SIGN,1,1,0.003,0.0,0.15,1668652,730,0,8124,8125,0,651,235,87193705,32,86599744,60,0.0,0.176058,0.176085,12666,0,24.38,87193456,87193439,754,267,SUCCESS,593947.0,0.0,,5456000.0,1214656.0,0.0,905472.0,,,,,60.0,14.0,used,,,,20260909-1317,False,results-2026-09/exp3/experiment3_scalability.csv,87193705.0,593947.0,results-2026-09/exp3/experiment3_scalability.csv,True
2026-09-09 14:19:10,HAUSP-UB[noEUCS],SIGN,1,2,0.003,0.0,0.15,1668652,730,0,8126,8126,0,653,234,87193705,32,86599744,60,0.0,0.176058,0.176085,12666,0,24.37,87193456,87193439,754,267,SUCCESS,593947.0,0.0,,5456000.0,1214656.0,0.0,905472.0,,,,,60.0,14.0,used,,,,20260909-1317,False,results-2026-09/exp3/experiment3_scalability.csv,87193705.0,593947.0,results-2026-09/exp3/experiment3_scalability.csv,True
2026-09-09 14:19:25,HAUSP-UB[noEUCS],SIGN,1,3,0.003,0.0,0.15,1668652,730,0,8128,8128,0,655,233,87193705,32,86599744,60,0.0,0.176058,0.176085,12666,0,24.36,87193456,87193439,754,267,SUCCESS,593947.0,0.0,,5456000.0,1214656.0,0.0,905472.0,,,,,60.0,14.0,used,,,,20260909-1317,False,results-2026-09/exp3/experiment3_scalability.csv,87193705.0,593947.0,results-2026-09/exp3/experiment3_scalability.csv,True
2026-09-09 14:19:40,HAUSP-UB[noEUCS],SIGN,1,4,0.003,0.0,0.15,1668652,730,0,8115,8116,0,651,233,87193705,32,86599744,60,0.0,0.176058,0.176085,12666,0,24.36,87193456,87193439,754,267,SUCCESS,593947.0,0.0,,5456000.0,1214656.0,0.0,905472.0,,,,,60.0,14.0,used,,,,20260909-1317,False,results-2026-09/exp3/experiment3_scalability.csv,87193705.0,593947.0,results-2026-09/exp3/experiment3_scalability.csv,True
2026-09-09 14:19:55,HAUSP-UB[noEUCS],SIGN,1,5,0.003,0.0,0.15,1668652,730,0,8114,8114,0,650,234,87193705,32,86599744,60,0.0,0.176058,0.176085,12666,0,24.36,87193456,87193439,754,267,SUCCESS,593947.0,0.0,,5456000.0,1214656.0,0.0,905472.0,,,,,60.0,14.0,used,,,,20260909-1317,False,results-2026-09/exp3/experiment3_scalability.csv,87193705.0,593947.0,results-2026-09/exp3/experiment3_scalability.csv,True
2026-09-09 14:20:11,HAUSP-UB[noEUCS],SIGN,1,6,0.003,0.0,0.15,1668652,730,0,8115,8115,0,651,233,87193705,32,86599744,60,0.0,0.176058,0.176085,12666,0,24.36,87193456,87193439,754,267,SUCCESS,593947.0,0.0,,5456000.0,1214656.0,0.0,905472.0,,,,,60.0,14.0,used,,,,20260909-1317,False,results-2026-09/exp3/experiment3_scalability.csv,87193705.0,593947.0,results-2026-09/exp3/experiment3_scalability.csv,True
2026-09-09 14:20:26,HAUSP-UB[noEUCS],SIGN,1,7,0.003,0.0,0.15,1668652,730,0,8117,8117,0,651,233,87193705,32,86599744,60,0.0,0.176058,0.176085,12666,0,24.36,87193456,87193439,754,267,SUCCESS,593947.0,0.0,,5456000.0,1214656.0,0.0,905472.0,,,,,60.0,14.0,used,,,,20260909-1317,False,results-2026-09/exp3/experiment3_scalability.csv,87193705.0,593947.0,results-2026-09/exp3/experiment3_scalability.csv,True
2026-09-09 14:20:41,HAUSP-UB[noEUCS],SIGN,1,8,0.003,0.0,0.15,1668652,730,0,8117,8117,0,651,234,87193705,32,86599744,60,0.0,0.176058,0.176085,12666,0,24.36,87193456,87193439,754,267,SUCCESS,593947.0,0.0,,5456000.0,1214656.0,0.0,905472.0,,,,,60.0,14.0,used,,,,20260909-1317,False,results-2026-09/exp3/experiment3_scalability.csv,87193705.0,593947.0,results-2026-09/exp3/experiment3_scalability.csv,True
2026-09-09 14:20:57,HAUSP-UB[noEUCS],SIGN,1,9,0.003,0.0,0.15,1668652,730,0,8138,8138,0,653,234,87193705,32,86599744,60,0.0,0.176058,0.176085,12666,0,24.36,87193456,87193439,754,267,SUCCESS,593947.0,0.0,,5456000.0,1214656.0,0.0,905472.0,,,,,60.0,14.0,used,,,,20260909-1317,False,results-2026-09/exp3/experiment3_scalability.csv,87193705.0,593947.0,results-2026-09/exp3/experiment3_scalability.csv,True
2026-09-09 14:21:12,HAUSP-UB[noEUCS],SIGN,1,0,0.003,0.0,0.2,1668652,730,0,8089,8089,0,648,233,87193705,32,86599744,60,0.0,0.176058,0.176085,12666,0,24.41,87193456,87193439,754,267,SUCCESS,593947.0,0.0,,5456000.0,1214656.0,0.0,905472.0,,,,,60.0,14.0,used,,,,20260909-1317,False,results-2026-09/exp3/experiment3_scalability.csv,87193705.0,593947.0,results-2026-09/exp3/experiment3_scalability.csv,True
2026-09-09 14:21:27,HAUSP-UB[noEUCS],SIGN,1,1,0.003,0.0,0.2,1668652,730,0,8124,8124,0,653,233,87193705,32,86599744,60,0.0,0.176058,0.176085,12666,0,24.38,87193456,87193439,754,267,SUCCESS,593947.0,0.0,,5456000.0,1214656.0,0.0,905472.0,,,,,60.0,14.0,used,,,,20260909-1317,False,results-2026-09/exp3/experiment3_scalability.csv,87193705.0,593947.0,results-2026-09/exp3/experiment3_scalability.csv,True
2026-09-09 14:21:42,HAUSP-UB[noEUCS],SIGN,1,2,0.003,0.0,0.2,1668652,730,0,8121,8122,0,652,233,87193705,32,86599744,60,0.0,0.176058,0.176085,12666,0,24.37,87193456,87193439,754,267,SUCCESS,593947.0,0.0,,5456000.0,1214656.0,0.0,905472.0,,,,,60.0,14.0,used,,,,20260909-1317,False,results-2026-09/exp3/experiment3_scalability.csv,87193705.0,593947.0,results-2026-09/exp3/experiment3_scalability.csv,True
2026-09-09 14:21:58,HAUSP-UB[noEUCS],SIGN,1,3,0.003,0.0,0.2,1668652,730,0,8121,8121,0,652,233,87193705,32,86599744,60,0.0,0.176058,0.176085,12666,0,24.36,87193456,87193439,754,267,SUCCESS,593947.0,0.0,,5456000.0,1214656.0,0.0,905472.0,,,,,60.0,14.0,used,,,,20260909-1317,False,results-2026-09/exp3/experiment3_scalability.csv,87193705.0,593947.0,results-2026-09/exp3/experiment3_scalability.csv,True
2026-09-09 14:22:13,HAUSP-UB[noEUCS],SIGN,1,4,0.003,0.0,0.2,1668652,730,0,8118,8118,0,650,233,87193705,32,86599744,60,0.0,0.176058,0.176085,12666,0,24.36,87193456,87193439,754,267,SUCCESS,593947.0,0.0,,5456000.0,1214656.0,0.0,905472.0,,,,,60.0,14.0,used,,,,20260909-1317,False,results-2026-09/exp3/experiment3_scalability.csv,87193705.0,593947.0,results-2026-09/exp3/experiment3_scalability.csv,True
2026-09-09 14:22:28,HAUSP-UB[noEUCS],SIGN,1,5,0.003,0.0,0.2,1668652,730,0,8114,8114,0,651,233,87193705,32,86599744,60,0.0,0.176058,0.176085,12666,0,24.36,87193456,87193439,754,267,SUCCESS,593947.0,0.0,,5456000.0,1214656.0,0.0,905472.0,,,,,60.0,14.0,used,,,,20260909-1317,False,results-2026-09/exp3/experiment3_scalability.csv,87193705.0,593947.0,results-2026-09/exp3/experiment3_scalability.csv,True
2026-09-09 14:22:43,HAUSP-UB[noEUCS],SIGN,1,6,0.003,0.0,0.2,1668652,730,0,8116,8117,0,650,234,87193705,32,86599744,60,0.0,0.176058,0.176085,12666,0,24.36,87193456,87193439,754,267,SUCCESS,593947.0,0.0,,5456000.0,1214656.0,0.0,905472.0,,,,,60.0,14.0,used,,,,20260909-1317,False,results-2026-09/exp3/experiment3_scalability.csv,87193705.0,593947.0,results-2026-09/exp3/experiment3_scalability.csv,True
2026-09-09 14:22:59,HAUSP-UB[noEUCS],SIGN,1,7,0.003,0.0,0.2,1668652,730,0,8119,8119,0,652,234,87193705,32,86599744,60,0.0,0.176058,0.176085,12666,0,24.36,87193456,87193439,754,267,SUCCESS,593947.0,0.0,,5456000.0,1214656.0,0.0,905472.0,,,,,60.0,14.0,used,,,,20260909-1317,False,results-2026-09/exp3/experiment3_scalability.csv,87193705.0,593947.0,results-2026-09/exp3/experiment3_scalability.csv,True
2026-09-09 14:23:14,HAUSP-UB[noEUCS],SIGN,1,8,0.003,0.0,0.2,1668652,730,0,8115,8115,0,648,233,87193705,32,86599744,60,0.0,0.176058,0.176085,12666,0,24.36,87193456,87193439,754,267,SUCCESS,593947.0,0.0,,5456000.0,1214656.0,0.0,905472.0,,,,,60.0,14.0,used,,,,20260909-1317,False,results-2026-09/exp3/experiment3_scalability.csv,87193705.0,593947.0,results-2026-09/exp3/experiment3_scalability.csv,True
2026-09-09 14:23:29,HAUSP-UB[noEUCS],SIGN,1,9,0.003,0.0,0.2,1668652,730,0,8116,8116,0,648,233,87193705,32,86599744,60,0.0,0.176058,0.176085,12666,0,24.36,87193456,87193439,754,267,SUCCESS,593947.0,0.0,,5456000.0,1214656.0,0.0,905472.0,,,,,60.0,14.0,used,,,,20260909-1317,False,results-2026-09/exp3/experiment3_scalability.csv,87193705.0,593947.0,results-2026-09/exp3/experiment3_scalability.csv,True
2026-09-09 14:23:32,HAUSP-UB[noEUCS],C8T1S5I8N5K,1,0,0.0002,0.0,0.05,47416411,47133,17,784,802,5,49,35,3020056,46615,2913251,12578,0.0,0.208598,0.21984,2623,0,556.25,2984213,2982598,3887,68240,SUCCESS,91130.0,0.0,,681344.0,22186560.0,0.0,21859840.0,,,,,12577.0,15674.0,used,,,,20260909-1317,False,results-2026-09/exp3/experiment3_scalability.csv,3020056.0,91130.0,results-2026-09/exp3/experiment3_scalability.csv,True
2026-09-09 14:23:33,HAUSP-UB[noEUCS],C8T1S5I8N5K,1,1,0.0002,0.0,0.05,47416411,47133,17,787,805,5,49,36,3020056,46615,2913251,12578,0.0,0.208598,0.21984,2623,0,556.33,2984213,2982598,3887,68240,SUCCESS,91130.0,0.0,,796160.0,22186560.0,0.0,21859840.0,,,,,12577.0,15674.0,used,,,,20260909-1317,False,results-2026-09/exp3/experiment3_scalability.csv,3020056.0,91130.0,results-2026-09/exp3/experiment3_scalability.csv,True
2026-09-09 14:23:35,HAUSP-UB[noEUCS],C8T1S5I8N5K,1,2,0.0002,0.0,0.05,47416411,47133,17,791,808,5,49,36,3020056,46615,2913251,12578,0.0,0.208598,0.21984,2623,0,556.48,2984213,2982598,3887,68240,SUCCESS,91130.0,0.0,,796160.0,22186560.0,0.0,21859840.0,,,,,12577.0,15674.0,used,,,,20260909-1317,False,results-2026-09/exp3/experiment3_scalability.csv,3020056.0,91130.0,results-2026-09/exp3/experiment3_scalability.csv,True
2026-09-09 14:23:37,HAUSP-UB[noEUCS],C8T1S5I8N5K,1,3,0.0002,0.0,0.05,47416411,47133,17,791,809,4,49,35,3020056,46615,2913251,12578,0.0,0.208598,0.21984,2623,0,556.36,2984213,2982598,3887,68240,SUCCESS,91130.0,0.0,,796160.0,22186560.0,0.0,21859840.0,,,,,12577.0,15674.0,used,,,,20260909-1317,False,results-2026-09/exp3/experiment3_scalability.csv,3020056.0,91130.0,results-2026-09/exp3/experiment3_scalability.csv,True
2026-09-09 14:23:39,HAUSP-UB[noEUCS],C8T1S5I8N5K,1,4,0.0002,0.0,0.05,47416411,47133,17,785,803,5,49,36,3020056,46615,2913251,12578,0.0,0.208598,0.21984,2623,0,556.71,2984213,2982598,3887,68240,SUCCESS,91130.0,0.0,,796160.0,22186560.0,0.0,21859840.0,,,,,12577.0,15674.0,used,,,,20260909-1317,False,results-2026-09/exp3/experiment3_scalability.csv,3020056.0,91130.0,results-2026-09/exp3/experiment3_scalability.csv,True
2026-09-09 14:23:40,HAUSP-UB[noEUCS],C8T1S5I8N5K,1,5,0.0002,0.0,0.05,47416411,47133,17,786,803,5,49,36,3020056,46615,2913251,12578,0.0,0.208598,0.21984,2623,0,555.9,2984213,2982598,3887,68240,SUCCESS,91130.0,0.0,,796160.0,22186560.0,0.0,21859840.0,,,,,12577.0,15674.0,used,,,,20260909-1317,False,results-2026-09/exp3/experiment3_scalability.csv,3020056.0,91130.0,results-2026-09/exp3/experiment3_scalability.csv,True
2026-09-09 14:23:42,HAUSP-UB[noEUCS],C8T1S5I8N5K,1,6,0.0002,0.0,0.05,47416411,47133,17,784,802,5,49,36,3020056,46615,2913251,12578,0.0,0.208598,0.21984,2623,0,557.18,2984213,2982598,3887,68240,SUCCESS,91130.0,0.0,,796160.0,22186560.0,0.0,21859840.0,,,,,12577.0,15674.0,used,,,,20260909-1317,False,results-2026-09/exp3/experiment3_scalability.csv,3020056.0,91130.0,results-2026-09/exp3/experiment3_scalability.csv,True
2026-09-09 14:23:44,HAUSP-UB[noEUCS],C8T1S5I8N5K,1,7,0.0002,0.0,0.05,47416411,47133,17,793,810,5,50,36,3020056,46615,2913251,12578,0.0,0.208598,0.21984,2623,0,556.55,2984213,2982598,3887,68240,SUCCESS,91130.0,0.0,,796160.0,22186560.0,0.0,21859840.0,,,,,12577.0,15674.0,used,,,,20260909-1317,False,results-2026-09/exp3/experiment3_scalability.csv,3020056.0,91130.0,results-2026-09/exp3/experiment3_scalability.csv,True
2026-09-09 14:23:46,HAUSP-UB[noEUCS],C8T1S5I8N5K,1,8,0.0002,0.0,0.05,47416411,47133,17,790,807,5,49,36,3020056,46615,2913251,12578,0.0,0.208598,0.21984,2623,0,556.12,2984213,2982598,3887,68240,SUCCESS,91130.0,0.0,,796160.0,22186560.0,0.0,21859840.0,,,,,12577.0,15674.0,used,,,,20260909-1317,False,results-2026-09/exp3/experiment3_scalability.csv,3020056.0,91130.0,results-2026-09/exp3/experiment3_scalability.csv,True
2026-09-09 14:23:47,HAUSP-UB[noEUCS],C8T1S5I8N5K,1,9,0.0002,0.0,0.05,47416411,47133,17,786,804,5,50,36,3020056,46615,2913251,12578,0.0,0.208598,0.21984,2623,0,556.55,2984213,2982598,3887,68240,SUCCESS,91130.0,0.0,,796160.0,22186560.0,0.0,21859840.0,,,,,12577.0,15674.0,used,,,,20260909-1317,False,results-2026-09/exp3/experiment3_scalability.csv,3020056.0,91130.0,results-2026-09/exp3/experiment3_scalability.csv,True
2026-09-09 14:23:49,HAUSP-UB[noEUCS],C8T1S5I8N5K,1,10,0.0002,0.0,0.05,47416411,47133,17,786,804,5,49,36,3020056,46615,2913251,12578,0.0,0.208598,0.21984,2623,0,556.12,2984213,2982598,3887,68240,SUCCESS,91130.0,0.0,,796160.0,22186560.0,0.0,21859840.0,,,,,12577.0,15674.0,used,,,,20260909-1317,False,results-2026-09/exp3/experiment3_scalability.csv,3020056.0,91130.0,results-2026-09/exp3/experiment3_scalability.csv,True
2026-09-09 14:23:51,HAUSP-UB[noEUCS],C8T1S5I8N5K,1,11,0.0002,0.0,0.05,47416411,47133,17,787,804,5,50,36,3020056,46615,2913251,12578,0.0,0.208598,0.21984,2623,0,555.78,2984213,2982598,3887,68240,SUCCESS,91130.0,0.0,,796160.0,22186560.0,0.0,21859840.0,,,,,12577.0,15674.0,used,,,,20260909-1317,False,results-2026-09/exp3/experiment3_scalability.csv,3020056.0,91130.0,results-2026-09/exp3/experiment3_scalability.csv,True
2026-09-09 14:23:53,HAUSP-UB[noEUCS],C8T1S5I8N5K,1,12,0.0002,0.0,0.05,47416411,47133,17,786,804,5,50,36,3020056,46615,2913251,12578,0.0,0.208598,0.21984,2623,0,556.77,2984213,2982598,3887,68240,SUCCESS,91130.0,0.0,,796160.0,22186560.0,0.0,21859840.0,,,,,12577.0,15674.0,used,,,,20260909-1317,False,results-2026-09/exp3/experiment3_scalability.csv,3020056.0,91130.0,results-2026-09/exp3/experiment3_scalability.csv,True
2026-09-09 14:23:54,HAUSP-UB[noEUCS],C8T1S5I8N5K,1,13,0.0002,0.0,0.05,47416411,47133,17,788,805,5,49,36,3020056,46615,2913251,12578,0.0,0.208598,0.21984,2623,0,556.37,2984213,2982598,3887,68240,SUCCESS,91130.0,0.0,,796160.0,22186560.0,0.0,21859840.0,,,,,12577.0,15674.0,used,,,,20260909-1317,False,results-2026-09/exp3/experiment3_scalability.csv,3020056.0,91130.0,results-2026-09/exp3/experiment3_scalability.csv,True
2026-09-09 14:23:56,HAUSP-UB[noEUCS],C8T1S5I8N5K,1,14,0.0002,0.0,0.05,47416411,47133,17,788,806,5,49,36,3020056,46615,2913251,12578,0.0,0.208598,0.21984,2623,0,556.13,2984213,2982598,3887,68240,SUCCESS,91130.0,0.0,,796160.0,22186560.0,0.0,21859840.0,,,,,12577.0,15674.0,used,,,,20260909-1317,False,results-2026-09/exp3/experiment3_scalability.csv,3020056.0,91130.0,results-2026-09/exp3/experiment3_scalability.csv,True
2026-09-09 14:23:58,HAUSP-UB[noEUCS],C8T1S5I8N5K,1,0,0.0002,0.0,0.1,47416411,47133,18,804,823,5,50,36,3020056,46615,2913251,12578,0.0,0.208598,0.21984,2623,0,555.89,2984213,2982598,3887,68240,SUCCESS,91130.0,0.0,,681344.0,22186560.0,0.0,21859840.0,,,,,12577.0,15674.0,used,,,,20260909-1317,False,results-2026-09/exp3/experiment3_scalability.csv,3020056.0,91130.0,results-2026-09/exp3/experiment3_scalability.csv,True
2026-09-09 14:24:00,HAUSP-UB[noEUCS],C8T1S5I8N5K,1,1,0.0002,0.0,0.1,47416411,47133,18,794,813,5,50,36,3020056,46615,2913251,12578,0.0,0.208598,0.21984,2623,0,555.26,2984213,2982598,3887,68240,SUCCESS,91130.0,0.0,,681344.0,22186560.0,0.0,21859840.0,,,,,12577.0,15674.0,used,,,,20260909-1317,False,results-2026-09/exp3/experiment3_scalability.csv,3020056.0,91130.0,results-2026-09/exp3/experiment3_scalability.csv,True
2026-09-09 14:24:02,HAUSP-UB[noEUCS],C8T1S5I8N5K,1,2,0.0002,0.0,0.1,47416411,47133,18,784,802,5,50,36,3020056,46615,2913251,12578,0.0,0.208598,0.21984,2623,0,555.12,2984213,2982598,3887,68240,SUCCESS,91130.0,0.0,,681344.0,22186560.0,0.0,21859840.0,,,,,12577.0,15674.0,used,,,,20260909-1317,False,results-2026-09/exp3/experiment3_scalability.csv,3020056.0,91130.0,results-2026-09/exp3/experiment3_scalability.csv,True
2026-09-09 14:24:04,HAUSP-UB[noEUCS],C8T1S5I8N5K,1,3,0.0002,0.0,0.1,47416411,47133,18,799,818,5,49,35,3020056,46615,2913251,12578,0.0,0.208598,0.21984,2623,0,556.05,2984213,2982598,3887,68240,SUCCESS,91130.0,0.0,,681344.0,22186560.0,0.0,21859840.0,,,,,12577.0,15674.0,used,,,,20260909-1317,False,results-2026-09/exp3/experiment3_scalability.csv,3020056.0,91130.0,results-2026-09/exp3/experiment3_scalability.csv,True
2026-09-09 14:24:06,HAUSP-UB[noEUCS],C8T1S5I8N5K,1,4,0.0002,0.0,0.1,47416411,47133,18,829,848,5,49,36,3020056,46615,2913251,12578,0.0,0.208598,0.21984,2623,0,555.54,2984213,2982598,3887,68240,SUCCESS,91130.0,0.0,,681344.0,22186560.0,0.0,21859840.0,,,,,12577.0,15674.0,used,,,,20260909-1317,False,results-2026-09/exp3/experiment3_scalability.csv,3020056.0,91130.0,results-2026-09/exp3/experiment3_scalability.csv,True
2026-09-09 14:24:07,HAUSP-UB[noEUCS],C8T1S5I8N5K,1,5,0.0002,0.0,0.1,47416411,47133,18,783,801,5,49,36,3020056,46615,2913251,12578,0.0,0.208598,0.21984,2623,0,554.61,2984213,2982598,3887,68240,SUCCESS,91130.0,0.0,,681344.0,22186560.0,0.0,21859840.0,,,,,12577.0,15674.0,used,,,,20260909-1317,False,results-2026-09/exp3/experiment3_scalability.csv,3020056.0,91130.0,results-2026-09/exp3/experiment3_scalability.csv,True
2026-09-09 14:24:09,HAUSP-UB[noEUCS],C8T1S5I8N5K,1,6,0.0002,0.0,0.1,47416411,47133,18,782,801,5,49,36,3020056,46615,2913251,12578,0.0,0.208598,0.21984,2623,0,555.11,2984213,2982598,3887,68240,SUCCESS,91130.0,0.0,,681344.0,22186560.0,0.0,21859840.0,,,,,12577.0,15674.0,used,,,,20260909-1317,False,results-2026-09/exp3/experiment3_scalability.csv,3020056.0,91130.0,results-2026-09/exp3/experiment3_scalability.csv,True
2026-09-09 14:24:11,HAUSP-UB[noEUCS],C8T1S5I8N5K,1,7,0.0002,0.0,0.1,47416411,47133,18,782,800,5,49,36,3020056,46615,2913251,12578,0.0,0.208598,0.21984,2623,0,554.42,2984213,2982598,3887,68240,SUCCESS,91130.0,0.0,,681344.0,22186560.0,0.0,21859840.0,,,,,12577.0,15674.0,used,,,,20260909-1317,False,results-2026-09/exp3/experiment3_scalability.csv,3020056.0,91130.0,results-2026-09/exp3/experiment3_scalability.csv,True
2026-09-09 14:24:13,HAUSP-UB[noEUCS],C8T1S5I8N5K,1,8,0.0002,0.0,0.1,47416411,47133,18,796,814,5,49,36,3020056,46615,2913251,12578,0.0,0.208598,0.21984,2623,0,555.98,2984213,2982598,3887,68240,SUCCESS,91130.0,0.0,,681344.0,22186560.0,0.0,21859840.0,,,,,12577.0,15674.0,used,,,,20260909-1317,False,results-2026-09/exp3/experiment3_scalability.csv,3020056.0,91130.0,results-2026-09/exp3/experiment3_scalability.csv,True
2026-09-09 14:24:15,HAUSP-UB[noEUCS],C8T1S5I8N5K,1,9,0.0002,0.0,0.1,47416411,47133,18,782,800,5,49,35,3020056,46615,2913251,12578,0.0,0.208598,0.21984,2623,0,555.28,2984213,2982598,3887,68240,SUCCESS,91130.0,0.0,,681344.0,22186560.0,0.0,21859840.0,,,,,12577.0,15674.0,used,,,,20260909-1317,False,results-2026-09/exp3/experiment3_scalability.csv,3020056.0,91130.0,results-2026-09/exp3/experiment3_scalability.csv,True
2026-09-09 14:24:16,HAUSP-UB[noEUCS],C8T1S5I8N5K,1,10,0.0002,0.0,0.1,47416411,47133,18,782,800,5,49,35,3020056,46615,2913251,12578,0.0,0.208598,0.21984,2623,0,555.18,2984213,2982598,3887,68240,SUCCESS,91130.0,0.0,,681344.0,22186560.0,0.0,21859840.0,,,,,12577.0,15674.0,used,,,,20260909-1317,False,results-2026-09/exp3/experiment3_scalability.csv,3020056.0,91130.0,results-2026-09/exp3/experiment3_scalability.csv,True
2026-09-09 14:24:18,HAUSP-UB[noEUCS],C8T1S5I8N5K,1,11,0.0002,0.0,0.1,47416411,47133,17,828,846,5,49,35,3020056,46615,2913251,12578,0.0,0.208598,0.21984,2623,0,555.79,2984213,2982598,3887,68240,SUCCESS,91130.0,0.0,,681344.0,22186560.0,0.0,21859840.0,,,,,12577.0,15674.0,used,,,,20260909-1317,False,results-2026-09/exp3/experiment3_scalability.csv,3020056.0,91130.0,results-2026-09/exp3/experiment3_scalability.csv,True
2026-09-09 14:24:20,HAUSP-UB[noEUCS],C8T1S5I8N5K,1,12,0.0002,0.0,0.1,47416411,47133,18,801,820,5,49,35,3020056,46615,2913251,12578,0.0,0.208598,0.21984,2623,0,555.41,2984213,2982598,3887,68240,SUCCESS,91130.0,0.0,,681344.0,22186560.0,0.0,21859840.0,,,,,12577.0,15674.0,used,,,,20260909-1317,False,results-2026-09/exp3/experiment3_scalability.csv,3020056.0,91130.0,results-2026-09/exp3/experiment3_scalability.csv,True
2026-09-09 14:24:22,HAUSP-UB[noEUCS],C8T1S5I8N5K,1,13,0.0002,0.0,0.1,47416411,47133,18,779,798,5,49,35,3020056,46615,2913251,12578,0.0,0.208598,0.21984,2623,0,555.03,2984213,2982598,3887,68240,SUCCESS,91130.0,0.0,,681344.0,22186560.0,0.0,21859840.0,,,,,12577.0,15674.0,used,,,,20260909-1317,False,results-2026-09/exp3/experiment3_scalability.csv,3020056.0,91130.0,results-2026-09/exp3/experiment3_scalability.csv,True
2026-09-09 14:24:23,HAUSP-UB[noEUCS],C8T1S5I8N5K,1,14,0.0002,0.0,0.1,47416411,47133,18,799,817,5,49,35,3020056,46615,2913251,12578,0.0,0.208598,0.21984,2623,0,560.32,2984213,2982598,3887,68240,SUCCESS,91130.0,0.0,,681344.0,22186560.0,0.0,21859840.0,,,,,12577.0,15674.0,used,,,,20260909-1317,False,results-2026-09/exp3/experiment3_scalability.csv,3020056.0,91130.0,results-2026-09/exp3/experiment3_scalability.csv,True
2026-09-09 14:24:26,HAUSP-UB[noEUCS],C8T1S5I8N5K,1,0,0.0002,0.0,0.15,47416411,47133,18,794,812,5,49,35,3020056,46615,2913251,12578,0.0,0.208598,0.21984,2623,0,559.48,2984213,2982598,3887,68240,SUCCESS,91130.0,0.0,,631296.0,22186560.0,0.0,21859840.0,,,,,12577.0,15674.0,used,,,,20260909-1317,False,results-2026-09/exp3/experiment3_scalability.csv,3020056.0,91130.0,results-2026-09/exp3/experiment3_scalability.csv,True
2026-09-09 14:24:27,HAUSP-UB[noEUCS],C8T1S5I8N5K,1,1,0.0002,0.0,0.15,47416411,47133,17,787,805,5,49,35,3020056,46615,2913251,12578,0.0,0.208598,0.21984,2623,0,555.37,2984213,2982598,3887,68240,SUCCESS,91130.0,0.0,,681344.0,22186560.0,0.0,21859840.0,,,,,12577.0,15674.0,used,,,,20260909-1317,False,results-2026-09/exp3/experiment3_scalability.csv,3020056.0,91130.0,results-2026-09/exp3/experiment3_scalability.csv,True
2026-09-09 14:24:29,HAUSP-UB[noEUCS],C8T1S5I8N5K,1,2,0.0002,0.0,0.15,47416411,47133,18,827,846,5,49,35,3020056,46615,2913251,12578,0.0,0.208598,0.21984,2623,0,557.19,2984213,2982598,3887,68240,SUCCESS,91130.0,0.0,,631296.0,22186560.0,0.0,21859840.0,,,,,12577.0,15674.0,used,,,,20260909-1317,False,results-2026-09/exp3/experiment3_scalability.csv,3020056.0,91130.0,results-2026-09/exp3/experiment3_scalability.csv,True
2026-09-09 14:24:31,HAUSP-UB[noEUCS],C8T1S5I8N5K,1,3,0.0002,0.0,0.15,47416411,47133,17,794,812,5,49,35,3020056,46615,2913251,12578,0.0,0.208598,0.21984,2623,0,558.52,2984213,2982598,3887,68240,SUCCESS,91130.0,0.0,,648320.0,22186560.0,0.0,21859840.0,,,,,12577.0,15674.0,used,,,,20260909-1317,False,results-2026-09/exp3/experiment3_scalability.csv,3020056.0,91130.0,results-2026-09/exp3/experiment3_scalability.csv,True
2026-09-09 14:24:33,HAUSP-UB[noEUCS],C8T1S5I8N5K,1,4,0.0002,0.0,0.15,47416411,47133,17,819,837,5,49,35,3020056,46615,2913251,12578,0.0,0.208598,0.21984,2623,0,557.87,2984213,2982598,3887,68240,SUCCESS,91130.0,0.0,,648320.0,22186560.0,0.0,21859840.0,,,,,12577.0,15674.0,used,,,,20260909-1317,False,results-2026-09/exp3/experiment3_scalability.csv,3020056.0,91130.0,results-2026-09/exp3/experiment3_scalability.csv,True
2026-09-09 14:24:35,HAUSP-UB[noEUCS],C8T1S5I8N5K,1,5,0.0002,0.0,0.15,47416411,47133,17,850,868,5,49,35,3020056,46615,2913251,12578,0.0,0.208598,0.21984,2623,0,558.58,2984213,2982598,3887,68240,SUCCESS,91130.0,0.0,,648320.0,22186560.0,0.0,21859840.0,,,,,12577.0,15674.0,used,,,,20260909-1317,False,results-2026-09/exp3/experiment3_scalability.csv,3020056.0,91130.0,results-2026-09/exp3/experiment3_scalability.csv,True
2026-09-09 14:24:37,HAUSP-UB[noEUCS],C8T1S5I8N5K,1,6,0.0002,0.0,0.15,47416411,47133,18,792,810,5,49,35,3020056,46615,2913251,12578,0.0,0.208598,0.21984,2623,0,558.23,2984213,2982598,3887,68240,SUCCESS,91130.0,0.0,,648320.0,22186560.0,0.0,21859840.0,,,,,12577.0,15674.0,used,,,,20260909-1317,False,results-2026-09/exp3/experiment3_scalability.csv,3020056.0,91130.0,results-2026-09/exp3/experiment3_scalability.csv,True
2026-09-09 14:24:38,HAUSP-UB[noEUCS],C8T1S5I8N5K,1,7,0.0002,0.0,0.15,47416411,47133,18,792,810,5,49,35,3020056,46615,2913251,12578,0.0,0.208598,0.21984,2623,0,556.44,2984213,2982598,3887,68240,SUCCESS,91130.0,0.0,,631296.0,22186560.0,0.0,21859840.0,,,,,12577.0,15674.0,used,,,,20260909-1317,False,results-2026-09/exp3/experiment3_scalability.csv,3020056.0,91130.0,results-2026-09/exp3/experiment3_scalability.csv,True
2026-09-09 14:24:40,HAUSP-UB[noEUCS],C8T1S5I8N5K,1,8,0.0002,0.0,0.15,47416411,47133,18,825,843,5,49,35,3020056,46615,2913251,12578,0.0,0.208598,0.21984,2623,0,558.25,2984213,2982598,3887,68240,SUCCESS,91130.0,0.0,,648320.0,22186560.0,0.0,21859840.0,,,,,12577.0,15674.0,used,,,,20260909-1317,False,results-2026-09/exp3/experiment3_scalability.csv,3020056.0,91130.0,results-2026-09/exp3/experiment3_scalability.csv,True
2026-09-09 14:24:42,HAUSP-UB[noEUCS],C8T1S5I8N5K,1,9,0.0002,0.0,0.15,47416411,47133,18,795,813,5,49,35,3020056,46615,2913251,12578,0.0,0.208598,0.21984,2623,0,558.69,2984213,2982598,3887,68240,SUCCESS,91130.0,0.0,,648320.0,22186560.0,0.0,21859840.0,,,,,12577.0,15674.0,used,,,,20260909-1317,False,results-2026-09/exp3/experiment3_scalability.csv,3020056.0,91130.0,results-2026-09/exp3/experiment3_scalability.csv,True
2026-09-09 14:24:44,HAUSP-UB[noEUCS],C8T1S5I8N5K,1,10,0.0002,0.0,0.15,47416411,47133,18,841,859,5,49,35,3020056,46615,2913251,12578,0.0,0.208598,0.21984,2623,0,556.22,2984213,2982598,3887,68240,SUCCESS,91130.0,0.0,,631296.0,22186560.0,0.0,21859840.0,,,,,12577.0,15674.0,used,,,,20260909-1317,False,results-2026-09/exp3/experiment3_scalability.csv,3020056.0,91130.0,results-2026-09/exp3/experiment3_scalability.csv,True
2026-09-09 14:24:46,HAUSP-UB[noEUCS],C8T1S5I8N5K,1,11,0.0002,0.0,0.15,47416411,47133,18,793,811,5,49,35,3020056,46615,2913251,12578,0.0,0.208598,0.21984,2623,0,556.78,2984213,2982598,3887,68240,SUCCESS,91130.0,0.0,,631296.0,22186560.0,0.0,21859840.0,,,,,12577.0,15674.0,used,,,,20260909-1317,False,results-2026-09/exp3/experiment3_scalability.csv,3020056.0,91130.0,results-2026-09/exp3/experiment3_scalability.csv,True
2026-09-09 14:24:48,HAUSP-UB[noEUCS],C8T1S5I8N5K,1,12,0.0002,0.0,0.15,47416411,47133,18,860,878,5,49,35,3020056,46615,2913251,12578,0.0,0.208598,0.21984,2623,0,558.44,2984213,2982598,3887,68240,SUCCESS,91130.0,0.0,,648320.0,22186560.0,0.0,21859840.0,,,,,12577.0,15674.0,used,,,,20260909-1317,False,results-2026-09/exp3/experiment3_scalability.csv,3020056.0,91130.0,results-2026-09/exp3/experiment3_scalability.csv,True
2026-09-09 14:24:49,HAUSP-UB[noEUCS],C8T1S5I8N5K,1,13,0.0002,0.0,0.15,47416411,47133,18,792,810,5,49,35,3020056,46615,2913251,12578,0.0,0.208598,0.21984,2623,0,555.8,2984213,2982598,3887,68240,SUCCESS,91130.0,0.0,,631296.0,22186560.0,0.0,21859840.0,,,,,12577.0,15674.0,used,,,,20260909-1317,False,results-2026-09/exp3/experiment3_scalability.csv,3020056.0,91130.0,results-2026-09/exp3/experiment3_scalability.csv,True
2026-09-09 14:24:51,HAUSP-UB[noEUCS],C8T1S5I8N5K,1,14,0.0002,0.0,0.15,47416411,47133,18,861,880,5,49,35,3020056,46615,2913251,12578,0.0,0.208598,0.21984,2623,0,558.1,2984213,2982598,3887,68240,SUCCESS,91130.0,0.0,,648320.0,22186560.0,0.0,21859840.0,,,,,12577.0,15674.0,used,,,,20260909-1317,False,results-2026-09/exp3/experiment3_scalability.csv,3020056.0,91130.0,results-2026-09/exp3/experiment3_scalability.csv,True
2026-09-09 14:24:54,HAUSP-UB[noEUCS],C8T1S5I8N5K,1,0,0.0002,0.0,0.2,47416411,47133,18,829,847,5,49,35,3020056,46615,2913251,12578,0.0,0.208598,0.21984,2623,0,557.94,2984213,2982598,3887,68240,SUCCESS,91130.0,0.0,,631296.0,22186560.0,0.0,21859840.0,,,,,12577.0,15674.0,used,,,,20260909-1317,False,results-2026-09/exp3/experiment3_scalability.csv,3020056.0,91130.0,results-2026-09/exp3/experiment3_scalability.csv,True
2026-09-09 14:24:55,HAUSP-UB[noEUCS],C8T1S5I8N5K,1,1,0.0002,0.0,0.2,47416411,47133,18,804,822,5,49,35,3020056,46615,2913251,12578,0.0,0.208598,0.21984,2623,0,556.23,2984213,2982598,3887,68240,SUCCESS,91130.0,0.0,,631296.0,22186560.0,0.0,21859840.0,,,,,12577.0,15674.0,used,,,,20260909-1317,False,results-2026-09/exp3/experiment3_scalability.csv,3020056.0,91130.0,results-2026-09/exp3/experiment3_scalability.csv,True
2026-09-09 14:24:57,HAUSP-UB[noEUCS],C8T1S5I8N5K,1,2,0.0002,0.0,0.2,47416411,47133,17,813,831,5,49,35,3020056,46615,2913251,12578,0.0,0.208598,0.21984,2623,0,559.0,2984213,2982598,3887,68240,SUCCESS,91130.0,0.0,,648320.0,22186560.0,0.0,21859840.0,,,,,12577.0,15674.0,used,,,,20260909-1317,False,results-2026-09/exp3/experiment3_scalability.csv,3020056.0,91130.0,results-2026-09/exp3/experiment3_scalability.csv,True
2026-09-09 14:24:59,HAUSP-UB[noEUCS],C8T1S5I8N5K,1,3,0.0002,0.0,0.2,47416411,47133,18,832,850,5,49,35,3020056,46615,2913251,12578,0.0,0.208598,0.21984,2623,0,557.56,2984213,2982598,3887,68240,SUCCESS,91130.0,0.0,,648320.0,22186560.0,0.0,21859840.0,,,,,12577.0,15674.0,used,,,,20260909-1317,False,results-2026-09/exp3/experiment3_scalability.csv,3020056.0,91130.0,results-2026-09/exp3/experiment3_scalability.csv,True
2026-09-09 14:25:01,HAUSP-UB[noEUCS],C8T1S5I8N5K,1,4,0.0002,0.0,0.2,47416411,47133,17,803,821,5,49,35,3020056,46615,2913251,12578,0.0,0.208598,0.21984,2623,0,560.67,2984213,2982598,3887,68240,SUCCESS,91130.0,0.0,,681344.0,22186560.0,0.0,21859840.0,,,,,12577.0,15674.0,used,,,,20260909-1317,False,results-2026-09/exp3/experiment3_scalability.csv,3020056.0,91130.0,results-2026-09/exp3/experiment3_scalability.csv,True
2026-09-09 14:25:03,HAUSP-UB[noEUCS],C8T1S5I8N5K,1,5,0.0002,0.0,0.2,47416411,47133,18,801,819,5,49,35,3020056,46615,2913251,12578,0.0,0.208598,0.21984,2623,0,558.69,2984213,2982598,3887,68240,SUCCESS,91130.0,0.0,,631296.0,22186560.0,0.0,21859840.0,,,,,12577.0,15674.0,used,,,,20260909-1317,False,results-2026-09/exp3/experiment3_scalability.csv,3020056.0,91130.0,results-2026-09/exp3/experiment3_scalability.csv,True
2026-09-09 14:25:04,HAUSP-UB[noEUCS],C8T1S5I8N5K,1,6,0.0002,0.0,0.2,47416411,47133,18,782,800,5,49,35,3020056,46615,2913251,12578,0.0,0.208598,0.21984,2623,0,556.35,2984213,2982598,3887,68240,SUCCESS,91130.0,0.0,,631296.0,22186560.0,0.0,21859840.0,,,,,12577.0,15674.0,used,,,,20260909-1317,False,results-2026-09/exp3/experiment3_scalability.csv,3020056.0,91130.0,results-2026-09/exp3/experiment3_scalability.csv,True
2026-09-09 14:25:06,HAUSP-UB[noEUCS],C8T1S5I8N5K,1,7,0.0002,0.0,0.2,47416411,47133,17,813,831,5,49,35,3020056,46615,2913251,12578,0.0,0.208598,0.21984,2623,0,558.66,2984213,2982598,3887,68240,SUCCESS,91130.0,0.0,,648320.0,22186560.0,0.0,21859840.0,,,,,12577.0,15674.0,used,,,,20260909-1317,False,results-2026-09/exp3/experiment3_scalability.csv,3020056.0,91130.0,results-2026-09/exp3/experiment3_scalability.csv,True
2026-09-09 14:25:08,HAUSP-UB[noEUCS],C8T1S5I8N5K,1,8,0.0002,0.0,0.2,47416411,47133,18,804,822,5,49,35,3020056,46615,2913251,12578,0.0,0.208598,0.21984,2623,0,558.19,2984213,2982598,3887,68240,SUCCESS,91130.0,0.0,,648320.0,22186560.0,0.0,21859840.0,,,,,12577.0,15674.0,used,,,,20260909-1317,False,results-2026-09/exp3/experiment3_scalability.csv,3020056.0,91130.0,results-2026-09/exp3/experiment3_scalability.csv,True
2026-09-09 14:25:10,HAUSP-UB[noEUCS],C8T1S5I8N5K,1,9,0.0002,0.0,0.2,47416411,47133,17,805,823,5,49,36,3020056,46615,2913251,12578,0.0,0.208598,0.21984,2623,0,558.95,2984213,2982598,3887,68240,SUCCESS,91130.0,0.0,,648320.0,22186560.0,0.0,21859840.0,,,,,12577.0,15674.0,used,,,,20260909-1317,False,results-2026-09/exp3/experiment3_scalability.csv,3020056.0,91130.0,results-2026-09/exp3/experiment3_scalability.csv,True
2026-09-09 14:25:12,HAUSP-UB[noEUCS],C8T1S5I8N5K,1,10,0.0002,0.0,0.2,47416411,47133,18,782,800,5,49,35,3020056,46615,2913251,12578,0.0,0.208598,0.21984,2623,0,558.14,2984213,2982598,3887,68240,SUCCESS,91130.0,0.0,,648320.0,22186560.0,0.0,21859840.0,,,,,12577.0,15674.0,used,,,,20260909-1317,False,results-2026-09/exp3/experiment3_scalability.csv,3020056.0,91130.0,results-2026-09/exp3/experiment3_scalability.csv,True
2026-09-09 14:25:14,HAUSP-UB[noEUCS],C8T1S5I8N5K,1,11,0.0002,0.0,0.2,47416411,47133,18,826,844,5,50,35,3020056,46615,2913251,12578,0.0,0.208598,0.21984,2623,0,558.11,2984213,2982598,3887,68240,SUCCESS,91130.0,0.0,,648320.0,22186560.0,0.0,21859840.0,,,,,12577.0,15674.0,used,,,,20260909-1317,False,results-2026-09/exp3/experiment3_scalability.csv,3020056.0,91130.0,results-2026-09/exp3/experiment3_scalability.csv,True
2026-09-09 14:25:15,HAUSP-UB[noEUCS],C8T1S5I8N5K,1,12,0.0002,0.0,0.2,47416411,47133,17,817,835,5,49,35,3020056,46615,2913251,12578,0.0,0.208598,0.21984,2623,0,558.07,2984213,2982598,3887,68240,SUCCESS,91130.0,0.0,,648320.0,22186560.0,0.0,21859840.0,,,,,12577.0,15674.0,used,,,,20260909-1317,False,results-2026-09/exp3/experiment3_scalability.csv,3020056.0,91130.0,results-2026-09/exp3/experiment3_scalability.csv,True
2026-09-09 14:25:17,HAUSP-UB[noEUCS],C8T1S5I8N5K,1,13,0.0002,0.0,0.2,47416411,47133,17,792,810,5,49,35,3020056,46615,2913251,12578,0.0,0.208598,0.21984,2623,0,560.46,2984213,2982598,3887,68240,SUCCESS,91130.0,0.0,,681344.0,22186560.0,0.0,21859840.0,,,,,12577.0,15674.0,used,,,,20260909-1317,False,results-2026-09/exp3/experiment3_scalability.csv,3020056.0,91130.0,results-2026-09/exp3/experiment3_scalability.csv,True
2026-09-09 14:25:19,HAUSP-UB[noEUCS],C8T1S5I8N5K,1,14,0.0002,0.0,0.2,47416411,47133,18,817,835,5,49,35,3020056,46615,2913251,12578,0.0,0.208598,0.21984,2623,0,558.08,2984213,2982598,3887,68240,SUCCESS,91130.0,0.0,,631296.0,22186560.0,0.0,21859840.0,,,,,12577.0,15674.0,used,,,,20260909-1317,False,results-2026-09/exp3/experiment3_scalability.csv,3020056.0,91130.0,results-2026-09/exp3/experiment3_scalability.csv,True
