# run_id=20260911-1908 git=28fdece jvm=26.0.1 heap=24g host=ThaiTMs-MacBook-Pro.local tree=clean cmd=--exp 11 --dataset sign,syn_c8t1s5i8n5k --k 100 --algo HAUSP-UB[noEUCS] --repeats 3 --results-dir results-2026-09b --timeout 90 --resume
Timestamp,Algorithm,Dataset,BatchID,RunIndex,MinUtil,mu,DeltaRatio,TotalDBUtil,CumulativeDBSize,tScan(ms),tMining(ms),tTotal(ms),tLayer1(ms),tLayer2(ms),tLayer3(ms),Cand,PrunedL1(SWU),PrunedL2(IAUUB),PrunedL3(MFUUB),TightnessPEAU,TightnessIAUUB,TightnessMFUUB,HAUSP,SHAUS,MemPeak(MB),PoolBorrows,PoolReuses,PoolPeakLive,AudulActive,Status,Recursed,ArmOrder,Schedule,PoolBytes,FlatBytes,EucsBytes,AudulRootBytes,RescanTriggered,BufferUtil,BufferTested,SafetyBound,PrunedL3Node,PrunedL1Root,MemMode,MemLive(MB),MemRetained(MB),GcForced,RunID
2026-09-11 19:08:54,HAUSP-UB[noEUCS],SIGN,0,0,0.003000,0.000,0.200,319686,146,11,3129,3141,6,0,0,106349081,2,104965474,143,0.000000,0.178773,0.178783,23387,0,14.52,106349081,106348144,937,217,SUCCESS,1383605,0,warm20,997376,242848,0,179968,,,,,143,2,used,,,,20260911-1908
2026-09-11 19:08:58,HAUSP-UB[noEUCS],SIGN,1,0,0.003000,0.000,0.008,334092,152,0,3104,3104,0,0,0,107046451,6,105693981,181,0.000000,0.178764,0.178773,23347,0,15.16,107046234,107046233,721,218,SUCCESS,1352464,0,warm20,1285632,253504,0,191360,,,,,181,6,used,,,,20260911-1908
2026-09-11 19:09:01,HAUSP-UB[noEUCS],SIGN,2,0,0.003000,0.000,0.008,345121,158,0,3087,3087,0,0,0,104450506,7,103148010,332,0.000000,0.179987,0.179998,23125,0,15.48,104450288,104450288,720,222,SUCCESS,1302489,0,warm20,1426432,261888,0,202240,,,,,332,7,used,,,,20260911-1908
2026-09-11 19:09:04,HAUSP-UB[noEUCS],SIGN,3,0,0.003000,0.000,0.008,358047,164,0,3190,3191,0,0,0,105095072,8,103809348,252,0.000000,0.181684,0.181694,22486,0,15.69,105094850,105094844,722,223,SUCCESS,1285716,0,warm20,1455104,272192,0,211456,,,,,252,8,used,,,,20260911-1908
2026-09-11 19:09:07,HAUSP-UB[noEUCS],SIGN,4,0,0.003000,0.000,0.008,369331,170,0,3097,3097,0,0,0,100527745,7,99314342,124,0.000000,0.182239,0.182250,21958,0,16.01,100527522,100527522,720,224,SUCCESS,1213396,0,warm20,1547520,280416,0,221184,,,,,124,7,used,,,,20260911-1908
2026-09-11 19:09:10,HAUSP-UB[noEUCS],SIGN,5,0,0.003000,0.000,0.008,383289,176,0,3158,3158,0,0,0,100371827,7,99190447,47,0.000000,0.182254,0.182265,21751,0,16.01,100371603,100371598,725,224,SUCCESS,1181373,0,warm20,1564160,291584,0,225792,,,,,47,7,used,,,,20260911-1908
2026-09-11 19:09:13,HAUSP-UB[noEUCS],SIGN,6,0,0.003000,0.000,0.008,393230,182,0,3127,3127,0,0,0,97612223,10,96477573,41,0.000000,0.183995,0.184006,21796,0,16.34,97611999,97611999,719,225,SUCCESS,1134640,0,warm20,1679360,299488,0,229632,,,,,41,10,used,,,,20260911-1908
2026-09-11 19:09:16,HAUSP-UB[noEUCS],SIGN,7,0,0.003000,0.000,0.008,408594,188,0,3072,3072,0,0,0,94018829,10,92948927,48,0.000000,0.183682,0.183695,20533,0,16.54,94018604,94018602,726,226,SUCCESS,1069892,0,warm20,1697792,310304,0,242304,,,,,48,10,used,,,,20260911-1908
2026-09-11 19:09:20,HAUSP-UB[noEUCS],SIGN,8,0,0.003000,0.000,0.008,428453,194,0,3275,3275,0,0,0,98714907,10,97619084,138,0.000000,0.183816,0.183828,20113,0,16.86,98714682,98714679,728,227,SUCCESS,1095814,0,warm20,1789952,323296,0,251520,,,,,138,9,used,,,,20260911-1908
2026-09-11 19:09:23,HAUSP-UB[noEUCS],SIGN,9,0,0.003000,0.000,0.008,446004,200,0,3684,3684,0,0,0,109908170,10,108700461,166,0.000000,0.183474,0.183485,19376,0,17.18,109907944,109907940,731,227,SUCCESS,1207700,0,warm20,1932800,334784,0,259072,,,,,166,9,used,,,,20260911-1908
2026-09-11 19:09:27,HAUSP-UB[noEUCS],SIGN,10,0,0.003000,0.000,0.008,456476,206,0,3589,3589,0,0,0,105690461,10,104541796,189,0.000000,0.183692,0.183704,18895,0,17.18,105690235,105690235,729,227,SUCCESS,1148656,0,warm20,1942528,342944,0,264064,,,,,189,9,used,,,,20260911-1908
2026-09-11 19:09:30,HAUSP-UB[noEUCS],SIGN,11,0,0.003000,0.000,0.008,466138,212,0,3499,3499,0,0,0,101867255,10,100771369,162,0.000000,0.183122,0.183135,18242,0,17.53,101867029,101867029,729,228,SUCCESS,1095877,0,warm20,2060288,351264,0,273792,,,,,162,9,used,,,,20260911-1908
2026-09-11 19:09:34,HAUSP-UB[noEUCS],SIGN,12,0,0.003000,0.000,0.008,480433,218,0,3562,3562,0,0,0,101542469,12,100469113,114,0.000000,0.183421,0.183433,18295,0,18.03,101542242,101542242,729,230,SUCCESS,1073345,0,warm20,2203648,362304,0,283136,,,,,114,11,used,,,,20260911-1908
2026-09-11 19:09:38,HAUSP-UB[noEUCS],SIGN,13,0,0.003000,0.000,0.008,496413,224,0,3704,3704,0,0,0,103912803,13,102841976,70,0.000000,0.185180,0.185193,19145,0,18.35,103912575,103912561,742,230,SUCCESS,1070816,0,warm20,2348544,374144,0,288640,,,,,70,11,used,,,,20260911-1908
2026-09-11 19:09:41,HAUSP-UB[noEUCS],SIGN,14,0,0.003000,0.000,0.008,507190,230,0,3693,3693,0,0,0,102005291,13,100962339,63,0.000000,0.184851,0.184864,18586,0,18.35,102005063,102005063,741,230,SUCCESS,1042941,0,warm20,2354688,382752,0,289920,,,,,63,11,used,,,,20260911-1908
2026-09-11 19:09:45,HAUSP-UB[noEUCS],SIGN,15,0,0.003000,0.000,0.008,518654,236,0,3917,3917,0,0,0,105801717,13,104734326,62,0.000000,0.187631,0.187644,19660,0,18.70,105801489,105801484,747,231,SUCCESS,1067380,0,warm20,2480128,393568,0,297088,,,,,62,11,used,,,,20260911-1908
2026-09-11 19:09:49,HAUSP-UB[noEUCS],SIGN,16,0,0.003000,0.000,0.008,536314,242,0,4198,4198,0,0,0,110903870,13,109803820,55,0.000000,0.187710,0.187723,20004,0,19.23,110903641,110903635,752,231,SUCCESS,1100039,0,warm20,2624768,406048,0,306048,,,,,55,11,used,,,,20260911-1908
2026-09-11 19:09:54,HAUSP-UB[noEUCS],SIGN,17,0,0.003000,0.000,0.008,544548,248,0,4123,4124,0,0,0,108072255,12,107007462,57,0.000000,0.187585,0.187598,19532,0,19.55,108072026,108072026,747,231,SUCCESS,1064783,0,warm20,2769920,412832,0,312448,,,,,57,10,used,,,,20260911-1908
2026-09-11 19:09:58,HAUSP-UB[noEUCS],SIGN,18,0,0.003000,0.000,0.008,556990,254,0,4105,4106,0,0,0,106340937,17,105307647,49,0.000000,0.186752,0.186766,18960,0,19.55,106340708,106340708,747,234,SUCCESS,1033275,0,warm20,2782208,423136,0,332928,,,,,49,15,used,,,,20260911-1908
2026-09-11 19:10:02,HAUSP-UB[noEUCS],SIGN,19,0,0.003000,0.000,0.008,569490,260,0,4163,4163,0,0,0,106054153,19,105030318,43,0.000000,0.186644,0.186657,18933,0,19.88,106053921,106053921,746,235,SUCCESS,1023818,0,warm20,2877440,433536,0,344192,,,,,43,17,used,,,,20260911-1908
2026-09-11 19:10:06,HAUSP-UB[noEUCS],SIGN,20,0,0.003000,0.000,0.008,587283,266,0,4432,4432,0,0,0,112027322,20,110966667,53,0.000000,0.181947,0.181961,18422,0,20.08,112027089,112027073,764,241,SUCCESS,1060637,0,warm20,2906112,445568,0,380032,,,,,53,18,used,,,,20260911-1908
2026-09-11 19:10:11,HAUSP-UB[noEUCS],SIGN,21,0,0.003000,0.000,0.008,601918,272,0,4464,4464,0,0,0,111123670,22,110078775,57,0.000000,0.181782,0.181797,18161,0,20.40,111123430,111123423,765,246,SUCCESS,1044874,0,warm20,2951936,455808,0,408192,,,,,57,21,used,,,,20260911-1908
2026-09-11 19:10:15,HAUSP-UB[noEUCS],SIGN,22,0,0.003000,0.000,0.008,613134,278,0,4506,4506,0,0,0,110441739,22,109411906,56,0.000000,0.182594,0.182609,18187,0,20.40,110441494,110441494,758,246,SUCCESS,1029812,0,warm20,3015168,465792,0,414080,,,,,56,21,used,,,,20260911-1908
2026-09-11 19:10:20,HAUSP-UB[noEUCS],SIGN,23,0,0.003000,0.000,0.008,625156,284,0,4382,4382,0,0,0,106258475,20,105274942,60,0.000000,0.181910,0.181926,17486,0,20.72,106258231,106258231,757,246,SUCCESS,983515,0,warm20,3070976,473920,0,423040,,,,,60,18,used,,,,20260911-1908
2026-09-11 19:10:24,HAUSP-UB[noEUCS],SIGN,24,0,0.003000,0.000,0.008,639272,290,0,4322,4322,0,0,0,103673264,22,102726235,59,0.000000,0.181624,0.181641,17307,0,20.75,103673020,103673020,760,246,SUCCESS,947009,0,warm20,3075072,484064,0,430976,,,,,59,20,used,,,,20260911-1908
2026-09-11 19:10:28,HAUSP-UB[noEUCS],SIGN,25,0,0.003000,0.000,0.008,650468,296,0,4351,4351,0,0,0,103005832,23,102072686,61,0.000000,0.181756,0.181772,17338,0,20.93,103005589,103005589,756,246,SUCCESS,933126,0,warm20,3096576,493856,0,440960,,,,,61,20,used,,,,20260911-1908
2026-09-11 19:10:33,HAUSP-UB[noEUCS],SIGN,26,0,0.003000,0.000,0.008,661807,302,0,4357,4357,0,0,0,102278280,22,101356166,66,0.000000,0.180799,0.180817,16997,0,20.93,102278039,102278039,756,246,SUCCESS,922097,0,warm20,3112960,502720,0,450432,,,,,66,17,used,,,,20260911-1908
2026-09-11 19:10:37,HAUSP-UB[noEUCS],SIGN,27,0,0.003000,0.000,0.008,671849,308,0,4288,4288,0,0,0,99724640,24,98829400,63,0.000000,0.180223,0.180241,16446,0,20.93,99724400,99724400,753,246,SUCCESS,895222,0,warm20,3129344,511008,0,456576,,,,,63,18,used,,,,20260911-1908
2026-09-11 19:10:41,HAUSP-UB[noEUCS],SIGN,28,0,0.003000,0.000,0.008,682126,314,0,4291,4291,0,0,0,98664500,24,97783193,59,0.000000,0.180669,0.180687,16420,0,21.28,98664260,98664260,754,246,SUCCESS,881289,0,warm20,3149824,519168,0,465792,,,,,59,18,used,,,,20260911-1908
2026-09-11 19:10:46,HAUSP-UB[noEUCS],SIGN,29,0,0.003000,0.000,0.008,695776,320,0,4467,4467,0,0,0,100691676,25,99797371,52,0.000000,0.181944,0.181962,16853,0,21.49,100691436,100691436,758,247,SUCCESS,894286,0,warm20,3145728,530240,0,481408,,,,,52,19,used,,,,20260911-1908
2026-09-11 19:10:50,HAUSP-UB[noEUCS],SIGN,30,0,0.003000,0.000,0.008,707653,326,0,4443,4443,0,0,0,99017923,25,98142179,52,0.000000,0.181542,0.181561,16464,0,21.49,99017682,99017682,752,247,SUCCESS,875725,0,warm20,3158016,539136,0,483456,,,,,52,19,used,,,,20260911-1908
2026-09-11 19:10:55,HAUSP-UB[noEUCS],SIGN,31,0,0.003000,0.000,0.008,720279,332,0,4367,4367,0,0,0,96439389,26,95591014,55,0.000000,0.180791,0.180809,15898,0,21.49,96439148,96439148,752,247,SUCCESS,848355,0,warm20,3170304,548128,0,491392,,,,,55,20,used,,,,20260911-1908
2026-09-11 19:10:59,HAUSP-UB[noEUCS],SIGN,32,0,0.003000,0.000,0.008,730705,338,0,4362,4362,0,0,0,95316430,28,94481770,55,0.000000,0.181316,0.181334,15828,0,21.49,95316189,95316189,753,249,SUCCESS,834638,0,warm20,3174400,556992,0,501120,,,,,55,22,used,,,,20260911-1908
2026-09-11 19:11:03,HAUSP-UB[noEUCS],SIGN,33,0,0.003000,0.000,0.008,744420,344,0,4402,4402,0,0,0,94575230,27,93751606,57,0.000000,0.183838,0.183857,16554,0,21.69,94574989,94574989,753,250,SUCCESS,823605,0,warm20,3190784,566592,0,513408,,,,,57,19,used,,,,20260911-1908
2026-09-11 19:11:08,HAUSP-UB[noEUCS],SIGN,34,0,0.003000,0.000,0.008,756980,350,0,4467,4467,0,0,0,94589953,26,93768264,56,0.000000,0.185007,0.185026,16743,0,22.01,94589711,94589711,752,250,SUCCESS,821671,0,warm20,3219456,576928,0,521216,,,,,56,18,used,,,,20260911-1908
2026-09-11 19:11:12,HAUSP-UB[noEUCS],SIGN,35,0,0.003000,0.000,0.008,768219,356,0,4449,4449,0,0,0,93218110,26,92411858,57,0.000000,0.185391,0.185410,16721,0,22.01,93217868,93217868,751,250,SUCCESS,806234,0,warm20,3264512,586656,0,523264,,,,,57,18,used,,,,20260911-1908
2026-09-11 19:11:17,HAUSP-UB[noEUCS],SIGN,36,0,0.003000,0.000,0.008,777786,362,0,4462,4462,0,0,0,92381711,27,91583827,57,0.000000,0.185781,0.185801,16692,0,22.34,92381471,92381471,750,251,SUCCESS,797867,0,warm20,3354624,594336,0,531456,,,,,57,17,used,,,,20260911-1908
2026-09-11 19:11:21,HAUSP-UB[noEUCS],SIGN,37,0,0.003000,0.000,0.008,790994,368,0,4577,4577,0,0,0,93541281,30,92740130,53,0.000000,0.187070,0.187089,16986,0,22.54,93541040,93541040,748,252,SUCCESS,801131,0,warm20,3358720,605088,0,553600,,,,,53,20,used,,,,20260911-1908
2026-09-11 19:11:26,HAUSP-UB[noEUCS],SIGN,38,0,0.003000,0.000,0.008,803248,374,0,4572,4572,0,0,0,92359913,33,91571875,48,0.000000,0.187268,0.187288,16821,0,22.86,92359670,92359670,744,252,SUCCESS,788014,0,warm20,3477504,614496,0,559744,,,,,48,24,used,,,,20260911-1908
2026-09-11 19:11:30,HAUSP-UB[noEUCS],SIGN,39,0,0.003000,0.000,0.008,817420,380,0,4591,4591,0,0,0,91757519,34,90979238,46,0.000000,0.187376,0.187397,16757,0,22.86,91757276,91757276,740,252,SUCCESS,778256,0,warm20,3502080,624736,0,562304,,,,,46,25,used,,,,20260911-1908
2026-09-11 19:11:35,HAUSP-UB[noEUCS],SIGN,40,0,0.003000,0.000,0.008,828605,386,0,4635,4635,0,0,0,91574496,34,90799288,49,0.000000,0.187829,0.187850,16796,0,23.34,91574254,91574254,739,252,SUCCESS,775184,0,warm20,3620864,633088,0,563328,,,,,49,24,used,,,,20260911-1908
2026-09-11 19:11:40,HAUSP-UB[noEUCS],SIGN,41,0,0.003000,0.000,0.008,840915,392,0,4674,4674,0,0,0,91250481,34,90481692,49,0.000000,0.187972,0.187992,16767,0,23.38,91250239,91250239,738,253,SUCCESS,768765,0,warm20,3645440,643584,0,575104,,,,,49,24,used,,,,20260911-1908
2026-09-11 19:11:45,HAUSP-UB[noEUCS],SIGN,42,0,0.003000,0.000,0.008,851890,398,0,4706,4706,0,0,0,90859133,33,90095416,53,0.000000,0.189470,0.189491,17093,0,23.87,90858890,90858890,734,253,SUCCESS,763694,0,warm20,3751936,653152,0,582272,,,,,53,23,used,,,,20260911-1908
2026-09-11 19:11:49,HAUSP-UB[noEUCS],SIGN,43,0,0.003000,0.000,0.008,867106,404,0,4751,4751,0,0,0,91145545,34,90386554,55,0.000000,0.188551,0.188572,16906,0,24.19,91145301,91145301,736,254,SUCCESS,758966,0,warm20,3911680,663840,0,587392,,,,,55,25,used,,,,20260911-1908
2026-09-11 19:11:54,HAUSP-UB[noEUCS],SIGN,44,0,0.003000,0.000,0.008,884460,410,0,4776,4776,0,0,0,90560831,30,89808821,57,0.000000,0.188086,0.188107,16490,0,24.52,90560589,90560589,748,254,SUCCESS,751992,0,warm20,4063232,674592,0,590720,,,,,57,18,used,,,,20260911-1908
2026-09-11 19:11:59,HAUSP-UB[noEUCS],SIGN,45,0,0.003000,0.000,0.008,901027,416,0,4731,4731,0,0,0,88711859,30,87977905,57,0.000000,0.187128,0.187150,15893,0,24.87,88711618,88711617,753,254,SUCCESS,733937,0,warm20,4214784,684960,0,595584,,,,,57,17,used,,,,20260911-1908
2026-09-11 19:12:04,HAUSP-UB[noEUCS],SIGN,46,0,0.003000,0.000,0.008,916886,422,0,4738,4738,0,0,0,87982799,32,87259765,56,0.000000,0.186182,0.186203,15488,0,25.08,87982558,87982558,753,255,SUCCESS,723015,0,warm20,4214784,696640,0,608256,,,,,56,19,used,,,,20260911-1908
2026-09-11 19:12:08,HAUSP-UB[noEUCS],SIGN,47,0,0.003000,0.000,0.008,933116,428,0,4695,4695,0,0,0,86901399,32,86192255,58,0.000000,0.185469,0.185491,15117,0,25.21,86901156,86901153,755,255,SUCCESS,709124,0,warm20,4354048,706624,0,620544,,,,,58,20,used,,,,20260911-1908
2026-09-11 19:12:13,HAUSP-UB[noEUCS],SIGN,48,0,0.003000,0.000,0.008,947537,434,0,4679,4679,0,0,0,86039616,33,85342140,53,0.000000,0.184956,0.184976,14733,0,17.35,86039373,86039373,753,255,SUCCESS,697455,0,warm20,4599808,716352,0,621568,,,,,53,21,used,,,,20260911-1908
2026-09-11 19:12:18,HAUSP-UB[noEUCS],SIGN,49,0,0.003000,0.000,0.008,957204,440,0,4641,4641,0,0,0,84747143,33,84062317,53,0.000000,0.184981,0.185003,14599,0,17.66,84746900,84746900,753,255,SUCCESS,684805,0,warm20,4710400,724224,0,631808,,,,,53,21,used,,,,20260911-1908
2026-09-11 19:12:22,HAUSP-UB[noEUCS],SIGN,50,0,0.003000,0.000,0.008,967022,446,0,4641,4642,0,0,0,84051940,33,83374456,52,0.000000,0.185266,0.185288,14609,0,18.02,84051696,84051696,753,255,SUCCESS,677462,0,warm20,4849664,732384,0,640000,,,,,52,22,used,,,,20260911-1908
2026-09-11 19:12:27,HAUSP-UB[noEUCS],SIGN,51,0,0.003000,0.000,0.008,979636,452,0,4705,4706,0,0,0,84516415,31,83836857,54,0.000000,0.185286,0.185309,14554,0,18.35,84516171,84516171,751,255,SUCCESS,679538,0,warm20,4980736,741728,0,641408,,,,,54,20,used,,,,20260911-1908
2026-09-11 19:12:32,HAUSP-UB[noEUCS],SIGN,52,0,0.003000,0.000,0.008,990505,458,0,4686,4686,0,0,0,83473077,31,82803848,54,0.000000,0.185190,0.185214,14363,0,18.65,83472833,83472833,749,255,SUCCESS,669209,0,warm20,5087232,750560,0,651648,,,,,54,20,used,,,,20260911-1908
2026-09-11 19:12:36,HAUSP-UB[noEUCS],SIGN,53,0,0.003000,0.000,0.008,1001386,464,0,4630,4630,0,0,0,81675208,31,81021157,55,0.000000,0.184680,0.184703,14056,0,18.91,81674964,81674964,748,255,SUCCESS,654031,0,warm20,5185536,757664,0,654208,,,,,55,20,used,,,,20260911-1908
2026-09-11 19:12:41,HAUSP-UB[noEUCS],SIGN,54,0,0.003000,0.000,0.008,1016244,470,0,4662,4662,0,0,0,81562343,30,80912061,61,0.000000,0.184275,0.184300,13905,0,19.22,81562099,81562099,747,255,SUCCESS,650263,0,warm20,5300224,767424,0,656256,,,,,61,19,used,,,,20260911-1908
2026-09-11 19:12:46,HAUSP-UB[noEUCS],SIGN,55,0,0.003000,0.000,0.008,1027129,476,0,4668,4668,0,0,0,81091130,30,80446540,61,0.000000,0.184180,0.184205,13871,0,19.52,81090888,81090888,747,256,SUCCESS,644573,0,warm20,5406720,776064,0,666496,,,,,61,17,used,,,,20260911-1908
2026-09-11 19:12:50,HAUSP-UB[noEUCS],SIGN,56,0,0.003000,0.000,0.008,1047408,482,0,4685,4685,0,0,0,80919576,26,80281821,64,0.000000,0.182475,0.182502,13478,0,19.83,80919332,80919332,751,260,SUCCESS,637741,0,warm20,5500928,787776,0,695680,,,,,64,14,used,,,,20260911-1908
2026-09-11 19:12:55,HAUSP-UB[noEUCS],SIGN,57,0,0.003000,0.000,0.008,1060421,488,0,4690,4690,0,0,0,80249837,26,79618811,61,0.000000,0.182345,0.182371,13277,0,20.16,80249589,80249589,745,260,SUCCESS,631012,0,warm20,5615616,796864,0,708992,,,,,61,14,used,,,,20260911-1908
2026-09-11 19:13:00,HAUSP-UB[noEUCS],SIGN,58,0,0.003000,0.000,0.008,1079371,494,0,4696,4696,0,0,0,79700384,27,79076611,71,0.000000,0.181677,0.181704,13241,0,20.37,79700136,79700136,740,261,SUCCESS,623758,0,warm20,5672960,807232,0,721280,,,,,71,15,used,,,,20260911-1908
2026-09-11 19:13:04,HAUSP-UB[noEUCS],SIGN,59,0,0.003000,0.000,0.008,1096747,500,0,4723,4723,0,0,0,79508039,28,78887045,77,0.000000,0.180738,0.180766,13167,0,20.68,79507791,79507791,737,263,SUCCESS,620979,0,warm20,5771264,817088,0,743296,,,,,77,15,used,,,,20260911-1908
2026-09-11 19:13:09,HAUSP-UB[noEUCS],SIGN,60,0,0.003000,0.000,0.008,1110602,506,0,4717,4718,0,0,0,78848977,29,78235534,77,0.000000,0.180587,0.180615,13007,0,20.83,78848729,78848729,732,263,SUCCESS,613429,0,warm20,5804032,826272,0,745728,,,,,77,14,used,,,,20260911-1908
2026-09-11 19:13:14,HAUSP-UB[noEUCS],SIGN,61,0,0.003000,0.000,0.008,1124744,512,0,4713,4713,0,0,0,78177936,31,77572669,73,0.000000,0.180538,0.180567,12882,0,21.03,78177690,78177690,736,265,SUCCESS,605253,0,warm20,5849088,835776,0,766720,,,,,73,14,used,,,,20260911-1908
2026-09-11 19:13:19,HAUSP-UB[noEUCS],SIGN,62,0,0.003000,0.000,0.008,1139446,518,0,4747,4747,0,0,0,78222313,30,77620427,73,0.000000,0.180452,0.180481,12846,0,21.22,78222064,78222064,737,265,SUCCESS,601872,0,warm20,5902336,845920,0,767616,,,,,73,14,used,,,,20260911-1908
2026-09-11 19:13:23,HAUSP-UB[noEUCS],SIGN,63,0,0.003000,0.000,0.008,1156811,524,0,4772,4772,0,0,0,77990356,26,77395579,76,0.000000,0.180528,0.180560,12821,0,21.34,77990105,77990105,744,266,SUCCESS,594765,0,warm20,5910528,857024,0,779392,,,,,76,12,used,,,,20260911-1908
2026-09-11 19:13:28,HAUSP-UB[noEUCS],SIGN,64,0,0.003000,0.000,0.008,1169601,530,0,4787,4787,0,0,0,77707116,26,77117355,74,0.000000,0.180281,0.180313,12622,0,21.51,77706865,77706865,740,266,SUCCESS,589750,0,warm20,5943296,866144,0,793216,,,,,74,11,used,,,,20260911-1908
2026-09-11 19:13:33,HAUSP-UB[noEUCS],SIGN,65,0,0.003000,0.000,0.008,1183474,536,0,4792,4792,0,0,0,77230229,25,76646251,75,0.000000,0.180008,0.180040,12433,0,21.65,77229978,77229978,739,266,SUCCESS,583968,0,warm20,5971968,875744,0,795520,,,,,75,10,used,,,,20260911-1908
2026-09-11 19:13:38,HAUSP-UB[noEUCS],SIGN,66,0,0.003000,0.000,0.008,1194955,542,0,4780,4780,0,0,0,76383493,24,75806716,71,0.000000,0.179947,0.179980,12294,0,21.80,76383242,76383242,738,266,SUCCESS,576768,0,warm20,6000640,884320,0,806272,,,,,71,9,used,,,,20260911-1908
2026-09-11 19:13:42,HAUSP-UB[noEUCS],SIGN,67,0,0.003000,0.000,0.008,1209554,548,0,4766,4766,0,0,0,75630824,26,75062214,72,0.000000,0.179381,0.179413,12041,0,21.93,75630572,75630572,740,266,SUCCESS,568598,0,warm20,6025216,893888,0,807552,,,,,72,12,used,,,,20260911-1908
2026-09-11 19:13:47,HAUSP-UB[noEUCS],SIGN,68,0,0.003000,0.000,0.008,1225092,554,0,4817,4817,0,0,0,75886310,27,75317138,71,0.000000,0.179369,0.179400,12117,0,22.05,75886058,75886058,737,266,SUCCESS,569159,0,warm20,6033408,904512,0,824192,,,,,71,13,used,,,,20260911-1908
2026-09-11 19:13:52,HAUSP-UB[noEUCS],SIGN,69,0,0.003000,0.000,0.008,1246726,560,0,5032,5033,0,0,0,79450609,26,78863730,69,0.000000,0.177314,0.177344,12158,0,22.20,79450357,79450357,740,267,SUCCESS,586867,0,warm20,6045696,918208,0,841856,,,,,69,12,used,,,,20260911-1908
2026-09-11 19:13:57,HAUSP-UB[noEUCS],SIGN,70,0,0.003000,0.000,0.008,1265597,566,0,5155,5155,0,0,0,80838528,27,80243454,64,0.000000,0.177587,0.177615,12584,0,22.35,80838275,80838275,738,267,SUCCESS,595061,0,warm20,6049792,929472,0,873344,,,,,64,13,used,,,,20260911-1908
2026-09-11 19:14:03,HAUSP-UB[noEUCS],SIGN,71,0,0.003000,0.000,0.008,1283052,572,0,5212,5212,0,0,0,81194835,32,80598441,61,0.000000,0.177750,0.177778,12659,0,22.46,81194582,81194582,738,267,SUCCESS,596376,0,warm20,6053888,939584,0,885888,,,,,61,18,used,,,,20260911-1908
2026-09-11 19:14:08,HAUSP-UB[noEUCS],SIGN,72,0,0.003000,0.000,0.008,1300784,578,0,5361,5361,0,0,0,83171681,31,82562944,65,0.000000,0.177249,0.177276,12940,0,22.58,83171428,83171428,736,267,SUCCESS,608720,0,warm20,6066176,951104,0,894848,,,,,65,17,used,,,,20260911-1908
2026-09-11 19:14:14,HAUSP-UB[noEUCS],SIGN,73,0,0.003000,0.000,0.008,1316615,584,0,5456,5456,0,0,0,84148511,30,83536262,65,0.000000,0.177132,0.177159,12887,0,22.67,84148258,84148258,737,267,SUCCESS,612233,0,warm20,6066176,963200,0,899968,,,,,65,16,used,,,,20260911-1908
2026-09-11 19:14:19,HAUSP-UB[noEUCS],SIGN,74,0,0.003000,0.000,0.008,1330102,590,0,5435,5435,0,0,0,83351687,30,82746645,65,0.000000,0.177117,0.177144,12801,0,22.82,83351434,83351434,738,267,SUCCESS,605026,0,warm20,6074368,972416,0,928000,,,,,65,16,used,,,,20260911-1908
2026-09-11 19:14:24,HAUSP-UB[noEUCS],SIGN,75,0,0.003000,0.000,0.008,1342143,596,0,5399,5399,0,0,0,82418671,30,81821349,64,0.000000,0.176878,0.176905,12641,0,22.93,82418419,82418419,737,267,SUCCESS,597307,0,warm20,6078464,981184,0,941312,,,,,64,15,used,,,,20260911-1908
2026-09-11 19:14:30,HAUSP-UB[noEUCS],SIGN,76,0,0.003000,0.000,0.008,1352225,602,0,5365,5365,0,0,0,81466552,30,80877018,62,0.000000,0.176708,0.176736,12469,0,23.02,81466300,81466300,736,267,SUCCESS,589519,0,warm20,6078464,989184,0,945408,,,,,62,15,used,,,,20260911-1908
2026-09-11 19:14:35,HAUSP-UB[noEUCS],SIGN,77,0,0.003000,0.000,0.008,1364919,608,0,5418,5418,0,0,0,81502794,30,80913624,64,0.000000,0.177017,0.177045,12515,0,23.11,81502542,81502542,736,267,SUCCESS,589155,0,warm20,6086656,999168,0,946432,,,,,64,15,used,,,,20260911-1908
2026-09-11 19:14:41,HAUSP-UB[noEUCS],SIGN,78,0,0.003000,0.000,0.008,1378844,614,0,5458,5458,0,0,0,81488994,30,80902153,64,0.000000,0.177266,0.177294,12541,0,23.25,81488742,81488742,736,267,SUCCESS,586826,0,warm20,6098944,1009024,0,964096,,,,,64,15,used,,,,20260911-1908
2026-09-11 19:14:46,HAUSP-UB[noEUCS],SIGN,79,0,0.003000,0.000,0.008,1390075,620,0,5433,5433,0,0,0,80747716,29,80168197,64,0.000000,0.177037,0.177065,12364,0,23.34,80747464,80747464,736,267,SUCCESS,579505,0,warm20,6107136,1017312,0,964096,,,,,64,14,used,,,,20260911-1908
2026-09-11 19:14:51,HAUSP-UB[noEUCS],SIGN,80,0,0.003000,0.000,0.008,1404925,626,0,5439,5439,0,0,0,80576224,29,80002004,65,0.000000,0.176620,0.176649,12159,0,23.45,80575972,80575972,736,267,SUCCESS,574206,0,warm20,6115328,1027168,0,972416,,,,,65,14,used,,,,20260911-1908
2026-09-11 19:14:57,HAUSP-UB[noEUCS],SIGN,81,0,0.003000,0.000,0.008,1419540,632,0,5465,5465,0,0,0,80442823,29,79870482,66,0.000000,0.176665,0.176694,12230,0,23.56,80442571,80442571,735,267,SUCCESS,572327,0,warm20,6123520,1037088,0,977536,,,,,66,14,used,,,,20260911-1908
2026-09-11 19:15:02,HAUSP-UB[noEUCS],SIGN,82,0,0.003000,0.000,0.008,1430972,638,0,5530,5531,0,0,0,80609918,29,80036057,66,0.000000,0.176688,0.176717,12165,0,23.67,80609666,80609666,739,267,SUCCESS,573847,0,warm20,6131712,1046080,0,987776,,,,,66,14,used,,,,20260911-1908
2026-09-11 19:15:08,HAUSP-UB[noEUCS],SIGN,83,0,0.003000,0.000,0.008,1446547,644,0,5568,5568,0,0,0,80344277,30,79772488,66,0.000000,0.176675,0.176703,12128,0,23.81,80344025,80344025,735,267,SUCCESS,571774,0,warm20,6148096,1057088,0,999552,,,,,66,15,used,,,,20260911-1908
2026-09-11 19:15:14,HAUSP-UB[noEUCS],SIGN,84,0,0.003000,0.000,0.008,1466019,650,0,5669,5669,0,0,0,81182667,30,80606246,68,0.000000,0.176547,0.176576,12206,0,23.95,81182416,81182416,740,267,SUCCESS,576407,0,warm20,6172672,1069536,0,1005440,,,,,68,14,used,,,,20260911-1908
2026-09-11 19:15:19,HAUSP-UB[noEUCS],SIGN,85,0,0.003000,0.000,0.008,1477721,656,0,5659,5659,0,0,0,80509456,31,79938846,70,0.000000,0.176535,0.176563,12122,0,24.07,80509205,80509205,737,267,SUCCESS,570595,0,warm20,6197248,1078816,0,1005440,,,,,70,15,used,,,,20260911-1908
2026-09-11 19:15:25,HAUSP-UB[noEUCS],SIGN,86,0,0.003000,0.000,0.008,1489446,662,0,5666,5666,0,0,0,80029808,31,79463543,68,0.000000,0.176775,0.176803,12092,0,24.22,80029557,80029557,739,267,SUCCESS,566250,0,warm20,6230016,1088704,0,1011712,,,,,68,15,used,,,,20260911-1908
2026-09-11 19:15:31,HAUSP-UB[noEUCS],SIGN,87,0,0.003000,0.000,0.008,1504545,668,0,5754,5754,0,0,0,80675128,33,80106364,61,0.000000,0.176814,0.176842,12261,0,24.41,80674877,80674877,741,267,SUCCESS,568747,0,warm20,6270976,1099744,0,1025536,,,,,61,17,used,,,,20260911-1908
2026-09-11 19:15:37,HAUSP-UB[noEUCS],SIGN,88,0,0.003000,0.000,0.008,1520720,674,0,5858,5859,0,0,0,81479098,33,80906771,61,0.000000,0.177065,0.177093,12357,0,24.63,81478848,81478844,747,267,SUCCESS,572311,0,warm20,6340608,1111488,0,1026432,,,,,61,16,used,,,,20260911-1908
2026-09-11 19:15:43,HAUSP-UB[noEUCS],SIGN,89,0,0.003000,0.000,0.008,1534926,680,0,5897,5897,0,0,0,81485448,33,80914503,62,0.000000,0.177483,0.177511,12454,0,24.81,81485198,81485198,747,267,SUCCESS,570929,0,warm20,6381568,1122208,0,1037952,,,,,62,16,used,,,,20260911-1908
2026-09-11 19:15:49,HAUSP-UB[noEUCS],SIGN,90,0,0.003000,0.000,0.008,1553182,686,0,6044,6044,0,0,0,82645188,33,82066893,70,0.000000,0.177822,0.177849,12724,0,25.03,82644938,82644934,751,267,SUCCESS,578279,0,warm20,6438912,1133856,0,1046144,,,,,70,16,used,,,,20260911-1908
2026-09-11 19:15:55,HAUSP-UB[noEUCS],SIGN,91,0,0.003000,0.000,0.008,1569089,692,0,6159,6159,0,0,0,83514353,33,82931126,66,0.000000,0.178026,0.178053,12856,0,25.22,83514103,83514102,752,267,SUCCESS,583211,0,warm20,6500352,1145408,0,1047296,,,,,66,16,used,,,,20260911-1908
2026-09-11 19:16:01,HAUSP-UB[noEUCS],SIGN,92,0,0.003000,0.000,0.008,1586819,698,0,6329,6329,0,0,0,85096331,33,84506685,62,0.000000,0.178120,0.178147,12860,0,25.46,85096082,85096081,753,267,SUCCESS,589631,0,warm20,6569984,1157856,0,1056256,,,,,62,15,used,,,,20260911-1908
2026-09-11 19:16:08,HAUSP-UB[noEUCS],SIGN,93,0,0.003000,0.000,0.008,1606504,704,0,6485,6485,0,0,0,87230010,33,86629241,64,0.000000,0.177087,0.177113,12872,0,25.72,87229761,87229760,754,267,SUCCESS,600754,0,warm20,6641664,1170784,0,1076992,,,,,64,15,used,,,,20260911-1908
2026-09-11 19:16:14,HAUSP-UB[noEUCS],SIGN,94,0,0.003000,0.000,0.008,1616945,710,0,6536,6536,0,0,0,87119701,32,86519945,64,0.000000,0.177510,0.177536,12890,0,25.95,87119452,87119452,754,267,SUCCESS,599742,0,warm20,6721536,1179744,0,1077504,,,,,64,14,used,,,,20260911-1908
2026-09-11 19:16:21,HAUSP-UB[noEUCS],SIGN,95,0,0.003000,0.000,0.008,1631610,716,0,6593,6593,0,0,0,87979974,32,87378495,65,0.000000,0.176734,0.176761,12886,0,26.20,87979725,87979725,753,267,SUCCESS,601465,0,warm20,6807552,1189984,0,1083136,,,,,65,14,used,,,,20260911-1908
2026-09-11 19:16:27,HAUSP-UB[noEUCS],SIGN,96,0,0.003000,0.000,0.008,1649145,722,0,6642,6642,0,0,0,87885998,32,87285610,63,0.000000,0.176659,0.176686,12904,0,26.49,87885749,87885749,752,267,SUCCESS,600374,0,warm20,6914048,1201088,0,1084160,,,,,63,14,used,,,,20260911-1908
2026-09-11 19:16:34,HAUSP-UB[noEUCS],SIGN,97,0,0.003000,0.000,0.008,1663324,728,0,6658,6658,0,0,0,87551109,32,86954621,61,0.000000,0.176163,0.176190,12728,0,26.82,87550860,87550858,756,267,SUCCESS,596474,0,warm20,7038976,1211648,0,1087488,,,,,61,14,used,,,,20260911-1908
2026-09-11 19:16:41,HAUSP-UB[noEUCS],SIGN,98,0,0.003000,0.000,0.008,1668652,730,0,6667,6668,0,0,0,87193705,32,86599744,60,0.000000,0.176058,0.176085,12666,0,27.10,87193456,87193456,754,267,SUCCESS,593947,0,warm20,7143424,1214656,0,1095680,,,,,60,14,used,,,,20260911-1908
2026-09-11 19:16:47,HAUSP-UB[noEUCS],SIGN,99,0,0.003000,0.000,0.008,1668652,730,0,6640,6640,0,0,0,87193705,32,86599744,60,0.000000,0.176058,0.176085,12666,0,27.36,87193456,87193456,754,267,SUCCESS,593947,0,warm20,7241728,1214656,0,1095680,,,,,60,14,used,,,,20260911-1908
2026-09-11 19:16:51,HAUSP-UB[noEUCS],SIGN,0,1,0.003000,0.000,0.200,319686,146,3,3041,3045,0,0,0,106349081,2,104965474,143,0.000000,0.178773,0.178783,23387,0,13.60,106349081,106348144,937,217,SUCCESS,1383605,0,warm20,1041408,242848,0,179968,,,,,143,2,used,,,,20260911-1908
2026-09-11 19:16:54,HAUSP-UB[noEUCS],SIGN,1,1,0.003000,0.000,0.008,334092,152,0,3106,3107,0,0,0,107046451,6,105693981,181,0.000000,0.178764,0.178773,23347,0,14.31,107046234,107046233,721,218,SUCCESS,1352464,0,warm20,1345024,253504,0,191360,,,,,181,6,used,,,,20260911-1908
2026-09-11 19:16:57,HAUSP-UB[noEUCS],SIGN,2,1,0.003000,0.000,0.008,345121,158,0,3090,3090,0,0,0,104450506,7,103148010,332,0.000000,0.179987,0.179998,23125,0,14.34,104450288,104450288,720,222,SUCCESS,1302489,0,warm20,1347072,261888,0,202240,,,,,332,7,used,,,,20260911-1908
2026-09-11 19:17:00,HAUSP-UB[noEUCS],SIGN,3,1,0.003000,0.000,0.008,358047,164,0,3186,3186,0,0,0,105095072,8,103809348,252,0.000000,0.181684,0.181694,22486,0,14.73,105094850,105094844,722,223,SUCCESS,1285716,0,warm20,1464320,272192,0,211456,,,,,252,8,used,,,,20260911-1908
2026-09-11 19:17:03,HAUSP-UB[noEUCS],SIGN,4,1,0.003000,0.000,0.008,369331,170,0,3102,3102,0,0,0,100527745,7,99314342,124,0.000000,0.182239,0.182250,21958,0,14.76,100527522,100527522,720,224,SUCCESS,1213396,0,warm20,1514752,280416,0,221184,,,,,124,7,used,,,,20260911-1908
2026-09-11 19:17:06,HAUSP-UB[noEUCS],SIGN,5,1,0.003000,0.000,0.008,383289,176,0,3159,3160,0,0,0,100371827,7,99190447,47,0.000000,0.182254,0.182265,21751,0,15.16,100371603,100371598,725,224,SUCCESS,1181373,0,warm20,1591296,291584,0,225792,,,,,47,7,used,,,,20260911-1908
2026-09-11 19:17:10,HAUSP-UB[noEUCS],SIGN,6,1,0.003000,0.000,0.008,393230,182,0,3126,3126,0,0,0,97612223,10,96477573,41,0.000000,0.183995,0.184006,21796,0,15.19,97611999,97611999,719,225,SUCCESS,1134640,0,warm20,1628160,299488,0,229632,,,,,41,10,used,,,,20260911-1908
2026-09-11 19:17:13,HAUSP-UB[noEUCS],SIGN,7,1,0.003000,0.000,0.008,408594,188,0,3071,3071,0,0,0,94018829,10,92948927,48,0.000000,0.183682,0.183695,20533,0,15.58,94018604,94018602,726,226,SUCCESS,1069892,0,warm20,1718272,310304,0,242304,,,,,48,10,used,,,,20260911-1908
2026-09-11 19:17:16,HAUSP-UB[noEUCS],SIGN,8,1,0.003000,0.000,0.008,428453,194,0,3274,3274,0,0,0,98714907,10,97619084,138,0.000000,0.183816,0.183828,20113,0,15.61,98714682,98714679,728,227,SUCCESS,1095814,0,warm20,1760256,323296,0,251520,,,,,138,9,used,,,,20260911-1908
2026-09-11 19:17:20,HAUSP-UB[noEUCS],SIGN,9,1,0.003000,0.000,0.008,446004,200,0,3687,3687,0,0,0,109908170,10,108700461,166,0.000000,0.183474,0.183485,19376,0,16.00,109907944,109907940,731,227,SUCCESS,1207700,0,warm20,1844224,334784,0,259072,,,,,166,9,used,,,,20260911-1908
2026-09-11 19:17:23,HAUSP-UB[noEUCS],SIGN,10,1,0.003000,0.000,0.008,456476,206,0,3593,3593,0,0,0,105690461,10,104541796,189,0.000000,0.183692,0.183704,18895,0,16.35,105690235,105690235,729,227,SUCCESS,1148656,0,warm20,1977344,342944,0,264064,,,,,189,9,used,,,,20260911-1908
2026-09-11 19:17:27,HAUSP-UB[noEUCS],SIGN,11,1,0.003000,0.000,0.008,466138,212,0,3503,3503,0,0,0,101867255,10,100771369,162,0.000000,0.183122,0.183135,18242,0,16.42,101867029,101867029,729,228,SUCCESS,1095877,0,warm20,2041856,351264,0,273792,,,,,162,9,used,,,,20260911-1908
2026-09-11 19:17:30,HAUSP-UB[noEUCS],SIGN,12,1,0.003000,0.000,0.008,480433,218,0,3569,3569,0,0,0,101542469,12,100469113,114,0.000000,0.183421,0.183433,18295,0,16.77,101542242,101542242,729,230,SUCCESS,1073345,0,warm20,2113536,362304,0,283136,,,,,114,11,used,,,,20260911-1908
2026-09-11 19:17:34,HAUSP-UB[noEUCS],SIGN,13,1,0.003000,0.000,0.008,496413,224,0,3709,3710,0,0,0,103912803,13,102841976,70,0.000000,0.185180,0.185193,19145,0,17.16,103912575,103912561,742,230,SUCCESS,1070816,0,warm20,2242560,374144,0,288640,,,,,70,11,used,,,,20260911-1908
2026-09-11 19:17:38,HAUSP-UB[noEUCS],SIGN,14,1,0.003000,0.000,0.008,507190,230,0,3697,3697,0,0,0,102005291,13,100962339,63,0.000000,0.184851,0.184864,18586,0,17.51,102005063,102005063,741,230,SUCCESS,1042941,0,warm20,2396160,382752,0,289920,,,,,63,11,used,,,,20260911-1908
2026-09-11 19:17:42,HAUSP-UB[noEUCS],SIGN,15,1,0.003000,0.000,0.008,518654,236,0,3921,3921,0,0,0,105801717,13,104734326,62,0.000000,0.187631,0.187644,19660,0,17.91,105801489,105801484,747,231,SUCCESS,1067380,0,warm20,2539520,393568,0,297088,,,,,62,11,used,,,,20260911-1908
2026-09-11 19:17:46,HAUSP-UB[noEUCS],SIGN,16,1,0.003000,0.000,0.008,536314,242,0,4203,4203,0,0,0,110903870,13,109803820,55,0.000000,0.187710,0.187723,20004,0,18.26,110903641,110903635,752,231,SUCCESS,1100039,0,warm20,2681088,406048,0,306048,,,,,55,11,used,,,,20260911-1908
2026-09-11 19:17:50,HAUSP-UB[noEUCS],SIGN,17,1,0.003000,0.000,0.008,544548,248,0,4130,4130,0,0,0,108072255,12,107007462,57,0.000000,0.187585,0.187598,19532,0,18.33,108072026,108072026,747,231,SUCCESS,1064783,0,warm20,2732800,412832,0,312448,,,,,57,10,used,,,,20260911-1908
2026-09-11 19:17:54,HAUSP-UB[noEUCS],SIGN,18,1,0.003000,0.000,0.008,556990,254,0,4108,4108,0,0,0,106340937,17,105307647,49,0.000000,0.186752,0.186766,18960,0,18.68,106340708,106340708,747,234,SUCCESS,1033275,0,warm20,2806784,423136,0,332928,,,,,49,15,used,,,,20260911-1908
2026-09-11 19:17:58,HAUSP-UB[noEUCS],SIGN,19,1,0.003000,0.000,0.008,569490,260,0,4163,4163,0,0,0,106054153,19,105030318,43,0.000000,0.186644,0.186657,18933,0,18.75,106053921,106053921,746,235,SUCCESS,1023818,0,warm20,2854912,433536,0,344192,,,,,43,17,used,,,,20260911-1908
2026-09-11 19:18:03,HAUSP-UB[noEUCS],SIGN,20,1,0.003000,0.000,0.008,587283,266,0,4441,4441,0,0,0,112027322,20,110966667,53,0.000000,0.181947,0.181961,18422,0,19.10,112027089,112027073,764,241,SUCCESS,1060637,0,warm20,2906112,445568,0,380032,,,,,53,18,used,,,,20260911-1908
2026-09-11 19:18:07,HAUSP-UB[noEUCS],SIGN,21,1,0.003000,0.000,0.008,601918,272,0,4472,4472,0,0,0,111123670,22,110078775,57,0.000000,0.181782,0.181797,18161,0,19.17,111123430,111123423,765,246,SUCCESS,1044874,0,warm20,2951936,455808,0,408192,,,,,57,21,used,,,,20260911-1908
2026-09-11 19:18:12,HAUSP-UB[noEUCS],SIGN,22,1,0.003000,0.000,0.008,613134,278,0,4512,4512,0,0,0,110441739,22,109411906,56,0.000000,0.182594,0.182609,18187,0,19.52,110441494,110441494,758,246,SUCCESS,1029812,0,warm20,3023360,465792,0,414080,,,,,56,21,used,,,,20260911-1908
2026-09-11 19:18:16,HAUSP-UB[noEUCS],SIGN,23,1,0.003000,0.000,0.008,625156,284,0,4390,4390,0,0,0,106258475,20,105274942,60,0.000000,0.181910,0.181926,17486,0,19.59,106258231,106258231,757,246,SUCCESS,983515,0,warm20,3056640,473920,0,423040,,,,,60,18,used,,,,20260911-1908
2026-09-11 19:18:20,HAUSP-UB[noEUCS],SIGN,24,1,0.003000,0.000,0.008,639272,290,0,4328,4328,0,0,0,103673264,22,102726235,59,0.000000,0.181624,0.181641,17307,0,19.62,103673020,103673020,760,246,SUCCESS,947009,0,warm20,3075072,484064,0,430976,,,,,59,20,used,,,,20260911-1908
2026-09-11 19:18:25,HAUSP-UB[noEUCS],SIGN,25,1,0.003000,0.000,0.008,650468,296,0,4350,4350,0,0,0,103005832,23,102072686,61,0.000000,0.181756,0.181772,17338,0,19.69,103005589,103005589,756,246,SUCCESS,933126,0,warm20,3096576,493856,0,440960,,,,,61,20,used,,,,20260911-1908
2026-09-11 19:18:29,HAUSP-UB[noEUCS],SIGN,26,1,0.003000,0.000,0.008,661807,302,0,4362,4362,0,0,0,102278280,22,101356166,66,0.000000,0.180799,0.180817,16997,0,20.04,102278039,102278039,756,246,SUCCESS,922097,0,warm20,3112960,502720,0,450432,,,,,66,17,used,,,,20260911-1908
2026-09-11 19:18:33,HAUSP-UB[noEUCS],SIGN,27,1,0.003000,0.000,0.008,671849,308,0,4295,4295,0,0,0,99724640,24,98829400,63,0.000000,0.180223,0.180241,16446,0,20.11,99724400,99724400,753,246,SUCCESS,895222,0,warm20,3129344,511008,0,456576,,,,,63,18,used,,,,20260911-1908
2026-09-11 19:18:38,HAUSP-UB[noEUCS],SIGN,28,1,0.003000,0.000,0.008,682126,314,0,4294,4294,0,0,0,98664500,24,97783193,59,0.000000,0.180669,0.180687,16420,0,20.14,98664260,98664260,754,246,SUCCESS,881289,0,warm20,3139584,519168,0,465792,,,,,59,18,used,,,,20260911-1908
2026-09-11 19:18:42,HAUSP-UB[noEUCS],SIGN,29,1,0.003000,0.000,0.008,695776,320,0,4471,4471,0,0,0,100691676,25,99797371,52,0.000000,0.181944,0.181962,16853,0,20.21,100691436,100691436,758,247,SUCCESS,894286,0,warm20,3145728,530240,0,481408,,,,,52,19,used,,,,20260911-1908
2026-09-11 19:18:47,HAUSP-UB[noEUCS],SIGN,30,1,0.003000,0.000,0.008,707653,326,0,4448,4448,0,0,0,99017923,25,98142179,52,0.000000,0.181542,0.181561,16464,0,20.25,99017682,99017682,752,247,SUCCESS,875725,0,warm20,3158016,539136,0,483456,,,,,52,19,used,,,,20260911-1908
2026-09-11 19:18:51,HAUSP-UB[noEUCS],SIGN,31,1,0.003000,0.000,0.008,720279,332,0,4374,4374,0,0,0,96439389,26,95591014,55,0.000000,0.180791,0.180809,15898,0,20.31,96439148,96439148,752,247,SUCCESS,848355,0,warm20,3170304,548128,0,491392,,,,,55,20,used,,,,20260911-1908
2026-09-11 19:18:55,HAUSP-UB[noEUCS],SIGN,32,1,0.003000,0.000,0.008,730705,338,0,4371,4371,0,0,0,95316430,28,94481770,55,0.000000,0.181316,0.181334,15828,0,20.67,95316189,95316189,753,249,SUCCESS,834638,0,warm20,3186688,556992,0,501120,,,,,55,22,used,,,,20260911-1908
2026-09-11 19:19:00,HAUSP-UB[noEUCS],SIGN,33,1,0.003000,0.000,0.008,744420,344,0,4406,4406,0,0,0,94575230,27,93751606,57,0.000000,0.183838,0.183857,16554,0,20.74,94574989,94574989,753,250,SUCCESS,823605,0,warm20,3190784,566592,0,513408,,,,,57,19,used,,,,20260911-1908
2026-09-11 19:19:04,HAUSP-UB[noEUCS],SIGN,34,1,0.003000,0.000,0.008,756980,350,0,4481,4481,0,0,0,94589953,26,93768264,56,0.000000,0.185007,0.185026,16743,0,20.77,94589711,94589711,752,250,SUCCESS,821671,0,warm20,3219456,576928,0,521216,,,,,56,18,used,,,,20260911-1908
2026-09-11 19:19:09,HAUSP-UB[noEUCS],SIGN,35,1,0.003000,0.000,0.008,768219,356,0,4457,4457,0,0,0,93218110,26,92411858,57,0.000000,0.185391,0.185410,16721,0,21.16,93217868,93217868,751,250,SUCCESS,806234,0,warm20,3301376,586656,0,523264,,,,,57,18,used,,,,20260911-1908
2026-09-11 19:19:13,HAUSP-UB[noEUCS],SIGN,36,1,0.003000,0.000,0.008,777786,362,0,4473,4473,0,0,0,92381711,27,91583827,57,0.000000,0.185781,0.185801,16692,0,21.19,92381471,92381471,750,251,SUCCESS,797867,0,warm20,3313664,594336,0,531456,,,,,57,17,used,,,,20260911-1908
2026-09-11 19:19:18,HAUSP-UB[noEUCS],SIGN,37,1,0.003000,0.000,0.008,790994,368,0,4587,4587,0,0,0,93541281,30,92740130,53,0.000000,0.187070,0.187089,16986,0,21.59,93541040,93541040,748,252,SUCCESS,801131,0,warm20,3424256,605088,0,553600,,,,,53,20,used,,,,20260911-1908
2026-09-11 19:19:22,HAUSP-UB[noEUCS],SIGN,38,1,0.003000,0.000,0.008,803248,374,0,4591,4591,0,0,0,92359913,33,91571875,48,0.000000,0.187268,0.187288,16821,0,21.62,92359670,92359670,744,252,SUCCESS,788014,0,warm20,3428352,614496,0,559744,,,,,48,24,used,,,,20260911-1908
2026-09-11 19:19:27,HAUSP-UB[noEUCS],SIGN,39,1,0.003000,0.000,0.008,817420,380,0,4611,4611,0,0,0,91757519,34,90979238,46,0.000000,0.187376,0.187397,16757,0,22.01,91757276,91757276,740,252,SUCCESS,778256,0,warm20,3567616,624736,0,562304,,,,,46,25,used,,,,20260911-1908
2026-09-11 19:19:32,HAUSP-UB[noEUCS],SIGN,40,1,0.003000,0.000,0.008,828605,386,0,4646,4646,0,0,0,91574496,34,90799288,49,0.000000,0.187829,0.187850,16796,0,22.04,91574254,91574254,739,252,SUCCESS,775184,0,warm20,3575808,633088,0,563328,,,,,49,24,used,,,,20260911-1908
2026-09-11 19:19:36,HAUSP-UB[noEUCS],SIGN,41,1,0.003000,0.000,0.008,840915,392,0,4686,4686,0,0,0,91250481,34,90481692,49,0.000000,0.187972,0.187992,16767,0,22.44,91250239,91250239,738,253,SUCCESS,768765,0,warm20,3702784,643584,0,575104,,,,,49,24,used,,,,20260911-1908
2026-09-11 19:19:41,HAUSP-UB[noEUCS],SIGN,42,1,0.003000,0.000,0.008,851890,398,0,4717,4717,0,0,0,90859133,33,90095416,53,0.000000,0.189470,0.189491,17093,0,22.47,90858890,90858890,734,253,SUCCESS,763694,0,warm20,3727360,653152,0,582272,,,,,53,23,used,,,,20260911-1908
2026-09-11 19:19:46,HAUSP-UB[noEUCS],SIGN,43,1,0.003000,0.000,0.008,867106,404,0,4761,4762,0,0,0,91145545,34,90386554,55,0.000000,0.188551,0.188572,16906,0,22.86,91145301,91145301,736,254,SUCCESS,758966,0,warm20,3854336,663840,0,587392,,,,,55,25,used,,,,20260911-1908
2026-09-11 19:19:51,HAUSP-UB[noEUCS],SIGN,44,1,0.003000,0.000,0.008,884460,410,0,4786,4786,0,0,0,90560831,30,89808821,57,0.000000,0.188086,0.188107,16490,0,23.22,90560589,90560589,748,254,SUCCESS,751992,0,warm20,3997696,674592,0,590720,,,,,57,18,used,,,,20260911-1908
2026-09-11 19:19:55,HAUSP-UB[noEUCS],SIGN,45,1,0.003000,0.000,0.008,901027,416,0,4740,4740,0,0,0,88711859,30,87977905,57,0.000000,0.187128,0.187150,15893,0,23.61,88711618,88711617,753,254,SUCCESS,733937,0,warm20,4153344,684960,0,595584,,,,,57,17,used,,,,20260911-1908
2026-09-11 19:20:00,HAUSP-UB[noEUCS],SIGN,46,1,0.003000,0.000,0.008,916886,422,0,4744,4745,0,0,0,87982799,32,87259765,56,0.000000,0.186182,0.186203,15488,0,23.96,87982558,87982558,753,255,SUCCESS,723015,0,warm20,4296704,696640,0,608256,,,,,56,19,used,,,,20260911-1908
2026-09-11 19:20:05,HAUSP-UB[noEUCS],SIGN,47,1,0.003000,0.000,0.008,933116,428,0,4714,4714,0,0,0,86901399,32,86192255,58,0.000000,0.185469,0.185491,15117,0,24.36,86901156,86901153,755,255,SUCCESS,709124,0,warm20,4440064,706624,0,620544,,,,,58,20,used,,,,20260911-1908
2026-09-11 19:20:10,HAUSP-UB[noEUCS],SIGN,48,1,0.003000,0.000,0.008,947537,434,0,4693,4693,0,0,0,86039616,33,85342140,53,0.000000,0.184956,0.184976,14733,0,24.71,86039373,86039373,753,255,SUCCESS,697455,0,warm20,4595712,716352,0,621568,,,,,53,21,used,,,,20260911-1908
2026-09-11 19:20:14,HAUSP-UB[noEUCS],SIGN,49,1,0.003000,0.000,0.008,957204,440,0,4650,4651,0,0,0,84747143,33,84062317,53,0.000000,0.184981,0.185003,14599,0,24.78,84746900,84746900,753,255,SUCCESS,684805,0,warm20,4599808,724224,0,631808,,,,,53,21,used,,,,20260911-1908
2026-09-11 19:20:19,HAUSP-UB[noEUCS],SIGN,50,1,0.003000,0.000,0.008,967022,446,0,4651,4651,0,0,0,84051940,33,83374456,52,0.000000,0.185266,0.185288,14609,0,25.14,84051696,84051696,753,255,SUCCESS,677462,0,warm20,4734976,732384,0,640000,,,,,52,22,used,,,,20260911-1908
2026-09-11 19:20:24,HAUSP-UB[noEUCS],SIGN,51,1,0.003000,0.000,0.008,979636,452,0,4699,4699,0,0,0,84516415,31,83836857,54,0.000000,0.185286,0.185309,14554,0,25.26,84516171,84516171,751,255,SUCCESS,679538,0,warm20,4894720,741728,0,641408,,,,,54,20,used,,,,20260911-1908
2026-09-11 19:20:28,HAUSP-UB[noEUCS],SIGN,52,1,0.003000,0.000,0.008,990505,458,0,4674,4674,0,0,0,83473077,31,82803848,54,0.000000,0.185190,0.185214,14363,0,17.66,83472833,83472833,749,255,SUCCESS,669209,0,warm20,5087232,750560,0,651648,,,,,54,20,used,,,,20260911-1908
2026-09-11 19:20:33,HAUSP-UB[noEUCS],SIGN,53,1,0.003000,0.000,0.008,1001386,464,0,4612,4612,0,0,0,81675208,31,81021157,55,0.000000,0.184680,0.184703,14056,0,17.93,81674964,81674964,748,255,SUCCESS,654031,0,warm20,5185536,757664,0,654208,,,,,55,20,used,,,,20260911-1908
2026-09-11 19:20:37,HAUSP-UB[noEUCS],SIGN,54,1,0.003000,0.000,0.008,1016244,470,0,4652,4652,0,0,0,81562343,30,80912061,61,0.000000,0.184275,0.184300,13905,0,18.23,81562099,81562099,747,255,SUCCESS,650263,0,warm20,5300224,767424,0,656256,,,,,61,19,used,,,,20260911-1908
2026-09-11 19:20:42,HAUSP-UB[noEUCS],SIGN,55,1,0.003000,0.000,0.008,1027129,476,0,4656,4656,0,0,0,81091130,30,80446540,61,0.000000,0.184180,0.184205,13871,0,18.53,81090888,81090888,747,256,SUCCESS,644573,0,warm20,5406720,776064,0,666496,,,,,61,17,used,,,,20260911-1908
2026-09-11 19:20:47,HAUSP-UB[noEUCS],SIGN,56,1,0.003000,0.000,0.008,1047408,482,0,4675,4675,0,0,0,80919576,26,80281821,64,0.000000,0.182475,0.182502,13478,0,18.85,80919332,80919332,751,260,SUCCESS,637741,0,warm20,5500928,787776,0,695680,,,,,64,14,used,,,,20260911-1908
2026-09-11 19:20:51,HAUSP-UB[noEUCS],SIGN,57,1,0.003000,0.000,0.008,1060421,488,0,4678,4678,0,0,0,80249837,26,79618811,61,0.000000,0.182345,0.182371,13277,0,19.17,80249589,80249589,745,260,SUCCESS,631012,0,warm20,5615616,796864,0,708992,,,,,61,14,used,,,,20260911-1908
2026-09-11 19:20:56,HAUSP-UB[noEUCS],SIGN,58,1,0.003000,0.000,0.008,1079371,494,0,4683,4683,0,0,0,79700384,27,79076611,71,0.000000,0.181677,0.181704,13241,0,19.38,79700136,79700136,740,261,SUCCESS,623758,0,warm20,5672960,807232,0,721280,,,,,71,15,used,,,,20260911-1908
2026-09-11 19:21:01,HAUSP-UB[noEUCS],SIGN,59,1,0.003000,0.000,0.008,1096747,500,0,4705,4705,0,0,0,79508039,28,78887045,77,0.000000,0.180738,0.180766,13167,0,19.69,79507791,79507791,737,263,SUCCESS,620979,0,warm20,5771264,817088,0,743296,,,,,77,15,used,,,,20260911-1908
2026-09-11 19:21:06,HAUSP-UB[noEUCS],SIGN,60,1,0.003000,0.000,0.008,1110602,506,0,4705,4705,0,0,0,78848977,29,78235534,77,0.000000,0.180587,0.180615,13007,0,19.84,78848729,78848729,732,263,SUCCESS,613429,0,warm20,5804032,826272,0,745728,,,,,77,14,used,,,,20260911-1908
2026-09-11 19:21:10,HAUSP-UB[noEUCS],SIGN,61,1,0.003000,0.000,0.008,1124744,512,0,4696,4696,0,0,0,78177936,31,77572669,73,0.000000,0.180538,0.180567,12882,0,20.05,78177690,78177690,736,265,SUCCESS,605253,0,warm20,5849088,835776,0,766720,,,,,73,14,used,,,,20260911-1908
2026-09-11 19:21:15,HAUSP-UB[noEUCS],SIGN,62,1,0.003000,0.000,0.008,1139446,518,0,4732,4732,0,0,0,78222313,30,77620427,73,0.000000,0.180452,0.180481,12846,0,20.23,78222064,78222064,737,265,SUCCESS,601872,0,warm20,5902336,845920,0,767616,,,,,73,14,used,,,,20260911-1908
2026-09-11 19:21:20,HAUSP-UB[noEUCS],SIGN,63,1,0.003000,0.000,0.008,1156811,524,0,4755,4755,0,0,0,77990356,26,77395579,76,0.000000,0.180528,0.180560,12821,0,20.35,77990105,77990105,744,266,SUCCESS,594765,0,warm20,5910528,857024,0,779392,,,,,76,12,used,,,,20260911-1908
2026-09-11 19:21:25,HAUSP-UB[noEUCS],SIGN,64,1,0.003000,0.000,0.008,1169601,530,0,4769,4769,0,0,0,77707116,26,77117355,74,0.000000,0.180281,0.180313,12622,0,20.52,77706865,77706865,740,266,SUCCESS,589750,0,warm20,5943296,866144,0,793216,,,,,74,11,used,,,,20260911-1908
2026-09-11 19:21:29,HAUSP-UB[noEUCS],SIGN,65,1,0.003000,0.000,0.008,1183474,536,0,4781,4781,0,0,0,77230229,25,76646251,75,0.000000,0.180008,0.180040,12433,0,20.66,77229978,77229978,739,266,SUCCESS,583968,0,warm20,5971968,875744,0,795520,,,,,75,10,used,,,,20260911-1908
2026-09-11 19:21:34,HAUSP-UB[noEUCS],SIGN,66,1,0.003000,0.000,0.008,1194955,542,0,4779,4779,0,0,0,76383493,24,75806716,71,0.000000,0.179947,0.179980,12294,0,20.81,76383242,76383242,738,266,SUCCESS,576768,0,warm20,6000640,884320,0,806272,,,,,71,9,used,,,,20260911-1908
2026-09-11 19:21:39,HAUSP-UB[noEUCS],SIGN,67,1,0.003000,0.000,0.008,1209554,548,0,4750,4750,0,0,0,75630824,26,75062214,72,0.000000,0.179381,0.179413,12041,0,20.94,75630572,75630572,740,266,SUCCESS,568598,0,warm20,6025216,893888,0,807552,,,,,72,12,used,,,,20260911-1908
2026-09-11 19:21:44,HAUSP-UB[noEUCS],SIGN,68,1,0.003000,0.000,0.008,1225092,554,0,4806,4806,0,0,0,75886310,27,75317138,71,0.000000,0.179369,0.179400,12117,0,21.06,75886058,75886058,737,266,SUCCESS,569159,0,warm20,6033408,904512,0,824192,,,,,71,13,used,,,,20260911-1908
2026-09-11 19:21:49,HAUSP-UB[noEUCS],SIGN,69,1,0.003000,0.000,0.008,1246726,560,0,5016,5016,0,0,0,79450609,26,78863730,69,0.000000,0.177314,0.177344,12158,0,21.21,79450357,79450357,740,267,SUCCESS,586867,0,warm20,6045696,918208,0,841856,,,,,69,12,used,,,,20260911-1908
2026-09-11 19:21:54,HAUSP-UB[noEUCS],SIGN,70,1,0.003000,0.000,0.008,1265597,566,0,5134,5134,0,0,0,80838528,27,80243454,64,0.000000,0.177587,0.177615,12584,0,21.36,80838275,80838275,738,267,SUCCESS,595061,0,warm20,6049792,929472,0,873344,,,,,64,13,used,,,,20260911-1908
2026-09-11 19:21:59,HAUSP-UB[noEUCS],SIGN,71,1,0.003000,0.000,0.008,1283052,572,0,5190,5190,0,0,0,81194835,32,80598441,61,0.000000,0.177750,0.177778,12659,0,21.47,81194582,81194582,738,267,SUCCESS,596376,0,warm20,6053888,939584,0,885888,,,,,61,18,used,,,,20260911-1908
2026-09-11 19:22:04,HAUSP-UB[noEUCS],SIGN,72,1,0.003000,0.000,0.008,1300784,578,0,5341,5341,0,0,0,83171681,31,82562944,65,0.000000,0.177249,0.177276,12940,0,21.59,83171428,83171428,736,267,SUCCESS,608720,0,warm20,6066176,951104,0,894848,,,,,65,17,used,,,,20260911-1908
2026-09-11 19:22:10,HAUSP-UB[noEUCS],SIGN,73,1,0.003000,0.000,0.008,1316615,584,0,5440,5440,0,0,0,84148511,30,83536262,65,0.000000,0.177132,0.177159,12887,0,21.68,84148258,84148258,737,267,SUCCESS,612233,0,warm20,6066176,963200,0,899968,,,,,65,16,used,,,,20260911-1908
2026-09-11 19:22:15,HAUSP-UB[noEUCS],SIGN,74,1,0.003000,0.000,0.008,1330102,590,0,5415,5415,0,0,0,83351687,30,82746645,65,0.000000,0.177117,0.177144,12801,0,21.83,83351434,83351434,738,267,SUCCESS,605026,0,warm20,6074368,972416,0,928000,,,,,65,16,used,,,,20260911-1908
2026-09-11 19:22:21,HAUSP-UB[noEUCS],SIGN,75,1,0.003000,0.000,0.008,1342143,596,0,5392,5392,0,0,0,82418671,30,81821349,64,0.000000,0.176878,0.176905,12641,0,21.94,82418419,82418419,737,267,SUCCESS,597307,0,warm20,6078464,981184,0,941312,,,,,64,15,used,,,,20260911-1908
2026-09-11 19:22:26,HAUSP-UB[noEUCS],SIGN,76,1,0.003000,0.000,0.008,1352225,602,0,5341,5341,0,0,0,81466552,30,80877018,62,0.000000,0.176708,0.176736,12469,0,22.03,81466300,81466300,736,267,SUCCESS,589519,0,warm20,6078464,989184,0,945408,,,,,62,15,used,,,,20260911-1908
2026-09-11 19:22:31,HAUSP-UB[noEUCS],SIGN,77,1,0.003000,0.000,0.008,1364919,608,0,5399,5399,0,0,0,81502794,30,80913624,64,0.000000,0.177017,0.177045,12515,0,22.12,81502542,81502542,736,267,SUCCESS,589155,0,warm20,6086656,999168,0,946432,,,,,64,15,used,,,,20260911-1908
2026-09-11 19:22:37,HAUSP-UB[noEUCS],SIGN,78,1,0.003000,0.000,0.008,1378844,614,0,5446,5446,0,0,0,81488994,30,80902153,64,0.000000,0.177266,0.177294,12541,0,22.26,81488742,81488742,736,267,SUCCESS,586826,0,warm20,6098944,1009024,0,964096,,,,,64,15,used,,,,20260911-1908
2026-09-11 19:22:42,HAUSP-UB[noEUCS],SIGN,79,1,0.003000,0.000,0.008,1390075,620,0,5517,5517,0,0,0,80747716,29,80168197,64,0.000000,0.177037,0.177065,12364,0,22.35,80747464,80747464,736,267,SUCCESS,579505,0,warm20,6107136,1017312,0,964096,,,,,64,14,used,,,,20260911-1908
2026-09-11 19:22:48,HAUSP-UB[noEUCS],SIGN,80,1,0.003000,0.000,0.008,1404925,626,0,5419,5419,0,0,0,80576224,29,80002004,65,0.000000,0.176620,0.176649,12159,0,22.46,80575972,80575972,736,267,SUCCESS,574206,0,warm20,6115328,1027168,0,972416,,,,,65,14,used,,,,20260911-1908
2026-09-11 19:22:53,HAUSP-UB[noEUCS],SIGN,81,1,0.003000,0.000,0.008,1419540,632,0,5438,5439,0,0,0,80442823,29,79870482,66,0.000000,0.176665,0.176694,12230,0,22.57,80442571,80442571,735,267,SUCCESS,572327,0,warm20,6123520,1037088,0,977536,,,,,66,14,used,,,,20260911-1908
2026-09-11 19:22:59,HAUSP-UB[noEUCS],SIGN,82,1,0.003000,0.000,0.008,1430972,638,0,5500,5500,0,0,0,80609918,29,80036057,66,0.000000,0.176688,0.176717,12165,0,22.68,80609666,80609666,739,267,SUCCESS,573847,0,warm20,6131712,1046080,0,987776,,,,,66,14,used,,,,20260911-1908
2026-09-11 19:23:04,HAUSP-UB[noEUCS],SIGN,83,1,0.003000,0.000,0.008,1446547,644,0,5542,5542,0,0,0,80344277,30,79772488,66,0.000000,0.176675,0.176703,12128,0,22.81,80344025,80344025,735,267,SUCCESS,571774,0,warm20,6148096,1057088,0,999552,,,,,66,15,used,,,,20260911-1908
2026-09-11 19:23:10,HAUSP-UB[noEUCS],SIGN,84,1,0.003000,0.000,0.008,1466019,650,0,5642,5642,0,0,0,81182667,30,80606246,68,0.000000,0.176547,0.176576,12206,0,22.96,81182416,81182416,740,267,SUCCESS,576407,0,warm20,6172672,1069536,0,1005440,,,,,68,14,used,,,,20260911-1908
2026-09-11 19:23:16,HAUSP-UB[noEUCS],SIGN,85,1,0.003000,0.000,0.008,1477721,656,0,5632,5632,0,0,0,80509456,31,79938846,70,0.000000,0.176535,0.176563,12122,0,23.08,80509205,80509205,737,267,SUCCESS,570595,0,warm20,6197248,1078816,0,1005440,,,,,70,15,used,,,,20260911-1908
2026-09-11 19:23:21,HAUSP-UB[noEUCS],SIGN,86,1,0.003000,0.000,0.008,1489446,662,0,5636,5636,0,0,0,80029808,31,79463543,68,0.000000,0.176775,0.176803,12092,0,23.23,80029557,80029557,739,267,SUCCESS,566250,0,warm20,6230016,1088704,0,1011712,,,,,68,15,used,,,,20260911-1908
2026-09-11 19:23:27,HAUSP-UB[noEUCS],SIGN,87,1,0.003000,0.000,0.008,1504545,668,0,5721,5721,0,0,0,80675128,33,80106364,61,0.000000,0.176814,0.176842,12261,0,23.42,80674877,80674877,741,267,SUCCESS,568747,0,warm20,6270976,1099744,0,1025536,,,,,61,17,used,,,,20260911-1908
2026-09-11 19:23:33,HAUSP-UB[noEUCS],SIGN,88,1,0.003000,0.000,0.008,1520720,674,0,5833,5833,0,0,0,81479098,33,80906771,61,0.000000,0.177065,0.177093,12357,0,23.64,81478848,81478844,747,267,SUCCESS,572311,0,warm20,6340608,1111488,0,1026432,,,,,61,16,used,,,,20260911-1908
2026-09-11 19:23:39,HAUSP-UB[noEUCS],SIGN,89,1,0.003000,0.000,0.008,1534926,680,0,5871,5871,0,0,0,81485448,33,80914503,62,0.000000,0.177483,0.177511,12454,0,23.82,81485198,81485198,747,267,SUCCESS,570929,0,warm20,6381568,1122208,0,1037952,,,,,62,16,used,,,,20260911-1908
2026-09-11 19:23:45,HAUSP-UB[noEUCS],SIGN,90,1,0.003000,0.000,0.008,1553182,686,0,6020,6020,0,0,0,82645188,33,82066893,70,0.000000,0.177822,0.177849,12724,0,24.04,82644938,82644934,751,267,SUCCESS,578279,0,warm20,6438912,1133856,0,1046144,,,,,70,16,used,,,,20260911-1908
2026-09-11 19:23:51,HAUSP-UB[noEUCS],SIGN,91,1,0.003000,0.000,0.008,1569089,692,0,6135,6135,0,0,0,83514353,33,82931126,66,0.000000,0.178026,0.178053,12856,0,24.23,83514103,83514102,752,267,SUCCESS,583211,0,warm20,6500352,1145408,0,1047296,,,,,66,16,used,,,,20260911-1908
2026-09-11 19:23:57,HAUSP-UB[noEUCS],SIGN,92,1,0.003000,0.000,0.008,1586819,698,0,6290,6290,0,0,0,85096331,33,84506685,62,0.000000,0.178120,0.178147,12860,0,24.47,85096082,85096081,753,267,SUCCESS,589631,0,warm20,6569984,1157856,0,1056256,,,,,62,15,used,,,,20260911-1908
2026-09-11 19:24:04,HAUSP-UB[noEUCS],SIGN,93,1,0.003000,0.000,0.008,1606504,704,0,6459,6459,0,0,0,87230010,33,86629241,64,0.000000,0.177087,0.177113,12872,0,24.73,87229761,87229760,754,267,SUCCESS,600754,0,warm20,6641664,1170784,0,1076992,,,,,64,15,used,,,,20260911-1908
2026-09-11 19:24:10,HAUSP-UB[noEUCS],SIGN,94,1,0.003000,0.000,0.008,1616945,710,0,6511,6511,0,0,0,87119701,32,86519945,64,0.000000,0.177510,0.177536,12890,0,24.96,87119452,87119452,754,267,SUCCESS,599742,0,warm20,6721536,1179744,0,1077504,,,,,64,14,used,,,,20260911-1908
2026-09-11 19:24:17,HAUSP-UB[noEUCS],SIGN,95,1,0.003000,0.000,0.008,1631610,716,0,6570,6570,0,0,0,87979974,32,87378495,65,0.000000,0.176734,0.176761,12886,0,25.21,87979725,87979725,753,267,SUCCESS,601465,0,warm20,6807552,1189984,0,1083136,,,,,65,14,used,,,,20260911-1908
2026-09-11 19:24:23,HAUSP-UB[noEUCS],SIGN,96,1,0.003000,0.000,0.008,1649145,722,0,6625,6625,0,0,0,87885998,32,87285610,63,0.000000,0.176659,0.176686,12904,0,25.50,87885749,87885749,752,267,SUCCESS,600374,0,warm20,6914048,1201088,0,1084160,,,,,63,14,used,,,,20260911-1908
2026-09-11 19:24:30,HAUSP-UB[noEUCS],SIGN,97,1,0.003000,0.000,0.008,1663324,728,0,6630,6630,0,0,0,87551109,32,86954621,61,0.000000,0.176163,0.176190,12728,0,25.83,87550860,87550858,756,267,SUCCESS,596474,0,warm20,7038976,1211648,0,1087488,,,,,61,14,used,,,,20260911-1908
2026-09-11 19:24:37,HAUSP-UB[noEUCS],SIGN,98,1,0.003000,0.000,0.008,1668652,730,0,6617,6617,0,0,0,87193705,32,86599744,60,0.000000,0.176058,0.176085,12666,0,26.11,87193456,87193456,754,267,SUCCESS,593947,0,warm20,7143424,1214656,0,1095680,,,,,60,14,used,,,,20260911-1908
2026-09-11 19:24:43,HAUSP-UB[noEUCS],SIGN,99,1,0.003000,0.000,0.008,1668652,730,0,6621,6621,0,0,0,87193705,32,86599744,60,0.000000,0.176058,0.176085,12666,0,26.37,87193456,87193456,754,267,SUCCESS,593947,0,warm20,7241728,1214656,0,1095680,,,,,60,14,used,,,,20260911-1908
2026-09-11 19:24:47,HAUSP-UB[noEUCS],SIGN,0,2,0.003000,0.000,0.200,319686,146,1,3040,3041,0,0,0,106349081,2,104965474,143,0.000000,0.178773,0.178783,23387,0,13.29,106349081,106348144,937,217,SUCCESS,1383605,0,warm20,997376,242848,0,179968,,,,,143,2,used,,,,20260911-1908
2026-09-11 19:24:50,HAUSP-UB[noEUCS],SIGN,1,2,0.003000,0.000,0.008,334092,152,0,3103,3104,0,0,0,107046451,6,105693981,181,0.000000,0.178764,0.178773,23347,0,13.98,107046234,107046233,721,218,SUCCESS,1352464,0,warm20,1296896,253504,0,191360,,,,,181,6,used,,,,20260911-1908
2026-09-11 19:24:53,HAUSP-UB[noEUCS],SIGN,2,2,0.003000,0.000,0.008,345121,158,0,3088,3088,0,0,0,104450506,7,103148010,332,0.000000,0.179987,0.179998,23125,0,14.35,104450288,104450288,720,222,SUCCESS,1302489,0,warm20,1437696,261888,0,202240,,,,,332,7,used,,,,20260911-1908
2026-09-11 19:24:56,HAUSP-UB[noEUCS],SIGN,3,2,0.003000,0.000,0.008,358047,164,0,3186,3186,0,0,0,105095072,8,103809348,252,0.000000,0.181684,0.181694,22486,0,14.40,105094850,105094844,722,223,SUCCESS,1285716,0,warm20,1455104,272192,0,211456,,,,,252,8,used,,,,20260911-1908
2026-09-11 19:24:59,HAUSP-UB[noEUCS],SIGN,4,2,0.003000,0.000,0.008,369331,170,0,3099,3099,0,0,0,100527745,7,99314342,124,0.000000,0.182239,0.182250,21958,0,14.78,100527522,100527522,720,224,SUCCESS,1213396,0,warm20,1559808,280416,0,221184,,,,,124,7,used,,,,20260911-1908
2026-09-11 19:25:02,HAUSP-UB[noEUCS],SIGN,5,2,0.003000,0.000,0.008,383289,176,0,3162,3162,0,0,0,100371827,7,99190447,47,0.000000,0.182254,0.182265,21751,0,14.82,100371603,100371598,725,224,SUCCESS,1181373,0,warm20,1564160,291584,0,225792,,,,,47,7,used,,,,20260911-1908
2026-09-11 19:25:05,HAUSP-UB[noEUCS],SIGN,6,2,0.003000,0.000,0.008,393230,182,0,3126,3126,0,0,0,97612223,10,96477573,41,0.000000,0.183995,0.184006,21796,0,15.20,97611999,97611999,719,225,SUCCESS,1134640,0,warm20,1696768,299488,0,229632,,,,,41,10,used,,,,20260911-1908
2026-09-11 19:25:08,HAUSP-UB[noEUCS],SIGN,7,2,0.003000,0.000,0.008,408594,188,0,3070,3071,0,0,0,94018829,10,92948927,48,0.000000,0.183682,0.183695,20533,0,15.25,94018604,94018602,726,226,SUCCESS,1069892,0,warm20,1697792,310304,0,242304,,,,,48,10,used,,,,20260911-1908
2026-09-11 19:25:12,HAUSP-UB[noEUCS],SIGN,8,2,0.003000,0.000,0.008,428453,194,0,3273,3273,0,0,0,98714907,10,97619084,138,0.000000,0.183816,0.183828,20113,0,15.62,98714682,98714679,728,227,SUCCESS,1095814,0,warm20,1802240,323296,0,251520,,,,,138,9,used,,,,20260911-1908
2026-09-11 19:25:15,HAUSP-UB[noEUCS],SIGN,9,2,0.003000,0.000,0.008,446004,200,0,3682,3682,0,0,0,109908170,10,108700461,166,0.000000,0.183474,0.183485,19376,0,15.67,109907944,109907940,731,227,SUCCESS,1207700,0,warm20,1844224,334784,0,259072,,,,,166,9,used,,,,20260911-1908
2026-09-11 19:25:19,HAUSP-UB[noEUCS],SIGN,10,2,0.003000,0.000,0.008,456476,206,0,3589,3589,0,0,0,105690461,10,104541796,189,0.000000,0.183692,0.183704,18895,0,16.04,105690235,105690235,729,227,SUCCESS,1148656,0,warm20,1942528,342944,0,264064,,,,,189,9,used,,,,20260911-1908
2026-09-11 19:25:22,HAUSP-UB[noEUCS],SIGN,11,2,0.003000,0.000,0.008,466138,212,0,3499,3499,0,0,0,101867255,10,100771369,162,0.000000,0.183122,0.183135,18242,0,16.42,101867029,101867029,729,228,SUCCESS,1095877,0,warm20,2074624,351264,0,273792,,,,,162,9,used,,,,20260911-1908
2026-09-11 19:25:26,HAUSP-UB[noEUCS],SIGN,12,2,0.003000,0.000,0.008,480433,218,0,3560,3561,0,0,0,101542469,12,100469113,114,0.000000,0.183421,0.183433,18295,0,16.46,101542242,101542242,729,230,SUCCESS,1073345,0,warm20,2113536,362304,0,283136,,,,,114,11,used,,,,20260911-1908
2026-09-11 19:25:30,HAUSP-UB[noEUCS],SIGN,13,2,0.003000,0.000,0.008,496413,224,0,3704,3704,0,0,0,103912803,13,102841976,70,0.000000,0.185180,0.185193,19145,0,16.83,103912575,103912561,742,230,SUCCESS,1070816,0,warm20,2205696,374144,0,288640,,,,,70,11,used,,,,20260911-1908
2026-09-11 19:25:33,HAUSP-UB[noEUCS],SIGN,14,2,0.003000,0.000,0.008,507190,230,0,3687,3687,0,0,0,102005291,13,100962339,63,0.000000,0.184851,0.184864,18586,0,17.21,102005063,102005063,741,230,SUCCESS,1042941,0,warm20,2354688,382752,0,289920,,,,,63,11,used,,,,20260911-1908
2026-09-11 19:25:37,HAUSP-UB[noEUCS],SIGN,15,2,0.003000,0.000,0.008,518654,236,0,3914,3914,0,0,0,105801717,13,104734326,62,0.000000,0.187631,0.187644,19660,0,17.58,105801489,105801484,747,231,SUCCESS,1067380,0,warm20,2502656,393568,0,297088,,,,,62,11,used,,,,20260911-1908
2026-09-11 19:25:42,HAUSP-UB[noEUCS],SIGN,16,2,0.003000,0.000,0.008,536314,242,0,4192,4192,0,0,0,110903870,13,109803820,55,0.000000,0.187710,0.187723,20004,0,17.95,110903641,110903635,752,231,SUCCESS,1100039,0,warm20,2649344,406048,0,306048,,,,,55,11,used,,,,20260911-1908
2026-09-11 19:25:46,HAUSP-UB[noEUCS],SIGN,17,2,0.003000,0.000,0.008,544548,248,0,4122,4122,0,0,0,108072255,12,107007462,57,0.000000,0.187585,0.187598,19532,0,18.00,108072026,108072026,747,231,SUCCESS,1064783,0,warm20,2732800,412832,0,312448,,,,,57,10,used,,,,20260911-1908
2026-09-11 19:25:50,HAUSP-UB[noEUCS],SIGN,18,2,0.003000,0.000,0.008,556990,254,0,4101,4101,0,0,0,106340937,17,105307647,49,0.000000,0.186752,0.186766,18960,0,18.37,106340708,106340708,747,234,SUCCESS,1033275,0,warm20,2782208,423136,0,332928,,,,,49,15,used,,,,20260911-1908
2026-09-11 19:25:54,HAUSP-UB[noEUCS],SIGN,19,2,0.003000,0.000,0.008,569490,260,0,4155,4155,0,0,0,106054153,19,105030318,43,0.000000,0.186644,0.186657,18933,0,18.75,106053921,106053921,746,235,SUCCESS,1023818,0,warm20,2920448,433536,0,344192,,,,,43,17,used,,,,20260911-1908
2026-09-11 19:25:58,HAUSP-UB[noEUCS],SIGN,20,2,0.003000,0.000,0.008,587283,266,0,4427,4427,0,0,0,112027322,20,110966667,53,0.000000,0.181947,0.181961,18422,0,18.79,112027089,112027073,764,241,SUCCESS,1060637,0,warm20,2906112,445568,0,380032,,,,,53,18,used,,,,20260911-1908
2026-09-11 19:26:03,HAUSP-UB[noEUCS],SIGN,21,2,0.003000,0.000,0.008,601918,272,0,4464,4464,0,0,0,111123670,22,110078775,57,0.000000,0.181782,0.181797,18161,0,19.16,111123430,111123423,765,246,SUCCESS,1044874,0,warm20,2997760,455808,0,408192,,,,,57,21,used,,,,20260911-1908
2026-09-11 19:26:07,HAUSP-UB[noEUCS],SIGN,22,2,0.003000,0.000,0.008,613134,278,0,4502,4502,0,0,0,110441739,22,109411906,56,0.000000,0.182594,0.182609,18187,0,19.22,110441494,110441494,758,246,SUCCESS,1029812,0,warm20,3015168,465792,0,414080,,,,,56,21,used,,,,20260911-1908
2026-09-11 19:26:12,HAUSP-UB[noEUCS],SIGN,23,2,0.003000,0.000,0.008,625156,284,0,4380,4381,0,0,0,106258475,20,105274942,60,0.000000,0.181910,0.181926,17486,0,19.27,106258231,106258231,757,246,SUCCESS,983515,0,warm20,3056640,473920,0,423040,,,,,60,18,used,,,,20260911-1908
2026-09-11 19:26:16,HAUSP-UB[noEUCS],SIGN,24,2,0.003000,0.000,0.008,639272,290,0,4316,4316,0,0,0,103673264,22,102726235,59,0.000000,0.181624,0.181641,17307,0,19.31,103673020,103673020,760,246,SUCCESS,947009,0,warm20,3075072,484064,0,430976,,,,,59,20,used,,,,20260911-1908
2026-09-11 19:26:20,HAUSP-UB[noEUCS],SIGN,25,2,0.003000,0.000,0.008,650468,296,0,4338,4338,0,0,0,103005832,23,102072686,61,0.000000,0.181756,0.181772,17338,0,19.69,103005589,103005589,756,246,SUCCESS,933126,0,warm20,3096576,493856,0,440960,,,,,61,20,used,,,,20260911-1908
2026-09-11 19:26:25,HAUSP-UB[noEUCS],SIGN,26,2,0.003000,0.000,0.008,661807,302,0,4349,4349,0,0,0,102278280,22,101356166,66,0.000000,0.180799,0.180817,16997,0,19.74,102278039,102278039,756,246,SUCCESS,922097,0,warm20,3112960,502720,0,450432,,,,,66,17,used,,,,20260911-1908
2026-09-11 19:26:29,HAUSP-UB[noEUCS],SIGN,27,2,0.003000,0.000,0.008,671849,308,0,4281,4281,0,0,0,99724640,24,98829400,63,0.000000,0.180223,0.180241,16446,0,19.78,99724400,99724400,753,246,SUCCESS,895222,0,warm20,3129344,511008,0,456576,,,,,63,18,used,,,,20260911-1908
2026-09-11 19:26:33,HAUSP-UB[noEUCS],SIGN,28,2,0.003000,0.000,0.008,682126,314,0,4284,4284,0,0,0,98664500,24,97783193,59,0.000000,0.180669,0.180687,16420,0,19.84,98664260,98664260,754,246,SUCCESS,881289,0,warm20,3139584,519168,0,465792,,,,,59,18,used,,,,20260911-1908
2026-09-11 19:26:38,HAUSP-UB[noEUCS],SIGN,29,2,0.003000,0.000,0.008,695776,320,0,4459,4459,0,0,0,100691676,25,99797371,52,0.000000,0.181944,0.181962,16853,0,19.89,100691436,100691436,758,247,SUCCESS,894286,0,warm20,3145728,530240,0,481408,,,,,52,19,used,,,,20260911-1908
2026-09-11 19:26:42,HAUSP-UB[noEUCS],SIGN,30,2,0.003000,0.000,0.008,707653,326,0,4434,4434,0,0,0,99017923,25,98142179,52,0.000000,0.181542,0.181561,16464,0,19.94,99017682,99017682,752,247,SUCCESS,875725,0,warm20,3158016,539136,0,483456,,,,,52,19,used,,,,20260911-1908
2026-09-11 19:26:47,HAUSP-UB[noEUCS],SIGN,31,2,0.003000,0.000,0.008,720279,332,0,4361,4361,0,0,0,96439389,26,95591014,55,0.000000,0.180791,0.180809,15898,0,20.31,96439148,96439148,752,247,SUCCESS,848355,0,warm20,3170304,548128,0,491392,,,,,55,20,used,,,,20260911-1908
2026-09-11 19:26:51,HAUSP-UB[noEUCS],SIGN,32,2,0.003000,0.000,0.008,730705,338,0,4358,4358,0,0,0,95316430,28,94481770,55,0.000000,0.181316,0.181334,15828,0,20.36,95316189,95316189,753,249,SUCCESS,834638,0,warm20,3174400,556992,0,501120,,,,,55,22,used,,,,20260911-1908
2026-09-11 19:26:55,HAUSP-UB[noEUCS],SIGN,33,2,0.003000,0.000,0.008,744420,344,0,4392,4393,0,0,0,94575230,27,93751606,57,0.000000,0.183838,0.183857,16554,0,20.41,94574989,94574989,753,250,SUCCESS,823605,0,warm20,3190784,566592,0,513408,,,,,57,19,used,,,,20260911-1908
2026-09-11 19:27:00,HAUSP-UB[noEUCS],SIGN,34,2,0.003000,0.000,0.008,756980,350,0,4462,4462,0,0,0,94589953,26,93768264,56,0.000000,0.185007,0.185026,16743,0,20.46,94589711,94589711,752,250,SUCCESS,821671,0,warm20,3219456,576928,0,521216,,,,,56,18,used,,,,20260911-1908
2026-09-11 19:27:04,HAUSP-UB[noEUCS],SIGN,35,2,0.003000,0.000,0.008,768219,356,0,4447,4447,0,0,0,93218110,26,92411858,57,0.000000,0.185391,0.185410,16721,0,20.83,93217868,93217868,751,250,SUCCESS,806234,0,warm20,3264512,586656,0,523264,,,,,57,18,used,,,,20260911-1908
2026-09-11 19:27:09,HAUSP-UB[noEUCS],SIGN,36,2,0.003000,0.000,0.008,777786,362,0,4461,4461,0,0,0,92381711,27,91583827,57,0.000000,0.185781,0.185801,16692,0,20.88,92381471,92381471,750,251,SUCCESS,797867,0,warm20,3313664,594336,0,531456,,,,,57,17,used,,,,20260911-1908
2026-09-11 19:27:13,HAUSP-UB[noEUCS],SIGN,37,2,0.003000,0.000,0.008,790994,368,0,4575,4575,0,0,0,93541281,30,92740130,53,0.000000,0.187070,0.187089,16986,0,21.26,93541040,93541040,748,252,SUCCESS,801131,0,warm20,3403776,605088,0,553600,,,,,53,20,used,,,,20260911-1908
2026-09-11 19:27:18,HAUSP-UB[noEUCS],SIGN,38,2,0.003000,0.000,0.008,803248,374,0,4566,4566,0,0,0,92359913,33,91571875,48,0.000000,0.187268,0.187288,16821,0,21.31,92359670,92359670,744,252,SUCCESS,788014,0,warm20,3428352,614496,0,559744,,,,,48,24,used,,,,20260911-1908
2026-09-11 19:27:22,HAUSP-UB[noEUCS],SIGN,39,2,0.003000,0.000,0.008,817420,380,0,4585,4585,0,0,0,91757519,34,90979238,46,0.000000,0.187376,0.187397,16757,0,21.68,91757276,91757276,740,252,SUCCESS,778256,0,warm20,3526656,624736,0,562304,,,,,46,25,used,,,,20260911-1908
2026-09-11 19:27:27,HAUSP-UB[noEUCS],SIGN,40,2,0.003000,0.000,0.008,828605,386,0,4630,4630,0,0,0,91574496,34,90799288,49,0.000000,0.187829,0.187850,16796,0,21.73,91574254,91574254,739,252,SUCCESS,775184,0,warm20,3575808,633088,0,563328,,,,,49,24,used,,,,20260911-1908
2026-09-11 19:27:32,HAUSP-UB[noEUCS],SIGN,41,2,0.003000,0.000,0.008,840915,392,0,4669,4669,0,0,0,91250481,34,90481692,49,0.000000,0.187972,0.187992,16767,0,22.11,91250239,91250239,738,253,SUCCESS,768765,0,warm20,3678208,643584,0,575104,,,,,49,24,used,,,,20260911-1908
2026-09-11 19:27:36,HAUSP-UB[noEUCS],SIGN,42,2,0.003000,0.000,0.008,851890,398,0,4703,4703,0,0,0,90859133,33,90095416,53,0.000000,0.189470,0.189491,17093,0,22.48,90858890,90858890,734,253,SUCCESS,763694,0,warm20,3825664,653152,0,582272,,,,,53,23,used,,,,20260911-1908
2026-09-11 19:27:41,HAUSP-UB[noEUCS],SIGN,43,2,0.003000,0.000,0.008,867106,404,0,4750,4750,0,0,0,91145545,34,90386554,55,0.000000,0.188551,0.188572,16906,0,22.53,91145301,91145301,736,254,SUCCESS,758966,0,warm20,3829760,663840,0,587392,,,,,55,25,used,,,,20260911-1908
2026-09-11 19:27:46,HAUSP-UB[noEUCS],SIGN,44,2,0.003000,0.000,0.008,884460,410,0,4770,4770,0,0,0,90560831,30,89808821,57,0.000000,0.188086,0.188107,16490,0,22.91,90560589,90560589,748,254,SUCCESS,751992,0,warm20,3964928,674592,0,590720,,,,,57,18,used,,,,20260911-1908
2026-09-11 19:27:51,HAUSP-UB[noEUCS],SIGN,45,2,0.003000,0.000,0.008,901027,416,0,4729,4729,0,0,0,88711859,30,87977905,57,0.000000,0.187128,0.187150,15893,0,23.28,88711618,88711617,753,254,SUCCESS,733937,0,warm20,4116480,684960,0,595584,,,,,57,17,used,,,,20260911-1908
2026-09-11 19:27:55,HAUSP-UB[noEUCS],SIGN,46,2,0.003000,0.000,0.008,916886,422,0,4732,4732,0,0,0,87982799,32,87259765,56,0.000000,0.186182,0.186203,15488,0,23.65,87982558,87982558,753,255,SUCCESS,723015,0,warm20,4255744,696640,0,608256,,,,,56,19,used,,,,20260911-1908
2026-09-11 19:28:00,HAUSP-UB[noEUCS],SIGN,47,2,0.003000,0.000,0.008,933116,428,0,4700,4700,0,0,0,86901399,32,86192255,58,0.000000,0.185469,0.185491,15117,0,24.03,86901156,86901153,755,255,SUCCESS,709124,0,warm20,4405248,706624,0,620544,,,,,58,20,used,,,,20260911-1908
2026-09-11 19:28:05,HAUSP-UB[noEUCS],SIGN,48,2,0.003000,0.000,0.008,947537,434,0,4684,4684,0,0,0,86039616,33,85342140,53,0.000000,0.184956,0.184976,14733,0,24.40,86039373,86039373,753,255,SUCCESS,697455,0,warm20,4562944,716352,0,621568,,,,,53,21,used,,,,20260911-1908
2026-09-11 19:28:09,HAUSP-UB[noEUCS],SIGN,49,2,0.003000,0.000,0.008,957204,440,0,4639,4639,0,0,0,84747143,33,84062317,53,0.000000,0.184981,0.185003,14599,0,24.78,84746900,84746900,753,255,SUCCESS,684805,0,warm20,4710400,724224,0,631808,,,,,53,21,used,,,,20260911-1908
2026-09-11 19:28:14,HAUSP-UB[noEUCS],SIGN,50,2,0.003000,0.000,0.008,967022,446,0,4635,4635,0,0,0,84051940,33,83374456,52,0.000000,0.185266,0.185288,14609,0,24.83,84051696,84051696,753,255,SUCCESS,677462,0,warm20,4710400,732384,0,640000,,,,,52,22,used,,,,20260911-1908
2026-09-11 19:28:19,HAUSP-UB[noEUCS],SIGN,51,2,0.003000,0.000,0.008,979636,452,0,4695,4696,0,0,0,84516415,31,83836857,54,0.000000,0.185286,0.185309,14554,0,25.20,84516171,84516171,751,255,SUCCESS,679538,0,warm20,4874240,741728,0,641408,,,,,54,20,used,,,,20260911-1908
2026-09-11 19:28:23,HAUSP-UB[noEUCS],SIGN,52,2,0.003000,0.000,0.008,990505,458,0,4675,4675,0,0,0,83473077,31,82803848,54,0.000000,0.185190,0.185214,14363,0,25.25,83472833,83472833,749,255,SUCCESS,669209,0,warm20,4980736,750560,0,651648,,,,,54,20,used,,,,20260911-1908
2026-09-11 19:28:28,HAUSP-UB[noEUCS],SIGN,53,2,0.003000,0.000,0.008,1001386,464,0,4613,4613,0,0,0,81675208,31,81021157,55,0.000000,0.184680,0.184703,14056,0,17.56,81674964,81674964,748,255,SUCCESS,654031,0,warm20,5185536,757664,0,654208,,,,,55,20,used,,,,20260911-1908
2026-09-11 19:28:33,HAUSP-UB[noEUCS],SIGN,54,2,0.003000,0.000,0.008,1016244,470,0,4651,4651,0,0,0,81562343,30,80912061,61,0.000000,0.184275,0.184300,13905,0,17.86,81562099,81562099,747,255,SUCCESS,650263,0,warm20,5300224,767424,0,656256,,,,,61,19,used,,,,20260911-1908
2026-09-11 19:28:37,HAUSP-UB[noEUCS],SIGN,55,2,0.003000,0.000,0.008,1027129,476,0,4655,4655,0,0,0,81091130,30,80446540,61,0.000000,0.184180,0.184205,13871,0,18.16,81090888,81090888,747,256,SUCCESS,644573,0,warm20,5406720,776064,0,666496,,,,,61,17,used,,,,20260911-1908
2026-09-11 19:28:42,HAUSP-UB[noEUCS],SIGN,56,2,0.003000,0.000,0.008,1047408,482,0,4668,4668,0,0,0,80919576,26,80281821,64,0.000000,0.182475,0.182502,13478,0,18.47,80919332,80919332,751,260,SUCCESS,637741,0,warm20,5500928,787776,0,695680,,,,,64,14,used,,,,20260911-1908
2026-09-11 19:28:47,HAUSP-UB[noEUCS],SIGN,57,2,0.003000,0.000,0.008,1060421,488,0,4674,4674,0,0,0,80249837,26,79618811,61,0.000000,0.182345,0.182371,13277,0,18.80,80249589,80249589,745,260,SUCCESS,631012,0,warm20,5615616,796864,0,708992,,,,,61,14,used,,,,20260911-1908
2026-09-11 19:28:51,HAUSP-UB[noEUCS],SIGN,58,2,0.003000,0.000,0.008,1079371,494,0,4687,4687,0,0,0,79700384,27,79076611,71,0.000000,0.181677,0.181704,13241,0,19.01,79700136,79700136,740,261,SUCCESS,623758,0,warm20,5672960,807232,0,721280,,,,,71,15,used,,,,20260911-1908
2026-09-11 19:28:56,HAUSP-UB[noEUCS],SIGN,59,2,0.003000,0.000,0.008,1096747,500,0,4712,4712,0,0,0,79508039,28,78887045,77,0.000000,0.180738,0.180766,13167,0,19.32,79507791,79507791,737,263,SUCCESS,620979,0,warm20,5771264,817088,0,743296,,,,,77,15,used,,,,20260911-1908
2026-09-11 19:29:01,HAUSP-UB[noEUCS],SIGN,60,2,0.003000,0.000,0.008,1110602,506,0,4711,4711,0,0,0,78848977,29,78235534,77,0.000000,0.180587,0.180615,13007,0,19.47,78848729,78848729,732,263,SUCCESS,613429,0,warm20,5804032,826272,0,745728,,,,,77,14,used,,,,20260911-1908
2026-09-11 19:29:06,HAUSP-UB[noEUCS],SIGN,61,2,0.003000,0.000,0.008,1124744,512,0,4711,4711,0,0,0,78177936,31,77572669,73,0.000000,0.180538,0.180567,12882,0,19.68,78177690,78177690,736,265,SUCCESS,605253,0,warm20,5849088,835776,0,766720,,,,,73,14,used,,,,20260911-1908
2026-09-11 19:29:10,HAUSP-UB[noEUCS],SIGN,62,2,0.003000,0.000,0.008,1139446,518,0,4741,4741,0,0,0,78222313,30,77620427,73,0.000000,0.180452,0.180481,12846,0,19.86,78222064,78222064,737,265,SUCCESS,601872,0,warm20,5902336,845920,0,767616,,,,,73,14,used,,,,20260911-1908
2026-09-11 19:29:15,HAUSP-UB[noEUCS],SIGN,63,2,0.003000,0.000,0.008,1156811,524,0,4766,4766,0,0,0,77990356,26,77395579,76,0.000000,0.180528,0.180560,12821,0,19.98,77990105,77990105,744,266,SUCCESS,594765,0,warm20,5910528,857024,0,779392,,,,,76,12,used,,,,20260911-1908
2026-09-11 19:29:20,HAUSP-UB[noEUCS],SIGN,64,2,0.003000,0.000,0.008,1169601,530,0,4781,4781,0,0,0,77707116,26,77117355,74,0.000000,0.180281,0.180313,12622,0,20.15,77706865,77706865,740,266,SUCCESS,589750,0,warm20,5943296,866144,0,793216,,,,,74,11,used,,,,20260911-1908
2026-09-11 19:29:25,HAUSP-UB[noEUCS],SIGN,65,2,0.003000,0.000,0.008,1183474,536,0,4788,4788,0,0,0,77230229,25,76646251,75,0.000000,0.180008,0.180040,12433,0,20.28,77229978,77229978,739,266,SUCCESS,583968,0,warm20,5971968,875744,0,795520,,,,,75,10,used,,,,20260911-1908
2026-09-11 19:29:29,HAUSP-UB[noEUCS],SIGN,66,2,0.003000,0.000,0.008,1194955,542,0,4776,4776,0,0,0,76383493,24,75806716,71,0.000000,0.179947,0.179980,12294,0,20.44,76383242,76383242,738,266,SUCCESS,576768,0,warm20,6000640,884320,0,806272,,,,,71,9,used,,,,20260911-1908
2026-09-11 19:29:34,HAUSP-UB[noEUCS],SIGN,67,2,0.003000,0.000,0.008,1209554,548,0,4760,4760,0,0,0,75630824,26,75062214,72,0.000000,0.179381,0.179413,12041,0,20.56,75630572,75630572,740,266,SUCCESS,568598,0,warm20,6025216,893888,0,807552,,,,,72,12,used,,,,20260911-1908
2026-09-11 19:29:39,HAUSP-UB[noEUCS],SIGN,68,2,0.003000,0.000,0.008,1225092,554,0,4815,4815,0,0,0,75886310,27,75317138,71,0.000000,0.179369,0.179400,12117,0,20.69,75886058,75886058,737,266,SUCCESS,569159,0,warm20,6033408,904512,0,824192,,,,,71,13,used,,,,20260911-1908
2026-09-11 19:29:44,HAUSP-UB[noEUCS],SIGN,69,2,0.003000,0.000,0.008,1246726,560,0,5030,5030,0,0,0,79450609,26,78863730,69,0.000000,0.177314,0.177344,12158,0,20.83,79450357,79450357,740,267,SUCCESS,586867,0,warm20,6045696,918208,0,841856,,,,,69,12,used,,,,20260911-1908
2026-09-11 19:29:49,HAUSP-UB[noEUCS],SIGN,70,2,0.003000,0.000,0.008,1265597,566,0,5148,5148,0,0,0,80838528,27,80243454,64,0.000000,0.177587,0.177615,12584,0,20.99,80838275,80838275,738,267,SUCCESS,595061,0,warm20,6049792,929472,0,873344,,,,,64,13,used,,,,20260911-1908
2026-09-11 19:29:54,HAUSP-UB[noEUCS],SIGN,71,2,0.003000,0.000,0.008,1283052,572,0,5202,5202,0,0,0,81194835,32,80598441,61,0.000000,0.177750,0.177778,12659,0,21.10,81194582,81194582,738,267,SUCCESS,596376,0,warm20,6053888,939584,0,885888,,,,,61,18,used,,,,20260911-1908
2026-09-11 19:30:00,HAUSP-UB[noEUCS],SIGN,72,2,0.003000,0.000,0.008,1300784,578,0,5355,5355,0,0,0,83171681,31,82562944,65,0.000000,0.177249,0.177276,12940,0,21.22,83171428,83171428,736,267,SUCCESS,608720,0,warm20,6066176,951104,0,894848,,,,,65,17,used,,,,20260911-1908
2026-09-11 19:30:05,HAUSP-UB[noEUCS],SIGN,73,2,0.003000,0.000,0.008,1316615,584,0,5451,5451,0,0,0,84148511,30,83536262,65,0.000000,0.177132,0.177159,12887,0,21.31,84148258,84148258,737,267,SUCCESS,612233,0,warm20,6066176,963200,0,899968,,,,,65,16,used,,,,20260911-1908
2026-09-11 19:30:11,HAUSP-UB[noEUCS],SIGN,74,2,0.003000,0.000,0.008,1330102,590,0,5427,5428,0,0,0,83351687,30,82746645,65,0.000000,0.177117,0.177144,12801,0,21.46,83351434,83351434,738,267,SUCCESS,605026,0,warm20,6074368,972416,0,928000,,,,,65,16,used,,,,20260911-1908
2026-09-11 19:30:16,HAUSP-UB[noEUCS],SIGN,75,2,0.003000,0.000,0.008,1342143,596,0,5393,5393,0,0,0,82418671,30,81821349,64,0.000000,0.176878,0.176905,12641,0,21.57,82418419,82418419,737,267,SUCCESS,597307,0,warm20,6078464,981184,0,941312,,,,,64,15,used,,,,20260911-1908
2026-09-11 19:30:21,HAUSP-UB[noEUCS],SIGN,76,2,0.003000,0.000,0.008,1352225,602,0,5358,5358,0,0,0,81466552,30,80877018,62,0.000000,0.176708,0.176736,12469,0,21.65,81466300,81466300,736,267,SUCCESS,589519,0,warm20,6078464,989184,0,945408,,,,,62,15,used,,,,20260911-1908
2026-09-11 19:30:27,HAUSP-UB[noEUCS],SIGN,77,2,0.003000,0.000,0.008,1364919,608,0,5415,5415,0,0,0,81502794,30,80913624,64,0.000000,0.177017,0.177045,12515,0,21.75,81502542,81502542,736,267,SUCCESS,589155,0,warm20,6086656,999168,0,946432,,,,,64,15,used,,,,20260911-1908
2026-09-11 19:30:32,HAUSP-UB[noEUCS],SIGN,78,2,0.003000,0.000,0.008,1378844,614,0,5453,5453,0,0,0,81488994,30,80902153,64,0.000000,0.177266,0.177294,12541,0,21.89,81488742,81488742,736,267,SUCCESS,586826,0,warm20,6098944,1009024,0,964096,,,,,64,15,used,,,,20260911-1908
2026-09-11 19:30:38,HAUSP-UB[noEUCS],SIGN,79,2,0.003000,0.000,0.008,1390075,620,0,5425,5426,0,0,0,80747716,29,80168197,64,0.000000,0.177037,0.177065,12364,0,21.98,80747464,80747464,736,267,SUCCESS,579505,0,warm20,6107136,1017312,0,964096,,,,,64,14,used,,,,20260911-1908
2026-09-11 19:30:43,HAUSP-UB[noEUCS],SIGN,80,2,0.003000,0.000,0.008,1404925,626,0,5433,5433,0,0,0,80576224,29,80002004,65,0.000000,0.176620,0.176649,12159,0,22.09,80575972,80575972,736,267,SUCCESS,574206,0,warm20,6115328,1027168,0,972416,,,,,65,14,used,,,,20260911-1908
2026-09-11 19:30:49,HAUSP-UB[noEUCS],SIGN,81,2,0.003000,0.000,0.008,1419540,632,0,5463,5463,0,0,0,80442823,29,79870482,66,0.000000,0.176665,0.176694,12230,0,22.20,80442571,80442571,735,267,SUCCESS,572327,0,warm20,6123520,1037088,0,977536,,,,,66,14,used,,,,20260911-1908
2026-09-11 19:30:54,HAUSP-UB[noEUCS],SIGN,82,2,0.003000,0.000,0.008,1430972,638,0,5519,5520,0,0,0,80609918,29,80036057,66,0.000000,0.176688,0.176717,12165,0,22.31,80609666,80609666,739,267,SUCCESS,573847,0,warm20,6131712,1046080,0,987776,,,,,66,14,used,,,,20260911-1908
2026-09-11 19:31:00,HAUSP-UB[noEUCS],SIGN,83,2,0.003000,0.000,0.008,1446547,644,0,5566,5567,0,0,0,80344277,30,79772488,66,0.000000,0.176675,0.176703,12128,0,22.44,80344025,80344025,735,267,SUCCESS,571774,0,warm20,6148096,1057088,0,999552,,,,,66,15,used,,,,20260911-1908
2026-09-11 19:31:05,HAUSP-UB[noEUCS],SIGN,84,2,0.003000,0.000,0.008,1466019,650,0,5672,5672,0,0,0,81182667,30,80606246,68,0.000000,0.176547,0.176576,12206,0,22.59,81182416,81182416,740,267,SUCCESS,576407,0,warm20,6172672,1069536,0,1005440,,,,,68,14,used,,,,20260911-1908
2026-09-11 19:31:11,HAUSP-UB[noEUCS],SIGN,85,2,0.003000,0.000,0.008,1477721,656,0,5657,5657,0,0,0,80509456,31,79938846,70,0.000000,0.176535,0.176563,12122,0,22.71,80509205,80509205,737,267,SUCCESS,570595,0,warm20,6197248,1078816,0,1005440,,,,,70,15,used,,,,20260911-1908
2026-09-11 19:31:17,HAUSP-UB[noEUCS],SIGN,86,2,0.003000,0.000,0.008,1489446,662,0,5664,5664,0,0,0,80029808,31,79463543,68,0.000000,0.176775,0.176803,12092,0,22.86,80029557,80029557,739,267,SUCCESS,566250,0,warm20,6230016,1088704,0,1011712,,,,,68,15,used,,,,20260911-1908
2026-09-11 19:31:22,HAUSP-UB[noEUCS],SIGN,87,2,0.003000,0.000,0.008,1504545,668,0,5749,5749,0,0,0,80675128,33,80106364,61,0.000000,0.176814,0.176842,12261,0,23.05,80674877,80674877,741,267,SUCCESS,568747,0,warm20,6270976,1099744,0,1025536,,,,,61,17,used,,,,20260911-1908
2026-09-11 19:31:28,HAUSP-UB[noEUCS],SIGN,88,2,0.003000,0.000,0.008,1520720,674,0,5858,5858,0,0,0,81479098,33,80906771,61,0.000000,0.177065,0.177093,12357,0,23.27,81478848,81478844,747,267,SUCCESS,572311,0,warm20,6340608,1111488,0,1026432,,,,,61,16,used,,,,20260911-1908
2026-09-11 19:31:34,HAUSP-UB[noEUCS],SIGN,89,2,0.003000,0.000,0.008,1534926,680,0,5897,5897,0,0,0,81485448,33,80914503,62,0.000000,0.177483,0.177511,12454,0,23.45,81485198,81485198,747,267,SUCCESS,570929,0,warm20,6381568,1122208,0,1037952,,,,,62,16,used,,,,20260911-1908
2026-09-11 19:31:40,HAUSP-UB[noEUCS],SIGN,90,2,0.003000,0.000,0.008,1553182,686,0,6046,6046,0,0,0,82645188,33,82066893,70,0.000000,0.177822,0.177849,12724,0,23.66,82644938,82644934,751,267,SUCCESS,578279,0,warm20,6438912,1133856,0,1046144,,,,,70,16,used,,,,20260911-1908
2026-09-11 19:31:46,HAUSP-UB[noEUCS],SIGN,91,2,0.003000,0.000,0.008,1569089,692,0,6163,6163,0,0,0,83514353,33,82931126,66,0.000000,0.178026,0.178053,12856,0,23.86,83514103,83514102,752,267,SUCCESS,583211,0,warm20,6500352,1145408,0,1047296,,,,,66,16,used,,,,20260911-1908
2026-09-11 19:31:53,HAUSP-UB[noEUCS],SIGN,92,2,0.003000,0.000,0.008,1586819,698,0,6317,6317,0,0,0,85096331,33,84506685,62,0.000000,0.178120,0.178147,12860,0,24.10,85096082,85096081,753,267,SUCCESS,589631,0,warm20,6569984,1157856,0,1056256,,,,,62,15,used,,,,20260911-1908
2026-09-11 19:31:59,HAUSP-UB[noEUCS],SIGN,93,2,0.003000,0.000,0.008,1606504,704,0,6486,6486,0,0,0,87230010,33,86629241,64,0.000000,0.177087,0.177113,12872,0,24.36,87229761,87229760,754,267,SUCCESS,600754,0,warm20,6641664,1170784,0,1076992,,,,,64,15,used,,,,20260911-1908
2026-09-11 19:32:06,HAUSP-UB[noEUCS],SIGN,94,2,0.003000,0.000,0.008,1616945,710,0,6540,6540,0,0,0,87119701,32,86519945,64,0.000000,0.177510,0.177536,12890,0,24.59,87119452,87119452,754,267,SUCCESS,599742,0,warm20,6721536,1179744,0,1077504,,,,,64,14,used,,,,20260911-1908
2026-09-11 19:32:12,HAUSP-UB[noEUCS],SIGN,95,2,0.003000,0.000,0.008,1631610,716,0,6595,6596,0,0,0,87979974,32,87378495,65,0.000000,0.176734,0.176761,12886,0,24.84,87979725,87979725,753,267,SUCCESS,601465,0,warm20,6807552,1189984,0,1083136,,,,,65,14,used,,,,20260911-1908
2026-09-11 19:32:19,HAUSP-UB[noEUCS],SIGN,96,2,0.003000,0.000,0.008,1649145,722,0,6652,6652,0,0,0,87885998,32,87285610,63,0.000000,0.176659,0.176686,12904,0,25.13,87885749,87885749,752,267,SUCCESS,600374,0,warm20,6914048,1201088,0,1084160,,,,,63,14,used,,,,20260911-1908
2026-09-11 19:32:26,HAUSP-UB[noEUCS],SIGN,97,2,0.003000,0.000,0.008,1663324,728,0,6662,6662,0,0,0,87551109,32,86954621,61,0.000000,0.176163,0.176190,12728,0,25.46,87550860,87550858,756,267,SUCCESS,596474,0,warm20,7038976,1211648,0,1087488,,,,,61,14,used,,,,20260911-1908
2026-09-11 19:32:32,HAUSP-UB[noEUCS],SIGN,98,2,0.003000,0.000,0.008,1668652,730,0,6654,6654,0,0,0,87193705,32,86599744,60,0.000000,0.176058,0.176085,12666,0,25.74,87193456,87193456,754,267,SUCCESS,593947,0,warm20,7143424,1214656,0,1095680,,,,,60,14,used,,,,20260911-1908
2026-09-11 19:32:39,HAUSP-UB[noEUCS],SIGN,99,2,0.003000,0.000,0.008,1668652,730,0,6659,6659,0,0,0,87193705,32,86599744,60,0.000000,0.176058,0.176085,12666,0,25.99,87193456,87193456,754,267,SUCCESS,593947,0,warm20,7241728,1214656,0,1095680,,,,,60,14,used,,,,20260911-1908
2026-09-11 19:32:40,HAUSP-UB[noEUCS],C8T1S5I8N5K,0,0,0.000200,0.000,0.200,9488535,9427,159,606,766,58,0,0,4135735,29541,3966954,11833,0.000000,0.242125,0.250202,6075,0,480.16,4151415,4099103,52312,51042,SUCCESS,154920,0,warm20,200576,4438664,0,7045632,,,,,11833,13861,used,,,,20260911-1908
2026-09-11 19:32:41,HAUSP-UB[noEUCS],C8T1S5I8N5K,1,0,0.000200,0.000,0.008,9860531,9808,6,261,268,3,0,0,4238409,30066,4068514,12000,0.000000,0.237696,0.245698,5885,0,514.41,4203515,4202719,2066,51737,SUCCESS,155976,0,warm20,230400,4617128,0,7250816,,,,,11999,13918,used,,,,20260911-1908
2026-09-11 19:32:41,HAUSP-UB[noEUCS],C8T1S5I8N5K,2,0,0.000200,0.000,0.008,10237847,10189,6,257,263,3,0,0,4029071,30542,3865780,12194,0.000000,0.234296,0.242583,6216,0,515.85,3994038,3993454,1955,52280,SUCCESS,149453,0,warm20,215936,4791456,0,7437056,,,,,12194,13838,used,,,,20260911-1908
2026-09-11 19:32:41,HAUSP-UB[noEUCS],C8T1S5I8N5K,3,0,0.000200,0.000,0.008,10612071,10570,7,257,264,4,0,0,3863098,31048,3709561,12185,0.000000,0.228170,0.236997,5710,0,550.07,3827850,3827242,2020,52849,SUCCESS,139521,0,warm20,231808,4970664,0,7630336,,,,,12185,14016,used,,,,20260911-1908
2026-09-11 19:32:41,HAUSP-UB[noEUCS],C8T1S5I8N5K,4,0,0.000200,0.000,0.008,10998812,10951,6,255,261,3,0,0,3690408,31726,3543781,12109,0.000000,0.226342,0.235631,6197,0,584.23,3655021,3654406,2066,53454,SUCCESS,132363,0,warm20,246656,5152944,0,7843200,,,,,12109,14264,used,,,,20260911-1908
2026-09-11 19:32:42,HAUSP-UB[noEUCS],C8T1S5I8N5K,5,0,0.000200,0.000,0.008,11372679,11332,6,271,278,3,0,0,4031320,32155,3878587,12156,0.000000,0.226990,0.235812,7077,0,585.82,3995825,3995408,1878,53903,SUCCESS,138537,0,warm20,130048,5331472,0,8037760,,,,,12156,14196,used,,,,20260911-1908
2026-09-11 19:32:42,HAUSP-UB[noEUCS],C8T1S5I8N5K,6,0,0.000200,0.000,0.008,11751454,11713,7,277,284,4,0,0,3930089,32735,3778128,12153,0.000000,0.230918,0.239665,7171,0,587.62,3894740,3894207,1962,54412,SUCCESS,137779,0,warm20,234752,5510936,0,8258560,,,,,12152,14181,used,,,,20260911-1908
2026-09-11 19:32:42,HAUSP-UB[noEUCS],C8T1S5I8N5K,7,0,0.000200,0.000,0.008,12140855,12094,7,287,294,4,0,0,3868169,33178,3719918,12064,0.000000,0.228017,0.236853,7532,0,589.00,3832650,3832255,1848,54782,SUCCESS,133964,0,warm20,243840,5695640,0,8442240,,,,,12062,14285,used,,,,20260911-1908
2026-09-11 19:32:43,HAUSP-UB[noEUCS],C8T1S5I8N5K,8,0,0.000200,0.000,0.008,12513750,12475,13,307,321,10,0,0,4066264,33476,3918994,12090,0.000000,0.227410,0.236284,7536,0,590.33,4030685,4030253,1910,55144,SUCCESS,132994,0,warm20,236032,5871568,0,8609536,,,,,12087,14273,used,,,,20260911-1908
2026-09-11 19:32:43,HAUSP-UB[noEUCS],C8T1S5I8N5K,9,0,0.000200,0.000,0.008,12914821,12856,7,308,315,4,0,0,3981933,33876,3836791,12273,0.000000,0.226828,0.235741,6698,0,591.96,3946333,3945886,1995,55607,SUCCESS,130810,0,warm20,251008,6057256,0,8819968,,,,,12273,14332,used,,,,20260911-1908
2026-09-11 19:32:43,HAUSP-UB[noEUCS],C8T1S5I8N5K,10,0,0.000200,0.000,0.008,13305508,13237,7,306,313,4,0,0,3809438,34219,3667540,12117,0.000000,0.229812,0.238973,6517,0,593.68,3773698,3773313,1917,55958,SUCCESS,127546,0,warm20,287488,6243312,0,9014784,,,,,12117,14352,used,,,,20260911-1908
2026-09-11 19:32:44,HAUSP-UB[noEUCS],C8T1S5I8N5K,11,0,0.000200,0.000,0.008,13706693,13618,6,309,315,3,0,0,3706465,34549,3568713,12052,0.000000,0.227637,0.237020,6096,0,628.31,3670584,3670227,1923,56307,SUCCESS,123280,0,warm20,319104,6431616,0,9272192,,,,,12052,14472,used,,,,20260911-1908
2026-09-11 19:32:44,HAUSP-UB[noEUCS],C8T1S5I8N5K,12,0,0.000200,0.000,0.008,14085848,13999,6,302,308,3,0,0,3679038,35042,3541176,11982,0.000000,0.228250,0.237569,5787,0,629.93,3643224,3642790,2008,56710,SUCCESS,123312,0,warm20,294912,6610496,0,9532416,,,,,11981,14549,used,,,,20260911-1908
2026-09-11 19:32:44,HAUSP-UB[noEUCS],C8T1S5I8N5K,13,0,0.000200,0.000,0.008,14448564,14380,6,324,330,3,0,0,3685169,35392,3548208,12058,0.000000,0.227435,0.236863,5569,0,631.41,3649252,3648916,1941,57036,SUCCESS,122362,0,warm20,288128,6780176,0,9795968,,,,,12058,14599,used,,,,20260911-1908
2026-09-11 19:32:45,HAUSP-UB[noEUCS],C8T1S5I8N5K,14,0,0.000200,0.000,0.008,14856850,14761,6,317,324,3,0,0,3695825,35647,3560891,12053,0.000000,0.224811,0.234281,5314,0,633.01,3659825,3659547,1893,57288,SUCCESS,120323,0,warm20,325248,6962912,0,10048000,,,,,12053,14611,used,,,,20260911-1908
2026-09-11 19:32:45,HAUSP-UB[noEUCS],C8T1S5I8N5K,15,0,0.000200,0.000,0.008,15236031,15142,6,333,339,3,0,0,3736811,36097,3599709,12025,0.000000,0.228268,0.237569,5751,0,634.95,3700861,3700468,2034,57648,SUCCESS,122343,0,warm20,304256,7143944,0,10321792,,,,,12025,14759,used,,,,20260911-1908
2026-09-11 19:32:45,HAUSP-UB[noEUCS],C8T1S5I8N5K,16,0,0.000200,0.000,0.008,15637254,15523,6,339,346,3,0,0,3653004,36330,3519310,12122,0.000000,0.224966,0.234524,5143,0,669.54,3616902,3616564,2012,57975,SUCCESS,118910,0,warm20,338944,7330432,0,10595072,,,,,12122,14784,used,,,,20260911-1908
2026-09-11 19:32:46,HAUSP-UB[noEUCS],C8T1S5I8N5K,17,0,0.000200,0.000,0.008,16001183,15904,6,330,337,3,0,0,3584674,36591,3452999,12142,0.000000,0.222118,0.231765,4765,0,670.98,3548634,3548316,2003,58297,SUCCESS,117019,0,warm20,334464,7502376,0,10865280,,,,,12142,14656,used,,,,20260911-1908
2026-09-11 19:32:46,HAUSP-UB[noEUCS],C8T1S5I8N5K,18,0,0.000200,0.000,0.008,16376279,16285,6,339,346,3,0,0,3554274,36998,3425114,12206,0.000000,0.219953,0.229830,5394,0,672.97,3518158,3517779,2060,58646,SUCCESS,114343,0,warm20,334336,7678848,0,11153024,,,,,12206,14817,used,,,,20260911-1908
2026-09-11 19:32:46,HAUSP-UB[noEUCS],C8T1S5I8N5K,19,0,0.000200,0.000,0.008,16736060,16666,6,343,349,3,0,0,3519467,37220,3392345,12254,0.000000,0.218374,0.228370,5316,0,674.42,3483294,3483013,1992,58906,SUCCESS,112375,0,warm20,352640,7852504,0,11413888,,,,,12254,14747,used,,,,20260911-1908
2026-09-11 19:32:47,HAUSP-UB[noEUCS],C8T1S5I8N5K,20,0,0.000200,0.000,0.008,17118756,17047,6,346,352,3,0,0,3509776,37451,3382498,12522,0.000000,0.220278,0.230268,5733,0,676.04,3473655,3473371,2016,59174,SUCCESS,112611,0,warm20,332928,8034672,0,11680000,,,,,12521,14666,used,,,,20260911-1908
2026-09-11 19:32:47,HAUSP-UB[noEUCS],C8T1S5I8N5K,21,0,0.000200,0.000,0.008,17469367,17428,6,342,349,3,0,0,3454869,37715,3328396,12413,0.000000,0.222887,0.232929,5511,0,677.97,3418615,3418318,2045,59428,SUCCESS,111678,0,warm20,358272,8202512,0,11938048,,,,,12413,14795,used,,,,20260911-1908
2026-09-11 19:32:47,HAUSP-UB[noEUCS],C8T1S5I8N5K,22,0,0.000200,0.000,0.008,17882077,17809,6,350,356,3,0,0,3460044,37908,3332727,12509,0.000000,0.228367,0.238388,5460,0,679.71,3423875,3423574,2092,59702,SUCCESS,112668,0,warm20,377856,8385152,0,12226688,,,,,12509,14649,used,,,,20260911-1908
2026-09-11 19:32:48,HAUSP-UB[noEUCS],C8T1S5I8N5K,23,0,0.000200,0.000,0.008,18263919,18190,6,350,356,3,0,0,3402420,38130,3275700,12394,0.000000,0.229087,0.239104,5224,0,681.16,3366031,3365910,1939,59827,SUCCESS,111903,0,warm20,403584,8557848,0,12460288,,,,,12394,14817,used,,,,20260911-1908
2026-09-11 19:32:48,HAUSP-UB[noEUCS],C8T1S5I8N5K,24,0,0.000200,0.000,0.008,18657262,18571,6,352,358,3,0,0,3373818,38368,3248386,12432,0.000000,0.227734,0.237792,4981,0,716.50,3337381,3337198,1997,60028,SUCCESS,110454,0,warm20,403840,8733584,0,12736128,,,,,12432,14978,used,,,,20260911-1908
2026-09-11 19:32:48,HAUSP-UB[noEUCS],C8T1S5I8N5K,25,0,0.000200,0.000,0.008,19053088,18952,6,352,359,3,0,0,3327525,38559,3201895,12496,0.000000,0.225591,0.235706,4603,0,717.92,3291034,3290843,1987,60238,SUCCESS,110608,0,warm20,385536,8910952,0,13007104,,,,,12496,15022,used,,,,20260911-1908
2026-09-11 19:32:49,HAUSP-UB[noEUCS],C8T1S5I8N5K,26,0,0.000200,0.000,0.008,19437911,19333,6,350,357,3,0,0,3256685,38748,3133247,12583,0.000000,0.223253,0.233469,4467,0,752.98,3220150,3219880,2047,60491,SUCCESS,108392,0,warm20,403072,9094976,0,13320704,,,,,12582,15045,used,,,,20260911-1908
2026-09-11 19:32:49,HAUSP-UB[noEUCS],C8T1S5I8N5K,27,0,0.000200,0.000,0.008,19822113,19714,6,358,364,3,0,0,3314915,39076,3191201,12549,0.000000,0.224955,0.235073,4548,0,755.24,3278379,3278077,2096,60769,SUCCESS,108593,0,warm20,412928,9274248,0,13613952,,,,,12549,15121,used,,,,20260911-1908
2026-09-11 19:32:50,HAUSP-UB[noEUCS],C8T1S5I8N5K,28,0,0.000200,0.000,0.008,20208654,20095,6,362,369,3,0,0,3243778,39402,3120720,12538,0.000000,0.224785,0.234919,4279,0,790.35,3207110,3206864,2064,61018,SUCCESS,107757,0,warm20,395648,9458160,0,13920256,,,,,12538,15301,used,,,,20260911-1908
2026-09-11 19:32:50,HAUSP-UB[noEUCS],C8T1S5I8N5K,29,0,0.000200,0.000,0.008,20585609,20476,6,358,365,3,0,0,3234399,39513,3112640,12587,0.000000,0.224005,0.234200,4122,0,791.83,3197632,3197453,1994,61192,SUCCESS,106496,0,warm20,393472,9636608,0,14199552,,,,,12586,15262,used,,,,20260911-1908
2026-09-11 19:32:50,HAUSP-UB[noEUCS],C8T1S5I8N5K,30,0,0.000200,0.000,0.008,20988516,20857,6,368,375,3,0,0,3198475,39644,3075810,12740,0.000000,0.221895,0.232057,3896,0,793.83,3161737,3161505,2052,61432,SUCCESS,107475,0,warm20,381184,9820600,0,14485632,,,,,12740,15190,used,,,,20260911-1908
2026-09-11 19:32:51,HAUSP-UB[noEUCS],C8T1S5I8N5K,31,0,0.000200,0.000,0.008,21379871,21238,6,373,380,3,0,0,3209268,39803,3087841,12701,0.000000,0.220593,0.230843,3722,0,795.40,3172582,3172396,1998,61610,SUCCESS,106369,0,warm20,389760,10003416,0,14787840,,,,,12700,15057,used,,,,20260911-1908
2026-09-11 19:32:51,HAUSP-UB[noEUCS],C8T1S5I8N5K,32,0,0.000200,0.000,0.008,21758395,21619,6,377,384,3,0,0,3260579,39943,3138701,12691,0.000000,0.218774,0.228937,3512,0,797.07,3223800,3223649,1971,61749,SUCCESS,106766,0,warm20,411264,10180208,0,15039104,,,,,12691,15112,used,,,,20260911-1908
2026-09-11 19:32:51,HAUSP-UB[noEUCS],C8T1S5I8N5K,33,0,0.000200,0.000,0.008,22151372,22000,6,387,393,3,0,0,3235624,40143,3115077,12563,0.000000,0.218520,0.228787,3756,0,832.99,3198723,3198533,2022,61916,SUCCESS,105252,0,warm20,453504,10365864,0,15339904,,,,,12563,15295,used,,,,20260911-1908
2026-09-11 19:32:52,HAUSP-UB[noEUCS],C8T1S5I8N5K,34,0,0.000200,0.000,0.008,22537156,22381,6,385,392,3,0,0,3203569,40324,3083502,12559,0.000000,0.219333,0.229724,3758,0,834.46,3166733,3166602,1986,62067,SUCCESS,104823,0,warm20,440320,10544520,0,15614592,,,,,12559,15244,used,,,,20260911-1908
2026-09-11 19:32:52,HAUSP-UB[noEUCS],C8T1S5I8N5K,35,0,0.000200,0.000,0.008,22909920,22762,6,396,403,3,0,0,3219613,40414,3099159,12660,0.000000,0.222019,0.232317,3731,0,835.94,3182786,3182621,2000,62225,SUCCESS,105280,0,warm20,458368,10721192,0,15883520,,,,,12660,15174,used,,,,20260911-1908
2026-09-11 19:32:53,HAUSP-UB[noEUCS],C8T1S5I8N5K,36,0,0.000200,0.000,0.008,23320068,23143,6,398,404,3,0,0,3180782,40715,3060605,12522,0.000000,0.220600,0.230807,3641,0,838.26,3143885,3143726,2001,62410,SUCCESS,104788,0,warm20,431488,10905520,0,16189568,,,,,12520,15387,used,,,,20260911-1908
2026-09-11 19:32:53,HAUSP-UB[noEUCS],C8T1S5I8N5K,37,0,0.000200,0.000,0.008,23698370,23524,6,398,404,3,0,0,3160315,40903,3041404,12491,0.000000,0.219310,0.229596,3515,0,839.83,3123362,3123183,1995,62569,SUCCESS,103461,0,warm20,445952,11082248,0,16484480,,,,,12487,15446,used,,,,20260911-1908
2026-09-11 19:32:54,HAUSP-UB[noEUCS],C8T1S5I8N5K,38,0,0.000200,0.000,0.008,24100790,23905,6,424,431,3,0,0,3154813,41080,3036941,12535,0.000000,0.217467,0.227800,3291,0,841.09,3117779,3117523,2092,62797,SUCCESS,102326,0,warm20,300032,11268248,0,16805120,,,,,12534,15545,used,,,,20260911-1908
2026-09-11 19:32:54,HAUSP-UB[noEUCS],C8T1S5I8N5K,39,0,0.000200,0.000,0.008,24494244,24286,6,408,415,3,0,0,3129912,41284,3013295,12520,0.000000,0.214483,0.224958,3104,0,590.17,3092720,3092546,2038,62974,SUCCESS,100937,0,warm20,468736,11458160,0,17115648,,,,,12519,15679,used,,,,20260911-1908
2026-09-11 19:32:54,HAUSP-UB[noEUCS],C8T1S5I8N5K,40,0,0.000200,0.000,0.008,24862589,24667,6,405,412,3,0,0,3140346,41495,3023989,12514,0.000000,0.214408,0.224859,2983,0,596.83,3103195,3102981,2075,63177,SUCCESS,100684,0,warm20,304768,11634336,0,17433216,,,,,12513,15672,used,,,,20260911-1908
2026-09-11 19:32:55,HAUSP-UB[noEUCS],C8T1S5I8N5K,41,0,0.000200,0.000,0.008,25264734,25048,6,410,417,3,0,0,3131159,41648,3014910,12545,0.000000,0.214067,0.224497,2906,0,596.83,3093967,3093809,2030,63275,SUCCESS,100584,0,warm20,400128,11818840,0,17648768,,,,,12543,15663,used,,,,20260911-1908
2026-09-11 19:32:55,HAUSP-UB[noEUCS],C8T1S5I8N5K,42,0,0.000200,0.000,0.008,25654120,25429,6,415,421,3,0,0,3145122,41796,3028987,12548,0.000000,0.213467,0.223934,2835,0,596.83,3108011,3107852,2091,63431,SUCCESS,100499,0,warm20,429696,12004304,0,17956352,,,,,12544,15632,used,,,,20260911-1908
2026-09-11 19:32:56,HAUSP-UB[noEUCS],C8T1S5I8N5K,43,0,0.000200,0.000,0.008,26046150,25810,6,429,436,3,0,0,3189390,41872,3073101,12582,0.000000,0.212566,0.223110,2897,0,602.45,3152286,3152105,2116,63605,SUCCESS,100742,0,warm20,573568,12185704,0,18269184,,,,,12580,15545,used,,,,20260911-1908
2026-09-11 19:32:56,HAUSP-UB[noEUCS],C8T1S5I8N5K,44,0,0.000200,0.000,0.008,26432947,26191,6,436,442,3,0,0,3207492,42011,3090666,12643,0.000000,0.213256,0.223705,2697,0,602.45,3170376,3170197,2121,63728,SUCCESS,101303,0,warm20,500992,12366504,0,18550272,,,,,12642,15522,used,,,,20260911-1908
2026-09-11 19:32:57,HAUSP-UB[noEUCS],C8T1S5I8N5K,45,0,0.000200,0.000,0.008,26847057,26572,6,443,450,3,0,0,3217238,42143,3100434,12645,0.000000,0.212103,0.222663,2736,0,602.45,3180120,3179962,2156,63890,SUCCESS,101271,0,warm20,530560,12559136,0,18834304,,,,,12645,15533,used,,,,20260911-1908
2026-09-11 19:32:57,HAUSP-UB[noEUCS],C8T1S5I8N5K,46,0,0.000200,0.000,0.008,27199889,26953,6,452,459,3,0,0,3248264,42374,3130912,12509,0.000000,0.212747,0.223209,2876,0,602.45,3211138,3210966,2166,64016,SUCCESS,101741,0,warm20,579200,12727040,0,19084928,,,,,12508,15610,used,,,,20260911-1908
2026-09-11 19:32:57,HAUSP-UB[noEUCS],C8T1S5I8N5K,47,0,0.000200,0.000,0.008,27579163,27334,6,461,467,3,0,0,3235063,42552,3117991,12422,0.000000,0.212044,0.222432,2901,0,609.13,3197912,3197819,2133,64116,SUCCESS,101384,0,warm20,675200,12903296,0,19304960,,,,,12421,15687,used,,,,20260911-1908
2026-09-11 19:32:58,HAUSP-UB[noEUCS],C8T1S5I8N5K,48,0,0.000200,0.000,0.008,27972766,27715,6,470,476,3,0,0,3251196,42713,3133537,12422,0.000000,0.212883,0.223201,2982,0,609.13,3214122,3214025,2130,64227,SUCCESS,101987,0,warm20,671232,13086704,0,19561728,,,,,12421,15671,used,,,,20260911-1908
2026-09-11 19:32:58,HAUSP-UB[noEUCS],C8T1S5I8N5K,49,0,0.000200,0.000,0.008,28365723,28096,6,478,484,3,0,0,3295566,42855,3178308,12289,0.000000,0.213413,0.223660,3165,0,609.13,3258512,3258395,2136,64339,SUCCESS,101576,0,warm20,669056,13267080,0,19825280,,,,,12289,15682,used,,,,20260911-1908
2026-09-11 19:32:59,HAUSP-UB[noEUCS],C8T1S5I8N5K,50,0,0.000200,0.000,0.008,28747973,28477,6,479,486,3,0,0,3269457,42932,3152721,12298,0.000000,0.212932,0.223195,3190,0,609.13,3232516,3232374,2166,64450,SUCCESS,101201,0,warm20,683264,13443056,0,20066304,,,,,12297,15534,used,,,,20260911-1908
2026-09-11 19:32:59,HAUSP-UB[noEUCS],C8T1S5I8N5K,51,0,0.000200,0.000,0.008,29148674,28858,6,487,493,3,0,0,3276097,43118,3159602,12243,0.000000,0.213432,0.223667,3606,0,615.89,3239165,3239047,2173,64555,SUCCESS,100894,0,warm20,736384,13626880,0,20320000,,,,,12242,15600,used,,,,20260911-1908
2026-09-11 19:33:00,HAUSP-UB[noEUCS],C8T1S5I8N5K,52,0,0.000200,0.000,0.008,29538239,29239,6,484,490,3,0,0,3217502,43208,3101756,12292,0.000000,0.213133,0.223470,3511,0,615.89,3180516,3180391,2193,64675,SUCCESS,100107,0,warm20,746368,13810048,0,20578432,,,,,12292,15639,used,,,,20260911-1908
2026-09-11 19:33:00,HAUSP-UB[noEUCS],C8T1S5I8N5K,53,0,0.000200,0.000,0.008,29906147,29620,6,489,495,3,0,0,3205179,43291,3089338,12296,0.000000,0.212974,0.223325,3391,0,615.89,3168187,3168088,2172,64767,SUCCESS,100233,0,warm20,789760,13984888,0,20815744,,,,,12296,15608,used,,,,20260911-1908
2026-09-11 19:33:01,HAUSP-UB[noEUCS],C8T1S5I8N5K,54,0,0.000200,0.000,0.008,30291495,30001,6,488,494,3,0,0,3165000,43343,3049827,12365,0.000000,0.212301,0.222748,3264,0,618.45,3127901,3127821,2160,64847,SUCCESS,99498,0,warm20,822784,14163112,0,21028992,,,,,12365,15675,used,,,,20260911-1908
2026-09-11 19:33:01,HAUSP-UB[noEUCS],C8T1S5I8N5K,55,0,0.000200,0.000,0.008,30683235,30382,6,497,504,3,0,0,3162725,43457,3048061,12312,0.000000,0.211595,0.222085,3174,0,618.45,3125627,3125535,2172,64932,SUCCESS,98955,0,warm20,825728,14345792,0,21280640,,,,,12311,15708,used,,,,20260911-1908
2026-09-11 19:33:02,HAUSP-UB[noEUCS],C8T1S5I8N5K,56,0,0.000200,0.000,0.008,31050500,30763,6,494,501,3,0,0,3149171,43445,3035338,12393,0.000000,0.211427,0.222059,3135,0,625.09,3112137,3112090,2134,64986,SUCCESS,98283,0,warm20,876032,14522416,0,21491584,,,,,12390,15547,used,,,,20260911-1908
2026-09-11 19:33:02,HAUSP-UB[noEUCS],C8T1S5I8N5K,57,0,0.000200,0.000,0.008,31397327,31144,6,493,499,3,0,0,3112336,43545,2999377,12410,0.000000,0.211145,0.221871,3034,0,625.09,3075314,3075225,2169,65101,SUCCESS,97375,0,warm20,812032,14690744,0,21776000,,,,,12407,15581,used,,,,20260911-1908
2026-09-11 19:33:03,HAUSP-UB[noEUCS],C8T1S5I8N5K,58,0,0.000200,0.000,0.008,31771532,31525,6,486,492,3,0,0,3070626,43605,2958413,12443,0.000000,0.211496,0.222327,3040,0,625.09,3033561,3033424,2191,65215,SUCCESS,96641,0,warm20,810112,14869360,0,22065408,,,,,12440,15569,used,,,,20260911-1908
2026-09-11 19:33:03,HAUSP-UB[noEUCS],C8T1S5I8N5K,59,0,0.000200,0.000,0.008,32144335,31906,6,492,498,3,0,0,3079660,43782,2967321,12411,0.000000,0.211165,0.221901,2918,0,625.09,3042636,3042503,2210,65347,SUCCESS,96748,0,warm20,838656,15042672,0,22418560,,,,,12411,15591,used,,,,20260911-1908
2026-09-11 19:33:04,HAUSP-UB[noEUCS],C8T1S5I8N5K,60,0,0.000200,0.000,0.008,32548859,32287,6,502,508,3,0,0,3106366,43917,2993290,12379,0.000000,0.211540,0.222233,3066,0,631.86,3069324,3069182,2220,65446,SUCCESS,97464,0,warm20,925824,15228392,0,22734336,,,,,12379,15612,used,,,,20260911-1908
2026-09-11 19:33:04,HAUSP-UB[noEUCS],C8T1S5I8N5K,61,0,0.000200,0.000,0.008,32946105,32668,6,507,513,3,0,0,3083896,44023,2970087,12399,0.000000,0.212110,0.222752,3028,0,631.86,3046833,3046736,2218,65531,SUCCESS,98168,0,warm20,1067392,15410552,0,23026304,,,,,12398,15640,used,,,,20260911-1908
2026-09-11 19:33:05,HAUSP-UB[noEUCS],C8T1S5I8N5K,62,0,0.000200,0.000,0.008,33335321,33049,6,507,513,3,0,0,3067050,44197,2953564,12381,0.000000,0.212629,0.223201,2938,0,631.86,3030021,3029883,2271,65674,SUCCESS,97791,0,warm20,1001344,15588880,0,23430528,,,,,12381,15695,used,,,,20260911-1908
2026-09-11 19:33:05,HAUSP-UB[noEUCS],C8T1S5I8N5K,63,0,0.000200,0.000,0.008,33722190,33430,6,513,520,3,0,0,3076035,44261,2962670,12419,0.000000,0.213888,0.224489,2955,0,634.45,3038886,3038743,2271,65779,SUCCESS,97628,0,warm20,1085696,15770696,0,23750784,,,,,12418,15736,used,,,,20260911-1908
2026-09-11 19:33:06,HAUSP-UB[noEUCS],C8T1S5I8N5K,64,0,0.000200,0.000,0.008,34102757,33811,6,515,522,3,0,0,3045452,44338,2932790,12457,0.000000,0.213898,0.224623,2871,0,641.24,3008360,3008238,2288,65908,SUCCESS,97009,0,warm20,1327616,15945592,0,24113792,,,,,12455,15651,used,,,,20260911-1908
2026-09-11 19:33:07,HAUSP-UB[noEUCS],C8T1S5I8N5K,65,0,0.000200,0.000,0.008,34480042,34192,6,518,525,3,0,0,3020261,44403,2907701,12536,0.000000,0.213480,0.224156,2789,0,641.24,2983168,2983057,2270,66026,SUCCESS,96971,0,warm20,1153536,16120688,0,24486528,,,,,12535,15588,used,,,,20260911-1908
2026-09-11 19:33:07,HAUSP-UB[noEUCS],C8T1S5I8N5K,66,0,0.000200,0.000,0.008,34856177,34573,6,516,522,3,0,0,2984712,44545,2872828,12479,0.000000,0.213336,0.224117,2698,0,641.24,2947532,2947398,2286,66152,SUCCESS,96184,0,warm20,1145344,16294448,0,24858240,,,,,12478,15699,used,,,,20260911-1908
2026-09-11 19:33:08,HAUSP-UB[noEUCS],C8T1S5I8N5K,67,0,0.000200,0.000,0.008,35248911,34954,6,517,524,3,0,0,2987301,44587,2876195,12547,0.000000,0.212368,0.223206,2620,0,641.24,2950171,2950054,2277,66264,SUCCESS,95541,0,warm20,1197568,16481344,0,25242880,,,,,12547,15565,used,,,,20260911-1908
2026-09-11 19:33:08,HAUSP-UB[noEUCS],C8T1S5I8N5K,68,0,0.000200,0.000,0.008,35625465,35335,6,523,529,3,0,0,2960247,44764,2849497,12463,0.000000,0.212246,0.223025,2554,0,648.00,2923156,2923049,2272,66366,SUCCESS,95159,0,warm20,1239552,16657608,0,25582848,,,,,12463,15591,used,,,,20260911-1908
2026-09-11 19:33:09,HAUSP-UB[noEUCS],C8T1S5I8N5K,69,0,0.000200,0.000,0.008,36012354,35716,6,519,525,3,0,0,2931204,44781,2821608,12518,0.000000,0.211519,0.222519,2554,0,648.00,2894069,2893978,2261,66424,SUCCESS,94046,0,warm20,1348224,16835688,0,25851776,,,,,12518,15550,used,,,,20260911-1908
2026-09-11 19:33:09,HAUSP-UB[noEUCS],C8T1S5I8N5K,70,0,0.000200,0.000,0.008,36402179,36097,6,524,531,3,0,0,2988010,44877,2878502,12511,0.000000,0.211474,0.222410,2518,0,648.00,2950892,2950789,2306,66504,SUCCESS,93936,0,warm20,1396480,17022200,0,26119040,,,,,12510,15571,used,,,,20260911-1908
2026-09-11 19:33:10,HAUSP-UB[noEUCS],C8T1S5I8N5K,71,0,0.000200,0.000,0.008,36796212,36478,6,527,533,3,0,0,2968682,44971,2859422,12535,0.000000,0.212026,0.222974,2562,0,650.45,2931558,2931476,2308,66586,SUCCESS,93668,0,warm20,1570560,17202968,0,26446976,,,,,12534,15591,used,,,,20260911-1908
2026-09-11 19:33:10,HAUSP-UB[noEUCS],C8T1S5I8N5K,72,0,0.000200,0.000,0.008,37177330,36859,6,529,536,3,0,0,2975203,45091,2866299,12476,0.000000,0.211687,0.222630,2519,0,657.24,2938060,2937964,2322,66669,SUCCESS,93247,0,warm20,1454848,17383608,0,26765952,,,,,12467,15648,used,,,,20260911-1908
2026-09-11 19:33:11,HAUSP-UB[noEUCS],C8T1S5I8N5K,73,0,0.000200,0.000,0.008,37549228,37240,6,540,546,3,0,0,3000004,45147,2891029,12487,0.000000,0.211191,0.222119,2480,0,657.24,2962859,2962809,2289,66711,SUCCESS,93345,0,warm20,1571840,17558472,0,26993536,,,,,12480,15623,used,,,,20260911-1908
2026-09-11 19:33:11,HAUSP-UB[noEUCS],C8T1S5I8N5K,74,0,0.000200,0.000,0.008,37929817,37621,6,541,547,3,0,0,2974123,45144,2865133,12530,0.000000,0.210855,0.221896,2451,0,657.24,2937055,2936972,2330,66770,SUCCESS,93489,0,warm20,1579136,17738584,0,27284736,,,,,12530,15501,used,,,,20260911-1908
2026-09-11 19:33:12,HAUSP-UB[noEUCS],C8T1S5I8N5K,75,0,0.000200,0.000,0.008,38317022,38002,6,551,558,3,0,0,3000233,45217,2890856,12553,0.000000,0.211156,0.222124,2489,0,657.24,2963155,2963065,2361,66853,SUCCESS,93850,0,warm20,1589632,17918928,0,27603584,,,,,12551,15525,used,,,,20260911-1908
2026-09-11 19:33:12,HAUSP-UB[noEUCS],C8T1S5I8N5K,76,0,0.000200,0.000,0.008,38681308,38383,6,557,564,3,0,0,3017024,45268,2907893,12527,0.000000,0.210600,0.221573,2455,0,663.88,2979927,2979886,2319,66900,SUCCESS,93615,0,warm20,1683200,18092920,0,27845888,,,,,12523,15512,used,,,,20260911-1908
2026-09-11 19:33:13,HAUSP-UB[noEUCS],C8T1S5I8N5K,77,0,0.000200,0.000,0.008,39054424,38764,6,553,559,3,0,0,2992386,45493,2883372,12390,0.000000,0.210584,0.221565,2481,0,663.88,2955313,2955241,2344,67000,SUCCESS,93343,0,warm20,1576576,18267208,0,28227200,,,,,12385,15666,used,,,,20260911-1908
2026-09-11 19:33:14,HAUSP-UB[noEUCS],C8T1S5I8N5K,78,0,0.000200,0.000,0.008,39411343,39145,6,564,571,3,0,0,2997085,45462,2888086,12522,0.000000,0.211543,0.222635,2527,0,664.80,2959907,2959866,2285,67045,SUCCESS,93356,0,warm20,1638016,18437224,0,28466176,,,,,12519,15640,used,,,,20260911-1908
2026-09-11 19:33:14,HAUSP-UB[noEUCS],C8T1S5I8N5K,79,0,0.000200,0.000,0.008,39780981,39526,6,573,579,3,0,0,3019115,45485,2909417,12514,0.000000,0.211343,0.222289,2581,0,664.80,2981960,2981912,2288,67071,SUCCESS,94101,0,warm20,1681664,18611288,0,28641152,,,,,12512,15595,used,,,,20260911-1908
2026-09-11 19:33:15,HAUSP-UB[noEUCS],C8T1S5I8N5K,80,0,0.000200,0.000,0.008,40169171,39907,6,583,589,3,0,0,3023846,45554,2914282,12516,0.000000,0.211643,0.222577,2552,0,666.45,2986695,2986648,2309,67109,SUCCESS,93929,0,warm20,1708928,18788752,0,28837888,,,,,12515,15634,used,,,,20260911-1908
2026-09-11 19:33:15,HAUSP-UB[noEUCS],C8T1S5I8N5K,81,0,0.000200,0.000,0.008,40555772,40288,6,592,598,3,0,0,3000226,45671,2890553,12470,0.000000,0.211267,0.222214,2574,0,673.25,2963159,2963034,2396,67220,SUCCESS,94043,0,warm20,1591552,18972952,0,29209728,,,,,12469,15629,used,,,,20260911-1908
2026-09-11 19:33:16,HAUSP-UB[noEUCS],C8T1S5I8N5K,82,0,0.000200,0.000,0.008,40937437,40669,6,595,602,3,0,0,2989773,45670,2880510,12492,0.000000,0.211200,0.222190,2542,0,673.25,2952587,2952555,2317,67255,SUCCESS,93627,0,warm20,1784576,19144488,0,29395584,,,,,12492,15636,used,,,,20260911-1908
2026-09-11 19:33:17,HAUSP-UB[noEUCS],C8T1S5I8N5K,83,0,0.000200,0.000,0.008,41314466,41050,6,596,603,3,0,0,2982716,45751,2873278,12474,0.000000,0.211025,0.222031,2516,0,673.25,2945527,2945440,2369,67320,SUCCESS,93753,0,warm20,1726208,19324552,0,29699328,,,,,12474,15685,used,,,,20260911-1908
2026-09-11 19:33:17,HAUSP-UB[noEUCS],C8T1S5I8N5K,84,0,0.000200,0.000,0.008,41724684,41431,6,588,595,3,0,0,2969560,45802,2860547,12472,0.000000,0.210757,0.221740,2489,0,679.89,2932417,2932331,2390,67395,SUCCESS,93388,0,warm20,1763840,19514248,0,29990272,,,,,12472,15625,used,,,,20260911-1908
2026-09-11 19:33:18,HAUSP-UB[noEUCS],C8T1S5I8N5K,85,0,0.000200,0.000,0.008,42093147,41812,6,601,607,3,0,0,2999620,45860,2890292,12469,0.000000,0.210801,0.221765,2440,0,679.89,2962326,2962295,2346,67434,SUCCESS,93569,0,warm20,1867776,19689608,0,30207360,,,,,12469,15759,used,,,,20260911-1908
2026-09-11 19:33:18,HAUSP-UB[noEUCS],C8T1S5I8N5K,86,0,0.000200,0.000,0.008,42494057,42193,6,602,609,3,0,0,3005483,45889,2895855,12525,0.000000,0.210856,0.221841,2493,0,679.89,2968139,2968024,2422,67521,SUCCESS,93827,0,warm20,1768064,19872936,0,30521728,,,,,12523,15799,used,,,,20260911-1908
2026-09-11 19:33:19,HAUSP-UB[noEUCS],C8T1S5I8N5K,87,0,0.000200,0.000,0.008,42876090,42574,6,608,615,3,0,0,2994743,45944,2885787,12530,0.000000,0.210168,0.221243,2433,0,679.89,2957469,2957392,2412,67597,SUCCESS,93258,0,warm20,1863936,20052296,0,30824960,,,,,12529,15697,used,,,,20260911-1908
2026-09-11 19:33:20,HAUSP-UB[noEUCS],C8T1S5I8N5K,88,0,0.000200,0.000,0.008,43249167,42955,6,610,617,3,0,0,2985938,45970,2877079,12600,0.000000,0.210380,0.221475,2454,0,682.45,2948715,2948627,2424,67682,SUCCESS,93263,0,warm20,1855232,20227840,0,31151744,,,,,12600,15596,used,,,,20260911-1908
2026-09-11 19:33:20,HAUSP-UB[noEUCS],C8T1S5I8N5K,89,0,0.000200,0.000,0.008,43639417,43336,6,614,620,3,0,0,2983326,45961,2874934,12637,0.000000,0.209871,0.221014,2455,0,689.24,2946109,2946057,2391,67702,SUCCESS,92895,0,warm20,2005888,20409200,0,31353728,,,,,12636,15496,used,,,,20260911-1908
2026-09-11 19:33:21,HAUSP-UB[noEUCS],C8T1S5I8N5K,90,0,0.000200,0.000,0.008,44032208,43717,6,614,621,3,0,0,2969383,46068,2861199,12584,0.000000,0.210232,0.221352,2451,0,689.24,2932215,2932148,2438,67767,SUCCESS,92649,0,warm20,1986944,20593424,0,31652736,,,,,12583,15534,used,,,,20260911-1908
2026-09-11 19:33:21,HAUSP-UB[noEUCS],C8T1S5I8N5K,91,0,0.000200,0.000,0.008,44399967,44098,6,621,628,3,0,0,2968667,46110,2860460,12598,0.000000,0.210198,0.221256,2431,0,689.24,2931564,2931541,2396,67788,SUCCESS,92760,0,warm20,2093824,20767320,0,31852800,,,,,12597,15446,used,,,,20260911-1908
2026-09-11 19:33:22,HAUSP-UB[noEUCS],C8T1S5I8N5K,92,0,0.000200,0.000,0.008,44779784,44479,6,623,630,3,0,0,2978948,46189,2871364,12544,0.000000,0.209645,0.220793,2415,0,691.99,2941790,2941741,2424,67819,SUCCESS,92025,0,warm20,2082560,20943960,0,32042880,,,,,12544,15559,used,,,,20260911-1908
2026-09-11 19:33:23,HAUSP-UB[noEUCS],C8T1S5I8N5K,93,0,0.000200,0.000,0.008,45163101,44860,6,624,630,3,0,0,2984915,46282,2877885,12546,0.000000,0.208900,0.220095,2417,0,698.45,2947870,2947769,2494,67932,SUCCESS,91522,0,warm20,1962752,21125472,0,32403584,,,,,12546,15508,used,,,,20260911-1908
2026-09-11 19:33:23,HAUSP-UB[noEUCS],C8T1S5I8N5K,94,0,0.000200,0.000,0.008,45537311,45241,6,635,641,3,0,0,2970732,46450,2863814,12490,0.000000,0.209324,0.220521,2509,0,698.45,2933701,2933607,2475,68026,SUCCESS,91369,0,warm20,1984896,21298872,0,32715904,,,,,12490,15549,used,,,,20260911-1908
2026-09-11 19:33:24,HAUSP-UB[noEUCS],C8T1S5I8N5K,95,0,0.000200,0.000,0.008,45914685,45622,6,631,637,3,0,0,2953804,46519,2847561,12452,0.000000,0.209073,0.220344,2472,0,698.45,2916694,2916677,2398,68068,SUCCESS,90640,0,warm20,2100096,21474952,0,32936192,,,,,12452,15603,used,,,,20260911-1908
2026-09-11 19:33:25,HAUSP-UB[noEUCS],C8T1S5I8N5K,96,0,0.000200,0.000,0.008,46297846,46003,6,649,656,3,0,0,2992114,46605,2884645,12436,0.000000,0.209667,0.220797,2565,0,705.09,2954864,2954793,2427,68126,SUCCESS,91681,0,warm20,2016896,21655168,0,33221632,,,,,12435,15787,used,,,,20260911-1908
2026-09-11 19:33:25,HAUSP-UB[noEUCS],C8T1S5I8N5K,97,0,0.000200,0.000,0.008,46661169,46384,6,662,669,3,0,0,3017834,46710,2910373,12382,0.000000,0.209211,0.220245,2642,0,705.09,2980601,2980556,2414,68169,SUCCESS,91643,0,warm20,2083200,21831016,0,33478400,,,,,12381,15817,used,,,,20260911-1908
2026-09-11 19:33:26,HAUSP-UB[noEUCS],C8T1S5I8N5K,98,0,0.000200,0.000,0.008,47042336,46765,6,673,679,3,0,0,3016952,46670,2909814,12464,0.000000,0.209268,0.220384,2654,0,705.09,2979695,2979623,2443,68191,SUCCESS,91379,0,warm20,2133760,22011424,0,33656832,,,,,12463,15758,used,,,,20260911-1908
2026-09-11 19:33:27,HAUSP-UB[noEUCS],C8T1S5I8N5K,99,0,0.000200,0.000,0.008,47416411,47133,6,668,675,3,0,0,3020056,46615,2913251,12578,0.000000,0.208598,0.219840,2623,0,705.09,2982806,2982747,2480,68240,SUCCESS,91130,0,warm20,2189696,22186560,0,33899264,,,,,12577,15674,used,,,,20260911-1908
2026-09-11 19:33:28,HAUSP-UB[noEUCS],C8T1S5I8N5K,0,1,0.000200,0.000,0.200,9488535,9427,168,357,526,65,0,0,4135735,29541,3966954,11833,0.000000,0.242125,0.250202,6075,0,478.73,4151415,4099103,52312,51042,SUCCESS,154920,0,warm20,200576,4438664,0,7045632,,,,,11833,13861,used,,,,20260911-1908
2026-09-11 19:33:28,HAUSP-UB[noEUCS],C8T1S5I8N5K,1,1,0.000200,0.000,0.008,9860531,9808,6,262,268,3,0,0,4238409,30066,4068514,12000,0.000000,0.237696,0.245698,5885,0,512.70,4203515,4202719,2066,51737,SUCCESS,155976,0,warm20,235648,4617128,0,7250816,,,,,11999,13918,used,,,,20260911-1908
2026-09-11 19:33:28,HAUSP-UB[noEUCS],C8T1S5I8N5K,2,1,0.000200,0.000,0.008,10237847,10189,6,250,256,3,0,0,4029071,30542,3865780,12194,0.000000,0.234296,0.242583,6216,0,514.10,3994038,3993454,1955,52280,SUCCESS,149453,0,warm20,215936,4791456,0,7437056,,,,,12194,13838,used,,,,20260911-1908
2026-09-11 19:33:28,HAUSP-UB[noEUCS],C8T1S5I8N5K,3,1,0.000200,0.000,0.008,10612071,10570,6,252,259,3,0,0,3863098,31048,3709561,12185,0.000000,0.228170,0.236997,5710,0,548.34,3827850,3827242,2020,52849,SUCCESS,139521,0,warm20,231808,4970664,0,7630336,,,,,12185,14016,used,,,,20260911-1908
2026-09-11 19:33:29,HAUSP-UB[noEUCS],C8T1S5I8N5K,4,1,0.000200,0.000,0.008,10998812,10951,6,250,256,3,0,0,3690408,31726,3543781,12109,0.000000,0.226342,0.235631,6197,0,582.46,3655021,3654406,2066,53454,SUCCESS,132363,0,warm20,233216,5152944,0,7843200,,,,,12109,14264,used,,,,20260911-1908
2026-09-11 19:33:29,HAUSP-UB[noEUCS],C8T1S5I8N5K,5,1,0.000200,0.000,0.008,11372679,11332,6,266,272,3,0,0,4031320,32155,3878587,12156,0.000000,0.226990,0.235812,7077,0,583.95,3995825,3995408,1878,53903,SUCCESS,138537,0,warm20,227328,5331472,0,8037760,,,,,12156,14196,used,,,,20260911-1908
2026-09-11 19:33:29,HAUSP-UB[noEUCS],C8T1S5I8N5K,6,1,0.000200,0.000,0.008,11751454,11713,6,273,279,3,0,0,3930089,32735,3778128,12153,0.000000,0.230918,0.239665,7171,0,585.64,3894740,3894207,1962,54412,SUCCESS,137779,0,warm20,234752,5510936,0,8258560,,,,,12152,14181,used,,,,20260911-1908
2026-09-11 19:33:30,HAUSP-UB[noEUCS],C8T1S5I8N5K,7,1,0.000200,0.000,0.008,12140855,12094,6,279,285,3,0,0,3868169,33178,3719918,12064,0.000000,0.228017,0.236853,7532,0,587.06,3832650,3832255,1848,54782,SUCCESS,133964,0,warm20,243840,5695640,0,8442240,,,,,12062,14285,used,,,,20260911-1908
2026-09-11 19:33:30,HAUSP-UB[noEUCS],C8T1S5I8N5K,8,1,0.000200,0.000,0.008,12513750,12475,6,298,304,3,0,0,4066264,33476,3918994,12090,0.000000,0.227410,0.236284,7536,0,588.23,4030685,4030253,1910,55144,SUCCESS,132994,0,warm20,236032,5871568,0,8609536,,,,,12087,14273,used,,,,20260911-1908
2026-09-11 19:33:30,HAUSP-UB[noEUCS],C8T1S5I8N5K,9,1,0.000200,0.000,0.008,12914821,12856,6,297,304,3,0,0,3981933,33876,3836791,12273,0.000000,0.226828,0.235741,6698,0,590.03,3946333,3945886,1995,55607,SUCCESS,130810,0,warm20,251008,6057256,0,8819968,,,,,12273,14332,used,,,,20260911-1908
2026-09-11 19:33:31,HAUSP-UB[noEUCS],C8T1S5I8N5K,10,1,0.000200,0.000,0.008,13305508,13237,6,297,303,3,0,0,3809438,34219,3667540,12117,0.000000,0.229812,0.238973,6517,0,591.46,3773698,3773313,1917,55958,SUCCESS,127546,0,warm20,287488,6243312,0,9014784,,,,,12117,14352,used,,,,20260911-1908
2026-09-11 19:33:31,HAUSP-UB[noEUCS],C8T1S5I8N5K,11,1,0.000200,0.000,0.008,13706693,13618,6,298,304,3,0,0,3706465,34549,3568713,12052,0.000000,0.227637,0.237020,6096,0,625.95,3670584,3670227,1923,56307,SUCCESS,123280,0,warm20,319104,6431616,0,9272192,,,,,12052,14472,used,,,,20260911-1908
2026-09-11 19:33:31,HAUSP-UB[noEUCS],C8T1S5I8N5K,12,1,0.000200,0.000,0.008,14085848,13999,6,297,304,3,0,0,3679038,35042,3541176,11982,0.000000,0.228250,0.237569,5787,0,627.82,3643224,3642790,2008,56710,SUCCESS,123312,0,warm20,294912,6610496,0,9532416,,,,,11981,14549,used,,,,20260911-1908
2026-09-11 19:33:31,HAUSP-UB[noEUCS],C8T1S5I8N5K,13,1,0.000200,0.000,0.008,14448564,14380,6,303,309,3,0,0,3685169,35392,3548208,12058,0.000000,0.227435,0.236863,5569,0,629.27,3649252,3648916,1941,57036,SUCCESS,122362,0,warm20,288128,6780176,0,9795968,,,,,12058,14599,used,,,,20260911-1908
2026-09-11 19:33:32,HAUSP-UB[noEUCS],C8T1S5I8N5K,14,1,0.000200,0.000,0.008,14856850,14761,6,313,319,3,0,0,3695825,35647,3560891,12053,0.000000,0.224811,0.234281,5314,0,630.83,3659825,3659547,1893,57288,SUCCESS,120323,0,warm20,325248,6962912,0,10048000,,,,,12053,14611,used,,,,20260911-1908
2026-09-11 19:33:32,HAUSP-UB[noEUCS],C8T1S5I8N5K,15,1,0.000200,0.000,0.008,15236031,15142,6,330,337,3,0,0,3736811,36097,3599709,12025,0.000000,0.228268,0.237569,5751,0,632.93,3700861,3700468,2034,57648,SUCCESS,122343,0,warm20,337024,7143944,0,10321792,,,,,12025,14759,used,,,,20260911-1908
2026-09-11 19:33:32,HAUSP-UB[noEUCS],C8T1S5I8N5K,16,1,0.000200,0.000,0.008,15637254,15523,6,329,335,3,0,0,3653004,36330,3519310,12122,0.000000,0.224966,0.234524,5143,0,667.30,3616902,3616564,2012,57975,SUCCESS,118910,0,warm20,338944,7330432,0,10595072,,,,,12122,14784,used,,,,20260911-1908
2026-09-11 19:33:33,HAUSP-UB[noEUCS],C8T1S5I8N5K,17,1,0.000200,0.000,0.008,16001183,15904,6,322,329,3,0,0,3584674,36591,3452999,12142,0.000000,0.222118,0.231765,4765,0,669.00,3548634,3548316,2003,58297,SUCCESS,117019,0,warm20,334464,7502376,0,10865280,,,,,12142,14656,used,,,,20260911-1908
2026-09-11 19:33:33,HAUSP-UB[noEUCS],C8T1S5I8N5K,18,1,0.000200,0.000,0.008,16376279,16285,6,329,335,3,0,0,3554274,36998,3425114,12206,0.000000,0.219953,0.229830,5394,0,670.91,3518158,3517779,2060,58646,SUCCESS,114343,0,warm20,334336,7678848,0,11153024,,,,,12206,14817,used,,,,20260911-1908
2026-09-11 19:33:33,HAUSP-UB[noEUCS],C8T1S5I8N5K,19,1,0.000200,0.000,0.008,16736060,16666,6,332,338,3,0,0,3519467,37220,3392345,12254,0.000000,0.218374,0.228370,5316,0,672.43,3483294,3483013,1992,58906,SUCCESS,112375,0,warm20,352640,7852504,0,11413888,,,,,12254,14747,used,,,,20260911-1908
2026-09-11 19:33:34,HAUSP-UB[noEUCS],C8T1S5I8N5K,20,1,0.000200,0.000,0.008,17118756,17047,6,336,342,3,0,0,3509776,37451,3382498,12522,0.000000,0.220278,0.230268,5733,0,673.89,3473655,3473371,2016,59174,SUCCESS,112611,0,warm20,332928,8034672,0,11680000,,,,,12521,14666,used,,,,20260911-1908
2026-09-11 19:33:34,HAUSP-UB[noEUCS],C8T1S5I8N5K,21,1,0.000200,0.000,0.008,17469367,17428,6,341,347,3,0,0,3454869,37715,3328396,12413,0.000000,0.222887,0.232929,5511,0,675.83,3418615,3418318,2045,59428,SUCCESS,111678,0,warm20,358272,8202512,0,11938048,,,,,12413,14795,used,,,,20260911-1908
2026-09-11 19:33:34,HAUSP-UB[noEUCS],C8T1S5I8N5K,22,1,0.000200,0.000,0.008,17882077,17809,6,345,351,3,0,0,3460044,37908,3332727,12509,0.000000,0.228367,0.238388,5460,0,677.42,3423875,3423574,2092,59702,SUCCESS,112668,0,warm20,365952,8385152,0,12226688,,,,,12509,14649,used,,,,20260911-1908
2026-09-11 19:33:35,HAUSP-UB[noEUCS],C8T1S5I8N5K,23,1,0.000200,0.000,0.008,18263919,18190,6,345,351,3,0,0,3402420,38130,3275700,12394,0.000000,0.229087,0.239104,5224,0,679.00,3366031,3365910,1939,59827,SUCCESS,111903,0,warm20,403584,8557848,0,12460288,,,,,12394,14817,used,,,,20260911-1908
2026-09-11 19:33:35,HAUSP-UB[noEUCS],C8T1S5I8N5K,24,1,0.000200,0.000,0.008,18657262,18571,6,347,353,3,0,0,3373818,38368,3248386,12432,0.000000,0.227734,0.237792,4981,0,714.27,3337381,3337198,1997,60028,SUCCESS,110454,0,warm20,403840,8733584,0,12736128,,,,,12432,14978,used,,,,20260911-1908
2026-09-11 19:33:36,HAUSP-UB[noEUCS],C8T1S5I8N5K,25,1,0.000200,0.000,0.008,19053088,18952,6,349,355,3,0,0,3327525,38559,3201895,12496,0.000000,0.225591,0.235706,4603,0,715.73,3291034,3290843,1987,60238,SUCCESS,110608,0,warm20,385536,8910952,0,13007104,,,,,12496,15022,used,,,,20260911-1908
2026-09-11 19:33:36,HAUSP-UB[noEUCS],C8T1S5I8N5K,26,1,0.000200,0.000,0.008,19437911,19333,6,352,358,3,0,0,3256685,38748,3133247,12583,0.000000,0.223253,0.233469,4467,0,751.14,3220150,3219880,2047,60491,SUCCESS,108392,0,warm20,394112,9094976,0,13320704,,,,,12582,15045,used,,,,20260911-1908
2026-09-11 19:33:36,HAUSP-UB[noEUCS],C8T1S5I8N5K,27,1,0.000200,0.000,0.008,19822113,19714,6,352,359,3,0,0,3314915,39076,3191201,12549,0.000000,0.224955,0.235073,4548,0,753.20,3278379,3278077,2096,60769,SUCCESS,108593,0,warm20,412416,9274248,0,13613952,,,,,12549,15121,used,,,,20260911-1908
2026-09-11 19:33:37,HAUSP-UB[noEUCS],C8T1S5I8N5K,28,1,0.000200,0.000,0.008,20208654,20095,6,357,363,3,0,0,3243778,39402,3120720,12538,0.000000,0.224785,0.234919,4279,0,788.09,3207110,3206864,2064,61018,SUCCESS,107757,0,warm20,395648,9458160,0,13920256,,,,,12538,15301,used,,,,20260911-1908
2026-09-11 19:33:37,HAUSP-UB[noEUCS],C8T1S5I8N5K,29,1,0.000200,0.000,0.008,20585609,20476,6,352,358,3,0,0,3234399,39513,3112640,12587,0.000000,0.224005,0.234200,4122,0,789.60,3197632,3197453,1994,61192,SUCCESS,106496,0,warm20,393472,9636608,0,14199552,,,,,12586,15262,used,,,,20260911-1908
2026-09-11 19:33:37,HAUSP-UB[noEUCS],C8T1S5I8N5K,30,1,0.000200,0.000,0.008,20988516,20857,6,357,364,3,0,0,3198475,39644,3075810,12740,0.000000,0.221895,0.232057,3896,0,791.83,3161737,3161505,2052,61432,SUCCESS,107475,0,warm20,381184,9820600,0,14485632,,,,,12740,15190,used,,,,20260911-1908
2026-09-11 19:33:38,HAUSP-UB[noEUCS],C8T1S5I8N5K,31,1,0.000200,0.000,0.008,21379871,21238,6,362,368,3,0,0,3209268,39803,3087841,12701,0.000000,0.220593,0.230843,3722,0,793.66,3172582,3172396,1998,61610,SUCCESS,106369,0,warm20,425088,10003416,0,14787840,,,,,12700,15057,used,,,,20260911-1908
2026-09-11 19:33:38,HAUSP-UB[noEUCS],C8T1S5I8N5K,32,1,0.000200,0.000,0.008,21758395,21619,6,373,379,3,0,0,3260579,39943,3138701,12691,0.000000,0.218774,0.228937,3512,0,794.91,3223800,3223649,1971,61749,SUCCESS,106766,0,warm20,411264,10180208,0,15039104,,,,,12691,15112,used,,,,20260911-1908
2026-09-11 19:33:39,HAUSP-UB[noEUCS],C8T1S5I8N5K,33,1,0.000200,0.000,0.008,22151372,22000,6,382,389,3,0,0,3235624,40143,3115077,12563,0.000000,0.218520,0.228787,3756,0,796.86,3198723,3198533,2022,61916,SUCCESS,105252,0,warm20,283136,10365864,0,15339904,,,,,12563,15295,used,,,,20260911-1908
2026-09-11 19:33:39,HAUSP-UB[noEUCS],C8T1S5I8N5K,34,1,0.000200,0.000,0.008,22537156,22381,6,383,390,3,0,0,3203569,40324,3083502,12559,0.000000,0.219333,0.229724,3758,0,543.05,3166733,3166602,1986,62067,SUCCESS,104823,0,warm20,440320,10544520,0,15614592,,,,,12559,15244,used,,,,20260911-1908
2026-09-11 19:33:39,HAUSP-UB[noEUCS],C8T1S5I8N5K,35,1,0.000200,0.000,0.008,22909920,22762,6,392,398,3,0,0,3219613,40414,3099159,12660,0.000000,0.222019,0.232317,3731,0,543.05,3182786,3182621,2000,62225,SUCCESS,105280,0,warm20,313856,10721192,0,15883520,,,,,12660,15174,used,,,,20260911-1908
2026-09-11 19:33:40,HAUSP-UB[noEUCS],C8T1S5I8N5K,36,1,0.000200,0.000,0.008,23320068,23143,6,393,399,3,0,0,3180782,40715,3060605,12522,0.000000,0.220600,0.230807,3641,0,543.05,3143885,3143726,2001,62410,SUCCESS,104788,0,warm20,302848,10905520,0,16189568,,,,,12520,15387,used,,,,20260911-1908
2026-09-11 19:33:40,HAUSP-UB[noEUCS],C8T1S5I8N5K,37,1,0.000200,0.000,0.008,23698370,23524,6,392,399,3,0,0,3160315,40903,3041404,12491,0.000000,0.219310,0.229596,3515,0,543.05,3123362,3123183,1995,62569,SUCCESS,103461,0,warm20,311808,11082248,0,16484480,,,,,12487,15446,used,,,,20260911-1908
2026-09-11 19:33:41,HAUSP-UB[noEUCS],C8T1S5I8N5K,38,1,0.000200,0.000,0.008,24100790,23905,6,400,406,3,0,0,3154813,41080,3036941,12535,0.000000,0.217467,0.227800,3291,0,577.99,3117779,3117523,2092,62797,SUCCESS,102326,0,warm20,482048,11268248,0,16805120,,,,,12534,15545,used,,,,20260911-1908
2026-09-11 19:33:41,HAUSP-UB[noEUCS],C8T1S5I8N5K,39,1,0.000200,0.000,0.008,24494244,24286,6,400,406,3,0,0,3129912,41284,3013295,12520,0.000000,0.214483,0.224958,3104,0,615.38,3092720,3092546,2038,62974,SUCCESS,100937,0,warm20,468736,11458160,0,17115648,,,,,12519,15679,used,,,,20260911-1908
2026-09-11 19:33:41,HAUSP-UB[noEUCS],C8T1S5I8N5K,40,1,0.000200,0.000,0.008,24862589,24667,6,396,402,3,0,0,3140346,41495,3023989,12514,0.000000,0.214408,0.224859,2983,0,621.43,3103195,3102981,2075,63177,SUCCESS,100684,0,warm20,304768,11634336,0,17433216,,,,,12513,15672,used,,,,20260911-1908
2026-09-11 19:33:42,HAUSP-UB[noEUCS],C8T1S5I8N5K,41,1,0.000200,0.000,0.008,25264734,25048,6,402,409,3,0,0,3131159,41648,3014910,12545,0.000000,0.214067,0.224497,2906,0,621.43,3093967,3093809,2030,63275,SUCCESS,100584,0,warm20,400128,11818840,0,17648768,,,,,12543,15663,used,,,,20260911-1908
2026-09-11 19:33:42,HAUSP-UB[noEUCS],C8T1S5I8N5K,42,1,0.000200,0.000,0.008,25654120,25429,6,406,413,3,0,0,3145122,41796,3028987,12548,0.000000,0.213467,0.223934,2835,0,621.43,3108011,3107852,2091,63431,SUCCESS,100499,0,warm20,429696,12004304,0,17956352,,,,,12544,15632,used,,,,20260911-1908
2026-09-11 19:33:43,HAUSP-UB[noEUCS],C8T1S5I8N5K,43,1,0.000200,0.000,0.008,26046150,25810,6,420,427,3,0,0,3189390,41872,3073101,12582,0.000000,0.212566,0.223110,2897,0,627.47,3152286,3152105,2116,63605,SUCCESS,100742,0,warm20,630016,12185704,0,18269184,,,,,12580,15545,used,,,,20260911-1908
2026-09-11 19:33:43,HAUSP-UB[noEUCS],C8T1S5I8N5K,44,1,0.000200,0.000,0.008,26432947,26191,6,427,434,3,0,0,3207492,42011,3090666,12643,0.000000,0.213256,0.223705,2697,0,627.47,3170376,3170197,2121,63728,SUCCESS,101303,0,warm20,500992,12366504,0,18550272,,,,,12642,15522,used,,,,20260911-1908
2026-09-11 19:33:43,HAUSP-UB[noEUCS],C8T1S5I8N5K,45,1,0.000200,0.000,0.008,26847057,26572,6,436,442,3,0,0,3217238,42143,3100434,12645,0.000000,0.212103,0.222663,2736,0,627.47,3180120,3179962,2156,63890,SUCCESS,101271,0,warm20,530560,12559136,0,18834304,,,,,12645,15533,used,,,,20260911-1908
2026-09-11 19:33:44,HAUSP-UB[noEUCS],C8T1S5I8N5K,46,1,0.000200,0.000,0.008,27199889,26953,6,443,449,3,0,0,3248264,42374,3130912,12509,0.000000,0.212747,0.223209,2876,0,627.47,3211138,3210966,2166,64016,SUCCESS,101741,0,warm20,579200,12727040,0,19084928,,,,,12508,15610,used,,,,20260911-1908
2026-09-11 19:33:44,HAUSP-UB[noEUCS],C8T1S5I8N5K,47,1,0.000200,0.000,0.008,27579163,27334,6,454,460,3,0,0,3235063,42552,3117991,12422,0.000000,0.212044,0.222432,2901,0,631.38,3197912,3197819,2133,64116,SUCCESS,101384,0,warm20,675200,12903296,0,19304960,,,,,12421,15687,used,,,,20260911-1908
2026-09-11 19:33:45,HAUSP-UB[noEUCS],C8T1S5I8N5K,48,1,0.000200,0.000,0.008,27972766,27715,6,461,467,3,0,0,3251196,42713,3133537,12422,0.000000,0.212883,0.223201,2982,0,631.38,3214122,3214025,2130,64227,SUCCESS,101987,0,warm20,671232,13086704,0,19561728,,,,,12421,15671,used,,,,20260911-1908
2026-09-11 19:33:45,HAUSP-UB[noEUCS],C8T1S5I8N5K,49,1,0.000200,0.000,0.008,28365723,28096,6,469,475,3,0,0,3295566,42855,3178308,12289,0.000000,0.213413,0.223660,3165,0,637.43,3258512,3258395,2136,64339,SUCCESS,101576,0,warm20,669056,13267080,0,19825280,,,,,12289,15682,used,,,,20260911-1908
2026-09-11 19:33:46,HAUSP-UB[noEUCS],C8T1S5I8N5K,50,1,0.000200,0.000,0.008,28747973,28477,6,470,476,3,0,0,3269457,42932,3152721,12298,0.000000,0.212932,0.223195,3190,0,637.43,3232516,3232374,2166,64450,SUCCESS,101201,0,warm20,683264,13443056,0,20066304,,,,,12297,15534,used,,,,20260911-1908
2026-09-11 19:33:46,HAUSP-UB[noEUCS],C8T1S5I8N5K,51,1,0.000200,0.000,0.008,29148674,28858,6,478,484,3,0,0,3276097,43118,3159602,12243,0.000000,0.213432,0.223667,3606,0,637.43,3239165,3239047,2173,64555,SUCCESS,100894,0,warm20,736384,13626880,0,20320000,,,,,12242,15600,used,,,,20260911-1908
2026-09-11 19:33:47,HAUSP-UB[noEUCS],C8T1S5I8N5K,52,1,0.000200,0.000,0.008,29538239,29239,6,476,483,3,0,0,3217502,43208,3101756,12292,0.000000,0.213133,0.223470,3511,0,637.43,3180516,3180391,2193,64675,SUCCESS,100107,0,warm20,746368,13810048,0,20578432,,,,,12292,15639,used,,,,20260911-1908
2026-09-11 19:33:47,HAUSP-UB[noEUCS],C8T1S5I8N5K,53,1,0.000200,0.000,0.008,29906147,29620,6,481,487,3,0,0,3205179,43291,3089338,12296,0.000000,0.212974,0.223325,3391,0,643.65,3168187,3168088,2172,64767,SUCCESS,100233,0,warm20,789760,13984888,0,20815744,,,,,12296,15608,used,,,,20260911-1908
2026-09-11 19:33:48,HAUSP-UB[noEUCS],C8T1S5I8N5K,54,1,0.000200,0.000,0.008,30291495,30001,6,479,485,3,0,0,3165000,43343,3049827,12365,0.000000,0.212301,0.222748,3264,0,643.65,3127901,3127821,2160,64847,SUCCESS,99498,0,warm20,822784,14163112,0,21028992,,,,,12365,15675,used,,,,20260911-1908
2026-09-11 19:33:48,HAUSP-UB[noEUCS],C8T1S5I8N5K,55,1,0.000200,0.000,0.008,30683235,30382,6,487,493,3,0,0,3162725,43457,3048061,12312,0.000000,0.211595,0.222085,3174,0,643.65,3125627,3125535,2172,64932,SUCCESS,98955,0,warm20,825728,14345792,0,21280640,,,,,12311,15708,used,,,,20260911-1908
2026-09-11 19:33:49,HAUSP-UB[noEUCS],C8T1S5I8N5K,56,1,0.000200,0.000,0.008,31050500,30763,6,485,491,3,0,0,3149171,43445,3035338,12393,0.000000,0.211427,0.222059,3135,0,643.65,3112137,3112090,2134,64986,SUCCESS,98283,0,warm20,876032,14522416,0,21491584,,,,,12390,15547,used,,,,20260911-1908
2026-09-11 19:33:49,HAUSP-UB[noEUCS],C8T1S5I8N5K,57,1,0.000200,0.000,0.008,31397327,31144,6,485,491,3,0,0,3112336,43545,2999377,12410,0.000000,0.211145,0.221871,3034,0,647.38,3075314,3075225,2169,65101,SUCCESS,97375,0,warm20,812032,14690744,0,21776000,,,,,12407,15581,used,,,,20260911-1908
2026-09-11 19:33:50,HAUSP-UB[noEUCS],C8T1S5I8N5K,58,1,0.000200,0.000,0.008,31771532,31525,6,482,488,3,0,0,3070626,43605,2958413,12443,0.000000,0.211496,0.222327,3040,0,653.43,3033561,3033424,2191,65215,SUCCESS,96641,0,warm20,1025280,14869360,0,22065408,,,,,12440,15569,used,,,,20260911-1908
2026-09-11 19:33:50,HAUSP-UB[noEUCS],C8T1S5I8N5K,59,1,0.000200,0.000,0.008,32144335,31906,6,484,490,3,0,0,3079660,43782,2967321,12411,0.000000,0.211165,0.221901,2918,0,653.43,3042636,3042503,2210,65347,SUCCESS,96748,0,warm20,838656,15042672,0,22418560,,,,,12411,15591,used,,,,20260911-1908
2026-09-11 19:33:51,HAUSP-UB[noEUCS],C8T1S5I8N5K,60,1,0.000200,0.000,0.008,32548859,32287,6,493,500,3,0,0,3106366,43917,2993290,12379,0.000000,0.211540,0.222233,3066,0,653.43,3069324,3069182,2220,65446,SUCCESS,97464,0,warm20,925824,15228392,0,22734336,,,,,12379,15612,used,,,,20260911-1908
2026-09-11 19:33:51,HAUSP-UB[noEUCS],C8T1S5I8N5K,61,1,0.000200,0.000,0.008,32946105,32668,6,498,505,3,0,0,3083896,44023,2970087,12399,0.000000,0.212110,0.222752,3028,0,659.47,3046833,3046736,2218,65531,SUCCESS,98168,0,warm20,1262464,15410552,0,23026304,,,,,12398,15640,used,,,,20260911-1908
2026-09-11 19:33:52,HAUSP-UB[noEUCS],C8T1S5I8N5K,62,1,0.000200,0.000,0.008,33335321,33049,6,496,503,3,0,0,3067050,44197,2953564,12381,0.000000,0.212629,0.223201,2938,0,659.47,3030021,3029883,2271,65674,SUCCESS,97791,0,warm20,1001344,15588880,0,23430528,,,,,12381,15695,used,,,,20260911-1908
2026-09-11 19:33:52,HAUSP-UB[noEUCS],C8T1S5I8N5K,63,1,0.000200,0.000,0.008,33722190,33430,6,505,512,3,0,0,3076035,44261,2962670,12419,0.000000,0.213888,0.224489,2955,0,659.47,3038886,3038743,2271,65779,SUCCESS,97628,0,warm20,1085696,15770696,0,23750784,,,,,12418,15736,used,,,,20260911-1908
2026-09-11 19:33:53,HAUSP-UB[noEUCS],C8T1S5I8N5K,64,1,0.000200,0.000,0.008,34102757,33811,6,508,514,3,0,0,3045452,44338,2932790,12457,0.000000,0.213898,0.224623,2871,0,659.47,3008360,3008238,2288,65908,SUCCESS,97009,0,warm20,1129344,15945592,0,24113792,,,,,12455,15651,used,,,,20260911-1908
2026-09-11 19:33:53,HAUSP-UB[noEUCS],C8T1S5I8N5K,65,1,0.000200,0.000,0.008,34480042,34192,6,509,516,3,0,0,3020261,44403,2907701,12536,0.000000,0.213480,0.224156,2789,0,663.38,2983168,2983057,2270,66026,SUCCESS,96971,0,warm20,1153536,16120688,0,24486528,,,,,12535,15588,used,,,,20260911-1908
2026-09-11 19:33:54,HAUSP-UB[noEUCS],C8T1S5I8N5K,66,1,0.000200,0.000,0.008,34856177,34573,6,515,522,3,0,0,2984712,44545,2872828,12479,0.000000,0.213336,0.224117,2698,0,669.56,2947532,2947398,2286,66152,SUCCESS,96184,0,warm20,1145344,16294448,0,24858240,,,,,12478,15699,used,,,,20260911-1908
2026-09-11 19:33:54,HAUSP-UB[noEUCS],C8T1S5I8N5K,67,1,0.000200,0.000,0.008,35248911,34954,6,514,521,3,0,0,2987301,44587,2876195,12547,0.000000,0.212368,0.223206,2620,0,669.56,2950171,2950054,2277,66264,SUCCESS,95541,0,warm20,1197568,16481344,0,25242880,,,,,12547,15565,used,,,,20260911-1908
2026-09-11 19:33:55,HAUSP-UB[noEUCS],C8T1S5I8N5K,68,1,0.000200,0.000,0.008,35625465,35335,6,517,523,3,0,0,2960247,44764,2849497,12463,0.000000,0.212246,0.223025,2554,0,669.56,2923156,2923049,2272,66366,SUCCESS,95159,0,warm20,1239552,16657608,0,25582848,,,,,12463,15591,used,,,,20260911-1908
2026-09-11 19:33:55,HAUSP-UB[noEUCS],C8T1S5I8N5K,69,1,0.000200,0.000,0.008,36012354,35716,6,517,524,3,0,0,2931204,44781,2821608,12518,0.000000,0.211519,0.222519,2554,0,675.74,2894069,2893978,2261,66424,SUCCESS,94046,0,warm20,1348224,16835688,0,25851776,,,,,12518,15550,used,,,,20260911-1908
2026-09-11 19:33:56,HAUSP-UB[noEUCS],C8T1S5I8N5K,70,1,0.000200,0.000,0.008,36402179,36097,6,520,527,3,0,0,2988010,44877,2878502,12511,0.000000,0.211474,0.222410,2518,0,675.74,2950892,2950789,2306,66504,SUCCESS,93936,0,warm20,1396480,17022200,0,26119040,,,,,12510,15571,used,,,,20260911-1908
2026-09-11 19:33:56,HAUSP-UB[noEUCS],C8T1S5I8N5K,71,1,0.000200,0.000,0.008,36796212,36478,6,524,531,3,0,0,2968682,44971,2859422,12535,0.000000,0.212026,0.222974,2562,0,675.74,2931558,2931476,2308,66586,SUCCESS,93668,0,warm20,1449984,17202968,0,26446976,,,,,12534,15591,used,,,,20260911-1908
2026-09-11 19:33:57,HAUSP-UB[noEUCS],C8T1S5I8N5K,72,1,0.000200,0.000,0.008,37177330,36859,6,520,526,3,0,0,2975203,45091,2866299,12476,0.000000,0.211687,0.222630,2519,0,679.38,2938060,2937964,2322,66669,SUCCESS,93247,0,warm20,1454848,17383608,0,26765952,,,,,12467,15648,used,,,,20260911-1908
2026-09-11 19:33:58,HAUSP-UB[noEUCS],C8T1S5I8N5K,73,1,0.000200,0.000,0.008,37549228,37240,6,534,540,3,0,0,3000004,45147,2891029,12487,0.000000,0.211191,0.222119,2480,0,679.38,2962859,2962809,2289,66711,SUCCESS,93345,0,warm20,1571840,17558472,0,26993536,,,,,12480,15623,used,,,,20260911-1908
2026-09-11 19:33:58,HAUSP-UB[noEUCS],C8T1S5I8N5K,74,1,0.000200,0.000,0.008,37929817,37621,6,529,536,3,0,0,2974123,45144,2865133,12530,0.000000,0.210855,0.221896,2451,0,685.43,2937055,2936972,2330,66770,SUCCESS,93489,0,warm20,1579136,17738584,0,27284736,,,,,12530,15501,used,,,,20260911-1908
2026-09-11 19:33:59,HAUSP-UB[noEUCS],C8T1S5I8N5K,75,1,0.000200,0.000,0.008,38317022,38002,6,542,549,3,0,0,3000233,45217,2890856,12553,0.000000,0.211156,0.222124,2489,0,685.43,2963155,2963065,2361,66853,SUCCESS,93850,0,warm20,1589632,17918928,0,27603584,,,,,12551,15525,used,,,,20260911-1908
2026-09-11 19:33:59,HAUSP-UB[noEUCS],C8T1S5I8N5K,76,1,0.000200,0.000,0.008,38681308,38383,6,544,551,3,0,0,3017024,45268,2907893,12527,0.000000,0.210600,0.221573,2455,0,685.43,2979927,2979886,2319,66900,SUCCESS,93615,0,warm20,1683200,18092920,0,27845888,,,,,12523,15512,used,,,,20260911-1908
2026-09-11 19:34:00,HAUSP-UB[noEUCS],C8T1S5I8N5K,77,1,0.000200,0.000,0.008,39054424,38764,6,542,549,3,0,0,2992386,45493,2883372,12390,0.000000,0.210584,0.221565,2481,0,691.61,2955313,2955241,2344,67000,SUCCESS,93343,0,warm20,1576576,18267208,0,28227200,,,,,12385,15666,used,,,,20260911-1908
2026-09-11 19:34:00,HAUSP-UB[noEUCS],C8T1S5I8N5K,78,1,0.000200,0.000,0.008,39411343,39145,6,554,561,3,0,0,2997085,45462,2888086,12522,0.000000,0.211543,0.222635,2527,0,691.61,2959907,2959866,2285,67045,SUCCESS,93356,0,warm20,1638016,18437224,0,28466176,,,,,12519,15640,used,,,,20260911-1908
2026-09-11 19:34:01,HAUSP-UB[noEUCS],C8T1S5I8N5K,79,1,0.000200,0.000,0.008,39780981,39526,6,563,569,3,0,0,3019115,45485,2909417,12514,0.000000,0.211343,0.222289,2581,0,691.61,2981960,2981912,2288,67071,SUCCESS,94101,0,warm20,1681664,18611288,0,28641152,,,,,12512,15595,used,,,,20260911-1908
2026-09-11 19:34:01,HAUSP-UB[noEUCS],C8T1S5I8N5K,80,1,0.000200,0.000,0.008,40169171,39907,6,573,579,3,0,0,3023846,45554,2914282,12516,0.000000,0.211643,0.222577,2552,0,691.61,2986695,2986648,2309,67109,SUCCESS,93929,0,warm20,1708928,18788752,0,28837888,,,,,12515,15634,used,,,,20260911-1908
2026-09-11 19:34:02,HAUSP-UB[noEUCS],C8T1S5I8N5K,81,1,0.000200,0.000,0.008,40555772,40288,6,570,577,3,0,0,3000226,45671,2890553,12470,0.000000,0.211267,0.222214,2574,0,695.38,2963159,2963034,2396,67220,SUCCESS,94043,0,warm20,1591552,18972952,0,29209728,,,,,12469,15629,used,,,,20260911-1908
2026-09-11 19:34:03,HAUSP-UB[noEUCS],C8T1S5I8N5K,82,1,0.000200,0.000,0.008,40937437,40669,6,578,584,3,0,0,2989773,45670,2880510,12492,0.000000,0.211200,0.222190,2542,0,695.38,2952587,2952555,2317,67255,SUCCESS,93627,0,warm20,1784576,19144488,0,29395584,,,,,12492,15636,used,,,,20260911-1908
2026-09-11 19:34:03,HAUSP-UB[noEUCS],C8T1S5I8N5K,83,1,0.000200,0.000,0.008,41314466,41050,6,579,586,3,0,0,2982716,45751,2873278,12474,0.000000,0.211025,0.222031,2516,0,701.55,2945527,2945440,2369,67320,SUCCESS,93753,0,warm20,1726208,19324552,0,29699328,,,,,12474,15685,used,,,,20260911-1908
2026-09-11 19:34:04,HAUSP-UB[noEUCS],C8T1S5I8N5K,84,1,0.000200,0.000,0.008,41724684,41431,6,580,587,3,0,0,2969560,45802,2860547,12472,0.000000,0.210757,0.221740,2489,0,701.55,2932417,2932331,2390,67395,SUCCESS,93388,0,warm20,1763840,19514248,0,29990272,,,,,12472,15625,used,,,,20260911-1908
2026-09-11 19:34:04,HAUSP-UB[noEUCS],C8T1S5I8N5K,85,1,0.000200,0.000,0.008,42093147,41812,6,589,596,3,0,0,2999620,45860,2890292,12469,0.000000,0.210801,0.221765,2440,0,701.55,2962326,2962295,2346,67434,SUCCESS,93569,0,warm20,1867776,19689608,0,30207360,,,,,12469,15759,used,,,,20260911-1908
2026-09-11 19:34:05,HAUSP-UB[noEUCS],C8T1S5I8N5K,86,1,0.000200,0.000,0.008,42494057,42193,6,594,600,3,0,0,3005483,45889,2895855,12525,0.000000,0.210856,0.221841,2493,0,707.59,2968139,2968024,2422,67521,SUCCESS,93827,0,warm20,1768064,19872936,0,30521728,,,,,12523,15799,used,,,,20260911-1908
2026-09-11 19:34:06,HAUSP-UB[noEUCS],C8T1S5I8N5K,87,1,0.000200,0.000,0.008,42876090,42574,6,598,604,3,0,0,2994743,45944,2885787,12530,0.000000,0.210168,0.221243,2433,0,707.59,2957469,2957392,2412,67597,SUCCESS,93258,0,warm20,1863936,20052296,0,30824960,,,,,12529,15697,used,,,,20260911-1908
2026-09-11 19:34:06,HAUSP-UB[noEUCS],C8T1S5I8N5K,88,1,0.000200,0.000,0.008,43249167,42955,6,599,605,3,0,0,2985938,45970,2877079,12600,0.000000,0.210380,0.221475,2454,0,707.59,2948715,2948627,2424,67682,SUCCESS,93263,0,warm20,1855232,20227840,0,31151744,,,,,12600,15596,used,,,,20260911-1908
2026-09-11 19:34:07,HAUSP-UB[noEUCS],C8T1S5I8N5K,89,1,0.000200,0.000,0.008,43639417,43336,6,604,611,3,0,0,2983326,45961,2874934,12637,0.000000,0.209871,0.221014,2455,0,711.38,2946109,2946057,2391,67702,SUCCESS,92895,0,warm20,2005888,20409200,0,31353728,,,,,12636,15496,used,,,,20260911-1908
2026-09-11 19:34:07,HAUSP-UB[noEUCS],C8T1S5I8N5K,90,1,0.000200,0.000,0.008,44032208,43717,6,603,609,3,0,0,2969383,46068,2861199,12584,0.000000,0.210232,0.221352,2451,0,711.38,2932215,2932148,2438,67767,SUCCESS,92649,0,warm20,1986944,20593424,0,31652736,,,,,12583,15534,used,,,,20260911-1908
2026-09-11 19:34:08,HAUSP-UB[noEUCS],C8T1S5I8N5K,91,1,0.000200,0.000,0.008,44399967,44098,6,612,618,3,0,0,2968667,46110,2860460,12598,0.000000,0.210198,0.221256,2431,0,717.61,2931564,2931541,2396,67788,SUCCESS,92760,0,warm20,2093824,20767320,0,31852800,,,,,12597,15446,used,,,,20260911-1908
2026-09-11 19:34:09,HAUSP-UB[noEUCS],C8T1S5I8N5K,92,1,0.000200,0.000,0.008,44779784,44479,6,612,618,3,0,0,2978948,46189,2871364,12544,0.000000,0.209645,0.220793,2415,0,717.61,2941790,2941741,2424,67819,SUCCESS,92025,0,warm20,2082560,20943960,0,32042880,,,,,12544,15559,used,,,,20260911-1908
2026-09-11 19:34:09,HAUSP-UB[noEUCS],C8T1S5I8N5K,93,1,0.000200,0.000,0.008,45163101,44860,6,619,626,3,0,0,2984915,46282,2877885,12546,0.000000,0.208900,0.220095,2417,0,717.61,2947870,2947769,2494,67932,SUCCESS,91522,0,warm20,1962752,21125472,0,32403584,,,,,12546,15508,used,,,,20260911-1908
2026-09-11 19:34:10,HAUSP-UB[noEUCS],C8T1S5I8N5K,94,1,0.000200,0.000,0.008,45537311,45241,6,621,627,3,0,0,2970732,46450,2863814,12490,0.000000,0.209324,0.220521,2509,0,723.65,2933701,2933607,2475,68026,SUCCESS,91369,0,warm20,2169472,21298872,0,32715904,,,,,12490,15549,used,,,,20260911-1908
2026-09-11 19:34:11,HAUSP-UB[noEUCS],C8T1S5I8N5K,95,1,0.000200,0.000,0.008,45914685,45622,6,627,633,3,0,0,2953804,46519,2847561,12452,0.000000,0.209073,0.220344,2472,0,723.65,2916694,2916677,2398,68068,SUCCESS,90640,0,warm20,2100096,21474952,0,32936192,,,,,12452,15603,used,,,,20260911-1908
2026-09-11 19:34:11,HAUSP-UB[noEUCS],C8T1S5I8N5K,96,1,0.000200,0.000,0.008,46297846,46003,6,635,642,3,0,0,2992114,46605,2884645,12436,0.000000,0.209667,0.220797,2565,0,723.65,2954864,2954793,2427,68126,SUCCESS,91681,0,warm20,2016896,21655168,0,33221632,,,,,12435,15787,used,,,,20260911-1908
2026-09-11 19:34:12,HAUSP-UB[noEUCS],C8T1S5I8N5K,97,1,0.000200,0.000,0.008,46661169,46384,6,655,661,3,0,0,3017834,46710,2910373,12382,0.000000,0.209211,0.220245,2642,0,725.29,2980601,2980556,2414,68169,SUCCESS,91643,0,warm20,2083200,21831016,0,33478400,,,,,12381,15817,used,,,,20260911-1908
2026-09-11 19:34:12,HAUSP-UB[noEUCS],C8T1S5I8N5K,98,1,0.000200,0.000,0.008,47042336,46765,6,652,659,3,0,0,3016952,46670,2909814,12464,0.000000,0.209268,0.220384,2654,0,727.38,2979695,2979623,2443,68191,SUCCESS,91379,0,warm20,2133760,22011424,0,33656832,,,,,12463,15758,used,,,,20260911-1908
2026-09-11 19:34:13,HAUSP-UB[noEUCS],C8T1S5I8N5K,99,1,0.000200,0.000,0.008,47416411,47133,6,668,674,3,0,0,3020056,46615,2913251,12578,0.000000,0.208598,0.219840,2623,0,734.03,2982806,2982747,2480,68240,SUCCESS,91130,0,warm20,2189696,22186560,0,33899264,,,,,12577,15674,used,,,,20260911-1908
2026-09-11 19:34:14,HAUSP-UB[noEUCS],C8T1S5I8N5K,0,2,0.000200,0.000,0.200,9488535,9427,33,246,279,6,0,0,4135735,29541,3966954,11833,0.000000,0.242125,0.250202,6075,0,477.92,4151415,4099103,52312,51042,SUCCESS,154920,0,warm20,200576,4438664,0,7045632,,,,,11833,13861,used,,,,20260911-1908
2026-09-11 19:34:14,HAUSP-UB[noEUCS],C8T1S5I8N5K,1,2,0.000200,0.000,0.008,9860531,9808,6,256,262,3,0,0,4238409,30066,4068514,12000,0.000000,0.237696,0.245698,5885,0,511.82,4203515,4202719,2066,51737,SUCCESS,155976,0,warm20,224384,4617128,0,7250816,,,,,11999,13918,used,,,,20260911-1908
2026-09-11 19:34:14,HAUSP-UB[noEUCS],C8T1S5I8N5K,2,2,0.000200,0.000,0.008,10237847,10189,5,246,251,3,0,0,4029071,30542,3865780,12194,0.000000,0.234296,0.242583,6216,0,513.12,3994038,3993454,1955,52280,SUCCESS,149453,0,warm20,215936,4791456,0,7437056,,,,,12194,13838,used,,,,20260911-1908
2026-09-11 19:34:15,HAUSP-UB[noEUCS],C8T1S5I8N5K,3,2,0.000200,0.000,0.008,10612071,10570,6,249,255,3,0,0,3863098,31048,3709561,12185,0.000000,0.228170,0.236997,5710,0,547.45,3827850,3827242,2020,52849,SUCCESS,139521,0,warm20,242560,4970664,0,7630336,,,,,12185,14016,used,,,,20260911-1908
2026-09-11 19:34:15,HAUSP-UB[noEUCS],C8T1S5I8N5K,4,2,0.000200,0.000,0.008,10998812,10951,6,246,252,3,0,0,3690408,31726,3543781,12109,0.000000,0.226342,0.235631,6197,0,581.54,3655021,3654406,2066,53454,SUCCESS,132363,0,warm20,233216,5152944,0,7843200,,,,,12109,14264,used,,,,20260911-1908
2026-09-11 19:34:15,HAUSP-UB[noEUCS],C8T1S5I8N5K,5,2,0.000200,0.000,0.008,11372679,11332,6,264,270,3,0,0,4031320,32155,3878587,12156,0.000000,0.226990,0.235812,7077,0,583.06,3995825,3995408,1878,53903,SUCCESS,138537,0,warm20,227328,5331472,0,8037760,,,,,12156,14196,used,,,,20260911-1908
2026-09-11 19:34:15,HAUSP-UB[noEUCS],C8T1S5I8N5K,6,2,0.000200,0.000,0.008,11751454,11713,5,267,273,3,0,0,3930089,32735,3778128,12153,0.000000,0.230918,0.239665,7171,0,584.74,3894740,3894207,1962,54412,SUCCESS,137779,0,warm20,234752,5510936,0,8258560,,,,,12152,14181,used,,,,20260911-1908
2026-09-11 19:34:16,HAUSP-UB[noEUCS],C8T1S5I8N5K,7,2,0.000200,0.000,0.008,12140855,12094,5,281,287,3,0,0,3868169,33178,3719918,12064,0.000000,0.228017,0.236853,7532,0,586.23,3832650,3832255,1848,54782,SUCCESS,133964,0,warm20,243840,5695640,0,8442240,,,,,12062,14285,used,,,,20260911-1908
2026-09-11 19:34:16,HAUSP-UB[noEUCS],C8T1S5I8N5K,8,2,0.000200,0.000,0.008,12513750,12475,6,295,301,3,0,0,4066264,33476,3918994,12090,0.000000,0.227410,0.236284,7536,0,587.37,4030685,4030253,1910,55144,SUCCESS,132994,0,warm20,236032,5871568,0,8609536,,,,,12087,14273,used,,,,20260911-1908
2026-09-11 19:34:16,HAUSP-UB[noEUCS],C8T1S5I8N5K,9,2,0.000200,0.000,0.008,12914821,12856,6,297,303,3,0,0,3981933,33876,3836791,12273,0.000000,0.226828,0.235741,6698,0,589.16,3946333,3945886,1995,55607,SUCCESS,130810,0,warm20,251008,6057256,0,8819968,,,,,12273,14332,used,,,,20260911-1908
2026-09-11 19:34:17,HAUSP-UB[noEUCS],C8T1S5I8N5K,10,2,0.000200,0.000,0.008,13305508,13237,6,292,299,3,0,0,3809438,34219,3667540,12117,0.000000,0.229812,0.238973,6517,0,590.60,3773698,3773313,1917,55958,SUCCESS,127546,0,warm20,287488,6243312,0,9014784,,,,,12117,14352,used,,,,20260911-1908
2026-09-11 19:34:17,HAUSP-UB[noEUCS],C8T1S5I8N5K,11,2,0.000200,0.000,0.008,13706693,13618,6,291,297,3,0,0,3706465,34549,3568713,12052,0.000000,0.227637,0.237020,6096,0,625.31,3670584,3670227,1923,56307,SUCCESS,123280,0,warm20,328064,6431616,0,9272192,,,,,12052,14472,used,,,,20260911-1908
2026-09-11 19:34:17,HAUSP-UB[noEUCS],C8T1S5I8N5K,12,2,0.000200,0.000,0.008,14085848,13999,6,295,301,3,0,0,3679038,35042,3541176,11982,0.000000,0.228250,0.237569,5787,0,626.90,3643224,3642790,2008,56710,SUCCESS,123312,0,warm20,294912,6610496,0,9532416,,,,,11981,14549,used,,,,20260911-1908
2026-09-11 19:34:18,HAUSP-UB[noEUCS],C8T1S5I8N5K,13,2,0.000200,0.000,0.008,14448564,14380,6,300,307,3,0,0,3685169,35392,3548208,12058,0.000000,0.227435,0.236863,5569,0,628.39,3649252,3648916,1941,57036,SUCCESS,122362,0,warm20,288128,6780176,0,9795968,,,,,12058,14599,used,,,,20260911-1908
2026-09-11 19:34:18,HAUSP-UB[noEUCS],C8T1S5I8N5K,14,2,0.000200,0.000,0.008,14856850,14761,6,309,316,3,0,0,3695825,35647,3560891,12053,0.000000,0.224811,0.234281,5314,0,629.92,3659825,3659547,1893,57288,SUCCESS,120323,0,warm20,325248,6962912,0,10048000,,,,,12053,14611,used,,,,20260911-1908
2026-09-11 19:34:18,HAUSP-UB[noEUCS],C8T1S5I8N5K,15,2,0.000200,0.000,0.008,15236031,15142,6,323,329,3,0,0,3736811,36097,3599709,12025,0.000000,0.228268,0.237569,5751,0,632.08,3700861,3700468,2034,57648,SUCCESS,122343,0,warm20,338944,7143944,0,10321792,,,,,12025,14759,used,,,,20260911-1908
2026-09-11 19:34:19,HAUSP-UB[noEUCS],C8T1S5I8N5K,16,2,0.000200,0.000,0.008,15637254,15523,6,328,334,3,0,0,3653004,36330,3519310,12122,0.000000,0.224966,0.234524,5143,0,666.44,3616902,3616564,2012,57975,SUCCESS,118910,0,warm20,338944,7330432,0,10595072,,,,,12122,14784,used,,,,20260911-1908
2026-09-11 19:34:19,HAUSP-UB[noEUCS],C8T1S5I8N5K,17,2,0.000200,0.000,0.008,16001183,15904,6,323,329,3,0,0,3584674,36591,3452999,12142,0.000000,0.222118,0.231765,4765,0,668.27,3548634,3548316,2003,58297,SUCCESS,117019,0,warm20,345984,7502376,0,10865280,,,,,12142,14656,used,,,,20260911-1908
2026-09-11 19:34:19,HAUSP-UB[noEUCS],C8T1S5I8N5K,18,2,0.000200,0.000,0.008,16376279,16285,6,330,336,3,0,0,3554274,36998,3425114,12206,0.000000,0.219953,0.229830,5394,0,669.94,3518158,3517779,2060,58646,SUCCESS,114343,0,warm20,334336,7678848,0,11153024,,,,,12206,14817,used,,,,20260911-1908
2026-09-11 19:34:20,HAUSP-UB[noEUCS],C8T1S5I8N5K,19,2,0.000200,0.000,0.008,16736060,16666,6,333,339,3,0,0,3519467,37220,3392345,12254,0.000000,0.218374,0.228370,5316,0,671.45,3483294,3483013,1992,58906,SUCCESS,112375,0,warm20,352640,7852504,0,11413888,,,,,12254,14747,used,,,,20260911-1908
2026-09-11 19:34:20,HAUSP-UB[noEUCS],C8T1S5I8N5K,20,2,0.000200,0.000,0.008,17118756,17047,6,336,342,3,0,0,3509776,37451,3382498,12522,0.000000,0.220278,0.230268,5733,0,673.26,3473655,3473371,2016,59174,SUCCESS,112611,0,warm20,362112,8034672,0,11680000,,,,,12521,14666,used,,,,20260911-1908
2026-09-11 19:34:20,HAUSP-UB[noEUCS],C8T1S5I8N5K,21,2,0.000200,0.000,0.008,17469367,17428,6,336,342,3,0,0,3454869,37715,3328396,12413,0.000000,0.222887,0.232929,5511,0,674.94,3418615,3418318,2045,59428,SUCCESS,111678,0,warm20,358272,8202512,0,11938048,,,,,12413,14795,used,,,,20260911-1908
2026-09-11 19:34:21,HAUSP-UB[noEUCS],C8T1S5I8N5K,22,2,0.000200,0.000,0.008,17882077,17809,6,343,350,3,0,0,3460044,37908,3332727,12509,0.000000,0.228367,0.238388,5460,0,676.75,3423875,3423574,2092,59702,SUCCESS,112668,0,warm20,386048,8385152,0,12226688,,,,,12509,14649,used,,,,20260911-1908
2026-09-11 19:34:21,HAUSP-UB[noEUCS],C8T1S5I8N5K,23,2,0.000200,0.000,0.008,18263919,18190,6,343,349,3,0,0,3402420,38130,3275700,12394,0.000000,0.229087,0.239104,5224,0,678.11,3366031,3365910,1939,59827,SUCCESS,111903,0,warm20,403584,8557848,0,12460288,,,,,12394,14817,used,,,,20260911-1908
2026-09-11 19:34:21,HAUSP-UB[noEUCS],C8T1S5I8N5K,24,2,0.000200,0.000,0.008,18657262,18571,6,345,351,3,0,0,3373818,38368,3248386,12432,0.000000,0.227734,0.237792,4981,0,713.62,3337381,3337198,1997,60028,SUCCESS,110454,0,warm20,419968,8733584,0,12736128,,,,,12432,14978,used,,,,20260911-1908
2026-09-11 19:34:22,HAUSP-UB[noEUCS],C8T1S5I8N5K,25,2,0.000200,0.000,0.008,19053088,18952,6,345,351,3,0,0,3327525,38559,3201895,12496,0.000000,0.225591,0.235706,4603,0,715.08,3291034,3290843,1987,60238,SUCCESS,110608,0,warm20,401536,8910952,0,13007104,,,,,12496,15022,used,,,,20260911-1908
2026-09-11 19:34:22,HAUSP-UB[noEUCS],C8T1S5I8N5K,26,2,0.000200,0.000,0.008,19437911,19333,6,342,349,3,0,0,3256685,38748,3133247,12583,0.000000,0.223253,0.233469,4467,0,749.98,3220150,3219880,2047,60491,SUCCESS,108392,0,warm20,385152,9094976,0,13320704,,,,,12582,15045,used,,,,20260911-1908
2026-09-11 19:34:22,HAUSP-UB[noEUCS],C8T1S5I8N5K,27,2,0.000200,0.000,0.008,19822113,19714,6,349,355,3,0,0,3314915,39076,3191201,12549,0.000000,0.224955,0.235073,4548,0,752.08,3278379,3278077,2096,60769,SUCCESS,108593,0,warm20,371712,9274248,0,13613952,,,,,12549,15121,used,,,,20260911-1908
2026-09-11 19:34:23,HAUSP-UB[noEUCS],C8T1S5I8N5K,28,2,0.000200,0.000,0.008,20208654,20095,6,354,360,3,0,0,3243778,39402,3120720,12538,0.000000,0.224785,0.234919,4279,0,787.26,3207110,3206864,2064,61018,SUCCESS,107757,0,warm20,395648,9458160,0,13920256,,,,,12538,15301,used,,,,20260911-1908
2026-09-11 19:34:23,HAUSP-UB[noEUCS],C8T1S5I8N5K,29,2,0.000200,0.000,0.008,20585609,20476,6,349,355,3,0,0,3234399,39513,3112640,12587,0.000000,0.224005,0.234200,4122,0,788.81,3197632,3197453,1994,61192,SUCCESS,106496,0,warm20,393472,9636608,0,14199552,,,,,12586,15262,used,,,,20260911-1908
2026-09-11 19:34:23,HAUSP-UB[noEUCS],C8T1S5I8N5K,30,2,0.000200,0.000,0.008,20988516,20857,6,355,361,3,0,0,3198475,39644,3075810,12740,0.000000,0.221895,0.232057,3896,0,790.93,3161737,3161505,2052,61432,SUCCESS,107475,0,warm20,381184,9820600,0,14485632,,,,,12740,15190,used,,,,20260911-1908
2026-09-11 19:34:24,HAUSP-UB[noEUCS],C8T1S5I8N5K,31,2,0.000200,0.000,0.008,21379871,21238,6,362,368,3,0,0,3209268,39803,3087841,12701,0.000000,0.220593,0.230843,3722,0,792.72,3172582,3172396,1998,61610,SUCCESS,106369,0,warm20,413440,10003416,0,14787840,,,,,12700,15057,used,,,,20260911-1908
2026-09-11 19:34:24,HAUSP-UB[noEUCS],C8T1S5I8N5K,32,2,0.000200,0.000,0.008,21758395,21619,6,370,376,3,0,0,3260579,39943,3138701,12691,0.000000,0.218774,0.228937,3512,0,794.08,3223800,3223649,1971,61749,SUCCESS,106766,0,warm20,411264,10180208,0,15039104,,,,,12691,15112,used,,,,20260911-1908
2026-09-11 19:34:25,HAUSP-UB[noEUCS],C8T1S5I8N5K,33,2,0.000200,0.000,0.008,22151372,22000,6,378,385,3,0,0,3235624,40143,3115077,12563,0.000000,0.218520,0.228787,3756,0,830.23,3198723,3198533,2022,61916,SUCCESS,105252,0,warm20,453504,10365864,0,15339904,,,,,12563,15295,used,,,,20260911-1908
2026-09-11 19:34:25,HAUSP-UB[noEUCS],C8T1S5I8N5K,34,2,0.000200,0.000,0.008,22537156,22381,6,377,383,3,0,0,3203569,40324,3083502,12559,0.000000,0.219333,0.229724,3758,0,831.49,3166733,3166602,1986,62067,SUCCESS,104823,0,warm20,440320,10544520,0,15614592,,,,,12559,15244,used,,,,20260911-1908
2026-09-11 19:34:25,HAUSP-UB[noEUCS],C8T1S5I8N5K,35,2,0.000200,0.000,0.008,22909920,22762,6,421,428,3,0,0,3219613,40414,3099159,12660,0.000000,0.222019,0.232317,3731,0,506.20,3182786,3182621,2000,62225,SUCCESS,105280,0,warm20,313856,10721192,0,15883520,,,,,12660,15174,used,,,,20260911-1908
2026-09-11 19:34:26,HAUSP-UB[noEUCS],C8T1S5I8N5K,36,2,0.000200,0.000,0.008,23320068,23143,6,425,431,3,0,0,3180782,40715,3060605,12522,0.000000,0.220600,0.230807,3641,0,507.03,3143885,3143726,2001,62410,SUCCESS,104788,0,warm20,302848,10905520,0,16189568,,,,,12520,15387,used,,,,20260911-1908
2026-09-11 19:34:26,HAUSP-UB[noEUCS],C8T1S5I8N5K,37,2,0.000200,0.000,0.008,23698370,23524,6,420,426,3,0,0,3160315,40903,3041404,12491,0.000000,0.219310,0.229596,3515,0,507.03,3123362,3123183,1995,62569,SUCCESS,103461,0,warm20,311808,11082248,0,16484480,,,,,12487,15446,used,,,,20260911-1908
2026-09-11 19:34:27,HAUSP-UB[noEUCS],C8T1S5I8N5K,38,2,0.000200,0.000,0.008,24100790,23905,6,426,432,3,0,0,3154813,41080,3036941,12535,0.000000,0.217467,0.227800,3291,0,547.16,3117779,3117523,2092,62797,SUCCESS,102326,0,warm20,453632,11268248,0,16805120,,,,,12534,15545,used,,,,20260911-1908
2026-09-11 19:34:27,HAUSP-UB[noEUCS],C8T1S5I8N5K,39,2,0.000200,0.000,0.008,24494244,24286,6,426,432,3,0,0,3129912,41284,3013295,12520,0.000000,0.214483,0.224958,3104,0,578.89,3092720,3092546,2038,62974,SUCCESS,100937,0,warm20,468736,11458160,0,17115648,,,,,12519,15679,used,,,,20260911-1908
2026-09-11 19:34:28,HAUSP-UB[noEUCS],C8T1S5I8N5K,40,2,0.000200,0.000,0.008,24862589,24667,6,425,432,3,0,0,3140346,41495,3023989,12514,0.000000,0.214408,0.224859,2983,0,578.89,3103195,3102981,2075,63177,SUCCESS,100684,0,warm20,304768,11634336,0,17433216,,,,,12513,15672,used,,,,20260911-1908
2026-09-11 19:34:28,HAUSP-UB[noEUCS],C8T1S5I8N5K,41,2,0.000200,0.000,0.008,25264734,25048,6,432,439,3,0,0,3131159,41648,3014910,12545,0.000000,0.214067,0.224497,2906,0,586.20,3093967,3093809,2030,63275,SUCCESS,100584,0,warm20,400128,11818840,0,17648768,,,,,12543,15663,used,,,,20260911-1908
2026-09-11 19:34:28,HAUSP-UB[noEUCS],C8T1S5I8N5K,42,2,0.000200,0.000,0.008,25654120,25429,6,435,441,3,0,0,3145122,41796,3028987,12548,0.000000,0.213467,0.223934,2835,0,586.20,3108011,3107852,2091,63431,SUCCESS,100499,0,warm20,429696,12004304,0,17956352,,,,,12544,15632,used,,,,20260911-1908
2026-09-11 19:34:29,HAUSP-UB[noEUCS],C8T1S5I8N5K,43,2,0.000200,0.000,0.008,26046150,25810,6,449,456,3,0,0,3189390,41872,3073101,12582,0.000000,0.212566,0.223110,2897,0,586.20,3152286,3152105,2116,63605,SUCCESS,100742,0,warm20,427648,12185704,0,18269184,,,,,12580,15545,used,,,,20260911-1908
2026-09-11 19:34:29,HAUSP-UB[noEUCS],C8T1S5I8N5K,44,2,0.000200,0.000,0.008,26432947,26191,6,458,464,3,0,0,3207492,42011,3090666,12643,0.000000,0.213256,0.223705,2697,0,586.20,3170376,3170197,2121,63728,SUCCESS,101303,0,warm20,500992,12366504,0,18550272,,,,,12642,15522,used,,,,20260911-1908
2026-09-11 19:34:30,HAUSP-UB[noEUCS],C8T1S5I8N5K,45,2,0.000200,0.000,0.008,26847057,26572,6,465,471,3,0,0,3217238,42143,3100434,12645,0.000000,0.212103,0.222663,2736,0,593.32,3180120,3179962,2156,63890,SUCCESS,101271,0,warm20,530560,12559136,0,18834304,,,,,12645,15533,used,,,,20260911-1908
2026-09-11 19:34:30,HAUSP-UB[noEUCS],C8T1S5I8N5K,46,2,0.000200,0.000,0.008,27199889,26953,6,475,481,3,0,0,3248264,42374,3130912,12509,0.000000,0.212747,0.223209,2876,0,593.32,3211138,3210966,2166,64016,SUCCESS,101741,0,warm20,579200,12727040,0,19084928,,,,,12508,15610,used,,,,20260911-1908
2026-09-11 19:34:31,HAUSP-UB[noEUCS],C8T1S5I8N5K,47,2,0.000200,0.000,0.008,27579163,27334,6,484,490,3,0,0,3235063,42552,3117991,12422,0.000000,0.212044,0.222432,2901,0,593.32,3197912,3197819,2133,64116,SUCCESS,101384,0,warm20,675200,12903296,0,19304960,,,,,12421,15687,used,,,,20260911-1908
2026-09-11 19:34:31,HAUSP-UB[noEUCS],C8T1S5I8N5K,48,2,0.000200,0.000,0.008,27972766,27715,6,492,499,3,0,0,3251196,42713,3133537,12422,0.000000,0.212883,0.223201,2982,0,593.32,3214122,3214025,2130,64227,SUCCESS,101987,0,warm20,671232,13086704,0,19561728,,,,,12421,15671,used,,,,20260911-1908
2026-09-11 19:34:32,HAUSP-UB[noEUCS],C8T1S5I8N5K,49,2,0.000200,0.000,0.008,28365723,28096,6,502,508,3,0,0,3295566,42855,3178308,12289,0.000000,0.213413,0.223660,3165,0,595.16,3258512,3258395,2136,64339,SUCCESS,101576,0,warm20,669056,13267080,0,19825280,,,,,12289,15682,used,,,,20260911-1908
2026-09-11 19:34:32,HAUSP-UB[noEUCS],C8T1S5I8N5K,50,2,0.000200,0.000,0.008,28747973,28477,6,502,508,3,0,0,3269457,42932,3152721,12298,0.000000,0.212932,0.223195,3190,0,602.34,3232516,3232374,2166,64450,SUCCESS,101201,0,warm20,683264,13443056,0,20066304,,,,,12297,15534,used,,,,20260911-1908
2026-09-11 19:34:33,HAUSP-UB[noEUCS],C8T1S5I8N5K,51,2,0.000200,0.000,0.008,29148674,28858,6,510,516,3,0,0,3276097,43118,3159602,12243,0.000000,0.213432,0.223667,3606,0,602.34,3239165,3239047,2173,64555,SUCCESS,100894,0,warm20,736384,13626880,0,20320000,,,,,12242,15600,used,,,,20260911-1908
2026-09-11 19:34:33,HAUSP-UB[noEUCS],C8T1S5I8N5K,52,2,0.000200,0.000,0.008,29538239,29239,6,507,513,3,0,0,3217502,43208,3101756,12292,0.000000,0.213133,0.223470,3511,0,603.18,3180516,3180391,2193,64675,SUCCESS,100107,0,warm20,746368,13810048,0,20578432,,,,,12292,15639,used,,,,20260911-1908
2026-09-11 19:34:34,HAUSP-UB[noEUCS],C8T1S5I8N5K,53,2,0.000200,0.000,0.008,29906147,29620,6,509,516,3,0,0,3205179,43291,3089338,12296,0.000000,0.212974,0.223325,3391,0,603.18,3168187,3168088,2172,64767,SUCCESS,100233,0,warm20,789760,13984888,0,20815744,,,,,12296,15608,used,,,,20260911-1908
2026-09-11 19:34:34,HAUSP-UB[noEUCS],C8T1S5I8N5K,54,2,0.000200,0.000,0.008,30291495,30001,6,509,515,3,0,0,3165000,43343,3049827,12365,0.000000,0.212301,0.222748,3264,0,610.22,3127901,3127821,2160,64847,SUCCESS,99498,0,warm20,822784,14163112,0,21028992,,,,,12365,15675,used,,,,20260911-1908
2026-09-11 19:34:35,HAUSP-UB[noEUCS],C8T1S5I8N5K,55,2,0.000200,0.000,0.008,30683235,30382,6,511,518,3,0,0,3162725,43457,3048061,12312,0.000000,0.211595,0.222085,3174,0,610.22,3125627,3125535,2172,64932,SUCCESS,98955,0,warm20,825728,14345792,0,21280640,,,,,12311,15708,used,,,,20260911-1908
2026-09-11 19:34:35,HAUSP-UB[noEUCS],C8T1S5I8N5K,56,2,0.000200,0.000,0.008,31050500,30763,6,513,519,3,0,0,3149171,43445,3035338,12393,0.000000,0.211427,0.222059,3135,0,610.22,3112137,3112090,2134,64986,SUCCESS,98283,0,warm20,876032,14522416,0,21491584,,,,,12390,15547,used,,,,20260911-1908
2026-09-11 19:34:36,HAUSP-UB[noEUCS],C8T1S5I8N5K,57,2,0.000200,0.000,0.008,31397327,31144,6,512,518,3,0,0,3112336,43545,2999377,12410,0.000000,0.211145,0.221871,3034,0,610.22,3075314,3075225,2169,65101,SUCCESS,97375,0,warm20,812032,14690744,0,21776000,,,,,12407,15581,used,,,,20260911-1908
2026-09-11 19:34:37,HAUSP-UB[noEUCS],C8T1S5I8N5K,58,2,0.000200,0.000,0.008,31771532,31525,6,508,514,3,0,0,3070626,43605,2958413,12443,0.000000,0.211496,0.222327,3040,0,611.16,3033561,3033424,2191,65215,SUCCESS,96641,0,warm20,923648,14869360,0,22065408,,,,,12440,15569,used,,,,20260911-1908
2026-09-11 19:34:37,HAUSP-UB[noEUCS],C8T1S5I8N5K,59,2,0.000200,0.000,0.008,32144335,31906,6,513,519,3,0,0,3079660,43782,2967321,12411,0.000000,0.211165,0.221901,2918,0,618.20,3042636,3042503,2210,65347,SUCCESS,96748,0,warm20,838656,15042672,0,22418560,,,,,12411,15591,used,,,,20260911-1908
2026-09-11 19:34:38,HAUSP-UB[noEUCS],C8T1S5I8N5K,60,2,0.000200,0.000,0.008,32548859,32287,6,526,532,3,0,0,3106366,43917,2993290,12379,0.000000,0.211540,0.222233,3066,0,618.20,3069324,3069182,2220,65446,SUCCESS,97464,0,warm20,925824,15228392,0,22734336,,,,,12379,15612,used,,,,20260911-1908
2026-09-11 19:34:38,HAUSP-UB[noEUCS],C8T1S5I8N5K,61,2,0.000200,0.000,0.008,32946105,32668,6,529,536,3,0,0,3083896,44023,2970087,12399,0.000000,0.212110,0.222752,3028,0,618.20,3046833,3046736,2218,65531,SUCCESS,98168,0,warm20,1067392,15410552,0,23026304,,,,,12398,15640,used,,,,20260911-1908
2026-09-11 19:34:39,HAUSP-UB[noEUCS],C8T1S5I8N5K,62,2,0.000200,0.000,0.008,33335321,33049,6,538,544,3,0,0,3067050,44197,2953564,12381,0.000000,0.212629,0.223201,2938,0,625.24,3030021,3029883,2271,65674,SUCCESS,97791,0,warm20,1288448,15588880,0,23430528,,,,,12381,15695,used,,,,20260911-1908
2026-09-11 19:34:39,HAUSP-UB[noEUCS],C8T1S5I8N5K,63,2,0.000200,0.000,0.008,33722190,33430,6,538,544,3,0,0,3076035,44261,2962670,12419,0.000000,0.213888,0.224489,2955,0,625.24,3038886,3038743,2271,65779,SUCCESS,97628,0,warm20,1085696,15770696,0,23750784,,,,,12418,15736,used,,,,20260911-1908
2026-09-11 19:34:40,HAUSP-UB[noEUCS],C8T1S5I8N5K,64,2,0.000200,0.000,0.008,34102757,33811,6,539,546,3,0,0,3045452,44338,2932790,12457,0.000000,0.213898,0.224623,2871,0,625.24,3008360,3008238,2288,65908,SUCCESS,97009,0,warm20,1129344,15945592,0,24113792,,,,,12455,15651,used,,,,20260911-1908
2026-09-11 19:34:40,HAUSP-UB[noEUCS],C8T1S5I8N5K,65,2,0.000200,0.000,0.008,34480042,34192,6,545,552,3,0,0,3020261,44403,2907701,12536,0.000000,0.213480,0.224156,2789,0,625.24,2983168,2983057,2270,66026,SUCCESS,96971,0,warm20,1153536,16120688,0,24486528,,,,,12535,15588,used,,,,20260911-1908
2026-09-11 19:34:41,HAUSP-UB[noEUCS],C8T1S5I8N5K,66,2,0.000200,0.000,0.008,34856177,34573,6,541,547,3,0,0,2984712,44545,2872828,12479,0.000000,0.213336,0.224117,2698,0,627.16,2947532,2947398,2286,66152,SUCCESS,96184,0,warm20,1145344,16294448,0,24858240,,,,,12478,15699,used,,,,20260911-1908
2026-09-11 19:34:41,HAUSP-UB[noEUCS],C8T1S5I8N5K,67,2,0.000200,0.000,0.008,35248911,34954,6,545,552,3,0,0,2987301,44587,2876195,12547,0.000000,0.212368,0.223206,2620,0,634.32,2950171,2950054,2277,66264,SUCCESS,95541,0,warm20,1197568,16481344,0,25242880,,,,,12547,15565,used,,,,20260911-1908
2026-09-11 19:34:42,HAUSP-UB[noEUCS],C8T1S5I8N5K,68,2,0.000200,0.000,0.008,35625465,35335,6,545,551,3,0,0,2960247,44764,2849497,12463,0.000000,0.212246,0.223025,2554,0,635.16,2923156,2923049,2272,66366,SUCCESS,95159,0,warm20,1239552,16657608,0,25582848,,,,,12463,15591,used,,,,20260911-1908
2026-09-11 19:34:43,HAUSP-UB[noEUCS],C8T1S5I8N5K,69,2,0.000200,0.000,0.008,36012354,35716,6,543,550,3,0,0,2931204,44781,2821608,12518,0.000000,0.211519,0.222519,2554,0,635.16,2894069,2893978,2261,66424,SUCCESS,94046,0,warm20,1348224,16835688,0,25851776,,,,,12518,15550,used,,,,20260911-1908
2026-09-11 19:34:43,HAUSP-UB[noEUCS],C8T1S5I8N5K,70,2,0.000200,0.000,0.008,36402179,36097,6,555,561,3,0,0,2988010,44877,2878502,12511,0.000000,0.211474,0.222410,2518,0,642.21,2950892,2950789,2306,66504,SUCCESS,93936,0,warm20,1604864,17022200,0,26119040,,,,,12510,15571,used,,,,20260911-1908
2026-09-11 19:34:44,HAUSP-UB[noEUCS],C8T1S5I8N5K,71,2,0.000200,0.000,0.008,36796212,36478,6,550,557,3,0,0,2968682,44971,2859422,12535,0.000000,0.212026,0.222974,2562,0,642.21,2931558,2931476,2308,66586,SUCCESS,93668,0,warm20,1449984,17202968,0,26446976,,,,,12534,15591,used,,,,20260911-1908
2026-09-11 19:34:44,HAUSP-UB[noEUCS],C8T1S5I8N5K,72,2,0.000200,0.000,0.008,37177330,36859,6,554,561,3,0,0,2975203,45091,2866299,12476,0.000000,0.211687,0.222630,2519,0,642.21,2938060,2937964,2322,66669,SUCCESS,93247,0,warm20,1454848,17383608,0,26765952,,,,,12467,15648,used,,,,20260911-1908
2026-09-11 19:34:45,HAUSP-UB[noEUCS],C8T1S5I8N5K,73,2,0.000200,0.000,0.008,37549228,37240,6,563,569,3,0,0,3000004,45147,2891029,12487,0.000000,0.211191,0.222119,2480,0,642.21,2962859,2962809,2289,66711,SUCCESS,93345,0,warm20,1571840,17558472,0,26993536,,,,,12480,15623,used,,,,20260911-1908
2026-09-11 19:34:45,HAUSP-UB[noEUCS],C8T1S5I8N5K,74,2,0.000200,0.000,0.008,37929817,37621,6,564,570,3,0,0,2974123,45144,2865133,12530,0.000000,0.210855,0.221896,2451,0,643.16,2937055,2936972,2330,66770,SUCCESS,93489,0,warm20,1753472,17738584,0,27284736,,,,,12530,15501,used,,,,20260911-1908
2026-09-11 19:34:46,HAUSP-UB[noEUCS],C8T1S5I8N5K,75,2,0.000200,0.000,0.008,38317022,38002,6,580,587,3,0,0,3000233,45217,2890856,12553,0.000000,0.211156,0.222124,2489,0,650.70,2963155,2963065,2361,66853,SUCCESS,93850,0,warm20,1589632,17918928,0,27603584,,,,,12551,15525,used,,,,20260911-1908
2026-09-11 19:34:47,HAUSP-UB[noEUCS],C8T1S5I8N5K,76,2,0.000200,0.000,0.008,38681308,38383,6,585,592,3,0,0,3017024,45268,2907893,12527,0.000000,0.210600,0.221573,2455,0,650.70,2979927,2979886,2319,66900,SUCCESS,93615,0,warm20,1683200,18092920,0,27845888,,,,,12523,15512,used,,,,20260911-1908
2026-09-11 19:34:47,HAUSP-UB[noEUCS],C8T1S5I8N5K,77,2,0.000200,0.000,0.008,39054424,38764,6,582,589,3,0,0,2992386,45493,2883372,12390,0.000000,0.210584,0.221565,2481,0,650.70,2955313,2955241,2344,67000,SUCCESS,93343,0,warm20,1576576,18267208,0,28227200,,,,,12385,15666,used,,,,20260911-1908
2026-09-11 19:34:48,HAUSP-UB[noEUCS],C8T1S5I8N5K,78,2,0.000200,0.000,0.008,39411343,39145,6,587,594,3,0,0,2997085,45462,2888086,12522,0.000000,0.211543,0.222635,2527,0,650.70,2959907,2959866,2285,67045,SUCCESS,93356,0,warm20,1638016,18437224,0,28466176,,,,,12519,15640,used,,,,20260911-1908
2026-09-11 19:34:48,HAUSP-UB[noEUCS],C8T1S5I8N5K,79,2,0.000200,0.000,0.008,39780981,39526,6,599,605,3,0,0,3019115,45485,2909417,12514,0.000000,0.211343,0.222289,2581,0,657.86,2981960,2981912,2288,67071,SUCCESS,94101,0,warm20,1681664,18611288,0,28641152,,,,,12512,15595,used,,,,20260911-1908
2026-09-11 19:34:49,HAUSP-UB[noEUCS],C8T1S5I8N5K,80,2,0.000200,0.000,0.008,40169171,39907,6,608,615,3,0,0,3023846,45554,2914282,12516,0.000000,0.211643,0.222577,2552,0,657.86,2986695,2986648,2309,67109,SUCCESS,93929,0,warm20,1708928,18788752,0,28837888,,,,,12515,15634,used,,,,20260911-1908
2026-09-11 19:34:50,HAUSP-UB[noEUCS],C8T1S5I8N5K,81,2,0.000200,0.000,0.008,40555772,40288,6,605,611,3,0,0,3000226,45671,2890553,12470,0.000000,0.211267,0.222214,2574,0,657.86,2963159,2963034,2396,67220,SUCCESS,94043,0,warm20,1591552,18972952,0,29209728,,,,,12469,15629,used,,,,20260911-1908
2026-09-11 19:34:50,HAUSP-UB[noEUCS],C8T1S5I8N5K,82,2,0.000200,0.000,0.008,40937437,40669,6,613,619,3,0,0,2989773,45670,2880510,12492,0.000000,0.211200,0.222190,2542,0,657.86,2952587,2952555,2317,67255,SUCCESS,93627,0,warm20,1784576,19144488,0,29395584,,,,,12492,15636,used,,,,20260911-1908
2026-09-11 19:34:51,HAUSP-UB[noEUCS],C8T1S5I8N5K,83,2,0.000200,0.000,0.008,41314466,41050,6,611,617,3,0,0,2982716,45751,2873278,12474,0.000000,0.211025,0.222031,2516,0,659.16,2945527,2945440,2369,67320,SUCCESS,93753,0,warm20,1726208,19324552,0,29699328,,,,,12474,15685,used,,,,20260911-1908
2026-09-11 19:34:51,HAUSP-UB[noEUCS],C8T1S5I8N5K,84,2,0.000200,0.000,0.008,41724684,41431,6,614,620,3,0,0,2969560,45802,2860547,12472,0.000000,0.210757,0.221740,2489,0,668.07,2932417,2932331,2390,67395,SUCCESS,93388,0,warm20,1763840,19514248,0,29990272,,,,,12472,15625,used,,,,20260911-1908
2026-09-11 19:34:52,HAUSP-UB[noEUCS],C8T1S5I8N5K,85,2,0.000200,0.000,0.008,42093147,41812,6,623,630,3,0,0,2999620,45860,2890292,12469,0.000000,0.210801,0.221765,2440,0,668.07,2962326,2962295,2346,67434,SUCCESS,93569,0,warm20,1867776,19689608,0,30207360,,,,,12469,15759,used,,,,20260911-1908
2026-09-11 19:34:53,HAUSP-UB[noEUCS],C8T1S5I8N5K,86,2,0.000200,0.000,0.008,42494057,42193,6,629,635,3,0,0,3005483,45889,2895855,12525,0.000000,0.210856,0.221841,2493,0,668.07,2968139,2968024,2422,67521,SUCCESS,93827,0,warm20,1768064,19872936,0,30521728,,,,,12523,15799,used,,,,20260911-1908
2026-09-11 19:34:53,HAUSP-UB[noEUCS],C8T1S5I8N5K,87,2,0.000200,0.000,0.008,42876090,42574,6,631,638,3,0,0,2994743,45944,2885787,12530,0.000000,0.210168,0.221243,2433,0,675.11,2957469,2957392,2412,67597,SUCCESS,93258,0,warm20,2021632,20052296,0,30824960,,,,,12529,15697,used,,,,20260911-1908
2026-09-11 19:34:54,HAUSP-UB[noEUCS],C8T1S5I8N5K,88,2,0.000200,0.000,0.008,43249167,42955,6,633,640,3,0,0,2985938,45970,2877079,12600,0.000000,0.210380,0.221475,2454,0,675.11,2948715,2948627,2424,67682,SUCCESS,93263,0,warm20,1855232,20227840,0,31151744,,,,,12600,15596,used,,,,20260911-1908
2026-09-11 19:34:55,HAUSP-UB[noEUCS],C8T1S5I8N5K,89,2,0.000200,0.000,0.008,43639417,43336,6,637,644,3,0,0,2983326,45961,2874934,12637,0.000000,0.209871,0.221014,2455,0,675.11,2946109,2946057,2391,67702,SUCCESS,92895,0,warm20,2005888,20409200,0,31353728,,,,,12636,15496,used,,,,20260911-1908
2026-09-11 19:34:55,HAUSP-UB[noEUCS],C8T1S5I8N5K,90,2,0.000200,0.000,0.008,44032208,43717,6,641,647,3,0,0,2969383,46068,2861199,12584,0.000000,0.210232,0.221352,2451,0,675.11,2932215,2932148,2438,67767,SUCCESS,92649,0,warm20,1986944,20593424,0,31652736,,,,,12583,15534,used,,,,20260911-1908
2026-09-11 19:34:56,HAUSP-UB[noEUCS],C8T1S5I8N5K,91,2,0.000200,0.000,0.008,44399967,44098,6,646,653,3,0,0,2968667,46110,2860460,12598,0.000000,0.210198,0.221256,2431,0,675.16,2931564,2931541,2396,67788,SUCCESS,92760,0,warm20,2145024,20767320,0,31852800,,,,,12597,15446,used,,,,20260911-1908
2026-09-11 19:34:57,HAUSP-UB[noEUCS],C8T1S5I8N5K,92,2,0.000200,0.000,0.008,44779784,44479,6,651,658,3,0,0,2978948,46189,2871364,12544,0.000000,0.209645,0.220793,2415,0,682.20,2941790,2941741,2424,67819,SUCCESS,92025,0,warm20,2082560,20943960,0,32042880,,,,,12544,15559,used,,,,20260911-1908
2026-09-11 19:34:57,HAUSP-UB[noEUCS],C8T1S5I8N5K,93,2,0.000200,0.000,0.008,45163101,44860,6,651,657,3,0,0,2984915,46282,2877885,12546,0.000000,0.208900,0.220095,2417,0,682.20,2947870,2947769,2494,67932,SUCCESS,91522,0,warm20,1962752,21125472,0,32403584,,,,,12546,15508,used,,,,20260911-1908
2026-09-11 19:34:58,HAUSP-UB[noEUCS],C8T1S5I8N5K,94,2,0.000200,0.000,0.008,45537311,45241,6,656,662,3,0,0,2970732,46450,2863814,12490,0.000000,0.209324,0.220521,2509,0,682.20,2933701,2933607,2475,68026,SUCCESS,91369,0,warm20,1984896,21298872,0,32715904,,,,,12490,15549,used,,,,20260911-1908
2026-09-11 19:34:59,HAUSP-UB[noEUCS],C8T1S5I8N5K,95,2,0.000200,0.000,0.008,45914685,45622,6,656,662,3,0,0,2953804,46519,2847561,12452,0.000000,0.209073,0.220344,2472,0,682.20,2916694,2916677,2398,68068,SUCCESS,90640,0,warm20,2100096,21474952,0,32936192,,,,,12452,15603,used,,,,20260911-1908
2026-09-11 19:34:59,HAUSP-UB[noEUCS],C8T1S5I8N5K,96,2,0.000200,0.000,0.008,46297846,46003,6,677,683,3,0,0,2992114,46605,2884645,12436,0.000000,0.209667,0.220797,2565,0,689.42,2954864,2954793,2427,68126,SUCCESS,91681,0,warm20,2016896,21655168,0,33221632,,,,,12435,15787,used,,,,20260911-1908
2026-09-11 19:35:00,HAUSP-UB[noEUCS],C8T1S5I8N5K,97,2,0.000200,0.000,0.008,46661169,46384,6,689,696,3,0,0,3017834,46710,2910373,12382,0.000000,0.209211,0.220245,2642,0,689.42,2980601,2980556,2414,68169,SUCCESS,91643,0,warm20,2083200,21831016,0,33478400,,,,,12381,15817,used,,,,20260911-1908
2026-09-11 19:35:01,HAUSP-UB[noEUCS],C8T1S5I8N5K,98,2,0.000200,0.000,0.008,47042336,46765,6,695,701,3,0,0,3016952,46670,2909814,12464,0.000000,0.209268,0.220384,2654,0,689.42,2979695,2979623,2443,68191,SUCCESS,91379,0,warm20,2133760,22011424,0,33656832,,,,,12463,15758,used,,,,20260911-1908
2026-09-11 19:35:01,HAUSP-UB[noEUCS],C8T1S5I8N5K,99,2,0.000200,0.000,0.008,47416411,47133,6,697,703,3,0,0,3020056,46615,2913251,12578,0.000000,0.208598,0.219840,2623,0,691.16,2982806,2982747,2480,68240,SUCCESS,91130,0,warm20,2189696,22186560,0,33899264,,,,,12577,15674,used,,,,20260911-1908
