# run_id=20260905-2142 git=06f95fd jvm=26.0.1 heap=24g host=ThaiTMs-MacBook-Pro.local tree=MODIFIED(1) cmd=--exp 1,2,4 --algo HAUSP-UB-L1 --repeats 3 --results-dir results-2026-09 --timeout 90 --resume
Timestamp,Algorithm,Dataset,BatchID,RunIndex,MinUtil,mu,DeltaRatio,TotalDBUtil,CumulativeDBSize,tScan(ms),tMining(ms),tTotal(ms),tLayer1(ms),tLayer2(ms),tLayer3(ms),Cand,PrunedL1(SWU),PrunedL2(IAUUB),PrunedL3(MFUUB),TightnessPEAU,TightnessIAUUB,TightnessMFUUB,HAUSP,SHAUS,MemPeak(MB),PoolBorrows,PoolReuses,PoolPeakLive,AudulActive,Status,Recursed,ArmOrder,Schedule,PoolBytes,FlatBytes,EucsBytes,AudulRootBytes,RescanTriggered,BufferUtil,BufferTested,SafetyBound,PrunedL3Node,PrunedL1Root,MemMode,MemLive(MB),MemRetained(MB),GcForced,RunID
,HAUSP-UB-L1,BIBLE,0,0,0.001000,0.000,1.000,0,0,0,0,0,0,0,0,0,0,0,0,0.000000,0.000000,0.000000,0,0,0.00,0,0,0,0,OT,0,0,,,,,,,,,,,,used,,,,20260905-2142
,HAUSP-UB-L1,BIBLE,0,0,0.000900,0.000,1.000,0,0,0,0,0,0,0,0,0,0,0,0,0.000000,0.000000,0.000000,0,0,0.00,0,0,0,0,SKIPPED,0,0,,,,,,,,,,,,used,,,,20260905-2142
,HAUSP-UB-L1,BIBLE,0,0,0.000800,0.000,1.000,0,0,0,0,0,0,0,0,0,0,0,0,0.000000,0.000000,0.000000,0,0,0.00,0,0,0,0,SKIPPED,0,0,,,,,,,,,,,,used,,,,20260905-2142
,HAUSP-UB-L1,BIBLE,0,0,0.000700,0.000,1.000,0,0,0,0,0,0,0,0,0,0,0,0,0.000000,0.000000,0.000000,0,0,0.00,0,0,0,0,SKIPPED,0,0,,,,,,,,,,,,used,,,,20260905-2142
,HAUSP-UB-L1,BIBLE,0,0,0.000600,0.000,1.000,0,0,0,0,0,0,0,0,0,0,0,0,0.000000,0.000000,0.000000,0,0,0.00,0,0,0,0,SKIPPED,0,0,,,,,,,,,,,,used,,,,20260905-2142
,HAUSP-UB-L1,BIBLE,0,0,0.000500,0.000,1.000,0,0,0,0,0,0,0,0,0,0,0,0,0.000000,0.000000,0.000000,0,0,0.00,0,0,0,0,SKIPPED,0,0,,,,,,,,,,,,used,,,,20260905-2142
,HAUSP-UB-L1,BMS1_SPMF,0,0,0.006000,0.000,1.000,0,0,0,0,0,0,0,0,0,0,0,0,0.000000,0.000000,0.000000,0,0,0.00,0,0,0,0,OT,0,0,,,,,,,,,,,,used,,,,20260905-2142
,HAUSP-UB-L1,BMS1_SPMF,0,0,0.005000,0.000,1.000,0,0,0,0,0,0,0,0,0,0,0,0,0.000000,0.000000,0.000000,0,0,0.00,0,0,0,0,SKIPPED,0,0,,,,,,,,,,,,used,,,,20260905-2142
,HAUSP-UB-L1,BMS1_SPMF,0,0,0.004500,0.000,1.000,0,0,0,0,0,0,0,0,0,0,0,0,0.000000,0.000000,0.000000,0,0,0.00,0,0,0,0,SKIPPED,0,0,,,,,,,,,,,,used,,,,20260905-2142
,HAUSP-UB-L1,BMS1_SPMF,0,0,0.004000,0.000,1.000,0,0,0,0,0,0,0,0,0,0,0,0,0.000000,0.000000,0.000000,0,0,0.00,0,0,0,0,SKIPPED,0,0,,,,,,,,,,,,used,,,,20260905-2142
,HAUSP-UB-L1,BMS1_SPMF,0,0,0.003500,0.000,1.000,0,0,0,0,0,0,0,0,0,0,0,0,0.000000,0.000000,0.000000,0,0,0.00,0,0,0,0,SKIPPED,0,0,,,,,,,,,,,,used,,,,20260905-2142
,HAUSP-UB-L1,FIFA,0,0,0.012000,0.000,1.000,0,0,0,0,0,0,0,0,0,0,0,0,0.000000,0.000000,0.000000,0,0,0.00,0,0,0,0,OT,0,0,,,,,,,,,,,,used,,,,20260905-2142
,HAUSP-UB-L1,FIFA,0,0,0.011000,0.000,1.000,0,0,0,0,0,0,0,0,0,0,0,0,0.000000,0.000000,0.000000,0,0,0.00,0,0,0,0,SKIPPED,0,0,,,,,,,,,,,,used,,,,20260905-2142
,HAUSP-UB-L1,FIFA,0,0,0.010000,0.000,1.000,0,0,0,0,0,0,0,0,0,0,0,0,0.000000,0.000000,0.000000,0,0,0.00,0,0,0,0,SKIPPED,0,0,,,,,,,,,,,,used,,,,20260905-2142
,HAUSP-UB-L1,FIFA,0,0,0.009500,0.000,1.000,0,0,0,0,0,0,0,0,0,0,0,0,0.000000,0.000000,0.000000,0,0,0.00,0,0,0,0,SKIPPED,0,0,,,,,,,,,,,,used,,,,20260905-2142
,HAUSP-UB-L1,FIFA,0,0,0.009000,0.000,1.000,0,0,0,0,0,0,0,0,0,0,0,0,0.000000,0.000000,0.000000,0,0,0.00,0,0,0,0,SKIPPED,0,0,,,,,,,,,,,,used,,,,20260905-2142
,HAUSP-UB-L1,KOSARAK,0,0,0.008000,0.000,1.000,0,0,0,0,0,0,0,0,0,0,0,0,0.000000,0.000000,0.000000,0,0,0.00,0,0,0,0,OT,0,0,,,,,,,,,,,,used,,,,20260905-2142
,HAUSP-UB-L1,KOSARAK,0,0,0.007000,0.000,1.000,0,0,0,0,0,0,0,0,0,0,0,0,0.000000,0.000000,0.000000,0,0,0.00,0,0,0,0,SKIPPED,0,0,,,,,,,,,,,,used,,,,20260905-2142
,HAUSP-UB-L1,KOSARAK,0,0,0.006000,0.000,1.000,0,0,0,0,0,0,0,0,0,0,0,0,0.000000,0.000000,0.000000,0,0,0.00,0,0,0,0,SKIPPED,0,0,,,,,,,,,,,,used,,,,20260905-2142
,HAUSP-UB-L1,KOSARAK,0,0,0.005000,0.000,1.000,0,0,0,0,0,0,0,0,0,0,0,0,0.000000,0.000000,0.000000,0,0,0.00,0,0,0,0,SKIPPED,0,0,,,,,,,,,,,,used,,,,20260905-2142
,HAUSP-UB-L1,KOSARAK,0,0,0.004000,0.000,1.000,0,0,0,0,0,0,0,0,0,0,0,0,0.000000,0.000000,0.000000,0,0,0.00,0,0,0,0,SKIPPED,0,0,,,,,,,,,,,,used,,,,20260905-2142
,HAUSP-UB-L1,KOSARAK,0,0,0.003000,0.000,1.000,0,0,0,0,0,0,0,0,0,0,0,0,0.000000,0.000000,0.000000,0,0,0.00,0,0,0,0,SKIPPED,0,0,,,,,,,,,,,,used,,,,20260905-2142
,HAUSP-UB-L1,LEVIATHAN,0,0,0.006000,0.000,1.000,0,0,0,0,0,0,0,0,0,0,0,0,0.000000,0.000000,0.000000,0,0,0.00,0,0,0,0,OT,0,0,,,,,,,,,,,,used,,,,20260905-2142
,HAUSP-UB-L1,LEVIATHAN,0,0,0.005000,0.000,1.000,0,0,0,0,0,0,0,0,0,0,0,0,0.000000,0.000000,0.000000,0,0,0.00,0,0,0,0,SKIPPED,0,0,,,,,,,,,,,,used,,,,20260905-2142
,HAUSP-UB-L1,LEVIATHAN,0,0,0.004000,0.000,1.000,0,0,0,0,0,0,0,0,0,0,0,0,0.000000,0.000000,0.000000,0,0,0.00,0,0,0,0,SKIPPED,0,0,,,,,,,,,,,,used,,,,20260905-2142
,HAUSP-UB-L1,LEVIATHAN,0,0,0.003000,0.000,1.000,0,0,0,0,0,0,0,0,0,0,0,0,0.000000,0.000000,0.000000,0,0,0.00,0,0,0,0,SKIPPED,0,0,,,,,,,,,,,,used,,,,20260905-2142
,HAUSP-UB-L1,LEVIATHAN,0,0,0.002000,0.000,1.000,0,0,0,0,0,0,0,0,0,0,0,0,0.000000,0.000000,0.000000,0,0,0.00,0,0,0,0,SKIPPED,0,0,,,,,,,,,,,,used,,,,20260905-2142
,HAUSP-UB-L1,SIGN,0,0,0.009000,0.000,1.000,0,0,0,0,0,0,0,0,0,0,0,0,0.000000,0.000000,0.000000,0,0,0.00,0,0,0,0,OT,0,0,,,,,,,,,,,,used,,,,20260905-2142
,HAUSP-UB-L1,SIGN,0,0,0.008000,0.000,1.000,0,0,0,0,0,0,0,0,0,0,0,0,0.000000,0.000000,0.000000,0,0,0.00,0,0,0,0,SKIPPED,0,0,,,,,,,,,,,,used,,,,20260905-2142
,HAUSP-UB-L1,SIGN,0,0,0.007000,0.000,1.000,0,0,0,0,0,0,0,0,0,0,0,0,0.000000,0.000000,0.000000,0,0,0.00,0,0,0,0,SKIPPED,0,0,,,,,,,,,,,,used,,,,20260905-2142
,HAUSP-UB-L1,SIGN,0,0,0.006000,0.000,1.000,0,0,0,0,0,0,0,0,0,0,0,0,0.000000,0.000000,0.000000,0,0,0.00,0,0,0,0,SKIPPED,0,0,,,,,,,,,,,,used,,,,20260905-2142
,HAUSP-UB-L1,SIGN,0,0,0.005000,0.000,1.000,0,0,0,0,0,0,0,0,0,0,0,0,0.000000,0.000000,0.000000,0,0,0.00,0,0,0,0,SKIPPED,0,0,,,,,,,,,,,,used,,,,20260905-2142
,HAUSP-UB-L1,SIGN,0,0,0.004000,0.000,1.000,0,0,0,0,0,0,0,0,0,0,0,0,0.000000,0.000000,0.000000,0,0,0.00,0,0,0,0,SKIPPED,0,0,,,,,,,,,,,,used,,,,20260905-2142
,HAUSP-UB-L1,SIGN,0,0,0.003000,0.000,1.000,0,0,0,0,0,0,0,0,0,0,0,0,0.000000,0.000000,0.000000,0,0,0.00,0,0,0,0,SKIPPED,0,0,,,,,,,,,,,,used,,,,20260905-2142
2026-09-06 06:48:24,HAUSP-UB-L1,C8T1S5I8N5K,0,0,0.000300,0.000,1.000,47416411,47133,792,311289,312082,8,123030,0,102551578,55737,0,0,0.000000,0.511851,0.511856,354,0,4923.35,102591816,102523280,68536,68240,SUCCESS,102536079,0,,537600,22186560,155545888,21455616,,,,,0,15499,used,,,,20260905-2142
2026-09-06 06:53:31,HAUSP-UB-L1,C8T1S5I8N5K,0,1,0.000300,0.000,1.000,47416411,47133,541,304649,305191,8,120746,0,102551578,55737,0,0,0.000000,0.511851,0.511856,354,0,4923.45,102591816,102523280,68536,68240,SUCCESS,102536079,0,,539392,22186560,155545888,21455616,,,,,0,15499,used,,,,20260905-2142
2026-09-06 06:58:36,HAUSP-UB-L1,C8T1S5I8N5K,0,2,0.000300,0.000,1.000,47416411,47133,512,303901,304413,9,120417,0,102551578,55737,0,0,0.000000,0.511851,0.511856,354,0,4931.54,102591816,102523280,68536,68240,SUCCESS,102536079,0,,539392,22186560,155545888,21455616,,,,,0,15499,used,,,,20260905-2142
2026-09-06 07:37:42,HAUSP-UB-L1,C8T1S5I8N5K,0,0,0.000250,0.000,1.000,47416411,47133,581,2342648,2343229,35,1013430,0,856740359,51908,0,0,0.000000,0.595063,0.595064,858,0,4947.51,856776300,856707598,68702,68240,SUCCESS,856724392,0,,755840,22186560,155545888,21455616,,,,,0,15967,used,,,,20260905-2142
2026-09-06 08:16:33,HAUSP-UB-L1,C8T1S5I8N5K,0,1,0.000250,0.000,1.000,47416411,47133,470,2329369,2329839,8,1007354,0,856740359,51908,0,0,0.000000,0.595063,0.595064,858,0,4955.59,856776300,856707598,68702,68240,SUCCESS,856724392,0,,755840,22186560,155545888,21455616,,,,,0,15967,used,,,,20260905-2142
2026-09-06 08:55:35,HAUSP-UB-L1,C8T1S5I8N5K,0,2,0.000250,0.000,1.000,47416411,47133,480,2339158,2339638,8,1012263,0,856740359,51908,0,0,0.000000,0.595063,0.595064,858,0,4939.89,856776300,856707598,68702,68240,SUCCESS,856724392,0,,755840,22186560,155545888,21455616,,,,,0,15967,used,,,,20260905-2142
,HAUSP-UB-L1,C8T1S5I8N5K,0,0,0.000200,0.000,1.000,0,0,0,0,0,0,0,0,0,0,0,0,0.000000,0.000000,0.000000,0,0,0.00,0,0,0,0,OT,0,0,,,,,,,,,,,,used,,,,20260905-2142
,HAUSP-UB-L1,C8T1S5I8N5K,0,0,0.000150,0.000,1.000,0,0,0,0,0,0,0,0,0,0,0,0,0.000000,0.000000,0.000000,0,0,0.00,0,0,0,0,SKIPPED,0,0,,,,,,,,,,,,used,,,,20260905-2142
,HAUSP-UB-L1,C8T1S5I8N5K,0,0,0.000100,0.000,1.000,0,0,0,0,0,0,0,0,0,0,0,0,0.000000,0.000000,0.000000,0,0,0.00,0,0,0,0,SKIPPED,0,0,,,,,,,,,,,,used,,,,20260905-2142
# run_id=20260909-1806 git=f13bff2 jvm=26.0.1 heap=24g host=ThaiTMs-MacBook-Pro.local tree=MODIFIED(4) cmd=--exp 2 --algo HAUSP-UB[noL2+noEUCS] --repeats 3 --results-dir results-2026-09 --timeout 90 --resume
2026-09-09 18:06:27,HAUSP-UB[noL2+noEUCS],BIBLE,0,0,0.001000,0.000,1.000,35550162,36369,132,6500,6633,18,38,23,21936545,12820,0,21880136,0.000000,0.261646,0.269156,6713,0,498.45,21948599,21929321,19278,13905,SUCCESS,56071,0,,225905792,25186112,0,18466944,,,,,428,766,used,,,,20260909-1806
2026-09-09 18:06:34,HAUSP-UB[noL2+noEUCS],BIBLE,0,1,0.001000,0.000,1.000,35550162,36369,87,6587,6674,57,37,23,21936545,12820,0,21880136,0.000000,0.261646,0.269156,6713,0,536.27,21948599,21929321,19278,13905,SUCCESS,56071,0,,235033728,25186112,0,18466944,,,,,428,766,used,,,,20260909-1806
2026-09-09 18:06:41,HAUSP-UB[noL2+noEUCS],BIBLE,0,2,0.001000,0.000,1.000,35550162,36369,48,6637,6686,9,37,23,21936545,12820,0,21880136,0.000000,0.261646,0.269156,6713,0,459.34,21948599,21929321,19278,13905,SUCCESS,56071,0,,231715968,25186112,0,18466944,,,,,428,766,used,,,,20260909-1806
2026-09-09 18:06:49,HAUSP-UB[noL2+noEUCS],BIBLE,0,0,0.000900,0.000,1.000,35550162,36369,36,7478,7514,9,44,28,27526812,12719,0,27457659,0.000000,0.266298,0.273845,8375,0,609.74,27538739,27518993,19746,13905,SUCCESS,68845,0,,252190720,25186112,0,18466944,,,,,484,792,used,,,,20260909-1806
2026-09-09 18:06:57,HAUSP-UB[noL2+noEUCS],BIBLE,0,1,0.000900,0.000,1.000,35550162,36369,35,7463,7499,9,46,28,27526812,12719,0,27457659,0.000000,0.266298,0.273845,8375,0,469.07,27538739,27518993,19746,13905,SUCCESS,68845,0,,252190720,25186112,0,18466944,,,,,484,792,used,,,,20260909-1806
2026-09-09 18:07:05,HAUSP-UB[noL2+noEUCS],BIBLE,0,2,0.000900,0.000,1.000,35550162,36369,35,7436,7471,10,44,28,27526812,12719,0,27457659,0.000000,0.266298,0.273845,8375,0,606.50,27538739,27518993,19746,13905,SUCCESS,68845,0,,252190720,25186112,0,18466944,,,,,484,792,used,,,,20260909-1806
2026-09-09 18:07:14,HAUSP-UB[noL2+noEUCS],BIBLE,0,0,0.000800,0.000,1.000,35550162,36369,35,8519,8555,10,55,36,35409994,12612,0,35322451,0.000000,0.271352,0.278945,10826,0,574.48,35421747,35401190,20557,13905,SUCCESS,87209,0,,266582016,25186112,0,18466944,,,,,525,859,used,,,,20260909-1806
2026-09-09 18:07:23,HAUSP-UB[noL2+noEUCS],BIBLE,0,1,0.000800,0.000,1.000,35550162,36369,34,8510,8545,10,54,36,35409994,12612,0,35322451,0.000000,0.271352,0.278945,10826,0,567.86,35421747,35401190,20557,13905,SUCCESS,87209,0,,266582016,25186112,0,18466944,,,,,525,859,used,,,,20260909-1806
2026-09-09 18:07:32,HAUSP-UB[noL2+noEUCS],BIBLE,0,2,0.000800,0.000,1.000,35550162,36369,35,8476,8511,10,55,35,35409994,12612,0,35322451,0.000000,0.271352,0.278945,10826,0,569.33,35421747,35401190,20557,13905,SUCCESS,87209,0,,266582016,25186112,0,18466944,,,,,525,859,used,,,,20260909-1806
2026-09-09 18:07:43,HAUSP-UB[noL2+noEUCS],BIBLE,0,0,0.000700,0.000,1.000,35550162,36369,35,9976,10011,10,71,47,46627315,12476,0,46513394,0.000000,0.276494,0.284128,14383,0,620.23,46638881,46617610,21271,13905,SUCCESS,113590,0,,285803264,25186112,0,18466944,,,,,579,910,used,,,,20260909-1806
2026-09-09 18:07:54,HAUSP-UB[noL2+noEUCS],BIBLE,0,1,0.000700,0.000,1.000,35550162,36369,35,9967,10002,10,70,47,46627315,12476,0,46513394,0.000000,0.276494,0.284128,14383,0,618.17,46638881,46617610,21271,13905,SUCCESS,113590,0,,253881088,25186112,0,18466944,,,,,579,910,used,,,,20260909-1806
2026-09-09 18:08:04,HAUSP-UB[noL2+noEUCS],BIBLE,0,2,0.000700,0.000,1.000,35550162,36369,36,9963,10000,10,70,47,46627315,12476,0,46513394,0.000000,0.276494,0.284128,14383,0,627.88,46638881,46617610,21271,13905,SUCCESS,113590,0,,285803264,25186112,0,18466944,,,,,579,910,used,,,,20260909-1806
2026-09-09 18:08:16,HAUSP-UB[noL2+noEUCS],BIBLE,0,0,0.000600,0.000,1.000,35550162,36369,38,11887,11926,12,93,63,63667080,12297,0,63511845,0.000000,0.282644,0.290343,20003,0,650.49,63678394,63656225,22169,13905,SUCCESS,154911,0,,306645760,25186112,0,18466944,,,,,659,983,used,,,,20260909-1806
2026-09-09 18:08:29,HAUSP-UB[noL2+noEUCS],BIBLE,0,1,0.000600,0.000,1.000,35550162,36369,35,11864,11900,10,93,64,63667080,12297,0,63511845,0.000000,0.282644,0.290343,20003,0,654.80,63678394,63656225,22169,13905,SUCCESS,154911,0,,306645760,25186112,0,18466944,,,,,659,983,used,,,,20260909-1806
2026-09-09 18:08:41,HAUSP-UB[noL2+noEUCS],BIBLE,0,2,0.000600,0.000,1.000,35550162,36369,39,11942,11981,12,92,63,63667080,12297,0,63511845,0.000000,0.282644,0.290343,20003,0,668.89,63678394,63656225,22169,13905,SUCCESS,154911,0,,306645760,25186112,0,18466944,,,,,659,983,used,,,,20260909-1806
2026-09-09 18:08:57,HAUSP-UB[noL2+noEUCS],BIBLE,0,0,0.000500,0.000,1.000,35550162,36369,35,14822,14858,10,131,91,90922505,12054,0,90698514,0.000000,0.290140,0.297948,29772,0,726.38,90933484,90909880,23604,13905,SUCCESS,223663,0,,335076352,25186112,0,18466944,,,,,747,1075,used,,,,20260909-1806
2026-09-09 18:09:12,HAUSP-UB[noL2+noEUCS],BIBLE,0,1,0.000500,0.000,1.000,35550162,36369,35,14766,14801,10,132,91,90922505,12054,0,90698514,0.000000,0.290140,0.297948,29772,0,713.98,90933484,90909880,23604,13905,SUCCESS,223663,0,,335076352,25186112,0,18466944,,,,,747,1075,used,,,,20260909-1806
2026-09-09 18:09:27,HAUSP-UB[noL2+noEUCS],BIBLE,0,2,0.000500,0.000,1.000,35550162,36369,35,14768,14803,10,130,91,90922505,12054,0,90698514,0.000000,0.290140,0.297948,29772,0,716.29,90933484,90909880,23604,13905,SUCCESS,223663,0,,335076352,25186112,0,18466944,,,,,747,1075,used,,,,20260909-1806
2026-09-09 18:09:28,HAUSP-UB[noL2+noEUCS],BMS1_SPMF,0,0,0.006000,0.000,1.000,7229030,59601,11,211,223,2,2,1,717900,224,0,713581,0.000000,0.033432,0.039517,45,0,59.73,718057,716703,1354,497,SUCCESS,4343,0,,2574848,4788416,0,3355264,,,,,91,67,used,,,,20260909-1806
2026-09-09 18:09:29,HAUSP-UB[noL2+noEUCS],BMS1_SPMF,0,1,0.006000,0.000,1.000,7229030,59601,12,213,225,2,2,1,717900,224,0,713581,0.000000,0.033432,0.039517,45,0,59.53,718057,716703,1354,497,SUCCESS,4343,0,,2574848,4788416,0,3355264,,,,,91,67,used,,,,20260909-1806
2026-09-09 18:09:29,HAUSP-UB[noL2+noEUCS],BMS1_SPMF,0,2,0.006000,0.000,1.000,7229030,59601,12,212,225,2,2,1,717900,224,0,713581,0.000000,0.033432,0.039517,45,0,59.90,718057,716703,1354,497,SUCCESS,4343,0,,2574848,4788416,0,3355264,,,,,91,67,used,,,,20260909-1806
2026-09-09 18:09:31,HAUSP-UB[noL2+noEUCS],BMS1_SPMF,0,0,0.005000,0.000,1.000,7229030,59601,13,737,751,2,8,6,2827348,211,0,2810512,0.000000,0.031622,0.033346,53,0,60.99,2827496,2825894,1602,497,SUCCESS,16858,0,,3004416,4788416,0,3355264,,,,,85,63,used,,,,20260909-1806
2026-09-09 18:09:32,HAUSP-UB[noL2+noEUCS],BMS1_SPMF,0,1,0.005000,0.000,1.000,7229030,59601,14,729,743,2,8,6,2827348,211,0,2810512,0.000000,0.031622,0.033346,53,0,60.28,2827496,2825894,1602,497,SUCCESS,16858,0,,2757376,4788416,0,3355264,,,,,85,63,used,,,,20260909-1806
2026-09-09 18:09:33,HAUSP-UB[noL2+noEUCS],BMS1_SPMF,0,2,0.005000,0.000,1.000,7229030,59601,13,728,742,2,8,6,2827348,211,0,2810512,0.000000,0.031622,0.033346,53,0,60.06,2827496,2825894,1602,497,SUCCESS,16858,0,,2757376,4788416,0,3355264,,,,,85,63,used,,,,20260909-1806
2026-09-09 18:09:35,HAUSP-UB[noL2+noEUCS],BMS1_SPMF,0,0,0.004500,0.000,1.000,7229030,59601,14,1931,1946,2,22,18,7685957,202,0,7638290,0.000000,0.033075,0.033711,68,0,60.29,7686099,7684457,1642,497,SUCCESS,47691,0,,2820608,4788416,0,3355264,,,,,84,60,used,,,,20260909-1806
2026-09-09 18:09:38,HAUSP-UB[noL2+noEUCS],BMS1_SPMF,0,1,0.004500,0.000,1.000,7229030,59601,14,1933,1948,2,22,18,7685957,202,0,7638290,0.000000,0.033075,0.033711,68,0,59.88,7686099,7684457,1642,497,SUCCESS,47691,0,,2820608,4788416,0,3355264,,,,,84,60,used,,,,20260909-1806
2026-09-09 18:09:40,HAUSP-UB[noL2+noEUCS],BMS1_SPMF,0,2,0.004500,0.000,1.000,7229030,59601,14,1942,1957,2,22,18,7685957,202,0,7638290,0.000000,0.033075,0.033711,68,0,60.14,7686099,7684457,1642,497,SUCCESS,47691,0,,2820608,4788416,0,3355264,,,,,84,60,used,,,,20260909-1806
2026-09-09 18:09:46,HAUSP-UB[noL2+noEUCS],BMS1_SPMF,0,0,0.004000,0.000,1.000,7229030,59601,14,5622,5637,2,66,55,23077802,187,0,22934135,0.000000,0.035469,0.035693,78,0,59.54,23077941,23076064,1877,497,SUCCESS,143707,0,,2572032,4788416,0,3355264,,,,,88,48,used,,,,20260909-1806
2026-09-09 18:09:52,HAUSP-UB[noL2+noEUCS],BMS1_SPMF,0,1,0.004000,0.000,1.000,7229030,59601,14,5631,5645,2,66,55,23077802,187,0,22934135,0.000000,0.035469,0.035693,78,0,60.08,23077941,23076064,1877,497,SUCCESS,143707,0,,2572032,4788416,0,3355264,,,,,88,48,used,,,,20260909-1806
2026-09-09 18:09:59,HAUSP-UB[noL2+noEUCS],BMS1_SPMF,0,2,0.004000,0.000,1.000,7229030,59601,12,5641,5653,2,66,56,23077802,187,0,22934135,0.000000,0.035469,0.035693,78,0,59.31,23077941,23076064,1877,497,SUCCESS,143707,0,,2572032,4788416,0,3355264,,,,,88,48,used,,,,20260909-1806
2026-09-09 18:10:24,HAUSP-UB[noL2+noEUCS],BMS1_SPMF,0,0,0.003500,0.000,1.000,7229030,59601,12,25362,25374,2,309,263,103110382,170,0,102437101,0.000000,0.039763,0.039814,93,0,60.46,103110515,103108425,2090,497,SUCCESS,673331,0,,2725888,4788416,0,3355264,,,,,87,37,used,,,,20260909-1806
2026-09-09 18:10:50,HAUSP-UB[noL2+noEUCS],BMS1_SPMF,0,1,0.003500,0.000,1.000,7229030,59601,14,25270,25284,2,307,261,103110382,170,0,102437101,0.000000,0.039763,0.039814,93,0,60.58,103110515,103108425,2090,497,SUCCESS,673331,0,,2725888,4788416,0,3355264,,,,,87,37,used,,,,20260909-1806
2026-09-09 18:11:16,HAUSP-UB[noL2+noEUCS],BMS1_SPMF,0,2,0.003500,0.000,1.000,7229030,59601,12,25428,25441,2,311,262,103110382,170,0,102437101,0.000000,0.039763,0.039814,93,0,60.12,103110515,103108425,2090,497,SUCCESS,673331,0,,2725888,4788416,0,3355264,,,,,87,37,used,,,,20260909-1806
2026-09-09 18:12:49,HAUSP-UB[noL2+noEUCS],FIFA,0,0,0.012000,0.000,1.000,35721991,20450,28,92529,92557,7,149,56,22652772,2701,0,22524015,0.000000,0.096915,0.097026,334,0,359.21,22655308,22651107,4201,2990,SUCCESS,128691,0,,127139840,23714944,0,16070656,,,,,99,165,used,,,,20260909-1806
2026-09-09 18:14:22,HAUSP-UB[noL2+noEUCS],FIFA,0,1,0.012000,0.000,1.000,35721991,20450,33,91986,92019,8,145,55,22652772,2701,0,22524015,0.000000,0.096915,0.097026,334,0,327.40,22655308,22651107,4201,2990,SUCCESS,128691,0,,118325248,23714944,0,16070656,,,,,99,165,used,,,,20260909-1806
2026-09-09 18:15:55,HAUSP-UB[noL2+noEUCS],FIFA,0,2,0.012000,0.000,1.000,35721991,20450,29,92217,92246,7,148,56,22652772,2701,0,22524015,0.000000,0.096915,0.097026,334,0,319.81,22655308,22651107,4201,2990,SUCCESS,128691,0,,127205376,23714944,0,16070656,,,,,99,165,used,,,,20260909-1806
2026-09-09 18:17:50,HAUSP-UB[noL2+noEUCS],FIFA,0,0,0.011000,0.000,1.000,35721991,20450,31,114411,114442,8,178,71,30631727,2688,0,30461056,0.000000,0.100327,0.100428,555,0,324.80,30634249,30630005,4244,2990,SUCCESS,170616,0,,118128640,23714944,0,16070656,,,,,111,166,used,,,,20260909-1806
2026-09-09 18:19:45,HAUSP-UB[noL2+noEUCS],FIFA,0,1,0.011000,0.000,1.000,35721991,20450,29,114574,114603,7,193,73,30631727,2688,0,30461056,0.000000,0.100327,0.100428,555,0,328.78,30634249,30630005,4244,2990,SUCCESS,170616,0,,126877696,23714944,0,16070656,,,,,111,166,used,,,,20260909-1806
2026-09-09 18:21:40,HAUSP-UB[noL2+noEUCS],FIFA,0,2,0.011000,0.000,1.000,35721991,20450,31,114359,114391,8,194,73,30631727,2688,0,30461056,0.000000,0.100327,0.100428,555,0,326.21,30634249,30630005,4244,2990,SUCCESS,170616,0,,127860736,23714944,0,16070656,,,,,111,166,used,,,,20260909-1806
2026-09-09 18:24:07,HAUSP-UB[noL2+noEUCS],FIFA,0,0,0.010000,0.000,1.000,35721991,20450,31,146368,146399,8,252,99,44846598,2684,0,44612227,0.000000,0.103822,0.103913,884,0,340.89,44849101,44844663,4438,2990,SUCCESS,234304,0,,136179712,23714944,0,16070656,,,,,114,181,used,,,,20260909-1806
2026-09-09 18:26:34,HAUSP-UB[noL2+noEUCS],FIFA,0,1,0.010000,0.000,1.000,35721991,20450,30,147025,147055,8,253,101,44846598,2684,0,44612227,0.000000,0.103822,0.103913,884,0,338.14,44849101,44844663,4438,2990,SUCCESS,234304,0,,126517248,23714944,0,16070656,,,,,114,181,used,,,,20260909-1806
2026-09-09 18:29:02,HAUSP-UB[noL2+noEUCS],FIFA,0,2,0.010000,0.000,1.000,35721991,20450,30,147095,147126,8,252,99,44846598,2684,0,44612227,0.000000,0.103822,0.103913,884,0,358.84,44849101,44844663,4438,2990,SUCCESS,234304,0,,136376320,23714944,0,16070656,,,,,114,181,used,,,,20260909-1806
2026-09-09 18:31:50,HAUSP-UB[noL2+noEUCS],FIFA,0,0,0.009500,0.000,1.000,35721991,20450,31,167306,167338,8,298,118,53839019,2681,0,53561265,0.000000,0.105478,0.105564,1023,0,343.89,53841519,53837027,4492,2990,SUCCESS,277690,0,,149028864,23714944,0,16070656,,,,,117,181,used,,,,20260909-1806
2026-09-09 18:34:38,HAUSP-UB[noL2+noEUCS],FIFA,0,1,0.009500,0.000,1.000,35721991,20450,33,167858,167892,9,298,117,53839019,2681,0,53561265,0.000000,0.105478,0.105564,1023,0,347.27,53841519,53837027,4492,2990,SUCCESS,277690,0,,132841472,23714944,0,16070656,,,,,117,181,used,,,,20260909-1806
2026-09-09 18:37:27,HAUSP-UB[noL2+noEUCS],FIFA,0,2,0.009500,0.000,1.000,35721991,20450,30,167669,167700,8,291,118,53839019,2681,0,53561265,0.000000,0.105478,0.105564,1023,0,350.78,53841519,53837027,4492,2990,SUCCESS,277690,0,,149094400,23714944,0,16070656,,,,,117,181,used,,,,20260909-1806
2026-09-09 18:40:40,HAUSP-UB[noL2+noEUCS],FIFA,0,0,0.009000,0.000,1.000,35721991,20450,31,192542,192573,8,342,139,65063620,2664,0,64731686,0.000000,0.107228,0.107311,1174,0,343.57,65066100,65061560,4540,2990,SUCCESS,331894,0,,152600576,23714944,0,16070656,,,,,144,184,used,,,,20260909-1806
2026-09-09 18:43:53,HAUSP-UB[noL2+noEUCS],FIFA,0,1,0.009000,0.000,1.000,35721991,20450,33,192987,193020,8,345,141,65063620,2664,0,64731686,0.000000,0.107228,0.107311,1174,0,365.21,65066100,65061560,4540,2990,SUCCESS,331894,0,,152600576,23714944,0,16070656,,,,,144,184,used,,,,20260909-1806
2026-09-09 18:47:05,HAUSP-UB[noL2+noEUCS],FIFA,0,2,0.009000,0.000,1.000,35721991,20450,31,191207,191238,8,345,141,65063620,2664,0,64731686,0.000000,0.107228,0.107311,1174,0,363.90,65066100,65061560,4540,2990,SUCCESS,331894,0,,144179200,23714944,0,16070656,,,,,144,184,used,,,,20260909-1806
2026-09-09 18:47:16,HAUSP-UB[noL2+noEUCS],KOSARAK,0,0,0.008000,0.000,1.000,400890653,990002,300,8082,8382,54,5,1,780045,40059,0,776593,0.000000,0.027560,0.038911,21,0,1765.73,818267,774698,43569,41270,SUCCESS,2385,0,,0,256608480,0,187468288,,,,,770,1837,used,,,,20260909-1806
2026-09-09 18:47:25,HAUSP-UB[noL2+noEUCS],KOSARAK,0,1,0.008000,0.000,1.000,400890653,990002,298,8057,8356,54,4,1,780045,40059,0,776593,0.000000,0.027560,0.038911,21,0,1752.72,818267,774698,43569,41270,SUCCESS,2385,0,,0,256608480,0,187468288,,,,,770,1837,used,,,,20260909-1806
2026-09-09 18:47:34,HAUSP-UB[noL2+noEUCS],KOSARAK,0,2,0.008000,0.000,1.000,400890653,990002,338,8032,8370,53,4,1,780045,40059,0,776593,0.000000,0.027560,0.038911,21,0,1761.47,818267,774698,43569,41270,SUCCESS,2385,0,,0,256608480,0,187468288,,,,,770,1837,used,,,,20260909-1806
2026-09-09 18:47:46,HAUSP-UB[noL2+noEUCS],KOSARAK,0,0,0.007000,0.000,1.000,400890653,990002,299,10686,10985,54,7,1,1441146,39715,0,1437002,0.000000,0.026038,0.035451,29,0,1753.47,1479142,1434854,44288,41270,SUCCESS,3415,0,,0,256608480,0,187468288,,,,,990,1719,used,,,,20260909-1806
2026-09-09 18:47:58,HAUSP-UB[noL2+noEUCS],KOSARAK,0,1,0.007000,0.000,1.000,400890653,990002,302,10801,11104,52,7,1,1441146,39715,0,1437002,0.000000,0.026038,0.035451,29,0,1759.39,1479142,1434854,44288,41270,SUCCESS,3415,0,,0,256608480,0,187468288,,,,,990,1719,used,,,,20260909-1806
2026-09-09 18:48:10,HAUSP-UB[noL2+noEUCS],KOSARAK,0,2,0.007000,0.000,1.000,400890653,990002,301,10779,11080,55,7,2,1441146,39715,0,1437002,0.000000,0.026038,0.035451,29,0,1761.03,1479142,1434854,44288,41270,SUCCESS,3415,0,,0,256608480,0,187468288,,,,,990,1719,used,,,,20260909-1806
2026-09-09 18:48:26,HAUSP-UB[noL2+noEUCS],KOSARAK,0,0,0.006000,0.000,1.000,400890653,990002,299,14519,14819,54,11,2,2609572,39310,0,2604261,0.000000,0.026535,0.034021,38,0,2289.01,2647296,2601932,45364,41270,SUCCESS,4936,0,,334217216,256608480,0,187468288,,,,,1211,1586,used,,,,20260909-1806
2026-09-09 18:48:41,HAUSP-UB[noL2+noEUCS],KOSARAK,0,1,0.006000,0.000,1.000,400890653,990002,298,14594,14893,52,11,2,2609572,39310,0,2604261,0.000000,0.026535,0.034021,38,0,2272.92,2647296,2601932,45364,41270,SUCCESS,4936,0,,334217216,256608480,0,187468288,,,,,1211,1586,used,,,,20260909-1806
2026-09-09 18:48:57,HAUSP-UB[noL2+noEUCS],KOSARAK,0,2,0.006000,0.000,1.000,400890653,990002,299,14514,14814,54,10,2,2609572,39310,0,2604261,0.000000,0.026535,0.034021,38,0,2265.05,2647296,2601932,45364,41270,SUCCESS,4936,0,,334217216,256608480,0,187468288,,,,,1211,1586,used,,,,20260909-1806
2026-09-09 18:49:21,HAUSP-UB[noL2+noEUCS],KOSARAK,0,0,0.005000,0.000,1.000,400890653,990002,299,23025,23325,54,19,4,5996043,38834,0,5987568,0.000000,0.027005,0.032215,44,0,2449.01,6033455,5986798,46657,41270,SUCCESS,8432,0,,418265088,256608480,0,187468288,,,,,1379,1422,used,,,,20260909-1806
2026-09-09 18:49:46,HAUSP-UB[noL2+noEUCS],KOSARAK,0,1,0.005000,0.000,1.000,400890653,990002,300,23234,23534,54,19,5,5996043,38834,0,5987568,0.000000,0.027005,0.032215,44,0,2448.78,6033455,5986798,46657,41270,SUCCESS,8432,0,,418265088,256608480,0,187468288,,,,,1379,1422,used,,,,20260909-1806
2026-09-09 18:50:10,HAUSP-UB[noL2+noEUCS],KOSARAK,0,2,0.005000,0.000,1.000,400890653,990002,299,23094,23394,54,19,4,5996043,38834,0,5987568,0.000000,0.027005,0.032215,44,0,2441.19,6033455,5986798,46657,41270,SUCCESS,8432,0,,418265088,256608480,0,187468288,,,,,1379,1422,used,,,,20260909-1806
2026-09-09 18:50:54,HAUSP-UB[noL2+noEUCS],KOSARAK,0,0,0.004000,0.000,1.000,400890653,990002,299,42507,42807,54,40,10,16590936,38222,0,16574309,0.000000,0.027519,0.030676,61,0,2721.47,16628035,16578863,49172,41270,SUCCESS,17119,0,,554775552,256608480,0,187468288,,,,,1615,1123,used,,,,20260909-1806
2026-09-09 18:51:37,HAUSP-UB[noL2+noEUCS],KOSARAK,0,1,0.004000,0.000,1.000,400890653,990002,301,42581,42882,55,41,10,16590936,38222,0,16574309,0.000000,0.027519,0.030676,61,0,2729.47,16628035,16578863,49172,41270,SUCCESS,17119,0,,554775552,256608480,0,187468288,,,,,1615,1123,used,,,,20260909-1806
2026-09-09 18:52:21,HAUSP-UB[noL2+noEUCS],KOSARAK,0,2,0.004000,0.000,1.000,400890653,990002,305,42554,42859,56,41,10,16590936,38222,0,16574309,0.000000,0.027519,0.030676,61,0,2753.47,16628035,16578863,49172,41270,SUCCESS,17119,0,,554775552,256608480,0,187468288,,,,,1615,1123,used,,,,20260909-1806
2026-09-09 18:54:15,HAUSP-UB[noL2+noEUCS],KOSARAK,0,0,0.003000,0.000,1.000,400890653,990002,296,113080,113376,52,130,33,71686014,37724,0,71631760,0.000000,0.027545,0.028679,103,0,2897.45,71722643,71669648,52995,41270,SUCCESS,54696,0,,786210816,256608480,0,187468288,,,,,1537,1095,used,,,,20260909-1806
2026-09-09 18:56:09,HAUSP-UB[noL2+noEUCS],KOSARAK,0,1,0.003000,0.000,1.000,400890653,990002,297,112659,112957,54,132,32,71686014,37724,0,71631760,0.000000,0.027545,0.028679,103,0,2897.45,71722643,71669648,52995,41270,SUCCESS,54696,0,,786210816,256608480,0,187468288,,,,,1537,1095,used,,,,20260909-1806
2026-09-09 18:58:04,HAUSP-UB[noL2+noEUCS],KOSARAK,0,2,0.003000,0.000,1.000,400890653,990002,296,113803,114100,54,129,32,71686014,37724,0,71631760,0.000000,0.027545,0.028679,103,0,3225.19,71722643,71669648,52995,41270,SUCCESS,54696,0,,786210816,256608480,0,187468288,,,,,1537,1095,used,,,,20260909-1806
2026-09-09 18:58:06,HAUSP-UB[noL2+noEUCS],LEVIATHAN,0,0,0.006000,0.000,1.000,14156241,5834,12,688,700,3,3,2,1043480,8654,0,1037084,0.000000,0.319665,0.332578,1296,0,98.42,1051816,1041412,10404,9025,SUCCESS,6267,0,,29563648,6312032,0,5128320,,,,,189,318,used,,,,20260909-1806
2026-09-09 18:58:07,HAUSP-UB[noL2+noEUCS],LEVIATHAN,0,1,0.006000,0.000,1.000,14156241,5834,14,691,706,3,3,2,1043480,8654,0,1037084,0.000000,0.319665,0.332578,1296,0,83.32,1051816,1041412,10404,9025,SUCCESS,6267,0,,29563648,6312032,0,5128320,,,,,189,318,used,,,,20260909-1806
2026-09-09 18:58:08,HAUSP-UB[noL2+noEUCS],LEVIATHAN,0,2,0.006000,0.000,1.000,14156241,5834,15,691,707,3,3,2,1043480,8654,0,1037084,0.000000,0.319665,0.332578,1296,0,83.28,1051816,1041412,10404,9025,SUCCESS,6267,0,,29563648,6312032,0,5128320,,,,,189,318,used,,,,20260909-1806
2026-09-09 18:58:09,HAUSP-UB[noL2+noEUCS],LEVIATHAN,0,0,0.005000,0.000,1.000,14156241,5834,15,869,885,3,5,3,1720862,8593,0,1711548,0.000000,0.333641,0.346442,1983,0,97.79,1729092,1718444,10648,9025,SUCCESS,9161,0,,36619776,6312032,0,5128320,,,,,210,363,used,,,,20260909-1806
2026-09-09 18:58:11,HAUSP-UB[noL2+noEUCS],LEVIATHAN,0,1,0.005000,0.000,1.000,14156241,5834,13,865,879,3,5,3,1720862,8593,0,1711548,0.000000,0.333641,0.346442,1983,0,91.69,1729092,1718444,10648,9025,SUCCESS,9161,0,,36619776,6312032,0,5128320,,,,,210,363,used,,,,20260909-1806
2026-09-09 18:58:12,HAUSP-UB[noL2+noEUCS],LEVIATHAN,0,2,0.005000,0.000,1.000,14156241,5834,15,871,887,3,4,3,1720862,8593,0,1711548,0.000000,0.333641,0.346442,1983,0,98.13,1729092,1718444,10648,9025,SUCCESS,9161,0,,36619776,6312032,0,5128320,,,,,210,363,used,,,,20260909-1806
2026-09-09 18:58:14,HAUSP-UB[noL2+noEUCS],LEVIATHAN,0,0,0.004000,0.000,1.000,14156241,5834,15,1160,1176,3,7,5,3165669,8502,0,3150917,0.000000,0.349138,0.361933,3310,0,109.68,3173741,3162614,11127,9025,SUCCESS,14559,0,,42202368,6312032,0,5128320,,,,,237,430,used,,,,20260909-1806
2026-09-09 18:58:15,HAUSP-UB[noL2+noEUCS],LEVIATHAN,0,1,0.004000,0.000,1.000,14156241,5834,18,1160,1179,3,7,5,3165669,8502,0,3150917,0.000000,0.349138,0.361933,3310,0,108.34,3173741,3162614,11127,9025,SUCCESS,14559,0,,42202368,6312032,0,5128320,,,,,237,430,used,,,,20260909-1806
2026-09-09 18:58:17,HAUSP-UB[noL2+noEUCS],LEVIATHAN,0,2,0.004000,0.000,1.000,14156241,5834,16,1158,1175,3,7,5,3165669,8502,0,3150917,0.000000,0.349138,0.361933,3310,0,108.39,3173741,3162614,11127,9025,SUCCESS,14559,0,,42202368,6312032,0,5128320,,,,,237,430,used,,,,20260909-1806
2026-09-09 18:58:19,HAUSP-UB[noL2+noEUCS],LEVIATHAN,0,0,0.003000,0.000,1.000,14156241,5834,14,1680,1694,3,13,10,6599011,8336,0,6572293,0.000000,0.366961,0.379732,6511,0,127.95,6606788,6594896,11892,9025,SUCCESS,26495,0,,51799936,6312032,0,5128320,,,,,336,559,used,,,,20260909-1806
2026-09-09 18:58:21,HAUSP-UB[noL2+noEUCS],LEVIATHAN,0,1,0.003000,0.000,1.000,14156241,5834,16,1692,1708,3,14,10,6599011,8336,0,6572293,0.000000,0.366961,0.379732,6511,0,122.83,6606788,6594896,11892,9025,SUCCESS,26495,0,,51799936,6312032,0,5128320,,,,,336,559,used,,,,20260909-1806
2026-09-09 18:58:23,HAUSP-UB[noL2+noEUCS],LEVIATHAN,0,2,0.003000,0.000,1.000,14156241,5834,15,1687,1703,3,13,10,6599011,8336,0,6572293,0.000000,0.366961,0.379732,6511,0,127.26,6606788,6594896,11892,9025,SUCCESS,26495,0,,51799936,6312032,0,5128320,,,,,336,559,used,,,,20260909-1806
2026-09-09 18:58:27,HAUSP-UB[noL2+noEUCS],LEVIATHAN,0,0,0.002000,0.000,1.000,14156241,5834,14,2856,2870,3,31,24,17058202,8072,0,16996227,0.000000,0.390816,0.403422,16459,0,154.77,17065557,17052423,13134,9025,SUCCESS,61706,0,,65043200,6312032,0,5128320,,,,,448,717,used,,,,20260909-1806
2026-09-09 18:58:30,HAUSP-UB[noL2+noEUCS],LEVIATHAN,0,1,0.002000,0.000,1.000,14156241,5834,15,2862,2877,3,31,24,17058202,8072,0,16996227,0.000000,0.390816,0.403422,16459,0,149.06,17065557,17052423,13134,9025,SUCCESS,61706,0,,65043200,6312032,0,5128320,,,,,448,717,used,,,,20260909-1806
2026-09-09 18:58:33,HAUSP-UB[noL2+noEUCS],LEVIATHAN,0,2,0.002000,0.000,1.000,14156241,5834,15,2852,2868,3,31,24,17058202,8072,0,16996227,0.000000,0.390816,0.403422,16459,0,154.33,17065557,17052423,13134,9025,SUCCESS,61706,0,,65043200,6312032,0,5128320,,,,,448,717,used,,,,20260909-1806
2026-09-09 18:58:35,HAUSP-UB[noL2+noEUCS],SIGN,0,0,0.009000,0.000,1.000,1668652,730,7,1206,1213,1,18,16,6239355,67,0,6198914,0.000000,0.117371,0.117661,204,0,24.90,6239396,6238136,1260,267,SUCCESS,40470,0,,5934080,1214656,0,905472,,,,,55,26,used,,,,20260909-1806
2026-09-09 18:58:37,HAUSP-UB[noL2+noEUCS],SIGN,0,1,0.009000,0.000,1.000,1668652,730,4,1221,1226,0,19,16,6239355,67,0,6198914,0.000000,0.117371,0.117661,204,0,24.91,6239396,6238136,1260,267,SUCCESS,40470,0,,5934080,1214656,0,905472,,,,,55,26,used,,,,20260909-1806
2026-09-09 18:58:38,HAUSP-UB[noL2+noEUCS],SIGN,0,2,0.009000,0.000,1.000,1668652,730,5,1220,1225,1,19,16,6239355,67,0,6198914,0.000000,0.117371,0.117661,204,0,24.90,6239396,6238136,1260,267,SUCCESS,40470,0,,5934080,1214656,0,905472,,,,,55,26,used,,,,20260909-1806
2026-09-09 18:58:40,HAUSP-UB[noL2+noEUCS],SIGN,0,0,0.008000,0.000,1.000,1668652,730,6,1494,1500,1,25,21,8417656,63,0,8363682,0.000000,0.123158,0.123390,309,0,24.89,8417695,8416352,1343,267,SUCCESS,54004,0,,5803392,1214656,0,905472,,,,,54,24,used,,,,20260909-1806
2026-09-09 18:58:42,HAUSP-UB[noL2+noEUCS],SIGN,0,1,0.008000,0.000,1.000,1668652,730,4,1485,1490,1,25,21,8417656,63,0,8363682,0.000000,0.123158,0.123390,309,0,24.89,8417695,8416352,1343,267,SUCCESS,54004,0,,5803392,1214656,0,905472,,,,,54,24,used,,,,20260909-1806
2026-09-09 18:58:44,HAUSP-UB[noL2+noEUCS],SIGN,0,2,0.008000,0.000,1.000,1668652,730,7,1468,1476,1,24,21,8417656,63,0,8363682,0.000000,0.123158,0.123390,309,0,24.89,8417695,8416352,1343,267,SUCCESS,54004,0,,5803392,1214656,0,905472,,,,,54,24,used,,,,20260909-1806
2026-09-09 18:58:46,HAUSP-UB[noL2+noEUCS],SIGN,0,0,0.007000,0.000,1.000,1668652,730,5,1859,1865,1,34,29,11702773,59,0,11628082,0.000000,0.129924,0.130109,527,0,25.27,11702809,11701374,1435,267,SUCCESS,74722,0,,6110208,1214656,0,905472,,,,,54,23,used,,,,20260909-1806
2026-09-09 18:58:48,HAUSP-UB[noL2+noEUCS],SIGN,0,1,0.007000,0.000,1.000,1668652,730,6,1858,1865,1,34,29,11702773,59,0,11628082,0.000000,0.129924,0.130109,527,0,25.27,11702809,11701374,1435,267,SUCCESS,74722,0,,6110208,1214656,0,905472,,,,,54,23,used,,,,20260909-1806
2026-09-09 18:58:51,HAUSP-UB[noL2+noEUCS],SIGN,0,2,0.007000,0.000,1.000,1668652,730,7,1855,1862,1,34,29,11702773,59,0,11628082,0.000000,0.129924,0.130109,527,0,25.27,11702809,11701374,1435,267,SUCCESS,74722,0,,6110208,1214656,0,905472,,,,,54,23,used,,,,20260909-1806
2026-09-09 18:58:53,HAUSP-UB[noL2+noEUCS],SIGN,0,0,0.006000,0.000,1.000,1668652,730,6,2420,2427,1,49,42,17024763,50,0,16916281,0.000000,0.137873,0.138006,966,0,25.20,17024795,17023265,1530,267,SUCCESS,108524,0,,6001152,1214656,0,905472,,,,,60,18,used,,,,20260909-1806
2026-09-09 18:58:56,HAUSP-UB[noL2+noEUCS],SIGN,0,1,0.006000,0.000,1.000,1668652,730,7,2424,2431,1,49,42,17024763,50,0,16916281,0.000000,0.137873,0.138006,966,0,25.20,17024795,17023265,1530,267,SUCCESS,108524,0,,6001152,1214656,0,905472,,,,,60,18,used,,,,20260909-1806
2026-09-09 18:58:59,HAUSP-UB[noL2+noEUCS],SIGN,0,2,0.006000,0.000,1.000,1668652,730,4,2432,2437,1,49,42,17024763,50,0,16916281,0.000000,0.137873,0.138006,966,0,25.20,17024795,17023265,1530,267,SUCCESS,108524,0,,6001152,1214656,0,905472,,,,,60,18,used,,,,20260909-1806
2026-09-09 18:59:03,HAUSP-UB[noL2+noEUCS],SIGN,0,0,0.005000,0.000,1.000,1668652,730,6,3343,3350,1,77,66,26346746,41,0,26177235,0.000000,0.147657,0.147748,1907,0,25.27,26346774,26345146,1628,267,SUCCESS,169561,0,,6083584,1214656,0,905472,,,,,63,13,used,,,,20260909-1806
2026-09-09 18:59:06,HAUSP-UB[noL2+noEUCS],SIGN,0,1,0.005000,0.000,1.000,1668652,730,5,3357,3363,1,77,66,26346746,41,0,26177235,0.000000,0.147657,0.147748,1907,0,25.27,26346774,26345146,1628,267,SUCCESS,169561,0,,6083584,1214656,0,905472,,,,,63,13,used,,,,20260909-1806
2026-09-09 18:59:10,HAUSP-UB[noL2+noEUCS],SIGN,0,2,0.005000,0.000,1.000,1668652,730,5,3359,3365,1,78,67,26346746,41,0,26177235,0.000000,0.147657,0.147748,1907,0,25.27,26346774,26345146,1628,267,SUCCESS,169561,0,,6083584,1214656,0,905472,,,,,63,13,used,,,,20260909-1806
2026-09-09 18:59:16,HAUSP-UB[noL2+noEUCS],SIGN,0,0,0.004000,0.000,1.000,1668652,730,4,4991,4996,1,132,114,44724742,39,0,44431716,0.000000,0.159872,0.159925,4479,0,25.27,44724762,44722975,1787,267,SUCCESS,293068,0,,6089728,1214656,0,905472,,,,,61,19,used,,,,20260909-1806
2026-09-09 18:59:21,HAUSP-UB[noL2+noEUCS],SIGN,0,1,0.004000,0.000,1.000,1668652,730,7,4974,4981,1,130,114,44724742,39,0,44431716,0.000000,0.159872,0.159925,4479,0,25.54,44724762,44722975,1787,267,SUCCESS,293068,0,,9033088,1214656,0,905472,,,,,61,19,used,,,,20260909-1806
2026-09-09 18:59:26,HAUSP-UB[noL2+noEUCS],SIGN,0,2,0.004000,0.000,1.000,1668652,730,4,4986,4991,0,131,114,44724742,39,0,44431716,0.000000,0.159872,0.159925,4479,0,25.61,44724762,44722975,1787,267,SUCCESS,293068,0,,9033088,1214656,0,905472,,,,,61,19,used,,,,20260909-1806
2026-09-09 18:59:35,HAUSP-UB[noL2+noEUCS],SIGN,0,0,0.003000,0.000,1.000,1668652,730,7,8209,8216,1,262,230,87193705,32,0,86599804,0.000000,0.176058,0.176085,12666,0,26.57,87193723,87191821,1902,267,SUCCESS,593947,0,,9620992,1214656,0,905472,,,,,60,14,used,,,,20260909-1806
2026-09-09 18:59:44,HAUSP-UB[noL2+noEUCS],SIGN,0,1,0.003000,0.000,1.000,1668652,730,7,8237,8244,1,261,230,87193705,32,0,86599804,0.000000,0.176058,0.176085,12666,0,26.38,87193723,87191821,1902,267,SUCCESS,593947,0,,9620992,1214656,0,905472,,,,,60,14,used,,,,20260909-1806
2026-09-09 18:59:52,HAUSP-UB[noL2+noEUCS],SIGN,0,2,0.003000,0.000,1.000,1668652,730,7,8245,8252,1,261,230,87193705,32,0,86599804,0.000000,0.176058,0.176085,12666,0,26.19,87193723,87191821,1902,267,SUCCESS,593947,0,,9620992,1214656,0,905472,,,,,60,14,used,,,,20260909-1806
2026-09-09 18:59:53,HAUSP-UB[noL2+noEUCS],C8T1S5I8N5K,0,0,0.000300,0.000,1.000,47416411,47133,77,339,416,9,10,11,641061,55737,0,605207,0.000000,0.150070,0.168666,354,0,520.09,681299,611443,69856,68240,SUCCESS,28851,0,,662784,22186560,0,21455616,,,,,8496,15499,used,,,,20260909-1806
2026-09-09 18:59:54,HAUSP-UB[noL2+noEUCS],C8T1S5I8N5K,0,1,0.000300,0.000,1.000,47416411,47133,73,240,313,9,8,11,641061,55737,0,605207,0.000000,0.150070,0.168666,354,0,515.75,681299,611443,69856,68240,SUCCESS,28851,0,,662784,22186560,0,21455616,,,,,8496,15499,used,,,,20260909-1806
2026-09-09 18:59:55,HAUSP-UB[noL2+noEUCS],C8T1S5I8N5K,0,2,0.000300,0.000,1.000,47416411,47133,75,240,315,10,8,11,641061,55737,0,605207,0.000000,0.150070,0.168666,354,0,514.55,681299,611443,69856,68240,SUCCESS,28851,0,,662784,22186560,0,21455616,,,,,8496,15499,used,,,,20260909-1806
2026-09-09 18:59:56,HAUSP-UB[noL2+noEUCS],C8T1S5I8N5K,0,0,0.000250,0.000,1.000,47416411,47133,72,435,508,10,16,19,1312743,51908,0,1257131,0.000000,0.184606,0.199242,858,0,517.51,1348684,1278525,70159,68240,SUCCESS,49892,0,,766976,22186560,0,21455616,,,,,10247,15967,used,,,,20260909-1806
2026-09-09 18:59:57,HAUSP-UB[noL2+noEUCS],C8T1S5I8N5K,0,1,0.000250,0.000,1.000,47416411,47133,72,431,504,10,16,19,1312743,51908,0,1257131,0.000000,0.184606,0.199242,858,0,522.25,1348684,1278525,70159,68240,SUCCESS,49892,0,,766976,22186560,0,21455616,,,,,10247,15967,used,,,,20260909-1806
2026-09-09 18:59:58,HAUSP-UB[noL2+noEUCS],C8T1S5I8N5K,0,2,0.000250,0.000,1.000,47416411,47133,73,431,504,10,16,19,1312743,51908,0,1257131,0.000000,0.184606,0.199242,858,0,522.89,1348684,1278525,70159,68240,SUCCESS,49892,0,,766976,22186560,0,21455616,,,,,10247,15967,used,,,,20260909-1806
2026-09-09 18:59:59,HAUSP-UB[noL2+noEUCS],C8T1S5I8N5K,0,0,0.000200,0.000,1.000,47416411,47133,73,810,883,9,33,35,3020056,46615,0,2925829,0.000000,0.208598,0.219840,2623,0,531.49,3050997,2980326,70671,68240,SUCCESS,91130,0,,1425792,22186560,0,21455616,,,,,12577,15674,used,,,,20260909-1806
2026-09-09 19:00:00,HAUSP-UB[noL2+noEUCS],C8T1S5I8N5K,0,1,0.000200,0.000,1.000,47416411,47133,73,810,884,9,33,35,3020056,46615,0,2925829,0.000000,0.208598,0.219840,2623,0,531.71,3050997,2980326,70671,68240,SUCCESS,91130,0,,1425792,22186560,0,21455616,,,,,12577,15674,used,,,,20260909-1806
2026-09-09 19:00:02,HAUSP-UB[noL2+noEUCS],C8T1S5I8N5K,0,2,0.000200,0.000,1.000,47416411,47133,74,811,885,10,33,35,3020056,46615,0,2925829,0.000000,0.208598,0.219840,2623,0,531.69,3050997,2980326,70671,68240,SUCCESS,91130,0,,1425792,22186560,0,21455616,,,,,12577,15674,used,,,,20260909-1806
2026-09-09 19:00:04,HAUSP-UB[noL2+noEUCS],C8T1S5I8N5K,0,0,0.000150,0.000,1.000,47416411,47133,74,1759,1834,10,80,79,8082648,40238,0,7878838,0.000000,0.247764,0.254812,10089,0,539.28,8107389,8036140,71249,68240,SUCCESS,202753,0,,1439872,22186560,0,21455616,,,,,14440,15497,used,,,,20260909-1806
2026-09-09 19:00:06,HAUSP-UB[noL2+noEUCS],C8T1S5I8N5K,0,1,0.000150,0.000,1.000,47416411,47133,76,1760,1837,10,79,79,8082648,40238,0,7878838,0.000000,0.247764,0.254812,10089,0,539.71,8107389,8036140,71249,68240,SUCCESS,202753,0,,1439872,22186560,0,21455616,,,,,14440,15497,used,,,,20260909-1806
2026-09-09 19:00:09,HAUSP-UB[noL2+noEUCS],C8T1S5I8N5K,0,2,0.000150,0.000,1.000,47416411,47133,74,1761,1835,10,79,79,8082648,40238,0,7878838,0.000000,0.247764,0.254812,10089,0,539.41,8107389,8036140,71249,68240,SUCCESS,202753,0,,1439872,22186560,0,21455616,,,,,14440,15497,used,,,,20260909-1806
2026-09-09 19:00:15,HAUSP-UB[noL2+noEUCS],C8T1S5I8N5K,0,0,0.000100,0.000,1.000,47416411,47133,73,5338,5412,10,269,257,28770314,30939,0,28115949,0.000000,0.303627,0.306839,48018,0,542.75,28787625,28715646,71979,68240,SUCCESS,657890,0,,2201728,22186560,0,21455616,,,,,17153,13628,used,,,,20260909-1806
2026-09-09 19:00:20,HAUSP-UB[noL2+noEUCS],C8T1S5I8N5K,0,1,0.000100,0.000,1.000,47416411,47133,73,5023,5097,10,269,257,28770314,30939,0,28115949,0.000000,0.303627,0.306839,48018,0,543.35,28787625,28715646,71979,68240,SUCCESS,657890,0,,2201728,22186560,0,21455616,,,,,17153,13628,used,,,,20260909-1806
2026-09-09 19:00:26,HAUSP-UB[noL2+noEUCS],C8T1S5I8N5K,0,2,0.000100,0.000,1.000,47416411,47133,73,5273,5347,10,269,256,28770314,30939,0,28115949,0.000000,0.303627,0.306839,48018,0,543.09,28787625,28715646,71979,68240,SUCCESS,657890,0,,2201728,22186560,0,21455616,,,,,17153,13628,used,,,,20260909-1806
# run_id=20260909-1900 git=f13bff2 jvm=26.0.1 heap=24g host=ThaiTMs-MacBook-Pro.local tree=MODIFIED(5) cmd=--exp 2 --algo HAUSP-UB[noL3+noEUCS] --repeats 3 --results-dir results-2026-09 --timeout 90 --resume
2026-09-09 19:00:33,HAUSP-UB[noL3+noEUCS],BIBLE,0,0,0.001000,0.000,1.000,35550162,36369,105,6510,6616,17,110,0,22809096,12820,22749754,0,0.000000,0.264856,0.272535,6713,0,301.51,22821150,22805983,15167,13905,SUCCESS,58576,0,,96495616,25186112,0,18466944,,,,,0,766,used,,,,20260909-1900
2026-09-09 19:00:41,HAUSP-UB[noL3+noEUCS],BIBLE,0,1,0.001000,0.000,1.000,35550162,36369,195,6466,6661,61,109,0,22809096,12820,22749754,0,0.000000,0.264856,0.272535,6713,0,304.71,22821150,22805983,15167,13905,SUCCESS,58576,0,,93562880,25186112,0,18466944,,,,,0,766,used,,,,20260909-1900
2026-09-09 19:00:48,HAUSP-UB[noL3+noEUCS],BIBLE,0,2,0.001000,0.000,1.000,35550162,36369,48,6459,6508,9,108,0,22809096,12820,22749754,0,0.000000,0.264856,0.272535,6713,0,394.90,22821150,22805983,15167,13905,SUCCESS,58576,0,,97953792,25186112,0,18466944,,,,,0,766,used,,,,20260909-1900
2026-09-09 19:00:55,HAUSP-UB[noL3+noEUCS],BIBLE,0,0,0.000900,0.000,1.000,35550162,36369,39,7235,7275,10,134,0,28617945,12719,28545185,0,0.000000,0.269481,0.277205,8375,0,317.59,28629872,28614601,15271,13905,SUCCESS,71968,0,,102166528,25186112,0,18466944,,,,,0,792,used,,,,20260909-1900
2026-09-09 19:01:03,HAUSP-UB[noL3+noEUCS],BIBLE,0,1,0.000900,0.000,1.000,35550162,36369,35,7238,7274,10,134,0,28617945,12719,28545185,0,0.000000,0.269481,0.277205,8375,0,321.28,28629872,28614601,15271,13905,SUCCESS,71968,0,,103133184,25186112,0,18466944,,,,,0,792,used,,,,20260909-1900
2026-09-09 19:01:11,HAUSP-UB[noL3+noEUCS],BIBLE,0,2,0.000900,0.000,1.000,35550162,36369,36,7228,7264,10,134,0,28617945,12719,28545185,0,0.000000,0.269481,0.277205,8375,0,322.63,28629872,28614601,15271,13905,SUCCESS,71968,0,,103133184,25186112,0,18466944,,,,,0,792,used,,,,20260909-1900
2026-09-09 19:01:20,HAUSP-UB[noL3+noEUCS],BIBLE,0,0,0.000800,0.000,1.000,35550162,36369,36,8238,8274,10,160,0,36758984,12612,36667020,0,0.000000,0.274394,0.282160,10826,0,337.65,36770737,36755328,15409,13905,SUCCESS,91105,0,,110280704,25186112,0,18466944,,,,,0,859,used,,,,20260909-1900
2026-09-09 19:01:29,HAUSP-UB[noL3+noEUCS],BIBLE,0,1,0.000800,0.000,1.000,35550162,36369,36,8244,8280,10,162,0,36758984,12612,36667020,0,0.000000,0.274394,0.282160,10826,0,320.49,36770737,36755328,15409,13905,SUCCESS,91105,0,,104071168,25186112,0,18466944,,,,,0,859,used,,,,20260909-1900
2026-09-09 19:01:37,HAUSP-UB[noL3+noEUCS],BIBLE,0,2,0.000800,0.000,1.000,35550162,36369,35,8257,8293,10,161,0,36758984,12612,36667020,0,0.000000,0.274394,0.282160,10826,0,322.11,36770737,36755328,15409,13905,SUCCESS,91105,0,,104071168,25186112,0,18466944,,,,,0,859,used,,,,20260909-1900
2026-09-09 19:01:48,HAUSP-UB[noL3+noEUCS],BIBLE,0,0,0.000700,0.000,1.000,35550162,36369,35,9625,9661,10,213,0,48353882,12476,48234296,0,0.000000,0.279523,0.287338,14383,0,378.60,48365448,48349842,15606,13905,SUCCESS,118676,0,,117962752,25186112,0,18466944,,,,,0,910,used,,,,20260909-1900
2026-09-09 19:01:58,HAUSP-UB[noL3+noEUCS],BIBLE,0,1,0.000700,0.000,1.000,35550162,36369,36,9628,9664,10,218,0,48353882,12476,48234296,0,0.000000,0.279523,0.287338,14383,0,337.13,48365448,48349842,15606,13905,SUCCESS,118676,0,,118290432,25186112,0,18466944,,,,,0,910,used,,,,20260909-1900
2026-09-09 19:02:08,HAUSP-UB[noL3+noEUCS],BIBLE,0,2,0.000700,0.000,1.000,35550162,36369,37,9594,9632,10,215,0,48353882,12476,48234296,0,0.000000,0.279523,0.287338,14383,0,338.94,48365448,48349842,15606,13905,SUCCESS,118676,0,,118290432,25186112,0,18466944,,,,,0,910,used,,,,20260909-1900
2026-09-09 19:02:20,HAUSP-UB[noL3+noEUCS],BIBLE,0,0,0.000600,0.000,1.000,35550162,36369,36,11396,11433,10,298,0,66037839,12297,65874781,0,0.000000,0.285686,0.293578,20003,0,399.75,66049153,66033347,15806,13905,SUCCESS,162075,0,,126259200,25186112,0,18466944,,,,,0,983,used,,,,20260909-1900
2026-09-09 19:02:32,HAUSP-UB[noL3+noEUCS],BIBLE,0,1,0.000600,0.000,1.000,35550162,36369,41,11417,11458,12,293,0,66037839,12297,65874781,0,0.000000,0.285686,0.293578,20003,0,352.53,66049153,66033347,15806,13905,SUCCESS,162075,0,,126488576,25186112,0,18466944,,,,,0,983,used,,,,20260909-1900
2026-09-09 19:02:44,HAUSP-UB[noL3+noEUCS],BIBLE,0,2,0.000600,0.000,1.000,35550162,36369,36,11425,11461,10,273,0,66037839,12297,65874781,0,0.000000,0.285686,0.293578,20003,0,340.51,66049153,66033347,15806,13905,SUCCESS,162075,0,,126488576,25186112,0,18466944,,,,,0,983,used,,,,20260909-1900
2026-09-09 19:02:58,HAUSP-UB[noL3+noEUCS],BIBLE,0,0,0.000500,0.000,1.000,35550162,36369,36,14044,14080,10,405,0,94215589,12054,93980502,0,0.000000,0.293137,0.301143,29772,0,365.43,94226568,94210474,16094,13905,SUCCESS,234012,0,,135995904,25186112,0,18466944,,,,,0,1075,used,,,,20260909-1900
2026-09-09 19:03:13,HAUSP-UB[noL3+noEUCS],BIBLE,0,1,0.000500,0.000,1.000,35550162,36369,36,14032,14068,10,388,0,94215589,12054,93980502,0,0.000000,0.293137,0.301143,29772,0,382.85,94226568,94210474,16094,13905,SUCCESS,234012,0,,137945600,25186112,0,18466944,,,,,0,1075,used,,,,20260909-1900
2026-09-09 19:03:27,HAUSP-UB[noL3+noEUCS],BIBLE,0,2,0.000500,0.000,1.000,35550162,36369,35,13958,13994,10,400,0,94215589,12054,93980502,0,0.000000,0.293137,0.301143,29772,0,364.82,94226568,94210474,16094,13905,SUCCESS,234012,0,,135995904,25186112,0,18466944,,,,,0,1075,used,,,,20260909-1900
2026-09-09 19:03:28,HAUSP-UB[noL3+noEUCS],BMS1_SPMF,0,0,0.006000,0.000,1.000,7229030,59601,9,197,207,1,3,0,723673,224,719263,0,0.000000,0.033432,0.039517,45,0,56.00,723830,723045,785,497,SUCCESS,4343,0,,1398784,4788416,0,3355264,,,,,0,67,used,,,,20260909-1900
2026-09-09 19:03:29,HAUSP-UB[noL3+noEUCS],BMS1_SPMF,0,1,0.006000,0.000,1.000,7229030,59601,15,201,217,2,3,0,723673,224,719263,0,0.000000,0.033432,0.039517,45,0,56.00,723830,723045,785,497,SUCCESS,4343,0,,1398784,4788416,0,3355264,,,,,0,67,used,,,,20260909-1900
2026-09-09 19:03:30,HAUSP-UB[noL3+noEUCS],BMS1_SPMF,0,2,0.006000,0.000,1.000,7229030,59601,16,207,223,2,3,0,723673,224,719263,0,0.000000,0.033432,0.039517,45,0,55.98,723830,723045,785,497,SUCCESS,4343,0,,1398784,4788416,0,3355264,,,,,0,67,used,,,,20260909-1900
2026-09-09 19:03:31,HAUSP-UB[noL3+noEUCS],BMS1_SPMF,0,0,0.005000,0.000,1.000,7229030,59601,13,689,702,2,13,0,2832249,211,2815328,0,0.000000,0.031622,0.033346,53,0,55.95,2832397,2831575,822,497,SUCCESS,16858,0,,1410560,4788416,0,3355264,,,,,0,63,used,,,,20260909-1900
2026-09-09 19:03:32,HAUSP-UB[noL3+noEUCS],BMS1_SPMF,0,1,0.005000,0.000,1.000,7229030,59601,15,688,704,2,13,0,2832249,211,2815328,0,0.000000,0.031622,0.033346,53,0,55.99,2832397,2831575,822,497,SUCCESS,16858,0,,1410560,4788416,0,3355264,,,,,0,63,used,,,,20260909-1900
2026-09-09 19:03:33,HAUSP-UB[noL3+noEUCS],BMS1_SPMF,0,2,0.005000,0.000,1.000,7229030,59601,12,685,698,2,13,0,2832249,211,2815328,0,0.000000,0.031622,0.033346,53,0,55.98,2832397,2831575,822,497,SUCCESS,16858,0,,1410560,4788416,0,3355264,,,,,0,63,used,,,,20260909-1900
2026-09-09 19:03:35,HAUSP-UB[noL3+noEUCS],BMS1_SPMF,0,0,0.004500,0.000,1.000,7229030,59601,12,1821,1833,2,36,0,7691193,202,7643442,0,0.000000,0.033075,0.033711,68,0,56.56,7691335,7690478,857,497,SUCCESS,47691,0,,1601536,4788416,0,3355264,,,,,0,60,used,,,,20260909-1900
2026-09-09 19:03:38,HAUSP-UB[noL3+noEUCS],BMS1_SPMF,0,1,0.004500,0.000,1.000,7229030,59601,13,1821,1834,2,37,0,7691193,202,7643442,0,0.000000,0.033075,0.033711,68,0,55.99,7691335,7690478,857,497,SUCCESS,47691,0,,1391104,4788416,0,3355264,,,,,0,60,used,,,,20260909-1900
2026-09-09 19:03:40,HAUSP-UB[noL3+noEUCS],BMS1_SPMF,0,2,0.004500,0.000,1.000,7229030,59601,12,1821,1833,2,36,0,7691193,202,7643442,0,0.000000,0.033075,0.033711,68,0,55.99,7691335,7690478,857,497,SUCCESS,47691,0,,1391104,4788416,0,3355264,,,,,0,60,used,,,,20260909-1900
2026-09-09 19:03:46,HAUSP-UB[noL3+noEUCS],BMS1_SPMF,0,0,0.004000,0.000,1.000,7229030,59601,12,5263,5276,2,110,0,23083773,187,22940018,0,0.000000,0.035469,0.035693,78,0,56.62,23083912,23083010,902,497,SUCCESS,143707,0,,1624064,4788416,0,3355264,,,,,0,48,used,,,,20260909-1900
2026-09-09 19:03:51,HAUSP-UB[noL3+noEUCS],BMS1_SPMF,0,1,0.004000,0.000,1.000,7229030,59601,12,5283,5296,2,110,0,23083773,187,22940018,0,0.000000,0.035469,0.035693,78,0,56.59,23083912,23083010,902,497,SUCCESS,143707,0,,1600512,4788416,0,3355264,,,,,0,48,used,,,,20260909-1900
2026-09-09 19:03:57,HAUSP-UB[noL3+noEUCS],BMS1_SPMF,0,2,0.004000,0.000,1.000,7229030,59601,12,5292,5305,2,110,0,23083773,187,22940018,0,0.000000,0.035469,0.035693,78,0,56.59,23083912,23083010,902,497,SUCCESS,143707,0,,1600512,4788416,0,3355264,,,,,0,48,used,,,,20260909-1900
2026-09-09 19:04:21,HAUSP-UB[noL3+noEUCS],BMS1_SPMF,0,0,0.003500,0.000,1.000,7229030,59601,12,23543,23556,2,507,0,103115854,170,102442486,0,0.000000,0.039763,0.039814,93,0,56.64,103115987,103115036,951,497,SUCCESS,673331,0,,1641984,4788416,0,3355264,,,,,0,37,used,,,,20260909-1900
2026-09-09 19:04:45,HAUSP-UB[noL3+noEUCS],BMS1_SPMF,0,1,0.003500,0.000,1.000,7229030,59601,13,23436,23450,2,503,0,103115854,170,102442486,0,0.000000,0.039763,0.039814,93,0,56.62,103115987,103115036,951,497,SUCCESS,673331,0,,1641984,4788416,0,3355264,,,,,0,37,used,,,,20260909-1900
2026-09-09 19:05:09,HAUSP-UB[noL3+noEUCS],BMS1_SPMF,0,2,0.003500,0.000,1.000,7229030,59601,12,23464,23477,2,501,0,103115854,170,102442486,0,0.000000,0.039763,0.039814,93,0,56.64,103115987,103115036,951,497,SUCCESS,673331,0,,1641984,4788416,0,3355264,,,,,0,37,used,,,,20260909-1900
2026-09-09 19:06:38,HAUSP-UB[noL3+noEUCS],FIFA,0,0,0.012000,0.000,1.000,35721991,20450,29,88738,88768,7,216,0,22707371,2701,22578347,0,0.000000,0.096959,0.097070,334,0,210.45,22709907,22706586,3321,2990,SUCCESS,128859,0,,26935296,23714944,0,16070656,,,,,0,165,used,,,,20260909-1900
2026-09-09 19:08:09,HAUSP-UB[noL3+noEUCS],FIFA,0,1,0.012000,0.000,1.000,35721991,20450,30,89861,89891,7,228,0,22707371,2701,22578347,0,0.000000,0.096959,0.097070,334,0,211.34,22709907,22706586,3321,2990,SUCCESS,128859,0,,41943040,23714944,0,16070656,,,,,0,165,used,,,,20260909-1900
2026-09-09 19:09:40,HAUSP-UB[noL3+noEUCS],FIFA,0,2,0.012000,0.000,1.000,35721991,20450,30,90340,90371,7,203,0,22707371,2701,22578347,0,0.000000,0.096959,0.097070,334,0,219.85,22709907,22706586,3321,2990,SUCCESS,128859,0,,42336256,23714944,0,16070656,,,,,0,165,used,,,,20260909-1900
2026-09-09 19:11:31,HAUSP-UB[noL3+noEUCS],FIFA,0,0,0.011000,0.000,1.000,35721991,20450,33,111068,111101,7,297,0,30699250,2688,30528240,0,0.000000,0.100370,0.100471,555,0,210.30,30701772,30698437,3335,2990,SUCCESS,170844,0,,26345472,23714944,0,16070656,,,,,0,166,used,,,,20260909-1900
2026-09-09 19:13:24,HAUSP-UB[noL3+noEUCS],FIFA,0,1,0.011000,0.000,1.000,35721991,20450,29,111837,111866,7,289,0,30699250,2688,30528240,0,0.000000,0.100370,0.100471,555,0,216.46,30701772,30698437,3335,2990,SUCCESS,170844,0,,44040192,23714944,0,16070656,,,,,0,166,used,,,,20260909-1900
2026-09-09 19:15:17,HAUSP-UB[noL3+noEUCS],FIFA,0,2,0.011000,0.000,1.000,35721991,20450,31,113023,113054,7,360,0,30699250,2688,30528240,0,0.000000,0.100370,0.100471,555,0,215.57,30701772,30698437,3335,2990,SUCCESS,170844,0,,43843584,23714944,0,16070656,,,,,0,166,used,,,,20260909-1900
2026-09-09 19:17:42,HAUSP-UB[noL3+noEUCS],FIFA,0,0,0.010000,0.000,1.000,35721991,20450,30,144367,144398,7,406,0,44943157,2684,44708305,0,0.000000,0.103868,0.103959,884,0,222.74,44945660,44942292,3368,2990,SUCCESS,234671,0,,48103424,23714944,0,16070656,,,,,0,181,used,,,,20260909-1900
2026-09-09 19:20:06,HAUSP-UB[noL3+noEUCS],FIFA,0,1,0.010000,0.000,1.000,35721991,20450,35,143332,143368,7,425,0,44943157,2684,44708305,0,0.000000,0.103868,0.103959,884,0,212.35,44945660,44942292,3368,2990,SUCCESS,234671,0,,27656192,23714944,0,16070656,,,,,0,181,used,,,,20260909-1900
2026-09-09 19:22:30,HAUSP-UB[noL3+noEUCS],FIFA,0,2,0.010000,0.000,1.000,35721991,20450,30,143052,143083,7,437,0,44943157,2684,44708305,0,0.000000,0.103868,0.103959,884,0,213.79,44945660,44942292,3368,2990,SUCCESS,234671,0,,47185920,23714944,0,16070656,,,,,0,181,used,,,,20260909-1900
2026-09-09 19:25:16,HAUSP-UB[noL3+noEUCS],FIFA,0,0,0.009500,0.000,1.000,35721991,20450,32,165244,165277,7,486,0,53936850,2681,53658613,0,0.000000,0.105524,0.105610,1023,0,225.24,53939350,53935964,3386,2990,SUCCESS,278056,0,,50593792,23714944,0,16070656,,,,,0,181,used,,,,20260909-1900
2026-09-09 19:28:01,HAUSP-UB[noL3+noEUCS],FIFA,0,1,0.009500,0.000,1.000,35721991,20450,32,164613,164645,7,480,0,53936850,2681,53658613,0,0.000000,0.105524,0.105610,1023,0,224.97,53939350,53935964,3386,2990,SUCCESS,278056,0,,50593792,23714944,0,16070656,,,,,0,181,used,,,,20260909-1900
2026-09-09 19:30:47,HAUSP-UB[noL3+noEUCS],FIFA,0,2,0.009500,0.000,1.000,35721991,20450,31,165752,165783,7,483,0,53936850,2681,53658613,0,0.000000,0.105524,0.105610,1023,0,225.93,53939350,53935964,3386,2990,SUCCESS,278056,0,,50593792,23714944,0,16070656,,,,,0,181,used,,,,20260909-1900
2026-09-09 19:33:56,HAUSP-UB[noL3+noEUCS],FIFA,0,0,0.009000,0.000,1.000,35721991,20450,29,188513,188543,7,570,0,65183252,2664,64850727,0,0.000000,0.107271,0.107354,1174,0,230.55,65185732,65182329,3403,2990,SUCCESS,332341,0,,51904512,23714944,0,16070656,,,,,0,184,used,,,,20260909-1900
2026-09-09 19:37:06,HAUSP-UB[noL3+noEUCS],FIFA,0,1,0.009000,0.000,1.000,35721991,20450,30,189096,189126,7,575,0,65183252,2664,64850727,0,0.000000,0.107271,0.107354,1174,0,229.54,65185732,65182329,3403,2990,SUCCESS,332341,0,,51904512,23714944,0,16070656,,,,,0,184,used,,,,20260909-1900
2026-09-09 19:40:16,HAUSP-UB[noL3+noEUCS],FIFA,0,2,0.009000,0.000,1.000,35721991,20450,30,188820,188850,7,555,0,65183252,2664,64850727,0,0.000000,0.107271,0.107354,1174,0,226.47,65185732,65182329,3403,2990,SUCCESS,332341,0,,51904512,23714944,0,16070656,,,,,0,184,used,,,,20260909-1900
2026-09-09 19:40:27,HAUSP-UB[noL3+noEUCS],KOSARAK,0,0,0.008000,0.000,1.000,400890653,990002,320,8855,9175,57,15,0,1147339,40059,1143117,0,0.000000,0.027560,0.038911,21,0,1744.40,1185561,1143081,42480,41270,SUCCESS,2385,0,,0,256608480,0,187468288,,,,,0,1837,used,,,,20260909-1900
2026-09-09 19:40:37,HAUSP-UB[noL3+noEUCS],KOSARAK,0,1,0.008000,0.000,1.000,400890653,990002,318,8866,9185,57,15,0,1147339,40059,1143117,0,0.000000,0.027560,0.038911,21,0,1752.00,1185561,1143081,42480,41270,SUCCESS,2385,0,,0,256608480,0,187468288,,,,,0,1837,used,,,,20260909-1900
2026-09-09 19:40:47,HAUSP-UB[noL3+noEUCS],KOSARAK,0,2,0.008000,0.000,1.000,400890653,990002,318,8906,9225,56,16,0,1147339,40059,1143117,0,0.000000,0.027560,0.038911,21,0,1752.57,1185561,1143081,42480,41270,SUCCESS,2385,0,,0,256608480,0,187468288,,,,,0,1837,used,,,,20260909-1900
2026-09-09 19:41:00,HAUSP-UB[noL3+noEUCS],KOSARAK,0,0,0.007000,0.000,1.000,400890653,990002,327,11617,11944,57,24,0,2038293,39715,2033159,0,0.000000,0.026038,0.035451,29,0,1761.40,2076289,2033465,42824,41270,SUCCESS,3415,0,,0,256608480,0,187468288,,,,,0,1719,used,,,,20260909-1900
2026-09-09 19:41:13,HAUSP-UB[noL3+noEUCS],KOSARAK,0,1,0.007000,0.000,1.000,400890653,990002,321,11691,12013,57,24,0,2038293,39715,2033159,0,0.000000,0.026038,0.035451,29,0,1760.58,2076289,2033465,42824,41270,SUCCESS,3415,0,,0,256608480,0,187468288,,,,,0,1719,used,,,,20260909-1900
2026-09-09 19:41:25,HAUSP-UB[noL3+noEUCS],KOSARAK,0,2,0.007000,0.000,1.000,400890653,990002,320,11659,11980,57,24,0,2038293,39715,2033159,0,0.000000,0.026038,0.035451,29,0,1753.08,2076289,2033465,42824,41270,SUCCESS,3415,0,,0,256608480,0,187468288,,,,,0,1719,used,,,,20260909-1900
2026-09-09 19:41:42,HAUSP-UB[noL3+noEUCS],KOSARAK,0,0,0.006000,0.000,1.000,400890653,990002,318,15577,15895,57,40,0,3491715,39310,3485193,0,0.000000,0.026535,0.034021,38,0,2481.36,3529439,3486210,43229,41270,SUCCESS,4936,0,,202031104,256608480,0,187468288,,,,,0,1586,used,,,,20260909-1900
2026-09-09 19:41:59,HAUSP-UB[noL3+noEUCS],KOSARAK,0,1,0.006000,0.000,1.000,400890653,990002,318,15528,15847,56,39,0,3491715,39310,3485193,0,0.000000,0.026535,0.034021,38,0,1953.46,3529439,3486210,43229,41270,SUCCESS,4936,0,,202031104,256608480,0,187468288,,,,,0,1586,used,,,,20260909-1900
2026-09-09 19:42:16,HAUSP-UB[noL3+noEUCS],KOSARAK,0,2,0.006000,0.000,1.000,400890653,990002,322,15516,15839,58,39,0,3491715,39310,3485193,0,0.000000,0.026535,0.034021,38,0,1953.46,3529439,3486210,43229,41270,SUCCESS,4936,0,,202031104,256608480,0,187468288,,,,,0,1586,used,,,,20260909-1900
2026-09-09 19:42:40,HAUSP-UB[noL3+noEUCS],KOSARAK,0,0,0.005000,0.000,1.000,400890653,990002,319,23683,24003,57,76,0,7173136,38834,7163282,0,0.000000,0.027005,0.032215,44,0,2032.48,7210548,7166843,43705,41270,SUCCESS,8432,0,,240910336,256608480,0,187468288,,,,,0,1422,used,,,,20260909-1900
2026-09-09 19:43:05,HAUSP-UB[noL3+noEUCS],KOSARAK,0,1,0.005000,0.000,1.000,400890653,990002,322,23680,24002,58,77,0,7173136,38834,7163282,0,0.000000,0.027005,0.032215,44,0,2049.40,7210548,7166843,43705,41270,SUCCESS,8432,0,,240910336,256608480,0,187468288,,,,,0,1422,used,,,,20260909-1900
2026-09-09 19:43:30,HAUSP-UB[noL3+noEUCS],KOSARAK,0,2,0.005000,0.000,1.000,400890653,990002,319,23716,24036,57,76,0,7173136,38834,7163282,0,0.000000,0.027005,0.032215,44,0,2041.02,7210548,7166843,43705,41270,SUCCESS,8432,0,,240910336,256608480,0,187468288,,,,,0,1422,used,,,,20260909-1900
2026-09-09 19:44:14,HAUSP-UB[noL3+noEUCS],KOSARAK,0,0,0.004000,0.000,1.000,400890653,990002,321,42340,42662,58,188,0,18210149,38222,18191907,0,0.000000,0.027519,0.030676,61,0,2436.77,18247248,18202931,44317,41270,SUCCESS,17119,0,,236355584,256608480,0,187468288,,,,,0,1123,used,,,,20260909-1900
2026-09-09 19:44:57,HAUSP-UB[noL3+noEUCS],KOSARAK,0,1,0.004000,0.000,1.000,400890653,990002,320,42452,42773,57,187,0,18210149,38222,18191907,0,0.000000,0.027519,0.030676,61,0,2456.04,18247248,18202931,44317,41270,SUCCESS,17119,0,,236355584,256608480,0,187468288,,,,,0,1123,used,,,,20260909-1900
2026-09-09 19:45:41,HAUSP-UB[noL3+noEUCS],KOSARAK,0,2,0.004000,0.000,1.000,400890653,990002,320,42288,42609,57,186,0,18210149,38222,18191907,0,0.000000,0.027519,0.030676,61,0,2456.24,18247248,18202931,44317,41270,SUCCESS,17119,0,,236355584,256608480,0,187468288,,,,,0,1123,used,,,,20260909-1900
2026-09-09 19:47:33,HAUSP-UB[noL3+noEUCS],KOSARAK,0,0,0.003000,0.000,1.000,400890653,990002,318,110697,111015,57,735,0,73175801,37724,73120010,0,0.000000,0.027545,0.028679,103,0,2433.40,73212430,73167615,44815,41270,SUCCESS,54696,0,,250855424,256608480,0,187468288,,,,,0,1095,used,,,,20260909-1900
2026-09-09 19:49:25,HAUSP-UB[noL3+noEUCS],KOSARAK,0,1,0.003000,0.000,1.000,400890653,990002,320,110621,110942,58,736,0,73175801,37724,73120010,0,0.000000,0.027545,0.028679,103,0,2448.54,73212430,73167615,44815,41270,SUCCESS,54696,0,,250855424,256608480,0,187468288,,,,,0,1095,used,,,,20260909-1900
2026-09-09 19:51:17,HAUSP-UB[noL3+noEUCS],KOSARAK,0,2,0.003000,0.000,1.000,400890653,990002,321,110796,111117,57,742,0,73175801,37724,73120010,0,0.000000,0.027545,0.028679,103,0,2448.51,73212430,73167615,44815,41270,SUCCESS,54696,0,,250855424,256608480,0,187468288,,,,,0,1095,used,,,,20260909-1900
2026-09-09 19:51:18,HAUSP-UB[noL3+noEUCS],LEVIATHAN,0,0,0.006000,0.000,1.000,14156241,5834,11,686,698,2,11,0,1134003,8654,1127072,0,0.000000,0.326615,0.340059,1296,0,75.58,1142339,1132943,9396,9025,SUCCESS,6613,0,,14147584,6312032,0,5128320,,,,,0,318,used,,,,20260909-1900
2026-09-09 19:51:19,HAUSP-UB[noL3+noEUCS],LEVIATHAN,0,1,0.006000,0.000,1.000,14156241,5834,14,684,698,3,11,0,1134003,8654,1127072,0,0.000000,0.326615,0.340059,1296,0,76.37,1142339,1132943,9396,9025,SUCCESS,6613,0,,14147584,6312032,0,5128320,,,,,0,318,used,,,,20260909-1900
2026-09-09 19:51:20,HAUSP-UB[noL3+noEUCS],LEVIATHAN,0,2,0.006000,0.000,1.000,14156241,5834,12,687,700,2,11,0,1134003,8654,1127072,0,0.000000,0.326615,0.340059,1296,0,68.74,1142339,1132943,9396,9025,SUCCESS,6613,0,,14147584,6312032,0,5128320,,,,,0,318,used,,,,20260909-1900
2026-09-09 19:51:22,HAUSP-UB[noL3+noEUCS],LEVIATHAN,0,0,0.005000,0.000,1.000,14156241,5834,12,861,874,3,18,0,1854574,8593,1844493,0,0.000000,0.340669,0.354079,1983,0,79.12,1862804,1853347,9457,9025,SUCCESS,9718,0,,16547840,6312032,0,5128320,,,,,0,363,used,,,,20260909-1900
2026-09-09 19:51:23,HAUSP-UB[noL3+noEUCS],LEVIATHAN,0,1,0.005000,0.000,1.000,14156241,5834,13,866,880,3,18,0,1854574,8593,1844493,0,0.000000,0.340669,0.354079,1983,0,65.72,1862804,1853347,9457,9025,SUCCESS,9718,0,,13078528,6312032,0,5128320,,,,,0,363,used,,,,20260909-1900
2026-09-09 19:51:24,HAUSP-UB[noL3+noEUCS],LEVIATHAN,0,2,0.005000,0.000,1.000,14156241,5834,13,858,871,2,17,0,1854574,8593,1844493,0,0.000000,0.340669,0.354079,1983,0,78.82,1862804,1853347,9457,9025,SUCCESS,9718,0,,16547840,6312032,0,5128320,,,,,0,363,used,,,,20260909-1900
2026-09-09 19:51:26,HAUSP-UB[noL3+noEUCS],LEVIATHAN,0,0,0.004000,0.000,1.000,14156241,5834,12,1143,1155,2,32,0,3362303,8502,3346484,0,0.000000,0.355633,0.369004,3310,0,67.88,3370375,3360827,9548,9025,SUCCESS,15389,0,,18280448,6312032,0,5128320,,,,,0,430,used,,,,20260909-1900
2026-09-09 19:51:27,HAUSP-UB[noL3+noEUCS],LEVIATHAN,0,1,0.004000,0.000,1.000,14156241,5834,13,1131,1145,3,30,0,3362303,8502,3346484,0,0.000000,0.355633,0.369004,3310,0,82.91,3370375,3360827,9548,9025,SUCCESS,15389,0,,18280448,6312032,0,5128320,,,,,0,430,used,,,,20260909-1900
2026-09-09 19:51:29,HAUSP-UB[noL3+noEUCS],LEVIATHAN,0,2,0.004000,0.000,1.000,14156241,5834,14,1147,1161,3,33,0,3362303,8502,3346484,0,0.000000,0.355633,0.369004,3310,0,67.50,3370375,3360827,9548,9025,SUCCESS,15389,0,,18280448,6312032,0,5128320,,,,,0,430,used,,,,20260909-1900
2026-09-09 19:51:31,HAUSP-UB[noL3+noEUCS],LEVIATHAN,0,0,0.003000,0.000,1.000,14156241,5834,14,1627,1642,3,60,0,6951213,8336,6922717,0,0.000000,0.373142,0.386499,6511,0,90.93,6958990,6949276,9714,9025,SUCCESS,27937,0,,22675456,6312032,0,5128320,,,,,0,559,used,,,,20260909-1900
2026-09-09 19:51:33,HAUSP-UB[noL3+noEUCS],LEVIATHAN,0,1,0.003000,0.000,1.000,14156241,5834,13,1654,1667,3,66,0,6951213,8336,6922717,0,0.000000,0.373142,0.386499,6511,0,76.08,6958990,6949276,9714,9025,SUCCESS,27937,0,,22076928,6312032,0,5128320,,,,,0,559,used,,,,20260909-1900
2026-09-09 19:51:35,HAUSP-UB[noL3+noEUCS],LEVIATHAN,0,2,0.003000,0.000,1.000,14156241,5834,13,1659,1673,3,67,0,6951213,8336,6922717,0,0.000000,0.373142,0.386499,6511,0,76.31,6958990,6949276,9714,9025,SUCCESS,27937,0,,22076928,6312032,0,5128320,,,,,0,559,used,,,,20260909-1900
2026-09-09 19:51:38,HAUSP-UB[noL3+noEUCS],LEVIATHAN,0,0,0.002000,0.000,1.000,14156241,5834,13,2783,2797,3,167,0,17814222,8072,17748557,0,0.000000,0.396184,0.409365,16459,0,82.11,17821577,17811599,9978,9025,SUCCESS,64948,0,,27820032,6312032,0,5128320,,,,,0,717,used,,,,20260909-1900
2026-09-09 19:51:42,HAUSP-UB[noL3+noEUCS],LEVIATHAN,0,1,0.002000,0.000,1.000,14156241,5834,13,2798,2812,3,168,0,17814222,8072,17748557,0,0.000000,0.396184,0.409365,16459,0,82.94,17821577,17811599,9978,9025,SUCCESS,64948,0,,27820032,6312032,0,5128320,,,,,0,717,used,,,,20260909-1900
2026-09-09 19:51:45,HAUSP-UB[noL3+noEUCS],LEVIATHAN,0,2,0.002000,0.000,1.000,14156241,5834,14,2782,2796,3,168,0,17814222,8072,17748557,0,0.000000,0.396184,0.409365,16459,0,83.63,17821577,17811599,9978,9025,SUCCESS,64948,0,,27820032,6312032,0,5128320,,,,,0,717,used,,,,20260909-1900
2026-09-09 19:51:46,HAUSP-UB[noL3+noEUCS],SIGN,0,0,0.009000,0.000,1.000,1668652,730,4,1164,1168,0,59,0,6244234,67,6203738,0,0.000000,0.117371,0.117661,204,0,20.42,6244275,6243523,752,267,SUCCESS,40470,0,,3540992,1214656,0,905472,,,,,0,26,used,,,,20260909-1900
2026-09-09 19:51:48,HAUSP-UB[noL3+noEUCS],SIGN,0,1,0.009000,0.000,1.000,1668652,730,5,1168,1174,1,59,0,6244234,67,6203738,0,0.000000,0.117371,0.117661,204,0,20.42,6244275,6243523,752,267,SUCCESS,40470,0,,3540992,1214656,0,905472,,,,,0,26,used,,,,20260909-1900
2026-09-09 19:51:49,HAUSP-UB[noL3+noEUCS],SIGN,0,2,0.009000,0.000,1.000,1668652,730,5,1164,1170,1,58,0,6244234,67,6203738,0,0.000000,0.117371,0.117661,204,0,20.42,6244275,6243523,752,267,SUCCESS,40470,0,,3540992,1214656,0,905472,,,,,0,26,used,,,,20260909-1900
2026-09-09 19:51:51,HAUSP-UB[noL3+noEUCS],SIGN,0,0,0.008000,0.000,1.000,1668652,730,6,1420,1427,1,78,0,8421962,63,8367934,0,0.000000,0.123158,0.123390,309,0,21.05,8422001,8421221,780,267,SUCCESS,54004,0,,3831296,1214656,0,905472,,,,,0,24,used,,,,20260909-1900
2026-09-09 19:51:53,HAUSP-UB[noL3+noEUCS],SIGN,0,1,0.008000,0.000,1.000,1668652,730,4,1420,1425,0,78,0,8421962,63,8367934,0,0.000000,0.123158,0.123390,309,0,21.05,8422001,8421221,780,267,SUCCESS,54004,0,,3831296,1214656,0,905472,,,,,0,24,used,,,,20260909-1900
2026-09-09 19:51:55,HAUSP-UB[noL3+noEUCS],SIGN,0,2,0.008000,0.000,1.000,1668652,730,4,1421,1426,0,78,0,8421962,63,8367934,0,0.000000,0.123158,0.123390,309,0,21.05,8422001,8421221,780,267,SUCCESS,54004,0,,3831296,1214656,0,905472,,,,,0,24,used,,,,20260909-1900
2026-09-09 19:51:57,HAUSP-UB[noL3+noEUCS],SIGN,0,0,0.007000,0.000,1.000,1668652,730,4,1771,1776,1,107,0,11706858,59,11632113,0,0.000000,0.129924,0.130109,527,0,21.38,11706894,11706082,812,267,SUCCESS,74722,0,,4006400,1214656,0,905472,,,,,0,23,used,,,,20260909-1900
2026-09-09 19:51:59,HAUSP-UB[noL3+noEUCS],SIGN,0,1,0.007000,0.000,1.000,1668652,730,5,1763,1768,1,107,0,11706858,59,11632113,0,0.000000,0.129924,0.130109,527,0,21.38,11706894,11706082,812,267,SUCCESS,74722,0,,4006400,1214656,0,905472,,,,,0,23,used,,,,20260909-1900
2026-09-09 19:52:01,HAUSP-UB[noL3+noEUCS],SIGN,0,2,0.007000,0.000,1.000,1668652,730,5,1771,1776,1,107,0,11706858,59,11632113,0,0.000000,0.129924,0.130109,527,0,21.38,11706894,11706082,812,267,SUCCESS,74722,0,,4006400,1214656,0,905472,,,,,0,23,used,,,,20260909-1900
2026-09-09 19:52:04,HAUSP-UB[noL3+noEUCS],SIGN,0,0,0.006000,0.000,1.000,1668652,730,7,2280,2288,1,155,0,17028873,50,16920331,0,0.000000,0.137873,0.138006,966,0,21.70,17028905,17028046,859,267,SUCCESS,108524,0,,4130048,1214656,0,905472,,,,,0,18,used,,,,20260909-1900
2026-09-09 19:52:07,HAUSP-UB[noL3+noEUCS],SIGN,0,1,0.006000,0.000,1.000,1668652,730,5,2299,2305,1,156,0,17028873,50,16920331,0,0.000000,0.137873,0.138006,966,0,21.70,17028905,17028046,859,267,SUCCESS,108524,0,,4130048,1214656,0,905472,,,,,0,18,used,,,,20260909-1900
2026-09-09 19:52:09,HAUSP-UB[noL3+noEUCS],SIGN,0,2,0.006000,0.000,1.000,1668652,730,6,2287,2293,1,156,0,17028873,50,16920331,0,0.000000,0.137873,0.138006,966,0,21.70,17028905,17028046,859,267,SUCCESS,108524,0,,4130048,1214656,0,905472,,,,,0,18,used,,,,20260909-1900
2026-09-09 19:52:13,HAUSP-UB[noL3+noEUCS],SIGN,0,0,0.005000,0.000,1.000,1668652,730,6,3126,3133,1,241,0,26350763,41,26181189,0,0.000000,0.147657,0.147748,1907,0,22.35,26350791,26349888,903,267,SUCCESS,169561,0,,4470016,1214656,0,905472,,,,,0,13,used,,,,20260909-1900
2026-09-09 19:52:16,HAUSP-UB[noL3+noEUCS],SIGN,0,1,0.005000,0.000,1.000,1668652,730,7,3126,3134,1,241,0,26350763,41,26181189,0,0.000000,0.147657,0.147748,1907,0,22.35,26350791,26349888,903,267,SUCCESS,169561,0,,4470016,1214656,0,905472,,,,,0,13,used,,,,20260909-1900
2026-09-09 19:52:20,HAUSP-UB[noL3+noEUCS],SIGN,0,2,0.005000,0.000,1.000,1668652,730,7,3112,3120,1,240,0,26350763,41,26181189,0,0.000000,0.147657,0.147748,1907,0,22.35,26350791,26349888,903,267,SUCCESS,169561,0,,4470016,1214656,0,905472,,,,,0,13,used,,,,20260909-1900
2026-09-09 19:52:25,HAUSP-UB[noL3+noEUCS],SIGN,0,0,0.004000,0.000,1.000,1668652,730,5,4578,4584,1,409,0,44728169,39,44435082,0,0.000000,0.159872,0.159925,4479,0,22.99,44728189,44727237,952,267,SUCCESS,293068,0,,4783104,1214656,0,905472,,,,,0,19,used,,,,20260909-1900
2026-09-09 19:52:30,HAUSP-UB[noL3+noEUCS],SIGN,0,1,0.004000,0.000,1.000,1668652,730,7,4595,4602,1,412,0,44728169,39,44435082,0,0.000000,0.159872,0.159925,4479,0,22.99,44728189,44727237,952,267,SUCCESS,293068,0,,4783104,1214656,0,905472,,,,,0,19,used,,,,20260909-1900
2026-09-09 19:52:35,HAUSP-UB[noL3+noEUCS],SIGN,0,2,0.004000,0.000,1.000,1668652,730,7,4571,4579,1,409,0,44728169,39,44435082,0,0.000000,0.159872,0.159925,4479,0,22.99,44728189,44727237,952,267,SUCCESS,293068,0,,4783104,1214656,0,905472,,,,,0,19,used,,,,20260909-1900
2026-09-09 19:52:43,HAUSP-UB[noL3+noEUCS],SIGN,0,0,0.003000,0.000,1.000,1668652,730,7,7525,7533,1,806,0,87196597,32,86602636,0,0.000000,0.176058,0.176085,12666,0,23.65,87196615,87195594,1021,267,SUCCESS,593947,0,,5110272,1214656,0,905472,,,,,0,14,used,,,,20260909-1900
2026-09-09 19:52:50,HAUSP-UB[noL3+noEUCS],SIGN,0,1,0.003000,0.000,1.000,1668652,730,7,7515,7522,1,806,0,87196597,32,86602636,0,0.000000,0.176058,0.176085,12666,0,23.65,87196615,87195594,1021,267,SUCCESS,593947,0,,5110272,1214656,0,905472,,,,,0,14,used,,,,20260909-1900
2026-09-09 19:52:58,HAUSP-UB[noL3+noEUCS],SIGN,0,2,0.003000,0.000,1.000,1668652,730,5,7519,7525,1,805,0,87196597,32,86602636,0,0.000000,0.176058,0.176085,12666,0,23.65,87196615,87195594,1021,267,SUCCESS,593947,0,,5110272,1214656,0,905472,,,,,0,14,used,,,,20260909-1900
2026-09-09 19:52:59,HAUSP-UB[noL3+noEUCS],C8T1S5I8N5K,0,0,0.000300,0.000,1.000,47416411,47133,71,417,488,9,19,0,880224,55737,835874,0,0.000000,0.150070,0.168666,354,0,502.26,920462,850606,69856,68240,SUCCESS,28851,0,,476288,22186560,0,21455616,,,,,0,15499,used,,,,20260909-1900
2026-09-09 19:53:00,HAUSP-UB[noL3+noEUCS],C8T1S5I8N5K,0,1,0.000300,0.000,1.000,47416411,47133,72,265,338,9,17,0,880224,55737,835874,0,0.000000,0.150070,0.168666,354,0,509.70,920462,850606,69856,68240,SUCCESS,28851,0,,476288,22186560,0,21455616,,,,,0,15499,used,,,,20260909-1900
2026-09-09 19:53:01,HAUSP-UB[noL3+noEUCS],C8T1S5I8N5K,0,2,0.000300,0.000,1.000,47416411,47133,72,268,340,9,17,0,880224,55737,835874,0,0.000000,0.150070,0.168666,354,0,510.09,920462,850606,69856,68240,SUCCESS,28851,0,,476288,22186560,0,21455616,,,,,0,15499,used,,,,20260909-1900
2026-09-09 19:53:02,HAUSP-UB[noL3+noEUCS],C8T1S5I8N5K,0,0,0.000250,0.000,1.000,47416411,47133,72,449,522,9,30,0,1605831,51908,1539972,0,0.000000,0.184606,0.199242,858,0,515.89,1641772,1571613,70159,68240,SUCCESS,49892,0,,533120,22186560,0,21455616,,,,,0,15967,used,,,,20260909-1900
2026-09-09 19:53:03,HAUSP-UB[noL3+noEUCS],C8T1S5I8N5K,0,1,0.000250,0.000,1.000,47416411,47133,72,446,519,9,30,0,1605831,51908,1539972,0,0.000000,0.184606,0.199242,858,0,521.76,1641772,1571613,70159,68240,SUCCESS,49892,0,,533120,22186560,0,21455616,,,,,0,15967,used,,,,20260909-1900
2026-09-09 19:53:04,HAUSP-UB[noL3+noEUCS],C8T1S5I8N5K,0,2,0.000250,0.000,1.000,47416411,47133,72,437,510,9,30,0,1605831,51908,1539972,0,0.000000,0.184606,0.199242,858,0,519.49,1641772,1571613,70159,68240,SUCCESS,49892,0,,533120,22186560,0,21455616,,,,,0,15967,used,,,,20260909-1900
2026-09-09 19:53:05,HAUSP-UB[noL3+noEUCS],C8T1S5I8N5K,0,0,0.000200,0.000,1.000,47416411,47133,72,770,842,9,57,0,3382066,46615,3275261,0,0.000000,0.208598,0.219840,2623,0,520.97,3413007,3342336,70671,68240,SUCCESS,91131,0,,634368,22186560,0,21455616,,,,,0,15674,used,,,,20260909-1900
2026-09-09 19:53:06,HAUSP-UB[noL3+noEUCS],C8T1S5I8N5K,0,1,0.000200,0.000,1.000,47416411,47133,72,773,846,9,57,0,3382066,46615,3275261,0,0.000000,0.208598,0.219840,2623,0,521.40,3413007,3342336,70671,68240,SUCCESS,91131,0,,634368,22186560,0,21455616,,,,,0,15674,used,,,,20260909-1900
2026-09-09 19:53:08,HAUSP-UB[noL3+noEUCS],C8T1S5I8N5K,0,2,0.000200,0.000,1.000,47416411,47133,71,768,840,9,57,0,3382066,46615,3275261,0,0.000000,0.208598,0.219840,2623,0,521.13,3413007,3342336,70671,68240,SUCCESS,91131,0,,634368,22186560,0,21455616,,,,,0,15674,used,,,,20260909-1900
2026-09-09 19:53:10,HAUSP-UB[noL3+noEUCS],C8T1S5I8N5K,0,0,0.000150,0.000,1.000,47416411,47133,72,1591,1663,9,133,0,8474284,40238,8256027,0,0.000000,0.247766,0.254814,10089,0,537.89,8499025,8427776,71249,68240,SUCCESS,202760,0,,728960,22186560,0,21455616,,,,,0,15497,used,,,,20260909-1900
2026-09-09 19:53:12,HAUSP-UB[noL3+noEUCS],C8T1S5I8N5K,0,1,0.000150,0.000,1.000,47416411,47133,73,1637,1710,9,133,0,8474284,40238,8256027,0,0.000000,0.247766,0.254814,10089,0,534.65,8499025,8427776,71249,68240,SUCCESS,202760,0,,728960,22186560,0,21455616,,,,,0,15497,used,,,,20260909-1900
2026-09-09 19:53:14,HAUSP-UB[noL3+noEUCS],C8T1S5I8N5K,0,2,0.000150,0.000,1.000,47416411,47133,72,1624,1697,9,133,0,8474284,40238,8256027,0,0.000000,0.247766,0.254814,10089,0,540.34,8499025,8427776,71249,68240,SUCCESS,202760,0,,728960,22186560,0,21455616,,,,,0,15497,used,,,,20260909-1900
2026-09-09 19:53:19,HAUSP-UB[noL3+noEUCS],C8T1S5I8N5K,0,0,0.000100,0.000,1.000,47416411,47133,73,4509,4583,9,441,0,29165244,30939,28493701,0,0.000000,0.303632,0.306845,48018,0,543.99,29182555,29110602,71953,68240,SUCCESS,657915,0,,940800,22186560,0,21455616,,,,,0,13628,used,,,,20260909-1900
2026-09-09 19:53:24,HAUSP-UB[noL3+noEUCS],C8T1S5I8N5K,0,1,0.000100,0.000,1.000,47416411,47133,74,4554,4629,9,442,0,29165244,30939,28493701,0,0.000000,0.303632,0.306845,48018,0,543.47,29182555,29110602,71953,68240,SUCCESS,657915,0,,940800,22186560,0,21455616,,,,,0,13628,used,,,,20260909-1900
2026-09-09 19:53:29,HAUSP-UB[noL3+noEUCS],C8T1S5I8N5K,0,2,0.000100,0.000,1.000,47416411,47133,74,4445,4520,9,442,0,29165244,30939,28493701,0,0.000000,0.303632,0.306845,48018,0,543.69,29182555,29110602,71953,68240,SUCCESS,657915,0,,940800,22186560,0,21455616,,,,,0,13628,used,,,,20260909-1900
# run_id=20260909-1953 git=f13bff2 jvm=26.0.1 heap=24g host=ThaiTMs-MacBook-Pro.local tree=MODIFIED(5) cmd=--exp 2 --algo HAUSP-UB[noEUCS] --repeats 3 --results-dir results-2026-09 --timeout 90 --resume
2026-09-09 19:53:37,HAUSP-UB[noEUCS],BIBLE,0,0,0.001000,0.000,1.000,35550162,36369,94,6482,6577,18,86,22,21936545,12820,21877203,2933,0.000000,0.261646,0.269156,6713,0,409.53,21948599,21933432,15167,13905,SUCCESS,56071,0,,98629632,25186112,0,18466944,,,,,428,766,used,,,,20260909-1953
2026-09-09 19:53:44,HAUSP-UB[noEUCS],BIBLE,0,1,0.001000,0.000,1.000,35550162,36369,44,6438,6483,8,96,22,21936545,12820,21877203,2933,0.000000,0.261646,0.269156,6713,0,308.99,21948599,21933432,15167,13905,SUCCESS,56071,0,,90511360,25186112,0,18466944,,,,,428,766,used,,,,20260909-1953
2026-09-09 19:53:51,HAUSP-UB[noEUCS],BIBLE,0,2,0.001000,0.000,1.000,35550162,36369,35,6414,6450,10,94,22,21936545,12820,21877203,2933,0.000000,0.261646,0.269156,6713,0,298.52,21948599,21933432,15167,13905,SUCCESS,56071,0,,98629632,25186112,0,18466944,,,,,428,766,used,,,,20260909-1953
2026-09-09 19:53:58,HAUSP-UB[noEUCS],BIBLE,0,0,0.000900,0.000,1.000,35550162,36369,36,7245,7282,9,119,27,27526812,12719,27454052,3607,0.000000,0.266298,0.273845,8375,0,323.20,27538739,27523468,15271,13905,SUCCESS,68845,0,,102313984,25186112,0,18466944,,,,,484,792,used,,,,20260909-1953
2026-09-09 19:54:06,HAUSP-UB[noEUCS],BIBLE,0,1,0.000900,0.000,1.000,35550162,36369,35,7316,7352,9,134,27,27526812,12719,27454052,3607,0.000000,0.266298,0.273845,8375,0,316.34,27538739,27523468,15271,13905,SUCCESS,68845,0,,102903808,25186112,0,18466944,,,,,484,792,used,,,,20260909-1953
2026-09-09 19:54:14,HAUSP-UB[noEUCS],BIBLE,0,2,0.000900,0.000,1.000,35550162,36369,33,7268,7302,10,117,27,27526812,12719,27454052,3607,0.000000,0.266298,0.273845,8375,0,326.92,27538739,27523468,15271,13905,SUCCESS,68845,0,,102903808,25186112,0,18466944,,,,,484,792,used,,,,20260909-1953
2026-09-09 19:54:23,HAUSP-UB[noEUCS],BIBLE,0,0,0.000800,0.000,1.000,35550162,36369,34,8252,8286,10,146,34,35409994,12612,35318030,4421,0.000000,0.271352,0.278945,10826,0,330.26,35421747,35406338,15409,13905,SUCCESS,87209,0,,104275968,25186112,0,18466944,,,,,525,859,used,,,,20260909-1953
2026-09-09 19:54:32,HAUSP-UB[noEUCS],BIBLE,0,1,0.000800,0.000,1.000,35550162,36369,34,8354,8389,10,173,34,35409994,12612,35318030,4421,0.000000,0.271352,0.278945,10826,0,350.92,35421747,35406338,15409,13905,SUCCESS,87209,0,,109879296,25186112,0,18466944,,,,,525,859,used,,,,20260909-1953
2026-09-09 19:54:40,HAUSP-UB[noEUCS],BIBLE,0,2,0.000800,0.000,1.000,35550162,36369,33,8305,8339,10,166,34,35409994,12612,35318030,4421,0.000000,0.271352,0.278945,10826,0,321.27,35421747,35406338,15409,13905,SUCCESS,87209,0,,109879296,25186112,0,18466944,,,,,525,859,used,,,,20260909-1953
2026-09-09 19:54:51,HAUSP-UB[noEUCS],BIBLE,0,0,0.000700,0.000,1.000,35550162,36369,34,9701,9735,10,229,44,46627315,12476,46507729,5665,0.000000,0.276494,0.284128,14383,0,398.98,46638881,46623275,15606,13905,SUCCESS,113590,0,,117837824,25186112,0,18466944,,,,,579,910,used,,,,20260909-1953
2026-09-09 19:55:01,HAUSP-UB[noEUCS],BIBLE,0,1,0.000700,0.000,1.000,35550162,36369,36,9627,9664,10,199,45,46627315,12476,46507729,5665,0.000000,0.276494,0.284128,14383,0,345.25,46638881,46623275,15606,13905,SUCCESS,113590,0,,117837824,25186112,0,18466944,,,,,579,910,used,,,,20260909-1953
2026-09-09 19:55:11,HAUSP-UB[noEUCS],BIBLE,0,2,0.000700,0.000,1.000,35550162,36369,35,9634,9669,10,198,45,46627315,12476,46507729,5665,0.000000,0.276494,0.284128,14383,0,341.77,46638881,46623275,15606,13905,SUCCESS,113590,0,,117837824,25186112,0,18466944,,,,,579,910,used,,,,20260909-1953
2026-09-09 19:55:23,HAUSP-UB[noEUCS],BIBLE,0,0,0.000600,0.000,1.000,35550162,36369,33,11490,11523,9,279,60,63667080,12297,63504022,7823,0.000000,0.282644,0.290343,20003,0,409.68,63678394,63662588,15806,13905,SUCCESS,154911,0,,126967808,25186112,0,18466944,,,,,659,983,used,,,,20260909-1953
2026-09-09 19:55:35,HAUSP-UB[noEUCS],BIBLE,0,1,0.000600,0.000,1.000,35550162,36369,33,11559,11593,10,300,61,63667080,12297,63504022,7823,0.000000,0.282644,0.290343,20003,0,339.07,63678394,63662588,15806,13905,SUCCESS,154911,0,,126967808,25186112,0,18466944,,,,,659,983,used,,,,20260909-1953
2026-09-09 19:55:47,HAUSP-UB[noEUCS],BIBLE,0,2,0.000600,0.000,1.000,35550162,36369,33,11493,11527,10,276,61,63667080,12297,63504022,7823,0.000000,0.282644,0.290343,20003,0,387.89,63678394,63662588,15806,13905,SUCCESS,154911,0,,126967808,25186112,0,18466944,,,,,659,983,used,,,,20260909-1953
2026-09-09 19:56:02,HAUSP-UB[noEUCS],BIBLE,0,0,0.000500,0.000,1.000,35550162,36369,39,14125,14164,10,367,87,90922505,12054,90687418,11096,0.000000,0.290140,0.297948,29772,0,369.77,90933484,90917390,16094,13905,SUCCESS,223663,0,,135430656,25186112,0,18466944,,,,,747,1075,used,,,,20260909-1953
2026-09-09 19:56:16,HAUSP-UB[noEUCS],BIBLE,0,1,0.000500,0.000,1.000,35550162,36369,33,14166,14200,10,358,88,90922505,12054,90687418,11096,0.000000,0.290140,0.297948,29772,0,395.44,90933484,90917390,16094,13905,SUCCESS,223663,0,,139215360,25186112,0,18466944,,,,,747,1075,used,,,,20260909-1953
2026-09-09 19:56:31,HAUSP-UB[noEUCS],BIBLE,0,2,0.000500,0.000,1.000,35550162,36369,34,14112,14147,10,357,87,90922505,12054,90687418,11096,0.000000,0.290140,0.297948,29772,0,371.51,90933484,90917390,16094,13905,SUCCESS,223663,0,,135430656,25186112,0,18466944,,,,,747,1075,used,,,,20260909-1953
2026-09-09 19:56:32,HAUSP-UB[noEUCS],BMS1_SPMF,0,0,0.006000,0.000,1.000,7229030,59601,8,198,207,1,3,1,717900,224,713490,91,0.000000,0.033432,0.039517,45,0,56.02,718057,717272,785,497,SUCCESS,4343,0,,1405952,4788416,0,3355264,,,,,91,67,used,,,,20260909-1953
2026-09-09 19:56:32,HAUSP-UB[noEUCS],BMS1_SPMF,0,1,0.006000,0.000,1.000,7229030,59601,12,208,221,2,3,1,717900,224,713490,91,0.000000,0.033432,0.039517,45,0,56.02,718057,717272,785,497,SUCCESS,4343,0,,1405952,4788416,0,3355264,,,,,91,67,used,,,,20260909-1953
2026-09-09 19:56:33,HAUSP-UB[noEUCS],BMS1_SPMF,0,2,0.006000,0.000,1.000,7229030,59601,10,204,215,2,3,1,717900,224,713490,91,0.000000,0.033432,0.039517,45,0,56.00,718057,717272,785,497,SUCCESS,4343,0,,1405952,4788416,0,3355264,,,,,91,67,used,,,,20260909-1953
2026-09-09 19:56:34,HAUSP-UB[noEUCS],BMS1_SPMF,0,0,0.005000,0.000,1.000,7229030,59601,11,701,712,2,13,6,2827348,211,2810427,85,0.000000,0.031622,0.033346,53,0,55.98,2827496,2826674,822,497,SUCCESS,16858,0,,1421824,4788416,0,3355264,,,,,85,63,used,,,,20260909-1953
2026-09-09 19:56:35,HAUSP-UB[noEUCS],BMS1_SPMF,0,1,0.005000,0.000,1.000,7229030,59601,11,698,710,2,13,6,2827348,211,2810427,85,0.000000,0.031622,0.033346,53,0,56.01,2827496,2826674,822,497,SUCCESS,16858,0,,1421824,4788416,0,3355264,,,,,85,63,used,,,,20260909-1953
2026-09-09 19:56:37,HAUSP-UB[noEUCS],BMS1_SPMF,0,2,0.005000,0.000,1.000,7229030,59601,11,697,708,2,13,6,2827348,211,2810427,85,0.000000,0.031622,0.033346,53,0,56.00,2827496,2826674,822,497,SUCCESS,16858,0,,1421824,4788416,0,3355264,,,,,85,63,used,,,,20260909-1953
2026-09-09 19:56:39,HAUSP-UB[noEUCS],BMS1_SPMF,0,0,0.004500,0.000,1.000,7229030,59601,11,1857,1869,2,36,18,7685957,202,7638206,84,0.000000,0.033075,0.033711,68,0,56.59,7686099,7685242,857,497,SUCCESS,47691,0,,1600512,4788416,0,3355264,,,,,84,60,used,,,,20260909-1953
2026-09-09 19:56:41,HAUSP-UB[noEUCS],BMS1_SPMF,0,1,0.004500,0.000,1.000,7229030,59601,12,1854,1866,2,36,18,7685957,202,7638206,84,0.000000,0.033075,0.033711,68,0,56.01,7686099,7685242,857,497,SUCCESS,47691,0,,1391104,4788416,0,3355264,,,,,84,60,used,,,,20260909-1953
2026-09-09 19:56:43,HAUSP-UB[noEUCS],BMS1_SPMF,0,2,0.004500,0.000,1.000,7229030,59601,11,1853,1865,2,36,18,7685957,202,7638206,84,0.000000,0.033075,0.033711,68,0,56.01,7686099,7685242,857,497,SUCCESS,47691,0,,1391104,4788416,0,3355264,,,,,84,60,used,,,,20260909-1953
2026-09-09 19:56:49,HAUSP-UB[noEUCS],BMS1_SPMF,0,0,0.004000,0.000,1.000,7229030,59601,11,5387,5399,2,109,55,23077802,187,22934047,88,0.000000,0.035469,0.035693,78,0,56.65,23077941,23077039,902,497,SUCCESS,143707,0,,1649664,4788416,0,3355264,,,,,88,48,used,,,,20260909-1953
2026-09-09 19:56:55,HAUSP-UB[noEUCS],BMS1_SPMF,0,1,0.004000,0.000,1.000,7229030,59601,14,5406,5420,2,109,55,23077802,187,22934047,88,0.000000,0.035469,0.035693,78,0,56.61,23077941,23077039,902,497,SUCCESS,143707,0,,1599488,4788416,0,3355264,,,,,88,48,used,,,,20260909-1953
2026-09-09 19:57:01,HAUSP-UB[noEUCS],BMS1_SPMF,0,2,0.004000,0.000,1.000,7229030,59601,14,5430,5445,2,109,55,23077802,187,22934047,88,0.000000,0.035469,0.035693,78,0,56.61,23077941,23077039,902,497,SUCCESS,143707,0,,1599488,4788416,0,3355264,,,,,88,48,used,,,,20260909-1953
2026-09-09 19:57:26,HAUSP-UB[noEUCS],BMS1_SPMF,0,0,0.003500,0.000,1.000,7229030,59601,14,23998,24012,2,498,258,103110382,170,102437014,87,0.000000,0.039763,0.039814,93,0,56.66,103110515,103109564,951,497,SUCCESS,673331,0,,1641984,4788416,0,3355264,,,,,87,37,used,,,,20260909-1953
2026-09-09 19:57:50,HAUSP-UB[noEUCS],BMS1_SPMF,0,1,0.003500,0.000,1.000,7229030,59601,12,23984,23997,2,495,259,103110382,170,102437014,87,0.000000,0.039763,0.039814,93,0,56.65,103110515,103109564,951,497,SUCCESS,673331,0,,1641984,4788416,0,3355264,,,,,87,37,used,,,,20260909-1953
2026-09-09 19:58:14,HAUSP-UB[noEUCS],BMS1_SPMF,0,2,0.003500,0.000,1.000,7229030,59601,14,24021,24035,2,497,259,103110382,170,102437014,87,0.000000,0.039763,0.039814,93,0,56.66,103110515,103109564,951,497,SUCCESS,673331,0,,1641984,4788416,0,3355264,,,,,87,37,used,,,,20260909-1953
2026-09-09 19:59:44,HAUSP-UB[noEUCS],FIFA,0,0,0.012000,0.000,1.000,35721991,20450,31,88492,88523,8,218,55,22652772,2701,22523748,267,0.000000,0.096915,0.097026,334,0,211.98,22655308,22651987,3321,2990,SUCCESS,128691,0,,26771456,23714944,0,16070656,,,,,99,165,used,,,,20260909-1953
2026-09-09 20:01:14,HAUSP-UB[noEUCS],FIFA,0,1,0.012000,0.000,1.000,35721991,20450,29,89417,89447,8,212,55,22652772,2701,22523748,267,0.000000,0.096915,0.097026,334,0,209.75,22655308,22651987,3321,2990,SUCCESS,128691,0,,42074112,23714944,0,16070656,,,,,99,165,used,,,,20260909-1953
2026-09-09 20:02:44,HAUSP-UB[noEUCS],FIFA,0,2,0.012000,0.000,1.000,35721991,20450,30,89759,89790,8,191,56,22652772,2701,22523748,267,0.000000,0.096915,0.097026,334,0,217.86,22655308,22651987,3321,2990,SUCCESS,128691,0,,41943040,23714944,0,16070656,,,,,99,165,used,,,,20260909-1953
2026-09-09 20:04:35,HAUSP-UB[noEUCS],FIFA,0,0,0.011000,0.000,1.000,35721991,20450,33,110216,110250,7,280,73,30631727,2688,30460717,339,0.000000,0.100327,0.100428,555,0,210.46,30634249,30630914,3335,2990,SUCCESS,170616,0,,26345472,23714944,0,16070656,,,,,111,166,used,,,,20260909-1953
2026-09-09 20:06:26,HAUSP-UB[noEUCS],FIFA,0,1,0.011000,0.000,1.000,35721991,20450,30,111063,111093,8,280,73,30631727,2688,30460717,339,0.000000,0.100327,0.100428,555,0,215.82,30634249,30630914,3335,2990,SUCCESS,170616,0,,44564480,23714944,0,16070656,,,,,111,166,used,,,,20260909-1953
2026-09-09 20:08:18,HAUSP-UB[noEUCS],FIFA,0,2,0.011000,0.000,1.000,35721991,20450,28,111133,111161,7,274,73,30631727,2688,30460717,339,0.000000,0.100327,0.100428,555,0,213.61,30634249,30630914,3335,2990,SUCCESS,170616,0,,44564480,23714944,0,16070656,,,,,111,166,used,,,,20260909-1953
2026-09-09 20:10:42,HAUSP-UB[noEUCS],FIFA,0,0,0.010000,0.000,1.000,35721991,20450,29,142981,143011,8,401,99,44846598,2684,44611746,481,0.000000,0.103822,0.103913,884,0,220.70,44849101,44845733,3368,2990,SUCCESS,234304,0,,48037888,23714944,0,16070656,,,,,114,181,used,,,,20260909-1953
2026-09-09 20:13:04,HAUSP-UB[noEUCS],FIFA,0,1,0.010000,0.000,1.000,35721991,20450,33,142188,142222,8,394,99,44846598,2684,44611746,481,0.000000,0.103822,0.103913,884,0,213.12,44849101,44845733,3368,2990,SUCCESS,234304,0,,48037888,23714944,0,16070656,,,,,114,181,used,,,,20260909-1953
2026-09-09 20:15:28,HAUSP-UB[noEUCS],FIFA,0,2,0.010000,0.000,1.000,35721991,20450,26,143378,143405,6,402,99,44846598,2684,44611746,481,0.000000,0.103822,0.103913,884,0,216.92,44849101,44845733,3368,2990,SUCCESS,234304,0,,48037888,23714944,0,16070656,,,,,114,181,used,,,,20260909-1953
2026-09-09 20:18:11,HAUSP-UB[noEUCS],FIFA,0,0,0.009500,0.000,1.000,35721991,20450,28,162373,162402,7,464,116,53839019,2681,53560782,483,0.000000,0.105478,0.105564,1023,0,225.34,53841519,53838133,3386,2990,SUCCESS,277690,0,,50003968,23714944,0,16070656,,,,,117,181,used,,,,20260909-1953
2026-09-09 20:20:54,HAUSP-UB[noEUCS],FIFA,0,1,0.009500,0.000,1.000,35721991,20450,30,162558,162589,8,450,115,53839019,2681,53560782,483,0.000000,0.105478,0.105564,1023,0,226.02,53841519,53838133,3386,2990,SUCCESS,277690,0,,50003968,23714944,0,16070656,,,,,117,181,used,,,,20260909-1953
2026-09-09 20:23:38,HAUSP-UB[noEUCS],FIFA,0,2,0.009500,0.000,1.000,35721991,20450,29,162452,162482,7,453,117,53839019,2681,53560782,483,0.000000,0.105478,0.105564,1023,0,225.88,53841519,53838133,3386,2990,SUCCESS,277690,0,,50003968,23714944,0,16070656,,,,,117,181,used,,,,20260909-1953
2026-09-09 20:26:45,HAUSP-UB[noEUCS],FIFA,0,0,0.009000,0.000,1.000,35721991,20450,28,186550,186579,7,527,138,65063620,2664,64731095,591,0.000000,0.107228,0.107311,1174,0,228.81,65066100,65062697,3403,2990,SUCCESS,331894,0,,52035584,23714944,0,16070656,,,,,144,184,used,,,,20260909-1953
2026-09-09 20:29:52,HAUSP-UB[noEUCS],FIFA,0,1,0.009000,0.000,1.000,35721991,20450,29,186477,186507,8,539,137,65063620,2664,64731095,591,0.000000,0.107228,0.107311,1174,0,230.85,65066100,65062697,3403,2990,SUCCESS,331894,0,,52035584,23714944,0,16070656,,,,,144,184,used,,,,20260909-1953
2026-09-09 20:32:58,HAUSP-UB[noEUCS],FIFA,0,2,0.009000,0.000,1.000,35721991,20450,29,186097,186126,7,528,138,65063620,2664,64731095,591,0.000000,0.107228,0.107311,1174,0,228.84,65066100,65062697,3403,2990,SUCCESS,331894,0,,52035584,23714944,0,16070656,,,,,144,184,used,,,,20260909-1953
2026-09-09 20:33:09,HAUSP-UB[noEUCS],KOSARAK,0,0,0.008000,0.000,1.000,400890653,990002,288,7943,8232,51,11,1,780045,40059,775823,770,0.000000,0.027560,0.038911,21,0,1749.06,818267,775787,42480,41270,SUCCESS,2385,0,,0,256608480,0,187468288,,,,,770,1837,used,,,,20260909-1953
2026-09-09 20:33:18,HAUSP-UB[noEUCS],KOSARAK,0,1,0.008000,0.000,1.000,400890653,990002,287,7899,8186,49,11,1,780045,40059,775823,770,0.000000,0.027560,0.038911,21,0,1756.26,818267,775787,42480,41270,SUCCESS,2385,0,,0,256608480,0,187468288,,,,,770,1837,used,,,,20260909-1953
2026-09-09 20:33:27,HAUSP-UB[noEUCS],KOSARAK,0,2,0.008000,0.000,1.000,400890653,990002,289,7926,8216,51,11,1,780045,40059,775823,770,0.000000,0.027560,0.038911,21,0,1760.95,818267,775787,42480,41270,SUCCESS,2385,0,,0,256608480,0,187468288,,,,,770,1837,used,,,,20260909-1953
2026-09-09 20:33:39,HAUSP-UB[noEUCS],KOSARAK,0,0,0.007000,0.000,1.000,400890653,990002,286,10629,10916,51,19,1,1441146,39715,1436012,990,0.000000,0.026038,0.035451,29,0,1752.95,1479142,1436318,42824,41270,SUCCESS,3415,0,,0,256608480,0,187468288,,,,,990,1719,used,,,,20260909-1953
2026-09-09 20:33:50,HAUSP-UB[noEUCS],KOSARAK,0,1,0.007000,0.000,1.000,400890653,990002,290,10552,10843,52,18,1,1441146,39715,1436012,990,0.000000,0.026038,0.035451,29,0,1760.33,1479142,1436318,42824,41270,SUCCESS,3415,0,,0,256608480,0,187468288,,,,,990,1719,used,,,,20260909-1953
2026-09-09 20:34:02,HAUSP-UB[noEUCS],KOSARAK,0,2,0.007000,0.000,1.000,400890653,990002,289,10559,10848,51,18,1,1441146,39715,1436012,990,0.000000,0.026038,0.035451,29,0,1752.95,1479142,1436318,42824,41270,SUCCESS,3415,0,,0,256608480,0,187468288,,,,,990,1719,used,,,,20260909-1953
2026-09-09 20:34:18,HAUSP-UB[noEUCS],KOSARAK,0,0,0.006000,0.000,1.000,400890653,990002,288,14366,14654,50,30,2,2609572,39310,2603050,1211,0.000000,0.026535,0.034021,38,0,2000.95,2647296,2604067,43229,41270,SUCCESS,4936,0,,201342976,256608480,0,187468288,,,,,1211,1586,used,,,,20260909-1953
2026-09-09 20:34:33,HAUSP-UB[noEUCS],KOSARAK,0,1,0.006000,0.000,1.000,400890653,990002,287,14248,14535,50,30,2,2609572,39310,2603050,1211,0.000000,0.026535,0.034021,38,0,1976.55,2647296,2604067,43229,41270,SUCCESS,4936,0,,201342976,256608480,0,187468288,,,,,1211,1586,used,,,,20260909-1953
2026-09-09 20:34:48,HAUSP-UB[noEUCS],KOSARAK,0,2,0.006000,0.000,1.000,400890653,990002,287,14299,14587,50,30,2,2609572,39310,2603050,1211,0.000000,0.026535,0.034021,38,0,2464.95,2647296,2604067,43229,41270,SUCCESS,4936,0,,201342976,256608480,0,187468288,,,,,1211,1586,used,,,,20260909-1953
2026-09-09 20:35:12,HAUSP-UB[noEUCS],KOSARAK,0,0,0.005000,0.000,1.000,400890653,990002,287,22657,22944,50,66,4,5996043,38834,5986189,1379,0.000000,0.027005,0.032215,44,0,2560.30,6033455,5989750,43705,41270,SUCCESS,8432,0,,240533504,256608480,0,187468288,,,,,1379,1422,used,,,,20260909-1953
2026-09-09 20:35:36,HAUSP-UB[noEUCS],KOSARAK,0,1,0.005000,0.000,1.000,400890653,990002,289,22496,22786,50,65,4,5996043,38834,5986189,1379,0.000000,0.027005,0.032215,44,0,2048.95,6033455,5989750,43705,41270,SUCCESS,8432,0,,240533504,256608480,0,187468288,,,,,1379,1422,used,,,,20260909-1953
2026-09-09 20:36:00,HAUSP-UB[noEUCS],KOSARAK,0,2,0.005000,0.000,1.000,400890653,990002,288,22538,22826,50,64,4,5996043,38834,5986189,1379,0.000000,0.027005,0.032215,44,0,2032.95,6033455,5989750,43705,41270,SUCCESS,8432,0,,240533504,256608480,0,187468288,,,,,1379,1422,used,,,,20260909-1953
2026-09-09 20:36:42,HAUSP-UB[noEUCS],KOSARAK,0,0,0.004000,0.000,1.000,400890653,990002,287,40850,41138,50,168,9,16590936,38222,16572694,1615,0.000000,0.027519,0.030676,61,0,2439.03,16628035,16583718,44317,41270,SUCCESS,17119,0,,236552192,256608480,0,187468288,,,,,1615,1123,used,,,,20260909-1953
2026-09-09 20:37:24,HAUSP-UB[noEUCS],KOSARAK,0,1,0.004000,0.000,1.000,400890653,990002,287,40785,41073,50,171,8,16590936,38222,16572694,1615,0.000000,0.027519,0.030676,61,0,2440.95,16628035,16583718,44317,41270,SUCCESS,17119,0,,236552192,256608480,0,187468288,,,,,1615,1123,used,,,,20260909-1953
2026-09-09 20:38:06,HAUSP-UB[noEUCS],KOSARAK,0,2,0.004000,0.000,1.000,400890653,990002,290,40991,41282,50,172,9,16590936,38222,16572694,1615,0.000000,0.027519,0.030676,61,0,2454.17,16628035,16583718,44317,41270,SUCCESS,17119,0,,236552192,256608480,0,187468288,,,,,1615,1123,used,,,,20260909-1953
2026-09-09 20:39:55,HAUSP-UB[noEUCS],KOSARAK,0,0,0.003000,0.000,1.000,400890653,990002,288,108106,108394,50,711,26,71686014,37724,71630223,1537,0.000000,0.027545,0.028679,103,0,2439.73,71722643,71677828,44815,41270,SUCCESS,54696,0,,250855424,256608480,0,187468288,,,,,1537,1095,used,,,,20260909-1953
2026-09-09 20:41:45,HAUSP-UB[noEUCS],KOSARAK,0,1,0.003000,0.000,1.000,400890653,990002,288,108759,109047,50,714,26,71686014,37724,71630223,1537,0.000000,0.027545,0.028679,103,0,2448.95,71722643,71677828,44815,41270,SUCCESS,54696,0,,250855424,256608480,0,187468288,,,,,1537,1095,used,,,,20260909-1953
2026-09-09 20:43:34,HAUSP-UB[noEUCS],KOSARAK,0,2,0.003000,0.000,1.000,400890653,990002,287,107787,108075,49,721,27,71686014,37724,71630223,1537,0.000000,0.027545,0.028679,103,0,2440.06,71722643,71677828,44815,41270,SUCCESS,54696,0,,250855424,256608480,0,187468288,,,,,1537,1095,used,,,,20260909-1953
2026-09-09 20:43:35,HAUSP-UB[noEUCS],LEVIATHAN,0,0,0.006000,0.000,1.000,14156241,5834,11,673,684,3,10,2,1043480,8654,1036549,535,0.000000,0.319665,0.332578,1296,0,83.54,1051816,1042420,9396,9025,SUCCESS,6267,0,,14114816,6312032,0,5128320,,,,,189,318,used,,,,20260909-1953
2026-09-09 20:43:36,HAUSP-UB[noEUCS],LEVIATHAN,0,1,0.006000,0.000,1.000,14156241,5834,13,676,689,3,10,2,1043480,8654,1036549,535,0.000000,0.319665,0.332578,1296,0,73.43,1051816,1042420,9396,9025,SUCCESS,6267,0,,14114816,6312032,0,5128320,,,,,189,318,used,,,,20260909-1953
2026-09-09 20:43:38,HAUSP-UB[noEUCS],LEVIATHAN,0,2,0.006000,0.000,1.000,14156241,5834,15,677,692,3,10,2,1043480,8654,1036549,535,0.000000,0.319665,0.332578,1296,0,68.53,1051816,1042420,9396,9025,SUCCESS,6267,0,,14114816,6312032,0,5128320,,,,,189,318,used,,,,20260909-1953
2026-09-09 20:43:39,HAUSP-UB[noEUCS],LEVIATHAN,0,0,0.005000,0.000,1.000,14156241,5834,18,852,870,3,16,3,1720862,8593,1710781,767,0.000000,0.333641,0.346442,1983,0,79.17,1729092,1719635,9457,9025,SUCCESS,9161,0,,16584704,6312032,0,5128320,,,,,210,363,used,,,,20260909-1953
2026-09-09 20:43:40,HAUSP-UB[noEUCS],LEVIATHAN,0,1,0.005000,0.000,1.000,14156241,5834,16,853,870,3,17,3,1720862,8593,1710781,767,0.000000,0.333641,0.346442,1983,0,66.07,1729092,1719635,9457,9025,SUCCESS,9161,0,,13598720,6312032,0,5128320,,,,,210,363,used,,,,20260909-1953
2026-09-09 20:43:42,HAUSP-UB[noEUCS],LEVIATHAN,0,2,0.005000,0.000,1.000,14156241,5834,15,845,861,3,16,3,1720862,8593,1710781,767,0.000000,0.333641,0.346442,1983,0,79.18,1729092,1719635,9457,9025,SUCCESS,9161,0,,16584704,6312032,0,5128320,,,,,210,363,used,,,,20260909-1953
2026-09-09 20:43:43,HAUSP-UB[noEUCS],LEVIATHAN,0,0,0.004000,0.000,1.000,14156241,5834,15,1132,1148,3,31,5,3165669,8502,3149851,1066,0.000000,0.349138,0.361933,3310,0,68.67,3173741,3164193,9548,9025,SUCCESS,14559,0,,18944000,6312032,0,5128320,,,,,237,430,used,,,,20260909-1953
2026-09-09 20:43:45,HAUSP-UB[noEUCS],LEVIATHAN,0,1,0.004000,0.000,1.000,14156241,5834,16,1119,1136,3,28,5,3165669,8502,3149851,1066,0.000000,0.349138,0.361933,3310,0,83.65,3173741,3164193,9548,9025,SUCCESS,14559,0,,18944000,6312032,0,5128320,,,,,237,430,used,,,,20260909-1953
2026-09-09 20:43:46,HAUSP-UB[noEUCS],LEVIATHAN,0,2,0.004000,0.000,1.000,14156241,5834,19,1134,1153,3,31,5,3165669,8502,3149851,1066,0.000000,0.349138,0.361933,3310,0,70.26,3173741,3164193,9548,9025,SUCCESS,14559,0,,18944000,6312032,0,5128320,,,,,237,430,used,,,,20260909-1953
2026-09-09 20:43:48,HAUSP-UB[noEUCS],LEVIATHAN,0,0,0.003000,0.000,1.000,14156241,5834,16,1620,1637,3,57,10,6599011,8336,6570516,1777,0.000000,0.366961,0.379732,6511,0,91.26,6606788,6597074,9714,9025,SUCCESS,26495,0,,22732800,6312032,0,5128320,,,,,336,559,used,,,,20260909-1953
2026-09-09 20:43:50,HAUSP-UB[noEUCS],LEVIATHAN,0,1,0.003000,0.000,1.000,14156241,5834,15,1654,1669,3,66,10,6599011,8336,6570516,1777,0.000000,0.366961,0.379732,6511,0,77.33,6606788,6597074,9714,9025,SUCCESS,26495,0,,22732800,6312032,0,5128320,,,,,336,559,used,,,,20260909-1953
2026-09-09 20:43:53,HAUSP-UB[noEUCS],LEVIATHAN,0,2,0.003000,0.000,1.000,14156241,5834,14,1656,1671,3,66,10,6599011,8336,6570516,1777,0.000000,0.366961,0.379732,6511,0,76.31,6606788,6597074,9714,9025,SUCCESS,26495,0,,22732800,6312032,0,5128320,,,,,336,559,used,,,,20260909-1953
2026-09-09 20:43:56,HAUSP-UB[noEUCS],LEVIATHAN,0,0,0.002000,0.000,1.000,14156241,5834,16,2773,2790,3,157,24,17058202,8072,16992542,3685,0.000000,0.390816,0.403422,16459,0,81.72,17065557,17055579,9978,9025,SUCCESS,61706,0,,27693056,6312032,0,5128320,,,,,448,717,used,,,,20260909-1953
2026-09-09 20:43:59,HAUSP-UB[noEUCS],LEVIATHAN,0,1,0.002000,0.000,1.000,14156241,5834,15,2803,2819,3,163,23,17058202,8072,16992542,3685,0.000000,0.390816,0.403422,16459,0,82.49,17065557,17055579,9978,9025,SUCCESS,61706,0,,27693056,6312032,0,5128320,,,,,448,717,used,,,,20260909-1953
2026-09-09 20:44:02,HAUSP-UB[noEUCS],LEVIATHAN,0,2,0.002000,0.000,1.000,14156241,5834,14,2791,2805,3,161,24,17058202,8072,16992542,3685,0.000000,0.390816,0.403422,16459,0,81.07,17065557,17055579,9978,9025,SUCCESS,61706,0,,27693056,6312032,0,5128320,,,,,448,717,used,,,,20260909-1953
2026-09-09 20:44:04,HAUSP-UB[noEUCS],SIGN,0,0,0.009000,0.000,1.000,1668652,730,5,1199,1205,1,57,15,6239355,67,6198859,55,0.000000,0.117371,0.117661,204,0,20.43,6239396,6238644,752,267,SUCCESS,40470,0,,3545088,1214656,0,905472,,,,,55,26,used,,,,20260909-1953
2026-09-09 20:44:06,HAUSP-UB[noEUCS],SIGN,0,1,0.009000,0.000,1.000,1668652,730,6,1191,1197,1,57,15,6239355,67,6198859,55,0.000000,0.117371,0.117661,204,0,20.44,6239396,6238644,752,267,SUCCESS,40470,0,,3545088,1214656,0,905472,,,,,55,26,used,,,,20260909-1953
2026-09-09 20:44:07,HAUSP-UB[noEUCS],SIGN,0,2,0.009000,0.000,1.000,1668652,730,7,1184,1191,1,57,15,6239355,67,6198859,55,0.000000,0.117371,0.117661,204,0,20.43,6239396,6238644,752,267,SUCCESS,40470,0,,3545088,1214656,0,905472,,,,,55,26,used,,,,20260909-1953
2026-09-09 20:44:09,HAUSP-UB[noEUCS],SIGN,0,0,0.008000,0.000,1.000,1668652,730,5,1462,1467,1,77,21,8417656,63,8363628,54,0.000000,0.123158,0.123390,309,0,21.08,8417695,8416915,780,267,SUCCESS,54004,0,,3831296,1214656,0,905472,,,,,54,24,used,,,,20260909-1953
2026-09-09 20:44:11,HAUSP-UB[noEUCS],SIGN,0,1,0.008000,0.000,1.000,1668652,730,7,1454,1461,1,77,20,8417656,63,8363628,54,0.000000,0.123158,0.123390,309,0,21.08,8417695,8416915,780,267,SUCCESS,54004,0,,3831296,1214656,0,905472,,,,,54,24,used,,,,20260909-1953
2026-09-09 20:44:13,HAUSP-UB[noEUCS],SIGN,0,2,0.008000,0.000,1.000,1668652,730,4,1464,1469,1,77,21,8417656,63,8363628,54,0.000000,0.123158,0.123390,309,0,21.08,8417695,8416915,780,267,SUCCESS,54004,0,,3831296,1214656,0,905472,,,,,54,24,used,,,,20260909-1953
2026-09-09 20:44:15,HAUSP-UB[noEUCS],SIGN,0,0,0.007000,0.000,1.000,1668652,730,5,1834,1840,1,107,29,11702773,59,11628028,54,0.000000,0.129924,0.130109,527,0,21.41,11702809,11701997,812,267,SUCCESS,74722,0,,4006400,1214656,0,905472,,,,,54,23,used,,,,20260909-1953
2026-09-09 20:44:17,HAUSP-UB[noEUCS],SIGN,0,1,0.007000,0.000,1.000,1668652,730,7,1828,1835,1,106,28,11702773,59,11628028,54,0.000000,0.129924,0.130109,527,0,21.41,11702809,11701997,812,267,SUCCESS,74722,0,,4006400,1214656,0,905472,,,,,54,23,used,,,,20260909-1953
2026-09-09 20:44:19,HAUSP-UB[noEUCS],SIGN,0,2,0.007000,0.000,1.000,1668652,730,5,1836,1841,1,107,29,11702773,59,11628028,54,0.000000,0.129924,0.130109,527,0,21.41,11702809,11701997,812,267,SUCCESS,74722,0,,4006400,1214656,0,905472,,,,,54,23,used,,,,20260909-1953
2026-09-09 20:44:22,HAUSP-UB[noEUCS],SIGN,0,0,0.006000,0.000,1.000,1668652,730,6,2395,2401,1,156,42,17024763,50,16916221,60,0.000000,0.137873,0.138006,966,0,21.72,17024795,17023936,859,267,SUCCESS,108524,0,,4130048,1214656,0,905472,,,,,60,18,used,,,,20260909-1953
2026-09-09 20:44:25,HAUSP-UB[noEUCS],SIGN,0,1,0.006000,0.000,1.000,1668652,730,7,2385,2392,1,155,41,17024763,50,16916221,60,0.000000,0.137873,0.138006,966,0,21.72,17024795,17023936,859,267,SUCCESS,108524,0,,4130048,1214656,0,905472,,,,,60,18,used,,,,20260909-1953
2026-09-09 20:44:28,HAUSP-UB[noEUCS],SIGN,0,2,0.006000,0.000,1.000,1668652,730,4,2396,2401,1,156,42,17024763,50,16916221,60,0.000000,0.137873,0.138006,966,0,21.72,17024795,17023936,859,267,SUCCESS,108524,0,,4130048,1214656,0,905472,,,,,60,18,used,,,,20260909-1953
2026-09-09 20:44:31,HAUSP-UB[noEUCS],SIGN,0,0,0.005000,0.000,1.000,1668652,730,7,3272,3279,1,240,65,26346746,41,26177172,63,0.000000,0.147657,0.147748,1907,0,22.37,26346774,26345871,903,267,SUCCESS,169561,0,,4474112,1214656,0,905472,,,,,63,13,used,,,,20260909-1953
2026-09-09 20:44:35,HAUSP-UB[noEUCS],SIGN,0,1,0.005000,0.000,1.000,1668652,730,5,3280,3285,1,240,65,26346746,41,26177172,63,0.000000,0.147657,0.147748,1907,0,22.37,26346774,26345871,903,267,SUCCESS,169561,0,,4474112,1214656,0,905472,,,,,63,13,used,,,,20260909-1953
2026-09-09 20:44:39,HAUSP-UB[noEUCS],SIGN,0,2,0.005000,0.000,1.000,1668652,730,4,3292,3297,1,242,65,26346746,41,26177172,63,0.000000,0.147657,0.147748,1907,0,22.37,26346774,26345871,903,267,SUCCESS,169561,0,,4474112,1214656,0,905472,,,,,63,13,used,,,,20260909-1953
2026-09-09 20:44:44,HAUSP-UB[noEUCS],SIGN,0,0,0.004000,0.000,1.000,1668652,730,7,4834,4841,1,409,112,44724742,39,44431655,61,0.000000,0.159872,0.159925,4479,0,23.01,44724762,44723810,952,267,SUCCESS,293068,0,,4779008,1214656,0,905472,,,,,61,19,used,,,,20260909-1953
2026-09-09 20:44:49,HAUSP-UB[noEUCS],SIGN,0,1,0.004000,0.000,1.000,1668652,730,7,4835,4842,1,409,112,44724742,39,44431655,61,0.000000,0.159872,0.159925,4479,0,23.01,44724762,44723810,952,267,SUCCESS,293068,0,,4779008,1214656,0,905472,,,,,61,19,used,,,,20260909-1953
2026-09-09 20:44:55,HAUSP-UB[noEUCS],SIGN,0,2,0.004000,0.000,1.000,1668652,730,4,4844,4849,1,410,112,44724742,39,44431655,61,0.000000,0.159872,0.159925,4479,0,23.01,44724762,44723810,952,267,SUCCESS,293068,0,,4779008,1214656,0,905472,,,,,61,19,used,,,,20260909-1953
2026-09-09 20:45:03,HAUSP-UB[noEUCS],SIGN,0,0,0.003000,0.000,1.000,1668652,730,4,8060,8064,1,811,229,87193705,32,86599744,60,0.000000,0.176058,0.176085,12666,0,23.67,87193723,87192702,1021,267,SUCCESS,593947,0,,5106176,1214656,0,905472,,,,,60,14,used,,,,20260909-1953
2026-09-09 20:45:11,HAUSP-UB[noEUCS],SIGN,0,1,0.003000,0.000,1.000,1668652,730,6,8042,8049,1,806,228,87193705,32,86599744,60,0.000000,0.176058,0.176085,12666,0,23.67,87193723,87192702,1021,267,SUCCESS,593947,0,,5106176,1214656,0,905472,,,,,60,14,used,,,,20260909-1953
2026-09-09 20:45:20,HAUSP-UB[noEUCS],SIGN,0,2,0.003000,0.000,1.000,1668652,730,6,8047,8053,1,807,228,87193705,32,86599744,60,0.000000,0.176058,0.176085,12666,0,23.67,87193723,87192702,1021,267,SUCCESS,593947,0,,5106176,1214656,0,905472,,,,,60,14,used,,,,20260909-1953
2026-09-09 20:45:21,HAUSP-UB[noEUCS],C8T1S5I8N5K,0,0,0.000300,0.000,1.000,47416411,47133,71,347,419,9,13,11,641061,55737,596711,8496,0.000000,0.150070,0.168666,354,0,502.69,681299,611443,69856,68240,SUCCESS,28851,0,,476288,22186560,0,21455616,,,,,8496,15499,used,,,,20260909-1953
2026-09-09 20:45:22,HAUSP-UB[noEUCS],C8T1S5I8N5K,0,1,0.000300,0.000,1.000,47416411,47133,76,239,316,9,12,11,641061,55737,596711,8496,0.000000,0.150070,0.168666,354,0,510.07,681299,611443,69856,68240,SUCCESS,28851,0,,476288,22186560,0,21455616,,,,,8496,15499,used,,,,20260909-1953
2026-09-09 20:45:22,HAUSP-UB[noEUCS],C8T1S5I8N5K,0,2,0.000300,0.000,1.000,47416411,47133,76,240,316,10,12,11,641061,55737,596711,8496,0.000000,0.150070,0.168666,354,0,509.52,681299,611443,69856,68240,SUCCESS,28851,0,,476288,22186560,0,21455616,,,,,8496,15499,used,,,,20260909-1953
2026-09-09 20:45:23,HAUSP-UB[noEUCS],C8T1S5I8N5K,0,0,0.000250,0.000,1.000,47416411,47133,72,423,496,9,24,19,1312743,51908,1246884,10247,0.000000,0.184606,0.199242,858,0,517.85,1348684,1278525,70159,68240,SUCCESS,49892,0,,625920,22186560,0,21455616,,,,,10247,15967,used,,,,20260909-1953
2026-09-09 20:45:24,HAUSP-UB[noEUCS],C8T1S5I8N5K,0,1,0.000250,0.000,1.000,47416411,47133,73,432,505,9,24,19,1312743,51908,1246884,10247,0.000000,0.184606,0.199242,858,0,521.82,1348684,1278525,70159,68240,SUCCESS,49892,0,,533120,22186560,0,21455616,,,,,10247,15967,used,,,,20260909-1953
2026-09-09 20:45:25,HAUSP-UB[noEUCS],C8T1S5I8N5K,0,2,0.000250,0.000,1.000,47416411,47133,73,433,506,9,24,19,1312743,51908,1246884,10247,0.000000,0.184606,0.199242,858,0,522.12,1348684,1278525,70159,68240,SUCCESS,49892,0,,533120,22186560,0,21455616,,,,,10247,15967,used,,,,20260909-1953
2026-09-09 20:45:27,HAUSP-UB[noEUCS],C8T1S5I8N5K,0,0,0.000200,0.000,1.000,47416411,47133,72,811,884,9,50,35,3020056,46615,2913251,12578,0.000000,0.208598,0.219840,2623,0,520.98,3050997,2980326,70671,68240,SUCCESS,91130,0,,634368,22186560,0,21455616,,,,,12577,15674,used,,,,20260909-1953
2026-09-09 20:45:28,HAUSP-UB[noEUCS],C8T1S5I8N5K,0,1,0.000200,0.000,1.000,47416411,47133,74,810,885,10,50,35,3020056,46615,2913251,12578,0.000000,0.208598,0.219840,2623,0,525.21,3050997,2980326,70671,68240,SUCCESS,91130,0,,634368,22186560,0,21455616,,,,,12577,15674,used,,,,20260909-1953
2026-09-09 20:45:29,HAUSP-UB[noEUCS],C8T1S5I8N5K,0,2,0.000200,0.000,1.000,47416411,47133,73,810,884,9,50,35,3020056,46615,2913251,12578,0.000000,0.208598,0.219840,2623,0,525.86,3050997,2980326,70671,68240,SUCCESS,91130,0,,634368,22186560,0,21455616,,,,,12577,15674,used,,,,20260909-1953
2026-09-09 20:45:32,HAUSP-UB[noEUCS],C8T1S5I8N5K,0,0,0.000150,0.000,1.000,47416411,47133,73,1768,1842,9,126,79,8082648,40238,7864391,14447,0.000000,0.247764,0.254812,10089,0,538.56,8107389,8036140,71249,68240,SUCCESS,202753,0,,728960,22186560,0,21455616,,,,,14440,15497,used,,,,20260909-1953
2026-09-09 20:45:34,HAUSP-UB[noEUCS],C8T1S5I8N5K,0,1,0.000150,0.000,1.000,47416411,47133,73,1745,1819,9,125,79,8082648,40238,7864391,14447,0.000000,0.247764,0.254812,10089,0,534.32,8107389,8036140,71249,68240,SUCCESS,202753,0,,728960,22186560,0,21455616,,,,,14440,15497,used,,,,20260909-1953
2026-09-09 20:45:36,HAUSP-UB[noEUCS],C8T1S5I8N5K,0,2,0.000150,0.000,1.000,47416411,47133,73,1764,1838,9,126,79,8082648,40238,7864391,14447,0.000000,0.247764,0.254812,10089,0,539.43,8107389,8036140,71249,68240,SUCCESS,202753,0,,728960,22186560,0,21455616,,,,,14440,15497,used,,,,20260909-1953
2026-09-09 20:45:42,HAUSP-UB[noEUCS],C8T1S5I8N5K,0,0,0.000100,0.000,1.000,47416411,47133,74,5043,5117,9,432,254,28770314,30939,28098771,17178,0.000000,0.303627,0.306839,48018,0,543.37,28787625,28715672,71953,68240,SUCCESS,657890,0,,940800,22186560,0,21455616,,,,,17153,13628,used,,,,20260909-1953
2026-09-09 20:45:48,HAUSP-UB[noEUCS],C8T1S5I8N5K,0,1,0.000100,0.000,1.000,47416411,47133,74,5041,5116,10,432,255,28770314,30939,28098771,17178,0.000000,0.303627,0.306839,48018,0,543.11,28787625,28715672,71953,68240,SUCCESS,657890,0,,940800,22186560,0,21455616,,,,,17153,13628,used,,,,20260909-1953
2026-09-09 20:45:53,HAUSP-UB[noEUCS],C8T1S5I8N5K,0,2,0.000100,0.000,1.000,47416411,47133,75,5106,5182,9,430,254,28770314,30939,28098771,17178,0.000000,0.303627,0.306839,48018,0,543.77,28787625,28715672,71953,68240,SUCCESS,657890,0,,940800,22186560,0,21455616,,,,,17153,13628,used,,,,20260909-1953
